
loader: Redoubt rv64 loader, boot hart 0
  1 hart(s), timebase 10000000 Hz
  ram: 0x80000000..0x90000000 (256 MiB)
  bundle: 0x88200000..0x882b5c40
  devices: 14 mmio (8 dma), 10 irq, console 0x10000000
  plic: 0xc000000, S-mode context 1
  rng-seed: 32 bytes
  bundle signature ok (744448 bytes)
  PID 1: kernel -> 0xffffffffffd00000
  PID 2: sched-debt-lift -> 0x177f0
  bundle mapped read-only at 0x20000000 (744512 bytes)
  252 MiB free, entering kernel
Kernel arguments:
    XArg (67724158, 28 bytes): 00000123 00000002 80000000 00000000 10000000 00000000 6d617273
    MREx (7845524d, 384 bytes): 10100000 00000000 00001000 00000000 632d7766 00000000 20000000 00000000 02000000 00000000 73616c66 00000000 00101000 00000000 00001000 00000000 40637472 00000000 10000000 00000000 00001000 00000000 69726573 00000000 00100000 00000000 00001000 00000000 74736574 00000000 10008000 00000000 00001000 00000000 74726976 00000000 10007000 00000000 00001000 00000000 74726976 00000000 10006000 00000000 00001000 00000000 74726976 00000000 10005000 00000000 00001000 00000000 74726976 00000000 10004000 00000000 00001000 00000000 74726976 00000000 10003000 00000000 00001000 00000000 74726976 00000000 10002000 00000000 00001000 00000000 74726976 00000000 10001000 00000000 00001000 00000000 74726976 00000000 0c000000 00000000 00600000 00000000 63696c70 00000000 02000000 00000000 00010000 00000000 6e696c63 00000000 30000000 00000000 10000000 00000000 40696370 00000000
    Ctrl (6c727443, 32 bytes): 0c000000 00000000 00600000 00000000 02000000 00000000 00010000 00000000
    Devs (73766544, 600 bytes): 00000003 00000000 00000000 00000000 00000000 00000000 00000001 10000000 00000000 00001000 00000000 00000000 00000002 0000000a 00000000 00000000 00000000 00000000 00000001 10100000 00000000 00001000 00000000 00000000 00000001 20000000 00000000 02000000 00000000 00000000 00000001 00101000 00000000 00001000 00000000 00000000 00000001 00100000 00000000 00001000 00000000 00000000 00000001 10008000 00000000 00001000 00000000 00000001 00000001 10007000 00000000 00001000 00000000 00000001 00000001 10006000 00000000 00001000 00000000 00000001 00000001 10005000 00000000 00001000 00000000 00000001 00000001 10004000 00000000 00001000 00000000 00000001 00000001 10003000 00000000 00001000 00000000 00000001 00000001 10002000 00000000 00001000 00000000 00000001 00000001 10001000 00000000 00001000 00000000 00000001 00000001 30000000 00000000 10000000 00000000 00000000 00000002 00000001 00000000 00000000 00000000 00000000 00000002 00000002 00000000 00000000 00000000 00000000 00000002 00000003 00000000 00000000 00000000 00000000 00000002 00000004 00000000 00000000 00000000 00000000 00000002 00000005 00000000 00000000 00000000 00000000 00000002 00000006 00000000 00000000 00000000 00000000 00000002 00000007 00000000 00000000 00000000 00000000 00000002 00000008 00000000 00000000 00000000 00000000 00000002 0000000b 00000000 00000000 00000000 00000000
    Plic (63696c50, 24 bytes): 0c000000 00000000 00600000 00000000 00000001 00000000
    Seed (64656553, 32 bytes): 4a851c5f 1a1be32d 846dadbb cce4b946 bfc677e9 e7ccdf9e 1e04334a 13a68e43
    Time (656d6954, 8 bytes): 00989680 00000000
asid: 16 bits
Devices: 25 objects, all held by init
Budgets: root 47307 pages (1228 kept for init), system 11519, users 34558
W^X verified: 38 executable kernel pages, none writable under any alias
Kernel RNG seeded from the loader (32 bytes)
KMAIN (clean boot): Supervisor mode started...
kernel: checks on (debug assertions, overflow checks)

[debt-lift] calibrated: 10 ticks/us, 19773 iterations/ms
[!] Terminating process with PID 39
[!] Terminating process with PID 112
terminate_process: 254
[!] Terminating process with PID 254
terminate_process: 179
[!] Terminating process with PID 179
terminate_process: 381
[!] Terminating process with PID 381
terminate_process: 506
[!] Terminating process with PID 506
terminate_process: 433
[!] Terminating process with PID 433
terminate_process: 219
[!] Terminating process with PID 219
terminate_process: 17
[!] Terminating process with PID 17
terminate_process: 213
[!] Terminating process with PID 213
terminate_process: 47
[!] Terminating process with PID 47
terminate_process: 498
[!] Terminating process with PID 498
terminate_process: 373
[!] Terminating process with PID 373
terminate_process: 471
[!] Terminating process with PID 471
terminate_process: 103
[!] Terminating process with PID 103
terminate_process: 56
[!] Terminating process with PID 56
terminate_process: 61
[!] Terminating process with PID 61
terminate_process: 220
[!] Terminating process with PID 220
terminate_process: 223
[!] Terminating process with PID 223
[debt-lift] ok: the sibling ran (its round is the oracle's)
[debt-lift] the sibling first ran 4919 us after creation
SCHED-DEBT-LIFT TEST PASSED
system_reset: PowerOff asked for by PID 2
SCHED-TRACE 0 0 G 1 0
SCHED-TRACE 1 0 g 1 0
SCHED-TRACE 2 0 v 1 f4240000b71b0
SCHED-TRACE 3 0 f 1 0
SCHED-TRACE 4 0 N 1 0
SCHED-TRACE 5 0 n 1 0
SCHED-TRACE 6 0 G 1 0
SCHED-TRACE 7 0 g 1 0
SCHED-TRACE 8 0 v 1 b71b0000003e8
SCHED-TRACE 9 0 f 1 0
SCHED-TRACE 10 0 N 1 0
SCHED-TRACE 11 0 n 1 0
SCHED-TRACE 12 1 W 1 0
SCHED-TRACE 13 1 U 4 5fb
SCHED-TRACE 14 1 V 4 605
SCHED-TRACE 15 1 K 1 0
SCHED-TRACE 16 7 I 1 a29
SCHED-TRACE 17 7 B 1 7a
SCHED-TRACE 18 7 P 1 9d4bc6
SCHED-TRACE 19 7 R 1 9d4bc6
SCHED-TRACE 20 8 U 4 a78
SCHED-TRACE 21 8 V 4 a86
SCHED-TRACE 22 8 O 0 0
SCHED-TRACE 23 8 P 1 a978d4
SCHED-TRACE 24 9 K 1 a978d4
SCHED-TRACE 25 9 P 1 b70a3d
SCHED-TRACE 26 10 P 1 e2a7ef
SCHED-TRACE 27 10 D 1 e2a7ef
SCHED-TRACE 28 12 U 4 c3b
SCHED-TRACE 29 12 V 4 c43
SCHED-TRACE 30 12 U 3 c45
SCHED-TRACE 31 12 V 3 edd
SCHED-TRACE 32 13 W 1 100b851
SCHED-TRACE 33 13 U 4 cfee
SCHED-TRACE 34 13 V 4 cff9
SCHED-TRACE 35 14 K 1 100b851
SCHED-TRACE 36 16 I 1 d42d
SCHED-TRACE 37 16 B 1 7a
SCHED-TRACE 38 16 P 1 19c7ae1
SCHED-TRACE 39 16 R 1 19c7ae1
SCHED-TRACE 40 17 U 4 d47c
SCHED-TRACE 41 17 V 4 d48a
SCHED-TRACE 42 17 O 0 0
SCHED-TRACE 43 17 P 1 1a8a3d7
SCHED-TRACE 44 18 K 1 1a8a3d7
SCHED-TRACE 45 18 P 1 1b63126
SCHED-TRACE 46 19 I 1 d8d4
SCHED-TRACE 47 19 B 1 7a
SCHED-TRACE 48 19 P 1 2561062
SCHED-TRACE 49 19 R 1 2561062
SCHED-TRACE 50 20 U 4 d923
SCHED-TRACE 51 20 V 4 d931
SCHED-TRACE 52 20 O 0 0
SCHED-TRACE 53 20 P 1 2623958
SCHED-TRACE 54 21 K 1 2623958
SCHED-TRACE 55 21 P 1 26fc6a7
SCHED-TRACE 56 22 I 1 dd7b
SCHED-TRACE 57 22 B 1 7a
SCHED-TRACE 58 22 P 1 30fa9fb
SCHED-TRACE 59 22 R 1 30fa9fb
SCHED-TRACE 60 23 U 4 ddca
SCHED-TRACE 61 23 V 4 ddd8
SCHED-TRACE 62 23 O 0 0
SCHED-TRACE 63 23 P 1 31bced9
SCHED-TRACE 64 24 K 1 31bced9
SCHED-TRACE 65 24 P 1 3295c28
SCHED-TRACE 66 25 I 1 e222
SCHED-TRACE 67 25 B 1 7a
SCHED-TRACE 68 25 P 1 3c93f7c
SCHED-TRACE 69 25 R 1 3c93f7c
SCHED-TRACE 70 26 U 4 e271
SCHED-TRACE 71 26 V 4 e27f
SCHED-TRACE 72 26 O 0 0
SCHED-TRACE 73 26 P 1 3d56872
SCHED-TRACE 74 27 K 1 3d56872
SCHED-TRACE 75 27 P 1 3e2f5c2
SCHED-TRACE 76 28 I 1 e6c9
SCHED-TRACE 77 28 B 1 7a
SCHED-TRACE 78 28 P 1 482d916
SCHED-TRACE 79 28 R 1 482d916
SCHED-TRACE 80 29 U 4 e718
SCHED-TRACE 81 29 V 4 e726
SCHED-TRACE 82 29 O 0 0
SCHED-TRACE 83 29 P 1 48f0624
SCHED-TRACE 84 30 K 1 48f0624
SCHED-TRACE 85 30 P 1 49c978d
SCHED-TRACE 86 31 I 1 eb70
SCHED-TRACE 87 31 B 1 7b
SCHED-TRACE 88 31 P 1 53c7ae1
SCHED-TRACE 89 31 R 1 53c7ae1
SCHED-TRACE 90 32 U 4 ebbf
SCHED-TRACE 91 32 V 4 ebcd
SCHED-TRACE 92 32 O 0 0
SCHED-TRACE 93 32 P 1 548a3d7
SCHED-TRACE 94 33 K 1 548a3d7
SCHED-TRACE 95 33 P 1 5563126
SCHED-TRACE 96 34 I 1 f017
SCHED-TRACE 97 34 B 1 7b
SCHED-TRACE 98 34 P 1 5f6147a
SCHED-TRACE 99 34 R 1 5f6147a
SCHED-TRACE 100 35 U 4 f066
SCHED-TRACE 101 35 V 4 f074
SCHED-TRACE 102 35 O 0 0
SCHED-TRACE 103 35 P 1 6023d70
SCHED-TRACE 104 36 K 1 6023d70
SCHED-TRACE 105 36 P 1 60fcac0
SCHED-TRACE 106 37 I 1 f4be
SCHED-TRACE 107 37 B 1 7a
SCHED-TRACE 108 37 P 1 6afa9fb
SCHED-TRACE 109 37 R 1 6afa9fb
SCHED-TRACE 110 38 U 4 f50d
SCHED-TRACE 111 38 V 4 f51b
SCHED-TRACE 112 38 O 0 0
SCHED-TRACE 113 38 P 1 6bbd2f1
SCHED-TRACE 114 39 K 1 6bbd2f1
SCHED-TRACE 115 39 P 1 6c96041
SCHED-TRACE 116 40 I 1 f965
SCHED-TRACE 117 40 B 1 7a
SCHED-TRACE 118 40 P 1 7694395
SCHED-TRACE 119 40 R 1 7694395
SCHED-TRACE 120 41 U 4 f9b4
SCHED-TRACE 121 41 V 4 f9c2
SCHED-TRACE 122 41 O 0 0
SCHED-TRACE 123 41 P 1 7756c8b
SCHED-TRACE 124 42 K 1 7756c8b
SCHED-TRACE 125 42 P 1 782f9db
SCHED-TRACE 126 43 I 1 fe0c
SCHED-TRACE 127 43 B 1 7a
SCHED-TRACE 128 43 P 1 822dd2f
SCHED-TRACE 129 43 R 1 822dd2f
SCHED-TRACE 130 44 U 4 fe5b
SCHED-TRACE 131 44 V 4 fe69
SCHED-TRACE 132 44 O 0 0
SCHED-TRACE 133 44 P 1 82f020c
SCHED-TRACE 134 45 K 1 82f020c
SCHED-TRACE 135 45 P 1 83c8f5c
SCHED-TRACE 136 46 I 1 102b3
SCHED-TRACE 137 46 B 1 7a
SCHED-TRACE 138 46 P 1 8dc72b0
SCHED-TRACE 139 46 R 1 8dc72b0
SCHED-TRACE 140 47 U 4 10302
SCHED-TRACE 141 47 V 4 10310
SCHED-TRACE 142 47 O 0 0
SCHED-TRACE 143 47 P 1 8e89fbe
SCHED-TRACE 144 48 K 1 8e89fbe
SCHED-TRACE 145 48 P 1 8f62d0e
SCHED-TRACE 146 49 I 1 1075a
SCHED-TRACE 147 49 B 1 7a
SCHED-TRACE 148 49 P 1 9961062
SCHED-TRACE 149 49 R 1 9961062
SCHED-TRACE 150 50 U 4 107a9
SCHED-TRACE 151 50 V 4 107b7
SCHED-TRACE 152 50 O 0 0
SCHED-TRACE 153 50 P 1 9a23d70
SCHED-TRACE 154 51 K 1 9a23d70
SCHED-TRACE 155 51 P 1 9afced9
SCHED-TRACE 156 52 I 1 10c01
SCHED-TRACE 157 52 B 1 7b
SCHED-TRACE 158 52 P 1 a4fb22d
SCHED-TRACE 159 52 R 1 a4fb22d
SCHED-TRACE 160 53 U 4 10c50
SCHED-TRACE 161 53 V 4 10c5e
SCHED-TRACE 162 53 O 0 0
SCHED-TRACE 163 53 P 1 a5bdb22
SCHED-TRACE 164 54 K 1 a5bdb22
SCHED-TRACE 165 54 P 1 a696872
SCHED-TRACE 166 55 I 1 110a8
SCHED-TRACE 167 55 B 1 7a
SCHED-TRACE 168 55 P 1 b0947ae
SCHED-TRACE 169 55 R 1 b0947ae
SCHED-TRACE 170 56 U 4 110f7
SCHED-TRACE 171 56 V 4 11105
SCHED-TRACE 172 56 O 0 0
SCHED-TRACE 173 56 P 1 b1570a3
SCHED-TRACE 174 57 K 1 b1570a3
SCHED-TRACE 175 57 P 1 b22fdf3
SCHED-TRACE 176 58 I 1 1154f
SCHED-TRACE 177 58 B 1 7a
SCHED-TRACE 178 58 P 1 bc2dd2f
SCHED-TRACE 179 58 R 1 bc2dd2f
SCHED-TRACE 180 59 U 4 1159e
SCHED-TRACE 181 59 V 4 115ac
SCHED-TRACE 182 59 O 0 0
SCHED-TRACE 183 59 P 1 bcf0624
SCHED-TRACE 184 60 K 1 bcf0624
SCHED-TRACE 185 60 P 1 bdc9374
SCHED-TRACE 186 61 I 1 119f6
SCHED-TRACE 187 61 B 1 7a
SCHED-TRACE 188 61 P 1 c7c76c8
SCHED-TRACE 189 61 R 1 c7c76c8
SCHED-TRACE 190 62 U 4 11a45
SCHED-TRACE 191 62 V 4 11a53
SCHED-TRACE 192 62 O 0 0
SCHED-TRACE 193 62 P 1 c889ba5
SCHED-TRACE 194 63 K 1 c889ba5
SCHED-TRACE 195 63 P 1 c9628f5
SCHED-TRACE 196 64 I 1 11e9d
SCHED-TRACE 197 64 B 1 7a
SCHED-TRACE 198 64 P 1 d360c49
SCHED-TRACE 199 64 R 1 d360c49
SCHED-TRACE 200 65 U 4 11eec
SCHED-TRACE 201 65 V 4 11efa
SCHED-TRACE 202 65 O 0 0
SCHED-TRACE 203 65 P 1 d42353f
SCHED-TRACE 204 66 K 1 d42353f
SCHED-TRACE 205 66 P 1 d4fc28f
SCHED-TRACE 206 67 I 1 12344
SCHED-TRACE 207 67 B 1 7a
SCHED-TRACE 208 67 P 1 defa5e3
SCHED-TRACE 209 67 R 1 defa5e3
SCHED-TRACE 210 68 U 4 12393
SCHED-TRACE 211 68 V 4 123a1
SCHED-TRACE 212 68 O 0 0
SCHED-TRACE 213 68 P 1 dfbd2f1
SCHED-TRACE 214 69 K 1 dfbd2f1
SCHED-TRACE 215 69 P 1 e09645a
SCHED-TRACE 216 70 I 1 127eb
SCHED-TRACE 217 70 B 1 7b
SCHED-TRACE 218 70 P 1 ea947ae
SCHED-TRACE 219 70 R 1 ea947ae
SCHED-TRACE 220 71 U 4 1283a
SCHED-TRACE 221 71 V 4 12848
SCHED-TRACE 222 71 O 0 0
SCHED-TRACE 223 71 P 1 eb570a3
SCHED-TRACE 224 72 K 1 eb570a3
SCHED-TRACE 225 72 P 1 ec2fdf3
SCHED-TRACE 226 73 I 1 12c92
SCHED-TRACE 227 73 B 1 7b
SCHED-TRACE 228 73 P 1 f62e147
SCHED-TRACE 229 73 R 1 f62e147
SCHED-TRACE 230 74 U 4 12ce1
SCHED-TRACE 231 74 V 4 12cef
SCHED-TRACE 232 74 O 0 0
SCHED-TRACE 233 74 P 1 f6f0a3d
SCHED-TRACE 234 75 K 1 f6f0a3d
SCHED-TRACE 235 75 P 1 f7c978d
SCHED-TRACE 236 76 I 1 13139
SCHED-TRACE 237 76 B 1 7a
SCHED-TRACE 238 76 P 1 101c76c8
SCHED-TRACE 239 76 R 1 101c76c8
SCHED-TRACE 240 77 U 4 13188
SCHED-TRACE 241 77 V 4 13196
SCHED-TRACE 242 77 O 0 0
SCHED-TRACE 243 77 P 1 10289fbe
SCHED-TRACE 244 78 K 1 10289fbe
SCHED-TRACE 245 78 P 1 10362d0e
SCHED-TRACE 246 79 I 1 135e0
SCHED-TRACE 247 79 B 1 7a
SCHED-TRACE 248 79 P 1 10d61062
SCHED-TRACE 249 79 R 1 10d61062
SCHED-TRACE 250 80 U 4 1362f
SCHED-TRACE 251 80 V 4 1363d
SCHED-TRACE 252 80 O 0 0
SCHED-TRACE 253 80 P 1 10e23958
SCHED-TRACE 254 81 K 1 10e23958
SCHED-TRACE 255 81 P 1 10efc6a7
SCHED-TRACE 256 82 I 1 13a87
SCHED-TRACE 257 82 B 1 7a
SCHED-TRACE 258 82 P 1 118fa9fb
SCHED-TRACE 259 82 R 1 118fa9fb
SCHED-TRACE 260 83 U 4 13ad6
SCHED-TRACE 261 83 V 4 13ae4
SCHED-TRACE 262 83 O 0 0
SCHED-TRACE 263 83 P 1 119bced9
SCHED-TRACE 264 84 K 1 119bced9
SCHED-TRACE 265 84 P 1 11a95c28
SCHED-TRACE 266 85 I 1 13f2e
SCHED-TRACE 267 85 B 1 7a
SCHED-TRACE 268 85 P 1 12493f7c
SCHED-TRACE 269 85 R 1 12493f7c
SCHED-TRACE 270 86 U 4 13f7d
SCHED-TRACE 271 86 V 4 13f8b
SCHED-TRACE 272 86 O 0 0
SCHED-TRACE 273 86 P 1 12556c8b
SCHED-TRACE 274 87 K 1 12556c8b
SCHED-TRACE 275 87 P 1 1262f9db
SCHED-TRACE 276 88 I 1 143d5
SCHED-TRACE 277 88 B 1 7a
SCHED-TRACE 278 88 P 1 1302dd2f
SCHED-TRACE 279 88 R 1 1302dd2f
SCHED-TRACE 280 89 U 4 14424
SCHED-TRACE 281 89 V 4 14432
SCHED-TRACE 282 89 O 0 0
SCHED-TRACE 283 89 P 1 130f0a3d
SCHED-TRACE 284 90 K 1 130f0a3d
SCHED-TRACE 285 90 P 1 131c9ba5
SCHED-TRACE 286 91 I 1 1487c
SCHED-TRACE 287 91 B 1 7b
SCHED-TRACE 288 91 P 1 13bc7ef9
SCHED-TRACE 289 91 R 1 13bc7ef9
SCHED-TRACE 290 92 U 4 148cb
SCHED-TRACE 291 92 V 4 148d9
SCHED-TRACE 292 92 O 0 0
SCHED-TRACE 293 92 P 1 13c8a7ef
SCHED-TRACE 294 93 K 1 13c8a7ef
SCHED-TRACE 295 93 P 1 13d6353f
SCHED-TRACE 296 94 I 1 14d23
SCHED-TRACE 297 94 B 1 7a
SCHED-TRACE 298 94 P 1 1476147a
SCHED-TRACE 299 94 R 1 1476147a
SCHED-TRACE 300 95 U 4 14d72
SCHED-TRACE 301 95 V 4 14d80
SCHED-TRACE 302 95 O 0 0
SCHED-TRACE 303 95 P 1 14823d70
SCHED-TRACE 304 96 K 1 14823d70
SCHED-TRACE 305 96 P 1 148fcac0
SCHED-TRACE 306 97 I 1 151ca
SCHED-TRACE 307 97 B 1 7a
SCHED-TRACE 308 97 P 1 152fa9fb
SCHED-TRACE 309 97 R 1 152fa9fb
SCHED-TRACE 310 98 U 4 15219
SCHED-TRACE 311 98 V 4 15227
SCHED-TRACE 312 98 O 0 0
SCHED-TRACE 313 98 P 1 153bd2f1
SCHED-TRACE 314 99 K 1 153bd2f1
SCHED-TRACE 315 99 P 1 15496041
SCHED-TRACE 316 100 I 1 15671
SCHED-TRACE 317 100 B 1 7a
SCHED-TRACE 318 100 P 1 15e94395
SCHED-TRACE 319 100 R 1 15e94395
SCHED-TRACE 320 101 U 4 156c0
SCHED-TRACE 321 101 V 4 156ce
SCHED-TRACE 322 101 O 0 0
SCHED-TRACE 323 101 P 1 15f56872
SCHED-TRACE 324 102 K 1 15f56872
SCHED-TRACE 325 102 P 1 1602f5c2
SCHED-TRACE 326 103 I 1 15b18
SCHED-TRACE 327 103 B 1 7a
SCHED-TRACE 328 103 P 1 16a2d916
SCHED-TRACE 329 103 R 1 16a2d916
SCHED-TRACE 330 104 U 4 15b67
SCHED-TRACE 331 104 V 4 15b75
SCHED-TRACE 332 104 O 0 0
SCHED-TRACE 333 104 P 1 16af020c
SCHED-TRACE 334 105 K 1 16af020c
SCHED-TRACE 335 105 P 1 16bc8f5c
SCHED-TRACE 336 106 I 1 15fbf
SCHED-TRACE 337 106 B 1 7a
SCHED-TRACE 338 106 P 1 175c72b0
SCHED-TRACE 339 106 R 1 175c72b0
SCHED-TRACE 340 107 U 4 1600e
SCHED-TRACE 341 107 V 4 1601c
SCHED-TRACE 342 107 O 0 0
SCHED-TRACE 343 107 P 1 17689fbe
SCHED-TRACE 344 108 K 1 17689fbe
SCHED-TRACE 345 108 P 1 17763126
SCHED-TRACE 346 109 I 1 16466
SCHED-TRACE 347 109 B 1 7b
SCHED-TRACE 348 109 P 1 1816147a
SCHED-TRACE 349 109 R 1 1816147a
SCHED-TRACE 350 110 U 4 164b5
SCHED-TRACE 351 110 V 4 164c3
SCHED-TRACE 352 110 O 0 0
SCHED-TRACE 353 110 P 1 18223d70
SCHED-TRACE 354 111 K 1 18223d70
SCHED-TRACE 355 111 P 1 182fcac0
SCHED-TRACE 356 112 I 1 1690d
SCHED-TRACE 357 112 B 1 7b
SCHED-TRACE 358 112 P 1 18cfae14
SCHED-TRACE 359 112 R 1 18cfae14
SCHED-TRACE 360 113 U 4 1695c
SCHED-TRACE 361 113 V 4 1696a
SCHED-TRACE 362 113 O 0 0
SCHED-TRACE 363 113 P 1 18dbd70a
SCHED-TRACE 364 114 K 1 18dbd70a
SCHED-TRACE 365 114 P 1 18e9645a
SCHED-TRACE 366 115 I 1 16db4
SCHED-TRACE 367 115 B 1 7a
SCHED-TRACE 368 115 P 1 19894395
SCHED-TRACE 369 115 R 1 19894395
SCHED-TRACE 370 116 U 4 16e03
SCHED-TRACE 371 116 V 4 16e11
SCHED-TRACE 372 116 O 0 0
SCHED-TRACE 373 116 P 1 19956c8b
SCHED-TRACE 374 117 K 1 19956c8b
SCHED-TRACE 375 117 P 1 19a2f9db
SCHED-TRACE 376 118 I 1 1725b
SCHED-TRACE 377 118 B 1 7a
SCHED-TRACE 378 118 P 1 1a42dd2f
SCHED-TRACE 379 118 R 1 1a42dd2f
SCHED-TRACE 380 119 U 4 172aa
SCHED-TRACE 381 119 V 4 172b8
SCHED-TRACE 382 119 O 0 0
SCHED-TRACE 383 119 P 1 1a4f0624
SCHED-TRACE 384 120 K 1 1a4f0624
SCHED-TRACE 385 120 P 1 1a5c9374
SCHED-TRACE 386 121 I 1 17702
SCHED-TRACE 387 121 B 1 7a
SCHED-TRACE 388 121 P 1 1afc76c8
SCHED-TRACE 389 121 R 1 1afc76c8
SCHED-TRACE 390 122 U 4 17751
SCHED-TRACE 391 122 V 4 1775f
SCHED-TRACE 392 122 O 0 0
SCHED-TRACE 393 122 P 1 1b089ba5
SCHED-TRACE 394 123 K 1 1b089ba5
SCHED-TRACE 395 123 P 1 1b1628f5
SCHED-TRACE 396 124 I 1 17ba9
SCHED-TRACE 397 124 B 1 7a
SCHED-TRACE 398 124 P 1 1bb60c49
SCHED-TRACE 399 124 R 1 1bb60c49
SCHED-TRACE 400 125 U 4 17bf8
SCHED-TRACE 401 125 V 4 17c06
SCHED-TRACE 402 125 O 0 0
SCHED-TRACE 403 125 P 1 1bc23958
SCHED-TRACE 404 126 K 1 1bc23958
SCHED-TRACE 405 126 P 1 1bcfc6a7
SCHED-TRACE 406 127 I 1 18050
SCHED-TRACE 407 127 B 1 7a
SCHED-TRACE 408 127 P 1 1c6fa9fb
SCHED-TRACE 409 127 R 1 1c6fa9fb
SCHED-TRACE 410 128 U 4 1809f
SCHED-TRACE 411 128 V 4 180ad
SCHED-TRACE 412 128 O 0 0
SCHED-TRACE 413 128 P 1 1c7bd70a
SCHED-TRACE 414 129 K 1 1c7bd70a
SCHED-TRACE 415 129 P 1 1c896872
SCHED-TRACE 416 130 I 1 184f7
SCHED-TRACE 417 130 B 1 7b
SCHED-TRACE 418 130 P 1 1d294bc6
SCHED-TRACE 419 130 R 1 1d294bc6
SCHED-TRACE 420 131 U 4 18546
SCHED-TRACE 421 131 V 4 18554
SCHED-TRACE 422 131 O 0 0
SCHED-TRACE 423 131 P 1 1d3574bc
SCHED-TRACE 424 132 K 1 1d3574bc
SCHED-TRACE 425 132 P 1 1d43020c
SCHED-TRACE 426 133 I 1 1899e
SCHED-TRACE 427 133 B 1 7a
SCHED-TRACE 428 133 P 1 1de2e147
SCHED-TRACE 429 133 R 1 1de2e147
SCHED-TRACE 430 134 U 4 189ed
SCHED-TRACE 431 134 V 4 189fb
SCHED-TRACE 432 134 O 0 0
SCHED-TRACE 433 134 P 1 1def0a3d
SCHED-TRACE 434 135 K 1 1def0a3d
SCHED-TRACE 435 135 P 1 1dfc978d
SCHED-TRACE 436 136 I 1 18e45
SCHED-TRACE 437 136 B 1 7a
SCHED-TRACE 438 136 P 1 1e9c76c8
SCHED-TRACE 439 136 R 1 1e9c76c8
SCHED-TRACE 440 137 U 4 18e94
SCHED-TRACE 441 137 V 4 18ea2
SCHED-TRACE 442 137 O 0 0
SCHED-TRACE 443 137 P 1 1ea89fbe
SCHED-TRACE 444 138 K 1 1ea89fbe
SCHED-TRACE 445 138 P 1 1eb62d0e
SCHED-TRACE 446 139 I 1 192ec
SCHED-TRACE 447 139 B 1 7a
SCHED-TRACE 448 139 P 1 1f561062
SCHED-TRACE 449 139 R 1 1f561062
SCHED-TRACE 450 140 U 4 1933b
SCHED-TRACE 451 140 V 4 19349
SCHED-TRACE 452 140 O 0 0
SCHED-TRACE 453 140 P 1 1f62353f
SCHED-TRACE 454 141 K 1 1f62353f
SCHED-TRACE 455 141 P 1 1f6fc28f
SCHED-TRACE 456 142 I 1 19793
SCHED-TRACE 457 142 B 1 7a
SCHED-TRACE 458 142 P 1 200fa5e3
SCHED-TRACE 459 142 R 1 200fa5e3
SCHED-TRACE 460 143 U 4 197e2
SCHED-TRACE 461 143 V 4 197f0
SCHED-TRACE 462 143 O 0 0
SCHED-TRACE 463 143 P 1 201bced9
SCHED-TRACE 464 144 K 1 201bced9
SCHED-TRACE 465 144 P 1 20295c28
SCHED-TRACE 466 145 I 1 19c3a
SCHED-TRACE 467 145 B 1 7a
SCHED-TRACE 468 145 P 1 20c93f7c
SCHED-TRACE 469 145 R 1 20c93f7c
SCHED-TRACE 470 146 U 4 19c89
SCHED-TRACE 471 146 V 4 19c97
SCHED-TRACE 472 146 O 0 0
SCHED-TRACE 473 146 P 1 20d56c8b
SCHED-TRACE 474 147 K 1 20d56c8b
SCHED-TRACE 475 147 P 1 20e2fdf3
SCHED-TRACE 476 148 I 1 1a0e1
SCHED-TRACE 477 148 B 1 7b
SCHED-TRACE 478 148 P 1 2182e147
SCHED-TRACE 479 148 R 1 2182e147
SCHED-TRACE 480 149 U 4 1a130
SCHED-TRACE 481 149 V 4 1a13e
SCHED-TRACE 482 149 O 0 0
SCHED-TRACE 483 149 P 1 218f0a3d
SCHED-TRACE 484 150 K 1 218f0a3d
SCHED-TRACE 485 150 P 1 219c978d
SCHED-TRACE 486 151 I 1 1a588
SCHED-TRACE 487 151 B 1 7b
SCHED-TRACE 488 151 P 1 223c7ae1
SCHED-TRACE 489 151 R 1 223c7ae1
SCHED-TRACE 490 152 U 4 1a5d7
SCHED-TRACE 491 152 V 4 1a5e5
SCHED-TRACE 492 152 O 0 0
SCHED-TRACE 493 152 P 1 2248a3d7
SCHED-TRACE 494 153 K 1 2248a3d7
SCHED-TRACE 495 153 P 1 22563126
SCHED-TRACE 496 154 I 1 1aa2f
SCHED-TRACE 497 154 B 1 7a
SCHED-TRACE 498 154 P 1 22f61062
SCHED-TRACE 499 154 R 1 22f61062
SCHED-TRACE 500 155 U 4 1aa7e
SCHED-TRACE 501 155 V 4 1aa8c
SCHED-TRACE 502 155 O 0 0
SCHED-TRACE 503 155 P 1 23023958
SCHED-TRACE 504 156 K 1 23023958
SCHED-TRACE 505 156 P 1 230fc6a7
SCHED-TRACE 506 157 I 1 1aed6
SCHED-TRACE 507 157 B 1 7a
SCHED-TRACE 508 157 P 1 23afa9fb
SCHED-TRACE 509 157 R 1 23afa9fb
SCHED-TRACE 510 158 U 4 1af25
SCHED-TRACE 511 158 V 4 1af33
SCHED-TRACE 512 158 O 0 0
SCHED-TRACE 513 158 P 1 23bbd2f1
SCHED-TRACE 514 159 K 1 23bbd2f1
SCHED-TRACE 515 159 P 1 23c96041
SCHED-TRACE 516 160 I 1 1b37d
SCHED-TRACE 517 160 B 1 7a
SCHED-TRACE 518 160 P 1 24694395
SCHED-TRACE 519 160 R 1 24694395
SCHED-TRACE 520 161 U 4 1b3cc
SCHED-TRACE 521 161 V 4 1b3da
SCHED-TRACE 522 161 O 0 0
SCHED-TRACE 523 161 P 1 24756872
SCHED-TRACE 524 162 K 1 24756872
SCHED-TRACE 525 162 P 1 2482f5c2
SCHED-TRACE 526 163 I 1 1b824
SCHED-TRACE 527 163 B 1 7a
SCHED-TRACE 528 163 P 1 2522d916
SCHED-TRACE 529 163 R 1 2522d916
SCHED-TRACE 530 164 U 4 1b873
SCHED-TRACE 531 164 V 4 1b881
SCHED-TRACE 532 164 O 0 0
SCHED-TRACE 533 164 P 1 252f0624
SCHED-TRACE 534 165 K 1 252f0624
SCHED-TRACE 535 165 P 1 253c9374
SCHED-TRACE 536 166 I 1 1bccb
SCHED-TRACE 537 166 B 1 7a
SCHED-TRACE 538 166 P 1 25dc76c8
SCHED-TRACE 539 166 R 1 25dc76c8
SCHED-TRACE 540 167 U 4 1bd1a
SCHED-TRACE 541 167 V 4 1bd28
SCHED-TRACE 542 167 O 0 0
SCHED-TRACE 543 167 P 1 25e8a3d7
SCHED-TRACE 544 168 K 1 25e8a3d7
SCHED-TRACE 545 168 P 1 25f6353f
SCHED-TRACE 546 169 I 1 1c172
SCHED-TRACE 547 169 B 1 7b
SCHED-TRACE 548 169 P 1 26961893
SCHED-TRACE 549 169 R 1 26961893
SCHED-TRACE 550 170 U 4 1c1c1
SCHED-TRACE 551 170 V 4 1c1cf
SCHED-TRACE 552 170 O 0 0
SCHED-TRACE 553 170 P 1 26a24189
SCHED-TRACE 554 171 K 1 26a24189
SCHED-TRACE 555 171 P 1 26afced9
SCHED-TRACE 556 172 I 1 1c619
SCHED-TRACE 557 172 B 1 7a
SCHED-TRACE 558 172 P 1 274fae14
SCHED-TRACE 559 172 R 1 274fae14
SCHED-TRACE 560 173 U 4 1c668
SCHED-TRACE 561 173 V 4 1c676
SCHED-TRACE 562 173 O 0 0
SCHED-TRACE 563 173 P 1 275bd70a
SCHED-TRACE 564 174 K 1 275bd70a
SCHED-TRACE 565 174 P 1 2769645a
SCHED-TRACE 566 175 I 1 1cac0
SCHED-TRACE 567 175 B 1 7a
SCHED-TRACE 568 175 P 1 28094395
SCHED-TRACE 569 175 R 1 28094395
SCHED-TRACE 570 176 U 4 1cb0f
SCHED-TRACE 571 176 V 4 1cb1d
SCHED-TRACE 572 176 O 0 0
SCHED-TRACE 573 176 P 1 28156c8b
SCHED-TRACE 574 177 K 1 28156c8b
SCHED-TRACE 575 177 P 1 2822f9db
SCHED-TRACE 576 178 I 1 1cf67
SCHED-TRACE 577 178 B 1 7a
SCHED-TRACE 578 178 P 1 28c2dd2f
SCHED-TRACE 579 178 R 1 28c2dd2f
SCHED-TRACE 580 179 U 4 1cfb6
SCHED-TRACE 581 179 V 4 1cfc4
SCHED-TRACE 582 179 O 0 0
SCHED-TRACE 583 179 P 1 28cf020c
SCHED-TRACE 584 180 K 1 28cf020c
SCHED-TRACE 585 180 P 1 28dc8f5c
SCHED-TRACE 586 181 I 1 1d40e
SCHED-TRACE 587 181 B 1 7a
SCHED-TRACE 588 181 P 1 297c72b0
SCHED-TRACE 589 181 R 1 297c72b0
SCHED-TRACE 590 182 U 4 1d45d
SCHED-TRACE 591 182 V 4 1d46b
SCHED-TRACE 592 182 O 0 0
SCHED-TRACE 593 182 P 1 29889ba5
SCHED-TRACE 594 183 K 1 29889ba5
SCHED-TRACE 595 183 P 1 299628f5
SCHED-TRACE 596 184 I 1 1d8b5
SCHED-TRACE 597 184 B 1 7a
SCHED-TRACE 598 184 P 1 2a360c49
SCHED-TRACE 599 184 R 1 2a360c49
SCHED-TRACE 600 185 U 4 1d904
SCHED-TRACE 601 185 V 4 1d912
SCHED-TRACE 602 185 O 0 0
SCHED-TRACE 603 185 P 1 2a423958
SCHED-TRACE 604 186 K 1 2a423958
SCHED-TRACE 605 186 P 1 2a4fcac0
SCHED-TRACE 606 187 I 1 1dd5c
SCHED-TRACE 607 187 B 1 7b
SCHED-TRACE 608 187 P 1 2aefae14
SCHED-TRACE 609 187 R 1 2aefae14
SCHED-TRACE 610 188 U 4 1ddab
SCHED-TRACE 611 188 V 4 1ddb9
SCHED-TRACE 612 188 O 0 0
SCHED-TRACE 613 188 P 1 2afbd70a
SCHED-TRACE 614 189 K 1 2afbd70a
SCHED-TRACE 615 189 P 1 2b09645a
SCHED-TRACE 616 190 I 1 1e203
SCHED-TRACE 617 190 B 1 7b
SCHED-TRACE 618 190 P 1 2ba947ae
SCHED-TRACE 619 190 R 1 2ba947ae
SCHED-TRACE 620 191 U 4 1e252
SCHED-TRACE 621 191 V 4 1e260
SCHED-TRACE 622 191 O 0 0
SCHED-TRACE 623 191 P 1 2bb570a3
SCHED-TRACE 624 192 K 1 2bb570a3
SCHED-TRACE 625 192 P 1 2bc2fdf3
SCHED-TRACE 626 193 I 1 1e6aa
SCHED-TRACE 627 193 B 1 7a
SCHED-TRACE 628 193 P 1 2c62dd2f
SCHED-TRACE 629 193 R 1 2c62dd2f
SCHED-TRACE 630 194 U 4 1e6f9
SCHED-TRACE 631 194 V 4 1e707
SCHED-TRACE 632 194 O 0 0
SCHED-TRACE 633 194 P 1 2c6f0624
SCHED-TRACE 634 195 K 1 2c6f0624
SCHED-TRACE 635 195 P 1 2c7c9374
SCHED-TRACE 636 196 I 1 1eb51
SCHED-TRACE 637 196 B 1 7a
SCHED-TRACE 638 196 P 1 2d1c76c8
SCHED-TRACE 639 196 R 1 2d1c76c8
SCHED-TRACE 640 197 U 4 1eba0
SCHED-TRACE 641 197 V 4 1ebae
SCHED-TRACE 642 197 O 0 0
SCHED-TRACE 643 197 P 1 2d289fbe
SCHED-TRACE 644 198 K 1 2d289fbe
SCHED-TRACE 645 198 P 1 2d362d0e
SCHED-TRACE 646 199 I 1 1eff8
SCHED-TRACE 647 199 B 1 7a
SCHED-TRACE 648 199 P 1 2dd61062
SCHED-TRACE 649 199 R 1 2dd61062
SCHED-TRACE 650 200 U 4 1f047
SCHED-TRACE 651 200 V 4 1f055
SCHED-TRACE 652 200 O 0 0
SCHED-TRACE 653 200 P 1 2de2353f
SCHED-TRACE 654 201 K 1 2de2353f
SCHED-TRACE 655 201 P 1 2defc28f
SCHED-TRACE 656 202 I 1 1f49f
SCHED-TRACE 657 202 B 1 7a
SCHED-TRACE 658 202 P 1 2e8fa5e3
SCHED-TRACE 659 202 R 1 2e8fa5e3
SCHED-TRACE 660 203 U 4 1f4ee
SCHED-TRACE 661 203 V 4 1f4fc
SCHED-TRACE 662 203 O 0 0
SCHED-TRACE 663 203 P 1 2e9bd2f1
SCHED-TRACE 664 204 K 1 2e9bd2f1
SCHED-TRACE 665 204 P 1 2ea96041
SCHED-TRACE 666 205 I 1 1f946
SCHED-TRACE 667 205 B 1 7a
SCHED-TRACE 668 205 P 1 2f494395
SCHED-TRACE 669 205 R 1 2f494395
SCHED-TRACE 670 206 U 4 1f995
SCHED-TRACE 671 206 V 4 1f9a3
SCHED-TRACE 672 206 O 0 0
SCHED-TRACE 673 206 P 1 2f5570a3
SCHED-TRACE 674 207 K 1 2f5570a3
SCHED-TRACE 675 207 P 1 2f63020c
SCHED-TRACE 676 208 I 1 1fded
SCHED-TRACE 677 208 B 1 7b
SCHED-TRACE 678 208 P 1 3002e560
SCHED-TRACE 679 208 R 1 3002e560
SCHED-TRACE 680 209 U 4 1fe3c
SCHED-TRACE 681 209 V 4 1fe4a
SCHED-TRACE 682 209 O 0 0
SCHED-TRACE 683 209 P 1 300f0e56
SCHED-TRACE 684 210 K 1 300f0e56
SCHED-TRACE 685 210 P 1 301c9ba5
SCHED-TRACE 686 211 I 1 20294
SCHED-TRACE 687 211 B 1 7a
SCHED-TRACE 688 211 P 1 30bc7ae1
SCHED-TRACE 689 211 R 1 30bc7ae1
SCHED-TRACE 690 212 U 4 202e3
SCHED-TRACE 691 212 V 4 202f1
SCHED-TRACE 692 212 O 0 0
SCHED-TRACE 693 212 P 1 30c8a3d7
SCHED-TRACE 694 213 K 1 30c8a3d7
SCHED-TRACE 695 213 P 1 30d63126
SCHED-TRACE 696 214 I 1 2073b
SCHED-TRACE 697 214 B 1 7a
SCHED-TRACE 698 214 P 1 31761062
SCHED-TRACE 699 214 R 1 31761062
SCHED-TRACE 700 215 U 4 2078a
SCHED-TRACE 701 215 V 4 20798
SCHED-TRACE 702 215 O 0 0
SCHED-TRACE 703 215 P 1 31823958
SCHED-TRACE 704 216 K 1 31823958
SCHED-TRACE 705 216 P 1 318fc6a7
SCHED-TRACE 706 217 I 1 20be2
SCHED-TRACE 707 217 B 1 7a
SCHED-TRACE 708 217 P 1 322fa9fb
SCHED-TRACE 709 217 R 1 322fa9fb
SCHED-TRACE 710 218 U 4 20c31
SCHED-TRACE 711 218 V 4 20c3f
SCHED-TRACE 712 218 O 0 0
SCHED-TRACE 713 218 P 1 323bced9
SCHED-TRACE 714 219 K 1 323bced9
SCHED-TRACE 715 219 P 1 32495c28
SCHED-TRACE 716 220 I 1 21089
SCHED-TRACE 717 220 B 1 7a
SCHED-TRACE 718 220 P 1 32e93f7c
SCHED-TRACE 719 220 R 1 32e93f7c
SCHED-TRACE 720 221 U 4 210d8
SCHED-TRACE 721 221 V 4 210e6
SCHED-TRACE 722 221 O 0 0
SCHED-TRACE 723 221 P 1 32f56872
SCHED-TRACE 724 222 K 1 32f56872
SCHED-TRACE 725 222 P 1 3302f5c2
SCHED-TRACE 726 223 I 1 21530
SCHED-TRACE 727 223 B 1 7a
SCHED-TRACE 728 223 P 1 33a2d916
SCHED-TRACE 729 223 R 1 33a2d916
SCHED-TRACE 730 224 U 4 2157f
SCHED-TRACE 731 224 V 4 2158d
SCHED-TRACE 732 224 O 0 0
SCHED-TRACE 733 224 P 1 33af0624
SCHED-TRACE 734 225 K 1 33af0624
SCHED-TRACE 735 225 P 1 33bc978d
SCHED-TRACE 736 226 I 1 219d7
SCHED-TRACE 737 226 B 1 7b
SCHED-TRACE 738 226 P 1 345c7ae1
SCHED-TRACE 739 226 R 1 345c7ae1
SCHED-TRACE 740 227 U 4 21a26
SCHED-TRACE 741 227 V 4 21a34
SCHED-TRACE 742 227 O 0 0
SCHED-TRACE 743 227 P 1 3468a3d7
SCHED-TRACE 744 228 K 1 3468a3d7
SCHED-TRACE 745 228 P 1 34763126
SCHED-TRACE 746 229 I 1 21e7e
SCHED-TRACE 747 229 B 1 7b
SCHED-TRACE 748 229 P 1 3516147a
SCHED-TRACE 749 229 R 1 3516147a
SCHED-TRACE 750 230 U 4 21ecd
SCHED-TRACE 751 230 V 4 21edb
SCHED-TRACE 752 230 O 0 0
SCHED-TRACE 753 230 P 1 35223d70
SCHED-TRACE 754 231 K 1 35223d70
SCHED-TRACE 755 231 P 1 352fcac0
SCHED-TRACE 756 232 I 1 22325
SCHED-TRACE 757 232 B 1 7a
SCHED-TRACE 758 232 P 1 35cfa9fb
SCHED-TRACE 759 232 R 1 35cfa9fb
SCHED-TRACE 760 233 U 4 22374
SCHED-TRACE 761 233 V 4 22382
SCHED-TRACE 762 233 O 0 0
SCHED-TRACE 763 233 P 1 35dbd2f1
SCHED-TRACE 764 234 K 1 35dbd2f1
SCHED-TRACE 765 234 P 1 35e96041
SCHED-TRACE 766 235 I 1 227cc
SCHED-TRACE 767 235 B 1 7a
SCHED-TRACE 768 235 P 1 36894395
SCHED-TRACE 769 235 R 1 36894395
SCHED-TRACE 770 236 U 4 2281b
SCHED-TRACE 771 236 V 4 22829
SCHED-TRACE 772 236 O 0 0
SCHED-TRACE 773 236 P 1 36956c8b
SCHED-TRACE 774 237 K 1 36956c8b
SCHED-TRACE 775 237 P 1 36a2f9db
SCHED-TRACE 776 238 I 1 22c73
SCHED-TRACE 777 238 B 1 7a
SCHED-TRACE 778 238 P 1 3742dd2f
SCHED-TRACE 779 238 R 1 3742dd2f
SCHED-TRACE 780 239 U 4 22cc2
SCHED-TRACE 781 239 V 4 22cd0
SCHED-TRACE 782 239 O 0 0
SCHED-TRACE 783 239 P 1 374f020c
SCHED-TRACE 784 240 K 1 374f020c
SCHED-TRACE 785 240 P 1 375c8f5c
SCHED-TRACE 786 241 I 1 2311a
SCHED-TRACE 787 241 B 1 7a
SCHED-TRACE 788 241 P 1 37fc72b0
SCHED-TRACE 789 241 R 1 37fc72b0
SCHED-TRACE 790 242 U 4 23169
SCHED-TRACE 791 242 V 4 23177
SCHED-TRACE 792 242 O 0 0
SCHED-TRACE 793 242 P 1 38089fbe
SCHED-TRACE 794 243 K 1 38089fbe
SCHED-TRACE 795 243 P 1 38162d0e
SCHED-TRACE 796 244 I 1 235c1
SCHED-TRACE 797 244 B 1 7a
SCHED-TRACE 798 244 P 1 38b61062
SCHED-TRACE 799 244 R 1 38b61062
SCHED-TRACE 800 245 U 4 23610
SCHED-TRACE 801 245 V 4 2361e
SCHED-TRACE 802 245 O 0 0
SCHED-TRACE 803 245 P 1 38c23d70
SCHED-TRACE 804 246 K 1 38c23d70
SCHED-TRACE 805 246 P 1 38cfced9
SCHED-TRACE 806 247 I 1 23a68
SCHED-TRACE 807 247 B 1 7b
SCHED-TRACE 808 247 P 1 396fb22d
SCHED-TRACE 809 247 R 1 396fb22d
SCHED-TRACE 810 248 U 4 23ab7
SCHED-TRACE 811 248 V 4 23ac5
SCHED-TRACE 812 248 O 0 0
SCHED-TRACE 813 248 P 1 397bdb22
SCHED-TRACE 814 249 K 1 397bdb22
SCHED-TRACE 815 249 P 1 39896872
SCHED-TRACE 816 250 I 1 23f0f
SCHED-TRACE 817 250 B 1 7a
SCHED-TRACE 818 250 P 1 3a2947ae
SCHED-TRACE 819 250 R 1 3a2947ae
SCHED-TRACE 820 251 U 4 23f5e
SCHED-TRACE 821 251 V 4 23f6c
SCHED-TRACE 822 251 O 0 0
SCHED-TRACE 823 251 P 1 3a3570a3
SCHED-TRACE 824 252 K 1 3a3570a3
SCHED-TRACE 825 252 P 1 3a42fdf3
SCHED-TRACE 826 253 I 1 243b6
SCHED-TRACE 827 253 B 1 7a
SCHED-TRACE 828 253 P 1 3ae2dd2f
SCHED-TRACE 829 253 R 1 3ae2dd2f
SCHED-TRACE 830 254 U 4 24405
SCHED-TRACE 831 254 V 4 24413
SCHED-TRACE 832 254 O 0 0
SCHED-TRACE 833 254 P 1 3aef0624
SCHED-TRACE 834 255 K 1 3aef0624
SCHED-TRACE 835 255 P 1 3afc9374
SCHED-TRACE 836 256 I 1 2485d
SCHED-TRACE 837 256 B 1 7a
SCHED-TRACE 838 256 P 1 3b9c76c8
SCHED-TRACE 839 256 R 1 3b9c76c8
SCHED-TRACE 840 257 U 4 248ac
SCHED-TRACE 841 257 V 4 248ba
SCHED-TRACE 842 257 O 0 0
SCHED-TRACE 843 257 P 1 3ba89ba5
SCHED-TRACE 844 258 K 1 3ba89ba5
SCHED-TRACE 845 258 P 1 3bb628f5
SCHED-TRACE 846 259 I 1 24d04
SCHED-TRACE 847 259 B 1 7a
SCHED-TRACE 848 259 P 1 3c560c49
SCHED-TRACE 849 259 R 1 3c560c49
SCHED-TRACE 850 260 U 4 24d53
SCHED-TRACE 851 260 V 4 24d61
SCHED-TRACE 852 260 O 0 0
SCHED-TRACE 853 260 P 1 3c62353f
SCHED-TRACE 854 261 K 1 3c62353f
SCHED-TRACE 855 261 P 1 3c6fc28f
SCHED-TRACE 856 262 I 1 251ab
SCHED-TRACE 857 262 B 1 7a
SCHED-TRACE 858 262 P 1 3d0fa5e3
SCHED-TRACE 859 262 R 1 3d0fa5e3
SCHED-TRACE 860 263 U 4 251fa
SCHED-TRACE 861 263 V 4 25208
SCHED-TRACE 862 263 O 0 0
SCHED-TRACE 863 263 P 1 3d1bd2f1
SCHED-TRACE 864 264 K 1 3d1bd2f1
SCHED-TRACE 865 264 P 1 3d29645a
SCHED-TRACE 866 265 I 1 25652
SCHED-TRACE 867 265 B 1 7b
SCHED-TRACE 868 265 P 1 3dc947ae
SCHED-TRACE 869 265 R 1 3dc947ae
SCHED-TRACE 870 266 U 4 256a1
SCHED-TRACE 871 266 V 4 256af
SCHED-TRACE 872 266 O 0 0
SCHED-TRACE 873 266 P 1 3dd570a3
SCHED-TRACE 874 267 K 1 3dd570a3
SCHED-TRACE 875 267 P 1 3de2fdf3
SCHED-TRACE 876 268 G 3 0
SCHED-TRACE 877 268 g 3 0
SCHED-TRACE 878 268 v 3 b6dc8000b6d64
SCHED-TRACE 879 268 f 3 3de2fdf3
SCHED-TRACE 880 268 N 3 3de2fdf3
SCHED-TRACE 881 268 n 3 0
SCHED-TRACE 882 271 I 1 25c29
SCHED-TRACE 883 271 B 1 7a
SCHED-TRACE 884 271 P 1 3eb2c083
SCHED-TRACE 885 271 R 1 3eb2c083
SCHED-TRACE 886 272 U 4 25c78
SCHED-TRACE 887 272 V 4 25c85
SCHED-TRACE 888 272 O 0 0
SCHED-TRACE 889 272 P 1 3ebeed91
SCHED-TRACE 890 273 K 1 3ebeed91
SCHED-TRACE 891 273 P 1 3ecc7ae1
SCHED-TRACE 892 275 U 2 260f1
SCHED-TRACE 893 275 V 2 26298
SCHED-TRACE 894 275 U 3 26302
SCHED-TRACE 895 275 V 3 2632f
SCHED-TRACE 896 276 I 1 26343
SCHED-TRACE 897 276 B 1 7a
SCHED-TRACE 898 276 P 1 3f873333
SCHED-TRACE 899 276 R 1 3f873333
SCHED-TRACE 900 277 U 4 26392
SCHED-TRACE 901 277 V 4 263a2
SCHED-TRACE 902 277 O 0 0
SCHED-TRACE 903 277 P 1 3f935c28
SCHED-TRACE 904 278 K 1 3f935c28
SCHED-TRACE 905 278 P 1 3fa1020c
SCHED-TRACE 906 280 I 1 26d98
SCHED-TRACE 907 280 B 1 7a
SCHED-TRACE 908 280 P 1 4128e147
SCHED-TRACE 909 280 R 1 4128e147
SCHED-TRACE 910 281 U 4 26de7
SCHED-TRACE 911 281 V 4 26df7
SCHED-TRACE 912 281 O 0 0
SCHED-TRACE 913 281 P 1 41350a3d
SCHED-TRACE 914 282 K 1 41350a3d
SCHED-TRACE 915 282 P 1 4142b020
SCHED-TRACE 916 285 I 1 2748f
SCHED-TRACE 917 285 B 1 7a
SCHED-TRACE 918 285 P 1 4240624d
SCHED-TRACE 919 285 R 1 4240624d
SCHED-TRACE 920 286 U 4 274de
SCHED-TRACE 921 286 V 4 274ee
SCHED-TRACE 922 286 O 0 0
SCHED-TRACE 923 286 P 1 424c8b43
SCHED-TRACE 924 287 K 1 424c8b43
SCHED-TRACE 925 287 P 1 425a3126
SCHED-TRACE 926 290 I 1 27d43
SCHED-TRACE 927 290 B 1 7b
SCHED-TRACE 928 290 P 1 439f3333
SCHED-TRACE 929 290 R 1 439f3333
SCHED-TRACE 930 291 U 4 27d92
SCHED-TRACE 931 291 V 4 27da2
SCHED-TRACE 932 291 O 0 0
SCHED-TRACE 933 291 P 1 43ab5810
SCHED-TRACE 934 292 K 1 43ab5810
SCHED-TRACE 935 292 P 1 43b8fdf3
SCHED-TRACE 936 295 I 1 282d3
SCHED-TRACE 937 295 B 1 7a
SCHED-TRACE 938 295 P 1 447d4fdf
SCHED-TRACE 939 295 R 1 447d4fdf
SCHED-TRACE 940 296 U 4 28322
SCHED-TRACE 941 296 V 4 28332
SCHED-TRACE 942 296 O 0 0
SCHED-TRACE 943 296 P 1 448978d4
SCHED-TRACE 944 297 K 1 448978d4
SCHED-TRACE 945 297 P 1 44971eb8
SCHED-TRACE 946 300 P 31 44971eb8
SCHED-TRACE 947 300 W 31 44971eb8
SCHED-TRACE 948 300 U 4 2881f
SCHED-TRACE 949 300 V 4 28834
SCHED-TRACE 950 300 I 1 28839
SCHED-TRACE 951 300 B 1 7b
SCHED-TRACE 952 300 P 1 455245a1
SCHED-TRACE 953 300 R 1 455245a1
SCHED-TRACE 954 301 O 0 0
SCHED-TRACE 955 301 P 1 455f126e
SCHED-TRACE 956 302 K 31 44971eb8
SCHED-TRACE 957 302 P 1 456e1893
SCHED-TRACE 958 303 P 1 45761cac
SCHED-TRACE 959 303 U 3 28a6b
SCHED-TRACE 960 303 V 3 28aaa
SCHED-TRACE 961 303 P 31 4684b851
SCHED-TRACE 962 303 D 31 4684b851
SCHED-TRACE 963 305 K 1 45761cac
SCHED-TRACE 964 306 G 3 3de2fdf3
SCHED-TRACE 965 306 g 3 0
SCHED-TRACE 966 306 v 3 b6d64000b6d00
SCHED-TRACE 967 306 f 3 45761cac
SCHED-TRACE 968 306 N 3 45761cac
SCHED-TRACE 969 306 n 3 0
SCHED-TRACE 970 309 I 1 29062
SCHED-TRACE 971 309 B 1 7a
SCHED-TRACE 972 309 P 1 464326e9
SCHED-TRACE 973 309 R 1 464326e9
SCHED-TRACE 974 310 U 4 290b1
SCHED-TRACE 975 310 V 4 290c1
SCHED-TRACE 976 310 O 0 0
SCHED-TRACE 977 310 P 1 464f4fdf
SCHED-TRACE 978 311 K 1 464f4fdf
SCHED-TRACE 979 311 P 1 465cf1a9
SCHED-TRACE 980 313 U 2 29528
SCHED-TRACE 981 313 V 2 296ef
SCHED-TRACE 982 313 U 3 29767
SCHED-TRACE 983 313 V 3 297c1
SCHED-TRACE 984 314 I 1 297d6
SCHED-TRACE 985 314 B 1 7a
SCHED-TRACE 986 314 P 1 47191a9f
SCHED-TRACE 987 314 R 1 47191a9f
SCHED-TRACE 988 315 U 4 29825
SCHED-TRACE 989 315 V 4 29837
SCHED-TRACE 990 315 O 0 0
SCHED-TRACE 991 315 P 1 47253f7c
SCHED-TRACE 992 316 K 1 47253f7c
SCHED-TRACE 993 316 P 1 4732f9db
SCHED-TRACE 994 318 I 1 2a22a
SCHED-TRACE 995 318 B 1 7a
SCHED-TRACE 996 318 P 1 48ba4dd2
SCHED-TRACE 997 318 R 1 48ba4dd2
SCHED-TRACE 998 319 U 4 2a279
SCHED-TRACE 999 319 V 4 2a28a
SCHED-TRACE 1000 319 O 0 0
SCHED-TRACE 1001 319 P 1 48c67ae1
SCHED-TRACE 1002 320 K 1 48c67ae1
SCHED-TRACE 1003 320 P 1 48d43126
SCHED-TRACE 1004 323 I 1 2a923
SCHED-TRACE 1005 323 B 1 7a
SCHED-TRACE 1006 323 P 1 49d1e353
SCHED-TRACE 1007 323 R 1 49d1e353
SCHED-TRACE 1008 324 U 4 2a972
SCHED-TRACE 1009 324 V 4 2a983
SCHED-TRACE 1010 324 O 0 0
SCHED-TRACE 1011 324 P 1 49de1062
SCHED-TRACE 1012 325 K 1 49de1062
SCHED-TRACE 1013 325 P 1 49ebc6a7
SCHED-TRACE 1014 328 I 1 2b1d9
SCHED-TRACE 1015 328 B 1 7a
SCHED-TRACE 1016 328 P 1 4b30c083
SCHED-TRACE 1017 328 R 1 4b30c083
SCHED-TRACE 1018 329 U 4 2b228
SCHED-TRACE 1019 329 V 4 2b23a
SCHED-TRACE 1020 329 O 0 0
SCHED-TRACE 1021 329 P 1 4b3ce560
SCHED-TRACE 1022 330 K 1 4b3ce560
SCHED-TRACE 1023 330 P 1 4b4a9fbe
SCHED-TRACE 1024 333 I 1 2b76c
SCHED-TRACE 1025 333 B 1 7a
SCHED-TRACE 1026 333 P 1 4c0ef1a9
SCHED-TRACE 1027 333 R 1 4c0ef1a9
SCHED-TRACE 1028 334 U 4 2b7bb
SCHED-TRACE 1029 334 V 4 2b7cc
SCHED-TRACE 1030 334 O 0 0
SCHED-TRACE 1031 334 P 1 4c1b1eb8
SCHED-TRACE 1032 335 K 1 4c1b1eb8
SCHED-TRACE 1033 335 P 1 4c28d916
SCHED-TRACE 1034 338 P 34 4c28d916
SCHED-TRACE 1035 338 W 34 4c28d916
SCHED-TRACE 1036 338 U 4 2bcba
SCHED-TRACE 1037 338 V 4 2bcd0
SCHED-TRACE 1038 338 I 1 2bcd6
SCHED-TRACE 1039 338 B 1 7a
SCHED-TRACE 1040 338 P 1 4ce3fbe7
SCHED-TRACE 1041 338 R 1 4ce3fbe7
SCHED-TRACE 1042 339 O 0 0
SCHED-TRACE 1043 339 P 1 4cf0cccc
SCHED-TRACE 1044 340 K 34 4c28d916
SCHED-TRACE 1045 340 P 1 4cffe353
SCHED-TRACE 1046 341 P 1 4d07e76c
SCHED-TRACE 1047 341 U 3 2bf09
SCHED-TRACE 1048 341 V 3 2bf74
SCHED-TRACE 1049 341 P 34 4e169ba5
SCHED-TRACE 1050 341 D 34 4e169ba5
SCHED-TRACE 1051 343 K 1 4d07e76c
SCHED-TRACE 1052 344 G 3 45761cac
SCHED-TRACE 1053 344 g 3 0
SCHED-TRACE 1054 344 v 3 b6d00000b6c9c
SCHED-TRACE 1055 344 f 3 4d07e76c
SCHED-TRACE 1056 344 N 3 4d07e76c
SCHED-TRACE 1057 344 n 3 0
SCHED-TRACE 1058 347 I 1 2c551
SCHED-TRACE 1059 347 B 1 7b
SCHED-TRACE 1060 347 P 1 4ddac8b4
SCHED-TRACE 1061 347 R 1 4ddac8b4
SCHED-TRACE 1062 348 U 4 2c5a0
SCHED-TRACE 1063 348 V 4 2c5b2
SCHED-TRACE 1064 348 O 0 0
SCHED-TRACE 1065 348 P 1 4de6f1a9
SCHED-TRACE 1066 349 K 1 4de6f1a9
SCHED-TRACE 1067 349 P 1 4df4ac08
SCHED-TRACE 1068 351 U 2 2ca52
SCHED-TRACE 1069 351 V 2 2cc3a
SCHED-TRACE 1070 351 U 3 2ccbd
SCHED-TRACE 1071 351 V 3 2cd45
SCHED-TRACE 1072 352 I 1 2cd5a
SCHED-TRACE 1073 352 B 1 7a
SCHED-TRACE 1074 352 P 1 4ebbbe76
SCHED-TRACE 1075 352 R 1 4ebbbe76
SCHED-TRACE 1076 353 U 4 2cda9
SCHED-TRACE 1077 353 V 4 2cdbd
SCHED-TRACE 1078 353 O 0 0
SCHED-TRACE 1079 353 P 1 4ec7e76c
SCHED-TRACE 1080 354 K 1 4ec7e76c
SCHED-TRACE 1081 354 P 1 4ed5ba5e
SCHED-TRACE 1082 356 I 1 2d7b0
SCHED-TRACE 1083 356 B 1 7a
SCHED-TRACE 1084 356 P 1 505d0e56
SCHED-TRACE 1085 356 R 1 505d0e56
SCHED-TRACE 1086 357 U 4 2d7ff
SCHED-TRACE 1087 357 V 4 2d813
SCHED-TRACE 1088 357 O 0 0
SCHED-TRACE 1089 357 P 1 50693333
SCHED-TRACE 1090 358 K 1 50693333
SCHED-TRACE 1091 358 P 1 50770624
SCHED-TRACE 1092 361 I 1 2deac
SCHED-TRACE 1093 361 B 1 7b
SCHED-TRACE 1094 361 P 1 5174b851
SCHED-TRACE 1095 361 R 1 5174b851
SCHED-TRACE 1096 362 U 4 2defb
SCHED-TRACE 1097 362 V 4 2df0f
SCHED-TRACE 1098 362 O 0 0
SCHED-TRACE 1099 362 P 1 5180e147
SCHED-TRACE 1100 363 K 1 5180e147
SCHED-TRACE 1101 363 P 1 518eb439
SCHED-TRACE 1102 366 I 1 2e765
SCHED-TRACE 1103 366 B 1 7a
SCHED-TRACE 1104 366 P 1 52d3b645
SCHED-TRACE 1105 366 R 1 52d3b645
SCHED-TRACE 1106 367 U 4 2e7b4
SCHED-TRACE 1107 367 V 4 2e7c8
SCHED-TRACE 1108 367 O 0 0
SCHED-TRACE 1109 367 P 1 52dfdf3b
SCHED-TRACE 1110 368 K 1 52dfdf3b
SCHED-TRACE 1111 368 P 1 52edae14
SCHED-TRACE 1112 371 I 1 2ecfa
SCHED-TRACE 1113 371 B 1 7a
SCHED-TRACE 1114 371 P 1 53b20418
SCHED-TRACE 1115 371 R 1 53b20418
SCHED-TRACE 1116 372 U 4 2ed49
SCHED-TRACE 1117 372 V 4 2ed5d
SCHED-TRACE 1118 372 O 0 0
SCHED-TRACE 1119 372 P 1 53be28f5
SCHED-TRACE 1120 373 K 1 53be28f5
SCHED-TRACE 1121 373 P 1 53cbfbe7
SCHED-TRACE 1122 376 P 37 53cbfbe7
SCHED-TRACE 1123 376 W 37 53cbfbe7
SCHED-TRACE 1124 376 U 4 2f24b
SCHED-TRACE 1125 376 V 4 2f264
SCHED-TRACE 1126 376 I 1 2f269
SCHED-TRACE 1127 376 B 1 7b
SCHED-TRACE 1128 376 P 1 548726e9
SCHED-TRACE 1129 376 R 1 548726e9
SCHED-TRACE 1130 377 O 0 0
SCHED-TRACE 1131 377 P 1 5493f3b6
SCHED-TRACE 1132 378 K 37 53cbfbe7
SCHED-TRACE 1133 378 P 1 54a322d0
SCHED-TRACE 1134 379 P 1 54ab22d0
SCHED-TRACE 1135 379 U 3 2f49c
SCHED-TRACE 1136 379 V 3 2f535
SCHED-TRACE 1137 379 P 37 55b9be76
SCHED-TRACE 1138 379 D 37 55b9be76
SCHED-TRACE 1139 381 K 1 54ab22d0
SCHED-TRACE 1140 382 G 3 4d07e76c
SCHED-TRACE 1141 382 g 3 0
SCHED-TRACE 1142 382 v 3 b6c9c000b6c38
SCHED-TRACE 1143 382 f 3 54ab22d0
SCHED-TRACE 1144 382 N 3 54ab22d0
SCHED-TRACE 1145 382 n 3 0
SCHED-TRACE 1146 385 I 1 2fb37
SCHED-TRACE 1147 385 B 1 7a
SCHED-TRACE 1148 385 P 1 5583d2f1
SCHED-TRACE 1149 385 R 1 5583d2f1
SCHED-TRACE 1150 386 U 4 2fb86
SCHED-TRACE 1151 386 V 4 2fb9a
SCHED-TRACE 1152 386 O 0 0
SCHED-TRACE 1153 386 P 1 55900000
SCHED-TRACE 1154 387 K 1 55900000
SCHED-TRACE 1155 387 P 1 559dd2f1
SCHED-TRACE 1156 389 U 2 3003b
SCHED-TRACE 1157 389 V 2 30243
SCHED-TRACE 1158 389 U 3 302d3
SCHED-TRACE 1159 389 V 3 30388
SCHED-TRACE 1160 390 I 1 3039d
SCHED-TRACE 1161 390 B 1 7a
SCHED-TRACE 1162 390 P 1 5666e147
SCHED-TRACE 1163 390 R 1 5666e147
SCHED-TRACE 1164 391 U 4 303ec
SCHED-TRACE 1165 391 V 4 30402
SCHED-TRACE 1166 391 O 0 0
SCHED-TRACE 1167 391 P 1 56730a3d
SCHED-TRACE 1168 392 K 1 56730a3d
SCHED-TRACE 1169 392 P 1 5680f1a9
SCHED-TRACE 1170 394 I 1 30df6
SCHED-TRACE 1171 394 B 1 7a
SCHED-TRACE 1172 394 P 1 580845a1
SCHED-TRACE 1173 394 R 1 580845a1
SCHED-TRACE 1174 395 U 4 30e45
SCHED-TRACE 1175 395 V 4 30e5b
SCHED-TRACE 1176 395 O 0 0
SCHED-TRACE 1177 395 P 1 581472b0
SCHED-TRACE 1178 396 K 1 581472b0
SCHED-TRACE 1179 396 P 1 58225a1c
SCHED-TRACE 1180 399 I 1 314f4
SCHED-TRACE 1181 399 B 1 7a
SCHED-TRACE 1182 399 P 1 59200831
SCHED-TRACE 1183 399 R 1 59200831
SCHED-TRACE 1184 400 U 4 31543
SCHED-TRACE 1185 400 V 4 31559
SCHED-TRACE 1186 400 O 0 0
SCHED-TRACE 1187 400 P 1 592c3126
SCHED-TRACE 1188 401 K 1 592c3126
SCHED-TRACE 1189 401 P 1 593a1cac
SCHED-TRACE 1190 404 I 1 31db0
SCHED-TRACE 1191 404 B 1 7a
SCHED-TRACE 1192 404 P 1 5a7f1687
SCHED-TRACE 1193 404 R 1 5a7f1687
SCHED-TRACE 1194 405 U 4 31dff
SCHED-TRACE 1195 405 V 4 31e14
SCHED-TRACE 1196 405 O 0 0
SCHED-TRACE 1197 405 P 1 5a8b3f7c
SCHED-TRACE 1198 406 K 1 5a8b3f7c
SCHED-TRACE 1199 406 P 1 5a992b02
SCHED-TRACE 1200 409 I 1 32347
SCHED-TRACE 1201 409 B 1 7a
SCHED-TRACE 1202 409 P 1 5b5d7ced
SCHED-TRACE 1203 409 R 1 5b5d7ced
SCHED-TRACE 1204 410 U 4 32396
SCHED-TRACE 1205 410 V 4 323ac
SCHED-TRACE 1206 410 O 0 0
SCHED-TRACE 1207 410 P 1 5b69a5e3
SCHED-TRACE 1208 411 K 1 5b69a5e3
SCHED-TRACE 1209 411 P 1 5b778d4f
SCHED-TRACE 1210 414 P 40 5b778d4f
SCHED-TRACE 1211 414 W 40 5b778d4f
SCHED-TRACE 1212 414 U 4 3289b
SCHED-TRACE 1213 414 V 4 328b5
SCHED-TRACE 1214 414 I 1 328ba
SCHED-TRACE 1215 414 B 1 7a
SCHED-TRACE 1216 414 P 1 5c32b439
SCHED-TRACE 1217 414 R 1 5c32b439
SCHED-TRACE 1218 415 O 0 0
SCHED-TRACE 1219 415 P 1 5c3f851e
SCHED-TRACE 1220 416 K 40 5b778d4f
SCHED-TRACE 1221 416 P 1 5c4ecccc
SCHED-TRACE 1222 417 P 1 5c56d0e5
SCHED-TRACE 1223 417 U 3 32aee
SCHED-TRACE 1224 417 V 3 32bb5
SCHED-TRACE 1225 417 P 40 5d654fde
SCHED-TRACE 1226 417 D 40 5d654fde
SCHED-TRACE 1227 419 K 1 5c56d0e5
SCHED-TRACE 1228 420 G 3 54ab22d0
SCHED-TRACE 1229 420 g 3 0
SCHED-TRACE 1230 420 v 3 b6c38000b6bd4
SCHED-TRACE 1231 420 f 3 5c56d0e5
SCHED-TRACE 1232 420 N 3 5c56d0e5
SCHED-TRACE 1233 420 n 3 0
SCHED-TRACE 1234 422 I 1 33032
SCHED-TRACE 1235 422 B 1 7a
SCHED-TRACE 1236 422 P 1 5cf178d4
SCHED-TRACE 1237 422 R 1 5cf178d4
SCHED-TRACE 1238 423 U 4 33081
SCHED-TRACE 1239 423 V 4 33097
SCHED-TRACE 1240 423 O 0 0
SCHED-TRACE 1241 423 P 1 5cfd9db2
SCHED-TRACE 1242 424 K 1 5cfd9db2
SCHED-TRACE 1243 424 P 1 5d0b851e
SCHED-TRACE 1244 427 U 2 336db
SCHED-TRACE 1245 427 V 2 33904
SCHED-TRACE 1246 427 U 3 3399f
SCHED-TRACE 1247 427 V 3 33a82
SCHED-TRACE 1248 428 I 1 33a97
SCHED-TRACE 1249 428 B 1 7a
SCHED-TRACE 1250 428 P 1 5e193b64
SCHED-TRACE 1251 428 R 1 5e193b64
SCHED-TRACE 1252 429 U 4 33ae6
SCHED-TRACE 1253 429 V 4 33afe
SCHED-TRACE 1254 429 O 0 0
SCHED-TRACE 1255 429 P 1 5e256041
SCHED-TRACE 1256 430 K 1 5e256041
SCHED-TRACE 1257 430 P 1 5e336041
SCHED-TRACE 1258 432 I 1 344f2
SCHED-TRACE 1259 432 B 1 7a
SCHED-TRACE 1260 432 P 1 5fbab439
SCHED-TRACE 1261 432 R 1 5fbab439
SCHED-TRACE 1262 433 U 4 34541
SCHED-TRACE 1263 433 V 4 34559
SCHED-TRACE 1264 433 O 0 0
SCHED-TRACE 1265 433 P 1 5fc6e147
SCHED-TRACE 1266 434 K 1 5fc6e147
SCHED-TRACE 1267 434 P 1 5fd4e147
SCHED-TRACE 1268 437 I 1 34bf3
SCHED-TRACE 1269 437 B 1 7a
SCHED-TRACE 1270 437 P 1 60d29374
SCHED-TRACE 1271 437 R 1 60d29374
SCHED-TRACE 1272 438 U 4 34c42
SCHED-TRACE 1273 438 V 4 34c5a
SCHED-TRACE 1274 438 O 0 0
SCHED-TRACE 1275 438 P 1 60debc6a
SCHED-TRACE 1276 439 K 1 60debc6a
SCHED-TRACE 1277 439 P 1 60ecbc6a
SCHED-TRACE 1278 442 I 1 354b1
SCHED-TRACE 1279 442 B 1 7a
SCHED-TRACE 1280 442 P 1 6231be76
SCHED-TRACE 1281 442 R 1 6231be76
SCHED-TRACE 1282 443 U 4 35500
SCHED-TRACE 1283 443 V 4 35518
SCHED-TRACE 1284 443 O 0 0
SCHED-TRACE 1285 443 P 1 623de353
SCHED-TRACE 1286 444 K 1 623de353
SCHED-TRACE 1287 444 P 1 624be353
SCHED-TRACE 1288 447 I 1 35a4b
SCHED-TRACE 1289 447 B 1 7b
SCHED-TRACE 1290 447 P 1 6310353f
SCHED-TRACE 1291 447 R 1 6310353f
SCHED-TRACE 1292 448 U 4 35a9a
SCHED-TRACE 1293 448 V 4 35ab2
SCHED-TRACE 1294 448 O 0 0
SCHED-TRACE 1295 448 P 1 631c5e35
SCHED-TRACE 1296 449 K 1 631c5e35
SCHED-TRACE 1297 449 P 1 632a5a1c
SCHED-TRACE 1298 452 P 43 632a5a1c
SCHED-TRACE 1299 452 W 43 632a5a1c
SCHED-TRACE 1300 452 U 4 35fa1
SCHED-TRACE 1301 452 V 4 35fbe
SCHED-TRACE 1302 452 I 1 35fc3
SCHED-TRACE 1303 452 B 1 7b
SCHED-TRACE 1304 452 P 1 63e58937
SCHED-TRACE 1305 452 R 1 63e58937
SCHED-TRACE 1306 453 O 0 0
SCHED-TRACE 1307 453 P 1 63f25604
SCHED-TRACE 1308 454 K 43 632a5a1c
SCHED-TRACE 1309 454 P 1 6401b22d
SCHED-TRACE 1310 455 P 1 6409b645
SCHED-TRACE 1311 455 U 3 361f7
SCHED-TRACE 1312 455 V 3 362ec
SCHED-TRACE 1313 455 P 43 6517f3b5
SCHED-TRACE 1314 455 D 43 6517f3b5
SCHED-TRACE 1315 457 K 1 6409b645
SCHED-TRACE 1316 458 U 4 363ac
SCHED-TRACE 1317 458 V 4 363c4
SCHED-TRACE 1318 458 G 3 5c56d0e5
SCHED-TRACE 1319 458 g 3 0
SCHED-TRACE 1320 458 v 3 b6bd4000b6b70
SCHED-TRACE 1321 458 f 3 6409b645
SCHED-TRACE 1322 458 N 3 6409b645
SCHED-TRACE 1323 458 n 3 0
SCHED-TRACE 1324 460 I 1 3679c
SCHED-TRACE 1325 460 B 1 7a
SCHED-TRACE 1326 460 P 1 64a845a1
SCHED-TRACE 1327 460 R 1 64a845a1
SCHED-TRACE 1328 461 U 4 367ec
SCHED-TRACE 1329 461 V 4 36803
SCHED-TRACE 1330 461 O 0 0
SCHED-TRACE 1331 461 P 1 64b46e97
SCHED-TRACE 1332 462 K 1 64b46e97
SCHED-TRACE 1333 462 P 1 64c26e97
SCHED-TRACE 1334 465 U 2 36e54
SCHED-TRACE 1335 465 V 2 3709e
SCHED-TRACE 1336 465 U 3 37145
SCHED-TRACE 1337 465 V 3 37256
SCHED-TRACE 1338 466 I 1 3726b
SCHED-TRACE 1339 466 B 1 7b
SCHED-TRACE 1340 466 P 1 65d428f5
SCHED-TRACE 1341 466 R 1 65d428f5
SCHED-TRACE 1342 467 U 4 372ba
SCHED-TRACE 1343 467 V 4 372d3
SCHED-TRACE 1344 467 O 0 0
SCHED-TRACE 1345 467 P 1 65e051eb
SCHED-TRACE 1346 468 K 1 65e051eb
SCHED-TRACE 1347 468 P 1 65ee6666
SCHED-TRACE 1348 470 I 1 37cc8
SCHED-TRACE 1349 470 B 1 7b
SCHED-TRACE 1350 470 P 1 6775be76
SCHED-TRACE 1351 470 R 1 6775be76
SCHED-TRACE 1352 471 U 4 37d17
SCHED-TRACE 1353 471 V 4 37d31
SCHED-TRACE 1354 471 O 0 0
SCHED-TRACE 1355 471 P 1 6781e76c
SCHED-TRACE 1356 472 K 1 6781e76c
SCHED-TRACE 1357 472 P 1 678ffbe7
SCHED-TRACE 1358 475 I 1 383cb
SCHED-TRACE 1359 475 B 1 7a
SCHED-TRACE 1360 475 P 1 688dae14
SCHED-TRACE 1361 475 R 1 688dae14
SCHED-TRACE 1362 476 U 4 3841a
SCHED-TRACE 1363 476 V 4 38434
SCHED-TRACE 1364 476 O 0 0
SCHED-TRACE 1365 476 P 1 6899db22
SCHED-TRACE 1366 477 K 1 6899db22
SCHED-TRACE 1367 477 P 1 68a7ef9d
SCHED-TRACE 1368 480 I 1 38c8c
SCHED-TRACE 1369 480 B 1 7a
SCHED-TRACE 1370 480 P 1 69ece978
SCHED-TRACE 1371 480 R 1 69ece978
SCHED-TRACE 1372 481 U 4 38cdb
SCHED-TRACE 1373 481 V 4 38cf4
SCHED-TRACE 1374 481 O 0 0
SCHED-TRACE 1375 481 P 1 69f9126e
SCHED-TRACE 1376 482 K 1 69f9126e
SCHED-TRACE 1377 482 P 1 6a0726e9
SCHED-TRACE 1378 485 I 1 39228
SCHED-TRACE 1379 485 B 1 7a
SCHED-TRACE 1380 485 P 1 6acb78d4
SCHED-TRACE 1381 485 R 1 6acb78d4
SCHED-TRACE 1382 486 U 4 39277
SCHED-TRACE 1383 486 V 4 39291
SCHED-TRACE 1384 486 O 0 0
SCHED-TRACE 1385 486 P 1 6ad7a1ca
SCHED-TRACE 1386 487 K 1 6ad7a1ca
SCHED-TRACE 1387 487 P 1 6ae5b645
SCHED-TRACE 1388 490 P 46 6ae5b645
SCHED-TRACE 1389 490 W 46 6ae5b645
SCHED-TRACE 1390 490 U 4 39781
SCHED-TRACE 1391 490 V 4 3979f
SCHED-TRACE 1392 490 I 1 397a4
SCHED-TRACE 1393 490 B 1 7a
SCHED-TRACE 1394 490 P 1 6ba0dd2f
SCHED-TRACE 1395 490 R 1 6ba0dd2f
SCHED-TRACE 1396 491 O 0 0
SCHED-TRACE 1397 491 P 1 6badae14
SCHED-TRACE 1398 492 K 46 6ae5b645
SCHED-TRACE 1399 492 P 1 6bbd1eb8
SCHED-TRACE 1400 493 P 1 6bc522d0
SCHED-TRACE 1401 493 U 3 399d9
SCHED-TRACE 1402 493 V 3 39afb
SCHED-TRACE 1403 493 P 46 6cd378d4
SCHED-TRACE 1404 493 D 46 6cd378d4
SCHED-TRACE 1405 495 K 1 6bc522d0
SCHED-TRACE 1406 496 U 4 39bbc
SCHED-TRACE 1407 496 V 4 39bd6
SCHED-TRACE 1408 496 G 3 6409b645
SCHED-TRACE 1409 496 g 3 0
SCHED-TRACE 1410 496 v 3 b6b70000b6b0c
SCHED-TRACE 1411 496 f 3 6bc522d0
SCHED-TRACE 1412 496 N 3 6bc522d0
SCHED-TRACE 1413 496 n 3 0
SCHED-TRACE 1414 498 I 1 39fc6
SCHED-TRACE 1415 498 B 1 7b
SCHED-TRACE 1416 498 P 1 6c679581
SCHED-TRACE 1417 498 R 1 6c679581
SCHED-TRACE 1418 499 U 4 3a015
SCHED-TRACE 1419 499 V 4 3a02f
SCHED-TRACE 1420 499 O 0 0
SCHED-TRACE 1421 499 P 1 6c73be76
SCHED-TRACE 1422 500 K 1 6c73be76
SCHED-TRACE 1423 500 P 1 6c81d2f1
SCHED-TRACE 1424 503 U 2 3a6bc
SCHED-TRACE 1425 503 V 2 3a926
SCHED-TRACE 1426 503 U 3 3aa10
SCHED-TRACE 1427 503 V 3 3ab4e
SCHED-TRACE 1428 504 I 1 3ab63
SCHED-TRACE 1429 504 B 1 7a
SCHED-TRACE 1430 504 P 1 6da7ba5e
SCHED-TRACE 1431 504 R 1 6da7ba5e
SCHED-TRACE 1432 505 U 4 3abb2
SCHED-TRACE 1433 505 V 4 3abcd
SCHED-TRACE 1434 505 O 0 0
SCHED-TRACE 1435 505 P 1 6db3e76c
SCHED-TRACE 1436 506 K 1 6db3e76c
SCHED-TRACE 1437 506 P 1 6dc21062
SCHED-TRACE 1438 508 I 1 3b5c3
SCHED-TRACE 1439 508 B 1 7b
SCHED-TRACE 1440 508 P 1 6f496872
SCHED-TRACE 1441 508 R 1 6f496872
SCHED-TRACE 1442 509 U 4 3b612
SCHED-TRACE 1443 509 V 4 3b62e
SCHED-TRACE 1444 509 O 0 0
SCHED-TRACE 1445 509 P 1 6f559168
SCHED-TRACE 1446 510 K 1 6f559168
SCHED-TRACE 1447 510 P 1 6f63ba5e
SCHED-TRACE 1448 513 I 1 3bcc9
SCHED-TRACE 1449 513 B 1 7a
SCHED-TRACE 1450 513 P 1 706174bc
SCHED-TRACE 1451 513 R 1 706174bc
SCHED-TRACE 1452 514 U 4 3bd18
SCHED-TRACE 1453 514 V 4 3bd33
SCHED-TRACE 1454 514 O 0 0
SCHED-TRACE 1455 514 P 1 706d9db2
SCHED-TRACE 1456 515 K 1 706d9db2
SCHED-TRACE 1457 515 P 1 707bcac0
SCHED-TRACE 1458 518 I 1 3c58c
SCHED-TRACE 1459 518 B 1 7a
SCHED-TRACE 1460 518 P 1 71c0c083
SCHED-TRACE 1461 518 R 1 71c0c083
SCHED-TRACE 1462 519 U 4 3c5db
SCHED-TRACE 1463 519 V 4 3c5f6
SCHED-TRACE 1464 519 O 0 0
SCHED-TRACE 1465 519 P 1 71cced91
SCHED-TRACE 1466 520 K 1 71cced91
SCHED-TRACE 1467 520 P 1 71db1687
SCHED-TRACE 1468 523 I 1 3cb2b
SCHED-TRACE 1469 523 B 1 7b
SCHED-TRACE 1470 523 P 1 729f6c8b
SCHED-TRACE 1471 523 R 1 729f6c8b
SCHED-TRACE 1472 524 U 4 3cb7a
SCHED-TRACE 1473 524 V 4 3cb95
SCHED-TRACE 1474 524 O 0 0
SCHED-TRACE 1475 524 P 1 72ab9581
SCHED-TRACE 1476 525 K 1 72ab9581
SCHED-TRACE 1477 525 P 1 72b9c28f
SCHED-TRACE 1478 528 P 49 72b9c28f
SCHED-TRACE 1479 528 W 49 72b9c28f
SCHED-TRACE 1480 528 U 4 3d086
SCHED-TRACE 1481 528 V 4 3d0a6
SCHED-TRACE 1482 528 I 1 3d0ab
SCHED-TRACE 1483 528 B 1 7a
SCHED-TRACE 1484 528 P 1 7374e978
SCHED-TRACE 1485 528 R 1 7374e978
SCHED-TRACE 1486 529 O 0 0
SCHED-TRACE 1487 529 P 1 7381ba5e
SCHED-TRACE 1488 530 K 49 72b9c28f
SCHED-TRACE 1489 530 P 1 73914395
SCHED-TRACE 1490 531 P 1 739947ae
SCHED-TRACE 1491 531 U 3 3d2e1
SCHED-TRACE 1492 531 V 3 3d430
SCHED-TRACE 1493 531 P 49 74a73332
SCHED-TRACE 1494 531 D 49 74a73332
SCHED-TRACE 1495 533 K 1 739947ae
SCHED-TRACE 1496 534 U 4 3d4f2
SCHED-TRACE 1497 534 V 4 3d50d
SCHED-TRACE 1498 534 G 3 6bc522d0
SCHED-TRACE 1499 534 g 3 0
SCHED-TRACE 1500 534 v 3 b6b0c000b6aa8
SCHED-TRACE 1501 534 f 3 739947ae
SCHED-TRACE 1502 534 N 3 739947ae
SCHED-TRACE 1503 534 n 3 0
SCHED-TRACE 1504 537 I 1 3d913
SCHED-TRACE 1505 537 B 1 7a
SCHED-TRACE 1506 537 P 1 743ec8b4
SCHED-TRACE 1507 537 R 1 743ec8b4
SCHED-TRACE 1508 538 U 4 3d962
SCHED-TRACE 1509 538 V 4 3d97d
SCHED-TRACE 1510 538 O 0 0
SCHED-TRACE 1511 538 P 1 744af1a9
SCHED-TRACE 1512 539 K 1 744af1a9
SCHED-TRACE 1513 539 P 1 74591eb8
SCHED-TRACE 1514 541 U 2 3dd96
SCHED-TRACE 1515 541 V 2 3e022
SCHED-TRACE 1516 541 U 3 3e047
SCHED-TRACE 1517 541 V 3 3e1b2
SCHED-TRACE 1518 542 I 1 3e1c7
SCHED-TRACE 1519 542 B 1 7a
SCHED-TRACE 1520 542 P 1 74fb0e56
SCHED-TRACE 1521 542 R 1 74fb0e56
SCHED-TRACE 1522 543 U 4 3e216
SCHED-TRACE 1523 543 V 4 3e233
SCHED-TRACE 1524 543 O 0 0
SCHED-TRACE 1525 543 P 1 7507374b
SCHED-TRACE 1526 544 K 1 7507374b
SCHED-TRACE 1527 544 P 1 751574bc
SCHED-TRACE 1528 546 I 1 3ec2a
SCHED-TRACE 1529 546 B 1 7a
SCHED-TRACE 1530 546 P 1 769ccccc
SCHED-TRACE 1531 546 R 1 769ccccc
SCHED-TRACE 1532 547 U 4 3ec79
SCHED-TRACE 1533 547 V 4 3ec96
SCHED-TRACE 1534 547 O 0 0
SCHED-TRACE 1535 547 P 1 76a8f5c2
SCHED-TRACE 1536 548 K 1 76a8f5c2
SCHED-TRACE 1537 548 P 1 76b73333
SCHED-TRACE 1538 551 I 1 3f332
SCHED-TRACE 1539 551 B 1 7a
SCHED-TRACE 1540 551 P 1 77b4e560
SCHED-TRACE 1541 551 R 1 77b4e560
SCHED-TRACE 1542 552 U 4 3f381
SCHED-TRACE 1543 552 V 4 3f39e
SCHED-TRACE 1544 552 O 0 0
SCHED-TRACE 1545 552 P 1 77c1126e
SCHED-TRACE 1546 553 K 1 77c1126e
SCHED-TRACE 1547 553 P 1 77cf53f7
SCHED-TRACE 1548 556 I 1 3fbf7
SCHED-TRACE 1549 556 B 1 7a
SCHED-TRACE 1550 556 P 1 791449ba
SCHED-TRACE 1551 556 R 1 791449ba
SCHED-TRACE 1552 557 U 4 3fc46
SCHED-TRACE 1553 557 V 4 3fc63
SCHED-TRACE 1554 557 O 0 0
SCHED-TRACE 1555 557 P 1 792076c8
SCHED-TRACE 1556 558 K 1 792076c8
SCHED-TRACE 1557 558 P 1 792eb851
SCHED-TRACE 1558 561 I 1 40198
SCHED-TRACE 1559 561 B 1 7a
SCHED-TRACE 1560 561 P 1 79f30a3d
SCHED-TRACE 1561 561 R 1 79f30a3d
SCHED-TRACE 1562 562 U 4 401e7
SCHED-TRACE 1563 562 V 4 40205
SCHED-TRACE 1564 562 O 0 0
SCHED-TRACE 1565 562 P 1 79ff374b
SCHED-TRACE 1566 563 K 1 79ff374b
SCHED-TRACE 1567 563 P 1 7a0d74bc
SCHED-TRACE 1568 566 P 52 7a0d74bc
SCHED-TRACE 1569 566 W 52 7a0d74bc
SCHED-TRACE 1570 566 U 4 406f6
SCHED-TRACE 1571 566 V 4 40717
SCHED-TRACE 1572 566 I 1 4071d
SCHED-TRACE 1573 566 B 1 7a
SCHED-TRACE 1574 566 P 1 7ac89ba5
SCHED-TRACE 1575 566 R 1 7ac89ba5
SCHED-TRACE 1576 567 O 0 0
SCHED-TRACE 1577 567 P 1 7ad56c8b
SCHED-TRACE 1578 568 K 52 7a0d74bc
SCHED-TRACE 1579 568 P 1 7ae50a3d
SCHED-TRACE 1580 569 P 1 7aed0e56
SCHED-TRACE 1581 569 U 3 40953
SCHED-TRACE 1582 569 V 3 40ad0
SCHED-TRACE 1583 569 P 52 7bfb374b
SCHED-TRACE 1584 569 D 52 7bfb374b
SCHED-TRACE 1585 571 K 1 7aed0e56
SCHED-TRACE 1586 572 U 4 40b92
SCHED-TRACE 1587 572 V 4 40baf
SCHED-TRACE 1588 572 G 3 739947ae
SCHED-TRACE 1589 572 g 3 0
SCHED-TRACE 1590 572 v 3 b6aa8000b6a44
SCHED-TRACE 1591 572 f 3 7aed0e56
SCHED-TRACE 1592 572 N 3 7aed0e56
SCHED-TRACE 1593 572 n 3 0
SCHED-TRACE 1594 575 I 1 40fd9
SCHED-TRACE 1595 575 B 1 7a
SCHED-TRACE 1596 575 P 1 7b98624d
SCHED-TRACE 1597 575 R 1 7b98624d
SCHED-TRACE 1598 576 U 4 41028
SCHED-TRACE 1599 576 V 4 41045
SCHED-TRACE 1600 576 O 0 0
SCHED-TRACE 1601 576 P 1 7ba48f5c
SCHED-TRACE 1602 577 K 1 7ba48f5c
SCHED-TRACE 1603 577 P 1 7bb2d0e5
SCHED-TRACE 1604 579 U 2 41493
SCHED-TRACE 1605 579 V 2 4173f
SCHED-TRACE 1606 579 U 3 41770
SCHED-TRACE 1607 579 V 3 41909
SCHED-TRACE 1608 580 I 1 4191e
SCHED-TRACE 1609 580 B 1 7a
SCHED-TRACE 1610 580 P 1 7c5f0a3d
SCHED-TRACE 1611 580 R 1 7c5f0a3d
SCHED-TRACE 1612 581 U 4 4196d
SCHED-TRACE 1613 581 V 4 4198c
SCHED-TRACE 1614 581 O 0 0
SCHED-TRACE 1615 581 P 1 7c6b3333
SCHED-TRACE 1616 582 K 1 7c6b3333
SCHED-TRACE 1617 582 P 1 7c79851e
SCHED-TRACE 1618 584 I 1 42383
SCHED-TRACE 1619 584 B 1 7a
SCHED-TRACE 1620 584 P 1 7e00e147
SCHED-TRACE 1621 584 R 1 7e00e147
SCHED-TRACE 1622 585 U 4 423d2
SCHED-TRACE 1623 585 V 4 423f1
SCHED-TRACE 1624 585 O 0 0
SCHED-TRACE 1625 585 P 1 7e0d0a3d
SCHED-TRACE 1626 586 K 1 7e0d0a3d
SCHED-TRACE 1627 586 P 1 7e1b6041
SCHED-TRACE 1628 589 I 1 42a8d
SCHED-TRACE 1629 589 B 1 7b
SCHED-TRACE 1630 589 P 1 7f19126e
SCHED-TRACE 1631 589 R 1 7f19126e
SCHED-TRACE 1632 590 U 4 42adc
SCHED-TRACE 1633 590 V 4 42afc
SCHED-TRACE 1634 590 O 0 0
SCHED-TRACE 1635 590 P 1 7f253b64
SCHED-TRACE 1636 591 K 1 7f253b64
SCHED-TRACE 1637 591 P 1 7f339168
SCHED-TRACE 1638 594 I 1 43355
SCHED-TRACE 1639 594 B 1 7a
SCHED-TRACE 1640 594 P 1 80788b43
SCHED-TRACE 1641 594 R 1 80788b43
SCHED-TRACE 1642 595 U 4 433a4
SCHED-TRACE 1643 595 V 4 433c3
SCHED-TRACE 1644 595 O 0 0
SCHED-TRACE 1645 595 P 1 8084b439
SCHED-TRACE 1646 596 K 1 8084b439
SCHED-TRACE 1647 596 P 1 80930a3d
SCHED-TRACE 1648 599 I 1 438f9
SCHED-TRACE 1649 599 B 1 7a
SCHED-TRACE 1650 599 P 1 81575c28
SCHED-TRACE 1651 599 R 1 81575c28
SCHED-TRACE 1652 600 U 4 43948
SCHED-TRACE 1653 600 V 4 43967
SCHED-TRACE 1654 600 O 0 0
SCHED-TRACE 1655 600 P 1 81638106
SCHED-TRACE 1656 601 K 1 81638106
SCHED-TRACE 1657 601 P 1 8171d70a
SCHED-TRACE 1658 604 P 55 8171d70a
SCHED-TRACE 1659 604 W 55 8171d70a
SCHED-TRACE 1660 604 U 4 43e58
SCHED-TRACE 1661 604 V 4 43e7c
SCHED-TRACE 1662 604 I 1 43e81
SCHED-TRACE 1663 604 B 1 7b
SCHED-TRACE 1664 604 P 1 822d020c
SCHED-TRACE 1665 604 R 1 822d020c
SCHED-TRACE 1666 605 O 0 0
SCHED-TRACE 1667 605 P 1 8239ced9
SCHED-TRACE 1668 606 K 55 8171d70a
SCHED-TRACE 1669 606 P 1 82498106
SCHED-TRACE 1670 607 P 1 82518106
SCHED-TRACE 1671 607 U 3 440b8
SCHED-TRACE 1672 607 V 3 44262
SCHED-TRACE 1673 607 P 55 835f9999
SCHED-TRACE 1674 607 D 55 835f9999
SCHED-TRACE 1675 609 K 1 82518106
SCHED-TRACE 1676 610 U 4 44325
SCHED-TRACE 1677 610 V 4 44345
SCHED-TRACE 1678 610 G 3 7aed0e56
SCHED-TRACE 1679 610 g 3 0
SCHED-TRACE 1680 610 v 3 b6a44000b69e0
SCHED-TRACE 1681 610 f 3 82518106
SCHED-TRACE 1682 610 N 3 82518106
SCHED-TRACE 1683 610 n 3 0
SCHED-TRACE 1684 613 I 1 44793
SCHED-TRACE 1685 613 B 1 7a
SCHED-TRACE 1686 613 P 1 8302ac08
SCHED-TRACE 1687 613 R 1 8302ac08
SCHED-TRACE 1688 614 U 4 447e2
SCHED-TRACE 1689 614 V 4 44801
SCHED-TRACE 1690 614 O 0 0
SCHED-TRACE 1691 614 P 1 830ed916
SCHED-TRACE 1692 615 K 1 830ed916
SCHED-TRACE 1693 615 P 1 831d2f1a
SCHED-TRACE 1694 617 U 2 44c38
SCHED-TRACE 1695 617 V 2 44f04
SCHED-TRACE 1696 617 U 3 44f41
SCHED-TRACE 1697 617 V 3 45108
SCHED-TRACE 1698 618 I 1 4511d
SCHED-TRACE 1699 618 B 1 7a
SCHED-TRACE 1700 618 P 1 83c7a1ca
SCHED-TRACE 1701 618 R 1 83c7a1ca
SCHED-TRACE 1702 619 U 4 4516c
SCHED-TRACE 1703 619 V 4 4518d
SCHED-TRACE 1704 619 O 0 0
SCHED-TRACE 1705 619 P 1 83d3ced9
SCHED-TRACE 1706 620 K 1 83d3ced9
SCHED-TRACE 1707 620 P 1 83e23958
SCHED-TRACE 1708 622 I 1 45b84
SCHED-TRACE 1709 622 B 1 7a
SCHED-TRACE 1710 622 P 1 85698d4f
SCHED-TRACE 1711 622 R 1 85698d4f
SCHED-TRACE 1712 623 U 4 45bd3
SCHED-TRACE 1713 623 V 4 45bf5
SCHED-TRACE 1714 623 O 0 0
SCHED-TRACE 1715 623 P 1 8575ba5e
SCHED-TRACE 1716 624 K 1 8575ba5e
SCHED-TRACE 1717 624 P 1 858424dd
SCHED-TRACE 1718 627 I 1 46291
SCHED-TRACE 1719 627 B 1 7a
SCHED-TRACE 1720 627 P 1 8681d2f1
SCHED-TRACE 1721 627 R 1 8681d2f1
SCHED-TRACE 1722 628 U 4 462e0
SCHED-TRACE 1723 628 V 4 46301
SCHED-TRACE 1724 628 O 0 0
SCHED-TRACE 1725 628 P 1 868dfbe7
SCHED-TRACE 1726 629 K 1 868dfbe7
SCHED-TRACE 1727 629 P 1 869c6666
SCHED-TRACE 1728 632 I 1 46b5b
SCHED-TRACE 1729 632 B 1 7b
SCHED-TRACE 1730 632 P 1 87e1645a
SCHED-TRACE 1731 632 R 1 87e1645a
SCHED-TRACE 1732 633 U 4 46bab
SCHED-TRACE 1733 633 V 4 46bcc
SCHED-TRACE 1734 633 O 0 0
SCHED-TRACE 1735 633 P 1 87ed8937
SCHED-TRACE 1736 634 K 1 87ed8937
SCHED-TRACE 1737 634 P 1 87fbf3b6
SCHED-TRACE 1738 637 I 1 47102
SCHED-TRACE 1739 637 B 1 7a
SCHED-TRACE 1740 637 P 1 88c049ba
SCHED-TRACE 1741 637 R 1 88c049ba
SCHED-TRACE 1742 638 U 4 47151
SCHED-TRACE 1743 638 V 4 47172
SCHED-TRACE 1744 638 O 0 0
SCHED-TRACE 1745 638 P 1 88cc72b0
SCHED-TRACE 1746 639 K 1 88cc72b0
SCHED-TRACE 1747 639 P 1 88dadd2f
SCHED-TRACE 1748 642 P 58 88dadd2f
SCHED-TRACE 1749 642 W 58 88dadd2f
SCHED-TRACE 1750 642 U 4 47664
SCHED-TRACE 1751 642 V 4 4768a
SCHED-TRACE 1752 642 I 1 4768f
SCHED-TRACE 1753 642 B 1 7a
SCHED-TRACE 1754 642 P 1 89960831
SCHED-TRACE 1755 642 R 1 89960831
SCHED-TRACE 1756 643 O 0 0
SCHED-TRACE 1757 643 P 1 89a2d916
SCHED-TRACE 1758 644 K 58 88dadd2f
SCHED-TRACE 1759 644 P 1 89b2a3d7
SCHED-TRACE 1760 645 P 1 89baa3d7
SCHED-TRACE 1761 645 U 3 478c6
SCHED-TRACE 1762 645 V 3 47a9e
SCHED-TRACE 1763 645 P 58 8ac89fbe
SCHED-TRACE 1764 645 D 58 8ac89fbe
SCHED-TRACE 1765 647 K 1 89baa3d7
SCHED-TRACE 1766 648 U 4 47b61
SCHED-TRACE 1767 648 V 4 47b83
SCHED-TRACE 1768 648 G 3 82518106
SCHED-TRACE 1769 648 g 3 0
SCHED-TRACE 1770 648 v 3 b69e0000b697c
SCHED-TRACE 1771 648 f 3 89baa3d7
SCHED-TRACE 1772 648 N 3 89baa3d7
SCHED-TRACE 1773 648 n 3 0
SCHED-TRACE 1774 651 I 1 47ff5
SCHED-TRACE 1775 651 B 1 7b
SCHED-TRACE 1776 651 P 1 8a71a5e3
SCHED-TRACE 1777 651 R 1 8a71a5e3
SCHED-TRACE 1778 652 U 4 48044
SCHED-TRACE 1779 652 V 4 48065
SCHED-TRACE 1780 652 O 0 0
SCHED-TRACE 1781 652 P 1 8a7dced9
SCHED-TRACE 1782 653 K 1 8a7dced9
SCHED-TRACE 1783 653 P 1 8a8c3958
SCHED-TRACE 1784 655 U 2 484cf
SCHED-TRACE 1785 655 V 2 487bc
SCHED-TRACE 1786 655 U 3 48805
SCHED-TRACE 1787 655 V 3 489f9
SCHED-TRACE 1788 656 I 1 48a0e
SCHED-TRACE 1789 656 B 1 7a
SCHED-TRACE 1790 656 P 1 8b409fbe
SCHED-TRACE 1791 656 R 1 8b409fbe
SCHED-TRACE 1792 657 U 4 48a5d
SCHED-TRACE 1793 657 V 4 48a80
SCHED-TRACE 1794 657 O 0 0
SCHED-TRACE 1795 657 P 1 8b4ccccc
SCHED-TRACE 1796 658 K 1 8b4ccccc
SCHED-TRACE 1797 658 P 1 8b5b4bc6
SCHED-TRACE 1798 660 I 1 49478
SCHED-TRACE 1799 660 B 1 7a
SCHED-TRACE 1800 660 P 1 8ce2a7ef
SCHED-TRACE 1801 660 R 1 8ce2a7ef
SCHED-TRACE 1802 661 U 4 494c7
SCHED-TRACE 1803 661 V 4 494ea
SCHED-TRACE 1804 661 O 0 0
SCHED-TRACE 1805 661 P 1 8ceecccc
SCHED-TRACE 1806 662 K 1 8ceecccc
SCHED-TRACE 1807 662 P 1 8cfd4bc6
SCHED-TRACE 1808 665 I 1 49b87
SCHED-TRACE 1809 665 B 1 7a
SCHED-TRACE 1810 665 P 1 8dfafdf3
SCHED-TRACE 1811 665 R 1 8dfafdf3
SCHED-TRACE 1812 666 U 4 49bd6
SCHED-TRACE 1813 666 V 4 49bf9
SCHED-TRACE 1814 666 O 0 0
SCHED-TRACE 1815 666 P 1 8e0726e9
SCHED-TRACE 1816 667 K 1 8e0726e9
SCHED-TRACE 1817 667 P 1 8e15a5e3
SCHED-TRACE 1818 670 I 1 4a454
SCHED-TRACE 1819 670 B 1 7a
SCHED-TRACE 1820 670 P 1 8f5a9fbe
SCHED-TRACE 1821 670 R 1 8f5a9fbe
SCHED-TRACE 1822 671 U 4 4a4a3
SCHED-TRACE 1823 671 V 4 4a4c6
SCHED-TRACE 1824 671 O 0 0
SCHED-TRACE 1825 671 P 1 8f66c8b4
SCHED-TRACE 1826 672 K 1 8f66c8b4
SCHED-TRACE 1827 672 P 1 8f7547ae
SCHED-TRACE 1828 675 I 1 4a9fc
SCHED-TRACE 1829 675 B 1 7b
SCHED-TRACE 1830 675 P 1 90399db2
SCHED-TRACE 1831 675 R 1 90399db2
SCHED-TRACE 1832 676 U 4 4aa4b
SCHED-TRACE 1833 676 V 4 4aa6e
SCHED-TRACE 1834 676 O 0 0
SCHED-TRACE 1835 676 P 1 9045c6a7
SCHED-TRACE 1836 677 K 1 9045c6a7
SCHED-TRACE 1837 677 P 1 905445a1
SCHED-TRACE 1838 680 P 61 905445a1
SCHED-TRACE 1839 680 W 61 905445a1
SCHED-TRACE 1840 680 U 4 4af61
SCHED-TRACE 1841 680 V 4 4af89
SCHED-TRACE 1842 680 I 1 4af8e
SCHED-TRACE 1843 680 B 1 7a
SCHED-TRACE 1844 680 P 1 910f6c8b
SCHED-TRACE 1845 680 R 1 910f6c8b
SCHED-TRACE 1846 681 O 0 0
SCHED-TRACE 1847 681 P 1 911c3d70
SCHED-TRACE 1848 682 K 61 905445a1
SCHED-TRACE 1849 682 P 1 912c1cac
SCHED-TRACE 1850 683 P 1 913420c4
SCHED-TRACE 1851 683 U 3 4b1c5
SCHED-TRACE 1852 683 V 3 4b3cb
SCHED-TRACE 1853 683 P 61 9241df3a
SCHED-TRACE 1854 683 D 61 9241df3a
SCHED-TRACE 1855 685 K 1 913420c4
SCHED-TRACE 1856 686 U 4 4b48e
SCHED-TRACE 1857 686 V 4 4b4b2
SCHED-TRACE 1858 686 G 3 89baa3d7
SCHED-TRACE 1859 686 g 3 0
SCHED-TRACE 1860 686 v 3 b697c000b6918
SCHED-TRACE 1861 686 f 3 913420c4
SCHED-TRACE 1862 686 N 3 913420c4
SCHED-TRACE 1863 686 n 3 0
SCHED-TRACE 1864 689 I 1 4b949
SCHED-TRACE 1865 689 B 1 7b
SCHED-TRACE 1866 689 P 1 91f0f5c2
SCHED-TRACE 1867 689 R 1 91f0f5c2
SCHED-TRACE 1868 690 U 4 4b998
SCHED-TRACE 1869 690 V 4 4b9bb
SCHED-TRACE 1870 690 O 0 0
SCHED-TRACE 1871 690 P 1 91fd1eb8
SCHED-TRACE 1872 691 K 1 91fd1eb8
SCHED-TRACE 1873 691 P 1 920b9db2
SCHED-TRACE 1874 693 U 2 4be25
SCHED-TRACE 1875 693 V 2 4c133
SCHED-TRACE 1876 693 U 3 4c188
SCHED-TRACE 1877 693 V 3 4c3a9
SCHED-TRACE 1878 694 I 1 4c3be
SCHED-TRACE 1879 694 B 1 7a
SCHED-TRACE 1880 694 P 1 92c1f3b6
SCHED-TRACE 1881 694 R 1 92c1f3b6
SCHED-TRACE 1882 695 U 4 4c40d
SCHED-TRACE 1883 695 V 4 4c432
SCHED-TRACE 1884 695 O 0 0
SCHED-TRACE 1885 695 P 1 92ce1cac
SCHED-TRACE 1886 696 K 1 92ce1cac
SCHED-TRACE 1887 696 P 1 92dcb020
SCHED-TRACE 1888 698 I 1 4ce2b
SCHED-TRACE 1889 698 B 1 7a
SCHED-TRACE 1890 698 P 1 94640418
SCHED-TRACE 1891 698 R 1 94640418
SCHED-TRACE 1892 699 U 4 4ce7a
SCHED-TRACE 1893 699 V 4 4ce9e
SCHED-TRACE 1894 699 O 0 0
SCHED-TRACE 1895 699 P 1 94702d0e
SCHED-TRACE 1896 700 K 1 94702d0e
SCHED-TRACE 1897 700 P 1 947ec083
SCHED-TRACE 1898 703 I 1 4d53c
SCHED-TRACE 1899 703 B 1 7a
SCHED-TRACE 1900 703 P 1 957c72b0
SCHED-TRACE 1901 703 R 1 957c72b0
SCHED-TRACE 1902 704 U 4 4d58b
SCHED-TRACE 1903 704 V 4 4d5b0
SCHED-TRACE 1904 704 O 0 0
SCHED-TRACE 1905 704 P 1 95889fbe
SCHED-TRACE 1906 705 K 1 95889fbe
SCHED-TRACE 1907 705 P 1 95973333
SCHED-TRACE 1908 708 I 1 4de0b
SCHED-TRACE 1909 708 B 1 7b
SCHED-TRACE 1910 708 P 1 96dc3126
SCHED-TRACE 1911 708 R 1 96dc3126
SCHED-TRACE 1912 709 U 4 4de5a
SCHED-TRACE 1913 709 V 4 4de7f
SCHED-TRACE 1914 709 O 0 0
SCHED-TRACE 1915 709 P 1 96e85a1c
SCHED-TRACE 1916 710 K 1 96e85a1c
SCHED-TRACE 1917 710 P 1 96f6ed91
SCHED-TRACE 1918 713 I 1 4e3b6
SCHED-TRACE 1919 713 B 1 7a
SCHED-TRACE 1920 713 P 1 97bb3f7c
SCHED-TRACE 1921 713 R 1 97bb3f7c
SCHED-TRACE 1922 714 U 4 4e405
SCHED-TRACE 1923 714 V 4 4e42a
SCHED-TRACE 1924 714 O 0 0
SCHED-TRACE 1925 714 P 1 97c76c8b
SCHED-TRACE 1926 715 K 1 97c76c8b
SCHED-TRACE 1927 715 P 1 97d60000
SCHED-TRACE 1928 718 P 64 97d60000
SCHED-TRACE 1929 718 W 64 97d60000
SCHED-TRACE 1930 718 U 4 4e91d
SCHED-TRACE 1931 718 V 4 4e947
SCHED-TRACE 1932 718 I 1 4e94c
SCHED-TRACE 1933 718 B 1 7b
SCHED-TRACE 1934 718 P 1 98912f1a
SCHED-TRACE 1935 718 R 1 98912f1a
SCHED-TRACE 1936 719 O 0 0
SCHED-TRACE 1937 719 P 1 989dfbe7
SCHED-TRACE 1938 720 K 64 97d60000
SCHED-TRACE 1939 720 P 1 98adeb85
SCHED-TRACE 1940 721 P 1 98b5ef9d
SCHED-TRACE 1941 721 U 3 4eb84
SCHED-TRACE 1942 721 V 3 4edb7
SCHED-TRACE 1943 721 P 64 99c3c28f
SCHED-TRACE 1944 721 D 64 99c3c28f
SCHED-TRACE 1945 723 K 1 98b5ef9d
SCHED-TRACE 1946 724 U 4 4ee7b
SCHED-TRACE 1947 724 V 4 4eea0
SCHED-TRACE 1948 724 G 3 913420c4
SCHED-TRACE 1949 724 g 3 0
SCHED-TRACE 1950 724 v 3 b6918000b68b4
SCHED-TRACE 1951 724 f 3 98b5ef9d
SCHED-TRACE 1952 724 N 3 98b5ef9d
SCHED-TRACE 1953 724 n 3 0
SCHED-TRACE 1954 727 I 1 4f35c
SCHED-TRACE 1955 727 B 1 7a
SCHED-TRACE 1956 727 P 1 99789374
SCHED-TRACE 1957 727 R 1 99789374
SCHED-TRACE 1958 728 U 4 4f3ab
SCHED-TRACE 1959 728 V 4 4f3d0
SCHED-TRACE 1960 728 O 0 0
SCHED-TRACE 1961 728 P 1 9984bc6a
SCHED-TRACE 1962 729 K 1 9984bc6a
SCHED-TRACE 1963 729 P 1 99934fdf
SCHED-TRACE 1964 731 U 2 4f837
SCHED-TRACE 1965 731 V 2 4fb65
SCHED-TRACE 1966 731 U 3 4fbc6
SCHED-TRACE 1967 731 V 3 4fe15
SCHED-TRACE 1968 732 I 1 4fe2a
SCHED-TRACE 1969 732 B 1 7a
SCHED-TRACE 1970 732 P 1 9a4b1a9f
SCHED-TRACE 1971 732 R 1 9a4b1a9f
SCHED-TRACE 1972 733 U 4 4fe79
SCHED-TRACE 1973 733 V 4 4fea0
SCHED-TRACE 1974 733 O 0 0
SCHED-TRACE 1975 733 P 1 9a574395
SCHED-TRACE 1976 734 K 1 9a574395
SCHED-TRACE 1977 734 P 1 9a65eb85
SCHED-TRACE 1978 736 I 1 50899
SCHED-TRACE 1979 736 B 1 7a
SCHED-TRACE 1980 736 P 1 9bed47ae
SCHED-TRACE 1981 736 R 1 9bed47ae
SCHED-TRACE 1982 737 U 4 508e8
SCHED-TRACE 1983 737 V 4 5090f
SCHED-TRACE 1984 737 O 0 0
SCHED-TRACE 1985 737 P 1 9bf970a3
SCHED-TRACE 1986 738 K 1 9bf970a3
SCHED-TRACE 1987 738 P 1 9c081893
SCHED-TRACE 1988 741 I 1 50fad
SCHED-TRACE 1989 741 B 1 7a
SCHED-TRACE 1990 741 P 1 9d05c6a7
SCHED-TRACE 1991 741 R 1 9d05c6a7
SCHED-TRACE 1992 742 U 4 50ffc
SCHED-TRACE 1993 742 V 4 51023
SCHED-TRACE 1994 742 O 0 0
SCHED-TRACE 1995 742 P 1 9d11ef9d
SCHED-TRACE 1996 743 K 1 9d11ef9d
SCHED-TRACE 1997 743 P 1 9d20978d
SCHED-TRACE 1998 746 I 1 5187e
SCHED-TRACE 1999 746 B 1 7a
SCHED-TRACE 2000 746 P 1 9e659168
SCHED-TRACE 2001 746 R 1 9e659168
SCHED-TRACE 2002 747 U 4 518cd
SCHED-TRACE 2003 747 V 4 518f4
SCHED-TRACE 2004 747 O 0 0
SCHED-TRACE 2005 747 P 1 9e71ba5e
SCHED-TRACE 2006 748 K 1 9e71ba5e
SCHED-TRACE 2007 748 P 1 9e80624d
SCHED-TRACE 2008 751 I 1 51e2c
SCHED-TRACE 2009 751 B 1 7a
SCHED-TRACE 2010 751 P 1 9f44b439
SCHED-TRACE 2011 751 R 1 9f44b439
SCHED-TRACE 2012 752 U 4 51e7b
SCHED-TRACE 2013 752 V 4 51ea1
SCHED-TRACE 2014 752 O 0 0
SCHED-TRACE 2015 752 P 1 9f50dd2f
SCHED-TRACE 2016 753 K 1 9f50dd2f
SCHED-TRACE 2017 753 P 1 9f5f851e
SCHED-TRACE 2018 756 P 67 9f5f851e
SCHED-TRACE 2019 756 W 67 9f5f851e
SCHED-TRACE 2020 756 U 4 52395
SCHED-TRACE 2021 756 V 4 523c0
SCHED-TRACE 2022 756 I 1 523c6
SCHED-TRACE 2023 756 B 1 7a
SCHED-TRACE 2024 756 P 1 a01aac08
SCHED-TRACE 2025 756 R 1 a01aac08
SCHED-TRACE 2026 757 O 0 0
SCHED-TRACE 2027 757 P 1 a0277ced
SCHED-TRACE 2028 758 K 67 9f5f851e
SCHED-TRACE 2029 758 P 1 a037851e
SCHED-TRACE 2030 759 P 1 a03f851e
SCHED-TRACE 2031 759 U 3 525fe
SCHED-TRACE 2032 759 V 3 5285f
SCHED-TRACE 2033 759 P 67 a14d47ad
SCHED-TRACE 2034 759 D 67 a14d47ad
SCHED-TRACE 2035 761 K 1 a03f851e
SCHED-TRACE 2036 762 U 4 52923
SCHED-TRACE 2037 762 V 4 5294a
SCHED-TRACE 2038 762 G 3 98b5ef9d
SCHED-TRACE 2039 762 g 3 0
SCHED-TRACE 2040 762 v 3 b68b4000b6850
SCHED-TRACE 2041 762 f 3 a03f851e
SCHED-TRACE 2042 762 N 3 a03f851e
SCHED-TRACE 2043 762 n 3 0
SCHED-TRACE 2044 765 I 1 52e2a
SCHED-TRACE 2045 765 B 1 7a
SCHED-TRACE 2046 765 P 1 a107fbe7
SCHED-TRACE 2047 765 R 1 a107fbe7
SCHED-TRACE 2048 766 U 4 52e79
SCHED-TRACE 2049 766 V 4 52ea0
SCHED-TRACE 2050 766 O 0 0
SCHED-TRACE 2051 766 P 1 a11424dd
SCHED-TRACE 2052 767 K 1 a11424dd
SCHED-TRACE 2053 767 P 1 a122cccc
SCHED-TRACE 2054 769 U 2 53301
SCHED-TRACE 2055 769 V 2 53650
SCHED-TRACE 2056 769 U 3 536bd
SCHED-TRACE 2057 769 V 3 5393a
SCHED-TRACE 2058 770 I 1 5394f
SCHED-TRACE 2059 770 B 1 7b
SCHED-TRACE 2060 770 P 1 a1db7ced
SCHED-TRACE 2061 770 R 1 a1db7ced
SCHED-TRACE 2062 771 U 4 5399e
SCHED-TRACE 2063 771 V 4 539c6
SCHED-TRACE 2064 771 O 0 0
SCHED-TRACE 2065 771 P 1 a1e7a5e3
SCHED-TRACE 2066 772 K 1 a1e7a5e3
SCHED-TRACE 2067 772 P 1 a1f6624d
SCHED-TRACE 2068 774 I 1 543c0
SCHED-TRACE 2069 774 B 1 7b
SCHED-TRACE 2070 774 P 1 a37dba5e
SCHED-TRACE 2071 774 R 1 a37dba5e
SCHED-TRACE 2072 775 U 4 5440f
SCHED-TRACE 2073 775 V 4 54437
SCHED-TRACE 2074 775 O 0 0
SCHED-TRACE 2075 775 P 1 a389e353
SCHED-TRACE 2076 776 K 1 a389e353
SCHED-TRACE 2077 776 P 1 a3989fbe
SCHED-TRACE 2078 779 I 1 54ad6
SCHED-TRACE 2079 779 B 1 7a
SCHED-TRACE 2080 779 P 1 a49651eb
SCHED-TRACE 2081 779 R 1 a49651eb
SCHED-TRACE 2082 780 U 4 54b25
SCHED-TRACE 2083 780 V 4 54b4e
SCHED-TRACE 2084 780 O 0 0
SCHED-TRACE 2085 780 P 1 a4a27ef9
SCHED-TRACE 2086 781 K 1 a4a27ef9
SCHED-TRACE 2087 781 P 1 a4b13b64
SCHED-TRACE 2088 784 I 1 553aa
SCHED-TRACE 2089 784 B 1 7a
SCHED-TRACE 2090 784 P 1 a5f6353f
SCHED-TRACE 2091 784 R 1 a5f6353f
SCHED-TRACE 2092 785 U 4 553f9
SCHED-TRACE 2093 785 V 4 55421
SCHED-TRACE 2094 785 O 0 0
SCHED-TRACE 2095 785 P 1 a6025e35
SCHED-TRACE 2096 786 K 1 a6025e35
SCHED-TRACE 2097 786 P 1 a6111a9f
SCHED-TRACE 2098 789 I 1 55959
SCHED-TRACE 2099 789 B 1 7a
SCHED-TRACE 2100 789 P 1 a6d56c8b
SCHED-TRACE 2101 789 R 1 a6d56c8b
SCHED-TRACE 2102 790 U 4 559a8
SCHED-TRACE 2103 790 V 4 559d1
SCHED-TRACE 2104 790 O 0 0
SCHED-TRACE 2105 790 P 1 a6e19999
SCHED-TRACE 2106 791 K 1 a6e19999
SCHED-TRACE 2107 791 P 1 a6f05604
SCHED-TRACE 2108 794 P 70 a6f05604
SCHED-TRACE 2109 794 W 70 a6f05604
SCHED-TRACE 2110 794 U 4 55ec5
SCHED-TRACE 2111 794 V 4 55ef2
SCHED-TRACE 2112 794 I 1 55ef8
SCHED-TRACE 2113 794 B 1 7a
SCHED-TRACE 2114 794 P 1 a7ab7ced
SCHED-TRACE 2115 794 R 1 a7ab7ced
SCHED-TRACE 2116 795 O 0 0
SCHED-TRACE 2117 795 P 1 a7b849ba
SCHED-TRACE 2118 796 K 70 a6f05604
SCHED-TRACE 2119 796 P 1 a7c8624d
SCHED-TRACE 2120 797 P 1 a7d06666
SCHED-TRACE 2121 797 U 3 56131
SCHED-TRACE 2122 797 V 3 563bf
SCHED-TRACE 2123 797 P 70 a8de1893
SCHED-TRACE 2124 797 D 70 a8de1893
SCHED-TRACE 2125 799 K 1 a7d06666
SCHED-TRACE 2126 800 U 4 56484
SCHED-TRACE 2127 800 V 4 564ad
SCHED-TRACE 2128 800 G 3 a03f851e
SCHED-TRACE 2129 800 g 3 0
SCHED-TRACE 2130 800 v 3 b6850000b67ec
SCHED-TRACE 2131 800 f 3 a7d06666
SCHED-TRACE 2132 800 N 3 a7d06666
SCHED-TRACE 2133 800 n 3 0
SCHED-TRACE 2134 803 I 1 569b1
SCHED-TRACE 2135 803 B 1 7b
SCHED-TRACE 2136 803 P 1 a89eb851
SCHED-TRACE 2137 803 R 1 a89eb851
SCHED-TRACE 2138 804 U 4 56a00
SCHED-TRACE 2139 804 V 4 56a29
SCHED-TRACE 2140 804 O 0 0
SCHED-TRACE 2141 804 P 1 a8aadd2f
SCHED-TRACE 2142 805 K 1 a8aadd2f
SCHED-TRACE 2143 805 P 1 a8b99999
SCHED-TRACE 2144 807 U 2 56eaa
SCHED-TRACE 2145 807 V 2 57219
SCHED-TRACE 2146 807 U 3 57293
SCHED-TRACE 2147 807 V 3 5753d
SCHED-TRACE 2148 808 I 1 57552
SCHED-TRACE 2149 808 B 1 7a
SCHED-TRACE 2150 808 P 1 a97953f7
SCHED-TRACE 2151 808 R 1 a97953f7
SCHED-TRACE 2152 809 U 4 575a1
SCHED-TRACE 2153 809 V 4 575cb
SCHED-TRACE 2154 809 O 0 0
SCHED-TRACE 2155 809 P 1 a9857ced
SCHED-TRACE 2156 810 K 1 a9857ced
SCHED-TRACE 2157 810 P 1 a9944dd2
SCHED-TRACE 2158 812 I 1 57fc5
SCHED-TRACE 2159 812 B 1 7a
SCHED-TRACE 2160 812 P 1 ab1ba9fb
SCHED-TRACE 2161 812 R 1 ab1ba9fb
SCHED-TRACE 2162 813 U 4 58014
SCHED-TRACE 2163 813 V 4 5803f
SCHED-TRACE 2164 813 O 0 0
SCHED-TRACE 2165 813 P 1 ab27d70a
SCHED-TRACE 2166 814 K 1 ab27d70a
SCHED-TRACE 2167 814 P 1 ab36a7ef
SCHED-TRACE 2168 817 I 1 586de
SCHED-TRACE 2169 817 B 1 7b
SCHED-TRACE 2170 817 P 1 ac345a1c
SCHED-TRACE 2171 817 R 1 ac345a1c
SCHED-TRACE 2172 818 U 4 5872d
SCHED-TRACE 2173 818 V 4 58758
SCHED-TRACE 2174 818 O 0 0
SCHED-TRACE 2175 818 P 1 ac407ef9
SCHED-TRACE 2176 819 K 1 ac407ef9
SCHED-TRACE 2177 819 P 1 ac4f4fdf
SCHED-TRACE 2178 822 I 1 58fb4
SCHED-TRACE 2179 822 B 1 7a
SCHED-TRACE 2180 822 P 1 ad9449ba
SCHED-TRACE 2181 822 R 1 ad9449ba
SCHED-TRACE 2182 823 U 4 59003
SCHED-TRACE 2183 823 V 4 5902e
SCHED-TRACE 2184 823 O 0 0
SCHED-TRACE 2185 823 P 1 ada076c8
SCHED-TRACE 2186 824 K 1 ada076c8
SCHED-TRACE 2187 824 P 1 adaf47ae
SCHED-TRACE 2188 827 I 1 59566
SCHED-TRACE 2189 827 B 1 7a
SCHED-TRACE 2190 827 P 1 ae739999
SCHED-TRACE 2191 827 R 1 ae739999
SCHED-TRACE 2192 828 U 4 595b5
SCHED-TRACE 2193 828 V 4 595e0
SCHED-TRACE 2194 828 O 0 0
SCHED-TRACE 2195 828 P 1 ae7fc6a7
SCHED-TRACE 2196 829 K 1 ae7fc6a7
SCHED-TRACE 2197 829 P 1 ae8e978d
SCHED-TRACE 2198 832 P 73 ae8e978d
SCHED-TRACE 2199 832 W 73 ae8e978d
SCHED-TRACE 2200 832 U 4 59ad4
SCHED-TRACE 2201 832 V 4 59b03
SCHED-TRACE 2202 832 I 1 59b09
SCHED-TRACE 2203 832 B 1 7a
SCHED-TRACE 2204 832 P 1 af49be76
SCHED-TRACE 2205 832 R 1 af49be76
SCHED-TRACE 2206 833 O 0 0
SCHED-TRACE 2207 833 P 1 af568f5c
SCHED-TRACE 2208 834 K 73 ae8e978d
SCHED-TRACE 2209 834 P 1 af66c083
SCHED-TRACE 2210 835 P 1 af6ec083
SCHED-TRACE 2211 835 U 3 59d42
SCHED-TRACE 2212 835 V 3 59ffe
SCHED-TRACE 2213 835 P 73 b07c5a1c
SCHED-TRACE 2214 835 D 73 b07c5a1c
SCHED-TRACE 2215 837 K 1 af6ec083
SCHED-TRACE 2216 838 U 4 5a0c3
SCHED-TRACE 2217 838 V 4 5a0ee
SCHED-TRACE 2218 838 G 3 a7d06666
SCHED-TRACE 2219 838 g 3 0
SCHED-TRACE 2220 838 v 3 b67ec000b6788
SCHED-TRACE 2221 838 f 3 af6ec083
SCHED-TRACE 2222 838 N 3 af6ec083
SCHED-TRACE 2223 838 n 3 0
SCHED-TRACE 2224 841 I 1 5a617
SCHED-TRACE 2225 841 B 1 7a
SCHED-TRACE 2226 841 P 1 b042dd2f
SCHED-TRACE 2227 841 R 1 b042dd2f
SCHED-TRACE 2228 842 U 4 5a666
SCHED-TRACE 2229 842 V 4 5a690
SCHED-TRACE 2230 842 O 0 0
SCHED-TRACE 2231 842 P 1 b04f0624
SCHED-TRACE 2232 843 K 1 b04f0624
SCHED-TRACE 2233 843 P 1 b05dd70a
SCHED-TRACE 2234 845 U 2 5ab1e
SCHED-TRACE 2235 845 V 2 5aeae
SCHED-TRACE 2236 845 U 3 5af33
SCHED-TRACE 2237 845 V 3 5b20b
SCHED-TRACE 2238 846 I 1 5b220
SCHED-TRACE 2239 846 B 1 7a
SCHED-TRACE 2240 846 P 1 b1216041
SCHED-TRACE 2241 846 R 1 b1216041
SCHED-TRACE 2242 847 U 4 5b26f
SCHED-TRACE 2243 847 V 4 5b29b
SCHED-TRACE 2244 847 O 0 0
SCHED-TRACE 2245 847 P 1 b12d8d4f
SCHED-TRACE 2246 848 K 1 b12d8d4f
SCHED-TRACE 2247 848 P 1 b13c72b0
SCHED-TRACE 2248 850 I 1 5bc96
SCHED-TRACE 2249 850 B 1 7a
SCHED-TRACE 2250 850 P 1 b2c3c28f
SCHED-TRACE 2251 850 R 1 b2c3c28f
SCHED-TRACE 2252 851 U 4 5bce5
SCHED-TRACE 2253 851 V 4 5bd11
SCHED-TRACE 2254 851 O 0 0
SCHED-TRACE 2255 851 P 1 b2cfe76c
SCHED-TRACE 2256 852 K 1 b2cfe76c
SCHED-TRACE 2257 852 P 1 b2decccc
SCHED-TRACE 2258 855 I 1 5c3b1
SCHED-TRACE 2259 855 B 1 7a
SCHED-TRACE 2260 855 P 1 b3dc7ae1
SCHED-TRACE 2261 855 R 1 b3dc7ae1
SCHED-TRACE 2262 856 U 4 5c400
SCHED-TRACE 2263 856 V 4 5c42c
SCHED-TRACE 2264 856 O 0 0
SCHED-TRACE 2265 856 P 1 b3e89fbe
SCHED-TRACE 2266 857 K 1 b3e89fbe
SCHED-TRACE 2267 857 P 1 b3f7851e
SCHED-TRACE 2268 860 I 1 5cc89
SCHED-TRACE 2269 860 B 1 7a
SCHED-TRACE 2270 860 P 1 b53c7ef9
SCHED-TRACE 2271 860 R 1 b53c7ef9
SCHED-TRACE 2272 861 U 4 5ccd8
SCHED-TRACE 2273 861 V 4 5cd05
SCHED-TRACE 2274 861 O 0 0
SCHED-TRACE 2275 861 P 1 b548ac08
SCHED-TRACE 2276 862 K 1 b548ac08
SCHED-TRACE 2277 862 P 1 b5579168
SCHED-TRACE 2278 865 I 1 5d23e
SCHED-TRACE 2279 865 B 1 7a
SCHED-TRACE 2280 865 P 1 b61be353
SCHED-TRACE 2281 865 R 1 b61be353
SCHED-TRACE 2282 866 U 4 5d28d
SCHED-TRACE 2283 866 V 4 5d2b9
SCHED-TRACE 2284 866 O 0 0
SCHED-TRACE 2285 866 P 1 b6280c49
SCHED-TRACE 2286 867 K 1 b6280c49
SCHED-TRACE 2287 867 P 1 b636f1a9
SCHED-TRACE 2288 870 P 76 b636f1a9
SCHED-TRACE 2289 870 W 76 b636f1a9
SCHED-TRACE 2290 870 U 4 5d7ae
SCHED-TRACE 2291 870 V 4 5d7df
SCHED-TRACE 2292 870 I 1 5d7e4
SCHED-TRACE 2293 870 B 1 7b
SCHED-TRACE 2294 870 P 1 b6f21cac
SCHED-TRACE 2295 870 R 1 b6f21cac
SCHED-TRACE 2296 871 O 0 0
SCHED-TRACE 2297 871 P 1 b6fee978
SCHED-TRACE 2298 872 K 76 b636f1a9
SCHED-TRACE 2299 872 P 1 b70f2b02
SCHED-TRACE 2300 873 P 1 b7172f1a
SCHED-TRACE 2301 873 U 3 5da1e
SCHED-TRACE 2302 873 V 3 5dd07
SCHED-TRACE 2303 873 P 76 b824b438
SCHED-TRACE 2304 873 D 76 b824b438
SCHED-TRACE 2305 875 K 1 b7172f1a
SCHED-TRACE 2306 876 U 4 5ddcd
SCHED-TRACE 2307 876 V 4 5ddfa
SCHED-TRACE 2308 876 G 3 af6ec083
SCHED-TRACE 2309 876 g 3 0
SCHED-TRACE 2310 876 v 3 b6788000b6724
SCHED-TRACE 2311 876 f 3 b7172f1a
SCHED-TRACE 2312 876 N 3 b7172f1a
SCHED-TRACE 2313 876 n 3 0
SCHED-TRACE 2314 879 I 1 5e347
SCHED-TRACE 2315 879 B 1 7a
SCHED-TRACE 2316 879 P 1 b7f126e9
SCHED-TRACE 2317 879 R 1 b7f126e9
SCHED-TRACE 2318 880 U 4 5e396
SCHED-TRACE 2319 880 V 4 5e3c3
SCHED-TRACE 2320 880 O 0 0
SCHED-TRACE 2321 880 P 1 b7fd53f7
SCHED-TRACE 2322 881 K 1 b7fd53f7
SCHED-TRACE 2323 881 P 1 b80c353f
SCHED-TRACE 2324 883 U 2 5e853
SCHED-TRACE 2325 883 V 2 5ec03
SCHED-TRACE 2326 883 U 3 5ec95
SCHED-TRACE 2327 883 V 3 5ef9a
SCHED-TRACE 2328 884 I 1 5efaf
SCHED-TRACE 2329 884 B 1 7a
SCHED-TRACE 2330 884 P 1 b8d20418
SCHED-TRACE 2331 884 R 1 b8d20418
SCHED-TRACE 2332 885 U 4 5effe
SCHED-TRACE 2333 885 V 4 5f02c
SCHED-TRACE 2334 885 O 0 0
SCHED-TRACE 2335 885 P 1 b8de28f5
SCHED-TRACE 2336 886 K 1 b8de28f5
SCHED-TRACE 2337 886 P 1 b8ed22d0
SCHED-TRACE 2338 888 I 1 5fa27
SCHED-TRACE 2339 888 B 1 7a
SCHED-TRACE 2340 888 P 1 ba747ef9
SCHED-TRACE 2341 888 R 1 ba747ef9
SCHED-TRACE 2342 889 U 4 5fa76
SCHED-TRACE 2343 889 V 4 5faa4
SCHED-TRACE 2344 889 O 0 0
SCHED-TRACE 2345 889 P 1 ba80a7ef
SCHED-TRACE 2346 890 K 1 ba80a7ef
SCHED-TRACE 2347 890 P 1 ba8fa1ca
SCHED-TRACE 2348 893 I 1 60144
SCHED-TRACE 2349 893 B 1 7a
SCHED-TRACE 2350 893 P 1 bb8d4fdf
SCHED-TRACE 2351 893 R 1 bb8d4fdf
SCHED-TRACE 2352 894 U 4 60193
SCHED-TRACE 2353 894 V 4 601c2
SCHED-TRACE 2354 894 O 0 0
SCHED-TRACE 2355 894 P 1 bb9978d4
SCHED-TRACE 2356 895 K 1 bb9978d4
SCHED-TRACE 2357 895 P 1 bba872b0
SCHED-TRACE 2358 898 I 1 60a1f
SCHED-TRACE 2359 898 B 1 7a
SCHED-TRACE 2360 898 P 1 bced6c8b
SCHED-TRACE 2361 898 R 1 bced6c8b
SCHED-TRACE 2362 899 U 4 60a6e
SCHED-TRACE 2363 899 V 4 60a9d
SCHED-TRACE 2364 899 O 0 0
SCHED-TRACE 2365 899 P 1 bcf99168
SCHED-TRACE 2366 900 K 1 bcf99168
SCHED-TRACE 2367 900 P 1 bd088b43
SCHED-TRACE 2368 903 I 1 60fd6
SCHED-TRACE 2369 903 B 1 7a
SCHED-TRACE 2370 903 P 1 bdccdd2f
SCHED-TRACE 2371 903 R 1 bdccdd2f
SCHED-TRACE 2372 904 U 4 61025
SCHED-TRACE 2373 904 V 4 61053
SCHED-TRACE 2374 904 O 0 0
SCHED-TRACE 2375 904 P 1 bdd90a3d
SCHED-TRACE 2376 905 K 1 bdd90a3d
SCHED-TRACE 2377 905 P 1 bde80000
SCHED-TRACE 2378 908 P 79 bde80000
SCHED-TRACE 2379 908 W 79 bde80000
SCHED-TRACE 2380 908 U 4 61549
SCHED-TRACE 2381 908 V 4 6157c
SCHED-TRACE 2382 908 I 1 61581
SCHED-TRACE 2383 908 B 1 7b
SCHED-TRACE 2384 908 P 1 bea32b02
SCHED-TRACE 2385 908 R 1 bea32b02
SCHED-TRACE 2386 909 O 0 0
SCHED-TRACE 2387 909 P 1 beaff7ce
SCHED-TRACE 2388 910 K 79 bde80000
SCHED-TRACE 2389 910 P 1 bec051eb
SCHED-TRACE 2390 911 P 1 bec85604
SCHED-TRACE 2391 911 U 3 617bc
SCHED-TRACE 2392 911 V 3 61ad2
SCHED-TRACE 2393 911 P 79 bfd59999
SCHED-TRACE 2394 911 D 79 bfd59999
SCHED-TRACE 2395 913 K 1 bec85604
SCHED-TRACE 2396 914 U 4 61b98
SCHED-TRACE 2397 914 V 4 61bc7
SCHED-TRACE 2398 914 G 79 c104a3d7
SCHED-TRACE 2399 914 g 79 4
SCHED-TRACE 2400 914 v 79 6400000063
SCHED-TRACE 2401 914 f 79 bec85604
SCHED-TRACE 2402 914 N 79 c10a6bbc
SCHED-TRACE 2403 914 n 79 48
SCHED-TRACE 2404 916 I 1 61f8f
SCHED-TRACE 2405 916 B 1 7a
SCHED-TRACE 2406 916 P 1 bf643126
SCHED-TRACE 2407 916 R 1 bf643126
SCHED-TRACE 2408 917 U 4 61fde
SCHED-TRACE 2409 917 V 4 6200c
SCHED-TRACE 2410 917 O 0 0
SCHED-TRACE 2411 917 P 1 bf705604
SCHED-TRACE 2412 918 K 1 bf705604
SCHED-TRACE 2413 918 P 1 bf7f4fdf
SCHED-TRACE 2414 921 U 2 6264e
SCHED-TRACE 2415 921 V 2 62a1e
SCHED-TRACE 2416 921 U 3 62abc
SCHED-TRACE 2417 921 V 3 62def
SCHED-TRACE 2418 922 I 1 62e04
SCHED-TRACE 2419 922 B 1 7a
SCHED-TRACE 2420 922 P 1 c08c2d0e
SCHED-TRACE 2421 922 R 1 c08c2d0e
SCHED-TRACE 2422 923 U 4 62e53
SCHED-TRACE 2423 923 V 4 62e83
SCHED-TRACE 2424 923 O 0 0
SCHED-TRACE 2425 923 P 1 c0985604
SCHED-TRACE 2426 924 K 1 c0985604
SCHED-TRACE 2427 924 P 1 c0a7645a
SCHED-TRACE 2428 926 I 1 6387e
SCHED-TRACE 2429 926 B 1 7a
SCHED-TRACE 2430 926 P 1 c22eb439
SCHED-TRACE 2431 926 R 1 c22eb439
SCHED-TRACE 2432 927 U 4 638cd
SCHED-TRACE 2433 927 V 4 638fe
SCHED-TRACE 2434 927 O 0 0
SCHED-TRACE 2435 927 P 1 c23add2f
SCHED-TRACE 2436 928 K 1 c23add2f
SCHED-TRACE 2437 928 P 1 c249eb85
SCHED-TRACE 2438 931 I 1 63f9e
SCHED-TRACE 2439 931 B 1 7b
SCHED-TRACE 2440 931 P 1 c3479db2
SCHED-TRACE 2441 931 R 1 c3479db2
SCHED-TRACE 2442 932 U 4 63fed
SCHED-TRACE 2443 932 V 4 6401d
SCHED-TRACE 2444 932 O 0 0
SCHED-TRACE 2445 932 P 1 c353c6a7
SCHED-TRACE 2446 933 K 1 c353c6a7
SCHED-TRACE 2447 933 P 1 c362d4fd
SCHED-TRACE 2448 936 I 1 6487b
SCHED-TRACE 2449 936 B 1 7b
SCHED-TRACE 2450 936 P 1 c4a7ced9
SCHED-TRACE 2451 936 R 1 c4a7ced9
SCHED-TRACE 2452 937 U 4 648ca
SCHED-TRACE 2453 937 V 4 648fb
SCHED-TRACE 2454 937 O 0 0
SCHED-TRACE 2455 937 P 1 c4b3f7ce
SCHED-TRACE 2456 938 K 1 c4b3f7ce
SCHED-TRACE 2457 938 P 1 c4c30624
SCHED-TRACE 2458 941 I 1 64e35
SCHED-TRACE 2459 941 B 1 7a
SCHED-TRACE 2460 941 P 1 c5875810
SCHED-TRACE 2461 941 R 1 c5875810
SCHED-TRACE 2462 942 U 4 64e84
SCHED-TRACE 2463 942 V 4 64eb4
SCHED-TRACE 2464 942 O 0 0
SCHED-TRACE 2465 942 P 1 c5938106
SCHED-TRACE 2466 943 K 1 c5938106
SCHED-TRACE 2467 943 P 1 c5a28b43
SCHED-TRACE 2468 946 P 82 c5a28b43
SCHED-TRACE 2469 946 W 82 c5a28b43
SCHED-TRACE 2470 946 U 4 653eb
SCHED-TRACE 2471 946 V 4 65420
SCHED-TRACE 2472 946 I 1 65425
SCHED-TRACE 2473 946 B 1 7a
SCHED-TRACE 2474 946 P 1 c6683126
SCHED-TRACE 2475 946 R 1 c6683126
SCHED-TRACE 2476 947 O 0 0
SCHED-TRACE 2477 947 P 1 c675020c
SCHED-TRACE 2478 948 K 82 c5a28b43
SCHED-TRACE 2479 948 P 1 c6856c8b
SCHED-TRACE 2480 949 P 1 c68d70a3
SCHED-TRACE 2481 949 U 3 65660
SCHED-TRACE 2482 949 V 3 659a4
SCHED-TRACE 2483 949 P 82 186828b43
SCHED-TRACE 2484 949 D 82 186828b43
SCHED-TRACE 2485 951 K 1 c68d70a3
SCHED-TRACE 2486 952 U 4 65a6b
SCHED-TRACE 2487 952 V 4 65a9c
SCHED-TRACE 2488 953 U 3 65f3e
SCHED-TRACE 2489 953 V 3 66273
SCHED-TRACE 2490 954 P 31 c68d70a3
SCHED-TRACE 2491 954 W 31 c68d70a3
SCHED-TRACE 2492 954 U 4 662a1
SCHED-TRACE 2493 954 V 4 662d6
SCHED-TRACE 2494 954 I 1 662db
SCHED-TRACE 2495 954 B 1 7a
SCHED-TRACE 2496 954 P 1 c7563126
SCHED-TRACE 2497 954 R 1 c7563126
SCHED-TRACE 2498 955 O 0 0
SCHED-TRACE 2499 955 P 1 c763020c
SCHED-TRACE 2500 956 K 31 c68d70a3
SCHED-TRACE 2501 956 P 1 c7738d4f
SCHED-TRACE 2502 957 P 1 c77b9168
SCHED-TRACE 2503 957 P 31 c831eb84
SCHED-TRACE 2504 957 D 31 c831eb84
SCHED-TRACE 2505 959 K 1 c77b9168
SCHED-TRACE 2506 960 U 3 66a3a
SCHED-TRACE 2507 960 V 3 66d6b
SCHED-TRACE 2508 961 P 34 c77b9168
SCHED-TRACE 2509 961 W 34 c77b9168
SCHED-TRACE 2510 961 U 4 66d99
SCHED-TRACE 2511 961 V 4 66dce
SCHED-TRACE 2512 961 I 1 66dd3
SCHED-TRACE 2513 961 B 1 7a
SCHED-TRACE 2514 961 P 1 c84045a1
SCHED-TRACE 2515 961 R 1 c84045a1
SCHED-TRACE 2516 962 O 0 0
SCHED-TRACE 2517 962 P 1 c84d1eb8
SCHED-TRACE 2518 963 K 34 c77b9168
SCHED-TRACE 2519 963 P 1 c85da9fb
SCHED-TRACE 2520 964 P 1 c865ae14
SCHED-TRACE 2521 964 P 34 c9200c4a
SCHED-TRACE 2522 964 D 34 c9200c4a
SCHED-TRACE 2523 966 K 1 c865ae14
SCHED-TRACE 2524 967 U 3 67533
SCHED-TRACE 2525 967 V 3 67860
SCHED-TRACE 2526 968 P 37 c865ae14
SCHED-TRACE 2527 968 W 37 c865ae14
SCHED-TRACE 2528 968 U 4 6788d
SCHED-TRACE 2529 968 V 4 678c2
SCHED-TRACE 2530 968 I 1 678c7
SCHED-TRACE 2531 968 B 1 7a
SCHED-TRACE 2532 968 P 1 c92a624d
SCHED-TRACE 2533 968 R 1 c92a624d
SCHED-TRACE 2534 969 O 0 0
SCHED-TRACE 2535 969 P 1 c9373b64
SCHED-TRACE 2536 970 K 37 c865ae14
SCHED-TRACE 2537 970 P 1 c947c6a7
SCHED-TRACE 2538 971 P 1 c94fcac0
SCHED-TRACE 2539 971 P 37 ca0a28f5
SCHED-TRACE 2540 971 D 37 ca0a28f5
SCHED-TRACE 2541 973 K 1 c94fcac0
SCHED-TRACE 2542 974 U 3 68027
SCHED-TRACE 2543 974 V 3 6834f
SCHED-TRACE 2544 975 P 40 c94fcac0
SCHED-TRACE 2545 975 W 40 c94fcac0
SCHED-TRACE 2546 975 U 4 6837d
SCHED-TRACE 2547 975 V 4 683b2
SCHED-TRACE 2548 975 I 1 683b7
SCHED-TRACE 2549 975 B 1 7a
SCHED-TRACE 2550 975 P 1 ca147ae1
SCHED-TRACE 2551 975 R 1 ca147ae1
SCHED-TRACE 2552 976 O 0 0
SCHED-TRACE 2553 976 P 1 ca2153f7
SCHED-TRACE 2554 977 K 40 c94fcac0
SCHED-TRACE 2555 977 P 1 ca31df3b
SCHED-TRACE 2556 978 P 1 ca39e353
SCHED-TRACE 2557 978 P 40 caf445a1
SCHED-TRACE 2558 978 D 40 caf445a1
SCHED-TRACE 2559 980 K 1 ca39e353
SCHED-TRACE 2560 981 U 3 68b17
SCHED-TRACE 2561 981 V 3 68e3b
SCHED-TRACE 2562 982 P 43 ca39e353
SCHED-TRACE 2563 982 W 43 ca39e353
SCHED-TRACE 2564 982 U 4 68e69
SCHED-TRACE 2565 982 V 4 68e9d
SCHED-TRACE 2566 982 I 1 68ea3
SCHED-TRACE 2567 982 B 1 7a
SCHED-TRACE 2568 982 P 1 cafe8b43
SCHED-TRACE 2569 982 R 1 cafe8b43
SCHED-TRACE 2570 983 O 0 0
SCHED-TRACE 2571 983 P 1 cb0b6041
SCHED-TRACE 2572 984 K 43 ca39e353
SCHED-TRACE 2573 984 P 1 cb1beb85
SCHED-TRACE 2574 985 P 1 cb23ef9d
SCHED-TRACE 2575 985 P 43 cbde5e34
SCHED-TRACE 2576 985 D 43 cbde5e34
SCHED-TRACE 2577 987 K 1 cb23ef9d
SCHED-TRACE 2578 988 U 3 69602
SCHED-TRACE 2579 988 V 3 69922
SCHED-TRACE 2580 989 P 46 cb23ef9d
SCHED-TRACE 2581 989 W 46 cb23ef9d
SCHED-TRACE 2582 989 U 4 69950
SCHED-TRACE 2583 989 V 4 69984
SCHED-TRACE 2584 989 I 1 6998a
SCHED-TRACE 2585 989 B 1 7b
SCHED-TRACE 2586 989 P 1 cbe89fbe
SCHED-TRACE 2587 989 R 1 cbe89fbe
SCHED-TRACE 2588 990 O 0 0
SCHED-TRACE 2589 990 P 1 cbf574bc
SCHED-TRACE 2590 991 K 46 cb23ef9d
SCHED-TRACE 2591 991 P 1 cc060000
SCHED-TRACE 2592 992 P 1 cc0e0418
SCHED-TRACE 2593 992 P 46 ccc86a7e
SCHED-TRACE 2594 992 D 46 ccc86a7e
SCHED-TRACE 2595 994 K 1 cc0e0418
SCHED-TRACE 2596 995 U 3 6a0e9
SCHED-TRACE 2597 995 V 3 6a404
SCHED-TRACE 2598 996 P 49 cc0e0418
SCHED-TRACE 2599 996 W 49 cc0e0418
SCHED-TRACE 2600 996 U 4 6a432
SCHED-TRACE 2601 996 V 4 6a467
SCHED-TRACE 2602 996 I 1 6a46c
SCHED-TRACE 2603 996 B 1 7b
SCHED-TRACE 2604 996 P 1 ccd2b439
SCHED-TRACE 2605 996 R 1 ccd2b439
SCHED-TRACE 2606 997 O 0 0
SCHED-TRACE 2607 997 P 1 ccdf8937
SCHED-TRACE 2608 998 K 49 cc0e0418
SCHED-TRACE 2609 998 P 1 ccf0147a
SCHED-TRACE 2610 999 P 1 ccf8147a
SCHED-TRACE 2611 999 P 49 cdb2a7ef
SCHED-TRACE 2612 999 D 49 cdb2a7ef
SCHED-TRACE 2613 1001 K 1 ccf8147a
SCHED-TRACE 2614 1002 U 3 6abcc
SCHED-TRACE 2615 1002 V 3 6aee2
SCHED-TRACE 2616 1003 P 52 ccf8147a
SCHED-TRACE 2617 1003 W 52 ccf8147a
SCHED-TRACE 2618 1003 U 4 6af10
SCHED-TRACE 2619 1003 V 4 6af45
SCHED-TRACE 2620 1003 I 1 6af4a
SCHED-TRACE 2621 1003 B 1 7b
SCHED-TRACE 2622 1003 P 1 cdbcc083
SCHED-TRACE 2623 1003 R 1 cdbcc083
SCHED-TRACE 2624 1004 O 0 0
SCHED-TRACE 2625 1004 P 1 cdc99581
SCHED-TRACE 2626 1005 K 52 ccf8147a
SCHED-TRACE 2627 1005 P 1 cdda20c4
SCHED-TRACE 2628 1006 P 1 cde220c4
SCHED-TRACE 2629 1006 P 52 ce9cb851
SCHED-TRACE 2630 1006 D 52 ce9cb851
SCHED-TRACE 2631 1008 K 1 cde220c4
SCHED-TRACE 2632 1009 U 3 6b6aa
SCHED-TRACE 2633 1009 V 3 6b9bc
SCHED-TRACE 2634 1010 P 55 cde220c4
SCHED-TRACE 2635 1010 W 55 cde220c4
SCHED-TRACE 2636 1010 U 4 6b9ea
SCHED-TRACE 2637 1010 V 4 6ba1f
SCHED-TRACE 2638 1010 I 1 6ba24
SCHED-TRACE 2639 1010 B 1 7a
SCHED-TRACE 2640 1010 P 1 cea6cccc
SCHED-TRACE 2641 1010 R 1 cea6cccc
SCHED-TRACE 2642 1011 O 0 0
SCHED-TRACE 2643 1011 P 1 ceb3a5e3
SCHED-TRACE 2644 1012 K 55 cde220c4
SCHED-TRACE 2645 1012 P 1 cec4353f
SCHED-TRACE 2646 1013 P 1 cecc353f
SCHED-TRACE 2647 1013 P 55 cf86c49b
SCHED-TRACE 2648 1013 D 55 cf86c49b
SCHED-TRACE 2649 1015 K 1 cecc353f
SCHED-TRACE 2650 1016 U 3 6c184
SCHED-TRACE 2651 1016 V 3 6c492
SCHED-TRACE 2652 1017 P 58 cecc353f
SCHED-TRACE 2653 1017 W 58 cecc353f
SCHED-TRACE 2654 1017 U 4 6c4c0
SCHED-TRACE 2655 1017 V 4 6c4f4
SCHED-TRACE 2656 1017 I 1 6c4fa
SCHED-TRACE 2657 1017 B 1 7a
SCHED-TRACE 2658 1017 P 1 cf90e147
SCHED-TRACE 2659 1017 R 1 cf90e147
SCHED-TRACE 2660 1018 O 0 0
SCHED-TRACE 2661 1018 P 1 cf9dba5e
SCHED-TRACE 2662 1019 K 58 cecc353f
SCHED-TRACE 2663 1019 P 1 cfae49ba
SCHED-TRACE 2664 1020 P 1 cfb649ba
SCHED-TRACE 2665 1020 P 58 d070d917
SCHED-TRACE 2666 1020 D 58 d070d917
SCHED-TRACE 2667 1022 K 1 cfb649ba
SCHED-TRACE 2668 1023 U 3 6cc59
SCHED-TRACE 2669 1023 V 3 6cf63
SCHED-TRACE 2670 1024 P 61 cfb649ba
SCHED-TRACE 2671 1024 W 61 cfb649ba
SCHED-TRACE 2672 1024 U 4 6cf91
SCHED-TRACE 2673 1024 V 4 6cfc5
SCHED-TRACE 2674 1024 I 1 6cfcb
SCHED-TRACE 2675 1024 B 1 7a
SCHED-TRACE 2676 1024 P 1 d07af5c2
SCHED-TRACE 2677 1024 R 1 d07af5c2
SCHED-TRACE 2678 1025 O 0 0
SCHED-TRACE 2679 1025 P 1 d087ced9
SCHED-TRACE 2680 1026 K 61 cfb649ba
SCHED-TRACE 2681 1026 P 1 d0985a1c
SCHED-TRACE 2682 1027 P 1 d0a05e35
SCHED-TRACE 2683 1027 P 61 d15a9ba6
SCHED-TRACE 2684 1027 D 61 d15a9ba6
SCHED-TRACE 2685 1029 K 1 d0a05e35
SCHED-TRACE 2686 1030 U 3 6d72a
SCHED-TRACE 2687 1030 V 3 6da2f
SCHED-TRACE 2688 1031 P 64 d0a05e35
SCHED-TRACE 2689 1031 W 64 d0a05e35
SCHED-TRACE 2690 1031 U 4 6da5d
SCHED-TRACE 2691 1031 V 4 6da92
SCHED-TRACE 2692 1031 I 1 6da97
SCHED-TRACE 2693 1031 B 1 7a
SCHED-TRACE 2694 1031 P 1 d165126e
SCHED-TRACE 2695 1031 R 1 d165126e
SCHED-TRACE 2696 1032 O 0 0
SCHED-TRACE 2697 1032 P 1 d171eb85
SCHED-TRACE 2698 1033 K 64 d0a05e35
SCHED-TRACE 2699 1033 P 1 d18276c8
SCHED-TRACE 2700 1034 P 1 d18a7ae1
SCHED-TRACE 2701 1034 P 64 d244d916
SCHED-TRACE 2702 1034 D 64 d244d916
SCHED-TRACE 2703 1036 K 1 d18a7ae1
SCHED-TRACE 2704 1037 U 3 6e1f7
SCHED-TRACE 2705 1037 V 3 6e4f7
SCHED-TRACE 2706 1038 P 67 d18a7ae1
SCHED-TRACE 2707 1038 W 67 d18a7ae1
SCHED-TRACE 2708 1038 U 4 6e525
SCHED-TRACE 2709 1038 V 4 6e55a
SCHED-TRACE 2710 1038 I 1 6e55f
SCHED-TRACE 2711 1038 B 1 7a
SCHED-TRACE 2712 1038 P 1 d24f2f1a
SCHED-TRACE 2713 1038 R 1 d24f2f1a
SCHED-TRACE 2714 1039 O 0 0
SCHED-TRACE 2715 1039 P 1 d25c0831
SCHED-TRACE 2716 1040 K 67 d18a7ae1
SCHED-TRACE 2717 1040 P 1 d26c9374
SCHED-TRACE 2718 1041 P 1 d274978d
SCHED-TRACE 2719 1041 P 67 d32ef5c2
SCHED-TRACE 2720 1041 D 67 d32ef5c2
SCHED-TRACE 2721 1043 K 1 d274978d
SCHED-TRACE 2722 1044 U 3 6ecbf
SCHED-TRACE 2723 1044 V 3 6efbb
SCHED-TRACE 2724 1045 P 70 d274978d
SCHED-TRACE 2725 1045 W 70 d274978d
SCHED-TRACE 2726 1045 U 4 6efe9
SCHED-TRACE 2727 1045 V 4 6f01e
SCHED-TRACE 2728 1045 I 1 6f023
SCHED-TRACE 2729 1045 B 1 7a
SCHED-TRACE 2730 1045 P 1 d3394bc6
SCHED-TRACE 2731 1045 R 1 d3394bc6
SCHED-TRACE 2732 1046 O 0 0
SCHED-TRACE 2733 1046 P 1 d34624dd
SCHED-TRACE 2734 1047 K 70 d274978d
SCHED-TRACE 2735 1047 P 1 d356b020
SCHED-TRACE 2736 1048 P 1 d35eb439
SCHED-TRACE 2737 1048 P 70 d419126f
SCHED-TRACE 2738 1048 D 70 d419126f
SCHED-TRACE 2739 1050 K 1 d35eb439
SCHED-TRACE 2740 1051 U 3 6f783
SCHED-TRACE 2741 1051 V 3 6fa7b
SCHED-TRACE 2742 1052 P 73 d35eb439
SCHED-TRACE 2743 1052 W 73 d35eb439
SCHED-TRACE 2744 1052 U 4 6faa9
SCHED-TRACE 2745 1052 V 4 6fadd
SCHED-TRACE 2746 1052 I 1 6fae3
SCHED-TRACE 2747 1052 B 1 7a
SCHED-TRACE 2748 1052 P 1 d4236872
SCHED-TRACE 2749 1052 R 1 d4236872
SCHED-TRACE 2750 1053 O 0 0
SCHED-TRACE 2751 1053 P 1 d4304189
SCHED-TRACE 2752 1054 K 73 d35eb439
SCHED-TRACE 2753 1054 P 1 d440cccc
SCHED-TRACE 2754 1055 P 1 d448d0e5
SCHED-TRACE 2755 1055 P 73 d5032f1b
SCHED-TRACE 2756 1055 D 73 d5032f1b
SCHED-TRACE 2757 1057 K 1 d448d0e5
SCHED-TRACE 2758 1058 U 3 70242
SCHED-TRACE 2759 1058 V 3 70536
SCHED-TRACE 2760 1059 P 76 d448d0e5
SCHED-TRACE 2761 1059 W 76 d448d0e5
SCHED-TRACE 2762 1059 U 4 70563
SCHED-TRACE 2763 1059 V 4 70598
SCHED-TRACE 2764 1059 I 1 7059d
SCHED-TRACE 2765 1059 B 1 7a
SCHED-TRACE 2766 1059 P 1 d50d7ced
SCHED-TRACE 2767 1059 R 1 d50d7ced
SCHED-TRACE 2768 1060 O 0 0
SCHED-TRACE 2769 1060 P 1 d51a5604
SCHED-TRACE 2770 1061 K 76 d448d0e5
SCHED-TRACE 2771 1061 P 1 d52ae147
SCHED-TRACE 2772 1062 P 1 d532e560
SCHED-TRACE 2773 1062 P 76 d5ed4bc6
SCHED-TRACE 2774 1062 D 76 d5ed4bc6
SCHED-TRACE 2775 1064 K 1 d532e560
SCHED-TRACE 2776 1065 U 3 70cfd
SCHED-TRACE 2777 1065 V 3 70fec
SCHED-TRACE 2778 1066 P 79 d532e560
SCHED-TRACE 2779 1066 W 79 d532e560
SCHED-TRACE 2780 1066 U 4 7101a
SCHED-TRACE 2781 1066 V 4 7104f
SCHED-TRACE 2782 1066 I 1 71054
SCHED-TRACE 2783 1066 B 1 7b
SCHED-TRACE 2784 1066 P 1 d5f79581
SCHED-TRACE 2785 1066 R 1 d5f79581
SCHED-TRACE 2786 1067 O 0 0
SCHED-TRACE 2787 1067 P 1 d6046a7e
SCHED-TRACE 2788 1068 K 79 d532e560
SCHED-TRACE 2789 1068 P 1 d614f5c2
SCHED-TRACE 2790 1069 P 1 d61cf9db
SCHED-TRACE 2791 1069 P 79 d6db9f8f
SCHED-TRACE 2792 1069 D 79 d6db9f8f
SCHED-TRACE 2793 1071 K 1 d61cf9db
SCHED-TRACE 2794 1072 U 3 717b4
SCHED-TRACE 2795 1072 V 3 71a9e
SCHED-TRACE 2796 1073 W 82 1fd428b43
SCHED-TRACE 2797 1073 U 4 71aca
SCHED-TRACE 2798 1073 V 4 71aff
SCHED-TRACE 2799 1073 I 1 71b04
SCHED-TRACE 2800 1073 B 1 7a
SCHED-TRACE 2801 1073 P 1 d6e15810
SCHED-TRACE 2802 1073 R 1 d6e15810
SCHED-TRACE 2803 1074 O 0 0
SCHED-TRACE 2804 1074 P 1 d6ee2d0e
SCHED-TRACE 2805 1075 K 1 d6ee2d0e
SCHED-TRACE 2806 1075 P 1 d6fe5604
SCHED-TRACE 2807 1076 P 1 d72ba9fb
SCHED-TRACE 2808 1076 D 1 d72ba9fb
SCHED-TRACE 2809 1078 K 82 1fd428b43
SCHED-TRACE 2810 1079 P 82 29ca28b43
SCHED-TRACE 2811 1079 D 82 29ca28b43
SCHED-TRACE 2812 1081 W 82 32a328b43
SCHED-TRACE 2813 1081 P 79 29ca28b43
SCHED-TRACE 2814 1081 W 79 29ca28b43
SCHED-TRACE 2815 1081 P 76 29ca28b43
SCHED-TRACE 2816 1081 W 76 29ca28b43
SCHED-TRACE 2817 1081 P 73 29ca28b43
SCHED-TRACE 2818 1081 W 73 29ca28b43
SCHED-TRACE 2819 1081 P 70 29ca28b43
SCHED-TRACE 2820 1081 W 70 29ca28b43
SCHED-TRACE 2821 1081 P 67 29ca28b43
SCHED-TRACE 2822 1081 W 67 29ca28b43
SCHED-TRACE 2823 1081 P 64 29ca28b43
SCHED-TRACE 2824 1081 W 64 29ca28b43
SCHED-TRACE 2825 1081 P 61 29ca28b43
SCHED-TRACE 2826 1081 W 61 29ca28b43
SCHED-TRACE 2827 1081 P 58 29ca28b43
SCHED-TRACE 2828 1081 W 58 29ca28b43
SCHED-TRACE 2829 1081 P 55 29ca28b43
SCHED-TRACE 2830 1081 W 55 29ca28b43
SCHED-TRACE 2831 1081 P 52 29ca28b43
SCHED-TRACE 2832 1081 W 52 29ca28b43
SCHED-TRACE 2833 1081 P 49 29ca28b43
SCHED-TRACE 2834 1081 W 49 29ca28b43
SCHED-TRACE 2835 1081 P 46 29ca28b43
SCHED-TRACE 2836 1081 W 46 29ca28b43
SCHED-TRACE 2837 1081 P 43 29ca28b43
SCHED-TRACE 2838 1081 W 43 29ca28b43
SCHED-TRACE 2839 1081 P 40 29ca28b43
SCHED-TRACE 2840 1081 W 40 29ca28b43
SCHED-TRACE 2841 1081 P 37 29ca28b43
SCHED-TRACE 2842 1081 W 37 29ca28b43
SCHED-TRACE 2843 1081 P 34 29ca28b43
SCHED-TRACE 2844 1081 W 34 29ca28b43
SCHED-TRACE 2845 1081 P 31 29ca28b43
SCHED-TRACE 2846 1081 W 31 29ca28b43
SCHED-TRACE 2847 1081 U 4 72f66
SCHED-TRACE 2848 1081 V 4 72ff9
SCHED-TRACE 2849 1081 K 31 29ca28b43
SCHED-TRACE 2850 1081 P 82 4d2428b43
SCHED-TRACE 2851 1082 P 82 54b128b43
SCHED-TRACE 2852 1082 I 31 7340b
SCHED-TRACE 2853 1082 B 31 7b
SCHED-TRACE 2854 1082 P 31 2a1aadd2e
SCHED-TRACE 2855 1082 R 31 2a1aadd2e
SCHED-TRACE 2856 1083 U 4 73527
SCHED-TRACE 2857 1083 V 4 735bd
SCHED-TRACE 2858 1083 O 0 0
SCHED-TRACE 2859 1083 P 31 2a36cc8b3
SCHED-TRACE 2860 1084 K 34 29ca28b43
SCHED-TRACE 2861 1084 P 31 2a4fd4395
SCHED-TRACE 2862 1085 P 31 2a6328b43
SCHED-TRACE 2863 1085 I 34 73adf
SCHED-TRACE 2864 1085 B 34 7a
SCHED-TRACE 2865 1085 P 34 2a1aba9fb
SCHED-TRACE 2866 1085 R 34 2a1aba9fb
SCHED-TRACE 2867 1086 U 4 73bfb
SCHED-TRACE 2868 1086 V 4 73c90
SCHED-TRACE 2869 1086 O 0 0
SCHED-TRACE 2870 1086 P 34 2a36d6c8b
SCHED-TRACE 2871 1087 K 37 29ca28b43
SCHED-TRACE 2872 1087 P 34 2a4fe1062
SCHED-TRACE 2873 1088 P 34 2a6332f1a
SCHED-TRACE 2874 1088 I 37 741b3
SCHED-TRACE 2875 1088 B 37 7b
SCHED-TRACE 2876 1088 P 37 2a1ac4dd2
SCHED-TRACE 2877 1088 R 37 2a1ac4dd2
SCHED-TRACE 2878 1089 U 4 742cf
SCHED-TRACE 2879 1089 V 4 74364
SCHED-TRACE 2880 1089 O 0 0
SCHED-TRACE 2881 1089 P 37 2a36d9581
SCHED-TRACE 2882 1090 K 40 29ca28b43
SCHED-TRACE 2883 1090 P 37 2a4fe1062
SCHED-TRACE 2884 1091 P 37 2a6332f1a
SCHED-TRACE 2885 1091 I 40 74887
SCHED-TRACE 2886 1091 B 40 7a
SCHED-TRACE 2887 1091 P 40 2a1ac76c8
SCHED-TRACE 2888 1091 R 40 2a1ac76c8
SCHED-TRACE 2889 1092 U 4 749a2
SCHED-TRACE 2890 1092 V 4 74a38
SCHED-TRACE 2891 1092 O 0 0
SCHED-TRACE 2892 1092 P 40 2a36d9580
SCHED-TRACE 2893 1093 K 43 29ca28b43
SCHED-TRACE 2894 1093 P 40 2a4fe1061
SCHED-TRACE 2895 1094 P 40 2a6330624
SCHED-TRACE 2896 1094 I 43 74f5a
SCHED-TRACE 2897 1094 B 43 7a
SCHED-TRACE 2898 1094 P 43 2a1ab8105
SCHED-TRACE 2899 1094 R 43 2a1ab8105
SCHED-TRACE 2900 1095 U 4 75075
SCHED-TRACE 2901 1095 V 4 7510b
SCHED-TRACE 2902 1095 O 0 0
SCHED-TRACE 2903 1095 P 43 2a36c76c8
SCHED-TRACE 2904 1096 K 46 29ca28b43
SCHED-TRACE 2905 1096 P 43 2a4fcf1a9
SCHED-TRACE 2906 1097 P 43 2a631be76
SCHED-TRACE 2907 1097 I 46 7562d
SCHED-TRACE 2908 1097 B 46 7b
SCHED-TRACE 2909 1097 P 46 2a1abfbe7
SCHED-TRACE 2910 1097 R 46 2a1abfbe7
SCHED-TRACE 2911 1098 U 4 75748
SCHED-TRACE 2912 1098 V 4 757de
SCHED-TRACE 2913 1098 O 0 0
SCHED-TRACE 2914 1098 P 46 2a36c76c9
SCHED-TRACE 2915 1099 K 49 29ca28b43
SCHED-TRACE 2916 1099 P 46 2a4fcf1aa
SCHED-TRACE 2917 1100 P 46 2a631be77
SCHED-TRACE 2918 1100 I 49 75d00
SCHED-TRACE 2919 1100 B 49 7a
SCHED-TRACE 2920 1100 P 49 2a1ac24dd
SCHED-TRACE 2921 1100 R 49 2a1ac24dd
SCHED-TRACE 2922 1101 U 4 75e1b
SCHED-TRACE 2923 1101 V 4 75eb0
SCHED-TRACE 2924 1101 O 0 0
SCHED-TRACE 2925 1101 P 49 2a36c4dd3
SCHED-TRACE 2926 1102 K 52 29ca28b43
SCHED-TRACE 2927 1102 P 49 2a4fcc8b4
SCHED-TRACE 2928 1103 P 49 2a6316c8b
SCHED-TRACE 2929 1103 I 52 763d3
SCHED-TRACE 2930 1103 B 52 7a
SCHED-TRACE 2931 1103 P 52 2a1ac9fbe
SCHED-TRACE 2932 1103 R 52 2a1ac9fbe
SCHED-TRACE 2933 1104 U 4 764ee
SCHED-TRACE 2934 1104 V 4 76583
SCHED-TRACE 2935 1104 O 0 0
SCHED-TRACE 2936 1104 P 52 2a36c9fbe
SCHED-TRACE 2937 1105 K 55 29ca28b43
SCHED-TRACE 2938 1105 P 52 2a4fd1a9f
SCHED-TRACE 2939 1106 P 52 2a631be76
SCHED-TRACE 2940 1106 I 55 76aa5
SCHED-TRACE 2941 1106 B 55 7a
SCHED-TRACE 2942 1106 P 55 2a1ab8106
SCHED-TRACE 2943 1106 R 55 2a1ab8106
SCHED-TRACE 2944 1107 U 4 76bc0
SCHED-TRACE 2945 1107 V 4 76c55
SCHED-TRACE 2946 1107 O 0 0
SCHED-TRACE 2947 1107 P 55 2a36b2f1a
SCHED-TRACE 2948 1108 K 58 29ca28b43
SCHED-TRACE 2949 1108 P 55 2a4fba9fc
SCHED-TRACE 2950 1109 P 55 2a63024dd
SCHED-TRACE 2951 1109 I 58 77177
SCHED-TRACE 2952 1109 B 58 7b
SCHED-TRACE 2953 1109 P 58 2a1abfbe7
SCHED-TRACE 2954 1109 R 58 2a1abfbe7
SCHED-TRACE 2955 1110 U 4 77291
SCHED-TRACE 2956 1110 V 4 77327
SCHED-TRACE 2957 1110 O 0 0
SCHED-TRACE 2958 1110 P 58 2a36b5810
SCHED-TRACE 2959 1111 K 61 29ca28b43
SCHED-TRACE 2960 1111 P 58 2a4fbd2f1
SCHED-TRACE 2961 1112 P 58 2a6304dd3
SCHED-TRACE 2962 1112 I 61 77849
SCHED-TRACE 2963 1112 B 61 7b
SCHED-TRACE 2964 1112 P 61 2a1ac4dd3
SCHED-TRACE 2965 1112 R 61 2a1ac4dd3
SCHED-TRACE 2966 1113 U 4 77963
SCHED-TRACE 2967 1113 V 4 779f9
SCHED-TRACE 2968 1113 O 0 0
SCHED-TRACE 2969 1113 P 61 2a36b5810
SCHED-TRACE 2970 1114 K 64 29ca28b43
SCHED-TRACE 2971 1114 P 61 2a4fba9fc
SCHED-TRACE 2972 1115 P 61 2a63024dd
SCHED-TRACE 2973 1115 I 64 77f1b
SCHED-TRACE 2974 1115 B 64 7a
SCHED-TRACE 2975 1115 P 64 2a1ac9fbe
SCHED-TRACE 2976 1115 R 64 2a1ac9fbe
SCHED-TRACE 2977 1116 U 4 78035
SCHED-TRACE 2978 1116 V 4 780cb
SCHED-TRACE 2979 1116 O 0 0
SCHED-TRACE 2980 1116 P 64 2a36b8105
SCHED-TRACE 2981 1117 K 67 29ca28b43
SCHED-TRACE 2982 1117 P 64 2a4fbd2f1
SCHED-TRACE 2983 1118 P 64 2a63024dc
SCHED-TRACE 2984 1118 I 67 785ed
SCHED-TRACE 2985 1118 B 67 7a
SCHED-TRACE 2986 1118 P 67 2a1ad1a9f
SCHED-TRACE 2987 1118 R 67 2a1ad1a9f
SCHED-TRACE 2988 1119 U 4 78707
SCHED-TRACE 2989 1119 V 4 7879c
SCHED-TRACE 2990 1119 O 0 0
SCHED-TRACE 2991 1119 P 67 2a36ba9fb
SCHED-TRACE 2992 1120 K 70 29ca28b43
SCHED-TRACE 2993 1120 P 67 2a4fbfbe6
SCHED-TRACE 2994 1121 P 67 2a63024dc
SCHED-TRACE 2995 1121 I 70 78cbe
SCHED-TRACE 2996 1121 B 70 7b
SCHED-TRACE 2997 1121 P 70 2a1ac24dc
SCHED-TRACE 2998 1121 R 70 2a1ac24dc
SCHED-TRACE 2999 1122 U 4 78dd8
SCHED-TRACE 3000 1122 V 4 78e6d
SCHED-TRACE 3001 1122 O 0 0
SCHED-TRACE 3002 1122 P 70 2a36a624d
SCHED-TRACE 3003 1123 K 73 29ca28b43
SCHED-TRACE 3004 1123 P 70 2a4fa8b43
SCHED-TRACE 3005 1124 P 70 2a62eb438
SCHED-TRACE 3006 1124 I 73 7938f
SCHED-TRACE 3007 1124 B 73 7a
SCHED-TRACE 3008 1124 P 73 2a1ac4dd3
SCHED-TRACE 3009 1124 R 73 2a1ac4dd3
SCHED-TRACE 3010 1125 U 4 794a8
SCHED-TRACE 3011 1125 V 4 7953e
SCHED-TRACE 3012 1125 O 0 0
SCHED-TRACE 3013 1125 P 73 2a36a624d
SCHED-TRACE 3014 1126 K 76 29ca28b43
SCHED-TRACE 3015 1126 P 73 2a4fa8b43
SCHED-TRACE 3016 1127 P 73 2a62eb439
SCHED-TRACE 3017 1127 I 76 79a60
SCHED-TRACE 3018 1127 B 76 7a
SCHED-TRACE 3019 1127 P 76 2a1acc8b4
SCHED-TRACE 3020 1127 R 76 2a1acc8b4
SCHED-TRACE 3021 1128 U 4 79b79
SCHED-TRACE 3022 1128 V 4 79c0f
SCHED-TRACE 3023 1128 O 0 0
SCHED-TRACE 3024 1128 P 76 2a36a624d
SCHED-TRACE 3025 1129 K 79 29ca28b43
SCHED-TRACE 3026 1129 P 76 2a4fa8b43
SCHED-TRACE 3027 1130 P 76 2a62e8b43
SCHED-TRACE 3028 1130 I 79 7a131
SCHED-TRACE 3029 1130 B 79 7a
SCHED-TRACE 3030 1130 P 79 2a1ba23d4
SCHED-TRACE 3031 1130 R 79 2a1ba23d4
SCHED-TRACE 3032 1131 U 4 7a24a
SCHED-TRACE 3033 1131 V 4 7a2e0
SCHED-TRACE 3034 1131 O 0 0
SCHED-TRACE 3035 1131 P 79 2a37c1450
SCHED-TRACE 3036 1132 K 79 2a37c1450
SCHED-TRACE 3037 1132 P 79 2a5104808
SCHED-TRACE 3038 1133 I 79 7a802
SCHED-TRACE 3039 1133 B 79 7b
SCHED-TRACE 3040 1133 P 79 2ab5f4fca
SCHED-TRACE 3041 1133 R 79 2ab5f4fca
SCHED-TRACE 3042 1134 U 4 7a91b
SCHED-TRACE 3043 1134 V 4 7a9b1
SCHED-TRACE 3044 1134 O 0 0
SCHED-TRACE 3045 1134 P 79 2ad2169a6
SCHED-TRACE 3046 1135 K 76 2a62e8b43
SCHED-TRACE 3047 1135 P 79 2aeb5c6bd
SCHED-TRACE 3048 1136 P 79 2afece32f
SCHED-TRACE 3049 1136 I 76 7aed3
SCHED-TRACE 3050 1136 B 76 7b
SCHED-TRACE 3051 1136 P 76 2ab394395
SCHED-TRACE 3052 1136 R 76 2ab394395
SCHED-TRACE 3053 1137 U 4 7afed
SCHED-TRACE 3054 1137 V 4 7b082
SCHED-TRACE 3055 1137 O 0 0
SCHED-TRACE 3056 1137 P 76 2acf72f1a
SCHED-TRACE 3057 1138 K 70 2a62eb438
SCHED-TRACE 3058 1138 P 76 2ae875810
SCHED-TRACE 3059 1139 P 76 2afbba9fb
SCHED-TRACE 3060 1139 I 70 7b5a4
SCHED-TRACE 3061 1139 B 70 7a
SCHED-TRACE 3062 1139 P 70 2ab389fbe
SCHED-TRACE 3063 1139 R 70 2ab389fbe
SCHED-TRACE 3064 1140 U 4 7b6be
SCHED-TRACE 3065 1140 V 4 7b753
SCHED-TRACE 3066 1140 O 0 0
SCHED-TRACE 3067 1140 P 70 2acf70624
SCHED-TRACE 3068 1141 K 73 2a62eb439
SCHED-TRACE 3069 1141 P 70 2ae875810
SCHED-TRACE 3070 1142 P 70 2afbb8105
SCHED-TRACE 3071 1142 I 73 7bc75
SCHED-TRACE 3072 1142 B 73 7b
SCHED-TRACE 3073 1142 P 73 2ab389fbe
SCHED-TRACE 3074 1142 R 73 2ab389fbe
SCHED-TRACE 3075 1143 U 4 7bd8f
SCHED-TRACE 3076 1143 V 4 7be24
SCHED-TRACE 3077 1143 O 0 0
SCHED-TRACE 3078 1143 P 73 2acf6dd2f
SCHED-TRACE 3079 1144 K 64 2a63024dc
SCHED-TRACE 3080 1144 P 73 2ae872f1a
SCHED-TRACE 3081 1145 P 73 2afbb8106
SCHED-TRACE 3082 1145 I 64 7c346
SCHED-TRACE 3083 1145 B 64 7b
SCHED-TRACE 3084 1145 P 64 2ab39be76
SCHED-TRACE 3085 1145 R 64 2ab39be76
SCHED-TRACE 3086 1146 U 4 7c460
SCHED-TRACE 3087 1146 V 4 7c4f6
SCHED-TRACE 3088 1146 O 0 0
SCHED-TRACE 3089 1146 P 64 2acf876c8
SCHED-TRACE 3090 1147 K 67 2a63024dc
SCHED-TRACE 3091 1147 P 64 2ae88c8b3
SCHED-TRACE 3092 1148 P 64 2afbd1a9f
SCHED-TRACE 3093 1148 I 67 7ca18
SCHED-TRACE 3094 1148 B 67 7a
SCHED-TRACE 3095 1148 P 67 2ab3ab438
SCHED-TRACE 3096 1148 R 67 2ab3ab438
SCHED-TRACE 3097 1149 U 4 7cb32
SCHED-TRACE 3098 1149 V 4 7cbc8
SCHED-TRACE 3099 1149 O 0 0
SCHED-TRACE 3100 1149 P 67 2acf99580
SCHED-TRACE 3101 1150 K 55 2a63024dd
SCHED-TRACE 3102 1150 P 67 2ae89e76c
SCHED-TRACE 3103 1151 P 67 2afbe624d
SCHED-TRACE 3104 1151 I 55 7d0ea
SCHED-TRACE 3105 1151 B 55 7a
SCHED-TRACE 3106 1151 P 55 2ab3a8b43
SCHED-TRACE 3107 1151 R 55 2ab3a8b43
SCHED-TRACE 3108 1152 U 4 7d204
SCHED-TRACE 3109 1152 V 4 7d29a
SCHED-TRACE 3110 1152 O 0 0
SCHED-TRACE 3111 1152 P 55 2acf9e76c
SCHED-TRACE 3112 1153 K 61 2a63024dd
SCHED-TRACE 3113 1153 P 55 2ae8a1062
SCHED-TRACE 3114 1154 P 55 2afbe8b43
SCHED-TRACE 3115 1154 I 61 7d7bc
SCHED-TRACE 3116 1154 B 61 7a
SCHED-TRACE 3117 1154 P 61 2ab3a1062
SCHED-TRACE 3118 1154 R 61 2ab3a1062
SCHED-TRACE 3119 1155 U 4 7d8d6
SCHED-TRACE 3120 1155 V 4 7d96c
SCHED-TRACE 3121 1155 O 0 0
SCHED-TRACE 3122 1155 P 61 2acf94395
SCHED-TRACE 3123 1156 K 58 2a6304dd3
SCHED-TRACE 3124 1156 P 61 2ae899581
SCHED-TRACE 3125 1157 P 61 2afbde76c
SCHED-TRACE 3126 1157 I 58 7de8e
SCHED-TRACE 3127 1157 B 58 7b
SCHED-TRACE 3128 1157 P 58 2ab3ab439
SCHED-TRACE 3129 1157 R 58 2ab3ab439
SCHED-TRACE 3130 1158 U 4 7dfa8
SCHED-TRACE 3131 1158 V 4 7e03e
SCHED-TRACE 3132 1158 O 0 0
SCHED-TRACE 3133 1158 P 58 2acfa1062
SCHED-TRACE 3134 1159 K 49 2a6316c8b
SCHED-TRACE 3135 1159 P 58 2ae8a624d
SCHED-TRACE 3136 1160 P 58 2afbedd2f
SCHED-TRACE 3137 1160 I 49 7e560
SCHED-TRACE 3138 1160 B 49 7a
SCHED-TRACE 3139 1160 P 49 2ab3b2f1a
SCHED-TRACE 3140 1160 R 49 2ab3b2f1a
SCHED-TRACE 3141 1161 U 4 7e67b
SCHED-TRACE 3142 1161 V 4 7e710
SCHED-TRACE 3143 1161 O 0 0
SCHED-TRACE 3144 1161 P 49 2acfb0625
SCHED-TRACE 3145 1162 K 43 2a631be76
SCHED-TRACE 3146 1162 P 49 2ae8b5810
SCHED-TRACE 3147 1163 P 49 2afbfa9fc
SCHED-TRACE 3148 1163 I 43 7ec32
SCHED-TRACE 3149 1163 B 43 7b
SCHED-TRACE 3150 1163 P 43 2ab3b5810
SCHED-TRACE 3151 1163 R 43 2ab3b5810
SCHED-TRACE 3152 1164 U 4 7ed4d
SCHED-TRACE 3153 1164 V 4 7ede2
SCHED-TRACE 3154 1164 O 0 0
SCHED-TRACE 3155 1164 P 43 2acfb2f1a
SCHED-TRACE 3156 1165 K 52 2a631be76
SCHED-TRACE 3157 1165 P 43 2ae8b8105
SCHED-TRACE 3158 1166 P 43 2afbfd2f1
SCHED-TRACE 3159 1166 I 52 7f304
SCHED-TRACE 3160 1166 B 52 7b
SCHED-TRACE 3161 1166 P 52 2ab3b2f1a
SCHED-TRACE 3162 1166 R 52 2ab3b2f1a
SCHED-TRACE 3163 1167 U 4 7f41f
SCHED-TRACE 3164 1167 V 4 7f4b4
SCHED-TRACE 3165 1167 O 0 0
SCHED-TRACE 3166 1167 P 52 2acfadd2e
SCHED-TRACE 3167 1168 K 46 2a631be77
SCHED-TRACE 3168 1168 P 52 2ae8b0624
SCHED-TRACE 3169 1169 P 52 2afbf8105
SCHED-TRACE 3170 1169 I 46 7f9d6
SCHED-TRACE 3171 1169 B 46 7a
SCHED-TRACE 3172 1169 P 46 2ab3b5810
SCHED-TRACE 3173 1169 R 46 2ab3b5810
SCHED-TRACE 3174 1170 U 4 7faf1
SCHED-TRACE 3175 1170 V 4 7fb86
SCHED-TRACE 3176 1170 O 0 0
SCHED-TRACE 3177 1170 P 46 2acfb8106
SCHED-TRACE 3178 1171 K 31 2a6328b43
SCHED-TRACE 3179 1171 P 46 2ae8bd2f2
SCHED-TRACE 3180 1172 P 46 2afc04dd3
SCHED-TRACE 3181 1172 I 31 800a8
SCHED-TRACE 3182 1172 B 31 7a
SCHED-TRACE 3183 1172 P 31 2ab3ba9fb
SCHED-TRACE 3184 1172 R 31 2ab3ba9fb
SCHED-TRACE 3185 1173 U 4 801c3
SCHED-TRACE 3186 1173 V 4 80259
SCHED-TRACE 3187 1173 O 0 0
SCHED-TRACE 3188 1173 P 31 2acfc76c8
SCHED-TRACE 3189 1174 K 40 2a6330624
SCHED-TRACE 3190 1174 P 31 2ae8c9fbe
SCHED-TRACE 3191 1175 P 31 2afc11a9f
SCHED-TRACE 3192 1175 I 40 8077b
SCHED-TRACE 3193 1175 B 40 7a
SCHED-TRACE 3194 1175 P 40 2ab3d4394
SCHED-TRACE 3195 1175 R 40 2ab3d4394
SCHED-TRACE 3196 1176 U 4 80896
SCHED-TRACE 3197 1176 V 4 8092c
SCHED-TRACE 3198 1176 O 0 0
SCHED-TRACE 3199 1176 P 40 2acfdbe76
SCHED-TRACE 3200 1177 K 34 2a6332f1a
SCHED-TRACE 3201 1177 P 40 2ae8de76b
SCHED-TRACE 3202 1178 P 40 2afc2624d
SCHED-TRACE 3203 1178 I 34 80e4e
SCHED-TRACE 3204 1178 B 34 7a
SCHED-TRACE 3205 1178 P 34 2ab3d9581
SCHED-TRACE 3206 1178 R 34 2ab3d9581
SCHED-TRACE 3207 1179 U 4 80f69
SCHED-TRACE 3208 1179 V 4 80fff
SCHED-TRACE 3209 1179 O 0 0
SCHED-TRACE 3210 1179 P 34 2acfe3958
SCHED-TRACE 3211 1180 K 37 2a6332f1a
SCHED-TRACE 3212 1180 P 34 2ae8e8b43
SCHED-TRACE 3213 1181 P 34 2afc2dd2f
SCHED-TRACE 3214 1181 I 37 81521
SCHED-TRACE 3215 1181 B 37 7a
SCHED-TRACE 3216 1181 P 37 2ab3d9581
SCHED-TRACE 3217 1181 R 37 2ab3d9581
SCHED-TRACE 3218 1182 U 4 8163c
SCHED-TRACE 3219 1182 V 4 816d1
SCHED-TRACE 3220 1182 O 0 0
SCHED-TRACE 3221 1182 P 37 2acfe1062
SCHED-TRACE 3222 1183 K 37 2acfe1062
SCHED-TRACE 3223 1183 P 37 2ae8e3958
SCHED-TRACE 3224 1184 I 37 81bf4
SCHED-TRACE 3225 1184 B 37 7a
SCHED-TRACE 3226 1184 P 37 2b4cd4395
SCHED-TRACE 3227 1184 R 37 2b4cd4395
SCHED-TRACE 3228 1185 U 4 81d0f
SCHED-TRACE 3229 1185 V 4 81da4
SCHED-TRACE 3230 1185 O 0 0
SCHED-TRACE 3231 1185 P 37 2b68d9581
SCHED-TRACE 3232 1186 K 70 2afbb8105
SCHED-TRACE 3233 1186 P 37 2b81dbe76
SCHED-TRACE 3234 1187 P 37 2b9521062
SCHED-TRACE 3235 1187 I 70 822c6
SCHED-TRACE 3236 1187 B 70 7a
SCHED-TRACE 3237 1187 P 70 2b4c4c8b3
SCHED-TRACE 3238 1187 R 70 2b4c4c8b3
SCHED-TRACE 3239 1188 U 4 823e0
SCHED-TRACE 3240 1188 V 4 82475
SCHED-TRACE 3241 1188 O 0 0
SCHED-TRACE 3242 1188 P 70 2b6832f1a
SCHED-TRACE 3243 1189 K 73 2afbb8106
SCHED-TRACE 3244 1189 P 70 2b8138105
SCHED-TRACE 3245 1190 P 70 2b947a9fb
SCHED-TRACE 3246 1190 I 73 82997
SCHED-TRACE 3247 1190 B 73 7b
SCHED-TRACE 3248 1190 P 73 2b4c56c8b
SCHED-TRACE 3249 1190 R 73 2b4c56c8b
SCHED-TRACE 3250 1191 U 4 82ab1
SCHED-TRACE 3251 1191 V 4 82b46
SCHED-TRACE 3252 1191 O 0 0
SCHED-TRACE 3253 1191 P 73 2b6835810
SCHED-TRACE 3254 1192 K 76 2afbba9fb
SCHED-TRACE 3255 1192 P 73 2b8138106
SCHED-TRACE 3256 1193 P 73 2b9478106
SCHED-TRACE 3257 1193 I 76 83068
SCHED-TRACE 3258 1193 B 76 7b
SCHED-TRACE 3259 1193 P 76 2b4c61062
SCHED-TRACE 3260 1193 R 76 2b4c61062
SCHED-TRACE 3261 1194 U 4 83181
SCHED-TRACE 3262 1194 V 4 83217
SCHED-TRACE 3263 1194 O 0 0
SCHED-TRACE 3264 1194 P 76 2b683fbe7
SCHED-TRACE 3265 1195 K 64 2afbd1a9f
SCHED-TRACE 3266 1195 P 76 2b8144dd2
SCHED-TRACE 3267 1196 P 76 2b94876c8
SCHED-TRACE 3268 1196 I 64 83739
SCHED-TRACE 3269 1196 B 64 7b
SCHED-TRACE 3270 1196 P 64 2b4c75810
SCHED-TRACE 3271 1196 R 64 2b4c75810
SCHED-TRACE 3272 1197 U 4 83853
SCHED-TRACE 3273 1197 V 4 838e8
SCHED-TRACE 3274 1197 O 0 0
SCHED-TRACE 3275 1197 P 64 2b685e76c
SCHED-TRACE 3276 1198 K 61 2afbde76c
SCHED-TRACE 3277 1198 P 64 2b8161061
SCHED-TRACE 3278 1199 P 64 2b94a3957
SCHED-TRACE 3279 1199 I 61 83e0a
SCHED-TRACE 3280 1199 B 61 7a
SCHED-TRACE 3281 1199 P 61 2b4c75810
SCHED-TRACE 3282 1199 R 61 2b4c75810
SCHED-TRACE 3283 1200 U 4 83f24
SCHED-TRACE 3284 1200 V 4 83fb9
SCHED-TRACE 3285 1200 O 0 0
SCHED-TRACE 3286 1200 P 61 2b6861062
SCHED-TRACE 3287 1201 K 67 2afbe624d
SCHED-TRACE 3288 1201 P 61 2b8163958
SCHED-TRACE 3289 1202 P 61 2b94a3958
SCHED-TRACE 3290 1202 I 67 844db
SCHED-TRACE 3291 1202 B 67 7b
SCHED-TRACE 3292 1202 P 67 2b4c824dc
SCHED-TRACE 3293 1202 R 67 2b4c824dc
SCHED-TRACE 3294 1203 U 4 845f5
SCHED-TRACE 3295 1203 V 4 8468a
SCHED-TRACE 3296 1203 O 0 0
SCHED-TRACE 3297 1203 P 67 2b6868b43
SCHED-TRACE 3298 1204 K 55 2afbe8b43
SCHED-TRACE 3299 1204 P 67 2b816b438
SCHED-TRACE 3300 1205 P 67 2b94add2e
SCHED-TRACE 3301 1205 I 55 84bac
SCHED-TRACE 3302 1205 B 55 7a
SCHED-TRACE 3303 1205 P 55 2b4c824dd
SCHED-TRACE 3304 1205 R 55 2b4c824dd
SCHED-TRACE 3305 1206 U 4 84cc6
SCHED-TRACE 3306 1206 V 4 84d5c
SCHED-TRACE 3307 1206 O 0 0
SCHED-TRACE 3308 1206 P 55 2b6872f1a
SCHED-TRACE 3309 1207 K 58 2afbedd2f
SCHED-TRACE 3310 1207 P 55 2b8175810
SCHED-TRACE 3311 1208 P 55 2b94b8106
SCHED-TRACE 3312 1208 I 58 8527e
SCHED-TRACE 3313 1208 B 58 7a
SCHED-TRACE 3314 1208 P 58 2b4c99581
SCHED-TRACE 3315 1208 R 58 2b4c99581
SCHED-TRACE 3316 1209 U 4 85398
SCHED-TRACE 3317 1209 V 4 8542e
SCHED-TRACE 3318 1209 O 0 0
SCHED-TRACE 3319 1209 P 58 2b68876c8
SCHED-TRACE 3320 1210 K 52 2afbf8105
SCHED-TRACE 3321 1210 P 58 2b818c8b4
SCHED-TRACE 3322 1211 P 58 2b94cc8b4
SCHED-TRACE 3323 1211 I 52 8594f
SCHED-TRACE 3324 1211 B 52 7b
SCHED-TRACE 3325 1211 P 52 2b4c91a9f
SCHED-TRACE 3326 1211 R 52 2b4c91a9f
SCHED-TRACE 3327 1212 U 4 85a69
SCHED-TRACE 3328 1212 V 4 85aff
SCHED-TRACE 3329 1212 O 0 0
SCHED-TRACE 3330 1212 P 52 2b6884dd2
SCHED-TRACE 3331 1213 K 49 2afbfa9fc
SCHED-TRACE 3332 1213 P 52 2b81876c8
SCHED-TRACE 3333 1214 P 52 2b94c76c8
SCHED-TRACE 3334 1214 I 49 86021
SCHED-TRACE 3335 1214 B 49 7b
SCHED-TRACE 3336 1214 P 49 2b4ca624d
SCHED-TRACE 3337 1214 R 49 2b4ca624d
SCHED-TRACE 3338 1215 U 4 8613b
SCHED-TRACE 3339 1215 V 4 861d1
SCHED-TRACE 3340 1215 O 0 0
SCHED-TRACE 3341 1215 P 49 2b689e76c
SCHED-TRACE 3342 1216 K 43 2afbfd2f1
SCHED-TRACE 3343 1216 P 49 2b81a3958
SCHED-TRACE 3344 1217 P 49 2b94e624d
SCHED-TRACE 3345 1217 I 43 866f3
SCHED-TRACE 3346 1217 B 43 7b
SCHED-TRACE 3347 1217 P 43 2b4ca1062
SCHED-TRACE 3348 1217 R 43 2b4ca1062
SCHED-TRACE 3349 1218 U 4 8680e
SCHED-TRACE 3350 1218 V 4 868a3
SCHED-TRACE 3351 1218 O 0 0
SCHED-TRACE 3352 1218 P 43 2b689be76
SCHED-TRACE 3353 1219 K 46 2afc04dd3
SCHED-TRACE 3354 1219 P 43 2b819e76c
SCHED-TRACE 3355 1220 P 43 2b94e1062
SCHED-TRACE 3356 1220 I 46 86dc5
SCHED-TRACE 3357 1220 B 46 7a
SCHED-TRACE 3358 1220 P 46 2b4ca3958
SCHED-TRACE 3359 1220 R 46 2b4ca3958
SCHED-TRACE 3360 1221 U 4 86ee0
SCHED-TRACE 3361 1221 V 4 86f75
SCHED-TRACE 3362 1221 O 0 0
SCHED-TRACE 3363 1221 P 46 2b689e76c
SCHED-TRACE 3364 1222 K 31 2afc11a9f
SCHED-TRACE 3365 1222 P 46 2b81a1062
SCHED-TRACE 3366 1223 P 46 2b94e3958
SCHED-TRACE 3367 1223 I 31 87497
SCHED-TRACE 3368 1223 B 31 7a
SCHED-TRACE 3369 1223 P 31 2b4cb2f1a
SCHED-TRACE 3370 1223 R 31 2b4cb2f1a
SCHED-TRACE 3371 1224 U 4 875b2
SCHED-TRACE 3372 1224 V 4 87648
SCHED-TRACE 3373 1224 O 0 0
SCHED-TRACE 3374 1224 P 31 2b68ba9fb
SCHED-TRACE 3375 1225 K 40 2afc2624d
SCHED-TRACE 3376 1225 P 31 2b81bd2f1
SCHED-TRACE 3377 1226 P 31 2b94ffbe7
SCHED-TRACE 3378 1226 I 40 87b6a
SCHED-TRACE 3379 1226 B 40 7a
SCHED-TRACE 3380 1226 P 40 2b4cd4394
SCHED-TRACE 3381 1226 R 40 2b4cd4394
SCHED-TRACE 3382 1227 U 4 87c85
SCHED-TRACE 3383 1227 V 4 87d1a
SCHED-TRACE 3384 1227 O 0 0
SCHED-TRACE 3385 1227 P 40 2b68d4394
SCHED-TRACE 3386 1228 K 34 2afc2dd2f
SCHED-TRACE 3387 1228 P 40 2b81d9580
SCHED-TRACE 3388 1229 P 40 2b9519580
SCHED-TRACE 3389 1229 I 34 8823c
SCHED-TRACE 3390 1229 B 34 7b
SCHED-TRACE 3391 1229 P 34 2b4ccf1aa
SCHED-TRACE 3392 1229 R 34 2b4ccf1aa
SCHED-TRACE 3393 1230 U 4 88357
SCHED-TRACE 3394 1230 V 4 883ec
SCHED-TRACE 3395 1230 O 0 0
SCHED-TRACE 3396 1230 P 34 2b68d1a9f
SCHED-TRACE 3397 1231 K 79 2afece32f
SCHED-TRACE 3398 1231 P 34 2b81d4395
SCHED-TRACE 3399 1232 P 34 2b9516c8b
SCHED-TRACE 3400 1232 I 79 8890e
SCHED-TRACE 3401 1232 B 79 7a
SCHED-TRACE 3402 1232 P 79 2b5038381
SCHED-TRACE 3403 1232 R 79 2b5038381
SCHED-TRACE 3404 1233 U 4 88a27
SCHED-TRACE 3405 1233 V 4 88abd
SCHED-TRACE 3406 1233 O 0 0
SCHED-TRACE 3407 1233 P 79 2b6c59d5d
SCHED-TRACE 3408 1234 K 79 2b6c59d5d
SCHED-TRACE 3409 1234 P 79 2b859d115
SCHED-TRACE 3410 1235 I 79 88fdf
SCHED-TRACE 3411 1235 B 79 7a
SCHED-TRACE 3412 1235 P 79 2bea8d8d7
SCHED-TRACE 3413 1235 R 79 2bea8d8d7
SCHED-TRACE 3414 1236 U 4 890f8
SCHED-TRACE 3415 1236 V 4 8918e
SCHED-TRACE 3416 1236 O 0 0
SCHED-TRACE 3417 1236 P 79 2c06b1c12
SCHED-TRACE 3418 1237 K 73 2b9478106
SCHED-TRACE 3419 1237 P 79 2c1ff4fca
SCHED-TRACE 3420 1238 P 79 2c336959b
SCHED-TRACE 3421 1238 I 73 896b0
SCHED-TRACE 3422 1238 B 73 7a
SCHED-TRACE 3423 1238 P 73 2be51e76c
SCHED-TRACE 3424 1238 R 73 2be51e76c
SCHED-TRACE 3425 1239 U 4 897ca
SCHED-TRACE 3426 1239 V 4 8985f
SCHED-TRACE 3427 1239 O 0 0
SCHED-TRACE 3428 1239 P 73 2c00ffbe7
SCHED-TRACE 3429 1240 K 70 2b947a9fb
SCHED-TRACE 3430 1240 P 73 2c1a024dd
SCHED-TRACE 3431 1241 P 73 2c2d44dd3
SCHED-TRACE 3432 1241 I 70 89d81
SCHED-TRACE 3433 1241 B 70 7a
SCHED-TRACE 3434 1241 P 70 2be51be76
SCHED-TRACE 3435 1241 R 70 2be51be76
SCHED-TRACE 3436 1242 U 4 89e9b
SCHED-TRACE 3437 1242 V 4 89f30
SCHED-TRACE 3438 1242 O 0 0
SCHED-TRACE 3439 1242 P 70 2c00ffbe7
SCHED-TRACE 3440 1243 K 76 2b94876c8
SCHED-TRACE 3441 1243 P 70 2c1a04dd2
SCHED-TRACE 3442 1244 P 70 2c2d44dd2
SCHED-TRACE 3443 1244 I 76 8a452
SCHED-TRACE 3444 1244 B 76 7b
SCHED-TRACE 3445 1244 P 76 2be52b439
SCHED-TRACE 3446 1244 R 76 2be52b439
SCHED-TRACE 3447 1245 U 4 8a56c
SCHED-TRACE 3448 1245 V 4 8a601
SCHED-TRACE 3449 1245 O 0 0
SCHED-TRACE 3450 1245 P 76 2c0109fbe
SCHED-TRACE 3451 1246 K 64 2b94a3957
SCHED-TRACE 3452 1246 P 76 2c1a0c8b4
SCHED-TRACE 3453 1247 P 76 2c2d51a9f
SCHED-TRACE 3454 1247 I 64 8ab23
SCHED-TRACE 3455 1247 B 64 7a
SCHED-TRACE 3456 1247 P 64 2be5424dc
SCHED-TRACE 3457 1247 R 64 2be5424dc
SCHED-TRACE 3458 1248 U 4 8ac3d
SCHED-TRACE 3459 1248 V 4 8acd3
SCHED-TRACE 3460 1248 O 0 0
SCHED-TRACE 3461 1248 P 64 2c0132f1a
SCHED-TRACE 3462 1249 K 61 2b94a3958
SCHED-TRACE 3463 1249 P 64 2c1a35810
SCHED-TRACE 3464 1250 P 64 2c2d7d2f1
SCHED-TRACE 3465 1250 I 61 8b1f5
SCHED-TRACE 3466 1250 B 61 7a
SCHED-TRACE 3467 1250 P 61 2be549fbe
SCHED-TRACE 3468 1250 R 61 2be549fbe
SCHED-TRACE 3469 1251 U 4 8b30f
SCHED-TRACE 3470 1251 V 4 8b3a5
SCHED-TRACE 3471 1251 O 0 0
SCHED-TRACE 3472 1251 P 61 2c0138106
SCHED-TRACE 3473 1252 K 67 2b94add2e
SCHED-TRACE 3474 1252 P 61 2c1a3d2f2
SCHED-TRACE 3475 1253 P 61 2c2d824dd
SCHED-TRACE 3476 1253 I 67 8b8c7
SCHED-TRACE 3477 1253 B 67 7a
SCHED-TRACE 3478 1253 P 67 2be554394
SCHED-TRACE 3479 1253 R 67 2be554394
SCHED-TRACE 3480 1254 U 4 8b9e1
SCHED-TRACE 3481 1254 V 4 8ba77
SCHED-TRACE 3482 1254 O 0 0
SCHED-TRACE 3483 1254 P 67 2c01424dc
SCHED-TRACE 3484 1255 K 55 2b94b8106
SCHED-TRACE 3485 1255 P 67 2c1a476c8
SCHED-TRACE 3486 1256 P 67 2c2d8f1a9
SCHED-TRACE 3487 1256 I 55 8bf99
SCHED-TRACE 3488 1256 B 55 7b
SCHED-TRACE 3489 1256 P 55 2be55e76c
SCHED-TRACE 3490 1256 R 55 2be55e76c
SCHED-TRACE 3491 1257 U 4 8c0b3
SCHED-TRACE 3492 1257 V 4 8c149
SCHED-TRACE 3493 1257 O 0 0
SCHED-TRACE 3494 1257 P 55 2c0154395
SCHED-TRACE 3495 1258 K 52 2b94c76c8
SCHED-TRACE 3496 1258 P 55 2c1a56c8b
SCHED-TRACE 3497 1259 P 55 2c2d9e76c
SCHED-TRACE 3498 1259 I 52 8c66b
SCHED-TRACE 3499 1259 B 52 7a
SCHED-TRACE 3500 1259 P 52 2be563957
SCHED-TRACE 3501 1259 R 52 2be563957
SCHED-TRACE 3502 1260 U 4 8c785
SCHED-TRACE 3503 1260 V 4 8c81b
SCHED-TRACE 3504 1260 O 0 0
SCHED-TRACE 3505 1260 P 52 2c0159580
SCHED-TRACE 3506 1261 K 58 2b94cc8b4
SCHED-TRACE 3507 1261 P 52 2c1a5e76c
SCHED-TRACE 3508 1262 P 52 2c2da3957
SCHED-TRACE 3509 1262 I 58 8cd3d
SCHED-TRACE 3510 1262 B 58 7b
SCHED-TRACE 3511 1262 P 58 2be56dd2f
SCHED-TRACE 3512 1262 R 58 2be56dd2f
SCHED-TRACE 3513 1263 U 4 8ce57
SCHED-TRACE 3514 1263 V 4 8ceed
SCHED-TRACE 3515 1263 O 0 0
SCHED-TRACE 3516 1263 P 58 2c016624d
SCHED-TRACE 3517 1264 K 43 2b94e1062
SCHED-TRACE 3518 1264 P 58 2c1a6b439
SCHED-TRACE 3519 1265 P 58 2c2db2f1a
SCHED-TRACE 3520 1265 I 43 8d40f
SCHED-TRACE 3521 1265 B 43 7a
SCHED-TRACE 3522 1265 P 43 2be57a9fb
SCHED-TRACE 3523 1265 R 43 2be57a9fb
SCHED-TRACE 3524 1266 U 4 8d52a
SCHED-TRACE 3525 1266 V 4 8d5bf
SCHED-TRACE 3526 1266 O 0 0
SCHED-TRACE 3527 1266 P 43 2c017d2f1
SCHED-TRACE 3528 1267 K 46 2b94e3958
SCHED-TRACE 3529 1267 P 43 2c1a824dc
SCHED-TRACE 3530 1268 P 43 2c2dc76c8
SCHED-TRACE 3531 1268 I 46 8dae1
SCHED-TRACE 3532 1268 B 46 7b
SCHED-TRACE 3533 1268 P 46 2be578106
SCHED-TRACE 3534 1268 R 46 2be578106
SCHED-TRACE 3535 1269 U 4 8dbfc
SCHED-TRACE 3536 1269 V 4 8dc91
SCHED-TRACE 3537 1269 O 0 0
SCHED-TRACE 3538 1269 P 46 2c0175810
SCHED-TRACE 3539 1270 K 49 2b94e624d
SCHED-TRACE 3540 1270 P 46 2c1a7a9fc
SCHED-TRACE 3541 1271 P 46 2c2dbfbe7
SCHED-TRACE 3542 1271 I 49 8e1b3
SCHED-TRACE 3543 1271 B 49 7b
SCHED-TRACE 3544 1271 P 49 2be57fbe7
SCHED-TRACE 3545 1271 R 49 2be57fbe7
SCHED-TRACE 3546 1272 U 4 8e2ce
SCHED-TRACE 3547 1272 V 4 8e363
SCHED-TRACE 3548 1272 O 0 0
SCHED-TRACE 3549 1272 P 49 2c017fbe7
SCHED-TRACE 3550 1273 K 31 2b94ffbe7
SCHED-TRACE 3551 1273 P 49 2c1a84dd3
SCHED-TRACE 3552 1274 P 49 2c2dcf1aa
SCHED-TRACE 3553 1274 I 31 8e885
SCHED-TRACE 3554 1274 B 31 7a
SCHED-TRACE 3555 1274 P 31 2be58f1a9
SCHED-TRACE 3556 1274 R 31 2be58f1a9
SCHED-TRACE 3557 1275 U 4 8e9a0
SCHED-TRACE 3558 1275 V 4 8ea36
SCHED-TRACE 3559 1275 O 0 0
SCHED-TRACE 3560 1275 P 31 2c019e76c
SCHED-TRACE 3561 1276 K 34 2b9516c8b
SCHED-TRACE 3562 1276 P 31 2c1aa1062
SCHED-TRACE 3563 1277 P 31 2c2de8b43
SCHED-TRACE 3564 1277 I 34 8ef58
SCHED-TRACE 3565 1277 B 34 7a
SCHED-TRACE 3566 1277 P 34 2be5b8106
SCHED-TRACE 3567 1277 R 34 2be5b8106
SCHED-TRACE 3568 1278 U 4 8f073
SCHED-TRACE 3569 1278 V 4 8f109
SCHED-TRACE 3570 1278 O 0 0
SCHED-TRACE 3571 1278 P 34 2c01c24dd
SCHED-TRACE 3572 1279 K 40 2b9519580
SCHED-TRACE 3573 1279 P 34 2c1ac76c8
SCHED-TRACE 3574 1280 P 34 2c2e0c8b4
SCHED-TRACE 3575 1280 I 40 8f62b
SCHED-TRACE 3576 1280 B 40 7a
SCHED-TRACE 3577 1280 P 40 2be5bfbe6
SCHED-TRACE 3578 1280 R 40 2be5bfbe6
SCHED-TRACE 3579 1281 U 4 8f746
SCHED-TRACE 3580 1281 V 4 8f7db
SCHED-TRACE 3581 1281 O 0 0
SCHED-TRACE 3582 1281 P 40 2c01c4dd2
SCHED-TRACE 3583 1282 K 37 2b9521062
SCHED-TRACE 3584 1282 P 40 2c1ac9fbd
SCHED-TRACE 3585 1283 P 40 2c2e0f1a9
SCHED-TRACE 3586 1283 I 37 8fcfd
SCHED-TRACE 3587 1283 B 37 7a
SCHED-TRACE 3588 1283 P 37 2be5b2f1a
SCHED-TRACE 3589 1283 R 37 2be5b2f1a
SCHED-TRACE 3590 1284 U 4 8fe18
SCHED-TRACE 3591 1284 V 4 8fead
SCHED-TRACE 3592 1284 O 0 0
SCHED-TRACE 3593 1284 P 37 2c01ba9fb
SCHED-TRACE 3594 1285 K 37 2c01ba9fb
SCHED-TRACE 3595 1285 P 37 2c1abfbe7
SCHED-TRACE 3596 1286 I 37 903cf
SCHED-TRACE 3597 1286 B 37 7a
SCHED-TRACE 3598 1286 P 37 2c7e96c8b
SCHED-TRACE 3599 1286 R 37 2c7e96c8b
SCHED-TRACE 3600 1287 U 4 904ea
SCHED-TRACE 3601 1287 V 4 9057f
SCHED-TRACE 3602 1287 O 0 0
SCHED-TRACE 3603 1287 P 37 2c9a9be76
SCHED-TRACE 3604 1288 K 70 2c2d44dd2
SCHED-TRACE 3605 1288 P 37 2cb39e76c
SCHED-TRACE 3606 1289 P 37 2cc6e3958
SCHED-TRACE 3607 1289 I 70 90aa1
SCHED-TRACE 3608 1289 B 70 7a
SCHED-TRACE 3609 1289 P 70 2c7dd9580
SCHED-TRACE 3610 1289 R 70 2c7dd9580
SCHED-TRACE 3611 1290 U 4 90bbb
SCHED-TRACE 3612 1290 V 4 90c50
SCHED-TRACE 3613 1290 O 0 0
SCHED-TRACE 3614 1290 P 70 2c99bd2f1
SCHED-TRACE 3615 1291 K 73 2c2d44dd3
SCHED-TRACE 3616 1291 P 70 2cb2bfbe7
SCHED-TRACE 3617 1292 P 70 2cc604dd2
SCHED-TRACE 3618 1292 I 73 91172
SCHED-TRACE 3619 1292 B 73 7a
SCHED-TRACE 3620 1292 P 73 2c7de1062
SCHED-TRACE 3621 1292 R 73 2c7de1062
SCHED-TRACE 3622 1293 U 4 9128c
SCHED-TRACE 3623 1293 V 4 91321
SCHED-TRACE 3624 1293 O 0 0
SCHED-TRACE 3625 1293 P 73 2c99c24dd
SCHED-TRACE 3626 1294 K 76 2c2d51a9f
SCHED-TRACE 3627 1294 P 73 2cb2c76c8
SCHED-TRACE 3628 1295 P 73 2cc6076c8
SCHED-TRACE 3629 1295 I 76 91843
SCHED-TRACE 3630 1295 B 76 7b
SCHED-TRACE 3631 1295 P 76 2c7df8106
SCHED-TRACE 3632 1295 R 76 2c7df8106
SCHED-TRACE 3633 1296 U 4 9195c
SCHED-TRACE 3634 1296 V 4 919f2
SCHED-TRACE 3635 1296 O 0 0
SCHED-TRACE 3636 1296 P 76 2c99d6c8b
SCHED-TRACE 3637 1297 K 64 2c2d7d2f1
SCHED-TRACE 3638 1297 P 76 2cb2dbe76
SCHED-TRACE 3639 1298 P 76 2cc61e76c
SCHED-TRACE 3640 1298 I 64 91f14
SCHED-TRACE 3641 1298 B 64 7b
SCHED-TRACE 3642 1298 P 64 2c7e21061
SCHED-TRACE 3643 1298 R 64 2c7e21061
SCHED-TRACE 3644 1299 U 4 9202e
SCHED-TRACE 3645 1299 V 4 920c3
SCHED-TRACE 3646 1299 O 0 0
SCHED-TRACE 3647 1299 P 64 2c9a09fbe
SCHED-TRACE 3648 1300 K 61 2c2d824dd
SCHED-TRACE 3649 1300 P 64 2cb30c8b3
SCHED-TRACE 3650 1301 P 64 2cc64f1a9
SCHED-TRACE 3651 1301 I 61 925e5
SCHED-TRACE 3652 1301 B 61 7a
SCHED-TRACE 3653 1301 P 61 2c7e19581
SCHED-TRACE 3654 1301 R 61 2c7e19581
SCHED-TRACE 3655 1302 U 4 926ff
SCHED-TRACE 3656 1302 V 4 92794
SCHED-TRACE 3657 1302 O 0 0
SCHED-TRACE 3658 1302 P 61 2c9a04dd3
SCHED-TRACE 3659 1303 K 67 2c2d8f1a9
SCHED-TRACE 3660 1303 P 61 2cb309fbe
SCHED-TRACE 3661 1304 P 61 2cc649fbe
SCHED-TRACE 3662 1304 I 67 92cb6
SCHED-TRACE 3663 1304 B 67 7b
SCHED-TRACE 3664 1304 P 67 2c7e2b438
SCHED-TRACE 3665 1304 R 67 2c7e2b438
SCHED-TRACE 3666 1305 U 4 92dd0
SCHED-TRACE 3667 1305 V 4 92e65
SCHED-TRACE 3668 1305 O 0 0
SCHED-TRACE 3669 1305 P 67 2c9a11a9f
SCHED-TRACE 3670 1306 K 55 2c2d9e76c
SCHED-TRACE 3671 1306 P 67 2cb314394
SCHED-TRACE 3672 1307 P 67 2cc656c8a
SCHED-TRACE 3673 1307 I 55 93387
SCHED-TRACE 3674 1307 B 55 7a
SCHED-TRACE 3675 1307 P 55 2c7e38106
SCHED-TRACE 3676 1307 R 55 2c7e38106
SCHED-TRACE 3677 1308 U 4 934a1
SCHED-TRACE 3678 1308 V 4 93537
SCHED-TRACE 3679 1308 O 0 0
SCHED-TRACE 3680 1308 P 55 2c9a2b439
SCHED-TRACE 3681 1309 K 52 2c2da3957
SCHED-TRACE 3682 1309 P 55 2cb330625
SCHED-TRACE 3683 1310 P 55 2cc672f1a
SCHED-TRACE 3684 1310 I 52 93a59
SCHED-TRACE 3685 1310 B 52 7b
SCHED-TRACE 3686 1310 P 52 2c7e4f1a9
SCHED-TRACE 3687 1310 R 52 2c7e4f1a9
SCHED-TRACE 3688 1311 U 4 93b73
SCHED-TRACE 3689 1311 V 4 93c09
SCHED-TRACE 3690 1311 O 0 0
SCHED-TRACE 3691 1311 P 52 2c9a424dc
SCHED-TRACE 3692 1312 K 58 2c2db2f1a
SCHED-TRACE 3693 1312 P 52 2cb344dd2
SCHED-TRACE 3694 1313 P 52 2cc684dd2
SCHED-TRACE 3695 1313 I 58 9412b
SCHED-TRACE 3696 1313 B 58 7b
SCHED-TRACE 3697 1313 P 58 2c7e5e76c
SCHED-TRACE 3698 1313 R 58 2c7e5e76c
SCHED-TRACE 3699 1314 U 4 94245
SCHED-TRACE 3700 1314 V 4 942db
SCHED-TRACE 3701 1314 O 0 0
SCHED-TRACE 3702 1314 P 58 2c9a4c8b4
SCHED-TRACE 3703 1315 K 46 2c2dbfbe7
SCHED-TRACE 3704 1315 P 58 2cb34f1aa
SCHED-TRACE 3705 1316 P 58 2cc694395
SCHED-TRACE 3706 1316 I 46 947fd
SCHED-TRACE 3707 1316 B 46 7a
SCHED-TRACE 3708 1316 P 46 2c7e68b43
SCHED-TRACE 3709 1316 R 46 2c7e68b43
SCHED-TRACE 3710 1317 U 4 94918
SCHED-TRACE 3711 1317 V 4 949ad
SCHED-TRACE 3712 1317 O 0 0
SCHED-TRACE 3713 1317 P 46 2c9a6624e
SCHED-TRACE 3714 1318 K 43 2c2dc76c8
SCHED-TRACE 3715 1318 P 46 2cb36b439
SCHED-TRACE 3716 1319 P 46 2cc6add2f
SCHED-TRACE 3717 1319 I 43 94ecf
SCHED-TRACE 3718 1319 B 43 7b
SCHED-TRACE 3719 1319 P 43 2c7e68b43
SCHED-TRACE 3720 1319 R 43 2c7e68b43
SCHED-TRACE 3721 1320 U 4 94fea
SCHED-TRACE 3722 1320 V 4 9507f
SCHED-TRACE 3723 1320 O 0 0
SCHED-TRACE 3724 1320 P 43 2c9a63957
SCHED-TRACE 3725 1321 K 49 2c2dcf1aa
SCHED-TRACE 3726 1321 P 43 2cb36624d
SCHED-TRACE 3727 1322 P 43 2cc6a8b43
SCHED-TRACE 3728 1322 I 49 955a1
SCHED-TRACE 3729 1322 B 49 7a
SCHED-TRACE 3730 1322 P 49 2c7e6dd2f
SCHED-TRACE 3731 1322 R 49 2c7e6dd2f
SCHED-TRACE 3732 1323 U 4 956bb
SCHED-TRACE 3733 1323 V 4 95751
SCHED-TRACE 3734 1323 O 0 0
SCHED-TRACE 3735 1323 P 49 2c9a68b43
SCHED-TRACE 3736 1324 K 31 2c2de8b43
SCHED-TRACE 3737 1324 P 49 2cb36dd2f
SCHED-TRACE 3738 1325 P 49 2cc6b0625
SCHED-TRACE 3739 1325 I 31 95c73
SCHED-TRACE 3740 1325 B 31 7a
SCHED-TRACE 3741 1325 P 31 2c7e89fbe
SCHED-TRACE 3742 1325 R 31 2c7e89fbe
SCHED-TRACE 3743 1326 U 4 95d8e
SCHED-TRACE 3744 1326 V 4 95e24
SCHED-TRACE 3745 1326 O 0 0
SCHED-TRACE 3746 1326 P 31 2c9a94395
SCHED-TRACE 3747 1327 K 34 2c2e0c8b4
SCHED-TRACE 3748 1327 P 31 2cb399580
SCHED-TRACE 3749 1328 P 31 2cc6dbe76
SCHED-TRACE 3750 1328 I 34 96346
SCHED-TRACE 3751 1328 B 34 7b
SCHED-TRACE 3752 1328 P 34 2c7eb8106
SCHED-TRACE 3753 1328 R 34 2c7eb8106
SCHED-TRACE 3754 1329 U 4 96461
SCHED-TRACE 3755 1329 V 4 964f6
SCHED-TRACE 3756 1329 O 0 0
SCHED-TRACE 3757 1329 P 34 2c9abd2f1
SCHED-TRACE 3758 1330 K 40 2c2e0f1a9
SCHED-TRACE 3759 1330 P 34 2cb3bfbe7
SCHED-TRACE 3760 1331 P 34 2cc7024dd
SCHED-TRACE 3761 1331 I 40 96a18
SCHED-TRACE 3762 1331 B 40 7a
SCHED-TRACE 3763 1331 P 40 2c7ea624d
SCHED-TRACE 3764 1331 R 40 2c7ea624d
SCHED-TRACE 3765 1332 U 4 96b33
SCHED-TRACE 3766 1332 V 4 96bc8
SCHED-TRACE 3767 1332 O 0 0
SCHED-TRACE 3768 1332 P 40 2c9aa3957
SCHED-TRACE 3769 1333 K 79 2c336959b
SCHED-TRACE 3770 1333 P 40 2cb3a624d
SCHED-TRACE 3771 1334 P 40 2cc6e624d
SCHED-TRACE 3772 1334 I 79 970ea
SCHED-TRACE 3773 1334 B 79 7a
SCHED-TRACE 3774 1334 P 79 2c84db20d
SCHED-TRACE 3775 1334 R 79 2c84db20d
SCHED-TRACE 3776 1335 U 4 97203
SCHED-TRACE 3777 1335 V 4 97299
SCHED-TRACE 3778 1335 O 0 0
SCHED-TRACE 3779 1335 P 79 2ca0fa289
SCHED-TRACE 3780 1336 K 79 2ca0fa289
SCHED-TRACE 3781 1336 P 79 2cba3d641
SCHED-TRACE 3782 1337 I 79 977bb
SCHED-TRACE 3783 1337 B 79 7a
SCHED-TRACE 3784 1337 P 79 2d1f2de03
SCHED-TRACE 3785 1337 R 79 2d1f2de03
SCHED-TRACE 3786 1338 U 4 978d4
SCHED-TRACE 3787 1338 V 4 9796a
SCHED-TRACE 3788 1338 O 0 0
SCHED-TRACE 3789 1338 P 79 2d3b4f7de
SCHED-TRACE 3790 1339 K 70 2cc604dd2
SCHED-TRACE 3791 1339 P 79 2d5492b96
SCHED-TRACE 3792 1340 P 79 2d6809ac7
SCHED-TRACE 3793 1340 I 70 97e8c
SCHED-TRACE 3794 1340 B 70 7a
SCHED-TRACE 3795 1340 P 70 2d16a624d
SCHED-TRACE 3796 1340 R 70 2d16a624d
SCHED-TRACE 3797 1341 U 4 97fa6
SCHED-TRACE 3798 1341 V 4 9803b
SCHED-TRACE 3799 1341 O 0 0
SCHED-TRACE 3800 1341 P 70 2d328c8b3
SCHED-TRACE 3801 1342 K 73 2cc6076c8
SCHED-TRACE 3802 1342 P 70 2d4b91a9f
SCHED-TRACE 3803 1343 P 70 2d5ed4395
SCHED-TRACE 3804 1343 I 73 9855d
SCHED-TRACE 3805 1343 B 73 7b
SCHED-TRACE 3806 1343 P 73 2d16a624d
SCHED-TRACE 3807 1343 R 73 2d16a624d
SCHED-TRACE 3808 1344 U 4 98677
SCHED-TRACE 3809 1344 V 4 9870c
SCHED-TRACE 3810 1344 O 0 0
SCHED-TRACE 3811 1344 P 73 2d3284dd3
SCHED-TRACE 3812 1345 K 76 2cc61e76c
SCHED-TRACE 3813 1345 P 73 2d4b876c8
SCHED-TRACE 3814 1346 P 73 2d5ec76c8
SCHED-TRACE 3815 1346 I 76 98c2e
SCHED-TRACE 3816 1346 B 76 7a
SCHED-TRACE 3817 1346 P 76 2d16c24dd
SCHED-TRACE 3818 1346 R 76 2d16c24dd
SCHED-TRACE 3819 1347 U 4 98d48
SCHED-TRACE 3820 1347 V 4 98ddd
SCHED-TRACE 3821 1347 O 0 0
SCHED-TRACE 3822 1347 P 76 2d32a3957
SCHED-TRACE 3823 1348 K 61 2cc649fbe
SCHED-TRACE 3824 1348 P 76 2d4ba624d
SCHED-TRACE 3825 1349 P 76 2d5eedd2e
SCHED-TRACE 3826 1349 I 61 992ff
SCHED-TRACE 3827 1349 B 61 7a
SCHED-TRACE 3828 1349 P 61 2d16e3958
SCHED-TRACE 3829 1349 R 61 2d16e3958
SCHED-TRACE 3830 1350 U 4 99419
SCHED-TRACE 3831 1350 V 4 994af
SCHED-TRACE 3832 1350 O 0 0
SCHED-TRACE 3833 1350 P 61 2d32d1aa0
SCHED-TRACE 3834 1351 K 64 2cc64f1a9
SCHED-TRACE 3835 1351 P 61 2d4bd6c8b
SCHED-TRACE 3836 1352 P 61 2d5f1be77
SCHED-TRACE 3837 1352 I 64 999d1
SCHED-TRACE 3838 1352 B 64 7a
SCHED-TRACE 3839 1352 P 64 2d16f5810
SCHED-TRACE 3840 1352 R 64 2d16f5810
SCHED-TRACE 3841 1353 U 4 99aeb
SCHED-TRACE 3842 1353 V 4 99b81
SCHED-TRACE 3843 1353 O 0 0
SCHED-TRACE 3844 1353 P 64 2d32e1061
SCHED-TRACE 3845 1354 K 67 2cc656c8a
SCHED-TRACE 3846 1354 P 64 2d4be3957
SCHED-TRACE 3847 1355 P 64 2d5f28b43
SCHED-TRACE 3848 1355 I 67 9a0a3
SCHED-TRACE 3849 1355 B 67 7a
SCHED-TRACE 3850 1355 P 67 2d17024dc
SCHED-TRACE 3851 1355 R 67 2d17024dc
SCHED-TRACE 3852 1356 U 4 9a1bd
SCHED-TRACE 3853 1356 V 4 9a252
SCHED-TRACE 3854 1356 O 0 0
SCHED-TRACE 3855 1356 P 67 2d32eb438
SCHED-TRACE 3856 1357 K 55 2cc672f1a
SCHED-TRACE 3857 1357 P 67 2d4bf0624
SCHED-TRACE 3858 1358 P 67 2d5f38105
SCHED-TRACE 3859 1358 I 55 9a775
SCHED-TRACE 3860 1358 B 55 7a
SCHED-TRACE 3861 1358 P 55 2d171be77
SCHED-TRACE 3862 1358 R 55 2d171be77
SCHED-TRACE 3863 1359 U 4 9a88f
SCHED-TRACE 3864 1359 V 4 9a925
SCHED-TRACE 3865 1359 O 0 0
SCHED-TRACE 3866 1359 P 55 2d3311aa0
SCHED-TRACE 3867 1360 K 52 2cc684dd2
SCHED-TRACE 3868 1360 P 55 2d4c16c8b
SCHED-TRACE 3869 1361 P 55 2d5f5be77
SCHED-TRACE 3870 1361 I 52 9ae47
SCHED-TRACE 3871 1361 B 52 7b
SCHED-TRACE 3872 1361 P 52 2d1728b43
SCHED-TRACE 3873 1361 R 52 2d1728b43
SCHED-TRACE 3874 1362 U 4 9af61
SCHED-TRACE 3875 1362 V 4 9aff7
SCHED-TRACE 3876 1362 O 0 0
SCHED-TRACE 3877 1362 P 52 2d331e76c
SCHED-TRACE 3878 1363 K 58 2cc694395
SCHED-TRACE 3879 1363 P 52 2d4c21062
SCHED-TRACE 3880 1364 P 52 2d5f6624d
SCHED-TRACE 3881 1364 I 58 9b519
SCHED-TRACE 3882 1364 B 58 7a
SCHED-TRACE 3883 1364 P 58 2d1735810
SCHED-TRACE 3884 1364 R 58 2d1735810
SCHED-TRACE 3885 1365 U 4 9b633
SCHED-TRACE 3886 1365 V 4 9b6c9
SCHED-TRACE 3887 1365 O 0 0
SCHED-TRACE 3888 1365 P 58 2d332dd2f
SCHED-TRACE 3889 1366 K 43 2cc6a8b43
SCHED-TRACE 3890 1366 P 58 2d4c30624
SCHED-TRACE 3891 1367 P 58 2d5f7a9fb
SCHED-TRACE 3892 1367 I 43 9bbeb
SCHED-TRACE 3893 1367 B 43 7a
SCHED-TRACE 3894 1367 P 43 2d1744dd2
SCHED-TRACE 3895 1367 R 43 2d1744dd2
SCHED-TRACE 3896 1368 U 4 9bd06
SCHED-TRACE 3897 1368 V 4 9bd9b
SCHED-TRACE 3898 1368 O 0 0
SCHED-TRACE 3899 1368 P 43 2d33476c8
SCHED-TRACE 3900 1369 K 46 2cc6add2f
SCHED-TRACE 3901 1369 P 43 2d4c49fbe
SCHED-TRACE 3902 1370 P 43 2d5f91a9f
SCHED-TRACE 3903 1370 I 46 9c2bd
SCHED-TRACE 3904 1370 B 46 7a
SCHED-TRACE 3905 1370 P 46 2d17424dd
SCHED-TRACE 3906 1370 R 46 2d17424dd
SCHED-TRACE 3907 1371 U 4 9c3d8
SCHED-TRACE 3908 1371 V 4 9c46d
SCHED-TRACE 3909 1371 O 0 0
SCHED-TRACE 3910 1371 P 46 2d333d2f2
SCHED-TRACE 3911 1372 K 49 2cc6b0625
SCHED-TRACE 3912 1372 P 46 2d4c3fbe7
SCHED-TRACE 3913 1373 P 46 2d5f84dd3
SCHED-TRACE 3914 1373 I 49 9c98f
SCHED-TRACE 3915 1373 B 49 7a
SCHED-TRACE 3916 1373 P 49 2d174c8b4
SCHED-TRACE 3917 1373 R 49 2d174c8b4
SCHED-TRACE 3918 1374 U 4 9caaa
SCHED-TRACE 3919 1374 V 4 9cb3f
SCHED-TRACE 3920 1374 O 0 0
SCHED-TRACE 3921 1374 P 49 2d334c8b4
SCHED-TRACE 3922 1375 K 31 2cc6dbe76
SCHED-TRACE 3923 1375 P 49 2d4c51a9f
SCHED-TRACE 3924 1376 P 49 2d5f99581
SCHED-TRACE 3925 1376 I 31 9d061
SCHED-TRACE 3926 1376 B 31 7a
SCHED-TRACE 3927 1376 P 31 2d1770624
SCHED-TRACE 3928 1376 R 31 2d1770624
SCHED-TRACE 3929 1377 U 4 9d17c
SCHED-TRACE 3930 1377 V 4 9d212
SCHED-TRACE 3931 1377 O 0 0
SCHED-TRACE 3932 1377 P 31 2d337d2f1
SCHED-TRACE 3933 1378 K 37 2cc6e3958
SCHED-TRACE 3934 1378 P 31 2d4c7fbe7
SCHED-TRACE 3935 1379 P 31 2d5fc76c8
SCHED-TRACE 3936 1379 I 37 9d734
SCHED-TRACE 3937 1379 B 37 7a
SCHED-TRACE 3938 1379 P 37 2d17876c8
SCHED-TRACE 3939 1379 R 37 2d17876c8
SCHED-TRACE 3940 1380 U 4 9d84f
SCHED-TRACE 3941 1380 V 4 9d8e4
SCHED-TRACE 3942 1380 O 0 0
SCHED-TRACE 3943 1380 P 37 2d338f1a9
SCHED-TRACE 3944 1381 K 40 2cc6e624d
SCHED-TRACE 3945 1381 P 37 2d4c94395
SCHED-TRACE 3946 1382 P 37 2d5fd6c8b
SCHED-TRACE 3947 1382 I 40 9de06
SCHED-TRACE 3948 1382 B 40 7a
SCHED-TRACE 3949 1382 P 40 2d177a9fb
SCHED-TRACE 3950 1382 R 40 2d177a9fb
SCHED-TRACE 3951 1383 U 4 9df21
SCHED-TRACE 3952 1383 V 4 9dfb6
SCHED-TRACE 3953 1383 O 0 0
SCHED-TRACE 3954 1383 P 40 2d337d2f1
SCHED-TRACE 3955 1384 K 34 2cc7024dd
SCHED-TRACE 3956 1384 P 40 2d4c7fbe6
SCHED-TRACE 3957 1385 P 40 2d5fc4dd2
SCHED-TRACE 3958 1385 I 34 9e4d8
SCHED-TRACE 3959 1385 B 34 7a
SCHED-TRACE 3960 1385 P 34 2d1796c8b
SCHED-TRACE 3961 1385 R 34 2d1796c8b
SCHED-TRACE 3962 1386 U 4 9e5f3
SCHED-TRACE 3963 1386 V 4 9e689
SCHED-TRACE 3964 1386 O 0 0
SCHED-TRACE 3965 1386 P 34 2d339be76
SCHED-TRACE 3966 1387 K 34 2d339be76
SCHED-TRACE 3967 1387 P 34 2d4c9e76c
SCHED-TRACE 3968 1388 I 34 9ebab
SCHED-TRACE 3969 1388 B 34 7a
SCHED-TRACE 3970 1388 P 34 2db08f1aa
SCHED-TRACE 3971 1388 R 34 2db08f1aa
SCHED-TRACE 3972 1389 U 4 9ecc6
SCHED-TRACE 3973 1389 V 4 9ed5c
SCHED-TRACE 3974 1389 O 0 0
SCHED-TRACE 3975 1389 P 34 2dcc96c8b
SCHED-TRACE 3976 1390 K 73 2d5ec76c8
SCHED-TRACE 3977 1390 P 34 2de599581
SCHED-TRACE 3978 1391 P 34 2df8dbe76
SCHED-TRACE 3979 1391 I 73 9f27d
SCHED-TRACE 3980 1391 B 73 7a
SCHED-TRACE 3981 1391 P 73 2daf5be76
SCHED-TRACE 3982 1391 R 73 2daf5be76
SCHED-TRACE 3983 1392 U 4 9f397
SCHED-TRACE 3984 1392 V 4 9f42c
SCHED-TRACE 3985 1392 O 0 0
SCHED-TRACE 3986 1392 P 73 2dcb3d2f1
SCHED-TRACE 3987 1393 K 70 2d5ed4395
SCHED-TRACE 3988 1393 P 73 2de43fbe7
SCHED-TRACE 3989 1394 P 73 2df7824dd
SCHED-TRACE 3990 1394 I 70 9f94e
SCHED-TRACE 3991 1394 B 70 7a
SCHED-TRACE 3992 1394 P 70 2daf75810
SCHED-TRACE 3993 1394 R 70 2daf75810
SCHED-TRACE 3994 1395 U 4 9fa68
SCHED-TRACE 3995 1395 V 4 9fafd
SCHED-TRACE 3996 1395 O 0 0
SCHED-TRACE 3997 1395 P 70 2dcb59580
SCHED-TRACE 3998 1396 K 76 2d5eedd2e
SCHED-TRACE 3999 1396 P 70 2de45be76
SCHED-TRACE 4000 1397 P 70 2df79e76c
SCHED-TRACE 4001 1397 I 76 a001f
SCHED-TRACE 4002 1397 B 76 7a
SCHED-TRACE 4003 1397 P 76 2daf8f1a9
SCHED-TRACE 4004 1397 R 76 2daf8f1a9
SCHED-TRACE 4005 1398 U 4 a0139
SCHED-TRACE 4006 1398 V 4 a01ce
SCHED-TRACE 4007 1398 O 0 0
SCHED-TRACE 4008 1398 P 76 2dcb70624
SCHED-TRACE 4009 1399 K 61 2d5f1be77
SCHED-TRACE 4010 1399 P 76 2de472f1a
SCHED-TRACE 4011 1400 P 76 2df7b8106
SCHED-TRACE 4012 1400 I 61 a06f0
SCHED-TRACE 4013 1400 B 61 7a
SCHED-TRACE 4014 1400 P 61 2dafba9fc
SCHED-TRACE 4015 1400 R 61 2dafba9fc
SCHED-TRACE 4016 1401 U 4 a080a
SCHED-TRACE 4017 1401 V 4 a089f
SCHED-TRACE 4018 1401 O 0 0
SCHED-TRACE 4019 1401 P 61 2dcba8b43
SCHED-TRACE 4020 1402 K 64 2d5f28b43
SCHED-TRACE 4021 1402 P 61 2de4add2f
SCHED-TRACE 4022 1403 P 61 2df7f0625
SCHED-TRACE 4023 1403 I 64 a0dc1
SCHED-TRACE 4024 1403 B 64 7b
SCHED-TRACE 4025 1403 P 64 2dafbfbe7
SCHED-TRACE 4026 1403 R 64 2dafbfbe7
SCHED-TRACE 4027 1404 U 4 a0edb
SCHED-TRACE 4028 1404 V 4 a0f70
SCHED-TRACE 4029 1404 O 0 0
SCHED-TRACE 4030 1404 P 64 2dcba624d
SCHED-TRACE 4031 1405 K 67 2d5f38105
SCHED-TRACE 4032 1405 P 64 2de4a8b43
SCHED-TRACE 4033 1406 P 64 2df7eb439
SCHED-TRACE 4034 1406 I 67 a1492
SCHED-TRACE 4035 1406 B 67 7a
SCHED-TRACE 4036 1406 P 67 2dafd1a9f
SCHED-TRACE 4037 1406 R 67 2dafd1a9f
SCHED-TRACE 4038 1407 U 4 a15ac
SCHED-TRACE 4039 1407 V 4 a1641
SCHED-TRACE 4040 1407 O 0 0
SCHED-TRACE 4041 1407 P 67 2dcbba9fb
SCHED-TRACE 4042 1408 K 55 2d5f5be77
SCHED-TRACE 4043 1408 P 67 2de4bfbe6
SCHED-TRACE 4044 1409 P 67 2df8024dc
SCHED-TRACE 4045 1409 I 55 a1b63
SCHED-TRACE 4046 1409 B 55 7b
SCHED-TRACE 4047 1409 P 55 2daff8106
SCHED-TRACE 4048 1409 R 55 2daff8106
SCHED-TRACE 4049 1410 U 4 a1c7d
SCHED-TRACE 4050 1410 V 4 a1d13
SCHED-TRACE 4051 1410 O 0 0
SCHED-TRACE 4052 1410 P 55 2dcbe8b43
SCHED-TRACE 4053 1411 K 52 2d5f6624d
SCHED-TRACE 4054 1411 P 55 2de4eb439
SCHED-TRACE 4055 1412 P 55 2df82dd2f
SCHED-TRACE 4056 1412 I 52 a2235
SCHED-TRACE 4057 1412 B 52 7a
SCHED-TRACE 4058 1412 P 52 2db00f1a9
SCHED-TRACE 4059 1412 R 52 2db00f1a9
SCHED-TRACE 4060 1413 U 4 a234f
SCHED-TRACE 4061 1413 V 4 a23e5
SCHED-TRACE 4062 1413 O 0 0
SCHED-TRACE 4063 1413 P 52 2dcc04dd2
SCHED-TRACE 4064 1414 K 58 2d5f7a9fb
SCHED-TRACE 4065 1414 P 52 2de5076c8
SCHED-TRACE 4066 1415 P 52 2df849fbe
SCHED-TRACE 4067 1415 I 58 a2907
SCHED-TRACE 4068 1415 B 58 7a
SCHED-TRACE 4069 1415 P 58 2db023958
SCHED-TRACE 4070 1415 R 58 2db023958
SCHED-TRACE 4071 1416 U 4 a2a21
SCHED-TRACE 4072 1416 V 4 a2ab7
SCHED-TRACE 4073 1416 O 0 0
SCHED-TRACE 4074 1416 P 58 2dcc14395
SCHED-TRACE 4075 1417 K 46 2d5f84dd3
SCHED-TRACE 4076 1417 P 58 2de516c8b
SCHED-TRACE 4077 1418 P 58 2df859581
SCHED-TRACE 4078 1418 I 46 a2fd9
SCHED-TRACE 4079 1418 B 46 7a
SCHED-TRACE 4080 1418 P 46 2db030625
SCHED-TRACE 4081 1418 R 46 2db030625
SCHED-TRACE 4082 1419 U 4 a30f4
SCHED-TRACE 4083 1419 V 4 a3189
SCHED-TRACE 4084 1419 O 0 0
SCHED-TRACE 4085 1419 P 46 2dcc2b439
SCHED-TRACE 4086 1420 K 43 2d5f91a9f
SCHED-TRACE 4087 1420 P 46 2de52dd2f
SCHED-TRACE 4088 1421 P 46 2df870625
SCHED-TRACE 4089 1421 I 43 a36ab
SCHED-TRACE 4090 1421 B 43 7a
SCHED-TRACE 4091 1421 P 43 2db032f1a
SCHED-TRACE 4092 1421 R 43 2db032f1a
SCHED-TRACE 4093 1422 U 4 a37c6
SCHED-TRACE 4094 1422 V 4 a385b
SCHED-TRACE 4095 1422 O 0 0
SCHED-TRACE 4096 1422 P 43 2dcc30624
SCHED-TRACE 4097 1423 K 49 2d5f99581
SCHED-TRACE 4098 1423 P 43 2de535810
SCHED-TRACE 4099 1424 P 43 2df875810
SCHED-TRACE 4100 1424 I 49 a3d7d
SCHED-TRACE 4101 1424 B 49 7b
SCHED-TRACE 4102 1424 P 49 2db03d2f1
SCHED-TRACE 4103 1424 R 49 2db03d2f1
SCHED-TRACE 4104 1425 U 4 a3e97
SCHED-TRACE 4105 1425 V 4 a3f2d
SCHED-TRACE 4106 1425 O 0 0
SCHED-TRACE 4107 1425 P 49 2dcc32f1a
SCHED-TRACE 4108 1426 K 40 2d5fc4dd2
SCHED-TRACE 4109 1426 P 49 2de538106
SCHED-TRACE 4110 1427 P 49 2df878106
SCHED-TRACE 4111 1427 I 40 a444f
SCHED-TRACE 4112 1427 B 40 7b
SCHED-TRACE 4113 1427 P 40 2db06dd2e
SCHED-TRACE 4114 1427 R 40 2db06dd2e
SCHED-TRACE 4115 1428 U 4 a456a
SCHED-TRACE 4116 1428 V 4 a45ff
SCHED-TRACE 4117 1428 O 0 0
SCHED-TRACE 4118 1428 P 40 2dcc6dd2e
SCHED-TRACE 4119 1429 K 31 2d5fc76c8
SCHED-TRACE 4120 1429 P 40 2de570624
SCHED-TRACE 4121 1430 P 40 2df8b2f1a
SCHED-TRACE 4122 1430 I 31 a4b21
SCHED-TRACE 4123 1430 B 31 7a
SCHED-TRACE 4124 1430 P 31 2db061062
SCHED-TRACE 4125 1430 R 31 2db061062
SCHED-TRACE 4126 1431 U 4 a4c3c
SCHED-TRACE 4127 1431 V 4 a4cd2
SCHED-TRACE 4128 1431 O 0 0
SCHED-TRACE 4129 1431 P 31 2dcc68b43
SCHED-TRACE 4130 1432 K 37 2d5fd6c8b
SCHED-TRACE 4131 1432 P 31 2de56b439
SCHED-TRACE 4132 1433 P 31 2df8add2e
SCHED-TRACE 4133 1433 I 37 a51f3
SCHED-TRACE 4134 1433 B 37 7a
SCHED-TRACE 4135 1433 P 37 2db06b439
SCHED-TRACE 4136 1433 R 37 2db06b439
SCHED-TRACE 4137 1434 U 4 a530e
SCHED-TRACE 4138 1434 V 4 a53a3
SCHED-TRACE 4139 1434 O 0 0
SCHED-TRACE 4140 1434 P 37 2dcc6b439
SCHED-TRACE 4141 1435 K 79 2d6809ac7
SCHED-TRACE 4142 1435 P 37 2de56dd2f
SCHED-TRACE 4143 1436 P 37 2df8add2f
SCHED-TRACE 4144 1436 I 79 a58c5
SCHED-TRACE 4145 1436 B 79 7b
SCHED-TRACE 4146 1436 P 79 2db97b739
SCHED-TRACE 4147 1436 R 79 2db97b739
SCHED-TRACE 4148 1437 U 4 a59de
SCHED-TRACE 4149 1437 V 4 a5a74
SCHED-TRACE 4150 1437 O 0 0
SCHED-TRACE 4151 1437 P 79 2dd59a7b5
SCHED-TRACE 4152 1438 K 79 2dd59a7b5
SCHED-TRACE 4153 1438 P 79 2deee04cc
SCHED-TRACE 4154 1439 I 79 a5f96
SCHED-TRACE 4155 1439 B 79 7b
SCHED-TRACE 4156 1439 P 79 2e53d0c8e
SCHED-TRACE 4157 1439 R 79 2e53d0c8e
SCHED-TRACE 4158 1440 U 4 a60af
SCHED-TRACE 4159 1440 V 4 a6145
SCHED-TRACE 4160 1440 O 0 0
SCHED-TRACE 4161 1440 P 79 2e6ff266a
SCHED-TRACE 4162 1441 K 73 2df7824dd
SCHED-TRACE 4163 1441 P 79 2e8935a22
SCHED-TRACE 4164 1442 P 79 2e9cac953
SCHED-TRACE 4165 1442 I 73 a6667
SCHED-TRACE 4166 1442 B 73 7a
SCHED-TRACE 4167 1442 P 73 2e482624d
SCHED-TRACE 4168 1442 R 73 2e482624d
SCHED-TRACE 4169 1443 U 4 a6781
SCHED-TRACE 4170 1443 V 4 a6816
SCHED-TRACE 4171 1443 O 0 0
SCHED-TRACE 4172 1443 P 73 2e64076c8
SCHED-TRACE 4173 1444 K 70 2df79e76c
SCHED-TRACE 4174 1444 P 73 2e7d09fbe
SCHED-TRACE 4175 1445 P 73 2e904f1aa
SCHED-TRACE 4176 1445 I 70 a6d38
SCHED-TRACE 4177 1445 B 70 7a
SCHED-TRACE 4178 1445 P 70 2e483d2f1
SCHED-TRACE 4179 1445 R 70 2e483d2f1
SCHED-TRACE 4180 1446 U 4 a6e52
SCHED-TRACE 4181 1446 V 4 a6ee7
SCHED-TRACE 4182 1446 O 0 0
SCHED-TRACE 4183 1446 P 70 2e6421061
SCHED-TRACE 4184 1447 K 76 2df7b8106
SCHED-TRACE 4185 1447 P 70 2e7d23957
SCHED-TRACE 4186 1448 P 70 2e9063957
SCHED-TRACE 4187 1448 I 76 a7409
SCHED-TRACE 4188 1448 B 76 7a
SCHED-TRACE 4189 1448 P 76 2e4859580
SCHED-TRACE 4190 1448 R 76 2e4859580
SCHED-TRACE 4191 1449 U 4 a7523
SCHED-TRACE 4192 1449 V 4 a75b8
SCHED-TRACE 4193 1449 O 0 0
SCHED-TRACE 4194 1449 P 76 2e6438106
SCHED-TRACE 4195 1450 K 64 2df7eb439
SCHED-TRACE 4196 1450 P 76 2e7d3d2f1
SCHED-TRACE 4197 1451 P 76 2e907fbe7
SCHED-TRACE 4198 1451 I 64 a7ada
SCHED-TRACE 4199 1451 B 64 7b
SCHED-TRACE 4200 1451 P 64 2e488c8b3
SCHED-TRACE 4201 1451 R 64 2e488c8b3
SCHED-TRACE 4202 1452 U 4 a7bf4
SCHED-TRACE 4203 1452 V 4 a7c8a
SCHED-TRACE 4204 1452 O 0 0
SCHED-TRACE 4205 1452 P 64 2e6478105
SCHED-TRACE 4206 1453 K 61 2df7f0625
SCHED-TRACE 4207 1453 P 64 2e7d7d2f1
SCHED-TRACE 4208 1454 P 64 2e90c24dc
SCHED-TRACE 4209 1454 I 61 a81ac
SCHED-TRACE 4210 1454 B 61 7a
SCHED-TRACE 4211 1454 P 61 2e4899581
SCHED-TRACE 4212 1454 R 61 2e4899581
SCHED-TRACE 4213 1455 U 4 a82c6
SCHED-TRACE 4214 1455 V 4 a835c
SCHED-TRACE 4215 1455 O 0 0
SCHED-TRACE 4216 1455 P 61 2e64876c9
SCHED-TRACE 4217 1456 K 67 2df8024dc
SCHED-TRACE 4218 1456 P 61 2e7d89fbe
SCHED-TRACE 4219 1457 P 61 2e90cf1aa
SCHED-TRACE 4220 1457 I 67 a887e
SCHED-TRACE 4221 1457 B 67 7a
SCHED-TRACE 4222 1457 P 67 2e48ab438
SCHED-TRACE 4223 1457 R 67 2e48ab438
SCHED-TRACE 4224 1458 U 4 a8998
SCHED-TRACE 4225 1458 V 4 a8a2d
SCHED-TRACE 4226 1458 O 0 0
SCHED-TRACE 4227 1458 P 67 2e6496c8a
SCHED-TRACE 4228 1459 K 55 2df82dd2f
SCHED-TRACE 4229 1459 P 67 2e7d99580
SCHED-TRACE 4230 1460 P 67 2e90e1061
SCHED-TRACE 4231 1460 I 55 a8f50
SCHED-TRACE 4232 1460 B 55 7a
SCHED-TRACE 4233 1460 P 55 2e48d6c8b
SCHED-TRACE 4234 1460 R 55 2e48d6c8b
SCHED-TRACE 4235 1461 U 4 a906a
SCHED-TRACE 4236 1461 V 4 a9100
SCHED-TRACE 4237 1461 O 0 0
SCHED-TRACE 4238 1461 P 55 2e64cc8b4
SCHED-TRACE 4239 1462 K 52 2df849fbe
SCHED-TRACE 4240 1462 P 55 2e7dd1aa0
SCHED-TRACE 4241 1463 P 55 2e9116c8b
SCHED-TRACE 4242 1463 I 52 a9622
SCHED-TRACE 4243 1463 B 52 7b
SCHED-TRACE 4244 1463 P 52 2e48edd2e
SCHED-TRACE 4245 1463 R 52 2e48edd2e
SCHED-TRACE 4246 1464 U 4 a973c
SCHED-TRACE 4247 1464 V 4 a97d2
SCHED-TRACE 4248 1464 O 0 0
SCHED-TRACE 4249 1464 P 52 2e64e1062
SCHED-TRACE 4250 1465 K 58 2df859581
SCHED-TRACE 4251 1465 P 52 2e7de3957
SCHED-TRACE 4252 1466 P 52 2e9128b43
SCHED-TRACE 4253 1466 I 58 a9cf4
SCHED-TRACE 4254 1466 B 58 7a
SCHED-TRACE 4255 1466 P 58 2e48fa9fb
SCHED-TRACE 4256 1466 R 58 2e48fa9fb
SCHED-TRACE 4257 1467 U 4 a9e0e
SCHED-TRACE 4258 1467 V 4 a9ea4
SCHED-TRACE 4259 1467 O 0 0
SCHED-TRACE 4260 1467 P 58 2e64f0624
SCHED-TRACE 4261 1468 K 46 2df870625
SCHED-TRACE 4262 1468 P 58 2e7df5810
SCHED-TRACE 4263 1469 P 58 2e913a9fb
SCHED-TRACE 4264 1469 I 46 aa3c6
SCHED-TRACE 4265 1469 B 46 7a
SCHED-TRACE 4266 1469 P 46 2e4911aa0
SCHED-TRACE 4267 1469 R 46 2e4911aa0
SCHED-TRACE 4268 1470 U 4 aa4e1
SCHED-TRACE 4269 1470 V 4 aa576
SCHED-TRACE 4270 1470 O 0 0
SCHED-TRACE 4271 1470 P 46 2e650f1aa
SCHED-TRACE 4272 1471 K 43 2df875810
SCHED-TRACE 4273 1471 P 46 2e7e14395
SCHED-TRACE 4274 1472 P 46 2e9159581
SCHED-TRACE 4275 1472 I 43 aaa98
SCHED-TRACE 4276 1472 B 43 7b
SCHED-TRACE 4277 1472 P 43 2e490f1a9
SCHED-TRACE 4278 1472 R 43 2e490f1a9
SCHED-TRACE 4279 1473 U 4 aabb3
SCHED-TRACE 4280 1473 V 4 aac48
SCHED-TRACE 4281 1473 O 0 0
SCHED-TRACE 4282 1473 P 43 2e650f1a9
SCHED-TRACE 4283 1474 K 49 2df878106
SCHED-TRACE 4284 1474 P 43 2e7e14395
SCHED-TRACE 4285 1475 P 43 2e9156c8b
SCHED-TRACE 4286 1475 I 49 ab16a
SCHED-TRACE 4287 1475 B 49 7a
SCHED-TRACE 4288 1475 P 49 2e4911a9f
SCHED-TRACE 4289 1475 R 49 2e4911a9f
SCHED-TRACE 4290 1476 U 4 ab285
SCHED-TRACE 4291 1476 V 4 ab31a
SCHED-TRACE 4292 1476 O 0 0
SCHED-TRACE 4293 1476 P 49 2e650f1aa
SCHED-TRACE 4294 1477 K 31 2df8add2e
SCHED-TRACE 4295 1477 P 49 2e7e11a9f
SCHED-TRACE 4296 1478 P 49 2e9159581
SCHED-TRACE 4297 1478 I 31 ab83c
SCHED-TRACE 4298 1478 B 31 7a
SCHED-TRACE 4299 1478 P 31 2e4944dd2
SCHED-TRACE 4300 1478 R 31 2e4944dd2
SCHED-TRACE 4301 1479 U 4 ab957
SCHED-TRACE 4302 1479 V 4 ab9ed
SCHED-TRACE 4303 1479 O 0 0
SCHED-TRACE 4304 1479 P 31 2e6551a9f
SCHED-TRACE 4305 1480 K 37 2df8add2f
SCHED-TRACE 4306 1480 P 31 2e7e56c8b
SCHED-TRACE 4307 1481 P 31 2e919be76
SCHED-TRACE 4308 1481 I 37 abf0f
SCHED-TRACE 4309 1481 B 37 7a
SCHED-TRACE 4310 1481 P 37 2e4951a9f
SCHED-TRACE 4311 1481 R 37 2e4951a9f
SCHED-TRACE 4312 1482 U 4 ac02a
SCHED-TRACE 4313 1482 V 4 ac0bf
SCHED-TRACE 4314 1482 O 0 0
SCHED-TRACE 4315 1482 P 37 2e6556c8b
SCHED-TRACE 4316 1483 K 40 2df8b2f1a
SCHED-TRACE 4317 1483 P 37 2e7e59581
SCHED-TRACE 4318 1484 P 37 2e919e76c
SCHED-TRACE 4319 1484 I 40 ac5e1
SCHED-TRACE 4320 1484 B 40 7a
SCHED-TRACE 4321 1484 P 40 2e49476c8
SCHED-TRACE 4322 1484 R 40 2e49476c8
SCHED-TRACE 4323 1485 U 4 ac6fc
SCHED-TRACE 4324 1485 V 4 ac791
SCHED-TRACE 4325 1485 O 0 0
SCHED-TRACE 4326 1485 P 40 2e654c8b3
SCHED-TRACE 4327 1486 K 34 2df8dbe76
SCHED-TRACE 4328 1486 P 40 2e7e4f1a9
SCHED-TRACE 4329 1487 P 40 2e9196c8a
SCHED-TRACE 4330 1487 I 34 accb3
SCHED-TRACE 4331 1487 B 34 7a
SCHED-TRACE 4332 1487 P 34 2e496dd2f
SCHED-TRACE 4333 1487 R 34 2e496dd2f
SCHED-TRACE 4334 1488 U 4 acdce
SCHED-TRACE 4335 1488 V 4 ace64
SCHED-TRACE 4336 1488 O 0 0
SCHED-TRACE 4337 1488 P 34 2e6578106
SCHED-TRACE 4338 1489 K 34 2e6578106
SCHED-TRACE 4339 1489 P 34 2e7e7d2f1
SCHED-TRACE 4340 1490 I 34 ad386
SCHED-TRACE 4341 1490 B 34 7a
SCHED-TRACE 4342 1490 P 34 2ee26b439
SCHED-TRACE 4343 1490 R 34 2ee26b439
SCHED-TRACE 4344 1491 U 4 ad4a1
SCHED-TRACE 4345 1491 V 4 ad537
SCHED-TRACE 4346 1491 O 0 0
SCHED-TRACE 4347 1491 P 34 2efe70624
SCHED-TRACE 4348 1492 K 73 2e904f1aa
SCHED-TRACE 4349 1492 P 34 2f1772f1a
SCHED-TRACE 4350 1493 P 34 2f2ab8106
SCHED-TRACE 4351 1493 I 73 ada59
SCHED-TRACE 4352 1493 B 73 7a
SCHED-TRACE 4353 1493 P 73 2ee0fa9fb
SCHED-TRACE 4354 1493 R 73 2ee0fa9fb
SCHED-TRACE 4355 1494 U 4 adb73
SCHED-TRACE 4356 1494 V 4 adc08
SCHED-TRACE 4357 1494 O 0 0
SCHED-TRACE 4358 1494 P 73 2efcdbe76
SCHED-TRACE 4359 1495 K 70 2e9063957
SCHED-TRACE 4360 1495 P 73 2f15de76c
SCHED-TRACE 4361 1496 P 73 2f2923958
SCHED-TRACE 4362 1496 I 70 ae12a
SCHED-TRACE 4363 1496 B 70 7a
SCHED-TRACE 4364 1496 P 70 2ee1024dc
SCHED-TRACE 4365 1496 R 70 2ee1024dc
SCHED-TRACE 4366 1497 U 4 ae244
SCHED-TRACE 4367 1497 V 4 ae2d9
SCHED-TRACE 4368 1497 O 0 0
SCHED-TRACE 4369 1497 P 70 2efce624d
SCHED-TRACE 4370 1498 K 76 2e907fbe7
SCHED-TRACE 4371 1498 P 70 2f15e8b43
SCHED-TRACE 4372 1499 P 70 2f2928b43
SCHED-TRACE 4373 1499 I 76 ae7fb
SCHED-TRACE 4374 1499 B 76 7a
SCHED-TRACE 4375 1499 P 76 2ee121062
SCHED-TRACE 4376 1499 R 76 2ee121062
SCHED-TRACE 4377 1500 U 4 ae914
SCHED-TRACE 4378 1500 V 4 ae9aa
SCHED-TRACE 4379 1500 O 0 0
SCHED-TRACE 4380 1500 P 76 2efcffbe7
SCHED-TRACE 4381 1501 K 64 2e90c24dc
SCHED-TRACE 4382 1501 P 76 2f1604dd2
SCHED-TRACE 4383 1502 P 76 2f29476c8
SCHED-TRACE 4384 1502 I 64 aeecc
SCHED-TRACE 4385 1502 B 64 7b
SCHED-TRACE 4386 1502 P 64 2ee16624d
SCHED-TRACE 4387 1502 R 64 2ee16624d
SCHED-TRACE 4388 1503 U 4 aefe6
SCHED-TRACE 4389 1503 V 4 af07b
SCHED-TRACE 4390 1503 O 0 0
SCHED-TRACE 4391 1503 P 64 2efd4f1a9
SCHED-TRACE 4392 1504 K 61 2e90cf1aa
SCHED-TRACE 4393 1504 P 64 2f1651a9f
SCHED-TRACE 4394 1505 P 64 2f2994395
SCHED-TRACE 4395 1505 I 61 af59d
SCHED-TRACE 4396 1505 B 61 7a
SCHED-TRACE 4397 1505 P 61 2ee16624e
SCHED-TRACE 4398 1505 R 61 2ee16624e
SCHED-TRACE 4399 1506 U 4 af6b7
SCHED-TRACE 4400 1506 V 4 af74c
SCHED-TRACE 4401 1506 O 0 0
SCHED-TRACE 4402 1506 P 61 2efd51aa0
SCHED-TRACE 4403 1507 K 67 2e90e1061
SCHED-TRACE 4404 1507 P 61 2f1654395
SCHED-TRACE 4405 1508 P 61 2f2994395
SCHED-TRACE 4406 1508 I 67 afc6e
SCHED-TRACE 4407 1508 B 67 7a
SCHED-TRACE 4408 1508 P 67 2ee17a9fb
SCHED-TRACE 4409 1508 R 67 2ee17a9fb
SCHED-TRACE 4410 1509 U 4 afd88
SCHED-TRACE 4411 1509 V 4 afe1d
SCHED-TRACE 4412 1509 O 0 0
SCHED-TRACE 4413 1509 P 67 2efd61061
SCHED-TRACE 4414 1510 K 55 2e9116c8b
SCHED-TRACE 4415 1510 P 67 2f1663957
SCHED-TRACE 4416 1511 P 67 2f29a624d
SCHED-TRACE 4417 1511 I 55 b033f
SCHED-TRACE 4418 1511 B 55 7a
SCHED-TRACE 4419 1511 P 55 2ee1b0625
SCHED-TRACE 4420 1511 R 55 2ee1b0625
SCHED-TRACE 4421 1512 U 4 b0459
SCHED-TRACE 4422 1512 V 4 b04ef
SCHED-TRACE 4423 1512 O 0 0
SCHED-TRACE 4424 1512 P 55 2efda3958
SCHED-TRACE 4425 1513 K 52 2e9128b43
SCHED-TRACE 4426 1513 P 55 2f16a624e
SCHED-TRACE 4427 1514 P 55 2f29e8b43
SCHED-TRACE 4428 1514 I 52 b0a11
SCHED-TRACE 4429 1514 B 52 7a
SCHED-TRACE 4430 1514 P 52 2ee1d1a9f
SCHED-TRACE 4431 1514 R 52 2ee1d1a9f
SCHED-TRACE 4432 1515 U 4 b0b2b
SCHED-TRACE 4433 1515 V 4 b0bc1
SCHED-TRACE 4434 1515 O 0 0
SCHED-TRACE 4435 1515 P 52 2efdc4dd2
SCHED-TRACE 4436 1516 K 58 2e913a9fb
SCHED-TRACE 4437 1516 P 52 2f16c76c8
SCHED-TRACE 4438 1517 P 52 2f2a09fbe
SCHED-TRACE 4439 1517 I 58 b10e3
SCHED-TRACE 4440 1517 B 58 7a
SCHED-TRACE 4441 1517 P 58 2ee1e3958
SCHED-TRACE 4442 1517 R 58 2ee1e3958
SCHED-TRACE 4443 1518 U 4 b11fd
SCHED-TRACE 4444 1518 V 4 b1293
SCHED-TRACE 4445 1518 O 0 0
SCHED-TRACE 4446 1518 P 58 2efdd4395
SCHED-TRACE 4447 1519 K 43 2e9156c8b
SCHED-TRACE 4448 1519 P 58 2f16d6c8b
SCHED-TRACE 4449 1520 P 58 2f2a1be76
SCHED-TRACE 4450 1520 I 43 b17b5
SCHED-TRACE 4451 1520 B 43 7a
SCHED-TRACE 4452 1520 P 43 2ee1ffbe7
SCHED-TRACE 4453 1520 R 43 2ee1ffbe7
SCHED-TRACE 4454 1521 U 4 b18d0
SCHED-TRACE 4455 1521 V 4 b1965
SCHED-TRACE 4456 1521 O 0 0
SCHED-TRACE 4457 1521 P 43 2efdffbe7
SCHED-TRACE 4458 1522 K 46 2e9159581
SCHED-TRACE 4459 1522 P 43 2f1704dd2
SCHED-TRACE 4460 1523 P 43 2f2a476c8
SCHED-TRACE 4461 1523 I 46 b1e87
SCHED-TRACE 4462 1523 B 46 7a
SCHED-TRACE 4463 1523 P 46 2ee1f5810
SCHED-TRACE 4464 1523 R 46 2ee1f5810
SCHED-TRACE 4465 1524 U 4 b1fa2
SCHED-TRACE 4466 1524 V 4 b2037
SCHED-TRACE 4467 1524 O 0 0
SCHED-TRACE 4468 1524 P 46 2efdedd2f
SCHED-TRACE 4469 1525 K 49 2e9159581
SCHED-TRACE 4470 1525 P 46 2f16f0625
SCHED-TRACE 4471 1526 P 46 2f2a32f1a
SCHED-TRACE 4472 1526 I 49 b2559
SCHED-TRACE 4473 1526 B 49 7a
SCHED-TRACE 4474 1526 P 49 2ee1fa9fc
SCHED-TRACE 4475 1526 R 49 2ee1fa9fc
SCHED-TRACE 4476 1527 U 4 b2673
SCHED-TRACE 4477 1527 V 4 b2709
SCHED-TRACE 4478 1527 O 0 0
SCHED-TRACE 4479 1527 P 49 2efdf2f1a
SCHED-TRACE 4480 1528 K 40 2e9196c8a
SCHED-TRACE 4481 1528 P 49 2f16f5810
SCHED-TRACE 4482 1529 P 49 2f2a38106
SCHED-TRACE 4483 1529 I 40 b2c2b
SCHED-TRACE 4484 1529 B 40 7a
SCHED-TRACE 4485 1529 P 40 2ee23d2f1
SCHED-TRACE 4486 1529 R 40 2ee23d2f1
SCHED-TRACE 4487 1530 U 4 b2d46
SCHED-TRACE 4488 1530 V 4 b2ddb
SCHED-TRACE 4489 1530 O 0 0
SCHED-TRACE 4490 1530 P 40 2efe3fbe6
SCHED-TRACE 4491 1531 K 31 2e919be76
SCHED-TRACE 4492 1531 P 40 2f1744dd2
SCHED-TRACE 4493 1532 P 40 2f2a876c8
SCHED-TRACE 4494 1532 I 31 b32fd
SCHED-TRACE 4495 1532 B 31 7a
SCHED-TRACE 4496 1532 P 31 2ee235810
SCHED-TRACE 4497 1532 R 31 2ee235810
SCHED-TRACE 4498 1533 U 4 b3418
SCHED-TRACE 4499 1533 V 4 b34ae
SCHED-TRACE 4500 1533 O 0 0
SCHED-TRACE 4501 1533 P 31 2efe3d2f1
SCHED-TRACE 4502 1534 K 37 2e919e76c
SCHED-TRACE 4503 1534 P 31 2f17424dc
SCHED-TRACE 4504 1535 P 31 2f2a824dc
SCHED-TRACE 4505 1535 I 37 b39d0
SCHED-TRACE 4506 1535 B 37 7b
SCHED-TRACE 4507 1535 P 37 2ee24f1a9
SCHED-TRACE 4508 1535 R 37 2ee24f1a9
SCHED-TRACE 4509 1536 U 4 b3aeb
SCHED-TRACE 4510 1536 V 4 b3b80
SCHED-TRACE 4511 1536 O 0 0
SCHED-TRACE 4512 1536 P 37 2efe4f1a9
SCHED-TRACE 4513 1537 K 79 2e9cac953
SCHED-TRACE 4514 1537 P 37 2f1751a9f
SCHED-TRACE 4515 1538 P 37 2f2a94395
SCHED-TRACE 4516 1538 I 79 b40a2
SCHED-TRACE 4517 1538 B 79 7a
SCHED-TRACE 4518 1538 P 79 2eee19305
SCHED-TRACE 4519 1538 R 79 2eee19305
SCHED-TRACE 4520 1539 U 4 b41bb
SCHED-TRACE 4521 1539 V 4 b4251
SCHED-TRACE 4522 1539 O 0 0
SCHED-TRACE 4523 1539 P 79 2f0a3ace1
SCHED-TRACE 4524 1540 K 79 2f0a3ace1
SCHED-TRACE 4525 1540 P 79 2f237e099
SCHED-TRACE 4526 1541 I 79 b4773
SCHED-TRACE 4527 1541 B 79 7a
SCHED-TRACE 4528 1541 P 79 2f886e85b
SCHED-TRACE 4529 1541 R 79 2f886e85b
SCHED-TRACE 4530 1542 U 4 b488c
SCHED-TRACE 4531 1542 V 4 b4922
SCHED-TRACE 4532 1542 O 0 0
SCHED-TRACE 4533 1542 P 79 2fa492b96
SCHED-TRACE 4534 1543 K 73 2f2923958
SCHED-TRACE 4535 1543 P 79 2fbdd5f4e
SCHED-TRACE 4536 1544 P 79 2fd14a51f
SCHED-TRACE 4537 1544 I 73 b4e44
SCHED-TRACE 4538 1544 B 73 7a
SCHED-TRACE 4539 1544 P 73 2f79c9fbe
SCHED-TRACE 4540 1544 R 73 2f79c9fbe
SCHED-TRACE 4541 1545 U 4 b4f5e
SCHED-TRACE 4542 1545 V 4 b4ff3
SCHED-TRACE 4543 1545 O 0 0
SCHED-TRACE 4544 1545 P 73 2f95ab439
SCHED-TRACE 4545 1546 K 70 2f2928b43
SCHED-TRACE 4546 1546 P 73 2faeadd2f
SCHED-TRACE 4547 1547 P 73 2fc1f0624
SCHED-TRACE 4548 1547 I 70 b5515
SCHED-TRACE 4549 1547 B 70 7a
SCHED-TRACE 4550 1547 P 70 2f79c9fbe
SCHED-TRACE 4551 1547 R 70 2f79c9fbe
SCHED-TRACE 4552 1548 U 4 b562f
SCHED-TRACE 4553 1548 V 4 b56c4
SCHED-TRACE 4554 1548 O 0 0
SCHED-TRACE 4555 1548 P 70 2f95add2e
SCHED-TRACE 4556 1549 K 76 2f29476c8
SCHED-TRACE 4557 1549 P 70 2faeb2f1a
SCHED-TRACE 4558 1550 P 70 2fc1f2f1a
SCHED-TRACE 4559 1550 I 76 b5be6
SCHED-TRACE 4560 1550 B 76 7b
SCHED-TRACE 4561 1550 P 76 2f79eb439
SCHED-TRACE 4562 1550 R 76 2f79eb439
SCHED-TRACE 4563 1551 U 4 b5d00
SCHED-TRACE 4564 1551 V 4 b5d95
SCHED-TRACE 4565 1551 O 0 0
SCHED-TRACE 4566 1551 P 76 2f95cc8b4
SCHED-TRACE 4567 1552 K 64 2f2994395
SCHED-TRACE 4568 1552 P 76 2faed1a9f
SCHED-TRACE 4569 1553 P 76 2fc216c8b
SCHED-TRACE 4570 1553 I 64 b62b7
SCHED-TRACE 4571 1553 B 64 7b
SCHED-TRACE 4572 1553 P 64 2f7a30624
SCHED-TRACE 4573 1553 R 64 2f7a30624
SCHED-TRACE 4574 1554 U 4 b63d1
SCHED-TRACE 4575 1554 V 4 b6467
SCHED-TRACE 4576 1554 O 0 0
SCHED-TRACE 4577 1554 P 64 2f961be76
SCHED-TRACE 4578 1555 K 61 2f2994395
SCHED-TRACE 4579 1555 P 64 2faf21061
SCHED-TRACE 4580 1556 P 64 2fc26624d
SCHED-TRACE 4581 1556 I 61 b6989
SCHED-TRACE 4582 1556 B 61 7a
SCHED-TRACE 4583 1556 P 61 2f7a3d2f2
SCHED-TRACE 4584 1556 R 61 2f7a3d2f2
SCHED-TRACE 4585 1557 U 4 b6aa3
SCHED-TRACE 4586 1557 V 4 b6b39
SCHED-TRACE 4587 1557 O 0 0
SCHED-TRACE 4588 1557 P 61 2f962b439
SCHED-TRACE 4589 1558 K 67 2f29a624d
SCHED-TRACE 4590 1558 P 61 2faf2dd2f
SCHED-TRACE 4591 1559 P 61 2fc272f1a
SCHED-TRACE 4592 1559 I 67 b705b
SCHED-TRACE 4593 1559 B 67 7a
SCHED-TRACE 4594 1559 P 67 2f7a51a9f
SCHED-TRACE 4595 1559 R 67 2f7a51a9f
SCHED-TRACE 4596 1560 U 4 b7175
SCHED-TRACE 4597 1560 V 4 b720a
SCHED-TRACE 4598 1560 O 0 0
SCHED-TRACE 4599 1560 P 67 2f963fbe6
SCHED-TRACE 4600 1561 K 55 2f29e8b43
SCHED-TRACE 4601 1561 P 67 2faf424dc
SCHED-TRACE 4602 1562 P 67 2fc289fbd
SCHED-TRACE 4603 1562 I 55 b772d
SCHED-TRACE 4604 1562 B 55 7a
SCHED-TRACE 4605 1562 P 55 2f7a91aa0
SCHED-TRACE 4606 1562 R 55 2f7a91aa0
SCHED-TRACE 4607 1563 U 4 b7847
SCHED-TRACE 4608 1563 V 4 b78dd
SCHED-TRACE 4609 1563 O 0 0
SCHED-TRACE 4610 1563 P 55 2f9684dd3
SCHED-TRACE 4611 1564 K 52 2f2a09fbe
SCHED-TRACE 4612 1564 P 55 2faf89fbe
SCHED-TRACE 4613 1565 P 55 2fc2cf1aa
SCHED-TRACE 4614 1565 I 52 b7dff
SCHED-TRACE 4615 1565 B 52 7a
SCHED-TRACE 4616 1565 P 52 2f7aab439
SCHED-TRACE 4617 1565 R 52 2f7aab439
SCHED-TRACE 4618 1566 U 4 b7f19
SCHED-TRACE 4619 1566 V 4 b7faf
SCHED-TRACE 4620 1566 O 0 0
SCHED-TRACE 4621 1566 P 52 2f96a1062
SCHED-TRACE 4622 1567 K 58 2f2a1be76
SCHED-TRACE 4623 1567 P 52 2fafa624d
SCHED-TRACE 4624 1568 P 52 2fc2e8b43
SCHED-TRACE 4625 1568 I 58 b84d1
SCHED-TRACE 4626 1568 B 58 7b
SCHED-TRACE 4627 1568 P 58 2f7abfbe7
SCHED-TRACE 4628 1568 R 58 2f7abfbe7
SCHED-TRACE 4629 1569 U 4 b85eb
SCHED-TRACE 4630 1569 V 4 b8681
SCHED-TRACE 4631 1569 O 0 0
SCHED-TRACE 4632 1569 P 58 2f96b2f1a
SCHED-TRACE 4633 1570 K 46 2f2a32f1a
SCHED-TRACE 4634 1570 P 58 2fafb8106
SCHED-TRACE 4635 1571 P 58 2fc2fd2f1
SCHED-TRACE 4636 1571 I 46 b8ba3
SCHED-TRACE 4637 1571 B 46 7a
SCHED-TRACE 4638 1571 P 46 2f7ad4395
SCHED-TRACE 4639 1571 R 46 2f7ad4395
SCHED-TRACE 4640 1572 U 4 b8cbe
SCHED-TRACE 4641 1572 V 4 b8d53
SCHED-TRACE 4642 1572 O 0 0
SCHED-TRACE 4643 1572 P 46 2f96d1aa0
SCHED-TRACE 4644 1573 K 49 2f2a38106
SCHED-TRACE 4645 1573 P 46 2fafd6c8b
SCHED-TRACE 4646 1574 P 46 2fc319581
SCHED-TRACE 4647 1574 I 49 b9275
SCHED-TRACE 4648 1574 B 49 7a
SCHED-TRACE 4649 1574 P 49 2f7ad6c8b
SCHED-TRACE 4650 1574 R 49 2f7ad6c8b
SCHED-TRACE 4651 1575 U 4 b9390
SCHED-TRACE 4652 1575 V 4 b9425
SCHED-TRACE 4653 1575 O 0 0
SCHED-TRACE 4654 1575 P 49 2f96d1a9f
SCHED-TRACE 4655 1576 K 43 2f2a476c8
SCHED-TRACE 4656 1576 P 49 2fafd6c8b
SCHED-TRACE 4657 1577 P 49 2fc31be76
SCHED-TRACE 4658 1577 I 43 b9947
SCHED-TRACE 4659 1577 B 43 7b
SCHED-TRACE 4660 1577 P 43 2f7ae624d
SCHED-TRACE 4661 1577 R 43 2f7ae624d
SCHED-TRACE 4662 1578 U 4 b9a62
SCHED-TRACE 4663 1578 V 4 b9af7
SCHED-TRACE 4664 1578 O 0 0
SCHED-TRACE 4665 1578 P 43 2f96e8b43
SCHED-TRACE 4666 1579 K 31 2f2a824dc
SCHED-TRACE 4667 1579 P 43 2fafedd2e
SCHED-TRACE 4668 1580 P 43 2fc332f1a
SCHED-TRACE 4669 1580 I 31 ba019
SCHED-TRACE 4670 1580 B 31 7b
SCHED-TRACE 4671 1580 P 31 2f7b16c8b
SCHED-TRACE 4672 1580 R 31 2f7b16c8b
SCHED-TRACE 4673 1581 U 4 ba134
SCHED-TRACE 4674 1581 V 4 ba1ca
SCHED-TRACE 4675 1581 O 0 0
SCHED-TRACE 4676 1581 P 31 2f9721062
SCHED-TRACE 4677 1582 K 40 2f2a876c8
SCHED-TRACE 4678 1582 P 31 2fb023957
SCHED-TRACE 4679 1583 P 31 2fc368b43
SCHED-TRACE 4680 1583 I 40 ba6ec
SCHED-TRACE 4681 1583 B 40 7a
SCHED-TRACE 4682 1583 P 40 2f7b2dd2e
SCHED-TRACE 4683 1583 R 40 2f7b2dd2e
SCHED-TRACE 4684 1584 U 4 ba807
SCHED-TRACE 4685 1584 V 4 ba89c
SCHED-TRACE 4686 1584 O 0 0
SCHED-TRACE 4687 1584 P 40 2f9732f1a
SCHED-TRACE 4688 1585 K 37 2f2a94395
SCHED-TRACE 4689 1585 P 40 2fb03580f
SCHED-TRACE 4690 1586 P 40 2fc37a9fb
SCHED-TRACE 4691 1586 I 37 badbe
SCHED-TRACE 4692 1586 B 37 7a
SCHED-TRACE 4693 1586 P 37 2f7b28b43
SCHED-TRACE 4694 1586 R 37 2f7b28b43
SCHED-TRACE 4695 1587 U 4 baed9
SCHED-TRACE 4696 1587 V 4 baf6f
SCHED-TRACE 4697 1587 O 0 0
SCHED-TRACE 4698 1587 P 37 2f9730624
SCHED-TRACE 4699 1588 K 34 2f2ab8106
SCHED-TRACE 4700 1588 P 37 2fb035810
SCHED-TRACE 4701 1589 P 37 2fc37a9fb
SCHED-TRACE 4702 1589 I 34 bb491
SCHED-TRACE 4703 1589 B 34 7b
SCHED-TRACE 4704 1589 P 34 2f7b63958
SCHED-TRACE 4705 1589 R 34 2f7b63958
SCHED-TRACE 4706 1590 U 4 bb5ac
SCHED-TRACE 4707 1590 V 4 bb642
SCHED-TRACE 4708 1590 O 0 0
SCHED-TRACE 4709 1590 P 34 2f976b439
SCHED-TRACE 4710 1591 K 34 2f976b439
SCHED-TRACE 4711 1591 P 34 2fb06dd2f
SCHED-TRACE 4712 1592 I 34 bbb64
SCHED-TRACE 4713 1592 B 34 7a
SCHED-TRACE 4714 1592 P 34 30145be76
SCHED-TRACE 4715 1592 R 34 30145be76
SCHED-TRACE 4716 1593 U 4 bbc7f
SCHED-TRACE 4717 1593 V 4 bbd14
SCHED-TRACE 4718 1593 O 0 0
SCHED-TRACE 4719 1593 P 34 303063958
SCHED-TRACE 4720 1594 K 73 2fc1f0624
SCHED-TRACE 4721 1594 P 34 304968b43
SCHED-TRACE 4722 1595 P 34 305cab439
SCHED-TRACE 4723 1595 I 73 bc236
SCHED-TRACE 4724 1595 B 73 7b
SCHED-TRACE 4725 1595 P 73 3012876c8
SCHED-TRACE 4726 1595 R 73 3012876c8
SCHED-TRACE 4727 1596 U 4 bc350
SCHED-TRACE 4728 1596 V 4 bc3e5
SCHED-TRACE 4729 1596 O 0 0
SCHED-TRACE 4730 1596 P 73 302e68b43
SCHED-TRACE 4731 1597 K 70 2fc1f2f1a
SCHED-TRACE 4732 1597 P 73 30476dd2f
SCHED-TRACE 4733 1598 P 73 305ab0624
SCHED-TRACE 4734 1598 I 70 bc907
SCHED-TRACE 4735 1598 B 70 7b
SCHED-TRACE 4736 1598 P 70 301294395
SCHED-TRACE 4737 1598 R 70 301294395
SCHED-TRACE 4738 1599 U 4 bca21
SCHED-TRACE 4739 1599 V 4 bcab6
SCHED-TRACE 4740 1599 O 0 0
SCHED-TRACE 4741 1599 P 70 302e75810
SCHED-TRACE 4742 1600 K 76 2fc216c8b
SCHED-TRACE 4743 1600 P 70 304778105
SCHED-TRACE 4744 1601 P 70 305aba9fb
SCHED-TRACE 4745 1601 I 76 bcfd8
SCHED-TRACE 4746 1601 B 76 7a
SCHED-TRACE 4747 1601 P 76 3012b5810
SCHED-TRACE 4748 1601 R 76 3012b5810
SCHED-TRACE 4749 1602 U 4 bd0f1
SCHED-TRACE 4750 1602 V 4 bd187
SCHED-TRACE 4751 1602 O 0 0
SCHED-TRACE 4752 1602 P 76 302e94395
SCHED-TRACE 4753 1603 K 64 2fc26624d
SCHED-TRACE 4754 1603 P 76 304796c8b
SCHED-TRACE 4755 1604 P 76 305ad9580
SCHED-TRACE 4756 1604 I 64 bd6a9
SCHED-TRACE 4757 1604 B 64 7a
SCHED-TRACE 4758 1604 P 64 301309fbe
SCHED-TRACE 4759 1604 R 64 301309fbe
SCHED-TRACE 4760 1605 U 4 bd7c3
SCHED-TRACE 4761 1605 V 4 bd858
SCHED-TRACE 4762 1605 O 0 0
SCHED-TRACE 4763 1605 P 64 302ef0624
SCHED-TRACE 4764 1606 K 61 2fc272f1a
SCHED-TRACE 4765 1606 P 64 3047f2f1a
SCHED-TRACE 4766 1607 P 64 305b35810
SCHED-TRACE 4767 1607 I 61 bdd7a
SCHED-TRACE 4768 1607 B 61 7a
SCHED-TRACE 4769 1607 P 61 30130c8b4
SCHED-TRACE 4770 1607 R 61 30130c8b4
SCHED-TRACE 4771 1608 U 4 bde94
SCHED-TRACE 4772 1608 V 4 bdf29
SCHED-TRACE 4773 1608 O 0 0
SCHED-TRACE 4774 1608 P 61 302ef8106
SCHED-TRACE 4775 1609 K 67 2fc289fbd
SCHED-TRACE 4776 1609 P 61 3047fa9fc
SCHED-TRACE 4777 1610 P 61 305b3d2f2
SCHED-TRACE 4778 1610 I 67 be44b
SCHED-TRACE 4779 1610 B 67 7a
SCHED-TRACE 4780 1610 P 67 301321061
SCHED-TRACE 4781 1610 R 67 301321061
SCHED-TRACE 4782 1611 U 4 be565
SCHED-TRACE 4783 1611 V 4 be5fa
SCHED-TRACE 4784 1611 O 0 0
SCHED-TRACE 4785 1611 P 67 302f076c8
SCHED-TRACE 4786 1612 K 55 2fc2cf1aa
SCHED-TRACE 4787 1612 P 67 304809fbd
SCHED-TRACE 4788 1613 P 67 305b4c8b3
SCHED-TRACE 4789 1613 I 55 beb1c
SCHED-TRACE 4790 1613 B 55 7a
SCHED-TRACE 4791 1613 P 55 30136b439
SCHED-TRACE 4792 1613 R 55 30136b439
SCHED-TRACE 4793 1614 U 4 bec36
SCHED-TRACE 4794 1614 V 4 beccc
SCHED-TRACE 4795 1614 O 0 0
SCHED-TRACE 4796 1614 P 55 302f5e76c
SCHED-TRACE 4797 1615 K 52 2fc2e8b43
SCHED-TRACE 4798 1615 P 55 304861062
SCHED-TRACE 4799 1616 P 55 305ba3958
SCHED-TRACE 4800 1616 I 52 bf1ee
SCHED-TRACE 4801 1616 B 52 7a
SCHED-TRACE 4802 1616 P 52 301391a9f
SCHED-TRACE 4803 1616 R 52 301391a9f
SCHED-TRACE 4804 1617 U 4 bf308
SCHED-TRACE 4805 1617 V 4 bf39e
SCHED-TRACE 4806 1617 O 0 0
SCHED-TRACE 4807 1617 P 52 302f824dc
SCHED-TRACE 4808 1618 K 58 2fc2fd2f1
SCHED-TRACE 4809 1618 P 52 304884dd2
SCHED-TRACE 4810 1619 P 52 305bc76c8
SCHED-TRACE 4811 1619 I 58 bf8c0
SCHED-TRACE 4812 1619 B 58 7a
SCHED-TRACE 4813 1619 P 58 3013a624d
SCHED-TRACE 4814 1619 R 58 3013a624d
SCHED-TRACE 4815 1620 U 4 bf9da
SCHED-TRACE 4816 1620 V 4 bfa70
SCHED-TRACE 4817 1620 O 0 0
SCHED-TRACE 4818 1620 P 58 302f96c8b
SCHED-TRACE 4819 1621 K 46 2fc319581
SCHED-TRACE 4820 1621 P 58 30489be76
SCHED-TRACE 4821 1622 P 58 305bde76c
SCHED-TRACE 4822 1622 I 46 bff92
SCHED-TRACE 4823 1622 B 46 7b
SCHED-TRACE 4824 1622 P 46 3013c76c9
SCHED-TRACE 4825 1622 R 46 3013c76c9
SCHED-TRACE 4826 1623 U 4 c00ad
SCHED-TRACE 4827 1623 V 4 c0142
SCHED-TRACE 4828 1623 O 0 0
SCHED-TRACE 4829 1623 P 46 302fbfbe7
SCHED-TRACE 4830 1624 K 49 2fc31be76
SCHED-TRACE 4831 1624 P 46 3048c24dd
SCHED-TRACE 4832 1625 P 46 305c04dd3
SCHED-TRACE 4833 1625 I 49 c0664
SCHED-TRACE 4834 1625 B 49 7a
SCHED-TRACE 4835 1625 P 49 3013bd2f1
SCHED-TRACE 4836 1625 R 49 3013bd2f1
SCHED-TRACE 4837 1626 U 4 c077e
SCHED-TRACE 4838 1626 V 4 c0814
SCHED-TRACE 4839 1626 O 0 0
SCHED-TRACE 4840 1626 P 49 302fb0625
SCHED-TRACE 4841 1627 K 43 2fc332f1a
SCHED-TRACE 4842 1627 P 49 3048b2f1a
SCHED-TRACE 4843 1628 P 49 305bf5810
SCHED-TRACE 4844 1628 I 43 c0d36
SCHED-TRACE 4845 1628 B 43 7a
SCHED-TRACE 4846 1628 P 43 3013d9580
SCHED-TRACE 4847 1628 R 43 3013d9580
SCHED-TRACE 4848 1629 U 4 c0e51
SCHED-TRACE 4849 1629 V 4 c0ee6
SCHED-TRACE 4850 1629 O 0 0
SCHED-TRACE 4851 1629 P 43 302fd9580
SCHED-TRACE 4852 1630 K 31 2fc368b43
SCHED-TRACE 4853 1630 P 43 3048de76c
SCHED-TRACE 4854 1631 P 43 305c21062
SCHED-TRACE 4855 1631 I 31 c1408
SCHED-TRACE 4856 1631 B 31 7b
SCHED-TRACE 4857 1631 P 31 301404dd2
SCHED-TRACE 4858 1631 R 31 301404dd2
SCHED-TRACE 4859 1632 U 4 c1523
SCHED-TRACE 4860 1632 V 4 c15b9
SCHED-TRACE 4861 1632 O 0 0
SCHED-TRACE 4862 1632 P 31 303009fbe
SCHED-TRACE 4863 1633 K 40 2fc37a9fb
SCHED-TRACE 4864 1633 P 31 30490f1a9
SCHED-TRACE 4865 1634 P 31 305c51a9f
SCHED-TRACE 4866 1634 I 40 c1adb
SCHED-TRACE 4867 1634 B 40 7b
SCHED-TRACE 4868 1634 P 40 30142624d
SCHED-TRACE 4869 1634 R 40 30142624d
SCHED-TRACE 4870 1635 U 4 c1bf6
SCHED-TRACE 4871 1635 V 4 c1c8b
SCHED-TRACE 4872 1635 O 0 0
SCHED-TRACE 4873 1635 P 40 30302624d
SCHED-TRACE 4874 1636 K 37 2fc37a9fb
SCHED-TRACE 4875 1636 P 40 304928b43
SCHED-TRACE 4876 1637 P 40 305c6b438
SCHED-TRACE 4877 1637 I 37 c21ad
SCHED-TRACE 4878 1637 B 37 7a
SCHED-TRACE 4879 1637 P 37 301416c8b
SCHED-TRACE 4880 1637 R 37 301416c8b
SCHED-TRACE 4881 1638 U 4 c22c8
SCHED-TRACE 4882 1638 V 4 c235d
SCHED-TRACE 4883 1638 O 0 0
SCHED-TRACE 4884 1638 P 37 303019581
SCHED-TRACE 4885 1639 K 79 2fd14a51f
SCHED-TRACE 4886 1639 P 37 30491be76
SCHED-TRACE 4887 1640 P 37 305c5be76
SCHED-TRACE 4888 1640 I 79 c287f
SCHED-TRACE 4889 1640 B 79 7a
SCHED-TRACE 4890 1640 P 79 3022b9831
SCHED-TRACE 4891 1640 R 79 3022b9831
SCHED-TRACE 4892 1641 U 4 c2998
SCHED-TRACE 4893 1641 V 4 c2a2e
SCHED-TRACE 4894 1641 O 0 0
SCHED-TRACE 4895 1641 P 79 303edb20d
SCHED-TRACE 4896 1642 K 79 303edb20d
SCHED-TRACE 4897 1642 P 79 30581e5c5
SCHED-TRACE 4898 1643 I 79 c2f50
SCHED-TRACE 4899 1643 B 79 7a
SCHED-TRACE 4900 1643 P 79 30bd0ed87
SCHED-TRACE 4901 1643 R 79 30bd0ed87
SCHED-TRACE 4902 1644 U 4 c3069
SCHED-TRACE 4903 1644 V 4 c30ff
SCHED-TRACE 4904 1644 O 0 0
SCHED-TRACE 4905 1644 P 79 30d9330c2
SCHED-TRACE 4906 1645 K 73 305ab0624
SCHED-TRACE 4907 1645 P 79 30f27647a
SCHED-TRACE 4908 1646 P 79 3105eaa4b
SCHED-TRACE 4909 1646 I 73 c3621
SCHED-TRACE 4910 1646 B 73 7a
SCHED-TRACE 4911 1646 P 73 30ab56c8b
SCHED-TRACE 4912 1646 R 73 30ab56c8b
SCHED-TRACE 4913 1647 U 4 c373b
SCHED-TRACE 4914 1647 V 4 c37d0
SCHED-TRACE 4915 1647 O 0 0
SCHED-TRACE 4916 1647 P 73 30c738106
SCHED-TRACE 4917 1648 K 70 305aba9fb
SCHED-TRACE 4918 1648 P 73 30e03a9fb
SCHED-TRACE 4919 1649 P 73 30f37d2f1
SCHED-TRACE 4920 1649 I 70 c3cf2
SCHED-TRACE 4921 1649 B 70 7a
SCHED-TRACE 4922 1649 P 70 30ab59580
SCHED-TRACE 4923 1649 R 70 30ab59580
SCHED-TRACE 4924 1650 U 4 c3e0c
SCHED-TRACE 4925 1650 V 4 c3ea1
SCHED-TRACE 4926 1650 O 0 0
SCHED-TRACE 4927 1650 P 70 30c73a9fb
SCHED-TRACE 4928 1651 K 76 305ad9580
SCHED-TRACE 4929 1651 P 70 30e03d2f1
SCHED-TRACE 4930 1652 P 70 30f37fbe7
SCHED-TRACE 4931 1652 I 76 c43c3
SCHED-TRACE 4932 1652 B 76 7a
SCHED-TRACE 4933 1652 P 76 30ab7a9fb
SCHED-TRACE 4934 1652 R 76 30ab7a9fb
SCHED-TRACE 4935 1653 U 4 c44dc
SCHED-TRACE 4936 1653 V 4 c4572
SCHED-TRACE 4937 1653 O 0 0
SCHED-TRACE 4938 1653 P 76 30c75be76
SCHED-TRACE 4939 1654 K 64 305b35810
SCHED-TRACE 4940 1654 P 76 30e05e76c
SCHED-TRACE 4941 1655 P 76 30f3a3957
SCHED-TRACE 4942 1655 I 64 c4a94
SCHED-TRACE 4943 1655 B 64 7a
SCHED-TRACE 4944 1655 P 64 30abd4395
SCHED-TRACE 4945 1655 R 64 30abd4395
SCHED-TRACE 4946 1656 U 4 c4bae
SCHED-TRACE 4947 1656 V 4 c4c43
SCHED-TRACE 4948 1656 O 0 0
SCHED-TRACE 4949 1656 P 64 30c7c24dc
SCHED-TRACE 4950 1657 K 61 305b3d2f2
SCHED-TRACE 4951 1657 P 64 30e0c4dd2
SCHED-TRACE 4952 1658 P 64 30f409fbe
SCHED-TRACE 4953 1658 I 61 c5166
SCHED-TRACE 4954 1658 B 61 7a
SCHED-TRACE 4955 1658 P 61 30abe8b43
SCHED-TRACE 4956 1658 R 61 30abe8b43
SCHED-TRACE 4957 1659 U 4 c5280
SCHED-TRACE 4958 1659 V 4 c5316
SCHED-TRACE 4959 1659 O 0 0
SCHED-TRACE 4960 1659 P 61 30c7d6c8b
SCHED-TRACE 4961 1660 K 67 305b4c8b3
SCHED-TRACE 4962 1660 P 61 30e0dbe77
SCHED-TRACE 4963 1661 P 61 30f41e76c
SCHED-TRACE 4964 1661 I 67 c5838
SCHED-TRACE 4965 1661 B 67 7b
SCHED-TRACE 4966 1661 P 67 30abfa9fb
SCHED-TRACE 4967 1661 R 67 30abfa9fb
SCHED-TRACE 4968 1662 U 4 c5952
SCHED-TRACE 4969 1662 V 4 c59e8
SCHED-TRACE 4970 1662 O 0 0
SCHED-TRACE 4971 1662 P 67 30c7e624d
SCHED-TRACE 4972 1663 K 55 305ba3958
SCHED-TRACE 4973 1663 P 67 30e0e8b43
SCHED-TRACE 4974 1664 P 67 30f430624
SCHED-TRACE 4975 1664 I 55 c5f0a
SCHED-TRACE 4976 1664 B 55 7a
SCHED-TRACE 4977 1664 P 55 30ac4c8b4
SCHED-TRACE 4978 1664 R 55 30ac4c8b4
SCHED-TRACE 4979 1665 U 4 c6024
SCHED-TRACE 4980 1665 V 4 c60ba
SCHED-TRACE 4981 1665 O 0 0
SCHED-TRACE 4982 1665 P 55 30c844dd3
SCHED-TRACE 4983 1666 K 52 305bc76c8
SCHED-TRACE 4984 1666 P 55 30e1476c8
SCHED-TRACE 4985 1667 P 55 30f48c8b4
SCHED-TRACE 4986 1667 I 52 c65dc
SCHED-TRACE 4987 1667 B 52 7a
SCHED-TRACE 4988 1667 P 52 30ac68b43
SCHED-TRACE 4989 1667 R 52 30ac68b43
SCHED-TRACE 4990 1668 U 4 c66f6
SCHED-TRACE 4991 1668 V 4 c678c
SCHED-TRACE 4992 1668 O 0 0
SCHED-TRACE 4993 1668 P 52 30c861062
SCHED-TRACE 4994 1669 K 58 305bde76c
SCHED-TRACE 4995 1669 P 52 30e16624d
SCHED-TRACE 4996 1670 P 52 30f4a8b43
SCHED-TRACE 4997 1670 I 58 c6cae
SCHED-TRACE 4998 1670 B 58 7a
SCHED-TRACE 4999 1670 P 58 30ac824dd
SCHED-TRACE 5000 1670 R 58 30ac824dd
SCHED-TRACE 5001 1671 U 4 c6dc8
SCHED-TRACE 5002 1671 V 4 c6e5e
SCHED-TRACE 5003 1671 O 0 0
SCHED-TRACE 5004 1671 P 58 30c875810
SCHED-TRACE 5005 1672 K 49 305bf5810
SCHED-TRACE 5006 1672 P 58 30e178106
SCHED-TRACE 5007 1673 P 58 30f4bd2f1
SCHED-TRACE 5008 1673 I 49 c7380
SCHED-TRACE 5009 1673 B 49 7a
SCHED-TRACE 5010 1673 P 49 30ac99581
SCHED-TRACE 5011 1673 R 49 30ac99581
SCHED-TRACE 5012 1674 U 4 c749b
SCHED-TRACE 5013 1674 V 4 c7530
SCHED-TRACE 5014 1674 O 0 0
SCHED-TRACE 5015 1674 P 49 30c896c8b
SCHED-TRACE 5016 1675 K 46 305c04dd3
SCHED-TRACE 5017 1675 P 49 30e199581
SCHED-TRACE 5018 1676 P 49 30f4de76c
SCHED-TRACE 5019 1676 I 46 c7a52
SCHED-TRACE 5020 1676 B 46 7a
SCHED-TRACE 5021 1676 P 46 30aca1062
SCHED-TRACE 5022 1676 R 46 30aca1062
SCHED-TRACE 5023 1677 U 4 c7b6d
SCHED-TRACE 5024 1677 V 4 c7c02
SCHED-TRACE 5025 1677 O 0 0
SCHED-TRACE 5026 1677 P 46 30c89e76c
SCHED-TRACE 5027 1678 K 43 305c21062
SCHED-TRACE 5028 1678 P 46 30e1a3958
SCHED-TRACE 5029 1679 P 46 30f4e8b43
SCHED-TRACE 5030 1679 I 43 c8124
SCHED-TRACE 5031 1679 B 43 7a
SCHED-TRACE 5032 1679 P 43 30acba9fb
SCHED-TRACE 5033 1679 R 43 30acba9fb
SCHED-TRACE 5034 1680 U 4 c823f
SCHED-TRACE 5035 1680 V 4 c82d4
SCHED-TRACE 5036 1680 O 0 0
SCHED-TRACE 5037 1680 P 43 30c8bfbe7
SCHED-TRACE 5038 1681 K 31 305c51a9f
SCHED-TRACE 5039 1681 P 43 30e1c4dd2
SCHED-TRACE 5040 1682 P 43 30f50c8b4
SCHED-TRACE 5041 1682 I 31 c87f6
SCHED-TRACE 5042 1682 B 31 7b
SCHED-TRACE 5043 1682 P 31 30ace3957
SCHED-TRACE 5044 1682 R 31 30ace3957
SCHED-TRACE 5045 1683 U 4 c8911
SCHED-TRACE 5046 1683 V 4 c89a7
SCHED-TRACE 5047 1683 O 0 0
SCHED-TRACE 5048 1683 P 31 30c8f0624
SCHED-TRACE 5049 1684 K 37 305c5be76
SCHED-TRACE 5050 1684 P 31 30e1f2f1a
SCHED-TRACE 5051 1685 P 31 30f538105
SCHED-TRACE 5052 1685 I 37 c8ec9
SCHED-TRACE 5053 1685 B 37 7a
SCHED-TRACE 5054 1685 P 37 30acffbe7
SCHED-TRACE 5055 1685 R 37 30acffbe7
SCHED-TRACE 5056 1686 U 4 c8fe4
SCHED-TRACE 5057 1686 V 4 c9079
SCHED-TRACE 5058 1686 O 0 0
SCHED-TRACE 5059 1686 P 37 30c904dd2
SCHED-TRACE 5060 1687 K 40 305c6b438
SCHED-TRACE 5061 1687 P 37 30e209fbe
SCHED-TRACE 5062 1688 P 37 30f54c8b4
SCHED-TRACE 5063 1688 I 40 c959b
SCHED-TRACE 5064 1688 B 40 7b
SCHED-TRACE 5065 1688 P 40 30ad024dc
SCHED-TRACE 5066 1688 R 40 30ad024dc
SCHED-TRACE 5067 1689 U 4 c96b6
SCHED-TRACE 5068 1689 V 4 c974b
SCHED-TRACE 5069 1689 O 0 0
SCHED-TRACE 5070 1689 P 40 30c9024dc
SCHED-TRACE 5071 1690 K 34 305cab439
SCHED-TRACE 5072 1690 P 40 30e2076c8
SCHED-TRACE 5073 1691 P 40 30f54c8b3
SCHED-TRACE 5074 1691 I 34 c9c6d
SCHED-TRACE 5075 1691 B 34 7a
SCHED-TRACE 5076 1691 P 34 30ad3d2f1
SCHED-TRACE 5077 1691 R 34 30ad3d2f1
SCHED-TRACE 5078 1692 U 4 c9d88
SCHED-TRACE 5079 1692 V 4 c9e1e
SCHED-TRACE 5080 1692 O 0 0
SCHED-TRACE 5081 1692 P 34 30c944dd3
SCHED-TRACE 5082 1693 K 34 30c944dd3
SCHED-TRACE 5083 1693 P 34 30e2476c8
SCHED-TRACE 5084 1694 I 34 ca340
SCHED-TRACE 5085 1694 B 34 7a
SCHED-TRACE 5086 1694 P 34 314635810
SCHED-TRACE 5087 1694 R 34 314635810
SCHED-TRACE 5088 1695 U 4 ca45b
SCHED-TRACE 5089 1695 V 4 ca4f1
SCHED-TRACE 5090 1695 O 0 0
SCHED-TRACE 5091 1695 P 34 31623d2f1
SCHED-TRACE 5092 1696 K 73 30f37d2f1
SCHED-TRACE 5093 1696 P 34 317b424dd
SCHED-TRACE 5094 1697 P 34 318e84dd3
SCHED-TRACE 5095 1697 I 73 caa12
SCHED-TRACE 5096 1697 B 73 7a
SCHED-TRACE 5097 1697 P 73 314411a9f
SCHED-TRACE 5098 1697 R 73 314411a9f
SCHED-TRACE 5099 1698 U 4 cab2c
SCHED-TRACE 5100 1698 V 4 cabc1
SCHED-TRACE 5101 1698 O 0 0
SCHED-TRACE 5102 1698 P 73 315ff2f1a
SCHED-TRACE 5103 1699 K 70 30f37fbe7
SCHED-TRACE 5104 1699 P 73 3178f5810
SCHED-TRACE 5105 1700 P 73 318c38106
SCHED-TRACE 5106 1700 I 70 cb0e3
SCHED-TRACE 5107 1700 B 70 7a
SCHED-TRACE 5108 1700 P 70 31441e76c
SCHED-TRACE 5109 1700 R 70 31441e76c
SCHED-TRACE 5110 1701 U 4 cb1fd
SCHED-TRACE 5111 1701 V 4 cb292
SCHED-TRACE 5112 1701 O 0 0
SCHED-TRACE 5113 1701 P 70 315fffbe7
SCHED-TRACE 5114 1702 K 76 30f3a3957
SCHED-TRACE 5115 1702 P 70 3179024dc
SCHED-TRACE 5116 1703 P 70 318c44dd2
SCHED-TRACE 5117 1703 I 76 cb7b4
SCHED-TRACE 5118 1703 B 76 7a
SCHED-TRACE 5119 1703 P 76 314444dd2
SCHED-TRACE 5120 1703 R 76 314444dd2
SCHED-TRACE 5121 1704 U 4 cb8cd
SCHED-TRACE 5122 1704 V 4 cb963
SCHED-TRACE 5123 1704 O 0 0
SCHED-TRACE 5124 1704 P 76 316023957
SCHED-TRACE 5125 1705 K 64 30f409fbe
SCHED-TRACE 5126 1705 P 76 31792624d
SCHED-TRACE 5127 1706 P 76 318c68b43
SCHED-TRACE 5128 1706 I 64 cbe85
SCHED-TRACE 5129 1706 B 64 7a
SCHED-TRACE 5130 1706 P 64 3144add2e
SCHED-TRACE 5131 1706 R 64 3144add2e
SCHED-TRACE 5132 1707 U 4 cbf9f
SCHED-TRACE 5133 1707 V 4 cc034
SCHED-TRACE 5134 1707 O 0 0
SCHED-TRACE 5135 1707 P 64 316096c8a
SCHED-TRACE 5136 1708 K 61 30f41e76c
SCHED-TRACE 5137 1708 P 64 317999580
SCHED-TRACE 5138 1709 P 64 318cde76c
SCHED-TRACE 5139 1709 I 61 cc556
SCHED-TRACE 5140 1709 B 61 7a
SCHED-TRACE 5141 1709 P 61 3144b5810
SCHED-TRACE 5142 1709 R 61 3144b5810
SCHED-TRACE 5143 1710 U 4 cc670
SCHED-TRACE 5144 1710 V 4 cc705
SCHED-TRACE 5145 1710 O 0 0
SCHED-TRACE 5146 1710 P 61 3160a1062
SCHED-TRACE 5147 1711 K 67 30f430624
SCHED-TRACE 5148 1711 P 61 3179a3958
SCHED-TRACE 5149 1712 P 61 318ce624e
SCHED-TRACE 5150 1712 I 67 ccc27
SCHED-TRACE 5151 1712 B 67 7a
SCHED-TRACE 5152 1712 P 67 3144c76c8
SCHED-TRACE 5153 1712 R 67 3144c76c8
SCHED-TRACE 5154 1713 U 4 ccd41
SCHED-TRACE 5155 1713 V 4 ccdd6
SCHED-TRACE 5156 1713 O 0 0
SCHED-TRACE 5157 1713 P 67 3160add2e
SCHED-TRACE 5158 1714 K 55 30f48c8b4
SCHED-TRACE 5159 1714 P 67 3179b0624
SCHED-TRACE 5160 1715 P 67 318cf580f
SCHED-TRACE 5161 1715 I 55 cd2f8
SCHED-TRACE 5162 1715 B 55 7a
SCHED-TRACE 5163 1715 P 55 31452624e
SCHED-TRACE 5164 1715 R 55 31452624e
SCHED-TRACE 5165 1716 U 4 cd412
SCHED-TRACE 5166 1716 V 4 cd4a8
SCHED-TRACE 5167 1716 O 0 0
SCHED-TRACE 5168 1716 P 55 316116c8b
SCHED-TRACE 5169 1717 K 52 30f4a8b43
SCHED-TRACE 5170 1717 P 55 317a19581
SCHED-TRACE 5171 1718 P 55 318d5be77
SCHED-TRACE 5172 1718 I 52 cd9ca
SCHED-TRACE 5173 1718 B 52 7a
SCHED-TRACE 5174 1718 P 52 314551a9f
SCHED-TRACE 5175 1718 R 52 314551a9f
SCHED-TRACE 5176 1719 U 4 cdae4
SCHED-TRACE 5177 1719 V 4 cdb7a
SCHED-TRACE 5178 1719 O 0 0
SCHED-TRACE 5179 1719 P 52 316144dd2
SCHED-TRACE 5180 1720 K 58 30f4bd2f1
SCHED-TRACE 5181 1720 P 52 317a476c8
SCHED-TRACE 5182 1721 P 52 318d89fbe
SCHED-TRACE 5183 1721 I 58 ce09c
SCHED-TRACE 5184 1721 B 58 7a
SCHED-TRACE 5185 1721 P 58 31456624d
SCHED-TRACE 5186 1721 R 58 31456624d
SCHED-TRACE 5187 1722 U 4 ce1b6
SCHED-TRACE 5188 1722 V 4 ce24c
SCHED-TRACE 5189 1722 O 0 0
SCHED-TRACE 5190 1722 P 58 316151a9f
SCHED-TRACE 5191 1723 K 49 30f4de76c
SCHED-TRACE 5192 1723 P 58 317a54395
SCHED-TRACE 5193 1724 P 58 318d96c8b
SCHED-TRACE 5194 1724 I 49 ce76e
SCHED-TRACE 5195 1724 B 49 7a
SCHED-TRACE 5196 1724 P 49 31458c8b4
SCHED-TRACE 5197 1724 R 49 31458c8b4
SCHED-TRACE 5198 1725 U 4 ce888
SCHED-TRACE 5199 1725 V 4 ce91e
SCHED-TRACE 5200 1725 O 0 0
SCHED-TRACE 5201 1725 P 49 3161824dd
SCHED-TRACE 5202 1726 K 46 30f4e8b43
SCHED-TRACE 5203 1726 P 49 317a84dd3
SCHED-TRACE 5204 1727 P 49 318dc76c8
SCHED-TRACE 5205 1727 I 46 cee40
SCHED-TRACE 5206 1727 B 46 7a
SCHED-TRACE 5207 1727 P 46 31458f1aa
SCHED-TRACE 5208 1727 R 46 31458f1aa
SCHED-TRACE 5209 1728 U 4 cef5a
SCHED-TRACE 5210 1728 V 4 ceff0
SCHED-TRACE 5211 1728 O 0 0
SCHED-TRACE 5212 1728 P 46 316189fbe
SCHED-TRACE 5213 1729 K 43 30f50c8b4
SCHED-TRACE 5214 1729 P 46 317a8c8b4
SCHED-TRACE 5215 1730 P 46 318dcf1aa
SCHED-TRACE 5216 1730 I 43 cf512
SCHED-TRACE 5217 1730 B 43 7a
SCHED-TRACE 5218 1730 P 43 3145b0624
SCHED-TRACE 5219 1730 R 43 3145b0624
SCHED-TRACE 5220 1731 U 4 cf62d
SCHED-TRACE 5221 1731 V 4 cf6c2
SCHED-TRACE 5222 1731 O 0 0
SCHED-TRACE 5223 1731 P 43 3161b0624
SCHED-TRACE 5224 1732 K 31 30f538105
SCHED-TRACE 5225 1732 P 43 317ab5810
SCHED-TRACE 5226 1733 P 43 318df8105
SCHED-TRACE 5227 1733 I 31 cfbe4
SCHED-TRACE 5228 1733 B 31 7b
SCHED-TRACE 5229 1733 P 31 3145d6c8b
SCHED-TRACE 5230 1733 R 31 3145d6c8b
SCHED-TRACE 5231 1734 U 4 cfcff
SCHED-TRACE 5232 1734 V 4 cfd95
SCHED-TRACE 5233 1734 O 0 0
SCHED-TRACE 5234 1734 P 31 3161de76c
SCHED-TRACE 5235 1735 K 40 30f54c8b3
SCHED-TRACE 5236 1735 P 31 317ae1062
SCHED-TRACE 5237 1736 P 31 318e23957
SCHED-TRACE 5238 1736 I 40 d02b7
SCHED-TRACE 5239 1736 B 40 7a
SCHED-TRACE 5240 1736 P 40 3145fa9fb
SCHED-TRACE 5241 1736 R 40 3145fa9fb
SCHED-TRACE 5242 1737 U 4 d03d2
SCHED-TRACE 5243 1737 V 4 d0467
SCHED-TRACE 5244 1737 O 0 0
SCHED-TRACE 5245 1737 P 40 3161fa9fb
SCHED-TRACE 5246 1738 K 37 30f54c8b4
SCHED-TRACE 5247 1738 P 40 317afd2f1
SCHED-TRACE 5248 1739 P 40 318e3fbe6
SCHED-TRACE 5249 1739 I 37 d0989
SCHED-TRACE 5250 1739 B 37 7a
SCHED-TRACE 5251 1739 P 37 3145e8b43
SCHED-TRACE 5252 1739 R 37 3145e8b43
SCHED-TRACE 5253 1740 U 4 d0aa4
SCHED-TRACE 5254 1740 V 4 d0b39
SCHED-TRACE 5255 1740 O 0 0
SCHED-TRACE 5256 1740 P 37 3161e8b43
SCHED-TRACE 5257 1741 K 79 3105eaa4b
SCHED-TRACE 5258 1741 P 37 317aeb439
SCHED-TRACE 5259 1742 P 37 318e2b439
SCHED-TRACE 5260 1742 I 79 d105b
SCHED-TRACE 5261 1742 B 79 7b
SCHED-TRACE 5262 1742 P 79 31575c6bd
SCHED-TRACE 5263 1742 R 79 31575c6bd
SCHED-TRACE 5264 1743 U 4 d1174
SCHED-TRACE 5265 1743 V 4 d120a
SCHED-TRACE 5266 1743 O 0 0
SCHED-TRACE 5267 1743 P 79 317378dd9
SCHED-TRACE 5268 1744 K 79 317378dd9
SCHED-TRACE 5269 1744 P 79 318cbeaf1
SCHED-TRACE 5270 1745 I 79 d172c
SCHED-TRACE 5271 1745 B 79 7b
SCHED-TRACE 5272 1745 P 79 31f1af2b2
SCHED-TRACE 5273 1745 R 79 31f1af2b2
SCHED-TRACE 5274 1746 U 4 d1845
SCHED-TRACE 5275 1746 V 4 d18db
SCHED-TRACE 5276 1746 O 0 0
SCHED-TRACE 5277 1746 P 79 320dd35ee
SCHED-TRACE 5278 1747 K 73 318c38106
SCHED-TRACE 5279 1747 P 79 322719305
SCHED-TRACE 5280 1748 P 79 323a8d8d7
SCHED-TRACE 5281 1748 I 73 d1dfd
SCHED-TRACE 5282 1748 B 73 7b
SCHED-TRACE 5283 1748 P 73 31dcde76c
SCHED-TRACE 5284 1748 R 73 31dcde76c
SCHED-TRACE 5285 1749 U 4 d1f17
SCHED-TRACE 5286 1749 V 4 d1fac
SCHED-TRACE 5287 1749 O 0 0
SCHED-TRACE 5288 1749 P 73 31f8bfbe7
SCHED-TRACE 5289 1750 K 70 318c44dd2
SCHED-TRACE 5290 1750 P 73 3211c4dd3
SCHED-TRACE 5291 1751 P 73 3225076c8
SCHED-TRACE 5292 1751 I 70 d24ce
SCHED-TRACE 5293 1751 B 70 7b
SCHED-TRACE 5294 1751 P 70 31dce624d
SCHED-TRACE 5295 1751 R 70 31dce624d
SCHED-TRACE 5296 1752 U 4 d25e8
SCHED-TRACE 5297 1752 V 4 d267d
SCHED-TRACE 5298 1752 O 0 0
SCHED-TRACE 5299 1752 P 70 31f8c4dd2
SCHED-TRACE 5300 1753 K 76 318c68b43
SCHED-TRACE 5301 1753 P 70 3211c76c8
SCHED-TRACE 5302 1754 P 70 322509fbe
SCHED-TRACE 5303 1754 I 76 d2b9f
SCHED-TRACE 5304 1754 B 76 7a
SCHED-TRACE 5305 1754 P 76 31dd076c8
SCHED-TRACE 5306 1754 R 76 31dd076c8
SCHED-TRACE 5307 1755 U 4 d2cb8
SCHED-TRACE 5308 1755 V 4 d2d4e
SCHED-TRACE 5309 1755 O 0 0
SCHED-TRACE 5310 1755 P 76 31f8e8b43
SCHED-TRACE 5311 1756 K 64 318cde76c
SCHED-TRACE 5312 1756 P 76 3211edd2e
SCHED-TRACE 5313 1757 P 76 322530624
SCHED-TRACE 5314 1757 I 64 d3270
SCHED-TRACE 5315 1757 B 64 7a
SCHED-TRACE 5316 1757 P 64 31dd7fbe7
SCHED-TRACE 5317 1757 R 64 31dd7fbe7
SCHED-TRACE 5318 1758 U 4 d338a
SCHED-TRACE 5319 1758 V 4 d3420
SCHED-TRACE 5320 1758 O 0 0
SCHED-TRACE 5321 1758 P 64 31f96b439
SCHED-TRACE 5322 1759 K 61 318ce624e
SCHED-TRACE 5323 1759 P 64 32126dd2e
SCHED-TRACE 5324 1760 P 64 3225b2f1a
SCHED-TRACE 5325 1760 I 61 d3942
SCHED-TRACE 5326 1760 B 61 7a
SCHED-TRACE 5327 1760 P 61 31dd8f1aa
SCHED-TRACE 5328 1760 R 61 31dd8f1aa
SCHED-TRACE 5329 1761 U 4 d3a5c
SCHED-TRACE 5330 1761 V 4 d3af2
SCHED-TRACE 5331 1761 O 0 0
SCHED-TRACE 5332 1761 P 61 31f97d2f2
SCHED-TRACE 5333 1762 K 67 318cf580f
SCHED-TRACE 5334 1762 P 61 32127fbe7
SCHED-TRACE 5335 1763 P 61 3225c4dd3
SCHED-TRACE 5336 1763 I 67 d4014
SCHED-TRACE 5337 1763 B 67 7a
SCHED-TRACE 5338 1763 P 67 31dda1061
SCHED-TRACE 5339 1763 R 67 31dda1061
SCHED-TRACE 5340 1764 U 4 d412e
SCHED-TRACE 5341 1764 V 4 d41c3
SCHED-TRACE 5342 1764 O 0 0
SCHED-TRACE 5343 1764 P 67 31f98f1a9
SCHED-TRACE 5344 1765 K 55 318d5be77
SCHED-TRACE 5345 1765 P 67 321291a9f
SCHED-TRACE 5346 1766 P 67 3225d9580
SCHED-TRACE 5347 1766 I 55 d46e6
SCHED-TRACE 5348 1766 B 55 7a
SCHED-TRACE 5349 1766 P 55 31de04dd3
SCHED-TRACE 5350 1766 R 55 31de04dd3
SCHED-TRACE 5351 1767 U 4 d4800
SCHED-TRACE 5352 1767 V 4 d4896
SCHED-TRACE 5353 1767 O 0 0
SCHED-TRACE 5354 1767 P 55 31f9fa9fc
SCHED-TRACE 5355 1768 K 52 318d89fbe
SCHED-TRACE 5356 1768 P 55 3212ffbe7
SCHED-TRACE 5357 1769 P 55 322644dd3
SCHED-TRACE 5358 1769 I 52 d4db8
SCHED-TRACE 5359 1769 B 52 7a
SCHED-TRACE 5360 1769 P 52 31de2b439
SCHED-TRACE 5361 1769 R 52 31de2b439
SCHED-TRACE 5362 1770 U 4 d4ed2
SCHED-TRACE 5363 1770 V 4 d4f68
SCHED-TRACE 5364 1770 O 0 0
SCHED-TRACE 5365 1770 P 52 31fa21062
SCHED-TRACE 5366 1771 K 58 318d96c8b
SCHED-TRACE 5367 1771 P 52 32132624d
SCHED-TRACE 5368 1772 P 52 322668b43
SCHED-TRACE 5369 1772 I 58 d548a
SCHED-TRACE 5370 1772 B 58 7b
SCHED-TRACE 5371 1772 P 58 31de3d2f1
SCHED-TRACE 5372 1772 R 58 31de3d2f1
SCHED-TRACE 5373 1773 U 4 d55a4
SCHED-TRACE 5374 1773 V 4 d563a
SCHED-TRACE 5375 1773 O 0 0
SCHED-TRACE 5376 1773 P 58 31fa30624
SCHED-TRACE 5377 1774 K 49 318dc76c8
SCHED-TRACE 5378 1774 P 58 321332f1a
SCHED-TRACE 5379 1775 P 58 322678106
SCHED-TRACE 5380 1775 I 49 d5b5c
SCHED-TRACE 5381 1775 B 49 7a
SCHED-TRACE 5382 1775 P 49 31de6b439
SCHED-TRACE 5383 1775 R 49 31de6b439
SCHED-TRACE 5384 1776 U 4 d5c77
SCHED-TRACE 5385 1776 V 4 d5d0c
SCHED-TRACE 5386 1776 O 0 0
SCHED-TRACE 5387 1776 P 49 31fa6624d
SCHED-TRACE 5388 1777 K 46 318dcf1aa
SCHED-TRACE 5389 1777 P 49 32136b439
SCHED-TRACE 5390 1778 P 49 3226b0625
SCHED-TRACE 5391 1778 I 46 d622e
SCHED-TRACE 5392 1778 B 46 7a
SCHED-TRACE 5393 1778 P 46 31de6b439
SCHED-TRACE 5394 1778 R 46 31de6b439
SCHED-TRACE 5395 1779 U 4 d6349
SCHED-TRACE 5396 1779 V 4 d63de
SCHED-TRACE 5397 1779 O 0 0
SCHED-TRACE 5398 1779 P 46 31fa6624e
SCHED-TRACE 5399 1780 K 43 318df8105
SCHED-TRACE 5400 1780 P 46 32136b439
SCHED-TRACE 5401 1781 P 46 3226b0625
SCHED-TRACE 5402 1781 I 43 d6900
SCHED-TRACE 5403 1781 B 43 7b
SCHED-TRACE 5404 1781 P 43 31de94395
SCHED-TRACE 5405 1781 R 43 31de94395
SCHED-TRACE 5406 1782 U 4 d6a1b
SCHED-TRACE 5407 1782 V 4 d6ab0
SCHED-TRACE 5408 1782 O 0 0
SCHED-TRACE 5409 1782 P 43 31fa99580
SCHED-TRACE 5410 1783 K 31 318e23957
SCHED-TRACE 5411 1783 P 43 32139be76
SCHED-TRACE 5412 1784 P 43 3226e624d
SCHED-TRACE 5413 1784 I 31 d6fd3
SCHED-TRACE 5414 1784 B 31 7a
SCHED-TRACE 5415 1784 P 31 31dec9fbe
SCHED-TRACE 5416 1784 R 31 31dec9fbe
SCHED-TRACE 5417 1785 U 4 d70ee
SCHED-TRACE 5418 1785 V 4 d7184
SCHED-TRACE 5419 1785 O 0 0
SCHED-TRACE 5420 1785 P 31 31fad6c8b
SCHED-TRACE 5421 1786 K 37 318e2b439
SCHED-TRACE 5422 1786 P 31 3213d9580
SCHED-TRACE 5423 1787 P 31 32271e76c
SCHED-TRACE 5424 1787 I 37 d76a6
SCHED-TRACE 5425 1787 B 37 7a
SCHED-TRACE 5426 1787 P 37 31decf1a9
SCHED-TRACE 5427 1787 R 37 31decf1a9
SCHED-TRACE 5428 1788 U 4 d77c1
SCHED-TRACE 5429 1788 V 4 d7856
SCHED-TRACE 5430 1788 O 0 0
SCHED-TRACE 5431 1788 P 37 31fad4395
SCHED-TRACE 5432 1789 K 40 318e3fbe6
SCHED-TRACE 5433 1789 P 37 3213d6c8b
SCHED-TRACE 5434 1790 P 37 32271be76
SCHED-TRACE 5435 1790 I 40 d7d78
SCHED-TRACE 5436 1790 B 40 7a
SCHED-TRACE 5437 1790 P 40 31ded4394
SCHED-TRACE 5438 1790 R 40 31ded4394
SCHED-TRACE 5439 1791 U 4 d7e93
SCHED-TRACE 5440 1791 V 4 d7f28
SCHED-TRACE 5441 1791 O 0 0
SCHED-TRACE 5442 1791 P 40 31fad9580
SCHED-TRACE 5443 1792 K 34 318e84dd3
SCHED-TRACE 5444 1792 P 40 3213de76b
SCHED-TRACE 5445 1793 P 40 322723957
SCHED-TRACE 5446 1793 I 34 d844a
SCHED-TRACE 5447 1793 B 34 7b
SCHED-TRACE 5448 1793 P 34 31df19581
SCHED-TRACE 5449 1793 R 34 31df19581
SCHED-TRACE 5450 1794 U 4 d8565
SCHED-TRACE 5451 1794 V 4 d85fb
SCHED-TRACE 5452 1794 O 0 0
SCHED-TRACE 5453 1794 P 34 31fb21062
SCHED-TRACE 5454 1795 K 34 31fb21062
SCHED-TRACE 5455 1795 P 34 321423958
SCHED-TRACE 5456 1796 I 34 d8b1d
SCHED-TRACE 5457 1796 B 34 7a
SCHED-TRACE 5458 1796 P 34 327811a9f
SCHED-TRACE 5459 1796 R 34 327811a9f
SCHED-TRACE 5460 1797 U 4 d8c38
SCHED-TRACE 5461 1797 V 4 d8ccd
SCHED-TRACE 5462 1797 O 0 0
SCHED-TRACE 5463 1797 P 34 329419581
SCHED-TRACE 5464 1798 K 73 3225076c8
SCHED-TRACE 5465 1798 P 34 32ad1e76c
SCHED-TRACE 5466 1799 P 34 32c061062
SCHED-TRACE 5467 1799 I 73 d91ef
SCHED-TRACE 5468 1799 B 73 7b
SCHED-TRACE 5469 1799 P 73 32759e76c
SCHED-TRACE 5470 1799 R 73 32759e76c
SCHED-TRACE 5471 1800 U 4 d9309
SCHED-TRACE 5472 1800 V 4 d939e
SCHED-TRACE 5473 1800 O 0 0
SCHED-TRACE 5474 1800 P 73 32917fbe7
SCHED-TRACE 5475 1801 K 70 322509fbe
SCHED-TRACE 5476 1801 P 73 32aa84dd3
SCHED-TRACE 5477 1802 P 73 32bdc76c8
SCHED-TRACE 5478 1802 I 70 d98c0
SCHED-TRACE 5479 1802 B 70 7b
SCHED-TRACE 5480 1802 P 70 3275ab438
SCHED-TRACE 5481 1802 R 70 3275ab438
SCHED-TRACE 5482 1803 U 4 d99da
SCHED-TRACE 5483 1803 V 4 d9a6f
SCHED-TRACE 5484 1803 O 0 0
SCHED-TRACE 5485 1803 P 70 32918c8b3
SCHED-TRACE 5486 1804 K 76 322530624
SCHED-TRACE 5487 1804 P 70 32aa8f1a9
SCHED-TRACE 5488 1805 P 70 32bdd1a9f
SCHED-TRACE 5489 1805 I 76 d9f91
SCHED-TRACE 5490 1805 B 76 7a
SCHED-TRACE 5491 1805 P 76 3275cf1a9
SCHED-TRACE 5492 1805 R 76 3275cf1a9
SCHED-TRACE 5493 1806 U 4 da0aa
SCHED-TRACE 5494 1806 V 4 da140
SCHED-TRACE 5495 1806 O 0 0
SCHED-TRACE 5496 1806 P 76 3291add2e
SCHED-TRACE 5497 1807 K 64 3225b2f1a
SCHED-TRACE 5498 1807 P 76 32aab0624
SCHED-TRACE 5499 1808 P 76 32bdf2f1a
SCHED-TRACE 5500 1808 I 64 da662
SCHED-TRACE 5501 1808 B 64 7a
SCHED-TRACE 5502 1808 P 64 327656c8a
SCHED-TRACE 5503 1808 R 64 327656c8a
SCHED-TRACE 5504 1809 U 4 da77c
SCHED-TRACE 5505 1809 V 4 da811
SCHED-TRACE 5506 1809 O 0 0
SCHED-TRACE 5507 1809 P 64 32923d2f1
SCHED-TRACE 5508 1810 K 61 3225c4dd3
SCHED-TRACE 5509 1810 P 64 32ab3fbe7
SCHED-TRACE 5510 1811 P 64 32be824dc
SCHED-TRACE 5511 1811 I 61 dad33
SCHED-TRACE 5512 1811 B 61 7a
SCHED-TRACE 5513 1811 P 61 32765e76c
SCHED-TRACE 5514 1811 R 61 32765e76c
SCHED-TRACE 5515 1812 U 4 dae4d
SCHED-TRACE 5516 1812 V 4 daee2
SCHED-TRACE 5517 1812 O 0 0
SCHED-TRACE 5518 1812 P 61 329249fbe
SCHED-TRACE 5519 1813 K 67 3225d9580
SCHED-TRACE 5520 1813 P 61 32ab4c8b4
SCHED-TRACE 5521 1814 P 61 32be8f1aa
SCHED-TRACE 5522 1814 I 67 db404
SCHED-TRACE 5523 1814 B 67 7a
SCHED-TRACE 5524 1814 P 67 327670624
SCHED-TRACE 5525 1814 R 67 327670624
SCHED-TRACE 5526 1815 U 4 db51e
SCHED-TRACE 5527 1815 V 4 db5b3
SCHED-TRACE 5528 1815 O 0 0
SCHED-TRACE 5529 1815 P 67 329256c8a
SCHED-TRACE 5530 1816 K 55 322644dd3
SCHED-TRACE 5531 1816 P 67 32ab59580
SCHED-TRACE 5532 1817 P 67 32be9be76
SCHED-TRACE 5533 1817 I 55 dbad5
SCHED-TRACE 5534 1817 B 55 7a
SCHED-TRACE 5535 1817 P 55 3276e1062
SCHED-TRACE 5536 1817 R 55 3276e1062
SCHED-TRACE 5537 1818 U 4 dbbef
SCHED-TRACE 5538 1818 V 4 dbc85
SCHED-TRACE 5539 1818 O 0 0
SCHED-TRACE 5540 1818 P 55 3292d4395
SCHED-TRACE 5541 1819 K 52 322668b43
SCHED-TRACE 5542 1819 P 55 32abd6c8b
SCHED-TRACE 5543 1820 P 55 32bf19581
SCHED-TRACE 5544 1820 I 52 dc1a7
SCHED-TRACE 5545 1820 B 52 7a
SCHED-TRACE 5546 1820 P 52 327711a9f
SCHED-TRACE 5547 1820 R 52 327711a9f
SCHED-TRACE 5548 1821 U 4 dc2c1
SCHED-TRACE 5549 1821 V 4 dc357
SCHED-TRACE 5550 1821 O 0 0
SCHED-TRACE 5551 1821 P 52 3293024dc
SCHED-TRACE 5552 1822 K 58 322678106
SCHED-TRACE 5553 1822 P 52 32ac04dd2
SCHED-TRACE 5554 1823 P 52 32bf476c8
SCHED-TRACE 5555 1823 I 58 dc879
SCHED-TRACE 5556 1823 B 58 7a
SCHED-TRACE 5557 1823 P 58 327721062
SCHED-TRACE 5558 1823 R 58 327721062
SCHED-TRACE 5559 1824 U 4 dc993
SCHED-TRACE 5560 1824 V 4 dca29
SCHED-TRACE 5561 1824 O 0 0
SCHED-TRACE 5562 1824 P 58 329311a9f
SCHED-TRACE 5563 1825 K 49 3226b0625
SCHED-TRACE 5564 1825 P 58 32ac16c8b
SCHED-TRACE 5565 1826 P 58 32bf59581
SCHED-TRACE 5566 1826 I 49 dcf4b
SCHED-TRACE 5567 1826 B 49 7a
SCHED-TRACE 5568 1826 P 49 32775be76
SCHED-TRACE 5569 1826 R 49 32775be76
SCHED-TRACE 5570 1827 U 4 dd065
SCHED-TRACE 5571 1827 V 4 dd0fb
SCHED-TRACE 5572 1827 O 0 0
SCHED-TRACE 5573 1827 P 49 329354395
SCHED-TRACE 5574 1828 K 46 3226b0625
SCHED-TRACE 5575 1828 P 49 32ac56c8b
SCHED-TRACE 5576 1829 P 49 32bf99581
SCHED-TRACE 5577 1829 I 46 dd61d
SCHED-TRACE 5578 1829 B 46 7a
SCHED-TRACE 5579 1829 P 46 327756c8b
SCHED-TRACE 5580 1829 R 46 327756c8b
SCHED-TRACE 5581 1830 U 4 dd738
SCHED-TRACE 5582 1830 V 4 dd7cd
SCHED-TRACE 5583 1830 O 0 0
SCHED-TRACE 5584 1830 P 46 329351aa0
SCHED-TRACE 5585 1831 K 43 3226e624d
SCHED-TRACE 5586 1831 P 46 32ac56c8b
SCHED-TRACE 5587 1832 P 46 32bf96c8b
SCHED-TRACE 5588 1832 I 43 ddcef
SCHED-TRACE 5589 1832 B 43 7b
SCHED-TRACE 5590 1832 P 43 32778c8b4
SCHED-TRACE 5591 1832 R 43 32778c8b4
SCHED-TRACE 5592 1833 U 4 dde0a
SCHED-TRACE 5593 1833 V 4 dde9f
SCHED-TRACE 5594 1833 O 0 0
SCHED-TRACE 5595 1833 P 43 329389fbe
SCHED-TRACE 5596 1834 K 37 32271be76
SCHED-TRACE 5597 1834 P 43 32ac8c8b4
SCHED-TRACE 5598 1835 P 43 32bfcf1a9
SCHED-TRACE 5599 1835 I 37 de3c1
SCHED-TRACE 5600 1835 B 37 7a
SCHED-TRACE 5601 1835 P 37 3277b8106
SCHED-TRACE 5602 1835 R 37 3277b8106
SCHED-TRACE 5603 1836 U 4 de4dc
SCHED-TRACE 5604 1836 V 4 de571
SCHED-TRACE 5605 1836 O 0 0
SCHED-TRACE 5606 1836 P 37 3293b8106
SCHED-TRACE 5607 1837 K 31 32271e76c
SCHED-TRACE 5608 1837 P 37 32acba9fb
SCHED-TRACE 5609 1838 P 37 32bffd2f1
SCHED-TRACE 5610 1838 I 31 dea93
SCHED-TRACE 5611 1838 B 31 7a
SCHED-TRACE 5612 1838 P 31 3277b5810
SCHED-TRACE 5613 1838 R 31 3277b5810
SCHED-TRACE 5614 1839 U 4 debae
SCHED-TRACE 5615 1839 V 4 dec44
SCHED-TRACE 5616 1839 O 0 0
SCHED-TRACE 5617 1839 P 31 3293bd2f1
SCHED-TRACE 5618 1840 K 40 322723957
SCHED-TRACE 5619 1840 P 31 32acbfbe7
SCHED-TRACE 5620 1841 P 31 32c0024dc
SCHED-TRACE 5621 1841 I 40 df166
SCHED-TRACE 5622 1841 B 40 7a
SCHED-TRACE 5623 1841 P 40 3277d1a9f
SCHED-TRACE 5624 1841 R 40 3277d1a9f
SCHED-TRACE 5625 1842 U 4 df281
SCHED-TRACE 5626 1842 V 4 df316
SCHED-TRACE 5627 1842 O 0 0
SCHED-TRACE 5628 1842 P 40 3293cc8b3
SCHED-TRACE 5629 1843 K 79 323a8d8d7
SCHED-TRACE 5630 1843 P 40 32accf1a9
SCHED-TRACE 5631 1844 P 40 32c00f1a9
SCHED-TRACE 5632 1844 I 79 df838
SCHED-TRACE 5633 1844 B 79 7a
SCHED-TRACE 5634 1844 P 79 328bff548
SCHED-TRACE 5635 1844 R 79 328bff548
SCHED-TRACE 5636 1845 U 4 df951
SCHED-TRACE 5637 1845 V 4 df9e7
SCHED-TRACE 5638 1845 O 0 0
SCHED-TRACE 5639 1845 P 79 32a81e5c5
SCHED-TRACE 5640 1846 K 79 32a81e5c5
SCHED-TRACE 5641 1846 P 79 32c16197c
SCHED-TRACE 5642 1847 I 79 dff09
SCHED-TRACE 5643 1847 B 79 7b
SCHED-TRACE 5644 1847 P 79 33265213e
SCHED-TRACE 5645 1847 R 79 33265213e
SCHED-TRACE 5646 1848 U 4 e0022
SCHED-TRACE 5647 1848 V 4 e00b8
SCHED-TRACE 5648 1848 O 0 0
SCHED-TRACE 5649 1848 P 79 33427647a
SCHED-TRACE 5650 1849 K 73 32bdc76c8
SCHED-TRACE 5651 1849 P 79 335bbc191
SCHED-TRACE 5652 1850 P 79 336f30762
SCHED-TRACE 5653 1850 I 73 e05da
SCHED-TRACE 5654 1850 B 73 7b
SCHED-TRACE 5655 1850 P 73 330e6dd2f
SCHED-TRACE 5656 1850 R 73 330e6dd2f
SCHED-TRACE 5657 1851 U 4 e06f4
SCHED-TRACE 5658 1851 V 4 e0789
SCHED-TRACE 5659 1851 O 0 0
SCHED-TRACE 5660 1851 P 73 332a4f1aa
SCHED-TRACE 5661 1852 K 70 32bdd1a9f
SCHED-TRACE 5662 1852 P 73 334354395
SCHED-TRACE 5663 1853 P 73 335696c8b
SCHED-TRACE 5664 1853 I 70 e0cab
SCHED-TRACE 5665 1853 B 70 7a
SCHED-TRACE 5666 1853 P 70 330e70624
SCHED-TRACE 5667 1853 R 70 330e70624
SCHED-TRACE 5668 1854 U 4 e0dc5
SCHED-TRACE 5669 1854 V 4 e0e5a
SCHED-TRACE 5670 1854 O 0 0
SCHED-TRACE 5671 1854 P 70 332a51a9f
SCHED-TRACE 5672 1855 K 76 32bdf2f1a
SCHED-TRACE 5673 1855 P 70 334354395
SCHED-TRACE 5674 1856 P 70 335696c8a
SCHED-TRACE 5675 1856 I 76 e137c
SCHED-TRACE 5676 1856 B 76 7a
SCHED-TRACE 5677 1856 P 76 330e91a9f
SCHED-TRACE 5678 1856 R 76 330e91a9f
SCHED-TRACE 5679 1857 U 4 e1495
SCHED-TRACE 5680 1857 V 4 e152b
SCHED-TRACE 5681 1857 O 0 0
SCHED-TRACE 5682 1857 P 76 332a72f1a
SCHED-TRACE 5683 1858 K 64 32be824dc
SCHED-TRACE 5684 1858 P 76 334375810
SCHED-TRACE 5685 1859 P 76 3356ba9fb
SCHED-TRACE 5686 1859 I 64 e1a4d
SCHED-TRACE 5687 1859 B 64 7a
SCHED-TRACE 5688 1859 P 64 330f21061
SCHED-TRACE 5689 1859 R 64 330f21061
SCHED-TRACE 5690 1860 U 4 e1b67
SCHED-TRACE 5691 1860 V 4 e1bfd
SCHED-TRACE 5692 1860 O 0 0
SCHED-TRACE 5693 1860 P 64 332b0c8b3
SCHED-TRACE 5694 1861 K 61 32be8f1aa
SCHED-TRACE 5695 1861 P 64 334411a9f
SCHED-TRACE 5696 1862 P 64 335759580
SCHED-TRACE 5697 1862 I 61 e211f
SCHED-TRACE 5698 1862 B 61 7a
SCHED-TRACE 5699 1862 P 61 330f35810
SCHED-TRACE 5700 1862 R 61 330f35810
SCHED-TRACE 5701 1863 U 4 e2239
SCHED-TRACE 5702 1863 V 4 e22cf
SCHED-TRACE 5703 1863 O 0 0
SCHED-TRACE 5704 1863 P 61 332b2624e
SCHED-TRACE 5705 1864 K 67 32be9be76
SCHED-TRACE 5706 1864 P 61 334428b43
SCHED-TRACE 5707 1865 P 61 33576dd2f
SCHED-TRACE 5708 1865 I 67 e27f1
SCHED-TRACE 5709 1865 B 67 7a
SCHED-TRACE 5710 1865 P 67 330f44dd2
SCHED-TRACE 5711 1865 R 67 330f44dd2
SCHED-TRACE 5712 1866 U 4 e290b
SCHED-TRACE 5713 1866 V 4 e29a1
SCHED-TRACE 5714 1866 O 0 0
SCHED-TRACE 5715 1866 P 67 332b32f1a
SCHED-TRACE 5716 1867 K 55 32bf19581
SCHED-TRACE 5717 1867 P 67 33443580f
SCHED-TRACE 5718 1868 P 67 33577d2f1
SCHED-TRACE 5719 1868 I 55 e2ec3
SCHED-TRACE 5720 1868 B 55 7a
SCHED-TRACE 5721 1868 P 55 330fbfbe7
SCHED-TRACE 5722 1868 R 55 330fbfbe7
SCHED-TRACE 5723 1869 U 4 e2fdd
SCHED-TRACE 5724 1869 V 4 e3073
SCHED-TRACE 5725 1869 O 0 0
SCHED-TRACE 5726 1869 P 55 332bb8106
SCHED-TRACE 5727 1870 K 52 32bf476c8
SCHED-TRACE 5728 1870 P 55 3344bd2f1
SCHED-TRACE 5729 1871 P 55 3358024dd
SCHED-TRACE 5730 1871 I 52 e3595
SCHED-TRACE 5731 1871 B 52 7b
SCHED-TRACE 5732 1871 P 52 330fe8b43
SCHED-TRACE 5733 1871 R 52 330fe8b43
SCHED-TRACE 5734 1872 U 4 e36af
SCHED-TRACE 5735 1872 V 4 e3745
SCHED-TRACE 5736 1872 O 0 0
SCHED-TRACE 5737 1872 P 52 332be1062
SCHED-TRACE 5738 1873 K 58 32bf59581
SCHED-TRACE 5739 1873 P 52 3344e3957
SCHED-TRACE 5740 1874 P 52 335828b43
SCHED-TRACE 5741 1874 I 58 e3c67
SCHED-TRACE 5742 1874 B 58 7a
SCHED-TRACE 5743 1874 P 58 330ff8106
SCHED-TRACE 5744 1874 R 58 330ff8106
SCHED-TRACE 5745 1875 U 4 e3d81
SCHED-TRACE 5746 1875 V 4 e3e17
SCHED-TRACE 5747 1875 O 0 0
SCHED-TRACE 5748 1875 P 58 332bedd2f
SCHED-TRACE 5749 1876 K 46 32bf96c8b
SCHED-TRACE 5750 1876 P 58 3344f0624
SCHED-TRACE 5751 1877 P 58 335838106
SCHED-TRACE 5752 1877 I 46 e4339
SCHED-TRACE 5753 1877 B 46 7a
SCHED-TRACE 5754 1877 P 46 331035810
SCHED-TRACE 5755 1877 R 46 331035810
SCHED-TRACE 5756 1878 U 4 e4454
SCHED-TRACE 5757 1878 V 4 e44e9
SCHED-TRACE 5758 1878 O 0 0
SCHED-TRACE 5759 1878 P 46 332c35810
SCHED-TRACE 5760 1879 K 49 32bf99581
SCHED-TRACE 5761 1879 P 46 334538106
SCHED-TRACE 5762 1880 P 46 33587d2f2
SCHED-TRACE 5763 1880 I 49 e4a0b
SCHED-TRACE 5764 1880 B 49 7a
SCHED-TRACE 5765 1880 P 49 331032f1a
SCHED-TRACE 5766 1880 R 49 331032f1a
SCHED-TRACE 5767 1881 U 4 e4b26
SCHED-TRACE 5768 1881 V 4 e4bbb
SCHED-TRACE 5769 1881 O 0 0
SCHED-TRACE 5770 1881 P 49 332c2dd2f
SCHED-TRACE 5771 1882 K 43 32bfcf1a9
SCHED-TRACE 5772 1882 P 49 334532f1a
SCHED-TRACE 5773 1883 P 49 33587a9fc
SCHED-TRACE 5774 1883 I 43 e50dd
SCHED-TRACE 5775 1883 B 43 7a
SCHED-TRACE 5776 1883 P 43 33106624d
SCHED-TRACE 5777 1883 R 43 33106624d
SCHED-TRACE 5778 1884 U 4 e51f8
SCHED-TRACE 5779 1884 V 4 e528d
SCHED-TRACE 5780 1884 O 0 0
SCHED-TRACE 5781 1884 P 43 332c6b439
SCHED-TRACE 5782 1885 K 37 32bffd2f1
SCHED-TRACE 5783 1885 P 43 334570624
SCHED-TRACE 5784 1886 P 43 3358b8105
SCHED-TRACE 5785 1886 I 37 e57af
SCHED-TRACE 5786 1886 B 37 7a
SCHED-TRACE 5787 1886 P 37 33108c8b4
SCHED-TRACE 5788 1886 R 37 33108c8b4
SCHED-TRACE 5789 1887 U 4 e58ca
SCHED-TRACE 5790 1887 V 4 e5960
SCHED-TRACE 5791 1887 O 0 0
SCHED-TRACE 5792 1887 P 37 332c94395
SCHED-TRACE 5793 1888 K 31 32c0024dc
SCHED-TRACE 5794 1888 P 37 334599581
SCHED-TRACE 5795 1889 P 37 3358e1062
SCHED-TRACE 5796 1889 I 31 e5e82
SCHED-TRACE 5797 1889 B 31 7a
SCHED-TRACE 5798 1889 P 31 3310a624d
SCHED-TRACE 5799 1889 R 31 3310a624d
SCHED-TRACE 5800 1890 U 4 e5f9d
SCHED-TRACE 5801 1890 V 4 e6033
SCHED-TRACE 5802 1890 O 0 0
SCHED-TRACE 5803 1890 P 31 332cb2f1a
SCHED-TRACE 5804 1891 K 40 32c00f1a9
SCHED-TRACE 5805 1891 P 31 3345b5810
SCHED-TRACE 5806 1892 P 31 3358fd2f1
SCHED-TRACE 5807 1892 I 40 e6555
SCHED-TRACE 5808 1892 B 40 7a
SCHED-TRACE 5809 1892 P 40 3310b2f1a
SCHED-TRACE 5810 1892 R 40 3310b2f1a
SCHED-TRACE 5811 1893 U 4 e6670
SCHED-TRACE 5812 1893 V 4 e6705
SCHED-TRACE 5813 1893 O 0 0
SCHED-TRACE 5814 1893 P 40 332cba9fb
SCHED-TRACE 5815 1894 K 34 32c061062
SCHED-TRACE 5816 1894 P 40 3345bd2f1
SCHED-TRACE 5817 1895 P 40 335904dd2
SCHED-TRACE 5818 1895 I 34 e6c28
SCHED-TRACE 5819 1895 B 34 7a
SCHED-TRACE 5820 1895 P 34 331109fbe
SCHED-TRACE 5821 1895 R 34 331109fbe
SCHED-TRACE 5822 1896 U 4 e6d43
SCHED-TRACE 5823 1896 V 4 e6dd9
SCHED-TRACE 5824 1896 O 0 0
SCHED-TRACE 5825 1896 P 34 332d11a9f
SCHED-TRACE 5826 1897 K 34 332d11a9f
SCHED-TRACE 5827 1897 P 34 334616c8b
SCHED-TRACE 5828 1898 I 34 e72fb
SCHED-TRACE 5829 1898 B 34 7b
SCHED-TRACE 5830 1898 P 34 33aa04dd3
SCHED-TRACE 5831 1898 R 34 33aa04dd3
SCHED-TRACE 5832 1899 U 4 e7416
SCHED-TRACE 5833 1899 V 4 e74ac
SCHED-TRACE 5834 1899 O 0 0
SCHED-TRACE 5835 1899 P 34 33c60c8b4
SCHED-TRACE 5836 1900 K 70 335696c8a
SCHED-TRACE 5837 1900 P 34 33df0f1aa
SCHED-TRACE 5838 1901 P 34 33f254395
SCHED-TRACE 5839 1901 I 70 e79ce
SCHED-TRACE 5840 1901 B 70 7a
SCHED-TRACE 5841 1901 P 70 33a73fbe7
SCHED-TRACE 5842 1901 R 70 33a73fbe7
SCHED-TRACE 5843 1902 U 4 e7ae8
SCHED-TRACE 5844 1902 V 4 e7b7d
SCHED-TRACE 5845 1902 O 0 0
SCHED-TRACE 5846 1902 P 70 33c323957
SCHED-TRACE 5847 1903 K 73 335696c8b
SCHED-TRACE 5848 1903 P 70 33dc2624d
SCHED-TRACE 5849 1904 P 70 33ef68b43
SCHED-TRACE 5850 1904 I 73 e809f
SCHED-TRACE 5851 1904 B 73 7a
SCHED-TRACE 5852 1904 P 73 33a735810
SCHED-TRACE 5853 1904 R 73 33a735810
SCHED-TRACE 5854 1905 U 4 e81b8
SCHED-TRACE 5855 1905 V 4 e824e
SCHED-TRACE 5856 1905 O 0 0
SCHED-TRACE 5857 1905 P 73 33c316c8b
SCHED-TRACE 5858 1906 K 76 3356ba9fb
SCHED-TRACE 5859 1906 P 73 33dc19581
SCHED-TRACE 5860 1907 P 73 33ef5be76
SCHED-TRACE 5861 1907 I 76 e8770
SCHED-TRACE 5862 1907 B 76 7a
SCHED-TRACE 5863 1907 P 76 33a75e76c
SCHED-TRACE 5864 1907 R 76 33a75e76c
SCHED-TRACE 5865 1908 U 4 e8889
SCHED-TRACE 5866 1908 V 4 e891f
SCHED-TRACE 5867 1908 O 0 0
SCHED-TRACE 5868 1908 P 76 33c33d2f1
SCHED-TRACE 5869 1909 K 64 335759580
SCHED-TRACE 5870 1909 P 76 33dc3fbe7
SCHED-TRACE 5871 1910 P 76 33ef84dd2
SCHED-TRACE 5872 1910 I 64 e8e41
SCHED-TRACE 5873 1910 B 64 7a
SCHED-TRACE 5874 1910 P 64 33a7fa9fb
SCHED-TRACE 5875 1910 R 64 33a7fa9fb
SCHED-TRACE 5876 1911 U 4 e8f5b
SCHED-TRACE 5877 1911 V 4 e8ff0
SCHED-TRACE 5878 1911 O 0 0
SCHED-TRACE 5879 1911 P 64 33c3e624d
SCHED-TRACE 5880 1912 K 61 33576dd2f
SCHED-TRACE 5881 1912 P 64 33dce8b43
SCHED-TRACE 5882 1913 P 64 33f02b439
SCHED-TRACE 5883 1913 I 61 e9512
SCHED-TRACE 5884 1913 B 61 7a
SCHED-TRACE 5885 1913 P 61 33a804dd3
SCHED-TRACE 5886 1913 R 61 33a804dd3
SCHED-TRACE 5887 1914 U 4 e962c
SCHED-TRACE 5888 1914 V 4 e96c1
SCHED-TRACE 5889 1914 O 0 0
SCHED-TRACE 5890 1914 P 61 33c3f0625
SCHED-TRACE 5891 1915 K 67 33577d2f1
SCHED-TRACE 5892 1915 P 61 33dcf2f1a
SCHED-TRACE 5893 1916 P 61 33f035810
SCHED-TRACE 5894 1916 I 67 e9be3
SCHED-TRACE 5895 1916 B 67 7a
SCHED-TRACE 5896 1916 P 67 33a814394
SCHED-TRACE 5897 1916 R 67 33a814394
SCHED-TRACE 5898 1917 U 4 e9cfd
SCHED-TRACE 5899 1917 V 4 e9d92
SCHED-TRACE 5900 1917 O 0 0
SCHED-TRACE 5901 1917 P 67 33c3fd2f1
SCHED-TRACE 5902 1918 K 55 3358024dd
SCHED-TRACE 5903 1918 P 67 33dd024dc
SCHED-TRACE 5904 1919 P 67 33f044dd2
SCHED-TRACE 5905 1919 I 55 ea2b4
SCHED-TRACE 5906 1919 B 55 7a
SCHED-TRACE 5907 1919 P 55 33a89be77
SCHED-TRACE 5908 1919 R 55 33a89be77
SCHED-TRACE 5909 1920 U 4 ea3ce
SCHED-TRACE 5910 1920 V 4 ea464
SCHED-TRACE 5911 1920 O 0 0
SCHED-TRACE 5912 1920 P 55 33c48f1aa
SCHED-TRACE 5913 1921 K 52 335828b43
SCHED-TRACE 5914 1921 P 55 33dd94395
SCHED-TRACE 5915 1922 P 55 33f0d6c8b
SCHED-TRACE 5916 1922 I 52 ea986
SCHED-TRACE 5917 1922 B 52 7b
SCHED-TRACE 5918 1922 P 52 33a8d1a9f
SCHED-TRACE 5919 1922 R 52 33a8d1a9f
SCHED-TRACE 5920 1923 U 4 eaaa0
SCHED-TRACE 5921 1923 V 4 eab36
SCHED-TRACE 5922 1923 O 0 0
SCHED-TRACE 5923 1923 P 52 33c4c4dd2
SCHED-TRACE 5924 1924 K 58 335838106
SCHED-TRACE 5925 1924 P 52 33ddc9fbe
SCHED-TRACE 5926 1925 P 52 33f109fbe
SCHED-TRACE 5927 1925 I 58 eb058
SCHED-TRACE 5928 1925 B 58 7b
SCHED-TRACE 5929 1925 P 58 33a8e3958
SCHED-TRACE 5930 1925 R 58 33a8e3958
SCHED-TRACE 5931 1926 U 4 eb172
SCHED-TRACE 5932 1926 V 4 eb208
SCHED-TRACE 5933 1926 O 0 0
SCHED-TRACE 5934 1926 P 58 33c4d1a9f
SCHED-TRACE 5935 1927 K 49 33587a9fc
SCHED-TRACE 5936 1927 P 58 33ddd4395
SCHED-TRACE 5937 1928 P 58 33f116c8b
SCHED-TRACE 5938 1928 I 49 eb72a
SCHED-TRACE 5939 1928 B 49 7a
SCHED-TRACE 5940 1928 P 49 33a928b43
SCHED-TRACE 5941 1928 R 49 33a928b43
SCHED-TRACE 5942 1929 U 4 eb844
SCHED-TRACE 5943 1929 V 4 eb8da
SCHED-TRACE 5944 1929 O 0 0
SCHED-TRACE 5945 1929 P 49 33c521062
SCHED-TRACE 5946 1930 K 46 33587d2f2
SCHED-TRACE 5947 1930 P 49 33dde3958
SCHED-TRACE 5948 1931 P 49 33f12624d
SCHED-TRACE 5949 1931 I 46 ebdf5
SCHED-TRACE 5950 1931 B 1 5b8
SCHED-TRACE 5951 1931 E 1 1
SCHED-TRACE 5952 1931 B 1 37
SCHED-TRACE 5953 1931 B 1 81
SCHED-TRACE 5954 1931 P 46 33a778106
SCHED-TRACE 5955 1931 R 46 33a778106
SCHED-TRACE 5956 1932 P 1 3358b8105
SCHED-TRACE 5957 1932 W 1 3358b8105
SCHED-TRACE 5958 1932 U 4 ec086
SCHED-TRACE 5959 1932 V 4 ec121
SCHED-TRACE 5960 1932 O 0 0
SCHED-TRACE 5961 1932 P 46 33cc9e76c
SCHED-TRACE 5962 1933 K 1 3358b8105
SCHED-TRACE 5963 1933 P 46 33e68c8b4
SCHED-TRACE 5964 1934 P 46 33fab2f1a
SCHED-TRACE 5965 1934 G 79 336f30762
SCHED-TRACE 5966 1934 g 79 51
SCHED-TRACE 5967 1934 v 79 6300000064
SCHED-TRACE 5968 1934 f 79 3358b8105
SCHED-TRACE 5969 1934 N 79 336ef6f00
SCHED-TRACE 5970 1934 n 79 3c
SCHED-TRACE 5971 1934 P 79 336ef6f00
SCHED-TRACE 5972 1934 X 82 ec476
SCHED-TRACE 5973 1934 Z 0 477
SCHED-TRACE 5974 1934 T 0 ec4d7
SCHED-TRACE 5975 1934 t 0 ec512
SCHED-TRACE 5976 1934 G 79 336ef6f00
SCHED-TRACE 5977 1934 g 79 3c
SCHED-TRACE 5978 1934 v 79 6400000064
SCHED-TRACE 5979 1934 f 79 3358b8105
SCHED-TRACE 5980 1934 N 79 336ef6f00
SCHED-TRACE 5981 1934 n 79 3c
SCHED-TRACE 5982 1934 P 79 33c454395
SCHED-TRACE 5983 1934 L 79 336ef6f00
SCHED-TRACE 5984 1934 l 82 54b128b43
SCHED-TRACE 5985 1934 e 82 c104a3d7
SCHED-TRACE 5986 1934 f 0 3358b8105
SCHED-TRACE 5987 1934 r 82 0
SCHED-TRACE 5988 1934 q 79 3c
SCHED-TRACE 5989 1934 w 0 100000064
SCHED-TRACE 5990 1934 A 79 33c454395
SCHED-TRACE 5991 1934 a 79 46
SCHED-TRACE 5992 1934 D 82 54b128b43
SCHED-TRACE 5993 1934 Y 82 ed16d
SCHED-TRACE 5994 1934 U 1 ed170
SCHED-TRACE 5995 1934 V 1 f38e9
SCHED-TRACE 5996 1934 U 3 f38ec
SCHED-TRACE 5997 1934 V 3 f3b29
SCHED-TRACE 5998 1935 I 1 f3ba5
SCHED-TRACE 5999 1935 B 1 7a
SCHED-TRACE 6000 1935 P 1 337e8a3d5
SCHED-TRACE 6001 1935 R 1 337e8a3d5
SCHED-TRACE 6002 1936 U 4 f3cbe
SCHED-TRACE 6003 1936 V 4 f3d4f
SCHED-TRACE 6004 1936 O 0 0
SCHED-TRACE 6005 1936 P 1 3381526e8
SCHED-TRACE 6006 1937 K 43 3358b8105
SCHED-TRACE 6007 1937 P 1 3383d1a9e
SCHED-TRACE 6008 1938 P 1 3385be76b
SCHED-TRACE 6009 1938 I 43 f4270
SCHED-TRACE 6010 1938 B 43 7b
SCHED-TRACE 6011 1938 P 43 33a956c8b
SCHED-TRACE 6012 1938 R 43 33a956c8b
SCHED-TRACE 6013 1939 U 4 f438b
SCHED-TRACE 6014 1939 V 4 f441c
SCHED-TRACE 6015 1939 O 0 0
SCHED-TRACE 6016 1939 P 43 33c54c8b4
SCHED-TRACE 6017 1940 K 37 3358e1062
SCHED-TRACE 6018 1940 P 43 33de424dc
SCHED-TRACE 6019 1941 P 43 33f184dd2
SCHED-TRACE 6020 1941 I 37 f493d
SCHED-TRACE 6021 1941 B 37 7a
SCHED-TRACE 6022 1941 P 37 33a97fbe7
SCHED-TRACE 6023 1941 R 37 33a97fbe7
SCHED-TRACE 6024 1942 U 4 f4a58
SCHED-TRACE 6025 1942 V 4 f4ae9
SCHED-TRACE 6026 1942 O 0 0
SCHED-TRACE 6027 1942 P 37 33c57d2f1
SCHED-TRACE 6028 1943 K 31 3358fd2f1
SCHED-TRACE 6029 1943 P 37 33de72f1a
SCHED-TRACE 6030 1944 P 37 33f1b5810
SCHED-TRACE 6031 1944 I 31 f500a
SCHED-TRACE 6032 1944 B 31 7a
SCHED-TRACE 6033 1944 P 31 33a996c8b
SCHED-TRACE 6034 1944 R 31 33a996c8b
SCHED-TRACE 6035 1945 U 4 f5125
SCHED-TRACE 6036 1945 V 4 f51b6
SCHED-TRACE 6037 1945 O 0 0
SCHED-TRACE 6038 1945 P 31 33c599580
SCHED-TRACE 6039 1946 K 40 335904dd2
SCHED-TRACE 6040 1946 P 31 33de8f1a9
SCHED-TRACE 6041 1947 P 31 33f1cf1a9
SCHED-TRACE 6042 1947 I 40 f56d7
SCHED-TRACE 6043 1947 B 40 7a
SCHED-TRACE 6044 1947 P 40 33a99be76
SCHED-TRACE 6045 1947 R 40 33a99be76
SCHED-TRACE 6046 1948 U 4 f57f2
SCHED-TRACE 6047 1948 V 4 f5883
SCHED-TRACE 6048 1948 O 0 0
SCHED-TRACE 6049 1948 P 40 33c591a9f
SCHED-TRACE 6050 1949 K 1 3385be76b
SCHED-TRACE 6051 1949 P 40 33de876c8
SCHED-TRACE 6052 1950 P 40 33f1c76c8
SCHED-TRACE 6053 1950 G 3 b7172f1a
SCHED-TRACE 6054 1950 g 3 0
SCHED-TRACE 6055 1950 v 3 b6724000b6788
SCHED-TRACE 6056 1950 f 3 3385be76b
SCHED-TRACE 6057 1950 N 3 3385be76b
SCHED-TRACE 6058 1950 n 3 0
SCHED-TRACE 6059 1950 X 79 f5bb8
SCHED-TRACE 6060 1950 Z 0 477
SCHED-TRACE 6061 1950 T 0 f5c5d
SCHED-TRACE 6062 1950 t 0 f5c98
SCHED-TRACE 6063 1950 G 3 3385be76b
SCHED-TRACE 6064 1950 g 3 0
SCHED-TRACE 6065 1950 v 3 b6788000b6788
SCHED-TRACE 6066 1950 f 3 3385be76b
SCHED-TRACE 6067 1950 N 3 3385be76b
SCHED-TRACE 6068 1950 n 3 0
SCHED-TRACE 6069 1950 L 3 3385be76b
SCHED-TRACE 6070 1950 l 79 33c454395
SCHED-TRACE 6071 1950 e 79 b7172f1a
SCHED-TRACE 6072 1950 f 0 3385be76b
SCHED-TRACE 6073 1950 r 79 46
SCHED-TRACE 6074 1950 q 3 0
SCHED-TRACE 6075 1950 w 0 64000b6788
SCHED-TRACE 6076 1950 A 3 3385c09b7
SCHED-TRACE 6077 1950 a 3 5344e
SCHED-TRACE 6078 1950 D 79 33c454395
SCHED-TRACE 6079 1950 Y 79 f68c4
SCHED-TRACE 6080 1950 U 1 f68c7
SCHED-TRACE 6081 1950 V 1 fcecc
SCHED-TRACE 6082 1950 U 3 fcecf
SCHED-TRACE 6083 1950 V 3 fd109
SCHED-TRACE 6084 1951 I 1 fd17e
SCHED-TRACE 6085 1951 B 1 7a
SCHED-TRACE 6086 1951 P 1 33ab9d709
SCHED-TRACE 6087 1951 R 1 33ab9d709
SCHED-TRACE 6088 1952 U 4 fd28b
SCHED-TRACE 6089 1952 V 4 fd314
SCHED-TRACE 6090 1952 O 0 0
SCHED-TRACE 6091 1952 P 1 33ae46e96
SCHED-TRACE 6092 1953 K 1 33ae46e96
SCHED-TRACE 6093 1953 P 1 33b0ad4fc
SCHED-TRACE 6094 1954 G 2 0
SCHED-TRACE 6095 1954 g 2 0
SCHED-TRACE 6096 1954 v 2 3d0900003d090
SCHED-TRACE 6097 1954 f 2 33b0ad4fc
SCHED-TRACE 6098 1954 N 2 33b0ad4fc
SCHED-TRACE 6099 1954 n 2 0
SCHED-TRACE 6100 1955 I 1 fd853
SCHED-TRACE 6101 1955 B 1 7a
SCHED-TRACE 6102 1955 P 1 33bb13332
SCHED-TRACE 6103 1955 R 1 33bb13332
SCHED-TRACE 6104 1956 U 4 fd960
SCHED-TRACE 6105 1956 V 4 fd9e8
SCHED-TRACE 6106 1956 O 0 0
SCHED-TRACE 6107 1956 P 1 33bdbcabf
SCHED-TRACE 6108 1957 K 1 33bdbcabf
SCHED-TRACE 6109 1957 P 1 33c023125
SCHED-TRACE 6110 1958 G 2 33b0ad4fc
SCHED-TRACE 6111 1958 g 2 0
SCHED-TRACE 6112 1958 v 2 3d0900003d090
SCHED-TRACE 6113 1958 f 2 33c023125
SCHED-TRACE 6114 1958 N 2 33c023125
SCHED-TRACE 6115 1958 n 2 0
SCHED-TRACE 6116 1958 X 85 fdcc3
SCHED-TRACE 6117 1958 Z 0 477
SCHED-TRACE 6118 1958 G 2 33c023125
SCHED-TRACE 6119 1958 g 2 0
SCHED-TRACE 6120 1958 v 2 3d0900003d090
SCHED-TRACE 6121 1958 f 2 33c023125
SCHED-TRACE 6122 1958 N 2 33c023125
SCHED-TRACE 6123 1958 n 2 0
SCHED-TRACE 6124 1958 L 2 33c023125
SCHED-TRACE 6125 1958 l 85 33b0ad4fc
SCHED-TRACE 6126 1958 e 85 33b0ad4fc
SCHED-TRACE 6127 1958 f 0 33c023125
SCHED-TRACE 6128 1958 r 85 0
SCHED-TRACE 6129 1958 q 2 0
SCHED-TRACE 6130 1958 w 0 3d090
SCHED-TRACE 6131 1958 A 2 33c023125
SCHED-TRACE 6132 1958 a 2 0
SCHED-TRACE 6133 1958 Y 85 fe3b7
SCHED-TRACE 6134 1958 U 1 fe3b9
SCHED-TRACE 6135 1958 V 1 1049bf
SCHED-TRACE 6136 1959 I 1 104a34
SCHED-TRACE 6137 1959 B 1 7a
SCHED-TRACE 6138 1959 P 1 33d776459
SCHED-TRACE 6139 1959 R 1 33d776459
SCHED-TRACE 6140 1960 U 4 104b41
SCHED-TRACE 6141 1960 V 4 104bc9
SCHED-TRACE 6142 1960 O 0 0
SCHED-TRACE 6143 1960 P 1 33da1fbe6
SCHED-TRACE 6144 1961 K 1 33da1fbe6
SCHED-TRACE 6145 1961 P 1 33dc8624c
SCHED-TRACE 6146 1962 G 3 3385c09b7
SCHED-TRACE 6147 1962 g 3 5344e
SCHED-TRACE 6148 1962 v 3 b6788000b6724
SCHED-TRACE 6149 1962 f 3 33dc8624c
SCHED-TRACE 6150 1962 N 3 33dc8624c
SCHED-TRACE 6151 1962 n 3 5344e
SCHED-TRACE 6152 1963 I 1 105109
SCHED-TRACE 6153 1963 B 1 7a
SCHED-TRACE 6154 1963 P 1 33e6ec8b3
SCHED-TRACE 6155 1963 R 1 33e6ec8b3
SCHED-TRACE 6156 1964 U 4 105216
SCHED-TRACE 6157 1964 V 4 10529e
SCHED-TRACE 6158 1964 O 0 0
SCHED-TRACE 6159 1964 P 1 33e996040
SCHED-TRACE 6160 1965 K 1 33e996040
SCHED-TRACE 6161 1965 P 1 33ebfc6a6
SCHED-TRACE 6162 1968 I 1 1057bd
SCHED-TRACE 6163 1968 B 1 7a
SCHED-TRACE 6164 1968 P 1 33f60c082
SCHED-TRACE 6165 1968 R 1 33f60c082
SCHED-TRACE 6166 1969 U 4 1058ca
SCHED-TRACE 6167 1969 V 4 105953
SCHED-TRACE 6168 1969 O 0 0
SCHED-TRACE 6169 1969 P 1 33f8b5c27
SCHED-TRACE 6170 1970 K 73 33ef5be76
SCHED-TRACE 6171 1970 P 1 33fb1c28e
SCHED-TRACE 6172 1971 P 1 33fcf26e8
SCHED-TRACE 6173 1971 I 73 105e67
SCHED-TRACE 6174 1971 B 73 7a
SCHED-TRACE 6175 1971 P 73 3440d6c8b
SCHED-TRACE 6176 1971 R 73 3440d6c8b
SCHED-TRACE 6177 1972 U 4 105f75
SCHED-TRACE 6178 1972 V 4 105ffd
SCHED-TRACE 6179 1972 O 0 0
SCHED-TRACE 6180 1972 P 73 345b824dd
SCHED-TRACE 6181 1973 K 70 33ef68b43
SCHED-TRACE 6182 1973 P 73 3473824dd
SCHED-TRACE 6183 1974 P 73 3485e1062
SCHED-TRACE 6184 1974 I 70 106512
SCHED-TRACE 6185 1974 B 70 7a
SCHED-TRACE 6186 1974 P 70 3440f2f1a
SCHED-TRACE 6187 1974 R 70 3440f2f1a
SCHED-TRACE 6188 1975 U 4 106620
SCHED-TRACE 6189 1975 V 4 1066a8
SCHED-TRACE 6190 1975 O 0 0
SCHED-TRACE 6191 1975 P 70 345ba1061
SCHED-TRACE 6192 1976 K 76 33ef84dd2
SCHED-TRACE 6193 1976 P 70 34739e76c
SCHED-TRACE 6194 1977 P 70 3485fd2f1
SCHED-TRACE 6195 1977 I 76 106bbd
SCHED-TRACE 6196 1977 B 76 7a
SCHED-TRACE 6197 1977 P 76 34410f1a9
SCHED-TRACE 6198 1977 R 76 34410f1a9
SCHED-TRACE 6199 1978 U 4 106ccb
SCHED-TRACE 6200 1978 V 4 106d53
SCHED-TRACE 6201 1978 O 0 0
SCHED-TRACE 6202 1978 P 76 345bba9fb
SCHED-TRACE 6203 1979 K 64 33f02b439
SCHED-TRACE 6204 1979 P 76 3473b8106
SCHED-TRACE 6205 1980 P 76 348619580
SCHED-TRACE 6206 1980 I 64 107268
SCHED-TRACE 6207 1980 B 64 7a
SCHED-TRACE 6208 1980 P 64 3441b5810
SCHED-TRACE 6209 1980 R 64 3441b5810
SCHED-TRACE 6210 1981 U 4 107376
SCHED-TRACE 6211 1981 V 4 1073ff
SCHED-TRACE 6212 1981 O 0 0
SCHED-TRACE 6213 1981 P 64 345c68b43
SCHED-TRACE 6214 1982 K 61 33f035810
SCHED-TRACE 6215 1982 P 64 347468b43
SCHED-TRACE 6216 1983 P 64 3486c76c8
SCHED-TRACE 6217 1983 I 61 107913
SCHED-TRACE 6218 1983 B 61 7a
SCHED-TRACE 6219 1983 P 61 3441b5810
SCHED-TRACE 6220 1983 R 61 3441b5810
SCHED-TRACE 6221 1984 U 4 107a21
SCHED-TRACE 6222 1984 V 4 107aaa
SCHED-TRACE 6223 1984 O 0 0
SCHED-TRACE 6224 1984 P 61 345c68b43
SCHED-TRACE 6225 1985 K 67 33f044dd2
SCHED-TRACE 6226 1985 P 61 347468b43
SCHED-TRACE 6227 1986 P 61 3486c4dd3
SCHED-TRACE 6228 1986 I 67 107fbe
SCHED-TRACE 6229 1986 B 67 7b
SCHED-TRACE 6230 1986 P 67 3441c9fbd
SCHED-TRACE 6231 1986 R 67 3441c9fbd
SCHED-TRACE 6232 1987 U 4 1080cc
SCHED-TRACE 6233 1987 V 4 108154
SCHED-TRACE 6234 1987 O 0 0
SCHED-TRACE 6235 1987 P 67 345c7a9fb
SCHED-TRACE 6236 1988 K 55 33f0d6c8b
SCHED-TRACE 6237 1988 P 67 34747a9fb
SCHED-TRACE 6238 1989 P 67 3486d9580
SCHED-TRACE 6239 1989 I 55 108669
SCHED-TRACE 6240 1989 B 55 7a
SCHED-TRACE 6241 1989 P 55 344259581
SCHED-TRACE 6242 1989 R 55 344259581
SCHED-TRACE 6243 1990 U 4 108777
SCHED-TRACE 6244 1990 V 4 108800
SCHED-TRACE 6245 1990 O 0 0
SCHED-TRACE 6246 1990 P 55 345d14395
SCHED-TRACE 6247 1991 K 52 33f109fbe
SCHED-TRACE 6248 1991 P 55 347514395
SCHED-TRACE 6249 1992 P 55 348772f1a
SCHED-TRACE 6250 1992 I 52 108d14
SCHED-TRACE 6251 1992 B 52 7a
SCHED-TRACE 6252 1992 P 52 3442824dc
SCHED-TRACE 6253 1992 R 52 3442824dc
SCHED-TRACE 6254 1993 U 4 108e22
SCHED-TRACE 6255 1993 V 4 108eab
SCHED-TRACE 6256 1993 O 0 0
SCHED-TRACE 6257 1993 P 52 345d3fbe7
SCHED-TRACE 6258 1994 K 58 33f116c8b
SCHED-TRACE 6259 1994 P 52 34753fbe7
SCHED-TRACE 6260 1995 P 52 34879e76c
SCHED-TRACE 6261 1995 I 58 1093c0
SCHED-TRACE 6262 1995 B 58 7a
SCHED-TRACE 6263 1995 P 58 3442a8b43
SCHED-TRACE 6264 1995 R 58 3442a8b43
SCHED-TRACE 6265 1996 U 4 1094ce
SCHED-TRACE 6266 1996 V 4 109557
SCHED-TRACE 6267 1996 O 0 0
SCHED-TRACE 6268 1996 P 58 345d61062
SCHED-TRACE 6269 1997 K 49 33f12624d
SCHED-TRACE 6270 1997 P 58 347561062
SCHED-TRACE 6271 1998 P 58 3487bd2f1
SCHED-TRACE 6272 1998 I 49 109a6b
SCHED-TRACE 6273 1998 B 49 7a
SCHED-TRACE 6274 1998 P 49 3442a624d
SCHED-TRACE 6275 1998 R 49 3442a624d
SCHED-TRACE 6276 1999 U 4 109b79
SCHED-TRACE 6277 1999 V 4 109c02
SCHED-TRACE 6278 1999 O 0 0
SCHED-TRACE 6279 1999 P 49 345d6624d
SCHED-TRACE 6280 2000 K 43 33f184dd2
SCHED-TRACE 6281 2000 P 49 34756624d
SCHED-TRACE 6282 2001 P 49 3487c4dd3
SCHED-TRACE 6283 2001 I 43 10a117
SCHED-TRACE 6284 2001 B 43 7a
SCHED-TRACE 6285 2001 P 43 344314395
SCHED-TRACE 6286 2001 R 43 344314395
SCHED-TRACE 6287 2002 U 4 10a226
SCHED-TRACE 6288 2002 V 4 10a2ae
SCHED-TRACE 6289 2002 O 0 0
SCHED-TRACE 6290 2002 P 43 345dde76c
SCHED-TRACE 6291 2003 K 37 33f1b5810
SCHED-TRACE 6292 2003 P 43 3475dbe76
SCHED-TRACE 6293 2004 P 43 34883d2f1
SCHED-TRACE 6294 2004 I 37 10a7c3
SCHED-TRACE 6295 2004 B 37 7a
SCHED-TRACE 6296 2004 P 37 34433a9fb
SCHED-TRACE 6297 2004 R 37 34433a9fb
SCHED-TRACE 6298 2005 U 4 10a8d2
SCHED-TRACE 6299 2005 V 4 10a95b
SCHED-TRACE 6300 2005 O 0 0
SCHED-TRACE 6301 2005 P 37 345e09fbe
SCHED-TRACE 6302 2006 K 40 33f1c76c8
SCHED-TRACE 6303 2006 P 37 347609fbe
SCHED-TRACE 6304 2007 P 37 348868b43
SCHED-TRACE 6305 2007 I 40 10ae6f
SCHED-TRACE 6306 2007 B 40 7a
SCHED-TRACE 6307 2007 P 40 344349fbd
SCHED-TRACE 6308 2007 R 40 344349fbd
SCHED-TRACE 6309 2008 U 4 10af7e
SCHED-TRACE 6310 2008 V 4 10b006
SCHED-TRACE 6311 2008 O 0 0
SCHED-TRACE 6312 2008 P 40 345e11a9f
SCHED-TRACE 6313 2009 K 31 33f1cf1a9
SCHED-TRACE 6314 2009 P 40 347611a9f
SCHED-TRACE 6315 2010 P 40 34886dd2e
SCHED-TRACE 6316 2010 I 31 10b51b
SCHED-TRACE 6317 2010 B 31 7a
SCHED-TRACE 6318 2010 P 31 344359580
SCHED-TRACE 6319 2010 R 31 344359580
SCHED-TRACE 6320 2011 U 4 10b628
SCHED-TRACE 6321 2011 V 4 10b6b1
SCHED-TRACE 6322 2011 O 0 0
SCHED-TRACE 6323 2011 P 31 345dfd2f1
SCHED-TRACE 6324 2012 K 34 33f254395
SCHED-TRACE 6325 2012 P 31 3475fd2f1
SCHED-TRACE 6326 2013 P 31 348859580
SCHED-TRACE 6327 2013 I 34 10bbc6
SCHED-TRACE 6328 2013 B 34 7a
SCHED-TRACE 6329 2013 P 34 3443e624d
SCHED-TRACE 6330 2013 R 34 3443e624d
SCHED-TRACE 6331 2014 U 4 10bcd5
SCHED-TRACE 6332 2014 V 4 10bd5e
SCHED-TRACE 6333 2014 O 0 0
SCHED-TRACE 6334 2014 P 34 345eb2f1a
SCHED-TRACE 6335 2015 K 46 33fab2f1a
SCHED-TRACE 6336 2015 P 34 3476b2f1a
SCHED-TRACE 6337 2016 P 34 34890f1aa
SCHED-TRACE 6338 2016 I 46 10c272
SCHED-TRACE 6339 2016 B 46 7b
SCHED-TRACE 6340 2016 P 46 344c38106
SCHED-TRACE 6341 2016 R 46 344c38106
SCHED-TRACE 6342 2017 U 4 10c381
SCHED-TRACE 6343 2017 V 4 10c409
SCHED-TRACE 6344 2017 O 0 0
SCHED-TRACE 6345 2017 P 46 3466f5810
SCHED-TRACE 6346 2018 K 1 33fcf26e8
SCHED-TRACE 6347 2018 P 46 347ef5810
SCHED-TRACE 6348 2019 P 46 34914f1aa
SCHED-TRACE 6349 2020 U 2 10caab
SCHED-TRACE 6350 2020 V 2 10ce92
SCHED-TRACE 6351 2020 U 3 10cf38
SCHED-TRACE 6352 2020 V 3 10d18d
SCHED-TRACE 6353 2021 I 1 10d201
SCHED-TRACE 6354 2021 B 1 7a
SCHED-TRACE 6355 2021 P 1 340bf8d4e
SCHED-TRACE 6356 2021 R 1 340bf8d4e
SCHED-TRACE 6357 2022 U 4 10d30e
SCHED-TRACE 6358 2022 V 4 10d399
SCHED-TRACE 6359 2022 O 0 0
SCHED-TRACE 6360 2022 P 1 340ea24dc
SCHED-TRACE 6361 2023 K 1 340ea24dc
SCHED-TRACE 6362 2023 P 1 341109fbd
SCHED-TRACE 6363 2025 I 1 10df44
SCHED-TRACE 6364 2025 B 1 7a
SCHED-TRACE 6365 2025 P 1 342be0417
SCHED-TRACE 6366 2025 R 1 342be0417
SCHED-TRACE 6367 2026 U 4 10e051
SCHED-TRACE 6368 2026 V 4 10e0dc
SCHED-TRACE 6369 2026 O 0 0
SCHED-TRACE 6370 2026 P 1 342e8978c
SCHED-TRACE 6371 2027 K 1 342e8978c
SCHED-TRACE 6372 2027 P 1 3430f0e54
SCHED-TRACE 6373 2029 I 1 10e613
SCHED-TRACE 6374 2029 B 1 7a
SCHED-TRACE 6375 2029 P 1 343b43125
SCHED-TRACE 6376 2029 R 1 343b43125
SCHED-TRACE 6377 2030 U 4 10e720
SCHED-TRACE 6378 2030 V 4 10e7ab
SCHED-TRACE 6379 2030 O 0 0
SCHED-TRACE 6380 2030 P 1 343dec8b3
SCHED-TRACE 6381 2031 K 1 343dec8b3
SCHED-TRACE 6382 2031 P 1 344054394
SCHED-TRACE 6383 2033 I 1 10ed17
SCHED-TRACE 6384 2033 B 1 7a
SCHED-TRACE 6385 2033 P 1 344b2c49a
SCHED-TRACE 6386 2033 R 1 344b2c49a
SCHED-TRACE 6387 2034 U 4 10ee24
SCHED-TRACE 6388 2034 V 4 10eeae
SCHED-TRACE 6389 2034 O 0 0
SCHED-TRACE 6390 2034 P 1 344dd580f
SCHED-TRACE 6391 2035 K 1 344dd580f
SCHED-TRACE 6392 2035 P 1 34503ced8
SCHED-TRACE 6393 2038 I 1 10f91b
SCHED-TRACE 6394 2038 B 1 7b
SCHED-TRACE 6395 2038 P 1 3467e0c48
SCHED-TRACE 6396 2038 R 1 3467e0c48
SCHED-TRACE 6397 2039 U 4 10fa28
SCHED-TRACE 6398 2039 V 4 10fab3
SCHED-TRACE 6399 2039 O 0 0
SCHED-TRACE 6400 2039 P 1 346a8a3d5
SCHED-TRACE 6401 2040 K 1 346a8a3d5
SCHED-TRACE 6402 2040 P 1 346cf1eb7
SCHED-TRACE 6403 2042 I 1 1100a9
SCHED-TRACE 6404 2042 B 1 7a
SCHED-TRACE 6405 2042 P 1 34792d4fc
SCHED-TRACE 6406 2042 R 1 34792d4fc
SCHED-TRACE 6407 2043 U 4 1101b7
SCHED-TRACE 6408 2043 V 4 110241
SCHED-TRACE 6409 2043 O 0 0
SCHED-TRACE 6410 2043 P 1 347bd6c8a
SCHED-TRACE 6411 2044 K 1 347bd6c8a
SCHED-TRACE 6412 2044 P 1 347e3e352
SCHED-TRACE 6413 2048 P 86 347e3e352
SCHED-TRACE 6414 2048 W 86 347e3e352
SCHED-TRACE 6415 2048 U 4 110a98
SCHED-TRACE 6416 2048 V 4 110b28
SCHED-TRACE 6417 2048 I 1 110b2d
SCHED-TRACE 6418 2048 B 1 7a
SCHED-TRACE 6419 2048 P 1 3490a24dc
SCHED-TRACE 6420 2048 R 1 3490a24dc
SCHED-TRACE 6421 2049 O 0 0
SCHED-TRACE 6422 2049 P 1 349356040
SCHED-TRACE 6423 2050 K 86 347e3e352
SCHED-TRACE 6424 2050 P 1 3495d2f19
SCHED-TRACE 6425 2051 P 1 3497c0417
SCHED-TRACE 6426 2051 U 3 110fa7
SCHED-TRACE 6427 2051 V 3 11120e
SCHED-TRACE 6428 2051 P 86 34a1e49b8
SCHED-TRACE 6429 2051 D 86 34a1e49b8
SCHED-TRACE 6430 2053 K 73 3485e1062
SCHED-TRACE 6431 2054 U 4 1114e6
SCHED-TRACE 6432 2054 V 4 11156d
SCHED-TRACE 6433 2054 I 73 111890
SCHED-TRACE 6434 2054 B 73 7a
SCHED-TRACE 6435 2054 P 73 34d716c8b
SCHED-TRACE 6436 2054 R 73 34d716c8b
SCHED-TRACE 6437 2055 U 4 11199e
SCHED-TRACE 6438 2055 V 4 111a28
SCHED-TRACE 6439 2055 O 0 0
SCHED-TRACE 6440 2055 P 73 34f1c4dd3
SCHED-TRACE 6441 2056 K 70 3485fd2f1
SCHED-TRACE 6442 2056 P 73 3509cf1aa
SCHED-TRACE 6443 2057 P 73 351c2dd2f
SCHED-TRACE 6444 2057 I 70 111f3d
SCHED-TRACE 6445 2057 B 70 7a
SCHED-TRACE 6446 2057 P 70 34d77d2f1
SCHED-TRACE 6447 2057 R 70 34d77d2f1
SCHED-TRACE 6448 2058 U 4 11204b
SCHED-TRACE 6449 2058 V 4 1120d5
SCHED-TRACE 6450 2058 O 0 0
SCHED-TRACE 6451 2058 P 70 34f22b438
SCHED-TRACE 6452 2059 K 76 348619580
SCHED-TRACE 6453 2059 P 70 350a35810
SCHED-TRACE 6454 2060 P 70 351c94395
SCHED-TRACE 6455 2060 I 76 1125ea
SCHED-TRACE 6456 2060 B 76 7a
SCHED-TRACE 6457 2060 P 76 34d799580
SCHED-TRACE 6458 2060 R 76 34d799580
SCHED-TRACE 6459 2061 U 4 1126f8
SCHED-TRACE 6460 2061 V 4 112782
SCHED-TRACE 6461 2061 O 0 0
SCHED-TRACE 6462 2061 P 76 34f2424dd
SCHED-TRACE 6463 2062 K 61 3486c4dd3
SCHED-TRACE 6464 2062 P 76 350a4f1a9
SCHED-TRACE 6465 2063 P 76 351cb0624
SCHED-TRACE 6466 2063 I 61 112c97
SCHED-TRACE 6467 2063 B 61 7a
SCHED-TRACE 6468 2063 P 61 34d8424dd
SCHED-TRACE 6469 2063 R 61 34d8424dd
SCHED-TRACE 6470 2064 U 4 112da5
SCHED-TRACE 6471 2064 V 4 112e30
SCHED-TRACE 6472 2064 O 0 0
SCHED-TRACE 6473 2064 P 61 34f2fa9fc
SCHED-TRACE 6474 2065 K 64 3486c76c8
SCHED-TRACE 6475 2065 P 61 350b04dd3
SCHED-TRACE 6476 2066 P 61 351d6624e
SCHED-TRACE 6477 2066 I 64 113345
SCHED-TRACE 6478 2066 B 64 7a
SCHED-TRACE 6479 2066 P 64 34d854395
SCHED-TRACE 6480 2066 R 64 34d854395
SCHED-TRACE 6481 2067 U 4 113453
SCHED-TRACE 6482 2067 V 4 1134dd
SCHED-TRACE 6483 2067 O 0 0
SCHED-TRACE 6484 2067 P 64 34f309fbe
SCHED-TRACE 6485 2068 K 67 3486d9580
SCHED-TRACE 6486 2068 P 64 350b16c8a
SCHED-TRACE 6487 2069 P 64 351d72f1a
SCHED-TRACE 6488 2069 I 67 1139f2
SCHED-TRACE 6489 2069 B 67 7a
SCHED-TRACE 6490 2069 P 67 34d854394
SCHED-TRACE 6491 2069 R 67 34d854394
SCHED-TRACE 6492 2070 U 4 113b00
SCHED-TRACE 6493 2070 V 4 113b8a
SCHED-TRACE 6494 2070 O 0 0
SCHED-TRACE 6495 2070 P 67 34f3024dc
SCHED-TRACE 6496 2071 K 55 348772f1a
SCHED-TRACE 6497 2071 P 67 350b0f1a9
SCHED-TRACE 6498 2072 P 67 351d6dd2e
SCHED-TRACE 6499 2072 I 55 11409f
SCHED-TRACE 6500 2072 B 55 7a
SCHED-TRACE 6501 2072 P 55 34d8edd2f
SCHED-TRACE 6502 2072 R 55 34d8edd2f
SCHED-TRACE 6503 2073 U 4 1141ad
SCHED-TRACE 6504 2073 V 4 114238
SCHED-TRACE 6505 2073 O 0 0
SCHED-TRACE 6506 2073 P 55 34f3ab439
SCHED-TRACE 6507 2074 K 52 34879e76c
SCHED-TRACE 6508 2074 P 55 350bb8106
SCHED-TRACE 6509 2075 P 55 351e16c8b
SCHED-TRACE 6510 2075 I 52 11474d
SCHED-TRACE 6511 2075 B 52 7b
SCHED-TRACE 6512 2075 P 52 34d928b43
SCHED-TRACE 6513 2075 R 52 34d928b43
SCHED-TRACE 6514 2076 U 4 11485b
SCHED-TRACE 6515 2076 V 4 1148e6
SCHED-TRACE 6516 2076 O 0 0
SCHED-TRACE 6517 2076 P 52 34f3e624d
SCHED-TRACE 6518 2077 K 58 3487bd2f1
SCHED-TRACE 6519 2077 P 52 350bf0624
SCHED-TRACE 6520 2078 P 52 351e4f1a9
SCHED-TRACE 6521 2078 I 58 114dfb
SCHED-TRACE 6522 2078 B 58 7a
SCHED-TRACE 6523 2078 P 58 34d944dd3
SCHED-TRACE 6524 2078 R 58 34d944dd3
SCHED-TRACE 6525 2079 U 4 114f09
SCHED-TRACE 6526 2079 V 4 114f94
SCHED-TRACE 6527 2079 O 0 0
SCHED-TRACE 6528 2079 P 58 34f3ffbe7
SCHED-TRACE 6529 2080 K 49 3487c4dd3
SCHED-TRACE 6530 2080 P 58 350c09fbe
SCHED-TRACE 6531 2081 P 58 351e68b43
SCHED-TRACE 6532 2081 I 49 1154a9
SCHED-TRACE 6533 2081 B 49 7a
SCHED-TRACE 6534 2081 P 49 34d951a9f
SCHED-TRACE 6535 2081 R 49 34d951a9f
SCHED-TRACE 6536 2082 U 4 1155b7
SCHED-TRACE 6537 2082 V 4 115642
SCHED-TRACE 6538 2082 O 0 0
SCHED-TRACE 6539 2082 P 49 34f414395
SCHED-TRACE 6540 2083 K 43 34883d2f1
SCHED-TRACE 6541 2083 P 49 350c21062
SCHED-TRACE 6542 2084 P 49 351e7fbe7
SCHED-TRACE 6543 2084 I 43 115b57
SCHED-TRACE 6544 2084 B 43 7a
SCHED-TRACE 6545 2084 P 43 34d9c24dc
SCHED-TRACE 6546 2084 R 43 34d9c24dc
SCHED-TRACE 6547 2085 U 4 115c66
SCHED-TRACE 6548 2085 V 4 115cf0
SCHED-TRACE 6549 2085 O 0 0
SCHED-TRACE 6550 2085 P 43 34f484dd2
SCHED-TRACE 6551 2086 K 31 348859580
SCHED-TRACE 6552 2086 P 43 350c8f1a9
SCHED-TRACE 6553 2087 P 43 351eedd2e
SCHED-TRACE 6554 2087 I 31 116205
SCHED-TRACE 6555 2087 B 31 7a
SCHED-TRACE 6556 2087 P 31 34d9dbe76
SCHED-TRACE 6557 2087 R 31 34d9dbe76
SCHED-TRACE 6558 2088 U 4 116312
SCHED-TRACE 6559 2088 V 4 11639d
SCHED-TRACE 6560 2088 O 0 0
SCHED-TRACE 6561 2088 P 31 34f4824dc
SCHED-TRACE 6562 2089 K 37 348868b43
SCHED-TRACE 6563 2089 P 31 350c8f1a9
SCHED-TRACE 6564 2090 P 31 351eedd2e
SCHED-TRACE 6565 2090 I 37 1168b2
SCHED-TRACE 6566 2090 B 37 7a
SCHED-TRACE 6567 2090 P 37 34d9edd2f
SCHED-TRACE 6568 2090 R 37 34d9edd2f
SCHED-TRACE 6569 2091 U 4 1169c1
SCHED-TRACE 6570 2091 V 4 116a4b
SCHED-TRACE 6571 2091 O 0 0
SCHED-TRACE 6572 2091 P 37 34f4b8106
SCHED-TRACE 6573 2092 K 40 34886dd2e
SCHED-TRACE 6574 2092 P 37 350cc4dd2
SCHED-TRACE 6575 2093 P 37 351f21062
SCHED-TRACE 6576 2093 I 40 116f60
SCHED-TRACE 6577 2093 B 40 7b
SCHED-TRACE 6578 2093 P 40 34d9eb438
SCHED-TRACE 6579 2093 R 40 34d9eb438
SCHED-TRACE 6580 2094 U 4 11706f
SCHED-TRACE 6581 2094 V 4 1170f9
SCHED-TRACE 6582 2094 O 0 0
SCHED-TRACE 6583 2094 P 40 34f4b580f
SCHED-TRACE 6584 2095 K 34 34890f1aa
SCHED-TRACE 6585 2095 P 40 350cc24dc
SCHED-TRACE 6586 2096 P 40 351f21061
SCHED-TRACE 6587 2096 I 34 11760e
SCHED-TRACE 6588 2096 B 34 7a
SCHED-TRACE 6589 2096 P 34 34da89fbe
SCHED-TRACE 6590 2096 R 34 34da89fbe
SCHED-TRACE 6591 2097 U 4 11771d
SCHED-TRACE 6592 2097 V 4 1177a7
SCHED-TRACE 6593 2097 O 0 0
SCHED-TRACE 6594 2097 P 34 34f559581
SCHED-TRACE 6595 2098 K 46 34914f1aa
SCHED-TRACE 6596 2098 P 34 350d6624d
SCHED-TRACE 6597 2099 P 34 351fc24dd
SCHED-TRACE 6598 2099 I 46 117cbc
SCHED-TRACE 6599 2099 B 46 7b
SCHED-TRACE 6600 2099 P 46 34e2cc8b4
SCHED-TRACE 6601 2099 R 46 34e2cc8b4
SCHED-TRACE 6602 2100 U 4 117dcb
SCHED-TRACE 6603 2100 V 4 117e55
SCHED-TRACE 6604 2100 O 0 0
SCHED-TRACE 6605 2100 P 46 34fd8c8b4
SCHED-TRACE 6606 2101 K 1 3497c0417
SCHED-TRACE 6607 2101 P 46 351596c8b
SCHED-TRACE 6608 2102 P 46 3527f2f1a
SCHED-TRACE 6609 2104 U 3 1185f4
SCHED-TRACE 6610 2104 V 3 11884c
SCHED-TRACE 6611 2105 W 86 34e508729
SCHED-TRACE 6612 2105 U 4 1188d7
SCHED-TRACE 6613 2105 V 4 118967
SCHED-TRACE 6614 2105 I 1 11896d
SCHED-TRACE 6615 2105 B 1 7a
SCHED-TRACE 6616 2105 P 1 34a7e978c
SCHED-TRACE 6617 2105 R 1 34a7e978c
SCHED-TRACE 6618 2106 O 0 0
SCHED-TRACE 6619 2106 P 1 34aa9c6a6
SCHED-TRACE 6620 2107 K 1 34aa9c6a6
SCHED-TRACE 6621 2107 P 1 34ad1b644
SCHED-TRACE 6622 2108 U 3 118da8
SCHED-TRACE 6623 2108 V 3 119019
SCHED-TRACE 6624 2108 P 1 34b1f9167
SCHED-TRACE 6625 2108 D 1 34b1f9167
SCHED-TRACE 6626 2110 K 86 34e508729
SCHED-TRACE 6627 2111 U 4 1192ef
SCHED-TRACE 6628 2111 V 4 119377
SCHED-TRACE 6629 2112 U 3 11989f
SCHED-TRACE 6630 2112 V 3 119af7
SCHED-TRACE 6631 2113 P 1 34e508729
SCHED-TRACE 6632 2113 W 1 34e508729
SCHED-TRACE 6633 2113 U 4 119b84
SCHED-TRACE 6634 2113 V 4 119c14
SCHED-TRACE 6635 2113 I 86 119c19
SCHED-TRACE 6636 2113 B 86 7b
SCHED-TRACE 6637 2113 P 86 35796ed8f
SCHED-TRACE 6638 2113 R 86 35796ed8f
SCHED-TRACE 6639 2114 O 0 0
SCHED-TRACE 6640 2114 P 86 359479166
SCHED-TRACE 6641 2115 K 1 34e508729
SCHED-TRACE 6642 2115 P 86 35ad71685
SCHED-TRACE 6643 2116 P 86 35c0b6870
SCHED-TRACE 6644 2116 U 3 11a0a1
SCHED-TRACE 6645 2116 V 3 11a311
SCHED-TRACE 6646 2116 P 1 34e8b9997
SCHED-TRACE 6647 2116 D 1 34e8b9997
SCHED-TRACE 6648 2118 K 73 351c2dd2f
SCHED-TRACE 6649 2119 U 4 11a5ea
SCHED-TRACE 6650 2119 V 4 11a672
SCHED-TRACE 6651 2119 I 73 11a994
SCHED-TRACE 6652 2119 B 73 7b
SCHED-TRACE 6653 2119 P 73 356d5be76
SCHED-TRACE 6654 2119 R 73 356d5be76
SCHED-TRACE 6655 2120 U 4 11aaa2
SCHED-TRACE 6656 2120 V 4 11ab2d
SCHED-TRACE 6657 2120 O 0 0
SCHED-TRACE 6658 2120 P 73 35880c8b4
SCHED-TRACE 6659 2121 K 70 351c94395
SCHED-TRACE 6660 2121 P 73 35a019581
SCHED-TRACE 6661 2122 P 73 35b278106
SCHED-TRACE 6662 2122 I 70 11b042
SCHED-TRACE 6663 2122 B 70 7b
SCHED-TRACE 6664 2122 P 70 356e16c8a
SCHED-TRACE 6665 2122 R 70 356e16c8a
SCHED-TRACE 6666 2123 U 4 11b150
SCHED-TRACE 6667 2123 V 4 11b1db
SCHED-TRACE 6668 2123 O 0 0
SCHED-TRACE 6669 2123 P 70 3588c4dd2
SCHED-TRACE 6670 2124 K 76 351cb0624
SCHED-TRACE 6671 2124 P 70 35a0d1a9f
SCHED-TRACE 6672 2125 P 70 35b32dd2e
SCHED-TRACE 6673 2125 I 76 11b6f0
SCHED-TRACE 6674 2125 B 76 7b
SCHED-TRACE 6675 2125 P 76 356e35810
SCHED-TRACE 6676 2125 R 76 356e35810
SCHED-TRACE 6677 2126 U 4 11b7fe
SCHED-TRACE 6678 2126 V 4 11b889
SCHED-TRACE 6679 2126 O 0 0
SCHED-TRACE 6680 2126 P 76 3588e3957
SCHED-TRACE 6681 2127 K 61 351d6624e
SCHED-TRACE 6682 2127 P 76 35a0f0624
SCHED-TRACE 6683 2128 P 76 35b34f1a9
SCHED-TRACE 6684 2128 I 61 11bd9e
SCHED-TRACE 6685 2128 B 61 7b
SCHED-TRACE 6686 2128 P 61 356eeb439
SCHED-TRACE 6687 2128 R 61 356eeb439
SCHED-TRACE 6688 2129 U 4 11beac
SCHED-TRACE 6689 2129 V 4 11bf37
SCHED-TRACE 6690 2129 O 0 0
SCHED-TRACE 6691 2129 P 61 3589a624e
SCHED-TRACE 6692 2130 K 67 351d6dd2e
SCHED-TRACE 6693 2130 P 61 35a1b0625
SCHED-TRACE 6694 2131 P 61 35b40f1aa
SCHED-TRACE 6695 2131 I 67 11c44d
SCHED-TRACE 6696 2131 B 67 7a
SCHED-TRACE 6697 2131 P 67 356effbe6
SCHED-TRACE 6698 2131 R 67 356effbe6
SCHED-TRACE 6699 2132 U 4 11c55b
SCHED-TRACE 6700 2132 V 4 11c5e6
SCHED-TRACE 6701 2132 O 0 0
SCHED-TRACE 6702 2132 P 67 3589b580f
SCHED-TRACE 6703 2133 K 64 351d72f1a
SCHED-TRACE 6704 2133 P 67 35a1bfbe6
SCHED-TRACE 6705 2134 P 67 35b41e76c
SCHED-TRACE 6706 2134 I 64 11cafb
SCHED-TRACE 6707 2134 B 64 7a
SCHED-TRACE 6708 2134 P 64 356ef2f1a
SCHED-TRACE 6709 2134 R 64 356ef2f1a
SCHED-TRACE 6710 2135 U 4 11cc09
SCHED-TRACE 6711 2135 V 4 11cc94
SCHED-TRACE 6712 2135 O 0 0
SCHED-TRACE 6713 2135 P 64 3589add2e
SCHED-TRACE 6714 2136 K 55 351e16c8b
SCHED-TRACE 6715 2136 P 64 35a1ba9fb
SCHED-TRACE 6716 2137 P 64 35b419580
SCHED-TRACE 6717 2137 I 55 11d1a9
SCHED-TRACE 6718 2137 B 55 7b
SCHED-TRACE 6719 2137 P 55 356f91aa0
SCHED-TRACE 6720 2137 R 55 356f91aa0
SCHED-TRACE 6721 2138 U 4 11d2b7
SCHED-TRACE 6722 2138 V 4 11d342
SCHED-TRACE 6723 2138 O 0 0
SCHED-TRACE 6724 2138 P 55 358a54395
SCHED-TRACE 6725 2139 K 52 351e4f1a9
SCHED-TRACE 6726 2139 P 55 35a25e76c
SCHED-TRACE 6727 2140 P 55 35b4bd2f1
SCHED-TRACE 6728 2140 I 52 11d858
SCHED-TRACE 6729 2140 B 52 7a
SCHED-TRACE 6730 2140 P 52 356fd9580
SCHED-TRACE 6731 2140 R 52 356fd9580
SCHED-TRACE 6732 2141 U 4 11d966
SCHED-TRACE 6733 2141 V 4 11d9f2
SCHED-TRACE 6734 2141 O 0 0
SCHED-TRACE 6735 2141 P 52 358a9e76c
SCHED-TRACE 6736 2142 K 58 351e68b43
SCHED-TRACE 6737 2142 P 52 35a2a8b43
SCHED-TRACE 6738 2143 P 52 35b5076c8
SCHED-TRACE 6739 2143 I 58 11df07
SCHED-TRACE 6740 2143 B 58 7a
SCHED-TRACE 6741 2143 P 58 356ff2f1a
SCHED-TRACE 6742 2143 R 58 356ff2f1a
SCHED-TRACE 6743 2144 U 4 11e015
SCHED-TRACE 6744 2144 V 4 11e0a0
SCHED-TRACE 6745 2144 O 0 0
SCHED-TRACE 6746 2144 P 58 358ab2f1a
SCHED-TRACE 6747 2145 K 49 351e7fbe7
SCHED-TRACE 6748 2145 P 58 35a2bfbe7
SCHED-TRACE 6749 2146 P 58 35b51e76c
SCHED-TRACE 6750 2146 I 49 11e5b6
SCHED-TRACE 6751 2146 B 49 7a
SCHED-TRACE 6752 2146 P 49 35700f1aa
SCHED-TRACE 6753 2146 R 49 35700f1aa
SCHED-TRACE 6754 2147 U 4 11e6c4
SCHED-TRACE 6755 2147 V 4 11e750
SCHED-TRACE 6756 2147 O 0 0
SCHED-TRACE 6757 2147 P 49 358ad6c8b
SCHED-TRACE 6758 2148 K 43 351eedd2e
SCHED-TRACE 6759 2148 P 49 35a2e3958
SCHED-TRACE 6760 2149 P 49 35b5424dd
SCHED-TRACE 6761 2149 I 43 11ec65
SCHED-TRACE 6762 2149 B 43 7a
SCHED-TRACE 6763 2149 P 43 357075810
SCHED-TRACE 6764 2149 R 43 357075810
SCHED-TRACE 6765 2150 U 4 11ed74
SCHED-TRACE 6766 2150 V 4 11edff
SCHED-TRACE 6767 2150 O 0 0
SCHED-TRACE 6768 2150 P 43 358b3fbe7
SCHED-TRACE 6769 2151 K 31 351eedd2e
SCHED-TRACE 6770 2151 P 43 35a34c8b4
SCHED-TRACE 6771 2152 P 43 35b5a8b43
SCHED-TRACE 6772 2152 I 31 11f314
SCHED-TRACE 6773 2152 B 31 7b
SCHED-TRACE 6774 2152 P 31 357075810
SCHED-TRACE 6775 2152 R 31 357075810
SCHED-TRACE 6776 2153 U 4 11f421
SCHED-TRACE 6777 2153 V 4 11f4ad
SCHED-TRACE 6778 2153 O 0 0
SCHED-TRACE 6779 2153 P 31 358b21062
SCHED-TRACE 6780 2154 K 40 351f21061
SCHED-TRACE 6781 2154 P 31 35a32b439
SCHED-TRACE 6782 2155 P 31 35b589fbe
SCHED-TRACE 6783 2155 I 40 11f9c2
SCHED-TRACE 6784 2155 B 40 7a
SCHED-TRACE 6785 2155 P 40 3570a8b43
SCHED-TRACE 6786 2155 R 40 3570a8b43
SCHED-TRACE 6787 2156 U 4 11fad1
SCHED-TRACE 6788 2156 V 4 11fb5c
SCHED-TRACE 6789 2156 O 0 0
SCHED-TRACE 6790 2156 P 40 358b7d2f1
SCHED-TRACE 6791 2157 K 37 351f21062
SCHED-TRACE 6792 2157 P 40 35a3876c8
SCHED-TRACE 6793 2158 P 40 35b5e8b43
SCHED-TRACE 6794 2158 I 37 120072
SCHED-TRACE 6795 2158 B 37 7a
SCHED-TRACE 6796 2158 P 37 3570b0624
SCHED-TRACE 6797 2158 R 37 3570b0624
SCHED-TRACE 6798 2159 U 4 120181
SCHED-TRACE 6799 2159 V 4 12020c
SCHED-TRACE 6800 2159 O 0 0
SCHED-TRACE 6801 2159 P 37 358b84dd2
SCHED-TRACE 6802 2160 K 34 351fc24dd
SCHED-TRACE 6803 2160 P 37 35a38f1a9
SCHED-TRACE 6804 2161 P 37 35b5f2f1a
SCHED-TRACE 6805 2161 I 34 120722
SCHED-TRACE 6806 2161 B 34 7a
SCHED-TRACE 6807 2161 P 34 35714c8b4
SCHED-TRACE 6808 2161 R 34 35714c8b4
SCHED-TRACE 6809 2162 U 4 120831
SCHED-TRACE 6810 2162 V 4 1208bc
SCHED-TRACE 6811 2162 O 0 0
SCHED-TRACE 6812 2162 P 34 358c2624d
SCHED-TRACE 6813 2163 K 46 3527f2f1a
SCHED-TRACE 6814 2163 P 34 35a432f1a
SCHED-TRACE 6815 2164 P 34 35b691a9f
SCHED-TRACE 6816 2164 I 46 120dd2
SCHED-TRACE 6817 2164 B 46 7a
SCHED-TRACE 6818 2164 P 46 35797fbe7
SCHED-TRACE 6819 2164 R 46 35797fbe7
SCHED-TRACE 6820 2165 U 4 120ee1
SCHED-TRACE 6821 2165 V 4 120f6c
SCHED-TRACE 6822 2165 O 0 0
SCHED-TRACE 6823 2165 P 46 35944c8b4
SCHED-TRACE 6824 2166 K 46 35944c8b4
SCHED-TRACE 6825 2166 P 46 35ac59581
SCHED-TRACE 6826 2167 I 46 121481
SCHED-TRACE 6827 2167 B 46 7b
SCHED-TRACE 6828 2167 P 46 36103a9fc
SCHED-TRACE 6829 2167 R 46 36103a9fc
SCHED-TRACE 6830 2168 U 4 121590
SCHED-TRACE 6831 2168 V 4 12161b
SCHED-TRACE 6832 2168 O 0 0
SCHED-TRACE 6833 2168 P 46 362b04dd3
SCHED-TRACE 6834 2169 K 73 35b278106
SCHED-TRACE 6835 2169 P 46 364311aa0
SCHED-TRACE 6836 2170 P 46 365570625
SCHED-TRACE 6837 2170 I 73 121b30
SCHED-TRACE 6838 2170 B 73 7b
SCHED-TRACE 6839 2170 P 73 3603fa9fb
SCHED-TRACE 6840 2170 R 73 3603fa9fb
SCHED-TRACE 6841 2171 U 4 121c3e
SCHED-TRACE 6842 2171 V 4 121cc9
SCHED-TRACE 6843 2171 O 0 0
SCHED-TRACE 6844 2171 P 73 361eab439
SCHED-TRACE 6845 2172 K 70 35b32dd2e
SCHED-TRACE 6846 2172 P 73 3636b5810
SCHED-TRACE 6847 2173 P 73 364916c8b
SCHED-TRACE 6848 2173 I 70 1221de
SCHED-TRACE 6849 2173 B 70 7a
SCHED-TRACE 6850 2173 P 70 3604add2e
SCHED-TRACE 6851 2173 R 70 3604add2e
SCHED-TRACE 6852 2174 U 4 1222ec
SCHED-TRACE 6853 2174 V 4 122377
SCHED-TRACE 6854 2174 O 0 0
SCHED-TRACE 6855 2174 P 70 361f61061
SCHED-TRACE 6856 2175 K 76 35b34f1a9
SCHED-TRACE 6857 2175 P 70 36376dd2e
SCHED-TRACE 6858 2176 P 70 3649c9fbe
SCHED-TRACE 6859 2176 I 76 12288c
SCHED-TRACE 6860 2176 B 76 7b
SCHED-TRACE 6861 2176 P 76 3604d4395
SCHED-TRACE 6862 2176 R 76 3604d4395
SCHED-TRACE 6863 2177 U 4 12299a
SCHED-TRACE 6864 2177 V 4 122a25
SCHED-TRACE 6865 2177 O 0 0
SCHED-TRACE 6866 2177 P 76 361f824dd
SCHED-TRACE 6867 2178 K 61 35b40f1aa
SCHED-TRACE 6868 2178 P 76 36378c8b4
SCHED-TRACE 6869 2179 P 76 3649edd2e
SCHED-TRACE 6870 2179 I 61 122f3a
SCHED-TRACE 6871 2179 B 61 7a
SCHED-TRACE 6872 2179 P 61 36058f1aa
SCHED-TRACE 6873 2179 R 61 36058f1aa
SCHED-TRACE 6874 2180 U 4 123048
SCHED-TRACE 6875 2180 V 4 1230d3
SCHED-TRACE 6876 2180 O 0 0
SCHED-TRACE 6877 2180 P 61 36204c8b4
SCHED-TRACE 6878 2181 K 64 35b419580
SCHED-TRACE 6879 2181 P 61 363859581
SCHED-TRACE 6880 2182 P 61 364ab8106
SCHED-TRACE 6881 2182 I 64 1235e9
SCHED-TRACE 6882 2182 B 64 7b
SCHED-TRACE 6883 2182 P 64 3605ab439
SCHED-TRACE 6884 2182 R 64 3605ab439
SCHED-TRACE 6885 2183 U 4 1236f7
SCHED-TRACE 6886 2183 V 4 123782
SCHED-TRACE 6887 2183 O 0 0
SCHED-TRACE 6888 2183 P 64 362063957
SCHED-TRACE 6889 2184 K 67 35b41e76c
SCHED-TRACE 6890 2184 P 64 36386dd2e
SCHED-TRACE 6891 2185 P 64 364acc8b3
SCHED-TRACE 6892 2185 I 67 123c97
SCHED-TRACE 6893 2185 B 67 7a
SCHED-TRACE 6894 2185 P 67 360599580
SCHED-TRACE 6895 2185 R 67 360599580
SCHED-TRACE 6896 2186 U 4 123da5
SCHED-TRACE 6897 2186 V 4 123e30
SCHED-TRACE 6898 2186 O 0 0
SCHED-TRACE 6899 2186 P 67 362051a9f
SCHED-TRACE 6900 2187 K 55 35b4bd2f1
SCHED-TRACE 6901 2187 P 67 36385be76
SCHED-TRACE 6902 2188 P 67 364aba9fb
SCHED-TRACE 6903 2188 I 55 124345
SCHED-TRACE 6904 2188 B 55 7a
SCHED-TRACE 6905 2188 P 55 36063a9fc
SCHED-TRACE 6906 2188 R 55 36063a9fc
SCHED-TRACE 6907 2189 U 4 124453
SCHED-TRACE 6908 2189 V 4 1244de
SCHED-TRACE 6909 2189 O 0 0
SCHED-TRACE 6910 2189 P 55 3620fa9fc
SCHED-TRACE 6911 2190 K 52 35b5076c8
SCHED-TRACE 6912 2190 P 55 3639076c8
SCHED-TRACE 6913 2191 P 55 364b6624e
SCHED-TRACE 6914 2191 I 52 1249f4
SCHED-TRACE 6915 2191 B 52 7a
SCHED-TRACE 6916 2191 P 52 360691a9f
SCHED-TRACE 6917 2191 R 52 360691a9f
SCHED-TRACE 6918 2192 U 4 124b02
SCHED-TRACE 6919 2192 V 4 124b8d
SCHED-TRACE 6920 2192 O 0 0
SCHED-TRACE 6921 2192 P 52 362156c8a
SCHED-TRACE 6922 2193 K 58 35b51e76c
SCHED-TRACE 6923 2193 P 52 363963957
SCHED-TRACE 6924 2194 P 52 364bc24dc
SCHED-TRACE 6925 2194 I 58 1250a3
SCHED-TRACE 6926 2194 B 58 7a
SCHED-TRACE 6927 2194 P 58 3606a8b43
SCHED-TRACE 6928 2194 R 58 3606a8b43
SCHED-TRACE 6929 2195 U 4 1251b1
SCHED-TRACE 6930 2195 V 4 12523c
SCHED-TRACE 6931 2195 O 0 0
SCHED-TRACE 6932 2195 P 58 36216624d
SCHED-TRACE 6933 2196 K 49 35b5424dd
SCHED-TRACE 6934 2196 P 58 363972f1a
SCHED-TRACE 6935 2197 P 58 364bcf1aa
SCHED-TRACE 6936 2197 I 49 125752
SCHED-TRACE 6937 2197 B 49 7b
SCHED-TRACE 6938 2197 P 49 3606d6c8b
SCHED-TRACE 6939 2197 R 49 3606d6c8b
SCHED-TRACE 6940 2198 U 4 125860
SCHED-TRACE 6941 2198 V 4 1258ec
SCHED-TRACE 6942 2198 O 0 0
SCHED-TRACE 6943 2198 P 49 36219be76
SCHED-TRACE 6944 2199 K 31 35b589fbe
SCHED-TRACE 6945 2199 P 49 3639a8b43
SCHED-TRACE 6946 2200 P 49 364c04dd3
SCHED-TRACE 6947 2200 I 31 125e01
SCHED-TRACE 6948 2200 B 31 7b
SCHED-TRACE 6949 2200 P 31 360716c8b
SCHED-TRACE 6950 2200 R 31 360716c8b
SCHED-TRACE 6951 2201 U 4 125f0e
SCHED-TRACE 6952 2201 V 4 125f99
SCHED-TRACE 6953 2201 O 0 0
SCHED-TRACE 6954 2201 P 31 3621bfbe7
SCHED-TRACE 6955 2202 K 43 35b5a8b43
SCHED-TRACE 6956 2202 P 31 3639cc8b3
SCHED-TRACE 6957 2203 P 31 364c28b43
SCHED-TRACE 6958 2203 I 43 1264af
SCHED-TRACE 6959 2203 B 43 7b
SCHED-TRACE 6960 2203 P 43 360738105
SCHED-TRACE 6961 2203 R 43 360738105
SCHED-TRACE 6962 2204 U 4 1265be
SCHED-TRACE 6963 2204 V 4 126649
SCHED-TRACE 6964 2204 O 0 0
SCHED-TRACE 6965 2204 P 43 3622024dc
SCHED-TRACE 6966 2205 K 40 35b5e8b43
SCHED-TRACE 6967 2205 P 43 363a0c8b4
SCHED-TRACE 6968 2206 P 43 364c68b43
SCHED-TRACE 6969 2206 I 40 126b5e
SCHED-TRACE 6970 2206 B 40 7a
SCHED-TRACE 6971 2206 P 40 36076dd2e
SCHED-TRACE 6972 2206 R 40 36076dd2e
SCHED-TRACE 6973 2207 U 4 126c6d
SCHED-TRACE 6974 2207 V 4 126cf8
SCHED-TRACE 6975 2207 O 0 0
SCHED-TRACE 6976 2207 P 40 362238105
SCHED-TRACE 6977 2208 K 37 35b5f2f1a
SCHED-TRACE 6978 2208 P 40 363a424dc
SCHED-TRACE 6979 2209 P 40 364ca1061
SCHED-TRACE 6980 2209 I 37 12720d
SCHED-TRACE 6981 2209 B 37 7a
SCHED-TRACE 6982 2209 P 37 360775810
SCHED-TRACE 6983 2209 R 37 360775810
SCHED-TRACE 6984 2210 U 4 12731c
SCHED-TRACE 6985 2210 V 4 1273a7
SCHED-TRACE 6986 2210 O 0 0
SCHED-TRACE 6987 2210 P 37 3622476c8
SCHED-TRACE 6988 2211 K 34 35b691a9f
SCHED-TRACE 6989 2211 P 37 363a51a9f
SCHED-TRACE 6990 2212 P 37 364cadd2f
SCHED-TRACE 6991 2212 I 34 1278bc
SCHED-TRACE 6992 2212 B 34 7a
SCHED-TRACE 6993 2212 P 34 360811a9f
SCHED-TRACE 6994 2212 R 34 360811a9f
SCHED-TRACE 6995 2213 U 4 1279cb
SCHED-TRACE 6996 2213 V 4 127a56
SCHED-TRACE 6997 2213 O 0 0
SCHED-TRACE 6998 2213 P 34 3622e3958
SCHED-TRACE 6999 2214 K 86 35c0b6870
SCHED-TRACE 7000 2214 P 34 363aedd2f
SCHED-TRACE 7001 2215 P 34 364d49fbe
SCHED-TRACE 7002 2215 T 0 127cf9
SCHED-TRACE 7003 2215 t 0 127d34
SCHED-TRACE 7004 2215 U 3 129cf1
SCHED-TRACE 7005 2215 V 3 129f5d
SCHED-TRACE 7006 2215 P 86 39058b01e
SCHED-TRACE 7007 2215 D 86 39058b01e
SCHED-TRACE 7008 2217 K 73 364916c8b
SCHED-TRACE 7009 2218 U 4 12a212
SCHED-TRACE 7010 2218 V 4 12a292
SCHED-TRACE 7011 2218 I 73 12a5be
SCHED-TRACE 7012 2218 B 73 7a
SCHED-TRACE 7013 2218 P 73 369b38106
SCHED-TRACE 7014 2218 R 73 369b38106
SCHED-TRACE 7015 2219 U 4 12a6c0
SCHED-TRACE 7016 2219 V 4 12a741
SCHED-TRACE 7017 2219 O 0 0
SCHED-TRACE 7018 2219 P 73 36b4ba9fb
SCHED-TRACE 7019 2220 K 70 3649c9fbe
SCHED-TRACE 7020 2220 P 73 36cbcf1aa
SCHED-TRACE 7021 2221 P 73 36dd49fbe
SCHED-TRACE 7022 2221 I 70 12ac4a
SCHED-TRACE 7023 2221 B 70 7a
SCHED-TRACE 7024 2221 P 70 369c3a9fb
SCHED-TRACE 7025 2221 R 70 369c3a9fb
SCHED-TRACE 7026 2222 U 4 12ad4c
SCHED-TRACE 7027 2222 V 4 12adcd
SCHED-TRACE 7028 2222 O 0 0
SCHED-TRACE 7029 2222 P 70 36b5bd2f1
SCHED-TRACE 7030 2223 K 76 3649edd2e
SCHED-TRACE 7031 2223 P 70 36ccd1a9f
SCHED-TRACE 7032 2224 P 70 36de49fbe
SCHED-TRACE 7033 2224 I 76 12b2d6
SCHED-TRACE 7034 2224 B 76 7a
SCHED-TRACE 7035 2224 P 76 369c61062
SCHED-TRACE 7036 2224 R 76 369c61062
SCHED-TRACE 7037 2225 U 4 12b3d8
SCHED-TRACE 7038 2225 V 4 12b459
SCHED-TRACE 7039 2225 O 0 0
SCHED-TRACE 7040 2225 P 76 36b5de76c
SCHED-TRACE 7041 2226 K 61 364ab8106
SCHED-TRACE 7042 2226 P 76 36ccf2f1a
SCHED-TRACE 7043 2227 P 76 36de6dd2e
SCHED-TRACE 7044 2227 I 61 12b962
SCHED-TRACE 7045 2227 B 61 7a
SCHED-TRACE 7046 2227 P 61 369d2b439
SCHED-TRACE 7047 2227 R 61 369d2b439
SCHED-TRACE 7048 2228 U 4 12ba64
SCHED-TRACE 7049 2228 V 4 12bae5
SCHED-TRACE 7050 2228 O 0 0
SCHED-TRACE 7051 2228 P 61 36b6b8106
SCHED-TRACE 7052 2229 K 67 364aba9fb
SCHED-TRACE 7053 2229 P 61 36cdcc8b4
SCHED-TRACE 7054 2230 P 61 36df44dd3
SCHED-TRACE 7055 2230 I 67 12bfee
SCHED-TRACE 7056 2230 B 67 7b
SCHED-TRACE 7057 2230 P 67 369d2624d
SCHED-TRACE 7058 2230 R 67 369d2624d
SCHED-TRACE 7059 2231 U 4 12c0f0
SCHED-TRACE 7060 2231 V 4 12c171
SCHED-TRACE 7061 2231 O 0 0
SCHED-TRACE 7062 2231 P 67 36b6ab438
SCHED-TRACE 7063 2232 K 64 364acc8b3
SCHED-TRACE 7064 2232 P 67 36cdbfbe6
SCHED-TRACE 7065 2233 P 67 36df38105
SCHED-TRACE 7066 2233 I 64 12c67a
SCHED-TRACE 7067 2233 B 64 7a
SCHED-TRACE 7068 2233 P 64 369d3a9fb
SCHED-TRACE 7069 2233 R 64 369d3a9fb
SCHED-TRACE 7070 2234 U 4 12c77c
SCHED-TRACE 7071 2234 V 4 12c7fd
SCHED-TRACE 7072 2234 O 0 0
SCHED-TRACE 7073 2234 P 64 36b6c4dd2
SCHED-TRACE 7074 2235 K 55 364b6624e
SCHED-TRACE 7075 2235 P 64 36cdd9580
SCHED-TRACE 7076 2236 P 64 36df54395
SCHED-TRACE 7077 2236 I 55 12cd06
SCHED-TRACE 7078 2236 B 55 7a
SCHED-TRACE 7079 2236 P 55 369dcc8b4
SCHED-TRACE 7080 2236 R 55 369dcc8b4
SCHED-TRACE 7081 2237 U 4 12ce08
SCHED-TRACE 7082 2237 V 4 12ce8a
SCHED-TRACE 7083 2237 O 0 0
SCHED-TRACE 7084 2237 P 55 36b75e76c
SCHED-TRACE 7085 2238 K 52 364bc24dc
SCHED-TRACE 7086 2238 P 55 36ce72f1a
SCHED-TRACE 7087 2239 P 55 36dfedd2f
SCHED-TRACE 7088 2239 I 52 12d392
SCHED-TRACE 7089 2239 B 52 7a
SCHED-TRACE 7090 2239 P 52 369e23957
SCHED-TRACE 7091 2239 R 52 369e23957
SCHED-TRACE 7092 2240 U 4 12d495
SCHED-TRACE 7093 2240 V 4 12d516
SCHED-TRACE 7094 2240 O 0 0
SCHED-TRACE 7095 2240 P 52 36b7b8105
SCHED-TRACE 7096 2241 K 58 364bcf1aa
SCHED-TRACE 7097 2241 P 52 36cecc8b3
SCHED-TRACE 7098 2242 P 52 36e044dd2
SCHED-TRACE 7099 2242 I 58 12da1e
SCHED-TRACE 7100 2242 B 58 7a
SCHED-TRACE 7101 2242 P 58 369e30624
SCHED-TRACE 7102 2242 R 58 369e30624
SCHED-TRACE 7103 2243 U 4 12db20
SCHED-TRACE 7104 2243 V 4 12dba1
SCHED-TRACE 7105 2243 O 0 0
SCHED-TRACE 7106 2243 P 58 36b7bd2f1
SCHED-TRACE 7107 2244 K 49 364c04dd3
SCHED-TRACE 7108 2244 P 58 36ced1a9f
SCHED-TRACE 7109 2245 P 58 36e04c8b4
SCHED-TRACE 7110 2245 I 49 12e0aa
SCHED-TRACE 7111 2245 B 49 7a
SCHED-TRACE 7112 2245 P 49 369e6b439
SCHED-TRACE 7113 2245 R 49 369e6b439
SCHED-TRACE 7114 2246 U 4 12e1ad
SCHED-TRACE 7115 2246 V 4 12e22e
SCHED-TRACE 7116 2246 O 0 0
SCHED-TRACE 7117 2246 P 49 36b8024dd
SCHED-TRACE 7118 2247 K 31 364c28b43
SCHED-TRACE 7119 2247 P 49 36cf16c8b
SCHED-TRACE 7120 2248 P 49 36e08f1aa
SCHED-TRACE 7121 2248 I 31 12e736
SCHED-TRACE 7122 2248 B 31 7a
SCHED-TRACE 7123 2248 P 31 369e89fbe
SCHED-TRACE 7124 2248 R 31 369e89fbe
SCHED-TRACE 7125 2249 U 4 12e837
SCHED-TRACE 7126 2249 V 4 12e8b9
SCHED-TRACE 7127 2249 O 0 0
SCHED-TRACE 7128 2249 P 31 36b8024dc
SCHED-TRACE 7129 2250 K 43 364c68b43
SCHED-TRACE 7130 2250 P 31 36cf16c8b
SCHED-TRACE 7131 2251 P 31 36e08f1a9
SCHED-TRACE 7132 2251 I 43 12edc1
SCHED-TRACE 7133 2251 B 43 7a
SCHED-TRACE 7134 2251 P 43 369ecc8b4
SCHED-TRACE 7135 2251 R 43 369ecc8b4
SCHED-TRACE 7136 2252 U 4 12eec4
SCHED-TRACE 7137 2252 V 4 12ef45
SCHED-TRACE 7138 2252 O 0 0
SCHED-TRACE 7139 2252 P 43 36b86624d
SCHED-TRACE 7140 2253 K 40 364ca1061
SCHED-TRACE 7141 2253 P 43 36cf7a9fb
SCHED-TRACE 7142 2254 P 43 36e0f2f1a
SCHED-TRACE 7143 2254 I 40 12f44e
SCHED-TRACE 7144 2254 B 40 7a
SCHED-TRACE 7145 2254 P 40 369f16c8a
SCHED-TRACE 7146 2254 R 40 369f16c8a
SCHED-TRACE 7147 2255 U 4 12f551
SCHED-TRACE 7148 2255 V 4 12f5d2
SCHED-TRACE 7149 2255 O 0 0
SCHED-TRACE 7150 2255 P 40 36b8b580f
SCHED-TRACE 7151 2256 K 37 364cadd2f
SCHED-TRACE 7152 2256 P 40 36cfc9fbd
SCHED-TRACE 7153 2257 P 40 36e1424dc
SCHED-TRACE 7154 2257 I 37 12fadb
SCHED-TRACE 7155 2257 B 37 7a
SCHED-TRACE 7156 2257 P 37 369f21062
SCHED-TRACE 7157 2257 R 37 369f21062
SCHED-TRACE 7158 2258 U 4 12fbde
SCHED-TRACE 7159 2258 V 4 12fc5f
SCHED-TRACE 7160 2258 O 0 0
SCHED-TRACE 7161 2258 P 37 36b8bfbe7
SCHED-TRACE 7162 2259 K 34 364d49fbe
SCHED-TRACE 7163 2259 P 37 36cfd4395
SCHED-TRACE 7164 2260 P 37 36e149fbe
SCHED-TRACE 7165 2260 I 34 130168
SCHED-TRACE 7166 2260 B 34 7a
SCHED-TRACE 7167 2260 P 34 369fbd2f1
SCHED-TRACE 7168 2260 R 34 369fbd2f1
SCHED-TRACE 7169 2261 U 4 130269
SCHED-TRACE 7170 2261 V 4 1302eb
SCHED-TRACE 7171 2261 O 0 0
SCHED-TRACE 7172 2261 P 34 36b932f1a
SCHED-TRACE 7173 2262 K 46 365570625
SCHED-TRACE 7174 2262 P 34 36d044dd3
SCHED-TRACE 7175 2263 P 34 36e1bd2f1
SCHED-TRACE 7176 2263 I 46 1307f3
SCHED-TRACE 7177 2263 B 46 7a
SCHED-TRACE 7178 2263 P 46 36a7d6c8b
SCHED-TRACE 7179 2263 R 46 36a7d6c8b
SCHED-TRACE 7180 2264 U 4 1308f6
SCHED-TRACE 7181 2264 V 4 130977
SCHED-TRACE 7182 2264 O 0 0
SCHED-TRACE 7183 2264 P 46 36c175810
SCHED-TRACE 7184 2265 K 46 36c175810
SCHED-TRACE 7185 2265 P 46 36d889fbe
SCHED-TRACE 7186 2266 I 46 130e80
SCHED-TRACE 7187 2266 B 46 7a
SCHED-TRACE 7188 2266 P 46 373c72f1a
SCHED-TRACE 7189 2266 R 46 373c72f1a
SCHED-TRACE 7190 2267 U 4 130f83
SCHED-TRACE 7191 2267 V 4 131004
SCHED-TRACE 7192 2267 O 0 0
SCHED-TRACE 7193 2267 P 46 37560f1aa
SCHED-TRACE 7194 2268 K 73 36dd49fbe
SCHED-TRACE 7195 2268 P 46 376d23958
SCHED-TRACE 7196 2269 P 46 377e9e76c
SCHED-TRACE 7197 2269 I 73 13150d
SCHED-TRACE 7198 2269 B 73 7b
SCHED-TRACE 7199 2269 P 73 372fbd2f1
SCHED-TRACE 7200 2269 R 73 372fbd2f1
SCHED-TRACE 7201 2270 U 4 13160f
SCHED-TRACE 7202 2270 V 4 131690
SCHED-TRACE 7203 2270 O 0 0
SCHED-TRACE 7204 2270 P 73 37493d2f1
SCHED-TRACE 7205 2271 K 70 36de49fbe
SCHED-TRACE 7206 2271 P 73 376051a9f
SCHED-TRACE 7207 2272 P 73 3771cc8b4
SCHED-TRACE 7208 2272 I 70 131b99
SCHED-TRACE 7209 2272 B 70 7a
SCHED-TRACE 7210 2272 P 70 3730ba9fb
SCHED-TRACE 7211 2272 R 70 3730ba9fb
SCHED-TRACE 7212 2273 U 4 131c9b
SCHED-TRACE 7213 2273 V 4 131d1c
SCHED-TRACE 7214 2273 O 0 0
SCHED-TRACE 7215 2273 P 70 374a3d2f1
SCHED-TRACE 7216 2274 K 76 36de6dd2e
SCHED-TRACE 7217 2274 P 70 376151a9f
SCHED-TRACE 7218 2275 P 70 3772cc8b3
SCHED-TRACE 7219 2275 I 76 132225
SCHED-TRACE 7220 2275 B 76 7a
SCHED-TRACE 7221 2275 P 76 3730de76c
SCHED-TRACE 7222 2275 R 76 3730de76c
SCHED-TRACE 7223 2276 U 4 132327
SCHED-TRACE 7224 2276 V 4 1323a8
SCHED-TRACE 7225 2276 O 0 0
SCHED-TRACE 7226 2276 P 76 374a5be76
SCHED-TRACE 7227 2277 K 67 36df38105
SCHED-TRACE 7228 2277 P 76 376170624
SCHED-TRACE 7229 2278 P 76 3772eb439
SCHED-TRACE 7230 2278 I 67 1328b1
SCHED-TRACE 7231 2278 B 67 7a
SCHED-TRACE 7232 2278 P 67 3731add2e
SCHED-TRACE 7233 2278 R 67 3731add2e
SCHED-TRACE 7234 2279 U 4 1329b3
SCHED-TRACE 7235 2279 V 4 132a34
SCHED-TRACE 7236 2279 O 0 0
SCHED-TRACE 7237 2279 P 67 374b3580f
SCHED-TRACE 7238 2280 K 61 36df44dd3
SCHED-TRACE 7239 2280 P 67 376249fbd
SCHED-TRACE 7240 2281 P 67 3773c4dd2
SCHED-TRACE 7241 2281 I 61 132f3d
SCHED-TRACE 7242 2281 B 61 7a
SCHED-TRACE 7243 2281 P 61 3731b0625
SCHED-TRACE 7244 2281 R 61 3731b0625
SCHED-TRACE 7245 2282 U 4 13303f
SCHED-TRACE 7246 2282 V 4 1330c0
SCHED-TRACE 7247 2282 O 0 0
SCHED-TRACE 7248 2282 P 61 374b3a9fc
SCHED-TRACE 7249 2283 K 64 36df54395
SCHED-TRACE 7250 2283 P 61 37624f1aa
SCHED-TRACE 7251 2284 P 61 3773c9fbe
SCHED-TRACE 7252 2284 I 64 1335c9
SCHED-TRACE 7253 2284 B 64 7a
SCHED-TRACE 7254 2284 P 64 3731bd2f1
SCHED-TRACE 7255 2284 R 64 3731bd2f1
SCHED-TRACE 7256 2285 U 4 1336cb
SCHED-TRACE 7257 2285 V 4 13374c
SCHED-TRACE 7258 2285 O 0 0
SCHED-TRACE 7259 2285 P 64 374b476c8
SCHED-TRACE 7260 2286 K 55 36dfedd2f
SCHED-TRACE 7261 2286 P 64 37625be76
SCHED-TRACE 7262 2287 P 64 3773d6c8a
SCHED-TRACE 7263 2287 I 55 133c55
SCHED-TRACE 7264 2287 B 55 7a
SCHED-TRACE 7265 2287 P 55 373256c8b
SCHED-TRACE 7266 2287 R 55 373256c8b
SCHED-TRACE 7267 2288 U 4 133d57
SCHED-TRACE 7268 2288 V 4 133dd9
SCHED-TRACE 7269 2288 O 0 0
SCHED-TRACE 7270 2288 P 55 374beb439
SCHED-TRACE 7271 2289 K 52 36e044dd2
SCHED-TRACE 7272 2289 P 55 3762ffbe7
SCHED-TRACE 7273 2290 P 55 37747a9fc
SCHED-TRACE 7274 2290 I 52 1342e1
SCHED-TRACE 7275 2290 B 52 7b
SCHED-TRACE 7276 2290 P 52 3732a624d
SCHED-TRACE 7277 2290 R 52 3732a624d
SCHED-TRACE 7278 2291 U 4 1343e4
SCHED-TRACE 7279 2291 V 4 134465
SCHED-TRACE 7280 2291 O 0 0
SCHED-TRACE 7281 2291 P 52 374c38105
SCHED-TRACE 7282 2292 K 58 36e04c8b4
SCHED-TRACE 7283 2292 P 52 37634c8b3
SCHED-TRACE 7284 2293 P 52 3774c76c8
SCHED-TRACE 7285 2293 I 58 13496d
SCHED-TRACE 7286 2293 B 58 7a
SCHED-TRACE 7287 2293 P 58 3732ab439
SCHED-TRACE 7288 2293 R 58 3732ab439
SCHED-TRACE 7289 2294 U 4 134a6f
SCHED-TRACE 7290 2294 V 4 134af0
SCHED-TRACE 7291 2294 O 0 0
SCHED-TRACE 7292 2294 P 58 374c38106
SCHED-TRACE 7293 2295 K 31 36e08f1a9
SCHED-TRACE 7294 2295 P 58 37634c8b4
SCHED-TRACE 7295 2296 P 58 3774c4dd3
SCHED-TRACE 7296 2296 I 31 134ff9
SCHED-TRACE 7297 2296 B 31 7a
SCHED-TRACE 7298 2296 P 31 3732f8105
SCHED-TRACE 7299 2296 R 31 3732f8105
SCHED-TRACE 7300 2297 U 4 1350fa
SCHED-TRACE 7301 2297 V 4 13517c
SCHED-TRACE 7302 2297 O 0 0
SCHED-TRACE 7303 2297 P 31 374c70624
SCHED-TRACE 7304 2298 K 49 36e08f1aa
SCHED-TRACE 7305 2298 P 31 376384dd2
SCHED-TRACE 7306 2299 P 31 3774fd2f1
SCHED-TRACE 7307 2299 I 49 135684
SCHED-TRACE 7308 2299 B 49 7b
SCHED-TRACE 7309 2299 P 49 3732f5810
SCHED-TRACE 7310 2299 R 49 3732f5810
SCHED-TRACE 7311 2300 U 4 135787
SCHED-TRACE 7312 2300 V 4 135808
SCHED-TRACE 7313 2300 O 0 0
SCHED-TRACE 7314 2300 P 49 374c89fbe
SCHED-TRACE 7315 2301 K 43 36e0f2f1a
SCHED-TRACE 7316 2301 P 49 37639e76c
SCHED-TRACE 7317 2302 P 49 377516c8b
SCHED-TRACE 7318 2302 I 43 135d10
SCHED-TRACE 7319 2302 B 43 7b
SCHED-TRACE 7320 2302 P 43 373354395
SCHED-TRACE 7321 2302 R 43 373354395
SCHED-TRACE 7322 2303 U 4 135e13
SCHED-TRACE 7323 2303 V 4 135e94
SCHED-TRACE 7324 2303 O 0 0
SCHED-TRACE 7325 2303 P 43 374cedd2e
SCHED-TRACE 7326 2304 K 40 36e1424dc
SCHED-TRACE 7327 2304 P 43 3764024dc
SCHED-TRACE 7328 2305 P 43 37757a9fb
SCHED-TRACE 7329 2305 I 40 13639d
SCHED-TRACE 7330 2305 B 40 7b
SCHED-TRACE 7331 2305 P 40 3733b8105
SCHED-TRACE 7332 2305 R 40 3733b8105
SCHED-TRACE 7333 2306 U 4 1364a0
SCHED-TRACE 7334 2306 V 4 136521
SCHED-TRACE 7335 2306 O 0 0
SCHED-TRACE 7336 2306 P 40 374d54394
SCHED-TRACE 7337 2307 K 37 36e149fbe
SCHED-TRACE 7338 2307 P 40 376468b43
SCHED-TRACE 7339 2308 P 40 3775e1061
SCHED-TRACE 7340 2308 I 37 136a2a
SCHED-TRACE 7341 2308 B 37 7a
SCHED-TRACE 7342 2308 P 37 3733ba9fb
SCHED-TRACE 7343 2308 R 37 3733ba9fb
SCHED-TRACE 7344 2309 U 4 136b2d
SCHED-TRACE 7345 2309 V 4 136bae
SCHED-TRACE 7346 2309 O 0 0
SCHED-TRACE 7347 2309 P 37 374d59581
SCHED-TRACE 7348 2310 K 34 36e1bd2f1
SCHED-TRACE 7349 2310 P 37 37646b439
SCHED-TRACE 7350 2311 P 37 3775e3958
SCHED-TRACE 7351 2311 I 34 1370b7
SCHED-TRACE 7352 2311 B 34 7a
SCHED-TRACE 7353 2311 P 34 373430624
SCHED-TRACE 7354 2311 R 34 373430624
SCHED-TRACE 7355 2312 U 4 1371b8
SCHED-TRACE 7356 2312 V 4 137239
SCHED-TRACE 7357 2312 O 0 0
SCHED-TRACE 7358 2312 P 34 374da624d
SCHED-TRACE 7359 2313 K 34 374da624d
SCHED-TRACE 7360 2313 P 34 3764ba9fb
SCHED-TRACE 7361 2314 I 34 137742
SCHED-TRACE 7362 2314 B 34 7a
SCHED-TRACE 7363 2314 P 34 37c89be76
SCHED-TRACE 7364 2314 R 34 37c89be76
SCHED-TRACE 7365 2315 U 4 137843
SCHED-TRACE 7366 2315 V 4 1378c5
SCHED-TRACE 7367 2315 O 0 0
SCHED-TRACE 7368 2315 P 34 37e214395
SCHED-TRACE 7369 2316 K 73 3771cc8b4
SCHED-TRACE 7370 2316 P 34 37f928b43
SCHED-TRACE 7371 2317 P 34 380aa3958
SCHED-TRACE 7372 2317 I 73 137dcd
SCHED-TRACE 7373 2317 B 73 7a
SCHED-TRACE 7374 2317 P 73 37c42dd2f
SCHED-TRACE 7375 2317 R 73 37c42dd2f
SCHED-TRACE 7376 2318 U 4 137ecf
SCHED-TRACE 7377 2318 V 4 137f50
SCHED-TRACE 7378 2318 O 0 0
SCHED-TRACE 7379 2318 P 73 37ddb0624
SCHED-TRACE 7380 2319 K 70 3772cc8b3
SCHED-TRACE 7381 2319 P 73 37f4c4dd3
SCHED-TRACE 7382 2320 P 73 38063fbe7
SCHED-TRACE 7383 2320 I 70 138459
SCHED-TRACE 7384 2320 B 70 7a
SCHED-TRACE 7385 2320 P 70 37c53d2f1
SCHED-TRACE 7386 2320 R 70 37c53d2f1
SCHED-TRACE 7387 2321 U 4 13855b
SCHED-TRACE 7388 2321 V 4 1385dc
SCHED-TRACE 7389 2321 O 0 0
SCHED-TRACE 7390 2321 P 70 37debfbe7
SCHED-TRACE 7391 2322 K 76 3772eb439
SCHED-TRACE 7392 2322 P 70 37f5d4395
SCHED-TRACE 7393 2323 P 70 38074f1a9
SCHED-TRACE 7394 2323 I 76 138ae5
SCHED-TRACE 7395 2323 B 76 7a
SCHED-TRACE 7396 2323 P 76 37c55be76
SCHED-TRACE 7397 2323 R 76 37c55be76
SCHED-TRACE 7398 2324 U 4 138be7
SCHED-TRACE 7399 2324 V 4 138c68
SCHED-TRACE 7400 2324 O 0 0
SCHED-TRACE 7401 2324 P 76 37ded9580
SCHED-TRACE 7402 2325 K 67 3773c4dd2
SCHED-TRACE 7403 2325 P 76 37f5edd2e
SCHED-TRACE 7404 2326 P 76 38076624d
SCHED-TRACE 7405 2326 I 67 139170
SCHED-TRACE 7406 2326 B 67 7b
SCHED-TRACE 7407 2326 P 67 37c62624d
SCHED-TRACE 7408 2326 R 67 37c62624d
SCHED-TRACE 7409 2327 U 4 139272
SCHED-TRACE 7410 2327 V 4 1392f3
SCHED-TRACE 7411 2327 O 0 0
SCHED-TRACE 7412 2327 P 67 37dfab438
SCHED-TRACE 7413 2328 K 61 3773c9fbe
SCHED-TRACE 7414 2328 P 67 37f6bfbe6
SCHED-TRACE 7415 2329 P 67 38083a9fb
SCHED-TRACE 7416 2329 I 61 1397fc
SCHED-TRACE 7417 2329 B 61 7b
SCHED-TRACE 7418 2329 P 61 37c635810
SCHED-TRACE 7419 2329 R 61 37c635810
SCHED-TRACE 7420 2330 U 4 1398fe
SCHED-TRACE 7421 2330 V 4 13997f
SCHED-TRACE 7422 2330 O 0 0
SCHED-TRACE 7423 2330 P 61 37dfbfbe7
SCHED-TRACE 7424 2331 K 64 3773d6c8a
SCHED-TRACE 7425 2331 P 61 37f6d4395
SCHED-TRACE 7426 2332 P 61 38084c8b4
SCHED-TRACE 7427 2332 I 64 139e88
SCHED-TRACE 7428 2332 B 64 7a
SCHED-TRACE 7429 2332 P 64 37c63fbe7
SCHED-TRACE 7430 2332 R 64 37c63fbe7
SCHED-TRACE 7431 2333 U 4 139f8a
SCHED-TRACE 7432 2333 V 4 13a00b
SCHED-TRACE 7433 2333 O 0 0
SCHED-TRACE 7434 2333 P 64 37dfc9fbe
SCHED-TRACE 7435 2334 K 55 37747a9fc
SCHED-TRACE 7436 2334 P 64 37f6de76c
SCHED-TRACE 7437 2335 P 64 380859580
SCHED-TRACE 7438 2335 I 55 13a514
SCHED-TRACE 7439 2335 B 55 7a
SCHED-TRACE 7440 2335 P 55 37c6e3958
SCHED-TRACE 7441 2335 R 55 37c6e3958
SCHED-TRACE 7442 2336 U 4 13a616
SCHED-TRACE 7443 2336 V 4 13a698
SCHED-TRACE 7444 2336 O 0 0
SCHED-TRACE 7445 2336 P 55 37e075810
SCHED-TRACE 7446 2337 K 58 3774c4dd3
SCHED-TRACE 7447 2337 P 55 37f7876c8
SCHED-TRACE 7448 2338 P 55 3809024dd
SCHED-TRACE 7449 2338 I 58 13aba0
SCHED-TRACE 7450 2338 B 58 7a
SCHED-TRACE 7451 2338 P 58 37c728b43
SCHED-TRACE 7452 2338 R 58 37c728b43
SCHED-TRACE 7453 2339 U 4 13aca2
SCHED-TRACE 7454 2339 V 4 13ad24
SCHED-TRACE 7455 2339 O 0 0
SCHED-TRACE 7456 2339 P 58 37e0b8106
SCHED-TRACE 7457 2340 K 52 3774c76c8
SCHED-TRACE 7458 2340 P 58 37f7cc8b4
SCHED-TRACE 7459 2341 P 58 380944dd3
SCHED-TRACE 7460 2341 I 52 13b22c
SCHED-TRACE 7461 2341 B 52 7a
SCHED-TRACE 7462 2341 P 52 37c72dd2e
SCHED-TRACE 7463 2341 R 52 37c72dd2e
SCHED-TRACE 7464 2342 U 4 13b32e
SCHED-TRACE 7465 2342 V 4 13b3b0
SCHED-TRACE 7466 2342 O 0 0
SCHED-TRACE 7467 2342 P 52 37e0bfbe7
SCHED-TRACE 7468 2343 K 31 3774fd2f1
SCHED-TRACE 7469 2343 P 52 37f7d4395
SCHED-TRACE 7470 2344 P 52 38094c8b3
SCHED-TRACE 7471 2344 I 31 13b8b8
SCHED-TRACE 7472 2344 B 31 7b
SCHED-TRACE 7473 2344 P 31 37c763957
SCHED-TRACE 7474 2344 R 31 37c763957
SCHED-TRACE 7475 2345 U 4 13b9ba
SCHED-TRACE 7476 2345 V 4 13ba3b
SCHED-TRACE 7477 2345 O 0 0
SCHED-TRACE 7478 2345 P 31 37e0dbe76
SCHED-TRACE 7479 2346 K 49 377516c8b
SCHED-TRACE 7480 2346 P 31 37f7f0624
SCHED-TRACE 7481 2347 P 31 38096b439
SCHED-TRACE 7482 2347 I 49 13bf43
SCHED-TRACE 7483 2347 B 49 7a
SCHED-TRACE 7484 2347 P 49 37c775810
SCHED-TRACE 7485 2347 R 49 37c775810
SCHED-TRACE 7486 2348 U 4 13c046
SCHED-TRACE 7487 2348 V 4 13c0c7
SCHED-TRACE 7488 2348 O 0 0
SCHED-TRACE 7489 2348 P 49 37e114395
SCHED-TRACE 7490 2349 K 43 37757a9fb
SCHED-TRACE 7491 2349 P 49 37f82b439
SCHED-TRACE 7492 2350 P 49 3809a8b43
SCHED-TRACE 7493 2350 I 43 13c5d0
SCHED-TRACE 7494 2350 B 43 7b
SCHED-TRACE 7495 2350 P 43 37c7e624d
SCHED-TRACE 7496 2350 R 43 37c7e624d
SCHED-TRACE 7497 2351 U 4 13c6d3
SCHED-TRACE 7498 2351 V 4 13c754
SCHED-TRACE 7499 2351 O 0 0
SCHED-TRACE 7500 2351 P 43 37e1876c8
SCHED-TRACE 7501 2352 K 40 3775e1061
SCHED-TRACE 7502 2352 P 43 37f89be76
SCHED-TRACE 7503 2353 P 43 380a19580
SCHED-TRACE 7504 2353 I 40 13cc5d
SCHED-TRACE 7505 2353 B 40 7a
SCHED-TRACE 7506 2353 P 40 37c8476c8
SCHED-TRACE 7507 2353 R 40 37c8476c8
SCHED-TRACE 7508 2354 U 4 13cd60
SCHED-TRACE 7509 2354 V 4 13cde1
SCHED-TRACE 7510 2354 O 0 0
SCHED-TRACE 7511 2354 P 40 37e1eb438
SCHED-TRACE 7512 2355 K 37 3775e3958
SCHED-TRACE 7513 2355 P 40 37f8ffbe6
SCHED-TRACE 7514 2356 P 40 380a7d2f1
SCHED-TRACE 7515 2356 I 37 13d2ea
SCHED-TRACE 7516 2356 B 37 7a
SCHED-TRACE 7517 2356 P 37 37c8476c8
SCHED-TRACE 7518 2356 R 37 37c8476c8
SCHED-TRACE 7519 2357 U 4 13d3ed
SCHED-TRACE 7520 2357 V 4 13d46e
SCHED-TRACE 7521 2357 O 0 0
SCHED-TRACE 7522 2357 P 37 37e1edd2f
SCHED-TRACE 7523 2358 K 46 377e9e76c
SCHED-TRACE 7524 2358 P 37 37f9024dd
SCHED-TRACE 7525 2359 P 37 380a7fbe7
SCHED-TRACE 7526 2359 I 46 13d977
SCHED-TRACE 7527 2359 B 46 7a
SCHED-TRACE 7528 2359 P 46 37d1024dd
SCHED-TRACE 7529 2359 R 46 37d1024dd
SCHED-TRACE 7530 2360 U 4 13da7a
SCHED-TRACE 7531 2360 V 4 13dafb
SCHED-TRACE 7532 2360 O 0 0
SCHED-TRACE 7533 2360 P 46 37ea9e76c
SCHED-TRACE 7534 2361 K 46 37ea9e76c
SCHED-TRACE 7535 2361 P 46 3801b5810
SCHED-TRACE 7536 2362 I 46 13e004
SCHED-TRACE 7537 2362 B 46 7b
SCHED-TRACE 7538 2362 P 46 3865a1062
SCHED-TRACE 7539 2362 R 46 3865a1062
SCHED-TRACE 7540 2363 U 4 13e107
SCHED-TRACE 7541 2363 V 4 13e188
SCHED-TRACE 7542 2363 O 0 0
SCHED-TRACE 7543 2363 P 46 387f3a9fc
SCHED-TRACE 7544 2364 K 73 38063fbe7
SCHED-TRACE 7545 2364 P 46 38964f1aa
SCHED-TRACE 7546 2365 P 46 38a7c9fbe
SCHED-TRACE 7547 2365 I 73 13e691
SCHED-TRACE 7548 2365 B 73 7a
SCHED-TRACE 7549 2365 P 73 3858b0624
SCHED-TRACE 7550 2365 R 73 3858b0624
SCHED-TRACE 7551 2366 U 4 13e793
SCHED-TRACE 7552 2366 V 4 13e814
SCHED-TRACE 7553 2366 O 0 0
SCHED-TRACE 7554 2366 P 73 387232f1a
SCHED-TRACE 7555 2367 K 70 38074f1a9
SCHED-TRACE 7556 2367 P 73 3889476c8
SCHED-TRACE 7557 2368 P 73 389ac24dd
SCHED-TRACE 7558 2368 I 70 13ed1d
SCHED-TRACE 7559 2368 B 70 7a
SCHED-TRACE 7560 2368 P 70 3859bfbe7
SCHED-TRACE 7561 2368 R 70 3859bfbe7
SCHED-TRACE 7562 2369 U 4 13ee1f
SCHED-TRACE 7563 2369 V 4 13eea0
SCHED-TRACE 7564 2369 O 0 0
SCHED-TRACE 7565 2369 P 70 3873424dc
SCHED-TRACE 7566 2370 K 76 38076624d
SCHED-TRACE 7567 2370 P 70 388a56c8a
SCHED-TRACE 7568 2371 P 70 389bd1a9f
SCHED-TRACE 7569 2371 I 76 13f3a9
SCHED-TRACE 7570 2371 B 76 7a
SCHED-TRACE 7571 2371 P 76 3859d6c8b
SCHED-TRACE 7572 2371 R 76 3859d6c8b
SCHED-TRACE 7573 2372 U 4 13f4ab
SCHED-TRACE 7574 2372 V 4 13f52c
SCHED-TRACE 7575 2372 O 0 0
SCHED-TRACE 7576 2372 P 76 387354395
SCHED-TRACE 7577 2373 K 67 38083a9fb
SCHED-TRACE 7578 2373 P 76 388a68b43
SCHED-TRACE 7579 2374 P 76 389be1062
SCHED-TRACE 7580 2374 I 67 13fa34
SCHED-TRACE 7581 2374 B 67 7b
SCHED-TRACE 7582 2374 P 67 385a9be76
SCHED-TRACE 7583 2374 R 67 385a9be76
SCHED-TRACE 7584 2375 U 4 13fb36
SCHED-TRACE 7585 2375 V 4 13fbb7
SCHED-TRACE 7586 2375 O 0 0
SCHED-TRACE 7587 2375 P 67 387421061
SCHED-TRACE 7588 2376 K 61 38084c8b4
SCHED-TRACE 7589 2376 P 67 388b3580f
SCHED-TRACE 7590 2377 P 67 389cb0624
SCHED-TRACE 7591 2377 I 61 1400c0
SCHED-TRACE 7592 2377 B 61 7b
SCHED-TRACE 7593 2377 P 61 385ab8106
SCHED-TRACE 7594 2377 R 61 385ab8106
SCHED-TRACE 7595 2378 U 4 1401c2
SCHED-TRACE 7596 2378 V 4 140243
SCHED-TRACE 7597 2378 O 0 0
SCHED-TRACE 7598 2378 P 61 3874424dd
SCHED-TRACE 7599 2379 K 64 380859580
SCHED-TRACE 7600 2379 P 61 388b56c8b
SCHED-TRACE 7601 2380 P 61 389ccf1aa
SCHED-TRACE 7602 2380 I 64 14074c
SCHED-TRACE 7603 2380 B 64 7a
SCHED-TRACE 7604 2380 P 64 385ac24dc
SCHED-TRACE 7605 2380 R 64 385ac24dc
SCHED-TRACE 7606 2381 U 4 14084e
SCHED-TRACE 7607 2381 V 4 1408cf
SCHED-TRACE 7608 2381 O 0 0
SCHED-TRACE 7609 2381 P 64 38744c8b3
SCHED-TRACE 7610 2382 K 55 3809024dd
SCHED-TRACE 7611 2382 P 64 388b61061
SCHED-TRACE 7612 2383 P 64 389cdbe76
SCHED-TRACE 7613 2383 I 55 140dd8
SCHED-TRACE 7614 2383 B 55 7a
SCHED-TRACE 7615 2383 P 55 385b6b439
SCHED-TRACE 7616 2383 R 55 385b6b439
SCHED-TRACE 7617 2384 U 4 140eda
SCHED-TRACE 7618 2384 V 4 140f5c
SCHED-TRACE 7619 2384 O 0 0
SCHED-TRACE 7620 2384 P 55 3874fd2f1
SCHED-TRACE 7621 2385 K 58 380944dd3
SCHED-TRACE 7622 2385 P 55 388c0f1aa
SCHED-TRACE 7623 2386 P 55 389d89fbe
SCHED-TRACE 7624 2386 I 58 141464
SCHED-TRACE 7625 2386 B 58 7a
SCHED-TRACE 7626 2386 P 58 385ba8b43
SCHED-TRACE 7627 2386 R 58 385ba8b43
SCHED-TRACE 7628 2387 U 4 141566
SCHED-TRACE 7629 2387 V 4 1415e8
SCHED-TRACE 7630 2387 O 0 0
SCHED-TRACE 7631 2387 P 58 387538106
SCHED-TRACE 7632 2388 K 52 38094c8b3
SCHED-TRACE 7633 2388 P 58 388c4c8b4
SCHED-TRACE 7634 2389 P 58 389dc4dd3
SCHED-TRACE 7635 2389 I 52 141af0
SCHED-TRACE 7636 2389 B 52 7a
SCHED-TRACE 7637 2389 P 52 385bb2f1a
SCHED-TRACE 7638 2389 R 52 385bb2f1a
SCHED-TRACE 7639 2390 U 4 141bf2
SCHED-TRACE 7640 2390 V 4 141c74
SCHED-TRACE 7641 2390 O 0 0
SCHED-TRACE 7642 2390 P 52 387544dd2
SCHED-TRACE 7643 2391 K 31 38096b439
SCHED-TRACE 7644 2391 P 52 388c59580
SCHED-TRACE 7645 2392 P 52 389dd1a9f
SCHED-TRACE 7646 2392 I 31 14217c
SCHED-TRACE 7647 2392 B 31 7b
SCHED-TRACE 7648 2392 P 31 385bd1a9f
SCHED-TRACE 7649 2392 R 31 385bd1a9f
SCHED-TRACE 7650 2393 U 4 14227e
SCHED-TRACE 7651 2393 V 4 1422ff
SCHED-TRACE 7652 2393 O 0 0
SCHED-TRACE 7653 2393 P 31 387549fbe
SCHED-TRACE 7654 2394 K 49 3809a8b43
SCHED-TRACE 7655 2394 P 31 388c5be76
SCHED-TRACE 7656 2395 P 31 389dd6c8b
SCHED-TRACE 7657 2395 I 49 142807
SCHED-TRACE 7658 2395 B 49 7a
SCHED-TRACE 7659 2395 P 49 385c09fbe
SCHED-TRACE 7660 2395 R 49 385c09fbe
SCHED-TRACE 7661 2396 U 4 14290a
SCHED-TRACE 7662 2396 V 4 14298b
SCHED-TRACE 7663 2396 O 0 0
SCHED-TRACE 7664 2396 P 49 3875a1062
SCHED-TRACE 7665 2397 K 43 380a19580
SCHED-TRACE 7666 2397 P 49 388cb5810
SCHED-TRACE 7667 2398 P 49 389e2dd2f
SCHED-TRACE 7668 2398 I 43 142e93
SCHED-TRACE 7669 2398 B 43 7a
SCHED-TRACE 7670 2398 P 43 385c7a9fb
SCHED-TRACE 7671 2398 R 43 385c7a9fb
SCHED-TRACE 7672 2399 U 4 142f96
SCHED-TRACE 7673 2399 V 4 143017
SCHED-TRACE 7674 2399 O 0 0
SCHED-TRACE 7675 2399 P 43 387616c8b
SCHED-TRACE 7676 2400 K 40 380a7d2f1
SCHED-TRACE 7677 2400 P 43 388d28b43
SCHED-TRACE 7678 2401 P 43 389ea3957
SCHED-TRACE 7679 2401 I 40 143520
SCHED-TRACE 7680 2401 B 40 7a
SCHED-TRACE 7681 2401 P 40 385cf0624
SCHED-TRACE 7682 2401 R 40 385cf0624
SCHED-TRACE 7683 2402 U 4 143623
SCHED-TRACE 7684 2402 V 4 1436a4
SCHED-TRACE 7685 2402 O 0 0
SCHED-TRACE 7686 2402 P 40 38768f1a9
SCHED-TRACE 7687 2403 K 37 380a7fbe7
SCHED-TRACE 7688 2403 P 40 388da3957
SCHED-TRACE 7689 2404 P 40 389f1be76
SCHED-TRACE 7690 2404 I 37 143bad
SCHED-TRACE 7691 2404 B 37 7b
SCHED-TRACE 7692 2404 P 37 385cf2f1a
SCHED-TRACE 7693 2404 R 37 385cf2f1a
SCHED-TRACE 7694 2405 U 4 143cb0
SCHED-TRACE 7695 2405 V 4 143d31
SCHED-TRACE 7696 2405 O 0 0
SCHED-TRACE 7697 2405 P 37 387691a9f
SCHED-TRACE 7698 2406 K 34 380aa3958
SCHED-TRACE 7699 2406 P 37 388da624d
SCHED-TRACE 7700 2407 P 37 389f1e76c
SCHED-TRACE 7701 2407 I 34 14423a
SCHED-TRACE 7702 2407 B 34 7a
SCHED-TRACE 7703 2407 P 34 385d14395
SCHED-TRACE 7704 2407 R 34 385d14395
SCHED-TRACE 7705 2408 U 4 14433b
SCHED-TRACE 7706 2408 V 4 1443bc
SCHED-TRACE 7707 2408 O 0 0
SCHED-TRACE 7708 2408 P 34 3876876c8
SCHED-TRACE 7709 2409 K 34 3876876c8
SCHED-TRACE 7710 2409 P 34 388d9be76
SCHED-TRACE 7711 2410 I 34 1448c5
SCHED-TRACE 7712 2410 B 34 7a
SCHED-TRACE 7713 2410 P 34 38f17d2f1
SCHED-TRACE 7714 2410 R 34 38f17d2f1
SCHED-TRACE 7715 2411 U 4 1449c7
SCHED-TRACE 7716 2411 V 4 144a48
SCHED-TRACE 7717 2411 O 0 0
SCHED-TRACE 7718 2411 P 34 390af5810
SCHED-TRACE 7719 2412 K 73 389ac24dd
SCHED-TRACE 7720 2412 P 34 392209fbe
SCHED-TRACE 7721 2413 P 34 393384dd3
SCHED-TRACE 7722 2413 I 73 144f50
SCHED-TRACE 7723 2413 B 73 7a
SCHED-TRACE 7724 2413 P 73 38ed21062
SCHED-TRACE 7725 2413 R 73 38ed21062
SCHED-TRACE 7726 2414 U 4 145052
SCHED-TRACE 7727 2414 V 4 1450d3
SCHED-TRACE 7728 2414 O 0 0
SCHED-TRACE 7729 2414 P 73 3906a3958
SCHED-TRACE 7730 2415 K 70 389bd1a9f
SCHED-TRACE 7731 2415 P 73 391db8106
SCHED-TRACE 7732 2416 P 73 392f32f1a
SCHED-TRACE 7733 2416 I 70 1455dc
SCHED-TRACE 7734 2416 B 70 7a
SCHED-TRACE 7735 2416 P 70 38ee424dc
SCHED-TRACE 7736 2416 R 70 38ee424dc
SCHED-TRACE 7737 2417 U 4 1456de
SCHED-TRACE 7738 2417 V 4 14575f
SCHED-TRACE 7739 2417 O 0 0
SCHED-TRACE 7740 2417 P 70 3907c4dd2
SCHED-TRACE 7741 2418 K 76 389be1062
SCHED-TRACE 7742 2418 P 70 391ed9580
SCHED-TRACE 7743 2419 P 70 393051a9f
SCHED-TRACE 7744 2419 I 76 145c68
SCHED-TRACE 7745 2419 B 76 7a
SCHED-TRACE 7746 2419 P 76 38ee54395
SCHED-TRACE 7747 2419 R 76 38ee54395
SCHED-TRACE 7748 2420 U 4 145d6a
SCHED-TRACE 7749 2420 V 4 145deb
SCHED-TRACE 7750 2420 O 0 0
SCHED-TRACE 7751 2420 P 76 3907d1a9f
SCHED-TRACE 7752 2421 K 67 389cb0624
SCHED-TRACE 7753 2421 P 76 391ee3957
SCHED-TRACE 7754 2422 P 76 39305e76c
SCHED-TRACE 7755 2422 I 67 1462f4
SCHED-TRACE 7756 2422 B 67 7a
SCHED-TRACE 7757 2422 P 67 38ef2624d
SCHED-TRACE 7758 2422 R 67 38ef2624d
SCHED-TRACE 7759 2423 U 4 1463f6
SCHED-TRACE 7760 2423 V 4 146477
SCHED-TRACE 7761 2423 O 0 0
SCHED-TRACE 7762 2423 P 67 3908add2e
SCHED-TRACE 7763 2424 K 61 389ccf1aa
SCHED-TRACE 7764 2424 P 67 391fc24dc
SCHED-TRACE 7765 2425 P 67 39313d2f1
SCHED-TRACE 7766 2425 I 61 146980
SCHED-TRACE 7767 2425 B 61 7a
SCHED-TRACE 7768 2425 P 61 38ef3a9fc
SCHED-TRACE 7769 2425 R 61 38ef3a9fc
SCHED-TRACE 7770 2426 U 4 146a82
SCHED-TRACE 7771 2426 V 4 146b03
SCHED-TRACE 7772 2426 O 0 0
SCHED-TRACE 7773 2426 P 61 3908c76c9
SCHED-TRACE 7774 2427 K 64 389cdbe76
SCHED-TRACE 7775 2427 P 61 391fdbe77
SCHED-TRACE 7776 2428 P 61 393154395
SCHED-TRACE 7777 2428 I 64 14700c
SCHED-TRACE 7778 2428 B 64 7b
SCHED-TRACE 7779 2428 P 64 38ef476c8
SCHED-TRACE 7780 2428 R 64 38ef476c8
SCHED-TRACE 7781 2429 U 4 14710e
SCHED-TRACE 7782 2429 V 4 14718f
SCHED-TRACE 7783 2429 O 0 0
SCHED-TRACE 7784 2429 P 64 3908d1a9f
SCHED-TRACE 7785 2430 K 55 389d89fbe
SCHED-TRACE 7786 2430 P 64 391fe624d
SCHED-TRACE 7787 2431 P 64 393161061
SCHED-TRACE 7788 2431 I 55 147698
SCHED-TRACE 7789 2431 B 55 7a
SCHED-TRACE 7790 2431 P 55 38eff0625
SCHED-TRACE 7791 2431 R 55 38eff0625
SCHED-TRACE 7792 2432 U 4 14779a
SCHED-TRACE 7793 2432 V 4 14781c
SCHED-TRACE 7794 2432 O 0 0
SCHED-TRACE 7795 2432 P 55 39097fbe7
SCHED-TRACE 7796 2433 K 58 389dc4dd3
SCHED-TRACE 7797 2433 P 55 392094395
SCHED-TRACE 7798 2434 P 55 39320f1aa
SCHED-TRACE 7799 2434 I 58 147d24
SCHED-TRACE 7800 2434 B 58 7a
SCHED-TRACE 7801 2434 P 58 38f02624d
SCHED-TRACE 7802 2434 R 58 38f02624d
SCHED-TRACE 7803 2435 U 4 147e26
SCHED-TRACE 7804 2435 V 4 147ea7
SCHED-TRACE 7805 2435 O 0 0
SCHED-TRACE 7806 2435 P 58 3909b5810
SCHED-TRACE 7807 2436 K 52 389dd1a9f
SCHED-TRACE 7808 2436 P 58 3920c9fbe
SCHED-TRACE 7809 2437 P 58 3932424dd
SCHED-TRACE 7810 2437 I 52 1483b0
SCHED-TRACE 7811 2437 B 52 7b
SCHED-TRACE 7812 2437 P 52 38f03a9fb
SCHED-TRACE 7813 2437 R 52 38f03a9fb
SCHED-TRACE 7814 2438 U 4 1484b3
SCHED-TRACE 7815 2438 V 4 148534
SCHED-TRACE 7816 2438 O 0 0
SCHED-TRACE 7817 2438 P 52 3909cc8b3
SCHED-TRACE 7818 2439 K 31 389dd6c8b
SCHED-TRACE 7819 2439 P 52 3920de76c
SCHED-TRACE 7820 2440 P 52 393259580
SCHED-TRACE 7821 2440 I 31 148a3c
SCHED-TRACE 7822 2440 B 31 7a
SCHED-TRACE 7823 2440 P 31 38f038105
SCHED-TRACE 7824 2440 R 31 38f038105
SCHED-TRACE 7825 2441 U 4 148b3e
SCHED-TRACE 7826 2441 V 4 148bbf
SCHED-TRACE 7827 2441 O 0 0
SCHED-TRACE 7828 2441 P 31 3909b2f1a
SCHED-TRACE 7829 2442 K 49 389e2dd2f
SCHED-TRACE 7830 2442 P 31 3920c76c8
SCHED-TRACE 7831 2443 P 31 3932424dc
SCHED-TRACE 7832 2443 I 49 1490c7
SCHED-TRACE 7833 2443 B 49 7a
SCHED-TRACE 7834 2443 P 49 38f08c8b4
SCHED-TRACE 7835 2443 R 49 38f08c8b4
SCHED-TRACE 7836 2444 U 4 1491ca
SCHED-TRACE 7837 2444 V 4 14924b
SCHED-TRACE 7838 2444 O 0 0
SCHED-TRACE 7839 2444 P 49 390a28b43
SCHED-TRACE 7840 2445 K 43 389ea3957
SCHED-TRACE 7841 2445 P 49 39213d2f1
SCHED-TRACE 7842 2446 P 49 3932bd2f1
SCHED-TRACE 7843 2446 I 43 149754
SCHED-TRACE 7844 2446 B 43 7a
SCHED-TRACE 7845 2446 P 43 38f10c8b4
SCHED-TRACE 7846 2446 R 43 38f10c8b4
SCHED-TRACE 7847 2447 U 4 149857
SCHED-TRACE 7848 2447 V 4 1498d8
SCHED-TRACE 7849 2447 O 0 0
SCHED-TRACE 7850 2447 P 43 390aadd2e
SCHED-TRACE 7851 2448 K 40 389f1be76
SCHED-TRACE 7852 2448 P 43 3921c24dc
SCHED-TRACE 7853 2449 P 43 39333fbe7
SCHED-TRACE 7854 2449 I 40 149de1
SCHED-TRACE 7855 2449 B 40 7a
SCHED-TRACE 7856 2449 P 40 38f1824dc
SCHED-TRACE 7857 2449 R 40 38f1824dc
SCHED-TRACE 7858 2450 U 4 149ee4
SCHED-TRACE 7859 2450 V 4 149f65
SCHED-TRACE 7860 2450 O 0 0
SCHED-TRACE 7861 2450 P 40 390b2624d
SCHED-TRACE 7862 2451 K 37 389f1e76c
SCHED-TRACE 7863 2451 P 40 39223a9fb
SCHED-TRACE 7864 2452 P 40 3933b8105
SCHED-TRACE 7865 2452 I 37 14a46e
SCHED-TRACE 7866 2452 B 37 7a
SCHED-TRACE 7867 2452 P 37 38f1824dd
SCHED-TRACE 7868 2452 R 37 38f1824dd
SCHED-TRACE 7869 2453 U 4 14a571
SCHED-TRACE 7870 2453 V 4 14a5f2
SCHED-TRACE 7871 2453 O 0 0
SCHED-TRACE 7872 2453 P 37 390b2624d
SCHED-TRACE 7873 2454 K 46 38a7c9fbe
SCHED-TRACE 7874 2454 P 37 39223a9fb
SCHED-TRACE 7875 2455 P 37 3933b5810
SCHED-TRACE 7876 2455 I 46 14aafb
SCHED-TRACE 7877 2455 B 46 7a
SCHED-TRACE 7878 2455 P 46 38fa30625
SCHED-TRACE 7879 2455 R 46 38fa30625
SCHED-TRACE 7880 2456 U 4 14abfe
SCHED-TRACE 7881 2456 V 4 14ac7f
SCHED-TRACE 7882 2456 O 0 0
SCHED-TRACE 7883 2456 P 46 3913cc8b4
SCHED-TRACE 7884 2457 K 46 3913cc8b4
SCHED-TRACE 7885 2457 P 46 392ae1062
SCHED-TRACE 7886 2458 I 46 14b188
SCHED-TRACE 7887 2458 B 46 7a
SCHED-TRACE 7888 2458 P 46 398ecc8b4
SCHED-TRACE 7889 2458 R 46 398ecc8b4
SCHED-TRACE 7890 2459 U 4 14b28b
SCHED-TRACE 7891 2459 V 4 14b30c
SCHED-TRACE 7892 2459 O 0 0
SCHED-TRACE 7893 2459 P 46 39a868b43
SCHED-TRACE 7894 2460 K 73 392f32f1a
SCHED-TRACE 7895 2460 P 46 39bf7d2f2
SCHED-TRACE 7896 2461 P 46 39d0f8106
SCHED-TRACE 7897 2461 I 73 14b815
SCHED-TRACE 7898 2461 B 73 7a
SCHED-TRACE 7899 2461 P 73 3981a3958
SCHED-TRACE 7900 2461 R 73 3981a3958
SCHED-TRACE 7901 2462 U 4 14b917
SCHED-TRACE 7902 2462 V 4 14b998
SCHED-TRACE 7903 2462 O 0 0
SCHED-TRACE 7904 2462 P 73 399b2624d
SCHED-TRACE 7905 2463 K 70 393051a9f
SCHED-TRACE 7906 2463 P 73 39b23a9fb
SCHED-TRACE 7907 2464 P 73 39c3b5810
SCHED-TRACE 7908 2464 I 70 14bea1
SCHED-TRACE 7909 2464 B 70 7a
SCHED-TRACE 7910 2464 P 70 3982c24dc
SCHED-TRACE 7911 2464 R 70 3982c24dc
SCHED-TRACE 7912 2465 U 4 14bfa3
SCHED-TRACE 7913 2465 V 4 14c024
SCHED-TRACE 7914 2465 O 0 0
SCHED-TRACE 7915 2465 P 70 399c44dd2
SCHED-TRACE 7916 2466 K 76 39305e76c
SCHED-TRACE 7917 2466 P 70 39b359580
SCHED-TRACE 7918 2467 P 70 39c4d1a9f
SCHED-TRACE 7919 2467 I 76 14c52d
SCHED-TRACE 7920 2467 B 76 7b
SCHED-TRACE 7921 2467 P 76 3982d1a9f
SCHED-TRACE 7922 2467 R 76 3982d1a9f
SCHED-TRACE 7923 2468 U 4 14c62f
SCHED-TRACE 7924 2468 V 4 14c6b0
SCHED-TRACE 7925 2468 O 0 0
SCHED-TRACE 7926 2468 P 76 399c4c8b4
SCHED-TRACE 7927 2469 K 67 39313d2f1
SCHED-TRACE 7928 2469 P 76 39b361062
SCHED-TRACE 7929 2470 P 76 39c4dbe76
SCHED-TRACE 7930 2470 I 67 14cbb9
SCHED-TRACE 7931 2470 B 67 7a
SCHED-TRACE 7932 2470 P 67 3983b2f1a
SCHED-TRACE 7933 2470 R 67 3983b2f1a
SCHED-TRACE 7934 2471 U 4 14ccbb
SCHED-TRACE 7935 2471 V 4 14cd3c
SCHED-TRACE 7936 2471 O 0 0
SCHED-TRACE 7937 2471 P 67 399d3a9fb
SCHED-TRACE 7938 2472 K 61 393154395
SCHED-TRACE 7939 2472 P 67 39b44f1a9
SCHED-TRACE 7940 2473 P 67 39c5c9fbd
SCHED-TRACE 7941 2473 I 61 14d245
SCHED-TRACE 7942 2473 B 61 7a
SCHED-TRACE 7943 2473 P 61 3983bfbe7
SCHED-TRACE 7944 2473 R 61 3983bfbe7
SCHED-TRACE 7945 2474 U 4 14d347
SCHED-TRACE 7946 2474 V 4 14d3c8
SCHED-TRACE 7947 2474 O 0 0
SCHED-TRACE 7948 2474 P 61 399d4c8b4
SCHED-TRACE 7949 2475 K 64 393161061
SCHED-TRACE 7950 2475 P 61 39b461062
SCHED-TRACE 7951 2476 P 61 39c5d9581
SCHED-TRACE 7952 2476 I 64 14d8d1
SCHED-TRACE 7953 2476 B 64 7b
SCHED-TRACE 7954 2476 P 64 3983cc8b3
SCHED-TRACE 7955 2476 R 64 3983cc8b3
SCHED-TRACE 7956 2477 U 4 14d9d3
SCHED-TRACE 7957 2477 V 4 14da54
SCHED-TRACE 7958 2477 O 0 0
SCHED-TRACE 7959 2477 P 64 399d54395
SCHED-TRACE 7960 2478 K 55 39320f1aa
SCHED-TRACE 7961 2478 P 64 39b468b43
SCHED-TRACE 7962 2479 P 64 39c5e1061
SCHED-TRACE 7963 2479 I 55 14df5d
SCHED-TRACE 7964 2479 B 55 7a
SCHED-TRACE 7965 2479 P 55 39847a9fc
SCHED-TRACE 7966 2479 R 55 39847a9fc
SCHED-TRACE 7967 2480 U 4 14e05f
SCHED-TRACE 7968 2480 V 4 14e0e1
SCHED-TRACE 7969 2480 O 0 0
SCHED-TRACE 7970 2480 P 55 399e09fbe
SCHED-TRACE 7971 2481 K 31 3932424dc
SCHED-TRACE 7972 2481 P 55 39b51be77
SCHED-TRACE 7973 2482 P 55 39c696c8b
SCHED-TRACE 7974 2482 I 31 14e5e9
SCHED-TRACE 7975 2482 B 31 7a
SCHED-TRACE 7976 2482 P 31 3984a624d
SCHED-TRACE 7977 2482 R 31 3984a624d
SCHED-TRACE 7978 2483 U 4 14e6ea
SCHED-TRACE 7979 2483 V 4 14e76c
SCHED-TRACE 7980 2483 O 0 0
SCHED-TRACE 7981 2483 P 31 399e1e76c
SCHED-TRACE 7982 2484 K 58 3932424dd
SCHED-TRACE 7983 2484 P 31 39b532f1a
SCHED-TRACE 7984 2485 P 31 39c6ab439
SCHED-TRACE 7985 2485 I 58 14ec74
SCHED-TRACE 7986 2485 B 58 7a
SCHED-TRACE 7987 2485 P 58 3984a624d
SCHED-TRACE 7988 2485 R 58 3984a624d
SCHED-TRACE 7989 2486 U 4 14ed76
SCHED-TRACE 7990 2486 V 4 14edf7
SCHED-TRACE 7991 2486 O 0 0
SCHED-TRACE 7992 2486 P 58 399e32f1a
SCHED-TRACE 7993 2487 K 52 393259580
SCHED-TRACE 7994 2487 P 58 39b5476c8
SCHED-TRACE 7995 2488 P 58 39c6bfbe7
SCHED-TRACE 7996 2488 I 52 14f300
SCHED-TRACE 7997 2488 B 52 7b
SCHED-TRACE 7998 2488 P 52 3984c4dd2
SCHED-TRACE 7999 2488 R 52 3984c4dd2
SCHED-TRACE 8000 2489 U 4 14f403
SCHED-TRACE 8001 2489 V 4 14f484
SCHED-TRACE 8002 2489 O 0 0
SCHED-TRACE 8003 2489 P 52 399e56c8a
SCHED-TRACE 8004 2490 K 49 3932bd2f1
SCHED-TRACE 8005 2490 P 52 39b568b43
SCHED-TRACE 8006 2491 P 52 39c6e3957
SCHED-TRACE 8007 2491 I 49 14f98c
SCHED-TRACE 8008 2491 B 49 7a
SCHED-TRACE 8009 2491 P 49 39851e76c
SCHED-TRACE 8010 2491 R 49 39851e76c
SCHED-TRACE 8011 2492 U 4 14fa8f
SCHED-TRACE 8012 2492 V 4 14fb10
SCHED-TRACE 8013 2492 O 0 0
SCHED-TRACE 8014 2492 P 49 399eb5810
SCHED-TRACE 8015 2493 K 43 39333fbe7
SCHED-TRACE 8016 2493 P 49 39b5c76c8
SCHED-TRACE 8017 2494 P 49 39c73fbe7
SCHED-TRACE 8018 2494 I 43 150018
SCHED-TRACE 8019 2494 B 43 7a
SCHED-TRACE 8020 2494 P 43 3985a1062
SCHED-TRACE 8021 2494 R 43 3985a1062
SCHED-TRACE 8022 2495 U 4 15011b
SCHED-TRACE 8023 2495 V 4 15019c
SCHED-TRACE 8024 2495 O 0 0
SCHED-TRACE 8025 2495 P 43 399f3a9fb
SCHED-TRACE 8026 2496 K 34 393384dd3
SCHED-TRACE 8027 2496 P 43 39b64f1a9
SCHED-TRACE 8028 2497 P 43 39c7c4dd2
SCHED-TRACE 8029 2497 I 34 1506a5
SCHED-TRACE 8030 2497 B 34 7b
SCHED-TRACE 8031 2497 P 34 3985ffbe7
SCHED-TRACE 8032 2497 R 34 3985ffbe7
SCHED-TRACE 8033 2498 U 4 1507a6
SCHED-TRACE 8034 2498 V 4 150828
SCHED-TRACE 8035 2498 O 0 0
SCHED-TRACE 8036 2498 P 34 399f75810
SCHED-TRACE 8037 2499 K 37 3933b5810
SCHED-TRACE 8038 2499 P 34 39b689fbe
SCHED-TRACE 8039 2500 P 34 39c804dd3
SCHED-TRACE 8040 2500 I 37 150d30
SCHED-TRACE 8041 2500 B 37 7a
SCHED-TRACE 8042 2500 P 37 398616c8b
SCHED-TRACE 8043 2500 R 37 398616c8b
SCHED-TRACE 8044 2501 U 4 150e33
SCHED-TRACE 8045 2501 V 4 150eb4
SCHED-TRACE 8046 2501 O 0 0
SCHED-TRACE 8047 2501 P 37 399fbd2f1
SCHED-TRACE 8048 2502 K 40 3933b8105
SCHED-TRACE 8049 2502 P 37 39b6d1a9f
SCHED-TRACE 8050 2503 P 37 39c84f1a9
SCHED-TRACE 8051 2503 I 40 1513bd
SCHED-TRACE 8052 2503 B 40 7a
SCHED-TRACE 8053 2503 P 40 39861be76
SCHED-TRACE 8054 2503 R 40 39861be76
SCHED-TRACE 8055 2504 U 4 1514c0
SCHED-TRACE 8056 2504 V 4 151541
SCHED-TRACE 8057 2504 O 0 0
SCHED-TRACE 8058 2504 P 40 399fbfbe6
SCHED-TRACE 8059 2505 K 40 399fbfbe6
SCHED-TRACE 8060 2505 P 40 39b6d4394
SCHED-TRACE 8061 2506 I 40 151a4a
SCHED-TRACE 8062 2506 B 40 7a
SCHED-TRACE 8063 2506 P 40 3a1ab8105
SCHED-TRACE 8064 2506 R 40 3a1ab8105
SCHED-TRACE 8065 2507 U 4 151b4d
SCHED-TRACE 8066 2507 V 4 151bce
SCHED-TRACE 8067 2507 O 0 0
SCHED-TRACE 8068 2507 P 40 3a3459580
SCHED-TRACE 8069 2508 K 73 39c3b5810
SCHED-TRACE 8070 2508 P 40 3a4b6dd2e
SCHED-TRACE 8071 2509 P 40 3a5ce8b43
SCHED-TRACE 8072 2509 I 73 1520d7
SCHED-TRACE 8073 2509 B 73 7a
SCHED-TRACE 8074 2509 P 73 3a161e76c
SCHED-TRACE 8075 2509 R 73 3a161e76c
SCHED-TRACE 8076 2510 U 4 1521d9
SCHED-TRACE 8077 2510 V 4 15225a
SCHED-TRACE 8078 2510 O 0 0
SCHED-TRACE 8079 2510 P 73 3a2f9e76c
SCHED-TRACE 8080 2511 K 70 39c4d1a9f
SCHED-TRACE 8081 2511 P 73 3a46b2f1a
SCHED-TRACE 8082 2512 P 73 3a5830624
SCHED-TRACE 8083 2512 I 70 152763
SCHED-TRACE 8084 2512 B 70 7a
SCHED-TRACE 8085 2512 P 70 3a173fbe7
SCHED-TRACE 8086 2512 R 70 3a173fbe7
SCHED-TRACE 8087 2513 U 4 152865
SCHED-TRACE 8088 2513 V 4 1528e6
SCHED-TRACE 8089 2513 O 0 0
SCHED-TRACE 8090 2513 P 70 3a30c24dc
SCHED-TRACE 8091 2514 K 76 39c4dbe76
SCHED-TRACE 8092 2514 P 70 3a47d6c8a
SCHED-TRACE 8093 2515 P 70 3a5951a9f
SCHED-TRACE 8094 2515 I 76 152def
SCHED-TRACE 8095 2515 B 76 7a
SCHED-TRACE 8096 2515 P 76 3a174c8b4
SCHED-TRACE 8097 2515 R 76 3a174c8b4
SCHED-TRACE 8098 2516 U 4 152ef1
SCHED-TRACE 8099 2516 V 4 152f72
SCHED-TRACE 8100 2516 O 0 0
SCHED-TRACE 8101 2516 P 76 3a30c9fbe
SCHED-TRACE 8102 2517 K 67 39c5c9fbd
SCHED-TRACE 8103 2517 P 76 3a47de76c
SCHED-TRACE 8104 2518 P 76 3a5959580
SCHED-TRACE 8105 2518 I 67 15347b
SCHED-TRACE 8106 2518 B 67 7a
SCHED-TRACE 8107 2518 P 67 3a183fbe6
SCHED-TRACE 8108 2518 R 67 3a183fbe6
SCHED-TRACE 8109 2519 U 4 15357d
SCHED-TRACE 8110 2519 V 4 1535fe
SCHED-TRACE 8111 2519 O 0 0
SCHED-TRACE 8112 2519 P 67 3a31c76c8
SCHED-TRACE 8113 2520 K 61 39c5d9581
SCHED-TRACE 8114 2520 P 67 3a48dbe76
SCHED-TRACE 8115 2521 P 67 3a5a56c8a
SCHED-TRACE 8116 2521 I 61 153b07
SCHED-TRACE 8117 2521 B 61 7a
SCHED-TRACE 8118 2521 P 61 3a1844dd3
SCHED-TRACE 8119 2521 R 61 3a1844dd3
SCHED-TRACE 8120 2522 U 4 153c09
SCHED-TRACE 8121 2522 V 4 153c8a
SCHED-TRACE 8122 2522 O 0 0
SCHED-TRACE 8123 2522 P 61 3a31cf1aa
SCHED-TRACE 8124 2523 K 64 39c5e1061
SCHED-TRACE 8125 2523 P 61 3a48e3958
SCHED-TRACE 8126 2524 P 61 3a5a5e76c
SCHED-TRACE 8127 2524 I 64 154193
SCHED-TRACE 8128 2524 B 64 7a
SCHED-TRACE 8129 2524 P 64 3a1849fbe
SCHED-TRACE 8130 2524 R 64 3a1849fbe
SCHED-TRACE 8131 2525 U 4 154295
SCHED-TRACE 8132 2525 V 4 154316
SCHED-TRACE 8133 2525 O 0 0
SCHED-TRACE 8134 2525 P 64 3a31d4395
SCHED-TRACE 8135 2526 K 55 39c696c8b
SCHED-TRACE 8136 2526 P 64 3a48e624d
SCHED-TRACE 8137 2527 P 64 3a5a61061
SCHED-TRACE 8138 2527 I 55 15481f
SCHED-TRACE 8139 2527 B 55 7a
SCHED-TRACE 8140 2527 P 55 3a19024dd
SCHED-TRACE 8141 2527 R 55 3a19024dd
SCHED-TRACE 8142 2528 U 4 154921
SCHED-TRACE 8143 2528 V 4 1549a3
SCHED-TRACE 8144 2528 O 0 0
SCHED-TRACE 8145 2528 P 55 3a3291aa0
SCHED-TRACE 8146 2529 K 31 39c6ab439
SCHED-TRACE 8147 2529 P 55 3a49a624e
SCHED-TRACE 8148 2530 P 55 3a5b1e76c
SCHED-TRACE 8149 2530 I 31 154eab
SCHED-TRACE 8150 2530 B 31 7a
SCHED-TRACE 8151 2530 P 31 3a1911a9f
SCHED-TRACE 8152 2530 R 31 3a1911a9f
SCHED-TRACE 8153 2531 U 4 154fac
SCHED-TRACE 8154 2531 V 4 15502e
SCHED-TRACE 8155 2531 O 0 0
SCHED-TRACE 8156 2531 P 31 3a3289fbe
SCHED-TRACE 8157 2532 K 58 39c6bfbe7
SCHED-TRACE 8158 2532 P 31 3a499e76c
SCHED-TRACE 8159 2533 P 31 3a5b16c8b
SCHED-TRACE 8160 2533 I 58 155536
SCHED-TRACE 8161 2533 B 58 7a
SCHED-TRACE 8162 2533 P 58 3a1923958
SCHED-TRACE 8163 2533 R 58 3a1923958
SCHED-TRACE 8164 2534 U 4 155638
SCHED-TRACE 8165 2534 V 4 1556b9
SCHED-TRACE 8166 2534 O 0 0
SCHED-TRACE 8167 2534 P 58 3a32b0624
SCHED-TRACE 8168 2535 K 52 39c6e3957
SCHED-TRACE 8169 2535 P 58 3a49c24dd
SCHED-TRACE 8170 2536 P 58 3a5b3a9fb
SCHED-TRACE 8171 2536 I 52 155bc2
SCHED-TRACE 8172 2536 B 52 7a
SCHED-TRACE 8173 2536 P 52 3a194f1a9
SCHED-TRACE 8174 2536 R 52 3a194f1a9
SCHED-TRACE 8175 2537 U 4 155cc4
SCHED-TRACE 8176 2537 V 4 155d46
SCHED-TRACE 8177 2537 O 0 0
SCHED-TRACE 8178 2537 P 52 3a32e1062
SCHED-TRACE 8179 2538 K 49 39c73fbe7
SCHED-TRACE 8180 2538 P 52 3a49f5810
SCHED-TRACE 8181 2539 P 52 3a5b6dd2e
SCHED-TRACE 8182 2539 I 49 15624e
SCHED-TRACE 8183 2539 B 49 7a
SCHED-TRACE 8184 2539 P 49 3a19a3958
SCHED-TRACE 8185 2539 R 49 3a19a3958
SCHED-TRACE 8186 2540 U 4 156351
SCHED-TRACE 8187 2540 V 4 1563d2
SCHED-TRACE 8188 2540 O 0 0
SCHED-TRACE 8189 2540 P 49 3a3338106
SCHED-TRACE 8190 2541 K 43 39c7c4dd2
SCHED-TRACE 8191 2541 P 49 3a4a4c8b4
SCHED-TRACE 8192 2542 P 49 3a5bc4dd3
SCHED-TRACE 8193 2542 I 43 1568da
SCHED-TRACE 8194 2542 B 43 7a
SCHED-TRACE 8195 2542 P 43 3a1a2624d
SCHED-TRACE 8196 2542 R 43 3a1a2624d
SCHED-TRACE 8197 2543 U 4 1569dd
SCHED-TRACE 8198 2543 V 4 156a5e
SCHED-TRACE 8199 2543 O 0 0
SCHED-TRACE 8200 2543 P 43 3a33bfbe7
SCHED-TRACE 8201 2544 K 34 39c804dd3
SCHED-TRACE 8202 2544 P 43 3a4ad1a9f
SCHED-TRACE 8203 2545 P 43 3a5c49fbe
SCHED-TRACE 8204 2545 I 34 156f67
SCHED-TRACE 8205 2545 B 34 7a
SCHED-TRACE 8206 2545 P 34 3a1a7d2f1
SCHED-TRACE 8207 2545 R 34 3a1a7d2f1
SCHED-TRACE 8208 2546 U 4 157068
SCHED-TRACE 8209 2546 V 4 1570ea
SCHED-TRACE 8210 2546 O 0 0
SCHED-TRACE 8211 2546 P 34 3a33f5810
SCHED-TRACE 8212 2547 K 37 39c84f1a9
SCHED-TRACE 8213 2547 P 34 3a4b09fbe
SCHED-TRACE 8214 2548 P 34 3a5c824dd
SCHED-TRACE 8215 2548 I 37 1575f2
SCHED-TRACE 8216 2548 B 37 7a
SCHED-TRACE 8217 2548 P 37 3a1ab2f1a
SCHED-TRACE 8218 2548 R 37 3a1ab2f1a
SCHED-TRACE 8219 2549 U 4 1576f5
SCHED-TRACE 8220 2549 V 4 157776
SCHED-TRACE 8221 2549 O 0 0
SCHED-TRACE 8222 2549 P 37 3a3456c8b
SCHED-TRACE 8223 2550 K 46 39d0f8106
SCHED-TRACE 8224 2550 P 37 3a4b6b439
SCHED-TRACE 8225 2551 P 37 3a5ce624d
SCHED-TRACE 8226 2551 I 46 157c7f
SCHED-TRACE 8227 2551 B 46 7a
SCHED-TRACE 8228 2551 P 46 3a235be77
SCHED-TRACE 8229 2551 R 46 3a235be77
SCHED-TRACE 8230 2552 U 4 157d82
SCHED-TRACE 8231 2552 V 4 157e03
SCHED-TRACE 8232 2552 O 0 0
SCHED-TRACE 8233 2552 P 46 3a3cf8106
SCHED-TRACE 8234 2553 K 46 3a3cf8106
SCHED-TRACE 8235 2553 P 46 3a540c8b4
SCHED-TRACE 8236 2554 I 46 15830c
SCHED-TRACE 8237 2554 B 46 7a
SCHED-TRACE 8238 2554 P 46 3ab7f5810
SCHED-TRACE 8239 2554 R 46 3ab7f5810
SCHED-TRACE 8240 2555 U 4 15840f
SCHED-TRACE 8241 2555 V 4 158490
SCHED-TRACE 8242 2555 O 0 0
SCHED-TRACE 8243 2555 P 46 3ad191aa0
SCHED-TRACE 8244 2556 K 73 3a5830624
SCHED-TRACE 8245 2556 P 46 3ae8a624e
SCHED-TRACE 8246 2557 P 46 3afa21062
SCHED-TRACE 8247 2557 I 73 158999
SCHED-TRACE 8248 2557 B 73 7a
SCHED-TRACE 8249 2557 P 73 3aaaa1062
SCHED-TRACE 8250 2557 R 73 3aaaa1062
SCHED-TRACE 8251 2558 U 4 158a9b
SCHED-TRACE 8252 2558 V 4 158b1c
SCHED-TRACE 8253 2558 O 0 0
SCHED-TRACE 8254 2558 P 73 3ac423958
SCHED-TRACE 8255 2559 K 70 3a5951a9f
SCHED-TRACE 8256 2559 P 73 3adb38106
SCHED-TRACE 8257 2560 P 73 3aecb2f1a
SCHED-TRACE 8258 2560 I 70 159025
SCHED-TRACE 8259 2560 B 70 7a
SCHED-TRACE 8260 2560 P 70 3aabc24dc
SCHED-TRACE 8261 2560 R 70 3aabc24dc
SCHED-TRACE 8262 2561 U 4 159127
SCHED-TRACE 8263 2561 V 4 1591a8
SCHED-TRACE 8264 2561 O 0 0
SCHED-TRACE 8265 2561 P 70 3ac544dd2
SCHED-TRACE 8266 2562 K 76 3a5959580
SCHED-TRACE 8267 2562 P 70 3adc59580
SCHED-TRACE 8268 2563 P 70 3aedd1a9f
SCHED-TRACE 8269 2563 I 76 1596b1
SCHED-TRACE 8270 2563 B 76 7b
SCHED-TRACE 8271 2563 P 76 3aabcc8b4
SCHED-TRACE 8272 2563 R 76 3aabcc8b4
SCHED-TRACE 8273 2564 U 4 1597b3
SCHED-TRACE 8274 2564 V 4 159834
SCHED-TRACE 8275 2564 O 0 0
SCHED-TRACE 8276 2564 P 76 3ac5476c8
SCHED-TRACE 8277 2565 K 67 3a5a56c8a
SCHED-TRACE 8278 2565 P 76 3adc5be76
SCHED-TRACE 8279 2566 P 76 3aedd6c8b
SCHED-TRACE 8280 2566 I 67 159d3d
SCHED-TRACE 8281 2566 B 67 7a
SCHED-TRACE 8282 2566 P 67 3aaccc8b3
SCHED-TRACE 8283 2566 R 67 3aaccc8b3
SCHED-TRACE 8284 2567 U 4 159e3f
SCHED-TRACE 8285 2567 V 4 159ec0
SCHED-TRACE 8286 2567 O 0 0
SCHED-TRACE 8287 2567 P 67 3ac654394
SCHED-TRACE 8288 2568 K 61 3a5a5e76c
SCHED-TRACE 8289 2568 P 67 3add68b43
SCHED-TRACE 8290 2569 P 67 3aeee3957
SCHED-TRACE 8291 2569 I 61 15a3c9
SCHED-TRACE 8292 2569 B 61 7a
SCHED-TRACE 8293 2569 P 61 3aacc9fbe
SCHED-TRACE 8294 2569 R 61 3aacc9fbe
SCHED-TRACE 8295 2570 U 4 15a4cb
SCHED-TRACE 8296 2570 V 4 15a54c
SCHED-TRACE 8297 2570 O 0 0
SCHED-TRACE 8298 2570 P 61 3ac656c8b
SCHED-TRACE 8299 2571 K 64 3a5a61061
SCHED-TRACE 8300 2571 P 61 3add6b439
SCHED-TRACE 8301 2572 P 61 3aeee3958
SCHED-TRACE 8302 2572 I 64 15aa55
SCHED-TRACE 8303 2572 B 64 7b
SCHED-TRACE 8304 2572 P 64 3aaccc8b3
SCHED-TRACE 8305 2572 R 64 3aaccc8b3
SCHED-TRACE 8306 2573 U 4 15ab57
SCHED-TRACE 8307 2573 V 4 15abd8
SCHED-TRACE 8308 2573 O 0 0
SCHED-TRACE 8309 2573 P 64 3ac651a9f
SCHED-TRACE 8310 2574 K 31 3a5b16c8b
SCHED-TRACE 8311 2574 P 64 3add6624d
SCHED-TRACE 8312 2575 P 64 3aeede76c
SCHED-TRACE 8313 2575 I 31 15b0e1
SCHED-TRACE 8314 2575 B 31 7a
SCHED-TRACE 8315 2575 P 31 3aad84dd2
SCHED-TRACE 8316 2575 R 31 3aad84dd2
SCHED-TRACE 8317 2576 U 4 15b1e2
SCHED-TRACE 8318 2576 V 4 15b264
SCHED-TRACE 8319 2576 O 0 0
SCHED-TRACE 8320 2576 P 31 3ac6ffbe7
SCHED-TRACE 8321 2577 K 55 3a5b1e76c
SCHED-TRACE 8322 2577 P 31 3ade11a9f
SCHED-TRACE 8323 2578 P 31 3aef8c8b3
SCHED-TRACE 8324 2578 I 55 15b76c
SCHED-TRACE 8325 2578 B 55 7a
SCHED-TRACE 8326 2578 P 55 3aad7fbe7
SCHED-TRACE 8327 2578 R 55 3aad7fbe7
SCHED-TRACE 8328 2579 U 4 15b86e
SCHED-TRACE 8329 2579 V 4 15b8f0
SCHED-TRACE 8330 2579 O 0 0
SCHED-TRACE 8331 2579 P 55 3ac70f1aa
SCHED-TRACE 8332 2580 K 58 3a5b3a9fb
SCHED-TRACE 8333 2580 P 55 3ade23958
SCHED-TRACE 8334 2581 P 55 3aef9be77
SCHED-TRACE 8335 2581 I 58 15bdf8
SCHED-TRACE 8336 2581 B 58 7a
SCHED-TRACE 8337 2581 P 58 3aada1062
SCHED-TRACE 8338 2581 R 58 3aada1062
SCHED-TRACE 8339 2582 U 4 15befa
SCHED-TRACE 8340 2582 V 4 15bf7b
SCHED-TRACE 8341 2582 O 0 0
SCHED-TRACE 8342 2582 P 58 3ac72dd2f
SCHED-TRACE 8343 2583 K 52 3a5b6dd2e
SCHED-TRACE 8344 2583 P 58 3ade424dd
SCHED-TRACE 8345 2584 P 58 3aefba9fb
SCHED-TRACE 8346 2584 I 52 15c484
SCHED-TRACE 8347 2584 B 52 7b
SCHED-TRACE 8348 2584 P 52 3aadd9580
SCHED-TRACE 8349 2584 R 52 3aadd9580
SCHED-TRACE 8350 2585 U 4 15c587
SCHED-TRACE 8351 2585 V 4 15c608
SCHED-TRACE 8352 2585 O 0 0
SCHED-TRACE 8353 2585 P 52 3ac76b439
SCHED-TRACE 8354 2586 K 49 3a5bc4dd3
SCHED-TRACE 8355 2586 P 52 3ade7d2f1
SCHED-TRACE 8356 2587 P 52 3aeff8105
SCHED-TRACE 8357 2587 I 49 15cb10
SCHED-TRACE 8358 2587 B 49 7a
SCHED-TRACE 8359 2587 P 49 3aae2624d
SCHED-TRACE 8360 2587 R 49 3aae2624d
SCHED-TRACE 8361 2588 U 4 15cc13
SCHED-TRACE 8362 2588 V 4 15cc94
SCHED-TRACE 8363 2588 O 0 0
SCHED-TRACE 8364 2588 P 49 3ac7bd2f1
SCHED-TRACE 8365 2589 K 43 3a5c49fbe
SCHED-TRACE 8366 2589 P 49 3adecf1aa
SCHED-TRACE 8367 2590 P 49 3af0476c8
SCHED-TRACE 8368 2590 I 43 15d19c
SCHED-TRACE 8369 2590 B 43 7a
SCHED-TRACE 8370 2590 P 43 3aaeab439
SCHED-TRACE 8371 2590 R 43 3aaeab439
SCHED-TRACE 8372 2591 U 4 15d29f
SCHED-TRACE 8373 2591 V 4 15d320
SCHED-TRACE 8374 2591 O 0 0
SCHED-TRACE 8375 2591 P 43 3ac844dd2
SCHED-TRACE 8376 2592 K 34 3a5c824dd
SCHED-TRACE 8377 2592 P 43 3adf59580
SCHED-TRACE 8378 2593 P 43 3af0cf1a9
SCHED-TRACE 8379 2593 I 34 15d829
SCHED-TRACE 8380 2593 B 34 7b
SCHED-TRACE 8381 2593 P 34 3aaefd2f1
SCHED-TRACE 8382 2593 R 34 3aaefd2f1
SCHED-TRACE 8383 2594 U 4 15d92a
SCHED-TRACE 8384 2594 V 4 15d9ac
SCHED-TRACE 8385 2594 O 0 0
SCHED-TRACE 8386 2594 P 34 3ac872f1a
SCHED-TRACE 8387 2595 K 37 3a5ce624d
SCHED-TRACE 8388 2595 P 34 3adf876c8
SCHED-TRACE 8389 2596 P 34 3af1024dd
SCHED-TRACE 8390 2596 I 37 15deb4
SCHED-TRACE 8391 2596 B 37 7a
SCHED-TRACE 8392 2596 P 37 3aaf476c8
SCHED-TRACE 8393 2596 R 37 3aaf476c8
SCHED-TRACE 8394 2597 U 4 15dfb7
SCHED-TRACE 8395 2597 V 4 15e038
SCHED-TRACE 8396 2597 O 0 0
SCHED-TRACE 8397 2597 P 37 3ac8edd2f
SCHED-TRACE 8398 2598 K 40 3a5ce8b43
SCHED-TRACE 8399 2598 P 37 3ae0024dd
SCHED-TRACE 8400 2599 P 37 3af17fbe7
SCHED-TRACE 8401 2599 I 40 15e541
SCHED-TRACE 8402 2599 B 40 7a
SCHED-TRACE 8403 2599 P 40 3aaf4c8b3
SCHED-TRACE 8404 2599 R 40 3aaf4c8b3
SCHED-TRACE 8405 2600 U 4 15e644
SCHED-TRACE 8406 2600 V 4 15e6c5
SCHED-TRACE 8407 2600 O 0 0
SCHED-TRACE 8408 2600 P 40 3ac8f0624
SCHED-TRACE 8409 2601 K 40 3ac8f0624
SCHED-TRACE 8410 2601 P 40 3ae004dd2
SCHED-TRACE 8411 2602 I 40 15ebce
SCHED-TRACE 8412 2602 B 40 7a
SCHED-TRACE 8413 2602 P 40 3b43e8b43
SCHED-TRACE 8414 2602 R 40 3b43e8b43
SCHED-TRACE 8415 2603 U 4 15ecd1
SCHED-TRACE 8416 2603 V 4 15ed52
SCHED-TRACE 8417 2603 O 0 0
SCHED-TRACE 8418 2603 P 40 3b5d89fbd
SCHED-TRACE 8419 2604 K 73 3aecb2f1a
SCHED-TRACE 8420 2604 P 40 3b749e76b
SCHED-TRACE 8421 2605 P 40 3b8619580
SCHED-TRACE 8422 2605 I 73 15f25b
SCHED-TRACE 8423 2605 B 73 7a
SCHED-TRACE 8424 2605 P 73 3b3f1be76
SCHED-TRACE 8425 2605 R 73 3b3f1be76
SCHED-TRACE 8426 2606 U 4 15f35d
SCHED-TRACE 8427 2606 V 4 15f3de
SCHED-TRACE 8428 2606 O 0 0
SCHED-TRACE 8429 2606 P 73 3b589be76
SCHED-TRACE 8430 2607 K 70 3aedd1a9f
SCHED-TRACE 8431 2607 P 73 3b6fb0624
SCHED-TRACE 8432 2608 P 73 3b812dd2f
SCHED-TRACE 8433 2608 I 70 15f8e7
SCHED-TRACE 8434 2608 B 70 7a
SCHED-TRACE 8435 2608 P 70 3b403fbe7
SCHED-TRACE 8436 2608 R 70 3b403fbe7
SCHED-TRACE 8437 2609 U 4 15f9e9
SCHED-TRACE 8438 2609 V 4 15fa6a
SCHED-TRACE 8439 2609 O 0 0
SCHED-TRACE 8440 2609 P 70 3b59c24dc
SCHED-TRACE 8441 2610 K 76 3aedd6c8b
SCHED-TRACE 8442 2610 P 70 3b70d6c8a
SCHED-TRACE 8443 2611 P 70 3b8251a9f
SCHED-TRACE 8444 2611 I 76 15ff73
SCHED-TRACE 8445 2611 B 76 7a
SCHED-TRACE 8446 2611 P 76 3b40476c8
SCHED-TRACE 8447 2611 R 76 3b40476c8
SCHED-TRACE 8448 2612 U 4 160075
SCHED-TRACE 8449 2612 V 4 1600f6
SCHED-TRACE 8450 2612 O 0 0
SCHED-TRACE 8451 2612 P 76 3b59c76c8
SCHED-TRACE 8452 2613 K 64 3aeede76c
SCHED-TRACE 8453 2613 P 76 3b70dbe76
SCHED-TRACE 8454 2614 P 76 3b8256c8b
SCHED-TRACE 8455 2614 I 64 1605ff
SCHED-TRACE 8456 2614 B 64 7a
SCHED-TRACE 8457 2614 P 64 3b4151a9f
SCHED-TRACE 8458 2614 R 64 3b4151a9f
SCHED-TRACE 8459 2615 U 4 160701
SCHED-TRACE 8460 2615 V 4 160782
SCHED-TRACE 8461 2615 O 0 0
SCHED-TRACE 8462 2615 P 64 3b5ad9580
SCHED-TRACE 8463 2616 K 67 3aeee3957
SCHED-TRACE 8464 2616 P 64 3b71edd2e
SCHED-TRACE 8465 2617 P 64 3b8368b43
SCHED-TRACE 8466 2617 I 67 160c8b
SCHED-TRACE 8467 2617 B 67 7a
SCHED-TRACE 8468 2617 P 67 3b414f1a9
SCHED-TRACE 8469 2617 R 67 3b414f1a9
SCHED-TRACE 8470 2618 U 4 160d8d
SCHED-TRACE 8471 2618 V 4 160e0e
SCHED-TRACE 8472 2618 O 0 0
SCHED-TRACE 8473 2618 P 67 3b5ad4394
SCHED-TRACE 8474 2619 K 61 3aeee3958
SCHED-TRACE 8475 2619 P 67 3b71e8b43
SCHED-TRACE 8476 2620 P 67 3b8363957
SCHED-TRACE 8477 2620 I 61 161317
SCHED-TRACE 8478 2620 B 61 7a
SCHED-TRACE 8479 2620 P 61 3b4151aa0
SCHED-TRACE 8480 2620 R 61 3b4151aa0
SCHED-TRACE 8481 2621 U 4 161419
SCHED-TRACE 8482 2621 V 4 16149a
SCHED-TRACE 8483 2621 O 0 0
SCHED-TRACE 8484 2621 P 61 3b5adbe77
SCHED-TRACE 8485 2622 K 31 3aef8c8b3
SCHED-TRACE 8486 2622 P 61 3b71f0625
SCHED-TRACE 8487 2623 P 61 3b8368b43
SCHED-TRACE 8488 2623 I 31 1619a3
SCHED-TRACE 8489 2623 B 31 7b
SCHED-TRACE 8490 2623 P 31 3b41fa9fb
SCHED-TRACE 8491 2623 R 31 3b41fa9fb
SCHED-TRACE 8492 2624 U 4 161aa5
SCHED-TRACE 8493 2624 V 4 161b26
SCHED-TRACE 8494 2624 O 0 0
SCHED-TRACE 8495 2624 P 31 3b5b72f1a
SCHED-TRACE 8496 2625 K 55 3aef9be77
SCHED-TRACE 8497 2625 P 31 3b72876c8
SCHED-TRACE 8498 2626 P 31 3b84024dc
SCHED-TRACE 8499 2626 I 55 16202e
SCHED-TRACE 8500 2626 B 55 7a
SCHED-TRACE 8501 2626 P 55 3b41fa9fc
SCHED-TRACE 8502 2626 R 55 3b41fa9fc
SCHED-TRACE 8503 2627 U 4 162130
SCHED-TRACE 8504 2627 V 4 1621b2
SCHED-TRACE 8505 2627 O 0 0
SCHED-TRACE 8506 2627 P 55 3b5b89fbe
SCHED-TRACE 8507 2628 K 58 3aefba9fb
SCHED-TRACE 8508 2628 P 55 3b729e76c
SCHED-TRACE 8509 2629 P 55 3b8416c8b
SCHED-TRACE 8510 2629 I 58 1626ba
SCHED-TRACE 8511 2629 B 58 7a
SCHED-TRACE 8512 2629 P 58 3b4221062
SCHED-TRACE 8513 2629 R 58 3b4221062
SCHED-TRACE 8514 2630 U 4 1627bc
SCHED-TRACE 8515 2630 V 4 16283d
SCHED-TRACE 8516 2630 O 0 0
SCHED-TRACE 8517 2630 P 58 3b5badd2f
SCHED-TRACE 8518 2631 K 52 3aeff8105
SCHED-TRACE 8519 2631 P 58 3b72bfbe7
SCHED-TRACE 8520 2632 P 58 3b843a9fb
SCHED-TRACE 8521 2632 I 52 162d46
SCHED-TRACE 8522 2632 B 52 7a
SCHED-TRACE 8523 2632 P 52 3b4261062
SCHED-TRACE 8524 2632 R 52 3b4261062
SCHED-TRACE 8525 2633 U 4 162e48
SCHED-TRACE 8526 2633 V 4 162eca
SCHED-TRACE 8527 2633 O 0 0
SCHED-TRACE 8528 2633 P 52 3b5bf5810
SCHED-TRACE 8529 2634 K 49 3af0476c8
SCHED-TRACE 8530 2634 P 52 3b7309fbe
SCHED-TRACE 8531 2635 P 52 3b84824dc
SCHED-TRACE 8532 2635 I 49 1633d2
SCHED-TRACE 8533 2635 B 49 7a
SCHED-TRACE 8534 2635 P 49 3b42ab439
SCHED-TRACE 8535 2635 R 49 3b42ab439
SCHED-TRACE 8536 2636 U 4 1634d5
SCHED-TRACE 8537 2636 V 4 163556
SCHED-TRACE 8538 2636 O 0 0
SCHED-TRACE 8539 2636 P 49 3b5c3fbe7
SCHED-TRACE 8540 2637 K 43 3af0cf1a9
SCHED-TRACE 8541 2637 P 49 3b7354395
SCHED-TRACE 8542 2638 P 49 3b84cc8b4
SCHED-TRACE 8543 2638 I 43 163a5e
SCHED-TRACE 8544 2638 B 43 7a
SCHED-TRACE 8545 2638 P 43 3b4330624
SCHED-TRACE 8546 2638 R 43 3b4330624
SCHED-TRACE 8547 2639 U 4 163b61
SCHED-TRACE 8548 2639 V 4 163be2
SCHED-TRACE 8549 2639 O 0 0
SCHED-TRACE 8550 2639 P 43 3b5cc9fbe
SCHED-TRACE 8551 2640 K 34 3af1024dd
SCHED-TRACE 8552 2640 P 43 3b73dbe76
SCHED-TRACE 8553 2641 P 43 3b8554395
SCHED-TRACE 8554 2641 I 34 1640eb
SCHED-TRACE 8555 2641 B 34 7a
SCHED-TRACE 8556 2641 P 34 3b437a9fb
SCHED-TRACE 8557 2641 R 34 3b437a9fb
SCHED-TRACE 8558 2642 U 4 1641ec
SCHED-TRACE 8559 2642 V 4 16426e
SCHED-TRACE 8560 2642 O 0 0
SCHED-TRACE 8561 2642 P 34 3b5cf2f1a
SCHED-TRACE 8562 2643 K 37 3af17fbe7
SCHED-TRACE 8563 2643 P 34 3b74076c8
SCHED-TRACE 8564 2644 P 34 3b857fbe7
SCHED-TRACE 8565 2644 I 37 164776
SCHED-TRACE 8566 2644 B 37 7a
SCHED-TRACE 8567 2644 P 37 3b43e3958
SCHED-TRACE 8568 2644 R 37 3b43e3958
SCHED-TRACE 8569 2645 U 4 164879
SCHED-TRACE 8570 2645 V 4 1648fa
SCHED-TRACE 8571 2645 O 0 0
SCHED-TRACE 8572 2645 P 37 3b5d876c8
SCHED-TRACE 8573 2646 K 46 3afa21062
SCHED-TRACE 8574 2646 P 37 3b749be76
SCHED-TRACE 8575 2647 P 37 3b8616c8b
SCHED-TRACE 8576 2647 I 46 164e03
SCHED-TRACE 8577 2647 B 46 7a
SCHED-TRACE 8578 2647 P 46 3b4c876c9
SCHED-TRACE 8579 2647 R 46 3b4c876c9
SCHED-TRACE 8580 2648 U 4 164f06
SCHED-TRACE 8581 2648 V 4 164f87
SCHED-TRACE 8582 2648 O 0 0
SCHED-TRACE 8583 2648 P 46 3b6623958
SCHED-TRACE 8584 2649 K 46 3b6623958
SCHED-TRACE 8585 2649 P 46 3b7d38106
SCHED-TRACE 8586 2650 I 46 165490
SCHED-TRACE 8587 2650 B 46 7a
SCHED-TRACE 8588 2650 P 46 3be123958
SCHED-TRACE 8589 2650 R 46 3be123958
SCHED-TRACE 8590 2651 U 4 165593
SCHED-TRACE 8591 2651 V 4 165614
SCHED-TRACE 8592 2651 O 0 0
SCHED-TRACE 8593 2651 P 46 3bfabfbe7
SCHED-TRACE 8594 2652 K 73 3b812dd2f
SCHED-TRACE 8595 2652 P 46 3c11d4395
SCHED-TRACE 8596 2653 P 46 3c234f1aa
SCHED-TRACE 8597 2653 I 73 165b1d
SCHED-TRACE 8598 2653 B 73 7a
SCHED-TRACE 8599 2653 P 73 3bd39e76c
SCHED-TRACE 8600 2653 R 73 3bd39e76c
SCHED-TRACE 8601 2654 U 4 165c1f
SCHED-TRACE 8602 2654 V 4 165ca0
SCHED-TRACE 8603 2654 O 0 0
SCHED-TRACE 8604 2654 P 73 3bed21062
SCHED-TRACE 8605 2655 K 70 3b8251a9f
SCHED-TRACE 8606 2655 P 73 3c0435810
SCHED-TRACE 8607 2656 P 73 3c15b0624
SCHED-TRACE 8608 2656 I 70 1661a9
SCHED-TRACE 8609 2656 B 70 7a
SCHED-TRACE 8610 2656 P 70 3bd4c24dc
SCHED-TRACE 8611 2656 R 70 3bd4c24dc
SCHED-TRACE 8612 2657 U 4 1662ab
SCHED-TRACE 8613 2657 V 4 16632c
SCHED-TRACE 8614 2657 O 0 0
SCHED-TRACE 8615 2657 P 70 3bee44dd2
SCHED-TRACE 8616 2658 K 76 3b8256c8b
SCHED-TRACE 8617 2658 P 70 3c0559580
SCHED-TRACE 8618 2659 P 70 3c16d1a9f
SCHED-TRACE 8619 2659 I 76 166835
SCHED-TRACE 8620 2659 B 76 7b
SCHED-TRACE 8621 2659 P 76 3bd4c9fbe
SCHED-TRACE 8622 2659 R 76 3bd4c9fbe
SCHED-TRACE 8623 2660 U 4 166937
SCHED-TRACE 8624 2660 V 4 1669b8
SCHED-TRACE 8625 2660 O 0 0
SCHED-TRACE 8626 2660 P 76 3bee44dd2
SCHED-TRACE 8627 2661 K 67 3b8363957
SCHED-TRACE 8628 2661 P 76 3c0559580
SCHED-TRACE 8629 2662 P 76 3c16d4395
SCHED-TRACE 8630 2662 I 67 166ec1
SCHED-TRACE 8631 2662 B 67 7a
SCHED-TRACE 8632 2662 P 67 3bd5d9580
SCHED-TRACE 8633 2662 R 67 3bd5d9580
SCHED-TRACE 8634 2663 U 4 166fc3
SCHED-TRACE 8635 2663 V 4 167044
SCHED-TRACE 8636 2663 O 0 0
SCHED-TRACE 8637 2663 P 67 3bef61061
SCHED-TRACE 8638 2664 K 64 3b8368b43
SCHED-TRACE 8639 2664 P 67 3c0678105
SCHED-TRACE 8640 2665 P 67 3c17f2f1a
SCHED-TRACE 8641 2665 I 64 16754d
SCHED-TRACE 8642 2665 B 64 7b
SCHED-TRACE 8643 2665 P 64 3bd5d4395
SCHED-TRACE 8644 2665 R 64 3bd5d4395
SCHED-TRACE 8645 2666 U 4 16764f
SCHED-TRACE 8646 2666 V 4 1676d0
SCHED-TRACE 8647 2666 O 0 0
SCHED-TRACE 8648 2666 P 64 3bef5be76
SCHED-TRACE 8649 2667 K 61 3b8368b43
SCHED-TRACE 8650 2667 P 64 3c0670624
SCHED-TRACE 8651 2668 P 64 3c17eb439
SCHED-TRACE 8652 2668 I 61 167bd9
SCHED-TRACE 8653 2668 B 61 7a
SCHED-TRACE 8654 2668 P 61 3bd5d1aa0
SCHED-TRACE 8655 2668 R 61 3bd5d1aa0
SCHED-TRACE 8656 2669 U 4 167cdb
SCHED-TRACE 8657 2669 V 4 167d5c
SCHED-TRACE 8658 2669 O 0 0
SCHED-TRACE 8659 2669 P 61 3bef5be77
SCHED-TRACE 8660 2670 K 31 3b84024dc
SCHED-TRACE 8661 2670 P 61 3c066dd2f
SCHED-TRACE 8662 2671 P 61 3c17e8b43
SCHED-TRACE 8663 2671 I 31 168265
SCHED-TRACE 8664 2671 B 31 7a
SCHED-TRACE 8665 2671 P 31 3bd66dd2e
SCHED-TRACE 8666 2671 R 31 3bd66dd2e
SCHED-TRACE 8667 2672 U 4 168367
SCHED-TRACE 8668 2672 V 4 1683e8
SCHED-TRACE 8669 2672 O 0 0
SCHED-TRACE 8670 2672 P 31 3befe8b43
SCHED-TRACE 8671 2673 K 55 3b8416c8b
SCHED-TRACE 8672 2673 P 31 3c06fd2f1
SCHED-TRACE 8673 2674 P 31 3c1878105
SCHED-TRACE 8674 2674 I 55 1688f0
SCHED-TRACE 8675 2674 B 55 7a
SCHED-TRACE 8676 2674 P 55 3bd675810
SCHED-TRACE 8677 2674 R 55 3bd675810
SCHED-TRACE 8678 2675 U 4 1689f2
SCHED-TRACE 8679 2675 V 4 168a74
SCHED-TRACE 8680 2675 O 0 0
SCHED-TRACE 8681 2675 P 55 3bf004dd3
SCHED-TRACE 8682 2676 K 58 3b843a9fb
SCHED-TRACE 8683 2676 P 55 3c0719581
SCHED-TRACE 8684 2677 P 55 3c1891aa0
SCHED-TRACE 8685 2677 I 58 168f7c
SCHED-TRACE 8686 2677 B 58 7b
SCHED-TRACE 8687 2677 P 58 3bd6a3958
SCHED-TRACE 8688 2677 R 58 3bd6a3958
SCHED-TRACE 8689 2678 U 4 16907e
SCHED-TRACE 8690 2678 V 4 1690ff
SCHED-TRACE 8691 2678 O 0 0
SCHED-TRACE 8692 2678 P 58 3bf02dd2f
SCHED-TRACE 8693 2679 K 52 3b84824dc
SCHED-TRACE 8694 2679 P 58 3c07424dd
SCHED-TRACE 8695 2680 P 58 3c18ba9fb
SCHED-TRACE 8696 2680 I 52 169608
SCHED-TRACE 8697 2680 B 52 7a
SCHED-TRACE 8698 2680 P 52 3bd6eb439
SCHED-TRACE 8699 2680 R 52 3bd6eb439
SCHED-TRACE 8700 2681 U 4 16970a
SCHED-TRACE 8701 2681 V 4 16978c
SCHED-TRACE 8702 2681 O 0 0
SCHED-TRACE 8703 2681 P 52 3bf07d2f1
SCHED-TRACE 8704 2682 K 49 3b84cc8b4
SCHED-TRACE 8705 2682 P 52 3c0791a9f
SCHED-TRACE 8706 2683 P 52 3c1909fbe
SCHED-TRACE 8707 2683 I 49 169c94
SCHED-TRACE 8708 2683 B 49 7a
SCHED-TRACE 8709 2683 P 49 3bd730625
SCHED-TRACE 8710 2683 R 49 3bd730625
SCHED-TRACE 8711 2684 U 4 169d97
SCHED-TRACE 8712 2684 V 4 169e18
SCHED-TRACE 8713 2684 O 0 0
SCHED-TRACE 8714 2684 P 49 3bf0c4dd3
SCHED-TRACE 8715 2685 K 43 3b8554395
SCHED-TRACE 8716 2685 P 49 3c07d9581
SCHED-TRACE 8717 2686 P 49 3c1951a9f
SCHED-TRACE 8718 2686 I 43 16a320
SCHED-TRACE 8719 2686 B 43 7a
SCHED-TRACE 8720 2686 P 43 3bd7b5810
SCHED-TRACE 8721 2686 R 43 3bd7b5810
SCHED-TRACE 8722 2687 U 4 16a423
SCHED-TRACE 8723 2687 V 4 16a4a4
SCHED-TRACE 8724 2687 O 0 0
SCHED-TRACE 8725 2687 P 43 3bf14f1a9
SCHED-TRACE 8726 2688 K 34 3b857fbe7
SCHED-TRACE 8727 2688 P 43 3c0863957
SCHED-TRACE 8728 2689 P 43 3c19dbe76
SCHED-TRACE 8729 2689 I 34 16a9ad
SCHED-TRACE 8730 2689 B 34 7a
SCHED-TRACE 8731 2689 P 34 3bd7f5810
SCHED-TRACE 8732 2689 R 34 3bd7f5810
SCHED-TRACE 8733 2690 U 4 16aaae
SCHED-TRACE 8734 2690 V 4 16ab30
SCHED-TRACE 8735 2690 O 0 0
SCHED-TRACE 8736 2690 P 34 3bf16dd2f
SCHED-TRACE 8737 2691 K 37 3b8616c8b
SCHED-TRACE 8738 2691 P 34 3c08824dd
SCHED-TRACE 8739 2692 P 34 3c19fa9fb
SCHED-TRACE 8740 2692 I 37 16b038
SCHED-TRACE 8741 2692 B 37 7b
SCHED-TRACE 8742 2692 P 37 3bd87d2f1
SCHED-TRACE 8743 2692 R 37 3bd87d2f1
SCHED-TRACE 8744 2693 U 4 16b13b
SCHED-TRACE 8745 2693 V 4 16b1bc
SCHED-TRACE 8746 2693 O 0 0
SCHED-TRACE 8747 2693 P 37 3bf221062
SCHED-TRACE 8748 2694 K 40 3b8619580
SCHED-TRACE 8749 2694 P 37 3c0938106
SCHED-TRACE 8750 2695 P 37 3c1ab2f1a
SCHED-TRACE 8751 2695 I 40 16b6c5
SCHED-TRACE 8752 2695 B 40 7b
SCHED-TRACE 8753 2695 P 40 3bd87fbe6
SCHED-TRACE 8754 2695 R 40 3bd87fbe6
SCHED-TRACE 8755 2696 U 4 16b7c8
SCHED-TRACE 8756 2696 V 4 16b849
SCHED-TRACE 8757 2696 O 0 0
SCHED-TRACE 8758 2696 P 40 3bf221061
SCHED-TRACE 8759 2697 K 40 3bf221061
SCHED-TRACE 8760 2697 P 40 3c093580f
SCHED-TRACE 8761 2698 I 40 16bd52
SCHED-TRACE 8762 2698 B 40 7a
SCHED-TRACE 8763 2698 P 40 3c6d19580
SCHED-TRACE 8764 2698 R 40 3c6d19580
SCHED-TRACE 8765 2699 U 4 16be55
SCHED-TRACE 8766 2699 V 4 16bed6
SCHED-TRACE 8767 2699 O 0 0
SCHED-TRACE 8768 2699 P 40 3c86ba9fb
SCHED-TRACE 8769 2700 K 73 3c15b0624
SCHED-TRACE 8770 2700 P 40 3c9dcf1a9
SCHED-TRACE 8771 2701 P 40 3caf49fbd
SCHED-TRACE 8772 2701 I 73 16c3df
SCHED-TRACE 8773 2701 B 73 7a
SCHED-TRACE 8774 2701 P 73 3c681be76
SCHED-TRACE 8775 2701 R 73 3c681be76
SCHED-TRACE 8776 2702 U 4 16c4e1
SCHED-TRACE 8777 2702 V 4 16c562
SCHED-TRACE 8778 2702 O 0 0
SCHED-TRACE 8779 2702 P 73 3c819e76c
SCHED-TRACE 8780 2703 K 70 3c16d1a9f
SCHED-TRACE 8781 2703 P 73 3c98b2f1a
SCHED-TRACE 8782 2704 P 73 3caa2dd2f
SCHED-TRACE 8783 2704 I 70 16ca6b
SCHED-TRACE 8784 2704 B 70 7a
SCHED-TRACE 8785 2704 P 70 3c69424dc
SCHED-TRACE 8786 2704 R 70 3c69424dc
SCHED-TRACE 8787 2705 U 4 16cb6d
SCHED-TRACE 8788 2705 V 4 16cbee
SCHED-TRACE 8789 2705 O 0 0
SCHED-TRACE 8790 2705 P 70 3c82c4dd2
SCHED-TRACE 8791 2706 K 76 3c16d4395
SCHED-TRACE 8792 2706 P 70 3c99d9580
SCHED-TRACE 8793 2707 P 70 3cab54395
SCHED-TRACE 8794 2707 I 76 16d0f7
SCHED-TRACE 8795 2707 B 76 7a
SCHED-TRACE 8796 2707 P 76 3c6944dd2
SCHED-TRACE 8797 2707 R 76 3c6944dd2
SCHED-TRACE 8798 2708 U 4 16d1f9
SCHED-TRACE 8799 2708 V 4 16d27a
SCHED-TRACE 8800 2708 O 0 0
SCHED-TRACE 8801 2708 P 76 3c82c4dd2
SCHED-TRACE 8802 2709 K 61 3c17e8b43
SCHED-TRACE 8803 2709 P 76 3c99d9580
SCHED-TRACE 8804 2710 P 76 3cab56c8b
SCHED-TRACE 8805 2710 I 61 16d783
SCHED-TRACE 8806 2710 B 61 7a
SCHED-TRACE 8807 2710 P 61 3c6a59581
SCHED-TRACE 8808 2710 R 61 3c6a59581
SCHED-TRACE 8809 2711 U 4 16d885
SCHED-TRACE 8810 2711 V 4 16d906
SCHED-TRACE 8811 2711 O 0 0
SCHED-TRACE 8812 2711 P 61 3c83e624e
SCHED-TRACE 8813 2712 K 64 3c17eb439
SCHED-TRACE 8814 2712 P 61 3c9afa9fc
SCHED-TRACE 8815 2713 P 61 3cac75810
SCHED-TRACE 8816 2713 I 64 16de0f
SCHED-TRACE 8817 2713 B 64 7b
SCHED-TRACE 8818 2713 P 64 3c6a51a9f
SCHED-TRACE 8819 2713 R 64 3c6a51a9f
SCHED-TRACE 8820 2714 U 4 16df11
SCHED-TRACE 8821 2714 V 4 16df92
SCHED-TRACE 8822 2714 O 0 0
SCHED-TRACE 8823 2714 P 64 3c83d9580
SCHED-TRACE 8824 2715 K 67 3c17f2f1a
SCHED-TRACE 8825 2715 P 64 3c9aedd2e
SCHED-TRACE 8826 2716 P 64 3cac6624d
SCHED-TRACE 8827 2716 I 67 16e49b
SCHED-TRACE 8828 2716 B 67 7b
SCHED-TRACE 8829 2716 P 67 3c6a61061
SCHED-TRACE 8830 2716 R 67 3c6a61061
SCHED-TRACE 8831 2717 U 4 16e59d
SCHED-TRACE 8832 2717 V 4 16e61e
SCHED-TRACE 8833 2717 O 0 0
SCHED-TRACE 8834 2717 P 67 3c83e3957
SCHED-TRACE 8835 2718 K 31 3c1878105
SCHED-TRACE 8836 2718 P 67 3c9af8105
SCHED-TRACE 8837 2719 P 67 3cac70624
SCHED-TRACE 8838 2719 I 31 16eb27
SCHED-TRACE 8839 2719 B 31 7a
SCHED-TRACE 8840 2719 P 31 3c6ae8b43
SCHED-TRACE 8841 2719 R 31 3c6ae8b43
SCHED-TRACE 8842 2720 U 4 16ec28
SCHED-TRACE 8843 2720 V 4 16ecaa
SCHED-TRACE 8844 2720 O 0 0
SCHED-TRACE 8845 2720 P 31 3c8463957
SCHED-TRACE 8846 2721 K 55 3c1891aa0
SCHED-TRACE 8847 2721 P 31 3c9b75810
SCHED-TRACE 8848 2722 P 31 3cacf0624
SCHED-TRACE 8849 2722 I 55 16f1b2
SCHED-TRACE 8850 2722 B 55 7a
SCHED-TRACE 8851 2722 P 55 3c6af2f1a
SCHED-TRACE 8852 2722 R 55 3c6af2f1a
SCHED-TRACE 8853 2723 U 4 16f2b4
SCHED-TRACE 8854 2723 V 4 16f336
SCHED-TRACE 8855 2723 O 0 0
SCHED-TRACE 8856 2723 P 55 3c84824dd
SCHED-TRACE 8857 2724 K 58 3c18ba9fb
SCHED-TRACE 8858 2724 P 55 3c9b96c8b
SCHED-TRACE 8859 2725 P 55 3cad0f1aa
SCHED-TRACE 8860 2725 I 58 16f83e
SCHED-TRACE 8861 2725 B 58 7a
SCHED-TRACE 8862 2725 P 58 3c6b21062
SCHED-TRACE 8863 2725 R 58 3c6b21062
SCHED-TRACE 8864 2726 U 4 16f940
SCHED-TRACE 8865 2726 V 4 16f9c1
SCHED-TRACE 8866 2726 O 0 0
SCHED-TRACE 8867 2726 P 58 3c84add2f
SCHED-TRACE 8868 2727 K 52 3c1909fbe
SCHED-TRACE 8869 2727 P 58 3c9bc24dd
SCHED-TRACE 8870 2728 P 58 3cad3a9fb
SCHED-TRACE 8871 2728 I 52 16feca
SCHED-TRACE 8872 2728 B 52 7b
SCHED-TRACE 8873 2728 P 52 3c6b75810
SCHED-TRACE 8874 2728 R 52 3c6b75810
SCHED-TRACE 8875 2729 U 4 16ffcd
SCHED-TRACE 8876 2729 V 4 17004e
SCHED-TRACE 8877 2729 O 0 0
SCHED-TRACE 8878 2729 P 52 3c85076c8
SCHED-TRACE 8879 2730 K 49 3c1951a9f
SCHED-TRACE 8880 2730 P 52 3c9c19580
SCHED-TRACE 8881 2731 P 52 3cad94395
SCHED-TRACE 8882 2731 I 49 170556
SCHED-TRACE 8883 2731 B 49 7a
SCHED-TRACE 8884 2731 P 49 3c6bb2f1a
SCHED-TRACE 8885 2731 R 49 3c6bb2f1a
SCHED-TRACE 8886 2732 U 4 170659
SCHED-TRACE 8887 2732 V 4 1706da
SCHED-TRACE 8888 2732 O 0 0
SCHED-TRACE 8889 2732 P 49 3c8549fbe
SCHED-TRACE 8890 2733 K 43 3c19dbe76
SCHED-TRACE 8891 2733 P 49 3c9c5be76
SCHED-TRACE 8892 2734 P 49 3cadd4395
SCHED-TRACE 8893 2734 I 43 170be2
SCHED-TRACE 8894 2734 B 43 7a
SCHED-TRACE 8895 2734 P 43 3c6c3d2f1
SCHED-TRACE 8896 2734 R 43 3c6c3d2f1
SCHED-TRACE 8897 2735 U 4 170ce5
SCHED-TRACE 8898 2735 V 4 170d66
SCHED-TRACE 8899 2735 O 0 0
SCHED-TRACE 8900 2735 P 43 3c85d6c8b
SCHED-TRACE 8901 2736 K 34 3c19fa9fb
SCHED-TRACE 8902 2736 P 43 3c9ceb439
SCHED-TRACE 8903 2737 P 43 3cae61062
SCHED-TRACE 8904 2737 I 34 17126f
SCHED-TRACE 8905 2737 B 34 7b
SCHED-TRACE 8906 2737 P 34 3c6c75810
SCHED-TRACE 8907 2737 R 34 3c6c75810
SCHED-TRACE 8908 2738 U 4 171370
SCHED-TRACE 8909 2738 V 4 1713f2
SCHED-TRACE 8910 2738 O 0 0
SCHED-TRACE 8911 2738 P 34 3c85eb439
SCHED-TRACE 8912 2739 K 37 3c1ab2f1a
SCHED-TRACE 8913 2739 P 34 3c9cffbe7
SCHED-TRACE 8914 2740 P 34 3cae7a9fb
SCHED-TRACE 8915 2740 I 37 1718fa
SCHED-TRACE 8916 2740 B 37 7a
SCHED-TRACE 8917 2740 P 37 3c6d14395
SCHED-TRACE 8918 2740 R 37 3c6d14395
SCHED-TRACE 8919 2741 U 4 1719fd
SCHED-TRACE 8920 2741 V 4 171a7e
SCHED-TRACE 8921 2741 O 0 0
SCHED-TRACE 8922 2741 P 37 3c86ba9fb
SCHED-TRACE 8923 2742 K 46 3c234f1aa
SCHED-TRACE 8924 2742 P 37 3c9dcf1a9
SCHED-TRACE 8925 2743 P 37 3caf4c8b4
SCHED-TRACE 8926 2743 I 46 171f87
SCHED-TRACE 8927 2743 B 46 7a
SCHED-TRACE 8928 2743 P 46 3c75b2f1a
SCHED-TRACE 8929 2743 R 46 3c75b2f1a
SCHED-TRACE 8930 2744 U 4 17208a
SCHED-TRACE 8931 2744 V 4 17210b
SCHED-TRACE 8932 2744 O 0 0
SCHED-TRACE 8933 2744 P 46 3c8f4f1aa
SCHED-TRACE 8934 2745 K 46 3c8f4f1aa
SCHED-TRACE 8935 2745 P 46 3ca66624e
SCHED-TRACE 8936 2746 I 46 172614
SCHED-TRACE 8937 2746 B 46 7b
SCHED-TRACE 8938 2746 P 46 3d0a51aa0
SCHED-TRACE 8939 2746 R 46 3d0a51aa0
SCHED-TRACE 8940 2747 U 4 172717
SCHED-TRACE 8941 2747 V 4 172798
SCHED-TRACE 8942 2747 O 0 0
SCHED-TRACE 8943 2747 P 46 3d23eb439
SCHED-TRACE 8944 2748 K 73 3caa2dd2f
SCHED-TRACE 8945 2748 P 46 3d3affbe7
SCHED-TRACE 8946 2749 P 46 3d4c7a9fc
SCHED-TRACE 8947 2749 I 73 172ca1
SCHED-TRACE 8948 2749 B 73 7a
SCHED-TRACE 8949 2749 P 73 3cfc9e76c
SCHED-TRACE 8950 2749 R 73 3cfc9e76c
SCHED-TRACE 8951 2750 U 4 172da3
SCHED-TRACE 8952 2750 V 4 172e24
SCHED-TRACE 8953 2750 O 0 0
SCHED-TRACE 8954 2750 P 73 3d1621062
SCHED-TRACE 8955 2751 K 70 3cab54395
SCHED-TRACE 8956 2751 P 73 3d2d35810
SCHED-TRACE 8957 2752 P 73 3d3eb0624
SCHED-TRACE 8958 2752 I 70 17332d
SCHED-TRACE 8959 2752 B 70 7a
SCHED-TRACE 8960 2752 P 70 3cfdc4dd2
SCHED-TRACE 8961 2752 R 70 3cfdc4dd2
SCHED-TRACE 8962 2753 U 4 17342f
SCHED-TRACE 8963 2753 V 4 1734b0
SCHED-TRACE 8964 2753 O 0 0
SCHED-TRACE 8965 2753 P 70 3d17476c8
SCHED-TRACE 8966 2754 K 76 3cab56c8b
SCHED-TRACE 8967 2754 P 70 3d2e5be76
SCHED-TRACE 8968 2755 P 70 3d3fd6c8a
SCHED-TRACE 8969 2755 I 76 1739b9
SCHED-TRACE 8970 2755 B 76 7a
SCHED-TRACE 8971 2755 P 76 3cfdc76c8
SCHED-TRACE 8972 2755 R 76 3cfdc76c8
SCHED-TRACE 8973 2756 U 4 173abb
SCHED-TRACE 8974 2756 V 4 173b3c
SCHED-TRACE 8975 2756 O 0 0
SCHED-TRACE 8976 2756 P 76 3d1744dd2
SCHED-TRACE 8977 2757 K 64 3cac6624d
SCHED-TRACE 8978 2757 P 76 3d2e59580
SCHED-TRACE 8979 2758 P 76 3d3fd6c8b
SCHED-TRACE 8980 2758 I 64 174045
SCHED-TRACE 8981 2758 B 64 7a
SCHED-TRACE 8982 2758 P 64 3cfed9580
SCHED-TRACE 8983 2758 R 64 3cfed9580
SCHED-TRACE 8984 2759 U 4 174147
SCHED-TRACE 8985 2759 V 4 1741c8
SCHED-TRACE 8986 2759 O 0 0
SCHED-TRACE 8987 2759 P 64 3d1863957
SCHED-TRACE 8988 2760 K 67 3cac70624
SCHED-TRACE 8989 2760 P 64 3d2f78105
SCHED-TRACE 8990 2761 P 64 3d40f0624
SCHED-TRACE 8991 2761 I 67 1746d1
SCHED-TRACE 8992 2761 B 67 7b
SCHED-TRACE 8993 2761 P 67 3cfede76c
SCHED-TRACE 8994 2761 R 67 3cfede76c
SCHED-TRACE 8995 2762 U 4 1747d3
SCHED-TRACE 8996 2762 V 4 174854
SCHED-TRACE 8997 2762 O 0 0
SCHED-TRACE 8998 2762 P 67 3d1863957
SCHED-TRACE 8999 2763 K 61 3cac75810
SCHED-TRACE 9000 2763 P 67 3d2f78105
SCHED-TRACE 9001 2764 P 67 3d40f0624
SCHED-TRACE 9002 2764 I 61 174d5d
SCHED-TRACE 9003 2764 B 61 7b
SCHED-TRACE 9004 2764 P 61 3cfee624e
SCHED-TRACE 9005 2764 R 61 3cfee624e
SCHED-TRACE 9006 2765 U 4 174e5f
SCHED-TRACE 9007 2765 V 4 174ee0
SCHED-TRACE 9008 2765 O 0 0
SCHED-TRACE 9009 2765 P 61 3d186dd2f
SCHED-TRACE 9010 2766 K 31 3cacf0624
SCHED-TRACE 9011 2766 P 61 3d2f824dd
SCHED-TRACE 9012 2767 P 61 3d40fa9fc
SCHED-TRACE 9013 2767 I 31 1753e9
SCHED-TRACE 9014 2767 B 31 7a
SCHED-TRACE 9015 2767 P 31 3cff5be76
SCHED-TRACE 9016 2767 R 31 3cff5be76
SCHED-TRACE 9017 2768 U 4 1754eb
SCHED-TRACE 9018 2768 V 4 17556c
SCHED-TRACE 9019 2768 O 0 0
SCHED-TRACE 9020 2768 P 31 3d18d6c8b
SCHED-TRACE 9021 2769 K 55 3cad0f1aa
SCHED-TRACE 9022 2769 P 31 3d2feb439
SCHED-TRACE 9023 2770 P 31 3d4163957
SCHED-TRACE 9024 2770 I 55 175a74
SCHED-TRACE 9025 2770 B 55 7b
SCHED-TRACE 9026 2770 P 55 3cff72f1a
SCHED-TRACE 9027 2770 R 55 3cff72f1a
SCHED-TRACE 9028 2771 U 4 175b76
SCHED-TRACE 9029 2771 V 4 175bf8
SCHED-TRACE 9030 2771 O 0 0
SCHED-TRACE 9031 2771 P 55 3d19024dd
SCHED-TRACE 9032 2772 K 58 3cad3a9fb
SCHED-TRACE 9033 2772 P 55 3d3014395
SCHED-TRACE 9034 2773 P 55 3d418c8b4
SCHED-TRACE 9035 2773 I 58 176100
SCHED-TRACE 9036 2773 B 58 7a
SCHED-TRACE 9037 2773 P 58 3cffa1062
SCHED-TRACE 9038 2773 R 58 3cffa1062
SCHED-TRACE 9039 2774 U 4 176202
SCHED-TRACE 9040 2774 V 4 176283
SCHED-TRACE 9041 2774 O 0 0
SCHED-TRACE 9042 2774 P 58 3d192dd2f
SCHED-TRACE 9043 2775 K 52 3cad94395
SCHED-TRACE 9044 2775 P 58 3d30424dd
SCHED-TRACE 9045 2776 P 58 3d41ba9fb
SCHED-TRACE 9046 2776 I 52 17678c
SCHED-TRACE 9047 2776 B 52 7a
SCHED-TRACE 9048 2776 P 52 3cfffd2f1
SCHED-TRACE 9049 2776 R 52 3cfffd2f1
SCHED-TRACE 9050 2777 U 4 17688e
SCHED-TRACE 9051 2777 V 4 176910
SCHED-TRACE 9052 2777 O 0 0
SCHED-TRACE 9053 2777 P 52 3d198f1a9
SCHED-TRACE 9054 2778 K 49 3cadd4395
SCHED-TRACE 9055 2778 P 52 3d30a3957
SCHED-TRACE 9056 2779 P 52 3d421be76
SCHED-TRACE 9057 2779 I 49 176e18
SCHED-TRACE 9058 2779 B 49 7b
SCHED-TRACE 9059 2779 P 49 3d003a9fc
SCHED-TRACE 9060 2779 R 49 3d003a9fc
SCHED-TRACE 9061 2780 U 4 176f1b
SCHED-TRACE 9062 2780 V 4 176f9c
SCHED-TRACE 9063 2780 O 0 0
SCHED-TRACE 9064 2780 P 49 3d19cf1aa
SCHED-TRACE 9065 2781 K 43 3cae61062
SCHED-TRACE 9066 2781 P 49 3d30e3958
SCHED-TRACE 9067 2782 P 49 3d425be76
SCHED-TRACE 9068 2782 I 43 1774a4
SCHED-TRACE 9069 2782 B 43 7b
SCHED-TRACE 9070 2782 P 43 3d00c24dc
SCHED-TRACE 9071 2782 R 43 3d00c24dc
SCHED-TRACE 9072 2783 U 4 1775a7
SCHED-TRACE 9073 2783 V 4 177628
SCHED-TRACE 9074 2783 O 0 0
SCHED-TRACE 9075 2783 P 43 3d1a59580
SCHED-TRACE 9076 2784 K 34 3cae7a9fb
SCHED-TRACE 9077 2784 P 43 3d316dd2e
SCHED-TRACE 9078 2785 P 43 3d42e624d
SCHED-TRACE 9079 2785 I 34 177b31
SCHED-TRACE 9080 2785 B 34 7a
SCHED-TRACE 9081 2785 P 34 3d00f0624
SCHED-TRACE 9082 2785 R 34 3d00f0624
SCHED-TRACE 9083 2786 U 4 177c32
SCHED-TRACE 9084 2786 V 4 177cb3
SCHED-TRACE 9085 2786 O 0 0
SCHED-TRACE 9086 2786 P 34 3d1a6624d
SCHED-TRACE 9087 2787 K 40 3caf49fbd
SCHED-TRACE 9088 2787 P 34 3d3178106
SCHED-TRACE 9089 2788 P 34 3d42f2f1a
SCHED-TRACE 9090 2788 I 40 1781bc
SCHED-TRACE 9091 2788 B 40 7a
SCHED-TRACE 9092 2788 P 40 3d01b0624
SCHED-TRACE 9093 2788 R 40 3d01b0624
SCHED-TRACE 9094 2789 U 4 1782bf
SCHED-TRACE 9095 2789 V 4 178340
SCHED-TRACE 9096 2789 O 0 0
SCHED-TRACE 9097 2789 P 40 3d1b56c8a
SCHED-TRACE 9098 2790 K 37 3caf4c8b4
SCHED-TRACE 9099 2790 P 40 3d326b438
SCHED-TRACE 9100 2791 P 40 3d43e8b43
SCHED-TRACE 9101 2791 I 37 178849
SCHED-TRACE 9102 2791 B 37 7a
SCHED-TRACE 9103 2791 P 37 3d01b0624
SCHED-TRACE 9104 2791 R 37 3d01b0624
SCHED-TRACE 9105 2792 U 4 17894c
SCHED-TRACE 9106 2792 V 4 1789cd
SCHED-TRACE 9107 2792 O 0 0
SCHED-TRACE 9108 2792 P 37 3d1b56c8b
SCHED-TRACE 9109 2793 K 37 3d1b56c8b
SCHED-TRACE 9110 2793 P 37 3d326b439
SCHED-TRACE 9111 2794 I 37 178ed6
SCHED-TRACE 9112 2794 B 37 7a
SCHED-TRACE 9113 2794 P 37 3d964c8b4
SCHED-TRACE 9114 2794 R 37 3d964c8b4
SCHED-TRACE 9115 2795 U 4 178fd9
SCHED-TRACE 9116 2795 V 4 17905a
SCHED-TRACE 9117 2795 O 0 0
SCHED-TRACE 9118 2795 P 37 3daff0624
SCHED-TRACE 9119 2796 K 73 3d3eb0624
SCHED-TRACE 9120 2796 P 37 3dc704dd2
SCHED-TRACE 9121 2797 P 37 3dd87fbe7
SCHED-TRACE 9122 2797 I 73 179563
SCHED-TRACE 9123 2797 B 73 7a
SCHED-TRACE 9124 2797 P 73 3d9119581
SCHED-TRACE 9125 2797 R 73 3d9119581
SCHED-TRACE 9126 2798 U 4 179665
SCHED-TRACE 9127 2798 V 4 1796e6
SCHED-TRACE 9128 2798 O 0 0
SCHED-TRACE 9129 2798 P 73 3daa9be76
SCHED-TRACE 9130 2799 K 70 3d3fd6c8a
SCHED-TRACE 9131 2799 P 73 3dc1b0624
SCHED-TRACE 9132 2800 P 73 3dd32b439
SCHED-TRACE 9133 2800 I 70 179bef
SCHED-TRACE 9134 2800 B 70 7a
SCHED-TRACE 9135 2800 P 70 3d92476c8
SCHED-TRACE 9136 2800 R 70 3d92476c8
SCHED-TRACE 9137 2801 U 4 179cf1
SCHED-TRACE 9138 2801 V 4 179d72
SCHED-TRACE 9139 2801 O 0 0
SCHED-TRACE 9140 2801 P 70 3dabc9fbe
SCHED-TRACE 9141 2802 K 76 3d3fd6c8b
SCHED-TRACE 9142 2802 P 70 3dc2de76c
SCHED-TRACE 9143 2803 P 70 3dd456c8a
SCHED-TRACE 9144 2803 I 76 17a27b
SCHED-TRACE 9145 2803 B 76 7a
SCHED-TRACE 9146 2803 P 76 3d9249fbe
SCHED-TRACE 9147 2803 R 76 3d9249fbe
SCHED-TRACE 9148 2804 U 4 17a37d
SCHED-TRACE 9149 2804 V 4 17a3fe
SCHED-TRACE 9150 2804 O 0 0
SCHED-TRACE 9151 2804 P 76 3dabc76c8
SCHED-TRACE 9152 2805 K 64 3d40f0624
SCHED-TRACE 9153 2805 P 76 3dc2dbe76
SCHED-TRACE 9154 2806 P 76 3dd459580
SCHED-TRACE 9155 2806 I 64 17a907
SCHED-TRACE 9156 2806 B 64 7a
SCHED-TRACE 9157 2806 P 64 3d9363957
SCHED-TRACE 9158 2806 R 64 3d9363957
SCHED-TRACE 9159 2807 U 4 17aa09
SCHED-TRACE 9160 2807 V 4 17aa8a
SCHED-TRACE 9161 2807 O 0 0
SCHED-TRACE 9162 2807 P 64 3dacedd2e
SCHED-TRACE 9163 2808 K 67 3d40f0624
SCHED-TRACE 9164 2808 P 64 3dc4024dc
SCHED-TRACE 9165 2809 P 64 3dd57a9fb
SCHED-TRACE 9166 2809 I 67 17af93
SCHED-TRACE 9167 2809 B 67 7a
SCHED-TRACE 9168 2809 P 67 3d935be76
SCHED-TRACE 9169 2809 R 67 3d935be76
SCHED-TRACE 9170 2810 U 4 17b095
SCHED-TRACE 9171 2810 V 4 17b116
SCHED-TRACE 9172 2810 O 0 0
SCHED-TRACE 9173 2810 P 67 3dace1061
SCHED-TRACE 9174 2811 K 61 3d40fa9fc
SCHED-TRACE 9175 2811 P 67 3dc3f580f
SCHED-TRACE 9176 2812 P 67 3dd56dd2e
SCHED-TRACE 9177 2812 I 61 17b61f
SCHED-TRACE 9178 2812 B 61 7a
SCHED-TRACE 9179 2812 P 61 3d9368b43
SCHED-TRACE 9180 2812 R 61 3d9368b43
SCHED-TRACE 9181 2813 U 4 17b721
SCHED-TRACE 9182 2813 V 4 17b7a2
SCHED-TRACE 9183 2813 O 0 0
SCHED-TRACE 9184 2813 P 61 3dacf2f1a
SCHED-TRACE 9185 2814 K 31 3d4163957
SCHED-TRACE 9186 2814 P 61 3dc4076c9
SCHED-TRACE 9187 2815 P 61 3dd57fbe7
SCHED-TRACE 9188 2815 I 31 17bcab
SCHED-TRACE 9189 2815 B 31 7a
SCHED-TRACE 9190 2815 P 31 3d93d1a9f
SCHED-TRACE 9191 2815 R 31 3d93d1a9f
SCHED-TRACE 9192 2816 U 4 17bdad
SCHED-TRACE 9193 2816 V 4 17be2e
SCHED-TRACE 9194 2816 O 0 0
SCHED-TRACE 9195 2816 P 31 3dad4c8b3
SCHED-TRACE 9196 2817 K 55 3d418c8b4
SCHED-TRACE 9197 2817 P 31 3dc461062
SCHED-TRACE 9198 2818 P 31 3dd5d9580
SCHED-TRACE 9199 2818 I 55 17c336
SCHED-TRACE 9200 2818 B 55 7a
SCHED-TRACE 9201 2818 P 55 3d93edd2f
SCHED-TRACE 9202 2818 R 55 3d93edd2f
SCHED-TRACE 9203 2819 U 4 17c438
SCHED-TRACE 9204 2819 V 4 17c4ba
SCHED-TRACE 9205 2819 O 0 0
SCHED-TRACE 9206 2819 P 55 3dad7d2f1
SCHED-TRACE 9207 2820 K 58 3d41ba9fb
SCHED-TRACE 9208 2820 P 55 3dc48f1aa
SCHED-TRACE 9209 2821 P 55 3dd609fbe
SCHED-TRACE 9210 2821 I 58 17c9c2
SCHED-TRACE 9211 2821 B 58 7a
SCHED-TRACE 9212 2821 P 58 3d941e76c
SCHED-TRACE 9213 2821 R 58 3d941e76c
SCHED-TRACE 9214 2822 U 4 17cac4
SCHED-TRACE 9215 2822 V 4 17cb45
SCHED-TRACE 9216 2822 O 0 0
SCHED-TRACE 9217 2822 P 58 3dadab439
SCHED-TRACE 9218 2823 K 52 3d421be76
SCHED-TRACE 9219 2823 P 58 3dc4bfbe7
SCHED-TRACE 9220 2824 P 58 3dd638106
SCHED-TRACE 9221 2824 I 52 17d04e
SCHED-TRACE 9222 2824 B 52 7a
SCHED-TRACE 9223 2824 P 52 3d9484dd2
SCHED-TRACE 9224 2824 R 52 3d9484dd2
SCHED-TRACE 9225 2825 U 4 17d150
SCHED-TRACE 9226 2825 V 4 17d1d2
SCHED-TRACE 9227 2825 O 0 0
SCHED-TRACE 9228 2825 P 52 3dae16c8a
SCHED-TRACE 9229 2826 K 49 3d425be76
SCHED-TRACE 9230 2826 P 52 3dc52b439
SCHED-TRACE 9231 2827 P 52 3dd6a3957
SCHED-TRACE 9232 2827 I 49 17d6da
SCHED-TRACE 9233 2827 B 49 7a
SCHED-TRACE 9234 2827 P 49 3d94bfbe7
SCHED-TRACE 9235 2827 R 49 3d94bfbe7
SCHED-TRACE 9236 2828 U 4 17d7dd
SCHED-TRACE 9237 2828 V 4 17d85e
SCHED-TRACE 9238 2828 O 0 0
SCHED-TRACE 9239 2828 P 49 3dae54395
SCHED-TRACE 9240 2829 K 43 3d42e624d
SCHED-TRACE 9241 2829 P 49 3dc568b43
SCHED-TRACE 9242 2830 P 49 3dd6e1062
SCHED-TRACE 9243 2830 I 43 17dd66
SCHED-TRACE 9244 2830 B 43 7b
SCHED-TRACE 9245 2830 P 43 3d95476c8
SCHED-TRACE 9246 2830 R 43 3d95476c8
SCHED-TRACE 9247 2831 U 4 17de69
SCHED-TRACE 9248 2831 V 4 17deea
SCHED-TRACE 9249 2831 O 0 0
SCHED-TRACE 9250 2831 P 43 3daee1062
SCHED-TRACE 9251 2832 K 34 3d42f2f1a
SCHED-TRACE 9252 2832 P 43 3dc5f5810
SCHED-TRACE 9253 2833 P 43 3dd76dd2e
SCHED-TRACE 9254 2833 I 34 17e3f3
SCHED-TRACE 9255 2833 B 34 7a
SCHED-TRACE 9256 2833 P 34 3d9568b43
SCHED-TRACE 9257 2833 R 34 3d9568b43
SCHED-TRACE 9258 2834 U 4 17e4f4
SCHED-TRACE 9259 2834 V 4 17e576
SCHED-TRACE 9260 2834 O 0 0
SCHED-TRACE 9261 2834 P 34 3daee1062
SCHED-TRACE 9262 2835 K 40 3d43e8b43
SCHED-TRACE 9263 2835 P 34 3dc5f2f1a
SCHED-TRACE 9264 2836 P 34 3dd76dd2f
SCHED-TRACE 9265 2836 I 40 17ea7e
SCHED-TRACE 9266 2836 B 40 7a
SCHED-TRACE 9267 2836 P 40 3d964c8b3
SCHED-TRACE 9268 2836 R 40 3d964c8b3
SCHED-TRACE 9269 2837 U 4 17eb81
SCHED-TRACE 9270 2837 V 4 17ec02
SCHED-TRACE 9271 2837 O 0 0
SCHED-TRACE 9272 2837 P 40 3daff0624
SCHED-TRACE 9273 2838 K 46 3d4c7a9fc
SCHED-TRACE 9274 2838 P 40 3dc704dd2
SCHED-TRACE 9275 2839 P 40 3dd8824dc
SCHED-TRACE 9276 2839 I 46 17f10b
SCHED-TRACE 9277 2839 B 46 7a
SCHED-TRACE 9278 2839 P 46 3d9ee1062
SCHED-TRACE 9279 2839 R 46 3d9ee1062
SCHED-TRACE 9280 2840 U 4 17f20e
SCHED-TRACE 9281 2840 V 4 17f28f
SCHED-TRACE 9282 2840 O 0 0
SCHED-TRACE 9283 2840 P 46 3db87fbe7
SCHED-TRACE 9284 2841 K 46 3db87fbe7
SCHED-TRACE 9285 2841 P 46 3dcf94395
SCHED-TRACE 9286 2842 I 46 17f798
SCHED-TRACE 9287 2842 B 46 7a
SCHED-TRACE 9288 2842 P 46 3e337d2f2
SCHED-TRACE 9289 2842 R 46 3e337d2f2
SCHED-TRACE 9290 2843 U 4 17f89b
SCHED-TRACE 9291 2843 V 4 17f91c
SCHED-TRACE 9292 2843 O 0 0
SCHED-TRACE 9293 2843 P 46 3e4d19581
SCHED-TRACE 9294 2844 K 73 3dd32b439
SCHED-TRACE 9295 2844 P 46 3e642dd2f
SCHED-TRACE 9296 2845 P 46 3e75a8b43
SCHED-TRACE 9297 2845 I 73 17fe25
SCHED-TRACE 9298 2845 B 73 7b
SCHED-TRACE 9299 2845 P 73 3e259e76c
SCHED-TRACE 9300 2845 R 73 3e259e76c
SCHED-TRACE 9301 2846 U 4 17ff27
SCHED-TRACE 9302 2846 V 4 17ffa8
SCHED-TRACE 9303 2846 O 0 0
SCHED-TRACE 9304 2846 P 73 3e3f1e76c
SCHED-TRACE 9305 2847 K 70 3dd456c8a
SCHED-TRACE 9306 2847 P 73 3e5632f1a
SCHED-TRACE 9307 2848 P 73 3e67add2f
SCHED-TRACE 9308 2848 I 70 1804b1
SCHED-TRACE 9309 2848 B 70 7a
SCHED-TRACE 9310 2848 P 70 3e26c76c8
SCHED-TRACE 9311 2848 R 70 3e26c76c8
SCHED-TRACE 9312 2849 U 4 1805b3
SCHED-TRACE 9313 2849 V 4 180634
SCHED-TRACE 9314 2849 O 0 0
SCHED-TRACE 9315 2849 P 70 3e4049fbe
SCHED-TRACE 9316 2850 K 76 3dd459580
SCHED-TRACE 9317 2850 P 70 3e575e76c
SCHED-TRACE 9318 2851 P 70 3e68d9580
SCHED-TRACE 9319 2851 I 76 180b3d
SCHED-TRACE 9320 2851 B 76 7a
SCHED-TRACE 9321 2851 P 76 3e26c9fbe
SCHED-TRACE 9322 2851 R 76 3e26c9fbe
SCHED-TRACE 9323 2852 U 4 180c3f
SCHED-TRACE 9324 2852 V 4 180cc0
SCHED-TRACE 9325 2852 O 0 0
SCHED-TRACE 9326 2852 P 76 3e40476c8
SCHED-TRACE 9327 2853 K 67 3dd56dd2e
SCHED-TRACE 9328 2853 P 76 3e575be76
SCHED-TRACE 9329 2854 P 76 3e68d6c8b
SCHED-TRACE 9330 2854 I 67 1811c9
SCHED-TRACE 9331 2854 B 67 7a
SCHED-TRACE 9332 2854 P 67 3e27e3957
SCHED-TRACE 9333 2854 R 67 3e27e3957
SCHED-TRACE 9334 2855 U 4 1812cb
SCHED-TRACE 9335 2855 V 4 18134c
SCHED-TRACE 9336 2855 O 0 0
SCHED-TRACE 9337 2855 P 67 3e4168b43
SCHED-TRACE 9338 2856 K 64 3dd57a9fb
SCHED-TRACE 9339 2856 P 67 3e587d2f1
SCHED-TRACE 9340 2857 P 67 3e69f8105
SCHED-TRACE 9341 2857 I 64 181855
SCHED-TRACE 9342 2857 B 64 7a
SCHED-TRACE 9343 2857 P 64 3e27e8b43
SCHED-TRACE 9344 2857 R 64 3e27e8b43
SCHED-TRACE 9345 2858 U 4 181957
SCHED-TRACE 9346 2858 V 4 1819d8
SCHED-TRACE 9347 2858 O 0 0
SCHED-TRACE 9348 2858 P 64 3e4170624
SCHED-TRACE 9349 2859 K 61 3dd57fbe7
SCHED-TRACE 9350 2859 P 64 3e5884dd2
SCHED-TRACE 9351 2860 P 64 3e69ffbe7
SCHED-TRACE 9352 2860 I 61 181ee1
SCHED-TRACE 9353 2860 B 61 7a
SCHED-TRACE 9354 2860 P 61 3e27eb439
SCHED-TRACE 9355 2860 R 61 3e27eb439
SCHED-TRACE 9356 2861 U 4 181fe3
SCHED-TRACE 9357 2861 V 4 182064
SCHED-TRACE 9358 2861 O 0 0
SCHED-TRACE 9359 2861 P 61 3e4175810
SCHED-TRACE 9360 2862 K 31 3dd5d9580
SCHED-TRACE 9361 2862 P 61 3e5889fbe
SCHED-TRACE 9362 2863 P 61 3e6a024dd
SCHED-TRACE 9363 2863 I 31 18256d
SCHED-TRACE 9364 2863 B 31 7b
SCHED-TRACE 9365 2863 P 31 3e28476c8
SCHED-TRACE 9366 2863 R 31 3e28476c8
SCHED-TRACE 9367 2864 U 4 18266f
SCHED-TRACE 9368 2864 V 4 1826f0
SCHED-TRACE 9369 2864 O 0 0
SCHED-TRACE 9370 2864 P 31 3e41bfbe7
SCHED-TRACE 9371 2865 K 55 3dd609fbe
SCHED-TRACE 9372 2865 P 31 3e58d4395
SCHED-TRACE 9373 2866 P 31 3e6a4f1a9
SCHED-TRACE 9374 2866 I 55 182bf8
SCHED-TRACE 9375 2866 B 55 7a
SCHED-TRACE 9376 2866 P 55 3e2868b43
SCHED-TRACE 9377 2866 R 55 3e2868b43
SCHED-TRACE 9378 2867 U 4 182cfa
SCHED-TRACE 9379 2867 V 4 182d7c
SCHED-TRACE 9380 2867 O 0 0
SCHED-TRACE 9381 2867 P 55 3e41f8106
SCHED-TRACE 9382 2868 K 58 3dd638106
SCHED-TRACE 9383 2868 P 55 3e590c8b4
SCHED-TRACE 9384 2869 P 55 3e6a84dd3
SCHED-TRACE 9385 2869 I 58 183284
SCHED-TRACE 9386 2869 B 58 7a
SCHED-TRACE 9387 2869 P 58 3e289e76c
SCHED-TRACE 9388 2869 R 58 3e289e76c
SCHED-TRACE 9389 2870 U 4 183386
SCHED-TRACE 9390 2870 V 4 183407
SCHED-TRACE 9391 2870 O 0 0
SCHED-TRACE 9392 2870 P 58 3e422b439
SCHED-TRACE 9393 2871 K 52 3dd6a3957
SCHED-TRACE 9394 2871 P 58 3e593d2f1
SCHED-TRACE 9395 2872 P 58 3e6ab8106
SCHED-TRACE 9396 2872 I 52 183910
SCHED-TRACE 9397 2872 B 52 7a
SCHED-TRACE 9398 2872 P 52 3e290c8b3
SCHED-TRACE 9399 2872 R 52 3e290c8b3
SCHED-TRACE 9400 2873 U 4 183a12
SCHED-TRACE 9401 2873 V 4 183a94
SCHED-TRACE 9402 2873 O 0 0
SCHED-TRACE 9403 2873 P 52 3e42a1062
SCHED-TRACE 9404 2874 K 49 3dd6e1062
SCHED-TRACE 9405 2874 P 52 3e59b5810
SCHED-TRACE 9406 2875 P 52 3e6b2dd2e
SCHED-TRACE 9407 2875 I 49 183f9c
SCHED-TRACE 9408 2875 B 49 7a
SCHED-TRACE 9409 2875 P 49 3e2944dd3
SCHED-TRACE 9410 2875 R 49 3e2944dd3
SCHED-TRACE 9411 2876 U 4 18409f
SCHED-TRACE 9412 2876 V 4 184120
SCHED-TRACE 9413 2876 O 0 0
SCHED-TRACE 9414 2876 P 49 3e42d9581
SCHED-TRACE 9415 2877 K 43 3dd76dd2e
SCHED-TRACE 9416 2877 P 49 3e59edd2f
SCHED-TRACE 9417 2878 P 49 3e6b6624d
SCHED-TRACE 9418 2878 I 43 184628
SCHED-TRACE 9419 2878 B 43 7a
SCHED-TRACE 9420 2878 P 43 3e29cf1a9
SCHED-TRACE 9421 2878 R 43 3e29cf1a9
SCHED-TRACE 9422 2879 U 4 18472b
SCHED-TRACE 9423 2879 V 4 1847ac
SCHED-TRACE 9424 2879 O 0 0
SCHED-TRACE 9425 2879 P 43 3e4368b43
SCHED-TRACE 9426 2880 K 34 3dd76dd2f
SCHED-TRACE 9427 2880 P 43 3e5a7a9fb
SCHED-TRACE 9428 2881 P 43 3e6bf2f1a
SCHED-TRACE 9429 2881 I 34 184cb5
SCHED-TRACE 9430 2881 B 34 7a
SCHED-TRACE 9431 2881 P 34 3e29e624d
SCHED-TRACE 9432 2881 R 34 3e29e624d
SCHED-TRACE 9433 2882 U 4 184db6
SCHED-TRACE 9434 2882 V 4 184e38
SCHED-TRACE 9435 2882 O 0 0
SCHED-TRACE 9436 2882 P 34 3e435e76c
SCHED-TRACE 9437 2883 K 37 3dd87fbe7
SCHED-TRACE 9438 2883 P 34 3e5a72f1a
SCHED-TRACE 9439 2884 P 34 3e6beb439
SCHED-TRACE 9440 2884 I 37 185340
SCHED-TRACE 9441 2884 B 37 7a
SCHED-TRACE 9442 2884 P 37 3e2ae3958
SCHED-TRACE 9443 2884 R 37 3e2ae3958
SCHED-TRACE 9444 2885 U 4 185443
SCHED-TRACE 9445 2885 V 4 1854c4
SCHED-TRACE 9446 2885 O 0 0
SCHED-TRACE 9447 2885 P 37 3e44876c8
SCHED-TRACE 9448 2886 K 40 3dd8824dc
SCHED-TRACE 9449 2886 P 37 3e5b9be76
SCHED-TRACE 9450 2887 P 37 3e6d16c8b
SCHED-TRACE 9451 2887 I 40 1859cd
SCHED-TRACE 9452 2887 B 40 7a
SCHED-TRACE 9453 2887 P 40 3e2ae8b43
SCHED-TRACE 9454 2887 R 40 3e2ae8b43
SCHED-TRACE 9455 2888 U 4 185ad0
SCHED-TRACE 9456 2888 V 4 185b51
SCHED-TRACE 9457 2888 O 0 0
SCHED-TRACE 9458 2888 P 40 3e4489fbd
SCHED-TRACE 9459 2889 K 40 3e4489fbd
SCHED-TRACE 9460 2889 P 40 3e5ba1061
SCHED-TRACE 9461 2890 I 40 18605a
SCHED-TRACE 9462 2890 B 40 7b
SCHED-TRACE 9463 2890 P 40 3ebf876c8
SCHED-TRACE 9464 2890 R 40 3ebf876c8
SCHED-TRACE 9465 2891 U 4 18615d
SCHED-TRACE 9466 2891 V 4 1861de
SCHED-TRACE 9467 2891 O 0 0
SCHED-TRACE 9468 2891 P 40 3ed92624d
SCHED-TRACE 9469 2892 K 73 3e67add2f
SCHED-TRACE 9470 2892 P 40 3ef03a9fb
SCHED-TRACE 9471 2893 P 40 3f01b580f
SCHED-TRACE 9472 2893 I 73 1866e7
SCHED-TRACE 9473 2893 B 73 7b
SCHED-TRACE 9474 2893 P 73 3eba19581
SCHED-TRACE 9475 2893 R 73 3eba19581
SCHED-TRACE 9476 2894 U 4 1867e9
SCHED-TRACE 9477 2894 V 4 18686a
SCHED-TRACE 9478 2894 O 0 0
SCHED-TRACE 9479 2894 P 73 3ed396c8b
SCHED-TRACE 9480 2895 K 76 3e68d6c8b
SCHED-TRACE 9481 2895 P 73 3eeaab439
SCHED-TRACE 9482 2896 P 73 3efc2624d
SCHED-TRACE 9483 2896 I 76 186d73
SCHED-TRACE 9484 2896 B 76 7a
SCHED-TRACE 9485 2896 P 76 3ebb49fbe
SCHED-TRACE 9486 2896 R 76 3ebb49fbe
SCHED-TRACE 9487 2897 U 4 186e75
SCHED-TRACE 9488 2897 V 4 186ef6
SCHED-TRACE 9489 2897 O 0 0
SCHED-TRACE 9490 2897 P 76 3ed4c76c8
SCHED-TRACE 9491 2898 K 70 3e68d9580
SCHED-TRACE 9492 2898 P 76 3eebdbe76
SCHED-TRACE 9493 2899 P 76 3efd56c8b
SCHED-TRACE 9494 2899 I 70 1873ff
SCHED-TRACE 9495 2899 B 70 7a
SCHED-TRACE 9496 2899 P 70 3ebb4f1a9
SCHED-TRACE 9497 2899 R 70 3ebb4f1a9
SCHED-TRACE 9498 2900 U 4 187501
SCHED-TRACE 9499 2900 V 4 187582
SCHED-TRACE 9500 2900 O 0 0
SCHED-TRACE 9501 2900 P 70 3ed4d1a9f
SCHED-TRACE 9502 2901 K 67 3e69f8105
SCHED-TRACE 9503 2901 P 70 3eebe624d
SCHED-TRACE 9504 2902 P 70 3efd61061
SCHED-TRACE 9505 2902 I 67 187a8b
SCHED-TRACE 9506 2902 B 67 7a
SCHED-TRACE 9507 2902 P 67 3ebc68b43
SCHED-TRACE 9508 2902 R 67 3ebc68b43
SCHED-TRACE 9509 2903 U 4 187b8d
SCHED-TRACE 9510 2903 V 4 187c0e
SCHED-TRACE 9511 2903 O 0 0
SCHED-TRACE 9512 2903 P 67 3ed5edd2e
SCHED-TRACE 9513 2904 K 64 3e69ffbe7
SCHED-TRACE 9514 2904 P 67 3eed024dc
SCHED-TRACE 9515 2905 P 67 3efe7d2f1
SCHED-TRACE 9516 2905 I 64 188117
SCHED-TRACE 9517 2905 B 64 7a
SCHED-TRACE 9518 2905 P 64 3ebc6dd2e
SCHED-TRACE 9519 2905 R 64 3ebc6dd2e
SCHED-TRACE 9520 2906 U 4 188219
SCHED-TRACE 9521 2906 V 4 18829a
SCHED-TRACE 9522 2906 O 0 0
SCHED-TRACE 9523 2906 P 64 3ed5f5810
SCHED-TRACE 9524 2907 K 61 3e6a024dd
SCHED-TRACE 9525 2907 P 64 3eed09fbe
SCHED-TRACE 9526 2908 P 64 3efe84dd2
SCHED-TRACE 9527 2908 I 61 1887a3
SCHED-TRACE 9528 2908 B 61 7a
SCHED-TRACE 9529 2908 P 61 3ebc6dd2f
SCHED-TRACE 9530 2908 R 61 3ebc6dd2f
SCHED-TRACE 9531 2909 U 4 1888a5
SCHED-TRACE 9532 2909 V 4 188926
SCHED-TRACE 9533 2909 O 0 0
SCHED-TRACE 9534 2909 P 61 3ed5f8106
SCHED-TRACE 9535 2910 K 31 3e6a4f1a9
SCHED-TRACE 9536 2910 P 61 3eed0c8b4
SCHED-TRACE 9537 2911 P 61 3efe84dd3
SCHED-TRACE 9538 2911 I 31 188e2f
SCHED-TRACE 9539 2911 B 31 7b
SCHED-TRACE 9540 2911 P 31 3ebcbd2f1
SCHED-TRACE 9541 2911 R 31 3ebcbd2f1
SCHED-TRACE 9542 2912 U 4 188f31
SCHED-TRACE 9543 2912 V 4 188fb2
SCHED-TRACE 9544 2912 O 0 0
SCHED-TRACE 9545 2912 P 31 3ed635810
SCHED-TRACE 9546 2913 K 55 3e6a84dd3
SCHED-TRACE 9547 2913 P 31 3eed49fbe
SCHED-TRACE 9548 2914 P 31 3efec4dd2
SCHED-TRACE 9549 2914 I 55 1894ba
SCHED-TRACE 9550 2914 B 55 7a
SCHED-TRACE 9551 2914 P 55 3ebce3958
SCHED-TRACE 9552 2914 R 55 3ebce3958
SCHED-TRACE 9553 2915 U 4 1895bc
SCHED-TRACE 9554 2915 V 4 18963e
SCHED-TRACE 9555 2915 O 0 0
SCHED-TRACE 9556 2915 P 55 3ed672f1a
SCHED-TRACE 9557 2916 K 58 3e6ab8106
SCHED-TRACE 9558 2916 P 55 3eed876c8
SCHED-TRACE 9559 2917 P 55 3efeffbe7
SCHED-TRACE 9560 2917 I 58 189b46
SCHED-TRACE 9561 2917 B 58 7a
SCHED-TRACE 9562 2917 P 58 3ebd1e76c
SCHED-TRACE 9563 2917 R 58 3ebd1e76c
SCHED-TRACE 9564 2918 U 4 189c48
SCHED-TRACE 9565 2918 V 4 189cc9
SCHED-TRACE 9566 2918 O 0 0
SCHED-TRACE 9567 2918 P 58 3ed6ab439
SCHED-TRACE 9568 2919 K 52 3e6b2dd2e
SCHED-TRACE 9569 2919 P 58 3eedbd2f1
SCHED-TRACE 9570 2920 P 58 3eff38106
SCHED-TRACE 9571 2920 I 52 18a1d2
SCHED-TRACE 9572 2920 B 52 7a
SCHED-TRACE 9573 2920 P 52 3ebd96c8a
SCHED-TRACE 9574 2920 R 52 3ebd96c8a
SCHED-TRACE 9575 2921 U 4 18a2d4
SCHED-TRACE 9576 2921 V 4 18a356
SCHED-TRACE 9577 2921 O 0 0
SCHED-TRACE 9578 2921 P 52 3ed72b439
SCHED-TRACE 9579 2922 K 49 3e6b6624d
SCHED-TRACE 9580 2922 P 52 3eee3fbe7
SCHED-TRACE 9581 2923 P 52 3effb8105
SCHED-TRACE 9582 2923 I 49 18a85e
SCHED-TRACE 9583 2923 B 49 7a
SCHED-TRACE 9584 2923 P 49 3ebdc9fbe
SCHED-TRACE 9585 2923 R 49 3ebdc9fbe
SCHED-TRACE 9586 2924 U 4 18a961
SCHED-TRACE 9587 2924 V 4 18a9e2
SCHED-TRACE 9588 2924 O 0 0
SCHED-TRACE 9589 2924 P 49 3ed75e76c
SCHED-TRACE 9590 2925 K 34 3e6beb439
SCHED-TRACE 9591 2925 P 49 3eee72f1a
SCHED-TRACE 9592 2926 P 49 3effeb439
SCHED-TRACE 9593 2926 I 34 18aeea
SCHED-TRACE 9594 2926 B 34 7a
SCHED-TRACE 9595 2926 P 34 3ebe4f1aa
SCHED-TRACE 9596 2926 R 34 3ebe4f1aa
SCHED-TRACE 9597 2927 U 4 18afeb
SCHED-TRACE 9598 2927 V 4 18b06d
SCHED-TRACE 9599 2927 O 0 0
SCHED-TRACE 9600 2927 P 34 3ed7c76c8
SCHED-TRACE 9601 2928 K 43 3e6bf2f1a
SCHED-TRACE 9602 2928 P 34 3eeedbe76
SCHED-TRACE 9603 2929 P 34 3f0054395
SCHED-TRACE 9604 2929 I 43 18b575
SCHED-TRACE 9605 2929 B 43 7b
SCHED-TRACE 9606 2929 P 43 3ebe59580
SCHED-TRACE 9607 2929 R 43 3ebe59580
SCHED-TRACE 9608 2930 U 4 18b678
SCHED-TRACE 9609 2930 V 4 18b6f9
SCHED-TRACE 9610 2930 O 0 0
SCHED-TRACE 9611 2930 P 43 3ed7fa9fb
SCHED-TRACE 9612 2931 K 37 3e6d16c8b
SCHED-TRACE 9613 2931 P 43 3eef0f1a9
SCHED-TRACE 9614 2932 P 43 3f008c8b4
SCHED-TRACE 9615 2932 I 37 18bc02
SCHED-TRACE 9616 2932 B 37 7a
SCHED-TRACE 9617 2932 P 37 3ebf7d2f1
SCHED-TRACE 9618 2932 R 37 3ebf7d2f1
SCHED-TRACE 9619 2933 U 4 18bd05
SCHED-TRACE 9620 2933 V 4 18bd86
SCHED-TRACE 9621 2933 O 0 0
SCHED-TRACE 9622 2933 P 37 3ed923958
SCHED-TRACE 9623 2934 K 46 3e75a8b43
SCHED-TRACE 9624 2934 P 37 3ef038106
SCHED-TRACE 9625 2935 P 37 3f01b5810
SCHED-TRACE 9626 2935 I 46 18c28f
SCHED-TRACE 9627 2935 B 46 7a
SCHED-TRACE 9628 2935 P 46 3ec80c8b4
SCHED-TRACE 9629 2935 R 46 3ec80c8b4
SCHED-TRACE 9630 2936 U 4 18c392
SCHED-TRACE 9631 2936 V 4 18c413
SCHED-TRACE 9632 2936 O 0 0
SCHED-TRACE 9633 2936 P 46 3ee1ab439
SCHED-TRACE 9634 2937 K 46 3ee1ab439
SCHED-TRACE 9635 2937 P 46 3ef8bfbe7
SCHED-TRACE 9636 2938 I 46 18c91c
SCHED-TRACE 9637 2938 B 46 7a
SCHED-TRACE 9638 2938 P 46 3f5ca8b43
SCHED-TRACE 9639 2938 R 46 3f5ca8b43
SCHED-TRACE 9640 2939 U 4 18ca1f
SCHED-TRACE 9641 2939 V 4 18caa0
SCHED-TRACE 9642 2939 O 0 0
SCHED-TRACE 9643 2939 P 46 3f7644dd3
SCHED-TRACE 9644 2940 K 73 3efc2624d
SCHED-TRACE 9645 2940 P 46 3f8d59581
SCHED-TRACE 9646 2941 P 46 3f9ed4395
SCHED-TRACE 9647 2941 I 73 18cfa9
SCHED-TRACE 9648 2941 B 73 7b
SCHED-TRACE 9649 2941 P 73 3f4e99581
SCHED-TRACE 9650 2941 R 73 3f4e99581
SCHED-TRACE 9651 2942 U 4 18d0ab
SCHED-TRACE 9652 2942 V 4 18d12c
SCHED-TRACE 9653 2942 O 0 0
SCHED-TRACE 9654 2942 P 73 3f6819581
SCHED-TRACE 9655 2943 K 76 3efd56c8b
SCHED-TRACE 9656 2943 P 73 3f7f2dd2f
SCHED-TRACE 9657 2944 P 73 3f90a624d
SCHED-TRACE 9658 2944 I 76 18d635
SCHED-TRACE 9659 2944 B 76 7b
SCHED-TRACE 9660 2944 P 76 3f4fcc8b4
SCHED-TRACE 9661 2944 R 76 3f4fcc8b4
SCHED-TRACE 9662 2945 U 4 18d737
SCHED-TRACE 9663 2945 V 4 18d7b8
SCHED-TRACE 9664 2945 O 0 0
SCHED-TRACE 9665 2945 P 76 3f69476c8
SCHED-TRACE 9666 2946 K 70 3efd61061
SCHED-TRACE 9667 2946 P 76 3f805be76
SCHED-TRACE 9668 2947 P 76 3f91d6c8b
SCHED-TRACE 9669 2947 I 70 18dcc1
SCHED-TRACE 9670 2947 B 70 7a
SCHED-TRACE 9671 2947 P 70 3f4fd6c8a
SCHED-TRACE 9672 2947 R 70 3f4fd6c8a
SCHED-TRACE 9673 2948 U 4 18ddc3
SCHED-TRACE 9674 2948 V 4 18de44
SCHED-TRACE 9675 2948 O 0 0
SCHED-TRACE 9676 2948 P 70 3f6959580
SCHED-TRACE 9677 2949 K 67 3efe7d2f1
SCHED-TRACE 9678 2949 P 70 3f806dd2e
SCHED-TRACE 9679 2950 P 70 3f91e8b43
SCHED-TRACE 9680 2950 I 67 18e34d
SCHED-TRACE 9681 2950 B 67 7a
SCHED-TRACE 9682 2950 P 67 3f50edd2e
SCHED-TRACE 9683 2950 R 67 3f50edd2e
SCHED-TRACE 9684 2951 U 4 18e44f
SCHED-TRACE 9685 2951 V 4 18e4d0
SCHED-TRACE 9686 2951 O 0 0
SCHED-TRACE 9687 2951 P 67 3f6a72f1a
SCHED-TRACE 9688 2952 K 64 3efe84dd2
SCHED-TRACE 9689 2952 P 67 3f81876c8
SCHED-TRACE 9690 2953 P 67 3f93024dc
SCHED-TRACE 9691 2953 I 64 18e9d9
SCHED-TRACE 9692 2953 B 64 7a
SCHED-TRACE 9693 2953 P 64 3f50f2f1a
SCHED-TRACE 9694 2953 R 64 3f50f2f1a
SCHED-TRACE 9695 2954 U 4 18eadb
SCHED-TRACE 9696 2954 V 4 18eb5c
SCHED-TRACE 9697 2954 O 0 0
SCHED-TRACE 9698 2954 P 64 3f6a7a9fb
SCHED-TRACE 9699 2955 K 61 3efe84dd3
SCHED-TRACE 9700 2955 P 64 3f818f1a9
SCHED-TRACE 9701 2956 P 64 3f9309fbe
SCHED-TRACE 9702 2956 I 61 18f065
SCHED-TRACE 9703 2956 B 61 7a
SCHED-TRACE 9704 2956 P 61 3f50f0625
SCHED-TRACE 9705 2956 R 61 3f50f0625
SCHED-TRACE 9706 2957 U 4 18f167
SCHED-TRACE 9707 2957 V 4 18f1e8
SCHED-TRACE 9708 2957 O 0 0
SCHED-TRACE 9709 2957 P 61 3f6a7a9fc
SCHED-TRACE 9710 2958 K 31 3efec4dd2
SCHED-TRACE 9711 2958 P 61 3f818f1aa
SCHED-TRACE 9712 2959 P 61 3f93076c9
SCHED-TRACE 9713 2959 I 31 18f6f1
SCHED-TRACE 9714 2959 B 31 7a
SCHED-TRACE 9715 2959 P 31 3f5130624
SCHED-TRACE 9716 2959 R 31 3f5130624
SCHED-TRACE 9717 2960 U 4 18f7f3
SCHED-TRACE 9718 2960 V 4 18f874
SCHED-TRACE 9719 2960 O 0 0
SCHED-TRACE 9720 2960 P 31 3f6aa8b43
SCHED-TRACE 9721 2961 K 55 3efeffbe7
SCHED-TRACE 9722 2961 P 31 3f81bd2f1
SCHED-TRACE 9723 2962 P 31 3f9338105
SCHED-TRACE 9724 2962 I 55 18fd7c
SCHED-TRACE 9725 2962 B 55 7a
SCHED-TRACE 9726 2962 P 55 3f515e76c
SCHED-TRACE 9727 2962 R 55 3f515e76c
SCHED-TRACE 9728 2963 U 4 18fe7e
SCHED-TRACE 9729 2963 V 4 18ff00
SCHED-TRACE 9730 2963 O 0 0
SCHED-TRACE 9731 2963 P 55 3f6aedd2f
SCHED-TRACE 9732 2964 K 58 3eff38106
SCHED-TRACE 9733 2964 P 55 3f82024dd
SCHED-TRACE 9734 2965 P 55 3f937a9fc
SCHED-TRACE 9735 2965 I 58 190408
SCHED-TRACE 9736 2965 B 58 7a
SCHED-TRACE 9737 2965 P 58 3f519e76c
SCHED-TRACE 9738 2965 R 58 3f519e76c
SCHED-TRACE 9739 2966 U 4 19050a
SCHED-TRACE 9740 2966 V 4 19058b
SCHED-TRACE 9741 2966 O 0 0
SCHED-TRACE 9742 2966 P 58 3f6b2b439
SCHED-TRACE 9743 2967 K 52 3effb8105
SCHED-TRACE 9744 2967 P 58 3f823fbe7
SCHED-TRACE 9745 2968 P 58 3f93b8106
SCHED-TRACE 9746 2968 I 52 190a94
SCHED-TRACE 9747 2968 B 52 7b
SCHED-TRACE 9748 2968 P 52 3f5223957
SCHED-TRACE 9749 2968 R 52 3f5223957
SCHED-TRACE 9750 2969 U 4 190b97
SCHED-TRACE 9751 2969 V 4 190c18
SCHED-TRACE 9752 2969 O 0 0
SCHED-TRACE 9753 2969 P 52 3f6bb5810
SCHED-TRACE 9754 2970 K 49 3effeb439
SCHED-TRACE 9755 2970 P 52 3f82c76c8
SCHED-TRACE 9756 2971 P 52 3f94424dc
SCHED-TRACE 9757 2971 I 49 191120
SCHED-TRACE 9758 2971 B 49 7a
SCHED-TRACE 9759 2971 P 49 3f524c8b4
SCHED-TRACE 9760 2971 R 49 3f524c8b4
SCHED-TRACE 9761 2972 U 4 191223
SCHED-TRACE 9762 2972 V 4 1912a4
SCHED-TRACE 9763 2972 O 0 0
SCHED-TRACE 9764 2972 P 49 3f6be1062
SCHED-TRACE 9765 2973 K 34 3f0054395
SCHED-TRACE 9766 2973 P 49 3f82f2f1a
SCHED-TRACE 9767 2974 P 49 3f946b439
SCHED-TRACE 9768 2974 I 34 1917ac
SCHED-TRACE 9769 2974 B 34 7a
SCHED-TRACE 9770 2974 P 34 3f52b8106
SCHED-TRACE 9771 2974 R 34 3f52b8106
SCHED-TRACE 9772 2975 U 4 1918ad
SCHED-TRACE 9773 2975 V 4 19192f
SCHED-TRACE 9774 2975 O 0 0
SCHED-TRACE 9775 2975 P 34 3f6c2dd2f
SCHED-TRACE 9776 2976 K 43 3f008c8b4
SCHED-TRACE 9777 2976 P 34 3f83424dd
SCHED-TRACE 9778 2977 P 34 3f94ba9fb
SCHED-TRACE 9779 2977 I 43 191e37
SCHED-TRACE 9780 2977 B 43 7a
SCHED-TRACE 9781 2977 P 43 3f52f2f1a
SCHED-TRACE 9782 2977 R 43 3f52f2f1a
SCHED-TRACE 9783 2978 U 4 191f3a
SCHED-TRACE 9784 2978 V 4 191fbb
SCHED-TRACE 9785 2978 O 0 0
SCHED-TRACE 9786 2978 P 43 3f6c94395
SCHED-TRACE 9787 2979 K 40 3f01b580f
SCHED-TRACE 9788 2979 P 43 3f83ab439
SCHED-TRACE 9789 2980 P 43 3f9528b43
SCHED-TRACE 9790 2980 I 40 1924c4
SCHED-TRACE 9791 2980 B 40 7b
SCHED-TRACE 9792 2980 P 40 3f541e76b
SCHED-TRACE 9793 2980 R 40 3f541e76b
SCHED-TRACE 9794 2981 U 4 1925c7
SCHED-TRACE 9795 2981 V 4 192648
SCHED-TRACE 9796 2981 O 0 0
SCHED-TRACE 9797 2981 P 40 3f6dc24dc
SCHED-TRACE 9798 2982 K 37 3f01b5810
SCHED-TRACE 9799 2982 P 40 3f84d6c8a
SCHED-TRACE 9800 2983 P 40 3f9654394
SCHED-TRACE 9801 2983 I 37 192b51
SCHED-TRACE 9802 2983 B 37 7a
SCHED-TRACE 9803 2983 P 37 3f5419581
SCHED-TRACE 9804 2983 R 37 3f5419581
SCHED-TRACE 9805 2984 U 4 192c54
SCHED-TRACE 9806 2984 V 4 192cd5
SCHED-TRACE 9807 2984 O 0 0
SCHED-TRACE 9808 2984 P 37 3f6dbfbe7
SCHED-TRACE 9809 2985 K 37 3f6dbfbe7
SCHED-TRACE 9810 2985 P 37 3f84d4395
SCHED-TRACE 9811 2986 I 37 1931de
SCHED-TRACE 9812 2986 B 37 7a
SCHED-TRACE 9813 2986 P 37 3fe8b5810
SCHED-TRACE 9814 2986 R 37 3fe8b5810
SCHED-TRACE 9815 2987 U 4 1932e1
SCHED-TRACE 9816 2987 V 4 193362
SCHED-TRACE 9817 2987 O 0 0
SCHED-TRACE 9818 2987 P 37 400259581
SCHED-TRACE 9819 2988 K 73 3f90a624d
SCHED-TRACE 9820 2988 P 37 40196dd2f
SCHED-TRACE 9821 2989 P 37 402ae8b43
SCHED-TRACE 9822 2989 I 73 19386b
SCHED-TRACE 9823 2989 B 73 7a
SCHED-TRACE 9824 2989 P 73 3fe30f1aa
SCHED-TRACE 9825 2989 R 73 3fe30f1aa
SCHED-TRACE 9826 2990 U 4 19396d
SCHED-TRACE 9827 2990 V 4 1939ee
SCHED-TRACE 9828 2990 O 0 0
SCHED-TRACE 9829 2990 P 73 3ffc8f1aa
SCHED-TRACE 9830 2991 K 76 3f91d6c8b
SCHED-TRACE 9831 2991 P 73 4013a3958
SCHED-TRACE 9832 2992 P 73 40251e76c
SCHED-TRACE 9833 2992 I 76 193ef7
SCHED-TRACE 9834 2992 B 76 7a
SCHED-TRACE 9835 2992 P 76 3fe449fbe
SCHED-TRACE 9836 2992 R 76 3fe449fbe
SCHED-TRACE 9837 2993 U 4 193ff9
SCHED-TRACE 9838 2993 V 4 19407a
SCHED-TRACE 9839 2993 O 0 0
SCHED-TRACE 9840 2993 P 76 3ffdc76c8
SCHED-TRACE 9841 2994 K 70 3f91e8b43
SCHED-TRACE 9842 2994 P 76 4014dbe76
SCHED-TRACE 9843 2995 P 76 402656c8b
SCHED-TRACE 9844 2995 I 70 194582
SCHED-TRACE 9845 2995 B 70 7a
SCHED-TRACE 9846 2995 P 70 3fe444dd2
SCHED-TRACE 9847 2995 R 70 3fe444dd2
SCHED-TRACE 9848 2996 U 4 194684
SCHED-TRACE 9849 2996 V 4 194705
SCHED-TRACE 9850 2996 O 0 0
SCHED-TRACE 9851 2996 P 70 3ffdc76c8
SCHED-TRACE 9852 2997 K 67 3f93024dc
SCHED-TRACE 9853 2997 P 70 4014dbe76
SCHED-TRACE 9854 2998 P 70 402654395
SCHED-TRACE 9855 2998 I 67 194c0e
SCHED-TRACE 9856 2998 B 67 7a
SCHED-TRACE 9857 2998 P 67 3fe57580f
SCHED-TRACE 9858 2998 R 67 3fe57580f
SCHED-TRACE 9859 2999 U 4 194d10
SCHED-TRACE 9860 2999 V 4 194d91
SCHED-TRACE 9861 2999 O 0 0
SCHED-TRACE 9862 2999 P 67 3ffefd2f1
SCHED-TRACE 9863 3000 K 61 3f93076c9
SCHED-TRACE 9864 3000 P 67 401611a9f
SCHED-TRACE 9865 3001 P 67 40278c8b3
SCHED-TRACE 9866 3001 I 61 19529a
SCHED-TRACE 9867 3001 B 61 7a
SCHED-TRACE 9868 3001 P 61 3fe572f1a
SCHED-TRACE 9869 3001 R 61 3fe572f1a
SCHED-TRACE 9870 3002 U 4 19539c
SCHED-TRACE 9871 3002 V 4 19541d
SCHED-TRACE 9872 3002 O 0 0
SCHED-TRACE 9873 3002 P 61 3ffefd2f2
SCHED-TRACE 9874 3003 K 64 3f9309fbe
SCHED-TRACE 9875 3003 P 61 401611aa0
SCHED-TRACE 9876 3004 P 61 40278c8b4
SCHED-TRACE 9877 3004 I 64 195926
SCHED-TRACE 9878 3004 B 64 7a
SCHED-TRACE 9879 3004 P 64 3fe570624
SCHED-TRACE 9880 3004 R 64 3fe570624
SCHED-TRACE 9881 3005 U 4 195a28
SCHED-TRACE 9882 3005 V 4 195aa9
SCHED-TRACE 9883 3005 O 0 0
SCHED-TRACE 9884 3005 P 64 3ffef8105
SCHED-TRACE 9885 3006 K 31 3f9338105
SCHED-TRACE 9886 3006 P 64 401609fbe
SCHED-TRACE 9887 3007 P 64 4027824dc
SCHED-TRACE 9888 3007 I 31 195fb2
SCHED-TRACE 9889 3007 B 31 7a
SCHED-TRACE 9890 3007 P 31 3fe5a8b43
SCHED-TRACE 9891 3007 R 31 3fe5a8b43
SCHED-TRACE 9892 3008 U 4 1960b4
SCHED-TRACE 9893 3008 V 4 196135
SCHED-TRACE 9894 3008 O 0 0
SCHED-TRACE 9895 3008 P 31 3fff23957
SCHED-TRACE 9896 3009 K 55 3f937a9fc
SCHED-TRACE 9897 3009 P 31 401638105
SCHED-TRACE 9898 3010 P 31 4027b2f1a
SCHED-TRACE 9899 3010 I 55 19663d
SCHED-TRACE 9900 3010 B 55 7a
SCHED-TRACE 9901 3010 P 55 3fe5d9581
SCHED-TRACE 9902 3010 R 55 3fe5d9581
SCHED-TRACE 9903 3011 U 4 19673f
SCHED-TRACE 9904 3011 V 4 1967c1
SCHED-TRACE 9905 3011 O 0 0
SCHED-TRACE 9906 3011 P 55 3fff68b43
SCHED-TRACE 9907 3012 K 58 3f93b8106
SCHED-TRACE 9908 3012 P 55 40167d2f1
SCHED-TRACE 9909 3013 P 55 4027f5810
SCHED-TRACE 9910 3013 I 58 196cc9
SCHED-TRACE 9911 3013 B 58 7b
SCHED-TRACE 9912 3013 P 58 3fe621062
SCHED-TRACE 9913 3013 R 58 3fe621062
SCHED-TRACE 9914 3014 U 4 196dcb
SCHED-TRACE 9915 3014 V 4 196e4c
SCHED-TRACE 9916 3014 O 0 0
SCHED-TRACE 9917 3014 P 58 3fffab439
SCHED-TRACE 9918 3015 K 52 3f94424dc
SCHED-TRACE 9919 3015 P 58 4016bfbe7
SCHED-TRACE 9920 3016 P 58 402838106
SCHED-TRACE 9921 3016 I 52 197355
SCHED-TRACE 9922 3016 B 52 7a
SCHED-TRACE 9923 3016 P 52 3fe6ab439
SCHED-TRACE 9924 3016 R 52 3fe6ab439
SCHED-TRACE 9925 3017 U 4 197457
SCHED-TRACE 9926 3017 V 4 1974d9
SCHED-TRACE 9927 3017 O 0 0
SCHED-TRACE 9928 3017 P 52 40003d2f1
SCHED-TRACE 9929 3018 K 49 3f946b439
SCHED-TRACE 9930 3018 P 52 401751a9f
SCHED-TRACE 9931 3019 P 52 4028c9fbe
SCHED-TRACE 9932 3019 I 49 1979e1
SCHED-TRACE 9933 3019 B 49 7a
SCHED-TRACE 9934 3019 P 49 3fe6cf1aa
SCHED-TRACE 9935 3019 R 49 3fe6cf1aa
SCHED-TRACE 9936 3020 U 4 197ae3
SCHED-TRACE 9937 3020 V 4 197b65
SCHED-TRACE 9938 3020 O 0 0
SCHED-TRACE 9939 3020 P 49 400061062
SCHED-TRACE 9940 3021 K 34 3f94ba9fb
SCHED-TRACE 9941 3021 P 49 401775810
SCHED-TRACE 9942 3022 P 49 4028edd2f
SCHED-TRACE 9943 3022 I 34 19806d
SCHED-TRACE 9944 3022 B 34 7a
SCHED-TRACE 9945 3022 P 34 3fe71e76c
SCHED-TRACE 9946 3022 R 34 3fe71e76c
SCHED-TRACE 9947 3023 U 4 19816e
SCHED-TRACE 9948 3023 V 4 1981f0
SCHED-TRACE 9949 3023 O 0 0
SCHED-TRACE 9950 3023 P 34 400094395
SCHED-TRACE 9951 3024 K 43 3f9528b43
SCHED-TRACE 9952 3024 P 34 4017a8b43
SCHED-TRACE 9953 3025 P 34 402923958
SCHED-TRACE 9954 3025 I 43 1986f8
SCHED-TRACE 9955 3025 B 43 7a
SCHED-TRACE 9956 3025 P 43 3fe78c8b4
SCHED-TRACE 9957 3025 R 43 3fe78c8b4
SCHED-TRACE 9958 3026 U 4 1987fb
SCHED-TRACE 9959 3026 V 4 19887c
SCHED-TRACE 9960 3026 O 0 0
SCHED-TRACE 9961 3026 P 43 40012dd2e
SCHED-TRACE 9962 3027 K 40 3f9654394
SCHED-TRACE 9963 3027 P 43 4018424dc
SCHED-TRACE 9964 3028 P 43 4029bfbe7
SCHED-TRACE 9965 3028 I 40 198d85
SCHED-TRACE 9966 3028 B 40 7a
SCHED-TRACE 9967 3028 P 40 3fe8ba9fb
SCHED-TRACE 9968 3028 R 40 3fe8ba9fb
SCHED-TRACE 9969 3029 U 4 198e88
SCHED-TRACE 9970 3029 V 4 198f09
SCHED-TRACE 9971 3029 O 0 0
SCHED-TRACE 9972 3029 P 40 40025e76b
SCHED-TRACE 9973 3030 K 46 3f9ed4395
SCHED-TRACE 9974 3030 P 40 401972f1a
SCHED-TRACE 9975 3031 P 40 402af0624
SCHED-TRACE 9976 3031 I 46 199412
SCHED-TRACE 9977 3031 B 46 7a
SCHED-TRACE 9978 3031 P 46 3ff13a9fc
SCHED-TRACE 9979 3031 R 46 3ff13a9fc
SCHED-TRACE 9980 3032 U 4 199515
SCHED-TRACE 9981 3032 V 4 199596
SCHED-TRACE 9982 3032 O 0 0
SCHED-TRACE 9983 3032 P 46 400ad6c8b
SCHED-TRACE 9984 3033 K 46 400ad6c8b
SCHED-TRACE 9985 3033 P 46 4021eb439
SCHED-TRACE 9986 3034 I 46 199a9f
SCHED-TRACE 9987 3034 B 46 7a
SCHED-TRACE 9988 3034 P 46 4085d6c8b
SCHED-TRACE 9989 3034 R 46 4085d6c8b
SCHED-TRACE 9990 3035 U 4 199ba2
SCHED-TRACE 9991 3035 V 4 199c23
SCHED-TRACE 9992 3035 O 0 0
SCHED-TRACE 9993 3035 P 46 409f72f1a
SCHED-TRACE 9994 3036 K 73 40251e76c
SCHED-TRACE 9995 3036 P 46 40b6876c9
SCHED-TRACE 9996 3037 P 46 40c8024dd
SCHED-TRACE 9997 3037 I 73 19a12c
SCHED-TRACE 9998 3037 B 73 7a
SCHED-TRACE 9999 3037 P 73 40778f1aa
SCHED-TRACE 10000 3037 R 73 40778f1aa
SCHED-TRACE 10001 3038 U 4 19a22e
SCHED-TRACE 10002 3038 V 4 19a2af
SCHED-TRACE 10003 3038 O 0 0
SCHED-TRACE 10004 3038 P 73 409111a9f
SCHED-TRACE 10005 3039 K 70 402654395
SCHED-TRACE 10006 3039 P 73 40a82624d
SCHED-TRACE 10007 3040 P 73 40b9a1062
SCHED-TRACE 10008 3040 I 70 19a7b8
SCHED-TRACE 10009 3040 B 70 7a
SCHED-TRACE 10010 3040 P 70 4078c4dd2
SCHED-TRACE 10011 3040 R 70 4078c4dd2
SCHED-TRACE 10012 3041 U 4 19a8ba
SCHED-TRACE 10013 3041 V 4 19a93b
SCHED-TRACE 10014 3041 O 0 0
SCHED-TRACE 10015 3041 P 70 4092476c8
SCHED-TRACE 10016 3042 K 76 402656c8b
SCHED-TRACE 10017 3042 P 70 40a95be76
SCHED-TRACE 10018 3043 P 70 40bad4395
SCHED-TRACE 10019 3043 I 76 19ae44
SCHED-TRACE 10020 3043 B 76 7a
SCHED-TRACE 10021 3043 P 76 4078c9fbe
SCHED-TRACE 10022 3043 R 76 4078c9fbe
SCHED-TRACE 10023 3044 U 4 19af46
SCHED-TRACE 10024 3044 V 4 19afc7
SCHED-TRACE 10025 3044 O 0 0
SCHED-TRACE 10026 3044 P 76 4092476c8
SCHED-TRACE 10027 3045 K 64 4027824dc
SCHED-TRACE 10028 3045 P 76 40a95be76
SCHED-TRACE 10029 3046 P 76 40bad6c8b
SCHED-TRACE 10030 3046 I 64 19b4d0
SCHED-TRACE 10031 3046 B 64 7a
SCHED-TRACE 10032 3046 P 64 4079f8105
SCHED-TRACE 10033 3046 R 64 4079f8105
SCHED-TRACE 10034 3047 U 4 19b5d2
SCHED-TRACE 10035 3047 V 4 19b653
SCHED-TRACE 10036 3047 O 0 0
SCHED-TRACE 10037 3047 P 64 4093824dc
SCHED-TRACE 10038 3048 K 67 40278c8b3
SCHED-TRACE 10039 3048 P 64 40aa96c8a
SCHED-TRACE 10040 3049 P 64 40bc0f1a9
SCHED-TRACE 10041 3049 I 67 19bb5c
SCHED-TRACE 10042 3049 B 67 7b
SCHED-TRACE 10043 3049 P 67 4079fa9fb
SCHED-TRACE 10044 3049 R 67 4079fa9fb
SCHED-TRACE 10045 3050 U 4 19bc5e
SCHED-TRACE 10046 3050 V 4 19bcdf
SCHED-TRACE 10047 3050 O 0 0
SCHED-TRACE 10048 3050 P 67 40937fbe6
SCHED-TRACE 10049 3051 K 61 40278c8b4
SCHED-TRACE 10050 3051 P 67 40aa94394
SCHED-TRACE 10051 3052 P 67 40bc0c8b3
SCHED-TRACE 10052 3052 I 61 19c1e8
SCHED-TRACE 10053 3052 B 61 7b
SCHED-TRACE 10054 3052 P 61 4079fd2f2
SCHED-TRACE 10055 3052 R 61 4079fd2f2
SCHED-TRACE 10056 3053 U 4 19c2ea
SCHED-TRACE 10057 3053 V 4 19c36b
SCHED-TRACE 10058 3053 O 0 0
SCHED-TRACE 10059 3053 P 61 409384dd3
SCHED-TRACE 10060 3054 K 31 4027b2f1a
SCHED-TRACE 10061 3054 P 61 40aa99581
SCHED-TRACE 10062 3055 P 61 40bc11aa0
SCHED-TRACE 10063 3055 I 31 19c874
SCHED-TRACE 10064 3055 B 31 7a
SCHED-TRACE 10065 3055 P 31 407a1e76c
SCHED-TRACE 10066 3055 R 31 407a1e76c
SCHED-TRACE 10067 3056 U 4 19c976
SCHED-TRACE 10068 3056 V 4 19c9f7
SCHED-TRACE 10069 3056 O 0 0
SCHED-TRACE 10070 3056 P 31 409399580
SCHED-TRACE 10071 3057 K 55 4027f5810
SCHED-TRACE 10072 3057 P 31 40aaadd2e
SCHED-TRACE 10073 3058 P 31 40bc2624d
SCHED-TRACE 10074 3058 I 55 19ceff
SCHED-TRACE 10075 3058 B 55 7b
SCHED-TRACE 10076 3058 P 55 407a59581
SCHED-TRACE 10077 3058 R 55 407a59581
SCHED-TRACE 10078 3059 U 4 19d001
SCHED-TRACE 10079 3059 V 4 19d083
SCHED-TRACE 10080 3059 O 0 0
SCHED-TRACE 10081 3059 P 55 4093e8b43
SCHED-TRACE 10082 3060 K 58 402838106
SCHED-TRACE 10083 3060 P 55 40aafd2f1
SCHED-TRACE 10084 3061 P 55 40bc75810
SCHED-TRACE 10085 3061 I 58 19d58b
SCHED-TRACE 10086 3061 B 58 7a
SCHED-TRACE 10087 3061 P 58 407a9e76c
SCHED-TRACE 10088 3061 R 58 407a9e76c
SCHED-TRACE 10089 3062 U 4 19d68d
SCHED-TRACE 10090 3062 V 4 19d70e
SCHED-TRACE 10091 3062 O 0 0
SCHED-TRACE 10092 3062 P 58 40942b439
SCHED-TRACE 10093 3063 K 52 4028c9fbe
SCHED-TRACE 10094 3063 P 58 40ab3fbe7
SCHED-TRACE 10095 3064 P 58 40bcb8106
SCHED-TRACE 10096 3064 I 52 19dc17
SCHED-TRACE 10097 3064 B 52 7a
SCHED-TRACE 10098 3064 P 52 407b32f1a
SCHED-TRACE 10099 3064 R 52 407b32f1a
SCHED-TRACE 10100 3065 U 4 19dd19
SCHED-TRACE 10101 3065 V 4 19dd9b
SCHED-TRACE 10102 3065 O 0 0
SCHED-TRACE 10103 3065 P 52 4094c4dd2
SCHED-TRACE 10104 3066 K 49 4028edd2f
SCHED-TRACE 10105 3066 P 52 40abd9580
SCHED-TRACE 10106 3067 P 52 40bd51a9f
SCHED-TRACE 10107 3067 I 49 19e2a3
SCHED-TRACE 10108 3067 B 49 7b
SCHED-TRACE 10109 3067 P 49 407b54395
SCHED-TRACE 10110 3067 R 49 407b54395
SCHED-TRACE 10111 3068 U 4 19e3a6
SCHED-TRACE 10112 3068 V 4 19e427
SCHED-TRACE 10113 3068 O 0 0
SCHED-TRACE 10114 3068 P 49 4094e624d
SCHED-TRACE 10115 3069 K 34 402923958
SCHED-TRACE 10116 3069 P 49 40abfa9fc
SCHED-TRACE 10117 3070 P 49 40bd70625
SCHED-TRACE 10118 3070 I 34 19e92f
SCHED-TRACE 10119 3070 B 34 7b
SCHED-TRACE 10120 3070 P 34 407b89fbe
SCHED-TRACE 10121 3070 R 34 407b89fbe
SCHED-TRACE 10122 3071 U 4 19ea30
SCHED-TRACE 10123 3071 V 4 19eab2
SCHED-TRACE 10124 3071 O 0 0
SCHED-TRACE 10125 3071 P 34 4094ffbe7
SCHED-TRACE 10126 3072 K 43 4029bfbe7
SCHED-TRACE 10127 3072 P 34 40ac14395
SCHED-TRACE 10128 3073 P 34 40bd8c8b4
SCHED-TRACE 10129 3073 I 43 19efba
SCHED-TRACE 10130 3073 B 43 7a
SCHED-TRACE 10131 3073 P 43 407c2624d
SCHED-TRACE 10132 3073 R 43 407c2624d
SCHED-TRACE 10133 3074 U 4 19f0bd
SCHED-TRACE 10134 3074 V 4 19f13e
SCHED-TRACE 10135 3074 O 0 0
SCHED-TRACE 10136 3074 P 43 4095c9fbe
SCHED-TRACE 10137 3075 K 37 402ae8b43
SCHED-TRACE 10138 3075 P 43 40acde76c
SCHED-TRACE 10139 3076 P 43 40be5be76
SCHED-TRACE 10140 3076 I 37 19f647
SCHED-TRACE 10141 3076 B 37 7a
SCHED-TRACE 10142 3076 P 37 407d4c8b4
SCHED-TRACE 10143 3076 R 37 407d4c8b4
SCHED-TRACE 10144 3077 U 4 19f74a
SCHED-TRACE 10145 3077 V 4 19f7cb
SCHED-TRACE 10146 3077 O 0 0
SCHED-TRACE 10147 3077 P 37 4096f0624
SCHED-TRACE 10148 3078 K 40 402af0624
SCHED-TRACE 10149 3078 P 37 40ae04dd2
SCHED-TRACE 10150 3079 P 37 40bf7fbe7
SCHED-TRACE 10151 3079 I 40 19fcd4
SCHED-TRACE 10152 3079 B 40 7a
SCHED-TRACE 10153 3079 P 40 407d54394
SCHED-TRACE 10154 3079 R 40 407d54394
SCHED-TRACE 10155 3080 U 4 19fdd7
SCHED-TRACE 10156 3080 V 4 19fe58
SCHED-TRACE 10157 3080 O 0 0
SCHED-TRACE 10158 3080 P 40 4096f580f
SCHED-TRACE 10159 3081 K 40 4096f580f
SCHED-TRACE 10160 3081 P 40 40ae0c8b3
SCHED-TRACE 10161 3082 I 40 1a0361
SCHED-TRACE 10162 3082 B 40 7b
SCHED-TRACE 10163 3082 P 40 4111f0624
SCHED-TRACE 10164 3082 R 40 4111f0624
SCHED-TRACE 10165 3083 U 4 1a0464
SCHED-TRACE 10166 3083 V 4 1a04e5
SCHED-TRACE 10167 3083 O 0 0
SCHED-TRACE 10168 3083 P 40 412b8f1a9
SCHED-TRACE 10169 3084 K 73 40b9a1062
SCHED-TRACE 10170 3084 P 40 4142a3957
SCHED-TRACE 10171 3085 P 40 41541e76b
SCHED-TRACE 10172 3085 I 73 1a09ee
SCHED-TRACE 10173 3085 B 73 7b
SCHED-TRACE 10174 3085 P 73 410c0c8b4
SCHED-TRACE 10175 3085 R 73 410c0c8b4
SCHED-TRACE 10176 3086 U 4 1a0af0
SCHED-TRACE 10177 3086 V 4 1a0b71
SCHED-TRACE 10178 3086 O 0 0
SCHED-TRACE 10179 3086 P 73 41258c8b4
SCHED-TRACE 10180 3087 K 70 40bad4395
SCHED-TRACE 10181 3087 P 73 413ca1062
SCHED-TRACE 10182 3088 P 73 414e1be76
SCHED-TRACE 10183 3088 I 70 1a107a
SCHED-TRACE 10184 3088 B 70 7a
SCHED-TRACE 10185 3088 P 70 410d44dd2
SCHED-TRACE 10186 3088 R 70 410d44dd2
SCHED-TRACE 10187 3089 U 4 1a117c
SCHED-TRACE 10188 3089 V 4 1a11fd
SCHED-TRACE 10189 3089 O 0 0
SCHED-TRACE 10190 3089 P 70 4126c76c8
SCHED-TRACE 10191 3090 K 76 40bad6c8b
SCHED-TRACE 10192 3090 P 70 413ddbe76
SCHED-TRACE 10193 3091 P 70 414f56c8a
SCHED-TRACE 10194 3091 I 76 1a1706
SCHED-TRACE 10195 3091 B 76 7a
SCHED-TRACE 10196 3091 P 76 410d476c8
SCHED-TRACE 10197 3091 R 76 410d476c8
SCHED-TRACE 10198 3092 U 4 1a1808
SCHED-TRACE 10199 3092 V 4 1a1889
SCHED-TRACE 10200 3092 O 0 0
SCHED-TRACE 10201 3092 P 76 4126c4dd2
SCHED-TRACE 10202 3093 K 67 40bc0c8b3
SCHED-TRACE 10203 3093 P 76 413dd9580
SCHED-TRACE 10204 3094 P 76 414f51a9f
SCHED-TRACE 10205 3094 I 67 1a1d91
SCHED-TRACE 10206 3094 B 67 7a
SCHED-TRACE 10207 3094 P 67 410e6b438
SCHED-TRACE 10208 3094 R 67 410e6b438
SCHED-TRACE 10209 3095 U 4 1a1e93
SCHED-TRACE 10210 3095 V 4 1a1f14
SCHED-TRACE 10211 3095 O 0 0
SCHED-TRACE 10212 3095 P 67 4127f0624
SCHED-TRACE 10213 3096 K 64 40bc0f1a9
SCHED-TRACE 10214 3096 P 67 413f04dd2
SCHED-TRACE 10215 3097 P 67 41507d2f1
SCHED-TRACE 10216 3097 I 64 1a241d
SCHED-TRACE 10217 3097 B 64 7a
SCHED-TRACE 10218 3097 P 64 410e7fbe7
SCHED-TRACE 10219 3097 R 64 410e7fbe7
SCHED-TRACE 10220 3098 U 4 1a251f
SCHED-TRACE 10221 3098 V 4 1a25a0
SCHED-TRACE 10222 3098 O 0 0
SCHED-TRACE 10223 3098 P 64 4128076c8
SCHED-TRACE 10224 3099 K 61 40bc11aa0
SCHED-TRACE 10225 3099 P 64 413f1be76
SCHED-TRACE 10226 3100 P 64 415096c8a
SCHED-TRACE 10227 3100 I 61 1a2aa9
SCHED-TRACE 10228 3100 B 61 7a
SCHED-TRACE 10229 3100 P 61 410e7d2f2
SCHED-TRACE 10230 3100 R 61 410e7d2f2
SCHED-TRACE 10231 3101 U 4 1a2bab
SCHED-TRACE 10232 3101 V 4 1a2c2c
SCHED-TRACE 10233 3101 O 0 0
SCHED-TRACE 10234 3101 P 61 4128076c9
SCHED-TRACE 10235 3102 K 31 40bc2624d
SCHED-TRACE 10236 3102 P 61 413f19581
SCHED-TRACE 10237 3103 P 61 415094395
SCHED-TRACE 10238 3103 I 31 1a3135
SCHED-TRACE 10239 3103 B 31 7a
SCHED-TRACE 10240 3103 P 31 410e91a9f
SCHED-TRACE 10241 3103 R 31 410e91a9f
SCHED-TRACE 10242 3104 U 4 1a3237
SCHED-TRACE 10243 3104 V 4 1a32b8
SCHED-TRACE 10244 3104 O 0 0
SCHED-TRACE 10245 3104 P 31 41280c8b3
SCHED-TRACE 10246 3105 K 55 40bc75810
SCHED-TRACE 10247 3105 P 31 413f21062
SCHED-TRACE 10248 3106 P 31 41509be76
SCHED-TRACE 10249 3106 I 55 1a37c0
SCHED-TRACE 10250 3106 B 55 7a
SCHED-TRACE 10251 3106 P 55 410ed4395
SCHED-TRACE 10252 3106 R 55 410ed4395
SCHED-TRACE 10253 3107 U 4 1a38c2
SCHED-TRACE 10254 3107 V 4 1a3944
SCHED-TRACE 10255 3107 O 0 0
SCHED-TRACE 10256 3107 P 55 412863958
SCHED-TRACE 10257 3108 K 58 40bcb8106
SCHED-TRACE 10258 3108 P 55 413f78106
SCHED-TRACE 10259 3109 P 55 4150f0625
SCHED-TRACE 10260 3109 I 58 1a3e4c
SCHED-TRACE 10261 3109 B 58 7b
SCHED-TRACE 10262 3109 P 58 410f21062
SCHED-TRACE 10263 3109 R 58 410f21062
SCHED-TRACE 10264 3110 U 4 1a3f4e
SCHED-TRACE 10265 3110 V 4 1a3fcf
SCHED-TRACE 10266 3110 O 0 0
SCHED-TRACE 10267 3110 P 58 4128add2f
SCHED-TRACE 10268 3111 K 52 40bd51a9f
SCHED-TRACE 10269 3111 P 58 413fc24dd
SCHED-TRACE 10270 3112 P 58 41513a9fb
SCHED-TRACE 10271 3112 I 52 1a44d8
SCHED-TRACE 10272 3112 B 52 7a
SCHED-TRACE 10273 3112 P 52 410fba9fb
SCHED-TRACE 10274 3112 R 52 410fba9fb
SCHED-TRACE 10275 3113 U 4 1a45da
SCHED-TRACE 10276 3113 V 4 1a465c
SCHED-TRACE 10277 3113 O 0 0
SCHED-TRACE 10278 3113 P 52 41294c8b3
SCHED-TRACE 10279 3114 K 49 40bd70625
SCHED-TRACE 10280 3114 P 52 414061062
SCHED-TRACE 10281 3115 P 52 4151d9580
SCHED-TRACE 10282 3115 I 49 1a4b64
SCHED-TRACE 10283 3115 B 49 7a
SCHED-TRACE 10284 3115 P 49 410fd4395
SCHED-TRACE 10285 3115 R 49 410fd4395
SCHED-TRACE 10286 3116 U 4 1a4c66
SCHED-TRACE 10287 3116 V 4 1a4ce8
SCHED-TRACE 10288 3116 O 0 0
SCHED-TRACE 10289 3116 P 49 412968b43
SCHED-TRACE 10290 3117 K 34 40bd8c8b4
SCHED-TRACE 10291 3117 P 49 41407d2f1
SCHED-TRACE 10292 3118 P 49 4151f5810
SCHED-TRACE 10293 3118 I 34 1a51f0
SCHED-TRACE 10294 3118 B 34 7a
SCHED-TRACE 10295 3118 P 34 410ff0624
SCHED-TRACE 10296 3118 R 34 410ff0624
SCHED-TRACE 10297 3119 U 4 1a52f1
SCHED-TRACE 10298 3119 V 4 1a5373
SCHED-TRACE 10299 3119 O 0 0
SCHED-TRACE 10300 3119 P 34 412968b43
SCHED-TRACE 10301 3120 K 43 40be5be76
SCHED-TRACE 10302 3120 P 34 41407a9fb
SCHED-TRACE 10303 3121 P 34 4151f5810
SCHED-TRACE 10304 3121 I 43 1a587b
SCHED-TRACE 10305 3121 B 43 7a
SCHED-TRACE 10306 3121 P 43 4110bfbe7
SCHED-TRACE 10307 3121 R 43 4110bfbe7
SCHED-TRACE 10308 3122 U 4 1a597e
SCHED-TRACE 10309 3122 V 4 1a59ff
SCHED-TRACE 10310 3122 O 0 0
SCHED-TRACE 10311 3122 P 43 412a61062
SCHED-TRACE 10312 3123 K 37 40bf7fbe7
SCHED-TRACE 10313 3123 P 43 414175810
SCHED-TRACE 10314 3124 P 43 4152f2f1a
SCHED-TRACE 10315 3124 I 37 1a5f08
SCHED-TRACE 10316 3124 B 37 7a
SCHED-TRACE 10317 3124 P 37 4111e624d
SCHED-TRACE 10318 3124 R 37 4111e624d
SCHED-TRACE 10319 3125 U 4 1a600b
SCHED-TRACE 10320 3125 V 4 1a608c
SCHED-TRACE 10321 3125 O 0 0
SCHED-TRACE 10322 3125 P 37 412b8c8b4
SCHED-TRACE 10323 3126 K 46 40c8024dd
SCHED-TRACE 10324 3126 P 37 4142a1062
SCHED-TRACE 10325 3127 P 37 41541e76c
SCHED-TRACE 10326 3127 I 46 1a6595
SCHED-TRACE 10327 3127 B 46 7a
SCHED-TRACE 10328 3127 P 46 411a6624e
SCHED-TRACE 10329 3127 R 46 411a6624e
SCHED-TRACE 10330 3128 U 4 1a6698
SCHED-TRACE 10331 3128 V 4 1a6719
SCHED-TRACE 10332 3128 O 0 0
SCHED-TRACE 10333 3128 P 46 4134024dd
SCHED-TRACE 10334 3129 K 46 4134024dd
SCHED-TRACE 10335 3129 P 46 414b16c8b
SCHED-TRACE 10336 3130 I 46 1a6c22
SCHED-TRACE 10337 3130 B 46 7b
SCHED-TRACE 10338 3130 P 46 41af024dd
SCHED-TRACE 10339 3130 R 46 41af024dd
SCHED-TRACE 10340 3131 U 4 1a6d25
SCHED-TRACE 10341 3131 V 4 1a6da6
SCHED-TRACE 10342 3131 O 0 0
SCHED-TRACE 10343 3131 P 46 41c89be77
SCHED-TRACE 10344 3132 K 73 414e1be76
SCHED-TRACE 10345 3132 P 46 41dfb0625
SCHED-TRACE 10346 3133 P 46 41f12b439
SCHED-TRACE 10347 3133 I 73 1a72af
SCHED-TRACE 10348 3133 B 73 7a
SCHED-TRACE 10349 3133 P 73 41a08c8b4
SCHED-TRACE 10350 3133 R 73 41a08c8b4
SCHED-TRACE 10351 3134 U 4 1a73b1
SCHED-TRACE 10352 3134 V 4 1a7432
SCHED-TRACE 10353 3134 O 0 0
SCHED-TRACE 10354 3134 P 73 41ba0c8b4
SCHED-TRACE 10355 3135 K 76 414f51a9f
SCHED-TRACE 10356 3135 P 73 41d121062
SCHED-TRACE 10357 3136 P 73 41e29be76
SCHED-TRACE 10358 3136 I 76 1a793b
SCHED-TRACE 10359 3136 B 76 7a
SCHED-TRACE 10360 3136 P 76 41a1c4dd2
SCHED-TRACE 10361 3136 R 76 41a1c4dd2
SCHED-TRACE 10362 3137 U 4 1a7a3d
SCHED-TRACE 10363 3137 V 4 1a7abe
SCHED-TRACE 10364 3137 O 0 0
SCHED-TRACE 10365 3137 P 76 41bb424dd
SCHED-TRACE 10366 3138 K 70 414f56c8a
SCHED-TRACE 10367 3138 P 76 41d256c8b
SCHED-TRACE 10368 3139 P 76 41e3d1a9f
SCHED-TRACE 10369 3139 I 70 1a7fc6
SCHED-TRACE 10370 3139 B 70 7a
SCHED-TRACE 10371 3139 P 70 41a1b2f1a
SCHED-TRACE 10372 3139 R 70 41a1b2f1a
SCHED-TRACE 10373 3140 U 4 1a80c8
SCHED-TRACE 10374 3140 V 4 1a8149
SCHED-TRACE 10375 3140 O 0 0
SCHED-TRACE 10376 3140 P 70 41bb35810
SCHED-TRACE 10377 3141 K 67 41507d2f1
SCHED-TRACE 10378 3141 P 70 41d249fbe
SCHED-TRACE 10379 3142 P 70 41e3c24dc
SCHED-TRACE 10380 3142 I 67 1a8652
SCHED-TRACE 10381 3142 B 67 7a
SCHED-TRACE 10382 3142 P 67 41a2f0624
SCHED-TRACE 10383 3142 R 67 41a2f0624
SCHED-TRACE 10384 3143 U 4 1a8754
SCHED-TRACE 10385 3143 V 4 1a87d5
SCHED-TRACE 10386 3143 O 0 0
SCHED-TRACE 10387 3143 P 67 41bc78105
SCHED-TRACE 10388 3144 K 61 415094395
SCHED-TRACE 10389 3144 P 67 41d38c8b3
SCHED-TRACE 10390 3145 P 67 41e5076c8
SCHED-TRACE 10391 3145 I 61 1a8cde
SCHED-TRACE 10392 3145 B 61 7a
SCHED-TRACE 10393 3145 P 61 41a2ffbe7
SCHED-TRACE 10394 3145 R 61 41a2ffbe7
SCHED-TRACE 10395 3146 U 4 1a8de0
SCHED-TRACE 10396 3146 V 4 1a8e61
SCHED-TRACE 10397 3146 O 0 0
SCHED-TRACE 10398 3146 P 61 41bc89fbe
SCHED-TRACE 10399 3147 K 64 415096c8a
SCHED-TRACE 10400 3147 P 61 41d39e76c
SCHED-TRACE 10401 3148 P 61 41e519581
SCHED-TRACE 10402 3148 I 64 1a936a
SCHED-TRACE 10403 3148 B 64 7a
SCHED-TRACE 10404 3148 P 64 41a2fd2f1
SCHED-TRACE 10405 3148 R 64 41a2fd2f1
SCHED-TRACE 10406 3149 U 4 1a946c
SCHED-TRACE 10407 3149 V 4 1a94ed
SCHED-TRACE 10408 3149 O 0 0
SCHED-TRACE 10409 3149 P 64 41bc84dd2
SCHED-TRACE 10410 3150 K 31 41509be76
SCHED-TRACE 10411 3150 P 64 41d396c8a
SCHED-TRACE 10412 3151 P 64 41e50f1a9
SCHED-TRACE 10413 3151 I 31 1a99f6
SCHED-TRACE 10414 3151 B 31 7a
SCHED-TRACE 10415 3151 P 31 41a30c8b3
SCHED-TRACE 10416 3151 R 31 41a30c8b3
SCHED-TRACE 10417 3152 U 4 1a9af8
SCHED-TRACE 10418 3152 V 4 1a9b79
SCHED-TRACE 10419 3152 O 0 0
SCHED-TRACE 10420 3152 P 31 41bc876c8
SCHED-TRACE 10421 3153 K 55 4150f0625
SCHED-TRACE 10422 3153 P 31 41d39be76
SCHED-TRACE 10423 3154 P 31 41e516c8b
SCHED-TRACE 10424 3154 I 55 1aa081
SCHED-TRACE 10425 3154 B 55 7a
SCHED-TRACE 10426 3154 P 55 41a34f1aa
SCHED-TRACE 10427 3154 R 55 41a34f1aa
SCHED-TRACE 10428 3155 U 4 1aa183
SCHED-TRACE 10429 3155 V 4 1aa205
SCHED-TRACE 10430 3155 O 0 0
SCHED-TRACE 10431 3155 P 55 41bcde76c
SCHED-TRACE 10432 3156 K 58 41513a9fb
SCHED-TRACE 10433 3156 P 55 41d3f2f1a
SCHED-TRACE 10434 3157 P 55 41e56b439
SCHED-TRACE 10435 3157 I 58 1aa70d
SCHED-TRACE 10436 3157 B 58 7b
SCHED-TRACE 10437 3157 P 58 41a3a3958
SCHED-TRACE 10438 3157 R 58 41a3a3958
SCHED-TRACE 10439 3158 U 4 1aa80f
SCHED-TRACE 10440 3158 V 4 1aa890
SCHED-TRACE 10441 3158 O 0 0
SCHED-TRACE 10442 3158 P 58 41bd2dd2f
SCHED-TRACE 10443 3159 K 52 4151d9580
SCHED-TRACE 10444 3159 P 58 41d4424dd
SCHED-TRACE 10445 3160 P 58 41e5ba9fb
SCHED-TRACE 10446 3160 I 52 1aad99
SCHED-TRACE 10447 3160 B 52 7a
SCHED-TRACE 10448 3160 P 52 41a4424dc
SCHED-TRACE 10449 3160 R 52 41a4424dc
SCHED-TRACE 10450 3161 U 4 1aae9b
SCHED-TRACE 10451 3161 V 4 1aaf1d
SCHED-TRACE 10452 3161 O 0 0
SCHED-TRACE 10453 3161 P 52 41bdd4395
SCHED-TRACE 10454 3162 K 49 4151f5810
SCHED-TRACE 10455 3162 P 52 41d4e8b43
SCHED-TRACE 10456 3163 P 52 41e661062
SCHED-TRACE 10457 3163 I 49 1ab425
SCHED-TRACE 10458 3163 B 49 7a
SCHED-TRACE 10459 3163 P 49 41a459581
SCHED-TRACE 10460 3163 R 49 41a459581
SCHED-TRACE 10461 3164 U 4 1ab528
SCHED-TRACE 10462 3164 V 4 1ab5a9
SCHED-TRACE 10463 3164 O 0 0
SCHED-TRACE 10464 3164 P 49 41bdedd2f
SCHED-TRACE 10465 3165 K 34 4151f5810
SCHED-TRACE 10466 3165 P 49 41d5024dd
SCHED-TRACE 10467 3166 P 49 41e67a9fc
SCHED-TRACE 10468 3166 I 34 1abab1
SCHED-TRACE 10469 3166 B 34 7a
SCHED-TRACE 10470 3166 P 34 41a459581
SCHED-TRACE 10471 3166 R 34 41a459581
SCHED-TRACE 10472 3167 U 4 1abbb2
SCHED-TRACE 10473 3167 V 4 1abc34
SCHED-TRACE 10474 3167 O 0 0
SCHED-TRACE 10475 3167 P 34 41bdcf1aa
SCHED-TRACE 10476 3168 K 43 4152f2f1a
SCHED-TRACE 10477 3168 P 34 41d4e3958
SCHED-TRACE 10478 3169 P 34 41e65be76
SCHED-TRACE 10479 3169 I 43 1ac13c
SCHED-TRACE 10480 3169 B 43 7b
SCHED-TRACE 10481 3169 P 43 41a55be76
SCHED-TRACE 10482 3169 R 43 41a55be76
SCHED-TRACE 10483 3170 U 4 1ac23f
SCHED-TRACE 10484 3170 V 4 1ac2c0
SCHED-TRACE 10485 3170 O 0 0
SCHED-TRACE 10486 3170 P 43 41befd2f1
SCHED-TRACE 10487 3171 K 40 41541e76b
SCHED-TRACE 10488 3171 P 43 41d611a9f
SCHED-TRACE 10489 3172 P 43 41e78f1a9
SCHED-TRACE 10490 3172 I 40 1ac7c9
SCHED-TRACE 10491 3172 B 40 7a
SCHED-TRACE 10492 3172 P 40 41a684dd2
SCHED-TRACE 10493 3172 R 40 41a684dd2
SCHED-TRACE 10494 3173 U 4 1ac8cc
SCHED-TRACE 10495 3173 V 4 1ac94d
SCHED-TRACE 10496 3173 O 0 0
SCHED-TRACE 10497 3173 P 40 41c02b438
SCHED-TRACE 10498 3174 K 37 41541e76c
SCHED-TRACE 10499 3174 P 40 41d73fbe6
SCHED-TRACE 10500 3175 P 40 41e8bd2f1
SCHED-TRACE 10501 3175 I 37 1ace56
SCHED-TRACE 10502 3175 B 37 7a
SCHED-TRACE 10503 3175 P 37 41a6824dd
SCHED-TRACE 10504 3175 R 37 41a6824dd
SCHED-TRACE 10505 3176 U 4 1acf59
SCHED-TRACE 10506 3176 V 4 1acfda
SCHED-TRACE 10507 3176 O 0 0
SCHED-TRACE 10508 3176 P 37 41c028b43
SCHED-TRACE 10509 3177 K 37 41c028b43
SCHED-TRACE 10510 3177 P 37 41d73d2f1
SCHED-TRACE 10511 3178 I 37 1ad4e3
SCHED-TRACE 10512 3178 B 37 7a
SCHED-TRACE 10513 3178 P 37 423b1e76c
SCHED-TRACE 10514 3178 R 37 423b1e76c
SCHED-TRACE 10515 3179 U 4 1ad5e6
SCHED-TRACE 10516 3179 V 4 1ad667
SCHED-TRACE 10517 3179 O 0 0
SCHED-TRACE 10518 3179 P 37 4254c24dd
SCHED-TRACE 10519 3180 K 73 41e29be76
SCHED-TRACE 10520 3180 P 37 426bd6c8b
SCHED-TRACE 10521 3181 P 37 427d51a9f
SCHED-TRACE 10522 3181 I 73 1adb70
SCHED-TRACE 10523 3181 B 73 7a
SCHED-TRACE 10524 3181 P 73 423504dd3
SCHED-TRACE 10525 3181 R 73 423504dd3
SCHED-TRACE 10526 3182 U 4 1adc72
SCHED-TRACE 10527 3182 V 4 1adcf3
SCHED-TRACE 10528 3182 O 0 0
SCHED-TRACE 10529 3182 P 73 424e876c8
SCHED-TRACE 10530 3183 K 70 41e3c24dc
SCHED-TRACE 10531 3183 P 73 42659be76
SCHED-TRACE 10532 3184 P 73 427716c8b
SCHED-TRACE 10533 3184 I 70 1ae1fc
SCHED-TRACE 10534 3184 B 70 7a
SCHED-TRACE 10535 3184 P 70 423632f1a
SCHED-TRACE 10536 3184 R 70 423632f1a
SCHED-TRACE 10537 3185 U 4 1ae2fe
SCHED-TRACE 10538 3185 V 4 1ae37f
SCHED-TRACE 10539 3185 O 0 0
SCHED-TRACE 10540 3185 P 70 424fb5810
SCHED-TRACE 10541 3186 K 76 41e3d1a9f
SCHED-TRACE 10542 3186 P 70 4266c9fbe
SCHED-TRACE 10543 3187 P 70 4278424dc
SCHED-TRACE 10544 3187 I 76 1ae888
SCHED-TRACE 10545 3187 B 76 7a
SCHED-TRACE 10546 3187 P 76 423644dd2
SCHED-TRACE 10547 3187 R 76 423644dd2
SCHED-TRACE 10548 3188 U 4 1ae98a
SCHED-TRACE 10549 3188 V 4 1aea0b
SCHED-TRACE 10550 3188 O 0 0
SCHED-TRACE 10551 3188 P 76 424fc24dd
SCHED-TRACE 10552 3189 K 67 41e5076c8
SCHED-TRACE 10553 3189 P 76 4266d4395
SCHED-TRACE 10554 3190 P 76 42784f1a9
SCHED-TRACE 10555 3190 I 67 1aef14
SCHED-TRACE 10556 3190 B 67 7a
SCHED-TRACE 10557 3190 P 67 42377d2f1
SCHED-TRACE 10558 3190 R 67 42377d2f1
SCHED-TRACE 10559 3191 U 4 1af016
SCHED-TRACE 10560 3191 V 4 1af097
SCHED-TRACE 10561 3191 O 0 0
SCHED-TRACE 10562 3191 P 67 425104dd2
SCHED-TRACE 10563 3192 K 64 41e50f1a9
SCHED-TRACE 10564 3192 P 67 426819580
SCHED-TRACE 10565 3193 P 67 427991a9f
SCHED-TRACE 10566 3193 I 64 1af5a0
SCHED-TRACE 10567 3193 B 64 7b
SCHED-TRACE 10568 3193 P 64 42377fbe7
SCHED-TRACE 10569 3193 R 64 42377fbe7
SCHED-TRACE 10570 3194 U 4 1af6a2
SCHED-TRACE 10571 3194 V 4 1af723
SCHED-TRACE 10572 3194 O 0 0
SCHED-TRACE 10573 3194 P 64 425104dd2
SCHED-TRACE 10574 3195 K 31 41e516c8b
SCHED-TRACE 10575 3195 P 64 426819580
SCHED-TRACE 10576 3196 P 64 427991a9f
SCHED-TRACE 10577 3196 I 31 1afc2c
SCHED-TRACE 10578 3196 B 31 7a
SCHED-TRACE 10579 3196 P 31 423784dd2
SCHED-TRACE 10580 3196 R 31 423784dd2
SCHED-TRACE 10581 3197 U 4 1afd2d
SCHED-TRACE 10582 3197 V 4 1afdaf
SCHED-TRACE 10583 3197 O 0 0
SCHED-TRACE 10584 3197 P 31 4250fd2f1
SCHED-TRACE 10585 3198 K 61 41e519581
SCHED-TRACE 10586 3198 P 31 426811a9f
SCHED-TRACE 10587 3199 P 31 427989fbe
SCHED-TRACE 10588 3199 I 61 1b02b7
SCHED-TRACE 10589 3199 B 61 7b
SCHED-TRACE 10590 3199 P 61 42377fbe7
SCHED-TRACE 10591 3199 R 61 42377fbe7
SCHED-TRACE 10592 3200 U 4 1b03b9
SCHED-TRACE 10593 3200 V 4 1b043a
SCHED-TRACE 10594 3200 O 0 0
SCHED-TRACE 10595 3200 P 61 425109fbe
SCHED-TRACE 10596 3201 K 55 41e56b439
SCHED-TRACE 10597 3201 P 61 42681e76c
SCHED-TRACE 10598 3202 P 61 427996c8b
SCHED-TRACE 10599 3202 I 55 1b0943
SCHED-TRACE 10600 3202 B 55 7a
SCHED-TRACE 10601 3202 P 55 4237d4395
SCHED-TRACE 10602 3202 R 55 4237d4395
SCHED-TRACE 10603 3203 U 4 1b0a45
SCHED-TRACE 10604 3203 V 4 1b0ac6
SCHED-TRACE 10605 3203 O 0 0
SCHED-TRACE 10606 3203 P 55 425163958
SCHED-TRACE 10607 3204 K 58 41e5ba9fb
SCHED-TRACE 10608 3204 P 55 426875810
SCHED-TRACE 10609 3205 P 55 4279f0625
SCHED-TRACE 10610 3205 I 58 1b0fcf
SCHED-TRACE 10611 3205 B 58 7a
SCHED-TRACE 10612 3205 P 58 423821062
SCHED-TRACE 10613 3205 R 58 423821062
SCHED-TRACE 10614 3206 U 4 1b10d1
SCHED-TRACE 10615 3206 V 4 1b1152
SCHED-TRACE 10616 3206 O 0 0
SCHED-TRACE 10617 3206 P 58 4251add2f
SCHED-TRACE 10618 3207 K 34 41e65be76
SCHED-TRACE 10619 3207 P 58 4268c24dd
SCHED-TRACE 10620 3208 P 58 427a3a9fb
SCHED-TRACE 10621 3208 I 34 1b165b
SCHED-TRACE 10622 3208 B 34 7a
SCHED-TRACE 10623 3208 P 34 4238c76c8
SCHED-TRACE 10624 3208 R 34 4238c76c8
SCHED-TRACE 10625 3209 U 4 1b175c
SCHED-TRACE 10626 3209 V 4 1b17de
SCHED-TRACE 10627 3209 O 0 0
SCHED-TRACE 10628 3209 P 34 42523d2f1
SCHED-TRACE 10629 3210 K 52 41e661062
SCHED-TRACE 10630 3210 P 34 426951a9f
SCHED-TRACE 10631 3211 P 34 427ac9fbe
SCHED-TRACE 10632 3211 I 52 1b1ce6
SCHED-TRACE 10633 3211 B 52 7b
SCHED-TRACE 10634 3211 P 52 4238c9fbe
SCHED-TRACE 10635 3211 R 52 4238c9fbe
SCHED-TRACE 10636 3212 U 4 1b1de9
SCHED-TRACE 10637 3212 V 4 1b1e6a
SCHED-TRACE 10638 3212 O 0 0
SCHED-TRACE 10639 3212 P 52 425261062
SCHED-TRACE 10640 3213 K 49 41e67a9fc
SCHED-TRACE 10641 3213 P 52 426975810
SCHED-TRACE 10642 3214 P 52 427af2f1a
SCHED-TRACE 10643 3214 I 49 1b2373
SCHED-TRACE 10644 3214 B 49 7a
SCHED-TRACE 10645 3214 P 49 4238e8b43
SCHED-TRACE 10646 3214 R 49 4238e8b43
SCHED-TRACE 10647 3215 U 4 1b2476
SCHED-TRACE 10648 3215 V 4 1b24f7
SCHED-TRACE 10649 3215 O 0 0
SCHED-TRACE 10650 3215 P 49 425284dd3
SCHED-TRACE 10651 3216 K 43 41e78f1a9
SCHED-TRACE 10652 3216 P 49 426999581
SCHED-TRACE 10653 3217 P 49 427b19581
SCHED-TRACE 10654 3217 I 43 1b2a00
SCHED-TRACE 10655 3217 B 43 7a
SCHED-TRACE 10656 3217 P 43 4239f8105
SCHED-TRACE 10657 3217 R 43 4239f8105
SCHED-TRACE 10658 3218 U 4 1b2b03
SCHED-TRACE 10659 3218 V 4 1b2b84
SCHED-TRACE 10660 3218 O 0 0
SCHED-TRACE 10661 3218 P 43 425399580
SCHED-TRACE 10662 3219 K 40 41e8bd2f1
SCHED-TRACE 10663 3219 P 43 426aadd2e
SCHED-TRACE 10664 3220 P 43 427c2b439
SCHED-TRACE 10665 3220 I 40 1b308d
SCHED-TRACE 10666 3220 B 40 7a
SCHED-TRACE 10667 3220 P 40 423b23957
SCHED-TRACE 10668 3220 R 40 423b23957
SCHED-TRACE 10669 3221 U 4 1b3190
SCHED-TRACE 10670 3221 V 4 1b3211
SCHED-TRACE 10671 3221 O 0 0
SCHED-TRACE 10672 3221 P 40 4254c4dd2
SCHED-TRACE 10673 3222 K 46 41f12b439
SCHED-TRACE 10674 3222 P 40 426bd9580
SCHED-TRACE 10675 3223 P 40 427d54394
SCHED-TRACE 10676 3223 I 46 1b371a
SCHED-TRACE 10677 3223 B 46 7a
SCHED-TRACE 10678 3223 P 46 424394395
SCHED-TRACE 10679 3223 R 46 424394395
SCHED-TRACE 10680 3224 U 4 1b381d
SCHED-TRACE 10681 3224 V 4 1b389e
SCHED-TRACE 10682 3224 O 0 0
SCHED-TRACE 10683 3224 P 46 425d30625
SCHED-TRACE 10684 3225 K 46 425d30625
SCHED-TRACE 10685 3225 P 46 427444dd3
SCHED-TRACE 10686 3226 I 46 1b3da7
SCHED-TRACE 10687 3226 B 46 7a
SCHED-TRACE 10688 3226 P 46 42d830625
SCHED-TRACE 10689 3226 R 46 42d830625
SCHED-TRACE 10690 3227 U 4 1b3eaa
SCHED-TRACE 10691 3227 V 4 1b3f2b
SCHED-TRACE 10692 3227 O 0 0
SCHED-TRACE 10693 3227 P 46 42f1cc8b4
SCHED-TRACE 10694 3228 K 73 427716c8b
SCHED-TRACE 10695 3228 P 46 4308e1062
SCHED-TRACE 10696 3229 P 46 431a5be77
SCHED-TRACE 10697 3229 I 73 1b4434
SCHED-TRACE 10698 3229 B 73 7a
SCHED-TRACE 10699 3229 P 73 42c9876c8
SCHED-TRACE 10700 3229 R 73 42c9876c8
SCHED-TRACE 10701 3230 U 4 1b4536
SCHED-TRACE 10702 3230 V 4 1b45b7
SCHED-TRACE 10703 3230 O 0 0
SCHED-TRACE 10704 3230 P 73 42e309fbe
SCHED-TRACE 10705 3231 K 70 4278424dc
SCHED-TRACE 10706 3231 P 73 42fa1e76c
SCHED-TRACE 10707 3232 P 73 430b99581
SCHED-TRACE 10708 3232 I 70 1b4ac0
SCHED-TRACE 10709 3232 B 70 7a
SCHED-TRACE 10710 3232 P 70 42cab2f1a
SCHED-TRACE 10711 3232 R 70 42cab2f1a
SCHED-TRACE 10712 3233 U 4 1b4bc2
SCHED-TRACE 10713 3233 V 4 1b4c43
SCHED-TRACE 10714 3233 O 0 0
SCHED-TRACE 10715 3233 P 70 42e435810
SCHED-TRACE 10716 3234 K 76 42784f1a9
SCHED-TRACE 10717 3234 P 70 42fb49fbe
SCHED-TRACE 10718 3235 P 70 430cc24dc
SCHED-TRACE 10719 3235 I 76 1b514c
SCHED-TRACE 10720 3235 B 76 7a
SCHED-TRACE 10721 3235 P 76 42cac24dd
SCHED-TRACE 10722 3235 R 76 42cac24dd
SCHED-TRACE 10723 3236 U 4 1b524e
SCHED-TRACE 10724 3236 V 4 1b52cf
SCHED-TRACE 10725 3236 O 0 0
SCHED-TRACE 10726 3236 P 76 42e43d2f1
SCHED-TRACE 10727 3237 K 31 427989fbe
SCHED-TRACE 10728 3237 P 76 42fb51a9f
SCHED-TRACE 10729 3238 P 76 430cc9fbe
SCHED-TRACE 10730 3238 I 31 1b57d7
SCHED-TRACE 10731 3238 B 31 7b
SCHED-TRACE 10732 3238 P 31 42cbeb439
SCHED-TRACE 10733 3238 R 31 42cbeb439
SCHED-TRACE 10734 3239 U 4 1b58d9
SCHED-TRACE 10735 3239 V 4 1b595a
SCHED-TRACE 10736 3239 O 0 0
SCHED-TRACE 10737 3239 P 31 42e563957
SCHED-TRACE 10738 3240 K 67 427991a9f
SCHED-TRACE 10739 3240 P 31 42fc7a9fb
SCHED-TRACE 10740 3241 P 31 430df2f1a
SCHED-TRACE 10741 3241 I 67 1b5e62
SCHED-TRACE 10742 3241 B 67 7b
SCHED-TRACE 10743 3241 P 67 42cbf2f1a
SCHED-TRACE 10744 3241 R 67 42cbf2f1a
SCHED-TRACE 10745 3242 U 4 1b5f64
SCHED-TRACE 10746 3242 V 4 1b5fe5
SCHED-TRACE 10747 3242 O 0 0
SCHED-TRACE 10748 3242 P 67 42e57580f
SCHED-TRACE 10749 3243 K 64 427991a9f
SCHED-TRACE 10750 3243 P 67 42fc89fbd
SCHED-TRACE 10751 3244 P 67 430e024dc
SCHED-TRACE 10752 3244 I 64 1b64ee
SCHED-TRACE 10753 3244 B 64 7a
SCHED-TRACE 10754 3244 P 64 42cc024dc
SCHED-TRACE 10755 3244 R 64 42cc024dc
SCHED-TRACE 10756 3245 U 4 1b65f0
SCHED-TRACE 10757 3245 V 4 1b6671
SCHED-TRACE 10758 3245 O 0 0
SCHED-TRACE 10759 3245 P 64 42e589fbe
SCHED-TRACE 10760 3246 K 61 427996c8b
SCHED-TRACE 10761 3246 P 64 42fc9e76c
SCHED-TRACE 10762 3247 P 64 430e16c8a
SCHED-TRACE 10763 3247 I 61 1b6b7a
SCHED-TRACE 10764 3247 B 61 7a
SCHED-TRACE 10765 3247 P 61 42cc076c9
SCHED-TRACE 10766 3247 R 61 42cc076c9
SCHED-TRACE 10767 3248 U 4 1b6c7c
SCHED-TRACE 10768 3248 V 4 1b6cfd
SCHED-TRACE 10769 3248 O 0 0
SCHED-TRACE 10770 3248 P 61 42e594395
SCHED-TRACE 10771 3249 K 55 4279f0625
SCHED-TRACE 10772 3249 P 61 42fca8b43
SCHED-TRACE 10773 3250 P 61 430e21062
SCHED-TRACE 10774 3250 I 55 1b7206
SCHED-TRACE 10775 3250 B 55 7b
SCHED-TRACE 10776 3250 P 55 42cc5be77
SCHED-TRACE 10777 3250 R 55 42cc5be77
SCHED-TRACE 10778 3251 U 4 1b7308
SCHED-TRACE 10779 3251 V 4 1b738a
SCHED-TRACE 10780 3251 O 0 0
SCHED-TRACE 10781 3251 P 55 42e5eb439
SCHED-TRACE 10782 3252 K 58 427a3a9fb
SCHED-TRACE 10783 3252 P 55 42fcffbe7
SCHED-TRACE 10784 3253 P 55 430e78106
SCHED-TRACE 10785 3253 I 58 1b7892
SCHED-TRACE 10786 3253 B 58 7a
SCHED-TRACE 10787 3253 P 58 42cca1062
SCHED-TRACE 10788 3253 R 58 42cca1062
SCHED-TRACE 10789 3254 U 4 1b7994
SCHED-TRACE 10790 3254 V 4 1b7a15
SCHED-TRACE 10791 3254 O 0 0
SCHED-TRACE 10792 3254 P 58 42e62b439
SCHED-TRACE 10793 3255 K 34 427ac9fbe
SCHED-TRACE 10794 3255 P 58 42fd3fbe7
SCHED-TRACE 10795 3256 P 58 430eb8106
SCHED-TRACE 10796 3256 I 34 1b7f1e
SCHED-TRACE 10797 3256 B 34 7a
SCHED-TRACE 10798 3256 P 34 42cd35810
SCHED-TRACE 10799 3256 R 34 42cd35810
SCHED-TRACE 10800 3257 U 4 1b801f
SCHED-TRACE 10801 3257 V 4 1b80a0
SCHED-TRACE 10802 3257 O 0 0
SCHED-TRACE 10803 3257 P 34 42e6ab439
SCHED-TRACE 10804 3258 K 52 427af2f1a
SCHED-TRACE 10805 3258 P 34 42fdbd2f1
SCHED-TRACE 10806 3259 P 34 430f38106
SCHED-TRACE 10807 3259 I 52 1b85a9
SCHED-TRACE 10808 3259 B 52 7a
SCHED-TRACE 10809 3259 P 52 42cd59580
SCHED-TRACE 10810 3259 R 52 42cd59580
SCHED-TRACE 10811 3260 U 4 1b86ac
SCHED-TRACE 10812 3260 V 4 1b872d
SCHED-TRACE 10813 3260 O 0 0
SCHED-TRACE 10814 3260 P 52 42e6f2f1a
SCHED-TRACE 10815 3261 K 49 427b19581
SCHED-TRACE 10816 3261 P 52 42fe076c8
SCHED-TRACE 10817 3262 P 52 430f84dd2
SCHED-TRACE 10818 3262 I 49 1b8c36
SCHED-TRACE 10819 3262 B 49 7a
SCHED-TRACE 10820 3262 P 49 42cd876c8
SCHED-TRACE 10821 3262 R 49 42cd876c8
SCHED-TRACE 10822 3263 U 4 1b8d39
SCHED-TRACE 10823 3263 V 4 1b8dba
SCHED-TRACE 10824 3263 O 0 0
SCHED-TRACE 10825 3263 P 49 42e723958
SCHED-TRACE 10826 3264 K 43 427c2b439
SCHED-TRACE 10827 3264 P 49 42fe38106
SCHED-TRACE 10828 3265 P 49 430fb5810
SCHED-TRACE 10829 3265 I 43 1b92c3
SCHED-TRACE 10830 3265 B 43 7a
SCHED-TRACE 10831 3265 P 43 42ce96c8b
SCHED-TRACE 10832 3265 R 43 42ce96c8b
SCHED-TRACE 10833 3266 U 4 1b93c6
SCHED-TRACE 10834 3266 V 4 1b9447
SCHED-TRACE 10835 3266 O 0 0
SCHED-TRACE 10836 3266 P 43 42e83a9fb
SCHED-TRACE 10837 3267 K 37 427d51a9f
SCHED-TRACE 10838 3267 P 43 42ff4f1a9
SCHED-TRACE 10839 3268 P 43 4310cc8b4
SCHED-TRACE 10840 3268 I 37 1b9950
SCHED-TRACE 10841 3268 B 37 7a
SCHED-TRACE 10842 3268 P 37 42cfb5810
SCHED-TRACE 10843 3268 R 37 42cfb5810
SCHED-TRACE 10844 3269 U 4 1b9a53
SCHED-TRACE 10845 3269 V 4 1b9ad4
SCHED-TRACE 10846 3269 O 0 0
SCHED-TRACE 10847 3269 P 37 42e959581
SCHED-TRACE 10848 3270 K 40 427d54394
SCHED-TRACE 10849 3270 P 37 43006dd2f
SCHED-TRACE 10850 3271 P 37 4311e8b43
SCHED-TRACE 10851 3271 I 40 1b9fdd
SCHED-TRACE 10852 3271 B 40 7a
SCHED-TRACE 10853 3271 P 40 42cfb8105
SCHED-TRACE 10854 3271 R 40 42cfb8105
SCHED-TRACE 10855 3272 U 4 1ba0e0
SCHED-TRACE 10856 3272 V 4 1ba161
SCHED-TRACE 10857 3272 O 0 0
SCHED-TRACE 10858 3272 P 40 42e959580
SCHED-TRACE 10859 3273 K 40 42e959580
SCHED-TRACE 10860 3273 P 40 430070624
SCHED-TRACE 10861 3274 I 40 1ba66a
SCHED-TRACE 10862 3274 B 40 7b
SCHED-TRACE 10863 3274 P 40 436454394
SCHED-TRACE 10864 3274 R 40 436454394
SCHED-TRACE 10865 3275 U 4 1ba76d
SCHED-TRACE 10866 3275 V 4 1ba7ee
SCHED-TRACE 10867 3275 O 0 0
SCHED-TRACE 10868 3275 P 40 437df2f1a
SCHED-TRACE 10869 3276 K 73 430b99581
SCHED-TRACE 10870 3276 P 40 4395076c8
SCHED-TRACE 10871 3277 P 40 43a6824dc
SCHED-TRACE 10872 3277 I 73 1bacf7
SCHED-TRACE 10873 3277 B 73 7b
SCHED-TRACE 10874 3277 P 73 435e04dd3
SCHED-TRACE 10875 3277 R 73 435e04dd3
SCHED-TRACE 10876 3278 U 4 1badf9
SCHED-TRACE 10877 3278 V 4 1bae7a
SCHED-TRACE 10878 3278 O 0 0
SCHED-TRACE 10879 3278 P 73 437784dd3
SCHED-TRACE 10880 3279 K 70 430cc24dc
SCHED-TRACE 10881 3279 P 73 438e99581
SCHED-TRACE 10882 3280 P 73 43a014395
SCHED-TRACE 10883 3280 I 70 1bb383
SCHED-TRACE 10884 3280 B 70 7a
SCHED-TRACE 10885 3280 P 70 435f32f1a
SCHED-TRACE 10886 3280 R 70 435f32f1a
SCHED-TRACE 10887 3281 U 4 1bb485
SCHED-TRACE 10888 3281 V 4 1bb506
SCHED-TRACE 10889 3281 O 0 0
SCHED-TRACE 10890 3281 P 70 4378b5810
SCHED-TRACE 10891 3282 K 76 430cc9fbe
SCHED-TRACE 10892 3282 P 70 438fc9fbe
SCHED-TRACE 10893 3283 P 70 43a144dd2
SCHED-TRACE 10894 3283 I 76 1bba0f
SCHED-TRACE 10895 3283 B 76 7a
SCHED-TRACE 10896 3283 P 76 435f3a9fb
SCHED-TRACE 10897 3283 R 76 435f3a9fb
SCHED-TRACE 10898 3284 U 4 1bbb11
SCHED-TRACE 10899 3284 V 4 1bbb92
SCHED-TRACE 10900 3284 O 0 0
SCHED-TRACE 10901 3284 P 76 4378b5810
SCHED-TRACE 10902 3285 K 31 430df2f1a
SCHED-TRACE 10903 3285 P 76 438fc9fbe
SCHED-TRACE 10904 3286 P 76 43a1424dd
SCHED-TRACE 10905 3286 I 31 1bc09a
SCHED-TRACE 10906 3286 B 31 7a
SCHED-TRACE 10907 3286 P 31 436054395
SCHED-TRACE 10908 3286 R 31 436054395
SCHED-TRACE 10909 3287 U 4 1bc19b
SCHED-TRACE 10910 3287 V 4 1bc21d
SCHED-TRACE 10911 3287 O 0 0
SCHED-TRACE 10912 3287 P 31 4379cc8b3
SCHED-TRACE 10913 3288 K 67 430e024dc
SCHED-TRACE 10914 3288 P 31 4390e1062
SCHED-TRACE 10915 3289 P 31 43a259580
SCHED-TRACE 10916 3289 I 67 1bc725
SCHED-TRACE 10917 3289 B 67 7b
SCHED-TRACE 10918 3289 P 67 436068b43
SCHED-TRACE 10919 3289 R 67 436068b43
SCHED-TRACE 10920 3290 U 4 1bc827
SCHED-TRACE 10921 3290 V 4 1bc8a8
SCHED-TRACE 10922 3290 O 0 0
SCHED-TRACE 10923 3290 P 67 4379eb438
SCHED-TRACE 10924 3291 K 64 430e16c8a
SCHED-TRACE 10925 3291 P 67 4390ffbe6
SCHED-TRACE 10926 3292 P 67 43a278105
SCHED-TRACE 10927 3292 I 64 1bcdb1
SCHED-TRACE 10928 3292 B 64 7a
SCHED-TRACE 10929 3292 P 64 4360876c8
SCHED-TRACE 10930 3292 R 64 4360876c8
SCHED-TRACE 10931 3293 U 4 1bceb3
SCHED-TRACE 10932 3293 V 4 1bcf34
SCHED-TRACE 10933 3293 O 0 0
SCHED-TRACE 10934 3293 P 64 437a0f1a9
SCHED-TRACE 10935 3294 K 61 430e21062
SCHED-TRACE 10936 3294 P 64 439123957
SCHED-TRACE 10937 3295 P 64 43a29be76
SCHED-TRACE 10938 3295 I 61 1bd43d
SCHED-TRACE 10939 3295 B 61 7a
SCHED-TRACE 10940 3295 P 61 436091aa0
SCHED-TRACE 10941 3295 R 61 436091aa0
SCHED-TRACE 10942 3296 U 4 1bd53f
SCHED-TRACE 10943 3296 V 4 1bd5c0
SCHED-TRACE 10944 3296 O 0 0
SCHED-TRACE 10945 3296 P 61 437a1e76c
SCHED-TRACE 10946 3297 K 55 430e78106
SCHED-TRACE 10947 3297 P 61 439132f1a
SCHED-TRACE 10948 3298 P 61 43a2ab439
SCHED-TRACE 10949 3298 I 55 1bdac9
SCHED-TRACE 10950 3298 B 55 7b
SCHED-TRACE 10951 3298 P 55 4360e3958
SCHED-TRACE 10952 3298 R 55 4360e3958
SCHED-TRACE 10953 3299 U 4 1bdbcb
SCHED-TRACE 10954 3299 V 4 1bdc4d
SCHED-TRACE 10955 3299 O 0 0
SCHED-TRACE 10956 3299 P 55 437a72f1a
SCHED-TRACE 10957 3300 K 58 430eb8106
SCHED-TRACE 10958 3300 P 55 4391876c8
SCHED-TRACE 10959 3301 P 55 43a2ffbe7
SCHED-TRACE 10960 3301 I 58 1be155
SCHED-TRACE 10961 3301 B 58 7a
SCHED-TRACE 10962 3301 P 58 43611e76c
SCHED-TRACE 10963 3301 R 58 43611e76c
SCHED-TRACE 10964 3302 U 4 1be257
SCHED-TRACE 10965 3302 V 4 1be2d8
SCHED-TRACE 10966 3302 O 0 0
SCHED-TRACE 10967 3302 P 58 437aa8b43
SCHED-TRACE 10968 3303 K 34 430f38106
SCHED-TRACE 10969 3303 P 58 4391bd2f1
SCHED-TRACE 10970 3304 P 58 43a335810
SCHED-TRACE 10971 3304 I 34 1be7e1
SCHED-TRACE 10972 3304 B 34 7a
SCHED-TRACE 10973 3304 P 34 4361a3958
SCHED-TRACE 10974 3304 R 34 4361a3958
SCHED-TRACE 10975 3305 U 4 1be8e2
SCHED-TRACE 10976 3305 V 4 1be963
SCHED-TRACE 10977 3305 O 0 0
SCHED-TRACE 10978 3305 P 34 437b19581
SCHED-TRACE 10979 3306 K 52 430f84dd2
SCHED-TRACE 10980 3306 P 34 43922b439
SCHED-TRACE 10981 3307 P 34 43a3a624d
SCHED-TRACE 10982 3307 I 52 1bee6c
SCHED-TRACE 10983 3307 B 52 7a
SCHED-TRACE 10984 3307 P 52 4361eb439
SCHED-TRACE 10985 3307 R 52 4361eb439
SCHED-TRACE 10986 3308 U 4 1bef6f
SCHED-TRACE 10987 3308 V 4 1beff0
SCHED-TRACE 10988 3308 O 0 0
SCHED-TRACE 10989 3308 P 52 437b84dd2
SCHED-TRACE 10990 3309 K 49 430fb5810
SCHED-TRACE 10991 3309 P 52 439299580
SCHED-TRACE 10992 3310 P 52 43a416c8a
SCHED-TRACE 10993 3310 I 49 1bf4f9
SCHED-TRACE 10994 3310 B 49 7a
SCHED-TRACE 10995 3310 P 49 436223958
SCHED-TRACE 10996 3310 R 49 436223958
SCHED-TRACE 10997 3311 U 4 1bf5fc
SCHED-TRACE 10998 3311 V 4 1bf67d
SCHED-TRACE 10999 3311 O 0 0
SCHED-TRACE 11000 3311 P 49 437bbfbe7
SCHED-TRACE 11001 3312 K 43 4310cc8b4
SCHED-TRACE 11002 3312 P 49 4392d4395
SCHED-TRACE 11003 3313 P 49 43a454395
SCHED-TRACE 11004 3313 I 43 1bfb86
SCHED-TRACE 11005 3313 B 43 7a
SCHED-TRACE 11006 3313 P 43 436332f1a
SCHED-TRACE 11007 3313 R 43 436332f1a
SCHED-TRACE 11008 3314 U 4 1bfc89
SCHED-TRACE 11009 3314 V 4 1bfd0a
SCHED-TRACE 11010 3314 O 0 0
SCHED-TRACE 11011 3314 P 43 437cd4395
SCHED-TRACE 11012 3315 K 37 4311e8b43
SCHED-TRACE 11013 3315 P 43 4393e8b43
SCHED-TRACE 11014 3316 P 43 43a56624d
SCHED-TRACE 11015 3316 I 37 1c0213
SCHED-TRACE 11016 3316 B 37 7b
SCHED-TRACE 11017 3316 P 37 436451a9f
SCHED-TRACE 11018 3316 R 37 436451a9f
SCHED-TRACE 11019 3317 U 4 1c0316
SCHED-TRACE 11020 3317 V 4 1c0397
SCHED-TRACE 11021 3317 O 0 0
SCHED-TRACE 11022 3317 P 37 437df5810
SCHED-TRACE 11023 3318 K 46 431a5be77
SCHED-TRACE 11024 3318 P 37 439509fbe
SCHED-TRACE 11025 3319 P 37 43a684dd2
SCHED-TRACE 11026 3319 I 46 1c08a0
SCHED-TRACE 11027 3319 B 46 7b
SCHED-TRACE 11028 3319 P 46 436cc24dd
SCHED-TRACE 11029 3319 R 46 436cc24dd
SCHED-TRACE 11030 3320 U 4 1c09a3
SCHED-TRACE 11031 3320 V 4 1c0a24
SCHED-TRACE 11032 3320 O 0 0
SCHED-TRACE 11033 3320 P 46 43865e76c
SCHED-TRACE 11034 3321 K 46 43865e76c
SCHED-TRACE 11035 3321 P 46 439d72f1a
SCHED-TRACE 11036 3322 I 46 1c0f2d
SCHED-TRACE 11037 3322 B 46 7a
SCHED-TRACE 11038 3322 P 46 44015be77
SCHED-TRACE 11039 3322 R 46 44015be77
SCHED-TRACE 11040 3323 U 4 1c1030
SCHED-TRACE 11041 3323 V 4 1c10b1
SCHED-TRACE 11042 3323 O 0 0
SCHED-TRACE 11043 3323 P 46 441af8106
SCHED-TRACE 11044 3324 K 73 43a014395
SCHED-TRACE 11045 3324 P 46 44320c8b4
SCHED-TRACE 11046 3325 P 46 4443876c9
SCHED-TRACE 11047 3325 I 73 1c15ba
SCHED-TRACE 11048 3325 B 73 7a
SCHED-TRACE 11049 3325 P 73 43f284dd3
SCHED-TRACE 11050 3325 R 73 43f284dd3
SCHED-TRACE 11051 3326 U 4 1c16bc
SCHED-TRACE 11052 3326 V 4 1c173d
SCHED-TRACE 11053 3326 O 0 0
SCHED-TRACE 11054 3326 P 73 440c04dd3
SCHED-TRACE 11055 3327 K 76 43a1424dd
SCHED-TRACE 11056 3327 P 73 442319581
SCHED-TRACE 11057 3328 P 73 443491a9f
SCHED-TRACE 11058 3328 I 76 1c1c46
SCHED-TRACE 11059 3328 B 76 7a
SCHED-TRACE 11060 3328 P 76 43f3b8106
SCHED-TRACE 11061 3328 R 76 43f3b8106
SCHED-TRACE 11062 3329 U 4 1c1d48
SCHED-TRACE 11063 3329 V 4 1c1dc9
SCHED-TRACE 11064 3329 O 0 0
SCHED-TRACE 11065 3329 P 76 440d35810
SCHED-TRACE 11066 3330 K 70 43a144dd2
SCHED-TRACE 11067 3330 P 76 4424476c8
SCHED-TRACE 11068 3331 P 76 4435c24dd
SCHED-TRACE 11069 3331 I 70 1c22d2
SCHED-TRACE 11070 3331 B 70 7a
SCHED-TRACE 11071 3331 P 70 43f3ba9fb
SCHED-TRACE 11072 3331 R 70 43f3ba9fb
SCHED-TRACE 11073 3332 U 4 1c23d4
SCHED-TRACE 11074 3332 V 4 1c2455
SCHED-TRACE 11075 3332 O 0 0
SCHED-TRACE 11076 3332 P 70 440d3d2f1
SCHED-TRACE 11077 3333 K 31 43a259580
SCHED-TRACE 11078 3333 P 70 442451a9f
SCHED-TRACE 11079 3334 P 70 4435c9fbe
SCHED-TRACE 11080 3334 I 31 1c295e
SCHED-TRACE 11081 3334 B 31 7b
SCHED-TRACE 11082 3334 P 31 43f4cf1a9
SCHED-TRACE 11083 3334 R 31 43f4cf1a9
SCHED-TRACE 11084 3335 U 4 1c2a5f
SCHED-TRACE 11085 3335 V 4 1c2ae1
SCHED-TRACE 11086 3335 O 0 0
SCHED-TRACE 11087 3335 P 31 440e476c8
SCHED-TRACE 11088 3336 K 67 43a278105
SCHED-TRACE 11089 3336 P 31 44255be76
SCHED-TRACE 11090 3337 P 31 4436d4395
SCHED-TRACE 11091 3337 I 67 1c2fe9
SCHED-TRACE 11092 3337 B 67 7a
SCHED-TRACE 11093 3337 P 67 43f4dbe76
SCHED-TRACE 11094 3337 R 67 43f4dbe76
SCHED-TRACE 11095 3338 U 4 1c30eb
SCHED-TRACE 11096 3338 V 4 1c316c
SCHED-TRACE 11097 3338 O 0 0
SCHED-TRACE 11098 3338 P 67 440e61061
SCHED-TRACE 11099 3339 K 64 43a29be76
SCHED-TRACE 11100 3339 P 67 442572f1a
SCHED-TRACE 11101 3340 P 67 4436edd2e
SCHED-TRACE 11102 3340 I 64 1c3675
SCHED-TRACE 11103 3340 B 64 7a
SCHED-TRACE 11104 3340 P 64 43f50c8b3
SCHED-TRACE 11105 3340 R 64 43f50c8b3
SCHED-TRACE 11106 3341 U 4 1c3777
SCHED-TRACE 11107 3341 V 4 1c37f8
SCHED-TRACE 11108 3341 O 0 0
SCHED-TRACE 11109 3341 P 64 440e94395
SCHED-TRACE 11110 3342 K 61 43a2ab439
SCHED-TRACE 11111 3342 P 64 4425a8b43
SCHED-TRACE 11112 3343 P 64 443721061
SCHED-TRACE 11113 3343 I 61 1c3d01
SCHED-TRACE 11114 3343 B 61 7b
SCHED-TRACE 11115 3343 P 61 43f51be77
SCHED-TRACE 11116 3343 R 61 43f51be77
SCHED-TRACE 11117 3344 U 4 1c3e03
SCHED-TRACE 11118 3344 V 4 1c3e84
SCHED-TRACE 11119 3344 O 0 0
SCHED-TRACE 11120 3344 P 61 440ea624e
SCHED-TRACE 11121 3345 K 55 43a2ffbe7
SCHED-TRACE 11122 3345 P 61 4425ba9fc
SCHED-TRACE 11123 3346 P 61 443735810
SCHED-TRACE 11124 3346 I 55 1c438d
SCHED-TRACE 11125 3346 B 55 7a
SCHED-TRACE 11126 3346 P 55 43f56624e
SCHED-TRACE 11127 3346 R 55 43f56624e
SCHED-TRACE 11128 3347 U 4 1c448f
SCHED-TRACE 11129 3347 V 4 1c4511
SCHED-TRACE 11130 3347 O 0 0
SCHED-TRACE 11131 3347 P 55 440ef5810
SCHED-TRACE 11132 3348 K 58 43a335810
SCHED-TRACE 11133 3348 P 55 442609fbe
SCHED-TRACE 11134 3349 P 55 4437824dd
SCHED-TRACE 11135 3349 I 58 1c4a19
SCHED-TRACE 11136 3349 B 58 7b
SCHED-TRACE 11137 3349 P 58 43f59e76c
SCHED-TRACE 11138 3349 R 58 43f59e76c
SCHED-TRACE 11139 3350 U 4 1c4b1b
SCHED-TRACE 11140 3350 V 4 1c4b9c
SCHED-TRACE 11141 3350 O 0 0
SCHED-TRACE 11142 3350 P 58 440f28b43
SCHED-TRACE 11143 3351 K 34 43a3a624d
SCHED-TRACE 11144 3351 P 58 44263a9fb
SCHED-TRACE 11145 3352 P 58 4437b2f1a
SCHED-TRACE 11146 3352 I 34 1c50a5
SCHED-TRACE 11147 3352 B 34 7a
SCHED-TRACE 11148 3352 P 34 43f611a9f
SCHED-TRACE 11149 3352 R 34 43f611a9f
SCHED-TRACE 11150 3353 U 4 1c51a6
SCHED-TRACE 11151 3353 V 4 1c5228
SCHED-TRACE 11152 3353 O 0 0
SCHED-TRACE 11153 3353 P 34 440f876c8
SCHED-TRACE 11154 3354 K 52 43a416c8a
SCHED-TRACE 11155 3354 P 34 44269be76
SCHED-TRACE 11156 3355 P 34 443814395
SCHED-TRACE 11157 3355 I 52 1c5730
SCHED-TRACE 11158 3355 B 52 7a
SCHED-TRACE 11159 3355 P 52 43f67d2f1
SCHED-TRACE 11160 3355 R 52 43f67d2f1
SCHED-TRACE 11161 3356 U 4 1c5833
SCHED-TRACE 11162 3356 V 4 1c58b4
SCHED-TRACE 11163 3356 O 0 0
SCHED-TRACE 11164 3356 P 52 441016c8a
SCHED-TRACE 11165 3357 K 49 43a454395
SCHED-TRACE 11166 3357 P 52 44272b439
SCHED-TRACE 11167 3358 P 52 4438a8b43
SCHED-TRACE 11168 3358 I 49 1c5dbd
SCHED-TRACE 11169 3358 B 49 7a
SCHED-TRACE 11170 3358 P 49 43f6c4dd3
SCHED-TRACE 11171 3358 R 49 43f6c4dd3
SCHED-TRACE 11172 3359 U 4 1c5ec0
SCHED-TRACE 11173 3359 V 4 1c5f41
SCHED-TRACE 11174 3359 O 0 0
SCHED-TRACE 11175 3359 P 49 441061062
SCHED-TRACE 11176 3360 K 43 43a56624d
SCHED-TRACE 11177 3360 P 49 442778106
SCHED-TRACE 11178 3361 P 49 4438f5810
SCHED-TRACE 11179 3361 I 43 1c644a
SCHED-TRACE 11180 3361 B 43 7b
SCHED-TRACE 11181 3361 P 43 43f7d4395
SCHED-TRACE 11182 3361 R 43 43f7d4395
SCHED-TRACE 11183 3362 U 4 1c654d
SCHED-TRACE 11184 3362 V 4 1c65ce
SCHED-TRACE 11185 3362 O 0 0
SCHED-TRACE 11186 3362 P 43 441175810
SCHED-TRACE 11187 3363 K 40 43a6824dc
SCHED-TRACE 11188 3363 P 43 442889fbe
SCHED-TRACE 11189 3364 P 43 443a076c8
SCHED-TRACE 11190 3364 I 40 1c6ad7
SCHED-TRACE 11191 3364 B 40 7a
SCHED-TRACE 11192 3364 P 40 43f8e8b43
SCHED-TRACE 11193 3364 R 40 43f8e8b43
SCHED-TRACE 11194 3365 U 4 1c6bda
SCHED-TRACE 11195 3365 V 4 1c6c5b
SCHED-TRACE 11196 3365 O 0 0
SCHED-TRACE 11197 3365 P 40 44128c8b3
SCHED-TRACE 11198 3366 K 37 43a684dd2
SCHED-TRACE 11199 3366 P 40 4429a1061
SCHED-TRACE 11200 3367 P 40 443b1e76b
SCHED-TRACE 11201 3367 I 37 1c7164
SCHED-TRACE 11202 3367 B 37 7a
SCHED-TRACE 11203 3367 P 37 43f8e8b43
SCHED-TRACE 11204 3367 R 37 43f8e8b43
SCHED-TRACE 11205 3368 U 4 1c7267
SCHED-TRACE 11206 3368 V 4 1c72e8
SCHED-TRACE 11207 3368 O 0 0
SCHED-TRACE 11208 3368 P 37 44128f1a9
SCHED-TRACE 11209 3369 K 37 44128f1a9
SCHED-TRACE 11210 3369 P 37 4429a3958
SCHED-TRACE 11211 3370 I 37 1c77f1
SCHED-TRACE 11212 3370 B 37 7a
SCHED-TRACE 11213 3370 P 37 448d84dd2
SCHED-TRACE 11214 3370 R 37 448d84dd2
SCHED-TRACE 11215 3371 U 4 1c78f4
SCHED-TRACE 11216 3371 V 4 1c7975
SCHED-TRACE 11217 3371 O 0 0
SCHED-TRACE 11218 3371 P 37 44a728b43
SCHED-TRACE 11219 3372 K 73 443491a9f
SCHED-TRACE 11220 3372 P 37 44be3d2f1
SCHED-TRACE 11221 3373 P 37 44cfb8106
SCHED-TRACE 11222 3373 I 73 1c7e7e
SCHED-TRACE 11223 3373 B 73 7a
SCHED-TRACE 11224 3373 P 73 4486fa9fb
SCHED-TRACE 11225 3373 R 73 4486fa9fb
SCHED-TRACE 11226 3374 U 4 1c7f80
SCHED-TRACE 11227 3374 V 4 1c8001
SCHED-TRACE 11228 3374 O 0 0
SCHED-TRACE 11229 3374 P 73 44a07a9fb
SCHED-TRACE 11230 3375 K 76 4435c24dd
SCHED-TRACE 11231 3375 P 73 44b78f1aa
SCHED-TRACE 11232 3376 P 73 44c9076c8
SCHED-TRACE 11233 3376 I 76 1c850a
SCHED-TRACE 11234 3376 B 76 7a
SCHED-TRACE 11235 3376 P 76 448838106
SCHED-TRACE 11236 3376 R 76 448838106
SCHED-TRACE 11237 3377 U 4 1c860c
SCHED-TRACE 11238 3377 V 4 1c868d
SCHED-TRACE 11239 3377 O 0 0
SCHED-TRACE 11240 3377 P 76 44a1b5810
SCHED-TRACE 11241 3378 K 70 4435c9fbe
SCHED-TRACE 11242 3378 P 76 44b8c9fbe
SCHED-TRACE 11243 3379 P 76 44ca424dd
SCHED-TRACE 11244 3379 I 70 1c8b95
SCHED-TRACE 11245 3379 B 70 7b
SCHED-TRACE 11246 3379 P 70 44882b438
SCHED-TRACE 11247 3379 R 70 44882b438
SCHED-TRACE 11248 3380 U 4 1c8c97
SCHED-TRACE 11249 3380 V 4 1c8d18
SCHED-TRACE 11250 3380 O 0 0
SCHED-TRACE 11251 3380 P 70 44a1ab438
SCHED-TRACE 11252 3381 K 31 4436d4395
SCHED-TRACE 11253 3381 P 70 44b8bfbe7
SCHED-TRACE 11254 3382 P 70 44ca38105
SCHED-TRACE 11255 3382 I 31 1c9221
SCHED-TRACE 11256 3382 B 31 7b
SCHED-TRACE 11257 3382 P 31 448949fbe
SCHED-TRACE 11258 3382 R 31 448949fbe
SCHED-TRACE 11259 3383 U 4 1c9323
SCHED-TRACE 11260 3383 V 4 1c93a4
SCHED-TRACE 11261 3383 O 0 0
SCHED-TRACE 11262 3383 P 31 44a2c24dc
SCHED-TRACE 11263 3384 K 67 4436edd2e
SCHED-TRACE 11264 3384 P 31 44b9d4395
SCHED-TRACE 11265 3385 P 31 44cb4f1a9
SCHED-TRACE 11266 3385 I 67 1c98ac
SCHED-TRACE 11267 3385 B 67 7a
SCHED-TRACE 11268 3385 P 67 44894f1a9
SCHED-TRACE 11269 3385 R 67 44894f1a9
SCHED-TRACE 11270 3386 U 4 1c99ae
SCHED-TRACE 11271 3386 V 4 1c9a2f
SCHED-TRACE 11272 3386 O 0 0
SCHED-TRACE 11273 3386 P 67 44a2d4394
SCHED-TRACE 11274 3387 K 64 443721061
SCHED-TRACE 11275 3387 P 67 44b9e8b43
SCHED-TRACE 11276 3388 P 67 44cb61061
SCHED-TRACE 11277 3388 I 64 1c9f38
SCHED-TRACE 11278 3388 B 64 7b
SCHED-TRACE 11279 3388 P 64 448994395
SCHED-TRACE 11280 3388 R 64 448994395
SCHED-TRACE 11281 3389 U 4 1ca03a
SCHED-TRACE 11282 3389 V 4 1ca0bb
SCHED-TRACE 11283 3389 O 0 0
SCHED-TRACE 11284 3389 P 64 44a319580
SCHED-TRACE 11285 3390 K 61 443735810
SCHED-TRACE 11286 3390 P 64 44ba2dd2e
SCHED-TRACE 11287 3391 P 64 44cba624d
SCHED-TRACE 11288 3391 I 61 1ca5c4
SCHED-TRACE 11289 3391 B 61 7a
SCHED-TRACE 11290 3391 P 61 4489a3958
SCHED-TRACE 11291 3391 R 61 4489a3958
SCHED-TRACE 11292 3392 U 4 1ca6c6
SCHED-TRACE 11293 3392 V 4 1ca747
SCHED-TRACE 11294 3392 O 0 0
SCHED-TRACE 11295 3392 P 61 44a32dd2f
SCHED-TRACE 11296 3393 K 55 4437824dd
SCHED-TRACE 11297 3393 P 61 44ba424dd
SCHED-TRACE 11298 3394 P 61 44cbbd2f2
SCHED-TRACE 11299 3394 I 55 1cac50
SCHED-TRACE 11300 3394 B 55 7a
SCHED-TRACE 11301 3394 P 55 4489eb439
SCHED-TRACE 11302 3394 R 55 4489eb439
SCHED-TRACE 11303 3395 U 4 1cad52
SCHED-TRACE 11304 3395 V 4 1cadd4
SCHED-TRACE 11305 3395 O 0 0
SCHED-TRACE 11306 3395 P 55 44a37a9fc
SCHED-TRACE 11307 3396 K 58 4437b2f1a
SCHED-TRACE 11308 3396 P 55 44ba8f1aa
SCHED-TRACE 11309 3397 P 55 44cc076c8
SCHED-TRACE 11310 3397 I 58 1cb2dc
SCHED-TRACE 11311 3397 B 58 7a
SCHED-TRACE 11312 3397 P 58 448a19581
SCHED-TRACE 11313 3397 R 58 448a19581
SCHED-TRACE 11314 3398 U 4 1cb3de
SCHED-TRACE 11315 3398 V 4 1cb45f
SCHED-TRACE 11316 3398 O 0 0
SCHED-TRACE 11317 3398 P 58 44a3a3958
SCHED-TRACE 11318 3399 K 34 443814395
SCHED-TRACE 11319 3399 P 58 44bab5810
SCHED-TRACE 11320 3400 P 58 44cc2dd2f
SCHED-TRACE 11321 3400 I 34 1cb968
SCHED-TRACE 11322 3400 B 34 7a
SCHED-TRACE 11323 3400 P 34 448a7fbe7
SCHED-TRACE 11324 3400 R 34 448a7fbe7
SCHED-TRACE 11325 3401 U 4 1cba69
SCHED-TRACE 11326 3401 V 4 1cbaeb
SCHED-TRACE 11327 3401 O 0 0
SCHED-TRACE 11328 3401 P 34 44a3f5810
SCHED-TRACE 11329 3402 K 52 4438a8b43
SCHED-TRACE 11330 3402 P 34 44bb09fbe
SCHED-TRACE 11331 3403 P 34 44cc824dd
SCHED-TRACE 11332 3403 I 52 1cbff3
SCHED-TRACE 11333 3403 B 52 7a
SCHED-TRACE 11334 3403 P 52 448b0f1a9
SCHED-TRACE 11335 3403 R 52 448b0f1a9
SCHED-TRACE 11336 3404 U 4 1cc0f6
SCHED-TRACE 11337 3404 V 4 1cc177
SCHED-TRACE 11338 3404 O 0 0
SCHED-TRACE 11339 3404 P 52 44a4a8b43
SCHED-TRACE 11340 3405 K 49 4438f5810
SCHED-TRACE 11341 3405 P 52 44bbbd2f1
SCHED-TRACE 11342 3406 P 52 44cd3a9fb
SCHED-TRACE 11343 3406 I 49 1cc680
SCHED-TRACE 11344 3406 B 49 7a
SCHED-TRACE 11345 3406 P 49 448b6624d
SCHED-TRACE 11346 3406 R 49 448b6624d
SCHED-TRACE 11347 3407 U 4 1cc783
SCHED-TRACE 11348 3407 V 4 1cc804
SCHED-TRACE 11349 3407 O 0 0
SCHED-TRACE 11350 3407 P 49 44a504dd3
SCHED-TRACE 11351 3408 K 43 443a076c8
SCHED-TRACE 11352 3408 P 49 44bc1be76
SCHED-TRACE 11353 3409 P 49 44cd99581
SCHED-TRACE 11354 3409 I 43 1ccd0d
SCHED-TRACE 11355 3409 B 43 7b
SCHED-TRACE 11356 3409 P 43 448c72f1a
SCHED-TRACE 11357 3409 R 43 448c72f1a
SCHED-TRACE 11358 3410 U 4 1cce10
SCHED-TRACE 11359 3410 V 4 1cce91
SCHED-TRACE 11360 3410 O 0 0
SCHED-TRACE 11361 3410 P 43 44a614395
SCHED-TRACE 11362 3411 K 40 443b1e76b
SCHED-TRACE 11363 3411 P 43 44bd28b43
SCHED-TRACE 11364 3412 P 43 44cea624d
SCHED-TRACE 11365 3412 I 40 1cd39a
SCHED-TRACE 11366 3412 B 40 7a
SCHED-TRACE 11367 3412 P 40 448d84dd2
SCHED-TRACE 11368 3412 R 40 448d84dd2
SCHED-TRACE 11369 3413 U 4 1cd49d
SCHED-TRACE 11370 3413 V 4 1cd51e
SCHED-TRACE 11371 3413 O 0 0
SCHED-TRACE 11372 3413 P 40 44a728b43
SCHED-TRACE 11373 3414 K 46 4443876c9
SCHED-TRACE 11374 3414 P 40 44be3d2f1
SCHED-TRACE 11375 3415 P 40 44cfba9fb
SCHED-TRACE 11376 3415 I 46 1cda27
SCHED-TRACE 11377 3415 B 46 7a
SCHED-TRACE 11378 3415 P 46 4495edd2f
SCHED-TRACE 11379 3415 R 46 4495edd2f
SCHED-TRACE 11380 3416 U 4 1cdb2a
SCHED-TRACE 11381 3416 V 4 1cdbab
SCHED-TRACE 11382 3416 O 0 0
SCHED-TRACE 11383 3416 P 46 44af8c8b4
SCHED-TRACE 11384 3417 K 46 44af8c8b4
SCHED-TRACE 11385 3417 P 46 44c6a1062
SCHED-TRACE 11386 3418 I 46 1ce0b4
SCHED-TRACE 11387 3418 B 46 7a
SCHED-TRACE 11388 3418 P 46 452a89fbe
SCHED-TRACE 11389 3418 R 46 452a89fbe
SCHED-TRACE 11390 3419 U 4 1ce1b7
SCHED-TRACE 11391 3419 V 4 1ce238
SCHED-TRACE 11392 3419 O 0 0
SCHED-TRACE 11393 3419 P 46 454423958
SCHED-TRACE 11394 3420 K 73 44c9076c8
SCHED-TRACE 11395 3420 P 46 455b38106
SCHED-TRACE 11396 3421 P 46 456cb2f1a
SCHED-TRACE 11397 3421 I 73 1ce741
SCHED-TRACE 11398 3421 B 73 7b
SCHED-TRACE 11399 3421 P 73 451b78106
SCHED-TRACE 11400 3421 R 73 451b78106
SCHED-TRACE 11401 3422 U 4 1ce843
SCHED-TRACE 11402 3422 V 4 1ce8c4
SCHED-TRACE 11403 3422 O 0 0
SCHED-TRACE 11404 3422 P 73 4534f8106
SCHED-TRACE 11405 3423 K 70 44ca38105
SCHED-TRACE 11406 3423 P 73 454c0c8b4
SCHED-TRACE 11407 3424 P 73 455d876c8
SCHED-TRACE 11408 3424 I 70 1cedcd
SCHED-TRACE 11409 3424 B 70 7a
SCHED-TRACE 11410 3424 P 70 451ca8b43
SCHED-TRACE 11411 3424 R 70 451ca8b43
SCHED-TRACE 11412 3425 U 4 1ceecf
SCHED-TRACE 11413 3425 V 4 1cef50
SCHED-TRACE 11414 3425 O 0 0
SCHED-TRACE 11415 3425 P 70 45362b438
SCHED-TRACE 11416 3426 K 76 44ca424dd
SCHED-TRACE 11417 3426 P 70 454d3fbe7
SCHED-TRACE 11418 3427 P 70 455eba9fb
SCHED-TRACE 11419 3427 I 76 1cf459
SCHED-TRACE 11420 3427 B 76 7a
SCHED-TRACE 11421 3427 P 76 451cb2f1a
SCHED-TRACE 11422 3427 R 76 451cb2f1a
SCHED-TRACE 11423 3428 U 4 1cf55b
SCHED-TRACE 11424 3428 V 4 1cf5dc
SCHED-TRACE 11425 3428 O 0 0
SCHED-TRACE 11426 3428 P 76 45362dd2e
SCHED-TRACE 11427 3429 K 31 44cb4f1a9
SCHED-TRACE 11428 3429 P 76 454d424dd
SCHED-TRACE 11429 3430 P 76 455eba9fb
SCHED-TRACE 11430 3430 I 31 1cfae4
SCHED-TRACE 11431 3430 B 31 7a
SCHED-TRACE 11432 3430 P 31 451db0624
SCHED-TRACE 11433 3430 R 31 451db0624
SCHED-TRACE 11434 3431 U 4 1cfbe5
SCHED-TRACE 11435 3431 V 4 1cfc67
SCHED-TRACE 11436 3431 O 0 0
SCHED-TRACE 11437 3431 P 31 453728b43
SCHED-TRACE 11438 3432 K 67 44cb61061
SCHED-TRACE 11439 3432 P 31 454e3d2f1
SCHED-TRACE 11440 3433 P 31 455fb5810
SCHED-TRACE 11441 3433 I 67 1d016f
SCHED-TRACE 11442 3433 B 67 7b
SCHED-TRACE 11443 3433 P 67 451dc76c8
SCHED-TRACE 11444 3433 R 67 451dc76c8
SCHED-TRACE 11445 3434 U 4 1d0271
SCHED-TRACE 11446 3434 V 4 1d02f2
SCHED-TRACE 11447 3434 O 0 0
SCHED-TRACE 11448 3434 P 67 453749fbd
SCHED-TRACE 11449 3435 K 64 44cba624d
SCHED-TRACE 11450 3435 P 67 454e5e76c
SCHED-TRACE 11451 3436 P 67 455fd6c8a
SCHED-TRACE 11452 3436 I 64 1d07fb
SCHED-TRACE 11453 3436 B 64 7a
SCHED-TRACE 11454 3436 P 64 451e16c8a
SCHED-TRACE 11455 3436 R 64 451e16c8a
SCHED-TRACE 11456 3437 U 4 1d08fd
SCHED-TRACE 11457 3437 V 4 1d097e
SCHED-TRACE 11458 3437 O 0 0
SCHED-TRACE 11459 3437 P 64 45379e76c
SCHED-TRACE 11460 3438 K 61 44cbbd2f2
SCHED-TRACE 11461 3438 P 64 454eb2f1a
SCHED-TRACE 11462 3439 P 64 45602b439
SCHED-TRACE 11463 3439 I 61 1d0e87
SCHED-TRACE 11464 3439 B 61 7a
SCHED-TRACE 11465 3439 P 61 451e2dd2f
SCHED-TRACE 11466 3439 R 61 451e2dd2f
SCHED-TRACE 11467 3440 U 4 1d0f89
SCHED-TRACE 11468 3440 V 4 1d100a
SCHED-TRACE 11469 3440 O 0 0
SCHED-TRACE 11470 3440 P 61 4537ba9fc
SCHED-TRACE 11471 3441 K 55 44cc076c8
SCHED-TRACE 11472 3441 P 61 454ecf1aa
SCHED-TRACE 11473 3442 P 61 4560476c9
SCHED-TRACE 11474 3442 I 55 1d1513
SCHED-TRACE 11475 3442 B 55 7b
SCHED-TRACE 11476 3442 P 55 451e72f1a
SCHED-TRACE 11477 3442 R 55 451e72f1a
SCHED-TRACE 11478 3443 U 4 1d1615
SCHED-TRACE 11479 3443 V 4 1d1697
SCHED-TRACE 11480 3443 O 0 0
SCHED-TRACE 11481 3443 P 55 4538024dd
SCHED-TRACE 11482 3444 K 58 44cc2dd2f
SCHED-TRACE 11483 3444 P 55 454f16c8b
SCHED-TRACE 11484 3445 P 55 45608f1aa
SCHED-TRACE 11485 3445 I 58 1d1b9f
SCHED-TRACE 11486 3445 B 58 7a
SCHED-TRACE 11487 3445 P 58 451e94395
SCHED-TRACE 11488 3445 R 58 451e94395
SCHED-TRACE 11489 3446 U 4 1d1ca1
SCHED-TRACE 11490 3446 V 4 1d1d22
SCHED-TRACE 11491 3446 O 0 0
SCHED-TRACE 11492 3446 P 58 45381e76c
SCHED-TRACE 11493 3447 K 34 44cc824dd
SCHED-TRACE 11494 3447 P 58 454f32f1a
SCHED-TRACE 11495 3448 P 58 4560ab439
SCHED-TRACE 11496 3448 I 34 1d222b
SCHED-TRACE 11497 3448 B 34 7a
SCHED-TRACE 11498 3448 P 34 451eedd2f
SCHED-TRACE 11499 3448 R 34 451eedd2f
SCHED-TRACE 11500 3449 U 4 1d232c
SCHED-TRACE 11501 3449 V 4 1d23ad
SCHED-TRACE 11502 3449 O 0 0
SCHED-TRACE 11503 3449 P 34 453863958
SCHED-TRACE 11504 3450 K 52 44cd3a9fb
SCHED-TRACE 11505 3450 P 34 454f75810
SCHED-TRACE 11506 3451 P 34 4560f0624
SCHED-TRACE 11507 3451 I 52 1d28b6
SCHED-TRACE 11508 3451 B 52 7a
SCHED-TRACE 11509 3451 P 52 451fa1062
SCHED-TRACE 11510 3451 R 52 451fa1062
SCHED-TRACE 11511 3452 U 4 1d29b9
SCHED-TRACE 11512 3452 V 4 1d2a3a
SCHED-TRACE 11513 3452 O 0 0
SCHED-TRACE 11514 3452 P 52 45393a9fb
SCHED-TRACE 11515 3453 K 49 44cd99581
SCHED-TRACE 11516 3453 P 52 45504f1a9
SCHED-TRACE 11517 3454 P 52 4561cc8b3
SCHED-TRACE 11518 3454 I 49 1d2f43
SCHED-TRACE 11519 3454 B 49 7a
SCHED-TRACE 11520 3454 P 49 4520076c8
SCHED-TRACE 11521 3454 R 49 4520076c8
SCHED-TRACE 11522 3455 U 4 1d3046
SCHED-TRACE 11523 3455 V 4 1d30c7
SCHED-TRACE 11524 3455 O 0 0
SCHED-TRACE 11525 3455 P 49 4539a3958
SCHED-TRACE 11526 3456 K 43 44cea624d
SCHED-TRACE 11527 3456 P 49 4550b8106
SCHED-TRACE 11528 3457 P 49 456235810
SCHED-TRACE 11529 3457 I 43 1d35d0
SCHED-TRACE 11530 3457 B 43 7a
SCHED-TRACE 11531 3457 P 43 452111a9f
SCHED-TRACE 11532 3457 R 43 452111a9f
SCHED-TRACE 11533 3458 U 4 1d36d3
SCHED-TRACE 11534 3458 V 4 1d3754
SCHED-TRACE 11535 3458 O 0 0
SCHED-TRACE 11536 3458 P 43 453ab5810
SCHED-TRACE 11537 3459 K 37 44cfb8106
SCHED-TRACE 11538 3459 P 43 4551c9fbe
SCHED-TRACE 11539 3460 P 43 4563476c8
SCHED-TRACE 11540 3460 I 37 1d3c5d
SCHED-TRACE 11541 3460 B 37 7a
SCHED-TRACE 11542 3460 P 37 45221be76
SCHED-TRACE 11543 3460 R 37 45221be76
SCHED-TRACE 11544 3461 U 4 1d3d60
SCHED-TRACE 11545 3461 V 4 1d3de1
SCHED-TRACE 11546 3461 O 0 0
SCHED-TRACE 11547 3461 P 37 453bbfbe7
SCHED-TRACE 11548 3462 K 40 44cfba9fb
SCHED-TRACE 11549 3462 P 37 4552d4395
SCHED-TRACE 11550 3463 P 37 45644f1a9
SCHED-TRACE 11551 3463 I 40 1d42ea
SCHED-TRACE 11552 3463 B 40 7a
SCHED-TRACE 11553 3463 P 40 45221e76b
SCHED-TRACE 11554 3463 R 40 45221e76b
SCHED-TRACE 11555 3464 U 4 1d43ed
SCHED-TRACE 11556 3464 V 4 1d446e
SCHED-TRACE 11557 3464 O 0 0
SCHED-TRACE 11558 3464 P 40 453bbfbe6
SCHED-TRACE 11559 3465 K 40 453bbfbe6
SCHED-TRACE 11560 3465 P 40 4552d6c8a
SCHED-TRACE 11561 3466 I 40 1d4977
SCHED-TRACE 11562 3466 B 40 7b
SCHED-TRACE 11563 3466 P 40 45b6ba9fb
SCHED-TRACE 11564 3466 R 40 45b6ba9fb
SCHED-TRACE 11565 3467 U 4 1d4a7a
SCHED-TRACE 11566 3467 V 4 1d4afb
SCHED-TRACE 11567 3467 O 0 0
SCHED-TRACE 11568 3467 P 40 45d059580
SCHED-TRACE 11569 3468 K 73 455d876c8
SCHED-TRACE 11570 3468 P 40 45e76dd2e
SCHED-TRACE 11571 3469 P 40 45f8e8b43
SCHED-TRACE 11572 3469 I 73 1d5004
SCHED-TRACE 11573 3469 B 73 7b
SCHED-TRACE 11574 3469 P 73 45aff2f1a
SCHED-TRACE 11575 3469 R 73 45aff2f1a
SCHED-TRACE 11576 3470 U 4 1d5106
SCHED-TRACE 11577 3470 V 4 1d5187
SCHED-TRACE 11578 3470 O 0 0
SCHED-TRACE 11579 3470 P 73 45c972f1a
SCHED-TRACE 11580 3471 K 70 455eba9fb
SCHED-TRACE 11581 3471 P 73 45e0876c8
SCHED-TRACE 11582 3472 P 73 45f2024dd
SCHED-TRACE 11583 3472 I 70 1d5690
SCHED-TRACE 11584 3472 B 70 7a
SCHED-TRACE 11585 3472 P 70 45b12b438
SCHED-TRACE 11586 3472 R 70 45b12b438
SCHED-TRACE 11587 3473 U 4 1d5792
SCHED-TRACE 11588 3473 V 4 1d5813
SCHED-TRACE 11589 3473 O 0 0
SCHED-TRACE 11590 3473 P 70 45caadd2e
SCHED-TRACE 11591 3474 K 76 455eba9fb
SCHED-TRACE 11592 3474 P 70 45e1c24dc
SCHED-TRACE 11593 3475 P 70 45f33d2f1
SCHED-TRACE 11594 3475 I 76 1d5d1c
SCHED-TRACE 11595 3475 B 76 7a
SCHED-TRACE 11596 3475 P 76 45b12b439
SCHED-TRACE 11597 3475 R 76 45b12b439
SCHED-TRACE 11598 3476 U 4 1d5e1e
SCHED-TRACE 11599 3476 V 4 1d5e9f
SCHED-TRACE 11600 3476 O 0 0
SCHED-TRACE 11601 3476 P 76 45caa8b43
SCHED-TRACE 11602 3477 K 31 455fb5810
SCHED-TRACE 11603 3477 P 76 45e1bd2f1
SCHED-TRACE 11604 3478 P 76 45f335810
SCHED-TRACE 11605 3478 I 31 1d63a7
SCHED-TRACE 11606 3478 B 31 7a
SCHED-TRACE 11607 3478 P 31 45b216c8b
SCHED-TRACE 11608 3478 R 31 45b216c8b
SCHED-TRACE 11609 3479 U 4 1d64a8
SCHED-TRACE 11610 3479 V 4 1d652a
SCHED-TRACE 11611 3479 O 0 0
SCHED-TRACE 11612 3479 P 31 45cb8f1a9
SCHED-TRACE 11613 3480 K 67 455fd6c8a
SCHED-TRACE 11614 3480 P 31 45e2a3957
SCHED-TRACE 11615 3481 P 31 45f41be76
SCHED-TRACE 11616 3481 I 67 1d6a32
SCHED-TRACE 11617 3481 B 67 7a
SCHED-TRACE 11618 3481 P 67 45b23a9fb
SCHED-TRACE 11619 3481 R 67 45b23a9fb
SCHED-TRACE 11620 3482 U 4 1d6b34
SCHED-TRACE 11621 3482 V 4 1d6bb5
SCHED-TRACE 11622 3482 O 0 0
SCHED-TRACE 11623 3482 P 67 45cbbd2f1
SCHED-TRACE 11624 3483 K 64 45602b439
SCHED-TRACE 11625 3483 P 67 45e2d1a9f
SCHED-TRACE 11626 3484 P 67 45f449fbd
SCHED-TRACE 11627 3484 I 64 1d70be
SCHED-TRACE 11628 3484 B 64 7a
SCHED-TRACE 11629 3484 P 64 45b29e76c
SCHED-TRACE 11630 3484 R 64 45b29e76c
SCHED-TRACE 11631 3485 U 4 1d71c0
SCHED-TRACE 11632 3485 V 4 1d7241
SCHED-TRACE 11633 3485 O 0 0
SCHED-TRACE 11634 3485 P 64 45cc2624d
SCHED-TRACE 11635 3486 K 61 4560476c9
SCHED-TRACE 11636 3486 P 64 45e338105
SCHED-TRACE 11637 3487 P 64 45f4b0624
SCHED-TRACE 11638 3487 I 61 1d774a
SCHED-TRACE 11639 3487 B 61 7a
SCHED-TRACE 11640 3487 P 61 45b2b8106
SCHED-TRACE 11641 3487 R 61 45b2b8106
SCHED-TRACE 11642 3488 U 4 1d784c
SCHED-TRACE 11643 3488 V 4 1d78cd
SCHED-TRACE 11644 3488 O 0 0
SCHED-TRACE 11645 3488 P 61 45cc44dd3
SCHED-TRACE 11646 3489 K 55 45608f1aa
SCHED-TRACE 11647 3489 P 61 45e359581
SCHED-TRACE 11648 3490 P 61 45f4d1aa0
SCHED-TRACE 11649 3490 I 55 1d7dd6
SCHED-TRACE 11650 3490 B 55 7b
SCHED-TRACE 11651 3490 P 55 45b2fa9fc
SCHED-TRACE 11652 3490 R 55 45b2fa9fc
SCHED-TRACE 11653 3491 U 4 1d7ed8
SCHED-TRACE 11654 3491 V 4 1d7f5a
SCHED-TRACE 11655 3491 O 0 0
SCHED-TRACE 11656 3491 P 55 45cc89fbe
SCHED-TRACE 11657 3492 K 58 4560ab439
SCHED-TRACE 11658 3492 P 55 45e39be77
SCHED-TRACE 11659 3493 P 55 45f514395
SCHED-TRACE 11660 3493 I 58 1d8462
SCHED-TRACE 11661 3493 B 58 7a
SCHED-TRACE 11662 3493 P 58 45b311a9f
SCHED-TRACE 11663 3493 R 58 45b311a9f
SCHED-TRACE 11664 3494 U 4 1d8564
SCHED-TRACE 11665 3494 V 4 1d85e5
SCHED-TRACE 11666 3494 O 0 0
SCHED-TRACE 11667 3494 P 58 45cc9e76c
SCHED-TRACE 11668 3495 K 34 4560f0624
SCHED-TRACE 11669 3495 P 58 45e3b2f1a
SCHED-TRACE 11670 3496 P 58 45f52b439
SCHED-TRACE 11671 3496 I 34 1d8aee
SCHED-TRACE 11672 3496 B 34 7a
SCHED-TRACE 11673 3496 P 34 45b35be76
SCHED-TRACE 11674 3496 R 34 45b35be76
SCHED-TRACE 11675 3497 U 4 1d8bef
SCHED-TRACE 11676 3497 V 4 1d8c71
SCHED-TRACE 11677 3497 O 0 0
SCHED-TRACE 11678 3497 P 34 45ccd1a9f
SCHED-TRACE 11679 3498 K 52 4561cc8b3
SCHED-TRACE 11680 3498 P 34 45e3e624d
SCHED-TRACE 11681 3499 P 34 45f55e76c
SCHED-TRACE 11682 3499 I 52 1d9179
SCHED-TRACE 11683 3499 B 52 7b
SCHED-TRACE 11684 3499 P 52 45b435810
SCHED-TRACE 11685 3499 R 52 45b435810
SCHED-TRACE 11686 3500 U 4 1d927c
SCHED-TRACE 11687 3500 V 4 1d92fd
SCHED-TRACE 11688 3500 O 0 0
SCHED-TRACE 11689 3500 P 52 45cdcc8b3
SCHED-TRACE 11690 3501 K 49 456235810
SCHED-TRACE 11691 3501 P 52 45e4e1062
SCHED-TRACE 11692 3502 P 52 45f65e76c
SCHED-TRACE 11693 3502 I 49 1d9806
SCHED-TRACE 11694 3502 B 49 7a
SCHED-TRACE 11695 3502 P 49 45b4a3958
SCHED-TRACE 11696 3502 R 49 45b4a3958
SCHED-TRACE 11697 3503 U 4 1d9909
SCHED-TRACE 11698 3503 V 4 1d998a
SCHED-TRACE 11699 3503 O 0 0
SCHED-TRACE 11700 3503 P 49 45ce3fbe7
SCHED-TRACE 11701 3504 K 43 4563476c8
SCHED-TRACE 11702 3504 P 49 45e554395
SCHED-TRACE 11703 3505 P 49 45f6d4395
SCHED-TRACE 11704 3505 I 43 1d9e93
SCHED-TRACE 11705 3505 B 43 7a
SCHED-TRACE 11706 3505 P 43 45b5b0624
SCHED-TRACE 11707 3505 R 43 45b5b0624
SCHED-TRACE 11708 3506 U 4 1d9f96
SCHED-TRACE 11709 3506 V 4 1da017
SCHED-TRACE 11710 3506 O 0 0
SCHED-TRACE 11711 3506 P 43 45cf51a9f
SCHED-TRACE 11712 3507 K 37 45644f1a9
SCHED-TRACE 11713 3507 P 43 45e66624d
SCHED-TRACE 11714 3508 P 43 45f7e3957
SCHED-TRACE 11715 3508 I 37 1da520
SCHED-TRACE 11716 3508 B 37 7a
SCHED-TRACE 11717 3508 P 37 45b6b5810
SCHED-TRACE 11718 3508 R 37 45b6b5810
SCHED-TRACE 11719 3509 U 4 1da623
SCHED-TRACE 11720 3509 V 4 1da6a4
SCHED-TRACE 11721 3509 O 0 0
SCHED-TRACE 11722 3509 P 37 45d05be76
SCHED-TRACE 11723 3510 K 46 456cb2f1a
SCHED-TRACE 11724 3510 P 37 45e770624
SCHED-TRACE 11725 3511 P 37 45f8eb439
SCHED-TRACE 11726 3511 I 46 1dabad
SCHED-TRACE 11727 3511 B 46 7a
SCHED-TRACE 11728 3511 P 46 45bf19581
SCHED-TRACE 11729 3511 R 46 45bf19581
SCHED-TRACE 11730 3512 U 4 1dacb0
SCHED-TRACE 11731 3512 V 4 1dad31
SCHED-TRACE 11732 3512 O 0 0
SCHED-TRACE 11733 3512 P 46 45d8b5810
SCHED-TRACE 11734 3513 K 46 45d8b5810
SCHED-TRACE 11735 3513 P 46 45efc9fbe
SCHED-TRACE 11736 3514 I 46 1db23a
SCHED-TRACE 11737 3514 B 46 7a
SCHED-TRACE 11738 3514 P 46 4653b5810
SCHED-TRACE 11739 3514 R 46 4653b5810
SCHED-TRACE 11740 3515 U 4 1db33d
SCHED-TRACE 11741 3515 V 4 1db3be
SCHED-TRACE 11742 3515 O 0 0
SCHED-TRACE 11743 3515 P 46 466d51aa0
SCHED-TRACE 11744 3516 K 73 45f2024dd
SCHED-TRACE 11745 3516 P 46 46846624e
SCHED-TRACE 11746 3517 P 46 4695e1062
SCHED-TRACE 11747 3517 I 73 1db8c7
SCHED-TRACE 11748 3517 B 73 7a
SCHED-TRACE 11749 3517 P 73 464472f1a
SCHED-TRACE 11750 3517 R 73 464472f1a
SCHED-TRACE 11751 3518 U 4 1db9c9
SCHED-TRACE 11752 3518 V 4 1dba4a
SCHED-TRACE 11753 3518 O 0 0
SCHED-TRACE 11754 3518 P 73 465df2f1a
SCHED-TRACE 11755 3519 K 76 45f335810
SCHED-TRACE 11756 3519 P 73 4675076c8
SCHED-TRACE 11757 3520 P 73 4686824dd
SCHED-TRACE 11758 3520 I 76 1dbf53
SCHED-TRACE 11759 3520 B 76 7a
SCHED-TRACE 11760 3520 P 76 4645a8b43
SCHED-TRACE 11761 3520 R 76 4645a8b43
SCHED-TRACE 11762 3521 U 4 1dc055
SCHED-TRACE 11763 3521 V 4 1dc0d6
SCHED-TRACE 11764 3521 O 0 0
SCHED-TRACE 11765 3521 P 76 465f2624d
SCHED-TRACE 11766 3522 K 70 45f33d2f1
SCHED-TRACE 11767 3522 P 76 46763a9fb
SCHED-TRACE 11768 3523 P 76 4687b2f1a
SCHED-TRACE 11769 3523 I 70 1dc5de
SCHED-TRACE 11770 3523 B 70 7b
SCHED-TRACE 11771 3523 P 70 46459e76c
SCHED-TRACE 11772 3523 R 70 46459e76c
SCHED-TRACE 11773 3524 U 4 1dc6e0
SCHED-TRACE 11774 3524 V 4 1dc761
SCHED-TRACE 11775 3524 O 0 0
SCHED-TRACE 11776 3524 P 70 465f1e76c
SCHED-TRACE 11777 3525 K 31 45f41be76
SCHED-TRACE 11778 3525 P 70 467632f1a
SCHED-TRACE 11779 3526 P 70 4687ab438
SCHED-TRACE 11780 3526 I 31 1dcc6a
SCHED-TRACE 11781 3526 B 31 7a
SCHED-TRACE 11782 3526 P 31 46468f1a9
SCHED-TRACE 11783 3526 R 31 46468f1a9
SCHED-TRACE 11784 3527 U 4 1dcd6c
SCHED-TRACE 11785 3527 V 4 1dcded
SCHED-TRACE 11786 3527 O 0 0
SCHED-TRACE 11787 3527 P 31 4660076c8
SCHED-TRACE 11788 3528 K 67 45f449fbd
SCHED-TRACE 11789 3528 P 31 467719580
SCHED-TRACE 11790 3529 P 31 468894395
SCHED-TRACE 11791 3529 I 67 1dd2f5
SCHED-TRACE 11792 3529 B 67 7a
SCHED-TRACE 11793 3529 P 67 4646ab438
SCHED-TRACE 11794 3529 R 67 4646ab438
SCHED-TRACE 11795 3530 U 4 1dd3f7
SCHED-TRACE 11796 3530 V 4 1dd478
SCHED-TRACE 11797 3530 O 0 0
SCHED-TRACE 11798 3530 P 67 466030624
SCHED-TRACE 11799 3531 K 64 45f4b0624
SCHED-TRACE 11800 3531 P 67 467744dd2
SCHED-TRACE 11801 3532 P 67 4688bd2f1
SCHED-TRACE 11802 3532 I 64 1dd981
SCHED-TRACE 11803 3532 B 64 7b
SCHED-TRACE 11804 3532 P 64 464723957
SCHED-TRACE 11805 3532 R 64 464723957
SCHED-TRACE 11806 3533 U 4 1dda83
SCHED-TRACE 11807 3533 V 4 1ddb04
SCHED-TRACE 11808 3533 O 0 0
SCHED-TRACE 11809 3533 P 64 4660a8b43
SCHED-TRACE 11810 3534 K 61 45f4d1aa0
SCHED-TRACE 11811 3534 P 64 4677bd2f1
SCHED-TRACE 11812 3535 P 64 468935810
SCHED-TRACE 11813 3535 I 61 1de00d
SCHED-TRACE 11814 3535 B 61 7a
SCHED-TRACE 11815 3535 P 61 46473fbe7
SCHED-TRACE 11816 3535 R 61 46473fbe7
SCHED-TRACE 11817 3536 U 4 1de10f
SCHED-TRACE 11818 3536 V 4 1de190
SCHED-TRACE 11819 3536 O 0 0
SCHED-TRACE 11820 3536 P 61 4660c9fbe
SCHED-TRACE 11821 3537 K 55 45f514395
SCHED-TRACE 11822 3537 P 61 4677de76c
SCHED-TRACE 11823 3538 P 61 468959581
SCHED-TRACE 11824 3538 I 55 1de699
SCHED-TRACE 11825 3538 B 55 7a
SCHED-TRACE 11826 3538 P 55 46477d2f1
SCHED-TRACE 11827 3538 R 55 46477d2f1
SCHED-TRACE 11828 3539 U 4 1de79b
SCHED-TRACE 11829 3539 V 4 1de81d
SCHED-TRACE 11830 3539 O 0 0
SCHED-TRACE 11831 3539 P 55 46610c8b4
SCHED-TRACE 11832 3540 K 58 45f52b439
SCHED-TRACE 11833 3540 P 55 467821062
SCHED-TRACE 11834 3541 P 55 468999581
SCHED-TRACE 11835 3541 I 58 1ded25
SCHED-TRACE 11836 3541 B 58 7a
SCHED-TRACE 11837 3541 P 58 464791a9f
SCHED-TRACE 11838 3541 R 58 464791a9f
SCHED-TRACE 11839 3542 U 4 1dee27
SCHED-TRACE 11840 3542 V 4 1deea8
SCHED-TRACE 11841 3542 O 0 0
SCHED-TRACE 11842 3542 P 58 46611be76
SCHED-TRACE 11843 3543 K 34 45f55e76c
SCHED-TRACE 11844 3543 P 58 467830624
SCHED-TRACE 11845 3544 P 58 4689a624d
SCHED-TRACE 11846 3544 I 34 1df3b1
SCHED-TRACE 11847 3544 B 34 7b
SCHED-TRACE 11848 3544 P 34 4647cf1aa
SCHED-TRACE 11849 3544 R 34 4647cf1aa
SCHED-TRACE 11850 3545 U 4 1df4b2
SCHED-TRACE 11851 3545 V 4 1df534
SCHED-TRACE 11852 3545 O 0 0
SCHED-TRACE 11853 3545 P 34 4661424dd
SCHED-TRACE 11854 3546 K 52 45f65e76c
SCHED-TRACE 11855 3546 P 34 467856c8b
SCHED-TRACE 11856 3547 P 34 4689cf1aa
SCHED-TRACE 11857 3547 I 52 1dfa3c
SCHED-TRACE 11858 3547 B 52 7a
SCHED-TRACE 11859 3547 P 52 4648c4dd2
SCHED-TRACE 11860 3547 R 52 4648c4dd2
SCHED-TRACE 11861 3548 U 4 1dfb3f
SCHED-TRACE 11862 3548 V 4 1dfbc0
SCHED-TRACE 11863 3548 O 0 0
SCHED-TRACE 11864 3548 P 52 46625e76c
SCHED-TRACE 11865 3549 K 49 45f6d4395
SCHED-TRACE 11866 3549 P 52 467972f1a
SCHED-TRACE 11867 3550 P 52 468af0624
SCHED-TRACE 11868 3550 I 49 1e00c9
SCHED-TRACE 11869 3550 B 49 7a
SCHED-TRACE 11870 3550 P 49 464944dd3
SCHED-TRACE 11871 3550 R 49 464944dd3
SCHED-TRACE 11872 3551 U 4 1e01cc
SCHED-TRACE 11873 3551 V 4 1e024d
SCHED-TRACE 11874 3551 O 0 0
SCHED-TRACE 11875 3551 P 49 4662e1062
SCHED-TRACE 11876 3552 K 43 45f7e3957
SCHED-TRACE 11877 3552 P 49 4679f5810
SCHED-TRACE 11878 3553 P 49 468b72f1a
SCHED-TRACE 11879 3553 I 43 1e0756
SCHED-TRACE 11880 3553 B 43 7a
SCHED-TRACE 11881 3553 P 43 464a4f1a9
SCHED-TRACE 11882 3553 R 43 464a4f1a9
SCHED-TRACE 11883 3554 U 4 1e0859
SCHED-TRACE 11884 3554 V 4 1e08da
SCHED-TRACE 11885 3554 O 0 0
SCHED-TRACE 11886 3554 P 43 4663f0624
SCHED-TRACE 11887 3555 K 40 45f8e8b43
SCHED-TRACE 11888 3555 P 43 467b076c8
SCHED-TRACE 11889 3556 P 43 468c84dd2
SCHED-TRACE 11890 3556 I 40 1e0de3
SCHED-TRACE 11891 3556 B 40 7b
SCHED-TRACE 11892 3556 P 40 464b51a9f
SCHED-TRACE 11893 3556 R 40 464b51a9f
SCHED-TRACE 11894 3557 U 4 1e0ee6
SCHED-TRACE 11895 3557 V 4 1e0f67
SCHED-TRACE 11896 3557 O 0 0
SCHED-TRACE 11897 3557 P 40 4664f580f
SCHED-TRACE 11898 3558 K 37 45f8eb439
SCHED-TRACE 11899 3558 P 40 467c09fbd
SCHED-TRACE 11900 3559 P 40 468d876c8
SCHED-TRACE 11901 3559 I 37 1e1470
SCHED-TRACE 11902 3559 B 37 7a
SCHED-TRACE 11903 3559 P 37 464b4f1a9
SCHED-TRACE 11904 3559 R 37 464b4f1a9
SCHED-TRACE 11905 3560 U 4 1e1573
SCHED-TRACE 11906 3560 V 4 1e15f4
SCHED-TRACE 11907 3560 O 0 0
SCHED-TRACE 11908 3560 P 37 4664f5810
SCHED-TRACE 11909 3561 K 37 4664f5810
SCHED-TRACE 11910 3561 P 37 467c09fbe
SCHED-TRACE 11911 3562 I 37 1e1afd
SCHED-TRACE 11912 3562 B 37 7a
SCHED-TRACE 11913 3562 P 37 46dfeb439
SCHED-TRACE 11914 3562 R 37 46dfeb439
SCHED-TRACE 11915 3563 U 4 1e1c00
SCHED-TRACE 11916 3563 V 4 1e1c81
SCHED-TRACE 11917 3563 O 0 0
SCHED-TRACE 11918 3563 P 37 46f98f1a9
SCHED-TRACE 11919 3564 K 73 4686824dd
SCHED-TRACE 11920 3564 P 37 4710a3958
SCHED-TRACE 11921 3565 P 37 47221e76c
SCHED-TRACE 11922 3565 I 73 1e218a
SCHED-TRACE 11923 3565 B 73 7a
SCHED-TRACE 11924 3565 P 73 46d8eb439
SCHED-TRACE 11925 3565 R 73 46d8eb439
SCHED-TRACE 11926 3566 U 4 1e228c
SCHED-TRACE 11927 3566 V 4 1e230d
SCHED-TRACE 11928 3566 O 0 0
SCHED-TRACE 11929 3566 P 73 46f26dd2f
SCHED-TRACE 11930 3567 K 70 4687ab438
SCHED-TRACE 11931 3567 P 73 4709824dd
SCHED-TRACE 11932 3568 P 73 471afd2f1
SCHED-TRACE 11933 3568 I 70 1e2816
SCHED-TRACE 11934 3568 B 70 7a
SCHED-TRACE 11935 3568 P 70 46da1be76
SCHED-TRACE 11936 3568 R 70 46da1be76
SCHED-TRACE 11937 3569 U 4 1e2918
SCHED-TRACE 11938 3569 V 4 1e2999
SCHED-TRACE 11939 3569 O 0 0
SCHED-TRACE 11940 3569 P 70 46f39e76c
SCHED-TRACE 11941 3570 K 76 4687b2f1a
SCHED-TRACE 11942 3570 P 70 470ab2f1a
SCHED-TRACE 11943 3571 P 70 471c2dd2e
SCHED-TRACE 11944 3571 I 76 1e2ea2
SCHED-TRACE 11945 3571 B 76 7a
SCHED-TRACE 11946 3571 P 76 46da23957
SCHED-TRACE 11947 3571 R 76 46da23957
SCHED-TRACE 11948 3572 U 4 1e2fa4
SCHED-TRACE 11949 3572 V 4 1e3025
SCHED-TRACE 11950 3572 O 0 0
SCHED-TRACE 11951 3572 P 76 46f39e76c
SCHED-TRACE 11952 3573 K 31 468894395
SCHED-TRACE 11953 3573 P 76 470ab2f1a
SCHED-TRACE 11954 3574 P 76 471c2b439
SCHED-TRACE 11955 3574 I 31 1e352d
SCHED-TRACE 11956 3574 B 31 7b
SCHED-TRACE 11957 3574 P 31 46daf8105
SCHED-TRACE 11958 3574 R 31 46daf8105
SCHED-TRACE 11959 3575 U 4 1e362f
SCHED-TRACE 11960 3575 V 4 1e36b0
SCHED-TRACE 11961 3575 O 0 0
SCHED-TRACE 11962 3575 P 31 46f470624
SCHED-TRACE 11963 3576 K 67 4688bd2f1
SCHED-TRACE 11964 3576 P 31 470b824dc
SCHED-TRACE 11965 3577 P 31 471cfd2f1
SCHED-TRACE 11966 3577 I 67 1e3bb8
SCHED-TRACE 11967 3577 B 67 7a
SCHED-TRACE 11968 3577 P 67 46db1e76c
SCHED-TRACE 11969 3577 R 67 46db1e76c
SCHED-TRACE 11970 3578 U 4 1e3cba
SCHED-TRACE 11971 3578 V 4 1e3d3b
SCHED-TRACE 11972 3578 O 0 0
SCHED-TRACE 11973 3578 P 67 46f4a3957
SCHED-TRACE 11974 3579 K 64 468935810
SCHED-TRACE 11975 3579 P 67 470bb8105
SCHED-TRACE 11976 3580 P 67 471d30624
SCHED-TRACE 11977 3580 I 64 1e4244
SCHED-TRACE 11978 3580 B 64 7b
SCHED-TRACE 11979 3580 P 64 46dba8b43
SCHED-TRACE 11980 3580 R 64 46dba8b43
SCHED-TRACE 11981 3581 U 4 1e4346
SCHED-TRACE 11982 3581 V 4 1e43c7
SCHED-TRACE 11983 3581 O 0 0
SCHED-TRACE 11984 3581 P 64 46f52dd2e
SCHED-TRACE 11985 3582 K 61 468959581
SCHED-TRACE 11986 3582 P 64 470c424dc
SCHED-TRACE 11987 3583 P 64 471dba9fb
SCHED-TRACE 11988 3583 I 61 1e48d0
SCHED-TRACE 11989 3583 B 61 7a
SCHED-TRACE 11990 3583 P 61 46dbc76c9
SCHED-TRACE 11991 3583 R 61 46dbc76c9
SCHED-TRACE 11992 3584 U 4 1e49d2
SCHED-TRACE 11993 3584 V 4 1e4a53
SCHED-TRACE 11994 3584 O 0 0
SCHED-TRACE 11995 3584 P 61 46f551aa0
SCHED-TRACE 11996 3585 K 55 468999581
SCHED-TRACE 11997 3585 P 61 470c6624e
SCHED-TRACE 11998 3586 P 61 471de1062
SCHED-TRACE 11999 3586 I 55 1e4f5c
SCHED-TRACE 12000 3586 B 55 7a
SCHED-TRACE 12001 3586 P 55 46dc024dd
SCHED-TRACE 12002 3586 R 55 46dc024dd
SCHED-TRACE 12003 3587 U 4 1e505e
SCHED-TRACE 12004 3587 V 4 1e50e0
SCHED-TRACE 12005 3587 O 0 0
SCHED-TRACE 12006 3587 P 55 46f591aa0
SCHED-TRACE 12007 3588 K 58 4689a624d
SCHED-TRACE 12008 3588 P 55 470ca624e
SCHED-TRACE 12009 3589 P 55 471e1e76c
SCHED-TRACE 12010 3589 I 58 1e55e8
SCHED-TRACE 12011 3589 B 58 7a
SCHED-TRACE 12012 3589 P 58 46dc0c8b4
SCHED-TRACE 12013 3589 R 58 46dc0c8b4
SCHED-TRACE 12014 3590 U 4 1e56ea
SCHED-TRACE 12015 3590 V 4 1e576b
SCHED-TRACE 12016 3590 O 0 0
SCHED-TRACE 12017 3590 P 58 46f596c8b
SCHED-TRACE 12018 3591 K 34 4689cf1aa
SCHED-TRACE 12019 3591 P 58 470ca8b43
SCHED-TRACE 12020 3592 P 58 471e21062
SCHED-TRACE 12021 3592 I 34 1e5c74
SCHED-TRACE 12022 3592 B 34 7a
SCHED-TRACE 12023 3592 P 34 46dc3a9fb
SCHED-TRACE 12024 3592 R 34 46dc3a9fb
SCHED-TRACE 12025 3593 U 4 1e5d75
SCHED-TRACE 12026 3593 V 4 1e5df7
SCHED-TRACE 12027 3593 O 0 0
SCHED-TRACE 12028 3593 P 34 46f5b0624
SCHED-TRACE 12029 3594 K 52 468af0624
SCHED-TRACE 12030 3594 P 34 470cc4dd3
SCHED-TRACE 12031 3595 P 34 471e3d2f1
SCHED-TRACE 12032 3595 I 52 1e62ff
SCHED-TRACE 12033 3595 B 52 7a
SCHED-TRACE 12034 3595 P 52 46dd56c8a
SCHED-TRACE 12035 3595 R 52 46dd56c8a
SCHED-TRACE 12036 3596 U 4 1e6402
SCHED-TRACE 12037 3596 V 4 1e6483
SCHED-TRACE 12038 3596 O 0 0
SCHED-TRACE 12039 3596 P 52 46f6f0624
SCHED-TRACE 12040 3597 K 49 468b72f1a
SCHED-TRACE 12041 3597 P 52 470e04dd2
SCHED-TRACE 12042 3598 P 52 471f824dc
SCHED-TRACE 12043 3598 I 49 1e698c
SCHED-TRACE 12044 3598 B 49 7a
SCHED-TRACE 12045 3598 P 49 46dde3958
SCHED-TRACE 12046 3598 R 49 46dde3958
SCHED-TRACE 12047 3599 U 4 1e6a8f
SCHED-TRACE 12048 3599 V 4 1e6b10
SCHED-TRACE 12049 3599 O 0 0
SCHED-TRACE 12050 3599 P 49 46f7824dd
SCHED-TRACE 12051 3600 K 43 468c84dd2
SCHED-TRACE 12052 3600 P 49 470e99581
SCHED-TRACE 12053 3601 P 49 472016c8b
SCHED-TRACE 12054 3601 I 43 1e7019
SCHED-TRACE 12055 3601 B 43 7b
SCHED-TRACE 12056 3601 P 43 46def0624
SCHED-TRACE 12057 3601 R 43 46def0624
SCHED-TRACE 12058 3602 U 4 1e711c
SCHED-TRACE 12059 3602 V 4 1e719d
SCHED-TRACE 12060 3602 O 0 0
SCHED-TRACE 12061 3602 P 43 46f891a9f
SCHED-TRACE 12062 3603 K 40 468d876c8
SCHED-TRACE 12063 3603 P 43 470fa624d
SCHED-TRACE 12064 3604 P 43 472123957
SCHED-TRACE 12065 3604 I 40 1e76a6
SCHED-TRACE 12066 3604 B 40 7a
SCHED-TRACE 12067 3604 P 40 46dfedd2e
SCHED-TRACE 12068 3604 R 40 46dfedd2e
SCHED-TRACE 12069 3605 U 4 1e77a9
SCHED-TRACE 12070 3605 V 4 1e782a
SCHED-TRACE 12071 3605 O 0 0
SCHED-TRACE 12072 3605 P 40 46f991a9f
SCHED-TRACE 12073 3606 K 46 4695e1062
SCHED-TRACE 12074 3606 P 40 4710a624d
SCHED-TRACE 12075 3607 P 40 472223957
SCHED-TRACE 12076 3607 I 46 1e7d33
SCHED-TRACE 12077 3607 B 46 7a
SCHED-TRACE 12078 3607 P 46 46e8476c9
SCHED-TRACE 12079 3607 R 46 46e8476c9
SCHED-TRACE 12080 3608 U 4 1e7e36
SCHED-TRACE 12081 3608 V 4 1e7eb7
SCHED-TRACE 12082 3608 O 0 0
SCHED-TRACE 12083 3608 P 46 4701e624e
SCHED-TRACE 12084 3609 K 46 4701e624e
SCHED-TRACE 12085 3609 P 46 4718fa9fc
SCHED-TRACE 12086 3610 I 46 1e83c0
SCHED-TRACE 12087 3610 B 46 7a
SCHED-TRACE 12088 3610 P 46 477ce3958
SCHED-TRACE 12089 3610 R 46 477ce3958
SCHED-TRACE 12090 3611 U 4 1e84c3
SCHED-TRACE 12091 3611 V 4 1e8544
SCHED-TRACE 12092 3611 O 0 0
SCHED-TRACE 12093 3611 P 46 47967d2f2
SCHED-TRACE 12094 3612 K 73 471afd2f1
SCHED-TRACE 12095 3612 P 46 47ad91aa0
SCHED-TRACE 12096 3613 P 46 47bf0c8b4
SCHED-TRACE 12097 3613 I 73 1e8a4d
SCHED-TRACE 12098 3613 B 73 7b
SCHED-TRACE 12099 3613 P 73 476d6dd2f
SCHED-TRACE 12100 3613 R 73 476d6dd2f
SCHED-TRACE 12101 3614 U 4 1e8b4f
SCHED-TRACE 12102 3614 V 4 1e8bd0
SCHED-TRACE 12103 3614 O 0 0
SCHED-TRACE 12104 3614 P 73 4786eb439
SCHED-TRACE 12105 3615 K 76 471c2b439
SCHED-TRACE 12106 3615 P 73 479dffbe7
SCHED-TRACE 12107 3616 P 73 47af7a9fb
SCHED-TRACE 12108 3616 I 76 1e90d9
SCHED-TRACE 12109 3616 B 76 7a
SCHED-TRACE 12110 3616 P 76 476e9e76c
SCHED-TRACE 12111 3616 R 76 476e9e76c
SCHED-TRACE 12112 3617 U 4 1e91db
SCHED-TRACE 12113 3617 V 4 1e925c
SCHED-TRACE 12114 3617 O 0 0
SCHED-TRACE 12115 3617 P 76 47881be76
SCHED-TRACE 12116 3618 K 70 471c2dd2e
SCHED-TRACE 12117 3618 P 76 479f30624
SCHED-TRACE 12118 3619 P 76 47b0ab439
SCHED-TRACE 12119 3619 I 70 1e9765
SCHED-TRACE 12120 3619 B 70 7a
SCHED-TRACE 12121 3619 P 70 476ea3957
SCHED-TRACE 12122 3619 R 70 476ea3957
SCHED-TRACE 12123 3620 U 4 1e9867
SCHED-TRACE 12124 3620 V 4 1e98e8
SCHED-TRACE 12125 3620 O 0 0
SCHED-TRACE 12126 3620 P 70 478823957
SCHED-TRACE 12127 3621 K 31 471cfd2f1
SCHED-TRACE 12128 3621 P 70 479f38105
SCHED-TRACE 12129 3622 P 70 47b0b0624
SCHED-TRACE 12130 3622 I 31 1e9df1
SCHED-TRACE 12131 3622 B 31 7a
SCHED-TRACE 12132 3622 P 31 476f72f1a
SCHED-TRACE 12133 3622 R 31 476f72f1a
SCHED-TRACE 12134 3623 U 4 1e9ef2
SCHED-TRACE 12135 3623 V 4 1e9f74
SCHED-TRACE 12136 3623 O 0 0
SCHED-TRACE 12137 3623 P 31 4788eb439
SCHED-TRACE 12138 3624 K 67 471d30624
SCHED-TRACE 12139 3624 P 31 479fffbe7
SCHED-TRACE 12140 3625 P 31 47b178105
SCHED-TRACE 12141 3625 I 67 1ea47c
SCHED-TRACE 12142 3625 B 67 7a
SCHED-TRACE 12143 3625 P 67 476f94394
SCHED-TRACE 12144 3625 R 67 476f94394
SCHED-TRACE 12145 3626 U 4 1ea57e
SCHED-TRACE 12146 3626 V 4 1ea5ff
SCHED-TRACE 12147 3626 O 0 0
SCHED-TRACE 12148 3626 P 67 478916c8a
SCHED-TRACE 12149 3627 K 64 471dba9fb
SCHED-TRACE 12150 3627 P 67 47a02b438
SCHED-TRACE 12151 3628 P 67 47b1a3957
SCHED-TRACE 12152 3628 I 64 1eab08
SCHED-TRACE 12153 3628 B 64 7a
SCHED-TRACE 12154 3628 P 64 47702dd2e
SCHED-TRACE 12155 3628 R 64 47702dd2e
SCHED-TRACE 12156 3629 U 4 1eac0a
SCHED-TRACE 12157 3629 V 4 1eac8b
SCHED-TRACE 12158 3629 O 0 0
SCHED-TRACE 12159 3629 P 64 4789b5810
SCHED-TRACE 12160 3630 K 61 471de1062
SCHED-TRACE 12161 3630 P 64 47a0c9fbe
SCHED-TRACE 12162 3631 P 64 47b2424dc
SCHED-TRACE 12163 3631 I 61 1eb194
SCHED-TRACE 12164 3631 B 61 7a
SCHED-TRACE 12165 3631 P 61 477051aa0
SCHED-TRACE 12166 3631 R 61 477051aa0
SCHED-TRACE 12167 3632 U 4 1eb296
SCHED-TRACE 12168 3632 V 4 1eb317
SCHED-TRACE 12169 3632 O 0 0
SCHED-TRACE 12170 3632 P 61 4789de76c
SCHED-TRACE 12171 3633 K 55 471e1e76c
SCHED-TRACE 12172 3633 P 61 47a0f2f1a
SCHED-TRACE 12173 3634 P 61 47b26b439
SCHED-TRACE 12174 3634 I 55 1eb820
SCHED-TRACE 12175 3634 B 55 7b
SCHED-TRACE 12176 3634 P 55 477089fbe
SCHED-TRACE 12177 3634 R 55 477089fbe
SCHED-TRACE 12178 3635 U 4 1eb922
SCHED-TRACE 12179 3635 V 4 1eb9a4
SCHED-TRACE 12180 3635 O 0 0
SCHED-TRACE 12181 3635 P 55 478a19581
SCHED-TRACE 12182 3636 K 58 471e21062
SCHED-TRACE 12183 3636 P 55 47a12dd2f
SCHED-TRACE 12184 3637 P 55 47b2a624e
SCHED-TRACE 12185 3637 I 58 1ebeac
SCHED-TRACE 12186 3637 B 58 7a
SCHED-TRACE 12187 3637 P 58 4770876c8
SCHED-TRACE 12188 3637 R 58 4770876c8
SCHED-TRACE 12189 3638 U 4 1ebfae
SCHED-TRACE 12190 3638 V 4 1ec02f
SCHED-TRACE 12191 3638 O 0 0
SCHED-TRACE 12192 3638 P 58 478a14395
SCHED-TRACE 12193 3639 K 34 471e3d2f1
SCHED-TRACE 12194 3639 P 58 47a128b43
SCHED-TRACE 12195 3640 P 58 47b2a1062
SCHED-TRACE 12196 3640 I 34 1ec538
SCHED-TRACE 12197 3640 B 34 7a
SCHED-TRACE 12198 3640 P 34 4770a8b43
SCHED-TRACE 12199 3640 R 34 4770a8b43
SCHED-TRACE 12200 3641 U 4 1ec639
SCHED-TRACE 12201 3641 V 4 1ec6ba
SCHED-TRACE 12202 3641 O 0 0
SCHED-TRACE 12203 3641 P 34 478a1e76c
SCHED-TRACE 12204 3642 K 52 471f824dc
SCHED-TRACE 12205 3642 P 34 47a132f1a
SCHED-TRACE 12206 3643 P 34 47b2ab439
SCHED-TRACE 12207 3643 I 52 1ecbc3
SCHED-TRACE 12208 3643 B 52 7b
SCHED-TRACE 12209 3643 P 52 4771eb439
SCHED-TRACE 12210 3643 R 52 4771eb439
SCHED-TRACE 12211 3644 U 4 1eccc6
SCHED-TRACE 12212 3644 V 4 1ecd47
SCHED-TRACE 12213 3644 O 0 0
SCHED-TRACE 12214 3644 P 52 478b824dc
SCHED-TRACE 12215 3645 K 49 472016c8b
SCHED-TRACE 12216 3645 P 52 47a296c8a
SCHED-TRACE 12217 3646 P 52 47b414395
SCHED-TRACE 12218 3646 I 49 1ed250
SCHED-TRACE 12219 3646 B 49 7a
SCHED-TRACE 12220 3646 P 49 477284dd3
SCHED-TRACE 12221 3646 R 49 477284dd3
SCHED-TRACE 12222 3647 U 4 1ed353
SCHED-TRACE 12223 3647 V 4 1ed3d4
SCHED-TRACE 12224 3647 O 0 0
SCHED-TRACE 12225 3647 P 49 478c21062
SCHED-TRACE 12226 3648 K 43 472123957
SCHED-TRACE 12227 3648 P 49 47a335810
SCHED-TRACE 12228 3649 P 49 47b4b2f1a
SCHED-TRACE 12229 3649 I 43 1ed8dd
SCHED-TRACE 12230 3649 B 43 7a
SCHED-TRACE 12231 3649 P 43 477391a9f
SCHED-TRACE 12232 3649 R 43 477391a9f
SCHED-TRACE 12233 3650 U 4 1ed9e0
SCHED-TRACE 12234 3650 V 4 1eda61
SCHED-TRACE 12235 3650 O 0 0
SCHED-TRACE 12236 3650 P 43 478d35810
SCHED-TRACE 12237 3651 K 37 47221e76c
SCHED-TRACE 12238 3651 P 43 47a449fbe
SCHED-TRACE 12239 3652 P 43 47b5c76c8
SCHED-TRACE 12240 3652 I 37 1edf6a
SCHED-TRACE 12241 3652 B 37 7a
SCHED-TRACE 12242 3652 P 37 4774824dd
SCHED-TRACE 12243 3652 R 37 4774824dd
SCHED-TRACE 12244 3653 U 4 1ee06d
SCHED-TRACE 12245 3653 V 4 1ee0ee
SCHED-TRACE 12246 3653 O 0 0
SCHED-TRACE 12247 3653 P 37 478e2624d
SCHED-TRACE 12248 3654 K 40 472223957
SCHED-TRACE 12249 3654 P 37 47a53a9fb
SCHED-TRACE 12250 3655 P 37 47b6b5810
SCHED-TRACE 12251 3655 I 40 1ee5f7
SCHED-TRACE 12252 3655 B 40 7a
SCHED-TRACE 12253 3655 P 40 4774876c8
SCHED-TRACE 12254 3655 R 40 4774876c8
SCHED-TRACE 12255 3656 U 4 1ee6fa
SCHED-TRACE 12256 3656 V 4 1ee77b
SCHED-TRACE 12257 3656 O 0 0
SCHED-TRACE 12258 3656 P 40 478e28b43
SCHED-TRACE 12259 3657 K 40 478e28b43
SCHED-TRACE 12260 3657 P 40 47a53fbe6
SCHED-TRACE 12261 3658 I 40 1eec84
SCHED-TRACE 12262 3658 B 40 7b
SCHED-TRACE 12263 3658 P 40 480923957
SCHED-TRACE 12264 3658 R 40 480923957
SCHED-TRACE 12265 3659 U 4 1eed87
SCHED-TRACE 12266 3659 V 4 1eee08
SCHED-TRACE 12267 3659 O 0 0
SCHED-TRACE 12268 3659 P 40 4822c24dc
SCHED-TRACE 12269 3660 K 73 47af7a9fb
SCHED-TRACE 12270 3660 P 40 4839d6c8a
SCHED-TRACE 12271 3661 P 40 484b51a9f
SCHED-TRACE 12272 3661 I 73 1ef311
SCHED-TRACE 12273 3661 B 73 7b
SCHED-TRACE 12274 3661 P 73 4801e624d
SCHED-TRACE 12275 3661 R 73 4801e624d
SCHED-TRACE 12276 3662 U 4 1ef413
SCHED-TRACE 12277 3662 V 4 1ef494
SCHED-TRACE 12278 3662 O 0 0
SCHED-TRACE 12279 3662 P 73 481b63958
SCHED-TRACE 12280 3663 K 76 47b0ab439
SCHED-TRACE 12281 3663 P 73 483278106
SCHED-TRACE 12282 3664 P 73 4843f2f1a
SCHED-TRACE 12283 3664 I 76 1ef99d
SCHED-TRACE 12284 3664 B 76 7a
SCHED-TRACE 12285 3664 P 76 48031e76c
SCHED-TRACE 12286 3664 R 76 48031e76c
SCHED-TRACE 12287 3665 U 4 1efa9f
SCHED-TRACE 12288 3665 V 4 1efb20
SCHED-TRACE 12289 3665 O 0 0
SCHED-TRACE 12290 3665 P 76 481c9be76
SCHED-TRACE 12291 3666 K 70 47b0b0624
SCHED-TRACE 12292 3666 P 76 4833b0624
SCHED-TRACE 12293 3667 P 76 48452b439
SCHED-TRACE 12294 3667 I 70 1f0029
SCHED-TRACE 12295 3667 B 70 7a
SCHED-TRACE 12296 3667 P 70 48032624d
SCHED-TRACE 12297 3667 R 70 48032624d
SCHED-TRACE 12298 3668 U 4 1f012b
SCHED-TRACE 12299 3668 V 4 1f01ac
SCHED-TRACE 12300 3668 O 0 0
SCHED-TRACE 12301 3668 P 70 481ca624d
SCHED-TRACE 12302 3669 K 31 47b178105
SCHED-TRACE 12303 3669 P 70 4833ba9fb
SCHED-TRACE 12304 3670 P 70 484532f1a
SCHED-TRACE 12305 3670 I 31 1f06b5
SCHED-TRACE 12306 3670 B 31 7a
SCHED-TRACE 12307 3670 P 31 4803edd2e
SCHED-TRACE 12308 3670 R 31 4803edd2e
SCHED-TRACE 12309 3671 U 4 1f07b6
SCHED-TRACE 12310 3671 V 4 1f0838
SCHED-TRACE 12311 3671 O 0 0
SCHED-TRACE 12312 3671 P 31 481d6624d
SCHED-TRACE 12313 3672 K 67 47b1a3957
SCHED-TRACE 12314 3672 P 31 48347a9fb
SCHED-TRACE 12315 3673 P 31 4845f2f1a
SCHED-TRACE 12316 3673 I 67 1f0d40
SCHED-TRACE 12317 3673 B 67 7a
SCHED-TRACE 12318 3673 P 67 4804076c8
SCHED-TRACE 12319 3673 R 67 4804076c8
SCHED-TRACE 12320 3674 U 4 1f0e42
SCHED-TRACE 12321 3674 V 4 1f0ec3
SCHED-TRACE 12322 3674 O 0 0
SCHED-TRACE 12323 3674 P 67 481d89fbd
SCHED-TRACE 12324 3675 K 64 47b2424dc
SCHED-TRACE 12325 3675 P 67 48349e76c
SCHED-TRACE 12326 3676 P 67 484616c8a
SCHED-TRACE 12327 3676 I 64 1f13cc
SCHED-TRACE 12328 3676 B 64 7a
SCHED-TRACE 12329 3676 P 64 4804b5810
SCHED-TRACE 12330 3676 R 64 4804b5810
SCHED-TRACE 12331 3677 U 4 1f14ce
SCHED-TRACE 12332 3677 V 4 1f154f
SCHED-TRACE 12333 3677 O 0 0
SCHED-TRACE 12334 3677 P 64 481e3d2f1
SCHED-TRACE 12335 3678 K 61 47b26b439
SCHED-TRACE 12336 3678 P 64 483551a9f
SCHED-TRACE 12337 3679 P 64 4846c9fbe
SCHED-TRACE 12338 3679 I 61 1f1a58
SCHED-TRACE 12339 3679 B 61 7a
SCHED-TRACE 12340 3679 P 61 4804dbe77
SCHED-TRACE 12341 3679 R 61 4804dbe77
SCHED-TRACE 12342 3680 U 4 1f1b5a
SCHED-TRACE 12343 3680 V 4 1f1bdb
SCHED-TRACE 12344 3680 O 0 0
SCHED-TRACE 12345 3680 P 61 481e6624e
SCHED-TRACE 12346 3681 K 58 47b2a1062
SCHED-TRACE 12347 3681 P 61 48357a9fc
SCHED-TRACE 12348 3682 P 61 4846f2f1a
SCHED-TRACE 12349 3682 I 58 1f20e4
SCHED-TRACE 12350 3682 B 58 7b
SCHED-TRACE 12351 3682 P 58 48050f1aa
SCHED-TRACE 12352 3682 R 58 48050f1aa
SCHED-TRACE 12353 3683 U 4 1f21e6
SCHED-TRACE 12354 3683 V 4 1f2267
SCHED-TRACE 12355 3683 O 0 0
SCHED-TRACE 12356 3683 P 58 481e9be76
SCHED-TRACE 12357 3684 K 55 47b2a624e
SCHED-TRACE 12358 3684 P 58 4835b0624
SCHED-TRACE 12359 3685 P 58 484728b43
SCHED-TRACE 12360 3685 I 55 1f2770
SCHED-TRACE 12361 3685 B 55 7a
SCHED-TRACE 12362 3685 P 55 48050f1aa
SCHED-TRACE 12363 3685 R 55 48050f1aa
SCHED-TRACE 12364 3686 U 4 1f2872
SCHED-TRACE 12365 3686 V 4 1f28f3
SCHED-TRACE 12366 3686 O 0 0
SCHED-TRACE 12367 3686 P 55 481e9e76c
SCHED-TRACE 12368 3687 K 34 47b2ab439
SCHED-TRACE 12369 3687 P 55 4835b2f1a
SCHED-TRACE 12370 3688 P 55 48472b439
SCHED-TRACE 12371 3688 I 34 1f2dfc
SCHED-TRACE 12372 3688 B 34 7a
SCHED-TRACE 12373 3688 P 34 480514395
SCHED-TRACE 12374 3688 R 34 480514395
SCHED-TRACE 12375 3689 U 4 1f2efd
SCHED-TRACE 12376 3689 V 4 1f2f7e
SCHED-TRACE 12377 3689 O 0 0
SCHED-TRACE 12378 3689 P 34 481e89fbe
SCHED-TRACE 12379 3690 K 52 47b414395
SCHED-TRACE 12380 3690 P 34 48359e76c
SCHED-TRACE 12381 3691 P 34 484716c8b
SCHED-TRACE 12382 3691 I 52 1f3487
SCHED-TRACE 12383 3691 B 52 7b
SCHED-TRACE 12384 3691 P 52 48067d2f1
SCHED-TRACE 12385 3691 R 52 48067d2f1
SCHED-TRACE 12386 3692 U 4 1f358a
SCHED-TRACE 12387 3692 V 4 1f360b
SCHED-TRACE 12388 3692 O 0 0
SCHED-TRACE 12389 3692 P 52 482014395
SCHED-TRACE 12390 3693 K 49 47b4b2f1a
SCHED-TRACE 12391 3693 P 52 483728b43
SCHED-TRACE 12392 3694 P 52 4848a624d
SCHED-TRACE 12393 3694 I 49 1f3b14
SCHED-TRACE 12394 3694 B 49 7a
SCHED-TRACE 12395 3694 P 49 480721062
SCHED-TRACE 12396 3694 R 49 480721062
SCHED-TRACE 12397 3695 U 4 1f3c17
SCHED-TRACE 12398 3695 V 4 1f3c98
SCHED-TRACE 12399 3695 O 0 0
SCHED-TRACE 12400 3695 P 49 4820bd2f1
SCHED-TRACE 12401 3696 K 43 47b5c76c8
SCHED-TRACE 12402 3696 P 49 4837d1a9f
SCHED-TRACE 12403 3697 P 49 484951a9f
SCHED-TRACE 12404 3697 I 43 1f41a1
SCHED-TRACE 12405 3697 B 43 7a
SCHED-TRACE 12406 3697 P 43 480830624
SCHED-TRACE 12407 3697 R 43 480830624
SCHED-TRACE 12408 3698 U 4 1f42a4
SCHED-TRACE 12409 3698 V 4 1f4325
SCHED-TRACE 12410 3698 O 0 0
SCHED-TRACE 12411 3698 P 43 4821d1a9f
SCHED-TRACE 12412 3699 K 37 47b6b5810
SCHED-TRACE 12413 3699 P 43 4838e624d
SCHED-TRACE 12414 3700 P 43 484a63957
SCHED-TRACE 12415 3700 I 37 1f482e
SCHED-TRACE 12416 3700 B 37 7a
SCHED-TRACE 12417 3700 P 37 48091be76
SCHED-TRACE 12418 3700 R 37 48091be76
SCHED-TRACE 12419 3701 U 4 1f4931
SCHED-TRACE 12420 3701 V 4 1f49b2
SCHED-TRACE 12421 3701 O 0 0
SCHED-TRACE 12422 3701 P 37 4822bfbe7
SCHED-TRACE 12423 3702 K 46 47bf0c8b4
SCHED-TRACE 12424 3702 P 37 4839d4395
SCHED-TRACE 12425 3703 P 37 484b4f1a9
SCHED-TRACE 12426 3703 I 46 1f4ebb
SCHED-TRACE 12427 3703 B 46 7a
SCHED-TRACE 12428 3703 P 46 481170625
SCHED-TRACE 12429 3703 R 46 481170625
SCHED-TRACE 12430 3704 U 4 1f4fbe
SCHED-TRACE 12431 3704 V 4 1f503f
SCHED-TRACE 12432 3704 O 0 0
SCHED-TRACE 12433 3704 P 46 482b0c8b4
SCHED-TRACE 12434 3705 K 46 482b0c8b4
SCHED-TRACE 12435 3705 P 46 484221062
SCHED-TRACE 12436 3706 I 46 1f5548
SCHED-TRACE 12437 3706 B 46 7a
SCHED-TRACE 12438 3706 P 46 48a609fbe
SCHED-TRACE 12439 3706 R 46 48a609fbe
SCHED-TRACE 12440 3707 U 4 1f564b
SCHED-TRACE 12441 3707 V 4 1f56cc
SCHED-TRACE 12442 3707 O 0 0
SCHED-TRACE 12443 3707 P 46 48bfa624e
SCHED-TRACE 12444 3708 K 73 4843f2f1a
SCHED-TRACE 12445 3708 P 46 48d6ba9fc
SCHED-TRACE 12446 3709 P 46 48e835810
SCHED-TRACE 12447 3709 I 73 1f5bd5
SCHED-TRACE 12448 3709 B 73 7a
SCHED-TRACE 12449 3709 P 73 489663958
SCHED-TRACE 12450 3709 R 73 489663958
SCHED-TRACE 12451 3710 U 4 1f5cd7
SCHED-TRACE 12452 3710 V 4 1f5d58
SCHED-TRACE 12453 3710 O 0 0
SCHED-TRACE 12454 3710 P 73 48afe3958
SCHED-TRACE 12455 3711 K 76 48452b439
SCHED-TRACE 12456 3711 P 73 48c6f8106
SCHED-TRACE 12457 3712 P 73 48d870624
SCHED-TRACE 12458 3712 I 76 1f6261
SCHED-TRACE 12459 3712 B 76 7a
SCHED-TRACE 12460 3712 P 76 4897a1062
SCHED-TRACE 12461 3712 R 76 4897a1062
SCHED-TRACE 12462 3713 U 4 1f6363
SCHED-TRACE 12463 3713 V 4 1f63e4
SCHED-TRACE 12464 3713 O 0 0
SCHED-TRACE 12465 3713 P 76 48b11e76c
SCHED-TRACE 12466 3714 K 70 484532f1a
SCHED-TRACE 12467 3714 P 76 48c832f1a
SCHED-TRACE 12468 3715 P 76 48d9ab439
SCHED-TRACE 12469 3715 I 70 1f68ec
SCHED-TRACE 12470 3715 B 70 7b
SCHED-TRACE 12471 3715 P 70 489794395
SCHED-TRACE 12472 3715 R 70 489794395
SCHED-TRACE 12473 3716 U 4 1f69ee
SCHED-TRACE 12474 3716 V 4 1f6a6f
SCHED-TRACE 12475 3716 O 0 0
SCHED-TRACE 12476 3716 P 70 48b114395
SCHED-TRACE 12477 3717 K 31 4845f2f1a
SCHED-TRACE 12478 3717 P 70 48c828b43
SCHED-TRACE 12479 3718 P 70 48d9a1061
SCHED-TRACE 12480 3718 I 31 1f6f78
SCHED-TRACE 12481 3718 B 31 7b
SCHED-TRACE 12482 3718 P 31 489868b43
SCHED-TRACE 12483 3718 R 31 489868b43
SCHED-TRACE 12484 3719 U 4 1f707a
SCHED-TRACE 12485 3719 V 4 1f70fb
SCHED-TRACE 12486 3719 O 0 0
SCHED-TRACE 12487 3719 P 31 48b1e1062
SCHED-TRACE 12488 3720 K 67 484616c8a
SCHED-TRACE 12489 3720 P 31 48c8f2f1a
SCHED-TRACE 12490 3721 P 31 48da6dd2e
SCHED-TRACE 12491 3721 I 67 1f7603
SCHED-TRACE 12492 3721 B 67 7a
SCHED-TRACE 12493 3721 P 67 489878105
SCHED-TRACE 12494 3721 R 67 489878105
SCHED-TRACE 12495 3722 U 4 1f7705
SCHED-TRACE 12496 3722 V 4 1f7786
SCHED-TRACE 12497 3722 O 0 0
SCHED-TRACE 12498 3722 P 67 48b1fd2f1
SCHED-TRACE 12499 3723 K 64 4846c9fbe
SCHED-TRACE 12500 3723 P 67 48c911a9f
SCHED-TRACE 12501 3724 P 67 48da89fbd
SCHED-TRACE 12502 3724 I 64 1f7c8f
SCHED-TRACE 12503 3724 B 64 7b
SCHED-TRACE 12504 3724 P 64 48993d2f1
SCHED-TRACE 12505 3724 R 64 48993d2f1
SCHED-TRACE 12506 3725 U 4 1f7d91
SCHED-TRACE 12507 3725 V 4 1f7e12
SCHED-TRACE 12508 3725 O 0 0
SCHED-TRACE 12509 3725 P 64 48b2c24dc
SCHED-TRACE 12510 3726 K 61 4846f2f1a
SCHED-TRACE 12511 3726 P 64 48c9d6c8a
SCHED-TRACE 12512 3727 P 64 48db4f1a9
SCHED-TRACE 12513 3727 I 61 1f831b
SCHED-TRACE 12514 3727 B 61 7a
SCHED-TRACE 12515 3727 P 61 489961062
SCHED-TRACE 12516 3727 R 61 489961062
SCHED-TRACE 12517 3728 U 4 1f841d
SCHED-TRACE 12518 3728 V 4 1f849e
SCHED-TRACE 12519 3728 O 0 0
SCHED-TRACE 12520 3728 P 61 48b2e8b43
SCHED-TRACE 12521 3729 K 34 484716c8b
SCHED-TRACE 12522 3729 P 61 48c9fa9fc
SCHED-TRACE 12523 3730 P 61 48db72f1a
SCHED-TRACE 12524 3730 I 34 1f89a7
SCHED-TRACE 12525 3730 B 34 7a
SCHED-TRACE 12526 3730 P 34 4899876c8
SCHED-TRACE 12527 3730 R 34 4899876c8
SCHED-TRACE 12528 3731 U 4 1f8aa8
SCHED-TRACE 12529 3731 V 4 1f8b2a
SCHED-TRACE 12530 3731 O 0 0
SCHED-TRACE 12531 3731 P 34 48b2fd2f1
SCHED-TRACE 12532 3732 K 58 484728b43
SCHED-TRACE 12533 3732 P 34 48ca11a9f
SCHED-TRACE 12534 3733 P 34 48db89fbe
SCHED-TRACE 12535 3733 I 58 1f9032
SCHED-TRACE 12536 3733 B 58 7a
SCHED-TRACE 12537 3733 P 58 48998f1aa
SCHED-TRACE 12538 3733 R 58 48998f1aa
SCHED-TRACE 12539 3734 U 4 1f9134
SCHED-TRACE 12540 3734 V 4 1f91b6
SCHED-TRACE 12541 3734 O 0 0
SCHED-TRACE 12542 3734 P 58 48b321062
SCHED-TRACE 12543 3735 K 55 48472b439
SCHED-TRACE 12544 3735 P 58 48ca35810
SCHED-TRACE 12545 3736 P 58 48dbb2f1a
SCHED-TRACE 12546 3736 I 55 1f96be
SCHED-TRACE 12547 3736 B 55 7a
SCHED-TRACE 12548 3736 P 55 4899876c8
SCHED-TRACE 12549 3736 R 55 4899876c8
SCHED-TRACE 12550 3737 U 4 1f97c1
SCHED-TRACE 12551 3737 V 4 1f9842
SCHED-TRACE 12552 3737 O 0 0
SCHED-TRACE 12553 3737 P 55 48b31e76c
SCHED-TRACE 12554 3738 K 52 4848a624d
SCHED-TRACE 12555 3738 P 55 48ca32f1a
SCHED-TRACE 12556 3739 P 55 48dbb0625
SCHED-TRACE 12557 3739 I 52 1f9d4b
SCHED-TRACE 12558 3739 B 52 7a
SCHED-TRACE 12559 3739 P 52 489b19580
SCHED-TRACE 12560 3739 R 52 489b19580
SCHED-TRACE 12561 3740 U 4 1f9e4e
SCHED-TRACE 12562 3740 V 4 1f9ecf
SCHED-TRACE 12563 3740 O 0 0
SCHED-TRACE 12564 3740 P 52 48b4b2f1a
SCHED-TRACE 12565 3741 K 49 484951a9f
SCHED-TRACE 12566 3741 P 52 48cbc9fbe
SCHED-TRACE 12567 3742 P 52 48dd476c8
SCHED-TRACE 12568 3742 I 49 1fa3d8
SCHED-TRACE 12569 3742 B 49 7b
SCHED-TRACE 12570 3742 P 49 489bc24dd
SCHED-TRACE 12571 3742 R 49 489bc24dd
SCHED-TRACE 12572 3743 U 4 1fa4db
SCHED-TRACE 12573 3743 V 4 1fa55c
SCHED-TRACE 12574 3743 O 0 0
SCHED-TRACE 12575 3743 P 49 48b55be76
SCHED-TRACE 12576 3744 K 43 484a63957
SCHED-TRACE 12577 3744 P 49 48cc70625
SCHED-TRACE 12578 3745 P 49 48ddedd2f
SCHED-TRACE 12579 3745 I 43 1faa65
SCHED-TRACE 12580 3745 B 43 7a
SCHED-TRACE 12581 3745 P 43 489ccf1a9
SCHED-TRACE 12582 3745 R 43 489ccf1a9
SCHED-TRACE 12583 3746 U 4 1fab68
SCHED-TRACE 12584 3746 V 4 1fabe9
SCHED-TRACE 12585 3746 O 0 0
SCHED-TRACE 12586 3746 P 43 48b672f1a
SCHED-TRACE 12587 3747 K 37 484b4f1a9
SCHED-TRACE 12588 3747 P 43 48cd89fbe
SCHED-TRACE 12589 3748 P 43 48df076c8
SCHED-TRACE 12590 3748 I 37 1fb0f2
SCHED-TRACE 12591 3748 B 37 7b
SCHED-TRACE 12592 3748 P 37 489db5810
SCHED-TRACE 12593 3748 R 37 489db5810
SCHED-TRACE 12594 3749 U 4 1fb1f5
SCHED-TRACE 12595 3749 V 4 1fb276
SCHED-TRACE 12596 3749 O 0 0
SCHED-TRACE 12597 3749 P 37 48b759581
SCHED-TRACE 12598 3750 K 40 484b51a9f
SCHED-TRACE 12599 3750 P 37 48ce70624
SCHED-TRACE 12600 3751 P 37 48dfeb439
SCHED-TRACE 12601 3751 I 40 1fb77f
SCHED-TRACE 12602 3751 B 40 7b
SCHED-TRACE 12603 3751 P 40 489db8105
SCHED-TRACE 12604 3751 R 40 489db8105
SCHED-TRACE 12605 3752 U 4 1fb882
SCHED-TRACE 12606 3752 V 4 1fb903
SCHED-TRACE 12607 3752 O 0 0
SCHED-TRACE 12608 3752 P 40 48b759580
SCHED-TRACE 12609 3753 K 40 48b759580
SCHED-TRACE 12610 3753 P 40 48ce6dd2e
SCHED-TRACE 12611 3754 I 40 1fbe0c
SCHED-TRACE 12612 3754 B 40 7a
SCHED-TRACE 12613 3754 P 40 493251a9f
SCHED-TRACE 12614 3754 R 40 493251a9f
SCHED-TRACE 12615 3755 U 4 1fbf0f
SCHED-TRACE 12616 3755 V 4 1fbf90
SCHED-TRACE 12617 3755 O 0 0
SCHED-TRACE 12618 3755 P 40 494bf2f1a
SCHED-TRACE 12619 3756 K 73 48d870624
SCHED-TRACE 12620 3756 P 40 4963076c8
SCHED-TRACE 12621 3757 P 40 4974824dc
SCHED-TRACE 12622 3757 I 73 1fc499
SCHED-TRACE 12623 3757 B 73 7a
SCHED-TRACE 12624 3757 P 73 492adbe76
SCHED-TRACE 12625 3757 R 73 492adbe76
SCHED-TRACE 12626 3758 U 4 1fc59b
SCHED-TRACE 12627 3758 V 4 1fc61c
SCHED-TRACE 12628 3758 O 0 0
SCHED-TRACE 12629 3758 P 73 49445e76c
SCHED-TRACE 12630 3759 K 70 48d9a1061
SCHED-TRACE 12631 3759 P 73 495b72f1a
SCHED-TRACE 12632 3760 P 73 496cedd2f
SCHED-TRACE 12633 3760 I 70 1fcb25
SCHED-TRACE 12634 3760 B 70 7a
SCHED-TRACE 12635 3760 P 70 492c11a9f
SCHED-TRACE 12636 3760 R 70 492c11a9f
SCHED-TRACE 12637 3761 U 4 1fcc27
SCHED-TRACE 12638 3761 V 4 1fcca8
SCHED-TRACE 12639 3761 O 0 0
SCHED-TRACE 12640 3761 P 70 494594395
SCHED-TRACE 12641 3762 K 76 48d9ab439
SCHED-TRACE 12642 3762 P 70 495ca8b43
SCHED-TRACE 12643 3763 P 70 496e23957
SCHED-TRACE 12644 3763 I 76 1fd1b1
SCHED-TRACE 12645 3763 B 76 7a
SCHED-TRACE 12646 3763 P 76 492c1be76
SCHED-TRACE 12647 3763 R 76 492c1be76
SCHED-TRACE 12648 3764 U 4 1fd2b3
SCHED-TRACE 12649 3764 V 4 1fd334
SCHED-TRACE 12650 3764 O 0 0
SCHED-TRACE 12651 3764 P 76 494596c8b
SCHED-TRACE 12652 3765 K 31 48da6dd2e
SCHED-TRACE 12653 3765 P 76 495cab439
SCHED-TRACE 12654 3766 P 76 496e23957
SCHED-TRACE 12655 3766 I 31 1fd83c
SCHED-TRACE 12656 3766 B 31 7b
SCHED-TRACE 12657 3766 P 31 492cd1a9f
SCHED-TRACE 12658 3766 R 31 492cd1a9f
SCHED-TRACE 12659 3767 U 4 1fd93e
SCHED-TRACE 12660 3767 V 4 1fd9bf
SCHED-TRACE 12661 3767 O 0 0
SCHED-TRACE 12662 3767 P 31 494649fbe
SCHED-TRACE 12663 3768 K 67 48da89fbd
SCHED-TRACE 12664 3768 P 31 495d5be76
SCHED-TRACE 12665 3769 P 31 496ed6c8b
SCHED-TRACE 12666 3769 I 67 1fdec7
SCHED-TRACE 12667 3769 B 67 7a
SCHED-TRACE 12668 3769 P 67 492ceb438
SCHED-TRACE 12669 3769 R 67 492ceb438
SCHED-TRACE 12670 3770 U 4 1fdfc9
SCHED-TRACE 12671 3770 V 4 1fe04a
SCHED-TRACE 12672 3770 O 0 0
SCHED-TRACE 12673 3770 P 67 494670624
SCHED-TRACE 12674 3771 K 64 48db4f1a9
SCHED-TRACE 12675 3771 P 67 495d84dd2
SCHED-TRACE 12676 3772 P 67 496efd2f1
SCHED-TRACE 12677 3772 I 64 1fe553
SCHED-TRACE 12678 3772 B 64 7b
SCHED-TRACE 12679 3772 P 64 492dc24dc
SCHED-TRACE 12680 3772 R 64 492dc24dc
SCHED-TRACE 12681 3773 U 4 1fe655
SCHED-TRACE 12682 3773 V 4 1fe6d6
SCHED-TRACE 12683 3773 O 0 0
SCHED-TRACE 12684 3773 P 64 4947476c8
SCHED-TRACE 12685 3774 K 61 48db72f1a
SCHED-TRACE 12686 3774 P 64 495e5be76
SCHED-TRACE 12687 3775 P 64 496fd4395
SCHED-TRACE 12688 3775 I 61 1febdf
SCHED-TRACE 12689 3775 B 61 7a
SCHED-TRACE 12690 3775 P 61 492de1062
SCHED-TRACE 12691 3775 R 61 492de1062
SCHED-TRACE 12692 3776 U 4 1fece1
SCHED-TRACE 12693 3776 V 4 1fed62
SCHED-TRACE 12694 3776 O 0 0
SCHED-TRACE 12695 3776 P 61 494768b43
SCHED-TRACE 12696 3777 K 34 48db89fbe
SCHED-TRACE 12697 3777 P 61 495e7a9fc
SCHED-TRACE 12698 3778 P 61 496ff2f1a
SCHED-TRACE 12699 3778 I 34 1ff26b
SCHED-TRACE 12700 3778 B 34 7a
SCHED-TRACE 12701 3778 P 34 492dfa9fb
SCHED-TRACE 12702 3778 R 34 492dfa9fb
SCHED-TRACE 12703 3779 U 4 1ff36c
SCHED-TRACE 12704 3779 V 4 1ff3ee
SCHED-TRACE 12705 3779 O 0 0
SCHED-TRACE 12706 3779 P 34 494772f1a
SCHED-TRACE 12707 3780 K 55 48dbb0625
SCHED-TRACE 12708 3780 P 34 495e876c8
SCHED-TRACE 12709 3781 P 34 496fffbe7
SCHED-TRACE 12710 3781 I 55 1ff8f6
SCHED-TRACE 12711 3781 B 55 7a
SCHED-TRACE 12712 3781 P 55 492e14395
SCHED-TRACE 12713 3781 R 55 492e14395
SCHED-TRACE 12714 3782 U 4 1ff9f9
SCHED-TRACE 12715 3782 V 4 1ffa7a
SCHED-TRACE 12716 3782 O 0 0
SCHED-TRACE 12717 3782 P 55 4947a8b43
SCHED-TRACE 12718 3783 K 58 48dbb2f1a
SCHED-TRACE 12719 3783 P 55 495ebd2f1
SCHED-TRACE 12720 3784 P 55 49703a9fc
SCHED-TRACE 12721 3784 I 58 1fff82
SCHED-TRACE 12722 3784 B 58 7a
SCHED-TRACE 12723 3784 P 58 492e0f1aa
SCHED-TRACE 12724 3784 R 58 492e0f1aa
SCHED-TRACE 12725 3785 U 4 200084
SCHED-TRACE 12726 3785 V 4 200106
SCHED-TRACE 12727 3785 O 0 0
SCHED-TRACE 12728 3785 P 58 4947a3958
SCHED-TRACE 12729 3786 K 52 48dd476c8
SCHED-TRACE 12730 3786 P 58 495eb8106
SCHED-TRACE 12731 3787 P 58 497035810
SCHED-TRACE 12732 3787 I 52 20060e
SCHED-TRACE 12733 3787 B 52 7a
SCHED-TRACE 12734 3787 P 52 492fa3957
SCHED-TRACE 12735 3787 R 52 492fa3957
SCHED-TRACE 12736 3788 U 4 200711
SCHED-TRACE 12737 3788 V 4 200792
SCHED-TRACE 12738 3788 O 0 0
SCHED-TRACE 12739 3788 P 52 49493d2f1
SCHED-TRACE 12740 3789 K 49 48ddedd2f
SCHED-TRACE 12741 3789 P 52 496054395
SCHED-TRACE 12742 3790 P 52 4971d1a9f
SCHED-TRACE 12743 3790 I 49 200c9b
SCHED-TRACE 12744 3790 B 49 7b
SCHED-TRACE 12745 3790 P 49 49305e76c
SCHED-TRACE 12746 3790 R 49 49305e76c
SCHED-TRACE 12747 3791 U 4 200d9e
SCHED-TRACE 12748 3791 V 4 200e1f
SCHED-TRACE 12749 3791 O 0 0
SCHED-TRACE 12750 3791 P 49 4949fa9fc
SCHED-TRACE 12751 3792 K 43 48df076c8
SCHED-TRACE 12752 3792 P 49 49610f1aa
SCHED-TRACE 12753 3793 P 49 49728c8b4
SCHED-TRACE 12754 3793 I 43 201328
SCHED-TRACE 12755 3793 B 43 7a
SCHED-TRACE 12756 3793 P 43 493170624
SCHED-TRACE 12757 3793 R 43 493170624
SCHED-TRACE 12758 3794 U 4 20142b
SCHED-TRACE 12759 3794 V 4 2014ac
SCHED-TRACE 12760 3794 O 0 0
SCHED-TRACE 12761 3794 P 43 494b11a9f
SCHED-TRACE 12762 3795 K 37 48dfeb439
SCHED-TRACE 12763 3795 P 43 49622624d
SCHED-TRACE 12764 3796 P 43 4973a624d
SCHED-TRACE 12765 3796 I 37 2019b5
SCHED-TRACE 12766 3796 B 37 7a
SCHED-TRACE 12767 3796 P 37 493251a9f
SCHED-TRACE 12768 3796 R 37 493251a9f
SCHED-TRACE 12769 3797 U 4 201ab8
SCHED-TRACE 12770 3797 V 4 201b39
SCHED-TRACE 12771 3797 O 0 0
SCHED-TRACE 12772 3797 P 37 494bf8106
SCHED-TRACE 12773 3798 K 46 48e835810
SCHED-TRACE 12774 3798 P 37 49630c8b4
SCHED-TRACE 12775 3799 P 37 497489fbe
SCHED-TRACE 12776 3799 I 46 202042
SCHED-TRACE 12777 3799 B 46 7a
SCHED-TRACE 12778 3799 P 46 493a99581
SCHED-TRACE 12779 3799 R 46 493a99581
SCHED-TRACE 12780 3800 U 4 202145
SCHED-TRACE 12781 3800 V 4 2021c6
SCHED-TRACE 12782 3800 O 0 0
SCHED-TRACE 12783 3800 P 46 495438106
SCHED-TRACE 12784 3801 K 46 495438106
SCHED-TRACE 12785 3801 P 46 496b4c8b4
SCHED-TRACE 12786 3802 I 46 2026cf
SCHED-TRACE 12787 3802 B 46 7a
SCHED-TRACE 12788 3802 P 46 49cf35810
SCHED-TRACE 12789 3802 R 46 49cf35810
SCHED-TRACE 12790 3803 U 4 2027d2
SCHED-TRACE 12791 3803 V 4 202853
SCHED-TRACE 12792 3803 O 0 0
SCHED-TRACE 12793 3803 P 46 49e8d1aa0
SCHED-TRACE 12794 3804 K 73 496cedd2f
SCHED-TRACE 12795 3804 P 46 49ffe624e
SCHED-TRACE 12796 3805 P 46 4a1161062
SCHED-TRACE 12797 3805 I 73 202d5c
SCHED-TRACE 12798 3805 B 73 7a
SCHED-TRACE 12799 3805 P 73 49bf5e76c
SCHED-TRACE 12800 3805 R 73 49bf5e76c
SCHED-TRACE 12801 3806 U 4 202e5e
SCHED-TRACE 12802 3806 V 4 202edf
SCHED-TRACE 12803 3806 O 0 0
SCHED-TRACE 12804 3806 P 73 49d8de76c
SCHED-TRACE 12805 3807 K 70 496e23957
SCHED-TRACE 12806 3807 P 73 49eff5810
SCHED-TRACE 12807 3808 P 73 4a0170624
SCHED-TRACE 12808 3808 I 70 2033e8
SCHED-TRACE 12809 3808 B 70 7b
SCHED-TRACE 12810 3808 P 70 49c094395
SCHED-TRACE 12811 3808 R 70 49c094395
SCHED-TRACE 12812 3809 U 4 2034ea
SCHED-TRACE 12813 3809 V 4 20356b
SCHED-TRACE 12814 3809 O 0 0
SCHED-TRACE 12815 3809 P 70 49da16c8a
SCHED-TRACE 12816 3810 K 76 496e23957
SCHED-TRACE 12817 3810 P 70 49f12b438
SCHED-TRACE 12818 3811 P 70 4a02a3957
SCHED-TRACE 12819 3811 I 76 203a74
SCHED-TRACE 12820 3811 B 76 7b
SCHED-TRACE 12821 3811 P 76 49c096c8b
SCHED-TRACE 12822 3811 R 76 49c096c8b
SCHED-TRACE 12823 3812 U 4 203b76
SCHED-TRACE 12824 3812 V 4 203bf7
SCHED-TRACE 12825 3812 O 0 0
SCHED-TRACE 12826 3812 P 76 49da11a9f
SCHED-TRACE 12827 3813 K 31 496ed6c8b
SCHED-TRACE 12828 3813 P 76 49f123957
SCHED-TRACE 12829 3814 P 76 4a029e76c
SCHED-TRACE 12830 3814 I 31 2040ff
SCHED-TRACE 12831 3814 B 31 7a
SCHED-TRACE 12832 3814 P 31 49c135810
SCHED-TRACE 12833 3814 R 31 49c135810
SCHED-TRACE 12834 3815 U 4 204200
SCHED-TRACE 12835 3815 V 4 204282
SCHED-TRACE 12836 3815 O 0 0
SCHED-TRACE 12837 3815 P 31 49daadd2e
SCHED-TRACE 12838 3816 K 67 496efd2f1
SCHED-TRACE 12839 3816 P 31 49f1c24dc
SCHED-TRACE 12840 3817 P 31 4a033a9fb
SCHED-TRACE 12841 3817 I 67 20478a
SCHED-TRACE 12842 3817 B 67 7a
SCHED-TRACE 12843 3817 P 67 49c161061
SCHED-TRACE 12844 3817 R 67 49c161061
SCHED-TRACE 12845 3818 U 4 20488c
SCHED-TRACE 12846 3818 V 4 20490d
SCHED-TRACE 12847 3818 O 0 0
SCHED-TRACE 12848 3818 P 67 49dae624d
SCHED-TRACE 12849 3819 K 64 496fd4395
SCHED-TRACE 12850 3819 P 67 49f1fa9fb
SCHED-TRACE 12851 3820 P 67 4a0372f1a
SCHED-TRACE 12852 3820 I 64 204e16
SCHED-TRACE 12853 3820 B 64 7a
SCHED-TRACE 12854 3820 P 64 49c2476c8
SCHED-TRACE 12855 3820 R 64 49c2476c8
SCHED-TRACE 12856 3821 U 4 204f18
SCHED-TRACE 12857 3821 V 4 204f99
SCHED-TRACE 12858 3821 O 0 0
SCHED-TRACE 12859 3821 P 64 49dbcf1a9
SCHED-TRACE 12860 3822 K 61 496ff2f1a
SCHED-TRACE 12861 3822 P 64 49f2e3957
SCHED-TRACE 12862 3823 P 64 4a045be76
SCHED-TRACE 12863 3823 I 61 2054a2
SCHED-TRACE 12864 3823 B 61 7b
SCHED-TRACE 12865 3823 P 61 49c263958
SCHED-TRACE 12866 3823 R 61 49c263958
SCHED-TRACE 12867 3824 U 4 2055a4
SCHED-TRACE 12868 3824 V 4 205625
SCHED-TRACE 12869 3824 O 0 0
SCHED-TRACE 12870 3824 P 61 49dbeb439
SCHED-TRACE 12871 3825 K 34 496fffbe7
SCHED-TRACE 12872 3825 P 61 49f2ffbe7
SCHED-TRACE 12873 3826 P 61 4a0478106
SCHED-TRACE 12874 3826 I 34 205b2e
SCHED-TRACE 12875 3826 B 34 7a
SCHED-TRACE 12876 3826 P 34 49c26dd2f
SCHED-TRACE 12877 3826 R 34 49c26dd2f
SCHED-TRACE 12878 3827 U 4 205c2f
SCHED-TRACE 12879 3827 V 4 205cb1
SCHED-TRACE 12880 3827 O 0 0
SCHED-TRACE 12881 3827 P 34 49dbe3958
SCHED-TRACE 12882 3828 K 58 497035810
SCHED-TRACE 12883 3828 P 34 49f2f8106
SCHED-TRACE 12884 3829 P 34 4a0470624
SCHED-TRACE 12885 3829 I 58 2061b9
SCHED-TRACE 12886 3829 B 58 7b
SCHED-TRACE 12887 3829 P 58 49c29e76c
SCHED-TRACE 12888 3829 R 58 49c29e76c
SCHED-TRACE 12889 3830 U 4 2062bc
SCHED-TRACE 12890 3830 V 4 20633d
SCHED-TRACE 12891 3830 O 0 0
SCHED-TRACE 12892 3830 P 58 49dc30624
SCHED-TRACE 12893 3831 K 55 49703a9fc
SCHED-TRACE 12894 3831 P 58 49f344dd3
SCHED-TRACE 12895 3832 P 58 4a04c24dd
SCHED-TRACE 12896 3832 I 55 206845
SCHED-TRACE 12897 3832 B 55 7a
SCHED-TRACE 12898 3832 P 55 49c294395
SCHED-TRACE 12899 3832 R 55 49c294395
SCHED-TRACE 12900 3833 U 4 206948
SCHED-TRACE 12901 3833 V 4 2069c9
SCHED-TRACE 12902 3833 O 0 0
SCHED-TRACE 12903 3833 P 55 49dc28b43
SCHED-TRACE 12904 3834 K 52 4971d1a9f
SCHED-TRACE 12905 3834 P 55 49f33d2f1
SCHED-TRACE 12906 3835 P 55 4a04ba9fc
SCHED-TRACE 12907 3835 I 52 206ed2
SCHED-TRACE 12908 3835 B 52 7a
SCHED-TRACE 12909 3835 P 52 49c4424dc
SCHED-TRACE 12910 3835 R 52 49c4424dc
SCHED-TRACE 12911 3836 U 4 206fd5
SCHED-TRACE 12912 3836 V 4 207056
SCHED-TRACE 12913 3836 O 0 0
SCHED-TRACE 12914 3836 P 52 49dddbe76
SCHED-TRACE 12915 3837 K 49 49728c8b4
SCHED-TRACE 12916 3837 P 52 49f4f0624
SCHED-TRACE 12917 3838 P 52 4a066dd2e
SCHED-TRACE 12918 3838 I 49 20755f
SCHED-TRACE 12919 3838 B 49 7a
SCHED-TRACE 12920 3838 P 49 49c4fd2f1
SCHED-TRACE 12921 3838 R 49 49c4fd2f1
SCHED-TRACE 12922 3839 U 4 207662
SCHED-TRACE 12923 3839 V 4 2076e3
SCHED-TRACE 12924 3839 O 0 0
SCHED-TRACE 12925 3839 P 49 49de99581
SCHED-TRACE 12926 3840 K 43 4973a624d
SCHED-TRACE 12927 3840 P 49 49f5add2f
SCHED-TRACE 12928 3841 P 49 4a072b439
SCHED-TRACE 12929 3841 I 43 207bec
SCHED-TRACE 12930 3841 B 43 7b
SCHED-TRACE 12931 3841 P 43 49c614395
SCHED-TRACE 12932 3841 R 43 49c614395
SCHED-TRACE 12933 3842 U 4 207cef
SCHED-TRACE 12934 3842 V 4 207d70
SCHED-TRACE 12935 3842 O 0 0
SCHED-TRACE 12936 3842 P 43 49dfb5810
SCHED-TRACE 12937 3843 K 40 4974824dc
SCHED-TRACE 12938 3843 P 43 49f6c9fbe
SCHED-TRACE 12939 3844 P 43 4a08476c8
SCHED-TRACE 12940 3844 I 40 208279
SCHED-TRACE 12941 3844 B 40 7a
SCHED-TRACE 12942 3844 P 40 49c6e8b43
SCHED-TRACE 12943 3844 R 40 49c6e8b43
SCHED-TRACE 12944 3845 U 4 20837c
SCHED-TRACE 12945 3845 V 4 2083fd
SCHED-TRACE 12946 3845 O 0 0
SCHED-TRACE 12947 3845 P 40 49e08f1a9
SCHED-TRACE 12948 3846 K 37 497489fbe
SCHED-TRACE 12949 3846 P 40 49f7a3957
SCHED-TRACE 12950 3847 P 40 4a0921061
SCHED-TRACE 12951 3847 I 37 208906
SCHED-TRACE 12952 3847 B 37 7a
SCHED-TRACE 12953 3847 P 37 49c6edd2f
SCHED-TRACE 12954 3847 R 37 49c6edd2f
SCHED-TRACE 12955 3848 U 4 208a09
SCHED-TRACE 12956 3848 V 4 208a8a
SCHED-TRACE 12957 3848 O 0 0
SCHED-TRACE 12958 3848 P 37 49e094395
SCHED-TRACE 12959 3849 K 37 49e094395
SCHED-TRACE 12960 3849 P 37 49f7a8b43
SCHED-TRACE 12961 3850 I 37 208f93
SCHED-TRACE 12962 3850 B 37 7a
SCHED-TRACE 12963 3850 P 37 4a5b89fbe
SCHED-TRACE 12964 3850 R 37 4a5b89fbe
SCHED-TRACE 12965 3851 U 4 209096
SCHED-TRACE 12966 3851 V 4 209117
SCHED-TRACE 12967 3851 O 0 0
SCHED-TRACE 12968 3851 P 37 4a752dd2f
SCHED-TRACE 12969 3852 K 73 4a0170624
SCHED-TRACE 12970 3852 P 37 4a8c424dd
SCHED-TRACE 12971 3853 P 37 4a9dbd2f1
SCHED-TRACE 12972 3853 I 73 209620
SCHED-TRACE 12973 3853 B 73 7a
SCHED-TRACE 12974 3853 P 73 4a53d9581
SCHED-TRACE 12975 3853 R 73 4a53d9581
SCHED-TRACE 12976 3854 U 4 209722
SCHED-TRACE 12977 3854 V 4 2097a3
SCHED-TRACE 12978 3854 O 0 0
SCHED-TRACE 12979 3854 P 73 4a6d59581
SCHED-TRACE 12980 3855 K 76 4a029e76c
SCHED-TRACE 12981 3855 P 73 4a846dd2f
SCHED-TRACE 12982 3856 P 73 4a95e8b43
SCHED-TRACE 12983 3856 I 76 209cac
SCHED-TRACE 12984 3856 B 76 7a
SCHED-TRACE 12985 3856 P 76 4a5511a9f
SCHED-TRACE 12986 3856 R 76 4a5511a9f
SCHED-TRACE 12987 3857 U 4 209dae
SCHED-TRACE 12988 3857 V 4 209e2f
SCHED-TRACE 12989 3857 O 0 0
SCHED-TRACE 12990 3857 P 76 4a6e8f1a9
SCHED-TRACE 12991 3858 K 70 4a02a3957
SCHED-TRACE 12992 3858 P 76 4a85a3957
SCHED-TRACE 12993 3859 P 76 4a971be76
SCHED-TRACE 12994 3859 I 70 20a337
SCHED-TRACE 12995 3859 B 70 7b
SCHED-TRACE 12996 3859 P 70 4a5504dd2
SCHED-TRACE 12997 3859 R 70 4a5504dd2
SCHED-TRACE 12998 3860 U 4 20a439
SCHED-TRACE 12999 3860 V 4 20a4ba
SCHED-TRACE 13000 3860 O 0 0
SCHED-TRACE 13001 3860 P 70 4a6e84dd2
SCHED-TRACE 13002 3861 K 31 4a033a9fb
SCHED-TRACE 13003 3861 P 70 4a8599580
SCHED-TRACE 13004 3862 P 70 4a9711a9f
SCHED-TRACE 13005 3862 I 31 20a9c3
SCHED-TRACE 13006 3862 B 31 7a
SCHED-TRACE 13007 3862 P 31 4a55add2e
SCHED-TRACE 13008 3862 R 31 4a55add2e
SCHED-TRACE 13009 3863 U 4 20aac5
SCHED-TRACE 13010 3863 V 4 20ab46
SCHED-TRACE 13011 3863 O 0 0
SCHED-TRACE 13012 3863 P 31 4a6f2624d
SCHED-TRACE 13013 3864 K 67 4a0372f1a
SCHED-TRACE 13014 3864 P 31 4a8638105
SCHED-TRACE 13015 3865 P 31 4a97b2f1a
SCHED-TRACE 13016 3865 I 67 20b04e
SCHED-TRACE 13017 3865 B 67 7a
SCHED-TRACE 13018 3865 P 67 4a55d4394
SCHED-TRACE 13019 3865 R 67 4a55d4394
SCHED-TRACE 13020 3866 U 4 20b150
SCHED-TRACE 13021 3866 V 4 20b1d1
SCHED-TRACE 13022 3866 O 0 0
SCHED-TRACE 13023 3866 P 67 4a6f59580
SCHED-TRACE 13024 3867 K 64 4a045be76
SCHED-TRACE 13025 3867 P 67 4a866dd2e
SCHED-TRACE 13026 3868 P 67 4a97e624d
SCHED-TRACE 13027 3868 I 64 20b6da
SCHED-TRACE 13028 3868 B 64 7b
SCHED-TRACE 13029 3868 P 64 4a56cf1a9
SCHED-TRACE 13030 3868 R 64 4a56cf1a9
SCHED-TRACE 13031 3869 U 4 20b7dc
SCHED-TRACE 13032 3869 V 4 20b85d
SCHED-TRACE 13033 3869 O 0 0
SCHED-TRACE 13034 3869 P 64 4a7054395
SCHED-TRACE 13035 3870 K 34 4a0470624
SCHED-TRACE 13036 3870 P 64 4a8768b43
SCHED-TRACE 13037 3871 P 64 4a98e1061
SCHED-TRACE 13038 3871 I 34 20bd66
SCHED-TRACE 13039 3871 B 34 7a
SCHED-TRACE 13040 3871 P 34 4a56e1062
SCHED-TRACE 13041 3871 R 34 4a56e1062
SCHED-TRACE 13042 3872 U 4 20be67
SCHED-TRACE 13043 3872 V 4 20bee9
SCHED-TRACE 13044 3872 O 0 0
SCHED-TRACE 13045 3872 P 34 4a7056c8b
SCHED-TRACE 13046 3873 K 61 4a0478106
SCHED-TRACE 13047 3873 P 34 4a876b439
SCHED-TRACE 13048 3874 P 34 4a98e3958
SCHED-TRACE 13049 3874 I 61 20c3f1
SCHED-TRACE 13050 3874 B 61 7b
SCHED-TRACE 13051 3874 P 61 4a56e1062
SCHED-TRACE 13052 3874 R 61 4a56e1062
SCHED-TRACE 13053 3875 U 4 20c4f3
SCHED-TRACE 13054 3875 V 4 20c575
SCHED-TRACE 13055 3875 O 0 0
SCHED-TRACE 13056 3875 P 61 4a7072f1a
SCHED-TRACE 13057 3876 K 55 4a04ba9fc
SCHED-TRACE 13058 3876 P 61 4a87876c9
SCHED-TRACE 13059 3877 P 61 4a99076c9
SCHED-TRACE 13060 3877 I 55 20ca7d
SCHED-TRACE 13061 3877 B 55 7a
SCHED-TRACE 13062 3877 P 55 4a5714395
SCHED-TRACE 13063 3877 R 55 4a5714395
SCHED-TRACE 13064 3878 U 4 20cb80
SCHED-TRACE 13065 3878 V 4 20cc01
SCHED-TRACE 13066 3878 O 0 0
SCHED-TRACE 13067 3878 P 55 4a70a8b43
SCHED-TRACE 13068 3879 K 58 4a04c24dd
SCHED-TRACE 13069 3879 P 55 4a87bd2f1
SCHED-TRACE 13070 3880 P 55 4a9938106
SCHED-TRACE 13071 3880 I 58 20d109
SCHED-TRACE 13072 3880 B 58 7a
SCHED-TRACE 13073 3880 P 58 4a571e76c
SCHED-TRACE 13074 3880 R 58 4a571e76c
SCHED-TRACE 13075 3881 U 4 20d20c
SCHED-TRACE 13076 3881 V 4 20d28d
SCHED-TRACE 13077 3881 O 0 0
SCHED-TRACE 13078 3881 P 58 4a70b0624
SCHED-TRACE 13079 3882 K 52 4a066dd2e
SCHED-TRACE 13080 3882 P 58 4a87c4dd3
SCHED-TRACE 13081 3883 P 58 4a99424dd
SCHED-TRACE 13082 3883 I 52 20d795
SCHED-TRACE 13083 3883 B 52 7a
SCHED-TRACE 13084 3883 P 52 4a58c76c8
SCHED-TRACE 13085 3883 R 52 4a58c76c8
SCHED-TRACE 13086 3884 U 4 20d898
SCHED-TRACE 13087 3884 V 4 20d919
SCHED-TRACE 13088 3884 O 0 0
SCHED-TRACE 13089 3884 P 52 4a725e76c
SCHED-TRACE 13090 3885 K 49 4a072b439
SCHED-TRACE 13091 3885 P 52 4a8972f1a
SCHED-TRACE 13092 3886 P 52 4a9af0624
SCHED-TRACE 13093 3886 I 49 20de22
SCHED-TRACE 13094 3886 B 49 7a
SCHED-TRACE 13095 3886 P 49 4a599be76
SCHED-TRACE 13096 3886 R 49 4a599be76
SCHED-TRACE 13097 3887 U 4 20df25
SCHED-TRACE 13098 3887 V 4 20dfa6
SCHED-TRACE 13099 3887 O 0 0
SCHED-TRACE 13100 3887 P 49 4a733a9fc
SCHED-TRACE 13101 3888 K 43 4a08476c8
SCHED-TRACE 13102 3888 P 49 4a8a4f1aa
SCHED-TRACE 13103 3889 P 49 4a9bcf1aa
SCHED-TRACE 13104 3889 I 43 20e4af
SCHED-TRACE 13105 3889 B 43 7a
SCHED-TRACE 13106 3889 P 43 4a5ab0624
SCHED-TRACE 13107 3889 R 43 4a5ab0624
SCHED-TRACE 13108 3890 U 4 20e5b2
SCHED-TRACE 13109 3890 V 4 20e633
SCHED-TRACE 13110 3890 O 0 0
SCHED-TRACE 13111 3890 P 43 4a7451a9f
SCHED-TRACE 13112 3891 K 40 4a0921061
SCHED-TRACE 13113 3891 P 43 4a8b6624d
SCHED-TRACE 13114 3892 P 43 4a9ce3957
SCHED-TRACE 13115 3892 I 40 20eb3c
SCHED-TRACE 13116 3892 B 40 7a
SCHED-TRACE 13117 3892 P 40 4a5b876c8
SCHED-TRACE 13118 3892 R 40 4a5b876c8
SCHED-TRACE 13119 3893 U 4 20ec3f
SCHED-TRACE 13120 3893 V 4 20ecc0
SCHED-TRACE 13121 3893 O 0 0
SCHED-TRACE 13122 3893 P 40 4a752b438
SCHED-TRACE 13123 3894 K 46 4a1161062
SCHED-TRACE 13124 3894 P 40 4a8c3fbe6
SCHED-TRACE 13125 3895 P 40 4a9dbd2f1
SCHED-TRACE 13126 3895 I 46 20f1c9
SCHED-TRACE 13127 3895 B 46 7a
SCHED-TRACE 13128 3895 P 46 4a63c76c9
SCHED-TRACE 13129 3895 R 46 4a63c76c9
SCHED-TRACE 13130 3896 U 4 20f2cc
SCHED-TRACE 13131 3896 V 4 20f34d
SCHED-TRACE 13132 3896 O 0 0
SCHED-TRACE 13133 3896 P 46 4a7d63958
SCHED-TRACE 13134 3897 K 46 4a7d63958
SCHED-TRACE 13135 3897 P 46 4a947a9fc
SCHED-TRACE 13136 3898 I 46 20f856
SCHED-TRACE 13137 3898 B 46 7b
SCHED-TRACE 13138 3898 P 46 4af86624e
SCHED-TRACE 13139 3898 R 46 4af86624e
SCHED-TRACE 13140 3899 U 4 20f959
SCHED-TRACE 13141 3899 V 4 20f9da
SCHED-TRACE 13142 3899 O 0 0
SCHED-TRACE 13143 3899 P 46 4b11ffbe7
SCHED-TRACE 13144 3900 K 73 4a95e8b43
SCHED-TRACE 13145 3900 P 46 4b2914395
SCHED-TRACE 13146 3901 P 46 4b3a8f1aa
SCHED-TRACE 13147 3901 I 73 20fee3
SCHED-TRACE 13148 3901 B 73 7a
SCHED-TRACE 13149 3901 P 73 4ae859581
SCHED-TRACE 13150 3901 R 73 4ae859581
SCHED-TRACE 13151 3902 U 4 20ffe5
SCHED-TRACE 13152 3902 V 4 210066
SCHED-TRACE 13153 3902 O 0 0
SCHED-TRACE 13154 3902 P 73 4b01dbe76
SCHED-TRACE 13155 3903 K 70 4a9711a9f
SCHED-TRACE 13156 3903 P 73 4b18f0624
SCHED-TRACE 13157 3904 P 73 4b2a6b439
SCHED-TRACE 13158 3904 I 70 21056f
SCHED-TRACE 13159 3904 B 70 7a
SCHED-TRACE 13160 3904 P 70 4ae9824dc
SCHED-TRACE 13161 3904 R 70 4ae9824dc
SCHED-TRACE 13162 3905 U 4 210671
SCHED-TRACE 13163 3905 V 4 2106f2
SCHED-TRACE 13164 3905 O 0 0
SCHED-TRACE 13165 3905 P 70 4b0304dd2
SCHED-TRACE 13166 3906 K 76 4a971be76
SCHED-TRACE 13167 3906 P 70 4b1a19580
SCHED-TRACE 13168 3907 P 70 4b2b94395
SCHED-TRACE 13169 3907 I 76 210bfb
SCHED-TRACE 13170 3907 B 76 7a
SCHED-TRACE 13171 3907 P 76 4ae98c8b4
SCHED-TRACE 13172 3907 R 76 4ae98c8b4
SCHED-TRACE 13173 3908 U 4 210cfd
SCHED-TRACE 13174 3908 V 4 210d7e
SCHED-TRACE 13175 3908 O 0 0
SCHED-TRACE 13176 3908 P 76 4b03076c8
SCHED-TRACE 13177 3909 K 31 4a97b2f1a
SCHED-TRACE 13178 3909 P 76 4b1a1be76
SCHED-TRACE 13179 3910 P 76 4b2b94395
SCHED-TRACE 13180 3910 I 31 211286
SCHED-TRACE 13181 3910 B 31 7b
SCHED-TRACE 13182 3910 P 31 4aea16c8b
SCHED-TRACE 13183 3910 R 31 4aea16c8b
SCHED-TRACE 13184 3911 U 4 211388
SCHED-TRACE 13185 3911 V 4 211409
SCHED-TRACE 13186 3911 O 0 0
SCHED-TRACE 13187 3911 P 31 4b038f1a9
SCHED-TRACE 13188 3912 K 67 4a97e624d
SCHED-TRACE 13189 3912 P 31 4b1aa1062
SCHED-TRACE 13190 3913 P 31 4b2c1be76
SCHED-TRACE 13191 3913 I 67 211911
SCHED-TRACE 13192 3913 B 67 7a
SCHED-TRACE 13193 3913 P 67 4aea476c8
SCHED-TRACE 13194 3913 R 67 4aea476c8
SCHED-TRACE 13195 3914 U 4 211a13
SCHED-TRACE 13196 3914 V 4 211a94
SCHED-TRACE 13197 3914 O 0 0
SCHED-TRACE 13198 3914 P 67 4b03cc8b3
SCHED-TRACE 13199 3915 K 64 4a98e1061
SCHED-TRACE 13200 3915 P 67 4b1ae1061
SCHED-TRACE 13201 3916 P 67 4b2c59580
SCHED-TRACE 13202 3916 I 64 211f9d
SCHED-TRACE 13203 3916 B 64 7b
SCHED-TRACE 13204 3916 P 64 4aeb54395
SCHED-TRACE 13205 3916 R 64 4aeb54395
SCHED-TRACE 13206 3917 U 4 21209f
SCHED-TRACE 13207 3917 V 4 212120
SCHED-TRACE 13208 3917 O 0 0
SCHED-TRACE 13209 3917 P 64 4b04d9580
SCHED-TRACE 13210 3918 K 34 4a98e3958
SCHED-TRACE 13211 3918 P 64 4b1bedd2e
SCHED-TRACE 13212 3919 P 64 4b2d6624d
SCHED-TRACE 13213 3919 I 34 212629
SCHED-TRACE 13214 3919 B 34 7a
SCHED-TRACE 13215 3919 P 34 4aeb54395
SCHED-TRACE 13216 3919 R 34 4aeb54395
SCHED-TRACE 13217 3920 U 4 21272a
SCHED-TRACE 13218 3920 V 4 2127ab
SCHED-TRACE 13219 3920 O 0 0
SCHED-TRACE 13220 3920 P 34 4b04c9fbe
SCHED-TRACE 13221 3921 K 61 4a99076c9
SCHED-TRACE 13222 3921 P 34 4b1bde76c
SCHED-TRACE 13223 3922 P 34 4b2d56c8b
SCHED-TRACE 13224 3922 I 61 212cb4
SCHED-TRACE 13225 3922 B 61 7b
SCHED-TRACE 13226 3922 P 61 4aeb70625
SCHED-TRACE 13227 3922 R 61 4aeb70625
SCHED-TRACE 13228 3923 U 4 212db6
SCHED-TRACE 13229 3923 V 4 212e38
SCHED-TRACE 13230 3923 O 0 0
SCHED-TRACE 13231 3923 P 61 4b04ffbe7
SCHED-TRACE 13232 3924 K 55 4a9938106
SCHED-TRACE 13233 3924 P 61 4b1c14395
SCHED-TRACE 13234 3925 P 61 4b2d94395
SCHED-TRACE 13235 3925 I 55 213340
SCHED-TRACE 13236 3925 B 55 7a
SCHED-TRACE 13237 3925 P 55 4aeb91aa0
SCHED-TRACE 13238 3925 R 55 4aeb91aa0
SCHED-TRACE 13239 3926 U 4 213443
SCHED-TRACE 13240 3926 V 4 2134c4
SCHED-TRACE 13241 3926 O 0 0
SCHED-TRACE 13242 3926 P 55 4b052624e
SCHED-TRACE 13243 3927 K 58 4a99424dd
SCHED-TRACE 13244 3927 P 55 4b1c3a9fc
SCHED-TRACE 13245 3928 P 55 4b2db5810
SCHED-TRACE 13246 3928 I 58 2139cc
SCHED-TRACE 13247 3928 B 58 7b
SCHED-TRACE 13248 3928 P 58 4aeba1062
SCHED-TRACE 13249 3928 R 58 4aeba1062
SCHED-TRACE 13250 3929 U 4 213acf
SCHED-TRACE 13251 3929 V 4 213b50
SCHED-TRACE 13252 3929 O 0 0
SCHED-TRACE 13253 3929 P 58 4b0532f1a
SCHED-TRACE 13254 3930 K 52 4a9af0624
SCHED-TRACE 13255 3930 P 58 4b1c476c8
SCHED-TRACE 13256 3931 P 58 4b2dc4dd3
SCHED-TRACE 13257 3931 I 52 214058
SCHED-TRACE 13258 3931 B 52 7a
SCHED-TRACE 13259 3931 P 52 4aed49fbe
SCHED-TRACE 13260 3931 R 52 4aed49fbe
SCHED-TRACE 13261 3932 U 4 21415b
SCHED-TRACE 13262 3932 V 4 2141dc
SCHED-TRACE 13263 3932 O 0 0
SCHED-TRACE 13264 3932 P 52 4b06e1062
SCHED-TRACE 13265 3933 K 49 4a9bcf1aa
SCHED-TRACE 13266 3933 P 52 4b1df5810
SCHED-TRACE 13267 3934 P 52 4b2f72f1a
SCHED-TRACE 13268 3934 I 49 2146e5
SCHED-TRACE 13269 3934 B 49 7a
SCHED-TRACE 13270 3934 P 49 4aee3d2f1
SCHED-TRACE 13271 3934 R 49 4aee3d2f1
SCHED-TRACE 13272 3935 U 4 2147e8
SCHED-TRACE 13273 3935 V 4 214869
SCHED-TRACE 13274 3935 O 0 0
SCHED-TRACE 13275 3935 P 49 4b07d9581
SCHED-TRACE 13276 3936 K 43 4a9ce3957
SCHED-TRACE 13277 3936 P 49 4b1eedd2f
SCHED-TRACE 13278 3937 P 49 4b306dd2f
SCHED-TRACE 13279 3937 I 43 214d72
SCHED-TRACE 13280 3937 B 43 7a
SCHED-TRACE 13281 3937 P 43 4aef4f1a9
SCHED-TRACE 13282 3937 R 43 4aef4f1a9
SCHED-TRACE 13283 3938 U 4 214e75
SCHED-TRACE 13284 3938 V 4 214ef6
SCHED-TRACE 13285 3938 O 0 0
SCHED-TRACE 13286 3938 P 43 4b08f2f1a
SCHED-TRACE 13287 3939 K 37 4a9dbd2f1
SCHED-TRACE 13288 3939 P 43 4b20076c8
SCHED-TRACE 13289 3940 P 43 4b31876c8
SCHED-TRACE 13290 3940 I 37 2153ff
SCHED-TRACE 13291 3940 B 37 7a
SCHED-TRACE 13292 3940 P 37 4af01e76c
SCHED-TRACE 13293 3940 R 37 4af01e76c
SCHED-TRACE 13294 3941 U 4 215502
SCHED-TRACE 13295 3941 V 4 215583
SCHED-TRACE 13296 3941 O 0 0
SCHED-TRACE 13297 3941 P 37 4b09c4dd2
SCHED-TRACE 13298 3942 K 40 4a9dbd2f1
SCHED-TRACE 13299 3942 P 37 4b20d9581
SCHED-TRACE 13300 3943 P 37 4b3256c8b
SCHED-TRACE 13301 3943 I 40 215a8c
SCHED-TRACE 13302 3943 B 40 7a
SCHED-TRACE 13303 3943 P 40 4af021061
SCHED-TRACE 13304 3943 R 40 4af021061
SCHED-TRACE 13305 3944 U 4 215b8f
SCHED-TRACE 13306 3944 V 4 215c10
SCHED-TRACE 13307 3944 O 0 0
SCHED-TRACE 13308 3944 P 40 4b09c4dd2
SCHED-TRACE 13309 3945 K 40 4b09c4dd2
SCHED-TRACE 13310 3945 P 40 4b20d9580
SCHED-TRACE 13311 3946 I 40 216119
SCHED-TRACE 13312 3946 B 40 7a
SCHED-TRACE 13313 3946 P 40 4b84bd2f1
SCHED-TRACE 13314 3946 R 40 4b84bd2f1
SCHED-TRACE 13315 3947 U 4 21621c
SCHED-TRACE 13316 3947 V 4 21629d
SCHED-TRACE 13317 3947 O 0 0
SCHED-TRACE 13318 3947 P 40 4b9e5e76b
SCHED-TRACE 13319 3948 K 73 4b2a6b439
SCHED-TRACE 13320 3948 P 40 4bb572f1a
SCHED-TRACE 13321 3949 P 40 4bc6edd2e
SCHED-TRACE 13322 3949 I 73 2167a6
SCHED-TRACE 13323 3949 B 73 7a
SCHED-TRACE 13324 3949 P 73 4b7cd6c8b
SCHED-TRACE 13325 3949 R 73 4b7cd6c8b
SCHED-TRACE 13326 3950 U 4 2168a8
SCHED-TRACE 13327 3950 V 4 216929
SCHED-TRACE 13328 3950 O 0 0
SCHED-TRACE 13329 3950 P 73 4b9659581
SCHED-TRACE 13330 3951 K 70 4b2b94395
SCHED-TRACE 13331 3951 P 73 4bad6dd2f
SCHED-TRACE 13332 3952 P 73 4bbee8b43
SCHED-TRACE 13333 3952 I 70 216e32
SCHED-TRACE 13334 3952 B 70 7a
SCHED-TRACE 13335 3952 P 70 4b7e04dd2
SCHED-TRACE 13336 3952 R 70 4b7e04dd2
SCHED-TRACE 13337 3953 U 4 216f34
SCHED-TRACE 13338 3953 V 4 216fb5
SCHED-TRACE 13339 3953 O 0 0
SCHED-TRACE 13340 3953 P 70 4b97876c8
SCHED-TRACE 13341 3954 K 76 4b2b94395
SCHED-TRACE 13342 3954 P 70 4bae9be76
SCHED-TRACE 13343 3955 P 70 4bc014395
SCHED-TRACE 13344 3955 I 76 2174be
SCHED-TRACE 13345 3955 B 76 7a
SCHED-TRACE 13346 3955 P 76 4b7e04dd2
SCHED-TRACE 13347 3955 R 76 4b7e04dd2
SCHED-TRACE 13348 3956 U 4 2175c0
SCHED-TRACE 13349 3956 V 4 217641
SCHED-TRACE 13350 3956 O 0 0
SCHED-TRACE 13351 3956 P 76 4b977fbe7
SCHED-TRACE 13352 3957 K 31 4b2c1be76
SCHED-TRACE 13353 3957 P 76 4bae94395
SCHED-TRACE 13354 3958 P 76 4bc00c8b4
SCHED-TRACE 13355 3958 I 31 217b49
SCHED-TRACE 13356 3958 B 31 7b
SCHED-TRACE 13357 3958 P 31 4b7e7fbe7
SCHED-TRACE 13358 3958 R 31 4b7e7fbe7
SCHED-TRACE 13359 3959 U 4 217c4b
SCHED-TRACE 13360 3959 V 4 217ccc
SCHED-TRACE 13361 3959 O 0 0
SCHED-TRACE 13362 3959 P 31 4b97f8105
SCHED-TRACE 13363 3960 K 67 4b2c59580
SCHED-TRACE 13364 3960 P 31 4baf09fbe
SCHED-TRACE 13365 3961 P 31 4bc084dd2
SCHED-TRACE 13366 3961 I 67 2181d4
SCHED-TRACE 13367 3961 B 67 7a
SCHED-TRACE 13368 3961 P 67 4b7eba9fb
SCHED-TRACE 13369 3961 R 67 4b7eba9fb
SCHED-TRACE 13370 3962 U 4 2182d6
SCHED-TRACE 13371 3962 V 4 218357
SCHED-TRACE 13372 3962 O 0 0
SCHED-TRACE 13373 3962 P 67 4b983d2f1
SCHED-TRACE 13374 3963 K 34 4b2d56c8b
SCHED-TRACE 13375 3963 P 67 4baf51a9f
SCHED-TRACE 13376 3964 P 67 4bc0c76c8
SCHED-TRACE 13377 3964 I 34 218860
SCHED-TRACE 13378 3964 B 34 7b
SCHED-TRACE 13379 3964 P 34 4b7fcf1aa
SCHED-TRACE 13380 3964 R 34 4b7fcf1aa
SCHED-TRACE 13381 3965 U 4 218961
SCHED-TRACE 13382 3965 V 4 2189e3
SCHED-TRACE 13383 3965 O 0 0
SCHED-TRACE 13384 3965 P 34 4b9944dd3
SCHED-TRACE 13385 3966 K 64 4b2d6624d
SCHED-TRACE 13386 3966 P 34 4bb059581
SCHED-TRACE 13387 3967 P 34 4bc1d1a9f
SCHED-TRACE 13388 3967 I 64 218eeb
SCHED-TRACE 13389 3967 B 64 7a
SCHED-TRACE 13390 3967 P 64 4b7fcc8b3
SCHED-TRACE 13391 3967 R 64 4b7fcc8b3
SCHED-TRACE 13392 3968 U 4 218fed
SCHED-TRACE 13393 3968 V 4 21906e
SCHED-TRACE 13394 3968 O 0 0
SCHED-TRACE 13395 3968 P 64 4b9959580
SCHED-TRACE 13396 3969 K 61 4b2d94395
SCHED-TRACE 13397 3969 P 64 4bb06dd2e
SCHED-TRACE 13398 3970 P 64 4bc1eb439
SCHED-TRACE 13399 3970 I 61 219577
SCHED-TRACE 13400 3970 B 61 7a
SCHED-TRACE 13401 3970 P 61 4b7ff5810
SCHED-TRACE 13402 3970 R 61 4b7ff5810
SCHED-TRACE 13403 3971 U 4 219679
SCHED-TRACE 13404 3971 V 4 2196fb
SCHED-TRACE 13405 3971 O 0 0
SCHED-TRACE 13406 3971 P 61 4b99876c9
SCHED-TRACE 13407 3972 K 55 4b2db5810
SCHED-TRACE 13408 3972 P 61 4bb09be77
SCHED-TRACE 13409 3973 P 61 4bc219581
SCHED-TRACE 13410 3973 I 55 219c03
SCHED-TRACE 13411 3973 B 55 7a
SCHED-TRACE 13412 3973 P 55 4b8011aa0
SCHED-TRACE 13413 3973 R 55 4b8011aa0
SCHED-TRACE 13414 3974 U 4 219d06
SCHED-TRACE 13415 3974 V 4 219d87
SCHED-TRACE 13416 3974 O 0 0
SCHED-TRACE 13417 3974 P 55 4b99a624e
SCHED-TRACE 13418 3975 K 58 4b2dc4dd3
SCHED-TRACE 13419 3975 P 55 4bb0ba9fc
SCHED-TRACE 13420 3976 P 55 4bc238106
SCHED-TRACE 13421 3976 I 58 21a28f
SCHED-TRACE 13422 3976 B 58 7a
SCHED-TRACE 13423 3976 P 58 4b8021062
SCHED-TRACE 13424 3976 R 58 4b8021062
SCHED-TRACE 13425 3977 U 4 21a392
SCHED-TRACE 13426 3977 V 4 21a413
SCHED-TRACE 13427 3977 O 0 0
SCHED-TRACE 13428 3977 P 58 4b99b5810
SCHED-TRACE 13429 3978 K 52 4b2f72f1a
SCHED-TRACE 13430 3978 P 58 4bb0c9fbe
SCHED-TRACE 13431 3979 P 58 4bc2476c8
SCHED-TRACE 13432 3979 I 52 21a91b
SCHED-TRACE 13433 3979 B 52 7a
SCHED-TRACE 13434 3979 P 52 4b81cf1a9
SCHED-TRACE 13435 3979 R 52 4b81cf1a9
SCHED-TRACE 13436 3980 U 4 21aa1e
SCHED-TRACE 13437 3980 V 4 21aa9f
SCHED-TRACE 13438 3980 O 0 0
SCHED-TRACE 13439 3980 P 52 4b9b68b43
SCHED-TRACE 13440 3981 K 49 4b306dd2f
SCHED-TRACE 13441 3981 P 52 4bb27d2f1
SCHED-TRACE 13442 3982 P 52 4bc3fa9fb
SCHED-TRACE 13443 3982 I 49 21afa8
SCHED-TRACE 13444 3982 B 49 7b
SCHED-TRACE 13445 3982 P 49 4b82de76c
SCHED-TRACE 13446 3982 R 49 4b82de76c
SCHED-TRACE 13447 3983 U 4 21b0ab
SCHED-TRACE 13448 3983 V 4 21b12c
SCHED-TRACE 13449 3983 O 0 0
SCHED-TRACE 13450 3983 P 49 4b9c7a9fc
SCHED-TRACE 13451 3984 K 43 4b31876c8
SCHED-TRACE 13452 3984 P 49 4bb38f1aa
SCHED-TRACE 13453 3985 P 49 4bc50f1aa
SCHED-TRACE 13454 3985 I 43 21b635
SCHED-TRACE 13455 3985 B 43 7a
SCHED-TRACE 13456 3985 P 43 4b83edd2e
SCHED-TRACE 13457 3985 R 43 4b83edd2e
SCHED-TRACE 13458 3986 U 4 21b738
SCHED-TRACE 13459 3986 V 4 21b7b9
SCHED-TRACE 13460 3986 O 0 0
SCHED-TRACE 13461 3986 P 43 4b9d8f1a9
SCHED-TRACE 13462 3987 K 37 4b3256c8b
SCHED-TRACE 13463 3987 P 43 4bb4a624d
SCHED-TRACE 13464 3988 P 43 4bc623957
SCHED-TRACE 13465 3988 I 37 21bcc2
SCHED-TRACE 13466 3988 B 37 7b
SCHED-TRACE 13467 3988 P 37 4b84bfbe7
SCHED-TRACE 13468 3988 R 37 4b84bfbe7
SCHED-TRACE 13469 3989 U 4 21bdc5
SCHED-TRACE 13470 3989 V 4 21be46
SCHED-TRACE 13471 3989 O 0 0
SCHED-TRACE 13472 3989 P 37 4b9e63958
SCHED-TRACE 13473 3990 K 46 4b3a8f1aa
SCHED-TRACE 13474 3990 P 37 4bb578106
SCHED-TRACE 13475 3991 P 37 4bc6f2f1a
SCHED-TRACE 13476 3991 I 46 21c34f
SCHED-TRACE 13477 3991 B 46 7b
SCHED-TRACE 13478 3991 P 46 4b8cf5810
SCHED-TRACE 13479 3991 R 46 4b8cf5810
SCHED-TRACE 13480 3992 U 4 21c452
SCHED-TRACE 13481 3992 V 4 21c4d3
SCHED-TRACE 13482 3992 O 0 0
SCHED-TRACE 13483 3992 P 46 4ba691aa0
SCHED-TRACE 13484 3993 K 46 4ba691aa0
SCHED-TRACE 13485 3993 P 46 4bbda624e
SCHED-TRACE 13486 3994 I 46 21c9dc
SCHED-TRACE 13487 3994 B 46 7a
SCHED-TRACE 13488 3994 P 46 4c218f1aa
SCHED-TRACE 13489 3994 R 46 4c218f1aa
SCHED-TRACE 13490 3995 U 4 21cadf
SCHED-TRACE 13491 3995 V 4 21cb60
SCHED-TRACE 13492 3995 O 0 0
SCHED-TRACE 13493 3995 P 46 4c3b2b439
SCHED-TRACE 13494 3996 K 73 4bbee8b43
SCHED-TRACE 13495 3996 P 46 4c523fbe7
SCHED-TRACE 13496 3997 P 46 4c63ba9fc
SCHED-TRACE 13497 3997 I 73 21d069
SCHED-TRACE 13498 3997 B 73 7a
SCHED-TRACE 13499 3997 P 73 4c1159581
SCHED-TRACE 13500 3997 R 73 4c1159581
SCHED-TRACE 13501 3998 U 4 21d16b
SCHED-TRACE 13502 3998 V 4 21d1ec
SCHED-TRACE 13503 3998 O 0 0
SCHED-TRACE 13504 3998 P 73 4c2ad9581
SCHED-TRACE 13505 3999 K 76 4bc00c8b4
SCHED-TRACE 13506 3999 P 73 4c41edd2f
SCHED-TRACE 13507 4000 P 73 4c536624d
SCHED-TRACE 13508 4000 I 76 21d6f5
SCHED-TRACE 13509 4000 B 76 7b
SCHED-TRACE 13510 4000 P 76 4c1284dd2
SCHED-TRACE 13511 4000 R 76 4c1284dd2
SCHED-TRACE 13512 4001 U 4 21d7f7
SCHED-TRACE 13513 4001 V 4 21d878
SCHED-TRACE 13514 4001 O 0 0
SCHED-TRACE 13515 4001 P 76 4c2bffbe7
SCHED-TRACE 13516 4002 K 70 4bc014395
SCHED-TRACE 13517 4002 P 76 4c4314395
SCHED-TRACE 13518 4003 P 76 4c548f1a9
SCHED-TRACE 13519 4003 I 70 21dd81
SCHED-TRACE 13520 4003 B 70 7a
SCHED-TRACE 13521 4003 P 70 4c1289fbe
SCHED-TRACE 13522 4003 R 70 4c1289fbe
SCHED-TRACE 13523 4004 U 4 21de83
SCHED-TRACE 13524 4004 V 4 21df04
SCHED-TRACE 13525 4004 O 0 0
SCHED-TRACE 13526 4004 P 70 4c2c0c8b3
SCHED-TRACE 13527 4005 K 31 4bc084dd2
SCHED-TRACE 13528 4005 P 70 4c431e76c
SCHED-TRACE 13529 4006 P 70 4c5499580
SCHED-TRACE 13530 4006 I 31 21e40d
SCHED-TRACE 13531 4006 B 31 7a
SCHED-TRACE 13532 4006 P 31 4c12f8105
SCHED-TRACE 13533 4006 R 31 4c12f8105
SCHED-TRACE 13534 4007 U 4 21e50e
SCHED-TRACE 13535 4007 V 4 21e590
SCHED-TRACE 13536 4007 O 0 0
SCHED-TRACE 13537 4007 P 31 4c2c70624
SCHED-TRACE 13538 4008 K 67 4bc0c76c8
SCHED-TRACE 13539 4008 P 31 4c4384dd2
SCHED-TRACE 13540 4009 P 31 4c54fd2f1
SCHED-TRACE 13541 4009 I 67 21ea98
SCHED-TRACE 13542 4009 B 67 7a
SCHED-TRACE 13543 4009 P 67 4c132b438
SCHED-TRACE 13544 4009 R 67 4c132b438
SCHED-TRACE 13545 4010 U 4 21eb9a
SCHED-TRACE 13546 4010 V 4 21ec1b
SCHED-TRACE 13547 4010 O 0 0
SCHED-TRACE 13548 4010 P 67 4c2cadd2e
SCHED-TRACE 13549 4011 K 34 4bc1d1a9f
SCHED-TRACE 13550 4011 P 67 4c43bfbe6
SCHED-TRACE 13551 4012 P 67 4c5538105
SCHED-TRACE 13552 4012 I 34 21f124
SCHED-TRACE 13553 4012 B 34 7a
SCHED-TRACE 13554 4012 P 34 4c14476c8
SCHED-TRACE 13555 4012 R 34 4c14476c8
SCHED-TRACE 13556 4013 U 4 21f225
SCHED-TRACE 13557 4013 V 4 21f2a7
SCHED-TRACE 13558 4013 O 0 0
SCHED-TRACE 13559 4013 P 34 4c2dbd2f1
SCHED-TRACE 13560 4014 K 64 4bc1eb439
SCHED-TRACE 13561 4014 P 34 4c44d1a9f
SCHED-TRACE 13562 4015 P 34 4c5649fbe
SCHED-TRACE 13563 4015 I 64 21f7af
SCHED-TRACE 13564 4015 B 64 7a
SCHED-TRACE 13565 4015 P 64 4c1451a9f
SCHED-TRACE 13566 4015 R 64 4c1451a9f
SCHED-TRACE 13567 4016 U 4 21f8b1
SCHED-TRACE 13568 4016 V 4 21f932
SCHED-TRACE 13569 4016 O 0 0
SCHED-TRACE 13570 4016 P 64 4c2dde76c
SCHED-TRACE 13571 4017 K 61 4bc219581
SCHED-TRACE 13572 4017 P 64 4c44f2f1a
SCHED-TRACE 13573 4018 P 64 4c5670624
SCHED-TRACE 13574 4018 I 61 21fe3b
SCHED-TRACE 13575 4018 B 61 7a
SCHED-TRACE 13576 4018 P 61 4c147a9fc
SCHED-TRACE 13577 4018 R 61 4c147a9fc
SCHED-TRACE 13578 4019 U 4 21ff3d
SCHED-TRACE 13579 4019 V 4 21ffbf
SCHED-TRACE 13580 4019 O 0 0
SCHED-TRACE 13581 4019 P 61 4c2e0c8b4
SCHED-TRACE 13582 4020 K 55 4bc238106
SCHED-TRACE 13583 4020 P 61 4c4523958
SCHED-TRACE 13584 4021 P 61 4c56a1062
SCHED-TRACE 13585 4021 I 55 2204c7
SCHED-TRACE 13586 4021 B 55 7b
SCHED-TRACE 13587 4021 P 55 4c1496c8b
SCHED-TRACE 13588 4021 R 55 4c1496c8b
SCHED-TRACE 13589 4022 U 4 2205ca
SCHED-TRACE 13590 4022 V 4 22064b
SCHED-TRACE 13591 4022 O 0 0
SCHED-TRACE 13592 4022 P 55 4c2e2b439
SCHED-TRACE 13593 4023 K 58 4bc2476c8
SCHED-TRACE 13594 4023 P 55 4c453fbe7
SCHED-TRACE 13595 4024 P 55 4c56bd2f1
SCHED-TRACE 13596 4024 I 58 220b54
SCHED-TRACE 13597 4024 B 58 7a
SCHED-TRACE 13598 4024 P 58 4c14ba9fb
SCHED-TRACE 13599 4024 R 58 4c14ba9fb
SCHED-TRACE 13600 4025 U 4 220c56
SCHED-TRACE 13601 4025 V 4 220cd8
SCHED-TRACE 13602 4025 O 0 0
SCHED-TRACE 13603 4025 P 58 4c2e4c8b4
SCHED-TRACE 13604 4026 K 52 4bc3fa9fb
SCHED-TRACE 13605 4026 P 58 4c4561062
SCHED-TRACE 13606 4027 P 58 4c56de76c
SCHED-TRACE 13607 4027 I 52 2211e0
SCHED-TRACE 13608 4027 B 52 7a
SCHED-TRACE 13609 4027 P 52 4c1656c8a
SCHED-TRACE 13610 4027 R 52 4c1656c8a
SCHED-TRACE 13611 4028 U 4 2212e3
SCHED-TRACE 13612 4028 V 4 221364
SCHED-TRACE 13613 4028 O 0 0
SCHED-TRACE 13614 4028 P 52 4c2ff0624
SCHED-TRACE 13615 4029 K 49 4bc50f1aa
SCHED-TRACE 13616 4029 P 52 4c4704dd2
SCHED-TRACE 13617 4030 P 52 4c58824dc
SCHED-TRACE 13618 4030 I 49 22186d
SCHED-TRACE 13619 4030 B 49 7a
SCHED-TRACE 13620 4030 P 49 4c177fbe7
SCHED-TRACE 13621 4030 R 49 4c177fbe7
SCHED-TRACE 13622 4031 U 4 221970
SCHED-TRACE 13623 4031 V 4 2219f1
SCHED-TRACE 13624 4031 O 0 0
SCHED-TRACE 13625 4031 P 49 4c311be76
SCHED-TRACE 13626 4032 K 43 4bc623957
SCHED-TRACE 13627 4032 P 49 4c4830625
SCHED-TRACE 13628 4033 P 49 4c59add2f
SCHED-TRACE 13629 4033 I 43 221efa
SCHED-TRACE 13630 4033 B 43 7a
SCHED-TRACE 13631 4033 P 43 4c188f1a9
SCHED-TRACE 13632 4033 R 43 4c188f1a9
SCHED-TRACE 13633 4034 U 4 221ffd
SCHED-TRACE 13634 4034 V 4 22207e
SCHED-TRACE 13635 4034 O 0 0
SCHED-TRACE 13636 4034 P 43 4c3230624
SCHED-TRACE 13637 4035 K 40 4bc6edd2e
SCHED-TRACE 13638 4035 P 43 4c4944dd2
SCHED-TRACE 13639 4036 P 43 4c5ac24dc
SCHED-TRACE 13640 4036 I 40 222587
SCHED-TRACE 13641 4036 B 40 7a
SCHED-TRACE 13642 4036 P 40 4c1954394
SCHED-TRACE 13643 4036 R 40 4c1954394
SCHED-TRACE 13644 4037 U 4 22268a
SCHED-TRACE 13645 4037 V 4 22270b
SCHED-TRACE 13646 4037 O 0 0
SCHED-TRACE 13647 4037 P 40 4c32fa9fb
SCHED-TRACE 13648 4038 K 37 4bc6f2f1a
SCHED-TRACE 13649 4038 P 40 4c4a0f1a9
SCHED-TRACE 13650 4039 P 40 4c5b8c8b3
SCHED-TRACE 13651 4039 I 37 222c14
SCHED-TRACE 13652 4039 B 37 7a
SCHED-TRACE 13653 4039 P 37 4c1956c8b
SCHED-TRACE 13654 4039 R 37 4c1956c8b
SCHED-TRACE 13655 4040 U 4 222d17
SCHED-TRACE 13656 4040 V 4 222d98
SCHED-TRACE 13657 4040 O 0 0
SCHED-TRACE 13658 4040 P 37 4c32fd2f1
SCHED-TRACE 13659 4041 K 37 4c32fd2f1
SCHED-TRACE 13660 4041 P 37 4c4a11a9f
SCHED-TRACE 13661 4042 I 37 2232a1
SCHED-TRACE 13662 4042 B 37 7a
SCHED-TRACE 13663 4042 P 37 4cadf2f1a
SCHED-TRACE 13664 4042 R 37 4cadf2f1a
SCHED-TRACE 13665 4043 U 4 2233a4
SCHED-TRACE 13666 4043 V 4 223425
SCHED-TRACE 13667 4043 O 0 0
SCHED-TRACE 13668 4043 P 37 4cc796c8b
SCHED-TRACE 13669 4044 K 73 4c536624d
SCHED-TRACE 13670 4044 P 37 4cdeab439
SCHED-TRACE 13671 4045 P 37 4cf02624d
SCHED-TRACE 13672 4045 I 73 22392e
SCHED-TRACE 13673 4045 B 73 7a
SCHED-TRACE 13674 4045 P 73 4ca5cf1aa
SCHED-TRACE 13675 4045 R 73 4ca5cf1aa
SCHED-TRACE 13676 4046 U 4 223a30
SCHED-TRACE 13677 4046 V 4 223ab1
SCHED-TRACE 13678 4046 O 0 0
SCHED-TRACE 13679 4046 P 73 4cbf4f1aa
SCHED-TRACE 13680 4047 K 76 4c548f1a9
SCHED-TRACE 13681 4047 P 73 4cd663958
SCHED-TRACE 13682 4048 P 73 4ce7de76c
SCHED-TRACE 13683 4048 I 76 223fba
SCHED-TRACE 13684 4048 B 76 7a
SCHED-TRACE 13685 4048 P 76 4ca7024dd
SCHED-TRACE 13686 4048 R 76 4ca7024dd
SCHED-TRACE 13687 4049 U 4 2240bc
SCHED-TRACE 13688 4049 V 4 22413d
SCHED-TRACE 13689 4049 O 0 0
SCHED-TRACE 13690 4049 P 76 4cc07fbe7
SCHED-TRACE 13691 4050 K 70 4c5499580
SCHED-TRACE 13692 4050 P 76 4cd794395
SCHED-TRACE 13693 4051 P 76 4ce90c8b4
SCHED-TRACE 13694 4051 I 70 224645
SCHED-TRACE 13695 4051 B 70 7a
SCHED-TRACE 13696 4051 P 70 4ca6f8105
SCHED-TRACE 13697 4051 R 70 4ca6f8105
SCHED-TRACE 13698 4052 U 4 224747
SCHED-TRACE 13699 4052 V 4 2247c8
SCHED-TRACE 13700 4052 O 0 0
SCHED-TRACE 13701 4052 P 70 4cc078105
SCHED-TRACE 13702 4053 K 31 4c54fd2f1
SCHED-TRACE 13703 4053 P 70 4cd78c8b3
SCHED-TRACE 13704 4054 P 70 4ce904dd2
SCHED-TRACE 13705 4054 I 31 224cd1
SCHED-TRACE 13706 4054 B 31 7a
SCHED-TRACE 13707 4054 P 31 4ca770624
SCHED-TRACE 13708 4054 R 31 4ca770624
SCHED-TRACE 13709 4055 U 4 224dd2
SCHED-TRACE 13710 4055 V 4 224e54
SCHED-TRACE 13711 4055 O 0 0
SCHED-TRACE 13712 4055 P 31 4cc0e8b43
SCHED-TRACE 13713 4056 K 67 4c5538105
SCHED-TRACE 13714 4056 P 31 4cd7fd2f1
SCHED-TRACE 13715 4057 P 31 4ce975810
SCHED-TRACE 13716 4057 I 67 22535c
SCHED-TRACE 13717 4057 B 67 7b
SCHED-TRACE 13718 4057 P 67 4ca79e76c
SCHED-TRACE 13719 4057 R 67 4ca79e76c
SCHED-TRACE 13720 4058 U 4 22545e
SCHED-TRACE 13721 4058 V 4 2254df
SCHED-TRACE 13722 4058 O 0 0
SCHED-TRACE 13723 4058 P 67 4cc11e76c
SCHED-TRACE 13724 4059 K 34 4c5649fbe
SCHED-TRACE 13725 4059 P 67 4cd832f1a
SCHED-TRACE 13726 4060 P 67 4ce9a8b43
SCHED-TRACE 13727 4060 I 34 2259e8
SCHED-TRACE 13728 4060 B 34 7a
SCHED-TRACE 13729 4060 P 34 4ca8bfbe7
SCHED-TRACE 13730 4060 R 34 4ca8bfbe7
SCHED-TRACE 13731 4061 U 4 225ae9
SCHED-TRACE 13732 4061 V 4 225b6a
SCHED-TRACE 13733 4061 O 0 0
SCHED-TRACE 13734 4061 P 34 4cc235810
SCHED-TRACE 13735 4062 K 64 4c5670624
SCHED-TRACE 13736 4062 P 34 4cd9476c8
SCHED-TRACE 13737 4063 P 34 4ceac24dd
SCHED-TRACE 13738 4063 I 64 226073
SCHED-TRACE 13739 4063 B 64 7a
SCHED-TRACE 13740 4063 P 64 4ca8d6c8a
SCHED-TRACE 13741 4063 R 64 4ca8d6c8a
SCHED-TRACE 13742 4064 U 4 226175
SCHED-TRACE 13743 4064 V 4 2261f6
SCHED-TRACE 13744 4064 O 0 0
SCHED-TRACE 13745 4064 P 64 4cc26624d
SCHED-TRACE 13746 4065 K 61 4c56a1062
SCHED-TRACE 13747 4065 P 64 4cd97a9fb
SCHED-TRACE 13748 4066 P 64 4ceaf8105
SCHED-TRACE 13749 4066 I 61 2266ff
SCHED-TRACE 13750 4066 B 61 7a
SCHED-TRACE 13751 4066 P 61 4ca9024dd
SCHED-TRACE 13752 4066 R 61 4ca9024dd
SCHED-TRACE 13753 4067 U 4 226801
SCHED-TRACE 13754 4067 V 4 226883
SCHED-TRACE 13755 4067 O 0 0
SCHED-TRACE 13756 4067 P 61 4cc294395
SCHED-TRACE 13757 4068 K 55 4c56bd2f1
SCHED-TRACE 13758 4068 P 61 4cd9a8b43
SCHED-TRACE 13759 4069 P 61 4ceb28b43
SCHED-TRACE 13760 4069 I 55 226d8b
SCHED-TRACE 13761 4069 B 55 7a
SCHED-TRACE 13762 4069 P 55 4ca916c8b
SCHED-TRACE 13763 4069 R 55 4ca916c8b
SCHED-TRACE 13764 4070 U 4 226e8e
SCHED-TRACE 13765 4070 V 4 226f0f
SCHED-TRACE 13766 4070 O 0 0
SCHED-TRACE 13767 4070 P 55 4cc2ab439
SCHED-TRACE 13768 4071 K 58 4c56de76c
SCHED-TRACE 13769 4071 P 55 4cd9bfbe7
SCHED-TRACE 13770 4072 P 55 4ceb3d2f1
SCHED-TRACE 13771 4072 I 58 227417
SCHED-TRACE 13772 4072 B 58 7a
SCHED-TRACE 13773 4072 P 58 4ca93a9fb
SCHED-TRACE 13774 4072 R 58 4ca93a9fb
SCHED-TRACE 13775 4073 U 4 22751a
SCHED-TRACE 13776 4073 V 4 22759b
SCHED-TRACE 13777 4073 O 0 0
SCHED-TRACE 13778 4073 P 58 4cc2cf1aa
SCHED-TRACE 13779 4074 K 52 4c58824dc
SCHED-TRACE 13780 4074 P 58 4cd9e3958
SCHED-TRACE 13781 4075 P 58 4ceb61062
SCHED-TRACE 13782 4075 I 52 227aa3
SCHED-TRACE 13783 4075 B 52 7a
SCHED-TRACE 13784 4075 P 52 4caade76c
SCHED-TRACE 13785 4075 R 52 4caade76c
SCHED-TRACE 13786 4076 U 4 227ba6
SCHED-TRACE 13787 4076 V 4 227c27
SCHED-TRACE 13788 4076 O 0 0
SCHED-TRACE 13789 4076 P 52 4cc478105
SCHED-TRACE 13790 4077 K 49 4c59add2f
SCHED-TRACE 13791 4077 P 52 4cdb8c8b3
SCHED-TRACE 13792 4078 P 52 4ced09fbe
SCHED-TRACE 13793 4078 I 49 228130
SCHED-TRACE 13794 4078 B 49 7a
SCHED-TRACE 13795 4078 P 49 4cac1be76
SCHED-TRACE 13796 4078 R 49 4cac1be76
SCHED-TRACE 13797 4079 U 4 228233
SCHED-TRACE 13798 4079 V 4 2282b4
SCHED-TRACE 13799 4079 O 0 0
SCHED-TRACE 13800 4079 P 49 4cc5b8106
SCHED-TRACE 13801 4080 K 43 4c5ac24dc
SCHED-TRACE 13802 4080 P 49 4cdccc8b4
SCHED-TRACE 13803 4081 P 49 4cee4c8b4
SCHED-TRACE 13804 4081 I 43 2287bd
SCHED-TRACE 13805 4081 B 43 7a
SCHED-TRACE 13806 4081 P 43 4cad28b43
SCHED-TRACE 13807 4081 R 43 4cad28b43
SCHED-TRACE 13808 4082 U 4 2288c0
SCHED-TRACE 13809 4082 V 4 228941
SCHED-TRACE 13810 4082 O 0 0
SCHED-TRACE 13811 4082 P 43 4cc6c9fbe
SCHED-TRACE 13812 4083 K 40 4c5b8c8b3
SCHED-TRACE 13813 4083 P 43 4cddde76c
SCHED-TRACE 13814 4084 P 43 4cef5be76
SCHED-TRACE 13815 4084 I 40 228e4a
SCHED-TRACE 13816 4084 B 40 7b
SCHED-TRACE 13817 4084 P 40 4cadf580f
SCHED-TRACE 13818 4084 R 40 4cadf580f
SCHED-TRACE 13819 4085 U 4 228f4d
SCHED-TRACE 13820 4085 V 4 228fce
SCHED-TRACE 13821 4085 O 0 0
SCHED-TRACE 13822 4085 P 40 4cc796c8a
SCHED-TRACE 13823 4086 K 46 4c63ba9fc
SCHED-TRACE 13824 4086 P 40 4cdeab438
SCHED-TRACE 13825 4087 P 40 4cf02624d
SCHED-TRACE 13826 4087 I 46 2294d7
SCHED-TRACE 13827 4087 B 46 7b
SCHED-TRACE 13828 4087 P 46 4cb623958
SCHED-TRACE 13829 4087 R 46 4cb623958
SCHED-TRACE 13830 4088 U 4 2295da
SCHED-TRACE 13831 4088 V 4 22965b
SCHED-TRACE 13832 4088 O 0 0
SCHED-TRACE 13833 4088 P 46 4ccfbfbe7
SCHED-TRACE 13834 4089 K 46 4ccfbfbe7
SCHED-TRACE 13835 4089 P 46 4ce6d4395
SCHED-TRACE 13836 4090 I 46 229b64
SCHED-TRACE 13837 4090 B 46 7a
SCHED-TRACE 13838 4090 P 46 4d4abd2f2
SCHED-TRACE 13839 4090 R 46 4d4abd2f2
SCHED-TRACE 13840 4091 U 4 229c67
SCHED-TRACE 13841 4091 V 4 229ce8
SCHED-TRACE 13842 4091 O 0 0
SCHED-TRACE 13843 4091 P 46 4d6459581
SCHED-TRACE 13844 4092 K 73 4ce7de76c
SCHED-TRACE 13845 4092 P 46 4d7b6dd2f
SCHED-TRACE 13846 4093 P 46 4d8ce8b43
SCHED-TRACE 13847 4093 I 73 22a1f1
SCHED-TRACE 13848 4093 B 73 7a
SCHED-TRACE 13849 4093 P 73 4d3a4f1aa
SCHED-TRACE 13850 4093 R 73 4d3a4f1aa
SCHED-TRACE 13851 4094 U 4 22a2f3
SCHED-TRACE 13852 4094 V 4 22a374
SCHED-TRACE 13853 4094 O 0 0
SCHED-TRACE 13854 4094 P 73 4d53cf1aa
SCHED-TRACE 13855 4095 K 70 4ce904dd2
SCHED-TRACE 13856 4095 P 73 4d6ae3958
SCHED-TRACE 13857 4096 P 73 4d7c5e76c
SCHED-TRACE 13858 4096 I 70 22a87d
SCHED-TRACE 13859 4096 B 70 7b
SCHED-TRACE 13860 4096 P 70 4d3b78105
SCHED-TRACE 13861 4096 R 70 4d3b78105
SCHED-TRACE 13862 4097 U 4 22a97f
SCHED-TRACE 13863 4097 V 4 22aa00
SCHED-TRACE 13864 4097 O 0 0
SCHED-TRACE 13865 4097 P 70 4d54fa9fb
SCHED-TRACE 13866 4098 K 76 4ce90c8b4
SCHED-TRACE 13867 4098 P 70 4d6c0f1a9
SCHED-TRACE 13868 4099 P 70 4d7d876c8
SCHED-TRACE 13869 4099 I 76 22af09
SCHED-TRACE 13870 4099 B 76 7b
SCHED-TRACE 13871 4099 P 76 4d3b7fbe7
SCHED-TRACE 13872 4099 R 76 4d3b7fbe7
SCHED-TRACE 13873 4100 U 4 22b00b
SCHED-TRACE 13874 4100 V 4 22b08c
SCHED-TRACE 13875 4100 O 0 0
SCHED-TRACE 13876 4100 P 76 4d54fa9fb
SCHED-TRACE 13877 4101 K 31 4ce975810
SCHED-TRACE 13878 4101 P 76 4d6c0c8b4
SCHED-TRACE 13879 4102 P 76 4d7d84dd2
SCHED-TRACE 13880 4102 I 31 22b594
SCHED-TRACE 13881 4102 B 31 7a
SCHED-TRACE 13882 4102 P 31 4d3bd6c8b
SCHED-TRACE 13883 4102 R 31 4d3bd6c8b
SCHED-TRACE 13884 4103 U 4 22b695
SCHED-TRACE 13885 4103 V 4 22b717
SCHED-TRACE 13886 4103 O 0 0
SCHED-TRACE 13887 4103 P 31 4d554f1a9
SCHED-TRACE 13888 4104 K 67 4ce9a8b43
SCHED-TRACE 13889 4104 P 31 4d6c63957
SCHED-TRACE 13890 4105 P 31 4d7ddbe76
SCHED-TRACE 13891 4105 I 67 22bc1f
SCHED-TRACE 13892 4105 B 67 7a
SCHED-TRACE 13893 4105 P 67 4d3c0c8b3
SCHED-TRACE 13894 4105 R 67 4d3c0c8b3
SCHED-TRACE 13895 4106 U 4 22bd21
SCHED-TRACE 13896 4106 V 4 22bda2
SCHED-TRACE 13897 4106 O 0 0
SCHED-TRACE 13898 4106 P 67 4d558f1a9
SCHED-TRACE 13899 4107 K 34 4ceac24dd
SCHED-TRACE 13900 4107 P 67 4d6ca1061
SCHED-TRACE 13901 4108 P 67 4d7e19580
SCHED-TRACE 13902 4108 I 34 22c2ab
SCHED-TRACE 13903 4108 B 34 7a
SCHED-TRACE 13904 4108 P 34 4d3d38106
SCHED-TRACE 13905 4108 R 34 4d3d38106
SCHED-TRACE 13906 4109 U 4 22c3ac
SCHED-TRACE 13907 4109 V 4 22c42e
SCHED-TRACE 13908 4109 O 0 0
SCHED-TRACE 13909 4109 P 34 4d56add2f
SCHED-TRACE 13910 4110 K 64 4ceaf8105
SCHED-TRACE 13911 4110 P 34 4d6dc24dd
SCHED-TRACE 13912 4111 P 34 4d7f3a9fb
SCHED-TRACE 13913 4111 I 64 22c936
SCHED-TRACE 13914 4111 B 64 7a
SCHED-TRACE 13915 4111 P 64 4d3d5e76c
SCHED-TRACE 13916 4111 R 64 4d3d5e76c
SCHED-TRACE 13917 4112 U 4 22ca38
SCHED-TRACE 13918 4112 V 4 22cab9
SCHED-TRACE 13919 4112 O 0 0
SCHED-TRACE 13920 4112 P 64 4d56eb439
SCHED-TRACE 13921 4113 K 61 4ceb28b43
SCHED-TRACE 13922 4113 P 64 4d6dffbe7
SCHED-TRACE 13923 4114 P 64 4d7f7d2f1
SCHED-TRACE 13924 4114 I 61 22cfc2
SCHED-TRACE 13925 4114 B 61 7a
SCHED-TRACE 13926 4114 P 61 4d3d89fbe
SCHED-TRACE 13927 4114 R 61 4d3d89fbe
SCHED-TRACE 13928 4115 U 4 22d0c5
SCHED-TRACE 13929 4115 V 4 22d146
SCHED-TRACE 13930 4115 O 0 0
SCHED-TRACE 13931 4115 P 61 4d571be77
SCHED-TRACE 13932 4116 K 55 4ceb3d2f1
SCHED-TRACE 13933 4116 P 61 4d6e32f1a
SCHED-TRACE 13934 4117 P 61 4d7fb0625
SCHED-TRACE 13935 4117 I 55 22d64e
SCHED-TRACE 13936 4117 B 55 7b
SCHED-TRACE 13937 4117 P 55 4d3d99581
SCHED-TRACE 13938 4117 R 55 4d3d99581
SCHED-TRACE 13939 4118 U 4 22d751
SCHED-TRACE 13940 4118 V 4 22d7d2
SCHED-TRACE 13941 4118 O 0 0
SCHED-TRACE 13942 4118 P 55 4d572dd2f
SCHED-TRACE 13943 4119 K 58 4ceb61062
SCHED-TRACE 13944 4119 P 55 4d6e424dd
SCHED-TRACE 13945 4120 P 55 4d7fbd2f1
SCHED-TRACE 13946 4120 I 58 22dcda
SCHED-TRACE 13947 4120 B 58 7a
SCHED-TRACE 13948 4120 P 58 4d3dbd2f1
SCHED-TRACE 13949 4120 R 58 4d3dbd2f1
SCHED-TRACE 13950 4121 U 4 22dddc
SCHED-TRACE 13951 4121 V 4 22de5e
SCHED-TRACE 13952 4121 O 0 0
SCHED-TRACE 13953 4121 P 58 4d574f1aa
SCHED-TRACE 13954 4122 K 52 4ced09fbe
SCHED-TRACE 13955 4122 P 58 4d6e63958
SCHED-TRACE 13956 4123 P 58 4d7fe1062
SCHED-TRACE 13957 4123 I 52 22e366
SCHED-TRACE 13958 4123 B 52 7a
SCHED-TRACE 13959 4123 P 52 4d3f6624d
SCHED-TRACE 13960 4123 R 52 4d3f6624d
SCHED-TRACE 13961 4124 U 4 22e469
SCHED-TRACE 13962 4124 V 4 22e4ea
SCHED-TRACE 13963 4124 O 0 0
SCHED-TRACE 13964 4124 P 52 4d58ffbe7
SCHED-TRACE 13965 4125 K 49 4cee4c8b4
SCHED-TRACE 13966 4125 P 52 4d7014395
SCHED-TRACE 13967 4126 P 52 4d8191a9f
SCHED-TRACE 13968 4126 I 49 22e9f3
SCHED-TRACE 13969 4126 B 49 7a
SCHED-TRACE 13970 4126 P 49 4d40bd2f1
SCHED-TRACE 13971 4126 R 49 4d40bd2f1
SCHED-TRACE 13972 4127 U 4 22eaf6
SCHED-TRACE 13973 4127 V 4 22eb77
SCHED-TRACE 13974 4127 O 0 0
SCHED-TRACE 13975 4127 P 49 4d5a59581
SCHED-TRACE 13976 4128 K 43 4cef5be76
SCHED-TRACE 13977 4128 P 49 4d716dd2f
SCHED-TRACE 13978 4129 P 49 4d82eb439
SCHED-TRACE 13979 4129 I 43 22f080
SCHED-TRACE 13980 4129 B 43 7b
SCHED-TRACE 13981 4129 P 43 4d41c9fbe
SCHED-TRACE 13982 4129 R 43 4d41c9fbe
SCHED-TRACE 13983 4130 U 4 22f183
SCHED-TRACE 13984 4130 V 4 22f204
SCHED-TRACE 13985 4130 O 0 0
SCHED-TRACE 13986 4130 P 43 4d5b6b439
SCHED-TRACE 13987 4131 K 37 4cf02624d
SCHED-TRACE 13988 4131 P 43 4d727fbe7
SCHED-TRACE 13989 4132 P 43 4d83ffbe7
SCHED-TRACE 13990 4132 I 37 22f70d
SCHED-TRACE 13991 4132 B 37 7a
SCHED-TRACE 13992 4132 P 37 4d42876c8
SCHED-TRACE 13993 4132 R 37 4d42876c8
SCHED-TRACE 13994 4133 U 4 22f810
SCHED-TRACE 13995 4133 V 4 22f891
SCHED-TRACE 13996 4133 O 0 0
SCHED-TRACE 13997 4133 P 37 4d5c2dd2f
SCHED-TRACE 13998 4134 K 40 4cf02624d
SCHED-TRACE 13999 4134 P 37 4d73424dd
SCHED-TRACE 14000 4135 P 37 4d84bfbe7
SCHED-TRACE 14001 4135 I 40 22fd9a
SCHED-TRACE 14002 4135 B 40 7a
SCHED-TRACE 14003 4135 P 40 4d4289fbd
SCHED-TRACE 14004 4135 R 40 4d4289fbd
SCHED-TRACE 14005 4136 U 4 22fe9d
SCHED-TRACE 14006 4136 V 4 22ff1e
SCHED-TRACE 14007 4136 O 0 0
SCHED-TRACE 14008 4136 P 40 4d5c2dd2e
SCHED-TRACE 14009 4137 K 40 4d5c2dd2e
SCHED-TRACE 14010 4137 P 40 4d73424dc
SCHED-TRACE 14011 4138 I 40 230427
SCHED-TRACE 14012 4138 B 40 7a
SCHED-TRACE 14013 4138 P 40 4dd72624d
SCHED-TRACE 14014 4138 R 40 4dd72624d
SCHED-TRACE 14015 4139 U 4 23052a
SCHED-TRACE 14016 4139 V 4 2305ab
SCHED-TRACE 14017 4139 O 0 0
SCHED-TRACE 14018 4139 P 40 4df0c76c8
SCHED-TRACE 14019 4140 K 73 4d7c5e76c
SCHED-TRACE 14020 4140 P 40 4e07dbe76
SCHED-TRACE 14021 4141 P 40 4e1956c8a
SCHED-TRACE 14022 4141 I 73 230ab4
SCHED-TRACE 14023 4141 B 73 7a
SCHED-TRACE 14024 4141 P 73 4dcec9fbe
SCHED-TRACE 14025 4141 R 73 4dcec9fbe
SCHED-TRACE 14026 4142 U 4 230bb6
SCHED-TRACE 14027 4142 V 4 230c37
SCHED-TRACE 14028 4142 O 0 0
SCHED-TRACE 14029 4142 P 73 4de849fbe
SCHED-TRACE 14030 4143 K 76 4d7d84dd2
SCHED-TRACE 14031 4143 P 73 4dff5e76c
SCHED-TRACE 14032 4144 P 73 4e10d9581
SCHED-TRACE 14033 4144 I 76 231140
SCHED-TRACE 14034 4144 B 76 7a
SCHED-TRACE 14035 4144 P 76 4dcff8106
SCHED-TRACE 14036 4144 R 76 4dcff8106
SCHED-TRACE 14037 4145 U 4 231242
SCHED-TRACE 14038 4145 V 4 2312c3
SCHED-TRACE 14039 4145 O 0 0
SCHED-TRACE 14040 4145 P 76 4de975810
SCHED-TRACE 14041 4146 K 70 4d7d876c8
SCHED-TRACE 14042 4146 P 76 4e0089fbe
SCHED-TRACE 14043 4147 P 76 4e12024dd
SCHED-TRACE 14044 4147 I 70 2317cb
SCHED-TRACE 14045 4147 B 70 7a
SCHED-TRACE 14046 4147 P 70 4dcfe624d
SCHED-TRACE 14047 4147 R 70 4dcfe624d
SCHED-TRACE 14048 4148 U 4 2318cd
SCHED-TRACE 14049 4148 V 4 23194e
SCHED-TRACE 14050 4148 O 0 0
SCHED-TRACE 14051 4148 P 70 4de96624d
SCHED-TRACE 14052 4149 K 31 4d7ddbe76
SCHED-TRACE 14053 4149 P 70 4e007a9fb
SCHED-TRACE 14054 4150 P 70 4e11f2f1a
SCHED-TRACE 14055 4150 I 31 231e57
SCHED-TRACE 14056 4150 B 31 7a
SCHED-TRACE 14057 4150 P 31 4dd04f1a9
SCHED-TRACE 14058 4150 R 31 4dd04f1a9
SCHED-TRACE 14059 4151 U 4 231f58
SCHED-TRACE 14060 4151 V 4 231fda
SCHED-TRACE 14061 4151 O 0 0
SCHED-TRACE 14062 4151 P 31 4de9c76c8
SCHED-TRACE 14063 4152 K 67 4d7e19580
SCHED-TRACE 14064 4152 P 31 4e00dbe76
SCHED-TRACE 14065 4153 P 31 4e1254395
SCHED-TRACE 14066 4153 I 67 2324e2
SCHED-TRACE 14067 4153 B 67 7b
SCHED-TRACE 14068 4153 P 67 4dd07fbe6
SCHED-TRACE 14069 4153 R 67 4dd07fbe6
SCHED-TRACE 14070 4154 U 4 2325e4
SCHED-TRACE 14071 4154 V 4 232665
SCHED-TRACE 14072 4154 O 0 0
SCHED-TRACE 14073 4154 P 67 4de9ffbe6
SCHED-TRACE 14074 4155 K 34 4d7f3a9fb
SCHED-TRACE 14075 4155 P 67 4e0114394
SCHED-TRACE 14076 4156 P 67 4e1289fbd
SCHED-TRACE 14077 4156 I 34 232b6e
SCHED-TRACE 14078 4156 B 34 7a
SCHED-TRACE 14079 4156 P 34 4dd1b0624
SCHED-TRACE 14080 4156 R 34 4dd1b0624
SCHED-TRACE 14081 4157 U 4 232c6f
SCHED-TRACE 14082 4157 V 4 232cf0
SCHED-TRACE 14083 4157 O 0 0
SCHED-TRACE 14084 4157 P 34 4deb2624d
SCHED-TRACE 14085 4158 K 64 4d7f7d2f1
SCHED-TRACE 14086 4158 P 34 4e0238106
SCHED-TRACE 14087 4159 P 34 4e13b2f1a
SCHED-TRACE 14088 4159 I 64 2331f9
SCHED-TRACE 14089 4159 B 64 7a
SCHED-TRACE 14090 4159 P 64 4dd1e3957
SCHED-TRACE 14091 4159 R 64 4dd1e3957
SCHED-TRACE 14092 4160 U 4 2332fb
SCHED-TRACE 14093 4160 V 4 23337c
SCHED-TRACE 14094 4160 O 0 0
SCHED-TRACE 14095 4160 P 64 4deb72f1a
SCHED-TRACE 14096 4161 K 61 4d7fb0625
SCHED-TRACE 14097 4161 P 64 4e02876c8
SCHED-TRACE 14098 4162 P 64 4e1404dd2
SCHED-TRACE 14099 4162 I 61 233885
SCHED-TRACE 14100 4162 B 61 7a
SCHED-TRACE 14101 4162 P 61 4dd211aa0
SCHED-TRACE 14102 4162 R 61 4dd211aa0
SCHED-TRACE 14103 4163 U 4 233987
SCHED-TRACE 14104 4163 V 4 233a09
SCHED-TRACE 14105 4163 O 0 0
SCHED-TRACE 14106 4163 P 61 4deba3958
SCHED-TRACE 14107 4164 K 55 4d7fbd2f1
SCHED-TRACE 14108 4164 P 61 4e02b8106
SCHED-TRACE 14109 4165 P 61 4e1438106
SCHED-TRACE 14110 4165 I 55 233f11
SCHED-TRACE 14111 4165 B 55 7a
SCHED-TRACE 14112 4165 P 55 4dd216c8b
SCHED-TRACE 14113 4165 R 55 4dd216c8b
SCHED-TRACE 14114 4166 U 4 234014
SCHED-TRACE 14115 4166 V 4 234095
SCHED-TRACE 14116 4166 O 0 0
SCHED-TRACE 14117 4166 P 55 4debab439
SCHED-TRACE 14118 4167 K 58 4d7fe1062
SCHED-TRACE 14119 4167 P 55 4e02bfbe7
SCHED-TRACE 14120 4168 P 55 4e143d2f1
SCHED-TRACE 14121 4168 I 58 23459d
SCHED-TRACE 14122 4168 B 58 7a
SCHED-TRACE 14123 4168 P 58 4dd23d2f1
SCHED-TRACE 14124 4168 R 58 4dd23d2f1
SCHED-TRACE 14125 4169 U 4 2346a0
SCHED-TRACE 14126 4169 V 4 234721
SCHED-TRACE 14127 4169 O 0 0
SCHED-TRACE 14128 4169 P 58 4debd1a9f
SCHED-TRACE 14129 4170 K 52 4d8191a9f
SCHED-TRACE 14130 4170 P 58 4e02e624d
SCHED-TRACE 14131 4171 P 58 4e1463958
SCHED-TRACE 14132 4171 I 52 234c29
SCHED-TRACE 14133 4171 B 52 7a
SCHED-TRACE 14134 4171 P 52 4dd3edd2e
SCHED-TRACE 14135 4171 R 52 4dd3edd2e
SCHED-TRACE 14136 4172 U 4 234d2c
SCHED-TRACE 14137 4172 V 4 234dad
SCHED-TRACE 14138 4172 O 0 0
SCHED-TRACE 14139 4172 P 52 4ded876c8
SCHED-TRACE 14140 4173 K 49 4d82eb439
SCHED-TRACE 14141 4173 P 52 4e049be76
SCHED-TRACE 14142 4174 P 52 4e1619580
SCHED-TRACE 14143 4174 I 49 2352b6
SCHED-TRACE 14144 4174 B 49 7a
SCHED-TRACE 14145 4174 P 49 4dd559581
SCHED-TRACE 14146 4174 R 49 4dd559581
SCHED-TRACE 14147 4175 U 4 2353b9
SCHED-TRACE 14148 4175 V 4 23543a
SCHED-TRACE 14149 4175 O 0 0
SCHED-TRACE 14150 4175 P 49 4deef5810
SCHED-TRACE 14151 4176 K 43 4d83ffbe7
SCHED-TRACE 14152 4176 P 49 4e0609fbe
SCHED-TRACE 14153 4177 P 49 4e1789fbe
SCHED-TRACE 14154 4177 I 43 235943
SCHED-TRACE 14155 4177 B 43 7a
SCHED-TRACE 14156 4177 P 43 4dd66624d
SCHED-TRACE 14157 4177 R 43 4dd66624d
SCHED-TRACE 14158 4178 U 4 235a46
SCHED-TRACE 14159 4178 V 4 235ac7
SCHED-TRACE 14160 4178 O 0 0
SCHED-TRACE 14161 4178 P 43 4df0076c8
SCHED-TRACE 14162 4179 K 37 4d84bfbe7
SCHED-TRACE 14163 4179 P 43 4e071be76
SCHED-TRACE 14164 4180 P 43 4e1899580
SCHED-TRACE 14165 4180 I 37 235fd0
SCHED-TRACE 14166 4180 B 37 7b
SCHED-TRACE 14167 4180 P 37 4dd728b43
SCHED-TRACE 14168 4180 R 37 4dd728b43
SCHED-TRACE 14169 4181 U 4 2360d3
SCHED-TRACE 14170 4181 V 4 236154
SCHED-TRACE 14171 4181 O 0 0
SCHED-TRACE 14172 4181 P 37 4df0cc8b4
SCHED-TRACE 14173 4182 K 46 4d8ce8b43
SCHED-TRACE 14174 4182 P 37 4e07e1062
SCHED-TRACE 14175 4183 P 37 4e195be76
SCHED-TRACE 14176 4183 I 46 23665d
SCHED-TRACE 14177 4183 B 46 7b
SCHED-TRACE 14178 4183 P 46 4ddf4f1aa
SCHED-TRACE 14179 4183 R 46 4ddf4f1aa
SCHED-TRACE 14180 4184 U 4 236760
SCHED-TRACE 14181 4184 V 4 2367e1
SCHED-TRACE 14182 4184 O 0 0
SCHED-TRACE 14183 4184 P 46 4df8eb439
SCHED-TRACE 14184 4185 K 46 4df8eb439
SCHED-TRACE 14185 4185 P 46 4e0fffbe7
SCHED-TRACE 14186 4186 I 46 236cea
SCHED-TRACE 14187 4186 B 46 7a
SCHED-TRACE 14188 4186 P 46 4e73e8b43
SCHED-TRACE 14189 4186 R 46 4e73e8b43
SCHED-TRACE 14190 4187 U 4 236ded
SCHED-TRACE 14191 4187 V 4 236e6e
SCHED-TRACE 14192 4187 O 0 0
SCHED-TRACE 14193 4187 P 46 4e8d84dd3
SCHED-TRACE 14194 4188 K 73 4e10d9581
SCHED-TRACE 14195 4188 P 46 4ea499581
SCHED-TRACE 14196 4189 P 46 4eb614395
SCHED-TRACE 14197 4189 I 73 237377
SCHED-TRACE 14198 4189 B 73 7a
SCHED-TRACE 14199 4189 P 73 4e6349fbe
SCHED-TRACE 14200 4189 R 73 4e6349fbe
SCHED-TRACE 14201 4190 U 4 237479
SCHED-TRACE 14202 4190 V 4 2374fa
SCHED-TRACE 14203 4190 O 0 0
SCHED-TRACE 14204 4190 P 73 4e7ccc8b4
SCHED-TRACE 14205 4191 K 70 4e11f2f1a
SCHED-TRACE 14206 4191 P 73 4e93e1062
SCHED-TRACE 14207 4192 P 73 4ea55be76
SCHED-TRACE 14208 4192 I 70 237a03
SCHED-TRACE 14209 4192 B 70 7b
SCHED-TRACE 14210 4192 P 70 4e646624d
SCHED-TRACE 14211 4192 R 70 4e646624d
SCHED-TRACE 14212 4193 U 4 237b05
SCHED-TRACE 14213 4193 V 4 237b86
SCHED-TRACE 14214 4193 O 0 0
SCHED-TRACE 14215 4193 P 70 4e7de8b43
SCHED-TRACE 14216 4194 K 76 4e12024dd
SCHED-TRACE 14217 4194 P 70 4e94fd2f1
SCHED-TRACE 14218 4195 P 70 4ea675810
SCHED-TRACE 14219 4195 I 76 23808f
SCHED-TRACE 14220 4195 B 76 7b
SCHED-TRACE 14221 4195 P 76 4e6475810
SCHED-TRACE 14222 4195 R 76 4e6475810
SCHED-TRACE 14223 4196 U 4 238191
SCHED-TRACE 14224 4196 V 4 238212
SCHED-TRACE 14225 4196 O 0 0
SCHED-TRACE 14226 4196 P 76 4e7df0624
SCHED-TRACE 14227 4197 K 31 4e1254395
SCHED-TRACE 14228 4197 P 76 4e95024dd
SCHED-TRACE 14229 4198 P 76 4ea67d2f1
SCHED-TRACE 14230 4198 I 31 23871a
SCHED-TRACE 14231 4198 B 31 7a
SCHED-TRACE 14232 4198 P 31 4e64b2f1a
SCHED-TRACE 14233 4198 R 31 4e64b2f1a
SCHED-TRACE 14234 4199 U 4 23881b
SCHED-TRACE 14235 4199 V 4 23889d
SCHED-TRACE 14236 4199 O 0 0
SCHED-TRACE 14237 4199 P 31 4e7e2b439
SCHED-TRACE 14238 4200 K 67 4e1289fbd
SCHED-TRACE 14239 4200 P 31 4e953fbe7
SCHED-TRACE 14240 4201 P 31 4ea6b8105
SCHED-TRACE 14241 4201 I 67 238da5
SCHED-TRACE 14242 4201 B 67 7a
SCHED-TRACE 14243 4201 P 67 4e64edd2e
SCHED-TRACE 14244 4201 R 67 4e64edd2e
SCHED-TRACE 14245 4202 U 4 238ea7
SCHED-TRACE 14246 4202 V 4 238f28
SCHED-TRACE 14247 4202 O 0 0
SCHED-TRACE 14248 4202 P 67 4e7e70624
SCHED-TRACE 14249 4203 K 34 4e13b2f1a
SCHED-TRACE 14250 4203 P 67 4e95824dc
SCHED-TRACE 14251 4204 P 67 4ea6fa9fb
SCHED-TRACE 14252 4204 I 34 239431
SCHED-TRACE 14253 4204 B 34 7a
SCHED-TRACE 14254 4204 P 34 4e6628b43
SCHED-TRACE 14255 4204 R 34 4e6628b43
SCHED-TRACE 14256 4205 U 4 239532
SCHED-TRACE 14257 4205 V 4 2395b4
SCHED-TRACE 14258 4205 O 0 0
SCHED-TRACE 14259 4205 P 34 4e7f9e76c
SCHED-TRACE 14260 4206 K 64 4e1404dd2
SCHED-TRACE 14261 4206 P 34 4e96b2f1a
SCHED-TRACE 14262 4207 P 34 4ea82b439
SCHED-TRACE 14263 4207 I 64 239abc
SCHED-TRACE 14264 4207 B 64 7a
SCHED-TRACE 14265 4207 P 64 4e666b439
SCHED-TRACE 14266 4207 R 64 4e666b439
SCHED-TRACE 14267 4208 U 4 239bbe
SCHED-TRACE 14268 4208 V 4 239c3f
SCHED-TRACE 14269 4208 O 0 0
SCHED-TRACE 14270 4208 P 64 4e7ff8105
SCHED-TRACE 14271 4209 K 61 4e1438106
SCHED-TRACE 14272 4209 P 64 4e970c8b3
SCHED-TRACE 14273 4210 P 64 4ea889fbe
SCHED-TRACE 14274 4210 I 61 23a148
SCHED-TRACE 14275 4210 B 61 7a
SCHED-TRACE 14276 4210 P 61 4e6699581
SCHED-TRACE 14277 4210 R 61 4e6699581
SCHED-TRACE 14278 4211 U 4 23a24a
SCHED-TRACE 14279 4211 V 4 23a2cc
SCHED-TRACE 14280 4211 O 0 0
SCHED-TRACE 14281 4211 P 61 4e802b439
SCHED-TRACE 14282 4212 K 55 4e143d2f1
SCHED-TRACE 14283 4212 P 61 4e97424dd
SCHED-TRACE 14284 4213 P 61 4ea8bfbe7
SCHED-TRACE 14285 4213 I 55 23a7d4
SCHED-TRACE 14286 4213 B 55 7b
SCHED-TRACE 14287 4213 P 55 4e669be77
SCHED-TRACE 14288 4213 R 55 4e669be77
SCHED-TRACE 14289 4214 U 4 23a8d7
SCHED-TRACE 14290 4214 V 4 23a958
SCHED-TRACE 14291 4214 O 0 0
SCHED-TRACE 14292 4214 P 55 4e8030625
SCHED-TRACE 14293 4215 K 58 4e1463958
SCHED-TRACE 14294 4215 P 55 4e9744dd3
SCHED-TRACE 14295 4216 P 55 4ea8c24dd
SCHED-TRACE 14296 4216 I 58 23ae61
SCHED-TRACE 14297 4216 B 58 7a
SCHED-TRACE 14298 4216 P 58 4e66d6c8b
SCHED-TRACE 14299 4216 R 58 4e66d6c8b
SCHED-TRACE 14300 4217 U 4 23af63
SCHED-TRACE 14301 4217 V 4 23afe5
SCHED-TRACE 14302 4217 O 0 0
SCHED-TRACE 14303 4217 P 58 4e8068b43
SCHED-TRACE 14304 4218 K 52 4e1619580
SCHED-TRACE 14305 4218 P 58 4e977d2f1
SCHED-TRACE 14306 4219 P 58 4ea8fa9fb
SCHED-TRACE 14307 4219 I 52 23b4ed
SCHED-TRACE 14308 4219 B 52 7a
SCHED-TRACE 14309 4219 P 52 4e6875810
SCHED-TRACE 14310 4219 R 52 4e6875810
SCHED-TRACE 14311 4220 U 4 23b5f0
SCHED-TRACE 14312 4220 V 4 23b671
SCHED-TRACE 14313 4220 O 0 0
SCHED-TRACE 14314 4220 P 52 4e820f1a9
SCHED-TRACE 14315 4221 K 49 4e1789fbe
SCHED-TRACE 14316 4221 P 52 4e9923957
SCHED-TRACE 14317 4222 P 52 4eaaa1062
SCHED-TRACE 14318 4222 I 49 23bb7a
SCHED-TRACE 14319 4222 B 49 7a
SCHED-TRACE 14320 4222 P 49 4e69fa9fc
SCHED-TRACE 14321 4222 R 49 4e69fa9fc
SCHED-TRACE 14322 4223 U 4 23bc7d
SCHED-TRACE 14323 4223 V 4 23bcfe
SCHED-TRACE 14324 4223 O 0 0
SCHED-TRACE 14325 4223 P 49 4e8396c8b
SCHED-TRACE 14326 4224 K 43 4e1899580
SCHED-TRACE 14327 4224 P 49 4e9aab439
SCHED-TRACE 14328 4225 P 49 4eac28b43
SCHED-TRACE 14329 4225 I 43 23c207
SCHED-TRACE 14330 4225 B 43 7a
SCHED-TRACE 14331 4225 P 43 4e6b04dd2
SCHED-TRACE 14332 4225 R 43 4e6b04dd2
SCHED-TRACE 14333 4226 U 4 23c30a
SCHED-TRACE 14334 4226 V 4 23c38b
SCHED-TRACE 14335 4226 O 0 0
SCHED-TRACE 14336 4226 P 43 4e84a624d
SCHED-TRACE 14337 4227 K 40 4e1956c8a
SCHED-TRACE 14338 4227 P 43 4e9bba9fb
SCHED-TRACE 14339 4228 P 43 4ead38105
SCHED-TRACE 14340 4228 I 40 23c894
SCHED-TRACE 14341 4228 B 40 7a
SCHED-TRACE 14342 4228 P 40 4e6bbd2f1
SCHED-TRACE 14343 4228 R 40 4e6bbd2f1
SCHED-TRACE 14344 4229 U 4 23c997
SCHED-TRACE 14345 4229 V 4 23ca18
SCHED-TRACE 14346 4229 O 0 0
SCHED-TRACE 14347 4229 P 40 4e8563957
SCHED-TRACE 14348 4230 K 37 4e195be76
SCHED-TRACE 14349 4230 P 40 4e9c78105
SCHED-TRACE 14350 4231 P 40 4eadf580f
SCHED-TRACE 14351 4231 I 37 23cf21
SCHED-TRACE 14352 4231 B 37 7a
SCHED-TRACE 14353 4231 P 37 4e6bbfbe7
SCHED-TRACE 14354 4231 R 37 4e6bbfbe7
SCHED-TRACE 14355 4232 U 4 23d024
SCHED-TRACE 14356 4232 V 4 23d0a5
SCHED-TRACE 14357 4232 O 0 0
SCHED-TRACE 14358 4232 P 37 4e856624d
SCHED-TRACE 14359 4233 K 37 4e856624d
SCHED-TRACE 14360 4233 P 37 4e9c7a9fb
SCHED-TRACE 14361 4234 I 37 23d5ae
SCHED-TRACE 14362 4234 B 37 7a
SCHED-TRACE 14363 4234 P 37 4f005be76
SCHED-TRACE 14364 4234 R 37 4f005be76
SCHED-TRACE 14365 4235 U 4 23d6b1
SCHED-TRACE 14366 4235 V 4 23d732
SCHED-TRACE 14367 4235 O 0 0
SCHED-TRACE 14368 4235 P 37 4f19ffbe7
SCHED-TRACE 14369 4236 K 73 4ea55be76
SCHED-TRACE 14370 4236 P 37 4f3114395
SCHED-TRACE 14371 4237 P 37 4f428f1a9
SCHED-TRACE 14372 4237 I 73 23dc3b
SCHED-TRACE 14373 4237 B 73 7a
SCHED-TRACE 14374 4237 P 73 4ef7c4dd3
SCHED-TRACE 14375 4237 R 73 4ef7c4dd3
SCHED-TRACE 14376 4238 U 4 23dd3d
SCHED-TRACE 14377 4238 V 4 23ddbe
SCHED-TRACE 14378 4238 O 0 0
SCHED-TRACE 14379 4238 P 73 4f11476c8
SCHED-TRACE 14380 4239 K 70 4ea675810
SCHED-TRACE 14381 4239 P 73 4f285be76
SCHED-TRACE 14382 4240 P 73 4f39d6c8b
SCHED-TRACE 14383 4240 I 70 23e2c7
SCHED-TRACE 14384 4240 B 70 7a
SCHED-TRACE 14385 4240 P 70 4ef8e624d
SCHED-TRACE 14386 4240 R 70 4ef8e624d
SCHED-TRACE 14387 4241 U 4 23e3c9
SCHED-TRACE 14388 4241 V 4 23e44a
SCHED-TRACE 14389 4241 O 0 0
SCHED-TRACE 14390 4241 P 70 4f1268b43
SCHED-TRACE 14391 4242 K 76 4ea67d2f1
SCHED-TRACE 14392 4242 P 70 4f297d2f1
SCHED-TRACE 14393 4243 P 70 4f3af5810
SCHED-TRACE 14394 4243 I 76 23e953
SCHED-TRACE 14395 4243 B 76 7a
SCHED-TRACE 14396 4243 P 76 4ef8f0624
SCHED-TRACE 14397 4243 R 76 4ef8f0624
SCHED-TRACE 14398 4244 U 4 23ea55
SCHED-TRACE 14399 4244 V 4 23ead6
SCHED-TRACE 14400 4244 O 0 0
SCHED-TRACE 14401 4244 P 76 4f126b439
SCHED-TRACE 14402 4245 K 31 4ea6b8105
SCHED-TRACE 14403 4245 P 76 4f297fbe7
SCHED-TRACE 14404 4246 P 76 4f3af8106
SCHED-TRACE 14405 4246 I 31 23efde
SCHED-TRACE 14406 4246 B 31 7b
SCHED-TRACE 14407 4246 P 31 4ef91be76
SCHED-TRACE 14408 4246 R 31 4ef91be76
SCHED-TRACE 14409 4247 U 4 23f0df
SCHED-TRACE 14410 4247 V 4 23f161
SCHED-TRACE 14411 4247 O 0 0
SCHED-TRACE 14412 4247 P 31 4f1294395
SCHED-TRACE 14413 4248 K 67 4ea6fa9fb
SCHED-TRACE 14414 4248 P 31 4f29a8b43
SCHED-TRACE 14415 4249 P 31 4f3b21062
SCHED-TRACE 14416 4249 I 67 23f669
SCHED-TRACE 14417 4249 B 67 7a
SCHED-TRACE 14418 4249 P 67 4ef95e76c
SCHED-TRACE 14419 4249 R 67 4ef95e76c
SCHED-TRACE 14420 4250 U 4 23f76b
SCHED-TRACE 14421 4250 V 4 23f7ec
SCHED-TRACE 14422 4250 O 0 0
SCHED-TRACE 14423 4250 P 67 4f12e1061
SCHED-TRACE 14424 4251 K 34 4ea82b439
SCHED-TRACE 14425 4251 P 67 4f29f580f
SCHED-TRACE 14426 4252 P 67 4f3b6b438
SCHED-TRACE 14427 4252 I 34 23fcf5
SCHED-TRACE 14428 4252 B 34 7b
SCHED-TRACE 14429 4252 P 34 4efaa3958
SCHED-TRACE 14430 4252 R 34 4efaa3958
SCHED-TRACE 14431 4253 U 4 23fdf6
SCHED-TRACE 14432 4253 V 4 23fe78
SCHED-TRACE 14433 4253 O 0 0
SCHED-TRACE 14434 4253 P 34 4f1419581
SCHED-TRACE 14435 4254 K 64 4ea889fbe
SCHED-TRACE 14436 4254 P 34 4f2b2dd2f
SCHED-TRACE 14437 4255 P 34 4f3ca624d
SCHED-TRACE 14438 4255 I 64 240380
SCHED-TRACE 14439 4255 B 64 7a
SCHED-TRACE 14440 4255 P 64 4efaf0624
SCHED-TRACE 14441 4255 R 64 4efaf0624
SCHED-TRACE 14442 4256 U 4 240482
SCHED-TRACE 14443 4256 V 4 240503
SCHED-TRACE 14444 4256 O 0 0
SCHED-TRACE 14445 4256 P 64 4f147d2f1
SCHED-TRACE 14446 4257 K 61 4ea8bfbe7
SCHED-TRACE 14447 4257 P 64 4f2b91a9f
SCHED-TRACE 14448 4258 P 64 4f3d0f1a9
SCHED-TRACE 14449 4258 I 61 240a0c
SCHED-TRACE 14450 4258 B 61 7a
SCHED-TRACE 14451 4258 P 61 4efb21062
SCHED-TRACE 14452 4258 R 61 4efb21062
SCHED-TRACE 14453 4259 U 4 240b0e
SCHED-TRACE 14454 4259 V 4 240b90
SCHED-TRACE 14455 4259 O 0 0
SCHED-TRACE 14456 4259 P 61 4f14b2f1a
SCHED-TRACE 14457 4260 K 55 4ea8c24dd
SCHED-TRACE 14458 4260 P 61 4f2bc76c9
SCHED-TRACE 14459 4261 P 61 4f3d44dd3
SCHED-TRACE 14460 4261 I 55 241098
SCHED-TRACE 14461 4261 B 55 7a
SCHED-TRACE 14462 4261 P 55 4efb1e76c
SCHED-TRACE 14463 4261 R 55 4efb1e76c
SCHED-TRACE 14464 4262 U 4 24119b
SCHED-TRACE 14465 4262 V 4 24121c
SCHED-TRACE 14466 4262 O 0 0
SCHED-TRACE 14467 4262 P 55 4f14b2f1a
SCHED-TRACE 14468 4263 K 58 4ea8fa9fb
SCHED-TRACE 14469 4263 P 55 4f2bc76c8
SCHED-TRACE 14470 4264 P 55 4f3d44dd3
SCHED-TRACE 14471 4264 I 58 241724
SCHED-TRACE 14472 4264 B 58 7a
SCHED-TRACE 14473 4264 P 58 4efb56c8b
SCHED-TRACE 14474 4264 R 58 4efb56c8b
SCHED-TRACE 14475 4265 U 4 241826
SCHED-TRACE 14476 4265 V 4 2418a8
SCHED-TRACE 14477 4265 O 0 0
SCHED-TRACE 14478 4265 P 58 4f14eb439
SCHED-TRACE 14479 4266 K 52 4eaaa1062
SCHED-TRACE 14480 4266 P 58 4f2bffbe7
SCHED-TRACE 14481 4267 P 58 4f3d7d2f1
SCHED-TRACE 14482 4267 I 52 241db0
SCHED-TRACE 14483 4267 B 52 7a
SCHED-TRACE 14484 4267 P 52 4efcfd2f1
SCHED-TRACE 14485 4267 R 52 4efcfd2f1
SCHED-TRACE 14486 4268 U 4 241eb3
SCHED-TRACE 14487 4268 V 4 241f34
SCHED-TRACE 14488 4268 O 0 0
SCHED-TRACE 14489 4268 P 52 4f1696c8a
SCHED-TRACE 14490 4269 K 49 4eac28b43
SCHED-TRACE 14491 4269 P 52 4f2dadd2e
SCHED-TRACE 14492 4270 P 52 4f3f2b439
SCHED-TRACE 14493 4270 I 49 24243d
SCHED-TRACE 14494 4270 B 49 7b
SCHED-TRACE 14495 4270 P 49 4efe99581
SCHED-TRACE 14496 4270 R 49 4efe99581
SCHED-TRACE 14497 4271 U 4 242540
SCHED-TRACE 14498 4271 V 4 2425c1
SCHED-TRACE 14499 4271 O 0 0
SCHED-TRACE 14500 4271 P 49 4f1835810
SCHED-TRACE 14501 4272 K 43 4ead38105
SCHED-TRACE 14502 4272 P 49 4f2f49fbe
SCHED-TRACE 14503 4273 P 49 4f40c76c8
SCHED-TRACE 14504 4273 I 43 242aca
SCHED-TRACE 14505 4273 B 43 7a
SCHED-TRACE 14506 4273 P 43 4effa1062
SCHED-TRACE 14507 4273 R 43 4effa1062
SCHED-TRACE 14508 4274 U 4 242bcd
SCHED-TRACE 14509 4274 V 4 242c4e
SCHED-TRACE 14510 4274 O 0 0
SCHED-TRACE 14511 4274 P 43 4f19424dc
SCHED-TRACE 14512 4275 K 40 4eadf580f
SCHED-TRACE 14513 4275 P 43 4f3059580
SCHED-TRACE 14514 4276 P 43 4f41d6c8b
SCHED-TRACE 14515 4276 I 40 243157
SCHED-TRACE 14516 4276 B 40 7b
SCHED-TRACE 14517 4276 P 40 4f005e76b
SCHED-TRACE 14518 4276 R 40 4f005e76b
SCHED-TRACE 14519 4277 U 4 24325a
SCHED-TRACE 14520 4277 V 4 2432db
SCHED-TRACE 14521 4277 O 0 0
SCHED-TRACE 14522 4277 P 40 4f19ffbe6
SCHED-TRACE 14523 4278 K 46 4eb614395
SCHED-TRACE 14524 4278 P 40 4f3114394
SCHED-TRACE 14525 4279 P 40 4f4291a9f
SCHED-TRACE 14526 4279 I 46 2437e4
SCHED-TRACE 14527 4279 B 46 7a
SCHED-TRACE 14528 4279 P 46 4f087a9fc
SCHED-TRACE 14529 4279 R 46 4f087a9fc
SCHED-TRACE 14530 4280 U 4 2438e7
SCHED-TRACE 14531 4280 V 4 243968
SCHED-TRACE 14532 4280 O 0 0
SCHED-TRACE 14533 4280 P 46 4f2219581
SCHED-TRACE 14534 4281 K 46 4f2219581
SCHED-TRACE 14535 4281 P 46 4f392dd2f
SCHED-TRACE 14536 4282 I 46 243e71
SCHED-TRACE 14537 4282 B 46 7a
SCHED-TRACE 14538 4282 P 46 4f9d16c8b
SCHED-TRACE 14539 4282 R 46 4f9d16c8b
SCHED-TRACE 14540 4283 U 4 243f74
SCHED-TRACE 14541 4283 V 4 243ff5
SCHED-TRACE 14542 4283 O 0 0
SCHED-TRACE 14543 4283 P 46 4fb6b2f1a
SCHED-TRACE 14544 4284 K 73 4f39d6c8b
SCHED-TRACE 14545 4284 P 46 4fcdc76c9
SCHED-TRACE 14546 4285 P 46 4fdf424dd
SCHED-TRACE 14547 4285 I 73 2444fe
SCHED-TRACE 14548 4285 B 73 7a
SCHED-TRACE 14549 4285 P 73 4f8c476c8
SCHED-TRACE 14550 4285 R 73 4f8c476c8
SCHED-TRACE 14551 4286 U 4 244600
SCHED-TRACE 14552 4286 V 4 244681
SCHED-TRACE 14553 4286 O 0 0
SCHED-TRACE 14554 4286 P 73 4fa5c76c8
SCHED-TRACE 14555 4287 K 70 4f3af5810
SCHED-TRACE 14556 4287 P 73 4fbcdbe76
SCHED-TRACE 14557 4288 P 73 4fce59581
SCHED-TRACE 14558 4288 I 70 244b8a
SCHED-TRACE 14559 4288 B 70 7a
SCHED-TRACE 14560 4288 P 70 4f8d63957
SCHED-TRACE 14561 4288 R 70 4f8d63957
SCHED-TRACE 14562 4289 U 4 244c8c
SCHED-TRACE 14563 4289 V 4 244d0d
SCHED-TRACE 14564 4289 O 0 0
SCHED-TRACE 14565 4289 P 70 4fa6e624d
SCHED-TRACE 14566 4290 K 76 4f3af8106
SCHED-TRACE 14567 4290 P 70 4fbdfa9fb
SCHED-TRACE 14568 4291 P 70 4fcf75810
SCHED-TRACE 14569 4291 I 76 245216
SCHED-TRACE 14570 4291 B 76 7a
SCHED-TRACE 14571 4291 P 76 4f8d68b43
SCHED-TRACE 14572 4291 R 76 4f8d68b43
SCHED-TRACE 14573 4292 U 4 245318
SCHED-TRACE 14574 4292 V 4 245399
SCHED-TRACE 14575 4292 O 0 0
SCHED-TRACE 14576 4292 P 76 4fa6e624d
SCHED-TRACE 14577 4293 K 31 4f3b21062
SCHED-TRACE 14578 4293 P 76 4fbdfa9fb
SCHED-TRACE 14579 4294 P 76 4fcf72f1a
SCHED-TRACE 14580 4294 I 31 2458a1
SCHED-TRACE 14581 4294 B 31 7a
SCHED-TRACE 14582 4294 P 31 4f8d824dc
SCHED-TRACE 14583 4294 R 31 4f8d824dc
SCHED-TRACE 14584 4295 U 4 2459a2
SCHED-TRACE 14585 4295 V 4 245a24
SCHED-TRACE 14586 4295 O 0 0
SCHED-TRACE 14587 4295 P 31 4fa6fa9fb
SCHED-TRACE 14588 4296 K 67 4f3b6b438
SCHED-TRACE 14589 4296 P 31 4fbe0f1a9
SCHED-TRACE 14590 4297 P 31 4fcf876c8
SCHED-TRACE 14591 4297 I 67 245f2c
SCHED-TRACE 14592 4297 B 67 7a
SCHED-TRACE 14593 4297 P 67 4f8dcf1a9
SCHED-TRACE 14594 4297 R 67 4f8dcf1a9
SCHED-TRACE 14595 4298 U 4 24602e
SCHED-TRACE 14596 4298 V 4 2460af
SCHED-TRACE 14597 4298 O 0 0
SCHED-TRACE 14598 4298 P 67 4fa751a9f
SCHED-TRACE 14599 4299 K 34 4f3ca624d
SCHED-TRACE 14600 4299 P 67 4fbe6624d
SCHED-TRACE 14601 4300 P 67 4fcfde76c
SCHED-TRACE 14602 4300 I 34 2465b8
SCHED-TRACE 14603 4300 B 34 7a
SCHED-TRACE 14604 4300 P 34 4f8f1be76
SCHED-TRACE 14605 4300 R 34 4f8f1be76
SCHED-TRACE 14606 4301 U 4 2466b9
SCHED-TRACE 14607 4301 V 4 24673b
SCHED-TRACE 14608 4301 O 0 0
SCHED-TRACE 14609 4301 P 34 4fa891a9f
SCHED-TRACE 14610 4302 K 64 4f3d0f1a9
SCHED-TRACE 14611 4302 P 34 4fbfa624d
SCHED-TRACE 14612 4303 P 34 4fd11e76c
SCHED-TRACE 14613 4303 I 64 246c43
SCHED-TRACE 14614 4303 B 64 7a
SCHED-TRACE 14615 4303 P 64 4f8f75810
SCHED-TRACE 14616 4303 R 64 4f8f75810
SCHED-TRACE 14617 4304 U 4 246d45
SCHED-TRACE 14618 4304 V 4 246dc7
SCHED-TRACE 14619 4304 O 0 0
SCHED-TRACE 14620 4304 P 64 4fa904dd2
SCHED-TRACE 14621 4305 K 61 4f3d44dd3
SCHED-TRACE 14622 4305 P 64 4fc01be76
SCHED-TRACE 14623 4306 P 64 4fd199580
SCHED-TRACE 14624 4306 I 61 2472cf
SCHED-TRACE 14625 4306 B 61 7a
SCHED-TRACE 14626 4306 P 61 4f8fa1062
SCHED-TRACE 14627 4306 R 61 4f8fa1062
SCHED-TRACE 14628 4307 U 4 2473d2
SCHED-TRACE 14629 4307 V 4 247453
SCHED-TRACE 14630 4307 O 0 0
SCHED-TRACE 14631 4307 P 61 4fa932f1a
SCHED-TRACE 14632 4308 K 55 4f3d44dd3
SCHED-TRACE 14633 4308 P 61 4fc0476c9
SCHED-TRACE 14634 4309 P 61 4fd1c4dd3
SCHED-TRACE 14635 4309 I 55 24795b
SCHED-TRACE 14636 4309 B 55 7a
SCHED-TRACE 14637 4309 P 55 4f8f9e76c
SCHED-TRACE 14638 4309 R 55 4f8f9e76c
SCHED-TRACE 14639 4310 U 4 247a5e
SCHED-TRACE 14640 4310 V 4 247adf
SCHED-TRACE 14641 4310 O 0 0
SCHED-TRACE 14642 4310 P 55 4fa932f1a
SCHED-TRACE 14643 4311 K 58 4f3d7d2f1
SCHED-TRACE 14644 4311 P 55 4fc0476c8
SCHED-TRACE 14645 4312 P 55 4fd1c4dd3
SCHED-TRACE 14646 4312 I 58 247fe8
SCHED-TRACE 14647 4312 B 58 7a
SCHED-TRACE 14648 4312 P 58 4f8ff0624
SCHED-TRACE 14649 4312 R 58 4f8ff0624
SCHED-TRACE 14650 4313 U 4 2480ea
SCHED-TRACE 14651 4313 V 4 24816c
SCHED-TRACE 14652 4313 O 0 0
SCHED-TRACE 14653 4313 P 58 4fa9824dd
SCHED-TRACE 14654 4314 K 52 4f3f2b439
SCHED-TRACE 14655 4314 P 58 4fc096c8b
SCHED-TRACE 14656 4315 P 58 4fd214395
SCHED-TRACE 14657 4315 I 52 248674
SCHED-TRACE 14658 4315 B 52 7a
SCHED-TRACE 14659 4315 P 52 4f91876c8
SCHED-TRACE 14660 4315 R 52 4f91876c8
SCHED-TRACE 14661 4316 U 4 248777
SCHED-TRACE 14662 4316 V 4 2487f8
SCHED-TRACE 14663 4316 O 0 0
SCHED-TRACE 14664 4316 P 52 4fab21062
SCHED-TRACE 14665 4317 K 49 4f40c76c8
SCHED-TRACE 14666 4317 P 52 4fc235810
SCHED-TRACE 14667 4318 P 52 4fd3b2f1a
SCHED-TRACE 14668 4318 I 49 248d01
SCHED-TRACE 14669 4318 B 49 7a
SCHED-TRACE 14670 4318 P 49 4f9338106
SCHED-TRACE 14671 4318 R 49 4f9338106
SCHED-TRACE 14672 4319 U 4 248e04
SCHED-TRACE 14673 4319 V 4 248e85
SCHED-TRACE 14674 4319 O 0 0
SCHED-TRACE 14675 4319 P 49 4facd4395
SCHED-TRACE 14676 4320 K 43 4f41d6c8b
SCHED-TRACE 14677 4320 P 49 4fc3e8b43
SCHED-TRACE 14678 4321 P 49 4fd56624d
SCHED-TRACE 14679 4321 I 43 24938e
SCHED-TRACE 14680 4321 B 43 7a
SCHED-TRACE 14681 4321 P 43 4f94424dc
SCHED-TRACE 14682 4321 R 43 4f94424dc
SCHED-TRACE 14683 4322 U 4 249491
SCHED-TRACE 14684 4322 V 4 249512
SCHED-TRACE 14685 4322 O 0 0
SCHED-TRACE 14686 4322 P 43 4fade624d
SCHED-TRACE 14687 4323 K 37 4f428f1a9
SCHED-TRACE 14688 4323 P 43 4fc4fa9fb
SCHED-TRACE 14689 4324 P 43 4fd67a9fb
SCHED-TRACE 14690 4324 I 37 249a1b
SCHED-TRACE 14691 4324 B 37 7a
SCHED-TRACE 14692 4324 P 37 4f94f2f1a
SCHED-TRACE 14693 4324 R 37 4f94f2f1a
SCHED-TRACE 14694 4325 U 4 249b1e
SCHED-TRACE 14695 4325 V 4 249b9f
SCHED-TRACE 14696 4325 O 0 0
SCHED-TRACE 14697 4325 P 37 4fae99581
SCHED-TRACE 14698 4326 K 40 4f4291a9f
SCHED-TRACE 14699 4326 P 37 4fc5add2f
SCHED-TRACE 14700 4327 P 37 4fd72b439
SCHED-TRACE 14701 4327 I 40 24a0a8
SCHED-TRACE 14702 4327 B 40 7a
SCHED-TRACE 14703 4327 P 40 4f94f580f
SCHED-TRACE 14704 4327 R 40 4f94f580f
SCHED-TRACE 14705 4328 U 4 24a1ab
SCHED-TRACE 14706 4328 V 4 24a22c
SCHED-TRACE 14707 4328 O 0 0
SCHED-TRACE 14708 4328 P 40 4fae99580
SCHED-TRACE 14709 4329 K 40 4fae99580
SCHED-TRACE 14710 4329 P 40 4fc5add2e
SCHED-TRACE 14711 4330 I 40 24a735
SCHED-TRACE 14712 4330 B 40 7a
SCHED-TRACE 14713 4330 P 40 502991a9f
SCHED-TRACE 14714 4330 R 40 502991a9f
SCHED-TRACE 14715 4331 U 4 24a838
SCHED-TRACE 14716 4331 V 4 24a8b9
SCHED-TRACE 14717 4331 O 0 0
SCHED-TRACE 14718 4331 P 40 504332f1a
SCHED-TRACE 14719 4332 K 73 4fce59581
SCHED-TRACE 14720 4332 P 40 505a476c8
SCHED-TRACE 14721 4333 P 40 506bc24dc
SCHED-TRACE 14722 4333 I 73 24adc2
SCHED-TRACE 14723 4333 B 73 7a
SCHED-TRACE 14724 4333 P 73 5020c4dd3
SCHED-TRACE 14725 4333 R 73 5020c4dd3
SCHED-TRACE 14726 4334 U 4 24aec4
SCHED-TRACE 14727 4334 V 4 24af45
SCHED-TRACE 14728 4334 O 0 0
SCHED-TRACE 14729 4334 P 73 503a44dd3
SCHED-TRACE 14730 4335 K 76 4fcf72f1a
SCHED-TRACE 14731 4335 P 73 505159581
SCHED-TRACE 14732 4336 P 73 5062d4395
SCHED-TRACE 14733 4336 I 76 24b44e
SCHED-TRACE 14734 4336 B 76 7a
SCHED-TRACE 14735 4336 P 76 5021e624d
SCHED-TRACE 14736 4336 R 76 5021e624d
SCHED-TRACE 14737 4337 U 4 24b550
SCHED-TRACE 14738 4337 V 4 24b5d1
SCHED-TRACE 14739 4337 O 0 0
SCHED-TRACE 14740 4337 P 76 503b63957
SCHED-TRACE 14741 4338 K 70 4fcf75810
SCHED-TRACE 14742 4338 P 76 505278106
SCHED-TRACE 14743 4339 P 76 5063f0624
SCHED-TRACE 14744 4339 I 70 24bad9
SCHED-TRACE 14745 4339 B 70 7a
SCHED-TRACE 14746 4339 P 70 5021d4395
SCHED-TRACE 14747 4339 R 70 5021d4395
SCHED-TRACE 14748 4340 U 4 24bbdb
SCHED-TRACE 14749 4340 V 4 24bc5c
SCHED-TRACE 14750 4340 O 0 0
SCHED-TRACE 14751 4340 P 70 503b54395
SCHED-TRACE 14752 4341 K 31 4fcf876c8
SCHED-TRACE 14753 4341 P 70 505268b43
SCHED-TRACE 14754 4342 P 70 5063e1061
SCHED-TRACE 14755 4342 I 31 24c165
SCHED-TRACE 14756 4342 B 31 7a
SCHED-TRACE 14757 4342 P 31 5021fa9fb
SCHED-TRACE 14758 4342 R 31 5021fa9fb
SCHED-TRACE 14759 4343 U 4 24c266
SCHED-TRACE 14760 4343 V 4 24c2e8
SCHED-TRACE 14761 4343 O 0 0
SCHED-TRACE 14762 4343 P 31 503b72f1a
SCHED-TRACE 14763 4344 K 67 4fcfde76c
SCHED-TRACE 14764 4344 P 31 5052876c8
SCHED-TRACE 14765 4345 P 31 5063ffbe7
SCHED-TRACE 14766 4345 I 67 24c7f0
SCHED-TRACE 14767 4345 B 67 7b
SCHED-TRACE 14768 4345 P 67 502244dd2
SCHED-TRACE 14769 4345 R 67 502244dd2
SCHED-TRACE 14770 4346 U 4 24c8f2
SCHED-TRACE 14771 4346 V 4 24c973
SCHED-TRACE 14772 4346 O 0 0
SCHED-TRACE 14773 4346 P 67 503bc4dd2
SCHED-TRACE 14774 4347 K 34 4fd11e76c
SCHED-TRACE 14775 4347 P 67 5052d9580
SCHED-TRACE 14776 4348 P 67 50644f1a9
SCHED-TRACE 14777 4348 I 34 24ce7c
SCHED-TRACE 14778 4348 B 34 7a
SCHED-TRACE 14779 4348 P 34 502394395
SCHED-TRACE 14780 4348 R 34 502394395
SCHED-TRACE 14781 4349 U 4 24cf7d
SCHED-TRACE 14782 4349 V 4 24cffe
SCHED-TRACE 14783 4349 O 0 0
SCHED-TRACE 14784 4349 P 34 503d09fbe
SCHED-TRACE 14785 4350 K 64 4fd199580
SCHED-TRACE 14786 4350 P 34 50541be76
SCHED-TRACE 14787 4351 P 34 506596c8b
SCHED-TRACE 14788 4351 I 64 24d507
SCHED-TRACE 14789 4351 B 64 7a
SCHED-TRACE 14790 4351 P 64 5023ffbe7
SCHED-TRACE 14791 4351 R 64 5023ffbe7
SCHED-TRACE 14792 4352 U 4 24d609
SCHED-TRACE 14793 4352 V 4 24d68b
SCHED-TRACE 14794 4352 O 0 0
SCHED-TRACE 14795 4352 P 64 503d8f1a9
SCHED-TRACE 14796 4353 K 61 4fd1c4dd3
SCHED-TRACE 14797 4353 P 64 5054a3957
SCHED-TRACE 14798 4354 P 64 506623957
SCHED-TRACE 14799 4354 I 61 24db93
SCHED-TRACE 14800 4354 B 61 7a
SCHED-TRACE 14801 4354 P 61 502421062
SCHED-TRACE 14802 4354 R 61 502421062
SCHED-TRACE 14803 4355 U 4 24dc95
SCHED-TRACE 14804 4355 V 4 24dd17
SCHED-TRACE 14805 4355 O 0 0
SCHED-TRACE 14806 4355 P 61 503db2f1a
SCHED-TRACE 14807 4356 K 55 4fd1c4dd3
SCHED-TRACE 14808 4356 P 61 5054c76c9
SCHED-TRACE 14809 4357 P 61 5066476c9
SCHED-TRACE 14810 4357 I 55 24e21f
SCHED-TRACE 14811 4357 B 55 7a
SCHED-TRACE 14812 4357 P 55 50241e76c
SCHED-TRACE 14813 4357 R 55 50241e76c
SCHED-TRACE 14814 4358 U 4 24e322
SCHED-TRACE 14815 4358 V 4 24e3a3
SCHED-TRACE 14816 4358 O 0 0
SCHED-TRACE 14817 4358 P 55 503db2f1a
SCHED-TRACE 14818 4359 K 58 4fd214395
SCHED-TRACE 14819 4359 P 55 5054c76c8
SCHED-TRACE 14820 4360 P 55 5066424dd
SCHED-TRACE 14821 4360 I 58 24e8ab
SCHED-TRACE 14822 4360 B 58 7b
SCHED-TRACE 14823 4360 P 58 502472f1a
SCHED-TRACE 14824 4360 R 58 502472f1a
SCHED-TRACE 14825 4361 U 4 24e9ae
SCHED-TRACE 14826 4361 V 4 24ea2f
SCHED-TRACE 14827 4361 O 0 0
SCHED-TRACE 14828 4361 P 58 503e04dd3
SCHED-TRACE 14829 4362 K 52 4fd3b2f1a
SCHED-TRACE 14830 4362 P 58 505519581
SCHED-TRACE 14831 4363 P 58 506696c8b
SCHED-TRACE 14832 4363 I 52 24ef37
SCHED-TRACE 14833 4363 B 52 7a
SCHED-TRACE 14834 4363 P 52 50260c8b3
SCHED-TRACE 14835 4363 R 52 50260c8b3
SCHED-TRACE 14836 4364 U 4 24f03a
SCHED-TRACE 14837 4364 V 4 24f0bb
SCHED-TRACE 14838 4364 O 0 0
SCHED-TRACE 14839 4364 P 52 503fa3957
SCHED-TRACE 14840 4365 K 49 4fd56624d
SCHED-TRACE 14841 4365 P 52 5056b8105
SCHED-TRACE 14842 4366 P 52 506835810
SCHED-TRACE 14843 4366 I 49 24f5c4
SCHED-TRACE 14844 4366 B 49 7a
SCHED-TRACE 14845 4366 P 49 5027d4395
SCHED-TRACE 14846 4366 R 49 5027d4395
SCHED-TRACE 14847 4367 U 4 24f6c7
SCHED-TRACE 14848 4367 V 4 24f748
SCHED-TRACE 14849 4367 O 0 0
SCHED-TRACE 14850 4367 P 49 504170625
SCHED-TRACE 14851 4368 K 43 4fd67a9fb
SCHED-TRACE 14852 4368 P 49 505884dd3
SCHED-TRACE 14853 4369 P 49 506a04dd3
SCHED-TRACE 14854 4369 I 43 24fc51
SCHED-TRACE 14855 4369 B 43 7a
SCHED-TRACE 14856 4369 P 43 5028e3957
SCHED-TRACE 14857 4369 R 43 5028e3957
SCHED-TRACE 14858 4370 U 4 24fd54
SCHED-TRACE 14859 4370 V 4 24fdd5
SCHED-TRACE 14860 4370 O 0 0
SCHED-TRACE 14861 4370 P 43 504284dd2
SCHED-TRACE 14862 4371 K 37 4fd72b439
SCHED-TRACE 14863 4371 P 43 505999580
SCHED-TRACE 14864 4372 P 43 506b16c8b
SCHED-TRACE 14865 4372 I 37 2502de
SCHED-TRACE 14866 4372 B 37 7a
SCHED-TRACE 14867 4372 P 37 502991a9f
SCHED-TRACE 14868 4372 R 37 502991a9f
SCHED-TRACE 14869 4373 U 4 2503e1
SCHED-TRACE 14870 4373 V 4 250462
SCHED-TRACE 14871 4373 O 0 0
SCHED-TRACE 14872 4373 P 37 504338106
SCHED-TRACE 14873 4374 K 46 4fdf424dd
SCHED-TRACE 14874 4374 P 37 505a4c8b4
SCHED-TRACE 14875 4375 P 37 506bc9fbe
SCHED-TRACE 14876 4375 I 46 25096b
SCHED-TRACE 14877 4375 B 46 7a
SCHED-TRACE 14878 4375 P 46 5031a624e
SCHED-TRACE 14879 4375 R 46 5031a624e
SCHED-TRACE 14880 4376 U 4 250a6e
SCHED-TRACE 14881 4376 V 4 250aef
SCHED-TRACE 14882 4376 O 0 0
SCHED-TRACE 14883 4376 P 46 504b424dd
SCHED-TRACE 14884 4377 K 46 504b424dd
SCHED-TRACE 14885 4377 P 46 506259581
SCHED-TRACE 14886 4378 I 46 250ff8
SCHED-TRACE 14887 4378 B 46 7b
SCHED-TRACE 14888 4378 P 46 50c644dd3
SCHED-TRACE 14889 4378 R 46 50c644dd3
SCHED-TRACE 14890 4379 U 4 2510fb
SCHED-TRACE 14891 4379 V 4 25117c
SCHED-TRACE 14892 4379 O 0 0
SCHED-TRACE 14893 4379 P 46 50dfde76c
SCHED-TRACE 14894 4380 K 73 5062d4395
SCHED-TRACE 14895 4380 P 46 50f6f2f1a
SCHED-TRACE 14896 4381 P 46 51086dd2f
SCHED-TRACE 14897 4381 I 73 251685
SCHED-TRACE 14898 4381 B 73 7a
SCHED-TRACE 14899 4381 P 73 50b544dd3
SCHED-TRACE 14900 4381 R 73 50b544dd3
SCHED-TRACE 14901 4382 U 4 251787
SCHED-TRACE 14902 4382 V 4 251808
SCHED-TRACE 14903 4382 O 0 0
SCHED-TRACE 14904 4382 P 73 50cec76c8
SCHED-TRACE 14905 4383 K 70 5063e1061
SCHED-TRACE 14906 4383 P 73 50e5dbe76
SCHED-TRACE 14907 4384 P 73 50f756c8b
SCHED-TRACE 14908 4384 I 70 251d11
SCHED-TRACE 14909 4384 B 70 7a
SCHED-TRACE 14910 4384 P 70 50b651a9f
SCHED-TRACE 14911 4384 R 70 50b651a9f
SCHED-TRACE 14912 4385 U 4 251e13
SCHED-TRACE 14913 4385 V 4 251e94
SCHED-TRACE 14914 4385 O 0 0
SCHED-TRACE 14915 4385 P 70 50cfd4395
SCHED-TRACE 14916 4386 K 76 5063f0624
SCHED-TRACE 14917 4386 P 70 50e6e8b43
SCHED-TRACE 14918 4387 P 70 50f863957
SCHED-TRACE 14919 4387 I 76 25239d
SCHED-TRACE 14920 4387 B 76 7a
SCHED-TRACE 14921 4387 P 76 50b661062
SCHED-TRACE 14922 4387 R 76 50b661062
SCHED-TRACE 14923 4388 U 4 25249f
SCHED-TRACE 14924 4388 V 4 252520
SCHED-TRACE 14925 4388 O 0 0
SCHED-TRACE 14926 4388 P 76 50cfdbe76
SCHED-TRACE 14927 4389 K 31 5063ffbe7
SCHED-TRACE 14928 4389 P 76 50e6f0624
SCHED-TRACE 14929 4390 P 76 50f868b43
SCHED-TRACE 14930 4390 I 31 252a28
SCHED-TRACE 14931 4390 B 31 7b
SCHED-TRACE 14932 4390 P 31 50b663957
SCHED-TRACE 14933 4390 R 31 50b663957
SCHED-TRACE 14934 4391 U 4 252b2a
SCHED-TRACE 14935 4391 V 4 252bab
SCHED-TRACE 14936 4391 O 0 0
SCHED-TRACE 14937 4391 P 31 50cfdbe76
SCHED-TRACE 14938 4392 K 67 50644f1a9
SCHED-TRACE 14939 4392 P 31 50e6edd2e
SCHED-TRACE 14940 4393 P 31 50f868b43
SCHED-TRACE 14941 4393 I 67 2530b3
SCHED-TRACE 14942 4393 B 67 7a
SCHED-TRACE 14943 4393 P 67 50b6b0624
SCHED-TRACE 14944 4393 R 67 50b6b0624
SCHED-TRACE 14945 4394 U 4 2531b5
SCHED-TRACE 14946 4394 V 4 253236
SCHED-TRACE 14947 4394 O 0 0
SCHED-TRACE 14948 4394 P 67 50d032f1a
SCHED-TRACE 14949 4395 K 34 506596c8b
SCHED-TRACE 14950 4395 P 67 50e7476c8
SCHED-TRACE 14951 4396 P 67 50f8bd2f1
SCHED-TRACE 14952 4396 I 34 25373f
SCHED-TRACE 14953 4396 B 34 7b
SCHED-TRACE 14954 4396 P 34 50b80f1aa
SCHED-TRACE 14955 4396 R 34 50b80f1aa
SCHED-TRACE 14956 4397 U 4 253840
SCHED-TRACE 14957 4397 V 4 2538c2
SCHED-TRACE 14958 4397 O 0 0
SCHED-TRACE 14959 4397 P 34 50d184dd3
SCHED-TRACE 14960 4398 K 64 506623957
SCHED-TRACE 14961 4398 P 34 50e899581
SCHED-TRACE 14962 4399 P 34 50fa11a9f
SCHED-TRACE 14963 4399 I 64 253dca
SCHED-TRACE 14964 4399 B 64 7a
SCHED-TRACE 14965 4399 P 64 50b889fbe
SCHED-TRACE 14966 4399 R 64 50b889fbe
SCHED-TRACE 14967 4400 U 4 253ecc
SCHED-TRACE 14968 4400 V 4 253f4e
SCHED-TRACE 14969 4400 O 0 0
SCHED-TRACE 14970 4400 P 64 50d219580
SCHED-TRACE 14971 4401 K 55 5066424dd
SCHED-TRACE 14972 4401 P 64 50e92dd2e
SCHED-TRACE 14973 4402 P 64 50faadd2e
SCHED-TRACE 14974 4402 I 55 254456
SCHED-TRACE 14975 4402 B 55 7a
SCHED-TRACE 14976 4402 P 55 50b89e76c
SCHED-TRACE 14977 4402 R 55 50b89e76c
SCHED-TRACE 14978 4403 U 4 254559
SCHED-TRACE 14979 4403 V 4 2545da
SCHED-TRACE 14980 4403 O 0 0
SCHED-TRACE 14981 4403 P 55 50d232f1a
SCHED-TRACE 14982 4404 K 61 5066476c9
SCHED-TRACE 14983 4404 P 55 50e9476c8
SCHED-TRACE 14984 4405 P 55 50fac4dd3
SCHED-TRACE 14985 4405 I 61 254ae2
SCHED-TRACE 14986 4405 B 61 7a
SCHED-TRACE 14987 4405 P 61 50b8a3958
SCHED-TRACE 14988 4405 R 61 50b8a3958
SCHED-TRACE 14989 4406 U 4 254be4
SCHED-TRACE 14990 4406 V 4 254c66
SCHED-TRACE 14991 4406 O 0 0
SCHED-TRACE 14992 4406 P 61 50d235810
SCHED-TRACE 14993 4407 K 58 506696c8b
SCHED-TRACE 14994 4407 P 61 50e949fbe
SCHED-TRACE 14995 4408 P 61 50fac9fbe
SCHED-TRACE 14996 4408 I 58 25516e
SCHED-TRACE 14997 4408 B 58 7a
SCHED-TRACE 14998 4408 P 58 50b8f2f1a
SCHED-TRACE 14999 4408 R 58 50b8f2f1a
SCHED-TRACE 15000 4409 U 4 255271
SCHED-TRACE 15001 4409 V 4 2552f2
SCHED-TRACE 15002 4409 O 0 0
SCHED-TRACE 15003 4409 P 58 50d2876c8
SCHED-TRACE 15004 4410 K 52 506835810
SCHED-TRACE 15005 4410 P 58 50e99e76c
SCHED-TRACE 15006 4411 P 58 50fb1be76
SCHED-TRACE 15007 4411 I 52 2557fa
SCHED-TRACE 15008 4411 B 52 7b
SCHED-TRACE 15009 4411 P 52 50ba91a9f
SCHED-TRACE 15010 4411 R 52 50ba91a9f
SCHED-TRACE 15011 4412 U 4 2558fd
SCHED-TRACE 15012 4412 V 4 25597e
SCHED-TRACE 15013 4412 O 0 0
SCHED-TRACE 15014 4412 P 52 50d428b43
SCHED-TRACE 15015 4413 K 49 506a04dd3
SCHED-TRACE 15016 4413 P 52 50eb3d2f1
SCHED-TRACE 15017 4414 P 52 50fcba9fb
SCHED-TRACE 15018 4414 I 49 255e87
SCHED-TRACE 15019 4414 B 49 7a
SCHED-TRACE 15020 4414 P 49 50bc72f1a
SCHED-TRACE 15021 4414 R 49 50bc72f1a
SCHED-TRACE 15022 4415 U 4 255f8a
SCHED-TRACE 15023 4415 V 4 25600b
SCHED-TRACE 15024 4415 O 0 0
SCHED-TRACE 15025 4415 P 49 50d60f1aa
SCHED-TRACE 15026 4416 K 43 506b16c8b
SCHED-TRACE 15027 4416 P 49 50ed23958
SCHED-TRACE 15028 4417 P 49 50fea3958
SCHED-TRACE 15029 4417 I 43 256514
SCHED-TRACE 15030 4417 B 43 7a
SCHED-TRACE 15031 4417 P 43 50bd824dc
SCHED-TRACE 15032 4417 R 43 50bd824dc
SCHED-TRACE 15033 4418 U 4 256617
SCHED-TRACE 15034 4418 V 4 256698
SCHED-TRACE 15035 4418 O 0 0
SCHED-TRACE 15036 4418 P 43 50d723957
SCHED-TRACE 15037 4419 K 40 506bc24dc
SCHED-TRACE 15038 4419 P 43 50ee38105
SCHED-TRACE 15039 4420 P 43 50ffb5810
SCHED-TRACE 15040 4420 I 40 256ba1
SCHED-TRACE 15041 4420 B 40 7a
SCHED-TRACE 15042 4420 P 40 50be28b43
SCHED-TRACE 15043 4420 R 40 50be28b43
SCHED-TRACE 15044 4421 U 4 256ca4
SCHED-TRACE 15045 4421 V 4 256d25
SCHED-TRACE 15046 4421 O 0 0
SCHED-TRACE 15047 4421 P 40 50d7cc8b3
SCHED-TRACE 15048 4422 K 37 506bc9fbe
SCHED-TRACE 15049 4422 P 40 50eee1061
SCHED-TRACE 15050 4423 P 40 51005e76b
SCHED-TRACE 15051 4423 I 37 25722e
SCHED-TRACE 15052 4423 B 37 7a
SCHED-TRACE 15053 4423 P 37 50be2dd2f
SCHED-TRACE 15054 4423 R 37 50be2dd2f
SCHED-TRACE 15055 4424 U 4 257331
SCHED-TRACE 15056 4424 V 4 2573b2
SCHED-TRACE 15057 4424 O 0 0
SCHED-TRACE 15058 4424 P 37 50d7d4395
SCHED-TRACE 15059 4425 K 37 50d7d4395
SCHED-TRACE 15060 4425 P 37 50eee8b43
SCHED-TRACE 15061 4426 I 37 2578bb
SCHED-TRACE 15062 4426 B 37 7a
SCHED-TRACE 15063 4426 P 37 5152c9fbe
SCHED-TRACE 15064 4426 R 37 5152c9fbe
SCHED-TRACE 15065 4427 U 4 2579be
SCHED-TRACE 15066 4427 V 4 257a3f
SCHED-TRACE 15067 4427 O 0 0
SCHED-TRACE 15068 4427 P 37 516c6dd2f
SCHED-TRACE 15069 4428 K 73 50f756c8b
SCHED-TRACE 15070 4428 P 37 5183824dd
SCHED-TRACE 15071 4429 P 37 5194fd2f1
SCHED-TRACE 15072 4429 I 73 257f48
SCHED-TRACE 15073 4429 B 73 7a
SCHED-TRACE 15074 4429 P 73 5149bfbe7
SCHED-TRACE 15075 4429 R 73 5149bfbe7
SCHED-TRACE 15076 4430 U 4 25804a
SCHED-TRACE 15077 4430 V 4 2580cb
SCHED-TRACE 15078 4430 O 0 0
SCHED-TRACE 15079 4430 P 73 5163424dd
SCHED-TRACE 15080 4431 K 70 50f863957
SCHED-TRACE 15081 4431 P 73 517a56c8b
SCHED-TRACE 15082 4432 P 73 518bd1a9f
SCHED-TRACE 15083 4432 I 70 2585d4
SCHED-TRACE 15084 4432 B 70 7a
SCHED-TRACE 15085 4432 P 70 514ad4395
SCHED-TRACE 15086 4432 R 70 514ad4395
SCHED-TRACE 15087 4433 U 4 2586d6
SCHED-TRACE 15088 4433 V 4 258757
SCHED-TRACE 15089 4433 O 0 0
SCHED-TRACE 15090 4433 P 70 516456c8a
SCHED-TRACE 15091 4434 K 76 50f868b43
SCHED-TRACE 15092 4434 P 70 517b6b438
SCHED-TRACE 15093 4435 P 70 518ce624d
SCHED-TRACE 15094 4435 I 76 258c60
SCHED-TRACE 15095 4435 B 76 7a
SCHED-TRACE 15096 4435 P 76 514ad9580
SCHED-TRACE 15097 4435 R 76 514ad9580
SCHED-TRACE 15098 4436 U 4 258d62
SCHED-TRACE 15099 4436 V 4 258de3
SCHED-TRACE 15100 4436 O 0 0
SCHED-TRACE 15101 4436 P 76 516454395
SCHED-TRACE 15102 4437 K 31 50f868b43
SCHED-TRACE 15103 4437 P 76 517b68b43
SCHED-TRACE 15104 4438 P 76 518ce1062
SCHED-TRACE 15105 4438 I 31 2592eb
SCHED-TRACE 15106 4438 B 31 7a
SCHED-TRACE 15107 4438 P 31 514ac9fbe
SCHED-TRACE 15108 4438 R 31 514ac9fbe
SCHED-TRACE 15109 4439 U 4 2593ec
SCHED-TRACE 15110 4439 V 4 25946e
SCHED-TRACE 15111 4439 O 0 0
SCHED-TRACE 15112 4439 P 31 5164424dc
SCHED-TRACE 15113 4440 K 67 50f8bd2f1
SCHED-TRACE 15114 4440 P 31 517b56c8b
SCHED-TRACE 15115 4441 P 31 518ccf1a9
SCHED-TRACE 15116 4441 I 67 259976
SCHED-TRACE 15117 4441 B 67 7b
SCHED-TRACE 15118 4441 P 67 514b23957
SCHED-TRACE 15119 4441 R 67 514b23957
SCHED-TRACE 15120 4442 U 4 259a78
SCHED-TRACE 15121 4442 V 4 259af9
SCHED-TRACE 15122 4442 O 0 0
SCHED-TRACE 15123 4442 P 67 5164a624d
SCHED-TRACE 15124 4443 K 34 50fa11a9f
SCHED-TRACE 15125 4443 P 67 517bba9fb
SCHED-TRACE 15126 4444 P 67 518d32f1a
SCHED-TRACE 15127 4444 I 34 25a002
SCHED-TRACE 15128 4444 B 34 7a
SCHED-TRACE 15129 4444 P 34 514c84dd3
SCHED-TRACE 15130 4444 R 34 514c84dd3
SCHED-TRACE 15131 4445 U 4 25a103
SCHED-TRACE 15132 4445 V 4 25a184
SCHED-TRACE 15133 4445 O 0 0
SCHED-TRACE 15134 4445 P 34 5165fa9fb
SCHED-TRACE 15135 4446 K 64 50faadd2e
SCHED-TRACE 15136 4446 P 34 517d0f1aa
SCHED-TRACE 15137 4447 P 34 518e876c8
SCHED-TRACE 15138 4447 I 64 25a68d
SCHED-TRACE 15139 4447 B 64 7b
SCHED-TRACE 15140 4447 P 64 514d16c8a
SCHED-TRACE 15141 4447 R 64 514d16c8a
SCHED-TRACE 15142 4448 U 4 25a78f
SCHED-TRACE 15143 4448 V 4 25a810
SCHED-TRACE 15144 4448 O 0 0
SCHED-TRACE 15145 4448 P 64 5166a3957
SCHED-TRACE 15146 4449 K 55 50fac4dd3
SCHED-TRACE 15147 4449 P 64 517db8105
SCHED-TRACE 15148 4450 P 64 518f35810
SCHED-TRACE 15149 4450 I 55 25ad19
SCHED-TRACE 15150 4450 B 55 7a
SCHED-TRACE 15151 4450 P 55 514d2624e
SCHED-TRACE 15152 4450 R 55 514d2624e
SCHED-TRACE 15153 4451 U 4 25ae1b
SCHED-TRACE 15154 4451 V 4 25ae9d
SCHED-TRACE 15155 4451 O 0 0
SCHED-TRACE 15156 4451 P 55 5166ba9fc
SCHED-TRACE 15157 4452 K 61 50fac9fbe
SCHED-TRACE 15158 4452 P 55 517dcf1aa
SCHED-TRACE 15159 4453 P 55 518f49fbe
SCHED-TRACE 15160 4453 I 61 25b3a5
SCHED-TRACE 15161 4453 B 61 7a
SCHED-TRACE 15162 4453 P 61 514d28b43
SCHED-TRACE 15163 4453 R 61 514d28b43
SCHED-TRACE 15164 4454 U 4 25b4a7
SCHED-TRACE 15165 4454 V 4 25b529
SCHED-TRACE 15166 4454 O 0 0
SCHED-TRACE 15167 4454 P 61 5166b5810
SCHED-TRACE 15168 4455 K 58 50fb1be76
SCHED-TRACE 15169 4455 P 61 517dc9fbe
SCHED-TRACE 15170 4456 P 61 518f44dd3
SCHED-TRACE 15171 4456 I 58 25ba31
SCHED-TRACE 15172 4456 B 58 7a
SCHED-TRACE 15173 4456 P 58 514d7d2f1
SCHED-TRACE 15174 4456 R 58 514d7d2f1
SCHED-TRACE 15175 4457 U 4 25bb33
SCHED-TRACE 15176 4457 V 4 25bbb5
SCHED-TRACE 15177 4457 O 0 0
SCHED-TRACE 15178 4457 P 58 51670f1aa
SCHED-TRACE 15179 4458 K 52 50fcba9fb
SCHED-TRACE 15180 4458 P 58 517e23958
SCHED-TRACE 15181 4459 P 58 518fa1062
SCHED-TRACE 15182 4459 I 52 25c0bd
SCHED-TRACE 15183 4459 B 52 7a
SCHED-TRACE 15184 4459 P 52 514f19580
SCHED-TRACE 15185 4459 R 52 514f19580
SCHED-TRACE 15186 4460 U 4 25c1c0
SCHED-TRACE 15187 4460 V 4 25c241
SCHED-TRACE 15188 4460 O 0 0
SCHED-TRACE 15189 4460 P 52 5168b0624
SCHED-TRACE 15190 4461 K 49 50fea3958
SCHED-TRACE 15191 4461 P 52 517fc4dd2
SCHED-TRACE 15192 4462 P 52 5191424dc
SCHED-TRACE 15193 4462 I 49 25c74a
SCHED-TRACE 15194 4462 B 49 7a
SCHED-TRACE 15195 4462 P 49 515116c8b
SCHED-TRACE 15196 4462 R 49 515116c8b
SCHED-TRACE 15197 4463 U 4 25c84d
SCHED-TRACE 15198 4463 V 4 25c8ce
SCHED-TRACE 15199 4463 O 0 0
SCHED-TRACE 15200 4463 P 49 516ab2f1a
SCHED-TRACE 15201 4464 K 43 50ffb5810
SCHED-TRACE 15202 4464 P 49 5181c76c8
SCHED-TRACE 15203 4465 P 49 519344dd3
SCHED-TRACE 15204 4465 I 43 25cdd7
SCHED-TRACE 15205 4465 B 43 7a
SCHED-TRACE 15206 4465 P 43 515221062
SCHED-TRACE 15207 4465 R 43 515221062
SCHED-TRACE 15208 4466 U 4 25ceda
SCHED-TRACE 15209 4466 V 4 25cf5b
SCHED-TRACE 15210 4466 O 0 0
SCHED-TRACE 15211 4466 P 43 516bbfbe7
SCHED-TRACE 15212 4467 K 40 51005e76b
SCHED-TRACE 15213 4467 P 43 5182d6c8b
SCHED-TRACE 15214 4468 P 43 519451a9f
SCHED-TRACE 15215 4468 I 40 25d464
SCHED-TRACE 15216 4468 B 40 7b
SCHED-TRACE 15217 4468 P 40 5152c9fbd
SCHED-TRACE 15218 4468 R 40 5152c9fbd
SCHED-TRACE 15219 4469 U 4 25d567
SCHED-TRACE 15220 4469 V 4 25d5e8
SCHED-TRACE 15221 4469 O 0 0
SCHED-TRACE 15222 4469 P 40 516c68b43
SCHED-TRACE 15223 4470 K 46 51086dd2f
SCHED-TRACE 15224 4470 P 40 51837d2f1
SCHED-TRACE 15225 4471 P 40 5194f8105
SCHED-TRACE 15226 4471 I 46 25daf1
SCHED-TRACE 15227 4471 B 46 7b
SCHED-TRACE 15228 4471 P 46 515ad9581
SCHED-TRACE 15229 4471 R 46 515ad9581
SCHED-TRACE 15230 4472 U 4 25dbf4
SCHED-TRACE 15231 4472 V 4 25dc75
SCHED-TRACE 15232 4472 O 0 0
SCHED-TRACE 15233 4472 P 46 517472f1a
SCHED-TRACE 15234 4473 K 46 517472f1a
SCHED-TRACE 15235 4473 P 46 518b876c9
SCHED-TRACE 15236 4474 I 46 25e17e
SCHED-TRACE 15237 4474 B 46 7a
SCHED-TRACE 15238 4474 P 46 51ef72f1a
SCHED-TRACE 15239 4474 R 46 51ef72f1a
SCHED-TRACE 15240 4475 U 4 25e281
SCHED-TRACE 15241 4475 V 4 25e302
SCHED-TRACE 15242 4475 O 0 0
SCHED-TRACE 15243 4475 P 46 52090c8b4
SCHED-TRACE 15244 4476 K 73 518bd1a9f
SCHED-TRACE 15245 4476 P 46 522021062
SCHED-TRACE 15246 4477 P 46 52319be77
SCHED-TRACE 15247 4477 I 73 25e80b
SCHED-TRACE 15248 4477 B 73 7a
SCHED-TRACE 15249 4477 P 73 51de44dd3
SCHED-TRACE 15250 4477 R 73 51de44dd3
SCHED-TRACE 15251 4478 U 4 25e90d
SCHED-TRACE 15252 4478 V 4 25e98e
SCHED-TRACE 15253 4478 O 0 0
SCHED-TRACE 15254 4478 P 73 51f7c24dd
SCHED-TRACE 15255 4479 K 31 518ccf1a9
SCHED-TRACE 15256 4479 P 73 520ed6c8b
SCHED-TRACE 15257 4480 P 73 52204f1aa
SCHED-TRACE 15258 4480 I 31 25ee97
SCHED-TRACE 15259 4480 B 31 7a
SCHED-TRACE 15260 4480 P 31 51df476c8
SCHED-TRACE 15261 4480 R 31 51df476c8
SCHED-TRACE 15262 4481 U 4 25ef98
SCHED-TRACE 15263 4481 V 4 25f01a
SCHED-TRACE 15264 4481 O 0 0
SCHED-TRACE 15265 4481 P 31 51f8bfbe7
SCHED-TRACE 15266 4482 K 76 518ce1062
SCHED-TRACE 15267 4482 P 31 520fd4395
SCHED-TRACE 15268 4483 P 31 52214c8b3
SCHED-TRACE 15269 4483 I 76 25f522
SCHED-TRACE 15270 4483 B 76 7b
SCHED-TRACE 15271 4483 P 76 51df476c8
SCHED-TRACE 15272 4483 R 76 51df476c8
SCHED-TRACE 15273 4484 U 4 25f624
SCHED-TRACE 15274 4484 V 4 25f6a5
SCHED-TRACE 15275 4484 O 0 0
SCHED-TRACE 15276 4484 P 76 51f8c24dd
SCHED-TRACE 15277 4485 K 70 518ce624d
SCHED-TRACE 15278 4485 P 76 520fd6c8b
SCHED-TRACE 15279 4486 P 76 52214f1a9
SCHED-TRACE 15280 4486 I 70 25fbad
SCHED-TRACE 15281 4486 B 70 7b
SCHED-TRACE 15282 4486 P 70 51df476c8
SCHED-TRACE 15283 4486 R 70 51df476c8
SCHED-TRACE 15284 4487 U 4 25fcaf
SCHED-TRACE 15285 4487 V 4 25fd30
SCHED-TRACE 15286 4487 O 0 0
SCHED-TRACE 15287 4487 P 70 51f8c76c8
SCHED-TRACE 15288 4488 K 67 518d32f1a
SCHED-TRACE 15289 4488 P 70 520fdbe76
SCHED-TRACE 15290 4489 P 70 522154395
SCHED-TRACE 15291 4489 I 67 260239
SCHED-TRACE 15292 4489 B 67 7b
SCHED-TRACE 15293 4489 P 67 51dfa8b43
SCHED-TRACE 15294 4489 R 67 51dfa8b43
SCHED-TRACE 15295 4490 U 4 26033b
SCHED-TRACE 15296 4490 V 4 2603bc
SCHED-TRACE 15297 4490 O 0 0
SCHED-TRACE 15298 4490 P 67 51f928b43
SCHED-TRACE 15299 4491 K 34 518e876c8
SCHED-TRACE 15300 4491 P 67 52103d2f1
SCHED-TRACE 15301 4492 P 67 5221b580f
SCHED-TRACE 15302 4492 I 34 2608c5
SCHED-TRACE 15303 4492 B 34 7a
SCHED-TRACE 15304 4492 P 34 51e0fa9fb
SCHED-TRACE 15305 4492 R 34 51e0fa9fb
SCHED-TRACE 15306 4493 U 4 2609c6
SCHED-TRACE 15307 4493 V 4 260a47
SCHED-TRACE 15308 4493 O 0 0
SCHED-TRACE 15309 4493 P 34 51fa70624
SCHED-TRACE 15310 4494 K 64 518f35810
SCHED-TRACE 15311 4494 P 34 5211824dd
SCHED-TRACE 15312 4495 P 34 5222fd2f1
SCHED-TRACE 15313 4495 I 64 260f50
SCHED-TRACE 15314 4495 B 64 7a
SCHED-TRACE 15315 4495 P 64 51e19be76
SCHED-TRACE 15316 4495 R 64 51e19be76
SCHED-TRACE 15317 4496 U 4 261052
SCHED-TRACE 15318 4496 V 4 2610d3
SCHED-TRACE 15319 4496 O 0 0
SCHED-TRACE 15320 4496 P 64 51fb28b43
SCHED-TRACE 15321 4497 K 61 518f44dd3
SCHED-TRACE 15322 4497 P 64 52123d2f1
SCHED-TRACE 15323 4498 P 64 5223ba9fb
SCHED-TRACE 15324 4498 I 61 2615dc
SCHED-TRACE 15325 4498 B 61 7a
SCHED-TRACE 15326 4498 P 61 51e1a8b43
SCHED-TRACE 15327 4498 R 61 51e1a8b43
SCHED-TRACE 15328 4499 U 4 2616de
SCHED-TRACE 15329 4499 V 4 261760
SCHED-TRACE 15330 4499 O 0 0
SCHED-TRACE 15331 4499 P 61 51fb3a9fc
SCHED-TRACE 15332 4500 K 55 518f49fbe
SCHED-TRACE 15333 4500 P 61 52124f1aa
SCHED-TRACE 15334 4501 P 61 5223cc8b4
SCHED-TRACE 15335 4501 I 55 261c68
SCHED-TRACE 15336 4501 B 55 7a
SCHED-TRACE 15337 4501 P 55 51e1a8b43
SCHED-TRACE 15338 4501 R 55 51e1a8b43
SCHED-TRACE 15339 4502 U 4 261d6a
SCHED-TRACE 15340 4502 V 4 261dec
SCHED-TRACE 15341 4502 O 0 0
SCHED-TRACE 15342 4502 P 55 51fb3d2f1
SCHED-TRACE 15343 4503 K 58 518fa1062
SCHED-TRACE 15344 4503 P 55 521251aa0
SCHED-TRACE 15345 4504 P 55 5223cc8b4
SCHED-TRACE 15346 4504 I 58 2622f4
SCHED-TRACE 15347 4504 B 58 7b
SCHED-TRACE 15348 4504 P 58 51e2024dd
SCHED-TRACE 15349 4504 R 58 51e2024dd
SCHED-TRACE 15350 4505 U 4 2623f6
SCHED-TRACE 15351 4505 V 4 262478
SCHED-TRACE 15352 4505 O 0 0
SCHED-TRACE 15353 4505 P 58 51fb91a9f
SCHED-TRACE 15354 4506 K 52 5191424dc
SCHED-TRACE 15355 4506 P 58 5212a624d
SCHED-TRACE 15356 4507 P 58 522421062
SCHED-TRACE 15357 4507 I 52 262980
SCHED-TRACE 15358 4507 B 52 7a
SCHED-TRACE 15359 4507 P 52 51e3a1062
SCHED-TRACE 15360 4507 R 52 51e3a1062
SCHED-TRACE 15361 4508 U 4 262a83
SCHED-TRACE 15362 4508 V 4 262b04
SCHED-TRACE 15363 4508 O 0 0
SCHED-TRACE 15364 4508 P 52 51fd38105
SCHED-TRACE 15365 4509 K 49 519344dd3
SCHED-TRACE 15366 4509 P 52 52144c8b3
SCHED-TRACE 15367 4510 P 52 5225c9fbe
SCHED-TRACE 15368 4510 I 49 26300d
SCHED-TRACE 15369 4510 B 49 7a
SCHED-TRACE 15370 4510 P 49 51e5b8106
SCHED-TRACE 15371 4510 R 49 51e5b8106
SCHED-TRACE 15372 4511 U 4 263110
SCHED-TRACE 15373 4511 V 4 263191
SCHED-TRACE 15374 4511 O 0 0
SCHED-TRACE 15375 4511 P 49 51ff51a9f
SCHED-TRACE 15376 4512 K 43 519451a9f
SCHED-TRACE 15377 4512 P 49 52166624d
SCHED-TRACE 15378 4513 P 49 5227e1062
SCHED-TRACE 15379 4513 I 43 26369a
SCHED-TRACE 15380 4513 B 43 7a
SCHED-TRACE 15381 4513 P 43 51e6c24dc
SCHED-TRACE 15382 4513 R 43 51e6c24dc
SCHED-TRACE 15383 4514 U 4 26379d
SCHED-TRACE 15384 4514 V 4 26381e
SCHED-TRACE 15385 4514 O 0 0
SCHED-TRACE 15386 4514 P 43 520061062
SCHED-TRACE 15387 4515 K 40 5194f8105
SCHED-TRACE 15388 4515 P 43 521775810
SCHED-TRACE 15389 4516 P 43 5228f0624
SCHED-TRACE 15390 4516 I 40 263d27
SCHED-TRACE 15391 4516 B 40 7b
SCHED-TRACE 15392 4516 P 40 51e76624d
SCHED-TRACE 15393 4516 R 40 51e76624d
SCHED-TRACE 15394 4517 U 4 263e2a
SCHED-TRACE 15395 4517 V 4 263eab
SCHED-TRACE 15396 4517 O 0 0
SCHED-TRACE 15397 4517 P 40 5201076c8
SCHED-TRACE 15398 4518 K 37 5194fd2f1
SCHED-TRACE 15399 4518 P 40 52181e76b
SCHED-TRACE 15400 4519 P 40 522999580
SCHED-TRACE 15401 4519 I 37 2643b4
SCHED-TRACE 15402 4519 B 37 7b
SCHED-TRACE 15403 4519 P 37 51e76624d
SCHED-TRACE 15404 4519 R 37 51e76624d
SCHED-TRACE 15405 4520 U 4 2644b7
SCHED-TRACE 15406 4520 V 4 264538
SCHED-TRACE 15407 4520 O 0 0
SCHED-TRACE 15408 4520 P 37 520109fbe
SCHED-TRACE 15409 4521 K 37 520109fbe
SCHED-TRACE 15410 4521 P 37 52181e76c
SCHED-TRACE 15411 4522 I 37 264a41
SCHED-TRACE 15412 4522 B 37 7b
SCHED-TRACE 15413 4522 P 37 527c024dd
SCHED-TRACE 15414 4522 R 37 527c024dd
SCHED-TRACE 15415 4523 U 4 264b44
SCHED-TRACE 15416 4523 V 4 264bc5
SCHED-TRACE 15417 4523 O 0 0
SCHED-TRACE 15418 4523 P 37 5295a3958
SCHED-TRACE 15419 4524 K 73 52204f1aa
SCHED-TRACE 15420 4524 P 37 52acb8106
SCHED-TRACE 15421 4525 P 37 52be30624
SCHED-TRACE 15422 4525 I 73 2650ce
SCHED-TRACE 15423 4525 B 73 7a
SCHED-TRACE 15424 4525 P 73 5272ba9fb
SCHED-TRACE 15425 4525 R 73 5272ba9fb
SCHED-TRACE 15426 4526 U 4 2651d0
SCHED-TRACE 15427 4526 V 4 265251
SCHED-TRACE 15428 4526 O 0 0
SCHED-TRACE 15429 4526 P 73 528c38106
SCHED-TRACE 15430 4527 K 31 52214c8b3
SCHED-TRACE 15431 4527 P 73 52a34c8b4
SCHED-TRACE 15432 4528 P 73 52b4c4dd3
SCHED-TRACE 15433 4528 I 31 26575a
SCHED-TRACE 15434 4528 B 31 7b
SCHED-TRACE 15435 4528 P 31 5273c4dd2
SCHED-TRACE 15436 4528 R 31 5273c4dd2
SCHED-TRACE 15437 4529 U 4 26585c
SCHED-TRACE 15438 4529 V 4 2658dd
SCHED-TRACE 15439 4529 O 0 0
SCHED-TRACE 15440 4529 P 31 528d3d2f1
SCHED-TRACE 15441 4530 K 76 52214f1a9
SCHED-TRACE 15442 4530 P 31 52a44f1a9
SCHED-TRACE 15443 4531 P 31 52b5c9fbe
SCHED-TRACE 15444 4531 I 76 265de5
SCHED-TRACE 15445 4531 B 76 7a
SCHED-TRACE 15446 4531 P 76 5273b0624
SCHED-TRACE 15447 4531 R 76 5273b0624
SCHED-TRACE 15448 4532 U 4 265ee7
SCHED-TRACE 15449 4532 V 4 265f68
SCHED-TRACE 15450 4532 O 0 0
SCHED-TRACE 15451 4532 P 76 528d2dd2e
SCHED-TRACE 15452 4533 K 70 522154395
SCHED-TRACE 15453 4533 P 76 52a4424dd
SCHED-TRACE 15454 4534 P 76 52b5ba9fb
SCHED-TRACE 15455 4534 I 70 266470
SCHED-TRACE 15456 4534 B 70 7a
SCHED-TRACE 15457 4534 P 70 5273b5810
SCHED-TRACE 15458 4534 R 70 5273b5810
SCHED-TRACE 15459 4535 U 4 266572
SCHED-TRACE 15460 4535 V 4 2665f3
SCHED-TRACE 15461 4535 O 0 0
SCHED-TRACE 15462 4535 P 70 528d38105
SCHED-TRACE 15463 4536 K 67 5221b580f
SCHED-TRACE 15464 4536 P 70 52a44c8b3
SCHED-TRACE 15465 4537 P 70 52b5c4dd2
SCHED-TRACE 15466 4537 I 67 266afc
SCHED-TRACE 15467 4537 B 67 7a
SCHED-TRACE 15468 4537 P 67 52742b438
SCHED-TRACE 15469 4537 R 67 52742b438
SCHED-TRACE 15470 4538 U 4 266bfe
SCHED-TRACE 15471 4538 V 4 266c7f
SCHED-TRACE 15472 4538 O 0 0
SCHED-TRACE 15473 4538 P 67 528dadd2e
SCHED-TRACE 15474 4539 K 34 5222fd2f1
SCHED-TRACE 15475 4539 P 67 52a4c24dc
SCHED-TRACE 15476 4540 P 67 52b638105
SCHED-TRACE 15477 4540 I 34 267188
SCHED-TRACE 15478 4540 B 34 7b
SCHED-TRACE 15479 4540 P 34 527575810
SCHED-TRACE 15480 4540 R 34 527575810
SCHED-TRACE 15481 4541 U 4 267289
SCHED-TRACE 15482 4541 V 4 26730b
SCHED-TRACE 15483 4541 O 0 0
SCHED-TRACE 15484 4541 P 34 528eeb439
SCHED-TRACE 15485 4542 K 64 5223ba9fb
SCHED-TRACE 15486 4542 P 34 52a5ffbe7
SCHED-TRACE 15487 4543 P 34 52b778106
SCHED-TRACE 15488 4543 I 64 267813
SCHED-TRACE 15489 4543 B 64 7a
SCHED-TRACE 15490 4543 P 64 527621061
SCHED-TRACE 15491 4543 R 64 527621061
SCHED-TRACE 15492 4544 U 4 267915
SCHED-TRACE 15493 4544 V 4 267997
SCHED-TRACE 15494 4544 O 0 0
SCHED-TRACE 15495 4544 P 64 528fb0624
SCHED-TRACE 15496 4545 K 61 5223cc8b4
SCHED-TRACE 15497 4545 P 64 52a6c4dd2
SCHED-TRACE 15498 4546 P 64 52b844dd2
SCHED-TRACE 15499 4546 I 61 267e9f
SCHED-TRACE 15500 4546 B 61 7a
SCHED-TRACE 15501 4546 P 61 527628b43
SCHED-TRACE 15502 4546 R 61 527628b43
SCHED-TRACE 15503 4547 U 4 267fa1
SCHED-TRACE 15504 4547 V 4 268023
SCHED-TRACE 15505 4547 O 0 0
SCHED-TRACE 15506 4547 P 61 528fba9fc
SCHED-TRACE 15507 4548 K 55 5223cc8b4
SCHED-TRACE 15508 4548 P 61 52a6cf1aa
SCHED-TRACE 15509 4549 P 61 52b84f1aa
SCHED-TRACE 15510 4549 I 55 26852b
SCHED-TRACE 15511 4549 B 55 7a
SCHED-TRACE 15512 4549 P 55 52762624e
SCHED-TRACE 15513 4549 R 55 52762624e
SCHED-TRACE 15514 4550 U 4 26862e
SCHED-TRACE 15515 4550 V 4 2686af
SCHED-TRACE 15516 4550 O 0 0
SCHED-TRACE 15517 4550 P 55 528fba9fc
SCHED-TRACE 15518 4551 K 58 522421062
SCHED-TRACE 15519 4551 P 55 52a6d1aa0
SCHED-TRACE 15520 4552 P 55 52b84c8b4
SCHED-TRACE 15521 4552 I 58 268bb7
SCHED-TRACE 15522 4552 B 58 7b
SCHED-TRACE 15523 4552 P 58 52767fbe7
SCHED-TRACE 15524 4552 R 58 52767fbe7
SCHED-TRACE 15525 4553 U 4 268cba
SCHED-TRACE 15526 4553 V 4 268d3b
SCHED-TRACE 15527 4553 O 0 0
SCHED-TRACE 15528 4553 P 58 529011a9f
SCHED-TRACE 15529 4554 K 52 5225c9fbe
SCHED-TRACE 15530 4554 P 58 52a728b43
SCHED-TRACE 15531 4555 P 58 52b8a624d
SCHED-TRACE 15532 4555 I 52 269243
SCHED-TRACE 15533 4555 B 52 7b
SCHED-TRACE 15534 4555 P 52 52782624d
SCHED-TRACE 15535 4555 R 52 52782624d
SCHED-TRACE 15536 4556 U 4 269346
SCHED-TRACE 15537 4556 V 4 2693c7
SCHED-TRACE 15538 4556 O 0 0
SCHED-TRACE 15539 4556 P 52 5291bd2f1
SCHED-TRACE 15540 4557 K 49 5227e1062
SCHED-TRACE 15541 4557 P 52 52a8d1a9f
SCHED-TRACE 15542 4558 P 52 52ba4f1a9
SCHED-TRACE 15543 4558 I 49 2698d0
SCHED-TRACE 15544 4558 B 49 7a
SCHED-TRACE 15545 4558 P 49 527a4f1aa
SCHED-TRACE 15546 4558 R 49 527a4f1aa
SCHED-TRACE 15547 4559 U 4 2699d3
SCHED-TRACE 15548 4559 V 4 269a54
SCHED-TRACE 15549 4559 O 0 0
SCHED-TRACE 15550 4559 P 49 5293eb439
SCHED-TRACE 15551 4560 K 43 5228f0624
SCHED-TRACE 15552 4560 P 49 52aaffbe7
SCHED-TRACE 15553 4561 P 49 52bc7fbe7
SCHED-TRACE 15554 4561 I 43 269f5d
SCHED-TRACE 15555 4561 B 43 7a
SCHED-TRACE 15556 4561 P 43 527b59580
SCHED-TRACE 15557 4561 R 43 527b59580
SCHED-TRACE 15558 4562 U 4 26a060
SCHED-TRACE 15559 4562 V 4 26a0e1
SCHED-TRACE 15560 4562 O 0 0
SCHED-TRACE 15561 4562 P 43 5294fa9fb
SCHED-TRACE 15562 4563 K 40 522999580
SCHED-TRACE 15563 4563 P 43 52ac0f1a9
SCHED-TRACE 15564 4564 P 43 52bd8c8b4
SCHED-TRACE 15565 4564 I 40 26a5ea
SCHED-TRACE 15566 4564 B 40 7a
SCHED-TRACE 15567 4564 P 40 527bffbe6
SCHED-TRACE 15568 4564 R 40 527bffbe6
SCHED-TRACE 15569 4565 U 4 26a6ed
SCHED-TRACE 15570 4565 V 4 26a76e
SCHED-TRACE 15571 4565 O 0 0
SCHED-TRACE 15572 4565 P 40 5295a1061
SCHED-TRACE 15573 4566 K 46 52319be77
SCHED-TRACE 15574 4566 P 40 52acb580f
SCHED-TRACE 15575 4567 P 40 52be30624
SCHED-TRACE 15576 4567 I 46 26ac77
SCHED-TRACE 15577 4567 B 46 7a
SCHED-TRACE 15578 4567 P 46 528404dd3
SCHED-TRACE 15579 4567 R 46 528404dd3
SCHED-TRACE 15580 4568 U 4 26ad7a
SCHED-TRACE 15581 4568 V 4 26adfb
SCHED-TRACE 15582 4568 O 0 0
SCHED-TRACE 15583 4568 P 46 529da1062
SCHED-TRACE 15584 4569 K 46 529da1062
SCHED-TRACE 15585 4569 P 46 52b4b5810
SCHED-TRACE 15586 4570 I 46 26b304
SCHED-TRACE 15587 4570 B 46 7a
SCHED-TRACE 15588 4570 P 46 53189e76c
SCHED-TRACE 15589 4570 R 46 53189e76c
SCHED-TRACE 15590 4571 U 4 26b407
SCHED-TRACE 15591 4571 V 4 26b488
SCHED-TRACE 15592 4571 O 0 0
SCHED-TRACE 15593 4571 P 46 53323a9fc
SCHED-TRACE 15594 4572 K 73 52b4c4dd3
SCHED-TRACE 15595 4572 P 46 53494f1aa
SCHED-TRACE 15596 4573 P 46 535ac9fbe
SCHED-TRACE 15597 4573 I 73 26b991
SCHED-TRACE 15598 4573 B 73 7a
SCHED-TRACE 15599 4573 P 73 530735810
SCHED-TRACE 15600 4573 R 73 530735810
SCHED-TRACE 15601 4574 U 4 26ba93
SCHED-TRACE 15602 4574 V 4 26bb14
SCHED-TRACE 15603 4574 O 0 0
SCHED-TRACE 15604 4574 P 73 5320b5810
SCHED-TRACE 15605 4575 K 76 52b5ba9fb
SCHED-TRACE 15606 4575 P 73 5337c9fbe
SCHED-TRACE 15607 4576 P 73 5349424dd
SCHED-TRACE 15608 4576 I 76 26c01d
SCHED-TRACE 15609 4576 B 76 7a
SCHED-TRACE 15610 4576 P 76 530830624
SCHED-TRACE 15611 4576 R 76 530830624
SCHED-TRACE 15612 4577 U 4 26c11f
SCHED-TRACE 15613 4577 V 4 26c1a0
SCHED-TRACE 15614 4577 O 0 0
SCHED-TRACE 15615 4577 P 76 5321add2e
SCHED-TRACE 15616 4578 K 70 52b5c4dd2
SCHED-TRACE 15617 4578 P 76 5338c24dd
SCHED-TRACE 15618 4579 P 76 534a3a9fb
SCHED-TRACE 15619 4579 I 70 26c6a8
SCHED-TRACE 15620 4579 B 70 7b
SCHED-TRACE 15621 4579 P 70 53082624d
SCHED-TRACE 15622 4579 R 70 53082624d
SCHED-TRACE 15623 4580 U 4 26c7aa
SCHED-TRACE 15624 4580 V 4 26c82b
SCHED-TRACE 15625 4580 O 0 0
SCHED-TRACE 15626 4580 P 70 5321a624d
SCHED-TRACE 15627 4581 K 31 52b5c9fbe
SCHED-TRACE 15628 4581 P 70 5338ba9fb
SCHED-TRACE 15629 4582 P 70 534a32f1a
SCHED-TRACE 15630 4582 I 31 26cd34
SCHED-TRACE 15631 4582 B 31 7b
SCHED-TRACE 15632 4582 P 31 53083fbe7
SCHED-TRACE 15633 4582 R 31 53083fbe7
SCHED-TRACE 15634 4583 U 4 26ce36
SCHED-TRACE 15635 4583 V 4 26ceb7
SCHED-TRACE 15636 4583 O 0 0
SCHED-TRACE 15637 4583 P 31 5321b8105
SCHED-TRACE 15638 4584 K 67 52b638105
SCHED-TRACE 15639 4584 P 31 5338c9fbe
SCHED-TRACE 15640 4585 P 31 534a44dd2
SCHED-TRACE 15641 4585 I 67 26d3bf
SCHED-TRACE 15642 4585 B 67 7a
SCHED-TRACE 15643 4585 P 67 530899580
SCHED-TRACE 15644 4585 R 67 530899580
SCHED-TRACE 15645 4586 U 4 26d4c1
SCHED-TRACE 15646 4586 V 4 26d542
SCHED-TRACE 15647 4586 O 0 0
SCHED-TRACE 15648 4586 P 67 53221be76
SCHED-TRACE 15649 4587 K 34 52b778106
SCHED-TRACE 15650 4587 P 67 533930624
SCHED-TRACE 15651 4588 P 67 534aa624d
SCHED-TRACE 15652 4588 I 34 26da4b
SCHED-TRACE 15653 4588 B 34 7b
SCHED-TRACE 15654 4588 P 34 5309f0624
SCHED-TRACE 15655 4588 R 34 5309f0624
SCHED-TRACE 15656 4589 U 4 26db4c
SCHED-TRACE 15657 4589 V 4 26dbce
SCHED-TRACE 15658 4589 O 0 0
SCHED-TRACE 15659 4589 P 34 53236624d
SCHED-TRACE 15660 4590 K 64 52b844dd2
SCHED-TRACE 15661 4590 P 34 533a7a9fb
SCHED-TRACE 15662 4591 P 34 534bf2f1a
SCHED-TRACE 15663 4591 I 64 26e0d6
SCHED-TRACE 15664 4591 B 64 7a
SCHED-TRACE 15665 4591 P 64 530aab439
SCHED-TRACE 15666 4591 R 64 530aab439
SCHED-TRACE 15667 4592 U 4 26e1d8
SCHED-TRACE 15668 4592 V 4 26e25a
SCHED-TRACE 15669 4592 O 0 0
SCHED-TRACE 15670 4592 P 64 53243a9fb
SCHED-TRACE 15671 4593 K 55 52b84c8b4
SCHED-TRACE 15672 4593 P 64 533b4f1a9
SCHED-TRACE 15673 4594 P 64 534ccf1a9
SCHED-TRACE 15674 4594 I 55 26e762
SCHED-TRACE 15675 4594 B 55 7a
SCHED-TRACE 15676 4594 P 55 530aa8b43
SCHED-TRACE 15677 4594 R 55 530aa8b43
SCHED-TRACE 15678 4595 U 4 26e865
SCHED-TRACE 15679 4595 V 4 26e8e6
SCHED-TRACE 15680 4595 O 0 0
SCHED-TRACE 15681 4595 P 55 53243d2f1
SCHED-TRACE 15682 4596 K 61 52b84f1aa
SCHED-TRACE 15683 4596 P 55 533b51aa0
SCHED-TRACE 15684 4597 P 55 534ccf1aa
SCHED-TRACE 15685 4597 I 61 26edee
SCHED-TRACE 15686 4597 B 61 7a
SCHED-TRACE 15687 4597 P 61 530aab439
SCHED-TRACE 15688 4597 R 61 530aab439
SCHED-TRACE 15689 4598 U 4 26eef0
SCHED-TRACE 15690 4598 V 4 26ef72
SCHED-TRACE 15691 4598 O 0 0
SCHED-TRACE 15692 4598 P 61 53243d2f2
SCHED-TRACE 15693 4599 K 58 52b8a624d
SCHED-TRACE 15694 4599 P 61 533b51aa0
SCHED-TRACE 15695 4600 P 61 534ccf1aa
SCHED-TRACE 15696 4600 I 58 26f47a
SCHED-TRACE 15697 4600 B 58 7a
SCHED-TRACE 15698 4600 P 58 530b04dd3
SCHED-TRACE 15699 4600 R 58 530b04dd3
SCHED-TRACE 15700 4601 U 4 26f57c
SCHED-TRACE 15701 4601 V 4 26f5fe
SCHED-TRACE 15702 4601 O 0 0
SCHED-TRACE 15703 4601 P 58 532499581
SCHED-TRACE 15704 4602 K 52 52ba4f1a9
SCHED-TRACE 15705 4602 P 58 533badd2f
SCHED-TRACE 15706 4603 P 58 534d2b439
SCHED-TRACE 15707 4603 I 52 26fb06
SCHED-TRACE 15708 4603 B 52 7a
SCHED-TRACE 15709 4603 P 52 530cab439
SCHED-TRACE 15710 4603 R 52 530cab439
SCHED-TRACE 15711 4604 U 4 26fc09
SCHED-TRACE 15712 4604 V 4 26fc8a
SCHED-TRACE 15713 4604 O 0 0
SCHED-TRACE 15714 4604 P 52 532644dd2
SCHED-TRACE 15715 4605 K 49 52bc7fbe7
SCHED-TRACE 15716 4605 P 52 533d5be76
SCHED-TRACE 15717 4606 P 52 534ed9580
SCHED-TRACE 15718 4606 I 49 270193
SCHED-TRACE 15719 4606 B 49 7b
SCHED-TRACE 15720 4606 P 49 530ef0625
SCHED-TRACE 15721 4606 R 49 530ef0625
SCHED-TRACE 15722 4607 U 4 270296
SCHED-TRACE 15723 4607 V 4 270317
SCHED-TRACE 15724 4607 O 0 0
SCHED-TRACE 15725 4607 P 49 532889fbe
SCHED-TRACE 15726 4608 K 43 52bd8c8b4
SCHED-TRACE 15727 4608 P 49 533f9e76c
SCHED-TRACE 15728 4609 P 49 53511be76
SCHED-TRACE 15729 4609 I 43 270820
SCHED-TRACE 15730 4609 B 43 7a
SCHED-TRACE 15731 4609 P 43 530ff8105
SCHED-TRACE 15732 4609 R 43 530ff8105
SCHED-TRACE 15733 4610 U 4 270923
SCHED-TRACE 15734 4610 V 4 2709a4
SCHED-TRACE 15735 4610 O 0 0
SCHED-TRACE 15736 4610 P 43 53299be76
SCHED-TRACE 15737 4611 K 37 52be30624
SCHED-TRACE 15738 4611 P 43 5340b2f1a
SCHED-TRACE 15739 4612 P 43 535230624
SCHED-TRACE 15740 4612 I 37 270ead
SCHED-TRACE 15741 4612 B 37 7b
SCHED-TRACE 15742 4612 P 37 531096c8b
SCHED-TRACE 15743 4612 R 37 531096c8b
SCHED-TRACE 15744 4613 U 4 270fb0
SCHED-TRACE 15745 4613 V 4 271031
SCHED-TRACE 15746 4613 O 0 0
SCHED-TRACE 15747 4613 P 37 532a3a9fb
SCHED-TRACE 15748 4614 K 40 52be30624
SCHED-TRACE 15749 4614 P 37 53414f1a9
SCHED-TRACE 15750 4615 P 37 5352c9fbe
SCHED-TRACE 15751 4615 I 40 27153a
SCHED-TRACE 15752 4615 B 40 7a
SCHED-TRACE 15753 4615 P 40 531094394
SCHED-TRACE 15754 4615 R 40 531094394
SCHED-TRACE 15755 4616 U 4 27163d
SCHED-TRACE 15756 4616 V 4 2716be
SCHED-TRACE 15757 4616 O 0 0
SCHED-TRACE 15758 4616 P 40 532a3580f
SCHED-TRACE 15759 4617 K 40 532a3580f
SCHED-TRACE 15760 4617 P 40 534149fbd
SCHED-TRACE 15761 4618 I 40 271bc7
SCHED-TRACE 15762 4618 B 40 7b
SCHED-TRACE 15763 4618 P 40 53a530624
SCHED-TRACE 15764 4618 R 40 53a530624
SCHED-TRACE 15765 4619 U 4 271cca
SCHED-TRACE 15766 4619 V 4 271d4b
SCHED-TRACE 15767 4619 O 0 0
SCHED-TRACE 15768 4619 P 40 53becf1a9
SCHED-TRACE 15769 4620 K 73 5349424dd
SCHED-TRACE 15770 4620 P 40 53d5e3957
SCHED-TRACE 15771 4621 P 40 53e75e76b
SCHED-TRACE 15772 4621 I 73 272254
SCHED-TRACE 15773 4621 B 73 7b
SCHED-TRACE 15774 4621 P 73 539badd2f
SCHED-TRACE 15775 4621 R 73 539badd2f
SCHED-TRACE 15776 4622 U 4 272356
SCHED-TRACE 15777 4622 V 4 2723d7
SCHED-TRACE 15778 4622 O 0 0
SCHED-TRACE 15779 4622 P 73 53b52dd2f
SCHED-TRACE 15780 4623 K 70 534a32f1a
SCHED-TRACE 15781 4623 P 73 53cc424dd
SCHED-TRACE 15782 4624 P 73 53ddbd2f1
SCHED-TRACE 15783 4624 I 70 2728e0
SCHED-TRACE 15784 4624 B 70 7a
SCHED-TRACE 15785 4624 P 70 539ca3957
SCHED-TRACE 15786 4624 R 70 539ca3957
SCHED-TRACE 15787 4625 U 4 2729e2
SCHED-TRACE 15788 4625 V 4 272a63
SCHED-TRACE 15789 4625 O 0 0
SCHED-TRACE 15790 4625 P 70 53b62624d
SCHED-TRACE 15791 4626 K 76 534a3a9fb
SCHED-TRACE 15792 4626 P 70 53cd3a9fb
SCHED-TRACE 15793 4627 P 70 53deb5810
SCHED-TRACE 15794 4627 I 76 272f6c
SCHED-TRACE 15795 4627 B 76 7a
SCHED-TRACE 15796 4627 P 76 539cab439
SCHED-TRACE 15797 4627 R 76 539cab439
SCHED-TRACE 15798 4628 U 4 27306e
SCHED-TRACE 15799 4628 V 4 2730ef
SCHED-TRACE 15800 4628 O 0 0
SCHED-TRACE 15801 4628 P 76 53b62624d
SCHED-TRACE 15802 4629 K 31 534a44dd2
SCHED-TRACE 15803 4629 P 76 53cd3a9fb
SCHED-TRACE 15804 4630 P 76 53deb2f1a
SCHED-TRACE 15805 4630 I 31 2735f7
SCHED-TRACE 15806 4630 B 31 7a
SCHED-TRACE 15807 4630 P 31 539ca624d
SCHED-TRACE 15808 4630 R 31 539ca624d
SCHED-TRACE 15809 4631 U 4 2736f8
SCHED-TRACE 15810 4631 V 4 27377a
SCHED-TRACE 15811 4631 O 0 0
SCHED-TRACE 15812 4631 P 31 53b61e76c
SCHED-TRACE 15813 4632 K 67 534aa624d
SCHED-TRACE 15814 4632 P 31 53cd32f1a
SCHED-TRACE 15815 4633 P 31 53deab439
SCHED-TRACE 15816 4633 I 67 273c82
SCHED-TRACE 15817 4633 B 67 7a
SCHED-TRACE 15818 4633 P 67 539d09fbd
SCHED-TRACE 15819 4633 R 67 539d09fbd
SCHED-TRACE 15820 4634 U 4 273d84
SCHED-TRACE 15821 4634 V 4 273e05
SCHED-TRACE 15822 4634 O 0 0
SCHED-TRACE 15823 4634 P 67 53b68c8b3
SCHED-TRACE 15824 4635 K 34 534bf2f1a
SCHED-TRACE 15825 4635 P 67 53cda1061
SCHED-TRACE 15826 4636 P 67 53df19580
SCHED-TRACE 15827 4636 I 34 27430e
SCHED-TRACE 15828 4636 B 34 7a
SCHED-TRACE 15829 4636 P 34 539e6624d
SCHED-TRACE 15830 4636 R 34 539e6624d
SCHED-TRACE 15831 4637 U 4 27440f
SCHED-TRACE 15832 4637 V 4 274491
SCHED-TRACE 15833 4637 O 0 0
SCHED-TRACE 15834 4637 P 34 53b7dbe76
SCHED-TRACE 15835 4638 K 64 534ccf1a9
SCHED-TRACE 15836 4638 P 34 53cef0624
SCHED-TRACE 15837 4639 P 34 53e068b43
SCHED-TRACE 15838 4639 I 64 274999
SCHED-TRACE 15839 4639 B 64 7b
SCHED-TRACE 15840 4639 P 64 539f38105
SCHED-TRACE 15841 4639 R 64 539f38105
SCHED-TRACE 15842 4640 U 4 274a9b
SCHED-TRACE 15843 4640 V 4 274b1c
SCHED-TRACE 15844 4640 O 0 0
SCHED-TRACE 15845 4640 P 64 53b8c4dd2
SCHED-TRACE 15846 4641 K 55 534ccf1aa
SCHED-TRACE 15847 4641 P 64 53cfdbe76
SCHED-TRACE 15848 4642 P 64 53e159580
SCHED-TRACE 15849 4642 I 55 275025
SCHED-TRACE 15850 4642 B 55 7b
SCHED-TRACE 15851 4642 P 55 539f30625
SCHED-TRACE 15852 4642 R 55 539f30625
SCHED-TRACE 15853 4643 U 4 275128
SCHED-TRACE 15854 4643 V 4 2751a9
SCHED-TRACE 15855 4643 O 0 0
SCHED-TRACE 15856 4643 P 55 53b8c24dd
SCHED-TRACE 15857 4644 K 61 534ccf1aa
SCHED-TRACE 15858 4644 P 55 53cfd6c8b
SCHED-TRACE 15859 4645 P 55 53e151aa0
SCHED-TRACE 15860 4645 I 61 2756b1
SCHED-TRACE 15861 4645 B 61 7a
SCHED-TRACE 15862 4645 P 61 539f2dd2f
SCHED-TRACE 15863 4645 R 61 539f2dd2f
SCHED-TRACE 15864 4646 U 4 2757b3
SCHED-TRACE 15865 4646 V 4 275834
SCHED-TRACE 15866 4646 O 0 0
SCHED-TRACE 15867 4646 P 61 53b8bd2f2
SCHED-TRACE 15868 4647 K 58 534d2b439
SCHED-TRACE 15869 4647 P 61 53cfd1aa0
SCHED-TRACE 15870 4648 P 61 53e14f1aa
SCHED-TRACE 15871 4648 I 58 275d3d
SCHED-TRACE 15872 4648 B 58 7a
SCHED-TRACE 15873 4648 P 58 539f8c8b4
SCHED-TRACE 15874 4648 R 58 539f8c8b4
SCHED-TRACE 15875 4649 U 4 275e3f
SCHED-TRACE 15876 4649 V 4 275ec1
SCHED-TRACE 15877 4649 O 0 0
SCHED-TRACE 15878 4649 P 58 53b91e76c
SCHED-TRACE 15879 4650 K 52 534ed9580
SCHED-TRACE 15880 4650 P 58 53d032f1a
SCHED-TRACE 15881 4651 P 58 53e1b0624
SCHED-TRACE 15882 4651 I 52 2763c9
SCHED-TRACE 15883 4651 B 52 7a
SCHED-TRACE 15884 4651 P 52 53a138105
SCHED-TRACE 15885 4651 R 52 53a138105
SCHED-TRACE 15886 4652 U 4 2764cc
SCHED-TRACE 15887 4652 V 4 27654d
SCHED-TRACE 15888 4652 O 0 0
SCHED-TRACE 15889 4652 P 52 53bacf1a9
SCHED-TRACE 15890 4653 K 49 53511be76
SCHED-TRACE 15891 4653 P 52 53d1e3957
SCHED-TRACE 15892 4654 P 52 53e35e76c
SCHED-TRACE 15893 4654 I 49 276a56
SCHED-TRACE 15894 4654 B 49 7a
SCHED-TRACE 15895 4654 P 49 53a38f1aa
SCHED-TRACE 15896 4654 R 49 53a38f1aa
SCHED-TRACE 15897 4655 U 4 276b59
SCHED-TRACE 15898 4655 V 4 276bda
SCHED-TRACE 15899 4655 O 0 0
SCHED-TRACE 15900 4655 P 49 53bd2b439
SCHED-TRACE 15901 4656 K 43 535230624
SCHED-TRACE 15902 4656 P 49 53d43fbe7
SCHED-TRACE 15903 4657 P 49 53e5bd2f1
SCHED-TRACE 15904 4657 I 43 2770e3
SCHED-TRACE 15905 4657 B 43 7a
SCHED-TRACE 15906 4657 P 43 53a49be76
SCHED-TRACE 15907 4657 R 43 53a49be76
SCHED-TRACE 15908 4658 U 4 2771e6
SCHED-TRACE 15909 4658 V 4 277267
SCHED-TRACE 15910 4658 O 0 0
SCHED-TRACE 15911 4658 P 43 53be3d2f1
SCHED-TRACE 15912 4659 K 37 5352c9fbe
SCHED-TRACE 15913 4659 P 43 53d551a9f
SCHED-TRACE 15914 4660 P 43 53e6cf1a9
SCHED-TRACE 15915 4660 I 37 277770
SCHED-TRACE 15916 4660 B 37 7a
SCHED-TRACE 15917 4660 P 37 53a532f1a
SCHED-TRACE 15918 4660 R 37 53a532f1a
SCHED-TRACE 15919 4661 U 4 277873
SCHED-TRACE 15920 4661 V 4 2778f4
SCHED-TRACE 15921 4661 O 0 0
SCHED-TRACE 15922 4661 P 37 53bed6c8b
SCHED-TRACE 15923 4662 K 46 535ac9fbe
SCHED-TRACE 15924 4662 P 37 53d5eb439
SCHED-TRACE 15925 4663 P 37 53e76624d
SCHED-TRACE 15926 4663 I 46 277dfd
SCHED-TRACE 15927 4663 B 46 7a
SCHED-TRACE 15928 4663 P 46 53ad32f1a
SCHED-TRACE 15929 4663 R 46 53ad32f1a
SCHED-TRACE 15930 4664 U 4 277f00
SCHED-TRACE 15931 4664 V 4 277f81
SCHED-TRACE 15932 4664 O 0 0
SCHED-TRACE 15933 4664 P 46 53c6cf1aa
SCHED-TRACE 15934 4665 K 46 53c6cf1aa
SCHED-TRACE 15935 4665 P 46 53dde3958
SCHED-TRACE 15936 4666 I 46 27848a
SCHED-TRACE 15937 4666 B 46 7a
SCHED-TRACE 15938 4666 P 46 5441cf1aa
SCHED-TRACE 15939 4666 R 46 5441cf1aa
SCHED-TRACE 15940 4667 U 4 27858d
SCHED-TRACE 15941 4667 V 4 27860e
SCHED-TRACE 15942 4667 O 0 0
SCHED-TRACE 15943 4667 P 46 545b68b43
SCHED-TRACE 15944 4668 K 73 53ddbd2f1
SCHED-TRACE 15945 4668 P 46 54727d2f2
SCHED-TRACE 15946 4669 P 46 5483f5810
SCHED-TRACE 15947 4669 I 73 278b17
SCHED-TRACE 15948 4669 B 73 7a
SCHED-TRACE 15949 4669 P 73 543030624
SCHED-TRACE 15950 4669 R 73 543030624
SCHED-TRACE 15951 4670 U 4 278c19
SCHED-TRACE 15952 4670 V 4 278c9a
SCHED-TRACE 15953 4670 O 0 0
SCHED-TRACE 15954 4670 P 73 5449add2f
SCHED-TRACE 15955 4671 K 31 53deab439
SCHED-TRACE 15956 4671 P 73 5460c24dd
SCHED-TRACE 15957 4672 P 73 54723a9fb
SCHED-TRACE 15958 4672 I 31 2791a2
SCHED-TRACE 15959 4672 B 31 7a
SCHED-TRACE 15960 4672 P 31 543109fbe
SCHED-TRACE 15961 4672 R 31 543109fbe
SCHED-TRACE 15962 4673 U 4 2792a4
SCHED-TRACE 15963 4673 V 4 279325
SCHED-TRACE 15964 4673 O 0 0
SCHED-TRACE 15965 4673 P 31 544a824dc
SCHED-TRACE 15966 4674 K 76 53deb2f1a
SCHED-TRACE 15967 4674 P 31 546194395
SCHED-TRACE 15968 4675 P 31 54730f1a9
SCHED-TRACE 15969 4675 I 76 27982d
SCHED-TRACE 15970 4675 B 76 7a
SCHED-TRACE 15971 4675 P 76 543114395
SCHED-TRACE 15972 4675 R 76 543114395
SCHED-TRACE 15973 4676 U 4 27992f
SCHED-TRACE 15974 4676 V 4 2799b0
SCHED-TRACE 15975 4676 O 0 0
SCHED-TRACE 15976 4676 P 76 544a91a9f
SCHED-TRACE 15977 4677 K 70 53deb5810
SCHED-TRACE 15978 4677 P 76 5461a624d
SCHED-TRACE 15979 4678 P 76 54731e76c
SCHED-TRACE 15980 4678 I 70 279eb8
SCHED-TRACE 15981 4678 B 70 7a
SCHED-TRACE 15982 4678 P 70 543116c8a
SCHED-TRACE 15983 4678 R 70 543116c8a
SCHED-TRACE 15984 4679 U 4 279fba
SCHED-TRACE 15985 4679 V 4 27a03b
SCHED-TRACE 15986 4679 O 0 0
SCHED-TRACE 15987 4679 P 70 544a99580
SCHED-TRACE 15988 4680 K 67 53df19580
SCHED-TRACE 15989 4680 P 70 5461ab438
SCHED-TRACE 15990 4681 P 70 547323957
SCHED-TRACE 15991 4681 I 67 27a544
SCHED-TRACE 15992 4681 B 67 7a
SCHED-TRACE 15993 4681 P 67 54318f1a9
SCHED-TRACE 15994 4681 R 67 54318f1a9
SCHED-TRACE 15995 4682 U 4 27a646
SCHED-TRACE 15996 4682 V 4 27a6c7
SCHED-TRACE 15997 4682 O 0 0
SCHED-TRACE 15998 4682 P 67 544b11a9f
SCHED-TRACE 15999 4683 K 34 53e068b43
SCHED-TRACE 16000 4683 P 67 54622624d
SCHED-TRACE 16001 4684 P 67 54739be76
SCHED-TRACE 16002 4684 I 34 27abd0
SCHED-TRACE 16003 4684 B 34 7b
SCHED-TRACE 16004 4684 P 34 5432e1062
SCHED-TRACE 16005 4684 R 34 5432e1062
SCHED-TRACE 16006 4685 U 4 27acd1
SCHED-TRACE 16007 4685 V 4 27ad53
SCHED-TRACE 16008 4685 O 0 0
SCHED-TRACE 16009 4685 P 34 544c56c8b
SCHED-TRACE 16010 4686 K 61 53e14f1aa
SCHED-TRACE 16011 4686 P 34 54636b439
SCHED-TRACE 16012 4687 P 34 5474e624d
SCHED-TRACE 16013 4687 I 61 27b25b
SCHED-TRACE 16014 4687 B 61 7a
SCHED-TRACE 16015 4687 P 61 5433b0625
SCHED-TRACE 16016 4687 R 61 5433b0625
SCHED-TRACE 16017 4688 U 4 27b35d
SCHED-TRACE 16018 4688 V 4 27b3de
SCHED-TRACE 16019 4688 O 0 0
SCHED-TRACE 16020 4688 P 61 544d3fbe7
SCHED-TRACE 16021 4689 K 55 53e151aa0
SCHED-TRACE 16022 4689 P 61 546454395
SCHED-TRACE 16023 4690 P 61 5475d1aa0
SCHED-TRACE 16024 4690 I 55 27b8e7
SCHED-TRACE 16025 4690 B 55 7a
SCHED-TRACE 16026 4690 P 55 5433b2f1a
SCHED-TRACE 16027 4690 R 55 5433b2f1a
SCHED-TRACE 16028 4691 U 4 27b9e9
SCHED-TRACE 16029 4691 V 4 27ba6b
SCHED-TRACE 16030 4691 O 0 0
SCHED-TRACE 16031 4691 P 55 544d44dd3
SCHED-TRACE 16032 4692 K 64 53e159580
SCHED-TRACE 16033 4692 P 55 546459581
SCHED-TRACE 16034 4693 P 55 5475d4395
SCHED-TRACE 16035 4693 I 64 27bf73
SCHED-TRACE 16036 4693 B 64 7b
SCHED-TRACE 16037 4693 P 64 5433ba9fb
SCHED-TRACE 16038 4693 R 64 5433ba9fb
SCHED-TRACE 16039 4694 U 4 27c075
SCHED-TRACE 16040 4694 V 4 27c0f6
SCHED-TRACE 16041 4694 O 0 0
SCHED-TRACE 16042 4694 P 64 544d44dd2
SCHED-TRACE 16043 4695 K 58 53e1b0624
SCHED-TRACE 16044 4695 P 64 54645be76
SCHED-TRACE 16045 4696 P 64 5475d6c8a
SCHED-TRACE 16046 4696 I 58 27c5ff
SCHED-TRACE 16047 4696 B 58 7b
SCHED-TRACE 16048 4696 P 58 543416c8b
SCHED-TRACE 16049 4696 R 58 543416c8b
SCHED-TRACE 16050 4697 U 4 27c701
SCHED-TRACE 16051 4697 V 4 27c783
SCHED-TRACE 16052 4697 O 0 0
SCHED-TRACE 16053 4697 P 58 544da624d
SCHED-TRACE 16054 4698 K 52 53e35e76c
SCHED-TRACE 16055 4698 P 58 5464ba9fb
SCHED-TRACE 16056 4699 P 58 547635810
SCHED-TRACE 16057 4699 I 52 27cc8b
SCHED-TRACE 16058 4699 B 52 7b
SCHED-TRACE 16059 4699 P 52 5435bfbe7
SCHED-TRACE 16060 4699 R 52 5435bfbe7
SCHED-TRACE 16061 4700 U 4 27cd8e
SCHED-TRACE 16062 4700 V 4 27ce0f
SCHED-TRACE 16063 4700 O 0 0
SCHED-TRACE 16064 4700 P 52 544f56c8a
SCHED-TRACE 16065 4701 K 49 53e5bd2f1
SCHED-TRACE 16066 4701 P 52 54666b439
SCHED-TRACE 16067 4702 P 52 5477e8b43
SCHED-TRACE 16068 4702 I 49 27d318
SCHED-TRACE 16069 4702 B 49 7a
SCHED-TRACE 16070 4702 P 49 54382dd2f
SCHED-TRACE 16071 4702 R 49 54382dd2f
SCHED-TRACE 16072 4703 U 4 27d41b
SCHED-TRACE 16073 4703 V 4 27d49c
SCHED-TRACE 16074 4703 O 0 0
SCHED-TRACE 16075 4703 P 49 5451c76c8
SCHED-TRACE 16076 4704 K 43 53e6cf1a9
SCHED-TRACE 16077 4704 P 49 5468dbe76
SCHED-TRACE 16078 4705 P 49 547a56c8b
SCHED-TRACE 16079 4705 I 43 27d9a5
SCHED-TRACE 16080 4705 B 43 7b
SCHED-TRACE 16081 4705 P 43 5439424dc
SCHED-TRACE 16082 4705 R 43 5439424dc
SCHED-TRACE 16083 4706 U 4 27daa8
SCHED-TRACE 16084 4706 V 4 27db29
SCHED-TRACE 16085 4706 O 0 0
SCHED-TRACE 16086 4706 P 43 5452e1062
SCHED-TRACE 16087 4707 K 40 53e75e76b
SCHED-TRACE 16088 4707 P 43 5469f5810
SCHED-TRACE 16089 4708 P 43 547b72f1a
SCHED-TRACE 16090 4708 I 40 27e032
SCHED-TRACE 16091 4708 B 40 7a
SCHED-TRACE 16092 4708 P 40 5439c76c8
SCHED-TRACE 16093 4708 R 40 5439c76c8
SCHED-TRACE 16094 4709 U 4 27e135
SCHED-TRACE 16095 4709 V 4 27e1b6
SCHED-TRACE 16096 4709 O 0 0
SCHED-TRACE 16097 4709 P 40 54536b438
SCHED-TRACE 16098 4710 K 37 53e76624d
SCHED-TRACE 16099 4710 P 40 546a7fbe6
SCHED-TRACE 16100 4711 P 40 547bfd2f1
SCHED-TRACE 16101 4711 I 37 27e6bf
SCHED-TRACE 16102 4711 B 37 7a
SCHED-TRACE 16103 4711 P 37 5439cc8b4
SCHED-TRACE 16104 4711 R 37 5439cc8b4
SCHED-TRACE 16105 4712 U 4 27e7c2
SCHED-TRACE 16106 4712 V 4 27e843
SCHED-TRACE 16107 4712 O 0 0
SCHED-TRACE 16108 4712 P 37 545370624
SCHED-TRACE 16109 4713 K 37 545370624
SCHED-TRACE 16110 4713 P 37 546a84dd2
SCHED-TRACE 16111 4714 I 37 27ed4c
SCHED-TRACE 16112 4714 B 37 7a
SCHED-TRACE 16113 4714 P 37 54ce68b43
SCHED-TRACE 16114 4714 R 37 54ce68b43
SCHED-TRACE 16115 4715 U 4 27ee4f
SCHED-TRACE 16116 4715 V 4 27eed0
SCHED-TRACE 16117 4715 O 0 0
SCHED-TRACE 16118 4715 P 37 54e80c8b4
SCHED-TRACE 16119 4716 K 73 54723a9fb
SCHED-TRACE 16120 4716 P 37 54ff21062
SCHED-TRACE 16121 4717 P 37 551099581
SCHED-TRACE 16122 4717 I 73 27f3d9
SCHED-TRACE 16123 4717 B 73 7b
SCHED-TRACE 16124 4717 P 73 54c4a8b43
SCHED-TRACE 16125 4717 R 73 54c4a8b43
SCHED-TRACE 16126 4718 U 4 27f4db
SCHED-TRACE 16127 4718 V 4 27f55c
SCHED-TRACE 16128 4718 O 0 0
SCHED-TRACE 16129 4718 P 73 54de2624d
SCHED-TRACE 16130 4719 K 31 54730f1a9
SCHED-TRACE 16131 4719 P 73 54f53a9fb
SCHED-TRACE 16132 4720 P 73 5506b2f1a
SCHED-TRACE 16133 4720 I 31 27fa65
SCHED-TRACE 16134 4720 B 31 7b
SCHED-TRACE 16135 4720 P 31 54c5876c8
SCHED-TRACE 16136 4720 R 31 54c5876c8
SCHED-TRACE 16137 4721 U 4 27fb66
SCHED-TRACE 16138 4721 V 4 27fbe8
SCHED-TRACE 16139 4721 O 0 0
SCHED-TRACE 16140 4721 P 31 54deffbe7
SCHED-TRACE 16141 4722 K 76 54731e76c
SCHED-TRACE 16142 4722 P 31 54f614395
SCHED-TRACE 16143 4723 P 31 55078c8b3
SCHED-TRACE 16144 4723 I 76 2800f0
SCHED-TRACE 16145 4723 B 76 7a
SCHED-TRACE 16146 4723 P 76 54c5824dd
SCHED-TRACE 16147 4723 R 76 54c5824dd
SCHED-TRACE 16148 4724 U 4 2801f2
SCHED-TRACE 16149 4724 V 4 280273
SCHED-TRACE 16150 4724 O 0 0
SCHED-TRACE 16151 4724 P 76 54defd2f1
SCHED-TRACE 16152 4725 K 70 547323957
SCHED-TRACE 16153 4725 P 76 54f611a9f
SCHED-TRACE 16154 4726 P 76 550789fbe
SCHED-TRACE 16155 4726 I 70 28077b
SCHED-TRACE 16156 4726 B 70 7a
SCHED-TRACE 16157 4726 P 70 54c584dd2
SCHED-TRACE 16158 4726 R 70 54c584dd2
SCHED-TRACE 16159 4727 U 4 28087d
SCHED-TRACE 16160 4727 V 4 2808fe
SCHED-TRACE 16161 4727 O 0 0
SCHED-TRACE 16162 4727 P 70 54df04dd2
SCHED-TRACE 16163 4728 K 67 54739be76
SCHED-TRACE 16164 4728 P 70 54f619580
SCHED-TRACE 16165 4729 P 70 550791a9f
SCHED-TRACE 16166 4729 I 67 280e07
SCHED-TRACE 16167 4729 B 67 7a
SCHED-TRACE 16168 4729 P 67 54c611a9f
SCHED-TRACE 16169 4729 R 67 54c611a9f
SCHED-TRACE 16170 4730 U 4 280f09
SCHED-TRACE 16171 4730 V 4 280f8a
SCHED-TRACE 16172 4730 O 0 0
SCHED-TRACE 16173 4730 P 67 54df94394
SCHED-TRACE 16174 4731 K 34 5474e624d
SCHED-TRACE 16175 4731 P 67 54f6a624d
SCHED-TRACE 16176 4732 P 67 55081e76c
SCHED-TRACE 16177 4732 I 34 281493
SCHED-TRACE 16178 4732 B 34 7a
SCHED-TRACE 16179 4732 P 34 54c75be76
SCHED-TRACE 16180 4732 R 34 54c75be76
SCHED-TRACE 16181 4733 U 4 281594
SCHED-TRACE 16182 4733 V 4 281616
SCHED-TRACE 16183 4733 O 0 0
SCHED-TRACE 16184 4733 P 34 54e0d4395
SCHED-TRACE 16185 4734 K 61 5475d1aa0
SCHED-TRACE 16186 4734 P 34 54f7e8b43
SCHED-TRACE 16187 4735 P 34 550963958
SCHED-TRACE 16188 4735 I 61 281b1e
SCHED-TRACE 16189 4735 B 61 7a
SCHED-TRACE 16190 4735 P 61 54c832f1a
SCHED-TRACE 16191 4735 R 61 54c832f1a
SCHED-TRACE 16192 4736 U 4 281c20
SCHED-TRACE 16193 4736 V 4 281ca2
SCHED-TRACE 16194 4736 O 0 0
SCHED-TRACE 16195 4736 P 61 54e1c24dd
SCHED-TRACE 16196 4737 K 55 5475d4395
SCHED-TRACE 16197 4737 P 61 54f8d6c8b
SCHED-TRACE 16198 4738 P 61 550a54395
SCHED-TRACE 16199 4738 I 55 2821aa
SCHED-TRACE 16200 4738 B 55 7a
SCHED-TRACE 16201 4738 P 55 54c832f1a
SCHED-TRACE 16202 4738 R 55 54c832f1a
SCHED-TRACE 16203 4739 U 4 2822ad
SCHED-TRACE 16204 4739 V 4 28232e
SCHED-TRACE 16205 4739 O 0 0
SCHED-TRACE 16206 4739 P 55 54e1c76c8
SCHED-TRACE 16207 4740 K 64 5475d6c8a
SCHED-TRACE 16208 4740 P 55 54f8dbe77
SCHED-TRACE 16209 4741 P 55 550a59581
SCHED-TRACE 16210 4741 I 64 282836
SCHED-TRACE 16211 4741 B 64 7a
SCHED-TRACE 16212 4741 P 64 54c832f1a
SCHED-TRACE 16213 4741 R 64 54c832f1a
SCHED-TRACE 16214 4742 U 4 282938
SCHED-TRACE 16215 4742 V 4 2829b9
SCHED-TRACE 16216 4742 O 0 0
SCHED-TRACE 16217 4742 P 64 54e1bfbe7
SCHED-TRACE 16218 4743 K 58 547635810
SCHED-TRACE 16219 4743 P 64 54f8d4395
SCHED-TRACE 16220 4744 P 64 550a51a9f
SCHED-TRACE 16221 4744 I 58 282ec2
SCHED-TRACE 16222 4744 B 58 7a
SCHED-TRACE 16223 4744 P 58 54c896c8b
SCHED-TRACE 16224 4744 R 58 54c896c8b
SCHED-TRACE 16225 4745 U 4 282fc4
SCHED-TRACE 16226 4745 V 4 283046
SCHED-TRACE 16227 4745 O 0 0
SCHED-TRACE 16228 4745 P 58 54e228b43
SCHED-TRACE 16229 4746 K 52 5477e8b43
SCHED-TRACE 16230 4746 P 58 54f93d2f1
SCHED-TRACE 16231 4747 P 58 550aba9fb
SCHED-TRACE 16232 4747 I 52 28354e
SCHED-TRACE 16233 4747 B 52 7a
SCHED-TRACE 16234 4747 P 52 54ca44dd2
SCHED-TRACE 16235 4747 R 52 54ca44dd2
SCHED-TRACE 16236 4748 U 4 283651
SCHED-TRACE 16237 4748 V 4 2836d2
SCHED-TRACE 16238 4748 O 0 0
SCHED-TRACE 16239 4748 P 52 54e3de76c
SCHED-TRACE 16240 4749 K 49 547a56c8b
SCHED-TRACE 16241 4749 P 52 54faf2f1a
SCHED-TRACE 16242 4750 P 52 550c70624
SCHED-TRACE 16243 4750 I 49 283bdb
SCHED-TRACE 16244 4750 B 49 7a
SCHED-TRACE 16245 4750 P 49 54ccc76c8
SCHED-TRACE 16246 4750 R 49 54ccc76c8
SCHED-TRACE 16247 4751 U 4 283cde
SCHED-TRACE 16248 4751 V 4 283d5f
SCHED-TRACE 16249 4751 O 0 0
SCHED-TRACE 16250 4751 P 49 54e66624d
SCHED-TRACE 16251 4752 K 43 547b72f1a
SCHED-TRACE 16252 4752 P 49 54fd7d2f1
SCHED-TRACE 16253 4753 P 49 550efa9fc
SCHED-TRACE 16254 4753 I 43 284268
SCHED-TRACE 16255 4753 B 43 7b
SCHED-TRACE 16256 4753 P 43 54cdde76c
SCHED-TRACE 16257 4753 R 43 54cdde76c
SCHED-TRACE 16258 4754 U 4 28436b
SCHED-TRACE 16259 4754 V 4 2843ec
SCHED-TRACE 16260 4754 O 0 0
SCHED-TRACE 16261 4754 P 43 54e77fbe7
SCHED-TRACE 16262 4755 K 40 547bfd2f1
SCHED-TRACE 16263 4755 P 43 54fe94395
SCHED-TRACE 16264 4756 P 43 551011a9f
SCHED-TRACE 16265 4756 I 40 2848f5
SCHED-TRACE 16266 4756 B 40 7a
SCHED-TRACE 16267 4756 P 40 54ce63957
SCHED-TRACE 16268 4756 R 40 54ce63957
SCHED-TRACE 16269 4757 U 4 2849f8
SCHED-TRACE 16270 4757 V 4 284a79
SCHED-TRACE 16271 4757 O 0 0
SCHED-TRACE 16272 4757 P 40 54e8076c8
SCHED-TRACE 16273 4758 K 46 5483f5810
SCHED-TRACE 16274 4758 P 40 54ff1be76
SCHED-TRACE 16275 4759 P 40 551099580
SCHED-TRACE 16276 4759 I 46 284f82
SCHED-TRACE 16277 4759 B 46 7a
SCHED-TRACE 16278 4759 P 46 54d65be77
SCHED-TRACE 16279 4759 R 46 54d65be77
SCHED-TRACE 16280 4760 U 4 285085
SCHED-TRACE 16281 4760 V 4 285106
SCHED-TRACE 16282 4760 O 0 0
SCHED-TRACE 16283 4760 P 46 54effa9fc
SCHED-TRACE 16284 4761 K 46 54effa9fc
SCHED-TRACE 16285 4761 P 46 55070f1aa
SCHED-TRACE 16286 4762 I 46 28560f
SCHED-TRACE 16287 4762 B 46 7a
SCHED-TRACE 16288 4762 P 46 556af8106
SCHED-TRACE 16289 4762 R 46 556af8106
SCHED-TRACE 16290 4763 U 4 285712
SCHED-TRACE 16291 4763 V 4 285793
SCHED-TRACE 16292 4763 O 0 0
SCHED-TRACE 16293 4763 P 46 558494395
SCHED-TRACE 16294 4764 K 73 5506b2f1a
SCHED-TRACE 16295 4764 P 46 559ba8b43
SCHED-TRACE 16296 4765 P 46 55ad23958
SCHED-TRACE 16297 4765 I 73 285c9c
SCHED-TRACE 16298 4765 B 73 7b
SCHED-TRACE 16299 4765 P 73 555923958
SCHED-TRACE 16300 4765 R 73 555923958
SCHED-TRACE 16301 4766 U 4 285d9e
SCHED-TRACE 16302 4766 V 4 285e1f
SCHED-TRACE 16303 4766 O 0 0
SCHED-TRACE 16304 4766 P 73 5572a3958
SCHED-TRACE 16305 4767 K 76 550789fbe
SCHED-TRACE 16306 4767 P 73 5589b8106
SCHED-TRACE 16307 4768 P 73 559b30624
SCHED-TRACE 16308 4768 I 76 286328
SCHED-TRACE 16309 4768 B 76 7b
SCHED-TRACE 16310 4768 P 76 5559ffbe7
SCHED-TRACE 16311 4768 R 76 5559ffbe7
SCHED-TRACE 16312 4769 U 4 28642a
SCHED-TRACE 16313 4769 V 4 2864ab
SCHED-TRACE 16314 4769 O 0 0
SCHED-TRACE 16315 4769 P 76 55737a9fb
SCHED-TRACE 16316 4770 K 31 55078c8b3
SCHED-TRACE 16317 4770 P 76 558a8c8b4
SCHED-TRACE 16318 4771 P 76 559c04dd2
SCHED-TRACE 16319 4771 I 31 2869b3
SCHED-TRACE 16320 4771 B 31 7a
SCHED-TRACE 16321 4771 P 31 5559edd2e
SCHED-TRACE 16322 4771 R 31 5559edd2e
SCHED-TRACE 16323 4772 U 4 286ab4
SCHED-TRACE 16324 4772 V 4 286b36
SCHED-TRACE 16325 4772 O 0 0
SCHED-TRACE 16326 4772 P 31 55736624d
SCHED-TRACE 16327 4773 K 70 550791a9f
SCHED-TRACE 16328 4773 P 31 558a7a9fb
SCHED-TRACE 16329 4774 P 31 559bf2f1a
SCHED-TRACE 16330 4774 I 70 28703e
SCHED-TRACE 16331 4774 B 70 7a
SCHED-TRACE 16332 4774 P 70 5559f5810
SCHED-TRACE 16333 4774 R 70 5559f5810
SCHED-TRACE 16334 4775 U 4 287140
SCHED-TRACE 16335 4775 V 4 2871c1
SCHED-TRACE 16336 4775 O 0 0
SCHED-TRACE 16337 4775 P 70 557375810
SCHED-TRACE 16338 4776 K 67 55081e76c
SCHED-TRACE 16339 4776 P 70 558a89fbe
SCHED-TRACE 16340 4777 P 70 559c024dc
SCHED-TRACE 16341 4777 I 67 2876ca
SCHED-TRACE 16342 4777 B 67 7a
SCHED-TRACE 16343 4777 P 67 555a94394
SCHED-TRACE 16344 4777 R 67 555a94394
SCHED-TRACE 16345 4778 U 4 2877cc
SCHED-TRACE 16346 4778 V 4 28784d
SCHED-TRACE 16347 4778 O 0 0
SCHED-TRACE 16348 4778 P 67 557416c8a
SCHED-TRACE 16349 4779 K 34 550963958
SCHED-TRACE 16350 4779 P 67 558b28b43
SCHED-TRACE 16351 4780 P 67 559ca1061
SCHED-TRACE 16352 4780 I 34 287d56
SCHED-TRACE 16353 4780 B 34 7a
SCHED-TRACE 16354 4780 P 34 555bd9581
SCHED-TRACE 16355 4780 R 34 555bd9581
SCHED-TRACE 16356 4781 U 4 287e57
SCHED-TRACE 16357 4781 V 4 287ed9
SCHED-TRACE 16358 4781 O 0 0
SCHED-TRACE 16359 4781 P 34 55754f1aa
SCHED-TRACE 16360 4782 K 64 550a51a9f
SCHED-TRACE 16361 4782 P 34 558c63958
SCHED-TRACE 16362 4783 P 34 559ddbe76
SCHED-TRACE 16363 4783 I 64 2883e1
SCHED-TRACE 16364 4783 B 64 7a
SCHED-TRACE 16365 4783 P 64 555cb8105
SCHED-TRACE 16366 4783 R 64 555cb8105
SCHED-TRACE 16367 4784 U 4 2884e3
SCHED-TRACE 16368 4784 V 4 288564
SCHED-TRACE 16369 4784 O 0 0
SCHED-TRACE 16370 4784 P 64 557644dd2
SCHED-TRACE 16371 4785 K 61 550a54395
SCHED-TRACE 16372 4785 P 64 558d59580
SCHED-TRACE 16373 4786 P 64 559ed6c8a
SCHED-TRACE 16374 4786 I 61 288a6d
SCHED-TRACE 16375 4786 B 61 7a
SCHED-TRACE 16376 4786 P 61 555cb8106
SCHED-TRACE 16377 4786 R 61 555cb8106
SCHED-TRACE 16378 4787 U 4 288b6f
SCHED-TRACE 16379 4787 V 4 288bf1
SCHED-TRACE 16380 4787 O 0 0
SCHED-TRACE 16381 4787 P 61 5576476c9
SCHED-TRACE 16382 4788 K 55 550a59581
SCHED-TRACE 16383 4788 P 61 558d5be77
SCHED-TRACE 16384 4789 P 61 559ed9581
SCHED-TRACE 16385 4789 I 55 2890f9
SCHED-TRACE 16386 4789 B 55 7a
SCHED-TRACE 16387 4789 P 55 555cb8106
SCHED-TRACE 16388 4789 R 55 555cb8106
SCHED-TRACE 16389 4790 U 4 2891fb
SCHED-TRACE 16390 4790 V 4 28927d
SCHED-TRACE 16391 4790 O 0 0
SCHED-TRACE 16392 4790 P 55 557649fbe
SCHED-TRACE 16393 4791 K 58 550aba9fb
SCHED-TRACE 16394 4791 P 55 558d5e76c
SCHED-TRACE 16395 4792 P 55 559ed9581
SCHED-TRACE 16396 4792 I 58 289785
SCHED-TRACE 16397 4792 B 58 7a
SCHED-TRACE 16398 4792 P 58 555d1be76
SCHED-TRACE 16399 4792 R 58 555d1be76
SCHED-TRACE 16400 4793 U 4 289887
SCHED-TRACE 16401 4793 V 4 289909
SCHED-TRACE 16402 4793 O 0 0
SCHED-TRACE 16403 4793 P 58 5576add2f
SCHED-TRACE 16404 4794 K 52 550c70624
SCHED-TRACE 16405 4794 P 58 558dc24dd
SCHED-TRACE 16406 4795 P 58 559f3fbe7
SCHED-TRACE 16407 4795 I 52 289e11
SCHED-TRACE 16408 4795 B 52 7a
SCHED-TRACE 16409 4795 P 52 555ecf1a9
SCHED-TRACE 16410 4795 R 52 555ecf1a9
SCHED-TRACE 16411 4796 U 4 289f14
SCHED-TRACE 16412 4796 V 4 289f95
SCHED-TRACE 16413 4796 O 0 0
SCHED-TRACE 16414 4796 P 52 55786624d
SCHED-TRACE 16415 4797 K 49 550efa9fc
SCHED-TRACE 16416 4797 P 52 558f7a9fb
SCHED-TRACE 16417 4798 P 52 55a0f5810
SCHED-TRACE 16418 4798 I 49 28a49e
SCHED-TRACE 16419 4798 B 49 7a
SCHED-TRACE 16420 4798 P 49 55616dd2f
SCHED-TRACE 16421 4798 R 49 55616dd2f
SCHED-TRACE 16422 4799 U 4 28a5a1
SCHED-TRACE 16423 4799 V 4 28a622
SCHED-TRACE 16424 4799 O 0 0
SCHED-TRACE 16425 4799 P 49 557b076c8
SCHED-TRACE 16426 4800 K 43 551011a9f
SCHED-TRACE 16427 4800 P 49 55921be76
SCHED-TRACE 16428 4801 P 49 55a399581
SCHED-TRACE 16429 4801 I 43 28ab2b
SCHED-TRACE 16430 4801 B 43 7a
SCHED-TRACE 16431 4801 P 43 5562824dc
SCHED-TRACE 16432 4801 R 43 5562824dc
SCHED-TRACE 16433 4802 U 4 28ac2e
SCHED-TRACE 16434 4802 V 4 28acaf
SCHED-TRACE 16435 4802 O 0 0
SCHED-TRACE 16436 4802 P 43 557c23957
SCHED-TRACE 16437 4803 K 40 551099580
SCHED-TRACE 16438 4803 P 43 559338105
SCHED-TRACE 16439 4804 P 43 55a4b5810
SCHED-TRACE 16440 4804 I 40 28b1b8
SCHED-TRACE 16441 4804 B 40 7a
SCHED-TRACE 16442 4804 P 40 5563024dc
SCHED-TRACE 16443 4804 R 40 5563024dc
SCHED-TRACE 16444 4805 U 4 28b2bb
SCHED-TRACE 16445 4805 V 4 28b33c
SCHED-TRACE 16446 4805 O 0 0
SCHED-TRACE 16447 4805 P 40 557ca624d
SCHED-TRACE 16448 4806 K 37 551099581
SCHED-TRACE 16449 4806 P 40 5593ba9fb
SCHED-TRACE 16450 4807 P 40 55a538105
SCHED-TRACE 16451 4807 I 37 28b845
SCHED-TRACE 16452 4807 B 37 7a
SCHED-TRACE 16453 4807 P 37 5562ffbe7
SCHED-TRACE 16454 4807 R 37 5562ffbe7
SCHED-TRACE 16455 4808 U 4 28b948
SCHED-TRACE 16456 4808 V 4 28b9c9
SCHED-TRACE 16457 4808 O 0 0
SCHED-TRACE 16458 4808 P 37 557ca3958
SCHED-TRACE 16459 4809 K 37 557ca3958
SCHED-TRACE 16460 4809 P 37 5593b8106
SCHED-TRACE 16461 4810 I 37 28bed2
SCHED-TRACE 16462 4810 B 37 7a
SCHED-TRACE 16463 4810 P 37 55f79be76
SCHED-TRACE 16464 4810 R 37 55f79be76
SCHED-TRACE 16465 4811 U 4 28bfd5
SCHED-TRACE 16466 4811 V 4 28c056
SCHED-TRACE 16467 4811 O 0 0
SCHED-TRACE 16468 4811 P 37 56113d2f1
SCHED-TRACE 16469 4812 K 73 559b30624
SCHED-TRACE 16470 4812 P 37 562851a9f
SCHED-TRACE 16471 4813 P 37 5639cc8b4
SCHED-TRACE 16472 4813 I 73 28c55f
SCHED-TRACE 16473 4813 B 73 7a
SCHED-TRACE 16474 4813 P 73 55ed9be76
SCHED-TRACE 16475 4813 R 73 55ed9be76
SCHED-TRACE 16476 4814 U 4 28c661
SCHED-TRACE 16477 4814 V 4 28c6e2
SCHED-TRACE 16478 4814 O 0 0
SCHED-TRACE 16479 4814 P 73 56071be76
SCHED-TRACE 16480 4815 K 31 559bf2f1a
SCHED-TRACE 16481 4815 P 73 561e30624
SCHED-TRACE 16482 4816 P 73 562fa8b43
SCHED-TRACE 16483 4816 I 31 28cbeb
SCHED-TRACE 16484 4816 B 31 7a
SCHED-TRACE 16485 4816 P 31 55ee6b439
SCHED-TRACE 16486 4816 R 31 55ee6b439
SCHED-TRACE 16487 4817 U 4 28cced
SCHED-TRACE 16488 4817 V 4 28cd6e
SCHED-TRACE 16489 4817 O 0 0
SCHED-TRACE 16490 4817 P 31 5607e624d
SCHED-TRACE 16491 4818 K 70 559c024dc
SCHED-TRACE 16492 4818 P 31 561efa9fb
SCHED-TRACE 16493 4819 P 31 563072f1a
SCHED-TRACE 16494 4819 I 70 28d276
SCHED-TRACE 16495 4819 B 70 7a
SCHED-TRACE 16496 4819 P 70 55ee63957
SCHED-TRACE 16497 4819 R 70 55ee63957
SCHED-TRACE 16498 4820 U 4 28d378
SCHED-TRACE 16499 4820 V 4 28d3f9
SCHED-TRACE 16500 4820 O 0 0
SCHED-TRACE 16501 4820 P 70 5607e3957
SCHED-TRACE 16502 4821 K 76 559c04dd2
SCHED-TRACE 16503 4821 P 70 561ef8105
SCHED-TRACE 16504 4822 P 70 563070624
SCHED-TRACE 16505 4822 I 76 28d902
SCHED-TRACE 16506 4822 B 76 7a
SCHED-TRACE 16507 4822 P 76 55ee7a9fb
SCHED-TRACE 16508 4822 R 76 55ee7a9fb
SCHED-TRACE 16509 4823 U 4 28da04
SCHED-TRACE 16510 4823 V 4 28da85
SCHED-TRACE 16511 4823 O 0 0
SCHED-TRACE 16512 4823 P 76 5607f5810
SCHED-TRACE 16513 4824 K 67 559ca1061
SCHED-TRACE 16514 4824 P 76 561f09fbe
SCHED-TRACE 16515 4825 P 76 5630824dd
SCHED-TRACE 16516 4825 I 67 28df8d
SCHED-TRACE 16517 4825 B 67 7a
SCHED-TRACE 16518 4825 P 67 55ef024dc
SCHED-TRACE 16519 4825 R 67 55ef024dc
SCHED-TRACE 16520 4826 U 4 28e08f
SCHED-TRACE 16521 4826 V 4 28e110
SCHED-TRACE 16522 4826 O 0 0
SCHED-TRACE 16523 4826 P 67 560884dd2
SCHED-TRACE 16524 4827 K 34 559ddbe76
SCHED-TRACE 16525 4827 P 67 561f99580
SCHED-TRACE 16526 4828 P 67 563111a9f
SCHED-TRACE 16527 4828 I 34 28e619
SCHED-TRACE 16528 4828 B 34 7a
SCHED-TRACE 16529 4828 P 34 55f04f1aa
SCHED-TRACE 16530 4828 R 34 55f04f1aa
SCHED-TRACE 16531 4829 U 4 28e71a
SCHED-TRACE 16532 4829 V 4 28e79c
SCHED-TRACE 16533 4829 O 0 0
SCHED-TRACE 16534 4829 P 34 5609c4dd3
SCHED-TRACE 16535 4830 K 64 559ed6c8a
SCHED-TRACE 16536 4830 P 34 5620d9581
SCHED-TRACE 16537 4831 P 34 563251a9f
SCHED-TRACE 16538 4831 I 64 28eca4
SCHED-TRACE 16539 4831 B 64 7b
SCHED-TRACE 16540 4831 P 64 55f13fbe7
SCHED-TRACE 16541 4831 R 64 55f13fbe7
SCHED-TRACE 16542 4832 U 4 28eda6
SCHED-TRACE 16543 4832 V 4 28ee27
SCHED-TRACE 16544 4832 O 0 0
SCHED-TRACE 16545 4832 P 64 560acc8b3
SCHED-TRACE 16546 4833 K 61 559ed9581
SCHED-TRACE 16547 4833 P 64 5621e3957
SCHED-TRACE 16548 4834 P 64 563361061
SCHED-TRACE 16549 4834 I 61 28f330
SCHED-TRACE 16550 4834 B 61 7a
SCHED-TRACE 16551 4834 P 61 55f138106
SCHED-TRACE 16552 4834 R 61 55f138106
SCHED-TRACE 16553 4835 U 4 28f432
SCHED-TRACE 16554 4835 V 4 28f4b4
SCHED-TRACE 16555 4835 O 0 0
SCHED-TRACE 16556 4835 P 61 560ac76c9
SCHED-TRACE 16557 4836 K 55 559ed9581
SCHED-TRACE 16558 4836 P 61 5621dbe77
SCHED-TRACE 16559 4837 P 61 563359581
SCHED-TRACE 16560 4837 I 55 28f9bc
SCHED-TRACE 16561 4837 B 55 7a
SCHED-TRACE 16562 4837 P 55 55f135810
SCHED-TRACE 16563 4837 R 55 55f135810
SCHED-TRACE 16564 4838 U 4 28fabe
SCHED-TRACE 16565 4838 V 4 28fb40
SCHED-TRACE 16566 4838 O 0 0
SCHED-TRACE 16567 4838 P 55 560ac76c8
SCHED-TRACE 16568 4839 K 58 559f3fbe7
SCHED-TRACE 16569 4839 P 55 5621dbe77
SCHED-TRACE 16570 4840 P 55 563356c8b
SCHED-TRACE 16571 4840 I 58 290048
SCHED-TRACE 16572 4840 B 58 7a
SCHED-TRACE 16573 4840 P 58 55f1a1062
SCHED-TRACE 16574 4840 R 58 55f1a1062
SCHED-TRACE 16575 4841 U 4 29014a
SCHED-TRACE 16576 4841 V 4 2901cc
SCHED-TRACE 16577 4841 O 0 0
SCHED-TRACE 16578 4841 P 58 560b32f1a
SCHED-TRACE 16579 4842 K 52 55a0f5810
SCHED-TRACE 16580 4842 P 58 5622476c8
SCHED-TRACE 16581 4843 P 58 5633c4dd3
SCHED-TRACE 16582 4843 I 52 2906d4
SCHED-TRACE 16583 4843 B 52 7a
SCHED-TRACE 16584 4843 P 52 55f354395
SCHED-TRACE 16585 4843 R 52 55f354395
SCHED-TRACE 16586 4844 U 4 2907d7
SCHED-TRACE 16587 4844 V 4 290858
SCHED-TRACE 16588 4844 O 0 0
SCHED-TRACE 16589 4844 P 52 560ceb439
SCHED-TRACE 16590 4845 K 49 55a399581
SCHED-TRACE 16591 4845 P 52 5623ffbe7
SCHED-TRACE 16592 4846 P 52 56357a9fb
SCHED-TRACE 16593 4846 I 49 290d61
SCHED-TRACE 16594 4846 B 49 7a
SCHED-TRACE 16595 4846 P 49 55f60c8b4
SCHED-TRACE 16596 4846 R 49 55f60c8b4
SCHED-TRACE 16597 4847 U 4 290e64
SCHED-TRACE 16598 4847 V 4 290ee5
SCHED-TRACE 16599 4847 O 0 0
SCHED-TRACE 16600 4847 P 49 560fa8b43
SCHED-TRACE 16601 4848 K 43 55a4b5810
SCHED-TRACE 16602 4848 P 49 5626bd2f1
SCHED-TRACE 16603 4849 P 49 56383a9fc
SCHED-TRACE 16604 4849 I 43 2913ee
SCHED-TRACE 16605 4849 B 43 7a
SCHED-TRACE 16606 4849 P 43 55f723957
SCHED-TRACE 16607 4849 R 43 55f723957
SCHED-TRACE 16608 4850 U 4 2914f1
SCHED-TRACE 16609 4850 V 4 291572
SCHED-TRACE 16610 4850 O 0 0
SCHED-TRACE 16611 4850 P 43 5610c4dd2
SCHED-TRACE 16612 4851 K 40 55a538105
SCHED-TRACE 16613 4851 P 43 5627d9580
SCHED-TRACE 16614 4852 P 43 563956c8b
SCHED-TRACE 16615 4852 I 40 291a7b
SCHED-TRACE 16616 4852 B 40 7a
SCHED-TRACE 16617 4852 P 40 55f7a1061
SCHED-TRACE 16618 4852 R 40 55f7a1061
SCHED-TRACE 16619 4853 U 4 291b7e
SCHED-TRACE 16620 4853 V 4 291bff
SCHED-TRACE 16621 4853 O 0 0
SCHED-TRACE 16622 4853 P 40 5611424dc
SCHED-TRACE 16623 4854 K 46 55ad23958
SCHED-TRACE 16624 4854 P 40 562856c8a
SCHED-TRACE 16625 4855 P 40 5639d1a9f
SCHED-TRACE 16626 4855 I 46 292108
SCHED-TRACE 16627 4855 B 46 7a
SCHED-TRACE 16628 4855 P 46 55ff8f1aa
SCHED-TRACE 16629 4855 R 46 55ff8f1aa
SCHED-TRACE 16630 4856 U 4 29220b
SCHED-TRACE 16631 4856 V 4 29228c
SCHED-TRACE 16632 4856 O 0 0
SCHED-TRACE 16633 4856 P 46 56192b439
SCHED-TRACE 16634 4857 K 46 56192b439
SCHED-TRACE 16635 4857 P 46 56303fbe7
SCHED-TRACE 16636 4858 I 46 292795
SCHED-TRACE 16637 4858 B 46 7b
SCHED-TRACE 16638 4858 P 46 56942dd2f
SCHED-TRACE 16639 4858 R 46 56942dd2f
SCHED-TRACE 16640 4859 U 4 292898
SCHED-TRACE 16641 4859 V 4 292919
SCHED-TRACE 16642 4859 O 0 0
SCHED-TRACE 16643 4859 P 46 56adc76c9
SCHED-TRACE 16644 4860 K 73 562fa8b43
SCHED-TRACE 16645 4860 P 46 56c4dbe77
SCHED-TRACE 16646 4861 P 46 56d654395
SCHED-TRACE 16647 4861 I 73 292e22
SCHED-TRACE 16648 4861 B 73 7a
SCHED-TRACE 16649 4861 P 73 56821be76
SCHED-TRACE 16650 4861 R 73 56821be76
SCHED-TRACE 16651 4862 U 4 292f24
SCHED-TRACE 16652 4862 V 4 292fa5
SCHED-TRACE 16653 4862 O 0 0
SCHED-TRACE 16654 4862 P 73 569b9be76
SCHED-TRACE 16655 4863 K 70 563070624
SCHED-TRACE 16656 4863 P 73 56b2b0624
SCHED-TRACE 16657 4864 P 73 56c428b43
SCHED-TRACE 16658 4864 I 70 2934ae
SCHED-TRACE 16659 4864 B 70 7b
SCHED-TRACE 16660 4864 P 70 5682e624d
SCHED-TRACE 16661 4864 R 70 5682e624d
SCHED-TRACE 16662 4865 U 4 2935b0
SCHED-TRACE 16663 4865 V 4 293631
SCHED-TRACE 16664 4865 O 0 0
SCHED-TRACE 16665 4865 P 70 569c6624d
SCHED-TRACE 16666 4866 K 31 563072f1a
SCHED-TRACE 16667 4866 P 70 56b37a9fb
SCHED-TRACE 16668 4867 P 70 56c4f2f1a
SCHED-TRACE 16669 4867 I 31 293b3a
SCHED-TRACE 16670 4867 B 31 7b
SCHED-TRACE 16671 4867 P 31 5682e8b43
SCHED-TRACE 16672 4867 R 31 5682e8b43
SCHED-TRACE 16673 4868 U 4 293c3c
SCHED-TRACE 16674 4868 V 4 293cbd
SCHED-TRACE 16675 4868 O 0 0
SCHED-TRACE 16676 4868 P 31 569c61062
SCHED-TRACE 16677 4869 K 76 5630824dd
SCHED-TRACE 16678 4869 P 31 56b372f1a
SCHED-TRACE 16679 4870 P 31 56c4edd2e
SCHED-TRACE 16680 4870 I 76 2941c5
SCHED-TRACE 16681 4870 B 76 7a
SCHED-TRACE 16682 4870 P 76 5682e3957
SCHED-TRACE 16683 4870 R 76 5682e3957
SCHED-TRACE 16684 4871 U 4 2942c7
SCHED-TRACE 16685 4871 V 4 294348
SCHED-TRACE 16686 4871 O 0 0
SCHED-TRACE 16687 4871 P 76 569c61062
SCHED-TRACE 16688 4872 K 67 563111a9f
SCHED-TRACE 16689 4872 P 76 56b375810
SCHED-TRACE 16690 4873 P 76 56c4edd2e
SCHED-TRACE 16691 4873 I 67 294850
SCHED-TRACE 16692 4873 B 67 7a
SCHED-TRACE 16693 4873 P 67 568372f1a
SCHED-TRACE 16694 4873 R 67 568372f1a
SCHED-TRACE 16695 4874 U 4 294952
SCHED-TRACE 16696 4874 V 4 2949d3
SCHED-TRACE 16697 4874 O 0 0
SCHED-TRACE 16698 4874 P 67 569cf580f
SCHED-TRACE 16699 4875 K 34 563251a9f
SCHED-TRACE 16700 4875 P 67 56b409fbd
SCHED-TRACE 16701 4876 P 67 56c57fbe6
SCHED-TRACE 16702 4876 I 34 294edc
SCHED-TRACE 16703 4876 B 34 7b
SCHED-TRACE 16704 4876 P 34 5684c9fbe
SCHED-TRACE 16705 4876 R 34 5684c9fbe
SCHED-TRACE 16706 4877 U 4 294fde
SCHED-TRACE 16707 4877 V 4 29505f
SCHED-TRACE 16708 4877 O 0 0
SCHED-TRACE 16709 4877 P 34 569e424dd
SCHED-TRACE 16710 4878 K 55 563356c8b
SCHED-TRACE 16711 4878 P 34 56b556c8b
SCHED-TRACE 16712 4879 P 34 56c6d1a9f
SCHED-TRACE 16713 4879 I 55 295567
SCHED-TRACE 16714 4879 B 55 7a
SCHED-TRACE 16715 4879 P 55 5685b5810
SCHED-TRACE 16716 4879 R 55 5685b5810
SCHED-TRACE 16717 4880 U 4 29566a
SCHED-TRACE 16718 4880 V 4 2956eb
SCHED-TRACE 16719 4880 O 0 0
SCHED-TRACE 16720 4880 P 55 569f49fbe
SCHED-TRACE 16721 4881 K 61 563359581
SCHED-TRACE 16722 4881 P 55 56b65e76c
SCHED-TRACE 16723 4882 P 55 56c7dbe77
SCHED-TRACE 16724 4882 I 61 295bf4
SCHED-TRACE 16725 4882 B 61 7a
SCHED-TRACE 16726 4882 P 61 5685cc8b4
SCHED-TRACE 16727 4882 R 61 5685cc8b4
SCHED-TRACE 16728 4883 U 4 295cf6
SCHED-TRACE 16729 4883 V 4 295d78
SCHED-TRACE 16730 4883 O 0 0
SCHED-TRACE 16731 4883 P 61 569f5be77
SCHED-TRACE 16732 4884 K 64 563361061
SCHED-TRACE 16733 4884 P 61 56b672f1a
SCHED-TRACE 16734 4885 P 61 56c7edd2f
SCHED-TRACE 16735 4885 I 64 296280
SCHED-TRACE 16736 4885 B 64 7a
SCHED-TRACE 16737 4885 P 64 5685c24dc
SCHED-TRACE 16738 4885 R 64 5685c24dc
SCHED-TRACE 16739 4886 U 4 296382
SCHED-TRACE 16740 4886 V 4 296404
SCHED-TRACE 16741 4886 O 0 0
SCHED-TRACE 16742 4886 P 64 569f4f1a9
SCHED-TRACE 16743 4887 K 58 5633c4dd3
SCHED-TRACE 16744 4887 P 64 56b66624d
SCHED-TRACE 16745 4888 P 64 56c7e3957
SCHED-TRACE 16746 4888 I 58 29690c
SCHED-TRACE 16747 4888 B 58 7a
SCHED-TRACE 16748 4888 P 58 568623958
SCHED-TRACE 16749 4888 R 58 568623958
SCHED-TRACE 16750 4889 U 4 296a0e
SCHED-TRACE 16751 4889 V 4 296a90
SCHED-TRACE 16752 4889 O 0 0
SCHED-TRACE 16753 4889 P 58 569fb5810
SCHED-TRACE 16754 4890 K 52 56357a9fb
SCHED-TRACE 16755 4890 P 58 56b6c9fbe
SCHED-TRACE 16756 4891 P 58 56c8476c8
SCHED-TRACE 16757 4891 I 52 296f98
SCHED-TRACE 16758 4891 B 52 7a
SCHED-TRACE 16759 4891 P 52 5687d6c8a
SCHED-TRACE 16760 4891 R 52 5687d6c8a
SCHED-TRACE 16761 4892 U 4 29709b
SCHED-TRACE 16762 4892 V 4 29711c
SCHED-TRACE 16763 4892 O 0 0
SCHED-TRACE 16764 4892 P 52 56a170624
SCHED-TRACE 16765 4893 K 49 56383a9fc
SCHED-TRACE 16766 4893 P 52 56b8876c8
SCHED-TRACE 16767 4894 P 52 56ca04dd2
SCHED-TRACE 16768 4894 I 49 297625
SCHED-TRACE 16769 4894 B 49 7a
SCHED-TRACE 16770 4894 P 49 568aa8b43
SCHED-TRACE 16771 4894 R 49 568aa8b43
SCHED-TRACE 16772 4895 U 4 297728
SCHED-TRACE 16773 4895 V 4 2977a9
SCHED-TRACE 16774 4895 O 0 0
SCHED-TRACE 16775 4895 P 49 56a444dd3
SCHED-TRACE 16776 4896 K 43 563956c8b
SCHED-TRACE 16777 4896 P 49 56bb5be76
SCHED-TRACE 16778 4897 P 49 56ccd9581
SCHED-TRACE 16779 4897 I 43 297cb2
SCHED-TRACE 16780 4897 B 43 7b
SCHED-TRACE 16781 4897 P 43 568bc4dd2
SCHED-TRACE 16782 4897 R 43 568bc4dd2
SCHED-TRACE 16783 4898 U 4 297db5
SCHED-TRACE 16784 4898 V 4 297e36
SCHED-TRACE 16785 4898 O 0 0
SCHED-TRACE 16786 4898 P 43 56a56624d
SCHED-TRACE 16787 4899 K 37 5639cc8b4
SCHED-TRACE 16788 4899 P 43 56bc7a9fb
SCHED-TRACE 16789 4900 P 43 56cdfa9fb
SCHED-TRACE 16790 4900 I 37 29833f
SCHED-TRACE 16791 4900 B 37 7a
SCHED-TRACE 16792 4900 P 37 568c2dd2f
SCHED-TRACE 16793 4900 R 37 568c2dd2f
SCHED-TRACE 16794 4901 U 4 298442
SCHED-TRACE 16795 4901 V 4 2984c3
SCHED-TRACE 16796 4901 O 0 0
SCHED-TRACE 16797 4901 P 37 56a5d4395
SCHED-TRACE 16798 4902 K 40 5639d1a9f
SCHED-TRACE 16799 4902 P 37 56bceb439
SCHED-TRACE 16800 4903 P 37 56ce6624d
SCHED-TRACE 16801 4903 I 40 2989cc
SCHED-TRACE 16802 4903 B 40 7a
SCHED-TRACE 16803 4903 P 40 568c3580f
SCHED-TRACE 16804 4903 R 40 568c3580f
SCHED-TRACE 16805 4904 U 4 298acf
SCHED-TRACE 16806 4904 V 4 298b50
SCHED-TRACE 16807 4904 O 0 0
SCHED-TRACE 16808 4904 P 40 56a5d6c8a
SCHED-TRACE 16809 4905 K 40 56a5d6c8a
SCHED-TRACE 16810 4905 P 40 56bcedd2e
SCHED-TRACE 16811 4906 I 40 299059
SCHED-TRACE 16812 4906 B 40 7a
SCHED-TRACE 16813 4906 P 40 5720cf1a9
SCHED-TRACE 16814 4906 R 40 5720cf1a9
SCHED-TRACE 16815 4907 U 4 29915c
SCHED-TRACE 16816 4907 V 4 2991dd
SCHED-TRACE 16817 4907 O 0 0
SCHED-TRACE 16818 4907 P 40 573a70624
SCHED-TRACE 16819 4908 K 73 56c428b43
SCHED-TRACE 16820 4908 P 40 575184dd2
SCHED-TRACE 16821 4909 P 40 5762ffbe6
SCHED-TRACE 16822 4909 I 73 2996e6
SCHED-TRACE 16823 4909 B 73 7a
SCHED-TRACE 16824 4909 P 73 571694395
SCHED-TRACE 16825 4909 R 73 571694395
SCHED-TRACE 16826 4910 U 4 2997e8
SCHED-TRACE 16827 4910 V 4 299869
SCHED-TRACE 16828 4910 O 0 0
SCHED-TRACE 16829 4910 P 73 573014395
SCHED-TRACE 16830 4911 K 31 56c4edd2e
SCHED-TRACE 16831 4911 P 73 574728b43
SCHED-TRACE 16832 4912 P 73 5758a3958
SCHED-TRACE 16833 4912 I 31 299d72
SCHED-TRACE 16834 4912 B 31 7a
SCHED-TRACE 16835 4912 P 31 571761062
SCHED-TRACE 16836 4912 R 31 571761062
SCHED-TRACE 16837 4913 U 4 299e73
SCHED-TRACE 16838 4913 V 4 299ef5
SCHED-TRACE 16839 4913 O 0 0
SCHED-TRACE 16840 4913 P 31 5730d9580
SCHED-TRACE 16841 4914 K 76 56c4edd2e
SCHED-TRACE 16842 4914 P 31 5747edd2e
SCHED-TRACE 16843 4915 P 31 57596624d
SCHED-TRACE 16844 4915 I 76 29a3fd
SCHED-TRACE 16845 4915 B 76 7a
SCHED-TRACE 16846 4915 P 76 571751a9f
SCHED-TRACE 16847 4915 R 76 571751a9f
SCHED-TRACE 16848 4916 U 4 29a4ff
SCHED-TRACE 16849 4916 V 4 29a580
SCHED-TRACE 16850 4916 O 0 0
SCHED-TRACE 16851 4916 P 76 5730cc8b4
SCHED-TRACE 16852 4917 K 70 56c4f2f1a
SCHED-TRACE 16853 4917 P 76 5747e1062
SCHED-TRACE 16854 4918 P 76 575959580
SCHED-TRACE 16855 4918 I 70 29aa88
SCHED-TRACE 16856 4918 B 70 7a
SCHED-TRACE 16857 4918 P 70 571754395
SCHED-TRACE 16858 4918 R 70 571754395
SCHED-TRACE 16859 4919 U 4 29ab8a
SCHED-TRACE 16860 4919 V 4 29ac0b
SCHED-TRACE 16861 4919 O 0 0
SCHED-TRACE 16862 4919 P 70 5730d4395
SCHED-TRACE 16863 4920 K 67 56c57fbe6
SCHED-TRACE 16864 4920 P 70 5747e8b43
SCHED-TRACE 16865 4921 P 70 575961061
SCHED-TRACE 16866 4921 I 67 29b114
SCHED-TRACE 16867 4921 B 67 7a
SCHED-TRACE 16868 4921 P 67 5717f580f
SCHED-TRACE 16869 4921 R 67 5717f580f
SCHED-TRACE 16870 4922 U 4 29b216
SCHED-TRACE 16871 4922 V 4 29b297
SCHED-TRACE 16872 4922 O 0 0
SCHED-TRACE 16873 4922 P 67 573178105
SCHED-TRACE 16874 4923 K 34 56c6d1a9f
SCHED-TRACE 16875 4923 P 67 574889fbd
SCHED-TRACE 16876 4924 P 67 575a024dc
SCHED-TRACE 16877 4924 I 34 29b7a0
SCHED-TRACE 16878 4924 B 34 7a
SCHED-TRACE 16879 4924 P 34 5719476c8
SCHED-TRACE 16880 4924 R 34 5719476c8
SCHED-TRACE 16881 4925 U 4 29b8a1
SCHED-TRACE 16882 4925 V 4 29b923
SCHED-TRACE 16883 4925 O 0 0
SCHED-TRACE 16884 4925 P 34 5732bfbe7
SCHED-TRACE 16885 4926 K 55 56c7dbe77
SCHED-TRACE 16886 4926 P 34 5749d4395
SCHED-TRACE 16887 4927 P 34 575b4c8b4
SCHED-TRACE 16888 4927 I 55 29be2b
SCHED-TRACE 16889 4927 B 55 7a
SCHED-TRACE 16890 4927 P 55 571a3fbe7
SCHED-TRACE 16891 4927 R 55 571a3fbe7
SCHED-TRACE 16892 4928 U 4 29bf2e
SCHED-TRACE 16893 4928 V 4 29bfaf
SCHED-TRACE 16894 4928 O 0 0
SCHED-TRACE 16895 4928 P 55 5733d4395
SCHED-TRACE 16896 4929 K 64 56c7e3957
SCHED-TRACE 16897 4929 P 55 574ae8b43
SCHED-TRACE 16898 4930 P 55 575c6624e
SCHED-TRACE 16899 4930 I 64 29c4b7
SCHED-TRACE 16900 4930 B 64 7a
SCHED-TRACE 16901 4930 P 64 571a3fbe7
SCHED-TRACE 16902 4930 R 64 571a3fbe7
SCHED-TRACE 16903 4931 U 4 29c5b9
SCHED-TRACE 16904 4931 V 4 29c63a
SCHED-TRACE 16905 4931 O 0 0
SCHED-TRACE 16906 4931 P 64 5733cc8b3
SCHED-TRACE 16907 4932 K 61 56c7edd2f
SCHED-TRACE 16908 4932 P 64 574ae1061
SCHED-TRACE 16909 4933 P 64 575c5e76c
SCHED-TRACE 16910 4933 I 61 29cb43
SCHED-TRACE 16911 4933 B 61 7a
SCHED-TRACE 16912 4933 P 61 571a4f1aa
SCHED-TRACE 16913 4933 R 61 571a4f1aa
SCHED-TRACE 16914 4934 U 4 29cc45
SCHED-TRACE 16915 4934 V 4 29ccc7
SCHED-TRACE 16916 4934 O 0 0
SCHED-TRACE 16917 4934 P 61 5733de76c
SCHED-TRACE 16918 4935 K 58 56c8476c8
SCHED-TRACE 16919 4935 P 61 574af2f1a
SCHED-TRACE 16920 4936 P 61 575c70625
SCHED-TRACE 16921 4936 I 58 29d1cf
SCHED-TRACE 16922 4936 B 58 7a
SCHED-TRACE 16923 4936 P 58 571aa624d
SCHED-TRACE 16924 4936 R 58 571aa624d
SCHED-TRACE 16925 4937 U 4 29d2d1
SCHED-TRACE 16926 4937 V 4 29d353
SCHED-TRACE 16927 4937 O 0 0
SCHED-TRACE 16928 4937 P 58 573438106
SCHED-TRACE 16929 4938 K 52 56ca04dd2
SCHED-TRACE 16930 4938 P 58 574b4c8b4
SCHED-TRACE 16931 4939 P 58 575cc9fbe
SCHED-TRACE 16932 4939 I 52 29d85b
SCHED-TRACE 16933 4939 B 52 7a
SCHED-TRACE 16934 4939 P 52 571c61062
SCHED-TRACE 16935 4939 R 52 571c61062
SCHED-TRACE 16936 4940 U 4 29d95e
SCHED-TRACE 16937 4940 V 4 29d9df
SCHED-TRACE 16938 4940 O 0 0
SCHED-TRACE 16939 4940 P 52 5735fa9fb
SCHED-TRACE 16940 4941 K 49 56ccd9581
SCHED-TRACE 16941 4941 P 52 574d0f1a9
SCHED-TRACE 16942 4942 P 52 575e8c8b3
SCHED-TRACE 16943 4942 I 49 29dee8
SCHED-TRACE 16944 4942 B 49 7a
SCHED-TRACE 16945 4942 P 49 571f49fbe
SCHED-TRACE 16946 4942 R 49 571f49fbe
SCHED-TRACE 16947 4943 U 4 29dfeb
SCHED-TRACE 16948 4943 V 4 29e06c
SCHED-TRACE 16949 4943 O 0 0
SCHED-TRACE 16950 4943 P 49 5738e8b43
SCHED-TRACE 16951 4944 K 43 56cdfa9fb
SCHED-TRACE 16952 4944 P 49 574fffbe7
SCHED-TRACE 16953 4945 P 49 57617d2f1
SCHED-TRACE 16954 4945 I 43 29e575
SCHED-TRACE 16955 4945 B 43 7b
SCHED-TRACE 16956 4945 P 43 57206624d
SCHED-TRACE 16957 4945 R 43 57206624d
SCHED-TRACE 16958 4946 U 4 29e678
SCHED-TRACE 16959 4946 V 4 29e6f9
SCHED-TRACE 16960 4946 O 0 0
SCHED-TRACE 16961 4946 P 43 573a076c8
SCHED-TRACE 16962 4947 K 37 56ce6624d
SCHED-TRACE 16963 4947 P 43 57511be76
SCHED-TRACE 16964 4948 P 43 576299580
SCHED-TRACE 16965 4948 I 37 29ec02
SCHED-TRACE 16966 4948 B 37 7a
SCHED-TRACE 16967 4948 P 37 5720cc8b4
SCHED-TRACE 16968 4948 R 37 5720cc8b4
SCHED-TRACE 16969 4949 U 4 29ed05
SCHED-TRACE 16970 4949 V 4 29ed86
SCHED-TRACE 16971 4949 O 0 0
SCHED-TRACE 16972 4949 P 37 573a72f1a
SCHED-TRACE 16973 4950 K 46 56d654395
SCHED-TRACE 16974 4950 P 37 5751876c8
SCHED-TRACE 16975 4951 P 37 576304dd2
SCHED-TRACE 16976 4951 I 46 29f28f
SCHED-TRACE 16977 4951 B 46 7a
SCHED-TRACE 16978 4951 P 46 5728b8106
SCHED-TRACE 16979 4951 R 46 5728b8106
SCHED-TRACE 16980 4952 U 4 29f392
SCHED-TRACE 16981 4952 V 4 29f413
SCHED-TRACE 16982 4952 O 0 0
SCHED-TRACE 16983 4952 P 46 574256c8b
SCHED-TRACE 16984 4953 K 46 574256c8b
SCHED-TRACE 16985 4953 P 46 57596b439
SCHED-TRACE 16986 4954 I 46 29f91c
SCHED-TRACE 16987 4954 B 46 7a
SCHED-TRACE 16988 4954 P 46 57bd54395
SCHED-TRACE 16989 4954 R 46 57bd54395
SCHED-TRACE 16990 4955 U 4 29fa1f
SCHED-TRACE 16991 4955 V 4 29faa0
SCHED-TRACE 16992 4955 O 0 0
SCHED-TRACE 16993 4955 P 46 57d6f0625
SCHED-TRACE 16994 4956 K 73 5758a3958
SCHED-TRACE 16995 4956 P 46 57ee04dd3
SCHED-TRACE 16996 4957 P 46 57ff7fbe7
SCHED-TRACE 16997 4957 I 73 29ffa9
SCHED-TRACE 16998 4957 B 73 7b
SCHED-TRACE 16999 4957 P 73 57ab14395
SCHED-TRACE 17000 4957 R 73 57ab14395
SCHED-TRACE 17001 4958 U 4 2a00ab
SCHED-TRACE 17002 4958 V 4 2a012c
SCHED-TRACE 17003 4958 O 0 0
SCHED-TRACE 17004 4958 P 73 57c494395
SCHED-TRACE 17005 4959 K 76 575959580
SCHED-TRACE 17006 4959 P 73 57dba8b43
SCHED-TRACE 17007 4960 P 73 57ed21062
SCHED-TRACE 17008 4960 I 76 2a0635
SCHED-TRACE 17009 4960 B 76 7b
SCHED-TRACE 17010 4960 P 76 57abcf1a9
SCHED-TRACE 17011 4960 R 76 57abcf1a9
SCHED-TRACE 17012 4961 U 4 2a0737
SCHED-TRACE 17013 4961 V 4 2a07b8
SCHED-TRACE 17014 4961 O 0 0
SCHED-TRACE 17015 4961 P 76 57c549fbe
SCHED-TRACE 17016 4962 K 70 575961061
SCHED-TRACE 17017 4962 P 76 57dc5e76c
SCHED-TRACE 17018 4963 P 76 57edd9580
SCHED-TRACE 17019 4963 I 70 2a0cc1
SCHED-TRACE 17020 4963 B 70 7a
SCHED-TRACE 17021 4963 P 70 57abd6c8a
SCHED-TRACE 17022 4963 R 70 57abd6c8a
SCHED-TRACE 17023 4964 U 4 2a0dc3
SCHED-TRACE 17024 4964 V 4 2a0e44
SCHED-TRACE 17025 4964 O 0 0
SCHED-TRACE 17026 4964 P 70 57c559580
SCHED-TRACE 17027 4965 K 31 57596624d
SCHED-TRACE 17028 4965 P 70 57dc6dd2e
SCHED-TRACE 17029 4966 P 70 57ede624d
SCHED-TRACE 17030 4966 I 31 2a134d
SCHED-TRACE 17031 4966 B 31 7a
SCHED-TRACE 17032 4966 P 31 57abdbe76
SCHED-TRACE 17033 4966 R 31 57abdbe76
SCHED-TRACE 17034 4967 U 4 2a144e
SCHED-TRACE 17035 4967 V 4 2a14d0
SCHED-TRACE 17036 4967 O 0 0
SCHED-TRACE 17037 4967 P 31 57c554395
SCHED-TRACE 17038 4968 K 67 575a024dc
SCHED-TRACE 17039 4968 P 31 57dc68b43
SCHED-TRACE 17040 4969 P 31 57ede1062
SCHED-TRACE 17041 4969 I 67 2a19d8
SCHED-TRACE 17042 4969 B 67 7a
SCHED-TRACE 17043 4969 P 67 57ac6624d
SCHED-TRACE 17044 4969 R 67 57ac6624d
SCHED-TRACE 17045 4970 U 4 2a1ada
SCHED-TRACE 17046 4970 V 4 2a1b5b
SCHED-TRACE 17047 4970 O 0 0
SCHED-TRACE 17048 4970 P 67 57c5e8b43
SCHED-TRACE 17049 4971 K 34 575b4c8b4
SCHED-TRACE 17050 4971 P 67 57dcfa9fb
SCHED-TRACE 17051 4972 P 67 57ee72f1a
SCHED-TRACE 17052 4972 I 34 2a2064
SCHED-TRACE 17053 4972 B 34 7a
SCHED-TRACE 17054 4972 P 34 57adc24dd
SCHED-TRACE 17055 4972 R 34 57adc24dd
SCHED-TRACE 17056 4973 U 4 2a2165
SCHED-TRACE 17057 4973 V 4 2a21e7
SCHED-TRACE 17058 4973 O 0 0
SCHED-TRACE 17059 4973 P 34 57c738106
SCHED-TRACE 17060 4974 K 64 575c5e76c
SCHED-TRACE 17061 4974 P 34 57de4c8b4
SCHED-TRACE 17062 4975 P 34 57efc4dd3
SCHED-TRACE 17063 4975 I 64 2a26ef
SCHED-TRACE 17064 4975 B 64 7a
SCHED-TRACE 17065 4975 P 64 57aec4dd2
SCHED-TRACE 17066 4975 R 64 57aec4dd2
SCHED-TRACE 17067 4976 U 4 2a27f1
SCHED-TRACE 17068 4976 V 4 2a2872
SCHED-TRACE 17069 4976 O 0 0
SCHED-TRACE 17070 4976 P 64 57c854395
SCHED-TRACE 17071 4977 K 55 575c6624e
SCHED-TRACE 17072 4977 P 64 57df6b439
SCHED-TRACE 17073 4978 P 64 57f0e8b43
SCHED-TRACE 17074 4978 I 55 2a2d7b
SCHED-TRACE 17075 4978 B 55 7b
SCHED-TRACE 17076 4978 P 55 57aec76c8
SCHED-TRACE 17077 4978 R 55 57aec76c8
SCHED-TRACE 17078 4979 U 4 2a2e7e
SCHED-TRACE 17079 4979 V 4 2a2eff
SCHED-TRACE 17080 4979 O 0 0
SCHED-TRACE 17081 4979 P 55 57c85be77
SCHED-TRACE 17082 4980 K 61 575c70625
SCHED-TRACE 17083 4980 P 55 57df70625
SCHED-TRACE 17084 4981 P 55 57f0eb439
SCHED-TRACE 17085 4981 I 61 2a3407
SCHED-TRACE 17086 4981 B 61 7a
SCHED-TRACE 17087 4981 P 61 57aecc8b4
SCHED-TRACE 17088 4981 R 61 57aecc8b4
SCHED-TRACE 17089 4982 U 4 2a3509
SCHED-TRACE 17090 4982 V 4 2a358b
SCHED-TRACE 17091 4982 O 0 0
SCHED-TRACE 17092 4982 P 61 57c85be77
SCHED-TRACE 17093 4983 K 58 575cc9fbe
SCHED-TRACE 17094 4983 P 61 57df70625
SCHED-TRACE 17095 4984 P 61 57f0edd2f
SCHED-TRACE 17096 4984 I 58 2a3a93
SCHED-TRACE 17097 4984 B 58 7a
SCHED-TRACE 17098 4984 P 58 57af28b43
SCHED-TRACE 17099 4984 R 58 57af28b43
SCHED-TRACE 17100 4985 U 4 2a3b95
SCHED-TRACE 17101 4985 V 4 2a3c17
SCHED-TRACE 17102 4985 O 0 0
SCHED-TRACE 17103 4985 P 58 57c8ba9fb
SCHED-TRACE 17104 4986 K 52 575e8c8b3
SCHED-TRACE 17105 4986 P 58 57dfcf1aa
SCHED-TRACE 17106 4987 P 58 57f14c8b4
SCHED-TRACE 17107 4987 I 52 2a411f
SCHED-TRACE 17108 4987 B 52 7a
SCHED-TRACE 17109 4987 P 52 57b0e8b43
SCHED-TRACE 17110 4987 R 52 57b0e8b43
SCHED-TRACE 17111 4988 U 4 2a4222
SCHED-TRACE 17112 4988 V 4 2a42a3
SCHED-TRACE 17113 4988 O 0 0
SCHED-TRACE 17114 4988 P 52 57ca824dc
SCHED-TRACE 17115 4989 K 49 57617d2f1
SCHED-TRACE 17116 4989 P 52 57e196c8a
SCHED-TRACE 17117 4990 P 52 57f314395
SCHED-TRACE 17118 4990 I 49 2a47ac
SCHED-TRACE 17119 4990 B 49 7a
SCHED-TRACE 17120 4990 P 49 57b3edd2f
SCHED-TRACE 17121 4990 R 49 57b3edd2f
SCHED-TRACE 17122 4991 U 4 2a48af
SCHED-TRACE 17123 4991 V 4 2a4930
SCHED-TRACE 17124 4991 O 0 0
SCHED-TRACE 17125 4991 P 49 57cd89fbe
SCHED-TRACE 17126 4992 K 43 576299580
SCHED-TRACE 17127 4992 P 49 57e4a1062
SCHED-TRACE 17128 4993 P 49 57f61e76c
SCHED-TRACE 17129 4993 I 43 2a4e39
SCHED-TRACE 17130 4993 B 43 7b
SCHED-TRACE 17131 4993 P 43 57b5076c8
SCHED-TRACE 17132 4993 R 43 57b5076c8
SCHED-TRACE 17133 4994 U 4 2a4f3c
SCHED-TRACE 17134 4994 V 4 2a4fbd
SCHED-TRACE 17135 4994 O 0 0
SCHED-TRACE 17136 4994 P 43 57cea8b43
SCHED-TRACE 17137 4995 K 40 5762ffbe6
SCHED-TRACE 17138 4995 P 43 57e5bd2f1
SCHED-TRACE 17139 4996 P 43 57f73a9fb
SCHED-TRACE 17140 4996 I 40 2a54c6
SCHED-TRACE 17141 4996 B 40 7a
SCHED-TRACE 17142 4996 P 40 57b56624d
SCHED-TRACE 17143 4996 R 40 57b56624d
SCHED-TRACE 17144 4997 U 4 2a55c9
SCHED-TRACE 17145 4997 V 4 2a564a
SCHED-TRACE 17146 4997 O 0 0
SCHED-TRACE 17147 4997 P 40 57cf09fbd
SCHED-TRACE 17148 4998 K 37 576304dd2
SCHED-TRACE 17149 4998 P 40 57e61e76b
SCHED-TRACE 17150 4999 P 40 57f79be76
SCHED-TRACE 17151 4999 I 37 2a5b53
SCHED-TRACE 17152 4999 B 37 7a
SCHED-TRACE 17153 4999 P 37 57b568b43
SCHED-TRACE 17154 4999 R 37 57b568b43
SCHED-TRACE 17155 5000 U 4 2a5c56
SCHED-TRACE 17156 5000 V 4 2a5cd7
SCHED-TRACE 17157 5000 O 0 0
SCHED-TRACE 17158 5000 P 37 57cf0f1a9
SCHED-TRACE 17159 5001 K 37 57cf0f1a9
SCHED-TRACE 17160 5001 P 37 57e623958
SCHED-TRACE 17161 5002 I 37 2a61e0
SCHED-TRACE 17162 5002 B 37 7a
SCHED-TRACE 17163 5002 P 37 584a04dd2
SCHED-TRACE 17164 5002 R 37 584a04dd2
SCHED-TRACE 17165 5003 U 4 2a62e3
SCHED-TRACE 17166 5003 V 4 2a6364
SCHED-TRACE 17167 5003 O 0 0
SCHED-TRACE 17168 5003 P 37 5863a8b43
SCHED-TRACE 17169 5004 K 73 57ed21062
SCHED-TRACE 17170 5004 P 37 587abd2f1
SCHED-TRACE 17171 5005 P 37 588c38106
SCHED-TRACE 17172 5005 I 73 2a686d
SCHED-TRACE 17173 5005 B 73 7a
SCHED-TRACE 17174 5005 P 73 583f89fbe
SCHED-TRACE 17175 5005 R 73 583f89fbe
SCHED-TRACE 17176 5006 U 4 2a696f
SCHED-TRACE 17177 5006 V 4 2a69f0
SCHED-TRACE 17178 5006 O 0 0
SCHED-TRACE 17179 5006 P 73 585909fbe
SCHED-TRACE 17180 5007 K 76 57edd9580
SCHED-TRACE 17181 5007 P 73 58701e76c
SCHED-TRACE 17182 5008 P 73 588196c8b
SCHED-TRACE 17183 5008 I 76 2a6ef9
SCHED-TRACE 17184 5008 B 76 7a
SCHED-TRACE 17185 5008 P 76 58404f1a9
SCHED-TRACE 17186 5008 R 76 58404f1a9
SCHED-TRACE 17187 5009 U 4 2a6ffb
SCHED-TRACE 17188 5009 V 4 2a707c
SCHED-TRACE 17189 5009 O 0 0
SCHED-TRACE 17190 5009 P 76 5859c9fbe
SCHED-TRACE 17191 5010 K 31 57ede1062
SCHED-TRACE 17192 5010 P 76 5870de76c
SCHED-TRACE 17193 5011 P 76 588256c8b
SCHED-TRACE 17194 5011 I 31 2a7584
SCHED-TRACE 17195 5011 B 31 7b
SCHED-TRACE 17196 5011 P 31 584044dd2
SCHED-TRACE 17197 5011 R 31 584044dd2
SCHED-TRACE 17198 5012 U 4 2a7686
SCHED-TRACE 17199 5012 V 4 2a7707
SCHED-TRACE 17200 5012 O 0 0
SCHED-TRACE 17201 5012 P 31 5859bd2f1
SCHED-TRACE 17202 5013 K 70 57ede624d
SCHED-TRACE 17203 5013 P 31 5870cf1a9
SCHED-TRACE 17204 5014 P 31 588249fbe
SCHED-TRACE 17205 5014 I 70 2a7c0f
SCHED-TRACE 17206 5014 B 70 7a
SCHED-TRACE 17207 5014 P 70 5840476c8
SCHED-TRACE 17208 5014 R 70 5840476c8
SCHED-TRACE 17209 5015 U 4 2a7d11
SCHED-TRACE 17210 5015 V 4 2a7d92
SCHED-TRACE 17211 5015 O 0 0
SCHED-TRACE 17212 5015 P 70 5859c9fbe
SCHED-TRACE 17213 5016 K 67 57ee72f1a
SCHED-TRACE 17214 5016 P 70 5870dbe76
SCHED-TRACE 17215 5017 P 70 588256c8a
SCHED-TRACE 17216 5017 I 67 2a829b
SCHED-TRACE 17217 5017 B 67 7a
SCHED-TRACE 17218 5017 P 67 5840e624d
SCHED-TRACE 17219 5017 R 67 5840e624d
SCHED-TRACE 17220 5018 U 4 2a839d
SCHED-TRACE 17221 5018 V 4 2a841e
SCHED-TRACE 17222 5018 O 0 0
SCHED-TRACE 17223 5018 P 67 585a68b43
SCHED-TRACE 17224 5019 K 34 57efc4dd3
SCHED-TRACE 17225 5019 P 67 58717d2f1
SCHED-TRACE 17226 5020 P 67 5882f2f1a
SCHED-TRACE 17227 5020 I 34 2a8927
SCHED-TRACE 17228 5020 B 34 7a
SCHED-TRACE 17229 5020 P 34 58423a9fb
SCHED-TRACE 17230 5020 R 34 58423a9fb
SCHED-TRACE 17231 5021 U 4 2a8a28
SCHED-TRACE 17232 5021 V 4 2a8aaa
SCHED-TRACE 17233 5021 O 0 0
SCHED-TRACE 17234 5021 P 34 585bb0624
SCHED-TRACE 17235 5022 K 64 57f0e8b43
SCHED-TRACE 17236 5022 P 34 5872c24dd
SCHED-TRACE 17237 5023 P 34 58843a9fb
SCHED-TRACE 17238 5023 I 64 2a8fb2
SCHED-TRACE 17239 5023 B 64 7a
SCHED-TRACE 17240 5023 P 64 58434f1a9
SCHED-TRACE 17241 5023 R 64 58434f1a9
SCHED-TRACE 17242 5024 U 4 2a90b4
SCHED-TRACE 17243 5024 V 4 2a9135
SCHED-TRACE 17244 5024 O 0 0
SCHED-TRACE 17245 5024 P 64 585cde76c
SCHED-TRACE 17246 5025 K 55 57f0eb439
SCHED-TRACE 17247 5025 P 64 5873f2f1a
SCHED-TRACE 17248 5026 P 64 588570624
SCHED-TRACE 17249 5026 I 55 2a963e
SCHED-TRACE 17250 5026 B 55 7a
SCHED-TRACE 17251 5026 P 55 58434c8b4
SCHED-TRACE 17252 5026 R 55 58434c8b4
SCHED-TRACE 17253 5027 U 4 2a9740
SCHED-TRACE 17254 5027 V 4 2a97c2
SCHED-TRACE 17255 5027 O 0 0
SCHED-TRACE 17256 5027 P 55 585cde76c
SCHED-TRACE 17257 5028 K 61 57f0edd2f
SCHED-TRACE 17258 5028 P 55 5873f2f1a
SCHED-TRACE 17259 5029 P 55 58856dd2f
SCHED-TRACE 17260 5029 I 61 2a9cca
SCHED-TRACE 17261 5029 B 61 7b
SCHED-TRACE 17262 5029 P 61 58434f1aa
SCHED-TRACE 17263 5029 R 61 58434f1aa
SCHED-TRACE 17264 5030 U 4 2a9dcc
SCHED-TRACE 17265 5030 V 4 2a9e4e
SCHED-TRACE 17266 5030 O 0 0
SCHED-TRACE 17267 5030 P 61 585cdbe77
SCHED-TRACE 17268 5031 K 58 57f14c8b4
SCHED-TRACE 17269 5031 P 61 5873f0625
SCHED-TRACE 17270 5032 P 61 58856b439
SCHED-TRACE 17271 5032 I 58 2aa356
SCHED-TRACE 17272 5032 B 58 7b
SCHED-TRACE 17273 5032 P 58 5843b0624
SCHED-TRACE 17274 5032 R 58 5843b0624
SCHED-TRACE 17275 5033 U 4 2aa458
SCHED-TRACE 17276 5033 V 4 2aa4da
SCHED-TRACE 17277 5033 O 0 0
SCHED-TRACE 17278 5033 P 58 585d3fbe7
SCHED-TRACE 17279 5034 K 52 57f314395
SCHED-TRACE 17280 5034 P 58 587454395
SCHED-TRACE 17281 5035 P 58 5885cf1aa
SCHED-TRACE 17282 5035 I 52 2aa9e2
SCHED-TRACE 17283 5035 B 52 7a
SCHED-TRACE 17284 5035 P 52 584572f1a
SCHED-TRACE 17285 5035 R 52 584572f1a
SCHED-TRACE 17286 5036 U 4 2aaae5
SCHED-TRACE 17287 5036 V 4 2aab66
SCHED-TRACE 17288 5036 O 0 0
SCHED-TRACE 17289 5036 P 52 585f09fbe
SCHED-TRACE 17290 5037 K 49 57f61e76c
SCHED-TRACE 17291 5037 P 52 58761e76c
SCHED-TRACE 17292 5038 P 52 58879be76
SCHED-TRACE 17293 5038 I 49 2ab06f
SCHED-TRACE 17294 5038 B 49 7a
SCHED-TRACE 17295 5038 P 49 584891a9f
SCHED-TRACE 17296 5038 R 49 584891a9f
SCHED-TRACE 17297 5039 U 4 2ab172
SCHED-TRACE 17298 5039 V 4 2ab1f3
SCHED-TRACE 17299 5039 O 0 0
SCHED-TRACE 17300 5039 P 49 58622dd2f
SCHED-TRACE 17301 5040 K 43 57f73a9fb
SCHED-TRACE 17302 5040 P 49 5879424dd
SCHED-TRACE 17303 5041 P 49 588abfbe7
SCHED-TRACE 17304 5041 I 43 2ab6fc
SCHED-TRACE 17305 5041 B 43 7b
SCHED-TRACE 17306 5041 P 43 5849a8b43
SCHED-TRACE 17307 5041 R 43 5849a8b43
SCHED-TRACE 17308 5042 U 4 2ab7ff
SCHED-TRACE 17309 5042 V 4 2ab880
SCHED-TRACE 17310 5042 O 0 0
SCHED-TRACE 17311 5042 P 43 5863476c8
SCHED-TRACE 17312 5043 K 40 57f79be76
SCHED-TRACE 17313 5043 P 43 587a5be76
SCHED-TRACE 17314 5044 P 43 588bd9580
SCHED-TRACE 17315 5044 I 40 2abd89
SCHED-TRACE 17316 5044 B 40 7a
SCHED-TRACE 17317 5044 P 40 584a04dd2
SCHED-TRACE 17318 5044 R 40 584a04dd2
SCHED-TRACE 17319 5045 U 4 2abe8c
SCHED-TRACE 17320 5045 V 4 2abf0d
SCHED-TRACE 17321 5045 O 0 0
SCHED-TRACE 17322 5045 P 40 5863a624d
SCHED-TRACE 17323 5046 K 46 57ff7fbe7
SCHED-TRACE 17324 5046 P 40 587aba9fb
SCHED-TRACE 17325 5047 P 40 588c38105
SCHED-TRACE 17326 5047 I 46 2ac416
SCHED-TRACE 17327 5047 B 46 7a
SCHED-TRACE 17328 5047 P 46 5851e8b43
SCHED-TRACE 17329 5047 R 46 5851e8b43
SCHED-TRACE 17330 5048 U 4 2ac519
SCHED-TRACE 17331 5048 V 4 2ac59a
SCHED-TRACE 17332 5048 O 0 0
SCHED-TRACE 17333 5048 P 46 586b84dd3
SCHED-TRACE 17334 5049 K 46 586b84dd3
SCHED-TRACE 17335 5049 P 46 588299581
SCHED-TRACE 17336 5050 I 46 2acaa3
SCHED-TRACE 17337 5050 B 46 7a
SCHED-TRACE 17338 5050 P 46 58e684dd3
SCHED-TRACE 17339 5050 R 46 58e684dd3
SCHED-TRACE 17340 5051 U 4 2acba6
SCHED-TRACE 17341 5051 V 4 2acc27
SCHED-TRACE 17342 5051 O 0 0
SCHED-TRACE 17343 5051 P 46 59001e76c
SCHED-TRACE 17344 5052 K 73 588196c8b
SCHED-TRACE 17345 5052 P 46 591732f1a
SCHED-TRACE 17346 5053 P 46 5928add2f
SCHED-TRACE 17347 5053 I 73 2ad130
SCHED-TRACE 17348 5053 B 73 7a
SCHED-TRACE 17349 5053 P 73 58d409fbe
SCHED-TRACE 17350 5053 R 73 58d409fbe
SCHED-TRACE 17351 5054 U 4 2ad232
SCHED-TRACE 17352 5054 V 4 2ad2b3
SCHED-TRACE 17353 5054 O 0 0
SCHED-TRACE 17354 5054 P 73 58ed876c8
SCHED-TRACE 17355 5055 K 31 588249fbe
SCHED-TRACE 17356 5055 P 73 59049be76
SCHED-TRACE 17357 5056 P 73 591614395
SCHED-TRACE 17358 5056 I 31 2ad7bc
SCHED-TRACE 17359 5056 B 31 7a
SCHED-TRACE 17360 5056 P 31 58d4c24dc
SCHED-TRACE 17361 5056 R 31 58d4c24dc
SCHED-TRACE 17362 5057 U 4 2ad8be
SCHED-TRACE 17363 5057 V 4 2ad93f
SCHED-TRACE 17364 5057 O 0 0
SCHED-TRACE 17365 5057 P 31 58ee3d2f1
SCHED-TRACE 17366 5058 K 70 588256c8a
SCHED-TRACE 17367 5058 P 31 590551a9f
SCHED-TRACE 17368 5059 P 31 5916c9fbe
SCHED-TRACE 17369 5059 I 70 2ade47
SCHED-TRACE 17370 5059 B 70 7b
SCHED-TRACE 17371 5059 P 70 58d4ba9fb
SCHED-TRACE 17372 5059 R 70 58d4ba9fb
SCHED-TRACE 17373 5060 U 4 2adf49
SCHED-TRACE 17374 5060 V 4 2adfca
SCHED-TRACE 17375 5060 O 0 0
SCHED-TRACE 17376 5060 P 70 58ee3a9fb
SCHED-TRACE 17377 5061 K 76 588256c8b
SCHED-TRACE 17378 5061 P 70 59054f1a9
SCHED-TRACE 17379 5062 P 70 5916c76c8
SCHED-TRACE 17380 5062 I 76 2ae4d3
SCHED-TRACE 17381 5062 B 76 7b
SCHED-TRACE 17382 5062 P 76 58d4cc8b4
SCHED-TRACE 17383 5062 R 76 58d4cc8b4
SCHED-TRACE 17384 5063 U 4 2ae5d5
SCHED-TRACE 17385 5063 V 4 2ae656
SCHED-TRACE 17386 5063 O 0 0
SCHED-TRACE 17387 5063 P 76 58ee476c8
SCHED-TRACE 17388 5064 K 67 5882f2f1a
SCHED-TRACE 17389 5064 P 76 59055be76
SCHED-TRACE 17390 5065 P 76 5916d4395
SCHED-TRACE 17391 5065 I 67 2aeb5e
SCHED-TRACE 17392 5065 B 67 7b
SCHED-TRACE 17393 5065 P 67 58d554394
SCHED-TRACE 17394 5065 R 67 58d554394
SCHED-TRACE 17395 5066 U 4 2aec60
SCHED-TRACE 17396 5066 V 4 2aece1
SCHED-TRACE 17397 5066 O 0 0
SCHED-TRACE 17398 5066 P 67 58eed4394
SCHED-TRACE 17399 5067 K 34 58843a9fb
SCHED-TRACE 17400 5067 P 67 5905e8b43
SCHED-TRACE 17401 5068 P 67 59175e76c
SCHED-TRACE 17402 5068 I 34 2af1ea
SCHED-TRACE 17403 5068 B 34 7a
SCHED-TRACE 17404 5068 P 34 58d6b0624
SCHED-TRACE 17405 5068 R 34 58d6b0624
SCHED-TRACE 17406 5069 U 4 2af2eb
SCHED-TRACE 17407 5069 V 4 2af36d
SCHED-TRACE 17408 5069 O 0 0
SCHED-TRACE 17409 5069 P 34 58f02624d
SCHED-TRACE 17410 5070 K 61 58856b439
SCHED-TRACE 17411 5070 P 34 59073a9fb
SCHED-TRACE 17412 5071 P 34 5918b5810
SCHED-TRACE 17413 5071 I 61 2af875
SCHED-TRACE 17414 5071 B 61 7a
SCHED-TRACE 17415 5071 P 61 58d7cf1aa
SCHED-TRACE 17416 5071 R 61 58d7cf1aa
SCHED-TRACE 17417 5072 U 4 2af977
SCHED-TRACE 17418 5072 V 4 2af9f9
SCHED-TRACE 17419 5072 O 0 0
SCHED-TRACE 17420 5072 P 61 58f15e76c
SCHED-TRACE 17421 5073 K 55 58856dd2f
SCHED-TRACE 17422 5073 P 61 590872f1a
SCHED-TRACE 17423 5074 P 61 5919f0625
SCHED-TRACE 17424 5074 I 55 2aff01
SCHED-TRACE 17425 5074 B 55 7a
SCHED-TRACE 17426 5074 P 55 58d7cf1aa
SCHED-TRACE 17427 5074 R 55 58d7cf1aa
SCHED-TRACE 17428 5075 U 4 2b0003
SCHED-TRACE 17429 5075 V 4 2b0085
SCHED-TRACE 17430 5075 O 0 0
SCHED-TRACE 17431 5075 P 55 58f163958
SCHED-TRACE 17432 5076 K 64 588570624
SCHED-TRACE 17433 5076 P 55 590878106
SCHED-TRACE 17434 5077 P 55 5919f2f1a
SCHED-TRACE 17435 5077 I 64 2b058d
SCHED-TRACE 17436 5077 B 64 7a
SCHED-TRACE 17437 5077 P 64 58d7cf1a9
SCHED-TRACE 17438 5077 R 64 58d7cf1a9
SCHED-TRACE 17439 5078 U 4 2b068f
SCHED-TRACE 17440 5078 V 4 2b0710
SCHED-TRACE 17441 5078 O 0 0
SCHED-TRACE 17442 5078 P 64 58f159580
SCHED-TRACE 17443 5079 K 58 5885cf1aa
SCHED-TRACE 17444 5079 P 64 59086dd2e
SCHED-TRACE 17445 5080 P 64 5919e8b43
SCHED-TRACE 17446 5080 I 58 2b0c19
SCHED-TRACE 17447 5080 B 58 7b
SCHED-TRACE 17448 5080 P 58 58d835810
SCHED-TRACE 17449 5080 R 58 58d835810
SCHED-TRACE 17450 5081 U 4 2b0d1b
SCHED-TRACE 17451 5081 V 4 2b0d9d
SCHED-TRACE 17452 5081 O 0 0
SCHED-TRACE 17453 5081 P 58 58f1c4dd3
SCHED-TRACE 17454 5082 K 52 58879be76
SCHED-TRACE 17455 5082 P 58 5908d9581
SCHED-TRACE 17456 5083 P 58 591a54395
SCHED-TRACE 17457 5083 I 52 2b12a5
SCHED-TRACE 17458 5083 B 52 7a
SCHED-TRACE 17459 5083 P 52 58d9fa9fb
SCHED-TRACE 17460 5083 R 52 58d9fa9fb
SCHED-TRACE 17461 5084 U 4 2b13a8
SCHED-TRACE 17462 5084 V 4 2b1429
SCHED-TRACE 17463 5084 O 0 0
SCHED-TRACE 17464 5084 P 52 58f391a9f
SCHED-TRACE 17465 5085 K 49 588abfbe7
SCHED-TRACE 17466 5085 P 52 590aa624d
SCHED-TRACE 17467 5086 P 52 591c23957
SCHED-TRACE 17468 5086 I 49 2b1932
SCHED-TRACE 17469 5086 B 49 7a
SCHED-TRACE 17470 5086 P 49 58dd32f1a
SCHED-TRACE 17471 5086 R 49 58dd32f1a
SCHED-TRACE 17472 5087 U 4 2b1a35
SCHED-TRACE 17473 5087 V 4 2b1ab6
SCHED-TRACE 17474 5087 O 0 0
SCHED-TRACE 17475 5087 P 49 58f6cc8b4
SCHED-TRACE 17476 5088 K 43 588bd9580
SCHED-TRACE 17477 5088 P 49 590de1062
SCHED-TRACE 17478 5089 P 49 591f5be76
SCHED-TRACE 17479 5089 I 43 2b1fbf
SCHED-TRACE 17480 5089 B 43 7a
SCHED-TRACE 17481 5089 P 43 58de49fbe
SCHED-TRACE 17482 5089 R 43 58de49fbe
SCHED-TRACE 17483 5090 U 4 2b20c2
SCHED-TRACE 17484 5090 V 4 2b2143
SCHED-TRACE 17485 5090 O 0 0
SCHED-TRACE 17486 5090 P 43 58f7e8b43
SCHED-TRACE 17487 5091 K 40 588c38105
SCHED-TRACE 17488 5091 P 43 590efd2f1
SCHED-TRACE 17489 5092 P 43 592078105
SCHED-TRACE 17490 5092 I 40 2b264c
SCHED-TRACE 17491 5092 B 40 7b
SCHED-TRACE 17492 5092 P 40 58dea624d
SCHED-TRACE 17493 5092 R 40 58dea624d
SCHED-TRACE 17494 5093 U 4 2b274f
SCHED-TRACE 17495 5093 V 4 2b27d0
SCHED-TRACE 17496 5093 O 0 0
SCHED-TRACE 17497 5093 P 40 58f8476c8
SCHED-TRACE 17498 5094 K 37 588c38106
SCHED-TRACE 17499 5094 P 40 590f5e76b
SCHED-TRACE 17500 5095 P 40 5920d9580
SCHED-TRACE 17501 5095 I 37 2b2cd9
SCHED-TRACE 17502 5095 B 37 7b
SCHED-TRACE 17503 5095 P 37 58dea1062
SCHED-TRACE 17504 5095 R 37 58dea1062
SCHED-TRACE 17505 5096 U 4 2b2ddc
SCHED-TRACE 17506 5096 V 4 2b2e5d
SCHED-TRACE 17507 5096 O 0 0
SCHED-TRACE 17508 5096 P 37 58f844dd2
SCHED-TRACE 17509 5097 K 37 58f844dd2
SCHED-TRACE 17510 5097 P 37 590f59581
SCHED-TRACE 17511 5098 I 37 2b3366
SCHED-TRACE 17512 5098 B 37 7b
SCHED-TRACE 17513 5098 P 37 59733d2f1
SCHED-TRACE 17514 5098 R 37 59733d2f1
SCHED-TRACE 17515 5099 U 4 2b3469
SCHED-TRACE 17516 5099 V 4 2b34ea
SCHED-TRACE 17517 5099 O 0 0
SCHED-TRACE 17518 5099 P 37 598cde76c
SCHED-TRACE 17519 5100 K 73 591614395
SCHED-TRACE 17520 5100 P 37 59a3f2f1a
SCHED-TRACE 17521 5101 P 37 59b56b439
SCHED-TRACE 17522 5101 I 73 2b39f3
SCHED-TRACE 17523 5101 B 73 7a
SCHED-TRACE 17524 5101 P 73 59687fbe7
SCHED-TRACE 17525 5101 R 73 59687fbe7
SCHED-TRACE 17526 5102 U 4 2b3af5
SCHED-TRACE 17527 5102 V 4 2b3b76
SCHED-TRACE 17528 5102 O 0 0
SCHED-TRACE 17529 5102 P 73 5981ffbe7
SCHED-TRACE 17530 5103 K 70 5916c76c8
SCHED-TRACE 17531 5103 P 73 599914395
SCHED-TRACE 17532 5104 P 73 59aa8c8b4
SCHED-TRACE 17533 5104 I 70 2b407f
SCHED-TRACE 17534 5104 B 70 7b
SCHED-TRACE 17535 5104 P 70 59693d2f1
SCHED-TRACE 17536 5104 R 70 59693d2f1
SCHED-TRACE 17537 5105 U 4 2b4181
SCHED-TRACE 17538 5105 V 4 2b4202
SCHED-TRACE 17539 5105 O 0 0
SCHED-TRACE 17540 5105 P 70 5982bd2f1
SCHED-TRACE 17541 5106 K 31 5916c9fbe
SCHED-TRACE 17542 5106 P 70 5999d1a9f
SCHED-TRACE 17543 5107 P 70 59ab49fbe
SCHED-TRACE 17544 5107 I 31 2b470b
SCHED-TRACE 17545 5107 B 31 7b
SCHED-TRACE 17546 5107 P 31 59693fbe7
SCHED-TRACE 17547 5107 R 31 59693fbe7
SCHED-TRACE 17548 5108 U 4 2b480d
SCHED-TRACE 17549 5108 V 4 2b488e
SCHED-TRACE 17550 5108 O 0 0
SCHED-TRACE 17551 5108 P 31 5982b8105
SCHED-TRACE 17552 5109 K 76 5916d4395
SCHED-TRACE 17553 5109 P 31 5999c9fbe
SCHED-TRACE 17554 5110 P 31 59ab44dd2
SCHED-TRACE 17555 5110 I 76 2b4d96
SCHED-TRACE 17556 5110 B 76 7a
SCHED-TRACE 17557 5110 P 76 596935810
SCHED-TRACE 17558 5110 R 76 596935810
SCHED-TRACE 17559 5111 U 4 2b4e98
SCHED-TRACE 17560 5111 V 4 2b4f19
SCHED-TRACE 17561 5111 O 0 0
SCHED-TRACE 17562 5111 P 76 5982b2f1a
SCHED-TRACE 17563 5112 K 67 59175e76c
SCHED-TRACE 17564 5112 P 76 5999c76c8
SCHED-TRACE 17565 5113 P 76 59ab3fbe7
SCHED-TRACE 17566 5113 I 67 2b5421
SCHED-TRACE 17567 5113 B 67 7a
SCHED-TRACE 17568 5113 P 67 5969bfbe6
SCHED-TRACE 17569 5113 R 67 5969bfbe6
SCHED-TRACE 17570 5114 U 4 2b5523
SCHED-TRACE 17571 5114 V 4 2b55a4
SCHED-TRACE 17572 5114 O 0 0
SCHED-TRACE 17573 5114 P 67 5983424dc
SCHED-TRACE 17574 5115 K 34 5918b5810
SCHED-TRACE 17575 5115 P 67 599a56c8a
SCHED-TRACE 17576 5116 P 67 59abcc8b3
SCHED-TRACE 17577 5116 I 34 2b5aad
SCHED-TRACE 17578 5116 B 34 7b
SCHED-TRACE 17579 5116 P 34 596b2dd2f
SCHED-TRACE 17580 5116 R 34 596b2dd2f
SCHED-TRACE 17581 5117 U 4 2b5bae
SCHED-TRACE 17582 5117 V 4 2b5c30
SCHED-TRACE 17583 5117 O 0 0
SCHED-TRACE 17584 5117 P 34 5984a1062
SCHED-TRACE 17585 5118 K 64 5919e8b43
SCHED-TRACE 17586 5118 P 34 599bb5810
SCHED-TRACE 17587 5119 P 34 59ad2dd2f
SCHED-TRACE 17588 5119 I 64 2b6138
SCHED-TRACE 17589 5119 B 64 7a
SCHED-TRACE 17590 5119 P 64 596c4f1a9
SCHED-TRACE 17591 5119 R 64 596c4f1a9
SCHED-TRACE 17592 5120 U 4 2b623a
SCHED-TRACE 17593 5120 V 4 2b62bb
SCHED-TRACE 17594 5120 O 0 0
SCHED-TRACE 17595 5120 P 64 5985dbe76
SCHED-TRACE 17596 5121 K 61 5919f0625
SCHED-TRACE 17597 5121 P 64 599cf0624
SCHED-TRACE 17598 5122 P 64 59ae6dd2e
SCHED-TRACE 17599 5122 I 61 2b67c4
SCHED-TRACE 17600 5122 B 61 7a
SCHED-TRACE 17601 5122 P 61 596c51aa0
SCHED-TRACE 17602 5122 R 61 596c51aa0
SCHED-TRACE 17603 5123 U 4 2b68c6
SCHED-TRACE 17604 5123 V 4 2b6948
SCHED-TRACE 17605 5123 O 0 0
SCHED-TRACE 17606 5123 P 61 5985e3958
SCHED-TRACE 17607 5124 K 55 5919f2f1a
SCHED-TRACE 17608 5124 P 61 599cf8106
SCHED-TRACE 17609 5125 P 61 59ae75810
SCHED-TRACE 17610 5125 I 55 2b6e50
SCHED-TRACE 17611 5125 B 55 7a
SCHED-TRACE 17612 5125 P 55 596c4f1aa
SCHED-TRACE 17613 5125 R 55 596c4f1aa
SCHED-TRACE 17614 5126 U 4 2b6f53
SCHED-TRACE 17615 5126 V 4 2b6fd4
SCHED-TRACE 17616 5126 O 0 0
SCHED-TRACE 17617 5126 P 55 5985e3958
SCHED-TRACE 17618 5127 K 58 591a54395
SCHED-TRACE 17619 5127 P 55 599cf8106
SCHED-TRACE 17620 5128 P 55 59ae75810
SCHED-TRACE 17621 5128 I 58 2b74dd
SCHED-TRACE 17622 5128 B 58 7a
SCHED-TRACE 17623 5128 P 58 596cc76c8
SCHED-TRACE 17624 5128 R 58 596cc76c8
SCHED-TRACE 17625 5129 U 4 2b75df
SCHED-TRACE 17626 5129 V 4 2b7661
SCHED-TRACE 17627 5129 O 0 0
SCHED-TRACE 17628 5129 P 58 598659581
SCHED-TRACE 17629 5130 K 52 591c23957
SCHED-TRACE 17630 5130 P 58 599d6dd2f
SCHED-TRACE 17631 5131 P 58 59aeeb439
SCHED-TRACE 17632 5131 I 52 2b7b69
SCHED-TRACE 17633 5131 B 52 7a
SCHED-TRACE 17634 5131 P 52 596e7fbe7
SCHED-TRACE 17635 5131 R 52 596e7fbe7
SCHED-TRACE 17636 5132 U 4 2b7c6c
SCHED-TRACE 17637 5132 V 4 2b7ced
SCHED-TRACE 17638 5132 O 0 0
SCHED-TRACE 17639 5132 P 52 598819580
SCHED-TRACE 17640 5133 K 49 591f5be76
SCHED-TRACE 17641 5133 P 52 599f2dd2e
SCHED-TRACE 17642 5134 P 52 59b0ab439
SCHED-TRACE 17643 5134 I 49 2b81f6
SCHED-TRACE 17644 5134 B 49 7a
SCHED-TRACE 17645 5134 P 49 5971cc8b4
SCHED-TRACE 17646 5134 R 49 5971cc8b4
SCHED-TRACE 17647 5135 U 4 2b82f9
SCHED-TRACE 17648 5135 V 4 2b837a
SCHED-TRACE 17649 5135 O 0 0
SCHED-TRACE 17650 5135 P 49 598b6b439
SCHED-TRACE 17651 5136 K 43 592078105
SCHED-TRACE 17652 5136 P 49 59a27fbe7
SCHED-TRACE 17653 5137 P 49 59b3fd2f1
SCHED-TRACE 17654 5137 I 43 2b8883
SCHED-TRACE 17655 5137 B 43 7a
SCHED-TRACE 17656 5137 P 43 5972e1062
SCHED-TRACE 17657 5137 R 43 5972e1062
SCHED-TRACE 17658 5138 U 4 2b8986
SCHED-TRACE 17659 5138 V 4 2b8a07
SCHED-TRACE 17660 5138 O 0 0
SCHED-TRACE 17661 5138 P 43 598c824dc
SCHED-TRACE 17662 5139 K 40 5920d9580
SCHED-TRACE 17663 5139 P 43 59a396c8b
SCHED-TRACE 17664 5140 P 43 59b514395
SCHED-TRACE 17665 5140 I 40 2b8f10
SCHED-TRACE 17666 5140 B 40 7a
SCHED-TRACE 17667 5140 P 40 59733fbe6
SCHED-TRACE 17668 5140 R 40 59733fbe6
SCHED-TRACE 17669 5141 U 4 2b9013
SCHED-TRACE 17670 5141 V 4 2b9094
SCHED-TRACE 17671 5141 O 0 0
SCHED-TRACE 17672 5141 P 40 598ce3957
SCHED-TRACE 17673 5142 K 46 5928add2f
SCHED-TRACE 17674 5142 P 40 59a3f8105
SCHED-TRACE 17675 5143 P 40 59b57580f
SCHED-TRACE 17676 5143 I 46 2b959d
SCHED-TRACE 17677 5143 B 46 7a
SCHED-TRACE 17678 5143 P 46 597b14395
SCHED-TRACE 17679 5143 R 46 597b14395
SCHED-TRACE 17680 5144 U 4 2b96a0
SCHED-TRACE 17681 5144 V 4 2b9721
SCHED-TRACE 17682 5144 O 0 0
SCHED-TRACE 17683 5144 P 46 5994b2f1a
SCHED-TRACE 17684 5145 K 46 5994b2f1a
SCHED-TRACE 17685 5145 P 46 59abc76c9
SCHED-TRACE 17686 5146 I 46 2b9c2a
SCHED-TRACE 17687 5146 B 46 7a
SCHED-TRACE 17688 5146 P 46 5a0fb0625
SCHED-TRACE 17689 5146 R 46 5a0fb0625
SCHED-TRACE 17690 5147 U 4 2b9d2d
SCHED-TRACE 17691 5147 V 4 2b9dae
SCHED-TRACE 17692 5147 O 0 0
SCHED-TRACE 17693 5147 P 46 5a294c8b4
SCHED-TRACE 17694 5148 K 73 59aa8c8b4
SCHED-TRACE 17695 5148 P 46 5a4061062
SCHED-TRACE 17696 5149 P 46 5a51dbe77
SCHED-TRACE 17697 5149 I 73 2ba2b7
SCHED-TRACE 17698 5149 B 73 7a
SCHED-TRACE 17699 5149 P 73 59fcfd2f1
SCHED-TRACE 17700 5149 R 73 59fcfd2f1
SCHED-TRACE 17701 5150 U 4 2ba3b9
SCHED-TRACE 17702 5150 V 4 2ba43a
SCHED-TRACE 17703 5150 O 0 0
SCHED-TRACE 17704 5150 P 73 5a167d2f1
SCHED-TRACE 17705 5151 K 76 59ab3fbe7
SCHED-TRACE 17706 5151 P 73 5a2d91a9f
SCHED-TRACE 17707 5152 P 73 5a3f09fbe
SCHED-TRACE 17708 5152 I 76 2ba943
SCHED-TRACE 17709 5152 B 76 7b
SCHED-TRACE 17710 5152 P 76 59fdb8106
SCHED-TRACE 17711 5152 R 76 59fdb8106
SCHED-TRACE 17712 5153 U 4 2baa45
SCHED-TRACE 17713 5153 V 4 2baac6
SCHED-TRACE 17714 5153 O 0 0
SCHED-TRACE 17715 5153 P 76 5a1732f1a
SCHED-TRACE 17716 5154 K 31 59ab44dd2
SCHED-TRACE 17717 5154 P 76 5a2e44dd2
SCHED-TRACE 17718 5155 P 76 5a3fbfbe7
SCHED-TRACE 17719 5155 I 31 2bafce
SCHED-TRACE 17720 5155 B 31 7a
SCHED-TRACE 17721 5155 P 31 59fda3957
SCHED-TRACE 17722 5155 R 31 59fda3957
SCHED-TRACE 17723 5156 U 4 2bb0cf
SCHED-TRACE 17724 5156 V 4 2bb151
SCHED-TRACE 17725 5156 O 0 0
SCHED-TRACE 17726 5156 P 31 5a171be76
SCHED-TRACE 17727 5157 K 70 59ab49fbe
SCHED-TRACE 17728 5157 P 31 5a2e30624
SCHED-TRACE 17729 5158 P 31 5a3fa8b43
SCHED-TRACE 17730 5158 I 70 2bb659
SCHED-TRACE 17731 5158 B 70 7a
SCHED-TRACE 17732 5158 P 70 59fdadd2e
SCHED-TRACE 17733 5158 R 70 59fdadd2e
SCHED-TRACE 17734 5159 U 4 2bb75b
SCHED-TRACE 17735 5159 V 4 2bb7dc
SCHED-TRACE 17736 5159 O 0 0
SCHED-TRACE 17737 5159 P 70 5a1730624
SCHED-TRACE 17738 5160 K 67 59abcc8b3
SCHED-TRACE 17739 5160 P 70 5a2e44dd2
SCHED-TRACE 17740 5161 P 70 5a3fbd2f1
SCHED-TRACE 17741 5161 I 67 2bbce5
SCHED-TRACE 17742 5161 B 67 7a
SCHED-TRACE 17743 5161 P 67 59fe424dc
SCHED-TRACE 17744 5161 R 67 59fe424dc
SCHED-TRACE 17745 5162 U 4 2bbde7
SCHED-TRACE 17746 5162 V 4 2bbe68
SCHED-TRACE 17747 5162 O 0 0
SCHED-TRACE 17748 5162 P 67 5a17c4dd2
SCHED-TRACE 17749 5163 K 34 59ad2dd2f
SCHED-TRACE 17750 5163 P 67 5a2ed9580
SCHED-TRACE 17751 5164 P 67 5a404f1a9
SCHED-TRACE 17752 5164 I 34 2bc371
SCHED-TRACE 17753 5164 B 34 7b
SCHED-TRACE 17754 5164 P 34 59ffa624d
SCHED-TRACE 17755 5164 R 34 59ffa624d
SCHED-TRACE 17756 5165 U 4 2bc472
SCHED-TRACE 17757 5165 V 4 2bc4f4
SCHED-TRACE 17758 5165 O 0 0
SCHED-TRACE 17759 5165 P 34 5a1919581
SCHED-TRACE 17760 5166 K 64 59ae6dd2e
SCHED-TRACE 17761 5166 P 34 5a302dd2f
SCHED-TRACE 17762 5167 P 34 5a41a624d
SCHED-TRACE 17763 5167 I 64 2bc9fc
SCHED-TRACE 17764 5167 B 64 7a
SCHED-TRACE 17765 5167 P 64 5a00d4395
SCHED-TRACE 17766 5167 R 64 5a00d4395
SCHED-TRACE 17767 5168 U 4 2bcafe
SCHED-TRACE 17768 5168 V 4 2bcb7f
SCHED-TRACE 17769 5168 O 0 0
SCHED-TRACE 17770 5168 P 64 5a1a61061
SCHED-TRACE 17771 5169 K 61 59ae75810
SCHED-TRACE 17772 5169 P 64 5a3175810
SCHED-TRACE 17773 5170 P 64 5a42f2f1a
SCHED-TRACE 17774 5170 I 61 2bd088
SCHED-TRACE 17775 5170 B 61 7a
SCHED-TRACE 17776 5170 P 61 5a00d6c8b
SCHED-TRACE 17777 5170 R 61 5a00d6c8b
SCHED-TRACE 17778 5171 U 4 2bd18a
SCHED-TRACE 17779 5171 V 4 2bd20c
SCHED-TRACE 17780 5171 O 0 0
SCHED-TRACE 17781 5171 P 61 5a1a68b43
SCHED-TRACE 17782 5172 K 55 59ae75810
SCHED-TRACE 17783 5172 P 61 5a317d2f2
SCHED-TRACE 17784 5173 P 61 5a42fa9fc
SCHED-TRACE 17785 5173 I 55 2bd714
SCHED-TRACE 17786 5173 B 55 7a
SCHED-TRACE 17787 5173 P 55 5a00d4395
SCHED-TRACE 17788 5173 R 55 5a00d4395
SCHED-TRACE 17789 5174 U 4 2bd816
SCHED-TRACE 17790 5174 V 4 2bd898
SCHED-TRACE 17791 5174 O 0 0
SCHED-TRACE 17792 5174 P 55 5a1a68b43
SCHED-TRACE 17793 5175 K 58 59aeeb439
SCHED-TRACE 17794 5175 P 55 5a317d2f1
SCHED-TRACE 17795 5176 P 55 5a42f8106
SCHED-TRACE 17796 5176 I 58 2bdda0
SCHED-TRACE 17797 5176 B 58 7a
SCHED-TRACE 17798 5176 P 58 5a0149fbe
SCHED-TRACE 17799 5176 R 58 5a0149fbe
SCHED-TRACE 17800 5177 U 4 2bdea2
SCHED-TRACE 17801 5177 V 4 2bdf24
SCHED-TRACE 17802 5177 O 0 0
SCHED-TRACE 17803 5177 P 58 5a1adbe76
SCHED-TRACE 17804 5178 K 52 59b0ab439
SCHED-TRACE 17805 5178 P 58 5a31f0624
SCHED-TRACE 17806 5179 P 58 5a436dd2f
SCHED-TRACE 17807 5179 I 52 2be42c
SCHED-TRACE 17808 5179 B 52 7a
SCHED-TRACE 17809 5179 P 52 5a03076c8
SCHED-TRACE 17810 5179 R 52 5a03076c8
SCHED-TRACE 17811 5180 U 4 2be52f
SCHED-TRACE 17812 5180 V 4 2be5b0
SCHED-TRACE 17813 5180 O 0 0
SCHED-TRACE 17814 5180 P 52 5a1c9e76c
SCHED-TRACE 17815 5181 K 49 59b3fd2f1
SCHED-TRACE 17816 5181 P 52 5a33b2f1a
SCHED-TRACE 17817 5182 P 52 5a4530624
SCHED-TRACE 17818 5182 I 49 2beab9
SCHED-TRACE 17819 5182 B 49 7a
SCHED-TRACE 17820 5182 P 49 5a0670625
SCHED-TRACE 17821 5182 R 49 5a0670625
SCHED-TRACE 17822 5183 U 4 2bebbc
SCHED-TRACE 17823 5183 V 4 2bec3d
SCHED-TRACE 17824 5183 O 0 0
SCHED-TRACE 17825 5183 P 49 5a200c8b4
SCHED-TRACE 17826 5184 K 43 59b514395
SCHED-TRACE 17827 5184 P 49 5a3721062
SCHED-TRACE 17828 5185 P 49 5a489be76
SCHED-TRACE 17829 5185 I 43 2bf146
SCHED-TRACE 17830 5185 B 43 7a
SCHED-TRACE 17831 5185 P 43 5a0784dd2
SCHED-TRACE 17832 5185 R 43 5a0784dd2
SCHED-TRACE 17833 5186 U 4 2bf249
SCHED-TRACE 17834 5186 V 4 2bf2ca
SCHED-TRACE 17835 5186 O 0 0
SCHED-TRACE 17836 5186 P 43 5a212624d
SCHED-TRACE 17837 5187 K 37 59b56b439
SCHED-TRACE 17838 5187 P 43 5a383d2f1
SCHED-TRACE 17839 5188 P 43 5a49ba9fb
SCHED-TRACE 17840 5188 I 37 2bf7d3
SCHED-TRACE 17841 5188 B 37 7b
SCHED-TRACE 17842 5188 P 37 5a07d4395
SCHED-TRACE 17843 5188 R 37 5a07d4395
SCHED-TRACE 17844 5189 U 4 2bf8d6
SCHED-TRACE 17845 5189 V 4 2bf957
SCHED-TRACE 17846 5189 O 0 0
SCHED-TRACE 17847 5189 P 37 5a2178106
SCHED-TRACE 17848 5190 K 40 59b57580f
SCHED-TRACE 17849 5190 P 37 5a388c8b4
SCHED-TRACE 17850 5191 P 37 5a4a076c8
SCHED-TRACE 17851 5191 I 40 2bfe60
SCHED-TRACE 17852 5191 B 40 7b
SCHED-TRACE 17853 5191 P 40 5a07de76b
SCHED-TRACE 17854 5191 R 40 5a07de76b
SCHED-TRACE 17855 5192 U 4 2bff63
SCHED-TRACE 17856 5192 V 4 2bffe4
SCHED-TRACE 17857 5192 O 0 0
SCHED-TRACE 17858 5192 P 40 5a217fbe6
SCHED-TRACE 17859 5193 K 40 5a217fbe6
SCHED-TRACE 17860 5193 P 40 5a3894394
SCHED-TRACE 17861 5194 I 40 2c04ed
SCHED-TRACE 17862 5194 B 40 7b
SCHED-TRACE 17863 5194 P 40 5a9c7a9fb
SCHED-TRACE 17864 5194 R 40 5a9c7a9fb
SCHED-TRACE 17865 5195 U 4 2c05f0
SCHED-TRACE 17866 5195 V 4 2c0671
SCHED-TRACE 17867 5195 O 0 0
SCHED-TRACE 17868 5195 P 40 5ab619580
SCHED-TRACE 17869 5196 K 73 5a3f09fbe
SCHED-TRACE 17870 5196 P 40 5acd2dd2e
SCHED-TRACE 17871 5197 P 40 5adea624d
SCHED-TRACE 17872 5197 I 73 2c0b7a
SCHED-TRACE 17873 5197 B 73 7b
SCHED-TRACE 17874 5197 P 73 5a917a9fb
SCHED-TRACE 17875 5197 R 73 5a917a9fb
SCHED-TRACE 17876 5198 U 4 2c0c7c
SCHED-TRACE 17877 5198 V 4 2c0cfd
SCHED-TRACE 17878 5198 O 0 0
SCHED-TRACE 17879 5198 P 73 5aaaf8106
SCHED-TRACE 17880 5199 K 31 5a3fa8b43
SCHED-TRACE 17881 5199 P 73 5ac20c8b4
SCHED-TRACE 17882 5200 P 73 5ad384dd3
SCHED-TRACE 17883 5200 I 31 2c1206
SCHED-TRACE 17884 5200 B 31 7b
SCHED-TRACE 17885 5200 P 31 5a9221062
SCHED-TRACE 17886 5200 R 31 5a9221062
SCHED-TRACE 17887 5201 U 4 2c1308
SCHED-TRACE 17888 5201 V 4 2c1389
SCHED-TRACE 17889 5201 O 0 0
SCHED-TRACE 17890 5201 P 31 5aab99580
SCHED-TRACE 17891 5202 K 70 5a3fbd2f1
SCHED-TRACE 17892 5202 P 31 5ac2add2e
SCHED-TRACE 17893 5203 P 31 5ad428b43
SCHED-TRACE 17894 5203 I 70 2c1891
SCHED-TRACE 17895 5203 B 70 7a
SCHED-TRACE 17896 5203 P 70 5a921be76
SCHED-TRACE 17897 5203 R 70 5a921be76
SCHED-TRACE 17898 5204 U 4 2c1993
SCHED-TRACE 17899 5204 V 4 2c1a14
SCHED-TRACE 17900 5204 O 0 0
SCHED-TRACE 17901 5204 P 70 5aab9e76c
SCHED-TRACE 17902 5205 K 76 5a3fbfbe7
SCHED-TRACE 17903 5205 P 70 5ac2b2f1a
SCHED-TRACE 17904 5206 P 70 5ad42b438
SCHED-TRACE 17905 5206 I 76 2c1f1d
SCHED-TRACE 17906 5206 B 76 7a
SCHED-TRACE 17907 5206 P 76 5a9235810
SCHED-TRACE 17908 5206 R 76 5a9235810
SCHED-TRACE 17909 5207 U 4 2c201f
SCHED-TRACE 17910 5207 V 4 2c20a0
SCHED-TRACE 17911 5207 O 0 0
SCHED-TRACE 17912 5207 P 76 5aabb0624
SCHED-TRACE 17913 5208 K 67 5a404f1a9
SCHED-TRACE 17914 5208 P 76 5ac2c4dd2
SCHED-TRACE 17915 5209 P 76 5ad43d2f1
SCHED-TRACE 17916 5209 I 67 2c25a8
SCHED-TRACE 17917 5209 B 67 7a
SCHED-TRACE 17918 5209 P 67 5a92b0624
SCHED-TRACE 17919 5209 R 67 5a92b0624
SCHED-TRACE 17920 5210 U 4 2c26aa
SCHED-TRACE 17921 5210 V 4 2c272b
SCHED-TRACE 17922 5210 O 0 0
SCHED-TRACE 17923 5210 P 67 5aac32f1a
SCHED-TRACE 17924 5211 K 34 5a41a624d
SCHED-TRACE 17925 5211 P 67 5ac344dd2
SCHED-TRACE 17926 5212 P 67 5ad4bd2f1
SCHED-TRACE 17927 5212 I 34 2c2c34
SCHED-TRACE 17928 5212 B 34 7a
SCHED-TRACE 17929 5212 P 34 5a941be76
SCHED-TRACE 17930 5212 R 34 5a941be76
SCHED-TRACE 17931 5213 U 4 2c2d35
SCHED-TRACE 17932 5213 V 4 2c2db7
SCHED-TRACE 17933 5213 O 0 0
SCHED-TRACE 17934 5213 P 34 5aad91a9f
SCHED-TRACE 17935 5214 K 64 5a42f2f1a
SCHED-TRACE 17936 5214 P 34 5ac4a624d
SCHED-TRACE 17937 5215 P 34 5ad61e76c
SCHED-TRACE 17938 5215 I 64 2c32bf
SCHED-TRACE 17939 5215 B 64 7a
SCHED-TRACE 17940 5215 P 64 5a9559580
SCHED-TRACE 17941 5215 R 64 5a9559580
SCHED-TRACE 17942 5216 U 4 2c33c1
SCHED-TRACE 17943 5216 V 4 2c3442
SCHED-TRACE 17944 5216 O 0 0
SCHED-TRACE 17945 5216 P 64 5aaee624d
SCHED-TRACE 17946 5217 K 55 5a42f8106
SCHED-TRACE 17947 5217 P 64 5ac5fa9fb
SCHED-TRACE 17948 5218 P 64 5ad778105
SCHED-TRACE 17949 5218 I 55 2c394b
SCHED-TRACE 17950 5218 B 55 7a
SCHED-TRACE 17951 5218 P 55 5a9559581
SCHED-TRACE 17952 5218 R 55 5a9559581
SCHED-TRACE 17953 5219 U 4 2c3a4d
SCHED-TRACE 17954 5219 V 4 2c3acf
SCHED-TRACE 17955 5219 O 0 0
SCHED-TRACE 17956 5219 P 55 5aaeeb439
SCHED-TRACE 17957 5220 K 61 5a42fa9fc
SCHED-TRACE 17958 5220 P 55 5ac5ffbe7
SCHED-TRACE 17959 5221 P 55 5ad77a9fc
SCHED-TRACE 17960 5221 I 61 2c3fd7
SCHED-TRACE 17961 5221 B 61 7a
SCHED-TRACE 17962 5221 P 61 5a955be77
SCHED-TRACE 17963 5221 R 61 5a955be77
SCHED-TRACE 17964 5222 U 4 2c40d9
SCHED-TRACE 17965 5222 V 4 2c415b
SCHED-TRACE 17966 5222 O 0 0
SCHED-TRACE 17967 5222 P 61 5aaeeb439
SCHED-TRACE 17968 5223 K 58 5a436dd2f
SCHED-TRACE 17969 5223 P 61 5ac5ffbe7
SCHED-TRACE 17970 5224 P 61 5ad77d2f2
SCHED-TRACE 17971 5224 I 58 2c4663
SCHED-TRACE 17972 5224 B 58 7a
SCHED-TRACE 17973 5224 P 58 5a95cf1aa
SCHED-TRACE 17974 5224 R 58 5a95cf1aa
SCHED-TRACE 17975 5225 U 4 2c4765
SCHED-TRACE 17976 5225 V 4 2c47e7
SCHED-TRACE 17977 5225 O 0 0
SCHED-TRACE 17978 5225 P 58 5aaf61062
SCHED-TRACE 17979 5226 K 52 5a4530624
SCHED-TRACE 17980 5226 P 58 5ac678106
SCHED-TRACE 17981 5227 P 58 5ad7f2f1a
SCHED-TRACE 17982 5227 I 52 2c4cef
SCHED-TRACE 17983 5227 B 52 7b
SCHED-TRACE 17984 5227 P 52 5a9791a9f
SCHED-TRACE 17985 5227 R 52 5a9791a9f
SCHED-TRACE 17986 5228 U 4 2c4df2
SCHED-TRACE 17987 5228 V 4 2c4e73
SCHED-TRACE 17988 5228 O 0 0
SCHED-TRACE 17989 5228 P 52 5ab128b43
SCHED-TRACE 17990 5229 K 49 5a489be76
SCHED-TRACE 17991 5229 P 52 5ac83d2f1
SCHED-TRACE 17992 5230 P 52 5ad9ba9fb
SCHED-TRACE 17993 5230 I 49 2c537c
SCHED-TRACE 17994 5230 B 49 7a
SCHED-TRACE 17995 5230 P 49 5a9b0c8b4
SCHED-TRACE 17996 5230 R 49 5a9b0c8b4
SCHED-TRACE 17997 5231 U 4 2c547f
SCHED-TRACE 17998 5231 V 4 2c5500
SCHED-TRACE 17999 5231 O 0 0
SCHED-TRACE 18000 5231 P 49 5ab4a8b43
SCHED-TRACE 18001 5232 K 43 5a49ba9fb
SCHED-TRACE 18002 5232 P 49 5acbbd2f1
SCHED-TRACE 18003 5233 P 49 5add3a9fc
SCHED-TRACE 18004 5233 I 43 2c5a09
SCHED-TRACE 18005 5233 B 43 7a
SCHED-TRACE 18006 5233 P 43 5a9c28b43
SCHED-TRACE 18007 5233 R 43 5a9c28b43
SCHED-TRACE 18008 5234 U 4 2c5b0c
SCHED-TRACE 18009 5234 V 4 2c5b8d
SCHED-TRACE 18010 5234 O 0 0
SCHED-TRACE 18011 5234 P 43 5ab5c9fbe
SCHED-TRACE 18012 5235 K 37 5a4a076c8
SCHED-TRACE 18013 5235 P 43 5accde76c
SCHED-TRACE 18014 5236 P 43 5ade5be76
SCHED-TRACE 18015 5236 I 37 2c6096
SCHED-TRACE 18016 5236 B 37 7a
SCHED-TRACE 18017 5236 P 37 5a9c70624
SCHED-TRACE 18018 5236 R 37 5a9c70624
SCHED-TRACE 18019 5237 U 4 2c6199
SCHED-TRACE 18020 5237 V 4 2c621a
SCHED-TRACE 18021 5237 O 0 0
SCHED-TRACE 18022 5237 P 37 5ab614395
SCHED-TRACE 18023 5238 K 46 5a51dbe77
SCHED-TRACE 18024 5238 P 37 5acd28b43
SCHED-TRACE 18025 5239 P 37 5adea3958
SCHED-TRACE 18026 5239 I 46 2c6723
SCHED-TRACE 18027 5239 B 46 7a
SCHED-TRACE 18028 5239 P 46 5aa444dd3
SCHED-TRACE 18029 5239 R 46 5aa444dd3
SCHED-TRACE 18030 5240 U 4 2c6826
SCHED-TRACE 18031 5240 V 4 2c68a7
SCHED-TRACE 18032 5240 O 0 0
SCHED-TRACE 18033 5240 P 46 5abde1062
SCHED-TRACE 18034 5241 K 46 5abde1062
SCHED-TRACE 18035 5241 P 46 5ad4f5810
SCHED-TRACE 18036 5242 I 46 2c6db0
SCHED-TRACE 18037 5242 B 46 7a
SCHED-TRACE 18038 5242 P 46 5b38e1062
SCHED-TRACE 18039 5242 R 46 5b38e1062
SCHED-TRACE 18040 5243 U 4 2c6eb3
SCHED-TRACE 18041 5243 V 4 2c6f34
SCHED-TRACE 18042 5243 O 0 0
SCHED-TRACE 18043 5243 P 46 5b527a9fc
SCHED-TRACE 18044 5244 K 73 5ad384dd3
SCHED-TRACE 18045 5244 P 46 5b698f1aa
SCHED-TRACE 18046 5245 P 46 5b7b09fbe
SCHED-TRACE 18047 5245 I 73 2c743d
SCHED-TRACE 18048 5245 B 73 7a
SCHED-TRACE 18049 5245 P 73 5b25f8106
SCHED-TRACE 18050 5245 R 73 5b25f8106
SCHED-TRACE 18051 5246 U 4 2c753f
SCHED-TRACE 18052 5246 V 4 2c75c0
SCHED-TRACE 18053 5246 O 0 0
SCHED-TRACE 18054 5246 P 73 5b3f75810
SCHED-TRACE 18055 5247 K 31 5ad428b43
SCHED-TRACE 18056 5247 P 73 5b5689fbe
SCHED-TRACE 18057 5248 P 73 5b68024dd
SCHED-TRACE 18058 5248 I 31 2c7ac8
SCHED-TRACE 18059 5248 B 31 7a
SCHED-TRACE 18060 5248 P 31 5b26876c8
SCHED-TRACE 18061 5248 R 31 5b26876c8
SCHED-TRACE 18062 5249 U 4 2c7bc9
SCHED-TRACE 18063 5249 V 4 2c7c4b
SCHED-TRACE 18064 5249 O 0 0
SCHED-TRACE 18065 5249 P 31 5b40024dc
SCHED-TRACE 18066 5250 K 70 5ad42b438
SCHED-TRACE 18067 5250 P 31 5b5714395
SCHED-TRACE 18068 5251 P 31 5b688f1a9
SCHED-TRACE 18069 5251 I 70 2c8153
SCHED-TRACE 18070 5251 B 70 7a
SCHED-TRACE 18071 5251 P 70 5b268c8b3
SCHED-TRACE 18072 5251 R 70 5b268c8b3
SCHED-TRACE 18073 5252 U 4 2c8255
SCHED-TRACE 18074 5252 V 4 2c82d6
SCHED-TRACE 18075 5252 O 0 0
SCHED-TRACE 18076 5252 P 70 5b400f1a9
SCHED-TRACE 18077 5253 K 76 5ad43d2f1
SCHED-TRACE 18078 5253 P 70 5b5723957
SCHED-TRACE 18079 5254 P 70 5b689be76
SCHED-TRACE 18080 5254 I 76 2c87df
SCHED-TRACE 18081 5254 B 76 7b
SCHED-TRACE 18082 5254 P 76 5b26b2f1a
SCHED-TRACE 18083 5254 R 76 5b26b2f1a
SCHED-TRACE 18084 5255 U 4 2c88e1
SCHED-TRACE 18085 5255 V 4 2c8962
SCHED-TRACE 18086 5255 O 0 0
SCHED-TRACE 18087 5255 P 76 5b402dd2e
SCHED-TRACE 18088 5256 K 67 5ad4bd2f1
SCHED-TRACE 18089 5256 P 76 5b573fbe7
SCHED-TRACE 18090 5257 P 76 5b68b8106
SCHED-TRACE 18091 5257 I 67 2c8e6a
SCHED-TRACE 18092 5257 B 67 7a
SCHED-TRACE 18093 5257 P 67 5b271e76c
SCHED-TRACE 18094 5257 R 67 5b271e76c
SCHED-TRACE 18095 5258 U 4 2c8f6c
SCHED-TRACE 18096 5258 V 4 2c8fed
SCHED-TRACE 18097 5258 O 0 0
SCHED-TRACE 18098 5258 P 67 5b40a1061
SCHED-TRACE 18099 5259 K 34 5ad61e76c
SCHED-TRACE 18100 5259 P 67 5b57b580f
SCHED-TRACE 18101 5260 P 67 5b692b438
SCHED-TRACE 18102 5260 I 34 2c94f6
SCHED-TRACE 18103 5260 B 34 7b
SCHED-TRACE 18104 5260 P 34 5b2896c8b
SCHED-TRACE 18105 5260 R 34 5b2896c8b
SCHED-TRACE 18106 5261 U 4 2c95f7
SCHED-TRACE 18107 5261 V 4 2c9679
SCHED-TRACE 18108 5261 O 0 0
SCHED-TRACE 18109 5261 P 34 5b420c8b4
SCHED-TRACE 18110 5262 K 64 5ad778105
SCHED-TRACE 18111 5262 P 34 5b5921062
SCHED-TRACE 18112 5263 P 34 5b6a99581
SCHED-TRACE 18113 5263 I 64 2c9b81
SCHED-TRACE 18114 5263 B 64 7a
SCHED-TRACE 18115 5263 P 64 5b29de76c
SCHED-TRACE 18116 5263 R 64 5b29de76c
SCHED-TRACE 18117 5264 U 4 2c9c83
SCHED-TRACE 18118 5264 V 4 2c9d04
SCHED-TRACE 18119 5264 O 0 0
SCHED-TRACE 18120 5264 P 64 5b436b439
SCHED-TRACE 18121 5265 K 55 5ad77a9fc
SCHED-TRACE 18122 5265 P 64 5b5a7fbe7
SCHED-TRACE 18123 5266 P 64 5b6bfd2f1
SCHED-TRACE 18124 5266 I 55 2ca20d
SCHED-TRACE 18125 5266 B 55 7a
SCHED-TRACE 18126 5266 P 55 5b29dbe77
SCHED-TRACE 18127 5266 R 55 5b29dbe77
SCHED-TRACE 18128 5267 U 4 2ca30f
SCHED-TRACE 18129 5267 V 4 2ca391
SCHED-TRACE 18130 5267 O 0 0
SCHED-TRACE 18131 5267 P 55 5b436dd2f
SCHED-TRACE 18132 5268 K 61 5ad77d2f2
SCHED-TRACE 18133 5268 P 55 5b5a824dd
SCHED-TRACE 18134 5269 P 55 5b6bfd2f1
SCHED-TRACE 18135 5269 I 61 2ca899
SCHED-TRACE 18136 5269 B 61 7b
SCHED-TRACE 18137 5269 P 61 5b29de76c
SCHED-TRACE 18138 5269 R 61 5b29de76c
SCHED-TRACE 18139 5270 U 4 2ca99b
SCHED-TRACE 18140 5270 V 4 2caa1d
SCHED-TRACE 18141 5270 O 0 0
SCHED-TRACE 18142 5270 P 61 5b436b439
SCHED-TRACE 18143 5271 K 58 5ad7f2f1a
SCHED-TRACE 18144 5271 P 61 5b5a7fbe7
SCHED-TRACE 18145 5272 P 61 5b6bfa9fc
SCHED-TRACE 18146 5272 I 58 2caf25
SCHED-TRACE 18147 5272 B 58 7b
SCHED-TRACE 18148 5272 P 58 5b2a56c8b
SCHED-TRACE 18149 5272 R 58 5b2a56c8b
SCHED-TRACE 18150 5273 U 4 2cb027
SCHED-TRACE 18151 5273 V 4 2cb0a9
SCHED-TRACE 18152 5273 O 0 0
SCHED-TRACE 18153 5273 P 58 5b43e624d
SCHED-TRACE 18154 5274 K 52 5ad9ba9fb
SCHED-TRACE 18155 5274 P 58 5b5afa9fb
SCHED-TRACE 18156 5275 P 58 5b6c75810
SCHED-TRACE 18157 5275 I 52 2cb5b1
SCHED-TRACE 18158 5275 B 52 7a
SCHED-TRACE 18159 5275 P 52 5b2c19580
SCHED-TRACE 18160 5275 R 52 5b2c19580
SCHED-TRACE 18161 5276 U 4 2cb6b4
SCHED-TRACE 18162 5276 V 4 2cb735
SCHED-TRACE 18163 5276 O 0 0
SCHED-TRACE 18164 5276 P 52 5b45b0624
SCHED-TRACE 18165 5277 K 49 5add3a9fc
SCHED-TRACE 18166 5277 P 52 5b5cc4dd2
SCHED-TRACE 18167 5278 P 52 5b6e424dc
SCHED-TRACE 18168 5278 I 49 2cbc3e
SCHED-TRACE 18169 5278 B 49 7a
SCHED-TRACE 18170 5278 P 49 5b2fab439
SCHED-TRACE 18171 5278 R 49 5b2fab439
SCHED-TRACE 18172 5279 U 4 2cbd41
SCHED-TRACE 18173 5279 V 4 2cbdc2
SCHED-TRACE 18174 5279 O 0 0
SCHED-TRACE 18175 5279 P 49 5b4944dd3
SCHED-TRACE 18176 5280 K 43 5ade5be76
SCHED-TRACE 18177 5280 P 49 5b6059581
SCHED-TRACE 18178 5281 P 49 5b71d4395
SCHED-TRACE 18179 5281 I 43 2cc2cb
SCHED-TRACE 18180 5281 B 43 7a
SCHED-TRACE 18181 5281 P 43 5b30cc8b4
SCHED-TRACE 18182 5281 R 43 5b30cc8b4
SCHED-TRACE 18183 5282 U 4 2cc3ce
SCHED-TRACE 18184 5282 V 4 2cc44f
SCHED-TRACE 18185 5282 O 0 0
SCHED-TRACE 18186 5282 P 43 5b4a6dd2e
SCHED-TRACE 18187 5283 K 37 5adea3958
SCHED-TRACE 18188 5283 P 43 5b61824dc
SCHED-TRACE 18189 5284 P 43 5b72ffbe7
SCHED-TRACE 18190 5284 I 37 2cc958
SCHED-TRACE 18191 5284 B 37 7a
SCHED-TRACE 18192 5284 P 37 5b3109fbe
SCHED-TRACE 18193 5284 R 37 5b3109fbe
SCHED-TRACE 18194 5285 U 4 2cca5b
SCHED-TRACE 18195 5285 V 4 2ccadc
SCHED-TRACE 18196 5285 O 0 0
SCHED-TRACE 18197 5285 P 37 5b4aadd2f
SCHED-TRACE 18198 5286 K 40 5adea624d
SCHED-TRACE 18199 5286 P 37 5b61c24dd
SCHED-TRACE 18200 5287 P 37 5b733d2f1
SCHED-TRACE 18201 5287 I 40 2ccfe5
SCHED-TRACE 18202 5287 B 40 7b
SCHED-TRACE 18203 5287 P 40 5b310f1a9
SCHED-TRACE 18204 5287 R 40 5b310f1a9
SCHED-TRACE 18205 5288 U 4 2cd0e8
SCHED-TRACE 18206 5288 V 4 2cd169
SCHED-TRACE 18207 5288 O 0 0
SCHED-TRACE 18208 5288 P 40 5b4aadd2e
SCHED-TRACE 18209 5289 K 40 5b4aadd2e
SCHED-TRACE 18210 5289 P 40 5b61c24dc
SCHED-TRACE 18211 5290 I 40 2cd672
SCHED-TRACE 18212 5290 B 40 7a
SCHED-TRACE 18213 5290 P 40 5bc5a8b43
SCHED-TRACE 18214 5290 R 40 5bc5a8b43
SCHED-TRACE 18215 5291 U 4 2cd775
SCHED-TRACE 18216 5291 V 4 2cd7f6
SCHED-TRACE 18217 5291 O 0 0
SCHED-TRACE 18218 5291 P 40 5bdf49fbd
SCHED-TRACE 18219 5292 K 73 5b68024dd
SCHED-TRACE 18220 5292 P 40 5bf65e76b
SCHED-TRACE 18221 5293 P 40 5c07d6c8a
SCHED-TRACE 18222 5293 I 73 2cdcff
SCHED-TRACE 18223 5293 B 73 7b
SCHED-TRACE 18224 5293 P 73 5bba72f1a
SCHED-TRACE 18225 5293 R 73 5bba72f1a
SCHED-TRACE 18226 5294 U 4 2cde01
SCHED-TRACE 18227 5294 V 4 2cde82
SCHED-TRACE 18228 5294 O 0 0
SCHED-TRACE 18229 5294 P 73 5bd3f0624
SCHED-TRACE 18230 5295 K 31 5b688f1a9
SCHED-TRACE 18231 5295 P 73 5beb04dd3
SCHED-TRACE 18232 5296 P 73 5bfc7d2f1
SCHED-TRACE 18233 5296 I 31 2ce38b
SCHED-TRACE 18234 5296 B 31 7b
SCHED-TRACE 18235 5296 P 31 5bbb076c8
SCHED-TRACE 18236 5296 R 31 5bbb076c8
SCHED-TRACE 18237 5297 U 4 2ce48d
SCHED-TRACE 18238 5297 V 4 2ce50e
SCHED-TRACE 18239 5297 O 0 0
SCHED-TRACE 18240 5297 P 31 5bd47fbe7
SCHED-TRACE 18241 5298 K 70 5b689be76
SCHED-TRACE 18242 5298 P 31 5beb94395
SCHED-TRACE 18243 5299 P 31 5bfd0f1a9
SCHED-TRACE 18244 5299 I 70 2cea16
SCHED-TRACE 18245 5299 B 70 7a
SCHED-TRACE 18246 5299 P 70 5bbafa9fb
SCHED-TRACE 18247 5299 R 70 5bbafa9fb
SCHED-TRACE 18248 5300 U 4 2ceb18
SCHED-TRACE 18249 5300 V 4 2ceb99
SCHED-TRACE 18250 5300 O 0 0
SCHED-TRACE 18251 5300 P 70 5bd47d2f1
SCHED-TRACE 18252 5301 K 76 5b68b8106
SCHED-TRACE 18253 5301 P 70 5beb91a9f
SCHED-TRACE 18254 5302 P 70 5bfd09fbe
SCHED-TRACE 18255 5302 I 76 2cf0a2
SCHED-TRACE 18256 5302 B 76 7a
SCHED-TRACE 18257 5302 P 76 5bbb2dd2e
SCHED-TRACE 18258 5302 R 76 5bbb2dd2e
SCHED-TRACE 18259 5303 U 4 2cf1a4
SCHED-TRACE 18260 5303 V 4 2cf225
SCHED-TRACE 18261 5303 O 0 0
SCHED-TRACE 18262 5303 P 76 5bd4a8b43
SCHED-TRACE 18263 5304 K 67 5b692b438
SCHED-TRACE 18264 5304 P 76 5bebbd2f1
SCHED-TRACE 18265 5305 P 76 5bfd35810
SCHED-TRACE 18266 5305 I 67 2cf72d
SCHED-TRACE 18267 5305 B 67 7a
SCHED-TRACE 18268 5305 P 67 5bbb8c8b3
SCHED-TRACE 18269 5305 R 67 5bbb8c8b3
SCHED-TRACE 18270 5306 U 4 2cf82f
SCHED-TRACE 18271 5306 V 4 2cf8b0
SCHED-TRACE 18272 5306 O 0 0
SCHED-TRACE 18273 5306 P 67 5bd50f1a9
SCHED-TRACE 18274 5307 K 34 5b6a99581
SCHED-TRACE 18275 5307 P 67 5bec21061
SCHED-TRACE 18276 5308 P 67 5bfd99580
SCHED-TRACE 18277 5308 I 34 2cfdb9
SCHED-TRACE 18278 5308 B 34 7a
SCHED-TRACE 18279 5308 P 34 5bbd0f1aa
SCHED-TRACE 18280 5308 R 34 5bbd0f1aa
SCHED-TRACE 18281 5309 U 4 2cfeba
SCHED-TRACE 18282 5309 V 4 2cff3c
SCHED-TRACE 18283 5309 O 0 0
SCHED-TRACE 18284 5309 P 34 5bd6876c8
SCHED-TRACE 18285 5310 K 61 5b6bfa9fc
SCHED-TRACE 18286 5310 P 34 5bed9be76
SCHED-TRACE 18287 5311 P 34 5bff14395
SCHED-TRACE 18288 5311 I 61 2d0444
SCHED-TRACE 18289 5311 B 61 7a
SCHED-TRACE 18290 5311 P 61 5bbe5e76c
SCHED-TRACE 18291 5311 R 61 5bbe5e76c
SCHED-TRACE 18292 5312 U 4 2d0546
SCHED-TRACE 18293 5312 V 4 2d05c7
SCHED-TRACE 18294 5312 O 0 0
SCHED-TRACE 18295 5312 P 61 5bd7eb439
SCHED-TRACE 18296 5313 K 64 5b6bfd2f1
SCHED-TRACE 18297 5313 P 61 5beeffbe7
SCHED-TRACE 18298 5314 P 61 5c007d2f2
SCHED-TRACE 18299 5314 I 64 2d0ad0
SCHED-TRACE 18300 5314 B 64 7a
SCHED-TRACE 18301 5314 P 64 5bbe5e76c
SCHED-TRACE 18302 5314 R 64 5bbe5e76c
SCHED-TRACE 18303 5315 U 4 2d0bd2
SCHED-TRACE 18304 5315 V 4 2d0c53
SCHED-TRACE 18305 5315 O 0 0
SCHED-TRACE 18306 5315 P 64 5bd7edd2e
SCHED-TRACE 18307 5316 K 55 5b6bfd2f1
SCHED-TRACE 18308 5316 P 64 5bef024dc
SCHED-TRACE 18309 5317 P 64 5c007fbe7
SCHED-TRACE 18310 5317 I 55 2d115c
SCHED-TRACE 18311 5317 B 55 7a
SCHED-TRACE 18312 5317 P 55 5bbe5e76c
SCHED-TRACE 18313 5317 R 55 5bbe5e76c
SCHED-TRACE 18314 5318 U 4 2d125e
SCHED-TRACE 18315 5318 V 4 2d12e0
SCHED-TRACE 18316 5318 O 0 0
SCHED-TRACE 18317 5318 P 55 5bd7f0625
SCHED-TRACE 18318 5319 K 58 5b6c75810
SCHED-TRACE 18319 5319 P 55 5bef04dd3
SCHED-TRACE 18320 5320 P 55 5c007fbe7
SCHED-TRACE 18321 5320 I 58 2d17e8
SCHED-TRACE 18322 5320 B 58 7b
SCHED-TRACE 18323 5320 P 58 5bbed6c8b
SCHED-TRACE 18324 5320 R 58 5bbed6c8b
SCHED-TRACE 18325 5321 U 4 2d18ea
SCHED-TRACE 18326 5321 V 4 2d196c
SCHED-TRACE 18327 5321 O 0 0
SCHED-TRACE 18328 5321 P 58 5bd86624d
SCHED-TRACE 18329 5322 K 52 5b6e424dc
SCHED-TRACE 18330 5322 P 58 5bef7a9fb
SCHED-TRACE 18331 5323 P 58 5c00f5810
SCHED-TRACE 18332 5323 I 52 2d1e74
SCHED-TRACE 18333 5323 B 52 7a
SCHED-TRACE 18334 5323 P 52 5bc0a1062
SCHED-TRACE 18335 5323 R 52 5bc0a1062
SCHED-TRACE 18336 5324 U 4 2d1f77
SCHED-TRACE 18337 5324 V 4 2d1ff8
SCHED-TRACE 18338 5324 O 0 0
SCHED-TRACE 18339 5324 P 52 5bda38105
SCHED-TRACE 18340 5325 K 49 5b71d4395
SCHED-TRACE 18341 5325 P 52 5bf14c8b3
SCHED-TRACE 18342 5326 P 52 5c02c9fbe
SCHED-TRACE 18343 5326 I 49 2d2501
SCHED-TRACE 18344 5326 B 49 7a
SCHED-TRACE 18345 5326 P 49 5bc444dd3
SCHED-TRACE 18346 5326 R 49 5bc444dd3
SCHED-TRACE 18347 5327 U 4 2d2604
SCHED-TRACE 18348 5327 V 4 2d2685
SCHED-TRACE 18349 5327 O 0 0
SCHED-TRACE 18350 5327 P 49 5bdde1062
SCHED-TRACE 18351 5328 K 43 5b72ffbe7
SCHED-TRACE 18352 5328 P 49 5bf4f8106
SCHED-TRACE 18353 5329 P 49 5c0675810
SCHED-TRACE 18354 5329 I 43 2d2b8e
SCHED-TRACE 18355 5329 B 43 7b
SCHED-TRACE 18356 5329 P 43 5bc56dd2e
SCHED-TRACE 18357 5329 R 43 5bc56dd2e
SCHED-TRACE 18358 5330 U 4 2d2c91
SCHED-TRACE 18359 5330 V 4 2d2d12
SCHED-TRACE 18360 5330 O 0 0
SCHED-TRACE 18361 5330 P 43 5bdf0c8b4
SCHED-TRACE 18362 5331 K 37 5b733d2f1
SCHED-TRACE 18363 5331 P 43 5bf621062
SCHED-TRACE 18364 5332 P 43 5c079e76c
SCHED-TRACE 18365 5332 I 37 2d321b
SCHED-TRACE 18366 5332 B 37 7a
SCHED-TRACE 18367 5332 P 37 5bc5a624d
SCHED-TRACE 18368 5332 R 37 5bc5a624d
SCHED-TRACE 18369 5333 U 4 2d331e
SCHED-TRACE 18370 5333 V 4 2d339f
SCHED-TRACE 18371 5333 O 0 0
SCHED-TRACE 18372 5333 P 37 5bdf49fbe
SCHED-TRACE 18373 5334 K 46 5b7b09fbe
SCHED-TRACE 18374 5334 P 37 5bf65e76c
SCHED-TRACE 18375 5335 P 37 5c07d9581
SCHED-TRACE 18376 5335 I 46 2d38a8
SCHED-TRACE 18377 5335 B 46 7b
SCHED-TRACE 18378 5335 P 46 5bcd72f1a
SCHED-TRACE 18379 5335 R 46 5bcd72f1a
SCHED-TRACE 18380 5336 U 4 2d39ab
SCHED-TRACE 18381 5336 V 4 2d3a2c
SCHED-TRACE 18382 5336 O 0 0
SCHED-TRACE 18383 5336 P 46 5be70c8b4
SCHED-TRACE 18384 5337 K 46 5be70c8b4
SCHED-TRACE 18385 5337 P 46 5bfe21062
SCHED-TRACE 18386 5338 I 46 2d3f35
SCHED-TRACE 18387 5338 B 46 7a
SCHED-TRACE 18388 5338 P 46 5c620c8b4
SCHED-TRACE 18389 5338 R 46 5c620c8b4
SCHED-TRACE 18390 5339 U 4 2d4038
SCHED-TRACE 18391 5339 V 4 2d40b9
SCHED-TRACE 18392 5339 O 0 0
SCHED-TRACE 18393 5339 P 46 5c7ba624e
SCHED-TRACE 18394 5340 K 73 5bfc7d2f1
SCHED-TRACE 18395 5340 P 46 5c92ba9fc
SCHED-TRACE 18396 5341 P 46 5ca435810
SCHED-TRACE 18397 5341 I 73 2d45c2
SCHED-TRACE 18398 5341 B 73 7a
SCHED-TRACE 18399 5341 P 73 5c4ef0624
SCHED-TRACE 18400 5341 R 73 5c4ef0624
SCHED-TRACE 18401 5342 U 4 2d46c4
SCHED-TRACE 18402 5342 V 4 2d4745
SCHED-TRACE 18403 5342 O 0 0
SCHED-TRACE 18404 5342 P 73 5c6870624
SCHED-TRACE 18405 5343 K 70 5bfd09fbe
SCHED-TRACE 18406 5343 P 73 5c7f84dd3
SCHED-TRACE 18407 5344 P 73 5c90ffbe7
SCHED-TRACE 18408 5344 I 70 2d4c4e
SCHED-TRACE 18409 5344 B 70 7a
SCHED-TRACE 18410 5344 P 70 5c4f7d2f1
SCHED-TRACE 18411 5344 R 70 5c4f7d2f1
SCHED-TRACE 18412 5345 U 4 2d4d50
SCHED-TRACE 18413 5345 V 4 2d4dd1
SCHED-TRACE 18414 5345 O 0 0
SCHED-TRACE 18415 5345 P 70 5c68fd2f1
SCHED-TRACE 18416 5346 K 31 5bfd0f1a9
SCHED-TRACE 18417 5346 P 70 5c8011a9f
SCHED-TRACE 18418 5347 P 70 5c9189fbe
SCHED-TRACE 18419 5347 I 31 2d52da
SCHED-TRACE 18420 5347 B 31 7a
SCHED-TRACE 18421 5347 P 31 5c4f84dd2
SCHED-TRACE 18422 5347 R 31 5c4f84dd2
SCHED-TRACE 18423 5348 U 4 2d53db
SCHED-TRACE 18424 5348 V 4 2d545d
SCHED-TRACE 18425 5348 O 0 0
SCHED-TRACE 18426 5348 P 31 5c68fd2f1
SCHED-TRACE 18427 5349 K 76 5bfd35810
SCHED-TRACE 18428 5349 P 31 5c8011a9f
SCHED-TRACE 18429 5350 P 31 5c9189fbe
SCHED-TRACE 18430 5350 I 76 2d5965
SCHED-TRACE 18431 5350 B 76 7a
SCHED-TRACE 18432 5350 P 76 5c4f99580
SCHED-TRACE 18433 5350 R 76 5c4f99580
SCHED-TRACE 18434 5351 U 4 2d5a67
SCHED-TRACE 18435 5351 V 4 2d5ae8
SCHED-TRACE 18436 5351 O 0 0
SCHED-TRACE 18437 5351 P 76 5c6914395
SCHED-TRACE 18438 5352 K 67 5bfd99580
SCHED-TRACE 18439 5352 P 76 5c8028b43
SCHED-TRACE 18440 5353 P 76 5c91a1062
SCHED-TRACE 18441 5353 I 67 2d5ff0
SCHED-TRACE 18442 5353 B 67 7b
SCHED-TRACE 18443 5353 P 67 5c4ffd2f1
SCHED-TRACE 18444 5353 R 67 5c4ffd2f1
SCHED-TRACE 18445 5354 U 4 2d60f2
SCHED-TRACE 18446 5354 V 4 2d6173
SCHED-TRACE 18447 5354 O 0 0
SCHED-TRACE 18448 5354 P 67 5c697d2f1
SCHED-TRACE 18449 5355 K 34 5bff14395
SCHED-TRACE 18450 5355 P 67 5c8091a9f
SCHED-TRACE 18451 5356 P 67 5c9209fbd
SCHED-TRACE 18452 5356 I 34 2d667c
SCHED-TRACE 18453 5356 B 34 7a
SCHED-TRACE 18454 5356 P 34 5c51876c8
SCHED-TRACE 18455 5356 R 34 5c51876c8
SCHED-TRACE 18456 5357 U 4 2d677d
SCHED-TRACE 18457 5357 V 4 2d67ff
SCHED-TRACE 18458 5357 O 0 0
SCHED-TRACE 18459 5357 P 34 5c6afd2f1
SCHED-TRACE 18460 5358 K 61 5c007d2f2
SCHED-TRACE 18461 5358 P 34 5c8211a9f
SCHED-TRACE 18462 5359 P 34 5c938c8b4
SCHED-TRACE 18463 5359 I 61 2d6d07
SCHED-TRACE 18464 5359 B 61 7a
SCHED-TRACE 18465 5359 P 61 5c52e1062
SCHED-TRACE 18466 5359 R 61 5c52e1062
SCHED-TRACE 18467 5360 U 4 2d6e09
SCHED-TRACE 18468 5360 V 4 2d6e8b
SCHED-TRACE 18469 5360 O 0 0
SCHED-TRACE 18470 5360 P 61 5c6c70625
SCHED-TRACE 18471 5361 K 64 5c007fbe7
SCHED-TRACE 18472 5361 P 61 5c83876c9
SCHED-TRACE 18473 5362 P 61 5c95024dd
SCHED-TRACE 18474 5362 I 64 2d7393
SCHED-TRACE 18475 5362 B 64 7a
SCHED-TRACE 18476 5362 P 64 5c52e1061
SCHED-TRACE 18477 5362 R 64 5c52e1061
SCHED-TRACE 18478 5363 U 4 2d7495
SCHED-TRACE 18479 5363 V 4 2d7517
SCHED-TRACE 18480 5363 O 0 0
SCHED-TRACE 18481 5363 P 64 5c6c6dd2e
SCHED-TRACE 18482 5364 K 55 5c007fbe7
SCHED-TRACE 18483 5364 P 64 5c83824dc
SCHED-TRACE 18484 5365 P 64 5c94ffbe7
SCHED-TRACE 18485 5365 I 55 2d7a1f
SCHED-TRACE 18486 5365 B 55 7a
SCHED-TRACE 18487 5365 P 55 5c52de76c
SCHED-TRACE 18488 5365 R 55 5c52de76c
SCHED-TRACE 18489 5366 U 4 2d7b22
SCHED-TRACE 18490 5366 V 4 2d7ba3
SCHED-TRACE 18491 5366 O 0 0
SCHED-TRACE 18492 5366 P 55 5c6c70625
SCHED-TRACE 18493 5367 K 58 5c00f5810
SCHED-TRACE 18494 5367 P 55 5c8384dd3
SCHED-TRACE 18495 5368 P 55 5c94ffbe7
SCHED-TRACE 18496 5368 I 58 2d80ab
SCHED-TRACE 18497 5368 B 58 7a
SCHED-TRACE 18498 5368 P 58 5c5354395
SCHED-TRACE 18499 5368 R 58 5c5354395
SCHED-TRACE 18500 5369 U 4 2d81ad
SCHED-TRACE 18501 5369 V 4 2d822f
SCHED-TRACE 18502 5369 O 0 0
SCHED-TRACE 18503 5369 P 58 5c6ce624d
SCHED-TRACE 18504 5370 K 52 5c02c9fbe
SCHED-TRACE 18505 5370 P 58 5c83fa9fb
SCHED-TRACE 18506 5371 P 58 5c9578106
SCHED-TRACE 18507 5371 I 52 2d8737
SCHED-TRACE 18508 5371 B 52 7a
SCHED-TRACE 18509 5371 P 52 5c5528b43
SCHED-TRACE 18510 5371 R 52 5c5528b43
SCHED-TRACE 18511 5372 U 4 2d883a
SCHED-TRACE 18512 5372 V 4 2d88bb
SCHED-TRACE 18513 5372 O 0 0
SCHED-TRACE 18514 5372 P 52 5c6ebfbe7
SCHED-TRACE 18515 5373 K 49 5c0675810
SCHED-TRACE 18516 5373 P 52 5c85d4395
SCHED-TRACE 18517 5374 P 52 5c974f1a9
SCHED-TRACE 18518 5374 I 49 2d8dc4
SCHED-TRACE 18519 5374 B 49 7a
SCHED-TRACE 18520 5374 P 49 5c58e8b43
SCHED-TRACE 18521 5374 R 49 5c58e8b43
SCHED-TRACE 18522 5375 U 4 2d8ec7
SCHED-TRACE 18523 5375 V 4 2d8f48
SCHED-TRACE 18524 5375 O 0 0
SCHED-TRACE 18525 5375 P 49 5c72824dd
SCHED-TRACE 18526 5376 K 43 5c079e76c
SCHED-TRACE 18527 5376 P 49 5c8996c8b
SCHED-TRACE 18528 5377 P 49 5c9b14395
SCHED-TRACE 18529 5377 I 43 2d9451
SCHED-TRACE 18530 5377 B 43 7a
SCHED-TRACE 18531 5377 P 43 5c5a0c8b4
SCHED-TRACE 18532 5377 R 43 5c5a0c8b4
SCHED-TRACE 18533 5378 U 4 2d9554
SCHED-TRACE 18534 5378 V 4 2d95d5
SCHED-TRACE 18535 5378 O 0 0
SCHED-TRACE 18536 5378 P 43 5c73add2e
SCHED-TRACE 18537 5379 K 40 5c07d6c8a
SCHED-TRACE 18538 5379 P 43 5c8ac24dc
SCHED-TRACE 18539 5380 P 43 5c9c3fbe7
SCHED-TRACE 18540 5380 I 40 2d9ade
SCHED-TRACE 18541 5380 B 40 7a
SCHED-TRACE 18542 5380 P 40 5c5a3fbe6
SCHED-TRACE 18543 5380 R 40 5c5a3fbe6
SCHED-TRACE 18544 5381 U 4 2d9be1
SCHED-TRACE 18545 5381 V 4 2d9c62
SCHED-TRACE 18546 5381 O 0 0
SCHED-TRACE 18547 5381 P 40 5c73e3957
SCHED-TRACE 18548 5382 K 37 5c07d9581
SCHED-TRACE 18549 5382 P 40 5c8af8105
SCHED-TRACE 18550 5383 P 40 5c9c7580f
SCHED-TRACE 18551 5383 I 37 2da16b
SCHED-TRACE 18552 5383 B 37 7a
SCHED-TRACE 18553 5383 P 37 5c5a3fbe7
SCHED-TRACE 18554 5383 R 37 5c5a3fbe7
SCHED-TRACE 18555 5384 U 4 2da26e
SCHED-TRACE 18556 5384 V 4 2da2ef
SCHED-TRACE 18557 5384 O 0 0
SCHED-TRACE 18558 5384 P 37 5c73e3958
SCHED-TRACE 18559 5385 K 37 5c73e3958
SCHED-TRACE 18560 5385 P 37 5c8af8106
SCHED-TRACE 18561 5386 I 37 2da7f8
SCHED-TRACE 18562 5386 B 37 7a
SCHED-TRACE 18563 5386 P 37 5ceedbe76
SCHED-TRACE 18564 5386 R 37 5ceedbe76
SCHED-TRACE 18565 5387 U 4 2da8fb
SCHED-TRACE 18566 5387 V 4 2da97c
SCHED-TRACE 18567 5387 O 0 0
SCHED-TRACE 18568 5387 P 37 5d087d2f1
SCHED-TRACE 18569 5388 K 73 5c90ffbe7
SCHED-TRACE 18570 5388 P 37 5d1f91a9f
SCHED-TRACE 18571 5389 P 37 5d310c8b4
SCHED-TRACE 18572 5389 I 73 2dae85
SCHED-TRACE 18573 5389 B 73 7a
SCHED-TRACE 18574 5389 P 73 5ce36b439
SCHED-TRACE 18575 5389 R 73 5ce36b439
SCHED-TRACE 18576 5390 U 4 2daf87
SCHED-TRACE 18577 5390 V 4 2db008
SCHED-TRACE 18578 5390 O 0 0
SCHED-TRACE 18579 5390 P 73 5cfceb439
SCHED-TRACE 18580 5391 K 70 5c9189fbe
SCHED-TRACE 18581 5391 P 73 5d13ffbe7
SCHED-TRACE 18582 5392 P 73 5d257a9fb
SCHED-TRACE 18583 5392 I 70 2db511
SCHED-TRACE 18584 5392 B 70 7a
SCHED-TRACE 18585 5392 P 70 5ce3fd2f1
SCHED-TRACE 18586 5392 R 70 5ce3fd2f1
SCHED-TRACE 18587 5393 U 4 2db613
SCHED-TRACE 18588 5393 V 4 2db694
SCHED-TRACE 18589 5393 O 0 0
SCHED-TRACE 18590 5393 P 70 5cfd7fbe7
SCHED-TRACE 18591 5394 K 31 5c9189fbe
SCHED-TRACE 18592 5394 P 70 5d1491a9f
SCHED-TRACE 18593 5395 P 70 5d2609fbe
SCHED-TRACE 18594 5395 I 31 2dbb9d
SCHED-TRACE 18595 5395 B 31 7a
SCHED-TRACE 18596 5395 P 31 5ce3ffbe7
SCHED-TRACE 18597 5395 R 31 5ce3ffbe7
SCHED-TRACE 18598 5396 U 4 2dbc9e
SCHED-TRACE 18599 5396 V 4 2dbd20
SCHED-TRACE 18600 5396 O 0 0
SCHED-TRACE 18601 5396 P 31 5cfd78105
SCHED-TRACE 18602 5397 K 76 5c91a1062
SCHED-TRACE 18603 5397 P 31 5d148c8b3
SCHED-TRACE 18604 5398 P 31 5d2604dd2
SCHED-TRACE 18605 5398 I 76 2dc228
SCHED-TRACE 18606 5398 B 76 7a
SCHED-TRACE 18607 5398 P 76 5ce404dd2
SCHED-TRACE 18608 5398 R 76 5ce404dd2
SCHED-TRACE 18609 5399 U 4 2dc32a
SCHED-TRACE 18610 5399 V 4 2dc3ab
SCHED-TRACE 18611 5399 O 0 0
SCHED-TRACE 18612 5399 P 76 5cfd7fbe7
SCHED-TRACE 18613 5400 K 67 5c9209fbd
SCHED-TRACE 18614 5400 P 76 5d1494395
SCHED-TRACE 18615 5401 P 76 5d260c8b4
SCHED-TRACE 18616 5401 I 67 2dc8b3
SCHED-TRACE 18617 5401 B 67 7a
SCHED-TRACE 18618 5401 P 67 5ce46b438
SCHED-TRACE 18619 5401 R 67 5ce46b438
SCHED-TRACE 18620 5402 U 4 2dc9b5
SCHED-TRACE 18621 5402 V 4 2dca36
SCHED-TRACE 18622 5402 O 0 0
SCHED-TRACE 18623 5402 P 67 5cfdedd2e
SCHED-TRACE 18624 5403 K 34 5c938c8b4
SCHED-TRACE 18625 5403 P 67 5d15024dc
SCHED-TRACE 18626 5404 P 67 5d267a9fb
SCHED-TRACE 18627 5404 I 34 2dcf3f
SCHED-TRACE 18628 5404 B 34 7a
SCHED-TRACE 18629 5404 P 34 5ce6024dd
SCHED-TRACE 18630 5404 R 34 5ce6024dd
SCHED-TRACE 18631 5405 U 4 2dd040
SCHED-TRACE 18632 5405 V 4 2dd0c2
SCHED-TRACE 18633 5405 O 0 0
SCHED-TRACE 18634 5405 P 34 5cff7a9fb
SCHED-TRACE 18635 5406 K 64 5c94ffbe7
SCHED-TRACE 18636 5406 P 34 5d168f1aa
SCHED-TRACE 18637 5407 P 34 5d2809fbe
SCHED-TRACE 18638 5407 I 64 2dd5ca
SCHED-TRACE 18639 5407 B 64 7a
SCHED-TRACE 18640 5407 P 64 5ce761061
SCHED-TRACE 18641 5407 R 64 5ce761061
SCHED-TRACE 18642 5408 U 4 2dd6cc
SCHED-TRACE 18643 5408 V 4 2dd74d
SCHED-TRACE 18644 5408 O 0 0
SCHED-TRACE 18645 5408 P 64 5d00edd2e
SCHED-TRACE 18646 5409 K 55 5c94ffbe7
SCHED-TRACE 18647 5409 P 64 5d18024dc
SCHED-TRACE 18648 5410 P 64 5d297fbe7
SCHED-TRACE 18649 5410 I 55 2ddc56
SCHED-TRACE 18650 5410 B 55 7a
SCHED-TRACE 18651 5410 P 55 5ce761062
SCHED-TRACE 18652 5410 R 55 5ce761062
SCHED-TRACE 18653 5411 U 4 2ddd58
SCHED-TRACE 18654 5411 V 4 2dddda
SCHED-TRACE 18655 5411 O 0 0
SCHED-TRACE 18656 5411 P 55 5d00f2f1a
SCHED-TRACE 18657 5412 K 61 5c95024dd
SCHED-TRACE 18658 5412 P 55 5d18076c8
SCHED-TRACE 18659 5413 P 55 5d29824dd
SCHED-TRACE 18660 5413 I 61 2de2e2
SCHED-TRACE 18661 5413 B 61 7a
SCHED-TRACE 18662 5413 P 61 5ce763958
SCHED-TRACE 18663 5413 R 61 5ce763958
SCHED-TRACE 18664 5414 U 4 2de3e4
SCHED-TRACE 18665 5414 V 4 2de466
SCHED-TRACE 18666 5414 O 0 0
SCHED-TRACE 18667 5414 P 61 5d00f2f1a
SCHED-TRACE 18668 5415 K 58 5c9578106
SCHED-TRACE 18669 5415 P 61 5d18076c9
SCHED-TRACE 18670 5416 P 61 5d2984dd3
SCHED-TRACE 18671 5416 I 58 2de96e
SCHED-TRACE 18672 5416 B 58 7a
SCHED-TRACE 18673 5416 P 58 5ce7d9581
SCHED-TRACE 18674 5416 R 58 5ce7d9581
SCHED-TRACE 18675 5417 U 4 2dea70
SCHED-TRACE 18676 5417 V 4 2deaf2
SCHED-TRACE 18677 5417 O 0 0
SCHED-TRACE 18678 5417 P 58 5d016b439
SCHED-TRACE 18679 5418 K 52 5c974f1a9
SCHED-TRACE 18680 5418 P 58 5d187fbe7
SCHED-TRACE 18681 5419 P 58 5d29fa9fb
SCHED-TRACE 18682 5419 I 52 2deffa
SCHED-TRACE 18683 5419 B 52 7b
SCHED-TRACE 18684 5419 P 52 5ce9b0624
SCHED-TRACE 18685 5419 R 52 5ce9b0624
SCHED-TRACE 18686 5420 U 4 2df0fd
SCHED-TRACE 18687 5420 V 4 2df17e
SCHED-TRACE 18688 5420 O 0 0
SCHED-TRACE 18689 5420 P 52 5d03476c8
SCHED-TRACE 18690 5421 K 49 5c9b14395
SCHED-TRACE 18691 5421 P 52 5d1a5be76
SCHED-TRACE 18692 5422 P 52 5d2bd9580
SCHED-TRACE 18693 5422 I 49 2df687
SCHED-TRACE 18694 5422 B 49 7a
SCHED-TRACE 18695 5422 P 49 5ced84dd3
SCHED-TRACE 18696 5422 R 49 5ced84dd3
SCHED-TRACE 18697 5423 U 4 2df78a
SCHED-TRACE 18698 5423 V 4 2df80b
SCHED-TRACE 18699 5423 O 0 0
SCHED-TRACE 18700 5423 P 49 5d0721062
SCHED-TRACE 18701 5424 K 43 5c9c3fbe7
SCHED-TRACE 18702 5424 P 49 5d1e35810
SCHED-TRACE 18703 5425 P 49 5d2fb5810
SCHED-TRACE 18704 5425 I 43 2dfd14
SCHED-TRACE 18705 5425 B 43 7a
SCHED-TRACE 18706 5425 P 43 5ceeab439
SCHED-TRACE 18707 5425 R 43 5ceeab439
SCHED-TRACE 18708 5426 U 4 2dfe17
SCHED-TRACE 18709 5426 V 4 2dfe98
SCHED-TRACE 18710 5426 O 0 0
SCHED-TRACE 18711 5426 P 43 5d084c8b4
SCHED-TRACE 18712 5427 K 40 5c9c7580f
SCHED-TRACE 18713 5427 P 43 5d1f61062
SCHED-TRACE 18714 5428 P 43 5d30de76c
SCHED-TRACE 18715 5428 I 40 2e03a1
SCHED-TRACE 18716 5428 B 40 7a
SCHED-TRACE 18717 5428 P 40 5ceede76b
SCHED-TRACE 18718 5428 R 40 5ceede76b
SCHED-TRACE 18719 5429 U 4 2e04a4
SCHED-TRACE 18720 5429 V 4 2e0525
SCHED-TRACE 18721 5429 O 0 0
SCHED-TRACE 18722 5429 P 40 5d087fbe6
SCHED-TRACE 18723 5430 K 46 5ca435810
SCHED-TRACE 18724 5430 P 40 5d1f94394
SCHED-TRACE 18725 5431 P 40 5d310f1a9
SCHED-TRACE 18726 5431 I 46 2e0a2e
SCHED-TRACE 18727 5431 B 46 7a
SCHED-TRACE 18728 5431 P 46 5cf6a1062
SCHED-TRACE 18729 5431 R 46 5cf6a1062
SCHED-TRACE 18730 5432 U 4 2e0b31
SCHED-TRACE 18731 5432 V 4 2e0bb2
SCHED-TRACE 18732 5432 O 0 0
SCHED-TRACE 18733 5432 P 46 5d103d2f2
SCHED-TRACE 18734 5433 K 46 5d103d2f2
SCHED-TRACE 18735 5433 P 46 5d2751aa0
SCHED-TRACE 18736 5434 I 46 2e10bb
SCHED-TRACE 18737 5434 B 46 7a
SCHED-TRACE 18738 5434 P 46 5d8b3d2f2
SCHED-TRACE 18739 5434 R 46 5d8b3d2f2
SCHED-TRACE 18740 5435 U 4 2e11be
SCHED-TRACE 18741 5435 V 4 2e123f
SCHED-TRACE 18742 5435 O 0 0
SCHED-TRACE 18743 5435 P 46 5da4d6c8b
SCHED-TRACE 18744 5436 K 73 5d257a9fb
SCHED-TRACE 18745 5436 P 46 5dbbeb439
SCHED-TRACE 18746 5437 P 46 5dcd63958
SCHED-TRACE 18747 5437 I 73 2e1748
SCHED-TRACE 18748 5437 B 73 7a
SCHED-TRACE 18749 5437 P 73 5d77f0624
SCHED-TRACE 18750 5437 R 73 5d77f0624
SCHED-TRACE 18751 5438 U 4 2e184a
SCHED-TRACE 18752 5438 V 4 2e18cb
SCHED-TRACE 18753 5438 O 0 0
SCHED-TRACE 18754 5438 P 73 5d916dd2f
SCHED-TRACE 18755 5439 K 31 5d2604dd2
SCHED-TRACE 18756 5439 P 73 5da8824dd
SCHED-TRACE 18757 5440 P 73 5db9fa9fb
SCHED-TRACE 18758 5440 I 31 2e1dd3
SCHED-TRACE 18759 5440 B 31 7a
SCHED-TRACE 18760 5440 P 31 5d7863957
SCHED-TRACE 18761 5440 R 31 5d7863957
SCHED-TRACE 18762 5441 U 4 2e1ed4
SCHED-TRACE 18763 5441 V 4 2e1f56
SCHED-TRACE 18764 5441 O 0 0
SCHED-TRACE 18765 5441 P 31 5d91dbe76
SCHED-TRACE 18766 5442 K 70 5d2609fbe
SCHED-TRACE 18767 5442 P 31 5da8f0624
SCHED-TRACE 18768 5443 P 31 5dba6b439
SCHED-TRACE 18769 5443 I 70 2e245e
SCHED-TRACE 18770 5443 B 70 7a
SCHED-TRACE 18771 5443 P 70 5d786b438
SCHED-TRACE 18772 5443 R 70 5d786b438
SCHED-TRACE 18773 5444 U 4 2e2560
SCHED-TRACE 18774 5444 V 4 2e25e1
SCHED-TRACE 18775 5444 O 0 0
SCHED-TRACE 18776 5444 P 70 5d91edd2e
SCHED-TRACE 18777 5445 K 76 5d260c8b4
SCHED-TRACE 18778 5445 P 70 5da8ffbe7
SCHED-TRACE 18779 5446 P 70 5dba7a9fb
SCHED-TRACE 18780 5446 I 76 2e2aea
SCHED-TRACE 18781 5446 B 76 7a
SCHED-TRACE 18782 5446 P 76 5d787fbe7
SCHED-TRACE 18783 5446 R 76 5d787fbe7
SCHED-TRACE 18784 5447 U 4 2e2bec
SCHED-TRACE 18785 5447 V 4 2e2c6d
SCHED-TRACE 18786 5447 O 0 0
SCHED-TRACE 18787 5447 P 76 5d91fd2f1
SCHED-TRACE 18788 5448 K 67 5d267a9fb
SCHED-TRACE 18789 5448 P 76 5da911a9f
SCHED-TRACE 18790 5449 P 76 5dba89fbe
SCHED-TRACE 18791 5449 I 67 2e3175
SCHED-TRACE 18792 5449 B 67 7a
SCHED-TRACE 18793 5449 P 67 5d78dbe76
SCHED-TRACE 18794 5449 R 67 5d78dbe76
SCHED-TRACE 18795 5450 U 4 2e3277
SCHED-TRACE 18796 5450 V 4 2e32f8
SCHED-TRACE 18797 5450 O 0 0
SCHED-TRACE 18798 5450 P 67 5d925e76c
SCHED-TRACE 18799 5451 K 34 5d2809fbe
SCHED-TRACE 18800 5451 P 67 5da972f1a
SCHED-TRACE 18801 5452 P 67 5dbae8b43
SCHED-TRACE 18802 5452 I 34 2e3801
SCHED-TRACE 18803 5452 B 34 7b
SCHED-TRACE 18804 5452 P 34 5d7a824dd
SCHED-TRACE 18805 5452 R 34 5d7a824dd
SCHED-TRACE 18806 5453 U 4 2e3902
SCHED-TRACE 18807 5453 V 4 2e3984
SCHED-TRACE 18808 5453 O 0 0
SCHED-TRACE 18809 5453 P 34 5d93f8106
SCHED-TRACE 18810 5454 K 64 5d297fbe7
SCHED-TRACE 18811 5454 P 34 5dab0c8b4
SCHED-TRACE 18812 5455 P 34 5dbc84dd3
SCHED-TRACE 18813 5455 I 64 2e3e8c
SCHED-TRACE 18814 5455 B 64 7a
SCHED-TRACE 18815 5455 P 64 5d7be624d
SCHED-TRACE 18816 5455 R 64 5d7be624d
SCHED-TRACE 18817 5456 U 4 2e3f8e
SCHED-TRACE 18818 5456 V 4 2e400f
SCHED-TRACE 18819 5456 O 0 0
SCHED-TRACE 18820 5456 P 64 5d9572f1a
SCHED-TRACE 18821 5457 K 55 5d29824dd
SCHED-TRACE 18822 5457 P 64 5dac876c8
SCHED-TRACE 18823 5458 P 64 5dbe04dd2
SCHED-TRACE 18824 5458 I 55 2e4518
SCHED-TRACE 18825 5458 B 55 7a
SCHED-TRACE 18826 5458 P 55 5d7be3958
SCHED-TRACE 18827 5458 R 55 5d7be3958
SCHED-TRACE 18828 5459 U 4 2e461a
SCHED-TRACE 18829 5459 V 4 2e469c
SCHED-TRACE 18830 5459 O 0 0
SCHED-TRACE 18831 5459 P 55 5d9575810
SCHED-TRACE 18832 5460 K 61 5d2984dd3
SCHED-TRACE 18833 5460 P 55 5dac89fbe
SCHED-TRACE 18834 5461 P 55 5dbe076c8
SCHED-TRACE 18835 5461 I 61 2e4ba4
SCHED-TRACE 18836 5461 B 61 7a
SCHED-TRACE 18837 5461 P 61 5d7be3958
SCHED-TRACE 18838 5461 R 61 5d7be3958
SCHED-TRACE 18839 5462 U 4 2e4ca6
SCHED-TRACE 18840 5462 V 4 2e4d28
SCHED-TRACE 18841 5462 O 0 0
SCHED-TRACE 18842 5462 P 61 5d9572f1a
SCHED-TRACE 18843 5463 K 58 5d29fa9fb
SCHED-TRACE 18844 5463 P 61 5dac89fbe
SCHED-TRACE 18845 5464 P 61 5dbe04dd3
SCHED-TRACE 18846 5464 I 58 2e5230
SCHED-TRACE 18847 5464 B 58 7b
SCHED-TRACE 18848 5464 P 58 5d7c5e76c
SCHED-TRACE 18849 5464 R 58 5d7c5e76c
SCHED-TRACE 18850 5465 U 4 2e5332
SCHED-TRACE 18851 5465 V 4 2e53b4
SCHED-TRACE 18852 5465 O 0 0
SCHED-TRACE 18853 5465 P 58 5d95edd2f
SCHED-TRACE 18854 5466 K 52 5d2bd9580
SCHED-TRACE 18855 5466 P 58 5dad024dd
SCHED-TRACE 18856 5467 P 58 5dbe7d2f1
SCHED-TRACE 18857 5467 I 52 2e58bc
SCHED-TRACE 18858 5467 B 52 7b
SCHED-TRACE 18859 5467 P 52 5d7e3a9fb
SCHED-TRACE 18860 5467 R 52 5d7e3a9fb
SCHED-TRACE 18861 5468 U 4 2e59bf
SCHED-TRACE 18862 5468 V 4 2e5a40
SCHED-TRACE 18863 5468 O 0 0
SCHED-TRACE 18864 5468 P 52 5d97d1a9f
SCHED-TRACE 18865 5469 K 49 5d2fb5810
SCHED-TRACE 18866 5469 P 52 5daee624d
SCHED-TRACE 18867 5470 P 52 5dc063957
SCHED-TRACE 18868 5470 I 49 2e5f49
SCHED-TRACE 18869 5470 B 49 7a
SCHED-TRACE 18870 5470 P 49 5d822624d
SCHED-TRACE 18871 5470 R 49 5d822624d
SCHED-TRACE 18872 5471 U 4 2e604c
SCHED-TRACE 18873 5471 V 4 2e60cd
SCHED-TRACE 18874 5471 O 0 0
SCHED-TRACE 18875 5471 P 49 5d9bbfbe7
SCHED-TRACE 18876 5472 K 43 5d30de76c
SCHED-TRACE 18877 5472 P 49 5db2d4395
SCHED-TRACE 18878 5473 P 49 5dc44f1aa
SCHED-TRACE 18879 5473 I 43 2e65d6
SCHED-TRACE 18880 5473 B 43 7b
SCHED-TRACE 18881 5473 P 43 5d8351a9f
SCHED-TRACE 18882 5473 R 43 5d8351a9f
SCHED-TRACE 18883 5474 U 4 2e66d9
SCHED-TRACE 18884 5474 V 4 2e675a
SCHED-TRACE 18885 5474 O 0 0
SCHED-TRACE 18886 5474 P 43 5d9cf2f1a
SCHED-TRACE 18887 5475 K 37 5d310c8b4
SCHED-TRACE 18888 5475 P 43 5db4076c8
SCHED-TRACE 18889 5476 P 43 5dc584dd2
SCHED-TRACE 18890 5476 I 37 2e6c63
SCHED-TRACE 18891 5476 B 37 7a
SCHED-TRACE 18892 5476 P 37 5d8372f1a
SCHED-TRACE 18893 5476 R 37 5d8372f1a
SCHED-TRACE 18894 5477 U 4 2e6d66
SCHED-TRACE 18895 5477 V 4 2e6de7
SCHED-TRACE 18896 5477 O 0 0
SCHED-TRACE 18897 5477 P 37 5d9d16c8b
SCHED-TRACE 18898 5478 K 40 5d310f1a9
SCHED-TRACE 18899 5478 P 37 5db42b439
SCHED-TRACE 18900 5479 P 37 5dc5a624d
SCHED-TRACE 18901 5479 I 40 2e72f0
SCHED-TRACE 18902 5479 B 40 7b
SCHED-TRACE 18903 5479 P 40 5d8378105
SCHED-TRACE 18904 5479 R 40 5d8378105
SCHED-TRACE 18905 5480 U 4 2e73f3
SCHED-TRACE 18906 5480 V 4 2e7474
SCHED-TRACE 18907 5480 O 0 0
SCHED-TRACE 18908 5480 P 40 5d9d16c8a
SCHED-TRACE 18909 5481 K 40 5d9d16c8a
SCHED-TRACE 18910 5481 P 40 5db42b438
SCHED-TRACE 18911 5482 I 40 2e797d
SCHED-TRACE 18912 5482 B 40 7a
SCHED-TRACE 18913 5482 P 40 5e1811a9f
SCHED-TRACE 18914 5482 R 40 5e1811a9f
SCHED-TRACE 18915 5483 U 4 2e7a80
SCHED-TRACE 18916 5483 V 4 2e7b01
SCHED-TRACE 18917 5483 O 0 0
SCHED-TRACE 18918 5483 P 40 5e31b2f1a
SCHED-TRACE 18919 5484 K 73 5db9fa9fb
SCHED-TRACE 18920 5484 P 40 5e48c76c8
SCHED-TRACE 18921 5485 P 40 5e5a3fbe6
SCHED-TRACE 18922 5485 I 73 2e800a
SCHED-TRACE 18923 5485 B 73 7b
SCHED-TRACE 18924 5485 P 73 5e0c6b439
SCHED-TRACE 18925 5485 R 73 5e0c6b439
SCHED-TRACE 18926 5486 U 4 2e810c
SCHED-TRACE 18927 5486 V 4 2e818d
SCHED-TRACE 18928 5486 O 0 0
SCHED-TRACE 18929 5486 P 73 5e25e8b43
SCHED-TRACE 18930 5487 K 31 5dba6b439
SCHED-TRACE 18931 5487 P 73 5e3cfa9fb
SCHED-TRACE 18932 5488 P 73 5e4e75810
SCHED-TRACE 18933 5488 I 31 2e8696
SCHED-TRACE 18934 5488 B 31 7a
SCHED-TRACE 18935 5488 P 31 5e0ce1062
SCHED-TRACE 18936 5488 R 31 5e0ce1062
SCHED-TRACE 18937 5489 U 4 2e8798
SCHED-TRACE 18938 5489 V 4 2e8819
SCHED-TRACE 18939 5489 O 0 0
SCHED-TRACE 18940 5489 P 31 5e265be76
SCHED-TRACE 18941 5490 K 70 5dba7a9fb
SCHED-TRACE 18942 5490 P 31 5e3d70624
SCHED-TRACE 18943 5491 P 31 5e4eeb439
SCHED-TRACE 18944 5491 I 70 2e8d21
SCHED-TRACE 18945 5491 B 70 7a
SCHED-TRACE 18946 5491 P 70 5e0cd9580
SCHED-TRACE 18947 5491 R 70 5e0cd9580
SCHED-TRACE 18948 5492 U 4 2e8e23
SCHED-TRACE 18949 5492 V 4 2e8ea4
SCHED-TRACE 18950 5492 O 0 0
SCHED-TRACE 18951 5492 P 70 5e2659580
SCHED-TRACE 18952 5493 K 76 5dba89fbe
SCHED-TRACE 18953 5493 P 70 5e3d6dd2e
SCHED-TRACE 18954 5494 P 70 5e4ee624d
SCHED-TRACE 18955 5494 I 76 2e93ad
SCHED-TRACE 18956 5494 B 76 7a
SCHED-TRACE 18957 5494 P 76 5e0cffbe7
SCHED-TRACE 18958 5494 R 76 5e0cffbe7
SCHED-TRACE 18959 5495 U 4 2e94af
SCHED-TRACE 18960 5495 V 4 2e9530
SCHED-TRACE 18961 5495 O 0 0
SCHED-TRACE 18962 5495 P 76 5e267a9fb
SCHED-TRACE 18963 5496 K 67 5dbae8b43
SCHED-TRACE 18964 5496 P 76 5e3d8f1a9
SCHED-TRACE 18965 5497 P 76 5e4f076c8
SCHED-TRACE 18966 5497 I 67 2e9a38
SCHED-TRACE 18967 5497 B 67 7a
SCHED-TRACE 18968 5497 P 67 5e0d49fbd
SCHED-TRACE 18969 5497 R 67 5e0d49fbd
SCHED-TRACE 18970 5498 U 4 2e9b3a
SCHED-TRACE 18971 5498 V 4 2e9bbb
SCHED-TRACE 18972 5498 O 0 0
SCHED-TRACE 18973 5498 P 67 5e26cc8b3
SCHED-TRACE 18974 5499 K 34 5dbc84dd3
SCHED-TRACE 18975 5499 P 67 5e3dde76c
SCHED-TRACE 18976 5500 P 67 5e4f56c8a
SCHED-TRACE 18977 5500 I 34 2ea0c4
SCHED-TRACE 18978 5500 B 34 7a
SCHED-TRACE 18979 5500 P 34 5e0efa9fb
SCHED-TRACE 18980 5500 R 34 5e0efa9fb
SCHED-TRACE 18981 5501 U 4 2ea1c5
SCHED-TRACE 18982 5501 V 4 2ea247
SCHED-TRACE 18983 5501 O 0 0
SCHED-TRACE 18984 5501 P 34 5e2870624
SCHED-TRACE 18985 5502 K 64 5dbe04dd2
SCHED-TRACE 18986 5502 P 34 5e3f84dd3
SCHED-TRACE 18987 5503 P 34 5e50fd2f1
SCHED-TRACE 18988 5503 I 64 2ea74f
SCHED-TRACE 18989 5503 B 64 7a
SCHED-TRACE 18990 5503 P 64 5e106b439
SCHED-TRACE 18991 5503 R 64 5e106b439
SCHED-TRACE 18992 5504 U 4 2ea851
SCHED-TRACE 18993 5504 V 4 2ea8d2
SCHED-TRACE 18994 5504 O 0 0
SCHED-TRACE 18995 5504 P 64 5e29f5810
SCHED-TRACE 18996 5505 K 61 5dbe04dd3
SCHED-TRACE 18997 5505 P 64 5e4109fbe
SCHED-TRACE 18998 5506 P 64 5e5284dd2
SCHED-TRACE 18999 5506 I 61 2eaddb
SCHED-TRACE 19000 5506 B 61 7a
SCHED-TRACE 19001 5506 P 61 5e106b439
SCHED-TRACE 19002 5506 R 61 5e106b439
SCHED-TRACE 19003 5507 U 4 2eaedd
SCHED-TRACE 19004 5507 V 4 2eaf5f
SCHED-TRACE 19005 5507 O 0 0
SCHED-TRACE 19006 5507 P 61 5e29fa9fc
SCHED-TRACE 19007 5508 K 55 5dbe076c8
SCHED-TRACE 19008 5508 P 61 5e410f1aa
SCHED-TRACE 19009 5509 P 61 5e528c8b4
SCHED-TRACE 19010 5509 I 55 2eb467
SCHED-TRACE 19011 5509 B 55 7a
SCHED-TRACE 19012 5509 P 55 5e106624e
SCHED-TRACE 19013 5509 R 55 5e106624e
SCHED-TRACE 19014 5510 U 4 2eb56a
SCHED-TRACE 19015 5510 V 4 2eb5eb
SCHED-TRACE 19016 5510 O 0 0
SCHED-TRACE 19017 5510 P 55 5e29f8106
SCHED-TRACE 19018 5511 K 58 5dbe7d2f1
SCHED-TRACE 19019 5511 P 55 5e410c8b4
SCHED-TRACE 19020 5512 P 55 5e52876c8
SCHED-TRACE 19021 5512 I 58 2ebaf3
SCHED-TRACE 19022 5512 B 58 7a
SCHED-TRACE 19023 5512 P 58 5e10dbe76
SCHED-TRACE 19024 5512 R 58 5e10dbe76
SCHED-TRACE 19025 5513 U 4 2ebbf5
SCHED-TRACE 19026 5513 V 4 2ebc77
SCHED-TRACE 19027 5513 O 0 0
SCHED-TRACE 19028 5513 P 58 5e2a6dd2f
SCHED-TRACE 19029 5514 K 52 5dc063957
SCHED-TRACE 19030 5514 P 58 5e41824dd
SCHED-TRACE 19031 5515 P 58 5e52ffbe7
SCHED-TRACE 19032 5515 I 52 2ec17f
SCHED-TRACE 19033 5515 B 52 7a
SCHED-TRACE 19034 5515 P 52 5e12c24dc
SCHED-TRACE 19035 5515 R 52 5e12c24dc
SCHED-TRACE 19036 5516 U 4 2ec282
SCHED-TRACE 19037 5516 V 4 2ec303
SCHED-TRACE 19038 5516 O 0 0
SCHED-TRACE 19039 5516 P 52 5e2c59580
SCHED-TRACE 19040 5517 K 49 5dc44f1aa
SCHED-TRACE 19041 5517 P 52 5e436dd2e
SCHED-TRACE 19042 5518 P 52 5e54e8b43
SCHED-TRACE 19043 5518 I 49 2ec80c
SCHED-TRACE 19044 5518 B 49 7a
SCHED-TRACE 19045 5518 P 49 5e16c24dd
SCHED-TRACE 19046 5518 R 49 5e16c24dd
SCHED-TRACE 19047 5519 U 4 2ec90f
SCHED-TRACE 19048 5519 V 4 2ec990
SCHED-TRACE 19049 5519 O 0 0
SCHED-TRACE 19050 5519 P 49 5e305e76c
SCHED-TRACE 19051 5520 K 43 5dc584dd2
SCHED-TRACE 19052 5520 P 49 5e4772f1a
SCHED-TRACE 19053 5521 P 49 5e58f0625
SCHED-TRACE 19054 5521 I 43 2ece99
SCHED-TRACE 19055 5521 B 43 7a
SCHED-TRACE 19056 5521 P 43 5e17f0624
SCHED-TRACE 19057 5521 R 43 5e17f0624
SCHED-TRACE 19058 5522 U 4 2ecf9c
SCHED-TRACE 19059 5522 V 4 2ed01d
SCHED-TRACE 19060 5522 O 0 0
SCHED-TRACE 19061 5522 P 43 5e3191a9f
SCHED-TRACE 19062 5523 K 37 5dc5a624d
SCHED-TRACE 19063 5523 P 43 5e48a624d
SCHED-TRACE 19064 5524 P 43 5e5a23957
SCHED-TRACE 19065 5524 I 37 2ed526
SCHED-TRACE 19066 5524 B 37 7a
SCHED-TRACE 19067 5524 P 37 5e180f1a9
SCHED-TRACE 19068 5524 R 37 5e180f1a9
SCHED-TRACE 19069 5525 U 4 2ed629
SCHED-TRACE 19070 5525 V 4 2ed6aa
SCHED-TRACE 19071 5525 O 0 0
SCHED-TRACE 19072 5525 P 37 5e31b2f1a
SCHED-TRACE 19073 5526 K 46 5dcd63958
SCHED-TRACE 19074 5526 P 37 5e48c76c8
SCHED-TRACE 19075 5527 P 37 5e5a424dd
SCHED-TRACE 19076 5527 I 46 2edbb3
SCHED-TRACE 19077 5527 B 46 7a
SCHED-TRACE 19078 5527 P 46 5e1fcc8b4
SCHED-TRACE 19079 5527 R 46 5e1fcc8b4
SCHED-TRACE 19080 5528 U 4 2edcb6
SCHED-TRACE 19081 5528 V 4 2edd37
SCHED-TRACE 19082 5528 O 0 0
SCHED-TRACE 19083 5528 P 46 5e3968b43
SCHED-TRACE 19084 5529 K 46 5e3968b43
SCHED-TRACE 19085 5529 P 46 5e507d2f2
SCHED-TRACE 19086 5530 I 46 2ee240
SCHED-TRACE 19087 5530 B 46 7a
SCHED-TRACE 19088 5530 P 46 5eb468b43
SCHED-TRACE 19089 5530 R 46 5eb468b43
SCHED-TRACE 19090 5531 U 4 2ee343
SCHED-TRACE 19091 5531 V 4 2ee3c4
SCHED-TRACE 19092 5531 O 0 0
SCHED-TRACE 19093 5531 P 46 5ece024dd
SCHED-TRACE 19094 5532 K 73 5e4e75810
SCHED-TRACE 19095 5532 P 46 5ee516c8b
SCHED-TRACE 19096 5533 P 46 5ef68f1aa
SCHED-TRACE 19097 5533 I 73 2ee8cd
SCHED-TRACE 19098 5533 B 73 7a
SCHED-TRACE 19099 5533 P 73 5ea0e8b43
SCHED-TRACE 19100 5533 R 73 5ea0e8b43
SCHED-TRACE 19101 5534 U 4 2ee9cf
SCHED-TRACE 19102 5534 V 4 2eea50
SCHED-TRACE 19103 5534 O 0 0
SCHED-TRACE 19104 5534 P 73 5eba68b43
SCHED-TRACE 19105 5535 K 70 5e4ee624d
SCHED-TRACE 19106 5535 P 73 5ed17d2f1
SCHED-TRACE 19107 5536 P 73 5ee2f5810
SCHED-TRACE 19108 5536 I 70 2eef59
SCHED-TRACE 19109 5536 B 70 7b
SCHED-TRACE 19110 5536 P 70 5ea15e76c
SCHED-TRACE 19111 5536 R 70 5ea15e76c
SCHED-TRACE 19112 5537 U 4 2ef05b
SCHED-TRACE 19113 5537 V 4 2ef0dc
SCHED-TRACE 19114 5537 O 0 0
SCHED-TRACE 19115 5537 P 70 5ebade76c
SCHED-TRACE 19116 5538 K 31 5e4eeb439
SCHED-TRACE 19117 5538 P 70 5ed1f2f1a
SCHED-TRACE 19118 5539 P 70 5ee36b438
SCHED-TRACE 19119 5539 I 31 2ef5e5
SCHED-TRACE 19120 5539 B 31 7b
SCHED-TRACE 19121 5539 P 31 5ea161062
SCHED-TRACE 19122 5539 R 31 5ea161062
SCHED-TRACE 19123 5540 U 4 2ef6e7
SCHED-TRACE 19124 5540 V 4 2ef768
SCHED-TRACE 19125 5540 O 0 0
SCHED-TRACE 19126 5540 P 31 5ebad9580
SCHED-TRACE 19127 5541 K 76 5e4f076c8
SCHED-TRACE 19128 5541 P 31 5ed1eb439
SCHED-TRACE 19129 5542 P 31 5ee36624d
SCHED-TRACE 19130 5542 I 76 2efc70
SCHED-TRACE 19131 5542 B 76 7a
SCHED-TRACE 19132 5542 P 76 5ea168b43
SCHED-TRACE 19133 5542 R 76 5ea168b43
SCHED-TRACE 19134 5543 U 4 2efd72
SCHED-TRACE 19135 5543 V 4 2efdf3
SCHED-TRACE 19136 5543 O 0 0
SCHED-TRACE 19137 5543 P 76 5ebae624d
SCHED-TRACE 19138 5544 K 67 5e4f56c8a
SCHED-TRACE 19139 5544 P 76 5ed1fa9fb
SCHED-TRACE 19140 5545 P 76 5ee372f1a
SCHED-TRACE 19141 5545 I 67 2f02fb
SCHED-TRACE 19142 5545 B 67 7a
SCHED-TRACE 19143 5545 P 67 5ea1b8105
SCHED-TRACE 19144 5545 R 67 5ea1b8105
SCHED-TRACE 19145 5546 U 4 2f03fd
SCHED-TRACE 19146 5546 V 4 2f047e
SCHED-TRACE 19147 5546 O 0 0
SCHED-TRACE 19148 5546 P 67 5ebb3a9fb
SCHED-TRACE 19149 5547 K 34 5e50fd2f1
SCHED-TRACE 19150 5547 P 67 5ed24f1a9
SCHED-TRACE 19151 5548 P 67 5ee3c4dd2
SCHED-TRACE 19152 5548 I 34 2f0987
SCHED-TRACE 19153 5548 B 34 7b
SCHED-TRACE 19154 5548 P 34 5ea375810
SCHED-TRACE 19155 5548 R 34 5ea375810
SCHED-TRACE 19156 5549 U 4 2f0a88
SCHED-TRACE 19157 5549 V 4 2f0b0a
SCHED-TRACE 19158 5549 O 0 0
SCHED-TRACE 19159 5549 P 34 5ebce8b43
SCHED-TRACE 19160 5550 K 64 5e5284dd2
SCHED-TRACE 19161 5550 P 34 5ed3fd2f1
SCHED-TRACE 19162 5551 P 34 5ee575810
SCHED-TRACE 19163 5551 I 64 2f1012
SCHED-TRACE 19164 5551 B 64 7a
SCHED-TRACE 19165 5551 P 64 5ea4eb439
SCHED-TRACE 19166 5551 R 64 5ea4eb439
SCHED-TRACE 19167 5552 U 4 2f1114
SCHED-TRACE 19168 5552 V 4 2f1195
SCHED-TRACE 19169 5552 O 0 0
SCHED-TRACE 19170 5552 P 64 5ebe78105
SCHED-TRACE 19171 5553 K 55 5e52876c8
SCHED-TRACE 19172 5553 P 64 5ed58c8b3
SCHED-TRACE 19173 5554 P 64 5ee709fbe
SCHED-TRACE 19174 5554 I 55 2f169e
SCHED-TRACE 19175 5554 B 55 7a
SCHED-TRACE 19176 5554 P 55 5ea4e8b43
SCHED-TRACE 19177 5554 R 55 5ea4e8b43
SCHED-TRACE 19178 5555 U 4 2f17a0
SCHED-TRACE 19179 5555 V 4 2f1822
SCHED-TRACE 19180 5555 O 0 0
SCHED-TRACE 19181 5555 P 55 5ebe7a9fc
SCHED-TRACE 19182 5556 K 61 5e528c8b4
SCHED-TRACE 19183 5556 P 55 5ed58f1aa
SCHED-TRACE 19184 5557 P 55 5ee709fbe
SCHED-TRACE 19185 5557 I 61 2f1d2a
SCHED-TRACE 19186 5557 B 61 7a
SCHED-TRACE 19187 5557 P 61 5ea4edd2f
SCHED-TRACE 19188 5557 R 61 5ea4edd2f
SCHED-TRACE 19189 5558 U 4 2f1e2c
SCHED-TRACE 19190 5558 V 4 2f1eae
SCHED-TRACE 19191 5558 O 0 0
SCHED-TRACE 19192 5558 P 61 5ebe7d2f2
SCHED-TRACE 19193 5559 K 58 5e52ffbe7
SCHED-TRACE 19194 5559 P 61 5ed591aa0
SCHED-TRACE 19195 5560 P 61 5ee70f1aa
SCHED-TRACE 19196 5560 I 58 2f23b6
SCHED-TRACE 19197 5560 B 58 7a
SCHED-TRACE 19198 5560 P 58 5ea561062
SCHED-TRACE 19199 5560 R 58 5ea561062
SCHED-TRACE 19200 5561 U 4 2f24b8
SCHED-TRACE 19201 5561 V 4 2f253a
SCHED-TRACE 19202 5561 O 0 0
SCHED-TRACE 19203 5561 P 58 5ebef2f1a
SCHED-TRACE 19204 5562 K 52 5e54e8b43
SCHED-TRACE 19205 5562 P 58 5ed6076c8
SCHED-TRACE 19206 5563 P 58 5ee7824dd
SCHED-TRACE 19207 5563 I 52 2f2a42
SCHED-TRACE 19208 5563 B 52 7b
SCHED-TRACE 19209 5563 P 52 5ea749fbe
SCHED-TRACE 19210 5563 R 52 5ea749fbe
SCHED-TRACE 19211 5564 U 4 2f2b45
SCHED-TRACE 19212 5564 V 4 2f2bc6
SCHED-TRACE 19213 5564 O 0 0
SCHED-TRACE 19214 5564 P 52 5ec0e1062
SCHED-TRACE 19215 5565 K 49 5e58f0625
SCHED-TRACE 19216 5565 P 52 5ed7f5810
SCHED-TRACE 19217 5566 P 52 5ee972f1a
SCHED-TRACE 19218 5566 I 49 2f30cf
SCHED-TRACE 19219 5566 B 49 7a
SCHED-TRACE 19220 5566 P 49 5eab61062
SCHED-TRACE 19221 5566 R 49 5eab61062
SCHED-TRACE 19222 5567 U 4 2f31d2
SCHED-TRACE 19223 5567 V 4 2f3253
SCHED-TRACE 19224 5567 O 0 0
SCHED-TRACE 19225 5567 P 49 5ec4fa9fc
SCHED-TRACE 19226 5568 K 43 5e5a23957
SCHED-TRACE 19227 5568 P 49 5edc0f1aa
SCHED-TRACE 19228 5569 P 49 5eed89fbe
SCHED-TRACE 19229 5569 I 43 2f375c
SCHED-TRACE 19230 5569 B 43 7b
SCHED-TRACE 19231 5569 P 43 5eac96c8b
SCHED-TRACE 19232 5569 R 43 5eac96c8b
SCHED-TRACE 19233 5570 U 4 2f385f
SCHED-TRACE 19234 5570 V 4 2f38e0
SCHED-TRACE 19235 5570 O 0 0
SCHED-TRACE 19236 5570 P 43 5ec635810
SCHED-TRACE 19237 5571 K 40 5e5a3fbe6
SCHED-TRACE 19238 5571 P 43 5edd49fbe
SCHED-TRACE 19239 5572 P 43 5eeec76c8
SCHED-TRACE 19240 5572 I 40 2f3de9
SCHED-TRACE 19241 5572 B 40 7a
SCHED-TRACE 19242 5572 P 40 5eaca8b43
SCHED-TRACE 19243 5572 R 40 5eaca8b43
SCHED-TRACE 19244 5573 U 4 2f3eec
SCHED-TRACE 19245 5573 V 4 2f3f6d
SCHED-TRACE 19246 5573 O 0 0
SCHED-TRACE 19247 5573 P 40 5ec64c8b3
SCHED-TRACE 19248 5574 K 37 5e5a424dd
SCHED-TRACE 19249 5574 P 40 5edd61061
SCHED-TRACE 19250 5575 P 40 5eeede76b
SCHED-TRACE 19251 5575 I 37 2f4476
SCHED-TRACE 19252 5575 B 37 7a
SCHED-TRACE 19253 5575 P 37 5eaca8b43
SCHED-TRACE 19254 5575 R 37 5eaca8b43
SCHED-TRACE 19255 5576 U 4 2f4579
SCHED-TRACE 19256 5576 V 4 2f45fa
SCHED-TRACE 19257 5576 O 0 0
SCHED-TRACE 19258 5576 P 37 5ec64c8b4
SCHED-TRACE 19259 5577 K 37 5ec64c8b4
SCHED-TRACE 19260 5577 P 37 5edd61062
SCHED-TRACE 19261 5578 I 37 2f4b03
SCHED-TRACE 19262 5578 B 37 7a
SCHED-TRACE 19263 5578 P 37 5f4144dd2
SCHED-TRACE 19264 5578 R 37 5f4144dd2
SCHED-TRACE 19265 5579 U 4 2f4c06
SCHED-TRACE 19266 5579 V 4 2f4c87
SCHED-TRACE 19267 5579 O 0 0
SCHED-TRACE 19268 5579 P 37 5f5ae8b43
SCHED-TRACE 19269 5580 K 73 5ee2f5810
SCHED-TRACE 19270 5580 P 37 5f71fd2f1
SCHED-TRACE 19271 5581 P 37 5f8375810
SCHED-TRACE 19272 5581 I 73 2f5190
SCHED-TRACE 19273 5581 B 73 7b
SCHED-TRACE 19274 5581 P 73 5f3563958
SCHED-TRACE 19275 5581 R 73 5f3563958
SCHED-TRACE 19276 5582 U 4 2f5292
SCHED-TRACE 19277 5582 V 4 2f5313
SCHED-TRACE 19278 5582 O 0 0
SCHED-TRACE 19279 5582 P 73 5f4ee1062
SCHED-TRACE 19280 5583 K 31 5ee36624d
SCHED-TRACE 19281 5583 P 73 5f65f2f1a
SCHED-TRACE 19282 5584 P 73 5f776dd2f
SCHED-TRACE 19283 5584 I 31 2f581c
SCHED-TRACE 19284 5584 B 31 7a
SCHED-TRACE 19285 5584 P 31 5f35dbe76
SCHED-TRACE 19286 5584 R 31 5f35dbe76
SCHED-TRACE 19287 5585 U 4 2f591e
SCHED-TRACE 19288 5585 V 4 2f599f
SCHED-TRACE 19289 5585 O 0 0
SCHED-TRACE 19290 5585 P 31 5f4f56c8b
SCHED-TRACE 19291 5586 K 70 5ee36b438
SCHED-TRACE 19292 5586 P 31 5f666b439
SCHED-TRACE 19293 5587 P 31 5f77e624d
SCHED-TRACE 19294 5587 I 70 2f5ea7
SCHED-TRACE 19295 5587 B 70 7a
SCHED-TRACE 19296 5587 P 70 5f35c9fbe
SCHED-TRACE 19297 5587 R 70 5f35c9fbe
SCHED-TRACE 19298 5588 U 4 2f5fa9
SCHED-TRACE 19299 5588 V 4 2f602a
SCHED-TRACE 19300 5588 O 0 0
SCHED-TRACE 19301 5588 P 70 5f4f49fbe
SCHED-TRACE 19302 5589 K 76 5ee372f1a
SCHED-TRACE 19303 5589 P 70 5f665e76c
SCHED-TRACE 19304 5590 P 70 5f77d6c8a
SCHED-TRACE 19305 5590 I 76 2f6533
SCHED-TRACE 19306 5590 B 76 7a
SCHED-TRACE 19307 5590 P 76 5f35e8b43
SCHED-TRACE 19308 5590 R 76 5f35e8b43
SCHED-TRACE 19309 5591 U 4 2f6635
SCHED-TRACE 19310 5591 V 4 2f66b6
SCHED-TRACE 19311 5591 O 0 0
SCHED-TRACE 19312 5591 P 76 5f4f63957
SCHED-TRACE 19313 5592 K 67 5ee3c4dd2
SCHED-TRACE 19314 5592 P 76 5f6678106
SCHED-TRACE 19315 5593 P 76 5f77f0624
SCHED-TRACE 19316 5593 I 67 2f6bbe
SCHED-TRACE 19317 5593 B 67 7a
SCHED-TRACE 19318 5593 P 67 5f362624d
SCHED-TRACE 19319 5593 R 67 5f362624d
SCHED-TRACE 19320 5594 U 4 2f6cc0
SCHED-TRACE 19321 5594 V 4 2f6d41
SCHED-TRACE 19322 5594 O 0 0
SCHED-TRACE 19323 5594 P 67 5f4fa8b43
SCHED-TRACE 19324 5595 K 34 5ee575810
SCHED-TRACE 19325 5595 P 67 5f66ba9fb
SCHED-TRACE 19326 5596 P 67 5f7832f1a
SCHED-TRACE 19327 5596 I 34 2f724a
SCHED-TRACE 19328 5596 B 34 7a
SCHED-TRACE 19329 5596 P 34 5f37eb439
SCHED-TRACE 19330 5596 R 34 5f37eb439
SCHED-TRACE 19331 5597 U 4 2f734b
SCHED-TRACE 19332 5597 V 4 2f73cd
SCHED-TRACE 19333 5597 O 0 0
SCHED-TRACE 19334 5597 P 34 5f5163958
SCHED-TRACE 19335 5598 K 64 5ee709fbe
SCHED-TRACE 19336 5598 P 34 5f6878106
SCHED-TRACE 19337 5599 P 34 5f79f2f1a
SCHED-TRACE 19338 5599 I 64 2f78d5
SCHED-TRACE 19339 5599 B 64 7a
SCHED-TRACE 19340 5599 P 64 5f396b439
SCHED-TRACE 19341 5599 R 64 5f396b439
SCHED-TRACE 19342 5600 U 4 2f79d7
SCHED-TRACE 19343 5600 V 4 2f7a58
SCHED-TRACE 19344 5600 O 0 0
SCHED-TRACE 19345 5600 P 64 5f52f8105
SCHED-TRACE 19346 5601 K 55 5ee709fbe
SCHED-TRACE 19347 5601 P 64 5f6a0c8b3
SCHED-TRACE 19348 5602 P 64 5f7b89fbe
SCHED-TRACE 19349 5602 I 55 2f7f61
SCHED-TRACE 19350 5602 B 55 7a
SCHED-TRACE 19351 5602 P 55 5f396b439
SCHED-TRACE 19352 5602 R 55 5f396b439
SCHED-TRACE 19353 5603 U 4 2f8063
SCHED-TRACE 19354 5603 V 4 2f80e5
SCHED-TRACE 19355 5603 O 0 0
SCHED-TRACE 19356 5603 P 55 5f52fd2f1
SCHED-TRACE 19357 5604 K 61 5ee70f1aa
SCHED-TRACE 19358 5604 P 55 5f6a11aa0
SCHED-TRACE 19359 5605 P 55 5f7b8f1aa
SCHED-TRACE 19360 5605 I 61 2f85ed
SCHED-TRACE 19361 5605 B 61 7a
SCHED-TRACE 19362 5605 P 61 5f396dd2f
SCHED-TRACE 19363 5605 R 61 5f396dd2f
SCHED-TRACE 19364 5606 U 4 2f86ef
SCHED-TRACE 19365 5606 V 4 2f8771
SCHED-TRACE 19366 5606 O 0 0
SCHED-TRACE 19367 5606 P 61 5f52fd2f2
SCHED-TRACE 19368 5607 K 58 5ee7824dd
SCHED-TRACE 19369 5607 P 61 5f6a14395
SCHED-TRACE 19370 5608 P 61 5f7b8f1aa
SCHED-TRACE 19371 5608 I 58 2f8c79
SCHED-TRACE 19372 5608 B 58 7b
SCHED-TRACE 19373 5608 P 58 5f39e624d
SCHED-TRACE 19374 5608 R 58 5f39e624d
SCHED-TRACE 19375 5609 U 4 2f8d7b
SCHED-TRACE 19376 5609 V 4 2f8dfd
SCHED-TRACE 19377 5609 O 0 0
SCHED-TRACE 19378 5609 P 58 5f5375810
SCHED-TRACE 19379 5610 K 52 5ee972f1a
SCHED-TRACE 19380 5610 P 58 5f6a89fbe
SCHED-TRACE 19381 5611 P 58 5f7c04dd3
SCHED-TRACE 19382 5611 I 52 2f9305
SCHED-TRACE 19383 5611 B 52 7b
SCHED-TRACE 19384 5611 P 52 5f3bd4395
SCHED-TRACE 19385 5611 R 52 5f3bd4395
SCHED-TRACE 19386 5612 U 4 2f9408
SCHED-TRACE 19387 5612 V 4 2f9489
SCHED-TRACE 19388 5612 O 0 0
SCHED-TRACE 19389 5612 P 52 5f556b439
SCHED-TRACE 19390 5613 K 49 5eed89fbe
SCHED-TRACE 19391 5613 P 52 5f6c7fbe7
SCHED-TRACE 19392 5614 P 52 5f7dfd2f1
SCHED-TRACE 19393 5614 I 49 2f9992
SCHED-TRACE 19394 5614 B 49 7a
SCHED-TRACE 19395 5614 P 49 5f3ffa9fc
SCHED-TRACE 19396 5614 R 49 5f3ffa9fc
SCHED-TRACE 19397 5615 U 4 2f9a95
SCHED-TRACE 19398 5615 V 4 2f9b16
SCHED-TRACE 19399 5615 O 0 0
SCHED-TRACE 19400 5615 P 49 5f5996c8b
SCHED-TRACE 19401 5616 K 43 5eeec76c8
SCHED-TRACE 19402 5616 P 49 5f70add2f
SCHED-TRACE 19403 5617 P 49 5f822b439
SCHED-TRACE 19404 5617 I 43 2fa01f
SCHED-TRACE 19405 5617 B 43 7b
SCHED-TRACE 19406 5617 P 43 5f4135810
SCHED-TRACE 19407 5617 R 43 5f4135810
SCHED-TRACE 19408 5618 U 4 2fa122
SCHED-TRACE 19409 5618 V 4 2fa1a3
SCHED-TRACE 19410 5618 O 0 0
SCHED-TRACE 19411 5618 P 43 5f5ad4395
SCHED-TRACE 19412 5619 K 40 5eeede76b
SCHED-TRACE 19413 5619 P 43 5f71e8b43
SCHED-TRACE 19414 5620 P 43 5f836624d
SCHED-TRACE 19415 5620 I 40 2fa6ac
SCHED-TRACE 19416 5620 B 40 7a
SCHED-TRACE 19417 5620 P 40 5f41476c8
SCHED-TRACE 19418 5620 R 40 5f41476c8
SCHED-TRACE 19419 5621 U 4 2fa7af
SCHED-TRACE 19420 5621 V 4 2fa830
SCHED-TRACE 19421 5621 O 0 0
SCHED-TRACE 19422 5621 P 40 5f5ae8b43
SCHED-TRACE 19423 5622 K 46 5ef68f1aa
SCHED-TRACE 19424 5622 P 40 5f71fd2f1
SCHED-TRACE 19425 5623 P 40 5f8378105
SCHED-TRACE 19426 5623 I 46 2fad39
SCHED-TRACE 19427 5623 B 46 7a
SCHED-TRACE 19428 5623 P 46 5f48fa9fc
SCHED-TRACE 19429 5623 R 46 5f48fa9fc
SCHED-TRACE 19430 5624 U 4 2fae3c
SCHED-TRACE 19431 5624 V 4 2faebd
SCHED-TRACE 19432 5624 O 0 0
SCHED-TRACE 19433 5624 P 46 5f6296c8b
SCHED-TRACE 19434 5625 K 46 5f6296c8b
SCHED-TRACE 19435 5625 P 46 5f79ab439
SCHED-TRACE 19436 5626 I 46 2fb3c6
SCHED-TRACE 19437 5626 B 46 7a
SCHED-TRACE 19438 5626 P 46 5fdd96c8b
SCHED-TRACE 19439 5626 R 46 5fdd96c8b
SCHED-TRACE 19440 5627 U 4 2fb4c9
SCHED-TRACE 19441 5627 V 4 2fb54a
SCHED-TRACE 19442 5627 O 0 0
SCHED-TRACE 19443 5627 P 46 5ff730625
SCHED-TRACE 19444 5628 K 73 5f776dd2f
SCHED-TRACE 19445 5628 P 46 600e44dd3
SCHED-TRACE 19446 5629 P 46 601fbfbe7
SCHED-TRACE 19447 5629 I 73 2fba53
SCHED-TRACE 19448 5629 B 73 7a
SCHED-TRACE 19449 5629 P 73 5fc9e1062
SCHED-TRACE 19450 5629 R 73 5fc9e1062
SCHED-TRACE 19451 5630 U 4 2fbb55
SCHED-TRACE 19452 5630 V 4 2fbbd6
SCHED-TRACE 19453 5630 O 0 0
SCHED-TRACE 19454 5630 P 73 5fe361062
SCHED-TRACE 19455 5631 K 70 5f77d6c8a
SCHED-TRACE 19456 5631 P 73 5ffa75810
SCHED-TRACE 19457 5632 P 73 600bedd2f
SCHED-TRACE 19458 5632 I 70 2fc0df
SCHED-TRACE 19459 5632 B 70 7a
SCHED-TRACE 19460 5632 P 70 5fca4c8b3
SCHED-TRACE 19461 5632 R 70 5fca4c8b3
SCHED-TRACE 19462 5633 U 4 2fc1e1
SCHED-TRACE 19463 5633 V 4 2fc262
SCHED-TRACE 19464 5633 O 0 0
SCHED-TRACE 19465 5633 P 70 5fe3cc8b3
SCHED-TRACE 19466 5634 K 31 5f77e624d
SCHED-TRACE 19467 5634 P 70 5ffae1061
SCHED-TRACE 19468 5635 P 70 600c59580
SCHED-TRACE 19469 5635 I 31 2fc76b
SCHED-TRACE 19470 5635 B 31 7a
SCHED-TRACE 19471 5635 P 31 5fca59580
SCHED-TRACE 19472 5635 R 31 5fca59580
SCHED-TRACE 19473 5636 U 4 2fc86c
SCHED-TRACE 19474 5636 V 4 2fc8ee
SCHED-TRACE 19475 5636 O 0 0
SCHED-TRACE 19476 5636 P 31 5fe3d1a9f
SCHED-TRACE 19477 5637 K 76 5f77f0624
SCHED-TRACE 19478 5637 P 31 5ffae624d
SCHED-TRACE 19479 5638 P 31 600c5e76c
SCHED-TRACE 19480 5638 I 76 2fcdf6
SCHED-TRACE 19481 5638 B 76 7b
SCHED-TRACE 19482 5638 P 76 5fca56c8b
SCHED-TRACE 19483 5638 R 76 5fca56c8b
SCHED-TRACE 19484 5639 U 4 2fcef8
SCHED-TRACE 19485 5639 V 4 2fcf79
SCHED-TRACE 19486 5639 O 0 0
SCHED-TRACE 19487 5639 P 76 5fe3d1a9f
SCHED-TRACE 19488 5640 K 67 5f7832f1a
SCHED-TRACE 19489 5640 P 76 5ffae3957
SCHED-TRACE 19490 5641 P 76 600c5be76
SCHED-TRACE 19491 5641 I 67 2fd481
SCHED-TRACE 19492 5641 B 67 7a
SCHED-TRACE 19493 5641 P 67 5fca94394
SCHED-TRACE 19494 5641 R 67 5fca94394
SCHED-TRACE 19495 5642 U 4 2fd583
SCHED-TRACE 19496 5642 V 4 2fd604
SCHED-TRACE 19497 5642 O 0 0
SCHED-TRACE 19498 5642 P 67 5fe416c8a
SCHED-TRACE 19499 5643 K 34 5f79f2f1a
SCHED-TRACE 19500 5643 P 67 5ffb2b438
SCHED-TRACE 19501 5644 P 67 600ca1061
SCHED-TRACE 19502 5644 I 34 2fdb0d
SCHED-TRACE 19503 5644 B 34 7b
SCHED-TRACE 19504 5644 P 34 5fcc6b439
SCHED-TRACE 19505 5644 R 34 5fcc6b439
SCHED-TRACE 19506 5645 U 4 2fdc0e
SCHED-TRACE 19507 5645 V 4 2fdc90
SCHED-TRACE 19508 5645 O 0 0
SCHED-TRACE 19509 5645 P 34 5fe5e1062
SCHED-TRACE 19510 5646 K 64 5f7b89fbe
SCHED-TRACE 19511 5646 P 34 5ffcf5810
SCHED-TRACE 19512 5647 P 34 600e6dd2f
SCHED-TRACE 19513 5647 I 64 2fe198
SCHED-TRACE 19514 5647 B 64 7a
SCHED-TRACE 19515 5647 P 64 5fcdf0624
SCHED-TRACE 19516 5647 R 64 5fcdf0624
SCHED-TRACE 19517 5648 U 4 2fe29a
SCHED-TRACE 19518 5648 V 4 2fe31c
SCHED-TRACE 19519 5648 O 0 0
SCHED-TRACE 19520 5648 P 64 5fe77fbe7
SCHED-TRACE 19521 5649 K 55 5f7b8f1aa
SCHED-TRACE 19522 5649 P 64 5ffe94395
SCHED-TRACE 19523 5650 P 64 601014395
SCHED-TRACE 19524 5650 I 55 2fe824
SCHED-TRACE 19525 5650 B 55 7a
SCHED-TRACE 19526 5650 P 55 5fcdeb439
SCHED-TRACE 19527 5650 R 55 5fcdeb439
SCHED-TRACE 19528 5651 U 4 2fe927
SCHED-TRACE 19529 5651 V 4 2fe9a8
SCHED-TRACE 19530 5651 O 0 0
SCHED-TRACE 19531 5651 P 55 5fe77fbe7
SCHED-TRACE 19532 5652 K 61 5f7b8f1aa
SCHED-TRACE 19533 5652 P 55 5ffe96c8b
SCHED-TRACE 19534 5653 P 55 601011aa0
SCHED-TRACE 19535 5653 I 61 2feeb0
SCHED-TRACE 19536 5653 B 61 7b
SCHED-TRACE 19537 5653 P 61 5fcdedd2f
SCHED-TRACE 19538 5653 R 61 5fcdedd2f
SCHED-TRACE 19539 5654 U 4 2fefb2
SCHED-TRACE 19540 5654 V 4 2ff034
SCHED-TRACE 19541 5654 O 0 0
SCHED-TRACE 19542 5654 P 61 5fe77d2f2
SCHED-TRACE 19543 5655 K 58 5f7c04dd3
SCHED-TRACE 19544 5655 P 61 5ffe91aa0
SCHED-TRACE 19545 5656 P 61 601011aa0
SCHED-TRACE 19546 5656 I 58 2ff53c
SCHED-TRACE 19547 5656 B 58 7a
SCHED-TRACE 19548 5656 P 58 5fce61062
SCHED-TRACE 19549 5656 R 58 5fce61062
SCHED-TRACE 19550 5657 U 4 2ff63f
SCHED-TRACE 19551 5657 V 4 2ff6c0
SCHED-TRACE 19552 5657 O 0 0
SCHED-TRACE 19553 5657 P 58 5fe7f5810
SCHED-TRACE 19554 5658 K 52 5f7dfd2f1
SCHED-TRACE 19555 5658 P 58 5fff0c8b4
SCHED-TRACE 19556 5659 P 58 601089fbe
SCHED-TRACE 19557 5659 I 52 2ffbc8
SCHED-TRACE 19558 5659 B 52 7b
SCHED-TRACE 19559 5659 P 52 5fd059580
SCHED-TRACE 19560 5659 R 52 5fd059580
SCHED-TRACE 19561 5660 U 4 2ffccb
SCHED-TRACE 19562 5660 V 4 2ffd4c
SCHED-TRACE 19563 5660 O 0 0
SCHED-TRACE 19564 5660 P 52 5fe9f0624
SCHED-TRACE 19565 5661 K 49 5f822b439
SCHED-TRACE 19566 5661 P 52 600104dd2
SCHED-TRACE 19567 5662 P 52 6012824dc
SCHED-TRACE 19568 5662 I 49 300255
SCHED-TRACE 19569 5662 B 49 7a
SCHED-TRACE 19570 5662 P 49 5fd499581
SCHED-TRACE 19571 5662 R 49 5fd499581
SCHED-TRACE 19572 5663 U 4 300358
SCHED-TRACE 19573 5663 V 4 3003d9
SCHED-TRACE 19574 5663 O 0 0
SCHED-TRACE 19575 5663 P 49 5fee35810
SCHED-TRACE 19576 5664 K 43 5f836624d
SCHED-TRACE 19577 5664 P 49 600549fbe
SCHED-TRACE 19578 5665 P 49 6016c76c8
SCHED-TRACE 19579 5665 I 43 3008e2
SCHED-TRACE 19580 5665 B 43 7a
SCHED-TRACE 19581 5665 P 43 5fd5d4395
SCHED-TRACE 19582 5665 R 43 5fd5d4395
SCHED-TRACE 19583 5666 U 4 3009e5
SCHED-TRACE 19584 5666 V 4 300a66
SCHED-TRACE 19585 5666 O 0 0
SCHED-TRACE 19586 5666 P 43 5fef78105
SCHED-TRACE 19587 5667 K 37 5f8375810
SCHED-TRACE 19588 5667 P 43 60068c8b4
SCHED-TRACE 19589 5668 P 43 601809fbe
SCHED-TRACE 19590 5668 I 37 300f6f
SCHED-TRACE 19591 5668 B 37 7a
SCHED-TRACE 19592 5668 P 37 5fd5d9581
SCHED-TRACE 19593 5668 R 37 5fd5d9581
SCHED-TRACE 19594 5669 U 4 301072
SCHED-TRACE 19595 5669 V 4 3010f3
SCHED-TRACE 19596 5669 O 0 0
SCHED-TRACE 19597 5669 P 37 5fef7d2f1
SCHED-TRACE 19598 5670 K 40 5f8378105
SCHED-TRACE 19599 5670 P 37 600691a9f
SCHED-TRACE 19600 5671 P 37 60180c8b4
SCHED-TRACE 19601 5671 I 40 3015fc
SCHED-TRACE 19602 5671 B 40 7a
SCHED-TRACE 19603 5671 P 40 5fd5dbe76
SCHED-TRACE 19604 5671 R 40 5fd5dbe76
SCHED-TRACE 19605 5672 U 4 3016ff
SCHED-TRACE 19606 5672 V 4 301780
SCHED-TRACE 19607 5672 O 0 0
SCHED-TRACE 19608 5672 P 40 5fef7d2f1
SCHED-TRACE 19609 5673 K 40 5fef7d2f1
SCHED-TRACE 19610 5673 P 40 600694394
SCHED-TRACE 19611 5674 I 40 301c89
SCHED-TRACE 19612 5674 B 40 7b
SCHED-TRACE 19613 5674 P 40 606a78105
SCHED-TRACE 19614 5674 R 40 606a78105
SCHED-TRACE 19615 5675 U 4 301d8c
SCHED-TRACE 19616 5675 V 4 301e0d
SCHED-TRACE 19617 5675 O 0 0
SCHED-TRACE 19618 5675 P 40 608416c8a
SCHED-TRACE 19619 5676 K 73 600bedd2f
SCHED-TRACE 19620 5676 P 40 609b2b438
SCHED-TRACE 19621 5677 P 40 60aca624d
SCHED-TRACE 19622 5677 I 73 302316
SCHED-TRACE 19623 5677 B 73 7b
SCHED-TRACE 19624 5677 P 73 605e59581
SCHED-TRACE 19625 5677 R 73 605e59581
SCHED-TRACE 19626 5678 U 4 302418
SCHED-TRACE 19627 5678 V 4 302499
SCHED-TRACE 19628 5678 O 0 0
SCHED-TRACE 19629 5678 P 73 6077d9581
SCHED-TRACE 19630 5679 K 70 600c59580
SCHED-TRACE 19631 5679 P 73 608eedd2f
SCHED-TRACE 19632 5680 P 73 60a068b43
SCHED-TRACE 19633 5680 I 70 3029a2
SCHED-TRACE 19634 5680 B 70 7a
SCHED-TRACE 19635 5680 P 70 605ec9fbe
SCHED-TRACE 19636 5680 R 70 605ec9fbe
SCHED-TRACE 19637 5681 U 4 302aa4
SCHED-TRACE 19638 5681 V 4 302b25
SCHED-TRACE 19639 5681 O 0 0
SCHED-TRACE 19640 5681 P 70 60784c8b3
SCHED-TRACE 19641 5682 K 76 600c5be76
SCHED-TRACE 19642 5682 P 70 608f61061
SCHED-TRACE 19643 5683 P 70 60a0dbe76
SCHED-TRACE 19644 5683 I 76 30302e
SCHED-TRACE 19645 5683 B 76 7a
SCHED-TRACE 19646 5683 P 76 605ecc8b4
SCHED-TRACE 19647 5683 R 76 605ecc8b4
SCHED-TRACE 19648 5684 U 4 303130
SCHED-TRACE 19649 5684 V 4 3031b1
SCHED-TRACE 19650 5684 O 0 0
SCHED-TRACE 19651 5684 P 76 6078476c8
SCHED-TRACE 19652 5685 K 31 600c5e76c
SCHED-TRACE 19653 5685 P 76 608f5be76
SCHED-TRACE 19654 5686 P 76 60a0d4395
SCHED-TRACE 19655 5686 I 31 3036b9
SCHED-TRACE 19656 5686 B 31 7a
SCHED-TRACE 19657 5686 P 31 605ebfbe7
SCHED-TRACE 19658 5686 R 31 605ebfbe7
SCHED-TRACE 19659 5687 U 4 3037ba
SCHED-TRACE 19660 5687 V 4 30383c
SCHED-TRACE 19661 5687 O 0 0
SCHED-TRACE 19662 5687 P 31 607838105
SCHED-TRACE 19663 5688 K 67 600ca1061
SCHED-TRACE 19664 5688 P 31 608f4c8b3
SCHED-TRACE 19665 5689 P 31 60a0c4dd2
SCHED-TRACE 19666 5689 I 67 303d44
SCHED-TRACE 19667 5689 B 67 7b
SCHED-TRACE 19668 5689 P 67 605f076c8
SCHED-TRACE 19669 5689 R 67 605f076c8
SCHED-TRACE 19670 5690 U 4 303e46
SCHED-TRACE 19671 5690 V 4 303ec7
SCHED-TRACE 19672 5690 O 0 0
SCHED-TRACE 19673 5690 P 67 607889fbd
SCHED-TRACE 19674 5691 K 34 600e6dd2f
SCHED-TRACE 19675 5691 P 67 608f9e76c
SCHED-TRACE 19676 5692 P 67 60a116c8a
SCHED-TRACE 19677 5692 I 34 3043d0
SCHED-TRACE 19678 5692 B 34 7a
SCHED-TRACE 19679 5692 P 34 6060e1062
SCHED-TRACE 19680 5692 R 34 6060e1062
SCHED-TRACE 19681 5693 U 4 3044d1
SCHED-TRACE 19682 5693 V 4 304553
SCHED-TRACE 19683 5693 O 0 0
SCHED-TRACE 19684 5693 P 34 607a59581
SCHED-TRACE 19685 5694 K 55 601011aa0
SCHED-TRACE 19686 5694 P 34 60916dd2f
SCHED-TRACE 19687 5695 P 34 60a2e8b43
SCHED-TRACE 19688 5695 I 55 304a5b
SCHED-TRACE 19689 5695 B 55 7a
SCHED-TRACE 19690 5695 P 55 606272f1a
SCHED-TRACE 19691 5695 R 55 606272f1a
SCHED-TRACE 19692 5696 U 4 304b5e
SCHED-TRACE 19693 5696 V 4 304bdf
SCHED-TRACE 19694 5696 O 0 0
SCHED-TRACE 19695 5696 P 55 607c076c8
SCHED-TRACE 19696 5697 K 61 601011aa0
SCHED-TRACE 19697 5697 P 55 60931be77
SCHED-TRACE 19698 5698 P 55 60a496c8b
SCHED-TRACE 19699 5698 I 61 3050e7
SCHED-TRACE 19700 5698 B 61 7a
SCHED-TRACE 19701 5698 P 61 60626dd2f
SCHED-TRACE 19702 5698 R 61 60626dd2f
SCHED-TRACE 19703 5699 U 4 3051e9
SCHED-TRACE 19704 5699 V 4 30526a
SCHED-TRACE 19705 5699 O 0 0
SCHED-TRACE 19706 5699 P 61 607bfa9fc
SCHED-TRACE 19707 5700 K 64 601014395
SCHED-TRACE 19708 5700 P 61 60930f1aa
SCHED-TRACE 19709 5701 P 61 60a489fbe
SCHED-TRACE 19710 5701 I 64 305773
SCHED-TRACE 19711 5701 B 64 7a
SCHED-TRACE 19712 5701 P 64 60627a9fb
SCHED-TRACE 19713 5701 R 64 60627a9fb
SCHED-TRACE 19714 5702 U 4 305875
SCHED-TRACE 19715 5702 V 4 3058f6
SCHED-TRACE 19716 5702 O 0 0
SCHED-TRACE 19717 5702 P 64 607c076c8
SCHED-TRACE 19718 5703 K 58 601089fbe
SCHED-TRACE 19719 5703 P 64 60931be76
SCHED-TRACE 19720 5704 P 64 60a496c8a
SCHED-TRACE 19721 5704 I 58 305dff
SCHED-TRACE 19722 5704 B 58 7a
SCHED-TRACE 19723 5704 P 58 6062f0624
SCHED-TRACE 19724 5704 R 58 6062f0624
SCHED-TRACE 19725 5705 U 4 305f01
SCHED-TRACE 19726 5705 V 4 305f83
SCHED-TRACE 19727 5705 O 0 0
SCHED-TRACE 19728 5705 P 58 607c824dd
SCHED-TRACE 19729 5706 K 52 6012824dc
SCHED-TRACE 19730 5706 P 58 609396c8b
SCHED-TRACE 19731 5707 P 58 60a514395
SCHED-TRACE 19732 5707 I 52 30648b
SCHED-TRACE 19733 5707 B 52 7a
SCHED-TRACE 19734 5707 P 52 6064e1062
SCHED-TRACE 19735 5707 R 52 6064e1062
SCHED-TRACE 19736 5708 U 4 30658e
SCHED-TRACE 19737 5708 V 4 30660f
SCHED-TRACE 19738 5708 O 0 0
SCHED-TRACE 19739 5708 P 52 607e78105
SCHED-TRACE 19740 5709 K 49 6016c76c8
SCHED-TRACE 19741 5709 P 52 60958c8b3
SCHED-TRACE 19742 5710 P 52 60a709fbe
SCHED-TRACE 19743 5710 I 49 306b18
SCHED-TRACE 19744 5710 B 49 7a
SCHED-TRACE 19745 5710 P 49 60693a9fc
SCHED-TRACE 19746 5710 R 49 60693a9fc
SCHED-TRACE 19747 5711 U 4 306c1b
SCHED-TRACE 19748 5711 V 4 306c9c
SCHED-TRACE 19749 5711 O 0 0
SCHED-TRACE 19750 5711 P 49 6082d6c8b
SCHED-TRACE 19751 5712 K 43 601809fbe
SCHED-TRACE 19752 5712 P 49 6099eb439
SCHED-TRACE 19753 5713 P 49 60ab68b43
SCHED-TRACE 19754 5713 I 43 3071a5
SCHED-TRACE 19755 5713 B 43 7a
SCHED-TRACE 19756 5713 P 43 606a75810
SCHED-TRACE 19757 5713 R 43 606a75810
SCHED-TRACE 19758 5714 U 4 3072a8
SCHED-TRACE 19759 5714 V 4 307329
SCHED-TRACE 19760 5714 O 0 0
SCHED-TRACE 19761 5714 P 43 608414395
SCHED-TRACE 19762 5715 K 37 60180c8b4
SCHED-TRACE 19763 5715 P 43 609b28b43
SCHED-TRACE 19764 5716 P 43 60aca3957
SCHED-TRACE 19765 5716 I 37 307832
SCHED-TRACE 19766 5716 B 37 7b
SCHED-TRACE 19767 5716 P 37 606a7a9fb
SCHED-TRACE 19768 5716 R 37 606a7a9fb
SCHED-TRACE 19769 5717 U 4 307935
SCHED-TRACE 19770 5717 V 4 3079b6
SCHED-TRACE 19771 5717 O 0 0
SCHED-TRACE 19772 5717 P 37 60841e76c
SCHED-TRACE 19773 5718 K 46 601fbfbe7
SCHED-TRACE 19774 5718 P 37 609b32f1a
SCHED-TRACE 19775 5719 P 37 60acadd2f
SCHED-TRACE 19776 5719 I 46 307ebf
SCHED-TRACE 19777 5719 B 46 7a
SCHED-TRACE 19778 5719 P 46 60722624e
SCHED-TRACE 19779 5719 R 46 60722624e
SCHED-TRACE 19780 5720 U 4 307fc2
SCHED-TRACE 19781 5720 V 4 308043
SCHED-TRACE 19782 5720 O 0 0
SCHED-TRACE 19783 5720 P 46 608bbfbe7
SCHED-TRACE 19784 5721 K 46 608bbfbe7
SCHED-TRACE 19785 5721 P 46 60a2d4395
SCHED-TRACE 19786 5722 I 46 30854c
SCHED-TRACE 19787 5722 B 46 7a
SCHED-TRACE 19788 5722 P 46 6106c24dd
SCHED-TRACE 19789 5722 R 46 6106c24dd
SCHED-TRACE 19790 5723 U 4 30864f
SCHED-TRACE 19791 5723 V 4 3086d0
SCHED-TRACE 19792 5723 O 0 0
SCHED-TRACE 19793 5723 P 46 61205e76c
SCHED-TRACE 19794 5724 K 73 60a068b43
SCHED-TRACE 19795 5724 P 46 613772f1a
SCHED-TRACE 19796 5725 P 46 6148eb439
SCHED-TRACE 19797 5725 I 73 308bd9
SCHED-TRACE 19798 5725 B 73 7b
SCHED-TRACE 19799 5725 P 73 60f2de76c
SCHED-TRACE 19800 5725 R 73 60f2de76c
SCHED-TRACE 19801 5726 U 4 308cdb
SCHED-TRACE 19802 5726 V 4 308d5c
SCHED-TRACE 19803 5726 O 0 0
SCHED-TRACE 19804 5726 P 73 610c5be76
SCHED-TRACE 19805 5727 K 31 60a0c4dd2
SCHED-TRACE 19806 5727 P 73 61236dd2f
SCHED-TRACE 19807 5728 P 73 6134e8b43
SCHED-TRACE 19808 5728 I 31 309265
SCHED-TRACE 19809 5728 B 31 7a
SCHED-TRACE 19810 5728 P 31 60f33a9fb
SCHED-TRACE 19811 5728 R 31 60f33a9fb
SCHED-TRACE 19812 5729 U 4 309366
SCHED-TRACE 19813 5729 V 4 3093e8
SCHED-TRACE 19814 5729 O 0 0
SCHED-TRACE 19815 5729 P 31 610cb2f1a
SCHED-TRACE 19816 5730 K 76 60a0d4395
SCHED-TRACE 19817 5730 P 31 6123c76c8
SCHED-TRACE 19818 5731 P 31 61353fbe7
SCHED-TRACE 19819 5731 I 76 3098f0
SCHED-TRACE 19820 5731 B 76 7a
SCHED-TRACE 19821 5731 P 76 60f338106
SCHED-TRACE 19822 5731 R 76 60f338106
SCHED-TRACE 19823 5732 U 4 3099f2
SCHED-TRACE 19824 5732 V 4 309a73
SCHED-TRACE 19825 5732 O 0 0
SCHED-TRACE 19826 5732 P 76 610cb2f1a
SCHED-TRACE 19827 5733 K 70 60a0dbe76
SCHED-TRACE 19828 5733 P 76 6123c76c8
SCHED-TRACE 19829 5734 P 76 61353fbe7
SCHED-TRACE 19830 5734 I 70 309f7b
SCHED-TRACE 19831 5734 B 70 7a
SCHED-TRACE 19832 5734 P 70 60f33d2f1
SCHED-TRACE 19833 5734 R 70 60f33d2f1
SCHED-TRACE 19834 5735 U 4 30a07d
SCHED-TRACE 19835 5735 V 4 30a0fe
SCHED-TRACE 19836 5735 O 0 0
SCHED-TRACE 19837 5735 P 70 610cbd2f1
SCHED-TRACE 19838 5736 K 67 60a116c8a
SCHED-TRACE 19839 5736 P 70 6123d1a9f
SCHED-TRACE 19840 5737 P 70 613549fbe
SCHED-TRACE 19841 5737 I 67 30a607
SCHED-TRACE 19842 5737 B 67 7a
SCHED-TRACE 19843 5737 P 67 60f38c8b3
SCHED-TRACE 19844 5737 R 67 60f38c8b3
SCHED-TRACE 19845 5738 U 4 30a709
SCHED-TRACE 19846 5738 V 4 30a78a
SCHED-TRACE 19847 5738 O 0 0
SCHED-TRACE 19848 5738 P 67 610d0f1a9
SCHED-TRACE 19849 5739 K 34 60a2e8b43
SCHED-TRACE 19850 5739 P 67 612421061
SCHED-TRACE 19851 5740 P 67 613599580
SCHED-TRACE 19852 5740 I 34 30ac93
SCHED-TRACE 19853 5740 B 34 7a
SCHED-TRACE 19854 5740 P 34 60f55e76c
SCHED-TRACE 19855 5740 R 34 60f55e76c
SCHED-TRACE 19856 5741 U 4 30ad94
SCHED-TRACE 19857 5741 V 4 30ae16
SCHED-TRACE 19858 5741 O 0 0
SCHED-TRACE 19859 5741 P 34 610ed6c8b
SCHED-TRACE 19860 5742 K 61 60a489fbe
SCHED-TRACE 19861 5742 P 34 6125eb439
SCHED-TRACE 19862 5743 P 34 613763958
SCHED-TRACE 19863 5743 I 61 30b31e
SCHED-TRACE 19864 5743 B 61 7a
SCHED-TRACE 19865 5743 P 61 60f6edd2f
SCHED-TRACE 19866 5743 R 61 60f6edd2f
SCHED-TRACE 19867 5744 U 4 30b420
SCHED-TRACE 19868 5744 V 4 30b4a1
SCHED-TRACE 19869 5744 O 0 0
SCHED-TRACE 19870 5744 P 61 61107a9fc
SCHED-TRACE 19871 5745 K 64 60a496c8a
SCHED-TRACE 19872 5745 P 61 61278f1aa
SCHED-TRACE 19873 5746 P 61 61390c8b4
SCHED-TRACE 19874 5746 I 64 30b9aa
SCHED-TRACE 19875 5746 B 64 7a
SCHED-TRACE 19876 5746 P 64 60f6f8105
SCHED-TRACE 19877 5746 R 64 60f6f8105
SCHED-TRACE 19878 5747 U 4 30baac
SCHED-TRACE 19879 5747 V 4 30bb2e
SCHED-TRACE 19880 5747 O 0 0
SCHED-TRACE 19881 5747 P 64 6110876c8
SCHED-TRACE 19882 5748 K 55 60a496c8b
SCHED-TRACE 19883 5748 P 64 61279be76
SCHED-TRACE 19884 5749 P 64 61391be76
SCHED-TRACE 19885 5749 I 55 30c036
SCHED-TRACE 19886 5749 B 55 7a
SCHED-TRACE 19887 5749 P 55 60f6f2f1a
SCHED-TRACE 19888 5749 R 55 60f6f2f1a
SCHED-TRACE 19889 5750 U 4 30c139
SCHED-TRACE 19890 5750 V 4 30c1ba
SCHED-TRACE 19891 5750 O 0 0
SCHED-TRACE 19892 5750 P 55 6110876c8
SCHED-TRACE 19893 5751 K 58 60a514395
SCHED-TRACE 19894 5751 P 55 61279e76c
SCHED-TRACE 19895 5752 P 55 613919581
SCHED-TRACE 19896 5752 I 58 30c6c2
SCHED-TRACE 19897 5752 B 58 7a
SCHED-TRACE 19898 5752 P 58 60f770624
SCHED-TRACE 19899 5752 R 58 60f770624
SCHED-TRACE 19900 5753 U 4 30c7c4
SCHED-TRACE 19901 5753 V 4 30c846
SCHED-TRACE 19902 5753 O 0 0
SCHED-TRACE 19903 5753 P 58 6111024dd
SCHED-TRACE 19904 5754 K 52 60a709fbe
SCHED-TRACE 19905 5754 P 58 612816c8b
SCHED-TRACE 19906 5755 P 58 613994395
SCHED-TRACE 19907 5755 I 52 30cd4e
SCHED-TRACE 19908 5755 B 52 7a
SCHED-TRACE 19909 5755 P 52 60f96624d
SCHED-TRACE 19910 5755 R 52 60f96624d
SCHED-TRACE 19911 5756 U 4 30ce51
SCHED-TRACE 19912 5756 V 4 30ced2
SCHED-TRACE 19913 5756 O 0 0
SCHED-TRACE 19914 5756 P 52 6112ffbe7
SCHED-TRACE 19915 5757 K 49 60ab68b43
SCHED-TRACE 19916 5757 P 52 612a16c8a
SCHED-TRACE 19917 5758 P 52 613b94395
SCHED-TRACE 19918 5758 I 49 30d3db
SCHED-TRACE 19919 5758 B 49 7a
SCHED-TRACE 19920 5758 P 49 60fdd6c8b
SCHED-TRACE 19921 5758 R 49 60fdd6c8b
SCHED-TRACE 19922 5759 U 4 30d4de
SCHED-TRACE 19923 5759 V 4 30d55f
SCHED-TRACE 19924 5759 O 0 0
SCHED-TRACE 19925 5759 P 49 611772f1a
SCHED-TRACE 19926 5760 K 43 60aca3957
SCHED-TRACE 19927 5760 P 49 612e89fbe
SCHED-TRACE 19928 5761 P 49 6140076c8
SCHED-TRACE 19929 5761 I 43 30da68
SCHED-TRACE 19930 5761 B 43 7b
SCHED-TRACE 19931 5761 P 43 60ff11a9f
SCHED-TRACE 19932 5761 R 43 60ff11a9f
SCHED-TRACE 19933 5762 U 4 30db6b
SCHED-TRACE 19934 5762 V 4 30dbec
SCHED-TRACE 19935 5762 O 0 0
SCHED-TRACE 19936 5762 P 43 6118b2f1a
SCHED-TRACE 19937 5763 K 40 60aca624d
SCHED-TRACE 19938 5763 P 43 612fc9fbe
SCHED-TRACE 19939 5764 P 43 6141476c8
SCHED-TRACE 19940 5764 I 40 30e0f5
SCHED-TRACE 19941 5764 B 40 7b
SCHED-TRACE 19942 5764 P 40 60ff0c8b3
SCHED-TRACE 19943 5764 R 40 60ff0c8b3
SCHED-TRACE 19944 5765 U 4 30e1f8
SCHED-TRACE 19945 5765 V 4 30e279
SCHED-TRACE 19946 5765 O 0 0
SCHED-TRACE 19947 5765 P 40 6118b0624
SCHED-TRACE 19948 5766 K 37 60acadd2f
SCHED-TRACE 19949 5766 P 40 612fc76c8
SCHED-TRACE 19950 5767 P 40 614144dd2
SCHED-TRACE 19951 5767 I 37 30e782
SCHED-TRACE 19952 5767 B 37 7b
SCHED-TRACE 19953 5767 P 37 60ff11a9f
SCHED-TRACE 19954 5767 R 37 60ff11a9f
SCHED-TRACE 19955 5768 U 4 30e885
SCHED-TRACE 19956 5768 V 4 30e906
SCHED-TRACE 19957 5768 O 0 0
SCHED-TRACE 19958 5768 P 37 6118b5810
SCHED-TRACE 19959 5769 K 37 6118b5810
SCHED-TRACE 19960 5769 P 37 612fcc8b4
SCHED-TRACE 19961 5770 I 37 30ee0f
SCHED-TRACE 19962 5770 B 37 7a
SCHED-TRACE 19963 5770 P 37 6193ab439
SCHED-TRACE 19964 5770 R 37 6193ab439
SCHED-TRACE 19965 5771 U 4 30ef12
SCHED-TRACE 19966 5771 V 4 30ef93
SCHED-TRACE 19967 5771 O 0 0
SCHED-TRACE 19968 5771 P 37 61ad4f1a9
SCHED-TRACE 19969 5772 K 73 6134e8b43
SCHED-TRACE 19970 5772 P 37 61c463958
SCHED-TRACE 19971 5773 P 37 61d5de76c
SCHED-TRACE 19972 5773 I 73 30f49c
SCHED-TRACE 19973 5773 B 73 7a
SCHED-TRACE 19974 5773 P 73 61874f1aa
SCHED-TRACE 19975 5773 R 73 61874f1aa
SCHED-TRACE 19976 5774 U 4 30f59e
SCHED-TRACE 19977 5774 V 4 30f61f
SCHED-TRACE 19978 5774 O 0 0
SCHED-TRACE 19979 5774 P 73 61a0cf1aa
SCHED-TRACE 19980 5775 K 31 61353fbe7
SCHED-TRACE 19981 5775 P 73 61b7e3958
SCHED-TRACE 19982 5776 P 73 61c95e76c
SCHED-TRACE 19983 5776 I 31 30fb28
SCHED-TRACE 19984 5776 B 31 7a
SCHED-TRACE 19985 5776 P 31 6187b2f1a
SCHED-TRACE 19986 5776 R 31 6187b2f1a
SCHED-TRACE 19987 5777 U 4 30fc29
SCHED-TRACE 19988 5777 V 4 30fcab
SCHED-TRACE 19989 5777 O 0 0
SCHED-TRACE 19990 5777 P 31 61a12dd2e
SCHED-TRACE 19991 5778 K 76 61353fbe7
SCHED-TRACE 19992 5778 P 31 61b8424dc
SCHED-TRACE 19993 5779 P 31 61c9ba9fb
SCHED-TRACE 19994 5779 I 76 3101b3
SCHED-TRACE 19995 5779 B 76 7a
SCHED-TRACE 19996 5779 P 76 6187a3957
SCHED-TRACE 19997 5779 R 76 6187a3957
SCHED-TRACE 19998 5780 U 4 3102b5
SCHED-TRACE 19999 5780 V 4 310336
SCHED-TRACE 20000 5780 O 0 0
SCHED-TRACE 20001 5780 P 76 61a11e76c
SCHED-TRACE 20002 5781 K 70 613549fbe
SCHED-TRACE 20003 5781 P 76 61b832f1a
SCHED-TRACE 20004 5782 P 76 61c9ab439
SCHED-TRACE 20005 5782 I 70 31083e
SCHED-TRACE 20006 5782 B 70 7a
SCHED-TRACE 20007 5782 P 70 6187ab438
SCHED-TRACE 20008 5782 R 70 6187ab438
SCHED-TRACE 20009 5783 U 4 310940
SCHED-TRACE 20010 5783 V 4 3109c1
SCHED-TRACE 20011 5783 O 0 0
SCHED-TRACE 20012 5783 P 70 61a12b438
SCHED-TRACE 20013 5784 K 67 613599580
SCHED-TRACE 20014 5784 P 70 61b83fbe7
SCHED-TRACE 20015 5785 P 70 61c9b8105
SCHED-TRACE 20016 5785 I 67 310eca
SCHED-TRACE 20017 5785 B 67 7a
SCHED-TRACE 20018 5785 P 67 61880f1a9
SCHED-TRACE 20019 5785 R 67 61880f1a9
SCHED-TRACE 20020 5786 U 4 310fcc
SCHED-TRACE 20021 5786 V 4 31104d
SCHED-TRACE 20022 5786 O 0 0
SCHED-TRACE 20023 5786 P 67 61a191a9f
SCHED-TRACE 20024 5787 K 34 613763958
SCHED-TRACE 20025 5787 P 67 61b8a3957
SCHED-TRACE 20026 5788 P 67 61ca1be76
SCHED-TRACE 20027 5788 I 34 311556
SCHED-TRACE 20028 5788 B 34 7a
SCHED-TRACE 20029 5788 P 34 6189d9581
SCHED-TRACE 20030 5788 R 34 6189d9581
SCHED-TRACE 20031 5789 U 4 311657
SCHED-TRACE 20032 5789 V 4 3116d9
SCHED-TRACE 20033 5789 O 0 0
SCHED-TRACE 20034 5789 P 34 61a351a9f
SCHED-TRACE 20035 5790 K 61 61390c8b4
SCHED-TRACE 20036 5790 P 34 61ba6624d
SCHED-TRACE 20037 5791 P 34 61cbe1062
SCHED-TRACE 20038 5791 I 61 311be1
SCHED-TRACE 20039 5791 B 61 7a
SCHED-TRACE 20040 5791 P 61 618b6dd2f
SCHED-TRACE 20041 5791 R 61 618b6dd2f
SCHED-TRACE 20042 5792 U 4 311ce3
SCHED-TRACE 20043 5792 V 4 311d65
SCHED-TRACE 20044 5792 O 0 0
SCHED-TRACE 20045 5792 P 61 61a4fd2f2
SCHED-TRACE 20046 5793 K 55 613919581
SCHED-TRACE 20047 5793 P 61 61bc11aa0
SCHED-TRACE 20048 5794 P 61 61cd8f1aa
SCHED-TRACE 20049 5794 I 55 31226d
SCHED-TRACE 20050 5794 B 55 7a
SCHED-TRACE 20051 5794 P 55 618b78106
SCHED-TRACE 20052 5794 R 55 618b78106
SCHED-TRACE 20053 5795 U 4 312370
SCHED-TRACE 20054 5795 V 4 3123f1
SCHED-TRACE 20055 5795 O 0 0
SCHED-TRACE 20056 5795 P 55 61a50c8b4
SCHED-TRACE 20057 5796 K 64 61391be76
SCHED-TRACE 20058 5796 P 55 61bc21062
SCHED-TRACE 20059 5797 P 55 61cd9e76c
SCHED-TRACE 20060 5797 I 64 3128f9
SCHED-TRACE 20061 5797 B 64 7a
SCHED-TRACE 20062 5797 P 64 618b78105
SCHED-TRACE 20063 5797 R 64 618b78105
SCHED-TRACE 20064 5798 U 4 3129fb
SCHED-TRACE 20065 5798 V 4 312a7c
SCHED-TRACE 20066 5798 O 0 0
SCHED-TRACE 20067 5798 P 64 61a504dd2
SCHED-TRACE 20068 5799 K 58 613994395
SCHED-TRACE 20069 5799 P 64 61bc19580
SCHED-TRACE 20070 5800 P 64 61cd96c8a
SCHED-TRACE 20071 5800 I 58 312f85
SCHED-TRACE 20072 5800 B 58 7a
SCHED-TRACE 20073 5800 P 58 618bf5810
SCHED-TRACE 20074 5800 R 58 618bf5810
SCHED-TRACE 20075 5801 U 4 313087
SCHED-TRACE 20076 5801 V 4 313109
SCHED-TRACE 20077 5801 O 0 0
SCHED-TRACE 20078 5801 P 58 61a5876c8
SCHED-TRACE 20079 5802 K 52 613b94395
SCHED-TRACE 20080 5802 P 58 61bc9be76
SCHED-TRACE 20081 5803 P 58 61ce19581
SCHED-TRACE 20082 5803 I 52 313611
SCHED-TRACE 20083 5803 B 52 7a
SCHED-TRACE 20084 5803 P 52 618df0624
SCHED-TRACE 20085 5803 R 52 618df0624
SCHED-TRACE 20086 5804 U 4 313714
SCHED-TRACE 20087 5804 V 4 313795
SCHED-TRACE 20088 5804 O 0 0
SCHED-TRACE 20089 5804 P 52 61a789fbe
SCHED-TRACE 20090 5805 K 49 6140076c8
SCHED-TRACE 20091 5805 P 52 61be9e76c
SCHED-TRACE 20092 5806 P 52 61d01be76
SCHED-TRACE 20093 5806 I 49 313c9e
SCHED-TRACE 20094 5806 B 49 7a
SCHED-TRACE 20095 5806 P 49 619278106
SCHED-TRACE 20096 5806 R 49 619278106
SCHED-TRACE 20097 5807 U 4 313da1
SCHED-TRACE 20098 5807 V 4 313e22
SCHED-TRACE 20099 5807 O 0 0
SCHED-TRACE 20100 5807 P 49 61ac16c8b
SCHED-TRACE 20101 5808 K 40 614144dd2
SCHED-TRACE 20102 5808 P 49 61c32dd2f
SCHED-TRACE 20103 5809 P 49 61d4add2f
SCHED-TRACE 20104 5809 I 40 31432b
SCHED-TRACE 20105 5809 B 40 7b
SCHED-TRACE 20106 5809 P 40 6193ab438
SCHED-TRACE 20107 5809 R 40 6193ab438
SCHED-TRACE 20108 5810 U 4 31442e
SCHED-TRACE 20109 5810 V 4 3144af
SCHED-TRACE 20110 5810 O 0 0
SCHED-TRACE 20111 5810 P 40 61ad4f1a9
SCHED-TRACE 20112 5811 K 43 6141476c8
SCHED-TRACE 20113 5811 P 40 61c463957
SCHED-TRACE 20114 5812 P 40 61d5e1061
SCHED-TRACE 20115 5812 I 43 3149b8
SCHED-TRACE 20116 5812 B 43 7a
SCHED-TRACE 20117 5812 P 43 6193ab439
SCHED-TRACE 20118 5812 R 43 6193ab439
SCHED-TRACE 20119 5813 U 4 314abb
SCHED-TRACE 20120 5813 V 4 314b3c
SCHED-TRACE 20121 5813 O 0 0
SCHED-TRACE 20122 5813 P 43 61ad4c8b4
SCHED-TRACE 20123 5814 K 46 6148eb439
SCHED-TRACE 20124 5814 P 43 61c461062
SCHED-TRACE 20125 5815 P 43 61d5de76c
SCHED-TRACE 20126 5815 I 46 315045
SCHED-TRACE 20127 5815 B 46 7a
SCHED-TRACE 20128 5815 P 46 619b54395
SCHED-TRACE 20129 5815 R 46 619b54395
SCHED-TRACE 20130 5816 U 4 315148
SCHED-TRACE 20131 5816 V 4 3151c9
SCHED-TRACE 20132 5816 O 0 0
SCHED-TRACE 20133 5816 P 46 61b4f0625
SCHED-TRACE 20134 5817 K 46 61b4f0625
SCHED-TRACE 20135 5817 P 46 61cc076c9
SCHED-TRACE 20136 5818 I 46 3156d2
SCHED-TRACE 20137 5818 B 46 7b
SCHED-TRACE 20138 5818 P 46 622ff2f1a
SCHED-TRACE 20139 5818 R 46 622ff2f1a
SCHED-TRACE 20140 5819 U 4 3157d5
SCHED-TRACE 20141 5819 V 4 315856
SCHED-TRACE 20142 5819 O 0 0
SCHED-TRACE 20143 5819 P 46 62498c8b4
SCHED-TRACE 20144 5820 K 73 61c95e76c
SCHED-TRACE 20145 5820 P 46 6260a1062
SCHED-TRACE 20146 5821 P 46 62721e76c
SCHED-TRACE 20147 5821 I 73 315d5f
SCHED-TRACE 20148 5821 B 73 7a
SCHED-TRACE 20149 5821 P 73 621bcc8b4
SCHED-TRACE 20150 5821 R 73 621bcc8b4
SCHED-TRACE 20151 5822 U 4 315e61
SCHED-TRACE 20152 5822 V 4 315ee2
SCHED-TRACE 20153 5822 O 0 0
SCHED-TRACE 20154 5822 P 73 62354c8b4
SCHED-TRACE 20155 5823 K 76 61c9ab439
SCHED-TRACE 20156 5823 P 73 624c61062
SCHED-TRACE 20157 5824 P 73 625ddbe76
SCHED-TRACE 20158 5824 I 76 3163eb
SCHED-TRACE 20159 5824 B 76 7a
SCHED-TRACE 20160 5824 P 76 621c1e76c
SCHED-TRACE 20161 5824 R 76 621c1e76c
SCHED-TRACE 20162 5825 U 4 3164ed
SCHED-TRACE 20163 5825 V 4 31656e
SCHED-TRACE 20164 5825 O 0 0
SCHED-TRACE 20165 5825 P 76 62359be76
SCHED-TRACE 20166 5826 K 70 61c9b8105
SCHED-TRACE 20167 5826 P 76 624cb0624
SCHED-TRACE 20168 5827 P 76 625e2b439
SCHED-TRACE 20169 5827 I 70 316a77
SCHED-TRACE 20170 5827 B 70 7a
SCHED-TRACE 20171 5827 P 70 621c2dd2e
SCHED-TRACE 20172 5827 R 70 621c2dd2e
SCHED-TRACE 20173 5828 U 4 316b79
SCHED-TRACE 20174 5828 V 4 316bfa
SCHED-TRACE 20175 5828 O 0 0
SCHED-TRACE 20176 5828 P 70 6235add2e
SCHED-TRACE 20177 5829 K 31 61c9ba9fb
SCHED-TRACE 20178 5829 P 70 624cc24dc
SCHED-TRACE 20179 5830 P 70 625e3a9fb
SCHED-TRACE 20180 5830 I 31 317103
SCHED-TRACE 20181 5830 B 31 7a
SCHED-TRACE 20182 5830 P 31 621c30624
SCHED-TRACE 20183 5830 R 31 621c30624
SCHED-TRACE 20184 5831 U 4 317204
SCHED-TRACE 20185 5831 V 4 317286
SCHED-TRACE 20186 5831 O 0 0
SCHED-TRACE 20187 5831 P 31 6235a8b43
SCHED-TRACE 20188 5832 K 67 61ca1be76
SCHED-TRACE 20189 5832 P 31 624cbd2f1
SCHED-TRACE 20190 5833 P 31 625e35810
SCHED-TRACE 20191 5833 I 67 31778e
SCHED-TRACE 20192 5833 B 67 7a
SCHED-TRACE 20193 5833 P 67 621c7fbe6
SCHED-TRACE 20194 5833 R 67 621c7fbe6
SCHED-TRACE 20195 5834 U 4 317890
SCHED-TRACE 20196 5834 V 4 317911
SCHED-TRACE 20197 5834 O 0 0
SCHED-TRACE 20198 5834 P 67 6236024dc
SCHED-TRACE 20199 5835 K 34 61cbe1062
SCHED-TRACE 20200 5835 P 67 624d16c8a
SCHED-TRACE 20201 5836 P 67 625e8f1a9
SCHED-TRACE 20202 5836 I 34 317e1a
SCHED-TRACE 20203 5836 B 34 7a
SCHED-TRACE 20204 5836 P 34 621e54395
SCHED-TRACE 20205 5836 R 34 621e54395
SCHED-TRACE 20206 5837 U 4 317f1b
SCHED-TRACE 20207 5837 V 4 317f9d
SCHED-TRACE 20208 5837 O 0 0
SCHED-TRACE 20209 5837 P 34 6237cc8b4
SCHED-TRACE 20210 5838 K 61 61cd8f1aa
SCHED-TRACE 20211 5838 P 34 624ee1062
SCHED-TRACE 20212 5839 P 34 626059581
SCHED-TRACE 20213 5839 I 61 3184a5
SCHED-TRACE 20214 5839 B 61 7b
SCHED-TRACE 20215 5839 P 61 621ff5810
SCHED-TRACE 20216 5839 R 61 621ff5810
SCHED-TRACE 20217 5840 U 4 3185a7
SCHED-TRACE 20218 5840 V 4 318629
SCHED-TRACE 20219 5840 O 0 0
SCHED-TRACE 20220 5840 P 61 6239824dd
SCHED-TRACE 20221 5841 K 64 61cd96c8a
SCHED-TRACE 20222 5841 P 61 625096c8b
SCHED-TRACE 20223 5842 P 61 626211aa0
SCHED-TRACE 20224 5842 I 64 318b31
SCHED-TRACE 20225 5842 B 64 7b
SCHED-TRACE 20226 5842 P 64 621ffa9fb
SCHED-TRACE 20227 5842 R 64 621ffa9fb
SCHED-TRACE 20228 5843 U 4 318c33
SCHED-TRACE 20229 5843 V 4 318cb5
SCHED-TRACE 20230 5843 O 0 0
SCHED-TRACE 20231 5843 P 64 6239876c8
SCHED-TRACE 20232 5844 K 55 61cd9e76c
SCHED-TRACE 20233 5844 P 64 62509be76
SCHED-TRACE 20234 5845 P 64 62621be76
SCHED-TRACE 20235 5845 I 55 3191bd
SCHED-TRACE 20236 5845 B 55 7a
SCHED-TRACE 20237 5845 P 55 621ffa9fc
SCHED-TRACE 20238 5845 R 55 621ffa9fc
SCHED-TRACE 20239 5846 U 4 3192c0
SCHED-TRACE 20240 5846 V 4 319341
SCHED-TRACE 20241 5846 O 0 0
SCHED-TRACE 20242 5846 P 55 62398f1aa
SCHED-TRACE 20243 5847 K 58 61ce19581
SCHED-TRACE 20244 5847 P 55 6250a3958
SCHED-TRACE 20245 5848 P 55 62621e76c
SCHED-TRACE 20246 5848 I 58 319849
SCHED-TRACE 20247 5848 B 58 7b
SCHED-TRACE 20248 5848 P 58 622078106
SCHED-TRACE 20249 5848 R 58 622078106
SCHED-TRACE 20250 5849 U 4 31994c
SCHED-TRACE 20251 5849 V 4 3199cd
SCHED-TRACE 20252 5849 O 0 0
SCHED-TRACE 20253 5849 P 58 623a09fbe
SCHED-TRACE 20254 5850 K 52 61d01be76
SCHED-TRACE 20255 5850 P 58 62511e76c
SCHED-TRACE 20256 5851 P 58 62629be76
SCHED-TRACE 20257 5851 I 52 319ed5
SCHED-TRACE 20258 5851 B 52 7b
SCHED-TRACE 20259 5851 P 52 622278105
SCHED-TRACE 20260 5851 R 52 622278105
SCHED-TRACE 20261 5852 U 4 319fd8
SCHED-TRACE 20262 5852 V 4 31a059
SCHED-TRACE 20263 5852 O 0 0
SCHED-TRACE 20264 5852 P 52 623c0f1a9
SCHED-TRACE 20265 5853 K 49 61d4add2f
SCHED-TRACE 20266 5853 P 52 625323957
SCHED-TRACE 20267 5854 P 52 6264a1062
SCHED-TRACE 20268 5854 I 49 31a562
SCHED-TRACE 20269 5854 B 49 7a
SCHED-TRACE 20270 5854 P 49 62271be76
SCHED-TRACE 20271 5854 R 49 62271be76
SCHED-TRACE 20272 5855 U 4 31a665
SCHED-TRACE 20273 5855 V 4 31a6e6
SCHED-TRACE 20274 5855 O 0 0
SCHED-TRACE 20275 5855 P 49 6240b8106
SCHED-TRACE 20276 5856 K 37 61d5de76c
SCHED-TRACE 20277 5856 P 49 6257cc8b4
SCHED-TRACE 20278 5857 P 49 62694c8b4
SCHED-TRACE 20279 5857 I 37 31abef
SCHED-TRACE 20280 5857 B 37 7a
SCHED-TRACE 20281 5857 P 37 6228476c8
SCHED-TRACE 20282 5857 R 37 6228476c8
SCHED-TRACE 20283 5858 U 4 31acf2
SCHED-TRACE 20284 5858 V 4 31ad73
SCHED-TRACE 20285 5858 O 0 0
SCHED-TRACE 20286 5858 P 37 6241edd2f
SCHED-TRACE 20287 5859 K 43 61d5de76c
SCHED-TRACE 20288 5859 P 37 625904dd2
SCHED-TRACE 20289 5860 P 37 626a7fbe7
SCHED-TRACE 20290 5860 I 43 31b27c
SCHED-TRACE 20291 5860 B 43 7b
SCHED-TRACE 20292 5860 P 43 622844dd2
SCHED-TRACE 20293 5860 R 43 622844dd2
SCHED-TRACE 20294 5861 U 4 31b37f
SCHED-TRACE 20295 5861 V 4 31b400
SCHED-TRACE 20296 5861 O 0 0
SCHED-TRACE 20297 5861 P 43 6241e624d
SCHED-TRACE 20298 5862 K 40 61d5e1061
SCHED-TRACE 20299 5862 P 43 6258fa9fb
SCHED-TRACE 20300 5863 P 43 626a78105
SCHED-TRACE 20301 5863 I 40 31b909
SCHED-TRACE 20302 5863 B 40 7a
SCHED-TRACE 20303 5863 P 40 6228476c8
SCHED-TRACE 20304 5863 R 40 6228476c8
SCHED-TRACE 20305 5864 U 4 31ba0c
SCHED-TRACE 20306 5864 V 4 31ba8d
SCHED-TRACE 20307 5864 O 0 0
SCHED-TRACE 20308 5864 P 40 6241eb438
SCHED-TRACE 20309 5865 K 40 6241eb438
SCHED-TRACE 20310 5865 P 40 6258ffbe6
SCHED-TRACE 20311 5866 I 40 31bf96
SCHED-TRACE 20312 5866 B 40 7a
SCHED-TRACE 20313 5866 P 40 62bce3957
SCHED-TRACE 20314 5866 R 40 62bce3957
SCHED-TRACE 20315 5867 U 4 31c099
SCHED-TRACE 20316 5867 V 4 31c11a
SCHED-TRACE 20317 5867 O 0 0
SCHED-TRACE 20318 5867 P 40 62d684dd2
SCHED-TRACE 20319 5868 K 73 625ddbe76
SCHED-TRACE 20320 5868 P 40 62ed99580
SCHED-TRACE 20321 5869 P 40 62ff14394
SCHED-TRACE 20322 5869 I 73 31c623
SCHED-TRACE 20323 5869 B 73 7a
SCHED-TRACE 20324 5869 P 73 62b0476c8
SCHED-TRACE 20325 5869 R 73 62b0476c8
SCHED-TRACE 20326 5870 U 4 31c725
SCHED-TRACE 20327 5870 V 4 31c7a6
SCHED-TRACE 20328 5870 O 0 0
SCHED-TRACE 20329 5870 P 73 62c9c76c8
SCHED-TRACE 20330 5871 K 76 625e2b439
SCHED-TRACE 20331 5871 P 73 62e0dbe76
SCHED-TRACE 20332 5872 P 73 62f254395
SCHED-TRACE 20333 5872 I 76 31ccaf
SCHED-TRACE 20334 5872 B 76 7a
SCHED-TRACE 20335 5872 P 76 62b0a1062
SCHED-TRACE 20336 5872 R 76 62b0a1062
SCHED-TRACE 20337 5873 U 4 31cdb1
SCHED-TRACE 20338 5873 V 4 31ce32
SCHED-TRACE 20339 5873 O 0 0
SCHED-TRACE 20340 5873 P 76 62ca1be76
SCHED-TRACE 20341 5874 K 31 625e35810
SCHED-TRACE 20342 5874 P 76 62e130624
SCHED-TRACE 20343 5875 P 76 62f2a8b43
SCHED-TRACE 20344 5875 I 31 31d33a
SCHED-TRACE 20345 5875 B 31 7b
SCHED-TRACE 20346 5875 P 31 62b096c8b
SCHED-TRACE 20347 5875 R 31 62b096c8b
SCHED-TRACE 20348 5876 U 4 31d43b
SCHED-TRACE 20349 5876 V 4 31d4bd
SCHED-TRACE 20350 5876 O 0 0
SCHED-TRACE 20351 5876 P 31 62ca0f1a9
SCHED-TRACE 20352 5877 K 70 625e3a9fb
SCHED-TRACE 20353 5877 P 31 62e123957
SCHED-TRACE 20354 5878 P 31 62f29be76
SCHED-TRACE 20355 5878 I 70 31d9c5
SCHED-TRACE 20356 5878 B 70 7a
SCHED-TRACE 20357 5878 P 70 62b09e76c
SCHED-TRACE 20358 5878 R 70 62b09e76c
SCHED-TRACE 20359 5879 U 4 31dac7
SCHED-TRACE 20360 5879 V 4 31db48
SCHED-TRACE 20361 5879 O 0 0
SCHED-TRACE 20362 5879 P 70 62ca21061
SCHED-TRACE 20363 5880 K 67 625e8f1a9
SCHED-TRACE 20364 5880 P 70 62e132f1a
SCHED-TRACE 20365 5881 P 70 62f2ab438
SCHED-TRACE 20366 5881 I 67 31e051
SCHED-TRACE 20367 5881 B 67 7a
SCHED-TRACE 20368 5881 P 67 62b104dd2
SCHED-TRACE 20369 5881 R 67 62b104dd2
SCHED-TRACE 20370 5882 U 4 31e153
SCHED-TRACE 20371 5882 V 4 31e1d4
SCHED-TRACE 20372 5882 O 0 0
SCHED-TRACE 20373 5882 P 67 62ca876c8
SCHED-TRACE 20374 5883 K 34 626059581
SCHED-TRACE 20375 5883 P 67 62e19be76
SCHED-TRACE 20376 5884 P 67 62f311a9f
SCHED-TRACE 20377 5884 I 34 31e6dd
SCHED-TRACE 20378 5884 B 34 7b
SCHED-TRACE 20379 5884 P 34 62b2d1a9f
SCHED-TRACE 20380 5884 R 34 62b2d1a9f
SCHED-TRACE 20381 5885 U 4 31e7de
SCHED-TRACE 20382 5885 V 4 31e860
SCHED-TRACE 20383 5885 O 0 0
SCHED-TRACE 20384 5885 P 34 62cc476c8
SCHED-TRACE 20385 5886 K 61 626211aa0
SCHED-TRACE 20386 5886 P 34 62e35be76
SCHED-TRACE 20387 5887 P 34 62f4d6c8b
SCHED-TRACE 20388 5887 I 61 31ed68
SCHED-TRACE 20389 5887 B 61 7a
SCHED-TRACE 20390 5887 P 61 62b472f1a
SCHED-TRACE 20391 5887 R 61 62b472f1a
SCHED-TRACE 20392 5888 U 4 31ee6a
SCHED-TRACE 20393 5888 V 4 31eeeb
SCHED-TRACE 20394 5888 O 0 0
SCHED-TRACE 20395 5888 P 61 62cdffbe7
SCHED-TRACE 20396 5889 K 64 62621be76
SCHED-TRACE 20397 5889 P 61 62e514395
SCHED-TRACE 20398 5890 P 61 62f68f1aa
SCHED-TRACE 20399 5890 I 64 31f3f4
SCHED-TRACE 20400 5890 B 64 7a
SCHED-TRACE 20401 5890 P 64 62b4824dc
SCHED-TRACE 20402 5890 R 64 62b4824dc
SCHED-TRACE 20403 5891 U 4 31f4f6
SCHED-TRACE 20404 5891 V 4 31f577
SCHED-TRACE 20405 5891 O 0 0
SCHED-TRACE 20406 5891 P 64 62ce0f1a9
SCHED-TRACE 20407 5892 K 55 62621e76c
SCHED-TRACE 20408 5892 P 64 62e523957
SCHED-TRACE 20409 5893 P 64 62f6a1061
SCHED-TRACE 20410 5893 I 55 31fa80
SCHED-TRACE 20411 5893 B 55 7a
SCHED-TRACE 20412 5893 P 55 62b47fbe7
SCHED-TRACE 20413 5893 R 55 62b47fbe7
SCHED-TRACE 20414 5894 U 4 31fb82
SCHED-TRACE 20415 5894 V 4 31fc04
SCHED-TRACE 20416 5894 O 0 0
SCHED-TRACE 20417 5894 P 55 62ce11aa0
SCHED-TRACE 20418 5895 K 58 62629be76
SCHED-TRACE 20419 5895 P 55 62e52624e
SCHED-TRACE 20420 5896 P 55 62f6a1062
SCHED-TRACE 20421 5896 I 58 32010c
SCHED-TRACE 20422 5896 B 58 7b
SCHED-TRACE 20423 5896 P 58 62b4fd2f1
SCHED-TRACE 20424 5896 R 58 62b4fd2f1
SCHED-TRACE 20425 5897 U 4 32020e
SCHED-TRACE 20426 5897 V 4 320290
SCHED-TRACE 20427 5897 O 0 0
SCHED-TRACE 20428 5897 P 58 62ce8c8b4
SCHED-TRACE 20429 5898 K 52 6264a1062
SCHED-TRACE 20430 5898 P 58 62e5a1062
SCHED-TRACE 20431 5899 P 58 62f71be76
SCHED-TRACE 20432 5899 I 52 320798
SCHED-TRACE 20433 5899 B 52 7b
SCHED-TRACE 20434 5899 P 52 62b7024dc
SCHED-TRACE 20435 5899 R 52 62b7024dc
SCHED-TRACE 20436 5900 U 4 32089b
SCHED-TRACE 20437 5900 V 4 32091c
SCHED-TRACE 20438 5900 O 0 0
SCHED-TRACE 20439 5900 P 52 62d099580
SCHED-TRACE 20440 5901 K 49 62694c8b4
SCHED-TRACE 20441 5901 P 52 62e7add2e
SCHED-TRACE 20442 5902 P 52 62f92b439
SCHED-TRACE 20443 5902 I 49 320e25
SCHED-TRACE 20444 5902 B 49 7a
SCHED-TRACE 20445 5902 P 49 62bbbd2f1
SCHED-TRACE 20446 5902 R 49 62bbbd2f1
SCHED-TRACE 20447 5903 U 4 320f28
SCHED-TRACE 20448 5903 V 4 320fa9
SCHED-TRACE 20449 5903 O 0 0
SCHED-TRACE 20450 5903 P 49 62d559581
SCHED-TRACE 20451 5904 K 43 626a78105
SCHED-TRACE 20452 5904 P 49 62ec70625
SCHED-TRACE 20453 5905 P 49 62fdedd2f
SCHED-TRACE 20454 5905 I 43 3214b2
SCHED-TRACE 20455 5905 B 43 7b
SCHED-TRACE 20456 5905 P 43 62bce624d
SCHED-TRACE 20457 5905 R 43 62bce624d
SCHED-TRACE 20458 5906 U 4 3215b5
SCHED-TRACE 20459 5906 V 4 321636
SCHED-TRACE 20460 5906 O 0 0
SCHED-TRACE 20461 5906 P 43 62d684dd2
SCHED-TRACE 20462 5907 K 37 626a7fbe7
SCHED-TRACE 20463 5907 P 43 62ed99580
SCHED-TRACE 20464 5908 P 43 62ff16c8b
SCHED-TRACE 20465 5908 I 37 321b3f
SCHED-TRACE 20466 5908 B 37 7a
SCHED-TRACE 20467 5908 P 37 62bce8b43
SCHED-TRACE 20468 5908 R 37 62bce8b43
SCHED-TRACE 20469 5909 U 4 321c42
SCHED-TRACE 20470 5909 V 4 321cc3
SCHED-TRACE 20471 5909 O 0 0
SCHED-TRACE 20472 5909 P 37 62d68c8b4
SCHED-TRACE 20473 5910 K 46 62721e76c
SCHED-TRACE 20474 5910 P 37 62eda1062
SCHED-TRACE 20475 5911 P 37 62ff1e76c
SCHED-TRACE 20476 5911 I 46 3221cc
SCHED-TRACE 20477 5911 B 46 7a
SCHED-TRACE 20478 5911 P 46 62c484dd3
SCHED-TRACE 20479 5911 R 46 62c484dd3
SCHED-TRACE 20480 5912 U 4 3222cf
SCHED-TRACE 20481 5912 V 4 322350
SCHED-TRACE 20482 5912 O 0 0
SCHED-TRACE 20483 5912 P 46 62de21062
SCHED-TRACE 20484 5913 K 46 62de21062
SCHED-TRACE 20485 5913 P 46 62f535810
SCHED-TRACE 20486 5914 I 46 322859
SCHED-TRACE 20487 5914 B 46 7a
SCHED-TRACE 20488 5914 P 46 635921062
SCHED-TRACE 20489 5914 R 46 635921062
SCHED-TRACE 20490 5915 U 4 32295c
SCHED-TRACE 20491 5915 V 4 3229dd
SCHED-TRACE 20492 5915 O 0 0
SCHED-TRACE 20493 5915 P 46 6372ba9fc
SCHED-TRACE 20494 5916 K 73 62f254395
SCHED-TRACE 20495 5916 P 46 6389cf1aa
SCHED-TRACE 20496 5917 P 46 639b49fbe
SCHED-TRACE 20497 5917 I 73 322ee6
SCHED-TRACE 20498 5917 B 73 7a
SCHED-TRACE 20499 5917 P 73 6344c76c8
SCHED-TRACE 20500 5917 R 73 6344c76c8
SCHED-TRACE 20501 5918 U 4 322fe8
SCHED-TRACE 20502 5918 V 4 323069
SCHED-TRACE 20503 5918 O 0 0
SCHED-TRACE 20504 5918 P 73 635e44dd3
SCHED-TRACE 20505 5919 K 31 62f29be76
SCHED-TRACE 20506 5919 P 73 637559581
SCHED-TRACE 20507 5920 P 73 6386d1a9f
SCHED-TRACE 20508 5920 I 31 323572
SCHED-TRACE 20509 5920 B 31 7a
SCHED-TRACE 20510 5920 P 31 634514395
SCHED-TRACE 20511 5920 R 31 634514395
SCHED-TRACE 20512 5921 U 4 323673
SCHED-TRACE 20513 5921 V 4 3236f5
SCHED-TRACE 20514 5921 O 0 0
SCHED-TRACE 20515 5921 P 31 635e8c8b3
SCHED-TRACE 20516 5922 K 76 62f2a8b43
SCHED-TRACE 20517 5922 P 31 6375a1062
SCHED-TRACE 20518 5923 P 31 638719580
SCHED-TRACE 20519 5923 I 76 323bfd
SCHED-TRACE 20520 5923 B 76 7a
SCHED-TRACE 20521 5923 P 76 63450c8b4
SCHED-TRACE 20522 5923 R 76 63450c8b4
SCHED-TRACE 20523 5924 U 4 323cff
SCHED-TRACE 20524 5924 V 4 323d80
SCHED-TRACE 20525 5924 O 0 0
SCHED-TRACE 20526 5924 P 76 635e876c8
SCHED-TRACE 20527 5925 K 70 62f2ab438
SCHED-TRACE 20528 5925 P 76 63759be76
SCHED-TRACE 20529 5926 P 76 638714395
SCHED-TRACE 20530 5926 I 70 324288
SCHED-TRACE 20531 5926 B 70 7b
SCHED-TRACE 20532 5926 P 70 63450c8b3
SCHED-TRACE 20533 5926 R 70 63450c8b3
SCHED-TRACE 20534 5927 U 4 32438a
SCHED-TRACE 20535 5927 V 4 32440b
SCHED-TRACE 20536 5927 O 0 0
SCHED-TRACE 20537 5927 P 70 635e8c8b3
SCHED-TRACE 20538 5928 K 67 62f311a9f
SCHED-TRACE 20539 5928 P 70 6375a1061
SCHED-TRACE 20540 5929 P 70 638719580
SCHED-TRACE 20541 5929 I 67 324914
SCHED-TRACE 20542 5929 B 67 7b
SCHED-TRACE 20543 5929 P 67 6345876c8
SCHED-TRACE 20544 5929 R 67 6345876c8
SCHED-TRACE 20545 5930 U 4 324a16
SCHED-TRACE 20546 5930 V 4 324a97
SCHED-TRACE 20547 5930 O 0 0
SCHED-TRACE 20548 5930 P 67 635f09fbd
SCHED-TRACE 20549 5931 K 34 62f4d6c8b
SCHED-TRACE 20550 5931 P 67 63761e76c
SCHED-TRACE 20551 5932 P 67 638796c8a
SCHED-TRACE 20552 5932 I 34 324fa0
SCHED-TRACE 20553 5932 B 34 7a
SCHED-TRACE 20554 5932 P 34 634749fbe
SCHED-TRACE 20555 5932 R 34 634749fbe
SCHED-TRACE 20556 5933 U 4 3250a1
SCHED-TRACE 20557 5933 V 4 325123
SCHED-TRACE 20558 5933 O 0 0
SCHED-TRACE 20559 5933 P 34 6360c24dd
SCHED-TRACE 20560 5934 K 61 62f68f1aa
SCHED-TRACE 20561 5934 P 34 6377d4395
SCHED-TRACE 20562 5935 P 34 63894f1aa
SCHED-TRACE 20563 5935 I 61 32562b
SCHED-TRACE 20564 5935 B 61 7a
SCHED-TRACE 20565 5935 P 61 6348f2f1a
SCHED-TRACE 20566 5935 R 61 6348f2f1a
SCHED-TRACE 20567 5936 U 4 32572d
SCHED-TRACE 20568 5936 V 4 3257af
SCHED-TRACE 20569 5936 O 0 0
SCHED-TRACE 20570 5936 P 61 6362824dd
SCHED-TRACE 20571 5937 K 64 62f6a1061
SCHED-TRACE 20572 5937 P 61 637999581
SCHED-TRACE 20573 5938 P 61 638b14395
SCHED-TRACE 20574 5938 I 64 325cb7
SCHED-TRACE 20575 5938 B 64 7b
SCHED-TRACE 20576 5938 P 64 634904dd2
SCHED-TRACE 20577 5938 R 64 634904dd2
SCHED-TRACE 20578 5939 U 4 325db9
SCHED-TRACE 20579 5939 V 4 325e3b
SCHED-TRACE 20580 5939 O 0 0
SCHED-TRACE 20581 5939 P 64 636291a9f
SCHED-TRACE 20582 5940 K 55 62f6a1062
SCHED-TRACE 20583 5940 P 64 6379a624d
SCHED-TRACE 20584 5941 P 64 638b2624d
SCHED-TRACE 20585 5941 I 55 326343
SCHED-TRACE 20586 5941 B 55 7a
SCHED-TRACE 20587 5941 P 55 6348fd2f1
SCHED-TRACE 20588 5941 R 55 6348fd2f1
SCHED-TRACE 20589 5942 U 4 326446
SCHED-TRACE 20590 5942 V 4 3264c7
SCHED-TRACE 20591 5942 O 0 0
SCHED-TRACE 20592 5942 P 55 636291aa0
SCHED-TRACE 20593 5943 K 58 62f71be76
SCHED-TRACE 20594 5943 P 55 6379a8b43
SCHED-TRACE 20595 5944 P 55 638b23958
SCHED-TRACE 20596 5944 I 58 3269cf
SCHED-TRACE 20597 5944 B 58 7b
SCHED-TRACE 20598 5944 P 58 63497a9fb
SCHED-TRACE 20599 5944 R 58 63497a9fb
SCHED-TRACE 20600 5945 U 4 326ad2
SCHED-TRACE 20601 5945 V 4 326b53
SCHED-TRACE 20602 5945 O 0 0
SCHED-TRACE 20603 5945 P 58 63630c8b4
SCHED-TRACE 20604 5946 K 52 62f92b439
SCHED-TRACE 20605 5946 P 58 637a23958
SCHED-TRACE 20606 5947 P 58 638ba1062
SCHED-TRACE 20607 5947 I 52 32705b
SCHED-TRACE 20608 5947 B 52 7b
SCHED-TRACE 20609 5947 P 52 634b876c8
SCHED-TRACE 20610 5947 R 52 634b876c8
SCHED-TRACE 20611 5948 U 4 32715e
SCHED-TRACE 20612 5948 V 4 3271df
SCHED-TRACE 20613 5948 O 0 0
SCHED-TRACE 20614 5948 P 52 63651e76c
SCHED-TRACE 20615 5949 K 49 62fdedd2f
SCHED-TRACE 20616 5949 P 52 637c32f1a
SCHED-TRACE 20617 5950 P 52 638db0624
SCHED-TRACE 20618 5950 I 49 3276e8
SCHED-TRACE 20619 5950 B 49 7a
SCHED-TRACE 20620 5950 P 49 63505be76
SCHED-TRACE 20621 5950 R 49 63505be76
SCHED-TRACE 20622 5951 U 4 3277eb
SCHED-TRACE 20623 5951 V 4 32786c
SCHED-TRACE 20624 5951 O 0 0
SCHED-TRACE 20625 5951 P 49 6369f8106
SCHED-TRACE 20626 5952 K 40 62ff14394
SCHED-TRACE 20627 5952 P 49 63810c8b4
SCHED-TRACE 20628 5953 P 49 63928c8b4
SCHED-TRACE 20629 5953 I 40 327d75
SCHED-TRACE 20630 5953 B 40 7a
SCHED-TRACE 20631 5953 P 40 63517d2f1
SCHED-TRACE 20632 5953 R 40 63517d2f1
SCHED-TRACE 20633 5954 U 4 327e78
SCHED-TRACE 20634 5954 V 4 327ef9
SCHED-TRACE 20635 5954 O 0 0
SCHED-TRACE 20636 5954 P 40 636b21061
SCHED-TRACE 20637 5955 K 43 62ff16c8b
SCHED-TRACE 20638 5955 P 40 63823580f
SCHED-TRACE 20639 5956 P 40 6393b2f1a
SCHED-TRACE 20640 5956 I 43 328402
SCHED-TRACE 20641 5956 B 43 7a
SCHED-TRACE 20642 5956 P 43 63517d2f1
SCHED-TRACE 20643 5956 R 43 63517d2f1
SCHED-TRACE 20644 5957 U 4 328505
SCHED-TRACE 20645 5957 V 4 328586
SCHED-TRACE 20646 5957 O 0 0
SCHED-TRACE 20647 5957 P 43 636b1e76c
SCHED-TRACE 20648 5958 K 37 62ff1e76c
SCHED-TRACE 20649 5958 P 43 638232f1a
SCHED-TRACE 20650 5959 P 43 6393b0624
SCHED-TRACE 20651 5959 I 37 328a8f
SCHED-TRACE 20652 5959 B 37 7a
SCHED-TRACE 20653 5959 P 37 635184dd2
SCHED-TRACE 20654 5959 R 37 635184dd2
SCHED-TRACE 20655 5960 U 4 328b92
SCHED-TRACE 20656 5960 V 4 328c13
SCHED-TRACE 20657 5960 O 0 0
SCHED-TRACE 20658 5960 P 37 636b28b43
SCHED-TRACE 20659 5961 K 37 636b28b43
SCHED-TRACE 20660 5961 P 37 63823d2f1
SCHED-TRACE 20661 5962 I 37 32911c
SCHED-TRACE 20662 5962 B 37 7b
SCHED-TRACE 20663 5962 P 37 63e61e76c
SCHED-TRACE 20664 5962 R 37 63e61e76c
SCHED-TRACE 20665 5963 U 4 32921f
SCHED-TRACE 20666 5963 V 4 3292a0
SCHED-TRACE 20667 5963 O 0 0
SCHED-TRACE 20668 5963 P 37 63ffc24dd
SCHED-TRACE 20669 5964 K 73 6386d1a9f
SCHED-TRACE 20670 5964 P 37 6416d6c8b
SCHED-TRACE 20671 5965 P 37 642851a9f
SCHED-TRACE 20672 5965 I 73 3297a9
SCHED-TRACE 20673 5965 B 73 7a
SCHED-TRACE 20674 5965 P 73 63d938106
SCHED-TRACE 20675 5965 R 73 63d938106
SCHED-TRACE 20676 5966 U 4 3298ab
SCHED-TRACE 20677 5966 V 4 32992c
SCHED-TRACE 20678 5966 O 0 0
SCHED-TRACE 20679 5966 P 73 63f2b8106
SCHED-TRACE 20680 5967 K 76 638714395
SCHED-TRACE 20681 5967 P 73 6409cc8b4
SCHED-TRACE 20682 5968 P 73 641b44dd3
SCHED-TRACE 20683 5968 I 76 329e35
SCHED-TRACE 20684 5968 B 76 7b
SCHED-TRACE 20685 5968 P 76 63d989fbe
SCHED-TRACE 20686 5968 R 76 63d989fbe
SCHED-TRACE 20687 5969 U 4 329f37
SCHED-TRACE 20688 5969 V 4 329fb8
SCHED-TRACE 20689 5969 O 0 0
SCHED-TRACE 20690 5969 P 76 63f304dd2
SCHED-TRACE 20691 5970 K 31 638719580
SCHED-TRACE 20692 5970 P 76 640a1be76
SCHED-TRACE 20693 5971 P 76 641b94395
SCHED-TRACE 20694 5971 I 31 32a4c1
SCHED-TRACE 20695 5971 B 31 7b
SCHED-TRACE 20696 5971 P 31 63d991a9f
SCHED-TRACE 20697 5971 R 31 63d991a9f
SCHED-TRACE 20698 5972 U 4 32a5c3
SCHED-TRACE 20699 5972 V 4 32a644
SCHED-TRACE 20700 5972 O 0 0
SCHED-TRACE 20701 5972 P 31 63f309fbe
SCHED-TRACE 20702 5973 K 70 638719580
SCHED-TRACE 20703 5973 P 31 640a1be76
SCHED-TRACE 20704 5974 P 31 641b96c8b
SCHED-TRACE 20705 5974 I 70 32ab4c
SCHED-TRACE 20706 5974 B 70 7a
SCHED-TRACE 20707 5974 P 70 63d97a9fb
SCHED-TRACE 20708 5974 R 70 63d97a9fb
SCHED-TRACE 20709 5975 U 4 32ac4e
SCHED-TRACE 20710 5975 V 4 32accf
SCHED-TRACE 20711 5975 O 0 0
SCHED-TRACE 20712 5975 P 70 63f2fd2f1
SCHED-TRACE 20713 5976 K 67 638796c8a
SCHED-TRACE 20714 5976 P 70 640a11a9f
SCHED-TRACE 20715 5977 P 70 641b89fbe
SCHED-TRACE 20716 5977 I 67 32b1d8
SCHED-TRACE 20717 5977 B 67 7b
SCHED-TRACE 20718 5977 P 67 63da0c8b3
SCHED-TRACE 20719 5977 R 67 63da0c8b3
SCHED-TRACE 20720 5978 U 4 32b2da
SCHED-TRACE 20721 5978 V 4 32b35b
SCHED-TRACE 20722 5978 O 0 0
SCHED-TRACE 20723 5978 P 67 63f38c8b3
SCHED-TRACE 20724 5979 K 34 63894f1aa
SCHED-TRACE 20725 5979 P 67 640aa1061
SCHED-TRACE 20726 5980 P 67 641c16c8a
SCHED-TRACE 20727 5980 I 34 32b864
SCHED-TRACE 20728 5980 B 34 7a
SCHED-TRACE 20729 5980 P 34 63dbc4dd3
SCHED-TRACE 20730 5980 R 34 63dbc4dd3
SCHED-TRACE 20731 5981 U 4 32b965
SCHED-TRACE 20732 5981 V 4 32b9e7
SCHED-TRACE 20733 5981 O 0 0
SCHED-TRACE 20734 5981 P 34 63f53a9fb
SCHED-TRACE 20735 5982 K 61 638b14395
SCHED-TRACE 20736 5982 P 34 640c4f1aa
SCHED-TRACE 20737 5983 P 34 641dc9fbe
SCHED-TRACE 20738 5983 I 61 32beef
SCHED-TRACE 20739 5983 B 61 7a
SCHED-TRACE 20740 5983 P 61 63dd78106
SCHED-TRACE 20741 5983 R 61 63dd78106
SCHED-TRACE 20742 5984 U 4 32bff1
SCHED-TRACE 20743 5984 V 4 32c073
SCHED-TRACE 20744 5984 O 0 0
SCHED-TRACE 20745 5984 P 61 63f709fbe
SCHED-TRACE 20746 5985 K 55 638b23958
SCHED-TRACE 20747 5985 P 61 640e1e76c
SCHED-TRACE 20748 5986 P 61 641f9be77
SCHED-TRACE 20749 5986 I 55 32c57b
SCHED-TRACE 20750 5986 B 55 7a
SCHED-TRACE 20751 5986 P 55 63dd824dd
SCHED-TRACE 20752 5986 R 55 63dd824dd
SCHED-TRACE 20753 5987 U 4 32c67e
SCHED-TRACE 20754 5987 V 4 32c6ff
SCHED-TRACE 20755 5987 O 0 0
SCHED-TRACE 20756 5987 P 55 63f716c8b
SCHED-TRACE 20757 5988 K 64 638b2624d
SCHED-TRACE 20758 5988 P 55 640e2dd2f
SCHED-TRACE 20759 5989 P 55 641fa8b43
SCHED-TRACE 20760 5989 I 64 32cc07
SCHED-TRACE 20761 5989 B 64 7b
SCHED-TRACE 20762 5989 P 64 63dd84dd2
SCHED-TRACE 20763 5989 R 64 63dd84dd2
SCHED-TRACE 20764 5990 U 4 32cd09
SCHED-TRACE 20765 5990 V 4 32cd8a
SCHED-TRACE 20766 5990 O 0 0
SCHED-TRACE 20767 5990 P 64 63f711a9f
SCHED-TRACE 20768 5991 K 58 638ba1062
SCHED-TRACE 20769 5991 P 64 640e2624d
SCHED-TRACE 20770 5992 P 64 641fa3957
SCHED-TRACE 20771 5992 I 58 32d293
SCHED-TRACE 20772 5992 B 58 7a
SCHED-TRACE 20773 5992 P 58 63de024dd
SCHED-TRACE 20774 5992 R 58 63de024dd
SCHED-TRACE 20775 5993 U 4 32d396
SCHED-TRACE 20776 5993 V 4 32d417
SCHED-TRACE 20777 5993 O 0 0
SCHED-TRACE 20778 5993 P 58 63f796c8b
SCHED-TRACE 20779 5994 K 52 638db0624
SCHED-TRACE 20780 5994 P 58 640eab439
SCHED-TRACE 20781 5995 P 58 642028b43
SCHED-TRACE 20782 5995 I 52 32d91f
SCHED-TRACE 20783 5995 B 52 7a
SCHED-TRACE 20784 5995 P 52 63e00c8b3
SCHED-TRACE 20785 5995 R 52 63e00c8b3
SCHED-TRACE 20786 5996 U 4 32da22
SCHED-TRACE 20787 5996 V 4 32daa3
SCHED-TRACE 20788 5996 O 0 0
SCHED-TRACE 20789 5996 P 52 63f9a624d
SCHED-TRACE 20790 5997 K 49 63928c8b4
SCHED-TRACE 20791 5997 P 52 6410ba9fb
SCHED-TRACE 20792 5998 P 52 642238105
SCHED-TRACE 20793 5998 I 49 32dfac
SCHED-TRACE 20794 5998 B 49 7a
SCHED-TRACE 20795 5998 P 49 63e4fa9fc
SCHED-TRACE 20796 5998 R 49 63e4fa9fc
SCHED-TRACE 20797 5999 U 4 32e0af
SCHED-TRACE 20798 5999 V 4 32e130
SCHED-TRACE 20799 5999 O 0 0
SCHED-TRACE 20800 5999 P 49 63fe96c8b
SCHED-TRACE 20801 6000 K 43 6393b0624
SCHED-TRACE 20802 6000 P 49 6415ab439
SCHED-TRACE 20803 6001 P 49 64272b439
SCHED-TRACE 20804 6001 I 43 32e639
SCHED-TRACE 20805 6001 B 43 7a
SCHED-TRACE 20806 6001 P 43 63e616c8b
SCHED-TRACE 20807 6001 R 43 63e616c8b
SCHED-TRACE 20808 6002 U 4 32e73c
SCHED-TRACE 20809 6002 V 4 32e7bd
SCHED-TRACE 20810 6002 O 0 0
SCHED-TRACE 20811 6002 P 43 63ffb8105
SCHED-TRACE 20812 6003 K 40 6393b2f1a
SCHED-TRACE 20813 6003 P 43 6416cc8b4
SCHED-TRACE 20814 6004 P 43 642849fbe
SCHED-TRACE 20815 6004 I 40 32ecc6
SCHED-TRACE 20816 6004 B 40 7b
SCHED-TRACE 20817 6004 P 40 63e61be76
SCHED-TRACE 20818 6004 R 40 63e61be76
SCHED-TRACE 20819 6005 U 4 32edc9
SCHED-TRACE 20820 6005 V 4 32ee4a
SCHED-TRACE 20821 6005 O 0 0
SCHED-TRACE 20822 6005 P 40 63ffbd2f1
SCHED-TRACE 20823 6006 K 46 639b49fbe
SCHED-TRACE 20824 6006 P 40 6416d1a9f
SCHED-TRACE 20825 6007 P 40 64284c8b3
SCHED-TRACE 20826 6007 I 46 32f353
SCHED-TRACE 20827 6007 B 46 7b
SCHED-TRACE 20828 6007 P 46 63edb2f1a
SCHED-TRACE 20829 6007 R 46 63edb2f1a
SCHED-TRACE 20830 6008 U 4 32f456
SCHED-TRACE 20831 6008 V 4 32f4d7
SCHED-TRACE 20832 6008 O 0 0
SCHED-TRACE 20833 6008 P 46 64074f1aa
SCHED-TRACE 20834 6009 K 46 64074f1aa
SCHED-TRACE 20835 6009 P 46 641e63958
SCHED-TRACE 20836 6010 I 46 32f9e0
SCHED-TRACE 20837 6010 B 46 7a
SCHED-TRACE 20838 6010 P 46 64824c8b4
SCHED-TRACE 20839 6010 R 46 64824c8b4
SCHED-TRACE 20840 6011 U 4 32fae3
SCHED-TRACE 20841 6011 V 4 32fb64
SCHED-TRACE 20842 6011 O 0 0
SCHED-TRACE 20843 6011 P 46 649be8b43
SCHED-TRACE 20844 6012 K 73 641b44dd3
SCHED-TRACE 20845 6012 P 46 64b2fd2f2
SCHED-TRACE 20846 6013 P 46 64c478106
SCHED-TRACE 20847 6013 I 73 33006d
SCHED-TRACE 20848 6013 B 73 7a
SCHED-TRACE 20849 6013 P 73 646db5810
SCHED-TRACE 20850 6013 R 73 646db5810
SCHED-TRACE 20851 6014 U 4 33016f
SCHED-TRACE 20852 6014 V 4 3301f0
SCHED-TRACE 20853 6014 O 0 0
SCHED-TRACE 20854 6014 P 73 648738106
SCHED-TRACE 20855 6015 K 70 641b89fbe
SCHED-TRACE 20856 6015 P 73 649e4c8b4
SCHED-TRACE 20857 6016 P 73 64afc76c8
SCHED-TRACE 20858 6016 I 70 3306f9
SCHED-TRACE 20859 6016 B 70 7a
SCHED-TRACE 20860 6016 P 70 646dfa9fb
SCHED-TRACE 20861 6016 R 70 646dfa9fb
SCHED-TRACE 20862 6017 U 4 3307fb
SCHED-TRACE 20863 6017 V 4 33087c
SCHED-TRACE 20864 6017 O 0 0
SCHED-TRACE 20865 6017 P 70 64877d2f1
SCHED-TRACE 20866 6018 K 76 641b94395
SCHED-TRACE 20867 6018 P 70 649e91a9f
SCHED-TRACE 20868 6019 P 70 64b009fbe
SCHED-TRACE 20869 6019 I 76 330d85
SCHED-TRACE 20870 6019 B 76 7b
SCHED-TRACE 20871 6019 P 76 646e076c8
SCHED-TRACE 20872 6019 R 76 646e076c8
SCHED-TRACE 20873 6020 U 4 330e87
SCHED-TRACE 20874 6020 V 4 330f08
SCHED-TRACE 20875 6020 O 0 0
SCHED-TRACE 20876 6020 P 76 6487824dd
SCHED-TRACE 20877 6021 K 31 641b96c8b
SCHED-TRACE 20878 6021 P 76 649e96c8b
SCHED-TRACE 20879 6022 P 76 64b00f1a9
SCHED-TRACE 20880 6022 I 31 331410
SCHED-TRACE 20881 6022 B 31 7b
SCHED-TRACE 20882 6022 P 31 646df8105
SCHED-TRACE 20883 6022 R 31 646df8105
SCHED-TRACE 20884 6023 U 4 331511
SCHED-TRACE 20885 6023 V 4 331593
SCHED-TRACE 20886 6023 O 0 0
SCHED-TRACE 20887 6023 P 31 648770624
SCHED-TRACE 20888 6024 K 67 641c16c8a
SCHED-TRACE 20889 6024 P 31 649e84dd2
SCHED-TRACE 20890 6025 P 31 64affd2f1
SCHED-TRACE 20891 6025 I 67 331a9b
SCHED-TRACE 20892 6025 B 67 7a
SCHED-TRACE 20893 6025 P 67 646e7a9fb
SCHED-TRACE 20894 6025 R 67 646e7a9fb
SCHED-TRACE 20895 6026 U 4 331b9d
SCHED-TRACE 20896 6026 V 4 331c1e
SCHED-TRACE 20897 6026 O 0 0
SCHED-TRACE 20898 6026 P 67 6487fd2f1
SCHED-TRACE 20899 6027 K 34 641dc9fbe
SCHED-TRACE 20900 6027 P 67 649f11a9f
SCHED-TRACE 20901 6028 P 67 64b0876c8
SCHED-TRACE 20902 6028 I 34 332127
SCHED-TRACE 20903 6028 B 34 7b
SCHED-TRACE 20904 6028 P 34 6470424dd
SCHED-TRACE 20905 6028 R 34 6470424dd
SCHED-TRACE 20906 6029 U 4 332228
SCHED-TRACE 20907 6029 V 4 3322aa
SCHED-TRACE 20908 6029 O 0 0
SCHED-TRACE 20909 6029 P 34 6489b8106
SCHED-TRACE 20910 6030 K 61 641f9be77
SCHED-TRACE 20911 6030 P 34 64a0cc8b4
SCHED-TRACE 20912 6031 P 34 64b2476c8
SCHED-TRACE 20913 6031 I 61 3327b2
SCHED-TRACE 20914 6031 B 61 7a
SCHED-TRACE 20915 6031 P 61 6471fd2f2
SCHED-TRACE 20916 6031 R 61 6471fd2f2
SCHED-TRACE 20917 6032 U 4 3328b4
SCHED-TRACE 20918 6032 V 4 332935
SCHED-TRACE 20919 6032 O 0 0
SCHED-TRACE 20920 6032 P 61 648b89fbe
SCHED-TRACE 20921 6033 K 64 641fa3957
SCHED-TRACE 20922 6033 P 61 64a29e76c
SCHED-TRACE 20923 6034 P 61 64b419581
SCHED-TRACE 20924 6034 I 64 332e3e
SCHED-TRACE 20925 6034 B 64 7a
SCHED-TRACE 20926 6034 P 64 647209fbe
SCHED-TRACE 20927 6034 R 64 647209fbe
SCHED-TRACE 20928 6035 U 4 332f40
SCHED-TRACE 20929 6035 V 4 332fc1
SCHED-TRACE 20930 6035 O 0 0
SCHED-TRACE 20931 6035 P 64 648b96c8a
SCHED-TRACE 20932 6036 K 55 641fa8b43
SCHED-TRACE 20933 6036 P 64 64a2ab439
SCHED-TRACE 20934 6037 P 64 64b428b43
SCHED-TRACE 20935 6037 I 55 3334ca
SCHED-TRACE 20936 6037 B 55 7a
SCHED-TRACE 20937 6037 P 55 647209fbe
SCHED-TRACE 20938 6037 R 55 647209fbe
SCHED-TRACE 20939 6038 U 4 3335cc
SCHED-TRACE 20940 6038 V 4 33364e
SCHED-TRACE 20941 6038 O 0 0
SCHED-TRACE 20942 6038 P 55 648b9be77
SCHED-TRACE 20943 6039 K 58 642028b43
SCHED-TRACE 20944 6039 P 55 64a2b0625
SCHED-TRACE 20945 6040 P 55 64b42b439
SCHED-TRACE 20946 6040 I 58 333b56
SCHED-TRACE 20947 6040 B 58 7a
SCHED-TRACE 20948 6040 P 58 647289fbe
SCHED-TRACE 20949 6040 R 58 647289fbe
SCHED-TRACE 20950 6041 U 4 333c58
SCHED-TRACE 20951 6041 V 4 333cda
SCHED-TRACE 20952 6041 O 0 0
SCHED-TRACE 20953 6041 P 58 648c1be76
SCHED-TRACE 20954 6042 K 52 642238105
SCHED-TRACE 20955 6042 P 58 64a332f1a
SCHED-TRACE 20956 6043 P 58 64b4add2f
SCHED-TRACE 20957 6043 I 52 3341e2
SCHED-TRACE 20958 6043 B 52 7b
SCHED-TRACE 20959 6043 P 52 647499580
SCHED-TRACE 20960 6043 R 52 647499580
SCHED-TRACE 20961 6044 U 4 3342e5
SCHED-TRACE 20962 6044 V 4 334366
SCHED-TRACE 20963 6044 O 0 0
SCHED-TRACE 20964 6044 P 52 648e30624
SCHED-TRACE 20965 6045 K 49 64272b439
SCHED-TRACE 20966 6045 P 52 64a544dd2
SCHED-TRACE 20967 6046 P 52 64b6c24dc
SCHED-TRACE 20968 6046 I 49 33486f
SCHED-TRACE 20969 6046 B 49 7a
SCHED-TRACE 20970 6046 P 49 64799be76
SCHED-TRACE 20971 6046 R 49 64799be76
SCHED-TRACE 20972 6047 U 4 334972
SCHED-TRACE 20973 6047 V 4 3349f3
SCHED-TRACE 20974 6047 O 0 0
SCHED-TRACE 20975 6047 P 49 649335810
SCHED-TRACE 20976 6048 K 43 642849fbe
SCHED-TRACE 20977 6048 P 49 64aa4c8b4
SCHED-TRACE 20978 6049 P 49 64bbc76c8
SCHED-TRACE 20979 6049 I 43 334efc
SCHED-TRACE 20980 6049 B 43 7b
SCHED-TRACE 20981 6049 P 43 647abd2f1
SCHED-TRACE 20982 6049 R 43 647abd2f1
SCHED-TRACE 20983 6050 U 4 334fff
SCHED-TRACE 20984 6050 V 4 335080
SCHED-TRACE 20985 6050 O 0 0
SCHED-TRACE 20986 6050 P 43 64945be76
SCHED-TRACE 20987 6051 K 40 64284c8b3
SCHED-TRACE 20988 6051 P 43 64ab70624
SCHED-TRACE 20989 6052 P 43 64bcedd2e
SCHED-TRACE 20990 6052 I 40 335589
SCHED-TRACE 20991 6052 B 40 7a
SCHED-TRACE 20992 6052 P 40 647ab580f
SCHED-TRACE 20993 6052 R 40 647ab580f
SCHED-TRACE 20994 6053 U 4 33568c
SCHED-TRACE 20995 6053 V 4 33570d
SCHED-TRACE 20996 6053 O 0 0
SCHED-TRACE 20997 6053 P 40 649459580
SCHED-TRACE 20998 6054 K 37 642851a9f
SCHED-TRACE 20999 6054 P 40 64ab6dd2e
SCHED-TRACE 21000 6055 P 40 64bceb438
SCHED-TRACE 21001 6055 I 37 335c16
SCHED-TRACE 21002 6055 B 37 7a
SCHED-TRACE 21003 6055 P 37 647ab8106
SCHED-TRACE 21004 6055 R 37 647ab8106
SCHED-TRACE 21005 6056 U 4 335d19
SCHED-TRACE 21006 6056 V 4 335d9a
SCHED-TRACE 21007 6056 O 0 0
SCHED-TRACE 21008 6056 P 37 64945be76
SCHED-TRACE 21009 6057 K 37 64945be76
SCHED-TRACE 21010 6057 P 37 64ab70624
SCHED-TRACE 21011 6058 I 37 3362a3
SCHED-TRACE 21012 6058 B 37 7a
SCHED-TRACE 21013 6058 P 37 650f54395
SCHED-TRACE 21014 6058 R 37 650f54395
SCHED-TRACE 21015 6059 U 4 3363a6
SCHED-TRACE 21016 6059 V 4 336427
SCHED-TRACE 21017 6059 O 0 0
SCHED-TRACE 21018 6059 P 37 6528f8106
SCHED-TRACE 21019 6060 K 73 64afc76c8
SCHED-TRACE 21020 6060 P 37 654009fbe
SCHED-TRACE 21021 6061 P 37 655184dd2
SCHED-TRACE 21022 6061 I 73 336930
SCHED-TRACE 21023 6061 B 73 7a
SCHED-TRACE 21024 6061 P 73 650232f1a
SCHED-TRACE 21025 6061 R 73 650232f1a
SCHED-TRACE 21026 6062 U 4 336a32
SCHED-TRACE 21027 6062 V 4 336ab3
SCHED-TRACE 21028 6062 O 0 0
SCHED-TRACE 21029 6062 P 73 651bb2f1a
SCHED-TRACE 21030 6063 K 31 64affd2f1
SCHED-TRACE 21031 6063 P 73 6532c4dd3
SCHED-TRACE 21032 6064 P 73 65443fbe7
SCHED-TRACE 21033 6064 I 31 336fbc
SCHED-TRACE 21034 6064 B 31 7a
SCHED-TRACE 21035 6064 P 31 650272f1a
SCHED-TRACE 21036 6064 R 31 650272f1a
SCHED-TRACE 21037 6065 U 4 3370be
SCHED-TRACE 21038 6065 V 4 33713f
SCHED-TRACE 21039 6065 O 0 0
SCHED-TRACE 21040 6065 P 31 651bedd2e
SCHED-TRACE 21041 6066 K 70 64b009fbe
SCHED-TRACE 21042 6066 P 31 6533024dc
SCHED-TRACE 21043 6067 P 31 65447d2f1
SCHED-TRACE 21044 6067 I 70 337647
SCHED-TRACE 21045 6067 B 70 7a
SCHED-TRACE 21046 6067 P 70 650268b43
SCHED-TRACE 21047 6067 R 70 650268b43
SCHED-TRACE 21048 6068 U 4 337749
SCHED-TRACE 21049 6068 V 4 3377ca
SCHED-TRACE 21050 6068 O 0 0
SCHED-TRACE 21051 6068 P 70 651be8b43
SCHED-TRACE 21052 6069 K 76 64b00f1a9
SCHED-TRACE 21053 6069 P 70 6532fd2f1
SCHED-TRACE 21054 6070 P 70 654475810
SCHED-TRACE 21055 6070 I 76 337cd3
SCHED-TRACE 21056 6070 B 76 7a
SCHED-TRACE 21057 6070 P 76 650284dd2
SCHED-TRACE 21058 6070 R 76 650284dd2
SCHED-TRACE 21059 6071 U 4 337dd5
SCHED-TRACE 21060 6071 V 4 337e56
SCHED-TRACE 21061 6071 O 0 0
SCHED-TRACE 21062 6071 P 76 651bffbe7
SCHED-TRACE 21063 6072 K 67 64b0876c8
SCHED-TRACE 21064 6072 P 76 653314395
SCHED-TRACE 21065 6073 P 76 65448c8b4
SCHED-TRACE 21066 6073 I 67 33835e
SCHED-TRACE 21067 6073 B 67 7a
SCHED-TRACE 21068 6073 P 67 6502e8b43
SCHED-TRACE 21069 6073 R 67 6502e8b43
SCHED-TRACE 21070 6074 U 4 338460
SCHED-TRACE 21071 6074 V 4 3384e1
SCHED-TRACE 21072 6074 O 0 0
SCHED-TRACE 21073 6074 P 67 651c6b438
SCHED-TRACE 21074 6075 K 34 64b2476c8
SCHED-TRACE 21075 6075 P 67 65337fbe6
SCHED-TRACE 21076 6076 P 67 6544f8105
SCHED-TRACE 21077 6076 I 34 3389ea
SCHED-TRACE 21078 6076 B 34 7a
SCHED-TRACE 21079 6076 P 34 6504bd2f1
SCHED-TRACE 21080 6076 R 34 6504bd2f1
SCHED-TRACE 21081 6077 U 4 338aeb
SCHED-TRACE 21082 6077 V 4 338b6d
SCHED-TRACE 21083 6077 O 0 0
SCHED-TRACE 21084 6077 P 34 651e35810
SCHED-TRACE 21085 6078 K 61 64b419581
SCHED-TRACE 21086 6078 P 34 653549fbe
SCHED-TRACE 21087 6079 P 34 6546c24dd
SCHED-TRACE 21088 6079 I 61 339075
SCHED-TRACE 21089 6079 B 61 7b
SCHED-TRACE 21090 6079 P 61 65067fbe7
SCHED-TRACE 21091 6079 R 61 65067fbe7
SCHED-TRACE 21092 6080 U 4 339177
SCHED-TRACE 21093 6080 V 4 3391f8
SCHED-TRACE 21094 6080 O 0 0
SCHED-TRACE 21095 6080 P 61 65200c8b4
SCHED-TRACE 21096 6081 K 64 64b428b43
SCHED-TRACE 21097 6081 P 61 653721062
SCHED-TRACE 21098 6082 P 61 65489be77
SCHED-TRACE 21099 6082 I 64 339701
SCHED-TRACE 21100 6082 B 64 7a
SCHED-TRACE 21101 6082 P 64 65068c8b3
SCHED-TRACE 21102 6082 R 64 65068c8b3
SCHED-TRACE 21103 6083 U 4 339803
SCHED-TRACE 21104 6083 V 4 339884
SCHED-TRACE 21105 6083 O 0 0
SCHED-TRACE 21106 6083 P 64 652019580
SCHED-TRACE 21107 6084 K 55 64b42b439
SCHED-TRACE 21108 6084 P 64 65372dd2e
SCHED-TRACE 21109 6085 P 64 6548ab439
SCHED-TRACE 21110 6085 I 55 339d8d
SCHED-TRACE 21111 6085 B 55 7b
SCHED-TRACE 21112 6085 P 55 65068f1aa
SCHED-TRACE 21113 6085 R 55 65068f1aa
SCHED-TRACE 21114 6086 U 4 339e90
SCHED-TRACE 21115 6086 V 4 339f11
SCHED-TRACE 21116 6086 O 0 0
SCHED-TRACE 21117 6086 P 55 652021062
SCHED-TRACE 21118 6087 K 58 64b4add2f
SCHED-TRACE 21119 6087 P 55 653735810
SCHED-TRACE 21120 6088 P 55 6548b0625
SCHED-TRACE 21121 6088 I 58 33a419
SCHED-TRACE 21122 6088 B 58 7a
SCHED-TRACE 21123 6088 P 58 65070c8b4
SCHED-TRACE 21124 6088 R 58 65070c8b4
SCHED-TRACE 21125 6089 U 4 33a51b
SCHED-TRACE 21126 6089 V 4 33a59d
SCHED-TRACE 21127 6089 O 0 0
SCHED-TRACE 21128 6089 P 58 65209e76c
SCHED-TRACE 21129 6090 K 52 64b6c24dc
SCHED-TRACE 21130 6090 P 58 6537b2f1a
SCHED-TRACE 21131 6091 P 58 654930624
SCHED-TRACE 21132 6091 I 52 33aaa5
SCHED-TRACE 21133 6091 B 52 7a
SCHED-TRACE 21134 6091 P 52 650921062
SCHED-TRACE 21135 6091 R 52 650921062
SCHED-TRACE 21136 6092 U 4 33aba8
SCHED-TRACE 21137 6092 V 4 33ac29
SCHED-TRACE 21138 6092 O 0 0
SCHED-TRACE 21139 6092 P 52 6522b8105
SCHED-TRACE 21140 6093 K 49 64bbc76c8
SCHED-TRACE 21141 6093 P 52 6539cc8b3
SCHED-TRACE 21142 6094 P 52 654b476c8
SCHED-TRACE 21143 6094 I 49 33b132
SCHED-TRACE 21144 6094 B 49 7b
SCHED-TRACE 21145 6094 P 49 650e3d2f1
SCHED-TRACE 21146 6094 R 49 650e3d2f1
SCHED-TRACE 21147 6095 U 4 33b235
SCHED-TRACE 21148 6095 V 4 33b2b6
SCHED-TRACE 21149 6095 O 0 0
SCHED-TRACE 21150 6095 P 49 6527d9581
SCHED-TRACE 21151 6096 K 40 64bceb438
SCHED-TRACE 21152 6096 P 49 653eedd2f
SCHED-TRACE 21153 6097 P 49 65506dd2f
SCHED-TRACE 21154 6097 I 40 33b7bf
SCHED-TRACE 21155 6097 B 40 7a
SCHED-TRACE 21156 6097 P 40 650f51a9f
SCHED-TRACE 21157 6097 R 40 650f51a9f
SCHED-TRACE 21158 6098 U 4 33b8c2
SCHED-TRACE 21159 6098 V 4 33b943
SCHED-TRACE 21160 6098 O 0 0
SCHED-TRACE 21161 6098 P 40 6528f2f1a
SCHED-TRACE 21162 6099 K 43 64bcedd2e
SCHED-TRACE 21163 6099 P 40 6540076c8
SCHED-TRACE 21164 6100 P 40 6551824dc
SCHED-TRACE 21165 6100 I 43 33be4c
SCHED-TRACE 21166 6100 B 43 7a
SCHED-TRACE 21167 6100 P 43 650f56c8b
SCHED-TRACE 21168 6100 R 43 650f56c8b
SCHED-TRACE 21169 6101 U 4 33bf4f
SCHED-TRACE 21170 6101 V 4 33bfd0
SCHED-TRACE 21171 6101 O 0 0
SCHED-TRACE 21172 6101 P 43 6528f5810
SCHED-TRACE 21173 6102 K 46 64c478106
SCHED-TRACE 21174 6102 P 43 654009fbe
SCHED-TRACE 21175 6103 P 43 655184dd2
SCHED-TRACE 21176 6103 I 46 33c4d9
SCHED-TRACE 21177 6103 B 46 7a
SCHED-TRACE 21178 6103 P 46 6516e624e
SCHED-TRACE 21179 6103 R 46 6516e624e
SCHED-TRACE 21180 6104 U 4 33c5dc
SCHED-TRACE 21181 6104 V 4 33c65d
SCHED-TRACE 21182 6104 O 0 0
SCHED-TRACE 21183 6104 P 46 65307fbe7
SCHED-TRACE 21184 6105 K 46 65307fbe7
SCHED-TRACE 21185 6105 P 46 654794395
SCHED-TRACE 21186 6106 I 46 33cb66
SCHED-TRACE 21187 6106 B 46 7a
SCHED-TRACE 21188 6106 P 46 65ab7fbe7
SCHED-TRACE 21189 6106 R 46 65ab7fbe7
SCHED-TRACE 21190 6107 U 4 33cc69
SCHED-TRACE 21191 6107 V 4 33ccea
SCHED-TRACE 21192 6107 O 0 0
SCHED-TRACE 21193 6107 P 46 65c51be77
SCHED-TRACE 21194 6108 K 73 65443fbe7
SCHED-TRACE 21195 6108 P 46 65dc2dd2f
SCHED-TRACE 21196 6109 P 46 65eda8b43
SCHED-TRACE 21197 6109 I 73 33d1f3
SCHED-TRACE 21198 6109 B 73 7a
SCHED-TRACE 21199 6109 P 73 6596b2f1a
SCHED-TRACE 21200 6109 R 73 6596b2f1a
SCHED-TRACE 21201 6110 U 4 33d2f5
SCHED-TRACE 21202 6110 V 4 33d376
SCHED-TRACE 21203 6110 O 0 0
SCHED-TRACE 21204 6110 P 73 65b032f1a
SCHED-TRACE 21205 6111 K 70 654475810
SCHED-TRACE 21206 6111 P 73 65c7476c8
SCHED-TRACE 21207 6112 P 73 65d8c24dd
SCHED-TRACE 21208 6112 I 70 33d87f
SCHED-TRACE 21209 6112 B 70 7a
SCHED-TRACE 21210 6112 P 70 6596e8b43
SCHED-TRACE 21211 6112 R 70 6596e8b43
SCHED-TRACE 21212 6113 U 4 33d981
SCHED-TRACE 21213 6113 V 4 33da02
SCHED-TRACE 21214 6113 O 0 0
SCHED-TRACE 21215 6113 P 70 65b06b438
SCHED-TRACE 21216 6114 K 31 65447d2f1
SCHED-TRACE 21217 6114 P 70 65c77d2f1
SCHED-TRACE 21218 6115 P 70 65d8f5810
SCHED-TRACE 21219 6115 I 31 33df0b
SCHED-TRACE 21220 6115 B 31 7a
SCHED-TRACE 21221 6115 P 31 6596f2f1a
SCHED-TRACE 21222 6115 R 31 6596f2f1a
SCHED-TRACE 21223 6116 U 4 33e00c
SCHED-TRACE 21224 6116 V 4 33e08e
SCHED-TRACE 21225 6116 O 0 0
SCHED-TRACE 21226 6116 P 31 65b06b439
SCHED-TRACE 21227 6117 K 76 65448c8b4
SCHED-TRACE 21228 6117 P 31 65c77fbe7
SCHED-TRACE 21229 6118 P 31 65d8f8105
SCHED-TRACE 21230 6118 I 76 33e596
SCHED-TRACE 21231 6118 B 76 7a
SCHED-TRACE 21232 6118 P 76 6596f0624
SCHED-TRACE 21233 6118 R 76 6596f0624
SCHED-TRACE 21234 6119 U 4 33e698
SCHED-TRACE 21235 6119 V 4 33e719
SCHED-TRACE 21236 6119 O 0 0
SCHED-TRACE 21237 6119 P 76 65b06b439
SCHED-TRACE 21238 6120 K 67 6544f8105
SCHED-TRACE 21239 6120 P 76 65c77fbe7
SCHED-TRACE 21240 6121 P 76 65d8f8106
SCHED-TRACE 21241 6121 I 67 33ec21
SCHED-TRACE 21242 6121 B 67 7a
SCHED-TRACE 21243 6121 P 67 659759580
SCHED-TRACE 21244 6121 R 67 659759580
SCHED-TRACE 21245 6122 U 4 33ed23
SCHED-TRACE 21246 6122 V 4 33eda4
SCHED-TRACE 21247 6122 O 0 0
SCHED-TRACE 21248 6122 P 67 65b0dbe76
SCHED-TRACE 21249 6123 K 34 6546c24dd
SCHED-TRACE 21250 6123 P 67 65c7f0624
SCHED-TRACE 21251 6124 P 67 65d968b43
SCHED-TRACE 21252 6124 I 34 33f2ad
SCHED-TRACE 21253 6124 B 34 7a
SCHED-TRACE 21254 6124 P 34 659938106
SCHED-TRACE 21255 6124 R 34 659938106
SCHED-TRACE 21256 6125 U 4 33f3ae
SCHED-TRACE 21257 6125 V 4 33f430
SCHED-TRACE 21258 6125 O 0 0
SCHED-TRACE 21259 6125 P 34 65b2b0624
SCHED-TRACE 21260 6126 K 61 65489be77
SCHED-TRACE 21261 6126 P 34 65c9c4dd3
SCHED-TRACE 21262 6127 P 34 65db3d2f1
SCHED-TRACE 21263 6127 I 61 33f938
SCHED-TRACE 21264 6127 B 61 7b
SCHED-TRACE 21265 6127 P 61 659b024dd
SCHED-TRACE 21266 6127 R 61 659b024dd
SCHED-TRACE 21267 6128 U 4 33fa3a
SCHED-TRACE 21268 6128 V 4 33fabb
SCHED-TRACE 21269 6128 O 0 0
SCHED-TRACE 21270 6128 P 61 65b48f1aa
SCHED-TRACE 21271 6129 K 64 6548ab439
SCHED-TRACE 21272 6129 P 61 65cba3958
SCHED-TRACE 21273 6130 P 61 65dd1e76c
SCHED-TRACE 21274 6130 I 64 33ffc4
SCHED-TRACE 21275 6130 B 64 7a
SCHED-TRACE 21276 6130 P 64 659b0f1a9
SCHED-TRACE 21277 6130 R 64 659b0f1a9
SCHED-TRACE 21278 6131 U 4 3400c6
SCHED-TRACE 21279 6131 V 4 340147
SCHED-TRACE 21280 6131 O 0 0
SCHED-TRACE 21281 6131 P 64 65b49be76
SCHED-TRACE 21282 6132 K 55 6548b0625
SCHED-TRACE 21283 6132 P 64 65cbb0624
SCHED-TRACE 21284 6133 P 64 65dd2dd2e
SCHED-TRACE 21285 6133 I 55 340650
SCHED-TRACE 21286 6133 B 55 7b
SCHED-TRACE 21287 6133 P 55 659b14395
SCHED-TRACE 21288 6133 R 55 659b14395
SCHED-TRACE 21289 6134 U 4 340753
SCHED-TRACE 21290 6134 V 4 3407d4
SCHED-TRACE 21291 6134 O 0 0
SCHED-TRACE 21292 6134 P 55 65b4a624e
SCHED-TRACE 21293 6135 K 58 654930624
SCHED-TRACE 21294 6135 P 55 65cbba9fc
SCHED-TRACE 21295 6136 P 55 65dd35810
SCHED-TRACE 21296 6136 I 58 340cdc
SCHED-TRACE 21297 6136 B 58 7a
SCHED-TRACE 21298 6136 P 58 659b8f1aa
SCHED-TRACE 21299 6136 R 58 659b8f1aa
SCHED-TRACE 21300 6137 U 4 340dde
SCHED-TRACE 21301 6137 V 4 340e60
SCHED-TRACE 21302 6137 O 0 0
SCHED-TRACE 21303 6137 P 58 65b521062
SCHED-TRACE 21304 6138 K 52 654b476c8
SCHED-TRACE 21305 6138 P 58 65cc35810
SCHED-TRACE 21306 6139 P 58 65ddb2f1a
SCHED-TRACE 21307 6139 I 52 341368
SCHED-TRACE 21308 6139 B 52 7a
SCHED-TRACE 21309 6139 P 52 659da624d
SCHED-TRACE 21310 6139 R 52 659da624d
SCHED-TRACE 21311 6140 U 4 34146b
SCHED-TRACE 21312 6140 V 4 3414ec
SCHED-TRACE 21313 6140 O 0 0
SCHED-TRACE 21314 6140 P 52 65b73d2f1
SCHED-TRACE 21315 6141 K 49 65506dd2f
SCHED-TRACE 21316 6141 P 52 65ce51a9f
SCHED-TRACE 21317 6142 P 52 65dfcc8b3
SCHED-TRACE 21318 6142 I 49 3419f5
SCHED-TRACE 21319 6142 B 49 7b
SCHED-TRACE 21320 6142 P 49 65a2e3958
SCHED-TRACE 21321 6142 R 49 65a2e3958
SCHED-TRACE 21322 6143 U 4 341af8
SCHED-TRACE 21323 6143 V 4 341b79
SCHED-TRACE 21324 6143 O 0 0
SCHED-TRACE 21325 6143 P 49 65bc7d2f1
SCHED-TRACE 21326 6144 K 40 6551824dc
SCHED-TRACE 21327 6144 P 49 65d391a9f
SCHED-TRACE 21328 6145 P 49 65e50f1aa
SCHED-TRACE 21329 6145 I 40 342082
SCHED-TRACE 21330 6145 B 40 7a
SCHED-TRACE 21331 6145 P 40 65a3edd2e
SCHED-TRACE 21332 6145 R 40 65a3edd2e
SCHED-TRACE 21333 6146 U 4 342185
SCHED-TRACE 21334 6146 V 4 342206
SCHED-TRACE 21335 6146 O 0 0
SCHED-TRACE 21336 6146 P 40 65bd91a9f
SCHED-TRACE 21337 6147 K 37 655184dd2
SCHED-TRACE 21338 6147 P 40 65d4a624d
SCHED-TRACE 21339 6148 P 40 65e623957
SCHED-TRACE 21340 6148 I 37 34270f
SCHED-TRACE 21341 6148 B 37 7a
SCHED-TRACE 21342 6148 P 37 65a3eb439
SCHED-TRACE 21343 6148 R 37 65a3eb439
SCHED-TRACE 21344 6149 U 4 342812
SCHED-TRACE 21345 6149 V 4 342893
SCHED-TRACE 21346 6149 O 0 0
SCHED-TRACE 21347 6149 P 37 65bd8f1a9
SCHED-TRACE 21348 6150 K 43 655184dd2
SCHED-TRACE 21349 6150 P 37 65d4a3958
SCHED-TRACE 21350 6151 P 37 65e621062
SCHED-TRACE 21351 6151 I 43 342d9c
SCHED-TRACE 21352 6151 B 43 7a
SCHED-TRACE 21353 6151 P 43 65a3eb439
SCHED-TRACE 21354 6151 R 43 65a3eb439
SCHED-TRACE 21355 6152 U 4 342e9f
SCHED-TRACE 21356 6152 V 4 342f20
SCHED-TRACE 21357 6152 O 0 0
SCHED-TRACE 21358 6152 P 43 65bd89fbe
SCHED-TRACE 21359 6153 K 43 65bd89fbe
SCHED-TRACE 21360 6153 P 43 65d49e76c
SCHED-TRACE 21361 6154 I 43 343429
SCHED-TRACE 21362 6154 B 43 7a
SCHED-TRACE 21363 6154 P 43 6638876c8
SCHED-TRACE 21364 6154 R 43 6638876c8
SCHED-TRACE 21365 6155 U 4 34352c
SCHED-TRACE 21366 6155 V 4 3435ad
SCHED-TRACE 21367 6155 O 0 0
SCHED-TRACE 21368 6155 P 43 665223957
SCHED-TRACE 21369 6156 K 73 65d8c24dd
SCHED-TRACE 21370 6156 P 43 666938105
SCHED-TRACE 21371 6157 P 43 667ab2f1a
SCHED-TRACE 21372 6157 I 73 343ab6
SCHED-TRACE 21373 6157 B 73 7a
SCHED-TRACE 21374 6157 P 73 662b32f1a
SCHED-TRACE 21375 6157 R 73 662b32f1a
SCHED-TRACE 21376 6158 U 4 343bb8
SCHED-TRACE 21377 6158 V 4 343c39
SCHED-TRACE 21378 6158 O 0 0
SCHED-TRACE 21379 6158 P 73 6644b2f1a
SCHED-TRACE 21380 6159 K 70 65d8f5810
SCHED-TRACE 21381 6159 P 73 665bc76c8
SCHED-TRACE 21382 6160 P 73 666d424dd
SCHED-TRACE 21383 6160 I 70 344142
SCHED-TRACE 21384 6160 B 70 7a
SCHED-TRACE 21385 6160 P 70 662b68b43
SCHED-TRACE 21386 6160 R 70 662b68b43
SCHED-TRACE 21387 6161 U 4 344244
SCHED-TRACE 21388 6161 V 4 3442c5
SCHED-TRACE 21389 6161 O 0 0
SCHED-TRACE 21390 6161 P 70 6644e8b43
SCHED-TRACE 21391 6162 K 31 65d8f8105
SCHED-TRACE 21392 6162 P 70 665bfd2f1
SCHED-TRACE 21393 6163 P 70 666d75810
SCHED-TRACE 21394 6163 I 31 3447ce
SCHED-TRACE 21395 6163 B 31 7a
SCHED-TRACE 21396 6163 P 31 662b6dd2e
SCHED-TRACE 21397 6163 R 31 662b6dd2e
SCHED-TRACE 21398 6164 U 4 3448cf
SCHED-TRACE 21399 6164 V 4 344951
SCHED-TRACE 21400 6164 O 0 0
SCHED-TRACE 21401 6164 P 31 6644e624d
SCHED-TRACE 21402 6165 K 76 65d8f8106
SCHED-TRACE 21403 6165 P 31 665bfa9fb
SCHED-TRACE 21404 6166 P 31 666d72f1a
SCHED-TRACE 21405 6166 I 76 344e59
SCHED-TRACE 21406 6166 B 76 7a
SCHED-TRACE 21407 6166 P 76 662b5be76
SCHED-TRACE 21408 6166 R 76 662b5be76
SCHED-TRACE 21409 6167 U 4 344f5b
SCHED-TRACE 21410 6167 V 4 344fdc
SCHED-TRACE 21411 6167 O 0 0
SCHED-TRACE 21412 6167 P 76 6644d6c8b
SCHED-TRACE 21413 6168 K 67 65d968b43
SCHED-TRACE 21414 6168 P 76 665beb439
SCHED-TRACE 21415 6169 P 76 666d63957
SCHED-TRACE 21416 6169 I 67 3454e4
SCHED-TRACE 21417 6169 B 67 7b
SCHED-TRACE 21418 6169 P 67 662bcc8b3
SCHED-TRACE 21419 6169 R 67 662bcc8b3
SCHED-TRACE 21420 6170 U 4 3455e6
SCHED-TRACE 21421 6170 V 4 345667
SCHED-TRACE 21422 6170 O 0 0
SCHED-TRACE 21423 6170 P 67 66454c8b3
SCHED-TRACE 21424 6171 K 34 65db3d2f1
SCHED-TRACE 21425 6171 P 67 665c61061
SCHED-TRACE 21426 6172 P 67 666dd9580
SCHED-TRACE 21427 6172 I 34 345b70
SCHED-TRACE 21428 6172 B 34 7a
SCHED-TRACE 21429 6172 P 34 662db0624
SCHED-TRACE 21430 6172 R 34 662db0624
SCHED-TRACE 21431 6173 U 4 345c71
SCHED-TRACE 21432 6173 V 4 345cf3
SCHED-TRACE 21433 6173 O 0 0
SCHED-TRACE 21434 6173 P 34 66472624d
SCHED-TRACE 21435 6174 K 61 65dd1e76c
SCHED-TRACE 21436 6174 P 34 665e3a9fb
SCHED-TRACE 21437 6175 P 34 666fb5810
SCHED-TRACE 21438 6175 I 61 3461fb
SCHED-TRACE 21439 6175 B 61 7a
SCHED-TRACE 21440 6175 P 61 662f824dd
SCHED-TRACE 21441 6175 R 61 662f824dd
SCHED-TRACE 21442 6176 U 4 3462fd
SCHED-TRACE 21443 6176 V 4 34637f
SCHED-TRACE 21444 6176 O 0 0
SCHED-TRACE 21445 6176 P 61 664911aa0
SCHED-TRACE 21446 6177 K 64 65dd2dd2e
SCHED-TRACE 21447 6177 P 61 66602624e
SCHED-TRACE 21448 6178 P 61 6671a3958
SCHED-TRACE 21449 6178 I 64 346887
SCHED-TRACE 21450 6178 B 64 7a
SCHED-TRACE 21451 6178 P 64 662f8f1a9
SCHED-TRACE 21452 6178 R 64 662f8f1a9
SCHED-TRACE 21453 6179 U 4 346989
SCHED-TRACE 21454 6179 V 4 346a0b
SCHED-TRACE 21455 6179 O 0 0
SCHED-TRACE 21456 6179 P 64 66491e76c
SCHED-TRACE 21457 6180 K 55 65dd35810
SCHED-TRACE 21458 6180 P 64 666032f1a
SCHED-TRACE 21459 6181 P 64 6671b2f1a
SCHED-TRACE 21460 6181 I 55 346f13
SCHED-TRACE 21461 6181 B 55 7a
SCHED-TRACE 21462 6181 P 55 662f91aa0
SCHED-TRACE 21463 6181 R 55 662f91aa0
SCHED-TRACE 21464 6182 U 4 347016
SCHED-TRACE 21465 6182 V 4 347097
SCHED-TRACE 21466 6182 O 0 0
SCHED-TRACE 21467 6182 P 55 66492624e
SCHED-TRACE 21468 6183 K 58 65ddb2f1a
SCHED-TRACE 21469 6183 P 55 66603a9fc
SCHED-TRACE 21470 6184 P 55 6671b8106
SCHED-TRACE 21471 6184 I 58 34759f
SCHED-TRACE 21472 6184 B 58 7a
SCHED-TRACE 21473 6184 P 58 66300f1aa
SCHED-TRACE 21474 6184 R 58 66300f1aa
SCHED-TRACE 21475 6185 U 4 3476a2
SCHED-TRACE 21476 6185 V 4 347723
SCHED-TRACE 21477 6185 O 0 0
SCHED-TRACE 21478 6185 P 58 6649a3958
SCHED-TRACE 21479 6186 K 52 65dfcc8b3
SCHED-TRACE 21480 6186 P 58 6660ba9fb
SCHED-TRACE 21481 6187 P 58 667238106
SCHED-TRACE 21482 6187 I 52 347c2b
SCHED-TRACE 21483 6187 B 52 7b
SCHED-TRACE 21484 6187 P 52 663228b43
SCHED-TRACE 21485 6187 R 52 663228b43
SCHED-TRACE 21486 6188 U 4 347d2e
SCHED-TRACE 21487 6188 V 4 347daf
SCHED-TRACE 21488 6188 O 0 0
SCHED-TRACE 21489 6188 P 52 664bbfbe7
SCHED-TRACE 21490 6189 K 49 65e50f1aa
SCHED-TRACE 21491 6189 P 52 6662d4395
SCHED-TRACE 21492 6190 P 52 667451a9f
SCHED-TRACE 21493 6190 I 49 3482b8
SCHED-TRACE 21494 6190 B 49 7a
SCHED-TRACE 21495 6190 P 49 66377d2f1
SCHED-TRACE 21496 6190 R 49 66377d2f1
SCHED-TRACE 21497 6191 U 4 3483bb
SCHED-TRACE 21498 6191 V 4 34843c
SCHED-TRACE 21499 6191 O 0 0
SCHED-TRACE 21500 6191 P 49 66511be76
SCHED-TRACE 21501 6192 K 37 65e621062
SCHED-TRACE 21502 6192 P 49 666830625
SCHED-TRACE 21503 6193 P 49 6679b0625
SCHED-TRACE 21504 6193 I 37 348945
SCHED-TRACE 21505 6193 B 37 7a
SCHED-TRACE 21506 6193 P 37 6638876c8
SCHED-TRACE 21507 6193 R 37 6638876c8
SCHED-TRACE 21508 6194 U 4 348a48
SCHED-TRACE 21509 6194 V 4 348ac9
SCHED-TRACE 21510 6194 O 0 0
SCHED-TRACE 21511 6194 P 37 66522dd2f
SCHED-TRACE 21512 6195 K 40 65e623957
SCHED-TRACE 21513 6195 P 37 6669424dd
SCHED-TRACE 21514 6196 P 37 667abfbe7
SCHED-TRACE 21515 6196 I 40 348fd2
SCHED-TRACE 21516 6196 B 40 7a
SCHED-TRACE 21517 6196 P 40 663884dd2
SCHED-TRACE 21518 6196 R 40 663884dd2
SCHED-TRACE 21519 6197 U 4 3490d5
SCHED-TRACE 21520 6197 V 4 349156
SCHED-TRACE 21521 6197 O 0 0
SCHED-TRACE 21522 6197 P 40 66522624d
SCHED-TRACE 21523 6198 K 46 65eda8b43
SCHED-TRACE 21524 6198 P 40 66693a9fb
SCHED-TRACE 21525 6199 P 40 667ab580f
SCHED-TRACE 21526 6199 I 46 34965f
SCHED-TRACE 21527 6199 B 46 7a
SCHED-TRACE 21528 6199 P 46 664011aa0
SCHED-TRACE 21529 6199 R 46 664011aa0
SCHED-TRACE 21530 6200 U 4 349762
SCHED-TRACE 21531 6200 V 4 3497e3
SCHED-TRACE 21532 6200 O 0 0
SCHED-TRACE 21533 6200 P 46 6659add2f
SCHED-TRACE 21534 6201 K 46 6659add2f
SCHED-TRACE 21535 6201 P 46 6670c24dd
SCHED-TRACE 21536 6202 I 46 349cec
SCHED-TRACE 21537 6202 B 46 7a
SCHED-TRACE 21538 6202 P 46 66d4ab439
SCHED-TRACE 21539 6202 R 46 66d4ab439
SCHED-TRACE 21540 6203 U 4 349def
SCHED-TRACE 21541 6203 V 4 349e70
SCHED-TRACE 21542 6203 O 0 0
SCHED-TRACE 21543 6203 P 46 66ee476c9
SCHED-TRACE 21544 6204 K 73 666d424dd
SCHED-TRACE 21545 6204 P 46 67055be77
SCHED-TRACE 21546 6205 P 46 6716d6c8b
SCHED-TRACE 21547 6205 I 73 34a379
SCHED-TRACE 21548 6205 B 73 7a
SCHED-TRACE 21549 6205 P 73 66bfb2f1a
SCHED-TRACE 21550 6205 R 73 66bfb2f1a
SCHED-TRACE 21551 6206 U 4 34a47b
SCHED-TRACE 21552 6206 V 4 34a4fc
SCHED-TRACE 21553 6206 O 0 0
SCHED-TRACE 21554 6206 P 73 66d932f1a
SCHED-TRACE 21555 6207 K 76 666d63957
SCHED-TRACE 21556 6207 P 73 66f0476c8
SCHED-TRACE 21557 6208 P 73 6701c24dd
SCHED-TRACE 21558 6208 I 76 34aa05
SCHED-TRACE 21559 6208 B 76 7a
SCHED-TRACE 21560 6208 P 76 66bfd6c8b
SCHED-TRACE 21561 6208 R 76 66bfd6c8b
SCHED-TRACE 21562 6209 U 4 34ab07
SCHED-TRACE 21563 6209 V 4 34ab88
SCHED-TRACE 21564 6209 O 0 0
SCHED-TRACE 21565 6209 P 76 66d951a9f
SCHED-TRACE 21566 6210 K 31 666d72f1a
SCHED-TRACE 21567 6210 P 76 66f06624d
SCHED-TRACE 21568 6211 P 76 6701de76c
SCHED-TRACE 21569 6211 I 31 34b090
SCHED-TRACE 21570 6211 B 31 7a
SCHED-TRACE 21571 6211 P 31 66bfd4395
SCHED-TRACE 21572 6211 R 31 66bfd4395
SCHED-TRACE 21573 6212 U 4 34b191
SCHED-TRACE 21574 6212 V 4 34b213
SCHED-TRACE 21575 6212 O 0 0
SCHED-TRACE 21576 6212 P 31 66d94c8b3
SCHED-TRACE 21577 6213 K 70 666d75810
SCHED-TRACE 21578 6213 P 31 66f061062
SCHED-TRACE 21579 6214 P 31 6701d9580
SCHED-TRACE 21580 6214 I 70 34b71b
SCHED-TRACE 21581 6214 B 70 7b
SCHED-TRACE 21582 6214 P 70 66bfdbe76
SCHED-TRACE 21583 6214 R 70 66bfdbe76
SCHED-TRACE 21584 6215 U 4 34b81d
SCHED-TRACE 21585 6215 V 4 34b89e
SCHED-TRACE 21586 6215 O 0 0
SCHED-TRACE 21587 6215 P 70 66d95be76
SCHED-TRACE 21588 6216 K 67 666dd9580
SCHED-TRACE 21589 6216 P 70 66f070624
SCHED-TRACE 21590 6217 P 70 6701e8b43
SCHED-TRACE 21591 6217 I 67 34bda7
SCHED-TRACE 21592 6217 B 67 7b
SCHED-TRACE 21593 6217 P 67 66c04f1a9
SCHED-TRACE 21594 6217 R 67 66c04f1a9
SCHED-TRACE 21595 6218 U 4 34bea9
SCHED-TRACE 21596 6218 V 4 34bf2a
SCHED-TRACE 21597 6218 O 0 0
SCHED-TRACE 21598 6218 P 67 66d9d1a9f
SCHED-TRACE 21599 6219 K 34 666fb5810
SCHED-TRACE 21600 6219 P 67 66f0e624d
SCHED-TRACE 21601 6220 P 67 67025e76c
SCHED-TRACE 21602 6220 I 34 34c433
SCHED-TRACE 21603 6220 B 34 7a
SCHED-TRACE 21604 6220 P 34 66c228b43
SCHED-TRACE 21605 6220 R 34 66c228b43
SCHED-TRACE 21606 6221 U 4 34c534
SCHED-TRACE 21607 6221 V 4 34c5b6
SCHED-TRACE 21608 6221 O 0 0
SCHED-TRACE 21609 6221 P 34 66dba1062
SCHED-TRACE 21610 6222 K 61 6671a3958
SCHED-TRACE 21611 6222 P 34 66f2b2f1a
SCHED-TRACE 21612 6223 P 34 67042dd2f
SCHED-TRACE 21613 6223 I 61 34cabe
SCHED-TRACE 21614 6223 B 61 7a
SCHED-TRACE 21615 6223 P 61 66c4076c9
SCHED-TRACE 21616 6223 R 61 66c4076c9
SCHED-TRACE 21617 6224 U 4 34cbc0
SCHED-TRACE 21618 6224 V 4 34cc41
SCHED-TRACE 21619 6224 O 0 0
SCHED-TRACE 21620 6224 P 61 66dd94395
SCHED-TRACE 21621 6225 K 64 6671b2f1a
SCHED-TRACE 21622 6225 P 61 66f4a8b43
SCHED-TRACE 21623 6226 P 61 670623958
SCHED-TRACE 21624 6226 I 64 34d14a
SCHED-TRACE 21625 6226 B 64 7b
SCHED-TRACE 21626 6226 P 64 66c419580
SCHED-TRACE 21627 6226 R 64 66c419580
SCHED-TRACE 21628 6227 U 4 34d24c
SCHED-TRACE 21629 6227 V 4 34d2cd
SCHED-TRACE 21630 6227 O 0 0
SCHED-TRACE 21631 6227 P 64 66dda624d
SCHED-TRACE 21632 6228 K 55 6671b8106
SCHED-TRACE 21633 6228 P 64 66f4ba9fb
SCHED-TRACE 21634 6229 P 64 670638105
SCHED-TRACE 21635 6229 I 55 34d7d6
SCHED-TRACE 21636 6229 B 55 7a
SCHED-TRACE 21637 6229 P 55 66c419581
SCHED-TRACE 21638 6229 R 55 66c419581
SCHED-TRACE 21639 6230 U 4 34d8d9
SCHED-TRACE 21640 6230 V 4 34d95a
SCHED-TRACE 21641 6230 O 0 0
SCHED-TRACE 21642 6230 P 55 66ddadd2f
SCHED-TRACE 21643 6231 K 58 667238106
SCHED-TRACE 21644 6231 P 55 66f4c24dd
SCHED-TRACE 21645 6232 P 55 67063d2f1
SCHED-TRACE 21646 6232 I 58 34de62
SCHED-TRACE 21647 6232 B 58 7a
SCHED-TRACE 21648 6232 P 58 66c496c8b
SCHED-TRACE 21649 6232 R 58 66c496c8b
SCHED-TRACE 21650 6233 U 4 34df64
SCHED-TRACE 21651 6233 V 4 34dfe6
SCHED-TRACE 21652 6233 O 0 0
SCHED-TRACE 21653 6233 P 58 66de28b43
SCHED-TRACE 21654 6234 K 52 667451a9f
SCHED-TRACE 21655 6234 P 58 66f53d2f1
SCHED-TRACE 21656 6235 P 58 6706ba9fb
SCHED-TRACE 21657 6235 U 3 34e925
SCHED-TRACE 21658 6235 V 3 34eb79
SCHED-TRACE 21659 6236 P 1 667451a9f
SCHED-TRACE 21660 6236 W 1 667451a9f
SCHED-TRACE 21661 6236 U 4 34ec00
SCHED-TRACE 21662 6236 V 4 34ec86
SCHED-TRACE 21663 6236 I 52 34ec8b
SCHED-TRACE 21664 6236 B 52 7b
SCHED-TRACE 21665 6236 P 52 674196c8a
SCHED-TRACE 21666 6236 R 52 674196c8a
SCHED-TRACE 21667 6237 O 0 0
SCHED-TRACE 21668 6237 P 52 675b8c8b3
SCHED-TRACE 21669 6238 K 1 667451a9f
SCHED-TRACE 21670 6238 P 52 67738c8b3
SCHED-TRACE 21671 6239 P 52 6785edd2e
SCHED-TRACE 21672 6239 U 3 34f0ef
SCHED-TRACE 21673 6239 V 3 34f35c
SCHED-TRACE 21674 6239 P 1 6677fb22d
SCHED-TRACE 21675 6239 D 1 6677fb22d
SCHED-TRACE 21676 6241 K 49 6679b0625
SCHED-TRACE 21677 6242 U 4 34f612
SCHED-TRACE 21678 6242 V 4 34f693
SCHED-TRACE 21679 6242 U 3 34fb3c
SCHED-TRACE 21680 6242 V 3 34fd90
SCHED-TRACE 21681 6243 W 1 667e645a1
SCHED-TRACE 21682 6243 U 4 34fe16
SCHED-TRACE 21683 6243 V 4 34fe9b
SCHED-TRACE 21684 6243 I 49 34fea0
SCHED-TRACE 21685 6243 B 49 7a
SCHED-TRACE 21686 6243 P 49 6700c4dd3
SCHED-TRACE 21687 6243 R 49 6700c4dd3
SCHED-TRACE 21688 6244 O 0 0
SCHED-TRACE 21689 6244 P 49 671abd2f1
SCHED-TRACE 21690 6245 K 43 667ab2f1a
SCHED-TRACE 21691 6245 P 49 6732bd2f1
SCHED-TRACE 21692 6246 P 49 67451be76
SCHED-TRACE 21693 6246 U 3 350333
SCHED-TRACE 21694 6246 V 3 3505dd
SCHED-TRACE 21695 6246 P 43 66a40c8b4
SCHED-TRACE 21696 6246 D 43 66a40c8b4
SCHED-TRACE 21697 6248 K 40 667ab580f
SCHED-TRACE 21698 6249 U 4 350893
SCHED-TRACE 21699 6249 V 4 350912
SCHED-TRACE 21700 6249 U 3 350adc
SCHED-TRACE 21701 6249 V 3 350dd3
SCHED-TRACE 21702 6249 P 40 66a8ffbe6
SCHED-TRACE 21703 6249 D 40 66a8ffbe6
SCHED-TRACE 21704 6251 K 37 667abfbe7
SCHED-TRACE 21705 6252 U 4 351068
SCHED-TRACE 21706 6252 V 4 3510e1
SCHED-TRACE 21707 6252 U 3 3512cf
SCHED-TRACE 21708 6252 V 3 351612
SCHED-TRACE 21709 6252 P 37 66aca8b43
SCHED-TRACE 21710 6252 D 37 66aca8b43
SCHED-TRACE 21711 6254 K 1 667e645a1
SCHED-TRACE 21712 6255 U 4 351886
SCHED-TRACE 21713 6255 V 4 3518fa
SCHED-TRACE 21714 6255 U 3 351d78
SCHED-TRACE 21715 6255 V 3 35206e
SCHED-TRACE 21716 6256 W 43 66e421062
SCHED-TRACE 21717 6256 U 4 3520e7
SCHED-TRACE 21718 6256 V 4 352160
SCHED-TRACE 21719 6256 I 1 352165
SCHED-TRACE 21720 6256 B 1 7a
SCHED-TRACE 21721 6256 P 1 668b58d4f
SCHED-TRACE 21722 6256 R 1 668b58d4f
SCHED-TRACE 21723 6257 O 0 0
SCHED-TRACE 21724 6257 P 1 668db5810
SCHED-TRACE 21725 6258 K 1 668db5810
SCHED-TRACE 21726 6258 P 1 668fed0e5
SCHED-TRACE 21727 6259 U 3 35286a
SCHED-TRACE 21728 6259 V 3 352b13
SCHED-TRACE 21729 6260 W 40 66e616c8a
SCHED-TRACE 21730 6260 U 4 352b93
SCHED-TRACE 21731 6260 V 4 352c12
SCHED-TRACE 21732 6260 I 1 352c17
SCHED-TRACE 21733 6260 B 1 7a
SCHED-TRACE 21734 6260 P 1 669e174bc
SCHED-TRACE 21735 6260 R 1 669e174bc
SCHED-TRACE 21736 6261 O 0 0
SCHED-TRACE 21737 6261 P 1 66a0926e9
SCHED-TRACE 21738 6262 K 1 66a0926e9
SCHED-TRACE 21739 6262 P 1 66a2e147a
SCHED-TRACE 21740 6263 U 3 35332e
SCHED-TRACE 21741 6263 V 3 353583
SCHED-TRACE 21742 6264 W 37 66e6c24dd
SCHED-TRACE 21743 6264 U 4 353608
SCHED-TRACE 21744 6264 V 4 35368e
SCHED-TRACE 21745 6264 I 1 353694
SCHED-TRACE 21746 6264 B 1 7a
SCHED-TRACE 21747 6264 P 1 66b10d0e5
SCHED-TRACE 21748 6264 R 1 66b10d0e5
SCHED-TRACE 21749 6265 O 0 0
SCHED-TRACE 21750 6265 P 1 66b3a6666
SCHED-TRACE 21751 6266 K 1 66b3a6666
SCHED-TRACE 21752 6266 P 1 66b60cccc
SCHED-TRACE 21753 6267 U 3 353ab7
SCHED-TRACE 21754 6267 V 3 353d24
SCHED-TRACE 21755 6267 P 1 66bae72b0
SCHED-TRACE 21756 6267 D 1 66bae72b0
SCHED-TRACE 21757 6269 K 43 66e421062
SCHED-TRACE 21758 6270 U 4 353fda
SCHED-TRACE 21759 6270 V 4 35405b
SCHED-TRACE 21760 6270 T 0 354106
SCHED-TRACE 21761 6270 t 0 354141
SCHED-TRACE 21762 6270 U 3 3560fe
SCHED-TRACE 21763 6270 V 3 356366
SCHED-TRACE 21764 6270 P 43 6a2821062
SCHED-TRACE 21765 6270 D 43 6a2821062
SCHED-TRACE 21766 6272 K 40 66e616c8a
SCHED-TRACE 21767 6273 U 4 3565fb
SCHED-TRACE 21768 6273 V 4 356673
SCHED-TRACE 21769 6273 T 0 35671c
SCHED-TRACE 21770 6273 t 0 356757
SCHED-TRACE 21771 6273 U 3 358712
SCHED-TRACE 21772 6273 V 3 358976
SCHED-TRACE 21773 6273 P 40 6a29a8b43
SCHED-TRACE 21774 6273 D 40 6a29a8b43
SCHED-TRACE 21775 6275 K 37 66e6c24dd
SCHED-TRACE 21776 6276 U 4 358be9
SCHED-TRACE 21777 6276 V 4 358c59
SCHED-TRACE 21778 6276 T 0 358cff
SCHED-TRACE 21779 6276 t 0 358d3a
SCHED-TRACE 21780 6276 U 3 35acf4
SCHED-TRACE 21781 6276 V 3 35af54
SCHED-TRACE 21782 6276 P 37 6a29f0624
SCHED-TRACE 21783 6276 D 37 6a29f0624
SCHED-TRACE 21784 6278 K 73 6701c24dd
SCHED-TRACE 21785 6279 U 4 35b1a6
SCHED-TRACE 21786 6279 V 4 35b20e
SCHED-TRACE 21787 6279 U 3 35b6ab
SCHED-TRACE 21788 6279 V 3 35b8f3
SCHED-TRACE 21789 6280 P 1 6701c24dd
SCHED-TRACE 21790 6280 W 1 6701c24dd
SCHED-TRACE 21791 6280 U 4 35b969
SCHED-TRACE 21792 6280 V 4 35b9d6
SCHED-TRACE 21793 6280 I 73 35b9db
SCHED-TRACE 21794 6280 B 73 7b
SCHED-TRACE 21795 6280 P 73 67860f1aa
SCHED-TRACE 21796 6280 R 73 67860f1aa
SCHED-TRACE 21797 6281 O 0 0
SCHED-TRACE 21798 6281 P 73 679c5e76c
SCHED-TRACE 21799 6282 K 1 6701c24dd
SCHED-TRACE 21800 6282 P 73 67b175810
SCHED-TRACE 21801 6283 P 73 67c12624d
SCHED-TRACE 21802 6283 U 3 35bdd1
SCHED-TRACE 21803 6283 V 3 35c031
SCHED-TRACE 21804 6283 P 1 6705553f7
SCHED-TRACE 21805 6283 D 1 6705553f7
SCHED-TRACE 21806 6285 K 31 6701d9580
SCHED-TRACE 21807 6286 U 4 35c283
SCHED-TRACE 21808 6286 V 4 35c2ea
SCHED-TRACE 21809 6286 U 3 35c788
SCHED-TRACE 21810 6286 V 3 35c9d1
SCHED-TRACE 21811 6287 W 1 670ad2b01
SCHED-TRACE 21812 6287 U 4 35ca44
SCHED-TRACE 21813 6287 V 4 35cab0
SCHED-TRACE 21814 6287 I 31 35cab6
SCHED-TRACE 21815 6287 B 31 7a
SCHED-TRACE 21816 6287 P 31 678604dd2
SCHED-TRACE 21817 6287 R 31 678604dd2
SCHED-TRACE 21818 6288 O 0 0
SCHED-TRACE 21819 6288 P 31 679c4c8b3
SCHED-TRACE 21820 6289 K 76 6701de76c
SCHED-TRACE 21821 6289 P 31 67b163957
SCHED-TRACE 21822 6290 P 31 67c114395
SCHED-TRACE 21823 6290 U 3 35cee0
SCHED-TRACE 21824 6290 V 3 35d17e
SCHED-TRACE 21825 6290 P 76 672af0624
SCHED-TRACE 21826 6290 D 76 672af0624
SCHED-TRACE 21827 6292 K 70 6701e8b43
SCHED-TRACE 21828 6293 U 4 35d3ce
SCHED-TRACE 21829 6293 V 4 35d434
SCHED-TRACE 21830 6293 U 3 35d5f6
SCHED-TRACE 21831 6293 V 3 35d8e0
SCHED-TRACE 21832 6293 P 70 672f5be76
SCHED-TRACE 21833 6293 D 70 672f5be76
SCHED-TRACE 21834 6295 K 67 67025e76c
SCHED-TRACE 21835 6296 U 4 35db10
SCHED-TRACE 21836 6296 V 4 35db70
SCHED-TRACE 21837 6296 U 3 35dd54
SCHED-TRACE 21838 6296 V 3 35e08b
SCHED-TRACE 21839 6296 P 67 67334c8b3
SCHED-TRACE 21840 6296 D 67 67334c8b3
SCHED-TRACE 21841 6298 K 34 67042dd2f
SCHED-TRACE 21842 6299 U 4 35e29a
SCHED-TRACE 21843 6299 V 4 35e2f5
SCHED-TRACE 21844 6299 U 3 35e504
SCHED-TRACE 21845 6299 V 3 35e888
SCHED-TRACE 21846 6299 P 34 673963958
SCHED-TRACE 21847 6299 D 34 673963958
SCHED-TRACE 21848 6301 K 61 670623958
SCHED-TRACE 21849 6302 U 4 35ea76
SCHED-TRACE 21850 6302 V 4 35eacc
SCHED-TRACE 21851 6302 U 3 35ed05
SCHED-TRACE 21852 6302 V 3 35f0d5
SCHED-TRACE 21853 6302 P 61 673f8f1aa
SCHED-TRACE 21854 6302 D 61 673f8f1aa
SCHED-TRACE 21855 6304 K 64 670638105
SCHED-TRACE 21856 6305 U 4 35f2a3
SCHED-TRACE 21857 6305 V 4 35f2f2
SCHED-TRACE 21858 6305 U 3 35f554
SCHED-TRACE 21859 6305 V 3 35f971
SCHED-TRACE 21860 6305 P 64 6743a8b43
SCHED-TRACE 21861 6305 D 64 6743a8b43
SCHED-TRACE 21862 6307 K 55 67063d2f1
SCHED-TRACE 21863 6308 U 4 35fb1e
SCHED-TRACE 21864 6308 V 4 35fb68
SCHED-TRACE 21865 6308 U 3 35fdf1
SCHED-TRACE 21866 6308 V 3 36025b
SCHED-TRACE 21867 6308 P 55 6747a3958
SCHED-TRACE 21868 6308 D 55 6747a3958
SCHED-TRACE 21869 6310 K 58 6706ba9fb
SCHED-TRACE 21870 6311 U 4 3603e7
SCHED-TRACE 21871 6311 V 4 36042c
SCHED-TRACE 21872 6311 U 3 3606e5
SCHED-TRACE 21873 6311 V 3 360b9c
SCHED-TRACE 21874 6311 P 58 674cf5810
SCHED-TRACE 21875 6311 D 58 674cf5810
SCHED-TRACE 21876 6313 K 1 670ad2b01
SCHED-TRACE 21877 6314 U 4 360d07
SCHED-TRACE 21878 6314 V 4 360d47
SCHED-TRACE 21879 6314 U 3 3611ad
SCHED-TRACE 21880 6314 V 3 361617
SCHED-TRACE 21881 6315 W 76 6761b5810
SCHED-TRACE 21882 6315 U 4 361661
SCHED-TRACE 21883 6315 V 4 3616a7
SCHED-TRACE 21884 6315 I 1 3616ac
SCHED-TRACE 21885 6315 B 1 7a
SCHED-TRACE 21886 6315 P 1 671710a3d
SCHED-TRACE 21887 6315 R 1 671710a3d
SCHED-TRACE 21888 6316 O 0 0
SCHED-TRACE 21889 6316 P 1 671876c8b
SCHED-TRACE 21890 6317 K 46 6716d6c8b
SCHED-TRACE 21891 6317 P 1 6719ee560
SCHED-TRACE 21892 6318 P 1 671ae0831
SCHED-TRACE 21893 6318 U 3 361b18
SCHED-TRACE 21894 6318 V 3 361fcf
SCHED-TRACE 21895 6318 P 46 675d70625
SCHED-TRACE 21896 6318 D 46 675d70625
SCHED-TRACE 21897 6320 K 1 671ae0831
SCHED-TRACE 21898 6321 U 4 362139
SCHED-TRACE 21899 6321 V 4 36217a
SCHED-TRACE 21900 6321 U 3 3625e0
SCHED-TRACE 21901 6321 V 3 362a4a
SCHED-TRACE 21902 6322 W 70 676328b43
SCHED-TRACE 21903 6322 U 4 362a94
SCHED-TRACE 21904 6322 V 4 362ada
SCHED-TRACE 21905 6322 I 1 362adf
SCHED-TRACE 21906 6322 B 1 7a
SCHED-TRACE 21907 6322 P 1 67271ef9d
SCHED-TRACE 21908 6322 R 1 67271ef9d
SCHED-TRACE 21909 6323 O 0 0
SCHED-TRACE 21910 6323 P 1 672884dd2
SCHED-TRACE 21911 6324 K 1 672884dd2
SCHED-TRACE 21912 6324 P 1 6729fc6a7
SCHED-TRACE 21913 6325 U 3 3630d9
SCHED-TRACE 21914 6325 V 3 3634f7
SCHED-TRACE 21915 6326 W 67 67641be76
SCHED-TRACE 21916 6326 U 4 363546
SCHED-TRACE 21917 6326 V 4 363591
SCHED-TRACE 21918 6326 I 1 363596
SCHED-TRACE 21919 6326 B 1 7b
SCHED-TRACE 21920 6326 P 1 6736f6872
SCHED-TRACE 21921 6326 R 1 6736f6872
SCHED-TRACE 21922 6327 O 0 0
SCHED-TRACE 21923 6327 P 1 67387ae14
SCHED-TRACE 21924 6328 K 1 67387ae14
SCHED-TRACE 21925 6328 P 1 673a09fbe
SCHED-TRACE 21926 6329 U 3 363bb1
SCHED-TRACE 21927 6329 V 3 363f82
SCHED-TRACE 21928 6330 W 34 67672b439
SCHED-TRACE 21929 6330 U 4 363fd8
SCHED-TRACE 21930 6330 V 4 364028
SCHED-TRACE 21931 6330 I 1 36402d
SCHED-TRACE 21932 6330 B 1 7a
SCHED-TRACE 21933 6330 P 1 674729fbe
SCHED-TRACE 21934 6330 R 1 674729fbe
SCHED-TRACE 21935 6331 O 0 0
SCHED-TRACE 21936 6331 P 1 6748ccccc
SCHED-TRACE 21937 6332 K 49 67451be76
SCHED-TRACE 21938 6332 P 1 674a73333
SCHED-TRACE 21939 6333 P 1 674b92f1a
SCHED-TRACE 21940 6333 T 0 3642ba
SCHED-TRACE 21941 6333 t 0 3642f5
SCHED-TRACE 21942 6333 U 3 3662ae
SCHED-TRACE 21943 6333 V 3 36667b
SCHED-TRACE 21944 6333 P 49 6a8738106
SCHED-TRACE 21945 6333 D 49 6a8738106
SCHED-TRACE 21946 6335 K 1 674b92f1a
SCHED-TRACE 21947 6336 U 4 366826
SCHED-TRACE 21948 6336 V 4 36686f
SCHED-TRACE 21949 6336 U 3 366cdb
SCHED-TRACE 21950 6336 V 3 36705b
SCHED-TRACE 21951 6337 W 61 676a6dd2f
SCHED-TRACE 21952 6337 U 4 3670b0
SCHED-TRACE 21953 6337 V 4 3670fe
SCHED-TRACE 21954 6337 I 1 367103
SCHED-TRACE 21955 6337 B 1 7a
SCHED-TRACE 21956 6337 P 1 6757feb85
SCHED-TRACE 21957 6337 R 1 6757feb85
SCHED-TRACE 21958 6338 O 0 0
SCHED-TRACE 21959 6338 P 1 6759a1893
SCHED-TRACE 21960 6339 K 1 6759a1893
SCHED-TRACE 21961 6339 P 1 675b46a7e
SCHED-TRACE 21962 6340 U 3 36773f
SCHED-TRACE 21963 6340 V 3 367a72
SCHED-TRACE 21964 6341 W 64 676b876c8
SCHED-TRACE 21965 6341 U 4 367acd
SCHED-TRACE 21966 6341 V 4 367b22
SCHED-TRACE 21967 6341 I 1 367b27
SCHED-TRACE 21968 6341 B 1 7a
SCHED-TRACE 21969 6341 P 1 67688cccc
SCHED-TRACE 21970 6341 R 1 67688cccc
SCHED-TRACE 21971 6342 O 0 0
SCHED-TRACE 21972 6342 P 1 676a4e147
SCHED-TRACE 21973 6343 K 76 6761b5810
SCHED-TRACE 21974 6343 P 1 676c0ac08
SCHED-TRACE 21975 6344 P 1 676d4147a
SCHED-TRACE 21976 6344 T 0 367dd7
SCHED-TRACE 21977 6344 t 0 367e12
SCHED-TRACE 21978 6344 U 3 369dcb
SCHED-TRACE 21979 6344 V 3 36a0fa
SCHED-TRACE 21980 6344 P 76 6aa3ffbe7
SCHED-TRACE 21981 6344 D 76 6aa3ffbe7
SCHED-TRACE 21982 6346 K 70 676328b43
SCHED-TRACE 21983 6347 U 4 36a2c6
SCHED-TRACE 21984 6347 V 4 36a311
SCHED-TRACE 21985 6347 T 0 36a3a5
SCHED-TRACE 21986 6347 t 0 36a3e1
SCHED-TRACE 21987 6347 U 3 36c396
SCHED-TRACE 21988 6347 V 3 36c6c1
SCHED-TRACE 21989 6347 P 70 6aa419580
SCHED-TRACE 21990 6347 D 70 6aa419580
SCHED-TRACE 21991 6349 K 67 67641be76
SCHED-TRACE 21992 6350 U 4 36c86c
SCHED-TRACE 21993 6350 V 4 36c8b0
SCHED-TRACE 21994 6350 T 0 36c944
SCHED-TRACE 21995 6350 t 0 36c97f
SCHED-TRACE 21996 6350 U 3 36e935
SCHED-TRACE 21997 6350 V 3 36ec5c
SCHED-TRACE 21998 6350 P 67 6aa528b43
SCHED-TRACE 21999 6350 D 67 6aa528b43
SCHED-TRACE 22000 6352 K 34 67672b439
SCHED-TRACE 22001 6353 U 4 36ede6
SCHED-TRACE 22002 6353 V 4 36ee23
SCHED-TRACE 22003 6353 T 0 36eeb2
SCHED-TRACE 22004 6353 t 0 36eeed
SCHED-TRACE 22005 6353 U 3 370ea0
SCHED-TRACE 22006 6353 V 3 3711c3
SCHED-TRACE 22007 6353 P 34 6aa756c8b
SCHED-TRACE 22008 6353 D 34 6aa756c8b
SCHED-TRACE 22009 6355 K 61 676a6dd2f
SCHED-TRACE 22010 6356 U 4 37132b
SCHED-TRACE 22011 6356 V 4 371361
SCHED-TRACE 22012 6356 T 0 3713ef
SCHED-TRACE 22013 6356 t 0 37142a
SCHED-TRACE 22014 6356 U 3 3733df
SCHED-TRACE 22015 6356 V 3 3736fe
SCHED-TRACE 22016 6356 P 61 6aaab8106
SCHED-TRACE 22017 6356 D 61 6aaab8106
SCHED-TRACE 22018 6358 K 64 676b876c8
SCHED-TRACE 22019 6359 U 4 373844
SCHED-TRACE 22020 6359 V 4 373873
SCHED-TRACE 22021 6359 T 0 3738fe
SCHED-TRACE 22022 6359 t 0 373939
SCHED-TRACE 22023 6359 U 3 3758ed
SCHED-TRACE 22024 6359 V 3 375c08
SCHED-TRACE 22025 6359 P 64 6aab6b439
SCHED-TRACE 22026 6359 D 64 6aab6b439
SCHED-TRACE 22027 6361 K 1 676d4147a
SCHED-TRACE 22028 6362 U 4 375d2d
SCHED-TRACE 22029 6362 V 4 375d55
SCHED-TRACE 22030 6362 U 3 3761b5
SCHED-TRACE 22031 6362 V 3 376483
SCHED-TRACE 22032 6363 P 55 676d4147a
SCHED-TRACE 22033 6363 W 55 676d4147a
SCHED-TRACE 22034 6363 U 4 3764c3
SCHED-TRACE 22035 6363 V 4 3764f0
SCHED-TRACE 22036 6363 I 1 3764f5
SCHED-TRACE 22037 6363 B 1 7a
SCHED-TRACE 22038 6363 P 1 677956041
SCHED-TRACE 22039 6363 R 1 677956041
SCHED-TRACE 22040 6364 O 0 0
SCHED-TRACE 22041 6364 P 1 677a7f7ce
SCHED-TRACE 22042 6365 K 55 676d4147a
SCHED-TRACE 22043 6365 P 1 677bbeb85
SCHED-TRACE 22044 6366 P 1 677c8353f
SCHED-TRACE 22045 6366 T 0 3766ee
SCHED-TRACE 22046 6366 t 0 376729
SCHED-TRACE 22047 6366 U 3 3786dc
SCHED-TRACE 22048 6366 V 3 3789a6
SCHED-TRACE 22049 6366 P 55 6aad88f5b
SCHED-TRACE 22050 6366 D 55 6aad88f5b
SCHED-TRACE 22051 6368 K 1 677c8353f
SCHED-TRACE 22052 6369 U 4 378aca
SCHED-TRACE 22053 6369 V 4 378af0
SCHED-TRACE 22054 6369 U 3 378f51
SCHED-TRACE 22055 6369 V 3 3791ce
SCHED-TRACE 22056 6370 P 58 677c8353f
SCHED-TRACE 22057 6370 W 58 677c8353f
SCHED-TRACE 22058 6370 U 4 37920d
SCHED-TRACE 22059 6370 V 4 379238
SCHED-TRACE 22060 6370 I 1 37923e
SCHED-TRACE 22061 6370 B 1 7a
SCHED-TRACE 22062 6370 P 1 67889851e
SCHED-TRACE 22063 6370 R 1 67889851e
SCHED-TRACE 22064 6371 O 0 0
SCHED-TRACE 22065 6371 P 1 6789c1cab
SCHED-TRACE 22066 6372 K 58 677c8353f
SCHED-TRACE 22067 6372 P 1 678affbe7
SCHED-TRACE 22068 6373 P 1 678bc4189
SCHED-TRACE 22069 6373 T 0 379436
SCHED-TRACE 22070 6373 t 0 379471
SCHED-TRACE 22071 6373 U 3 37b424
SCHED-TRACE 22072 6373 V 3 37b69c
SCHED-TRACE 22073 6373 P 58 6abcb1687
SCHED-TRACE 22074 6373 D 58 6abcb1687
SCHED-TRACE 22075 6375 K 52 6785edd2e
SCHED-TRACE 22076 6376 U 4 37b7c0
SCHED-TRACE 22077 6376 V 4 37b7e4
SCHED-TRACE 22078 6376 T 0 37b869
SCHED-TRACE 22079 6376 t 0 37b8a4
SCHED-TRACE 22080 6376 U 3 37d853
SCHED-TRACE 22081 6376 V 3 37dac8
SCHED-TRACE 22082 6376 P 52 6ac4bfbe7
SCHED-TRACE 22083 6376 D 52 6ac4bfbe7
SCHED-TRACE 22084 6378 K 1 678bc4189
SCHED-TRACE 22085 6379 U 4 37dbca
SCHED-TRACE 22086 6379 V 4 37dbe7
SCHED-TRACE 22087 6379 U 3 37e036
SCHED-TRACE 22088 6379 V 3 37e256
SCHED-TRACE 22089 6380 P 46 678bc4189
SCHED-TRACE 22090 6380 W 46 678bc4189
SCHED-TRACE 22091 6380 U 4 37e290
SCHED-TRACE 22092 6380 V 4 37e2b2
SCHED-TRACE 22093 6380 I 1 37e2b7
SCHED-TRACE 22094 6380 B 1 7a
SCHED-TRACE 22095 6380 P 1 67979e353
SCHED-TRACE 22096 6380 R 1 67979e353
SCHED-TRACE 22097 6381 O 0 0
SCHED-TRACE 22098 6381 P 1 6798a978d
SCHED-TRACE 22099 6382 K 46 678bc4189
SCHED-TRACE 22100 6382 P 1 6799cd0e5
SCHED-TRACE 22101 6383 P 1 679a7b22c
SCHED-TRACE 22102 6383 T 0 37e489
SCHED-TRACE 22103 6383 t 0 37e4c4
SCHED-TRACE 22104 6383 U 3 380472
SCHED-TRACE 22105 6383 V 3 38068d
SCHED-TRACE 22106 6383 P 46 6acaf9db2
SCHED-TRACE 22107 6383 D 46 6acaf9db2
SCHED-TRACE 22108 6385 K 1 679a7b22c
SCHED-TRACE 22109 6386 U 4 38078f
SCHED-TRACE 22110 6386 V 4 3807aa
SCHED-TRACE 22111 6386 U 2 380a21
SCHED-TRACE 22112 6386 V 2 381782
SCHED-TRACE 22113 6386 U 3 3818c0
SCHED-TRACE 22114 6386 V 3 381ac1
SCHED-TRACE 22115 6387 I 1 381ae0
SCHED-TRACE 22116 6387 B 1 7a
SCHED-TRACE 22117 6387 P 1 67a478106
SCHED-TRACE 22118 6387 R 1 67a478106
SCHED-TRACE 22119 6388 U 4 381b47
SCHED-TRACE 22120 6388 V 4 381b63
SCHED-TRACE 22121 6388 O 0 0
SCHED-TRACE 22122 6388 P 1 67a579999
SCHED-TRACE 22123 6389 K 1 67a579999
SCHED-TRACE 22124 6389 P 1 67a684dd2
SCHED-TRACE 22125 6390 U 2 381e87
SCHED-TRACE 22126 6390 V 2 382bb3
SCHED-TRACE 22127 6390 U 3 382cf0
SCHED-TRACE 22128 6390 V 3 382ed6
SCHED-TRACE 22129 6391 I 1 382ef5
SCHED-TRACE 22130 6391 B 1 7a
SCHED-TRACE 22131 6391 P 1 67b0e7ae1
SCHED-TRACE 22132 6391 R 1 67b0e7ae1
SCHED-TRACE 22133 6392 U 4 382f5d
SCHED-TRACE 22134 6392 V 4 382f78
SCHED-TRACE 22135 6392 O 0 0
SCHED-TRACE 22136 6392 P 1 67b1e9374
SCHED-TRACE 22137 6393 K 1 67b1e9374
SCHED-TRACE 22138 6393 P 1 67b2f47ae
SCHED-TRACE 22139 6394 U 2 38329d
SCHED-TRACE 22140 6394 V 2 383f93
SCHED-TRACE 22141 6394 U 3 3840d1
SCHED-TRACE 22142 6394 V 3 38429c
SCHED-TRACE 22143 6395 I 1 3842bb
SCHED-TRACE 22144 6395 B 1 7a
SCHED-TRACE 22145 6395 P 1 67bd58106
SCHED-TRACE 22146 6395 R 1 67bd58106
SCHED-TRACE 22147 6396 U 4 384322
SCHED-TRACE 22148 6396 V 4 38433e
SCHED-TRACE 22149 6396 O 0 0
SCHED-TRACE 22150 6396 P 1 67be59999
SCHED-TRACE 22151 6397 K 1 67be59999
SCHED-TRACE 22152 6397 P 1 67bf649ba
SCHED-TRACE 22153 6398 U 2 384662
SCHED-TRACE 22154 6398 V 2 385323
SCHED-TRACE 22155 6398 U 3 385460
SCHED-TRACE 22156 6398 V 3 385610
SCHED-TRACE 22157 6399 I 1 38562f
SCHED-TRACE 22158 6399 B 1 7b
SCHED-TRACE 22159 6399 P 1 67c9c872a
SCHED-TRACE 22160 6399 R 1 67c9c872a
SCHED-TRACE 22161 6400 U 4 385697
SCHED-TRACE 22162 6400 V 4 3856b2
SCHED-TRACE 22163 6400 O 0 0
SCHED-TRACE 22164 6400 P 1 67cac9ba5
SCHED-TRACE 22165 6401 K 31 67c114395
SCHED-TRACE 22166 6401 P 1 67cbd4bc6
SCHED-TRACE 22167 6402 P 1 67cc6bc6a
SCHED-TRACE 22168 6402 T 0 3857fd
SCHED-TRACE 22169 6402 t 0 385838
SCHED-TRACE 22170 6402 U 3 3877e6
SCHED-TRACE 22171 6402 V 3 387992
SCHED-TRACE 22172 6402 P 31 6b004c8b3
SCHED-TRACE 22173 6402 D 31 6b004c8b3
SCHED-TRACE 22174 6404 K 73 67c12624d
SCHED-TRACE 22175 6405 U 4 387a72
SCHED-TRACE 22176 6405 V 4 387a86
SCHED-TRACE 22177 6405 T 0 387b08
SCHED-TRACE 22178 6405 t 0 387b44
SCHED-TRACE 22179 6405 U 3 389af1
SCHED-TRACE 22180 6405 V 3 389c97
SCHED-TRACE 22181 6405 P 73 6aff7d2f1
SCHED-TRACE 22182 6405 D 73 6aff7d2f1
SCHED-TRACE 22183 6407 K 1 67cc6bc6a
SCHED-TRACE 22184 6408 U 4 389d55
SCHED-TRACE 22185 6408 V 4 389d63
SCHED-TRACE 22186 6408 U 2 389fd3
SCHED-TRACE 22187 6408 V 2 38ac50
SCHED-TRACE 22188 6408 U 3 38ad8d
SCHED-TRACE 22189 6408 V 3 38af19
SCHED-TRACE 22190 6409 I 1 38af2c
SCHED-TRACE 22191 6409 B 1 7b
SCHED-TRACE 22192 6409 P 1 67d639168
SCHED-TRACE 22193 6409 R 1 67d639168
SCHED-TRACE 22194 6410 U 4 38af7b
SCHED-TRACE 22195 6410 V 4 38af89
SCHED-TRACE 22196 6410 O 0 0
SCHED-TRACE 22197 6410 P 1 67d6fc28f
SCHED-TRACE 22198 6411 K 1 67d6fc28f
SCHED-TRACE 22199 6411 P 1 67d7d4fdf
SCHED-TRACE 22200 6412 U 2 38b282
SCHED-TRACE 22201 6412 V 2 38bec9
SCHED-TRACE 22202 6412 U 3 38c007
SCHED-TRACE 22203 6412 V 3 38c177
SCHED-TRACE 22204 6413 I 1 38c18a
SCHED-TRACE 22205 6413 B 1 7a
SCHED-TRACE 22206 6413 P 1 67e1ebc6a
SCHED-TRACE 22207 6413 R 1 67e1ebc6a
SCHED-TRACE 22208 6414 U 4 38c1d9
SCHED-TRACE 22209 6414 V 4 38c1e7
SCHED-TRACE 22210 6414 O 0 0
SCHED-TRACE 22211 6414 P 1 67e2aed91
SCHED-TRACE 22212 6415 K 1 67e2aed91
SCHED-TRACE 22213 6415 P 1 67e387ae1
SCHED-TRACE 22214 6416 U 2 38c4e0
SCHED-TRACE 22215 6416 V 2 38d0f1
SCHED-TRACE 22216 6416 U 3 38d22f
SCHED-TRACE 22217 6416 V 3 38d384
SCHED-TRACE 22218 6417 I 1 38d398
SCHED-TRACE 22219 6417 B 1 7a
SCHED-TRACE 22220 6417 P 1 67ed9e76c
SCHED-TRACE 22221 6417 R 1 67ed9e76c
SCHED-TRACE 22222 6418 U 4 38d3e7
SCHED-TRACE 22223 6418 V 4 38d3f4
SCHED-TRACE 22224 6418 O 0 0
SCHED-TRACE 22225 6418 P 1 67ee61893
SCHED-TRACE 22226 6419 K 1 67ee61893
SCHED-TRACE 22227 6419 P 1 67ef3a5e3
SCHED-TRACE 22228 6420 U 2 38d6ee
SCHED-TRACE 22229 6420 V 2 38e2c9
SCHED-TRACE 22230 6420 U 3 38e407
SCHED-TRACE 22231 6420 V 3 38e541
SCHED-TRACE 22232 6421 I 1 38e555
SCHED-TRACE 22233 6421 B 1 7a
SCHED-TRACE 22234 6421 P 1 67f95126e
SCHED-TRACE 22235 6421 R 1 67f95126e
SCHED-TRACE 22236 6422 U 4 38e5a4
SCHED-TRACE 22237 6422 V 4 38e5b1
SCHED-TRACE 22238 6422 O 0 0
SCHED-TRACE 22239 6422 P 1 67fa14395
SCHED-TRACE 22240 6423 K 1 67fa14395
SCHED-TRACE 22241 6423 P 1 67faed0e5
SCHED-TRACE 22242 6424 U 2 38e8ab
SCHED-TRACE 22243 6424 V 2 38f451
SCHED-TRACE 22244 6424 U 3 38f58e
SCHED-TRACE 22245 6424 V 3 38f6ae
SCHED-TRACE 22246 6425 I 1 38f6c1
SCHED-TRACE 22247 6425 B 1 7a
SCHED-TRACE 22248 6425 P 1 6805045a1
SCHED-TRACE 22249 6425 R 1 6805045a1
SCHED-TRACE 22250 6426 U 4 38f710
SCHED-TRACE 22251 6426 V 4 38f71e
SCHED-TRACE 22252 6426 O 0 0
SCHED-TRACE 22253 6426 P 1 6805c76c8
SCHED-TRACE 22254 6427 K 1 6805c76c8
SCHED-TRACE 22255 6427 P 1 6806a0418
SCHED-TRACE 22256 6428 U 2 38fa17
SCHED-TRACE 22257 6428 V 2 390587
SCHED-TRACE 22258 6428 U 3 3906c5
SCHED-TRACE 22259 6428 V 3 3907ca
SCHED-TRACE 22260 6429 I 1 3907dd
SCHED-TRACE 22261 6429 B 1 7a
SCHED-TRACE 22262 6429 P 1 6810b6c8b
SCHED-TRACE 22263 6429 R 1 6810b6c8b
SCHED-TRACE 22264 6430 U 4 39082c
SCHED-TRACE 22265 6430 V 4 39083a
SCHED-TRACE 22266 6430 O 0 0
SCHED-TRACE 22267 6430 P 1 68117a1ca
SCHED-TRACE 22268 6431 K 1 68117a1ca
SCHED-TRACE 22269 6431 P 1 681252f1a
SCHED-TRACE 22270 6432 U 2 390b33
SCHED-TRACE 22271 6432 V 2 39166d
SCHED-TRACE 22272 6432 U 3 3917ab
SCHED-TRACE 22273 6432 V 3 391895
SCHED-TRACE 22274 6433 I 1 3918a8
SCHED-TRACE 22275 6433 B 1 7a
SCHED-TRACE 22276 6433 P 1 681c69374
SCHED-TRACE 22277 6433 R 1 681c69374
SCHED-TRACE 22278 6434 U 4 3918f7
SCHED-TRACE 22279 6434 V 4 391905
SCHED-TRACE 22280 6434 O 0 0
SCHED-TRACE 22281 6434 P 1 681d2c083
SCHED-TRACE 22282 6435 K 1 681d2c083
SCHED-TRACE 22283 6435 P 1 681e04dd2
SCHED-TRACE 22284 6436 U 2 391bfe
SCHED-TRACE 22285 6436 V 2 392703
SCHED-TRACE 22286 6436 U 3 392841
SCHED-TRACE 22287 6436 V 3 39290f
SCHED-TRACE 22288 6437 I 1 392922
SCHED-TRACE 22289 6437 B 1 7a
SCHED-TRACE 22290 6437 P 1 68281ba5e
SCHED-TRACE 22291 6437 R 1 68281ba5e
SCHED-TRACE 22292 6438 U 4 392971
SCHED-TRACE 22293 6438 V 4 39297f
SCHED-TRACE 22294 6438 O 0 0
SCHED-TRACE 22295 6438 P 1 6828def9d
SCHED-TRACE 22296 6439 K 1 6828def9d
SCHED-TRACE 22297 6439 P 1 6829b7ced
SCHED-TRACE 22298 6440 U 2 392c78
SCHED-TRACE 22299 6440 V 2 393748
SCHED-TRACE 22300 6440 U 3 393886
SCHED-TRACE 22301 6440 V 3 393939
SCHED-TRACE 22302 6441 I 1 39394c
SCHED-TRACE 22303 6441 B 1 7b
SCHED-TRACE 22304 6441 P 1 6833ce978
SCHED-TRACE 22305 6441 R 1 6833ce978
SCHED-TRACE 22306 6442 U 4 39399b
SCHED-TRACE 22307 6442 V 4 3939a9
SCHED-TRACE 22308 6442 O 0 0
SCHED-TRACE 22309 6442 P 1 683491a9f
SCHED-TRACE 22310 6443 K 1 683491a9f
SCHED-TRACE 22311 6443 P 1 68356a7ef
SCHED-TRACE 22312 6444 U 2 393ca2
SCHED-TRACE 22313 6444 V 2 39473c
SCHED-TRACE 22314 6444 U 3 39487a
SCHED-TRACE 22315 6444 V 3 394913
SCHED-TRACE 22316 6445 I 1 394926
SCHED-TRACE 22317 6445 B 1 7a
SCHED-TRACE 22318 6445 P 1 683f8147a
SCHED-TRACE 22319 6445 R 1 683f8147a
SCHED-TRACE 22320 6446 U 4 394975
SCHED-TRACE 22321 6446 V 4 394983
SCHED-TRACE 22322 6446 O 0 0
SCHED-TRACE 22323 6446 P 1 6840449ba
SCHED-TRACE 22324 6447 K 1 6840449ba
SCHED-TRACE 22325 6447 P 1 68411db22
SCHED-TRACE 22326 6448 U 2 394c7c
SCHED-TRACE 22327 6448 V 2 3956e0
SCHED-TRACE 22328 6448 U 3 39581e
SCHED-TRACE 22329 6448 V 3 39589b
SCHED-TRACE 22330 6449 I 1 3958ae
SCHED-TRACE 22331 6449 B 1 7a
SCHED-TRACE 22332 6449 P 1 684b34395
SCHED-TRACE 22333 6449 R 1 684b34395
SCHED-TRACE 22334 6450 U 4 3958fd
SCHED-TRACE 22335 6450 V 4 39590b
SCHED-TRACE 22336 6450 O 0 0
SCHED-TRACE 22337 6450 P 1 684bf74bc
SCHED-TRACE 22338 6451 K 1 684bf74bc
SCHED-TRACE 22339 6451 P 1 684cd020c
SCHED-TRACE 22340 6452 U 2 395c04
SCHED-TRACE 22341 6452 V 2 396633
SCHED-TRACE 22342 6452 U 3 396771
SCHED-TRACE 22343 6452 V 3 3967d3
SCHED-TRACE 22344 6453 I 1 3967e7
SCHED-TRACE 22345 6453 B 1 7a
SCHED-TRACE 22346 6453 P 1 6856e6e97
SCHED-TRACE 22347 6453 R 1 6856e6e97
SCHED-TRACE 22348 6454 U 4 396836
SCHED-TRACE 22349 6454 V 4 396843
SCHED-TRACE 22350 6454 O 0 0
SCHED-TRACE 22351 6454 P 1 6857a9fbe
SCHED-TRACE 22352 6455 K 1 6857a9fbe
SCHED-TRACE 22353 6455 P 1 685882d0e
SCHED-TRACE 22354 6456 U 2 396b3d
SCHED-TRACE 22355 6456 V 2 397535
SCHED-TRACE 22356 6456 U 3 397673
SCHED-TRACE 22357 6456 V 3 3976bb
SCHED-TRACE 22358 6457 I 1 3976ce
SCHED-TRACE 22359 6457 B 1 7a
SCHED-TRACE 22360 6457 P 1 686299db2
SCHED-TRACE 22361 6457 R 1 686299db2
SCHED-TRACE 22362 6458 U 4 39771d
SCHED-TRACE 22363 6458 V 4 39772b
SCHED-TRACE 22364 6458 O 0 0
SCHED-TRACE 22365 6458 P 1 68635d2f1
SCHED-TRACE 22366 6459 K 1 68635d2f1
SCHED-TRACE 22367 6459 P 1 686436041
SCHED-TRACE 22368 6460 U 2 397a24
SCHED-TRACE 22369 6460 V 2 3983e7
SCHED-TRACE 22370 6460 U 3 398525
SCHED-TRACE 22371 6460 V 3 398552
SCHED-TRACE 22372 6461 I 1 398565
SCHED-TRACE 22373 6461 B 1 7b
SCHED-TRACE 22374 6461 P 1 686e4cccc
SCHED-TRACE 22375 6461 R 1 686e4cccc
SCHED-TRACE 22376 6462 U 4 3985b4
SCHED-TRACE 22377 6462 V 4 3985c2
SCHED-TRACE 22378 6462 O 0 0
SCHED-TRACE 22379 6462 P 1 686f0fdf3
SCHED-TRACE 22380 6463 K 1 686f0fdf3
SCHED-TRACE 22381 6463 P 1 686fe8b43
SCHED-TRACE 22382 6464 U 2 3988bb
SCHED-TRACE 22383 6464 V 2 399246
SCHED-TRACE 22384 6464 U 3 399375
SCHED-TRACE 22385 6464 V 3 399384
SCHED-TRACE 22386 6465 I 1 39939b
SCHED-TRACE 22387 6465 B 1 7b
SCHED-TRACE 22388 6465 P 1 6879e3d70
SCHED-TRACE 22389 6465 R 1 6879e3d70
SCHED-TRACE 22390 6466 U 4 3993ea
SCHED-TRACE 22391 6466 V 4 3993f8
SCHED-TRACE 22392 6466 O 0 0
SCHED-TRACE 22393 6466 P 1 687aa6e97
SCHED-TRACE 22394 6467 K 1 687aa6e97
SCHED-TRACE 22395 6467 P 1 687b7fbe7
SCHED-TRACE 22396 6468 U 3 3995fd
SCHED-TRACE 22397 6468 V 3 39960c
SCHED-TRACE-END 22398 dropped 0
