
loader: Redoubt rv32 loader, boot hart 0
  1 hart(s), timebase 10000000 Hz
  ram: 0x80000000..0x90000000 (256 MiB)
  bundle: 0x88200000..0x8829b240
  devices: 14 mmio (8 dma), 10 irq, console 0x10000000
  plic: 0xc000000, S-mode context 1
  rng-seed: 32 bytes
  bundle signature ok (635392 bytes)
  PID 1: kernel -> 0xffd00000
  PID 2: sched-cluster -> 0x19982
  bundle mapped read-only at 0x20000000 (635456 bytes)
  252 MiB free, entering kernel
Kernel arguments:
    XArg (67724158, 28 bytes): 00000123 00000002 80000000 00000000 10000000 00000000 6d617273
    MREx (7845524d, 384 bytes): 10100000 00000000 00001000 00000000 632d7766 00000000 20000000 00000000 02000000 00000000 73616c66 00000000 00101000 00000000 00001000 00000000 40637472 00000000 10000000 00000000 00001000 00000000 69726573 00000000 00100000 00000000 00001000 00000000 74736574 00000000 10008000 00000000 00001000 00000000 74726976 00000000 10007000 00000000 00001000 00000000 74726976 00000000 10006000 00000000 00001000 00000000 74726976 00000000 10005000 00000000 00001000 00000000 74726976 00000000 10004000 00000000 00001000 00000000 74726976 00000000 10003000 00000000 00001000 00000000 74726976 00000000 10002000 00000000 00001000 00000000 74726976 00000000 10001000 00000000 00001000 00000000 74726976 00000000 0c000000 00000000 00600000 00000000 63696c70 00000000 02000000 00000000 00010000 00000000 6e696c63 00000000 30000000 00000000 10000000 00000000 40696370 00000000
    Ctrl (6c727443, 32 bytes): 0c000000 00000000 00600000 00000000 02000000 00000000 00010000 00000000
    Devs (73766544, 600 bytes): 00000003 00000000 00000000 00000000 00000000 00000000 00000001 10000000 00000000 00001000 00000000 00000000 00000002 0000000a 00000000 00000000 00000000 00000000 00000001 10100000 00000000 00001000 00000000 00000000 00000001 20000000 00000000 02000000 00000000 00000000 00000001 00101000 00000000 00001000 00000000 00000000 00000001 00100000 00000000 00001000 00000000 00000000 00000001 10008000 00000000 00001000 00000000 00000001 00000001 10007000 00000000 00001000 00000000 00000001 00000001 10006000 00000000 00001000 00000000 00000001 00000001 10005000 00000000 00001000 00000000 00000001 00000001 10004000 00000000 00001000 00000000 00000001 00000001 10003000 00000000 00001000 00000000 00000001 00000001 10002000 00000000 00001000 00000000 00000001 00000001 10001000 00000000 00001000 00000000 00000001 00000001 30000000 00000000 10000000 00000000 00000000 00000002 00000001 00000000 00000000 00000000 00000000 00000002 00000002 00000000 00000000 00000000 00000000 00000002 00000003 00000000 00000000 00000000 00000000 00000002 00000004 00000000 00000000 00000000 00000000 00000002 00000005 00000000 00000000 00000000 00000000 00000002 00000006 00000000 00000000 00000000 00000000 00000002 00000007 00000000 00000000 00000000 00000000 00000002 00000008 00000000 00000000 00000000 00000000 00000002 0000000b 00000000 00000000 00000000 00000000
    Plic (63696c50, 24 bytes): 0c000000 00000000 00600000 00000000 00000001 00000000
    Seed (64656553, 32 bytes): 3aa6bc93 16a2e6a8 2617d0a0 9eae6f78 4a132e1b 38d7387c 9587c886 0853f572
    Time (656d6954, 8 bytes): 00989680 00000000
asid: 9 bits
Devices: 25 objects, all held by init
Budgets: root 47328 pages (1203 kept for init), system 11530, users 34593
W^X verified: 44 executable kernel pages, none writable under any alias
Kernel RNG seeded from the loader (32 bytes)
KMAIN (clean boot): Supervisor mode started...
kernel: checks on (debug assertions, overflow checks)

[cluster] calibrated: 10 ticks/us, 8642 iterations/ms
[cluster] ok: child 0 acknowledged its isolated setup wake
CLUSTER-READY 0
[cluster] ok: child 1 acknowledged its isolated setup wake
CLUSTER-READY 1
[cluster] ok: child 2 acknowledged its isolated setup wake
CLUSTER-READY 2
[cluster] ok: child 3 acknowledged its isolated setup wake
CLUSTER-READY 3
[cluster] ok: child 4 acknowledged its isolated setup wake
CLUSTER-READY 4
[cluster] ok: child 5 acknowledged its isolated setup wake
CLUSTER-READY 5
[cluster] ok: child 6 acknowledged its isolated setup wake
CLUSTER-READY 6
[cluster] ok: child 7 acknowledged its isolated setup wake
CLUSTER-READY 7
[cluster] ok: child 8 acknowledged its isolated setup wake
CLUSTER-READY 8
[cluster] ok: child 9 acknowledged its isolated setup wake
CLUSTER-READY 9
[cluster] ok: child 10 acknowledged its isolated setup wake
CLUSTER-READY 10
[cluster] ok: child 11 acknowledged its isolated setup wake
CLUSTER-READY 11
[cluster] ok: child 12 acknowledged its isolated setup wake
CLUSTER-READY 12
[cluster] ok: child 13 acknowledged its isolated setup wake
CLUSTER-READY 13
[cluster] ok: child 14 acknowledged its isolated setup wake
CLUSTER-READY 14
[cluster] ok: child 15 acknowledged its isolated setup wake
CLUSTER-READY 15
[cluster] ok: child 16 acknowledged its isolated setup wake
CLUSTER-READY 16
[cluster] ok: child 17 acknowledged its isolated setup wake
CLUSTER-READY 17
[cluster] ok: child 18 acknowledged its isolated setup wake
CLUSTER-READY 18
CLUSTER-PLAN v3-kernel-envelope 100 300 600 850 200 80000 50000
CLUSTER-WINDOW 835575 885575 16885575
terminate_process: 233
[!] Terminating process with PID 233
terminate_process: 394
[!] Terminating process with PID 394
terminate_process: 17
[!] Terminating process with PID 17
terminate_process: 292
[!] Terminating process with PID 292
terminate_process: 61
[!] Terminating process with PID 61
terminate_process: 5
[!] Terminating process with PID 5
terminate_process: 70
[!] Terminating process with PID 70
terminate_process: 107
[!] Terminating process with PID 107
terminate_process: 325
[!] Terminating process with PID 325
terminate_process: 307
[!] Terminating process with PID 307
terminate_process: 136
[!] Terminating process with PID 136
terminate_process: 34
[!] Terminating process with PID 34
terminate_process: 81
[!] Terminating process with PID 81
terminate_process: 316
[!] Terminating process with PID 316
terminate_process: 20
[!] Terminating process with PID 20
terminate_process: 93
[!] Terminating process with PID 93
[cluster] ok: spinner/server 0 ran
[cluster] ok: spinner/server 1 ran
[cluster] ok: spinner/server 2 ran
[cluster] ok: spinner/server 3 ran
[cluster] ok: spinner/server 4 ran
[cluster] ok: spinner/server 5 ran
[cluster] ok: spinner/server 6 ran
[cluster] ok: spinner/server 7 ran
[cluster] ok: spinner/server 8 ran
[cluster] ok: spinner/server 9 ran
[cluster] ok: spinner/server 10 ran
[cluster] ok: spinner/server 11 ran
[cluster] ok: spinner/server 12 ran
[cluster] ok: spinner/server 13 ran
[cluster] ok: spinner/server 14 ran
[cluster] ok: spinner/server 15 ran
[cluster] ok: spinner/server 16 ran
CLUSTER-RAW role=17 child=17 seen=1 words=160600 191016 2147615232 513 tag=1 count=2
CLUSTER-FAIL role=17 index=2 branch=2 result=0 target_us=160600 current_us=191016
[cluster] FAIL: stand-in 17 took all 200 real waits
CLUSTER-RAW role=18 child=18 seen=1 words=80300 151924 2147549696 258 tag=2 count=1
CLUSTER-FAIL role=18 index=1 branch=2 result=0 target_us=80300 current_us=151924
[cluster] FAIL: stand-in 18 took all 200 real waits
CLUSTER-WORK server go..16885575 8743680 spinners 885575..16885575 12860672
LATENCY-COUNT cluster driver_wake 2
terminate_process: 215
[!] Terminating process with PID 215
CLUSTER-HEADER driver_wake 835575 16885575
CLUSTER-SAMPLE driver_wake 0 0 0 -184901 700674 185001 885675 902970 903131 903132 1791239015513817164 1791239015698818164 1791239015716165700 17347 rtc_ns
LATENCY-SAMPLE cluster driver_wake 903132 17457
CLUSTER-SAMPLE driver_wake 1 0 80000 -62283 903292 62583 965875 1076286 1076438 1076439 1791239015716487796 1791239015779070796 1791239015889473532 110402 rtc_ns
LATENCY-SAMPLE cluster driver_wake 1076439 110564
LATENCY-COUNT cluster timer_wake 1
terminate_process: 350
[!] Terminating process with PID 350
CLUSTER-HEADER timer_wake 835575 16885575
CLUSTER-SAMPLE timer_wake 0 0 0 -163197 722378 163297 885675 0 1037340 1037341 0 0 0 0 no_rtc
LATENCY-SAMPLE cluster timer_wake 1037341 151666
system_reset: PowerOff asked for by PID 2
SCHED-TRACE 0 0 G 1 0
SCHED-TRACE 1 0 g 1 0
SCHED-TRACE 2 0 v 1 f4240000b71b0
SCHED-TRACE 3 0 f 1 0
SCHED-TRACE 4 0 N 1 0
SCHED-TRACE 5 0 n 1 0
SCHED-TRACE 6 0 G 1 0
SCHED-TRACE 7 0 g 1 0
SCHED-TRACE 8 0 v 1 b71b0000003e8
SCHED-TRACE 9 0 f 1 0
SCHED-TRACE 10 0 N 1 0
SCHED-TRACE 11 0 n 1 0
SCHED-TRACE 12 1 W 1 0
SCHED-TRACE 13 1 K 1 0
SCHED-TRACE 14 8 P 1 dee560
SCHED-TRACE 15 8 D 1 dee560
SCHED-TRACE 16 10 U 4 98f
SCHED-TRACE 17 10 V 4 99d
SCHED-TRACE 18 10 U 3 9a1
SCHED-TRACE 19 10 V 3 c54
SCHED-TRACE 20 11 W 1 1037ced
SCHED-TRACE 21 11 U 4 cd3f
SCHED-TRACE 22 11 V 4 cd53
SCHED-TRACE 23 12 K 1 1037ced
SCHED-TRACE 24 14 I 1 f4c0
SCHED-TRACE 25 14 B 1 ef
SCHED-TRACE 26 14 P 1 73dc6a7
SCHED-TRACE 27 14 R 1 73dc6a7
SCHED-TRACE 28 15 U 4 f52d
SCHED-TRACE 29 15 V 4 f546
SCHED-TRACE 30 15 O 0 0
SCHED-TRACE 31 15 P 1 74da1ca
SCHED-TRACE 32 16 K 1 74da1ca
SCHED-TRACE 33 16 P 1 75f0a3d
SCHED-TRACE 34 17 I 1 11ccb
SCHED-TRACE 35 17 B 1 f1
SCHED-TRACE 36 17 P 1 d9ed0e5
SCHED-TRACE 37 17 R 1 d9ed0e5
SCHED-TRACE 38 18 U 4 11d39
SCHED-TRACE 39 18 V 4 11d52
SCHED-TRACE 40 18 O 0 0
SCHED-TRACE 41 18 P 1 daebc6a
SCHED-TRACE 42 19 K 1 daebc6a
SCHED-TRACE 43 19 P 1 dc024dd
SCHED-TRACE 44 20 I 1 144d7
SCHED-TRACE 45 20 B 1 f1
SCHED-TRACE 46 20 P 1 13ffeb85
SCHED-TRACE 47 20 R 1 13ffeb85
SCHED-TRACE 48 21 U 4 14545
SCHED-TRACE 49 21 V 4 1455d
SCHED-TRACE 50 21 O 0 0
SCHED-TRACE 51 21 P 1 140fd70a
SCHED-TRACE 52 22 K 1 140fd70a
SCHED-TRACE 53 22 P 1 14213b64
SCHED-TRACE 54 23 I 1 16ce3
SCHED-TRACE 55 23 B 1 ef
SCHED-TRACE 56 23 P 1 1a61126e
SCHED-TRACE 57 23 R 1 1a61126e
SCHED-TRACE 58 24 U 4 16d51
SCHED-TRACE 59 24 V 4 16d6a
SCHED-TRACE 60 24 O 0 0
SCHED-TRACE 61 24 P 1 1a710624
SCHED-TRACE 62 25 K 1 1a710624
SCHED-TRACE 63 25 P 1 1a827ef9
SCHED-TRACE 64 26 I 1 194ef
SCHED-TRACE 65 26 B 1 f2
SCHED-TRACE 66 26 P 1 20c23126
SCHED-TRACE 67 26 R 1 20c23126
SCHED-TRACE 68 27 U 4 1955d
SCHED-TRACE 69 27 V 4 19576
SCHED-TRACE 70 27 O 0 0
SCHED-TRACE 71 27 P 1 20d228f5
SCHED-TRACE 72 28 K 1 20d228f5
SCHED-TRACE 73 28 P 1 20e39999
SCHED-TRACE 74 29 I 1 1bcfb
SCHED-TRACE 75 29 B 1 f1
SCHED-TRACE 76 29 P 1 27234bc6
SCHED-TRACE 77 29 R 1 27234bc6
SCHED-TRACE 78 30 U 4 1bd69
SCHED-TRACE 79 30 V 4 1bd82
SCHED-TRACE 80 30 O 0 0
SCHED-TRACE 81 30 P 1 27334fdf
SCHED-TRACE 82 31 K 1 27334fdf
SCHED-TRACE 83 31 P 1 2744d0e5
SCHED-TRACE 84 32 I 1 1e508
SCHED-TRACE 85 32 B 1 f2
SCHED-TRACE 86 32 P 1 2d848f5c
SCHED-TRACE 87 32 R 1 2d848f5c
SCHED-TRACE 88 33 U 4 1e576
SCHED-TRACE 89 33 V 4 1e58f
SCHED-TRACE 90 33 O 0 0
SCHED-TRACE 91 33 P 1 2d948f5c
SCHED-TRACE 92 34 K 1 2d948f5c
SCHED-TRACE 93 34 P 1 2da5fbe7
SCHED-TRACE 94 35 I 1 20d15
SCHED-TRACE 95 35 B 1 ef
SCHED-TRACE 96 35 P 1 33e5be76
SCHED-TRACE 97 35 R 1 33e5be76
SCHED-TRACE 98 36 U 4 20d83
SCHED-TRACE 99 36 V 4 20d9b
SCHED-TRACE 100 36 O 0 0
SCHED-TRACE 101 36 P 1 33f5a9fb
SCHED-TRACE 102 37 K 1 33f5a9fb
SCHED-TRACE 103 37 P 1 34071eb8
SCHED-TRACE 104 38 I 1 23521
SCHED-TRACE 105 38 B 1 f2
SCHED-TRACE 106 38 P 1 3a46d916
SCHED-TRACE 107 38 R 1 3a46d916
SCHED-TRACE 108 39 U 4 2358f
SCHED-TRACE 109 39 V 4 235a8
SCHED-TRACE 110 39 O 0 0
SCHED-TRACE 111 39 P 1 3a56dd2f
SCHED-TRACE 112 40 K 1 3a56dd2f
SCHED-TRACE 113 40 P 1 3a685604
SCHED-TRACE 114 61 I 1 25d88
SCHED-TRACE 115 61 B 1 f1
SCHED-TRACE 116 61 P 1 40a90e56
SCHED-TRACE 117 61 R 1 40a90e56
SCHED-TRACE 118 62 U 4 25df7
SCHED-TRACE 119 62 V 4 25e10
SCHED-TRACE 120 62 O 0 0
SCHED-TRACE 121 62 P 1 40b9374b
SCHED-TRACE 122 63 K 1 40b9374b
SCHED-TRACE 123 63 P 1 40cab439
SCHED-TRACE 124 76 P 1 41a98106
SCHED-TRACE 125 76 D 1 41a98106
SCHED-TRACE 126 78 U 4 26488
SCHED-TRACE 127 78 V 4 26498
SCHED-TRACE 128 78 U 3 2649c
SCHED-TRACE 129 78 V 3 26751
SCHED-TRACE 130 79 W 1 41ce5604
SCHED-TRACE 131 80 K 1 41ce5604
SCHED-TRACE 132 83 I 1 2f574
SCHED-TRACE 133 83 B 1 f1
SCHED-TRACE 134 83 P 1 583ae978
SCHED-TRACE 135 83 R 1 583ae978
SCHED-TRACE 136 84 U 4 2f5e3
SCHED-TRACE 137 84 V 4 2f5fd
SCHED-TRACE 138 84 O 0 0
SCHED-TRACE 139 84 P 1 584b3333
SCHED-TRACE 140 85 K 1 584b3333
SCHED-TRACE 141 85 P 1 585cb020
SCHED-TRACE 142 87 I 1 37f64
SCHED-TRACE 143 87 B 1 f2
SCHED-TRACE 144 87 P 1 6e44d916
SCHED-TRACE 145 87 R 1 6e44d916
SCHED-TRACE 146 88 U 4 37fd4
SCHED-TRACE 147 88 V 4 37fee
SCHED-TRACE 148 88 O 0 0
SCHED-TRACE 149 88 P 1 6e55374b
SCHED-TRACE 150 89 K 1 6e55374b
SCHED-TRACE 151 89 P 1 6e667ae1
SCHED-TRACE 152 91 P 1 6e96e978
SCHED-TRACE 153 91 D 1 6e96e978
SCHED-TRACE 154 93 U 4 381f4
SCHED-TRACE 155 93 V 4 38204
SCHED-TRACE 156 93 U 3 38209
SCHED-TRACE 157 93 V 3 384bd
SCHED-TRACE 158 94 W 1 6ebbc28f
SCHED-TRACE 159 95 K 1 6ebbc28f
SCHED-TRACE 160 108 U 3 39020
SCHED-TRACE 161 108 V 3 3904c
SCHED-TRACE 162 108 P 1 7033d2f1
SCHED-TRACE 163 108 D 1 7033d2f1
SCHED-TRACE 164 110 U 4 39094
SCHED-TRACE 165 110 V 4 390a3
SCHED-TRACE 166 110 U 3 390a8
SCHED-TRACE 167 110 V 3 39371
SCHED-TRACE 168 110 U 3 39c4d
SCHED-TRACE 169 110 V 3 39c62
SCHED-TRACE 170 111 W 1 705c51eb
SCHED-TRACE 171 112 K 1 705c51eb
SCHED-TRACE 172 113 U 3 39e17
SCHED-TRACE 173 113 V 3 39e45
SCHED-TRACE 174 113 P 1 7085db22
SCHED-TRACE 175 113 D 1 7085db22
SCHED-TRACE 176 115 U 4 39e8d
SCHED-TRACE 177 115 V 4 39e9e
SCHED-TRACE 178 115 U 3 39ea2
SCHED-TRACE 179 115 V 3 3a16c
SCHED-TRACE 180 115 U 3 3aa44
SCHED-TRACE 181 115 V 3 3aa59
SCHED-TRACE 182 116 W 1 70ae8b43
SCHED-TRACE 183 117 K 1 70ae8b43
SCHED-TRACE 184 118 U 3 3ac0f
SCHED-TRACE 185 118 V 3 3ac3c
SCHED-TRACE 186 118 P 1 70d7fbe7
SCHED-TRACE 187 118 D 1 70d7fbe7
SCHED-TRACE 188 120 U 4 3ac84
SCHED-TRACE 189 120 V 4 3ac94
SCHED-TRACE 190 120 U 3 3ac99
SCHED-TRACE 191 120 V 3 3af63
SCHED-TRACE 192 120 U 3 3b83c
SCHED-TRACE 193 120 V 3 3b851
SCHED-TRACE 194 121 W 1 7100b439
SCHED-TRACE 195 122 K 1 7100b439
SCHED-TRACE 196 123 U 3 3ba06
SCHED-TRACE 197 123 V 3 3ba33
SCHED-TRACE 198 123 P 1 712a4189
SCHED-TRACE 199 123 D 1 712a4189
SCHED-TRACE 200 125 U 4 3ba7c
SCHED-TRACE 201 125 V 4 3ba8c
SCHED-TRACE 202 125 U 3 3ba91
SCHED-TRACE 203 125 V 3 3bd5b
SCHED-TRACE 204 125 U 3 3c633
SCHED-TRACE 205 125 V 3 3c649
SCHED-TRACE 206 126 W 1 71530624
SCHED-TRACE 207 127 K 1 71530624
SCHED-TRACE 208 128 U 3 3c7fe
SCHED-TRACE 209 128 V 3 3c82b
SCHED-TRACE 210 128 P 1 717c6e97
SCHED-TRACE 211 128 D 1 717c6e97
SCHED-TRACE 212 130 U 4 3c872
SCHED-TRACE 213 130 V 4 3c882
SCHED-TRACE 214 130 U 3 3c887
SCHED-TRACE 215 130 V 3 3cb50
SCHED-TRACE 216 130 U 3 3d42b
SCHED-TRACE 217 130 V 3 3d440
SCHED-TRACE 218 131 W 1 71a4f5c2
SCHED-TRACE 219 132 K 1 71a4f5c2
SCHED-TRACE 220 133 U 3 3d5f5
SCHED-TRACE 221 133 V 3 3d623
SCHED-TRACE 222 133 P 1 71ce76c8
SCHED-TRACE 223 133 D 1 71ce76c8
SCHED-TRACE 224 135 U 4 3d66b
SCHED-TRACE 225 135 V 4 3d67c
SCHED-TRACE 226 135 U 3 3d680
SCHED-TRACE 227 135 V 3 3d94a
SCHED-TRACE 228 135 U 3 3e221
SCHED-TRACE 229 135 V 3 3e237
SCHED-TRACE 230 136 W 1 71f73f7c
SCHED-TRACE 231 137 K 1 71f73f7c
SCHED-TRACE 232 138 U 3 3e3ed
SCHED-TRACE 233 138 V 3 3e41a
SCHED-TRACE 234 138 P 1 7220c083
SCHED-TRACE 235 138 D 1 7220c083
SCHED-TRACE 236 140 U 4 3e462
SCHED-TRACE 237 140 V 4 3e472
SCHED-TRACE 238 140 U 3 3e477
SCHED-TRACE 239 140 V 3 3e741
SCHED-TRACE 240 140 U 3 3f01a
SCHED-TRACE 241 140 V 3 3f02f
SCHED-TRACE 242 141 W 1 724970a3
SCHED-TRACE 243 142 K 1 724970a3
SCHED-TRACE 244 143 U 3 3f1e3
SCHED-TRACE 245 143 V 3 3f210
SCHED-TRACE 246 143 P 1 7272f1a9
SCHED-TRACE 247 143 D 1 7272f1a9
SCHED-TRACE 248 145 U 4 3f259
SCHED-TRACE 249 145 V 4 3f269
SCHED-TRACE 250 145 U 3 3f26e
SCHED-TRACE 251 145 V 3 3f538
SCHED-TRACE 252 145 U 3 3fe10
SCHED-TRACE 253 145 V 3 3fe26
SCHED-TRACE 254 146 W 1 729bc28f
SCHED-TRACE 255 147 K 1 729bc28f
SCHED-TRACE 256 148 U 3 3ffdd
SCHED-TRACE 257 148 V 3 40009
SCHED-TRACE 258 148 P 1 72c5126e
SCHED-TRACE 259 148 D 1 72c5126e
SCHED-TRACE 260 150 U 4 4004e
SCHED-TRACE 261 150 V 4 4005c
SCHED-TRACE 262 150 U 3 40060
SCHED-TRACE 263 150 V 3 40328
SCHED-TRACE 264 150 U 3 404a8
SCHED-TRACE 265 150 V 3 404bd
SCHED-TRACE 266 151 W 1 72d0ed91
SCHED-TRACE 267 152 K 1 72d0ed91
SCHED-TRACE 268 153 U 3 40681
SCHED-TRACE 269 153 V 3 406ae
SCHED-TRACE 270 153 P 1 72fb78d4
SCHED-TRACE 271 153 D 1 72fb78d4
SCHED-TRACE 272 155 U 4 406f6
SCHED-TRACE 273 155 V 4 40706
SCHED-TRACE 274 155 U 3 4070b
SCHED-TRACE 275 155 V 3 409d5
SCHED-TRACE 276 157 U 4 40b87
SCHED-TRACE 277 157 V 4 40b97
SCHED-TRACE 278 157 U 3 40b9b
SCHED-TRACE 279 157 V 3 40e65
SCHED-TRACE 280 157 U 3 4551b
SCHED-TRACE 281 157 V 3 45530
SCHED-TRACE 282 158 W 1 73299999
SCHED-TRACE 283 158 U 4 4555e
SCHED-TRACE 284 158 V 4 45572
SCHED-TRACE 285 159 K 1 73299999
SCHED-TRACE 286 160 P 1 73727ef9
SCHED-TRACE 287 160 P 1 737d74bc
SCHED-TRACE 288 160 G 1 737d74bc
SCHED-TRACE 289 160 g 1 1a0
SCHED-TRACE 290 160 v 1 3e8000003e8
SCHED-TRACE 291 160 f 1 737d74bc
SCHED-TRACE 292 160 N 1 737d74bc
SCHED-TRACE 293 160 n 1 1a0
SCHED-TRACE 294 161 P 1 73ef6872
SCHED-TRACE 295 161 P 1 73fa5a1c
SCHED-TRACE 296 161 G 1 73fa5a1c
SCHED-TRACE 297 161 g 1 2a0
SCHED-TRACE 298 161 v 1 3e8000003e8
SCHED-TRACE 299 161 f 1 73fa5a1c
SCHED-TRACE 300 161 N 1 73fa5a1c
SCHED-TRACE 301 161 n 1 2a0
SCHED-TRACE 302 162 G 2 3fe9
SCHED-TRACE 303 162 g 2 3bcf0
SCHED-TRACE 304 162 v 2 3d0900003cca8
SCHED-TRACE 305 162 f 2 73fa5a1c
SCHED-TRACE 306 162 N 2 73fa5a1c
SCHED-TRACE 307 162 n 2 3bcf0
SCHED-TRACE 308 166 U 2 465e0
SCHED-TRACE 309 166 V 2 4679f
SCHED-TRACE 310 166 U 3 46819
SCHED-TRACE 311 166 V 3 46855
SCHED-TRACE 312 171 I 1 47fb1
SCHED-TRACE 313 171 B 1 f4
SCHED-TRACE 314 171 P 1 798428f5
SCHED-TRACE 315 171 R 1 798428f5
SCHED-TRACE 316 172 U 4 48021
SCHED-TRACE 317 172 V 4 4803c
SCHED-TRACE 318 172 O 0 0
SCHED-TRACE 319 172 P 1 7993eb85
SCHED-TRACE 320 173 K 1 7993eb85
SCHED-TRACE 321 173 P 1 79a54fdf
SCHED-TRACE 322 180 P 33 79a54fdf
SCHED-TRACE 323 180 W 33 79a54fdf
SCHED-TRACE 324 180 U 3 49396
SCHED-TRACE 325 180 V 3 493e5
SCHED-TRACE 326 180 P 1 7ca6147a
SCHED-TRACE 327 180 D 1 7ca6147a
SCHED-TRACE 328 182 K 33 79a54fdf
SCHED-TRACE 329 183 U 3 498e8
SCHED-TRACE 330 183 V 3 49927
SCHED-TRACE 331 184 W 1 7cc8b851
SCHED-TRACE 332 184 U 3 49a40
SCHED-TRACE 333 184 V 3 49a8f
SCHED-TRACE 334 184 P 33 7a7d6c8b
SCHED-TRACE 335 184 D 33 7a7d6c8b
SCHED-TRACE 336 186 K 1 7cc8b851
SCHED-TRACE 337 187 G 3 0
SCHED-TRACE 338 187 g 3 0
SCHED-TRACE 339 187 v 3 b6dc8000b6d64
SCHED-TRACE 340 187 f 3 7cc8b851
SCHED-TRACE 341 187 N 3 7cc8b851
SCHED-TRACE 342 187 n 3 0
SCHED-TRACE 343 191 U 2 4a58c
SCHED-TRACE 344 191 V 2 4a76d
SCHED-TRACE 345 191 U 3 4a7f5
SCHED-TRACE 346 191 V 3 4a864
SCHED-TRACE 347 197 I 1 4c73b
SCHED-TRACE 348 197 B 1 f2
SCHED-TRACE 349 197 P 1 836af9db
SCHED-TRACE 350 197 R 1 836af9db
SCHED-TRACE 351 198 U 4 4c7ab
SCHED-TRACE 352 198 V 4 4c7cb
SCHED-TRACE 353 198 O 0 0
SCHED-TRACE 354 198 P 1 837b3f7c
SCHED-TRACE 355 199 K 1 837b3f7c
SCHED-TRACE 356 199 P 1 838ce560
SCHED-TRACE 357 204 P 36 838ce560
SCHED-TRACE 358 204 W 36 838ce560
SCHED-TRACE 359 204 U 3 4d34a
SCHED-TRACE 360 204 V 3 4d3cc
SCHED-TRACE 361 204 P 1 854ccccc
SCHED-TRACE 362 204 D 1 854ccccc
SCHED-TRACE 363 206 K 36 838ce560
SCHED-TRACE 364 207 U 3 4d8cf
SCHED-TRACE 365 207 V 3 4d941
SCHED-TRACE 366 208 W 1 856f8d4f
SCHED-TRACE 367 208 U 3 4da59
SCHED-TRACE 368 208 V 3 4dadb
SCHED-TRACE 369 208 P 36 8bfe2d0e
SCHED-TRACE 370 208 D 36 8bfe2d0e
SCHED-TRACE 371 210 K 1 856f8d4f
SCHED-TRACE 372 211 G 3 7cc8b851
SCHED-TRACE 373 211 g 3 0
SCHED-TRACE 374 211 v 3 b6d64000b6d00
SCHED-TRACE 375 211 f 3 856f8d4f
SCHED-TRACE 376 211 N 3 856f8d4f
SCHED-TRACE 377 211 n 3 0
SCHED-TRACE 378 215 U 2 4e627
SCHED-TRACE 379 215 V 2 4e829
SCHED-TRACE 380 215 U 3 4e8be
SCHED-TRACE 381 215 V 3 4e95f
SCHED-TRACE 382 221 I 1 50836
SCHED-TRACE 383 221 B 1 f2
SCHED-TRACE 384 221 P 1 8c2024dd
SCHED-TRACE 385 221 R 1 8c2024dd
SCHED-TRACE 386 222 U 4 508a4
SCHED-TRACE 387 222 V 4 508c6
SCHED-TRACE 388 222 O 0 0
SCHED-TRACE 389 222 P 1 8c302d0e
SCHED-TRACE 390 223 K 1 8c302d0e
SCHED-TRACE 391 223 P 1 8c41e76c
SCHED-TRACE 392 228 P 39 8c41e76c
SCHED-TRACE 393 228 W 39 8c41e76c
SCHED-TRACE 394 228 U 3 51446
SCHED-TRACE 395 228 V 3 514f9
SCHED-TRACE 396 228 P 1 8e01a9fb
SCHED-TRACE 397 228 D 1 8e01a9fb
SCHED-TRACE 398 230 K 39 8c41e76c
SCHED-TRACE 399 231 U 3 519fd
SCHED-TRACE 400 231 V 3 51aa1
SCHED-TRACE 401 232 W 1 8e248312
SCHED-TRACE 402 232 U 3 51bba
SCHED-TRACE 403 232 V 3 51c6d
SCHED-TRACE 404 232 P 39 94b3a9fb
SCHED-TRACE 405 232 D 39 94b3a9fb
SCHED-TRACE 406 234 K 1 8e248312
SCHED-TRACE 407 235 G 3 856f8d4f
SCHED-TRACE 408 235 g 3 0
SCHED-TRACE 409 235 v 3 b6d00000b6c9c
SCHED-TRACE 410 235 f 3 8e248312
SCHED-TRACE 411 235 N 3 8e248312
SCHED-TRACE 412 235 n 3 0
SCHED-TRACE 413 239 U 2 527d8
SCHED-TRACE 414 239 V 2 529fd
SCHED-TRACE 415 239 U 3 52a9e
SCHED-TRACE 416 239 V 3 52b72
SCHED-TRACE 417 245 I 1 54a49
SCHED-TRACE 418 245 B 1 f1
SCHED-TRACE 419 245 P 1 94dc6e97
SCHED-TRACE 420 245 R 1 94dc6e97
SCHED-TRACE 421 246 U 4 54ab8
SCHED-TRACE 422 246 V 4 54ade
SCHED-TRACE 423 246 O 0 0
SCHED-TRACE 424 246 P 1 94ec9ba5
SCHED-TRACE 425 247 K 1 94ec9ba5
SCHED-TRACE 426 247 P 1 94fe8312
SCHED-TRACE 427 252 P 42 94fe8312
SCHED-TRACE 428 252 W 42 94fe8312
SCHED-TRACE 429 252 U 3 55660
SCHED-TRACE 430 252 V 3 55745
SCHED-TRACE 431 252 P 1 96be6a7e
SCHED-TRACE 432 252 D 1 96be6a7e
SCHED-TRACE 433 254 K 42 94fe8312
SCHED-TRACE 434 255 U 3 55c4a
SCHED-TRACE 435 255 V 3 55d20
SCHED-TRACE 436 256 W 1 96e174bc
SCHED-TRACE 437 256 U 3 55e3a
SCHED-TRACE 438 256 V 3 55f1f
SCHED-TRACE 439 256 P 42 9d70978c
SCHED-TRACE 440 256 D 42 9d70978c
SCHED-TRACE 441 258 K 1 96e174bc
SCHED-TRACE 442 259 G 3 8e248312
SCHED-TRACE 443 259 g 3 0
SCHED-TRACE 444 259 v 3 b6c9c000b6c38
SCHED-TRACE 445 259 f 3 96e174bc
SCHED-TRACE 446 259 N 3 96e174bc
SCHED-TRACE 447 259 n 3 0
SCHED-TRACE 448 263 U 2 56ac1
SCHED-TRACE 449 263 V 2 56d08
SCHED-TRACE 450 263 U 3 56db6
SCHED-TRACE 451 263 V 3 56ebc
SCHED-TRACE 452 269 I 1 58d93
SCHED-TRACE 453 269 B 1 f3
SCHED-TRACE 454 269 P 1 9da3fbe7
SCHED-TRACE 455 269 R 1 9da3fbe7
SCHED-TRACE 456 270 U 4 58e02
SCHED-TRACE 457 270 V 4 58e2c
SCHED-TRACE 458 270 O 0 0
SCHED-TRACE 459 270 P 1 9db44189
SCHED-TRACE 460 271 K 1 9db44189
SCHED-TRACE 461 271 P 1 9dc64189
SCHED-TRACE 462 276 P 45 9dc64189
SCHED-TRACE 463 276 W 45 9dc64189
SCHED-TRACE 464 276 U 3 599ae
SCHED-TRACE 465 276 V 3 59ac6
SCHED-TRACE 466 276 P 1 9f863126
SCHED-TRACE 467 276 D 1 9f863126
SCHED-TRACE 468 278 K 45 9dc64189
SCHED-TRACE 469 279 U 3 59fcc
SCHED-TRACE 470 279 V 3 5a0d4
SCHED-TRACE 471 280 W 1 9fa953f7
SCHED-TRACE 472 280 U 3 5a1ec
SCHED-TRACE 473 280 V 3 5a304
SCHED-TRACE 474 280 P 45 a636bc6a
SCHED-TRACE 475 280 D 45 a636bc6a
SCHED-TRACE 476 282 K 1 9fa953f7
SCHED-TRACE 477 283 G 3 96e174bc
SCHED-TRACE 478 283 g 3 0
SCHED-TRACE 479 283 v 3 b6c38000b6bd4
SCHED-TRACE 480 283 f 3 9fa953f7
SCHED-TRACE 481 283 N 3 9fa953f7
SCHED-TRACE 482 283 n 3 0
SCHED-TRACE 483 287 U 2 5aed0
SCHED-TRACE 484 287 V 2 5b138
SCHED-TRACE 485 287 U 3 5b1f3
SCHED-TRACE 486 287 V 3 5b32b
SCHED-TRACE 487 293 I 1 5d203
SCHED-TRACE 488 293 B 1 ef
SCHED-TRACE 489 293 P 1 a67449ba
SCHED-TRACE 490 293 R 1 a67449ba
SCHED-TRACE 491 294 U 4 5d272
SCHED-TRACE 492 294 V 4 5d29d
SCHED-TRACE 493 294 O 0 0
SCHED-TRACE 494 294 P 1 a6847ae1
SCHED-TRACE 495 295 K 1 a6847ae1
SCHED-TRACE 496 295 P 1 a6968f5c
SCHED-TRACE 497 300 P 48 a6968f5c
SCHED-TRACE 498 300 W 48 a6968f5c
SCHED-TRACE 499 300 U 3 5de20
SCHED-TRACE 500 300 V 3 5df6b
SCHED-TRACE 501 300 P 1 a856a3d7
SCHED-TRACE 502 300 D 1 a856a3d7
SCHED-TRACE 503 302 K 48 a6968f5c
SCHED-TRACE 504 303 U 3 5e470
SCHED-TRACE 505 303 V 3 5e5ab
SCHED-TRACE 506 304 W 1 a879c28f
SCHED-TRACE 507 304 U 3 5e6c5
SCHED-TRACE 508 304 V 3 5e80f
SCHED-TRACE 509 304 P 48 af0828f5
SCHED-TRACE 510 304 D 48 af0828f5
SCHED-TRACE 511 306 K 1 a879c28f
SCHED-TRACE 512 307 G 3 9fa953f7
SCHED-TRACE 513 307 g 3 0
SCHED-TRACE 514 307 v 3 b6bd4000b6b70
SCHED-TRACE 515 307 f 3 a879c28f
SCHED-TRACE 516 307 N 3 a879c28f
SCHED-TRACE 517 307 n 3 0
SCHED-TRACE 518 311 U 2 5f3b5
SCHED-TRACE 519 311 V 2 5f641
SCHED-TRACE 520 311 U 3 5f666
SCHED-TRACE 521 311 V 3 5f7d0
SCHED-TRACE 522 317 I 1 616a8
SCHED-TRACE 523 317 B 1 f1
SCHED-TRACE 524 317 P 1 af26d916
SCHED-TRACE 525 317 R 1 af26d916
SCHED-TRACE 526 318 U 4 61717
SCHED-TRACE 527 318 V 4 61746
SCHED-TRACE 528 318 O 0 0
SCHED-TRACE 529 318 P 1 af370a3d
SCHED-TRACE 530 319 K 1 af370a3d
SCHED-TRACE 531 319 P 1 af493b64
SCHED-TRACE 532 324 P 51 af493b64
SCHED-TRACE 533 324 W 51 af493b64
SCHED-TRACE 534 324 U 3 622c9
SCHED-TRACE 535 324 V 3 62445
SCHED-TRACE 536 324 P 1 b109126e
SCHED-TRACE 537 324 D 1 b109126e
SCHED-TRACE 538 326 K 51 af493b64
SCHED-TRACE 539 327 U 3 6294b
SCHED-TRACE 540 327 V 3 62ab7
SCHED-TRACE 541 328 W 1 b12c45a1
SCHED-TRACE 542 328 U 3 62bd1
SCHED-TRACE 543 328 V 3 62d4d
SCHED-TRACE 544 328 P 51 b7ba8312
SCHED-TRACE 545 328 D 51 b7ba8312
SCHED-TRACE 546 330 K 1 b12c45a1
SCHED-TRACE 547 331 G 3 a879c28f
SCHED-TRACE 548 331 g 3 0
SCHED-TRACE 549 331 v 3 b6b70000b6b0c
SCHED-TRACE 550 331 f 3 b12c45a1
SCHED-TRACE 551 331 N 3 b12c45a1
SCHED-TRACE 552 331 n 3 0
SCHED-TRACE 553 335 U 2 63710
SCHED-TRACE 554 335 V 2 639be
SCHED-TRACE 555 335 U 3 639ef
SCHED-TRACE 556 335 V 3 63b8b
SCHED-TRACE 557 341 I 1 65a64
SCHED-TRACE 558 341 B 1 f5
SCHED-TRACE 559 341 P 1 b78deb85
SCHED-TRACE 560 341 R 1 b78deb85
SCHED-TRACE 561 342 U 4 65ad3
SCHED-TRACE 562 342 V 4 65b05
SCHED-TRACE 563 342 O 0 0
SCHED-TRACE 564 342 P 1 b79e2d0e
SCHED-TRACE 565 343 K 1 b79e2d0e
SCHED-TRACE 566 343 P 1 b7b076c8
SCHED-TRACE 567 348 P 54 b7b076c8
SCHED-TRACE 568 348 W 54 b7b076c8
SCHED-TRACE 569 348 U 3 6668a
SCHED-TRACE 570 348 V 3 66838
SCHED-TRACE 571 348 P 1 b970624d
SCHED-TRACE 572 348 D 1 b970624d
SCHED-TRACE 573 350 K 54 b7b076c8
SCHED-TRACE 574 351 U 3 66d3f
SCHED-TRACE 575 351 V 3 66ede
SCHED-TRACE 576 352 W 1 b993a9fb
SCHED-TRACE 577 352 U 3 66ff8
SCHED-TRACE 578 352 V 3 671a6
SCHED-TRACE 579 352 P 54 c0232f19
SCHED-TRACE 580 352 D 54 c0232f19
SCHED-TRACE 581 354 K 1 b993a9fb
SCHED-TRACE 582 355 G 3 b12c45a1
SCHED-TRACE 583 355 g 3 0
SCHED-TRACE 584 355 v 3 b6b0c000b6aa8
SCHED-TRACE 585 355 f 3 b993a9fb
SCHED-TRACE 586 355 N 3 b993a9fb
SCHED-TRACE 587 355 n 3 0
SCHED-TRACE 588 359 U 2 67b8c
SCHED-TRACE 589 359 V 2 67e5c
SCHED-TRACE 590 359 U 3 67e9a
SCHED-TRACE 591 359 V 3 68068
SCHED-TRACE 592 365 I 1 69f3f
SCHED-TRACE 593 365 B 1 f2
SCHED-TRACE 594 365 P 1 bffc7ae1
SCHED-TRACE 595 365 R 1 bffc7ae1
SCHED-TRACE 596 366 U 4 69fae
SCHED-TRACE 597 366 V 4 69fe4
SCHED-TRACE 598 366 O 0 0
SCHED-TRACE 599 366 P 1 c00cd0e5
SCHED-TRACE 600 367 K 1 c00cd0e5
SCHED-TRACE 601 367 P 1 c01f126e
SCHED-TRACE 602 372 P 57 c01f126e
SCHED-TRACE 603 372 W 57 c01f126e
SCHED-TRACE 604 372 U 3 6ab67
SCHED-TRACE 605 372 V 3 6ad48
SCHED-TRACE 606 372 P 1 c1def9db
SCHED-TRACE 607 372 D 1 c1def9db
SCHED-TRACE 608 374 K 57 c01f126e
SCHED-TRACE 609 375 U 3 6b250
SCHED-TRACE 610 375 V 3 6b422
SCHED-TRACE 611 376 W 1 c2027ef9
SCHED-TRACE 612 376 U 3 6b53b
SCHED-TRACE 613 376 V 3 6b71b
SCHED-TRACE 614 376 P 57 c890fdf3
SCHED-TRACE 615 376 D 57 c890fdf3
SCHED-TRACE 616 378 K 1 c2027ef9
SCHED-TRACE 617 379 G 3 b993a9fb
SCHED-TRACE 618 379 g 3 0
SCHED-TRACE 619 379 v 3 b6aa8000b6a44
SCHED-TRACE 620 379 f 3 c2027ef9
SCHED-TRACE 621 379 N 3 c2027ef9
SCHED-TRACE 622 379 n 3 0
SCHED-TRACE 623 383 U 2 6c14e
SCHED-TRACE 624 383 V 2 6c43f
SCHED-TRACE 625 383 U 3 6c489
SCHED-TRACE 626 383 V 3 6c68a
SCHED-TRACE 627 389 I 1 6e563
SCHED-TRACE 628 389 B 1 f3
SCHED-TRACE 629 389 P 1 c8799999
SCHED-TRACE 630 389 R 1 c8799999
SCHED-TRACE 631 390 U 4 6e5d2
SCHED-TRACE 632 390 V 4 6e60a
SCHED-TRACE 633 390 O 0 0
SCHED-TRACE 634 390 P 1 c889eb85
SCHED-TRACE 635 391 K 1 c889eb85
SCHED-TRACE 636 391 P 1 c89c624d
SCHED-TRACE 637 396 P 60 c89c624d
SCHED-TRACE 638 396 W 60 c89c624d
SCHED-TRACE 639 396 U 3 6f190
SCHED-TRACE 640 396 V 3 6f3a3
SCHED-TRACE 641 396 P 1 ca5c3958
SCHED-TRACE 642 396 D 1 ca5c3958
SCHED-TRACE 643 398 K 60 c89c624d
SCHED-TRACE 644 399 U 3 6f8ac
SCHED-TRACE 645 399 V 3 6faaf
SCHED-TRACE 646 400 W 1 ca7fdb22
SCHED-TRACE 647 400 U 3 6fbc9
SCHED-TRACE 648 400 V 3 6fddd
SCHED-TRACE 649 400 P 60 d110dd2e
SCHED-TRACE 650 400 D 60 d110dd2e
SCHED-TRACE 651 402 K 1 ca7fdb22
SCHED-TRACE 652 403 G 3 c2027ef9
SCHED-TRACE 653 403 g 3 0
SCHED-TRACE 654 403 v 3 b6a44000b69e0
SCHED-TRACE 655 403 f 3 ca7fdb22
SCHED-TRACE 656 403 N 3 ca7fdb22
SCHED-TRACE 657 403 n 3 0
SCHED-TRACE 658 407 U 2 70833
SCHED-TRACE 659 407 V 2 70b46
SCHED-TRACE 660 407 U 3 70b9e
SCHED-TRACE 661 407 V 3 70dd1
SCHED-TRACE 662 413 I 1 72ca9
SCHED-TRACE 663 413 B 1 f3
SCHED-TRACE 664 413 P 1 d0fe76c8
SCHED-TRACE 665 413 R 1 d0fe76c8
SCHED-TRACE 666 414 U 4 72d18
SCHED-TRACE 667 414 V 4 72d53
SCHED-TRACE 668 414 O 0 0
SCHED-TRACE 669 414 P 1 d10ea7ef
SCHED-TRACE 670 415 K 1 d10ea7ef
SCHED-TRACE 671 415 P 1 d1213f7c
SCHED-TRACE 672 420 P 63 d1213f7c
SCHED-TRACE 673 420 W 63 d1213f7c
SCHED-TRACE 674 420 U 3 738d9
SCHED-TRACE 675 420 V 3 73b1e
SCHED-TRACE 676 420 P 1 d2e13333
SCHED-TRACE 677 420 D 1 d2e13333
SCHED-TRACE 678 422 K 63 d1213f7c
SCHED-TRACE 679 423 U 3 74028
SCHED-TRACE 680 423 V 3 7425d
SCHED-TRACE 681 424 W 1 d304f1a9
SCHED-TRACE 682 424 U 3 74377
SCHED-TRACE 683 424 V 3 745bc
SCHED-TRACE 684 424 P 63 d9919167
SCHED-TRACE 685 424 D 63 d9919167
SCHED-TRACE 686 426 K 1 d304f1a9
SCHED-TRACE 687 427 G 3 ca7fdb22
SCHED-TRACE 688 427 g 3 0
SCHED-TRACE 689 427 v 3 b69e0000b697c
SCHED-TRACE 690 427 f 3 d304f1a9
SCHED-TRACE 691 427 N 3 d304f1a9
SCHED-TRACE 692 427 n 3 0
SCHED-TRACE 693 431 U 2 75033
SCHED-TRACE 694 431 V 2 75368
SCHED-TRACE 695 431 U 3 753cc
SCHED-TRACE 696 431 V 3 75632
SCHED-TRACE 697 437 I 1 7750b
SCHED-TRACE 698 437 B 1 f4
SCHED-TRACE 699 437 P 1 d98b1a9f
SCHED-TRACE 700 437 R 1 d98b1a9f
SCHED-TRACE 701 438 U 4 7757a
SCHED-TRACE 702 438 V 4 775b9
SCHED-TRACE 703 438 O 0 0
SCHED-TRACE 704 438 P 1 d99b645a
SCHED-TRACE 705 439 K 1 d99b645a
SCHED-TRACE 706 439 P 1 d9ae1893
SCHED-TRACE 707 444 P 66 d9ae1893
SCHED-TRACE 708 444 W 66 d9ae1893
SCHED-TRACE 709 444 U 3 7813f
SCHED-TRACE 710 444 V 3 783b5
SCHED-TRACE 711 444 P 1 db6dbe76
SCHED-TRACE 712 444 D 1 db6dbe76
SCHED-TRACE 713 446 K 66 d9ae1893
SCHED-TRACE 714 447 U 3 788bf
SCHED-TRACE 715 447 V 3 78b27
SCHED-TRACE 716 448 W 1 db918106
SCHED-TRACE 717 448 U 3 78c40
SCHED-TRACE 718 448 V 3 78eb8
SCHED-TRACE 719 448 P 66 e21fb22c
SCHED-TRACE 720 448 D 66 e21fb22c
SCHED-TRACE 721 450 K 1 db918106
SCHED-TRACE 722 451 G 3 d304f1a9
SCHED-TRACE 723 451 g 3 0
SCHED-TRACE 724 451 v 3 b697c000b6918
SCHED-TRACE 725 451 f 3 db918106
SCHED-TRACE 726 451 N 3 db918106
SCHED-TRACE 727 451 n 3 0
SCHED-TRACE 728 455 U 2 79977
SCHED-TRACE 729 455 V 2 79cce
SCHED-TRACE 730 455 U 3 79d3f
SCHED-TRACE 731 455 V 3 79fd7
SCHED-TRACE 732 461 I 1 7beb0
SCHED-TRACE 733 461 B 1 f4
SCHED-TRACE 734 461 P 1 e2251687
SCHED-TRACE 735 461 R 1 e2251687
SCHED-TRACE 736 462 U 4 7bf20
SCHED-TRACE 737 462 V 4 7bf62
SCHED-TRACE 738 462 O 0 0
SCHED-TRACE 739 462 P 1 e23570a3
SCHED-TRACE 740 463 K 1 e23570a3
SCHED-TRACE 741 463 P 1 e2484189
SCHED-TRACE 742 468 P 69 e2484189
SCHED-TRACE 743 468 W 69 e2484189
SCHED-TRACE 744 468 U 3 7cae9
SCHED-TRACE 745 468 V 3 7cd93
SCHED-TRACE 746 468 P 1 e4083d70
SCHED-TRACE 747 468 D 1 e4083d70
SCHED-TRACE 748 470 K 69 e2484189
SCHED-TRACE 749 471 U 3 7d29f
SCHED-TRACE 750 471 V 3 7d539
SCHED-TRACE 751 472 W 1 e42c353f
SCHED-TRACE 752 472 U 3 7d653
SCHED-TRACE 753 472 V 3 7d8fd
SCHED-TRACE 754 472 P 69 eabad0e5
SCHED-TRACE 755 472 D 69 eabad0e5
SCHED-TRACE 756 474 K 1 e42c353f
SCHED-TRACE 757 475 G 3 db918106
SCHED-TRACE 758 475 g 3 0
SCHED-TRACE 759 475 v 3 b6918000b68b4
SCHED-TRACE 760 475 f 3 e42c353f
SCHED-TRACE 761 475 N 3 e42c353f
SCHED-TRACE 762 475 n 3 0
SCHED-TRACE 763 479 U 2 7e3f7
SCHED-TRACE 764 479 V 2 7e771
SCHED-TRACE 765 479 U 3 7e7ef
SCHED-TRACE 766 479 V 3 7eab9
SCHED-TRACE 767 485 I 1 80990
SCHED-TRACE 768 485 B 1 f1
SCHED-TRACE 769 485 P 1 eacb4fdf
SCHED-TRACE 770 485 R 1 eacb4fdf
SCHED-TRACE 771 486 U 4 809fe
SCHED-TRACE 772 486 V 4 80a42
SCHED-TRACE 773 486 O 0 0
SCHED-TRACE 774 486 P 1 eadb8106
SCHED-TRACE 775 487 K 1 eadb8106
SCHED-TRACE 776 487 P 1 eaee624d
SCHED-TRACE 777 492 P 72 eaee624d
SCHED-TRACE 778 492 W 72 eaee624d
SCHED-TRACE 779 492 U 3 815ca
SCHED-TRACE 780 492 V 3 818a5
SCHED-TRACE 781 492 P 1 ecae353f
SCHED-TRACE 782 492 D 1 ecae353f
SCHED-TRACE 783 494 K 72 eaee624d
SCHED-TRACE 784 495 U 3 81db0
SCHED-TRACE 785 495 V 3 8207c
SCHED-TRACE 786 496 W 1 ecd20831
SCHED-TRACE 787 496 U 3 82194
SCHED-TRACE 788 496 V 3 8246f
SCHED-TRACE 789 496 P 72 f35cc8b3
SCHED-TRACE 790 496 D 72 f35cc8b3
SCHED-TRACE 791 498 K 1 ecd20831
SCHED-TRACE 792 499 G 3 e42c353f
SCHED-TRACE 793 499 g 3 0
SCHED-TRACE 794 499 v 3 b68b4000b6850
SCHED-TRACE 795 499 f 3 ecd20831
SCHED-TRACE 796 499 N 3 ecd20831
SCHED-TRACE 797 499 n 3 0
SCHED-TRACE 798 503 U 2 82f81
SCHED-TRACE 799 503 V 2 8331d
SCHED-TRACE 800 503 U 3 833a8
SCHED-TRACE 801 503 V 3 836a4
SCHED-TRACE 802 509 I 1 8557c
SCHED-TRACE 803 509 B 1 f3
SCHED-TRACE 804 509 P 1 f3770e56
SCHED-TRACE 805 509 R 1 f3770e56
SCHED-TRACE 806 510 U 4 855eb
SCHED-TRACE 807 510 V 4 85633
SCHED-TRACE 808 510 O 0 0
SCHED-TRACE 809 510 P 1 f3875c28
SCHED-TRACE 810 511 K 1 f3875c28
SCHED-TRACE 811 511 P 1 f39a5a1c
SCHED-TRACE 812 516 P 75 f39a5a1c
SCHED-TRACE 813 516 W 75 f39a5a1c
SCHED-TRACE 814 516 U 3 861bb
SCHED-TRACE 815 516 V 3 864c9
SCHED-TRACE 816 516 P 1 f55a2d0e
SCHED-TRACE 817 516 D 1 f55a2d0e
SCHED-TRACE 818 518 K 75 f39a5a1c
SCHED-TRACE 819 519 U 3 869d5
SCHED-TRACE 820 519 V 3 86cd4
SCHED-TRACE 821 520 W 1 f57e4189
SCHED-TRACE 822 520 U 3 86ded
SCHED-TRACE 823 520 V 3 870fc
SCHED-TRACE 824 520 P 75 fc0d6459
SCHED-TRACE 825 520 D 75 fc0d6459
SCHED-TRACE 826 522 K 1 f57e4189
SCHED-TRACE 827 523 G 3 ecd20831
SCHED-TRACE 828 523 g 3 0
SCHED-TRACE 829 523 v 3 b6850000b67ec
SCHED-TRACE 830 523 f 3 f57e4189
SCHED-TRACE 831 523 N 3 f57e4189
SCHED-TRACE 832 523 n 3 0
SCHED-TRACE 833 527 U 2 87c46
SCHED-TRACE 834 527 V 2 88003
SCHED-TRACE 835 527 U 3 8809b
SCHED-TRACE 836 527 V 3 883c8
SCHED-TRACE 837 533 I 1 8a2a1
SCHED-TRACE 838 533 B 1 f4
SCHED-TRACE 839 533 P 1 fc2def9d
SCHED-TRACE 840 533 R 1 fc2def9d
SCHED-TRACE 841 534 U 4 8a310
SCHED-TRACE 842 534 V 4 8a35a
SCHED-TRACE 843 534 O 0 0
SCHED-TRACE 844 534 P 1 fc3e2d0e
SCHED-TRACE 845 535 K 1 fc3e2d0e
SCHED-TRACE 846 535 P 1 fc514395
SCHED-TRACE 847 540 P 78 fc514395
SCHED-TRACE 848 540 W 78 fc514395
SCHED-TRACE 849 540 U 3 8aee4
SCHED-TRACE 850 540 V 3 8b224
SCHED-TRACE 851 540 P 1 fe113f7c
SCHED-TRACE 852 540 D 1 fe113f7c
SCHED-TRACE 853 542 K 78 fc514395
SCHED-TRACE 854 543 U 3 8b731
SCHED-TRACE 855 543 V 3 8ba62
SCHED-TRACE 856 544 W 1 fe35645a
SCHED-TRACE 857 544 U 3 8bb7c
SCHED-TRACE 858 544 V 3 8bebd
SCHED-TRACE 859 544 P 78 104c4c8b3
SCHED-TRACE 860 544 D 78 104c4c8b3
SCHED-TRACE 861 546 K 1 fe35645a
SCHED-TRACE 862 547 G 3 f57e4189
SCHED-TRACE 863 547 g 3 0
SCHED-TRACE 864 547 v 3 b67ec000b6788
SCHED-TRACE 865 547 f 3 fe35645a
SCHED-TRACE 866 547 N 3 fe35645a
SCHED-TRACE 867 547 n 3 0
SCHED-TRACE 868 551 U 2 8ca53
SCHED-TRACE 869 551 V 2 8ce32
SCHED-TRACE 870 551 U 3 8ced7
SCHED-TRACE 871 551 V 3 8d238
SCHED-TRACE 872 557 I 1 8f110
SCHED-TRACE 873 557 B 1 f2
SCHED-TRACE 874 557 P 1 104f32b02
SCHED-TRACE 875 557 R 1 104f32b02
SCHED-TRACE 876 558 U 4 8f17e
SCHED-TRACE 877 558 V 4 8f1cb
SCHED-TRACE 878 558 O 0 0
SCHED-TRACE 879 558 P 1 105035810
SCHED-TRACE 880 559 K 1 105035810
SCHED-TRACE 881 559 P 1 105168b43
SCHED-TRACE 882 564 P 81 105168b43
SCHED-TRACE 883 564 W 81 105168b43
SCHED-TRACE 884 564 U 3 8fd57
SCHED-TRACE 885 564 V 3 900c9
SCHED-TRACE 886 564 P 1 106d66e97
SCHED-TRACE 887 564 D 1 106d66e97
SCHED-TRACE 888 566 K 81 105168b43
SCHED-TRACE 889 567 U 3 905d3
SCHED-TRACE 890 567 V 3 90937
SCHED-TRACE 891 568 W 1 106fa6a7e
SCHED-TRACE 892 568 U 3 90a4f
SCHED-TRACE 893 568 V 3 90dc2
SCHED-TRACE 894 568 P 81 10d88f1a9
SCHED-TRACE 895 568 D 81 10d88f1a9
SCHED-TRACE 896 570 K 1 106fa6a7e
SCHED-TRACE 897 571 G 2 73fa5a1c
SCHED-TRACE 898 571 g 2 3bcf0
SCHED-TRACE 899 571 v 2 3cca80003c8c0
SCHED-TRACE 900 571 f 2 106fa6a7e
SCHED-TRACE 901 571 N 2 106fa6a7e
SCHED-TRACE 902 571 n 2 3bcf0
SCHED-TRACE 903 575 U 2 91993
SCHED-TRACE 904 575 V 2 91d94
SCHED-TRACE 905 575 U 3 91e45
SCHED-TRACE 906 575 V 3 921d8
SCHED-TRACE 907 581 I 1 940b1
SCHED-TRACE 908 581 B 1 f3
SCHED-TRACE 909 581 P 1 10dc39581
SCHED-TRACE 910 581 R 1 10dc39581
SCHED-TRACE 911 582 U 4 9411e
SCHED-TRACE 912 582 V 4 9416d
SCHED-TRACE 913 582 O 0 0
SCHED-TRACE 914 582 P 1 10dd3851e
SCHED-TRACE 915 583 K 1 10dd3851e
SCHED-TRACE 916 583 P 1 10de6c8b4
SCHED-TRACE 917 588 P 84 10de6c8b4
SCHED-TRACE 918 588 W 84 10de6c8b4
SCHED-TRACE 919 588 U 3 94e74
SCHED-TRACE 920 588 V 3 95219
SCHED-TRACE 921 588 P 1 10fe3ae14
SCHED-TRACE 922 588 D 1 10fe3ae14
SCHED-TRACE 923 590 K 84 10de6c8b4
SCHED-TRACE 924 591 U 3 95727
SCHED-TRACE 925 591 V 3 95abd
SCHED-TRACE 926 592 W 1 110081062
SCHED-TRACE 927 592 U 3 95bd7
SCHED-TRACE 928 592 V 3 95f7c
SCHED-TRACE 929 592 P 84 10ebf3b64
SCHED-TRACE 930 592 D 84 10ebf3b64
SCHED-TRACE 931 594 K 1 110081062
SCHED-TRACE 932 595 G 2 106fa6a7e
SCHED-TRACE 933 595 g 2 3bcf0
SCHED-TRACE 934 595 v 2 3c8c00003c4d8
SCHED-TRACE 935 595 f 2 110081062
SCHED-TRACE 936 595 N 2 110081062
SCHED-TRACE 937 595 n 2 3bcf0
SCHED-TRACE 938 599 U 2 96b6f
SCHED-TRACE 939 599 V 2 96f93
SCHED-TRACE 940 599 U 3 97051
SCHED-TRACE 941 599 V 3 97416
SCHED-TRACE 942 605 I 1 992f0
SCHED-TRACE 943 605 B 1 f4
SCHED-TRACE 944 605 P 1 116d91687
SCHED-TRACE 945 605 R 1 116d91687
SCHED-TRACE 946 606 U 4 9935f
SCHED-TRACE 947 606 V 4 993b3
SCHED-TRACE 948 606 O 0 0
SCHED-TRACE 949 606 P 1 116e96c8b
SCHED-TRACE 950 607 K 1 116e96c8b
SCHED-TRACE 951 607 P 1 116fcb851
SCHED-TRACE 952 612 P 87 116fcb851
SCHED-TRACE 953 612 W 87 116fcb851
SCHED-TRACE 954 612 U 3 99fdd
SCHED-TRACE 955 612 V 3 9a3b4
SCHED-TRACE 956 612 P 1 118d61cac
SCHED-TRACE 957 612 D 1 118d61cac
SCHED-TRACE 958 614 K 87 116fcb851
SCHED-TRACE 959 615 U 3 9a8c3
SCHED-TRACE 960 615 V 3 9ac8b
SCHED-TRACE 961 616 W 1 118fa9ba5
SCHED-TRACE 962 616 U 3 9ada4
SCHED-TRACE 963 616 V 3 9b17b
SCHED-TRACE 964 616 P 87 117d4e55f
SCHED-TRACE 965 616 D 87 117d4e55f
SCHED-TRACE 966 618 K 1 118fa9ba5
SCHED-TRACE 967 620 U 3 9b6ed
SCHED-TRACE 968 620 V 3 9bab5
SCHED-TRACE 969 621 P 33 118fa9ba5
SCHED-TRACE 970 621 W 33 118fa9ba5
SCHED-TRACE 971 621 U 4 9baee
SCHED-TRACE 972 621 V 4 9bb47
SCHED-TRACE 973 621 U 3 9bf69
SCHED-TRACE 974 621 V 3 9c321
SCHED-TRACE 975 622 P 36 118fa9ba5
SCHED-TRACE 976 622 W 36 118fa9ba5
SCHED-TRACE 977 622 U 3 9c77d
SCHED-TRACE 978 622 V 3 9cb26
SCHED-TRACE 979 623 P 39 118fa9ba5
SCHED-TRACE 980 623 W 39 118fa9ba5
SCHED-TRACE 981 623 U 3 9cf89
SCHED-TRACE 982 623 V 3 9d323
SCHED-TRACE 983 624 P 42 118fa9ba5
SCHED-TRACE 984 624 W 42 118fa9ba5
SCHED-TRACE 985 624 U 3 9d78c
SCHED-TRACE 986 624 V 3 9db17
SCHED-TRACE 987 625 P 45 118fa9ba5
SCHED-TRACE 988 625 W 45 118fa9ba5
SCHED-TRACE 989 625 U 3 9df87
SCHED-TRACE 990 625 V 3 9e302
SCHED-TRACE 991 626 P 48 118fa9ba5
SCHED-TRACE 992 626 W 48 118fa9ba5
SCHED-TRACE 993 626 U 4 9e35c
SCHED-TRACE 994 626 V 4 9e3d3
SCHED-TRACE 995 626 U 3 9e7f5
SCHED-TRACE 996 626 V 3 9eb61
SCHED-TRACE 997 627 P 51 118fa9ba5
SCHED-TRACE 998 627 W 51 118fa9ba5
SCHED-TRACE 999 627 U 3 9efde
SCHED-TRACE 1000 627 V 3 9f33b
SCHED-TRACE 1001 628 P 54 118fa9ba5
SCHED-TRACE 1002 628 W 54 118fa9ba5
SCHED-TRACE 1003 628 U 3 9f7bf
SCHED-TRACE 1004 628 V 3 9fb0d
SCHED-TRACE 1005 629 P 57 118fa9ba5
SCHED-TRACE 1006 629 W 57 118fa9ba5
SCHED-TRACE 1007 629 I 1 9fb7e
SCHED-TRACE 1008 629 B 1 f5
SCHED-TRACE 1009 629 P 1 11f86bc6a
SCHED-TRACE 1010 629 R 1 11f86bc6a
SCHED-TRACE 1011 630 O 0 0
SCHED-TRACE 1012 630 P 1 11fa6c49b
SCHED-TRACE 1013 631 K 57 118fa9ba5
SCHED-TRACE 1014 631 P 1 11fc91687
SCHED-TRACE 1015 632 P 1 11fdf74bc
SCHED-TRACE 1016 633 P 57 11b176872
SCHED-TRACE 1017 633 D 57 11b176872
SCHED-TRACE 1018 635 K 54 118fa9ba5
SCHED-TRACE 1019 637 P 54 11afda5e2
SCHED-TRACE 1020 637 D 54 11afda5e2
SCHED-TRACE 1021 639 K 51 118fa9ba5
SCHED-TRACE 1022 641 P 51 11aedced8
SCHED-TRACE 1023 641 D 51 11aedced8
SCHED-TRACE 1024 643 K 48 118fa9ba5
SCHED-TRACE 1025 645 P 48 11adcd916
SCHED-TRACE 1026 645 D 48 11adcd916
SCHED-TRACE 1027 647 K 45 118fa9ba5
SCHED-TRACE 1028 648 U 4 a0abf
SCHED-TRACE 1029 648 V 4 a0b30
SCHED-TRACE 1030 649 P 45 11acdf7ce
SCHED-TRACE 1031 649 D 45 11acdf7ce
SCHED-TRACE 1032 651 K 42 118fa9ba5
SCHED-TRACE 1033 653 P 42 11abe9ba5
SCHED-TRACE 1034 653 D 42 11abe9ba5
SCHED-TRACE 1035 655 K 39 118fa9ba5
SCHED-TRACE 1036 657 P 39 11aad020b
SCHED-TRACE 1037 657 D 39 11aad020b
SCHED-TRACE 1038 659 K 36 118fa9ba5
SCHED-TRACE 1039 661 P 36 11a9eed91
SCHED-TRACE 1040 661 D 36 11a9eed91
SCHED-TRACE 1041 663 K 33 118fa9ba5
SCHED-TRACE 1042 792 I 33 a3bc1
SCHED-TRACE 1043 792 B 33 f3
SCHED-TRACE 1044 792 P 33 11ed88f5b
SCHED-TRACE 1045 792 R 33 11ed88f5b
SCHED-TRACE 1046 793 U 4 a3c3f
SCHED-TRACE 1047 793 V 4 a3c98
SCHED-TRACE 1048 793 O 0 0
SCHED-TRACE 1049 793 P 33 11eeb6872
SCHED-TRACE 1050 794 K 33 11eeb6872
SCHED-TRACE 1051 794 P 33 11f0072af
SCHED-TRACE 1052 924 I 33 a644e
SCHED-TRACE 1053 924 B 33 f4
SCHED-TRACE 1054 924 P 33 124e9ced8
SCHED-TRACE 1055 924 R 33 124e9ced8
SCHED-TRACE 1056 925 U 4 a64ca
SCHED-TRACE 1057 925 V 4 a6523
SCHED-TRACE 1058 925 O 0 0
SCHED-TRACE 1059 925 P 33 124fc978c
SCHED-TRACE 1060 926 K 1 11fdf74bc
SCHED-TRACE 1061 926 P 33 12511a5e2
SCHED-TRACE 1062 927 P 33 1251b4fde
SCHED-TRACE 1063 927 U 3 a6a3e
SCHED-TRACE 1064 927 V 3 a6dd2
SCHED-TRACE 1065 928 P 60 11fdf74bc
SCHED-TRACE 1066 928 W 60 11fdf74bc
SCHED-TRACE 1067 928 U 3 a722e
SCHED-TRACE 1068 928 V 3 a75b2
SCHED-TRACE 1069 929 P 63 11fdf74bc
SCHED-TRACE 1070 929 W 63 11fdf74bc
SCHED-TRACE 1071 929 U 3 a7a15
SCHED-TRACE 1072 929 V 3 a7d8a
SCHED-TRACE 1073 930 P 66 11fdf74bc
SCHED-TRACE 1074 930 W 66 11fdf74bc
SCHED-TRACE 1075 930 U 3 a81f4
SCHED-TRACE 1076 930 V 3 a8559
SCHED-TRACE 1077 931 P 69 11fdf74bc
SCHED-TRACE 1078 931 W 69 11fdf74bc
SCHED-TRACE 1079 931 U 3 a89c8
SCHED-TRACE 1080 931 V 3 a8d1e
SCHED-TRACE 1081 932 P 72 11fdf74bc
SCHED-TRACE 1082 932 W 72 11fdf74bc
SCHED-TRACE 1083 932 U 4 a8d78
SCHED-TRACE 1084 932 V 4 a8dee
SCHED-TRACE 1085 932 U 3 a9210
SCHED-TRACE 1086 932 V 3 a9556
SCHED-TRACE 1087 933 P 75 11fdf74bc
SCHED-TRACE 1088 933 W 75 11fdf74bc
SCHED-TRACE 1089 933 U 3 a99d3
SCHED-TRACE 1090 933 V 3 a9d0b
SCHED-TRACE 1091 934 P 78 11fdf74bc
SCHED-TRACE 1092 934 W 78 11fdf74bc
SCHED-TRACE 1093 934 U 3 aa18e
SCHED-TRACE 1094 934 V 3 aa4b5
SCHED-TRACE 1095 935 P 81 11fdf74bc
SCHED-TRACE 1096 935 W 81 11fdf74bc
SCHED-TRACE 1097 935 U 3 aa93f
SCHED-TRACE 1098 935 V 3 aac58
SCHED-TRACE 1099 936 P 84 11fdf74bc
SCHED-TRACE 1100 936 W 84 11fdf74bc
SCHED-TRACE 1101 936 I 1 aaccf
SCHED-TRACE 1102 936 B 1 f3
SCHED-TRACE 1103 936 P 1 126670a3d
SCHED-TRACE 1104 936 R 1 126670a3d
SCHED-TRACE 1105 937 O 0 0
SCHED-TRACE 1106 937 P 1 126899581
SCHED-TRACE 1107 938 K 84 11fdf74bc
SCHED-TRACE 1108 938 P 1 126ad9581
SCHED-TRACE 1109 939 P 1 126c5851e
SCHED-TRACE 1110 941 U 3 ab24b
SCHED-TRACE 1111 941 V 3 ab57b
SCHED-TRACE 1112 941 P 84 1205420c4
SCHED-TRACE 1113 941 D 84 1205420c4
SCHED-TRACE 1114 943 K 81 11fdf74bc
SCHED-TRACE 1115 944 U 4 ab7c8
SCHED-TRACE 1116 944 V 4 ab852
SCHED-TRACE 1117 945 P 81 121f20418
SCHED-TRACE 1118 945 D 81 121f20418
SCHED-TRACE 1119 947 K 78 11fdf74bc
SCHED-TRACE 1120 949 P 78 121e322d0
SCHED-TRACE 1121 949 D 78 121e322d0
SCHED-TRACE 1122 951 K 75 11fdf74bc
SCHED-TRACE 1123 953 P 75 121d22d0d
SCHED-TRACE 1124 953 D 75 121d22d0d
SCHED-TRACE 1125 955 K 72 11fdf74bc
SCHED-TRACE 1126 957 P 72 121c374bc
SCHED-TRACE 1127 957 D 72 121c374bc
SCHED-TRACE 1128 959 K 69 11fdf74bc
SCHED-TRACE 1129 961 P 69 121b34bc6
SCHED-TRACE 1130 961 D 69 121b34bc6
SCHED-TRACE 1131 963 K 66 11fdf74bc
SCHED-TRACE 1132 965 P 66 121a27efa
SCHED-TRACE 1133 965 D 66 121a27efa
SCHED-TRACE 1134 967 K 63 11fdf74bc
SCHED-TRACE 1135 969 P 63 12193ef9d
SCHED-TRACE 1136 969 D 63 12193ef9d
SCHED-TRACE 1137 971 K 60 11fdf74bc
SCHED-TRACE 1138 973 P 60 12183ef9d
SCHED-TRACE 1139 973 D 60 12183ef9d
SCHED-TRACE 1140 975 K 33 1251b4fde
SCHED-TRACE 1141 1104 I 33 af5a4
SCHED-TRACE 1142 1104 B 33 f4
SCHED-TRACE 1143 1104 P 33 12af824dc
SCHED-TRACE 1144 1104 R 33 12af824dc
SCHED-TRACE 1145 1105 U 4 af621
SCHED-TRACE 1146 1105 V 4 af67b
SCHED-TRACE 1147 1105 O 0 0
SCHED-TRACE 1148 1105 P 33 12b0b1686
SCHED-TRACE 1149 1106 K 1 126c5851e
SCHED-TRACE 1150 1106 P 33 12b2028f5
SCHED-TRACE 1151 1107 P 33 12b29d709
SCHED-TRACE 1152 1107 U 3 afb97
SCHED-TRACE 1153 1107 V 3 aff0d
SCHED-TRACE 1154 1108 P 87 126c5851e
SCHED-TRACE 1155 1108 W 87 126c5851e
SCHED-TRACE 1156 1108 U 3 b0085
SCHED-TRACE 1157 1108 V 3 b0414
SCHED-TRACE 1158 1108 P 1 127b21893
SCHED-TRACE 1159 1108 D 1 127b21893
SCHED-TRACE 1160 1110 K 87 126c5851e
SCHED-TRACE 1161 1112 P 87 126fd8106
SCHED-TRACE 1162 1112 D 87 126fd8106
SCHED-TRACE 1163 1114 K 33 12b29d709
SCHED-TRACE 1164 1256 I 33 b2e6b
SCHED-TRACE 1165 1256 B 33 f3
SCHED-TRACE 1166 1256 P 33 13101be76
SCHED-TRACE 1167 1256 R 33 13101be76
SCHED-TRACE 1168 1257 U 4 b2edb
SCHED-TRACE 1169 1257 V 4 b2f2f
SCHED-TRACE 1170 1257 O 0 0
SCHED-TRACE 1171 1257 P 33 131127ef9
SCHED-TRACE 1172 1258 K 33 131127ef9
SCHED-TRACE 1173 1258 P 33 13125e353
SCHED-TRACE 1174 1400 I 33 b56d5
SCHED-TRACE 1175 1400 B 33 f2
SCHED-TRACE 1176 1400 P 33 137059580
SCHED-TRACE 1177 1400 R 33 137059580
SCHED-TRACE 1178 1401 U 4 b5745
SCHED-TRACE 1179 1401 V 4 b5799
SCHED-TRACE 1180 1401 O 0 0
SCHED-TRACE 1181 1401 P 33 137164dd2
SCHED-TRACE 1182 1402 K 33 137164dd2
SCHED-TRACE 1183 1402 P 33 13729ae14
SCHED-TRACE 1184 1544 I 33 b7f51
SCHED-TRACE 1185 1544 B 33 f4
SCHED-TRACE 1186 1544 P 33 13d0b74bb
SCHED-TRACE 1187 1544 R 33 13d0b74bb
SCHED-TRACE 1188 1545 U 4 b7fc2
SCHED-TRACE 1189 1545 V 4 b8015
SCHED-TRACE 1190 1545 O 0 0
SCHED-TRACE 1191 1545 P 33 13d1c1cab
SCHED-TRACE 1192 1546 K 33 13d1c1cab
SCHED-TRACE 1193 1546 P 33 13d2f47ad
SCHED-TRACE 1194 1688 I 33 ba7ba
SCHED-TRACE 1195 1688 B 33 f1
SCHED-TRACE 1196 1688 P 33 1430f020b
SCHED-TRACE 1197 1688 R 33 1430f020b
SCHED-TRACE 1198 1689 U 4 ba82a
SCHED-TRACE 1199 1689 V 4 ba87d
SCHED-TRACE 1200 1689 O 0 0
SCHED-TRACE 1201 1689 P 33 1431f8936
SCHED-TRACE 1202 1690 K 33 1431f8936
SCHED-TRACE 1203 1690 P 33 14332dd2e
SCHED-TRACE 1204 1831 I 33 bd011
SCHED-TRACE 1205 1831 B 33 f3
SCHED-TRACE 1206 1831 P 33 1490f6872
SCHED-TRACE 1207 1831 R 33 1490f6872
SCHED-TRACE 1208 1832 U 4 bd080
SCHED-TRACE 1209 1832 V 4 bd0d3
SCHED-TRACE 1210 1832 O 0 0
SCHED-TRACE 1211 1832 P 33 1491fe76c
SCHED-TRACE 1212 1833 K 33 1491fe76c
SCHED-TRACE 1213 1833 P 33 149333b63
SCHED-TRACE 1214 1975 I 33 bf877
SCHED-TRACE 1215 1975 B 33 f5
SCHED-TRACE 1216 1975 P 33 14f113f7c
SCHED-TRACE 1217 1975 R 33 14f113f7c
SCHED-TRACE 1218 1976 U 4 bf8e7
SCHED-TRACE 1219 1976 V 4 bf93b
SCHED-TRACE 1220 1976 O 0 0
SCHED-TRACE 1221 1976 P 33 14f21e76c
SCHED-TRACE 1222 1977 K 33 14f21e76c
SCHED-TRACE 1223 1977 P 33 14f3547ad
SCHED-TRACE 1224 2119 I 33 c20cf
SCHED-TRACE 1225 2119 B 33 f3
SCHED-TRACE 1226 2119 P 33 15513a1ca
SCHED-TRACE 1227 2119 R 33 15513a1ca
SCHED-TRACE 1228 2120 U 4 c213d
SCHED-TRACE 1229 2120 V 4 c218f
SCHED-TRACE 1230 2120 O 0 0
SCHED-TRACE 1231 2120 P 33 15523fbe6
SCHED-TRACE 1232 2121 K 33 15523fbe6
SCHED-TRACE 1233 2121 P 33 155375c28
SCHED-TRACE 1234 2263 I 33 c4923
SCHED-TRACE 1235 2263 B 33 f4
SCHED-TRACE 1236 2263 P 33 15b14fdf3
SCHED-TRACE 1237 2263 R 33 15b14fdf3
SCHED-TRACE 1238 2264 U 4 c4992
SCHED-TRACE 1239 2264 V 4 c49e5
SCHED-TRACE 1240 2264 O 0 0
SCHED-TRACE 1241 2264 P 33 15b259db1
SCHED-TRACE 1242 2265 K 33 15b259db1
SCHED-TRACE 1243 2265 P 33 15b38f9da
SCHED-TRACE 1244 2407 I 33 c717a
SCHED-TRACE 1245 2407 B 33 f4
SCHED-TRACE 1246 2407 P 33 161165a1c
SCHED-TRACE 1247 2407 R 33 161165a1c
SCHED-TRACE 1248 2408 U 4 c71e9
SCHED-TRACE 1249 2408 V 4 c723d
SCHED-TRACE 1250 2408 O 0 0
SCHED-TRACE 1251 2408 P 33 161271a9f
SCHED-TRACE 1252 2409 K 33 161271a9f
SCHED-TRACE 1253 2409 P 33 1613a6a7e
SCHED-TRACE 1254 2551 I 33 c99d7
SCHED-TRACE 1255 2551 B 33 f0
SCHED-TRACE 1256 2551 P 33 16718b851
SCHED-TRACE 1257 2551 R 33 16718b851
SCHED-TRACE 1258 2552 U 4 c9a46
SCHED-TRACE 1259 2552 V 4 c9a9a
SCHED-TRACE 1260 2552 O 0 0
SCHED-TRACE 1261 2552 P 33 167296041
SCHED-TRACE 1262 2553 K 33 167296041
SCHED-TRACE 1263 2553 P 33 1673cc49b
SCHED-TRACE 1264 2695 I 33 cc23d
SCHED-TRACE 1265 2695 B 33 f5
SCHED-TRACE 1266 2695 P 33 16d1c0830
SCHED-TRACE 1267 2695 R 33 16d1c0830
SCHED-TRACE 1268 2696 U 4 cc2ad
SCHED-TRACE 1269 2696 V 4 cc301
SCHED-TRACE 1270 2696 O 0 0
SCHED-TRACE 1271 2696 P 33 16d2cb851
SCHED-TRACE 1272 2697 K 33 16d2cb851
SCHED-TRACE 1273 2697 P 33 16d400c49
SCHED-TRACE 1274 2839 I 33 ceaac
SCHED-TRACE 1275 2839 B 33 f2
SCHED-TRACE 1276 2839 P 33 1732072af
SCHED-TRACE 1277 2839 R 33 1732072af
SCHED-TRACE 1278 2840 U 4 ceb1c
SCHED-TRACE 1279 2840 V 4 ceb6f
SCHED-TRACE 1280 2840 O 0 0
SCHED-TRACE 1281 2840 P 33 173312b01
SCHED-TRACE 1282 2841 K 33 173312b01
SCHED-TRACE 1283 2841 P 33 17344978c
SCHED-TRACE 1284 2983 I 33 d1312
SCHED-TRACE 1285 2983 B 33 f4
SCHED-TRACE 1286 2983 P 33 17923db22
SCHED-TRACE 1287 2983 R 33 17923db22
SCHED-TRACE 1288 2984 U 4 d1381
SCHED-TRACE 1289 2984 V 4 d13d5
SCHED-TRACE 1290 2984 O 0 0
SCHED-TRACE 1291 2984 P 33 179348b43
SCHED-TRACE 1292 2985 K 33 179348b43
SCHED-TRACE 1293 2985 P 33 17947e353
SCHED-TRACE 1294 3127 I 33 d3b7a
SCHED-TRACE 1295 3127 B 33 f4
SCHED-TRACE 1296 3127 P 33 17f27580f
SCHED-TRACE 1297 3127 R 33 17f27580f
SCHED-TRACE 1298 3128 U 4 d3be9
SCHED-TRACE 1299 3128 V 4 d3c3d
SCHED-TRACE 1300 3128 O 0 0
SCHED-TRACE 1301 3128 P 33 17f381cab
SCHED-TRACE 1302 3129 K 33 17f381cab
SCHED-TRACE 1303 3129 P 33 17f4b78d4
SCHED-TRACE 1304 3271 I 33 d63e4
SCHED-TRACE 1305 3271 B 33 f4
SCHED-TRACE 1306 3271 P 33 1852b580f
SCHED-TRACE 1307 3271 R 33 1852b580f
SCHED-TRACE 1308 3272 U 4 d6454
SCHED-TRACE 1309 3272 V 4 d64a7
SCHED-TRACE 1310 3272 O 0 0
SCHED-TRACE 1311 3272 P 33 1853bfbe6
SCHED-TRACE 1312 3273 K 33 1853bfbe6
SCHED-TRACE 1313 3273 P 33 1854e8f5b
SCHED-TRACE 1314 3384 I 33 d83ec
SCHED-TRACE 1315 3384 B 36 6ff
SCHED-TRACE 1316 3384 B 60 6fa
SCHED-TRACE 1317 3384 B 39 6e0
SCHED-TRACE 1318 3384 E 39 1
SCHED-TRACE 1319 3384 B 39 56
SCHED-TRACE 1320 3384 B 39 5e
SCHED-TRACE 1321 3385 P 60 1854e8f5b
SCHED-TRACE 1322 3385 W 60 1854e8f5b
SCHED-TRACE 1323 3385 P 39 1854e8f5b
SCHED-TRACE 1324 3385 W 39 1854e8f5b
SCHED-TRACE 1325 3385 P 36 1854e8f5b
SCHED-TRACE 1326 3385 W 36 1854e8f5b
SCHED-TRACE 1327 3385 B 39 52f
SCHED-TRACE 1328 3385 P 39 18622e147
SCHED-TRACE 1329 3385 O 0 1
SCHED-TRACE 1330 3385 I 33 d870a
SCHED-TRACE 1331 3385 B 63 7c7
SCHED-TRACE 1332 3385 B 66 7be
SCHED-TRACE 1333 3385 B 42 7bd
SCHED-TRACE 1334 3385 B 45 7bd
SCHED-TRACE 1335 3385 B 69 7be
SCHED-TRACE 1336 3385 B 48 7bd
SCHED-TRACE 1337 3385 B 72 7be
SCHED-TRACE 1338 3385 B 51 7bd
SCHED-TRACE 1339 3385 B 75 7bd
SCHED-TRACE 1340 3385 B 78 7be
SCHED-TRACE 1341 3385 B 54 7bd
SCHED-TRACE 1342 3385 B 81 7be
SCHED-TRACE 1343 3385 B 57 7bd
SCHED-TRACE 1344 3385 B 87 7a4
SCHED-TRACE 1345 3385 E 87 1
SCHED-TRACE 1346 3385 B 87 57
SCHED-TRACE 1347 3385 B 87 113
SCHED-TRACE 1348 3385 P 33 189ef0a3c
SCHED-TRACE 1349 3385 R 33 189ef0a3c
SCHED-TRACE 1350 3386 P 87 1854e8f5b
SCHED-TRACE 1351 3386 W 87 1854e8f5b
SCHED-TRACE 1352 3386 P 81 1854e8f5b
SCHED-TRACE 1353 3386 W 81 1854e8f5b
SCHED-TRACE 1354 3386 P 78 1854e8f5b
SCHED-TRACE 1355 3386 W 78 1854e8f5b
SCHED-TRACE 1356 3386 P 75 1854e8f5b
SCHED-TRACE 1357 3386 W 75 1854e8f5b
SCHED-TRACE 1358 3386 P 72 1854e8f5b
SCHED-TRACE 1359 3386 W 72 1854e8f5b
SCHED-TRACE 1360 3386 P 69 1854e8f5b
SCHED-TRACE 1361 3386 W 69 1854e8f5b
SCHED-TRACE 1362 3386 P 66 1854e8f5b
SCHED-TRACE 1363 3386 W 66 1854e8f5b
SCHED-TRACE 1364 3386 P 63 1854e8f5b
SCHED-TRACE 1365 3386 W 63 1854e8f5b
SCHED-TRACE 1366 3386 P 57 1854e8f5b
SCHED-TRACE 1367 3386 W 57 1854e8f5b
SCHED-TRACE 1368 3386 P 54 1854e8f5b
SCHED-TRACE 1369 3386 W 54 1854e8f5b
SCHED-TRACE 1370 3386 P 51 1854e8f5b
SCHED-TRACE 1371 3386 W 51 1854e8f5b
SCHED-TRACE 1372 3386 P 48 1854e8f5b
SCHED-TRACE 1373 3386 W 48 1854e8f5b
SCHED-TRACE 1374 3386 P 45 1854e8f5b
SCHED-TRACE 1375 3386 W 45 1854e8f5b
SCHED-TRACE 1376 3386 P 42 1854e8f5b
SCHED-TRACE 1377 3386 W 42 1854e8f5b
SCHED-TRACE 1378 3386 U 4 d9604
SCHED-TRACE 1379 3386 V 4 d96c7
SCHED-TRACE 1380 3386 O 0 0
SCHED-TRACE 1381 3386 P 33 18a5574bb
SCHED-TRACE 1382 3387 K 42 1854e8f5b
SCHED-TRACE 1383 3387 P 33 18a85020b
SCHED-TRACE 1384 3388 P 33 18aa7f7ce
SCHED-TRACE 1385 3388 U 3 d9ae7
SCHED-TRACE 1386 3388 V 3 d9db5
SCHED-TRACE 1387 3389 P 84 1854e8f5b
SCHED-TRACE 1388 3389 W 84 1854e8f5b
SCHED-TRACE 1389 3437 I 42 dc22d
SCHED-TRACE 1390 3437 B 42 f4
SCHED-TRACE 1391 3437 P 42 1be76147a
SCHED-TRACE 1392 3437 R 42 1be76147a
SCHED-TRACE 1393 3438 U 4 dc38d
SCHED-TRACE 1394 3438 V 4 dc456
SCHED-TRACE 1395 3438 O 0 0
SCHED-TRACE 1396 3438 P 42 1c09dc28e
SCHED-TRACE 1397 3439 K 84 1854e8f5b
SCHED-TRACE 1398 3439 P 42 1c28a147a
SCHED-TRACE 1399 3440 P 42 1c3f7ae13
SCHED-TRACE 1400 3443 U 3 dc9ff
SCHED-TRACE 1401 3443 V 3 dcce4
SCHED-TRACE 1402 3443 P 84 185d1f7ce
SCHED-TRACE 1403 3443 D 84 185d1f7ce
SCHED-TRACE 1404 3445 K 45 1854e8f5b
SCHED-TRACE 1405 3499 I 45 df679
SCHED-TRACE 1406 3499 B 45 f3
SCHED-TRACE 1407 3499 P 45 1c0fd1eb7
SCHED-TRACE 1408 3499 R 45 1c0fd1eb7
SCHED-TRACE 1409 3500 U 4 df7cd
SCHED-TRACE 1410 3500 V 4 df890
SCHED-TRACE 1411 3500 O 0 0
SCHED-TRACE 1412 3500 P 45 1c310cccb
SCHED-TRACE 1413 3501 K 48 1854e8f5b
SCHED-TRACE 1414 3501 P 45 1c4ecf5c1
SCHED-TRACE 1415 3502 P 45 1c64a8f5b
SCHED-TRACE 1416 3555 I 48 e210c
SCHED-TRACE 1417 3555 B 48 f3
SCHED-TRACE 1418 3555 P 48 1c0fc28f4
SCHED-TRACE 1419 3555 R 48 1c0fc28f4
SCHED-TRACE 1420 3556 U 4 e225d
SCHED-TRACE 1421 3556 V 4 e2320
SCHED-TRACE 1422 3556 O 0 0
SCHED-TRACE 1423 3556 P 48 1c30e1479
SCHED-TRACE 1424 3557 K 51 1854e8f5b
SCHED-TRACE 1425 3557 P 48 1c4e99998
SCHED-TRACE 1426 3558 P 48 1c646b850
SCHED-TRACE 1427 3611 I 51 e4b9d
SCHED-TRACE 1428 3611 B 51 f5
SCHED-TRACE 1429 3611 P 51 1c0fc51eb
SCHED-TRACE 1430 3611 R 51 1c0fc51eb
SCHED-TRACE 1431 3612 U 4 e4cef
SCHED-TRACE 1432 3612 V 4 e4db2
SCHED-TRACE 1433 3612 O 0 0
SCHED-TRACE 1434 3612 P 51 1c30deb84
SCHED-TRACE 1435 3613 K 54 1854e8f5b
SCHED-TRACE 1436 3613 P 51 1c4e99999
SCHED-TRACE 1437 3614 P 51 1c6466666
SCHED-TRACE 1438 3667 I 54 e762f
SCHED-TRACE 1439 3667 B 54 f3
SCHED-TRACE 1440 3667 P 54 1c0fa6665
SCHED-TRACE 1441 3667 R 54 1c0fa6665
SCHED-TRACE 1442 3668 U 4 e7781
SCHED-TRACE 1443 3668 V 4 e7844
SCHED-TRACE 1444 3668 O 0 0
SCHED-TRACE 1445 3668 P 54 1c30b851e
SCHED-TRACE 1446 3669 K 57 1854e8f5b
SCHED-TRACE 1447 3669 P 54 1c4e6b851
SCHED-TRACE 1448 3670 P 54 1c643d709
SCHED-TRACE 1449 3723 I 57 ea0c0
SCHED-TRACE 1450 3723 B 57 f3
SCHED-TRACE 1451 3723 P 57 1c0fa1479
SCHED-TRACE 1452 3723 R 57 1c0fa1479
SCHED-TRACE 1453 3724 U 4 ea211
SCHED-TRACE 1454 3724 V 4 ea2d3
SCHED-TRACE 1455 3724 O 0 0
SCHED-TRACE 1456 3724 P 57 1c30a6665
SCHED-TRACE 1457 3725 K 63 1854e8f5b
SCHED-TRACE 1458 3725 P 57 1c4e59998
SCHED-TRACE 1459 3726 P 57 1c6426665
SCHED-TRACE 1460 3760 U 3 ebf2d
SCHED-TRACE 1461 3760 V 3 ec1fa
SCHED-TRACE 1462 3761 W 84 186528b43
SCHED-TRACE 1463 3776 I 63 ece0e
SCHED-TRACE 1464 3776 B 63 ee
SCHED-TRACE 1465 3776 P 63 1be2ae147
SCHED-TRACE 1466 3776 R 63 1be2ae147
SCHED-TRACE 1467 3777 U 4 ecf6c
SCHED-TRACE 1468 3777 V 4 ed035
SCHED-TRACE 1469 3777 O 0 0
SCHED-TRACE 1470 3777 P 63 1c04f5c28
SCHED-TRACE 1471 3778 K 66 1854e8f5b
SCHED-TRACE 1472 3778 P 63 1c23b0a3c
SCHED-TRACE 1473 3779 P 63 1c3a7851e
SCHED-TRACE 1474 3830 I 66 ef8be
SCHED-TRACE 1475 3830 B 66 f5
SCHED-TRACE 1476 3830 P 66 1c0f26666
SCHED-TRACE 1477 3830 R 66 1c0f26666
SCHED-TRACE 1478 3831 U 4 efa1c
SCHED-TRACE 1479 3831 V 4 efae6
SCHED-TRACE 1480 3831 O 0 0
SCHED-TRACE 1481 3831 P 66 1c317ffff
SCHED-TRACE 1482 3832 K 69 1854e8f5b
SCHED-TRACE 1483 3832 P 66 1c4fbffff
SCHED-TRACE 1484 3833 P 66 1c66851eb
SCHED-TRACE 1485 3852 I 69 f0ba9
SCHED-TRACE 1486 3852 E 84 2
SCHED-TRACE 1487 3852 B 84 1b6
SCHED-TRACE 1488 3852 P 84 186598d4f
SCHED-TRACE 1489 3852 B 84 5e
SCHED-TRACE 1490 3852 P 84 1865b0e55
SCHED-TRACE 1491 3853 B 84 86c
SCHED-TRACE 1492 3853 P 84 1867d8d4f
SCHED-TRACE 1493 3853 O 0 1
SCHED-TRACE 1494 3883 I 69 f2382
SCHED-TRACE 1495 3883 B 69 f4
SCHED-TRACE 1496 3883 P 69 1beef851e
SCHED-TRACE 1497 3883 R 69 1beef851e
SCHED-TRACE 1498 3884 U 4 f24df
SCHED-TRACE 1499 3884 V 4 f25a8
SCHED-TRACE 1500 3884 O 0 0
SCHED-TRACE 1501 3884 P 69 1c111c28e
SCHED-TRACE 1502 3885 K 72 1854e8f5b
SCHED-TRACE 1503 3885 P 69 1c2fc51ea
SCHED-TRACE 1504 3886 P 69 1c46828f5
SCHED-TRACE 1505 3938 I 72 f4e93
SCHED-TRACE 1506 3938 B 72 ec
SCHED-TRACE 1507 3938 P 72 1c1a73332
SCHED-TRACE 1508 3938 R 72 1c1a73332
SCHED-TRACE 1509 3939 U 4 f4fec
SCHED-TRACE 1510 3939 V 4 f50b3
SCHED-TRACE 1511 3939 O 0 0
SCHED-TRACE 1512 3939 P 72 1c3c2e147
SCHED-TRACE 1513 3940 K 75 1854e8f5b
SCHED-TRACE 1514 3940 P 72 1c5ab5c28
SCHED-TRACE 1515 3941 P 72 1c715eb84
SCHED-TRACE 1516 3993 I 75 f7965
SCHED-TRACE 1517 3993 B 75 ee
SCHED-TRACE 1518 3993 P 75 1c16bae14
SCHED-TRACE 1519 3993 R 75 1c16bae14
SCHED-TRACE 1520 3994 U 4 f7abf
SCHED-TRACE 1521 3994 V 4 f7b86
SCHED-TRACE 1522 3994 O 0 0
SCHED-TRACE 1523 3994 P 75 1c3870a3d
SCHED-TRACE 1524 3995 K 78 1854e8f5b
SCHED-TRACE 1525 3995 P 75 1c56fffff
SCHED-TRACE 1526 3996 P 75 1c6db3332
SCHED-TRACE 1527 4048 I 78 fa444
SCHED-TRACE 1528 4048 B 78 f0
SCHED-TRACE 1529 4048 P 78 1c176e146
SCHED-TRACE 1530 4048 R 78 1c176e146
SCHED-TRACE 1531 4049 U 4 fa59f
SCHED-TRACE 1532 4049 V 4 fa666
SCHED-TRACE 1533 4049 O 0 0
SCHED-TRACE 1534 4049 P 78 1c393851e
SCHED-TRACE 1535 4050 K 81 1854e8f5b
SCHED-TRACE 1536 4050 P 78 1c57c7ae0
SCHED-TRACE 1537 4051 P 78 1c6e75c28
SCHED-TRACE 1538 4103 I 81 fcf2a
SCHED-TRACE 1539 4103 B 81 f0
SCHED-TRACE 1540 4103 P 81 1c17ae147
SCHED-TRACE 1541 4103 R 81 1c17ae147
SCHED-TRACE 1542 4104 U 4 fd084
SCHED-TRACE 1543 4104 V 4 fd14b
SCHED-TRACE 1544 4104 O 0 0
SCHED-TRACE 1545 4104 P 81 1c397d709
SCHED-TRACE 1546 4105 K 87 1854e8f5b
SCHED-TRACE 1547 4105 P 81 1c58028f5
SCHED-TRACE 1548 4106 P 81 1c6ea8f5b
SCHED-TRACE 1549 4108 U 3 fd953
SCHED-TRACE 1550 4108 V 3 fdc05
SCHED-TRACE 1551 4109 P 1 1854e8f5b
SCHED-TRACE 1552 4109 W 1 1854e8f5b
SCHED-TRACE 1553 4109 U 3 fdd95
SCHED-TRACE 1554 4109 V 3 fe057
SCHED-TRACE 1555 4109 P 87 1867620c4
SCHED-TRACE 1556 4109 D 87 1867620c4
SCHED-TRACE 1557 4111 K 1 1854e8f5b
SCHED-TRACE 1558 4112 U 3 fe525
SCHED-TRACE 1559 4112 V 3 fe801
SCHED-TRACE 1560 4112 P 1 185847ae0
SCHED-TRACE 1561 4112 D 1 185847ae0
SCHED-TRACE 1562 4114 K 36 1854e8f5b
SCHED-TRACE 1563 4169 I 36 1011cb
SCHED-TRACE 1564 4169 B 36 f0
SCHED-TRACE 1565 4169 P 36 1c18428f4
SCHED-TRACE 1566 4169 R 36 1c18428f4
SCHED-TRACE 1567 4170 U 4 101318
SCHED-TRACE 1568 4170 V 4 1013d7
SCHED-TRACE 1569 4170 O 0 0
SCHED-TRACE 1570 4170 P 36 1c38970a3
SCHED-TRACE 1571 4171 K 60 1854e8f5b
SCHED-TRACE 1572 4171 P 36 1c561eb84
SCHED-TRACE 1573 4172 P 36 1c6bcf5c1
SCHED-TRACE 1574 4226 I 60 103c9b
SCHED-TRACE 1575 4226 B 60 f0
SCHED-TRACE 1576 4226 P 60 1c18d1eb7
SCHED-TRACE 1577 4226 R 60 1c18d1eb7
SCHED-TRACE 1578 4227 U 4 103de8
SCHED-TRACE 1579 4227 V 4 103ea8
SCHED-TRACE 1580 4227 O 0 0
SCHED-TRACE 1581 4227 P 60 1c39428f4
SCHED-TRACE 1582 4228 K 39 18622e147
SCHED-TRACE 1583 4228 P 60 1c56d47ad
SCHED-TRACE 1584 4229 P 60 1c6c851ea
SCHED-TRACE 1585 4283 I 39 10676e
SCHED-TRACE 1586 4283 B 39 f1
SCHED-TRACE 1587 4283 P 39 1c26147ad
SCHED-TRACE 1588 4283 R 39 1c26147ad
SCHED-TRACE 1589 4284 U 4 1068ba
SCHED-TRACE 1590 4284 V 4 10697b
SCHED-TRACE 1591 4284 O 0 0
SCHED-TRACE 1592 4284 P 39 1c46947ad
SCHED-TRACE 1593 4285 K 84 1867d8d4f
SCHED-TRACE 1594 4285 P 39 1c641c28e
SCHED-TRACE 1595 4286 P 39 1c79c7ae0
SCHED-TRACE 1596 4289 U 3 107200
SCHED-TRACE 1597 4289 V 3 1074c3
SCHED-TRACE 1598 4290 P 1 1867d8d4f
SCHED-TRACE 1599 4290 W 1 1867d8d4f
SCHED-TRACE 1600 4290 U 3 10764d
SCHED-TRACE 1601 4290 V 3 10791e
SCHED-TRACE 1602 4290 P 84 187bb580f
SCHED-TRACE 1603 4290 D 84 187bb580f
SCHED-TRACE 1604 4292 K 1 1867d8d4f
SCHED-TRACE 1605 4293 U 3 107dc6
SCHED-TRACE 1606 4293 V 3 1080b1
SCHED-TRACE 1607 4293 P 1 186b3126e
SCHED-TRACE 1608 4293 D 1 186b3126e
SCHED-TRACE 1609 4295 K 33 18aa7f7ce
SCHED-TRACE 1610 4352 I 33 10aa38
SCHED-TRACE 1611 4352 B 33 ed
SCHED-TRACE 1612 4352 P 33 190a624dc
SCHED-TRACE 1613 4352 R 33 190a624dc
SCHED-TRACE 1614 4353 U 4 10ab77
SCHED-TRACE 1615 4353 V 4 10ac31
SCHED-TRACE 1616 4353 O 0 0
SCHED-TRACE 1617 4353 P 33 190d7f3b5
SCHED-TRACE 1618 4354 K 33 190d7f3b5
SCHED-TRACE 1619 4354 P 33 19105a1ca
SCHED-TRACE 1620 4411 I 33 10d49e
SCHED-TRACE 1621 4411 B 33 f2
SCHED-TRACE 1622 4411 P 33 19720b020
SCHED-TRACE 1623 4411 R 33 19720b020
SCHED-TRACE 1624 4412 U 4 10d5dd
SCHED-TRACE 1625 4412 V 4 10d698
SCHED-TRACE 1626 4412 O 0 0
SCHED-TRACE 1627 4412 P 33 1975276c8
SCHED-TRACE 1628 4413 K 33 1975276c8
SCHED-TRACE 1629 4413 P 33 1978020c4
SCHED-TRACE 1630 4470 I 33 10ff04
SCHED-TRACE 1631 4470 B 33 f2
SCHED-TRACE 1632 4470 P 33 19d9b0e55
SCHED-TRACE 1633 4470 R 33 19d9b0e55
SCHED-TRACE 1634 4471 U 4 110043
SCHED-TRACE 1635 4471 V 4 1100fe
SCHED-TRACE 1636 4471 O 0 0
SCHED-TRACE 1637 4471 P 33 19dcced90
SCHED-TRACE 1638 4472 K 33 19dcced90
SCHED-TRACE 1639 4472 P 33 19dfa8311
SCHED-TRACE 1640 4529 I 33 11296b
SCHED-TRACE 1641 4529 B 33 ef
SCHED-TRACE 1642 4529 P 33 1a415580f
SCHED-TRACE 1643 4529 R 33 1a415580f
SCHED-TRACE 1644 4530 U 4 112aaa
SCHED-TRACE 1645 4530 V 4 112b64
SCHED-TRACE 1646 4530 O 0 0
SCHED-TRACE 1647 4530 P 33 1a447020b
SCHED-TRACE 1648 4531 K 33 1a447020b
SCHED-TRACE 1649 4531 P 33 1a474b020
SCHED-TRACE 1650 4588 I 33 1153d0
SCHED-TRACE 1651 4588 B 33 f1
SCHED-TRACE 1652 4588 P 33 1aa8f6872
SCHED-TRACE 1653 4588 R 33 1aa8f6872
SCHED-TRACE 1654 4589 U 4 11550f
SCHED-TRACE 1655 4589 V 4 1155c9
SCHED-TRACE 1656 4589 O 0 0
SCHED-TRACE 1657 4589 P 33 1aac1374b
SCHED-TRACE 1658 4590 K 33 1aac1374b
SCHED-TRACE 1659 4590 P 33 1aaeee147
SCHED-TRACE 1660 4647 I 33 117e36
SCHED-TRACE 1661 4647 B 33 f2
SCHED-TRACE 1662 4647 P 33 1b1096041
SCHED-TRACE 1663 4647 R 33 1b1096041
SCHED-TRACE 1664 4648 U 4 117f76
SCHED-TRACE 1665 4648 V 4 118031
SCHED-TRACE 1666 4648 O 0 0
SCHED-TRACE 1667 4648 P 33 1b13b47ad
SCHED-TRACE 1668 4649 K 33 1b13b47ad
SCHED-TRACE 1669 4649 P 33 1b169020b
SCHED-TRACE 1670 4706 I 33 11a89e
SCHED-TRACE 1671 4706 B 33 f3
SCHED-TRACE 1672 4706 P 33 1b7837ced
SCHED-TRACE 1673 4706 R 33 1b7837ced
SCHED-TRACE 1674 4707 U 4 11a9de
SCHED-TRACE 1675 4707 V 4 11aa98
SCHED-TRACE 1676 4707 O 0 0
SCHED-TRACE 1677 4707 P 33 1b7b53b63
SCHED-TRACE 1678 4708 K 33 1b7b53b63
SCHED-TRACE 1679 4708 P 33 1b7e2e978
SCHED-TRACE 1680 4765 I 33 11d304
SCHED-TRACE 1681 4765 B 33 f1
SCHED-TRACE 1682 4765 P 33 1bdfd2f1a
SCHED-TRACE 1683 4765 R 33 1bdfd2f1a
SCHED-TRACE 1684 4766 U 4 11d443
SCHED-TRACE 1685 4766 V 4 11d4fe
SCHED-TRACE 1686 4766 O 0 0
SCHED-TRACE 1687 4766 P 33 1be2f0624
SCHED-TRACE 1688 4767 K 33 1be2f0624
SCHED-TRACE 1689 4767 P 33 1be5cb438
SCHED-TRACE 1690 4824 I 33 11fd6d
SCHED-TRACE 1691 4824 B 33 f0
SCHED-TRACE 1692 4824 P 33 1c477374b
SCHED-TRACE 1693 4824 R 33 1c477374b
SCHED-TRACE 1694 4825 U 4 11fead
SCHED-TRACE 1695 4825 V 4 11ff68
SCHED-TRACE 1696 4825 O 0 0
SCHED-TRACE 1697 4825 P 33 1c4a922d0
SCHED-TRACE 1698 4826 K 63 1c3a7851e
SCHED-TRACE 1699 4826 P 33 1c4d6e147
SCHED-TRACE 1700 4827 P 33 1c4f81061
SCHED-TRACE 1701 4883 I 63 122820
SCHED-TRACE 1702 4883 B 63 f3
SCHED-TRACE 1703 4883 P 63 1ffda8f5b
SCHED-TRACE 1704 4883 R 63 1ffda8f5b
SCHED-TRACE 1705 4884 U 4 122963
SCHED-TRACE 1706 4884 V 4 122a1e
SCHED-TRACE 1707 4884 O 0 0
SCHED-TRACE 1708 4884 P 63 201d2147a
SCHED-TRACE 1709 4885 K 42 1c3f7ae13
SCHED-TRACE 1710 4885 P 63 2039a8f5b
SCHED-TRACE 1711 4886 P 63 204e63d70
SCHED-TRACE 1712 4942 I 42 1252e1
SCHED-TRACE 1713 4942 B 42 f2
SCHED-TRACE 1714 4942 P 42 2003a147a
SCHED-TRACE 1715 4942 R 42 2003a147a
SCHED-TRACE 1716 4943 U 4 125421
SCHED-TRACE 1717 4943 V 4 1254dc
SCHED-TRACE 1718 4943 O 0 0
SCHED-TRACE 1719 4943 P 42 2022ee146
SCHED-TRACE 1720 4944 K 69 1c46828f5
SCHED-TRACE 1721 4944 P 42 203f7d709
SCHED-TRACE 1722 4945 P 42 205435c28
SCHED-TRACE 1723 5001 I 69 127d9e
SCHED-TRACE 1724 5001 B 69 f0
SCHED-TRACE 1725 5001 P 69 200ab851e
SCHED-TRACE 1726 5001 R 69 200ab851e
SCHED-TRACE 1727 5002 U 4 127ee0
SCHED-TRACE 1728 5002 V 4 127f9a
SCHED-TRACE 1729 5002 O 0 0
SCHED-TRACE 1730 5002 P 69 202a147ad
SCHED-TRACE 1731 5003 K 33 1c4f81061
SCHED-TRACE 1732 5003 P 69 2046ae147
SCHED-TRACE 1733 5004 P 69 205b68f5b
SCHED-TRACE 1734 5060 I 33 12a859
SCHED-TRACE 1735 5060 B 33 f3
SCHED-TRACE 1736 5060 P 33 1cafe3126
SCHED-TRACE 1737 5060 R 33 1cafe3126
SCHED-TRACE 1738 5061 U 4 12a999
SCHED-TRACE 1739 5061 V 4 12aa54
SCHED-TRACE 1740 5061 O 0 0
SCHED-TRACE 1741 5061 P 33 1cb301892
SCHED-TRACE 1742 5062 K 57 1c6426665
SCHED-TRACE 1743 5062 P 33 1cb5dc6a7
SCHED-TRACE 1744 5063 P 33 1cb7efdf3
SCHED-TRACE 1745 5119 I 57 12d319
SCHED-TRACE 1746 5119 B 57 f2
SCHED-TRACE 1747 5119 P 57 202887ae0
SCHED-TRACE 1748 5119 R 57 202887ae0
SCHED-TRACE 1749 5120 U 4 12d45b
SCHED-TRACE 1750 5120 V 4 12d516
SCHED-TRACE 1751 5120 O 0 0
SCHED-TRACE 1752 5120 P 57 204807ae0
SCHED-TRACE 1753 5121 K 54 1c643d709
SCHED-TRACE 1754 5121 P 57 2064947ad
SCHED-TRACE 1755 5122 P 57 2079547ad
SCHED-TRACE 1756 5178 I 54 12fde4
SCHED-TRACE 1757 5178 B 54 f1
SCHED-TRACE 1758 5178 P 54 20293ffff
SCHED-TRACE 1759 5178 R 54 20293ffff
SCHED-TRACE 1760 5179 U 4 12ff27
SCHED-TRACE 1761 5179 V 4 12ffe2
SCHED-TRACE 1762 5179 O 0 0
SCHED-TRACE 1763 5179 P 54 2048ca3d6
SCHED-TRACE 1764 5180 K 51 1c6466666
SCHED-TRACE 1765 5180 P 54 206568f5b
SCHED-TRACE 1766 5181 P 54 207a33332
SCHED-TRACE 1767 5237 I 51 1328b2
SCHED-TRACE 1768 5237 B 51 f4
SCHED-TRACE 1769 5237 P 51 202991eb7
SCHED-TRACE 1770 5237 R 51 202991eb7
SCHED-TRACE 1771 5238 U 4 1329f6
SCHED-TRACE 1772 5238 V 4 132ab1
SCHED-TRACE 1773 5238 O 0 0
SCHED-TRACE 1774 5238 P 51 20491eb84
SCHED-TRACE 1775 5239 K 48 1c646b850
SCHED-TRACE 1776 5239 P 51 2065b5c28
SCHED-TRACE 1777 5240 P 51 207a7ae14
SCHED-TRACE 1778 5296 I 48 13537f
SCHED-TRACE 1779 5296 B 48 f2
SCHED-TRACE 1780 5296 P 48 2029a1479
SCHED-TRACE 1781 5296 R 48 2029a1479
SCHED-TRACE 1782 5297 U 4 1354c1
SCHED-TRACE 1783 5297 V 4 13557c
SCHED-TRACE 1784 5297 O 0 0
SCHED-TRACE 1785 5297 P 48 204930a3c
SCHED-TRACE 1786 5298 K 45 1c64a8f5b
SCHED-TRACE 1787 5298 P 48 2065c51ea
SCHED-TRACE 1788 5299 P 48 207a851ea
SCHED-TRACE 1789 5355 I 45 137e54
SCHED-TRACE 1790 5355 B 45 f2
SCHED-TRACE 1791 5355 P 45 202aae146
SCHED-TRACE 1792 5355 R 45 202aae146
SCHED-TRACE 1793 5356 U 4 137f97
SCHED-TRACE 1794 5356 V 4 138052
SCHED-TRACE 1795 5356 O 0 0
SCHED-TRACE 1796 5356 P 45 204a4a3d5
SCHED-TRACE 1797 5357 K 66 1c66851eb
SCHED-TRACE 1798 5357 P 45 2066d9998
SCHED-TRACE 1799 5358 P 45 207b91eb7
SCHED-TRACE 1800 5414 I 66 13a90b
SCHED-TRACE 1801 5414 B 66 ed
SCHED-TRACE 1802 5414 P 66 2029828f5
SCHED-TRACE 1803 5414 R 66 2029828f5
SCHED-TRACE 1804 5415 U 4 13aa4d
SCHED-TRACE 1805 5415 V 4 13ab07
SCHED-TRACE 1806 5415 O 0 0
SCHED-TRACE 1807 5415 P 66 2048dc28f
SCHED-TRACE 1808 5416 K 36 1c6bcf5c1
SCHED-TRACE 1809 5416 P 66 20657851e
SCHED-TRACE 1810 5417 P 66 207a3ae14
SCHED-TRACE 1811 5473 I 36 13d3dc
SCHED-TRACE 1812 5473 B 36 f2
SCHED-TRACE 1813 5473 P 36 203187ae0
SCHED-TRACE 1814 5473 R 36 203187ae0
SCHED-TRACE 1815 5474 U 4 13d51d
SCHED-TRACE 1816 5474 V 4 13d5d8
SCHED-TRACE 1817 5474 O 0 0
SCHED-TRACE 1818 5474 P 36 2050dc28e
SCHED-TRACE 1819 5475 K 60 1c6c851ea
SCHED-TRACE 1820 5475 P 36 206d73332
SCHED-TRACE 1821 5476 P 36 208235c28
SCHED-TRACE 1822 5532 I 60 13feb0
SCHED-TRACE 1823 5532 B 60 f4
SCHED-TRACE 1824 5532 P 60 20325c28e
SCHED-TRACE 1825 5532 R 60 20325c28e
SCHED-TRACE 1826 5533 U 4 13fff1
SCHED-TRACE 1827 5533 V 4 1400ad
SCHED-TRACE 1828 5533 O 0 0
SCHED-TRACE 1829 5533 P 60 2051c51ea
SCHED-TRACE 1830 5534 K 75 1c6db3332
SCHED-TRACE 1831 5534 P 60 206e61479
SCHED-TRACE 1832 5535 P 60 20831eb84
SCHED-TRACE 1833 5591 I 75 142992
SCHED-TRACE 1834 5591 B 75 ef
SCHED-TRACE 1835 5591 P 75 2034a8f5b
SCHED-TRACE 1836 5591 R 75 2034a8f5b
SCHED-TRACE 1837 5592 U 4 142ad3
SCHED-TRACE 1838 5592 V 4 142b8e
SCHED-TRACE 1839 5592 O 0 0
SCHED-TRACE 1840 5592 P 75 2053fffff
SCHED-TRACE 1841 5593 K 78 1c6e75c28
SCHED-TRACE 1842 5593 P 75 2070a147a
SCHED-TRACE 1843 5594 P 75 208568f5b
SCHED-TRACE 1844 5650 I 78 14546d
SCHED-TRACE 1845 5650 B 78 f3
SCHED-TRACE 1846 5650 P 78 203511eb7
SCHED-TRACE 1847 5650 R 78 203511eb7
SCHED-TRACE 1848 5651 U 4 1455af
SCHED-TRACE 1849 5651 V 4 14566a
SCHED-TRACE 1850 5651 O 0 0
SCHED-TRACE 1851 5651 P 78 20547851e
SCHED-TRACE 1852 5652 K 81 1c6ea8f5b
SCHED-TRACE 1853 5652 P 78 20710f5c1
SCHED-TRACE 1854 5653 P 78 2085d47ad
SCHED-TRACE 1855 5709 I 81 147f47
SCHED-TRACE 1856 5709 B 81 f3
SCHED-TRACE 1857 5709 P 81 2034fae14
SCHED-TRACE 1858 5709 R 81 2034fae14
SCHED-TRACE 1859 5710 U 4 148089
SCHED-TRACE 1860 5710 V 4 148144
SCHED-TRACE 1861 5710 O 0 0
SCHED-TRACE 1862 5710 P 81 20546b851
SCHED-TRACE 1863 5711 K 72 1c715eb84
SCHED-TRACE 1864 5711 P 81 2070eb851
SCHED-TRACE 1865 5712 P 81 2085a3d70
SCHED-TRACE 1866 5768 I 72 14aa25
SCHED-TRACE 1867 5768 B 72 ef
SCHED-TRACE 1868 5768 P 72 20380f5c2
SCHED-TRACE 1869 5768 R 72 20380f5c2
SCHED-TRACE 1870 5769 U 4 14ab67
SCHED-TRACE 1871 5769 V 4 14ac22
SCHED-TRACE 1872 5769 O 0 0
SCHED-TRACE 1873 5769 P 72 20577d709
SCHED-TRACE 1874 5770 K 39 1c79c7ae0
SCHED-TRACE 1875 5770 P 72 20742147a
SCHED-TRACE 1876 5771 P 72 2088e3d70
SCHED-TRACE 1877 5827 I 39 14d501
SCHED-TRACE 1878 5827 B 39 f4
SCHED-TRACE 1879 5827 P 39 2040147ad
SCHED-TRACE 1880 5827 R 39 2040147ad
SCHED-TRACE 1881 5828 U 4 14d642
SCHED-TRACE 1882 5828 V 4 14d6fd
SCHED-TRACE 1883 5828 O 0 0
SCHED-TRACE 1884 5828 P 39 205f66665
SCHED-TRACE 1885 5829 K 33 1cb7efdf3
SCHED-TRACE 1886 5829 P 39 207c0a3d6
SCHED-TRACE 1887 5830 P 39 2090ccccc
SCHED-TRACE 1888 5886 I 33 14ffdd
SCHED-TRACE 1889 5886 B 33 f2
SCHED-TRACE 1890 5886 P 33 1d189126e
SCHED-TRACE 1891 5886 R 33 1d189126e
SCHED-TRACE 1892 5887 U 4 15011d
SCHED-TRACE 1893 5887 V 4 1501d9
SCHED-TRACE 1894 5887 O 0 0
SCHED-TRACE 1895 5887 P 33 1d1bb3332
SCHED-TRACE 1896 5888 K 33 1d1bb3332
SCHED-TRACE 1897 5888 P 33 1d1e8d0e4
SCHED-TRACE 1898 5945 I 33 152a72
SCHED-TRACE 1899 5945 B 33 f0
SCHED-TRACE 1900 5945 P 33 1d808f1a9
SCHED-TRACE 1901 5945 R 33 1d808f1a9
SCHED-TRACE 1902 5946 U 4 152bb1
SCHED-TRACE 1903 5946 V 4 152c6d
SCHED-TRACE 1904 5946 O 0 0
SCHED-TRACE 1905 5946 P 33 1d83af9da
SCHED-TRACE 1906 5947 K 33 1d83af9da
SCHED-TRACE 1907 5947 P 33 1d868d0e4
SCHED-TRACE 1908 6004 I 33 155500
SCHED-TRACE 1909 6004 B 33 f3
SCHED-TRACE 1910 6004 P 33 1de8820c4
SCHED-TRACE 1911 6004 R 33 1de8820c4
SCHED-TRACE 1912 6005 U 4 155641
SCHED-TRACE 1913 6005 V 4 1556fb
SCHED-TRACE 1914 6005 O 0 0
SCHED-TRACE 1915 6005 P 33 1deba1892
SCHED-TRACE 1916 6006 K 33 1deba1892
SCHED-TRACE 1917 6006 P 33 1dee7e76c
SCHED-TRACE 1918 6063 I 33 157f8e
SCHED-TRACE 1919 6063 B 33 f2
SCHED-TRACE 1920 6063 P 33 1e5073f7c
SCHED-TRACE 1921 6063 R 33 1e5073f7c
SCHED-TRACE 1922 6064 U 4 1580ce
SCHED-TRACE 1923 6064 V 4 15818a
SCHED-TRACE 1924 6064 O 0 0
SCHED-TRACE 1925 6064 P 33 1e5395c28
SCHED-TRACE 1926 6065 K 33 1e5395c28
SCHED-TRACE 1927 6065 P 33 1e566e147
SCHED-TRACE 1928 6122 I 33 15aa1d
SCHED-TRACE 1929 6122 B 33 ea
SCHED-TRACE 1930 6122 P 33 1eb863d70
SCHED-TRACE 1931 6122 R 33 1eb863d70
SCHED-TRACE 1932 6123 U 4 15ab5d
SCHED-TRACE 1933 6123 V 4 15ac18
SCHED-TRACE 1934 6123 O 0 0
SCHED-TRACE 1935 6123 P 33 1ebb83d70
SCHED-TRACE 1936 6124 K 33 1ebb83d70
SCHED-TRACE 1937 6124 P 33 1ebe61061
SCHED-TRACE 1938 6181 I 33 15d4ad
SCHED-TRACE 1939 6181 B 33 f4
SCHED-TRACE 1940 6181 P 33 1f205a9fb
SCHED-TRACE 1941 6181 R 33 1f205a9fb
SCHED-TRACE 1942 6182 U 4 15d5ed
SCHED-TRACE 1943 6182 V 4 15d6a9
SCHED-TRACE 1944 6182 O 0 0
SCHED-TRACE 1945 6182 P 33 1f237ba5d
SCHED-TRACE 1946 6183 K 33 1f237ba5d
SCHED-TRACE 1947 6183 P 33 1f2658936
SCHED-TRACE 1948 6240 I 33 15ff41
SCHED-TRACE 1949 6240 B 33 f2
SCHED-TRACE 1950 6240 P 33 1f8858936
SCHED-TRACE 1951 6240 R 33 1f8858936
SCHED-TRACE 1952 6241 U 4 160081
SCHED-TRACE 1953 6241 V 4 16013d
SCHED-TRACE 1954 6241 O 0 0
SCHED-TRACE 1955 6241 P 33 1f8b7a9fb
SCHED-TRACE 1956 6242 K 33 1f8b7a9fb
SCHED-TRACE 1957 6242 P 33 1f8e547ad
SCHED-TRACE 1958 6299 I 33 1629d4
SCHED-TRACE 1959 6299 B 33 ef
SCHED-TRACE 1960 6299 P 33 1ff052b01
SCHED-TRACE 1961 6299 R 33 1ff052b01
SCHED-TRACE 1962 6300 U 4 162b14
SCHED-TRACE 1963 6300 V 4 162bcf
SCHED-TRACE 1964 6300 O 0 0
SCHED-TRACE 1965 6300 P 33 1ff371eb7
SCHED-TRACE 1966 6301 K 33 1ff371eb7
SCHED-TRACE 1967 6301 P 33 1ff64f5c2
SCHED-TRACE 1968 6358 I 33 165467
SCHED-TRACE 1969 6358 B 33 f4
SCHED-TRACE 1970 6358 P 33 20584f9da
SCHED-TRACE 1971 6358 R 33 20584f9da
SCHED-TRACE 1972 6359 U 4 1655a7
SCHED-TRACE 1973 6359 V 4 165662
SCHED-TRACE 1974 6359 O 0 0
SCHED-TRACE 1975 6359 P 33 205b6f9da
SCHED-TRACE 1976 6360 K 63 204e63d70
SCHED-TRACE 1977 6360 P 33 205e4b020
SCHED-TRACE 1978 6361 P 33 20605df3a
SCHED-TRACE 1979 6417 I 63 167f3a
SCHED-TRACE 1980 6417 B 63 f3
SCHED-TRACE 1981 6417 P 63 241407ae0
SCHED-TRACE 1982 6417 R 63 241407ae0
SCHED-TRACE 1983 6418 U 4 16807d
SCHED-TRACE 1984 6418 V 4 168138
SCHED-TRACE 1985 6418 O 0 0
SCHED-TRACE 1986 6418 P 63 24338a3d6
SCHED-TRACE 1987 6419 K 42 205435c28
SCHED-TRACE 1988 6419 P 63 244ffffff
SCHED-TRACE 1989 6420 P 63 2464b0a3c
SCHED-TRACE 1990 6476 I 42 16aa0e
SCHED-TRACE 1991 6476 B 42 ef
SCHED-TRACE 1992 6476 P 42 24199eb84
SCHED-TRACE 1993 6476 R 42 24199eb84
SCHED-TRACE 1994 6477 U 4 16ab4f
SCHED-TRACE 1995 6477 V 4 16ac0a
SCHED-TRACE 1996 6477 O 0 0
SCHED-TRACE 1997 6477 P 42 2438eb851
SCHED-TRACE 1998 6478 K 69 205b68f5b
SCHED-TRACE 1999 6478 P 42 245587ae0
SCHED-TRACE 2000 6479 P 42 246a428f4
SCHED-TRACE 2001 6535 I 69 16d4e2
SCHED-TRACE 2002 6535 B 69 f4
SCHED-TRACE 2003 6535 P 69 2420eb851
SCHED-TRACE 2004 6535 R 69 2420eb851
SCHED-TRACE 2005 6536 U 4 16d624
SCHED-TRACE 2006 6536 V 4 16d6e0
SCHED-TRACE 2007 6536 O 0 0
SCHED-TRACE 2008 6536 P 69 244066665
SCHED-TRACE 2009 6537 K 33 20605df3a
SCHED-TRACE 2010 6537 P 69 245d051ea
SCHED-TRACE 2011 6538 P 69 2471bffff
SCHED-TRACE 2012 6594 I 33 16ffb7
SCHED-TRACE 2013 6594 B 33 f3
SCHED-TRACE 2014 6594 P 33 20c0e5e34
SCHED-TRACE 2015 6594 R 33 20c0e5e34
SCHED-TRACE 2016 6595 U 4 1700f8
SCHED-TRACE 2017 6595 V 4 1701b3
SCHED-TRACE 2018 6595 O 0 0
SCHED-TRACE 2019 6595 P 33 20c408b43
SCHED-TRACE 2020 6596 K 57 2079547ad
SCHED-TRACE 2021 6596 P 33 20c6e24dc
SCHED-TRACE 2022 6597 P 33 20c8f6041
SCHED-TRACE 2023 6653 I 57 172a9b
SCHED-TRACE 2024 6653 B 57 f0
SCHED-TRACE 2025 6653 P 57 244047ae0
SCHED-TRACE 2026 6653 R 57 244047ae0
SCHED-TRACE 2027 6654 U 4 172bdd
SCHED-TRACE 2028 6654 V 4 172c99
SCHED-TRACE 2029 6654 O 0 0
SCHED-TRACE 2030 6654 P 57 245fd47ad
SCHED-TRACE 2031 6655 K 54 207a33332
SCHED-TRACE 2032 6655 P 57 247c75c28
SCHED-TRACE 2033 6656 P 57 24913ae13
SCHED-TRACE 2034 6712 I 54 175579
SCHED-TRACE 2035 6712 B 54 f3
SCHED-TRACE 2036 6712 P 54 24409c28e
SCHED-TRACE 2037 6712 R 54 24409c28e
SCHED-TRACE 2038 6713 U 4 1756bc
SCHED-TRACE 2039 6713 V 4 175777
SCHED-TRACE 2040 6713 O 0 0
SCHED-TRACE 2041 6713 P 54 2460170a3
SCHED-TRACE 2042 6714 K 66 207a3ae14
SCHED-TRACE 2043 6714 P 54 247cb0a3c
SCHED-TRACE 2044 6715 P 54 249170a3c
SCHED-TRACE 2045 6771 I 66 178052
SCHED-TRACE 2046 6771 B 66 f2
SCHED-TRACE 2047 6771 P 66 24402e147
SCHED-TRACE 2048 6771 R 66 24402e147
SCHED-TRACE 2049 6772 U 4 178195
SCHED-TRACE 2050 6772 V 4 178250
SCHED-TRACE 2051 6772 O 0 0
SCHED-TRACE 2052 6772 P 66 245f9c28f
SCHED-TRACE 2053 6773 K 51 207a7ae14
SCHED-TRACE 2054 6773 P 66 247c1eb84
SCHED-TRACE 2055 6774 P 66 2490deb84
SCHED-TRACE 2056 6830 I 51 17ab2a
SCHED-TRACE 2057 6830 B 51 f3
SCHED-TRACE 2058 6830 P 51 24408a3d6
SCHED-TRACE 2059 6830 R 51 24408a3d6
SCHED-TRACE 2060 6831 U 4 17ac6d
SCHED-TRACE 2061 6831 V 4 17ad28
SCHED-TRACE 2062 6831 O 0 0
SCHED-TRACE 2063 6831 P 51 24602147a
SCHED-TRACE 2064 6832 K 48 207a851ea
SCHED-TRACE 2065 6832 P 51 247cb5c28
SCHED-TRACE 2066 6833 P 51 249175c28
SCHED-TRACE 2067 6889 I 48 17d606
SCHED-TRACE 2068 6889 B 48 f2
SCHED-TRACE 2069 6889 P 48 2440a1479
SCHED-TRACE 2070 6889 R 48 2440a1479
SCHED-TRACE 2071 6890 U 4 17d749
SCHED-TRACE 2072 6890 V 4 17d805
SCHED-TRACE 2073 6890 O 0 0
SCHED-TRACE 2074 6890 P 48 24603851d
SCHED-TRACE 2075 6891 K 45 207b91eb7
SCHED-TRACE 2076 6891 P 48 247cd47ac
SCHED-TRACE 2077 6892 P 48 249191eb7
SCHED-TRACE 2078 6948 I 45 1800e8
SCHED-TRACE 2079 6948 B 45 f3
SCHED-TRACE 2080 6948 P 45 2442028f4
SCHED-TRACE 2081 6948 R 45 2442028f4
SCHED-TRACE 2082 6949 U 4 18022c
SCHED-TRACE 2083 6949 V 4 1802e8
SCHED-TRACE 2084 6949 O 0 0
SCHED-TRACE 2085 6949 P 45 24619eb84
SCHED-TRACE 2086 6950 K 36 208235c28
SCHED-TRACE 2087 6950 P 45 247e3851d
SCHED-TRACE 2088 6951 P 45 2492f5c27
SCHED-TRACE 2089 7007 I 36 182bc5
SCHED-TRACE 2090 7007 B 36 f3
SCHED-TRACE 2091 7007 P 36 2448547ad
SCHED-TRACE 2092 7007 R 36 2448547ad
SCHED-TRACE 2093 7008 U 4 182d06
SCHED-TRACE 2094 7008 V 4 182dc2
SCHED-TRACE 2095 7008 O 0 0
SCHED-TRACE 2096 7008 P 36 2467b3332
SCHED-TRACE 2097 7009 K 60 20831eb84
SCHED-TRACE 2098 7009 P 36 24844a3d6
SCHED-TRACE 2099 7010 P 36 24990a3d6
SCHED-TRACE 2100 7066 I 60 18569a
SCHED-TRACE 2101 7066 B 60 f2
SCHED-TRACE 2102 7066 P 60 24488f5c1
SCHED-TRACE 2103 7066 R 60 24488f5c1
SCHED-TRACE 2104 7067 U 4 1857da
SCHED-TRACE 2105 7067 V 4 185896
SCHED-TRACE 2106 7067 O 0 0
SCHED-TRACE 2107 7067 P 60 2467deb84
SCHED-TRACE 2108 7068 K 75 208568f5b
SCHED-TRACE 2109 7068 P 60 24847fffe
SCHED-TRACE 2110 7069 P 60 24993d709
SCHED-TRACE 2111 7125 I 75 18817a
SCHED-TRACE 2112 7125 B 75 f4
SCHED-TRACE 2113 7125 P 75 244bfd709
SCHED-TRACE 2114 7125 R 75 244bfd709
SCHED-TRACE 2115 7126 U 4 1882bc
SCHED-TRACE 2116 7126 V 4 188376
SCHED-TRACE 2117 7126 O 0 0
SCHED-TRACE 2118 7126 P 75 246b3ae14
SCHED-TRACE 2119 7127 K 81 2085a3d70
SCHED-TRACE 2120 7127 P 75 2487d1eb7
SCHED-TRACE 2121 7128 P 75 249c91eb7
SCHED-TRACE 2122 7184 I 81 18ac54
SCHED-TRACE 2123 7184 B 81 f3
SCHED-TRACE 2124 7184 P 81 244bbae14
SCHED-TRACE 2125 7184 R 81 244bbae14
SCHED-TRACE 2126 7185 U 4 18ad96
SCHED-TRACE 2127 7185 V 4 18ae52
SCHED-TRACE 2128 7185 O 0 0
SCHED-TRACE 2129 7185 P 81 246b23d70
SCHED-TRACE 2130 7186 K 78 2085d47ad
SCHED-TRACE 2131 7186 P 81 2487bd709
SCHED-TRACE 2132 7187 P 81 249c7d709
SCHED-TRACE 2133 7243 I 78 18d732
SCHED-TRACE 2134 7243 B 78 f3
SCHED-TRACE 2135 7243 P 78 244bfae13
SCHED-TRACE 2136 7243 R 78 244bfae13
SCHED-TRACE 2137 7244 U 4 18d874
SCHED-TRACE 2138 7244 V 4 18d92f
SCHED-TRACE 2139 7244 O 0 0
SCHED-TRACE 2140 7244 P 78 246b73332
SCHED-TRACE 2141 7245 K 72 2088e3d70
SCHED-TRACE 2142 7245 P 78 248807ae0
SCHED-TRACE 2143 7246 P 78 249cc28f5
SCHED-TRACE 2144 7302 I 72 190216
SCHED-TRACE 2145 7302 B 72 f4
SCHED-TRACE 2146 7302 P 72 244f91eb7
SCHED-TRACE 2147 7302 R 72 244f91eb7
SCHED-TRACE 2148 7303 U 4 190359
SCHED-TRACE 2149 7303 V 4 190413
SCHED-TRACE 2150 7303 O 0 0
SCHED-TRACE 2151 7303 P 72 246ee3d70
SCHED-TRACE 2152 7304 K 39 2090ccccc
SCHED-TRACE 2153 7304 P 72 248b7d709
SCHED-TRACE 2154 7305 P 72 24a03851e
SCHED-TRACE 2155 7361 I 39 192cf6
SCHED-TRACE 2156 7361 B 39 f2
SCHED-TRACE 2157 7361 P 39 245711eb7
SCHED-TRACE 2158 7361 R 39 245711eb7
SCHED-TRACE 2159 7362 U 4 192e38
SCHED-TRACE 2160 7362 V 4 192ef3
SCHED-TRACE 2161 7362 O 0 0
SCHED-TRACE 2162 7362 P 39 247675c28
SCHED-TRACE 2163 7363 K 33 20c8f6041
SCHED-TRACE 2164 7363 P 39 24931c28e
SCHED-TRACE 2165 7364 P 39 24a7d70a3
SCHED-TRACE 2166 7420 I 33 1957ca
SCHED-TRACE 2167 7420 B 33 f4
SCHED-TRACE 2168 7420 P 33 21297db22
SCHED-TRACE 2169 7420 R 33 21297db22
SCHED-TRACE 2170 7421 U 4 19590a
SCHED-TRACE 2171 7421 V 4 1959c5
SCHED-TRACE 2172 7421 O 0 0
SCHED-TRACE 2173 7421 P 33 212c9e353
SCHED-TRACE 2174 7422 K 33 212c9e353
SCHED-TRACE 2175 7422 P 33 212f79db1
SCHED-TRACE 2176 7479 I 33 198256
SCHED-TRACE 2177 7479 B 33 f4
SCHED-TRACE 2178 7479 P 33 219161061
SCHED-TRACE 2179 7479 R 33 219161061
SCHED-TRACE 2180 7480 U 4 198394
SCHED-TRACE 2181 7480 V 4 19844f
SCHED-TRACE 2182 7480 O 0 0
SCHED-TRACE 2183 7480 P 33 21947d2f1
SCHED-TRACE 2184 7481 K 33 21947d2f1
SCHED-TRACE 2185 7481 P 33 219759167
SCHED-TRACE 2186 7538 I 33 19ace0
SCHED-TRACE 2187 7538 B 33 f2
SCHED-TRACE 2188 7538 P 33 21f94147a
SCHED-TRACE 2189 7538 R 33 21f94147a
SCHED-TRACE 2190 7539 U 4 19ae21
SCHED-TRACE 2191 7539 V 4 19aedc
SCHED-TRACE 2192 7539 O 0 0
SCHED-TRACE 2193 7539 P 33 21fc624dc
SCHED-TRACE 2194 7540 K 33 21fc624dc
SCHED-TRACE 2195 7540 P 33 21ff3f7ce
SCHED-TRACE 2196 7597 I 33 19d76f
SCHED-TRACE 2197 7597 B 33 f4
SCHED-TRACE 2198 7597 P 33 226129374
SCHED-TRACE 2199 7597 R 33 226129374
SCHED-TRACE 2200 7598 U 4 19d8af
SCHED-TRACE 2201 7598 V 4 19d96b
SCHED-TRACE 2202 7598 O 0 0
SCHED-TRACE 2203 7598 P 33 22644a3d6
SCHED-TRACE 2204 7599 K 33 22644a3d6
SCHED-TRACE 2205 7599 P 33 22672624d
SCHED-TRACE 2206 7656 I 33 1a0202
SCHED-TRACE 2207 7656 B 33 f4
SCHED-TRACE 2208 7656 P 33 22c917ced
SCHED-TRACE 2209 7656 R 33 22c917ced
SCHED-TRACE 2210 7657 U 4 1a0343
SCHED-TRACE 2211 7657 V 4 1a03fd
SCHED-TRACE 2212 7657 O 0 0
SCHED-TRACE 2213 7657 P 33 22cc353f7
SCHED-TRACE 2214 7658 K 33 22cc353f7
SCHED-TRACE 2215 7658 P 33 22cf11a9f
SCHED-TRACE 2216 7715 I 33 1a2c94
SCHED-TRACE 2217 7715 B 33 f3
SCHED-TRACE 2218 7715 P 33 23310147a
SCHED-TRACE 2219 7715 R 33 23310147a
SCHED-TRACE 2220 7716 U 4 1a2dd4
SCHED-TRACE 2221 7716 V 4 1a2e90
SCHED-TRACE 2222 7716 O 0 0
SCHED-TRACE 2223 7716 P 33 2334220c4
SCHED-TRACE 2224 7717 K 33 2334220c4
SCHED-TRACE 2225 7717 P 33 2336fe353
SCHED-TRACE 2226 7774 I 33 1a5724
SCHED-TRACE 2227 7774 B 33 f2
SCHED-TRACE 2228 7774 P 33 2398ea3d6
SCHED-TRACE 2229 7774 R 33 2398ea3d6
SCHED-TRACE 2230 7775 U 4 1a5864
SCHED-TRACE 2231 7775 V 4 1a5920
SCHED-TRACE 2232 7775 O 0 0
SCHED-TRACE 2233 7775 P 33 239c0b438
SCHED-TRACE 2234 7776 K 33 239c0b438
SCHED-TRACE 2235 7776 P 33 239ee6e97
SCHED-TRACE 2236 7833 I 33 1a81b6
SCHED-TRACE 2237 7833 B 33 f4
SCHED-TRACE 2238 7833 P 33 2400d9167
SCHED-TRACE 2239 7833 R 33 2400d9167
SCHED-TRACE 2240 7834 U 4 1a82f6
SCHED-TRACE 2241 7834 V 4 1a83b1
SCHED-TRACE 2242 7834 O 0 0
SCHED-TRACE 2243 7834 P 33 2403f4395
SCHED-TRACE 2244 7835 K 33 2403f4395
SCHED-TRACE 2245 7835 P 33 2406d0624
SCHED-TRACE 2246 7892 I 33 1aac48
SCHED-TRACE 2247 7892 B 33 f3
SCHED-TRACE 2248 7892 P 33 2468c45a1
SCHED-TRACE 2249 7892 R 33 2468c45a1
SCHED-TRACE 2250 7893 U 4 1aad89
SCHED-TRACE 2251 7893 V 4 1aae45
SCHED-TRACE 2252 7893 O 0 0
SCHED-TRACE 2253 7893 P 33 246be624d
SCHED-TRACE 2254 7894 K 63 2464b0a3c
SCHED-TRACE 2255 7894 P 33 246ec24dc
SCHED-TRACE 2256 7895 P 33 2470d5c28
SCHED-TRACE 2257 7951 I 63 1ad72b
SCHED-TRACE 2258 7951 B 63 f3
SCHED-TRACE 2259 7951 P 63 282b4cccc
SCHED-TRACE 2260 7951 R 63 282b4cccc
SCHED-TRACE 2261 7952 U 4 1ad86e
SCHED-TRACE 2262 7952 V 4 1ad92a
SCHED-TRACE 2263 7952 O 0 0
SCHED-TRACE 2264 7952 P 63 284adc28e
SCHED-TRACE 2265 7953 K 42 246a428f4
SCHED-TRACE 2266 7953 P 63 286775c28
SCHED-TRACE 2267 7954 P 63 287c30a3c
SCHED-TRACE 2268 8010 I 42 1b0214
SCHED-TRACE 2269 8010 B 42 f5
SCHED-TRACE 2270 8010 P 42 2830f3332
SCHED-TRACE 2271 8010 R 42 2830f3332
SCHED-TRACE 2272 8011 U 4 1b0355
SCHED-TRACE 2273 8011 V 4 1b0410
SCHED-TRACE 2274 8011 O 0 0
SCHED-TRACE 2275 8011 P 42 285035c28
SCHED-TRACE 2276 8012 K 33 2470d5c28
SCHED-TRACE 2277 8012 P 42 286cd47ad
SCHED-TRACE 2278 8013 P 42 28818cccb
SCHED-TRACE 2279 8069 I 33 1b2cf7
SCHED-TRACE 2280 8069 B 33 f4
SCHED-TRACE 2281 8069 P 33 24d179db1
SCHED-TRACE 2282 8069 R 33 24d179db1
SCHED-TRACE 2283 8070 U 4 1b2e38
SCHED-TRACE 2284 8070 V 4 1b2ef4
SCHED-TRACE 2285 8070 O 0 0
SCHED-TRACE 2286 8070 P 33 24d49d2f1
SCHED-TRACE 2287 8071 K 69 2471bffff
SCHED-TRACE 2288 8071 P 33 24d77a9fb
SCHED-TRACE 2289 8072 P 33 24d98e55f
SCHED-TRACE 2290 8128 I 69 1b57d9
SCHED-TRACE 2291 8128 B 69 f4
SCHED-TRACE 2292 8128 P 69 28384f5c1
SCHED-TRACE 2293 8128 R 69 28384f5c1
SCHED-TRACE 2294 8129 U 4 1b591b
SCHED-TRACE 2295 8129 V 4 1b59d7
SCHED-TRACE 2296 8129 O 0 0
SCHED-TRACE 2297 8129 P 69 2857d1eb7
SCHED-TRACE 2298 8130 K 66 2490deb84
SCHED-TRACE 2299 8130 P 69 28745eb84
SCHED-TRACE 2300 8131 P 69 288923d70
SCHED-TRACE 2301 8187 I 66 1b82bb
SCHED-TRACE 2302 8187 B 66 f1
SCHED-TRACE 2303 8187 P 66 285763d70
SCHED-TRACE 2304 8187 R 66 285763d70
SCHED-TRACE 2305 8188 U 4 1b83fc
SCHED-TRACE 2306 8188 V 4 1b84b7
SCHED-TRACE 2307 8188 O 0 0
SCHED-TRACE 2308 8188 P 66 2876e3d70
SCHED-TRACE 2309 8189 K 57 24913ae13
SCHED-TRACE 2310 8189 P 66 28937ffff
SCHED-TRACE 2311 8190 P 66 28a83d709
SCHED-TRACE 2312 8246 I 57 1bad9c
SCHED-TRACE 2313 8246 B 57 f3
SCHED-TRACE 2314 8246 P 57 2857eb851
SCHED-TRACE 2315 8246 R 57 2857eb851
SCHED-TRACE 2316 8247 U 4 1baee0
SCHED-TRACE 2317 8247 V 4 1baf9b
SCHED-TRACE 2318 8247 O 0 0
SCHED-TRACE 2319 8247 P 57 287775c28
SCHED-TRACE 2320 8248 K 54 249170a3c
SCHED-TRACE 2321 8248 P 57 289419998
SCHED-TRACE 2322 8249 P 57 28a8deb84
SCHED-TRACE 2323 8305 I 54 1bd87e
SCHED-TRACE 2324 8305 B 54 f5
SCHED-TRACE 2325 8305 P 54 2857f5c28
SCHED-TRACE 2326 8305 R 54 2857f5c28
SCHED-TRACE 2327 8306 U 4 1bd9c2
SCHED-TRACE 2328 8306 V 4 1bda7d
SCHED-TRACE 2329 8306 O 0 0
SCHED-TRACE 2330 8306 P 54 287787ae0
SCHED-TRACE 2331 8307 K 51 249175c28
SCHED-TRACE 2332 8307 P 54 289419998
SCHED-TRACE 2333 8308 P 54 28a8dc28e
SCHED-TRACE 2334 8364 I 51 1c0366
SCHED-TRACE 2335 8364 B 51 f2
SCHED-TRACE 2336 8364 P 51 2858428f5
SCHED-TRACE 2337 8364 R 51 2858428f5
SCHED-TRACE 2338 8365 U 4 1c04a8
SCHED-TRACE 2339 8365 V 4 1c0564
SCHED-TRACE 2340 8365 O 0 0
SCHED-TRACE 2341 8365 P 51 2877d9999
SCHED-TRACE 2342 8366 K 48 249191eb7
SCHED-TRACE 2343 8366 P 51 289473332
SCHED-TRACE 2344 8367 P 51 28a933332
SCHED-TRACE 2345 8423 I 48 1c2e4f
SCHED-TRACE 2346 8423 B 48 f3
SCHED-TRACE 2347 8423 P 48 2858a3d6f
SCHED-TRACE 2348 8423 R 48 2858a3d6f
SCHED-TRACE 2349 8424 U 4 1c2f93
SCHED-TRACE 2350 8424 V 4 1c304f
SCHED-TRACE 2351 8424 O 0 0
SCHED-TRACE 2352 8424 P 48 28784a3d5
SCHED-TRACE 2353 8425 K 45 2492f5c27
SCHED-TRACE 2354 8425 P 48 2894eb850
SCHED-TRACE 2355 8426 P 48 28a9a8f5b
SCHED-TRACE 2356 8482 I 45 1c5935
SCHED-TRACE 2357 8482 B 45 f3
SCHED-TRACE 2358 8482 P 45 2859b0a3c
SCHED-TRACE 2359 8482 R 45 2859b0a3c
SCHED-TRACE 2360 8483 U 4 1c5a79
SCHED-TRACE 2361 8483 V 4 1c5b34
SCHED-TRACE 2362 8483 O 0 0
SCHED-TRACE 2363 8483 P 45 28793d709
SCHED-TRACE 2364 8484 K 36 24990a3d6
SCHED-TRACE 2365 8484 P 45 2895d70a2
SCHED-TRACE 2366 8485 P 45 28aa970a2
SCHED-TRACE 2367 8541 I 36 1c8418
SCHED-TRACE 2368 8541 B 36 f1
SCHED-TRACE 2369 8541 P 36 285f7ae13
SCHED-TRACE 2370 8541 R 36 285f7ae13
SCHED-TRACE 2371 8542 U 4 1c855a
SCHED-TRACE 2372 8542 V 4 1c8615
SCHED-TRACE 2373 8542 O 0 0
SCHED-TRACE 2374 8542 P 36 287edc28e
SCHED-TRACE 2375 8543 K 60 24993d709
SCHED-TRACE 2376 8543 P 36 289b75c28
SCHED-TRACE 2377 8544 P 36 28b033332
SCHED-TRACE 2378 8600 I 60 1caefa
SCHED-TRACE 2379 8600 B 60 f4
SCHED-TRACE 2380 8600 P 60 285f8cccb
SCHED-TRACE 2381 8600 R 60 285f8cccb
SCHED-TRACE 2382 8601 U 4 1cb03b
SCHED-TRACE 2383 8601 V 4 1cb0f7
SCHED-TRACE 2384 8601 O 0 0
SCHED-TRACE 2385 8601 P 60 287ef3332
SCHED-TRACE 2386 8602 K 81 249c7d709
SCHED-TRACE 2387 8602 P 60 289b91eb7
SCHED-TRACE 2388 8603 P 60 28b04a3d5
SCHED-TRACE 2389 8659 I 81 1cd9de
SCHED-TRACE 2390 8659 B 81 f4
SCHED-TRACE 2391 8659 P 81 286319999
SCHED-TRACE 2392 8659 R 81 286319999
SCHED-TRACE 2393 8660 U 4 1cdb20
SCHED-TRACE 2394 8660 V 4 1cdbdc
SCHED-TRACE 2395 8660 O 0 0
SCHED-TRACE 2396 8660 P 81 28827851e
SCHED-TRACE 2397 8661 K 75 249c91eb7
SCHED-TRACE 2398 8661 P 81 289f19999
SCHED-TRACE 2399 8662 P 81 28b3deb84
SCHED-TRACE 2400 8718 I 75 1d04cb
SCHED-TRACE 2401 8718 B 75 f4
SCHED-TRACE 2402 8718 P 75 2863e3d70
SCHED-TRACE 2403 8718 R 75 2863e3d70
SCHED-TRACE 2404 8719 U 4 1d060e
SCHED-TRACE 2405 8719 V 4 1d06ca
SCHED-TRACE 2406 8719 O 0 0
SCHED-TRACE 2407 8719 P 75 28836147a
SCHED-TRACE 2408 8720 K 78 249cc28f5
SCHED-TRACE 2409 8720 P 75 28a0028f5
SCHED-TRACE 2410 8721 P 75 28b4c51eb
SCHED-TRACE 2411 8777 I 78 1d2fb8
SCHED-TRACE 2412 8777 B 78 f3
SCHED-TRACE 2413 8777 P 78 2863eb851
SCHED-TRACE 2414 8777 R 78 2863eb851
SCHED-TRACE 2415 8778 U 4 1d30fb
SCHED-TRACE 2416 8778 V 4 1d31b7
SCHED-TRACE 2417 8778 O 0 0
SCHED-TRACE 2418 8778 P 78 28836b851
SCHED-TRACE 2419 8779 K 72 24a03851e
SCHED-TRACE 2420 8779 P 78 28a0028f5
SCHED-TRACE 2421 8780 P 78 28b4c51ea
SCHED-TRACE 2422 8836 I 72 1d5a9d
SCHED-TRACE 2423 8836 B 72 f4
SCHED-TRACE 2424 8836 P 72 2866c28f5
SCHED-TRACE 2425 8836 R 72 2866c28f5
SCHED-TRACE 2426 8837 U 4 1d5bde
SCHED-TRACE 2427 8837 V 4 1d5c9a
SCHED-TRACE 2428 8837 O 0 0
SCHED-TRACE 2429 8837 P 72 288630a3c
SCHED-TRACE 2430 8838 K 39 24a7d70a3
SCHED-TRACE 2431 8838 P 72 28a2d1eb7
SCHED-TRACE 2432 8839 P 72 28b78cccc
SCHED-TRACE 2433 8895 I 39 1d857b
SCHED-TRACE 2434 8895 B 39 f5
SCHED-TRACE 2435 8895 P 39 286e051ea
SCHED-TRACE 2436 8895 R 39 286e051ea
SCHED-TRACE 2437 8896 U 4 1d86bc
SCHED-TRACE 2438 8896 V 4 1d8778
SCHED-TRACE 2439 8896 O 0 0
SCHED-TRACE 2440 8896 P 39 288d4cccc
SCHED-TRACE 2441 8897 K 33 24d98e55f
SCHED-TRACE 2442 8897 P 39 28a9e6665
SCHED-TRACE 2443 8898 P 39 28bea147a
SCHED-TRACE 2444 8954 I 33 1db058
SCHED-TRACE 2445 8954 B 33 f2
SCHED-TRACE 2446 8954 P 33 253a27ef9
SCHED-TRACE 2447 8954 R 33 253a27ef9
SCHED-TRACE 2448 8955 U 4 1db199
SCHED-TRACE 2449 8955 V 4 1db254
SCHED-TRACE 2450 8955 O 0 0
SCHED-TRACE 2451 8955 P 33 253d47ae0
SCHED-TRACE 2452 8956 K 33 253d47ae0
SCHED-TRACE 2453 8956 P 33 254023957
SCHED-TRACE 2454 9013 I 33 1ddaec
SCHED-TRACE 2455 9013 B 33 f5
SCHED-TRACE 2456 9013 P 33 25a2178d4
SCHED-TRACE 2457 9013 R 33 25a2178d4
SCHED-TRACE 2458 9014 U 4 1ddc2d
SCHED-TRACE 2459 9014 V 4 1ddce9
SCHED-TRACE 2460 9014 O 0 0
SCHED-TRACE 2461 9014 P 33 25a539db1
SCHED-TRACE 2462 9015 K 33 25a539db1
SCHED-TRACE 2463 9015 P 33 25a8170a3
SCHED-TRACE 2464 9072 I 33 1e0585
SCHED-TRACE 2465 9072 B 33 f4
SCHED-TRACE 2466 9072 P 33 260a10624
SCHED-TRACE 2467 9072 R 33 260a10624
SCHED-TRACE 2468 9073 U 4 1e06c6
SCHED-TRACE 2469 9073 V 4 1e0781
SCHED-TRACE 2470 9073 O 0 0
SCHED-TRACE 2471 9073 P 33 260d30a3c
SCHED-TRACE 2472 9074 K 33 260d30a3c
SCHED-TRACE 2473 9074 P 33 26100d4fd
SCHED-TRACE 2474 9131 I 33 1e3022
SCHED-TRACE 2475 9131 B 33 f3
SCHED-TRACE 2476 9131 P 33 26720f1a9
SCHED-TRACE 2477 9131 R 33 26720f1a9
SCHED-TRACE 2478 9132 U 4 1e3163
SCHED-TRACE 2479 9132 V 4 1e321f
SCHED-TRACE 2480 9132 O 0 0
SCHED-TRACE 2481 9132 P 33 267531eb7
SCHED-TRACE 2482 9133 K 33 267531eb7
SCHED-TRACE 2483 9133 P 33 26780e147
SCHED-TRACE 2484 9190 I 33 1e5aba
SCHED-TRACE 2485 9190 B 33 f6
SCHED-TRACE 2486 9190 P 33 26da05603
SCHED-TRACE 2487 9190 R 33 26da05603
SCHED-TRACE 2488 9191 U 4 1e5bfa
SCHED-TRACE 2489 9191 V 4 1e5cb7
SCHED-TRACE 2490 9191 O 0 0
SCHED-TRACE 2491 9191 P 33 26dd27ef9
SCHED-TRACE 2492 9192 K 33 26dd27ef9
SCHED-TRACE 2493 9192 P 33 26e00147a
SCHED-TRACE 2494 9249 I 33 1e854b
SCHED-TRACE 2495 9249 B 33 e5
SCHED-TRACE 2496 9249 P 33 2741ea3d6
SCHED-TRACE 2497 9249 R 33 2741ea3d6
SCHED-TRACE 2498 9250 U 4 1e8684
SCHED-TRACE 2499 9250 V 4 1e873c
SCHED-TRACE 2500 9250 O 0 0
SCHED-TRACE 2501 9250 P 33 2744fae14
SCHED-TRACE 2502 9251 K 33 2744fae14
SCHED-TRACE 2503 9251 P 33 2747d1686
SCHED-TRACE 2504 9309 I 33 1eb009
SCHED-TRACE 2505 9309 B 33 ee
SCHED-TRACE 2506 9309 P 33 27aab0a3c
SCHED-TRACE 2507 9309 R 33 27aab0a3c
SCHED-TRACE 2508 9310 U 4 1eb147
SCHED-TRACE 2509 9310 V 4 1eb200
SCHED-TRACE 2510 9310 O 0 0
SCHED-TRACE 2511 9310 P 33 27adc8311
SCHED-TRACE 2512 9311 K 33 27adc8311
SCHED-TRACE 2513 9311 P 33 27b0a1061
SCHED-TRACE 2514 9369 I 33 1edae7
SCHED-TRACE 2515 9369 B 33 ef
SCHED-TRACE 2516 9369 P 33 2813a76c8
SCHED-TRACE 2517 9369 R 33 2813a76c8
SCHED-TRACE 2518 9370 U 4 1edc25
SCHED-TRACE 2519 9370 V 4 1edcdf
SCHED-TRACE 2520 9370 O 0 0
SCHED-TRACE 2521 9370 P 33 2816c0830
SCHED-TRACE 2522 9371 K 33 2816c0830
SCHED-TRACE 2523 9371 P 33 281998d4f
SCHED-TRACE 2524 9429 I 33 1f05d2
SCHED-TRACE 2525 9429 B 33 ed
SCHED-TRACE 2526 9429 P 33 287cb3332
SCHED-TRACE 2527 9429 R 33 287cb3332
SCHED-TRACE 2528 9430 U 4 1f070e
SCHED-TRACE 2529 9430 V 4 1f07c8
SCHED-TRACE 2530 9430 O 0 0
SCHED-TRACE 2531 9430 P 33 287fccccc
SCHED-TRACE 2532 9431 K 63 287c30a3c
SCHED-TRACE 2533 9431 P 33 2882a5e34
SCHED-TRACE 2534 9432 P 33 2884b7ced
SCHED-TRACE 2535 9488 I 63 1f3065
SCHED-TRACE 2536 9488 B 63 f1
SCHED-TRACE 2537 9488 P 63 2c3e051eb
SCHED-TRACE 2538 9488 R 63 2c3e051eb
SCHED-TRACE 2539 9489 U 4 1f31a7
SCHED-TRACE 2540 9489 V 4 1f3261
SCHED-TRACE 2541 9489 O 0 0
SCHED-TRACE 2542 9489 P 63 2c5d547ad
SCHED-TRACE 2543 9490 K 42 28818cccb
SCHED-TRACE 2544 9490 P 63 2c79d9999
SCHED-TRACE 2545 9491 P 63 2c8e851eb
SCHED-TRACE 2546 9547 I 42 1f5aff
SCHED-TRACE 2547 9547 B 42 f0
SCHED-TRACE 2548 9547 P 42 2c434f5c1
SCHED-TRACE 2549 9547 R 42 2c434f5c1
SCHED-TRACE 2550 9548 U 4 1f5c3f
SCHED-TRACE 2551 9548 V 4 1f5cf9
SCHED-TRACE 2552 9548 O 0 0
SCHED-TRACE 2553 9548 P 42 2c627d709
SCHED-TRACE 2554 9549 K 33 2884b7ced
SCHED-TRACE 2555 9549 P 42 2c7ef5c28
SCHED-TRACE 2556 9550 P 42 2c93a6665
SCHED-TRACE 2557 9606 I 33 1f859a
SCHED-TRACE 2558 9606 B 33 ed
SCHED-TRACE 2559 9606 P 33 28e4e6665
SCHED-TRACE 2560 9606 R 33 28e4e6665
SCHED-TRACE 2561 9607 U 4 1f86d7
SCHED-TRACE 2562 9607 V 4 1f8791
SCHED-TRACE 2563 9607 O 0 0
SCHED-TRACE 2564 9607 P 33 28e801cab
SCHED-TRACE 2565 9608 K 69 288923d70
SCHED-TRACE 2566 9608 P 33 28eadba5d
SCHED-TRACE 2567 9609 P 33 28ecee147
SCHED-TRACE 2568 9665 I 69 1fb042
SCHED-TRACE 2569 9665 B 69 f2
SCHED-TRACE 2570 9665 P 69 2c4c66665
SCHED-TRACE 2571 9665 R 69 2c4c66665
SCHED-TRACE 2572 9666 U 4 1fb184
SCHED-TRACE 2573 9666 V 4 1fb23e
SCHED-TRACE 2574 9666 O 0 0
SCHED-TRACE 2575 9666 P 69 2c6bc28f5
SCHED-TRACE 2576 9667 K 66 28a83d709
SCHED-TRACE 2577 9667 P 69 2c884cccc
SCHED-TRACE 2578 9668 P 69 2c9d028f5
SCHED-TRACE 2579 9724 I 66 1fdaf4
SCHED-TRACE 2580 9724 B 66 f2
SCHED-TRACE 2581 9724 P 66 2c6bbd709
SCHED-TRACE 2582 9724 R 66 2c6bbd709
SCHED-TRACE 2583 9725 U 4 1fdc36
SCHED-TRACE 2584 9725 V 4 1fdcf0
SCHED-TRACE 2585 9725 O 0 0
SCHED-TRACE 2586 9725 P 66 2c8b1eb84
SCHED-TRACE 2587 9726 K 54 28a8dc28e
SCHED-TRACE 2588 9726 P 66 2ca79eb84
SCHED-TRACE 2589 9727 P 66 2cbc5eb84
SCHED-TRACE 2590 9783 I 54 2005b0
SCHED-TRACE 2591 9783 B 54 ee
SCHED-TRACE 2592 9783 P 54 2c6d23d6f
SCHED-TRACE 2593 9783 R 54 2c6d23d6f
SCHED-TRACE 2594 9784 U 4 2006f1
SCHED-TRACE 2595 9784 V 4 2007ab
SCHED-TRACE 2596 9784 O 0 0
SCHED-TRACE 2597 9784 P 54 2c8c828f5
SCHED-TRACE 2598 9785 K 57 28a8deb84
SCHED-TRACE 2599 9785 P 54 2ca907ae0
SCHED-TRACE 2600 9786 P 54 2cbdbffff
SCHED-TRACE 2601 9842 I 57 203063
SCHED-TRACE 2602 9842 B 57 f2
SCHED-TRACE 2603 9842 P 57 2c6c970a2
SCHED-TRACE 2604 9842 R 57 2c6c970a2
SCHED-TRACE 2605 9843 U 4 2031a6
SCHED-TRACE 2606 9843 V 4 203260
SCHED-TRACE 2607 9843 O 0 0
SCHED-TRACE 2608 9843 P 57 2c8c051ea
SCHED-TRACE 2609 9844 K 51 28a933332
SCHED-TRACE 2610 9844 P 57 2ca8947ad
SCHED-TRACE 2611 9845 P 57 2cbd4a3d6
SCHED-TRACE 2612 9901 I 51 205b1c
SCHED-TRACE 2613 9901 B 51 f1
SCHED-TRACE 2614 9901 P 51 2c6d1eb84
SCHED-TRACE 2615 9901 R 51 2c6d1eb84
SCHED-TRACE 2616 9902 U 4 205c5f
SCHED-TRACE 2617 9902 V 4 205d1a
SCHED-TRACE 2618 9902 O 0 0
SCHED-TRACE 2619 9902 P 51 2c8c99999
SCHED-TRACE 2620 9903 K 48 28a9a8f5b
SCHED-TRACE 2621 9903 P 51 2ca91eb84
SCHED-TRACE 2622 9904 P 51 2cbddc28e
SCHED-TRACE 2623 9960 I 48 2085d9
SCHED-TRACE 2624 9960 B 48 ec
SCHED-TRACE 2625 9960 P 48 2c6dd47ac
SCHED-TRACE 2626 9960 R 48 2c6dd47ac
SCHED-TRACE 2627 9961 U 4 208719
SCHED-TRACE 2628 9961 V 4 2087d4
SCHED-TRACE 2629 9961 O 0 0
SCHED-TRACE 2630 9961 P 48 2c8d4cccb
SCHED-TRACE 2631 9962 K 45 28aa970a2
SCHED-TRACE 2632 9962 P 48 2ca9d47ac
SCHED-TRACE 2633 9963 P 48 2cbe8cccb
SCHED-TRACE 2634 10019 I 45 20b091
SCHED-TRACE 2635 10019 B 45 f3
SCHED-TRACE 2636 10019 P 45 2c6eb3332
SCHED-TRACE 2637 10019 R 45 2c6eb3332
SCHED-TRACE 2638 10020 U 4 20b1d4
SCHED-TRACE 2639 10020 V 4 20b28e
SCHED-TRACE 2640 10020 O 0 0
SCHED-TRACE 2641 10020 P 45 2c8e33332
SCHED-TRACE 2642 10021 K 36 28b033332
SCHED-TRACE 2643 10021 P 45 2caac28f4
SCHED-TRACE 2644 10022 P 45 2cbf7851d
SCHED-TRACE 2645 10078 I 36 20db4c
SCHED-TRACE 2646 10078 B 36 f2
SCHED-TRACE 2647 10078 P 36 2c7428f5b
SCHED-TRACE 2648 10078 R 36 2c7428f5b
SCHED-TRACE 2649 10079 U 4 20dc8c
SCHED-TRACE 2650 10079 V 4 20dd47
SCHED-TRACE 2651 10079 O 0 0
SCHED-TRACE 2652 10079 P 36 2c93547ad
SCHED-TRACE 2653 10080 K 60 28b04a3d5
SCHED-TRACE 2654 10080 P 36 2cafdc28e
SCHED-TRACE 2655 10081 P 36 2cc4970a3
SCHED-TRACE 2656 10137 I 60 210604
SCHED-TRACE 2657 10137 B 60 ef
SCHED-TRACE 2658 10137 P 60 2c740cccb
SCHED-TRACE 2659 10137 R 60 2c740cccb
SCHED-TRACE 2660 10138 U 4 210743
SCHED-TRACE 2661 10138 V 4 2107fd
SCHED-TRACE 2662 10138 O 0 0
SCHED-TRACE 2663 10138 P 60 2c933fffe
SCHED-TRACE 2664 10139 K 81 28b3deb84
SCHED-TRACE 2665 10139 P 60 2cafca3d5
SCHED-TRACE 2666 10140 P 60 2cc4851ea
SCHED-TRACE 2667 10196 I 81 2130bd
SCHED-TRACE 2668 10196 B 81 f3
SCHED-TRACE 2669 10196 P 81 2c78028f5
SCHED-TRACE 2670 10196 R 81 2c78028f5
SCHED-TRACE 2671 10197 U 4 2131fe
SCHED-TRACE 2672 10197 V 4 2132b9
SCHED-TRACE 2673 10197 O 0 0
SCHED-TRACE 2674 10197 P 81 2c97547ad
SCHED-TRACE 2675 10198 K 78 28b4c51ea
SCHED-TRACE 2676 10198 P 81 2cb3e3d70
SCHED-TRACE 2677 10199 P 81 2cc899999
SCHED-TRACE 2678 10255 I 78 215b7e
SCHED-TRACE 2679 10255 B 78 f2
SCHED-TRACE 2680 10255 P 78 2c7935c28
SCHED-TRACE 2681 10255 R 78 2c7935c28
SCHED-TRACE 2682 10256 U 4 215cbf
SCHED-TRACE 2683 10256 V 4 215d7a
SCHED-TRACE 2684 10256 O 0 0
SCHED-TRACE 2685 10256 P 78 2c9875c28
SCHED-TRACE 2686 10257 K 75 28b4c51eb
SCHED-TRACE 2687 10257 P 78 2cb4fffff
SCHED-TRACE 2688 10258 P 78 2cc9bae13
SCHED-TRACE 2689 10314 I 75 218644
SCHED-TRACE 2690 10314 B 75 ee
SCHED-TRACE 2691 10314 P 75 2c797d709
SCHED-TRACE 2692 10314 R 75 2c797d709
SCHED-TRACE 2693 10315 U 4 218785
SCHED-TRACE 2694 10315 V 4 21883f
SCHED-TRACE 2695 10315 O 0 0
SCHED-TRACE 2696 10315 P 75 2c98d1eb7
SCHED-TRACE 2697 10316 K 72 28b78cccc
SCHED-TRACE 2698 10316 P 75 2cb55eb84
SCHED-TRACE 2699 10317 P 75 2cca19999
SCHED-TRACE 2700 10373 I 72 21b101
SCHED-TRACE 2701 10373 B 72 f3
SCHED-TRACE 2702 10373 P 72 2c7bb5c28
SCHED-TRACE 2703 10373 R 72 2c7bb5c28
SCHED-TRACE 2704 10374 U 4 21b243
SCHED-TRACE 2705 10374 V 4 21b2fe
SCHED-TRACE 2706 10374 O 0 0
SCHED-TRACE 2707 10374 P 72 2c9b1c28e
SCHED-TRACE 2708 10375 K 39 28bea147a
SCHED-TRACE 2709 10375 P 72 2cb7b0a3c
SCHED-TRACE 2710 10376 P 72 2ccc63d70
SCHED-TRACE 2711 10432 I 39 21dbc0
SCHED-TRACE 2712 10432 B 39 f2
SCHED-TRACE 2713 10432 P 39 2c82bae13
SCHED-TRACE 2714 10432 R 39 2c82bae13
SCHED-TRACE 2715 10433 U 4 21dd00
SCHED-TRACE 2716 10433 V 4 21ddba
SCHED-TRACE 2717 10433 O 0 0
SCHED-TRACE 2718 10433 P 39 2ca1e3d70
SCHED-TRACE 2719 10434 K 33 28ecee147
SCHED-TRACE 2720 10434 P 39 2cbe70a3c
SCHED-TRACE 2721 10435 P 39 2cd326665
SCHED-TRACE 2722 10491 I 33 22067c
SCHED-TRACE 2723 10491 B 33 ef
SCHED-TRACE 2724 10491 P 33 294d53b63
SCHED-TRACE 2725 10491 R 33 294d53b63
SCHED-TRACE 2726 10492 U 4 2207bb
SCHED-TRACE 2727 10492 V 4 220876
SCHED-TRACE 2728 10492 O 0 0
SCHED-TRACE 2729 10492 P 33 2950722d0
SCHED-TRACE 2730 10493 K 33 2950722d0
SCHED-TRACE 2731 10493 P 33 29534d0e4
SCHED-TRACE 2732 10550 I 33 2230ef
SCHED-TRACE 2733 10550 B 33 f3
SCHED-TRACE 2734 10550 P 33 29b50c8b3
SCHED-TRACE 2735 10550 R 33 29b50c8b3
SCHED-TRACE 2736 10551 U 4 22322f
SCHED-TRACE 2737 10551 V 4 2232ea
SCHED-TRACE 2738 10551 O 0 0
SCHED-TRACE 2739 10551 P 33 29b82b438
SCHED-TRACE 2740 10552 K 33 29b82b438
SCHED-TRACE 2741 10552 P 33 29bb072af
SCHED-TRACE 2742 10609 I 33 225b67
SCHED-TRACE 2743 10609 B 33 f2
SCHED-TRACE 2744 10609 P 33 2a1ccbc6a
SCHED-TRACE 2745 10609 R 33 2a1ccbc6a
SCHED-TRACE 2746 10610 U 4 225ca7
SCHED-TRACE 2747 10610 V 4 225d61
SCHED-TRACE 2748 10610 O 0 0
SCHED-TRACE 2749 10610 P 33 2a1fe8b43
SCHED-TRACE 2750 10611 K 33 2a1fe8b43
SCHED-TRACE 2751 10611 P 33 2a22c3126
SCHED-TRACE 2752 10668 I 33 2285df
SCHED-TRACE 2753 10668 B 33 ed
SCHED-TRACE 2754 10668 P 33 2a848a3d6
SCHED-TRACE 2755 10668 R 33 2a848a3d6
SCHED-TRACE 2756 10669 U 4 22871c
SCHED-TRACE 2757 10669 V 4 2287d7
SCHED-TRACE 2758 10669 O 0 0
SCHED-TRACE 2759 10669 P 33 2a87a7ae0
SCHED-TRACE 2760 10670 K 33 2a87a7ae0
SCHED-TRACE 2761 10670 P 33 2a8a828f5
SCHED-TRACE 2762 10727 I 33 22b04f
SCHED-TRACE 2763 10727 B 33 f3
SCHED-TRACE 2764 10727 P 33 2aec3f7ce
SCHED-TRACE 2765 10727 R 33 2aec3f7ce
SCHED-TRACE 2766 10728 U 4 22b18f
SCHED-TRACE 2767 10728 V 4 22b24a
SCHED-TRACE 2768 10728 O 0 0
SCHED-TRACE 2769 10728 P 33 2aef5eb84
SCHED-TRACE 2770 10729 K 33 2aef5eb84
SCHED-TRACE 2771 10729 P 33 2af23a9fb
SCHED-TRACE 2772 10786 I 33 22dac5
SCHED-TRACE 2773 10786 B 33 f3
SCHED-TRACE 2774 10786 P 33 2b53fb645
SCHED-TRACE 2775 10786 R 33 2b53fb645
SCHED-TRACE 2776 10787 U 4 22dc05
SCHED-TRACE 2777 10787 V 4 22dcc0
SCHED-TRACE 2778 10787 O 0 0
SCHED-TRACE 2779 10787 P 33 2b5719db1
SCHED-TRACE 2780 10788 K 33 2b5719db1
SCHED-TRACE 2781 10788 P 33 2b59f3b63
SCHED-TRACE 2782 10845 I 33 230541
SCHED-TRACE 2783 10845 B 33 ef
SCHED-TRACE 2784 10845 P 33 2bbbbf7ce
SCHED-TRACE 2785 10845 R 33 2bbbbf7ce
SCHED-TRACE 2786 10846 U 4 23067f
SCHED-TRACE 2787 10846 V 4 230739
SCHED-TRACE 2788 10846 O 0 0
SCHED-TRACE 2789 10846 P 33 2bbedd709
SCHED-TRACE 2790 10847 K 33 2bbedd709
SCHED-TRACE 2791 10847 P 33 2bc1b8d4f
SCHED-TRACE 2792 10904 I 33 232fb8
SCHED-TRACE 2793 10904 B 33 f3
SCHED-TRACE 2794 10904 P 33 2c23820c4
SCHED-TRACE 2795 10904 R 33 2c23820c4
SCHED-TRACE 2796 10905 U 4 2330f8
SCHED-TRACE 2797 10905 V 4 2331b3
SCHED-TRACE 2798 10905 O 0 0
SCHED-TRACE 2799 10905 P 33 2c26a0830
SCHED-TRACE 2800 10906 K 33 2c26a0830
SCHED-TRACE 2801 10906 P 33 2c297c6a7
SCHED-TRACE 2802 10963 I 33 235a34
SCHED-TRACE 2803 10963 B 33 f2
SCHED-TRACE 2804 10963 P 33 2c8b4ac07
SCHED-TRACE 2805 10963 R 33 2c8b4ac07
SCHED-TRACE 2806 10964 U 4 235b75
SCHED-TRACE 2807 10964 V 4 235c30
SCHED-TRACE 2808 10964 O 0 0
SCHED-TRACE 2809 10964 P 33 2c8e6b020
SCHED-TRACE 2810 10965 K 33 2c8e6b020
SCHED-TRACE 2811 10965 P 33 2c9144dd2
SCHED-TRACE 2812 11022 I 33 2384bc
SCHED-TRACE 2813 11022 B 33 ee
SCHED-TRACE 2814 11022 P 33 2cf32624d
SCHED-TRACE 2815 11022 R 33 2cf32624d
SCHED-TRACE 2816 11023 U 4 2385fa
SCHED-TRACE 2817 11023 V 4 2386b3
SCHED-TRACE 2818 11023 O 0 0
SCHED-TRACE 2819 11023 P 33 2cf640418
SCHED-TRACE 2820 11024 K 63 2c8e851eb
SCHED-TRACE 2821 11024 P 33 2cf91ba5d
SCHED-TRACE 2822 11025 P 33 2cfb2e978
SCHED-TRACE 2823 11081 I 63 23af83
SCHED-TRACE 2824 11081 B 63 f3
SCHED-TRACE 2825 11081 P 63 3053c7ae0
SCHED-TRACE 2826 11081 R 63 3053c7ae0
SCHED-TRACE 2827 11082 U 4 23b0c5
SCHED-TRACE 2828 11082 V 4 23b180
SCHED-TRACE 2829 11082 O 0 0
SCHED-TRACE 2830 11082 P 63 30733d709
SCHED-TRACE 2831 11083 K 42 2c93a6665
SCHED-TRACE 2832 11083 P 63 308fd9999
SCHED-TRACE 2833 11084 P 63 30a4970a3
SCHED-TRACE 2834 11140 I 42 23da53
SCHED-TRACE 2835 11140 B 42 f3
SCHED-TRACE 2836 11140 P 42 3059051ea
SCHED-TRACE 2837 11140 R 42 3059051ea
SCHED-TRACE 2838 11141 U 4 23db95
SCHED-TRACE 2839 11141 V 4 23dc50
SCHED-TRACE 2840 11141 O 0 0
SCHED-TRACE 2841 11141 P 42 30786e146
SCHED-TRACE 2842 11142 K 69 2c9d028f5
SCHED-TRACE 2843 11142 P 42 3094f5c28
SCHED-TRACE 2844 11143 P 42 30a9b5c28
SCHED-TRACE 2845 11199 I 69 24052b
SCHED-TRACE 2846 11199 B 69 ef
SCHED-TRACE 2847 11199 P 69 3062e147a
SCHED-TRACE 2848 11199 R 69 3062e147a
SCHED-TRACE 2849 11200 U 4 24066c
SCHED-TRACE 2850 11200 V 4 240726
SCHED-TRACE 2851 11200 O 0 0
SCHED-TRACE 2852 11200 P 69 308251eb7
SCHED-TRACE 2853 11201 K 66 2cbc5eb84
SCHED-TRACE 2854 11201 P 69 309ee6665
SCHED-TRACE 2855 11202 P 69 30b3a147a
SCHED-TRACE 2856 11258 I 66 242ffc
SCHED-TRACE 2857 11258 B 66 f2
SCHED-TRACE 2858 11258 P 66 3081fae14
SCHED-TRACE 2859 11258 R 66 3081fae14
SCHED-TRACE 2860 11259 U 4 24313e
SCHED-TRACE 2861 11259 V 4 2431f9
SCHED-TRACE 2862 11259 O 0 0
SCHED-TRACE 2863 11259 P 66 30a170a3d
SCHED-TRACE 2864 11260 K 57 2cbd4a3d6
SCHED-TRACE 2865 11260 P 66 30be0f5c2
SCHED-TRACE 2866 11261 P 66 30d2d1eb7
SCHED-TRACE 2867 11317 I 57 245ad5
SCHED-TRACE 2868 11317 B 57 f3
SCHED-TRACE 2869 11317 P 57 30834a3d6
SCHED-TRACE 2870 11317 R 57 30834a3d6
SCHED-TRACE 2871 11318 U 4 245c18
SCHED-TRACE 2872 11318 V 4 245cd4
SCHED-TRACE 2873 11318 O 0 0
SCHED-TRACE 2874 11318 P 57 30a2ccccb
SCHED-TRACE 2875 11319 K 54 2cbdbffff
SCHED-TRACE 2876 11319 P 57 30bf5c28e
SCHED-TRACE 2877 11320 P 57 30d41eb84
SCHED-TRACE 2878 11376 I 54 2485b6
SCHED-TRACE 2879 11376 B 54 ee
SCHED-TRACE 2880 11376 P 54 308426665
SCHED-TRACE 2881 11376 R 54 308426665
SCHED-TRACE 2882 11377 U 4 2486f6
SCHED-TRACE 2883 11377 V 4 2487b1
SCHED-TRACE 2884 11377 O 0 0
SCHED-TRACE 2885 11377 P 54 30a39c28e
SCHED-TRACE 2886 11378 K 51 2cbddc28e
SCHED-TRACE 2887 11378 P 54 30c030a3c
SCHED-TRACE 2888 11379 P 54 30d4ee147
SCHED-TRACE 2889 11435 I 51 24b085
SCHED-TRACE 2890 11435 B 51 f4
SCHED-TRACE 2891 11435 P 51 308375c28
SCHED-TRACE 2892 11435 R 51 308375c28
SCHED-TRACE 2893 11436 U 4 24b1c8
SCHED-TRACE 2894 11436 V 4 24b283
SCHED-TRACE 2895 11436 O 0 0
SCHED-TRACE 2896 11436 P 51 30a307ae0
SCHED-TRACE 2897 11437 K 48 2cbe8cccb
SCHED-TRACE 2898 11437 P 51 30bfa6666
SCHED-TRACE 2899 11438 P 51 30d46147a
SCHED-TRACE 2900 11494 I 48 24db5b
SCHED-TRACE 2901 11494 B 48 f3
SCHED-TRACE 2902 11494 P 48 308461479
SCHED-TRACE 2903 11494 R 48 308461479
SCHED-TRACE 2904 11495 U 4 24dc9e
SCHED-TRACE 2905 11495 V 4 24dd59
SCHED-TRACE 2906 11495 O 0 0
SCHED-TRACE 2907 11495 P 48 30a3e6665
SCHED-TRACE 2908 11496 K 45 2cbf7851d
SCHED-TRACE 2909 11496 P 48 30c07ae13
SCHED-TRACE 2910 11497 P 48 30d53d709
SCHED-TRACE 2911 11553 I 45 250637
SCHED-TRACE 2912 11553 B 45 ef
SCHED-TRACE 2913 11553 P 45 3085bae13
SCHED-TRACE 2914 11553 R 45 3085bae13
SCHED-TRACE 2915 11554 U 4 25077a
SCHED-TRACE 2916 11554 V 4 250835
SCHED-TRACE 2917 11554 O 0 0
SCHED-TRACE 2918 11554 P 45 30a54f5c1
SCHED-TRACE 2919 11555 K 60 2cc4851ea
SCHED-TRACE 2920 11555 P 45 30c1e6665
SCHED-TRACE 2921 11556 P 45 30d6a6665
SCHED-TRACE 2922 11612 I 60 25310f
SCHED-TRACE 2923 11612 B 60 f4
SCHED-TRACE 2924 11612 P 60 308a70a3c
SCHED-TRACE 2925 11612 R 60 308a70a3c
SCHED-TRACE 2926 11613 U 4 253250
SCHED-TRACE 2927 11613 V 4 25330c
SCHED-TRACE 2928 11613 O 0 0
SCHED-TRACE 2929 11613 P 60 30a9ccccb
SCHED-TRACE 2930 11614 K 36 2cc4970a3
SCHED-TRACE 2931 11614 P 60 30c673332
SCHED-TRACE 2932 11615 P 60 30db30a3c
SCHED-TRACE 2933 11671 I 36 255bee
SCHED-TRACE 2934 11671 B 36 f2
SCHED-TRACE 2935 11671 P 36 308b35c28
SCHED-TRACE 2936 11671 R 36 308b35c28
SCHED-TRACE 2937 11672 U 4 255d30
SCHED-TRACE 2938 11672 V 4 255deb
SCHED-TRACE 2939 11672 O 0 0
SCHED-TRACE 2940 11672 P 36 30aa851ea
SCHED-TRACE 2941 11673 K 81 2cc899999
SCHED-TRACE 2942 11673 P 36 30c726665
SCHED-TRACE 2943 11674 P 36 30dbee146
SCHED-TRACE 2944 11730 I 81 2586d0
SCHED-TRACE 2945 11730 B 81 f2
SCHED-TRACE 2946 11730 P 81 308f70a3d
SCHED-TRACE 2947 11730 R 81 308f70a3d
SCHED-TRACE 2948 11731 U 4 258812
SCHED-TRACE 2949 11731 V 4 2588cd
SCHED-TRACE 2950 11731 O 0 0
SCHED-TRACE 2951 11731 P 81 30aed1eb7
SCHED-TRACE 2952 11732 K 78 2cc9bae13
SCHED-TRACE 2953 11732 P 81 30cb6e147
SCHED-TRACE 2954 11733 P 81 30e033332
SCHED-TRACE 2955 11789 I 78 25b1ae
SCHED-TRACE 2956 11789 B 78 f4
SCHED-TRACE 2957 11789 P 78 309051eb7
SCHED-TRACE 2958 11789 R 78 309051eb7
SCHED-TRACE 2959 11790 U 4 25b2f0
SCHED-TRACE 2960 11790 V 4 25b3ab
SCHED-TRACE 2961 11790 O 0 0
SCHED-TRACE 2962 11790 P 78 30afca3d6
SCHED-TRACE 2963 11791 K 75 2cca19999
SCHED-TRACE 2964 11791 P 78 30cc5c28e
SCHED-TRACE 2965 11792 P 78 30e11c28e
SCHED-TRACE 2966 11848 I 75 25dc91
SCHED-TRACE 2967 11848 B 75 f3
SCHED-TRACE 2968 11848 P 75 3090ee147
SCHED-TRACE 2969 11848 R 75 3090ee147
SCHED-TRACE 2970 11849 U 4 25ddd3
SCHED-TRACE 2971 11849 V 4 25de8e
SCHED-TRACE 2972 11849 O 0 0
SCHED-TRACE 2973 11849 P 75 30b06147a
SCHED-TRACE 2974 11850 K 72 2ccc63d70
SCHED-TRACE 2975 11850 P 75 30cd051eb
SCHED-TRACE 2976 11851 P 75 30e1ca3d6
SCHED-TRACE 2977 11907 I 72 260778
SCHED-TRACE 2978 11907 B 72 f4
SCHED-TRACE 2979 11907 P 72 30939c28e
SCHED-TRACE 2980 11907 R 72 30939c28e
SCHED-TRACE 2981 11908 U 4 2608ba
SCHED-TRACE 2982 11908 V 4 260975
SCHED-TRACE 2983 11908 O 0 0
SCHED-TRACE 2984 11908 P 72 30b30a3d6
SCHED-TRACE 2985 11909 K 39 2cd326665
SCHED-TRACE 2986 11909 P 72 30cfa8f5b
SCHED-TRACE 2987 11910 P 72 30e46e147
SCHED-TRACE 2988 11966 I 39 26325b
SCHED-TRACE 2989 11966 B 39 f2
SCHED-TRACE 2990 11966 P 39 3099fae13
SCHED-TRACE 2991 11966 R 39 3099fae13
SCHED-TRACE 2992 11967 U 4 26339d
SCHED-TRACE 2993 11967 V 4 263459
SCHED-TRACE 2994 11967 O 0 0
SCHED-TRACE 2995 11967 P 39 30b96147a
SCHED-TRACE 2996 11968 K 33 2cfb2e978
SCHED-TRACE 2997 11968 P 39 30d5fae13
SCHED-TRACE 2998 11969 P 39 30eabffff
SCHED-TRACE 2999 12025 I 33 265d40
SCHED-TRACE 3000 12025 B 33 f4
SCHED-TRACE 3001 12025 P 33 2d5bdeb84
SCHED-TRACE 3002 12025 R 33 2d5bdeb84
SCHED-TRACE 3003 12026 U 4 265e81
SCHED-TRACE 3004 12026 V 4 265f3c
SCHED-TRACE 3005 12026 O 0 0
SCHED-TRACE 3006 12026 P 33 2d5f0147a
SCHED-TRACE 3007 12027 K 33 2d5f0147a
SCHED-TRACE 3008 12027 P 33 2d61def9d
SCHED-TRACE 3009 12084 I 33 2687dd
SCHED-TRACE 3010 12084 B 33 f2
SCHED-TRACE 3011 12084 P 33 2dc3ed916
SCHED-TRACE 3012 12084 R 33 2dc3ed916
SCHED-TRACE 3013 12085 U 4 26891d
SCHED-TRACE 3014 12085 V 4 2689d8
SCHED-TRACE 3015 12085 O 0 0
SCHED-TRACE 3016 12085 P 33 2dc70c8b3
SCHED-TRACE 3017 12086 K 33 2dc70c8b3
SCHED-TRACE 3018 12086 P 33 2dc9e9374
SCHED-TRACE 3019 12143 I 33 26b26c
SCHED-TRACE 3020 12143 B 33 f2
SCHED-TRACE 3021 12143 P 33 2e2be1cab
SCHED-TRACE 3022 12143 R 33 2e2be1cab
SCHED-TRACE 3023 12144 U 4 26b3ad
SCHED-TRACE 3024 12144 V 4 26b468
SCHED-TRACE 3025 12144 O 0 0
SCHED-TRACE 3026 12144 P 33 2e2f03d70
SCHED-TRACE 3027 12145 K 33 2e2f03d70
SCHED-TRACE 3028 12145 P 33 2e31dfbe6
SCHED-TRACE 3029 12202 I 33 26dd01
SCHED-TRACE 3030 12202 B 33 f4
SCHED-TRACE 3031 12202 P 33 2e93e0c49
SCHED-TRACE 3032 12202 R 33 2e93e0c49
SCHED-TRACE 3033 12203 U 4 26de42
SCHED-TRACE 3034 12203 V 4 26defd
SCHED-TRACE 3035 12203 O 0 0
SCHED-TRACE 3036 12203 P 33 2e970353f
SCHED-TRACE 3037 12204 K 33 2e970353f
SCHED-TRACE 3038 12204 P 33 2e99e1061
SCHED-TRACE 3039 12261 I 33 27079a
SCHED-TRACE 3040 12261 B 33 f3
SCHED-TRACE 3041 12261 P 33 2efbe7ef9
SCHED-TRACE 3042 12261 R 33 2efbe7ef9
SCHED-TRACE 3043 12262 U 4 2708db
SCHED-TRACE 3044 12262 V 4 270996
SCHED-TRACE 3045 12262 O 0 0
SCHED-TRACE 3046 12262 P 33 2eff07ae0
SCHED-TRACE 3047 12263 K 33 2eff07ae0
SCHED-TRACE 3048 12263 P 33 2f01e49b9
SCHED-TRACE 3049 12320 I 33 27322f
SCHED-TRACE 3050 12320 B 33 f2
SCHED-TRACE 3051 12320 P 33 2f63e6665
SCHED-TRACE 3052 12320 R 33 2f63e6665
SCHED-TRACE 3053 12321 U 4 273370
SCHED-TRACE 3054 12321 V 4 27342b
SCHED-TRACE 3055 12321 O 0 0
SCHED-TRACE 3056 12321 P 33 2f670872a
SCHED-TRACE 3057 12322 K 33 2f670872a
SCHED-TRACE 3058 12322 P 33 2f69e49b9
SCHED-TRACE 3059 12379 I 33 275cca
SCHED-TRACE 3060 12379 B 33 f4
SCHED-TRACE 3061 12379 P 33 2fcbefdf3
SCHED-TRACE 3062 12379 R 33 2fcbefdf3
SCHED-TRACE 3063 12380 U 4 275e0b
SCHED-TRACE 3064 12380 V 4 275ec6
SCHED-TRACE 3065 12380 O 0 0
SCHED-TRACE 3066 12380 P 33 2fcf10a3c
SCHED-TRACE 3067 12381 K 33 2fcf10a3c
SCHED-TRACE 3068 12381 P 33 2fd1ee147
SCHED-TRACE 3069 12438 I 33 278767
SCHED-TRACE 3070 12438 B 33 f3
SCHED-TRACE 3071 12438 P 33 3033fbe76
SCHED-TRACE 3072 12438 R 33 3033fbe76
SCHED-TRACE 3073 12439 U 4 2788a7
SCHED-TRACE 3074 12439 V 4 278962
SCHED-TRACE 3075 12439 O 0 0
SCHED-TRACE 3076 12439 P 33 30371a5e2
SCHED-TRACE 3077 12440 K 33 30371a5e2
SCHED-TRACE 3078 12440 P 33 3039f6459
SCHED-TRACE 3079 12497 I 33 27b1ec
SCHED-TRACE 3080 12497 B 33 f2
SCHED-TRACE 3081 12497 P 33 309bd22d0
SCHED-TRACE 3082 12497 R 33 309bd22d0
SCHED-TRACE 3083 12498 U 4 27b32c
SCHED-TRACE 3084 12498 V 4 27b3e8
SCHED-TRACE 3085 12498 O 0 0
SCHED-TRACE 3086 12498 P 33 309ef2f1a
SCHED-TRACE 3087 12499 K 33 309ef2f1a
SCHED-TRACE 3088 12499 P 33 30a1ce147
SCHED-TRACE 3089 12556 I 33 27dc78
SCHED-TRACE 3090 12556 B 33 f3
SCHED-TRACE 3091 12556 P 33 3103b3b63
SCHED-TRACE 3092 12556 R 33 3103b3b63
SCHED-TRACE 3093 12557 U 4 27ddb9
SCHED-TRACE 3094 12557 V 4 27de74
SCHED-TRACE 3095 12557 O 0 0
SCHED-TRACE 3096 12557 P 33 3106d4bc6
SCHED-TRACE 3097 12558 K 63 30a4970a3
SCHED-TRACE 3098 12558 P 33 3109b1686
SCHED-TRACE 3099 12559 P 33 310bc4dd2
SCHED-TRACE 3100 12615 I 63 280759
SCHED-TRACE 3101 12615 B 63 f4
SCHED-TRACE 3102 12615 P 63 346b3ffff
SCHED-TRACE 3103 12615 R 63 346b3ffff
SCHED-TRACE 3104 12616 U 4 28089c
SCHED-TRACE 3105 12616 V 4 280957
SCHED-TRACE 3106 12616 O 0 0
SCHED-TRACE 3107 12616 P 63 348abae14
SCHED-TRACE 3108 12617 K 42 30a9b5c28
SCHED-TRACE 3109 12617 P 63 34a751eb7
SCHED-TRACE 3110 12618 P 63 34bc0f5c2
SCHED-TRACE 3111 12674 I 42 283237
SCHED-TRACE 3112 12674 B 42 f2
SCHED-TRACE 3113 12674 P 42 346fdeb84
SCHED-TRACE 3114 12674 R 42 346fdeb84
SCHED-TRACE 3115 12675 U 4 283379
SCHED-TRACE 3116 12675 V 4 283434
SCHED-TRACE 3117 12675 O 0 0
SCHED-TRACE 3118 12675 P 42 348f4a3d6
SCHED-TRACE 3119 12676 K 69 30b3a147a
SCHED-TRACE 3120 12676 P 42 34abdc28e
SCHED-TRACE 3121 12677 P 42 34c09eb84
SCHED-TRACE 3122 12733 I 69 285d1b
SCHED-TRACE 3123 12733 B 69 f3
SCHED-TRACE 3124 12733 P 69 347a3ffff
SCHED-TRACE 3125 12733 R 69 347a3ffff
SCHED-TRACE 3126 12734 U 4 285e5d
SCHED-TRACE 3127 12734 V 4 285f19
SCHED-TRACE 3128 12734 O 0 0
SCHED-TRACE 3129 12734 P 69 3499cf5c1
SCHED-TRACE 3130 12735 K 66 30d2d1eb7
SCHED-TRACE 3131 12735 P 69 34b673332
SCHED-TRACE 3132 12736 P 69 34cb33332
SCHED-TRACE 3133 12792 I 66 2887fe
SCHED-TRACE 3134 12792 B 66 f3
SCHED-TRACE 3135 12792 P 66 3499570a3
SCHED-TRACE 3136 12792 R 66 3499570a3
SCHED-TRACE 3137 12793 U 4 288941
SCHED-TRACE 3138 12793 V 4 2889fc
SCHED-TRACE 3139 12793 O 0 0
SCHED-TRACE 3140 12793 P 66 34b8bffff
SCHED-TRACE 3141 12794 K 57 30d41eb84
SCHED-TRACE 3142 12794 P 66 34d5570a3
SCHED-TRACE 3143 12795 P 66 34ea170a3
SCHED-TRACE 3144 12851 I 57 28b2d5
SCHED-TRACE 3145 12851 B 57 f3
SCHED-TRACE 3146 12851 P 57 3499ee146
SCHED-TRACE 3147 12851 R 57 3499ee146
SCHED-TRACE 3148 12852 U 4 28b419
SCHED-TRACE 3149 12852 V 4 28b4d4
SCHED-TRACE 3150 12852 O 0 0
SCHED-TRACE 3151 12852 P 57 34b973332
SCHED-TRACE 3152 12853 K 51 30d46147a
SCHED-TRACE 3153 12853 P 57 34d60f5c1
SCHED-TRACE 3154 12854 P 57 34eacf5c1
SCHED-TRACE 3155 12910 I 51 28ddb6
SCHED-TRACE 3156 12910 B 51 f5
SCHED-TRACE 3157 12910 P 51 349adeb84
SCHED-TRACE 3158 12910 R 51 349adeb84
SCHED-TRACE 3159 12911 U 4 28defa
SCHED-TRACE 3160 12911 V 4 28dfb5
SCHED-TRACE 3161 12911 O 0 0
SCHED-TRACE 3162 12911 P 51 34ba7ae14
SCHED-TRACE 3163 12912 K 54 30d4ee147
SCHED-TRACE 3164 12912 P 51 34d711eb7
SCHED-TRACE 3165 12913 P 51 34ebd1eb7
SCHED-TRACE 3166 12969 I 54 290898
SCHED-TRACE 3167 12969 B 54 f3
SCHED-TRACE 3168 12969 P 54 349b4a3d6
SCHED-TRACE 3169 12969 R 54 349b4a3d6
SCHED-TRACE 3170 12970 U 4 2909da
SCHED-TRACE 3171 12970 V 4 290a96
SCHED-TRACE 3172 12970 O 0 0
SCHED-TRACE 3173 12970 P 54 34bad1eb7
SCHED-TRACE 3174 12971 K 48 30d53d709
SCHED-TRACE 3175 12971 P 54 34d76e147
SCHED-TRACE 3176 12972 P 54 34ec28f5b
SCHED-TRACE 3177 13028 I 48 293376
SCHED-TRACE 3178 13028 B 48 f4
SCHED-TRACE 3179 13028 P 48 349b828f4
SCHED-TRACE 3180 13028 R 48 349b828f4
SCHED-TRACE 3181 13029 U 4 2934ba
SCHED-TRACE 3182 13029 V 4 293575
SCHED-TRACE 3183 13029 O 0 0
SCHED-TRACE 3184 13029 P 48 34bb051ea
SCHED-TRACE 3185 13030 K 45 30d6a6665
SCHED-TRACE 3186 13030 P 48 34d7a3d6f
SCHED-TRACE 3187 13031 P 48 34ec63d6f
SCHED-TRACE 3188 13087 I 45 295e5b
SCHED-TRACE 3189 13087 B 45 f5
SCHED-TRACE 3190 13087 P 45 349d3ae13
SCHED-TRACE 3191 13087 R 45 349d3ae13
SCHED-TRACE 3192 13088 U 4 295f9f
SCHED-TRACE 3193 13088 V 4 29605b
SCHED-TRACE 3194 13088 O 0 0
SCHED-TRACE 3195 13088 P 45 34bcdeb84
SCHED-TRACE 3196 13089 K 60 30db30a3c
SCHED-TRACE 3197 13089 P 45 34d97851d
SCHED-TRACE 3198 13090 P 45 34ee3851d
SCHED-TRACE 3199 13146 I 60 29893f
SCHED-TRACE 3200 13146 B 60 f3
SCHED-TRACE 3201 13146 P 60 34a187ae0
SCHED-TRACE 3202 13146 R 60 34a187ae0
SCHED-TRACE 3203 13147 U 4 298a7f
SCHED-TRACE 3204 13147 V 4 298b3b
SCHED-TRACE 3205 13147 O 0 0
SCHED-TRACE 3206 13147 P 60 34c0e1479
SCHED-TRACE 3207 13148 K 36 30dbee146
SCHED-TRACE 3208 13148 P 60 34dd7fffe
SCHED-TRACE 3209 13149 P 60 34f23851d
SCHED-TRACE 3210 13205 I 36 29b41c
SCHED-TRACE 3211 13205 B 36 f5
SCHED-TRACE 3212 13205 P 36 34a23ae13
SCHED-TRACE 3213 13205 R 36 34a23ae13
SCHED-TRACE 3214 13206 U 4 29b55e
SCHED-TRACE 3215 13206 V 4 29b619
SCHED-TRACE 3216 13206 O 0 0
SCHED-TRACE 3217 13206 P 36 34c17ffff
SCHED-TRACE 3218 13207 K 81 30e033332
SCHED-TRACE 3219 13207 P 36 34de19998
SCHED-TRACE 3220 13208 P 36 34f2dc28e
SCHED-TRACE 3221 13264 I 81 29deff
SCHED-TRACE 3222 13264 B 81 f1
SCHED-TRACE 3223 13264 P 81 34a6c51eb
SCHED-TRACE 3224 13264 R 81 34a6c51eb
SCHED-TRACE 3225 13265 U 4 29e041
SCHED-TRACE 3226 13265 V 4 29e0fd
SCHED-TRACE 3227 13265 O 0 0
SCHED-TRACE 3228 13265 P 81 34c63851e
SCHED-TRACE 3229 13266 K 78 30e11c28e
SCHED-TRACE 3230 13266 P 81 34e2d9999
SCHED-TRACE 3231 13267 P 81 34f79c28e
SCHED-TRACE 3232 13323 I 78 2a09e6
SCHED-TRACE 3233 13323 B 78 f4
SCHED-TRACE 3234 13323 P 78 34a7cf5c1
SCHED-TRACE 3235 13323 R 78 34a7cf5c1
SCHED-TRACE 3236 13324 U 4 2a0b28
SCHED-TRACE 3237 13324 V 4 2a0be3
SCHED-TRACE 3238 13324 O 0 0
SCHED-TRACE 3239 13324 P 78 34c7428f5
SCHED-TRACE 3240 13325 K 75 30e1ca3d6
SCHED-TRACE 3241 13325 P 78 34e3d70a3
SCHED-TRACE 3242 13326 P 78 34f891eb7
SCHED-TRACE 3243 13382 I 75 2a34cc
SCHED-TRACE 3244 13382 B 75 f4
SCHED-TRACE 3245 13382 P 75 34a87ffff
SCHED-TRACE 3246 13382 R 75 34a87ffff
SCHED-TRACE 3247 13383 U 4 2a360d
SCHED-TRACE 3248 13383 V 4 2a36c9
SCHED-TRACE 3249 13383 O 0 0
SCHED-TRACE 3250 13383 P 75 34c7eb851
SCHED-TRACE 3251 13384 K 72 30e46e147
SCHED-TRACE 3252 13384 P 75 34e4851eb
SCHED-TRACE 3253 13385 P 75 34f9451eb
SCHED-TRACE 3254 13441 I 72 2a5fb6
SCHED-TRACE 3255 13441 B 72 f2
SCHED-TRACE 3256 13441 P 72 34ab73332
SCHED-TRACE 3257 13441 R 72 34ab73332
SCHED-TRACE 3258 13442 U 4 2a60f9
SCHED-TRACE 3259 13442 V 4 2a61b5
SCHED-TRACE 3260 13442 O 0 0
SCHED-TRACE 3261 13442 P 72 34caf0a3c
SCHED-TRACE 3262 13443 K 39 30eabffff
SCHED-TRACE 3263 13443 P 72 34e7947ad
SCHED-TRACE 3264 13444 P 72 34fc547ad
SCHED-TRACE 3265 13500 I 39 2a8a9b
SCHED-TRACE 3266 13500 B 39 f3
SCHED-TRACE 3267 13500 P 39 34b135c28
SCHED-TRACE 3268 13500 R 39 34b135c28
SCHED-TRACE 3269 13501 U 4 2a8bdc
SCHED-TRACE 3270 13501 V 4 2a8c97
SCHED-TRACE 3271 13501 O 0 0
SCHED-TRACE 3272 13501 P 39 34d07d709
SCHED-TRACE 3273 13502 K 33 310bc4dd2
SCHED-TRACE 3274 13502 P 39 34ed0f5c2
SCHED-TRACE 3275 13503 P 39 3501c7ae0
SCHED-TRACE 3276 13559 I 33 2ab569
SCHED-TRACE 3277 13559 B 33 f4
SCHED-TRACE 3278 13559 P 33 316c44dd2
SCHED-TRACE 3279 13559 R 33 316c44dd2
SCHED-TRACE 3280 13560 U 4 2ab6a8
SCHED-TRACE 3281 13560 V 4 2ab764
SCHED-TRACE 3282 13560 O 0 0
SCHED-TRACE 3283 13560 P 33 316f65603
SCHED-TRACE 3284 13561 K 33 316f65603
SCHED-TRACE 3285 13561 P 33 317241cab
SCHED-TRACE 3286 13618 I 33 2adff3
SCHED-TRACE 3287 13618 B 33 f5
SCHED-TRACE 3288 13618 P 33 31d4272af
SCHED-TRACE 3289 13618 R 33 31d4272af
SCHED-TRACE 3290 13619 U 4 2ae134
SCHED-TRACE 3291 13619 V 4 2ae1ef
SCHED-TRACE 3292 13619 O 0 0
SCHED-TRACE 3293 13619 P 33 31d747ae0
SCHED-TRACE 3294 13620 K 33 31d747ae0
SCHED-TRACE 3295 13620 P 33 31da24dd2
SCHED-TRACE 3296 13677 I 33 2b0a82
SCHED-TRACE 3297 13677 B 33 f4
SCHED-TRACE 3298 13677 P 33 323c0f5c2
SCHED-TRACE 3299 13677 R 33 323c0f5c2
SCHED-TRACE 3300 13678 U 4 2b0bc2
SCHED-TRACE 3301 13678 V 4 2b0c7e
SCHED-TRACE 3302 13678 O 0 0
SCHED-TRACE 3303 13678 P 33 323f3020b
SCHED-TRACE 3304 13679 K 33 323f3020b
SCHED-TRACE 3305 13679 P 33 32420bc6a
SCHED-TRACE 3306 13736 I 33 2b3511
SCHED-TRACE 3307 13736 B 33 f4
SCHED-TRACE 3308 13736 P 33 32a3f8105
SCHED-TRACE 3309 13736 R 33 32a3f8105
SCHED-TRACE 3310 13737 U 4 2b3651
SCHED-TRACE 3311 13737 V 4 2b370d
SCHED-TRACE 3312 13737 O 0 0
SCHED-TRACE 3313 13737 P 33 32a719999
SCHED-TRACE 3314 13738 K 33 32a719999
SCHED-TRACE 3315 13738 P 33 32a9f6459
SCHED-TRACE 3316 13795 I 33 2b5fa5
SCHED-TRACE 3317 13795 B 33 f0
SCHED-TRACE 3318 13795 P 33 330be872a
SCHED-TRACE 3319 13795 R 33 330be872a
SCHED-TRACE 3320 13796 U 4 2b60e5
SCHED-TRACE 3321 13796 V 4 2b61a1
SCHED-TRACE 3322 13796 O 0 0
SCHED-TRACE 3323 13796 P 33 330f09374
SCHED-TRACE 3324 13797 K 33 330f09374
SCHED-TRACE 3325 13797 P 33 3311e624d
SCHED-TRACE 3326 13854 I 33 2b8a38
SCHED-TRACE 3327 13854 B 33 f4
SCHED-TRACE 3328 13854 P 33 3373d6041
SCHED-TRACE 3329 13854 R 33 3373d6041
SCHED-TRACE 3330 13855 U 4 2b8b79
SCHED-TRACE 3331 13855 V 4 2b8c34
SCHED-TRACE 3332 13855 O 0 0
SCHED-TRACE 3333 13855 P 33 3376f6c8a
SCHED-TRACE 3334 13856 K 33 3376f6c8a
SCHED-TRACE 3335 13856 P 33 3379d26e8
SCHED-TRACE 3336 13913 I 33 2bb4c6
SCHED-TRACE 3337 13913 B 33 f4
SCHED-TRACE 3338 13913 P 33 33dbbc28e
SCHED-TRACE 3339 13913 R 33 33dbbc28e
SCHED-TRACE 3340 13914 U 4 2bb606
SCHED-TRACE 3341 13914 V 4 2bb6c1
SCHED-TRACE 3342 13914 O 0 0
SCHED-TRACE 3343 13914 P 33 33dedb645
SCHED-TRACE 3344 13915 K 33 33dedb645
SCHED-TRACE 3345 13915 P 33 33e1b78d4
SCHED-TRACE 3346 13972 I 33 2bdf56
SCHED-TRACE 3347 13972 B 33 f2
SCHED-TRACE 3348 13972 P 33 3443a624d
SCHED-TRACE 3349 13972 R 33 3443a624d
SCHED-TRACE 3350 13973 U 4 2be097
SCHED-TRACE 3351 13973 V 4 2be152
SCHED-TRACE 3352 13973 O 0 0
SCHED-TRACE 3353 13973 P 33 3446c6a7e
SCHED-TRACE 3354 13974 K 33 3446c6a7e
SCHED-TRACE 3355 13974 P 33 3449a4188
SCHED-TRACE 3356 14031 I 33 2c09ec
SCHED-TRACE 3357 14031 B 33 f5
SCHED-TRACE 3358 14031 P 33 34ab99167
SCHED-TRACE 3359 14031 R 33 34ab99167
SCHED-TRACE 3360 14032 U 4 2c0b2c
SCHED-TRACE 3361 14032 V 4 2c0be8
SCHED-TRACE 3362 14032 O 0 0
SCHED-TRACE 3363 14032 P 33 34aeba5e2
SCHED-TRACE 3364 14033 K 33 34aeba5e2
SCHED-TRACE 3365 14033 P 33 34b196459
SCHED-TRACE 3366 14090 I 33 2c3483
SCHED-TRACE 3367 14090 B 33 f4
SCHED-TRACE 3368 14090 P 33 35138e978
SCHED-TRACE 3369 14090 R 33 35138e978
SCHED-TRACE 3370 14091 U 4 2c35c3
SCHED-TRACE 3371 14091 V 4 2c367e
SCHED-TRACE 3372 14091 O 0 0
SCHED-TRACE 3373 14091 P 33 3516af5c2
SCHED-TRACE 3374 14092 K 63 34bc0f5c2
SCHED-TRACE 3375 14092 P 33 35198b851
SCHED-TRACE 3376 14093 P 33 351b9ef9d
SCHED-TRACE 3377 14149 I 63 2c5f6e
SCHED-TRACE 3378 14149 B 63 f1
SCHED-TRACE 3379 14149 P 63 388351eb7
SCHED-TRACE 3380 14149 R 63 388351eb7
SCHED-TRACE 3381 14150 U 4 2c60b1
SCHED-TRACE 3382 14150 V 4 2c616d
SCHED-TRACE 3383 14150 O 0 0
SCHED-TRACE 3384 14150 P 63 38a2d9999
SCHED-TRACE 3385 14151 K 42 34c09eb84
SCHED-TRACE 3386 14151 P 63 38bf7ffff
SCHED-TRACE 3387 14152 P 63 38d4428f5
SCHED-TRACE 3388 14208 I 42 2c8a5a
SCHED-TRACE 3389 14208 B 42 f4
SCHED-TRACE 3390 14208 P 42 3887a147a
SCHED-TRACE 3391 14208 R 42 3887a147a
SCHED-TRACE 3392 14209 U 4 2c8b9c
SCHED-TRACE 3393 14209 V 4 2c8c57
SCHED-TRACE 3394 14209 O 0 0
SCHED-TRACE 3395 14209 P 42 38a70cccb
SCHED-TRACE 3396 14210 K 69 34cb33332
SCHED-TRACE 3397 14210 P 42 38c3a147a
SCHED-TRACE 3398 14211 P 42 38d85eb84
SCHED-TRACE 3399 14267 I 69 2cb539
SCHED-TRACE 3400 14267 B 69 f4
SCHED-TRACE 3401 14267 P 69 3891828f5
SCHED-TRACE 3402 14267 R 69 3891828f5
SCHED-TRACE 3403 14268 U 4 2cb67b
SCHED-TRACE 3404 14268 V 4 2cb737
SCHED-TRACE 3405 14268 O 0 0
SCHED-TRACE 3406 14268 P 69 38b10a3d6
SCHED-TRACE 3407 14269 K 66 34ea170a3
SCHED-TRACE 3408 14269 P 69 38cda6665
SCHED-TRACE 3409 14270 P 69 38e263d70
SCHED-TRACE 3410 14326 I 66 2ce01c
SCHED-TRACE 3411 14326 B 66 f2
SCHED-TRACE 3412 14326 P 66 38b0a147a
SCHED-TRACE 3413 14326 R 66 38b0a147a
SCHED-TRACE 3414 14327 U 4 2ce15f
SCHED-TRACE 3415 14327 V 4 2ce21b
SCHED-TRACE 3416 14327 O 0 0
SCHED-TRACE 3417 14327 P 66 38d028f5b
SCHED-TRACE 3418 14328 K 57 34eacf5c1
SCHED-TRACE 3419 14328 P 66 38ecccccc
SCHED-TRACE 3420 14329 P 66 390191eb7
SCHED-TRACE 3421 14385 I 57 2d0b05
SCHED-TRACE 3422 14385 B 57 f4
SCHED-TRACE 3423 14385 P 57 38b191eb7
SCHED-TRACE 3424 14385 R 57 38b191eb7
SCHED-TRACE 3425 14386 U 4 2d0c48
SCHED-TRACE 3426 14386 V 4 2d0d04
SCHED-TRACE 3427 14386 O 0 0
SCHED-TRACE 3428 14386 P 57 38d121479
SCHED-TRACE 3429 14387 K 51 34ebd1eb7
SCHED-TRACE 3430 14387 P 57 38edc51ea
SCHED-TRACE 3431 14388 P 57 390287ae0
SCHED-TRACE 3432 14444 I 51 2d35ef
SCHED-TRACE 3433 14444 B 51 f4
SCHED-TRACE 3434 14444 P 51 38b2eb851
SCHED-TRACE 3435 14444 R 51 38b2eb851
SCHED-TRACE 3436 14445 U 4 2d3733
SCHED-TRACE 3437 14445 V 4 2d37ee
SCHED-TRACE 3438 14445 O 0 0
SCHED-TRACE 3439 14445 P 51 38d28a3d6
SCHED-TRACE 3440 14446 K 54 34ec28f5b
SCHED-TRACE 3441 14446 P 51 38ef26666
SCHED-TRACE 3442 14447 P 51 3903eb851
SCHED-TRACE 3443 14503 I 54 2d60db
SCHED-TRACE 3444 14503 B 54 f4
SCHED-TRACE 3445 14503 P 54 38b31c28e
SCHED-TRACE 3446 14503 R 54 38b31c28e
SCHED-TRACE 3447 14504 U 4 2d621f
SCHED-TRACE 3448 14504 V 4 2d62da
SCHED-TRACE 3449 14504 O 0 0
SCHED-TRACE 3450 14504 P 54 38d2b851e
SCHED-TRACE 3451 14505 K 48 34ec63d6f
SCHED-TRACE 3452 14505 P 54 38ef5eb84
SCHED-TRACE 3453 14506 P 54 3904170a3
SCHED-TRACE 3454 14562 I 48 2d8bca
SCHED-TRACE 3455 14562 B 48 f3
SCHED-TRACE 3456 14562 P 48 38b3a3d6f
SCHED-TRACE 3457 14562 R 48 38b3a3d6f
SCHED-TRACE 3458 14563 U 4 2d8d0e
SCHED-TRACE 3459 14563 V 4 2d8dc9
SCHED-TRACE 3460 14563 O 0 0
SCHED-TRACE 3461 14563 P 48 38d32b850
SCHED-TRACE 3462 14564 K 45 34ee3851d
SCHED-TRACE 3463 14564 P 48 38efcf5c1
SCHED-TRACE 3464 14565 P 48 39048f5c1
SCHED-TRACE 3465 14621 I 45 2db6b0
SCHED-TRACE 3466 14621 B 45 f6
SCHED-TRACE 3467 14621 P 45 38b4ee146
SCHED-TRACE 3468 14621 R 45 38b4ee146
SCHED-TRACE 3469 14622 U 4 2db7f4
SCHED-TRACE 3470 14622 V 4 2db8b0
SCHED-TRACE 3471 14622 O 0 0
SCHED-TRACE 3472 14622 P 45 38d4970a2
SCHED-TRACE 3473 14623 K 60 34f23851d
SCHED-TRACE 3474 14623 P 45 38f119998
SCHED-TRACE 3475 14624 P 45 3905d9998
SCHED-TRACE 3476 14680 I 60 2de136
SCHED-TRACE 3477 14680 B 60 ea
SCHED-TRACE 3478 14680 P 60 38b22b850
SCHED-TRACE 3479 14680 R 60 38b22b850
SCHED-TRACE 3480 14681 U 4 2de274
SCHED-TRACE 3481 14681 V 4 2de32d
SCHED-TRACE 3482 14681 O 0 0
SCHED-TRACE 3483 14681 P 60 38d126665
SCHED-TRACE 3484 14682 K 36 34f2dc28e
SCHED-TRACE 3485 14682 P 60 38ed970a2
SCHED-TRACE 3486 14683 P 60 390247ae0
SCHED-TRACE 3487 14739 I 36 2e0bae
SCHED-TRACE 3488 14739 B 36 ee
SCHED-TRACE 3489 14739 P 36 38b2e6665
SCHED-TRACE 3490 14739 R 36 38b2e6665
SCHED-TRACE 3491 14740 U 4 2e0ced
SCHED-TRACE 3492 14740 V 4 2e0da7
SCHED-TRACE 3493 14740 O 0 0
SCHED-TRACE 3494 14740 P 36 38d2028f4
SCHED-TRACE 3495 14741 K 81 34f79c28e
SCHED-TRACE 3496 14741 P 36 38ee73332
SCHED-TRACE 3497 14742 P 36 39032147a
SCHED-TRACE 3498 14798 I 81 2e363a
SCHED-TRACE 3499 14798 B 81 f0
SCHED-TRACE 3500 14798 P 81 38b8ccccc
SCHED-TRACE 3501 14798 R 81 38b8ccccc
SCHED-TRACE 3502 14799 U 4 2e3779
SCHED-TRACE 3503 14799 V 4 2e3832
SCHED-TRACE 3504 14799 O 0 0
SCHED-TRACE 3505 14799 P 81 38d7d47ad
SCHED-TRACE 3506 14800 K 78 34f891eb7
SCHED-TRACE 3507 14800 P 81 38f447ae0
SCHED-TRACE 3508 14801 P 81 3908fd709
SCHED-TRACE 3509 14857 I 78 2e60cb
SCHED-TRACE 3510 14857 B 78 ec
SCHED-TRACE 3511 14857 P 78 38ba170a3
SCHED-TRACE 3512 14857 R 78 38ba170a3
SCHED-TRACE 3513 14858 U 4 2e620b
SCHED-TRACE 3514 14858 V 4 2e62c4
SCHED-TRACE 3515 14858 O 0 0
SCHED-TRACE 3516 14858 P 78 38d947ae0
SCHED-TRACE 3517 14859 K 75 34f9451eb
SCHED-TRACE 3518 14859 P 78 38f5c51ea
SCHED-TRACE 3519 14860 P 78 390a7ae13
SCHED-TRACE 3520 14916 I 75 2e8b64
SCHED-TRACE 3521 14916 B 75 f0
SCHED-TRACE 3522 14916 P 75 38bb51eb7
SCHED-TRACE 3523 14916 R 75 38bb51eb7
SCHED-TRACE 3524 14917 U 4 2e8ca4
SCHED-TRACE 3525 14917 V 4 2e8d5f
SCHED-TRACE 3526 14917 O 0 0
SCHED-TRACE 3527 14917 P 75 38da99999
SCHED-TRACE 3528 14918 K 72 34fc547ad
SCHED-TRACE 3529 14918 P 75 38f723d70
SCHED-TRACE 3530 14919 P 75 390bd47ad
SCHED-TRACE 3531 14975 I 72 2eb605
SCHED-TRACE 3532 14975 B 72 f1
SCHED-TRACE 3533 14975 P 72 38bec51eb
SCHED-TRACE 3534 14975 R 72 38bec51eb
SCHED-TRACE 3535 14976 U 4 2eb746
SCHED-TRACE 3536 14976 V 4 2eb7ff
SCHED-TRACE 3537 14976 O 0 0
SCHED-TRACE 3538 14976 P 72 38ddeb851
SCHED-TRACE 3539 14977 K 39 3501c7ae0
SCHED-TRACE 3540 14977 P 72 38fa66665
SCHED-TRACE 3541 14978 P 72 390f1c28e
SCHED-TRACE 3542 15034 I 39 2ee0a4
SCHED-TRACE 3543 15034 B 39 ee
SCHED-TRACE 3544 15034 P 39 38c3fd709
SCHED-TRACE 3545 15034 R 39 38c3fd709
SCHED-TRACE 3546 15035 U 4 2ee1e3
SCHED-TRACE 3547 15035 V 4 2ee29e
SCHED-TRACE 3548 15035 O 0 0
SCHED-TRACE 3549 15035 P 39 38e326665
SCHED-TRACE 3550 15036 K 33 351b9ef9d
SCHED-TRACE 3551 15036 P 39 38ffab851
SCHED-TRACE 3552 15037 P 39 39145eb84
SCHED-TRACE 3553 15093 I 33 2f0b47
SCHED-TRACE 3554 15093 B 33 f0
SCHED-TRACE 3555 15093 P 33 357bdc6a7
SCHED-TRACE 3556 15093 R 33 357bdc6a7
SCHED-TRACE 3557 15094 U 4 2f0c86
SCHED-TRACE 3558 15094 V 4 2f0d41
SCHED-TRACE 3559 15094 O 0 0
SCHED-TRACE 3560 15094 P 33 357ef9db1
SCHED-TRACE 3561 15095 K 33 357ef9db1
SCHED-TRACE 3562 15095 P 33 3581d4fde
SCHED-TRACE 3563 15152 I 33 2f35ad
SCHED-TRACE 3564 15152 B 33 f2
SCHED-TRACE 3565 15152 P 33 35e387ae0
SCHED-TRACE 3566 15152 R 33 35e387ae0
SCHED-TRACE 3567 15153 U 4 2f36ec
SCHED-TRACE 3568 15153 V 4 2f37a6
SCHED-TRACE 3569 15153 O 0 0
SCHED-TRACE 3570 15153 P 33 35e6a147a
SCHED-TRACE 3571 15154 K 33 35e6a147a
SCHED-TRACE 3572 15154 P 33 35e97c6a7
SCHED-TRACE 3573 15211 I 33 2f6012
SCHED-TRACE 3574 15211 B 33 f3
SCHED-TRACE 3575 15211 P 33 364b2cccc
SCHED-TRACE 3576 15211 R 33 364b2cccc
SCHED-TRACE 3577 15212 U 4 2f6151
SCHED-TRACE 3578 15212 V 4 2f620b
SCHED-TRACE 3579 15212 O 0 0
SCHED-TRACE 3580 15212 P 33 364e48311
SCHED-TRACE 3581 15213 K 33 364e48311
SCHED-TRACE 3582 15213 P 33 3651224dc
SCHED-TRACE 3583 15270 I 33 2f8a77
SCHED-TRACE 3584 15270 B 33 f1
SCHED-TRACE 3585 15270 P 33 36b2d0624
SCHED-TRACE 3586 15270 R 33 36b2d0624
SCHED-TRACE 3587 15271 U 4 2f8bb7
SCHED-TRACE 3588 15271 V 4 2f8c71
SCHED-TRACE 3589 15271 O 0 0
SCHED-TRACE 3590 15271 P 33 36b5ec8b3
SCHED-TRACE 3591 15272 K 33 36b5ec8b3
SCHED-TRACE 3592 15272 P 33 36b8c72af
SCHED-TRACE 3593 15329 I 33 2fb4dd
SCHED-TRACE 3594 15329 B 33 f0
SCHED-TRACE 3595 15329 P 33 371a6f9da
SCHED-TRACE 3596 15329 R 33 371a6f9da
SCHED-TRACE 3597 15330 U 4 2fb61d
SCHED-TRACE 3598 15330 V 4 2fb6d7
SCHED-TRACE 3599 15330 O 0 0
SCHED-TRACE 3600 15330 P 33 371d8c49b
SCHED-TRACE 3601 15331 K 33 371d8c49b
SCHED-TRACE 3602 15331 P 33 37206624d
SCHED-TRACE 3603 15388 I 33 2fdf43
SCHED-TRACE 3604 15388 B 33 f2
SCHED-TRACE 3605 15388 P 33 378210a3c
SCHED-TRACE 3606 15388 R 33 378210a3c
SCHED-TRACE 3607 15389 U 4 2fe082
SCHED-TRACE 3608 15389 V 4 2fe13d
SCHED-TRACE 3609 15389 O 0 0
SCHED-TRACE 3610 15389 P 33 37852ed90
SCHED-TRACE 3611 15390 K 33 37852ed90
SCHED-TRACE 3612 15390 P 33 37880a3d6
SCHED-TRACE 3613 15447 I 33 3009aa
SCHED-TRACE 3614 15447 B 33 f2
SCHED-TRACE 3615 15447 P 33 37e9b4bc6
SCHED-TRACE 3616 15447 R 33 37e9b4bc6
SCHED-TRACE 3617 15448 U 4 300ae9
SCHED-TRACE 3618 15448 V 4 300ba4
SCHED-TRACE 3619 15448 O 0 0
SCHED-TRACE 3620 15448 P 33 37ecd0a3c
SCHED-TRACE 3621 15449 K 33 37ecd0a3c
SCHED-TRACE 3622 15449 P 33 37efab438
SCHED-TRACE 3623 15506 I 33 303410
SCHED-TRACE 3624 15506 B 33 f0
SCHED-TRACE 3625 15506 P 33 385151686
SCHED-TRACE 3626 15506 R 33 385151686
SCHED-TRACE 3627 15507 U 4 30354f
SCHED-TRACE 3628 15507 V 4 30360a
SCHED-TRACE 3629 15507 O 0 0
SCHED-TRACE 3630 15507 P 33 38546f9da
SCHED-TRACE 3631 15508 K 33 38546f9da
SCHED-TRACE 3632 15508 P 33 38574978c
SCHED-TRACE 3633 15565 I 33 305e77
SCHED-TRACE 3634 15565 B 33 f2
SCHED-TRACE 3635 15565 P 33 38b8efdf3
SCHED-TRACE 3636 15565 R 33 38b8efdf3
SCHED-TRACE 3637 15566 U 4 305fb7
SCHED-TRACE 3638 15566 V 4 306071
SCHED-TRACE 3639 15566 O 0 0
SCHED-TRACE 3640 15566 P 33 38bc0cccc
SCHED-TRACE 3641 15567 K 33 38bc0cccc
SCHED-TRACE 3642 15567 P 33 38bee8311
SCHED-TRACE 3643 15624 I 33 3088de
SCHED-TRACE 3644 15624 B 33 f2
SCHED-TRACE 3645 15624 P 33 39208b851
SCHED-TRACE 3646 15624 R 33 39208b851
SCHED-TRACE 3647 15625 U 4 308a1e
SCHED-TRACE 3648 15625 V 4 308ad9
SCHED-TRACE 3649 15625 O 0 0
SCHED-TRACE 3650 15625 P 33 3923aa3d6
SCHED-TRACE 3651 15626 K 63 38d4428f5
SCHED-TRACE 3652 15626 P 33 392684dd2
SCHED-TRACE 3653 15627 P 33 392898105
SCHED-TRACE 3654 15683 I 63 30b3a3
SCHED-TRACE 3655 15683 B 63 f2
SCHED-TRACE 3656 15683 P 63 3c992b851
SCHED-TRACE 3657 15683 R 63 3c992b851
SCHED-TRACE 3658 15684 U 4 30b4e5
SCHED-TRACE 3659 15684 V 4 30b5a0
SCHED-TRACE 3660 15684 O 0 0
SCHED-TRACE 3661 15684 P 63 3cb8a3d70
SCHED-TRACE 3662 15685 K 42 38d85eb84
SCHED-TRACE 3663 15685 P 63 3cd528f5b
SCHED-TRACE 3664 15686 P 63 3ce9deb84
SCHED-TRACE 3665 15742 I 42 30de63
SCHED-TRACE 3666 15742 B 42 f2
SCHED-TRACE 3667 15742 P 42 3c9cb0a3c
SCHED-TRACE 3668 15742 R 42 3c9cb0a3c
SCHED-TRACE 3669 15743 U 4 30dfa4
SCHED-TRACE 3670 15743 V 4 30e05e
SCHED-TRACE 3671 15743 O 0 0
SCHED-TRACE 3672 15743 P 42 3cbbe6665
SCHED-TRACE 3673 15744 K 69 38e263d70
SCHED-TRACE 3674 15744 P 42 3cd87851d
SCHED-TRACE 3675 15745 P 42 3ced35c28
SCHED-TRACE 3676 15801 I 69 310922
SCHED-TRACE 3677 15801 B 69 f2
SCHED-TRACE 3678 15801 P 69 3ca6bffff
SCHED-TRACE 3679 15801 R 69 3ca6bffff
SCHED-TRACE 3680 15802 U 4 310a64
SCHED-TRACE 3681 15802 V 4 310b1f
SCHED-TRACE 3682 15802 O 0 0
SCHED-TRACE 3683 15802 P 69 3cc61c28e
SCHED-TRACE 3684 15803 K 66 390191eb7
SCHED-TRACE 3685 15803 P 69 3ce2ae147
SCHED-TRACE 3686 15804 P 69 3cf768f5b
SCHED-TRACE 3687 15860 I 66 3133e7
SCHED-TRACE 3688 15860 B 66 f2
SCHED-TRACE 3689 15860 P 66 3cc63851e
SCHED-TRACE 3690 15860 R 66 3cc63851e
SCHED-TRACE 3691 15861 U 4 313529
SCHED-TRACE 3692 15861 V 4 3135e4
SCHED-TRACE 3693 15861 O 0 0
SCHED-TRACE 3694 15861 P 66 3ce5a8f5b
SCHED-TRACE 3695 15862 K 60 390247ae0
SCHED-TRACE 3696 15862 P 66 3d022e147
SCHED-TRACE 3697 15863 P 66 3d16e147a
SCHED-TRACE 3698 15919 I 60 315ea8
SCHED-TRACE 3699 15919 B 60 f2
SCHED-TRACE 3700 15919 P 60 3cc6970a2
SCHED-TRACE 3701 15919 R 60 3cc6970a2
SCHED-TRACE 3702 15920 U 4 315fe9
SCHED-TRACE 3703 15920 V 4 3160a4
SCHED-TRACE 3704 15920 O 0 0
SCHED-TRACE 3705 15920 P 60 3ce5d70a2
SCHED-TRACE 3706 15921 K 57 390287ae0
SCHED-TRACE 3707 15921 P 60 3d026b850
SCHED-TRACE 3708 15922 P 60 3d1728f5b
SCHED-TRACE 3709 15978 I 57 318972
SCHED-TRACE 3710 15978 B 57 f2
SCHED-TRACE 3711 15978 P 57 3cc7ae146
SCHED-TRACE 3712 15978 R 57 3cc7ae146
SCHED-TRACE 3713 15979 U 4 318ab5
SCHED-TRACE 3714 15979 V 4 318b70
SCHED-TRACE 3715 15979 O 0 0
SCHED-TRACE 3716 15979 P 57 3ce72b851
SCHED-TRACE 3717 15980 K 36 39032147a
SCHED-TRACE 3718 15980 P 57 3d03bd709
SCHED-TRACE 3719 15981 P 57 3d187ae13
SCHED-TRACE 3720 16037 I 36 31b43d
SCHED-TRACE 3721 16037 B 36 f1
SCHED-TRACE 3722 16037 P 36 3cc80cccb
SCHED-TRACE 3723 16037 R 36 3cc80cccb
SCHED-TRACE 3724 16038 U 4 31b57e
SCHED-TRACE 3725 16038 V 4 31b639
SCHED-TRACE 3726 16038 O 0 0
SCHED-TRACE 3727 16038 P 36 3ce76b851
SCHED-TRACE 3728 16039 K 51 3903eb851
SCHED-TRACE 3729 16039 P 36 3d03f5c28
SCHED-TRACE 3730 16040 P 36 3d18b851d
SCHED-TRACE 3731 16096 I 51 31df09
SCHED-TRACE 3732 16096 B 51 f2
SCHED-TRACE 3733 16096 P 51 3cc93ffff
SCHED-TRACE 3734 16096 R 51 3cc93ffff
SCHED-TRACE 3735 16097 U 4 31e04b
SCHED-TRACE 3736 16097 V 4 31e106
SCHED-TRACE 3737 16097 O 0 0
SCHED-TRACE 3738 16097 P 51 3ce8bae14
SCHED-TRACE 3739 16098 K 54 3904170a3
SCHED-TRACE 3740 16098 P 51 3d054f5c2
SCHED-TRACE 3741 16099 P 51 3d1a0cccc
SCHED-TRACE 3742 16155 I 54 3209d4
SCHED-TRACE 3743 16155 B 54 f3
SCHED-TRACE 3744 16155 P 54 3cc928f5b
SCHED-TRACE 3745 16155 R 54 3cc928f5b
SCHED-TRACE 3746 16156 U 4 320b17
SCHED-TRACE 3747 16156 V 4 320bd2
SCHED-TRACE 3748 16156 O 0 0
SCHED-TRACE 3749 16156 P 54 3ce89c28e
SCHED-TRACE 3750 16157 K 48 39048f5c1
SCHED-TRACE 3751 16157 P 54 3d052e147
SCHED-TRACE 3752 16158 P 54 3d19eb851
SCHED-TRACE 3753 16214 I 48 3234a3
SCHED-TRACE 3754 16214 B 48 f1
SCHED-TRACE 3755 16214 P 48 3cc9e8f5b
SCHED-TRACE 3756 16214 R 48 3cc9e8f5b
SCHED-TRACE 3757 16215 U 4 3235e7
SCHED-TRACE 3758 16215 V 4 3236a2
SCHED-TRACE 3759 16215 O 0 0
SCHED-TRACE 3760 16215 P 48 3ce97fffe
SCHED-TRACE 3761 16216 K 45 3905d9998
SCHED-TRACE 3762 16216 P 48 3d060cccb
SCHED-TRACE 3763 16217 P 48 3d1accccb
SCHED-TRACE 3764 16273 I 45 325f73
SCHED-TRACE 3765 16273 B 45 f4
SCHED-TRACE 3766 16273 P 45 3ccb26665
SCHED-TRACE 3767 16273 R 45 3ccb26665
SCHED-TRACE 3768 16274 U 4 3260b6
SCHED-TRACE 3769 16274 V 4 326172
SCHED-TRACE 3770 16274 O 0 0
SCHED-TRACE 3771 16274 P 45 3ceac28f4
SCHED-TRACE 3772 16275 K 81 3908fd709
SCHED-TRACE 3773 16275 P 45 3d075c28e
SCHED-TRACE 3774 16276 P 45 3d1c170a2
SCHED-TRACE 3775 16332 I 81 328a41
SCHED-TRACE 3776 16332 B 81 f4
SCHED-TRACE 3777 16332 P 81 3cce147ad
SCHED-TRACE 3778 16332 R 81 3cce147ad
SCHED-TRACE 3779 16333 U 4 328b82
SCHED-TRACE 3780 16333 V 4 328c3d
SCHED-TRACE 3781 16333 O 0 0
SCHED-TRACE 3782 16333 P 81 3ced63d70
SCHED-TRACE 3783 16334 K 78 390a7ae13
SCHED-TRACE 3784 16334 P 81 3d09f5c28
SCHED-TRACE 3785 16335 P 81 3d1eb5c28
SCHED-TRACE 3786 16391 I 78 32b511
SCHED-TRACE 3787 16391 B 78 f0
SCHED-TRACE 3788 16391 P 78 3ccfdeb84
SCHED-TRACE 3789 16391 R 78 3ccfdeb84
SCHED-TRACE 3790 16392 U 4 32b653
SCHED-TRACE 3791 16392 V 4 32b70e
SCHED-TRACE 3792 16392 O 0 0
SCHED-TRACE 3793 16392 P 78 3cef3d709
SCHED-TRACE 3794 16393 K 75 390bd47ad
SCHED-TRACE 3795 16393 P 78 3d0bca3d6
SCHED-TRACE 3796 16394 P 78 3d2087ae0
SCHED-TRACE 3797 16450 I 75 32dfdc
SCHED-TRACE 3798 16450 B 75 f4
SCHED-TRACE 3799 16450 P 75 3cd0f0a3d
SCHED-TRACE 3800 16450 R 75 3cd0f0a3d
SCHED-TRACE 3801 16451 U 4 32e11e
SCHED-TRACE 3802 16451 V 4 32e1d9
SCHED-TRACE 3803 16451 O 0 0
SCHED-TRACE 3804 16451 P 75 3cf059999
SCHED-TRACE 3805 16452 K 72 390f1c28e
SCHED-TRACE 3806 16452 P 75 3d0ce8f5b
SCHED-TRACE 3807 16453 P 75 3d21a3d70
SCHED-TRACE 3808 16509 I 72 330aab
SCHED-TRACE 3809 16509 B 72 f2
SCHED-TRACE 3810 16509 P 72 3cd47ae14
SCHED-TRACE 3811 16509 R 72 3cd47ae14
SCHED-TRACE 3812 16510 U 4 330bed
SCHED-TRACE 3813 16510 V 4 330ca8
SCHED-TRACE 3814 16510 O 0 0
SCHED-TRACE 3815 16510 P 72 3cf3deb84
SCHED-TRACE 3816 16511 K 39 39145eb84
SCHED-TRACE 3817 16511 P 72 3d1070a3c
SCHED-TRACE 3818 16512 P 72 3d2526665
SCHED-TRACE 3819 16568 I 39 333578
SCHED-TRACE 3820 16568 B 39 f1
SCHED-TRACE 3821 16568 P 39 3cd97851e
SCHED-TRACE 3822 16568 R 39 3cd97851e
SCHED-TRACE 3823 16569 U 4 3336b9
SCHED-TRACE 3824 16569 V 4 333775
SCHED-TRACE 3825 16569 O 0 0
SCHED-TRACE 3826 16569 P 39 3cf8c7ae0
SCHED-TRACE 3827 16570 K 33 392898105
SCHED-TRACE 3828 16570 P 39 3d1566665
SCHED-TRACE 3829 16571 P 39 3d2a1eb84
SCHED-TRACE 3830 16627 I 33 33603b
SCHED-TRACE 3831 16627 B 33 f5
SCHED-TRACE 3832 16627 P 33 398900830
SCHED-TRACE 3833 16627 R 33 398900830
SCHED-TRACE 3834 16628 U 4 33617b
SCHED-TRACE 3835 16628 V 4 336236
SCHED-TRACE 3836 16628 O 0 0
SCHED-TRACE 3837 16628 P 33 398c1eb84
SCHED-TRACE 3838 16629 K 33 398c1eb84
SCHED-TRACE 3839 16629 P 33 398efa1ca
SCHED-TRACE 3840 16686 I 33 338abe
SCHED-TRACE 3841 16686 B 33 f3
SCHED-TRACE 3842 16686 P 33 39f0d3b63
SCHED-TRACE 3843 16686 R 33 39f0d3b63
SCHED-TRACE 3844 16687 U 4 338bfe
SCHED-TRACE 3845 16687 V 4 338cb9
SCHED-TRACE 3846 16687 O 0 0
SCHED-TRACE 3847 16687 P 33 39f3f2f1a
SCHED-TRACE 3848 16688 K 33 39f3f2f1a
SCHED-TRACE 3849 16688 P 33 39f6ce978
SCHED-TRACE 3850 16745 I 33 33b547
SCHED-TRACE 3851 16745 B 33 f2
SCHED-TRACE 3852 16745 P 33 3a58af1a9
SCHED-TRACE 3853 16745 R 33 3a58af1a9
SCHED-TRACE 3854 16746 U 4 33b687
SCHED-TRACE 3855 16746 V 4 33b743
SCHED-TRACE 3856 16746 O 0 0
SCHED-TRACE 3857 16746 P 33 3a5bcf5c2
SCHED-TRACE 3858 16747 K 33 3a5bcf5c2
SCHED-TRACE 3859 16747 P 33 3a5eac49b
SCHED-TRACE 3860 16804 I 33 33dfc6
SCHED-TRACE 3861 16804 B 33 f4
SCHED-TRACE 3862 16804 P 33 3ac07be76
SCHED-TRACE 3863 16804 R 33 3ac07be76
SCHED-TRACE 3864 16805 U 4 33e105
SCHED-TRACE 3865 16805 V 4 33e1c0
SCHED-TRACE 3866 16805 O 0 0
SCHED-TRACE 3867 16805 P 33 3ac39a9fb
SCHED-TRACE 3868 16806 K 33 3ac39a9fb
SCHED-TRACE 3869 16806 P 33 3ac676041
SCHED-TRACE 3870 16863 I 33 340a40
SCHED-TRACE 3871 16863 B 33 f3
SCHED-TRACE 3872 16863 P 33 3b2840830
SCHED-TRACE 3873 16863 R 33 3b2840830
SCHED-TRACE 3874 16864 U 4 340b80
SCHED-TRACE 3875 16864 V 4 340c3b
SCHED-TRACE 3876 16864 O 0 0
SCHED-TRACE 3877 16864 P 33 3b2b5e353
SCHED-TRACE 3878 16865 K 33 3b2b5e353
SCHED-TRACE 3879 16865 P 33 3b2e39999
SCHED-TRACE 3880 16922 I 33 3434c1
SCHED-TRACE 3881 16922 B 33 f1
SCHED-TRACE 3882 16922 P 33 3b900e147
SCHED-TRACE 3883 16922 R 33 3b900e147
SCHED-TRACE 3884 16923 U 4 343601
SCHED-TRACE 3885 16923 V 4 3436bd
SCHED-TRACE 3886 16923 O 0 0
SCHED-TRACE 3887 16923 P 33 3b932ed90
SCHED-TRACE 3888 16924 K 33 3b932ed90
SCHED-TRACE 3889 16924 P 33 3b9609fbd
SCHED-TRACE 3890 16981 I 33 345f42
SCHED-TRACE 3891 16981 B 33 f3
SCHED-TRACE 3892 16981 P 33 3bf7df3b5
SCHED-TRACE 3893 16981 R 33 3bf7df3b5
SCHED-TRACE 3894 16982 U 4 346082
SCHED-TRACE 3895 16982 V 4 34613e
SCHED-TRACE 3896 16982 O 0 0
SCHED-TRACE 3897 16982 P 33 3bfaffbe6
SCHED-TRACE 3898 16983 K 33 3bfaffbe6
SCHED-TRACE 3899 16983 P 33 3bfddc28e
SCHED-TRACE 3900 17040 I 33 3489c6
SCHED-TRACE 3901 17040 B 33 f3
SCHED-TRACE 3902 17040 P 33 3c5fb22d0
SCHED-TRACE 3903 17040 R 33 3c5fb22d0
SCHED-TRACE 3904 17041 U 4 348b06
SCHED-TRACE 3905 17041 V 4 348bc1
SCHED-TRACE 3906 17041 O 0 0
SCHED-TRACE 3907 17041 P 33 3c62d0624
SCHED-TRACE 3908 17042 K 33 3c62d0624
SCHED-TRACE 3909 17042 P 33 3c65ac082
SCHED-TRACE 3910 17099 I 33 34b44c
SCHED-TRACE 3911 17099 B 33 f2
SCHED-TRACE 3912 17099 P 33 3cc788f5b
SCHED-TRACE 3913 17099 R 33 3cc788f5b
SCHED-TRACE 3914 17100 U 4 34b58c
SCHED-TRACE 3915 17100 V 4 34b647
SCHED-TRACE 3916 17100 O 0 0
SCHED-TRACE 3917 17100 P 33 3ccaa978c
SCHED-TRACE 3918 17101 K 33 3ccaa978c
SCHED-TRACE 3919 17101 P 33 3ccd849b9
SCHED-TRACE 3920 17158 I 33 34decf
SCHED-TRACE 3921 17158 B 33 f3
SCHED-TRACE 3922 17158 P 33 3d2f5cac0
SCHED-TRACE 3923 17158 R 33 3d2f5cac0
SCHED-TRACE 3924 17159 U 4 34e00f
SCHED-TRACE 3925 17159 V 4 34e0ca
SCHED-TRACE 3926 17159 O 0 0
SCHED-TRACE 3927 17159 P 33 3d327cac0
SCHED-TRACE 3928 17160 K 63 3ce9deb84
SCHED-TRACE 3929 17160 P 33 3d3558d4f
SCHED-TRACE 3930 17161 P 33 3d376c082
SCHED-TRACE 3931 17217 I 63 3509a3
SCHED-TRACE 3932 17217 B 63 f2
SCHED-TRACE 3933 17217 P 63 40afb0a3c
SCHED-TRACE 3934 17217 R 63 40afb0a3c
SCHED-TRACE 3935 17218 U 4 350ae6
SCHED-TRACE 3936 17218 V 4 350ba1
SCHED-TRACE 3937 17218 O 0 0
SCHED-TRACE 3938 17218 P 63 40cf26665
SCHED-TRACE 3939 17219 K 42 3ced35c28
SCHED-TRACE 3940 17219 P 63 40ebbae14
SCHED-TRACE 3941 17220 P 63 41007ae14
SCHED-TRACE 3942 17276 I 42 35347c
SCHED-TRACE 3943 17276 B 42 f2
SCHED-TRACE 3944 17276 P 42 40b30f5c1
SCHED-TRACE 3945 17276 R 42 40b30f5c1
SCHED-TRACE 3946 17277 U 4 3535be
SCHED-TRACE 3947 17277 V 4 35367a
SCHED-TRACE 3948 17277 O 0 0
SCHED-TRACE 3949 17277 P 42 40d27d709
SCHED-TRACE 3950 17278 K 69 3cf768f5b
SCHED-TRACE 3951 17278 P 42 40ef11eb7
SCHED-TRACE 3952 17279 P 42 4103d47ad
SCHED-TRACE 3953 17335 I 69 355f57
SCHED-TRACE 3954 17335 B 69 f4
SCHED-TRACE 3955 17335 P 69 40bd828f5
SCHED-TRACE 3956 17335 R 69 40bd828f5
SCHED-TRACE 3957 17336 U 4 35609a
SCHED-TRACE 3958 17336 V 4 356155
SCHED-TRACE 3959 17336 O 0 0
SCHED-TRACE 3960 17336 P 69 40dd0a3d6
SCHED-TRACE 3961 17337 K 66 3d16e147a
SCHED-TRACE 3962 17337 P 69 40f9ae147
SCHED-TRACE 3963 17338 P 69 410e6e147
SCHED-TRACE 3964 17394 I 66 358a35
SCHED-TRACE 3965 17394 B 66 f3
SCHED-TRACE 3966 17394 P 66 40dd1eb84
SCHED-TRACE 3967 17394 R 66 40dd1eb84
SCHED-TRACE 3968 17395 U 4 358b78
SCHED-TRACE 3969 17395 V 4 358c33
SCHED-TRACE 3970 17395 O 0 0
SCHED-TRACE 3971 17395 P 66 40fc91eb7
SCHED-TRACE 3972 17396 K 60 3d1728f5b
SCHED-TRACE 3973 17396 P 66 41192b851
SCHED-TRACE 3974 17397 P 66 412dee147
SCHED-TRACE 3975 17453 I 60 35b515
SCHED-TRACE 3976 17453 B 60 f2
SCHED-TRACE 3977 17453 P 60 40dd70a3c
SCHED-TRACE 3978 17453 R 60 40dd70a3c
SCHED-TRACE 3979 17454 U 4 35b656
SCHED-TRACE 3980 17454 V 4 35b712
SCHED-TRACE 3981 17454 O 0 0
SCHED-TRACE 3982 17454 P 60 40fcccccb
SCHED-TRACE 3983 17455 K 57 3d187ae13
SCHED-TRACE 3984 17455 P 60 41196b850
SCHED-TRACE 3985 17456 P 60 412e30a3c
SCHED-TRACE 3986 17512 I 57 35dff0
SCHED-TRACE 3987 17512 B 57 f4
SCHED-TRACE 3988 17512 P 57 40deccccb
SCHED-TRACE 3989 17512 R 57 40deccccb
SCHED-TRACE 3990 17513 U 4 35e133
SCHED-TRACE 3991 17513 V 4 35e1ef
SCHED-TRACE 3992 17513 O 0 0
SCHED-TRACE 3993 17513 P 57 40fe59998
SCHED-TRACE 3994 17514 K 36 3d18b851d
SCHED-TRACE 3995 17514 P 57 411af0a3c
SCHED-TRACE 3996 17515 P 57 412fb0a3c
SCHED-TRACE 3997 17571 I 36 360aca
SCHED-TRACE 3998 17571 B 36 f3
SCHED-TRACE 3999 17571 P 36 40ded47ad
SCHED-TRACE 4000 17571 R 36 40ded47ad
SCHED-TRACE 4001 17572 U 4 360c0b
SCHED-TRACE 4002 17572 V 4 360cc7
SCHED-TRACE 4003 17572 O 0 0
SCHED-TRACE 4004 17572 P 36 40fe2e146
SCHED-TRACE 4005 17573 K 54 3d19eb851
SCHED-TRACE 4006 17573 P 36 411ac7ae0
SCHED-TRACE 4007 17574 P 36 412f87ae0
SCHED-TRACE 4008 17630 I 54 3635aa
SCHED-TRACE 4009 17630 B 54 f2
SCHED-TRACE 4010 17630 P 54 40e0a6665
SCHED-TRACE 4011 17630 R 54 40e0a6665
SCHED-TRACE 4012 17631 U 4 3636ee
SCHED-TRACE 4013 17631 V 4 3637a8
SCHED-TRACE 4014 17631 O 0 0
SCHED-TRACE 4015 17631 P 54 41001c28e
SCHED-TRACE 4016 17632 K 51 3d1a0cccc
SCHED-TRACE 4017 17632 P 54 411cbffff
SCHED-TRACE 4018 17633 P 54 4131851ea
SCHED-TRACE 4019 17689 I 51 36608e
SCHED-TRACE 4020 17689 B 51 f4
SCHED-TRACE 4021 17689 P 51 40e0e3d70
SCHED-TRACE 4022 17689 R 51 40e0e3d70
SCHED-TRACE 4023 17690 U 4 3661d2
SCHED-TRACE 4024 17690 V 4 36628e
SCHED-TRACE 4025 17690 O 0 0
SCHED-TRACE 4026 17690 P 51 41007d709
SCHED-TRACE 4027 17691 K 48 3d1accccb
SCHED-TRACE 4028 17691 P 51 411d19999
SCHED-TRACE 4029 17692 P 51 4131e147a
SCHED-TRACE 4030 17748 I 48 368b77
SCHED-TRACE 4031 17748 B 48 f4
SCHED-TRACE 4032 17748 P 48 40e1fae13
SCHED-TRACE 4033 17748 R 48 40e1fae13
SCHED-TRACE 4034 17749 U 4 368cbb
SCHED-TRACE 4035 17749 V 4 368d76
SCHED-TRACE 4036 17749 O 0 0
SCHED-TRACE 4037 17749 P 48 4101a6665
SCHED-TRACE 4038 17750 K 45 3d1c170a2
SCHED-TRACE 4039 17750 P 48 411e47ae0
SCHED-TRACE 4040 17751 P 48 41330a3d5
SCHED-TRACE 4041 17807 I 45 36b665
SCHED-TRACE 4042 17807 B 45 f3
SCHED-TRACE 4043 17807 P 45 40e3b0a3c
SCHED-TRACE 4044 17807 R 45 40e3b0a3c
SCHED-TRACE 4045 17808 U 4 36b7a9
SCHED-TRACE 4046 17808 V 4 36b864
SCHED-TRACE 4047 17808 O 0 0
SCHED-TRACE 4048 17808 P 45 41033d709
SCHED-TRACE 4049 17809 K 81 3d1eb5c28
SCHED-TRACE 4050 17809 P 45 411fd9998
SCHED-TRACE 4051 17810 P 45 4134a3d6f
SCHED-TRACE 4052 17866 I 81 36e14a
SCHED-TRACE 4053 17866 B 81 f1
SCHED-TRACE 4054 17866 P 81 40e58a3d6
SCHED-TRACE 4055 17866 R 81 40e58a3d6
SCHED-TRACE 4056 17867 U 4 36e28c
SCHED-TRACE 4057 17867 V 4 36e347
SCHED-TRACE 4058 17867 O 0 0
SCHED-TRACE 4059 17867 P 81 4104f851e
SCHED-TRACE 4060 17868 K 78 3d2087ae0
SCHED-TRACE 4061 17868 P 81 4121a3d70
SCHED-TRACE 4062 17869 P 81 41366b851
SCHED-TRACE 4063 17925 I 78 370c2f
SCHED-TRACE 4064 17925 B 78 f4
SCHED-TRACE 4065 17925 P 78 40e78cccc
SCHED-TRACE 4066 17925 R 78 40e78cccc
SCHED-TRACE 4067 17926 U 4 370d71
SCHED-TRACE 4068 17926 V 4 370e2d
SCHED-TRACE 4069 17926 O 0 0
SCHED-TRACE 4070 17926 P 78 410707ae0
SCHED-TRACE 4071 17927 K 75 3d21a3d70
SCHED-TRACE 4072 17927 P 78 4123a3d6f
SCHED-TRACE 4073 17928 P 78 41386b851
SCHED-TRACE 4074 17984 I 75 37371b
SCHED-TRACE 4075 17984 B 75 f4
SCHED-TRACE 4076 17984 P 75 40e92147a
SCHED-TRACE 4077 17984 R 75 40e92147a
SCHED-TRACE 4078 17985 U 4 37385d
SCHED-TRACE 4079 17985 V 4 373918
SCHED-TRACE 4080 17985 O 0 0
SCHED-TRACE 4081 17985 P 75 41088f5c2
SCHED-TRACE 4082 17986 K 72 3d2526665
SCHED-TRACE 4083 17986 P 75 412526665
SCHED-TRACE 4084 17987 P 75 4139eb851
SCHED-TRACE 4085 18043 I 72 376206
SCHED-TRACE 4086 18043 B 72 ec
SCHED-TRACE 4087 18043 P 72 40ec87ae0
SCHED-TRACE 4088 18043 R 72 40ec87ae0
SCHED-TRACE 4089 18044 U 4 376348
SCHED-TRACE 4090 18044 V 4 376403
SCHED-TRACE 4091 18044 O 0 0
SCHED-TRACE 4092 18044 P 72 410c028f5
SCHED-TRACE 4093 18045 K 39 3d2a1eb84
SCHED-TRACE 4094 18045 P 72 4128ae147
SCHED-TRACE 4095 18046 P 72 413d75c28
SCHED-TRACE 4096 18102 I 39 378cef
SCHED-TRACE 4097 18102 B 39 f4
SCHED-TRACE 4098 18102 P 39 40f159999
SCHED-TRACE 4099 18102 R 39 40f159999
SCHED-TRACE 4100 18103 U 4 378e31
SCHED-TRACE 4101 18103 V 4 378eed
SCHED-TRACE 4102 18103 O 0 0
SCHED-TRACE 4103 18103 P 39 4110b5c28
SCHED-TRACE 4104 18104 K 33 3d376c082
SCHED-TRACE 4105 18104 P 39 412d547ad
SCHED-TRACE 4106 18105 P 39 414219999
SCHED-TRACE 4107 18161 I 33 37b7dd
SCHED-TRACE 4108 18161 B 33 f3
SCHED-TRACE 4109 18161 P 33 3d982a7ef
SCHED-TRACE 4110 18161 R 33 3d982a7ef
SCHED-TRACE 4111 18162 U 4 37b91d
SCHED-TRACE 4112 18162 V 4 37b9d9
SCHED-TRACE 4113 18162 O 0 0
SCHED-TRACE 4114 18162 P 33 3d9b4d4fd
SCHED-TRACE 4115 18163 K 33 3d9b4d4fd
SCHED-TRACE 4116 18163 P 33 3d9e2ac07
SCHED-TRACE 4117 18220 I 33 37e276
SCHED-TRACE 4118 18220 B 33 f3
SCHED-TRACE 4119 18220 P 33 3e0031eb7
SCHED-TRACE 4120 18220 R 33 3e0031eb7
SCHED-TRACE 4121 18221 U 4 37e3b7
SCHED-TRACE 4122 18221 V 4 37e472
SCHED-TRACE 4123 18221 O 0 0
SCHED-TRACE 4124 18221 P 33 3e0353332
SCHED-TRACE 4125 18222 K 33 3e0353332
SCHED-TRACE 4126 18222 P 33 3e0630e55
SCHED-TRACE 4127 18279 I 33 380d0d
SCHED-TRACE 4128 18279 B 33 f4
SCHED-TRACE 4129 18279 P 33 3e6833332
SCHED-TRACE 4130 18279 R 33 3e6833332
SCHED-TRACE 4131 18280 U 4 380e4e
SCHED-TRACE 4132 18280 V 4 380f09
SCHED-TRACE 4133 18280 O 0 0
SCHED-TRACE 4134 18280 P 33 3e6b5374b
SCHED-TRACE 4135 18281 K 33 3e6b5374b
SCHED-TRACE 4136 18281 P 33 3e6e2f9da
SCHED-TRACE 4137 18338 I 33 3837aa
SCHED-TRACE 4138 18338 B 33 f2
SCHED-TRACE 4139 18338 P 33 3ed03fbe6
SCHED-TRACE 4140 18338 R 33 3ed03fbe6
SCHED-TRACE 4141 18339 U 4 3838eb
SCHED-TRACE 4142 18339 V 4 3839a6
SCHED-TRACE 4143 18339 O 0 0
SCHED-TRACE 4144 18339 P 33 3ed361cab
SCHED-TRACE 4145 18340 K 33 3ed361cab
SCHED-TRACE 4146 18340 P 33 3ed63ef9d
SCHED-TRACE 4147 18397 I 33 386245
SCHED-TRACE 4148 18397 B 33 f4
SCHED-TRACE 4149 18397 P 33 3f3849ba5
SCHED-TRACE 4150 18397 R 33 3f3849ba5
SCHED-TRACE 4151 18398 U 4 386386
SCHED-TRACE 4152 18398 V 4 386441
SCHED-TRACE 4153 18398 O 0 0
SCHED-TRACE 4154 18398 P 33 3f3b6ac07
SCHED-TRACE 4155 18399 K 33 3f3b6ac07
SCHED-TRACE 4156 18399 P 33 3f3e48f5b
SCHED-TRACE 4157 18456 I 33 388ce5
SCHED-TRACE 4158 18456 B 33 f5
SCHED-TRACE 4159 18456 P 33 3fa05ba5d
SCHED-TRACE 4160 18456 R 33 3fa05ba5d
SCHED-TRACE 4161 18457 U 4 388e26
SCHED-TRACE 4162 18457 V 4 388ee1
SCHED-TRACE 4163 18457 O 0 0
SCHED-TRACE 4164 18457 P 33 3fa37ced8
SCHED-TRACE 4165 18458 K 33 3fa37ced8
SCHED-TRACE 4166 18458 P 33 3fa659999
SCHED-TRACE 4167 18515 I 33 38b789
SCHED-TRACE 4168 18515 B 33 f3
SCHED-TRACE 4169 18515 P 33 400874fde
SCHED-TRACE 4170 18515 R 33 400874fde
SCHED-TRACE 4171 18516 U 4 38b8c9
SCHED-TRACE 4172 18516 V 4 38b985
SCHED-TRACE 4173 18516 O 0 0
SCHED-TRACE 4174 18516 P 33 400b96872
SCHED-TRACE 4175 18517 K 33 400b96872
SCHED-TRACE 4176 18517 P 33 400e72f1a
SCHED-TRACE 4177 18574 I 33 38e219
SCHED-TRACE 4178 18574 B 33 f1
SCHED-TRACE 4179 18574 P 33 40705df3a
SCHED-TRACE 4180 18574 R 33 40705df3a
SCHED-TRACE 4181 18575 U 4 38e359
SCHED-TRACE 4182 18575 V 4 38e414
SCHED-TRACE 4183 18575 O 0 0
SCHED-TRACE 4184 18575 P 33 40737e353
SCHED-TRACE 4185 18576 K 33 40737e353
SCHED-TRACE 4186 18576 P 33 40765b22c
SCHED-TRACE 4187 18633 I 33 390ca9
SCHED-TRACE 4188 18633 B 33 f3
SCHED-TRACE 4189 18633 P 33 40d847ef9
SCHED-TRACE 4190 18633 R 33 40d847ef9
SCHED-TRACE 4191 18634 U 4 390dea
SCHED-TRACE 4192 18634 V 4 390ea6
SCHED-TRACE 4193 18634 O 0 0
SCHED-TRACE 4194 18634 P 33 40db68f5b
SCHED-TRACE 4195 18635 K 33 40db68f5b
SCHED-TRACE 4196 18635 P 33 40de449b9
SCHED-TRACE 4197 18692 I 33 393740
SCHED-TRACE 4198 18692 B 33 f3
SCHED-TRACE 4199 18692 P 33 41403cac0
SCHED-TRACE 4200 18692 R 33 41403cac0
SCHED-TRACE 4201 18693 U 4 393881
SCHED-TRACE 4202 18693 V 4 39393d
SCHED-TRACE 4203 18693 O 0 0
SCHED-TRACE 4204 18693 P 33 41435f7ce
SCHED-TRACE 4205 18694 K 63 41007ae14
SCHED-TRACE 4206 18694 P 33 41463b645
SCHED-TRACE 4207 18695 P 33 41484e978
SCHED-TRACE 4208 18751 I 63 396227
SCHED-TRACE 4209 18751 B 63 ee
SCHED-TRACE 4210 18751 P 63 44c76b851
SCHED-TRACE 4211 18751 R 63 44c76b851
SCHED-TRACE 4212 18752 U 4 39636a
SCHED-TRACE 4213 18752 V 4 396425
SCHED-TRACE 4214 18752 O 0 0
SCHED-TRACE 4215 18752 P 63 44e6f0a3c
SCHED-TRACE 4216 18753 K 42 4103d47ad
SCHED-TRACE 4217 18753 P 63 4503970a3
SCHED-TRACE 4218 18754 P 63 4518570a3
SCHED-TRACE 4219 18810 I 42 398d0e
SCHED-TRACE 4220 18810 B 42 f5
SCHED-TRACE 4221 18810 P 42 44ca8a3d6
SCHED-TRACE 4222 18810 R 42 44ca8a3d6
SCHED-TRACE 4223 18811 U 4 398e50
SCHED-TRACE 4224 18811 V 4 398f0b
SCHED-TRACE 4225 18811 O 0 0
SCHED-TRACE 4226 18811 P 42 44e9ee146
SCHED-TRACE 4227 18812 K 69 410e6e147
SCHED-TRACE 4228 18812 P 42 4506851ea
SCHED-TRACE 4229 18813 P 42 451b451ea
SCHED-TRACE 4230 18869 I 69 39b7fb
SCHED-TRACE 4231 18869 B 69 f4
SCHED-TRACE 4232 18869 P 69 44d5a8f5b
SCHED-TRACE 4233 18869 R 69 44d5a8f5b
SCHED-TRACE 4234 18870 U 4 39b93d
SCHED-TRACE 4235 18870 V 4 39b9f9
SCHED-TRACE 4236 18870 O 0 0
SCHED-TRACE 4237 18870 P 69 44f53851e
SCHED-TRACE 4238 18871 K 66 412dee147
SCHED-TRACE 4239 18871 P 69 4511d70a3
SCHED-TRACE 4240 18872 P 69 4526970a3
SCHED-TRACE 4241 18928 I 66 39e2d6
SCHED-TRACE 4242 18928 B 66 f3
SCHED-TRACE 4243 18928 P 66 44f3e3d70
SCHED-TRACE 4244 18928 R 66 44f3e3d70
SCHED-TRACE 4245 18929 U 4 39e419
SCHED-TRACE 4246 18929 V 4 39e4d4
SCHED-TRACE 4247 18929 O 0 0
SCHED-TRACE 4248 18929 P 66 45136147a
SCHED-TRACE 4249 18930 K 60 412e30a3c
SCHED-TRACE 4250 18930 P 66 452ffd709
SCHED-TRACE 4251 18931 P 66 4544b0a3d
SCHED-TRACE 4252 18987 I 60 3a0dab
SCHED-TRACE 4253 18987 B 60 f3
SCHED-TRACE 4254 18987 P 60 44f3ab850
SCHED-TRACE 4255 18987 R 60 44f3ab850
SCHED-TRACE 4256 18988 U 4 3a0eec
SCHED-TRACE 4257 18988 V 4 3a0fa7
SCHED-TRACE 4258 18988 O 0 0
SCHED-TRACE 4259 18988 P 60 4512e8f5b
SCHED-TRACE 4260 18989 K 36 412f87ae0
SCHED-TRACE 4261 18989 P 60 452f851ea
SCHED-TRACE 4262 18990 P 60 4544428f4
SCHED-TRACE 4263 19046 I 36 3a3889
SCHED-TRACE 4264 19046 B 36 f3
SCHED-TRACE 4265 19046 P 36 44f5cf5c1
SCHED-TRACE 4266 19046 R 36 44f5cf5c1
SCHED-TRACE 4267 19047 U 4 3a39cb
SCHED-TRACE 4268 19047 V 4 3a3a86
SCHED-TRACE 4269 19047 O 0 0
SCHED-TRACE 4270 19047 P 36 45153ffff
SCHED-TRACE 4271 19048 K 57 412fb0a3c
SCHED-TRACE 4272 19048 P 36 4531dc28e
SCHED-TRACE 4273 19049 P 36 4546a147a
SCHED-TRACE 4274 19105 I 57 3a636b
SCHED-TRACE 4275 19105 B 57 f5
SCHED-TRACE 4276 19105 P 57 44f651eb7
SCHED-TRACE 4277 19105 R 57 44f651eb7
SCHED-TRACE 4278 19106 U 4 3a64af
SCHED-TRACE 4279 19106 V 4 3a656a
SCHED-TRACE 4280 19106 O 0 0
SCHED-TRACE 4281 19106 P 57 4515f0a3c
SCHED-TRACE 4282 19107 K 54 4131851ea
SCHED-TRACE 4283 19107 P 57 45328a3d6
SCHED-TRACE 4284 19108 P 57 4547428f4
SCHED-TRACE 4285 19164 I 54 3a8e51
SCHED-TRACE 4286 19164 B 54 f3
SCHED-TRACE 4287 19164 P 54 44f83ae13
SCHED-TRACE 4288 19164 R 54 44f83ae13
SCHED-TRACE 4289 19165 U 4 3a8f94
SCHED-TRACE 4290 19165 V 4 3a904f
SCHED-TRACE 4291 19165 O 0 0
SCHED-TRACE 4292 19165 P 54 4517bd709
SCHED-TRACE 4293 19166 K 51 4131e147a
SCHED-TRACE 4294 19166 P 54 45345c28e
SCHED-TRACE 4295 19167 P 54 45492147a
SCHED-TRACE 4296 19223 I 51 3ab93c
SCHED-TRACE 4297 19223 B 51 f4
SCHED-TRACE 4298 19223 P 51 44f90cccc
SCHED-TRACE 4299 19223 R 51 44f90cccc
SCHED-TRACE 4300 19224 U 4 3aba81
SCHED-TRACE 4301 19224 V 4 3abb3d
SCHED-TRACE 4302 19224 O 0 0
SCHED-TRACE 4303 19224 P 51 4518b851e
SCHED-TRACE 4304 19225 K 48 41330a3d5
SCHED-TRACE 4305 19225 P 51 453559999
SCHED-TRACE 4306 19226 P 51 454a1c28e
SCHED-TRACE 4307 19282 I 48 3ae422
SCHED-TRACE 4308 19282 B 48 f3
SCHED-TRACE 4309 19282 P 48 44f9a8f5b
SCHED-TRACE 4310 19282 R 48 44f9a8f5b
SCHED-TRACE 4311 19283 U 4 3ae566
SCHED-TRACE 4312 19283 V 4 3ae621
SCHED-TRACE 4313 19283 O 0 0
SCHED-TRACE 4314 19283 P 48 45194cccb
SCHED-TRACE 4315 19284 K 45 4134a3d6f
SCHED-TRACE 4316 19284 P 48 4535d70a2
SCHED-TRACE 4317 19285 P 48 454a8f5c1
SCHED-TRACE 4318 19341 I 45 3b0f08
SCHED-TRACE 4319 19341 B 45 f2
SCHED-TRACE 4320 19341 P 45 44fb68f5b
SCHED-TRACE 4321 19341 R 45 44fb68f5b
SCHED-TRACE 4322 19342 U 4 3b104b
SCHED-TRACE 4323 19342 V 4 3b1107
SCHED-TRACE 4324 19342 O 0 0
SCHED-TRACE 4325 19342 P 45 451b028f4
SCHED-TRACE 4326 19343 K 81 41366b851
SCHED-TRACE 4327 19343 P 45 4537a3d6f
SCHED-TRACE 4328 19344 P 45 454c61479
SCHED-TRACE 4329 19400 I 81 3b39f0
SCHED-TRACE 4330 19400 B 81 f5
SCHED-TRACE 4331 19400 P 81 44fd451eb
SCHED-TRACE 4332 19400 R 81 44fd451eb
SCHED-TRACE 4333 19401 U 4 3b3b33
SCHED-TRACE 4334 19401 V 4 3b3bee
SCHED-TRACE 4335 19401 O 0 0
SCHED-TRACE 4336 19401 P 81 451ca6665
SCHED-TRACE 4337 19402 K 78 41386b851
SCHED-TRACE 4338 19402 P 81 4539451eb
SCHED-TRACE 4339 19403 P 81 454e07ae0
SCHED-TRACE 4340 19459 I 78 3b64d5
SCHED-TRACE 4341 19459 B 78 f2
SCHED-TRACE 4342 19459 P 78 44ff07ae0
SCHED-TRACE 4343 19459 R 78 44ff07ae0
SCHED-TRACE 4344 19460 U 4 3b6617
SCHED-TRACE 4345 19460 V 4 3b66d3
SCHED-TRACE 4346 19460 O 0 0
SCHED-TRACE 4347 19460 P 78 451e6e146
SCHED-TRACE 4348 19461 K 75 4139eb851
SCHED-TRACE 4349 19461 P 78 453afd709
SCHED-TRACE 4350 19462 P 78 454fbd709
SCHED-TRACE 4351 19518 I 75 3b8fbb
SCHED-TRACE 4352 19518 B 75 f4
SCHED-TRACE 4353 19518 P 75 4500bffff
SCHED-TRACE 4354 19518 R 75 4500bffff
SCHED-TRACE 4355 19519 U 4 3b90fe
SCHED-TRACE 4356 19519 V 4 3b91b9
SCHED-TRACE 4357 19519 O 0 0
SCHED-TRACE 4358 19519 P 75 45203ffff
SCHED-TRACE 4359 19520 K 72 413d75c28
SCHED-TRACE 4360 19520 P 75 453cd9999
SCHED-TRACE 4361 19521 P 75 4551970a3
SCHED-TRACE 4362 19577 I 72 3bbaaa
SCHED-TRACE 4363 19577 B 72 f2
SCHED-TRACE 4364 19577 P 72 4504c28f5
SCHED-TRACE 4365 19577 R 72 4504c28f5
SCHED-TRACE 4366 19578 U 4 3bbbed
SCHED-TRACE 4367 19578 V 4 3bbca8
SCHED-TRACE 4368 19578 O 0 0
SCHED-TRACE 4369 19578 P 72 4524428f5
SCHED-TRACE 4370 19579 K 39 414219999
SCHED-TRACE 4371 19579 P 72 4540e3d70
SCHED-TRACE 4372 19580 P 72 4555a147a
SCHED-TRACE 4373 19636 I 39 3be587
SCHED-TRACE 4374 19636 B 39 f4
SCHED-TRACE 4375 19636 P 39 4508028f5
SCHED-TRACE 4376 19636 R 39 4508028f5
SCHED-TRACE 4377 19637 U 4 3be6c8
SCHED-TRACE 4378 19637 V 4 3be782
SCHED-TRACE 4379 19637 O 0 0
SCHED-TRACE 4380 19637 P 39 45272b851
SCHED-TRACE 4381 19638 K 33 41484e978
SCHED-TRACE 4382 19638 P 39 4543cf5c2
SCHED-TRACE 4383 19639 P 39 455887ae0
SCHED-TRACE 4384 19695 I 33 3c105d
SCHED-TRACE 4385 19695 B 33 f5
SCHED-TRACE 4386 19695 P 33 41a8de76c
SCHED-TRACE 4387 19695 R 33 41a8de76c
SCHED-TRACE 4388 19696 U 4 3c119d
SCHED-TRACE 4389 19696 V 4 3c1259
SCHED-TRACE 4390 19696 O 0 0
SCHED-TRACE 4391 19696 P 33 41abffbe6
SCHED-TRACE 4392 19697 K 33 41abffbe6
SCHED-TRACE 4393 19697 P 33 41aedb645
SCHED-TRACE 4394 19754 I 33 3c3af1
SCHED-TRACE 4395 19754 B 33 f1
SCHED-TRACE 4396 19754 P 33 4210d020b
SCHED-TRACE 4397 19754 R 33 4210d020b
SCHED-TRACE 4398 19755 U 4 3c3c32
SCHED-TRACE 4399 19755 V 4 3c3ced
SCHED-TRACE 4400 19755 O 0 0
SCHED-TRACE 4401 19755 P 33 4213f0624
SCHED-TRACE 4402 19756 K 33 4213f0624
SCHED-TRACE 4403 19756 P 33 4216cd916
SCHED-TRACE 4404 19813 I 33 3c6585
SCHED-TRACE 4405 19813 B 33 f4
SCHED-TRACE 4406 19813 P 33 4278c0418
SCHED-TRACE 4407 19813 R 33 4278c0418
SCHED-TRACE 4408 19814 U 4 3c66c6
SCHED-TRACE 4409 19814 V 4 3c6780
SCHED-TRACE 4410 19814 O 0 0
SCHED-TRACE 4411 19814 P 33 427bdced8
SCHED-TRACE 4412 19815 K 33 427bdced8
SCHED-TRACE 4413 19815 P 33 427eb9db1
SCHED-TRACE 4414 19872 I 33 3c901d
SCHED-TRACE 4415 19872 B 33 f4
SCHED-TRACE 4416 19872 P 33 42e0b6459
SCHED-TRACE 4417 19872 R 33 42e0b6459
SCHED-TRACE 4418 19873 U 4 3c915d
SCHED-TRACE 4419 19873 V 4 3c9219
SCHED-TRACE 4420 19873 O 0 0
SCHED-TRACE 4421 19873 P 33 42e3d7ced
SCHED-TRACE 4422 19874 K 33 42e3d7ced
SCHED-TRACE 4423 19874 P 33 42e6b3f7c
SCHED-TRACE 4424 19931 I 33 3cbaba
SCHED-TRACE 4425 19931 B 33 f2
SCHED-TRACE 4426 19931 P 33 4348b6872
SCHED-TRACE 4427 19931 R 33 4348b6872
SCHED-TRACE 4428 19932 U 4 3cbbfb
SCHED-TRACE 4429 19932 V 4 3cbcb7
SCHED-TRACE 4430 19932 O 0 0
SCHED-TRACE 4431 19932 P 33 434bd8105
SCHED-TRACE 4432 19933 K 33 434bd8105
SCHED-TRACE 4433 19933 P 33 434eb53f7
SCHED-TRACE 4434 19990 I 33 3ce552
SCHED-TRACE 4435 19990 B 33 f3
SCHED-TRACE 4436 19990 P 33 43b0ac8b3
SCHED-TRACE 4437 19990 R 33 43b0ac8b3
SCHED-TRACE 4438 19991 U 4 3ce693
SCHED-TRACE 4439 19991 V 4 3ce74f
SCHED-TRACE 4440 19991 O 0 0
SCHED-TRACE 4441 19991 P 33 43b3cd916
SCHED-TRACE 4442 19992 K 33 43b3cd916
SCHED-TRACE 4443 19992 P 33 43b6a872a
SCHED-TRACE 4444 20049 I 33 3d0fc8
SCHED-TRACE 4445 20049 B 33 ea
SCHED-TRACE 4446 20049 P 33 4418651eb
SCHED-TRACE 4447 20049 R 33 4418651eb
SCHED-TRACE 4448 20050 U 4 3d1105
SCHED-TRACE 4449 20050 V 4 3d11bc
SCHED-TRACE 4450 20050 O 0 0
SCHED-TRACE 4451 20050 P 33 441b774bb
SCHED-TRACE 4452 20051 K 33 441b774bb
SCHED-TRACE 4453 20051 P 33 441e4ed90
SCHED-TRACE 4454 20109 I 33 3d3a91
SCHED-TRACE 4455 20109 B 33 ee
SCHED-TRACE 4456 20109 P 33 4481378d4
SCHED-TRACE 4457 20109 R 33 4481378d4
SCHED-TRACE 4458 20110 U 4 3d3bce
SCHED-TRACE 4459 20110 V 4 3d3c87
SCHED-TRACE 4460 20110 O 0 0
SCHED-TRACE 4461 20110 P 33 448450624
SCHED-TRACE 4462 20111 K 33 448450624
SCHED-TRACE 4463 20111 P 33 448728b43
SCHED-TRACE 4464 20169 I 33 3d6572
SCHED-TRACE 4465 20169 B 33 ef
SCHED-TRACE 4466 20169 P 33 44ea36041
SCHED-TRACE 4467 20169 R 33 44ea36041
SCHED-TRACE 4468 20170 U 4 3d66b0
SCHED-TRACE 4469 20170 V 4 3d676a
SCHED-TRACE 4470 20170 O 0 0
SCHED-TRACE 4471 20170 P 33 44ed51686
SCHED-TRACE 4472 20171 K 33 44ed51686
SCHED-TRACE 4473 20171 P 33 44f02ac07
SCHED-TRACE 4474 20229 I 33 3d905d
SCHED-TRACE 4475 20229 B 33 ee
SCHED-TRACE 4476 20229 P 33 4553449b9
SCHED-TRACE 4477 20229 R 33 4553449b9
SCHED-TRACE 4478 20230 U 4 3d919c
SCHED-TRACE 4479 20230 V 4 3d9255
SCHED-TRACE 4480 20230 O 0 0
SCHED-TRACE 4481 20230 P 33 45565d709
SCHED-TRACE 4482 20231 K 63 4518570a3
SCHED-TRACE 4483 20231 P 33 4559374bb
SCHED-TRACE 4484 20232 P 33 455b49ba5
SCHED-TRACE 4485 20288 I 63 3dbaf7
SCHED-TRACE 4486 20288 B 63 f1
SCHED-TRACE 4487 20288 P 63 48da9eb84
SCHED-TRACE 4488 20288 R 63 48da9eb84
SCHED-TRACE 4489 20289 U 4 3dbc38
SCHED-TRACE 4490 20289 V 4 3dbcf3
SCHED-TRACE 4491 20289 O 0 0
SCHED-TRACE 4492 20289 P 63 48f9f851e
SCHED-TRACE 4493 20290 K 42 451b451ea
SCHED-TRACE 4494 20290 P 63 49167851e
SCHED-TRACE 4495 20291 P 63 492b2e147
SCHED-TRACE 4496 20347 I 42 3de595
SCHED-TRACE 4497 20347 B 42 f0
SCHED-TRACE 4498 20347 P 42 48dd5eb84
SCHED-TRACE 4499 20347 R 42 48dd5eb84
SCHED-TRACE 4500 20348 U 4 3de6d5
SCHED-TRACE 4501 20348 V 4 3de790
SCHED-TRACE 4502 20348 O 0 0
SCHED-TRACE 4503 20348 P 42 48fc9eb84
SCHED-TRACE 4504 20349 K 69 4526970a3
SCHED-TRACE 4505 20349 P 42 491928f5b
SCHED-TRACE 4506 20350 P 42 492dd70a2
SCHED-TRACE 4507 20406 I 69 3e1038
SCHED-TRACE 4508 20406 B 69 ef
SCHED-TRACE 4509 20406 P 69 48e91c28e
SCHED-TRACE 4510 20406 R 69 48e91c28e
SCHED-TRACE 4511 20407 U 4 3e1178
SCHED-TRACE 4512 20407 V 4 3e1232
SCHED-TRACE 4513 20407 O 0 0
SCHED-TRACE 4514 20407 P 69 49084cccc
SCHED-TRACE 4515 20408 K 60 4544428f4
SCHED-TRACE 4516 20408 P 69 4924d1eb7
SCHED-TRACE 4517 20409 P 69 493987ae0
SCHED-TRACE 4518 20465 I 60 3e3adc
SCHED-TRACE 4519 20465 B 60 f1
SCHED-TRACE 4520 20465 P 60 4906e1479
SCHED-TRACE 4521 20465 R 60 4906e1479
SCHED-TRACE 4522 20466 U 4 3e3c1d
SCHED-TRACE 4523 20466 V 4 3e3cd7
SCHED-TRACE 4524 20466 O 0 0
SCHED-TRACE 4525 20466 P 60 49261c28e
SCHED-TRACE 4526 20467 K 66 4544b0a3d
SCHED-TRACE 4527 20467 P 60 4942a1479
SCHED-TRACE 4528 20468 P 60 49575eb84
SCHED-TRACE 4529 20524 I 66 3e658e
SCHED-TRACE 4530 20524 B 66 f1
SCHED-TRACE 4531 20524 P 66 49085c28f
SCHED-TRACE 4532 20524 R 66 49085c28f
SCHED-TRACE 4533 20525 U 4 3e66d0
SCHED-TRACE 4534 20525 V 4 3e678a
SCHED-TRACE 4535 20525 O 0 0
SCHED-TRACE 4536 20525 P 66 4927c51eb
SCHED-TRACE 4537 20526 K 36 4546a147a
SCHED-TRACE 4538 20526 P 66 4944547ad
SCHED-TRACE 4539 20527 P 66 4959051eb
SCHED-TRACE 4540 20583 I 36 3e9041
SCHED-TRACE 4541 20583 B 36 f0
SCHED-TRACE 4542 20583 P 36 490a23d6f
SCHED-TRACE 4543 20583 R 36 490a23d6f
SCHED-TRACE 4544 20584 U 4 3e9181
SCHED-TRACE 4545 20584 V 4 3e923b
SCHED-TRACE 4546 20584 O 0 0
SCHED-TRACE 4547 20584 P 36 4929451ea
SCHED-TRACE 4548 20585 K 57 4547428f4
SCHED-TRACE 4549 20585 P 36 4945ccccb
SCHED-TRACE 4550 20586 P 36 495a87ae0
SCHED-TRACE 4551 20642 I 57 3ebaf3
SCHED-TRACE 4552 20642 B 57 f1
SCHED-TRACE 4553 20642 P 57 490afae13
SCHED-TRACE 4554 20642 R 57 490afae13
SCHED-TRACE 4555 20643 U 4 3ebc36
SCHED-TRACE 4556 20643 V 4 3ebcf0
SCHED-TRACE 4557 20643 O 0 0
SCHED-TRACE 4558 20643 P 57 492a70a3c
SCHED-TRACE 4559 20644 K 54 45492147a
SCHED-TRACE 4560 20644 P 57 4946f851d
SCHED-TRACE 4561 20645 P 57 495bb5c28
SCHED-TRACE 4562 20701 I 54 3ee5ad
SCHED-TRACE 4563 20701 B 54 f1
SCHED-TRACE 4564 20701 P 54 490d23d6f
SCHED-TRACE 4565 20701 R 54 490d23d6f
SCHED-TRACE 4566 20702 U 4 3ee6f0
SCHED-TRACE 4567 20702 V 4 3ee7ab
SCHED-TRACE 4568 20702 O 0 0
SCHED-TRACE 4569 20702 P 54 492ca6665
SCHED-TRACE 4570 20703 K 51 454a1c28e
SCHED-TRACE 4571 20703 P 54 49492b851
SCHED-TRACE 4572 20704 P 54 495ddeb84
SCHED-TRACE 4573 20760 I 51 3f1069
SCHED-TRACE 4574 20760 B 51 ef
SCHED-TRACE 4575 20760 P 51 490e30a3d
SCHED-TRACE 4576 20760 R 51 490e30a3d
SCHED-TRACE 4577 20761 U 4 3f11ab
SCHED-TRACE 4578 20761 V 4 3f1265
SCHED-TRACE 4579 20761 O 0 0
SCHED-TRACE 4580 20761 P 51 492d8a3d6
SCHED-TRACE 4581 20762 K 48 454a8f5c1
SCHED-TRACE 4582 20762 P 51 494a19999
SCHED-TRACE 4583 20763 P 51 495ed47ad
SCHED-TRACE 4584 20819 I 48 3f3b22
SCHED-TRACE 4585 20819 B 48 f3
SCHED-TRACE 4586 20819 P 48 490eab850
SCHED-TRACE 4587 20819 R 48 490eab850
SCHED-TRACE 4588 20820 U 4 3f3c65
SCHED-TRACE 4589 20820 V 4 3f3d20
SCHED-TRACE 4590 20820 O 0 0
SCHED-TRACE 4591 20820 P 48 492e2b850
SCHED-TRACE 4592 20821 K 45 454c61479
SCHED-TRACE 4593 20821 P 48 494ab851d
SCHED-TRACE 4594 20822 P 48 495f75c27
SCHED-TRACE 4595 20878 I 45 3f65e2
SCHED-TRACE 4596 20878 B 45 f3
SCHED-TRACE 4597 20878 P 45 4910b851d
SCHED-TRACE 4598 20878 R 45 4910b851d
SCHED-TRACE 4599 20879 U 4 3f6725
SCHED-TRACE 4600 20879 V 4 3f67e0
SCHED-TRACE 4601 20879 O 0 0
SCHED-TRACE 4602 20879 P 45 4930428f4
SCHED-TRACE 4603 20880 K 81 454e07ae0
SCHED-TRACE 4604 20880 P 45 494cbd709
SCHED-TRACE 4605 20881 P 45 49616e146
SCHED-TRACE 4606 20937 I 81 3f90a0
SCHED-TRACE 4607 20937 B 81 f0
SCHED-TRACE 4608 20937 P 81 491230a3d
SCHED-TRACE 4609 20937 R 81 491230a3d
SCHED-TRACE 4610 20938 U 4 3f91e1
SCHED-TRACE 4611 20938 V 4 3f929b
SCHED-TRACE 4612 20938 O 0 0
SCHED-TRACE 4613 20938 P 81 49316147a
SCHED-TRACE 4614 20939 K 78 454fbd709
SCHED-TRACE 4615 20939 P 81 494df0a3d
SCHED-TRACE 4616 20940 P 81 4962ae147
SCHED-TRACE 4617 20996 I 78 3fbb5d
SCHED-TRACE 4618 20996 B 78 f2
SCHED-TRACE 4619 20996 P 78 4913e3d6f
SCHED-TRACE 4620 20996 R 78 4913e3d6f
SCHED-TRACE 4621 20997 U 4 3fbc9e
SCHED-TRACE 4622 20997 V 4 3fbd59
SCHED-TRACE 4623 20997 O 0 0
SCHED-TRACE 4624 20997 P 78 49333ae13
SCHED-TRACE 4625 20998 K 75 4551970a3
SCHED-TRACE 4626 20998 P 78 494fccccc
SCHED-TRACE 4627 20999 P 78 49648a3d6
SCHED-TRACE 4628 21055 I 75 3fe620
SCHED-TRACE 4629 21055 B 75 f2
SCHED-TRACE 4630 21055 P 75 49162e147
SCHED-TRACE 4631 21055 R 75 49162e147
SCHED-TRACE 4632 21056 U 4 3fe762
SCHED-TRACE 4633 21056 V 4 3fe81d
SCHED-TRACE 4634 21056 O 0 0
SCHED-TRACE 4635 21056 P 75 4935947ad
SCHED-TRACE 4636 21057 K 72 4555a147a
SCHED-TRACE 4637 21057 P 75 495211eb7
SCHED-TRACE 4638 21058 P 75 4966c51eb
SCHED-TRACE 4639 21114 I 72 4010e6
SCHED-TRACE 4640 21114 B 72 f1
SCHED-TRACE 4641 21114 P 72 491a6147a
SCHED-TRACE 4642 21114 R 72 491a6147a
SCHED-TRACE 4643 21115 U 4 401227
SCHED-TRACE 4644 21115 V 4 4012e2
SCHED-TRACE 4645 21115 O 0 0
SCHED-TRACE 4646 21115 P 72 4939ae147
SCHED-TRACE 4647 21116 K 39 455887ae0
SCHED-TRACE 4648 21116 P 72 49563ffff
SCHED-TRACE 4649 21117 P 72 496af5c28
SCHED-TRACE 4650 21173 I 39 403ba0
SCHED-TRACE 4651 21173 B 39 f4
SCHED-TRACE 4652 21173 P 39 491c63d70
SCHED-TRACE 4653 21173 R 39 491c63d70
SCHED-TRACE 4654 21174 U 4 403ce0
SCHED-TRACE 4655 21174 V 4 403d9c
SCHED-TRACE 4656 21174 O 0 0
SCHED-TRACE 4657 21174 P 39 493bab851
SCHED-TRACE 4658 21175 K 33 455b49ba5
SCHED-TRACE 4659 21175 P 39 49583ffff
SCHED-TRACE 4660 21176 P 39 496cf851e
SCHED-TRACE 4661 21232 I 33 40665a
SCHED-TRACE 4662 21232 B 33 f2
SCHED-TRACE 4663 21232 P 33 45bba8f5b
SCHED-TRACE 4664 21232 R 33 45bba8f5b
SCHED-TRACE 4665 21233 U 4 406799
SCHED-TRACE 4666 21233 V 4 406854
SCHED-TRACE 4667 21233 O 0 0
SCHED-TRACE 4668 21233 P 33 45bec8311
SCHED-TRACE 4669 21234 K 33 45bec8311
SCHED-TRACE 4670 21234 P 33 45c1a1892
SCHED-TRACE 4671 21291 I 33 4090cf
SCHED-TRACE 4672 21291 B 33 f0
SCHED-TRACE 4673 21291 P 33 462361892
SCHED-TRACE 4674 21291 R 33 462361892
SCHED-TRACE 4675 21292 U 4 40920f
SCHED-TRACE 4676 21292 V 4 4092ca
SCHED-TRACE 4677 21292 O 0 0
SCHED-TRACE 4678 21292 P 33 46267ef9d
SCHED-TRACE 4679 21293 K 33 46267ef9d
SCHED-TRACE 4680 21293 P 33 46295a9fb
SCHED-TRACE 4681 21350 I 33 40bb43
SCHED-TRACE 4682 21350 B 33 f3
SCHED-TRACE 4683 21350 P 33 468b19167
SCHED-TRACE 4684 21350 R 33 468b19167
SCHED-TRACE 4685 21351 U 4 40bc83
SCHED-TRACE 4686 21351 V 4 40bd3e
SCHED-TRACE 4687 21351 O 0 0
SCHED-TRACE 4688 21351 P 33 468e37ced
SCHED-TRACE 4689 21352 K 33 468e37ced
SCHED-TRACE 4690 21352 P 33 469113332
SCHED-TRACE 4691 21409 I 33 40e5bb
SCHED-TRACE 4692 21409 B 33 f2
SCHED-TRACE 4693 21409 P 33 46f2dae14
SCHED-TRACE 4694 21409 R 33 46f2dae14
SCHED-TRACE 4695 21410 U 4 40e6fb
SCHED-TRACE 4696 21410 V 4 40e7b6
SCHED-TRACE 4697 21410 O 0 0
SCHED-TRACE 4698 21410 P 33 46f5fb22c
SCHED-TRACE 4699 21411 K 33 46f5fb22c
SCHED-TRACE 4700 21411 P 33 46f8d5c28
SCHED-TRACE 4701 21468 I 33 411035
SCHED-TRACE 4702 21468 B 33 f0
SCHED-TRACE 4703 21468 P 33 475a9ef9d
SCHED-TRACE 4704 21468 R 33 475a9ef9d
SCHED-TRACE 4705 21469 U 4 411175
SCHED-TRACE 4706 21469 V 4 41122f
SCHED-TRACE 4707 21469 O 0 0
SCHED-TRACE 4708 21469 P 33 475dba9fb
SCHED-TRACE 4709 21470 K 33 475dba9fb
SCHED-TRACE 4710 21470 P 33 476096041
SCHED-TRACE 4711 21527 I 33 413aa6
SCHED-TRACE 4712 21527 B 33 f3
SCHED-TRACE 4713 21527 P 33 47c2522d0
SCHED-TRACE 4714 21527 R 33 47c2522d0
SCHED-TRACE 4715 21528 U 4 413be5
SCHED-TRACE 4716 21528 V 4 413ca1
SCHED-TRACE 4717 21528 O 0 0
SCHED-TRACE 4718 21528 P 33 47c57126e
SCHED-TRACE 4719 21529 K 33 47c57126e
SCHED-TRACE 4720 21529 P 33 47c84c8b3
SCHED-TRACE 4721 21586 I 33 41651d
SCHED-TRACE 4722 21586 B 33 f3
SCHED-TRACE 4723 21586 P 33 482a10a3c
SCHED-TRACE 4724 21586 R 33 482a10a3c
SCHED-TRACE 4725 21587 U 4 41665d
SCHED-TRACE 4726 21587 V 4 416718
SCHED-TRACE 4727 21587 O 0 0
SCHED-TRACE 4728 21587 P 33 482d2fdf3
SCHED-TRACE 4729 21588 K 33 482d2fdf3
SCHED-TRACE 4730 21588 P 33 48300b851
SCHED-TRACE 4731 21645 I 33 418f98
SCHED-TRACE 4732 21645 B 33 f1
SCHED-TRACE 4733 21645 P 33 4891d3332
SCHED-TRACE 4734 21645 R 33 4891d3332
SCHED-TRACE 4735 21646 U 4 4190d7
SCHED-TRACE 4736 21646 V 4 419192
SCHED-TRACE 4737 21646 O 0 0
SCHED-TRACE 4738 21646 P 33 4894f1a9f
SCHED-TRACE 4739 21647 K 33 4894f1a9f
SCHED-TRACE 4740 21647 P 33 4897cd916
SCHED-TRACE 4741 21704 I 33 41ba12
SCHED-TRACE 4742 21704 B 33 f2
SCHED-TRACE 4743 21704 P 33 48f99851e
SCHED-TRACE 4744 21704 R 33 48f99851e
SCHED-TRACE 4745 21705 U 4 41bb52
SCHED-TRACE 4746 21705 V 4 41bc0d
SCHED-TRACE 4747 21705 O 0 0
SCHED-TRACE 4748 21705 P 33 48fcb78d4
SCHED-TRACE 4749 21706 K 33 48fcb78d4
SCHED-TRACE 4750 21706 P 33 48ff92f1a
SCHED-TRACE 4751 21763 I 33 41e48f
SCHED-TRACE 4752 21763 B 33 f3
SCHED-TRACE 4753 21763 P 33 496161061
SCHED-TRACE 4754 21763 R 33 496161061
SCHED-TRACE 4755 21764 U 4 41e5d0
SCHED-TRACE 4756 21764 V 4 41e68b
SCHED-TRACE 4757 21764 O 0 0
SCHED-TRACE 4758 21764 P 33 496480c49
SCHED-TRACE 4759 21765 K 63 492b2e147
SCHED-TRACE 4760 21765 P 33 49675ced8
SCHED-TRACE 4761 21766 P 33 496970a3c
SCHED-TRACE 4762 21822 I 63 420f62
SCHED-TRACE 4763 21822 B 63 f2
SCHED-TRACE 4764 21822 P 63 4cf0cf5c2
SCHED-TRACE 4765 21822 R 63 4cf0cf5c2
SCHED-TRACE 4766 21823 U 4 4210a4
SCHED-TRACE 4767 21823 V 4 42115f
SCHED-TRACE 4768 21823 O 0 0
SCHED-TRACE 4769 21823 P 63 4d1035c28
SCHED-TRACE 4770 21824 K 42 492dd70a2
SCHED-TRACE 4771 21824 P 63 4d2cc51eb
SCHED-TRACE 4772 21825 P 63 4d41828f5
SCHED-TRACE 4773 21881 I 42 423a2e
SCHED-TRACE 4774 21881 B 42 f3
SCHED-TRACE 4775 21881 P 42 4cf2ee146
SCHED-TRACE 4776 21881 R 42 4cf2ee146
SCHED-TRACE 4777 21882 U 4 423b6f
SCHED-TRACE 4778 21882 V 4 423c2a
SCHED-TRACE 4779 21882 O 0 0
SCHED-TRACE 4780 21882 P 42 4d1247ae0
SCHED-TRACE 4781 21883 K 69 493987ae0
SCHED-TRACE 4782 21883 P 42 4d2ed9998
SCHED-TRACE 4783 21884 P 42 4d43947ad
SCHED-TRACE 4784 21940 I 69 4264fd
SCHED-TRACE 4785 21940 B 69 f3
SCHED-TRACE 4786 21940 P 69 4cfee8f5b
SCHED-TRACE 4787 21940 R 69 4cfee8f5b
SCHED-TRACE 4788 21941 U 4 42663f
SCHED-TRACE 4789 21941 V 4 4266fa
SCHED-TRACE 4790 21941 O 0 0
SCHED-TRACE 4791 21941 P 69 4d1e5c28e
SCHED-TRACE 4792 21942 K 60 49575eb84
SCHED-TRACE 4793 21942 P 69 4d3af851e
SCHED-TRACE 4794 21943 P 69 4d4fab851
SCHED-TRACE 4795 21999 I 60 428fcb
SCHED-TRACE 4796 21999 B 60 f3
SCHED-TRACE 4797 21999 P 60 4d1c7851d
SCHED-TRACE 4798 21999 R 60 4d1c7851d
SCHED-TRACE 4799 22000 U 4 42910b
SCHED-TRACE 4800 22000 V 4 4291c6
SCHED-TRACE 4801 22000 O 0 0
SCHED-TRACE 4802 22000 P 60 4d3ba8f5b
SCHED-TRACE 4803 22001 K 66 4959051eb
SCHED-TRACE 4804 22001 P 60 4d583fffe
SCHED-TRACE 4805 22002 P 60 4d6cfd709
SCHED-TRACE 4806 22058 I 66 42ba99
SCHED-TRACE 4807 22058 B 66 f3
SCHED-TRACE 4808 22058 P 66 4d1e547ad
SCHED-TRACE 4809 22058 R 66 4d1e547ad
SCHED-TRACE 4810 22059 U 4 42bbdb
SCHED-TRACE 4811 22059 V 4 42bc96
SCHED-TRACE 4812 22059 O 0 0
SCHED-TRACE 4813 22059 P 66 4d3dcf5c2
SCHED-TRACE 4814 22060 K 36 495a87ae0
SCHED-TRACE 4815 22060 P 66 4d5a66666
SCHED-TRACE 4816 22061 P 66 4d6f23d70
SCHED-TRACE 4817 22117 I 36 42e56d
SCHED-TRACE 4818 22117 B 36 f3
SCHED-TRACE 4819 22117 P 36 4d1ff3332
SCHED-TRACE 4820 22117 R 36 4d1ff3332
SCHED-TRACE 4821 22118 U 4 42e6ae
SCHED-TRACE 4822 22118 V 4 42e76a
SCHED-TRACE 4823 22118 O 0 0
SCHED-TRACE 4824 22118 P 36 4d3f59998
SCHED-TRACE 4825 22119 K 57 495bb5c28
SCHED-TRACE 4826 22119 P 36 4d5bf5c28
SCHED-TRACE 4827 22120 P 36 4d70ab851
SCHED-TRACE 4828 22176 I 57 431044
SCHED-TRACE 4829 22176 B 57 f1
SCHED-TRACE 4830 22176 P 57 4d21851ea
SCHED-TRACE 4831 22176 R 57 4d21851ea
SCHED-TRACE 4832 22177 U 4 431187
SCHED-TRACE 4833 22177 V 4 431241
SCHED-TRACE 4834 22177 O 0 0
SCHED-TRACE 4835 22177 P 57 4d40e6665
SCHED-TRACE 4836 22178 K 54 495ddeb84
SCHED-TRACE 4837 22178 P 57 4d5d7ae13
SCHED-TRACE 4838 22179 P 57 4d723851d
SCHED-TRACE 4839 22235 I 54 433b0f
SCHED-TRACE 4840 22235 B 54 f4
SCHED-TRACE 4841 22235 P 54 4d22eb851
SCHED-TRACE 4842 22235 R 54 4d22eb851
SCHED-TRACE 4843 22236 U 4 433c52
SCHED-TRACE 4844 22236 V 4 433d0d
SCHED-TRACE 4845 22236 O 0 0
SCHED-TRACE 4846 22236 P 54 4d4270a3c
SCHED-TRACE 4847 22237 K 51 495ed47ad
SCHED-TRACE 4848 22237 P 54 4d5f051ea
SCHED-TRACE 4849 22238 P 54 4d73c28f5
SCHED-TRACE 4850 22294 I 51 4365de
SCHED-TRACE 4851 22294 B 51 f3
SCHED-TRACE 4852 22294 P 51 4d242147a
SCHED-TRACE 4853 22294 R 51 4d242147a
SCHED-TRACE 4854 22295 U 4 436721
SCHED-TRACE 4855 22295 V 4 4367dd
SCHED-TRACE 4856 22295 O 0 0
SCHED-TRACE 4857 22295 P 51 4d43b5c28
SCHED-TRACE 4858 22296 K 48 495f75c27
SCHED-TRACE 4859 22296 P 51 4d603851e
SCHED-TRACE 4860 22297 P 51 4d74eb851
SCHED-TRACE 4861 22353 I 48 4390b2
SCHED-TRACE 4862 22353 B 48 f1
SCHED-TRACE 4863 22353 P 48 4d24fd709
SCHED-TRACE 4864 22353 R 48 4d24fd709
SCHED-TRACE 4865 22354 U 4 4391f5
SCHED-TRACE 4866 22354 V 4 4392b0
SCHED-TRACE 4867 22354 O 0 0
SCHED-TRACE 4868 22354 P 48 4d4475c27
SCHED-TRACE 4869 22355 K 45 49616e146
SCHED-TRACE 4870 22355 P 48 4d610f5c1
SCHED-TRACE 4871 22356 P 48 4d75cf5c1
SCHED-TRACE 4872 22412 I 45 43bb86
SCHED-TRACE 4873 22412 B 45 f4
SCHED-TRACE 4874 22412 P 45 4d26f0a3c
SCHED-TRACE 4875 22412 R 45 4d26f0a3c
SCHED-TRACE 4876 22413 U 4 43bcca
SCHED-TRACE 4877 22413 V 4 43bd85
SCHED-TRACE 4878 22413 O 0 0
SCHED-TRACE 4879 22413 P 45 4d468f5c1
SCHED-TRACE 4880 22414 K 81 4962ae147
SCHED-TRACE 4881 22414 P 45 4d632b850
SCHED-TRACE 4882 22415 P 45 4d77e8f5b
SCHED-TRACE 4883 22471 I 81 43e65b
SCHED-TRACE 4884 22471 B 81 f2
SCHED-TRACE 4885 22471 P 81 4d2819999
SCHED-TRACE 4886 22471 R 81 4d2819999
SCHED-TRACE 4887 22472 U 4 43e79c
SCHED-TRACE 4888 22472 V 4 43e858
SCHED-TRACE 4889 22472 O 0 0
SCHED-TRACE 4890 22472 P 81 4d47828f5
SCHED-TRACE 4891 22473 K 78 49648a3d6
SCHED-TRACE 4892 22473 P 81 4d64051eb
SCHED-TRACE 4893 22474 P 81 4d78b851e
SCHED-TRACE 4894 22530 I 78 44112e
SCHED-TRACE 4895 22530 B 78 f1
SCHED-TRACE 4896 22530 P 78 4d29fd709
SCHED-TRACE 4897 22530 R 78 4d29fd709
SCHED-TRACE 4898 22531 U 4 44126e
SCHED-TRACE 4899 22531 V 4 441329
SCHED-TRACE 4900 22531 O 0 0
SCHED-TRACE 4901 22531 P 78 4d494f5c1
SCHED-TRACE 4902 22532 K 75 4966c51eb
SCHED-TRACE 4903 22532 P 78 4d65e8f5b
SCHED-TRACE 4904 22533 P 78 4d7aa147a
SCHED-TRACE 4905 22589 I 75 443bfa
SCHED-TRACE 4906 22589 B 75 f4
SCHED-TRACE 4907 22589 P 75 4d2bc7ae0
SCHED-TRACE 4908 22589 R 75 4d2bc7ae0
SCHED-TRACE 4909 22590 U 4 443d3c
SCHED-TRACE 4910 22590 V 4 443df6
SCHED-TRACE 4911 22590 O 0 0
SCHED-TRACE 4912 22590 P 75 4d4b170a3
SCHED-TRACE 4913 22591 K 33 496970a3c
SCHED-TRACE 4914 22591 P 75 4d67b0a3d
SCHED-TRACE 4915 22592 P 75 4d7c6b851
SCHED-TRACE 4916 22648 I 33 4466c9
SCHED-TRACE 4917 22648 B 33 f3
SCHED-TRACE 4918 22648 P 33 49c9f22d0
SCHED-TRACE 4919 22648 R 33 49c9f22d0
SCHED-TRACE 4920 22649 U 4 44680a
SCHED-TRACE 4921 22649 V 4 4468c6
SCHED-TRACE 4922 22649 O 0 0
SCHED-TRACE 4923 22649 P 33 49cd13f7c
SCHED-TRACE 4924 22650 K 72 496af5c28
SCHED-TRACE 4925 22650 P 33 49cfee978
SCHED-TRACE 4926 22651 P 33 49d201892
SCHED-TRACE 4927 22707 I 72 4491a4
SCHED-TRACE 4928 22707 B 72 f3
SCHED-TRACE 4929 22707 P 72 4d310f5c2
SCHED-TRACE 4930 22707 R 72 4d310f5c2
SCHED-TRACE 4931 22708 U 4 4492e5
SCHED-TRACE 4932 22708 V 4 4493a1
SCHED-TRACE 4933 22708 O 0 0
SCHED-TRACE 4934 22708 P 72 4d5087ae0
SCHED-TRACE 4935 22709 K 39 496cf851e
SCHED-TRACE 4936 22709 P 72 4d6d28f5b
SCHED-TRACE 4937 22710 P 72 4d81e3d70
SCHED-TRACE 4938 22766 I 39 44bc78
SCHED-TRACE 4939 22766 B 39 f4
SCHED-TRACE 4940 22766 P 39 4d327d709
SCHED-TRACE 4941 22766 R 39 4d327d709
SCHED-TRACE 4942 22767 U 4 44bdb9
SCHED-TRACE 4943 22767 V 4 44be74
SCHED-TRACE 4944 22767 O 0 0
SCHED-TRACE 4945 22767 P 39 4d51c28f5
SCHED-TRACE 4946 22768 K 33 49d201892
SCHED-TRACE 4947 22768 P 39 4d6e6147a
SCHED-TRACE 4948 22769 P 39 4d831eb84
SCHED-TRACE 4949 22825 I 33 44e74d
SCHED-TRACE 4950 22825 B 33 f3
SCHED-TRACE 4951 22825 P 33 4a328d4fd
SCHED-TRACE 4952 22825 R 33 4a328d4fd
SCHED-TRACE 4953 22826 U 4 44e88d
SCHED-TRACE 4954 22826 V 4 44e949
SCHED-TRACE 4955 22826 O 0 0
SCHED-TRACE 4956 22826 P 33 4a35ad0e4
SCHED-TRACE 4957 22827 K 33 4a35ad0e4
SCHED-TRACE 4958 22827 P 33 4a3887ae0
SCHED-TRACE 4959 22884 I 33 4511d5
SCHED-TRACE 4960 22884 B 33 f3
SCHED-TRACE 4961 22884 P 33 4a9a6a7ef
SCHED-TRACE 4962 22884 R 33 4a9a6a7ef
SCHED-TRACE 4963 22885 U 4 451315
SCHED-TRACE 4964 22885 V 4 4513d0
SCHED-TRACE 4965 22885 O 0 0
SCHED-TRACE 4966 22885 P 33 4a9d8978c
SCHED-TRACE 4967 22886 K 33 4a9d8978c
SCHED-TRACE 4968 22886 P 33 4aa0645a1
SCHED-TRACE 4969 22943 I 33 453c55
SCHED-TRACE 4970 22943 B 33 ef
SCHED-TRACE 4971 22943 P 33 4b0237ced
SCHED-TRACE 4972 22943 R 33 4b0237ced
SCHED-TRACE 4973 22944 U 4 453d95
SCHED-TRACE 4974 22944 V 4 453e50
SCHED-TRACE 4975 22944 O 0 0
SCHED-TRACE 4976 22944 P 33 4b0555c28
SCHED-TRACE 4977 22945 K 33 4b0555c28
SCHED-TRACE 4978 22945 P 33 4b08322d0
SCHED-TRACE 4979 23002 I 33 4566da
SCHED-TRACE 4980 23002 B 33 f3
SCHED-TRACE 4981 23002 P 33 4b6a0e55f
SCHED-TRACE 4982 23002 R 33 4b6a0e55f
SCHED-TRACE 4983 23003 U 4 45681b
SCHED-TRACE 4984 23003 V 4 4568d7
SCHED-TRACE 4985 23003 O 0 0
SCHED-TRACE 4986 23003 P 33 4b6d2fdf3
SCHED-TRACE 4987 23004 K 33 4b6d2fdf3
SCHED-TRACE 4988 23004 P 33 4b700a7ef
SCHED-TRACE 4989 23061 I 33 459163
SCHED-TRACE 4990 23061 B 33 f4
SCHED-TRACE 4991 23061 P 33 4bd1eac07
SCHED-TRACE 4992 23061 R 33 4bd1eac07
SCHED-TRACE 4993 23062 U 4 4592a3
SCHED-TRACE 4994 23062 V 4 45935e
SCHED-TRACE 4995 23062 O 0 0
SCHED-TRACE 4996 23062 P 33 4bd508f5b
SCHED-TRACE 4997 23063 K 33 4bd508f5b
SCHED-TRACE 4998 23063 P 33 4bd7e5e34
SCHED-TRACE 4999 23120 I 33 45bbe9
SCHED-TRACE 5000 23120 B 33 f5
SCHED-TRACE 5001 23120 P 33 4c39c24dc
SCHED-TRACE 5002 23120 R 33 4c39c24dc
SCHED-TRACE 5003 23121 U 4 45bd29
SCHED-TRACE 5004 23121 V 4 45bde4
SCHED-TRACE 5005 23121 O 0 0
SCHED-TRACE 5006 23121 P 33 4c3ce1061
SCHED-TRACE 5007 23122 K 33 4c3ce1061
SCHED-TRACE 5008 23122 P 33 4c3fbd709
SCHED-TRACE 5009 23179 I 33 45e674
SCHED-TRACE 5010 23179 B 33 f3
SCHED-TRACE 5011 23179 P 33 4ca1a1061
SCHED-TRACE 5012 23179 R 33 4ca1a1061
SCHED-TRACE 5013 23180 U 4 45e7b4
SCHED-TRACE 5014 23180 V 4 45e870
SCHED-TRACE 5015 23180 O 0 0
SCHED-TRACE 5016 23180 P 33 4ca4c24dc
SCHED-TRACE 5017 23181 K 33 4ca4c24dc
SCHED-TRACE 5018 23181 P 33 4ca79cac0
SCHED-TRACE 5019 23238 I 33 461102
SCHED-TRACE 5020 23238 B 33 f2
SCHED-TRACE 5021 23238 P 33 4d0987ef9
SCHED-TRACE 5022 23238 R 33 4d0987ef9
SCHED-TRACE 5023 23239 U 4 461242
SCHED-TRACE 5024 23239 V 4 4612fd
SCHED-TRACE 5025 23239 O 0 0
SCHED-TRACE 5026 23239 P 33 4d0ca6e97
SCHED-TRACE 5027 23240 K 33 4d0ca6e97
SCHED-TRACE 5028 23240 P 33 4d0f83957
SCHED-TRACE 5029 23297 I 33 463b89
SCHED-TRACE 5030 23297 B 33 f5
SCHED-TRACE 5031 23297 P 33 4d7162d0d
SCHED-TRACE 5032 23297 R 33 4d7162d0d
SCHED-TRACE 5033 23298 U 4 463cca
SCHED-TRACE 5034 23298 V 4 463d86
SCHED-TRACE 5035 23298 O 0 0
SCHED-TRACE 5036 23298 P 33 4d7484dd2
SCHED-TRACE 5037 23299 K 63 4d41828f5
SCHED-TRACE 5038 23299 P 33 4d7761cab
SCHED-TRACE 5039 23300 P 33 4d79753f7
SCHED-TRACE 5040 23356 I 63 466669
SCHED-TRACE 5041 23356 B 63 f4
SCHED-TRACE 5042 23356 P 63 51080f5c2
SCHED-TRACE 5043 23356 R 63 51080f5c2
SCHED-TRACE 5044 23357 U 4 4667ac
SCHED-TRACE 5045 23357 V 4 466868
SCHED-TRACE 5046 23357 O 0 0
SCHED-TRACE 5047 23357 P 63 5127a147a
SCHED-TRACE 5048 23358 K 42 4d43947ad
SCHED-TRACE 5049 23358 P 63 51442b851
SCHED-TRACE 5050 23359 P 63 5158e147a
SCHED-TRACE 5051 23415 I 42 46914a
SCHED-TRACE 5052 23415 B 42 f3
SCHED-TRACE 5053 23415 P 42 5109f3332
SCHED-TRACE 5054 23415 R 42 5109f3332
SCHED-TRACE 5055 23416 U 4 46928b
SCHED-TRACE 5056 23416 V 4 469346
SCHED-TRACE 5057 23416 O 0 0
SCHED-TRACE 5058 23416 P 42 51294f5c1
SCHED-TRACE 5059 23417 K 69 4d4fab851
SCHED-TRACE 5060 23417 P 42 5145ee146
SCHED-TRACE 5061 23418 P 42 515aab851
SCHED-TRACE 5062 23474 I 69 46bc2a
SCHED-TRACE 5063 23474 B 69 f4
SCHED-TRACE 5064 23474 P 69 51163ae13
SCHED-TRACE 5065 23474 R 69 51163ae13
SCHED-TRACE 5066 23475 U 4 46bd6d
SCHED-TRACE 5067 23475 V 4 46be28
SCHED-TRACE 5068 23475 O 0 0
SCHED-TRACE 5069 23475 P 69 5135a8f5b
SCHED-TRACE 5070 23476 K 60 4d6cfd709
SCHED-TRACE 5071 23476 P 69 515247ae0
SCHED-TRACE 5072 23477 P 69 516707ae0
SCHED-TRACE 5073 23533 I 60 46e70d
SCHED-TRACE 5074 23533 B 60 f3
SCHED-TRACE 5075 23533 P 60 51338a3d5
SCHED-TRACE 5076 23533 R 60 51338a3d5
SCHED-TRACE 5077 23534 U 4 46e84f
SCHED-TRACE 5078 23534 V 4 46e90a
SCHED-TRACE 5079 23534 O 0 0
SCHED-TRACE 5080 23534 P 60 5152d9998
SCHED-TRACE 5081 23535 K 66 4d6f23d70
SCHED-TRACE 5082 23535 P 60 516f68f5b
SCHED-TRACE 5083 23536 P 60 51842b850
SCHED-TRACE 5084 23592 I 66 4711f0
SCHED-TRACE 5085 23592 B 66 f3
SCHED-TRACE 5086 23592 P 66 5135cf5c2
SCHED-TRACE 5087 23592 R 66 5135cf5c2
SCHED-TRACE 5088 23593 U 4 471332
SCHED-TRACE 5089 23593 V 4 4713ed
SCHED-TRACE 5090 23593 O 0 0
SCHED-TRACE 5091 23593 P 66 51554f5c2
SCHED-TRACE 5092 23594 K 36 4d70ab851
SCHED-TRACE 5093 23594 P 66 5171deb84
SCHED-TRACE 5094 23595 P 66 51869c28f
SCHED-TRACE 5095 23651 I 36 473cc9
SCHED-TRACE 5096 23651 B 36 ef
SCHED-TRACE 5097 23651 P 36 51368f5c1
SCHED-TRACE 5098 23651 R 36 51368f5c1
SCHED-TRACE 5099 23652 U 4 473e0b
SCHED-TRACE 5100 23652 V 4 473ec6
SCHED-TRACE 5101 23652 O 0 0
SCHED-TRACE 5102 23652 P 36 5155e8f5b
SCHED-TRACE 5103 23653 K 57 4d723851d
SCHED-TRACE 5104 23653 P 36 51728a3d6
SCHED-TRACE 5105 23654 P 36 51874a3d6
SCHED-TRACE 5106 23710 I 57 4767ab
SCHED-TRACE 5107 23710 B 57 f3
SCHED-TRACE 5108 23710 P 57 5138ee146
SCHED-TRACE 5109 23710 R 57 5138ee146
SCHED-TRACE 5110 23711 U 4 4768ef
SCHED-TRACE 5111 23711 V 4 4769ab
SCHED-TRACE 5112 23711 O 0 0
SCHED-TRACE 5113 23711 P 57 5158828f4
SCHED-TRACE 5114 23712 K 54 4d73c28f5
SCHED-TRACE 5115 23712 P 57 517526665
SCHED-TRACE 5116 23713 P 57 5189e8f5b
SCHED-TRACE 5117 23769 I 54 479292
SCHED-TRACE 5118 23769 B 54 f4
SCHED-TRACE 5119 23769 P 54 513aab851
SCHED-TRACE 5120 23769 R 54 513aab851
SCHED-TRACE 5121 23770 U 4 4793d5
SCHED-TRACE 5122 23770 V 4 479490
SCHED-TRACE 5123 23770 O 0 0
SCHED-TRACE 5124 23770 P 54 515a3ffff
SCHED-TRACE 5125 23771 K 51 4d74eb851
SCHED-TRACE 5126 23771 P 54 5176d47ad
SCHED-TRACE 5127 23772 P 54 518b9c28e
SCHED-TRACE 5128 23828 I 51 47bd7b
SCHED-TRACE 5129 23828 B 51 f1
SCHED-TRACE 5130 23828 P 51 513bfd709
SCHED-TRACE 5131 23828 R 51 513bfd709
SCHED-TRACE 5132 23829 U 4 47bebe
SCHED-TRACE 5133 23829 V 4 47bf7a
SCHED-TRACE 5134 23829 O 0 0
SCHED-TRACE 5135 23829 P 51 515ba3d70
SCHED-TRACE 5136 23830 K 48 4d75cf5c1
SCHED-TRACE 5137 23830 P 51 51784f5c2
SCHED-TRACE 5138 23831 P 51 518d0f5c2
SCHED-TRACE 5139 23887 I 48 47e86a
SCHED-TRACE 5140 23887 B 48 f4
SCHED-TRACE 5141 23887 P 48 513d4cccb
SCHED-TRACE 5142 23887 R 48 513d4cccb
SCHED-TRACE 5143 23888 U 4 47e9ae
SCHED-TRACE 5144 23888 V 4 47ea69
SCHED-TRACE 5145 23888 O 0 0
SCHED-TRACE 5146 23888 P 48 515cccccb
SCHED-TRACE 5147 23889 K 45 4d77e8f5b
SCHED-TRACE 5148 23889 P 48 517970a3c
SCHED-TRACE 5149 23890 P 48 518e35c27
SCHED-TRACE 5150 23946 I 45 481357
SCHED-TRACE 5151 23946 B 45 f4
SCHED-TRACE 5152 23946 P 45 513f4f5c1
SCHED-TRACE 5153 23946 R 45 513f4f5c1
SCHED-TRACE 5154 23947 U 4 48149b
SCHED-TRACE 5155 23947 V 4 481557
SCHED-TRACE 5156 23947 O 0 0
SCHED-TRACE 5157 23947 P 45 515ef0a3c
SCHED-TRACE 5158 23948 K 81 4d78b851e
SCHED-TRACE 5159 23948 P 45 517b828f4
SCHED-TRACE 5160 23949 P 45 519047ae0
SCHED-TRACE 5161 24005 I 81 483e3f
SCHED-TRACE 5162 24005 B 81 ed
SCHED-TRACE 5163 24005 P 81 513f99999
SCHED-TRACE 5164 24005 R 81 513f99999
SCHED-TRACE 5165 24006 U 4 483f81
SCHED-TRACE 5166 24006 V 4 48403c
SCHED-TRACE 5167 24006 O 0 0
SCHED-TRACE 5168 24006 P 81 515f0f5c2
SCHED-TRACE 5169 24007 K 33 4d79753f7
SCHED-TRACE 5170 24007 P 81 517bb0a3d
SCHED-TRACE 5171 24008 P 81 51906e147
SCHED-TRACE 5172 24064 I 33 486927
SCHED-TRACE 5173 24064 B 33 f4
SCHED-TRACE 5174 24064 P 33 4dda25e34
SCHED-TRACE 5175 24064 R 33 4dda25e34
SCHED-TRACE 5176 24065 U 4 486a67
SCHED-TRACE 5177 24065 V 4 486b21
SCHED-TRACE 5178 24065 O 0 0
SCHED-TRACE 5179 24065 P 33 4ddd45e34
SCHED-TRACE 5180 24066 K 78 4d7aa147a
SCHED-TRACE 5181 24066 P 33 4de02353f
SCHED-TRACE 5182 24067 P 33 4de2370a3
SCHED-TRACE 5183 24123 I 78 489415
SCHED-TRACE 5184 24123 B 78 f4
SCHED-TRACE 5185 24123 P 78 514268f5b
SCHED-TRACE 5186 24123 R 78 514268f5b
SCHED-TRACE 5187 24124 U 4 489558
SCHED-TRACE 5188 24124 V 4 489613
SCHED-TRACE 5189 24124 O 0 0
SCHED-TRACE 5190 24124 P 78 5161deb84
SCHED-TRACE 5191 24125 K 75 4d7c6b851
SCHED-TRACE 5192 24125 P 78 517e851ea
SCHED-TRACE 5193 24126 P 78 51934f5c1
SCHED-TRACE 5194 24182 I 75 48bf08
SCHED-TRACE 5195 24182 B 75 f4
SCHED-TRACE 5196 24182 P 75 51444cccc
SCHED-TRACE 5197 24182 R 75 51444cccc
SCHED-TRACE 5198 24183 U 4 48c04b
SCHED-TRACE 5199 24183 V 4 48c107
SCHED-TRACE 5200 24183 O 0 0
SCHED-TRACE 5201 24183 P 75 5163d70a3
SCHED-TRACE 5202 24184 K 72 4d81e3d70
SCHED-TRACE 5203 24184 P 75 518075c28
SCHED-TRACE 5204 24185 P 75 51953ffff
SCHED-TRACE 5205 24241 I 72 48ea00
SCHED-TRACE 5206 24241 B 72 f3
SCHED-TRACE 5207 24241 P 72 514a0a3d6
SCHED-TRACE 5208 24241 R 72 514a0a3d6
SCHED-TRACE 5209 24242 U 4 48eb42
SCHED-TRACE 5210 24242 V 4 48ebfe
SCHED-TRACE 5211 24242 O 0 0
SCHED-TRACE 5212 24242 P 72 5169947ad
SCHED-TRACE 5213 24243 K 39 4d831eb84
SCHED-TRACE 5214 24243 P 72 51863ae14
SCHED-TRACE 5215 24244 P 72 519b028f5
SCHED-TRACE 5216 24300 I 39 4914f2
SCHED-TRACE 5217 24300 B 39 f4
SCHED-TRACE 5218 24300 P 39 514ad47ad
SCHED-TRACE 5219 24300 R 39 514ad47ad
SCHED-TRACE 5220 24301 U 4 491633
SCHED-TRACE 5221 24301 V 4 4916ef
SCHED-TRACE 5222 24301 O 0 0
SCHED-TRACE 5223 24301 P 39 516a33332
SCHED-TRACE 5224 24302 K 33 4de2370a3
SCHED-TRACE 5225 24302 P 39 5186d9999
SCHED-TRACE 5226 24303 P 39 519b947ad
SCHED-TRACE 5227 24359 I 33 493fd1
SCHED-TRACE 5228 24359 B 33 f4
SCHED-TRACE 5229 24359 P 33 4e42def9d
SCHED-TRACE 5230 24359 R 33 4e42def9d
SCHED-TRACE 5231 24360 U 4 494112
SCHED-TRACE 5232 24360 V 4 4941cd
SCHED-TRACE 5233 24360 O 0 0
SCHED-TRACE 5234 24360 P 33 4e45feb84
SCHED-TRACE 5235 24361 K 33 4e45feb84
SCHED-TRACE 5236 24361 P 33 4e48dc6a7
SCHED-TRACE 5237 24418 I 33 496a6b
SCHED-TRACE 5238 24418 B 33 f3
SCHED-TRACE 5239 24418 P 33 4eaae3d70
SCHED-TRACE 5240 24418 R 33 4eaae3d70
SCHED-TRACE 5241 24419 U 4 496bab
SCHED-TRACE 5242 24419 V 4 496c67
SCHED-TRACE 5243 24419 O 0 0
SCHED-TRACE 5244 24419 P 33 4eae05e34
SCHED-TRACE 5245 24420 K 33 4eae05e34
SCHED-TRACE 5246 24420 P 33 4eb0e353f
SCHED-TRACE 5247 24477 I 33 49950a
SCHED-TRACE 5248 24477 B 33 f5
SCHED-TRACE 5249 24477 P 33 4f12f6872
SCHED-TRACE 5250 24477 R 33 4f12f6872
SCHED-TRACE 5251 24478 U 4 49964b
SCHED-TRACE 5252 24478 V 4 499707
SCHED-TRACE 5253 24478 O 0 0
SCHED-TRACE 5254 24478 P 33 4f1618936
SCHED-TRACE 5255 24479 K 33 4f1618936
SCHED-TRACE 5256 24479 P 33 4f18f6459
SCHED-TRACE 5257 24536 I 33 49bfaa
SCHED-TRACE 5258 24536 B 33 f3
SCHED-TRACE 5259 24536 P 33 4f7b08311
SCHED-TRACE 5260 24536 R 33 4f7b08311
SCHED-TRACE 5261 24537 U 4 49c0eb
SCHED-TRACE 5262 24537 V 4 49c1a7
SCHED-TRACE 5263 24537 O 0 0
SCHED-TRACE 5264 24537 P 33 4f7e2b438
SCHED-TRACE 5265 24538 K 33 4f7e2b438
SCHED-TRACE 5266 24538 P 33 4f8108f5b
SCHED-TRACE 5267 24595 I 33 49ea4d
SCHED-TRACE 5268 24595 B 33 f1
SCHED-TRACE 5269 24595 P 33 4fe31ffff
SCHED-TRACE 5270 24595 R 33 4fe31ffff
SCHED-TRACE 5271 24596 U 4 49eb8d
SCHED-TRACE 5272 24596 V 4 49ec49
SCHED-TRACE 5273 24596 O 0 0
SCHED-TRACE 5274 24596 P 33 4fe6428f5
SCHED-TRACE 5275 24597 K 33 4fe6428f5
SCHED-TRACE 5276 24597 P 33 4fe91fbe6
SCHED-TRACE 5277 24654 I 33 4a14f1
SCHED-TRACE 5278 24654 B 33 f4
SCHED-TRACE 5279 24654 P 33 504b39167
SCHED-TRACE 5280 24654 R 33 504b39167
SCHED-TRACE 5281 24655 U 4 4a1631
SCHED-TRACE 5282 24655 V 4 4a16ed
SCHED-TRACE 5283 24655 O 0 0
SCHED-TRACE 5284 24655 P 33 504e59db1
SCHED-TRACE 5285 24656 K 33 504e59db1
SCHED-TRACE 5286 24656 P 33 505136872
SCHED-TRACE 5287 24713 I 33 4a3f81
SCHED-TRACE 5288 24713 B 33 f3
SCHED-TRACE 5289 24713 P 33 50b3220c4
SCHED-TRACE 5290 24713 R 33 50b3220c4
SCHED-TRACE 5291 24714 U 4 4a40c1
SCHED-TRACE 5292 24714 V 4 4a417d
SCHED-TRACE 5293 24714 O 0 0
SCHED-TRACE 5294 24714 P 33 50b643126
SCHED-TRACE 5295 24715 K 33 50b643126
SCHED-TRACE 5296 24715 P 33 50b91f7ce
SCHED-TRACE 5297 24772 I 33 4a6a14
SCHED-TRACE 5298 24772 B 33 f3
SCHED-TRACE 5299 24772 P 33 511b0f9da
SCHED-TRACE 5300 24772 R 33 511b0f9da
SCHED-TRACE 5301 24773 U 4 4a6b54
SCHED-TRACE 5302 24773 V 4 4a6c0f
SCHED-TRACE 5303 24773 O 0 0
SCHED-TRACE 5304 24773 P 33 511e30624
SCHED-TRACE 5305 24774 K 33 511e30624
SCHED-TRACE 5306 24774 P 33 51210d0e4
SCHED-TRACE 5307 24831 I 33 4a94a8
SCHED-TRACE 5308 24831 B 33 f5
SCHED-TRACE 5309 24831 P 33 518301892
SCHED-TRACE 5310 24831 R 33 518301892
SCHED-TRACE 5311 24832 U 4 4a95e9
SCHED-TRACE 5312 24832 V 4 4a96a4
SCHED-TRACE 5313 24832 O 0 0
SCHED-TRACE 5314 24832 P 33 5186228f5
SCHED-TRACE 5315 24833 K 63 5158e147a
SCHED-TRACE 5316 24833 P 33 5188ff7ce
SCHED-TRACE 5317 24834 P 33 518b1374b
SCHED-TRACE 5318 24890 I 63 4abf93
SCHED-TRACE 5319 24890 B 63 f4
SCHED-TRACE 5320 24890 P 63 55200a3d6
SCHED-TRACE 5321 24890 R 63 55200a3d6
SCHED-TRACE 5322 24891 U 4 4ac0d6
SCHED-TRACE 5323 24891 V 4 4ac192
SCHED-TRACE 5324 24891 O 0 0
SCHED-TRACE 5325 24891 P 63 553f9eb84
SCHED-TRACE 5326 24892 K 42 515aab851
SCHED-TRACE 5327 24892 P 63 555c3ffff
SCHED-TRACE 5328 24893 P 63 5571028f5
SCHED-TRACE 5329 24949 I 42 4aea7e
SCHED-TRACE 5330 24949 B 42 f3
SCHED-TRACE 5331 24949 P 42 552199998
SCHED-TRACE 5332 24949 R 42 552199998
SCHED-TRACE 5333 24950 U 4 4aebbe
SCHED-TRACE 5334 24950 V 4 4aec7a
SCHED-TRACE 5335 24950 O 0 0
SCHED-TRACE 5336 24950 P 42 5541051ea
SCHED-TRACE 5337 24951 K 69 516707ae0
SCHED-TRACE 5338 24951 P 42 555da3d6f
SCHED-TRACE 5339 24952 P 42 557268f5b
SCHED-TRACE 5340 25008 I 69 4b1564
SCHED-TRACE 5341 25008 B 69 f4
SCHED-TRACE 5342 25008 P 69 552dc7ae0
SCHED-TRACE 5343 25008 R 69 552dc7ae0
SCHED-TRACE 5344 25009 U 4 4b16a6
SCHED-TRACE 5345 25009 V 4 4b1761
SCHED-TRACE 5346 25009 O 0 0
SCHED-TRACE 5347 25009 P 69 554d3d709
SCHED-TRACE 5348 25010 K 60 51842b850
SCHED-TRACE 5349 25010 P 69 5569dc28e
SCHED-TRACE 5350 25011 P 69 557e91eb7
SCHED-TRACE 5351 25067 I 60 4b4042
SCHED-TRACE 5352 25067 B 60 f3
SCHED-TRACE 5353 25067 P 60 554a4a3d5
SCHED-TRACE 5354 25067 R 60 554a4a3d5
SCHED-TRACE 5355 25068 U 4 4b4183
SCHED-TRACE 5356 25068 V 4 4b423e
SCHED-TRACE 5357 25068 O 0 0
SCHED-TRACE 5358 25068 P 60 5569947ad
SCHED-TRACE 5359 25069 K 66 51869c28f
SCHED-TRACE 5360 25069 P 60 558633332
SCHED-TRACE 5361 25070 P 60 559af3332
SCHED-TRACE 5362 25126 I 66 4b6b22
SCHED-TRACE 5363 25126 B 66 f3
SCHED-TRACE 5364 25126 P 66 554d11eb7
SCHED-TRACE 5365 25126 R 66 554d11eb7
SCHED-TRACE 5366 25127 U 4 4b6c65
SCHED-TRACE 5367 25127 V 4 4b6d20
SCHED-TRACE 5368 25127 O 0 0
SCHED-TRACE 5369 25127 P 66 556c970a3
SCHED-TRACE 5370 25128 K 36 51874a3d6
SCHED-TRACE 5371 25128 P 66 558933332
SCHED-TRACE 5372 25129 P 66 559df0a3d
SCHED-TRACE 5373 25185 I 36 4b9604
SCHED-TRACE 5374 25185 B 36 f5
SCHED-TRACE 5375 25185 P 36 554d8cccb
SCHED-TRACE 5376 25185 R 36 554d8cccb
SCHED-TRACE 5377 25186 U 4 4b9745
SCHED-TRACE 5378 25186 V 4 4b9801
SCHED-TRACE 5379 25186 O 0 0
SCHED-TRACE 5380 25186 P 36 556cee146
SCHED-TRACE 5381 25187 K 57 5189e8f5b
SCHED-TRACE 5382 25187 P 36 55897d709
SCHED-TRACE 5383 25188 P 36 559e33332
SCHED-TRACE 5384 25244 I 57 4bc0e8
SCHED-TRACE 5385 25244 B 57 f4
SCHED-TRACE 5386 25244 P 57 5550851ea
SCHED-TRACE 5387 25244 R 57 5550851ea
SCHED-TRACE 5388 25245 U 4 4bc22c
SCHED-TRACE 5389 25245 V 4 4bc2e8
SCHED-TRACE 5390 25245 O 0 0
SCHED-TRACE 5391 25245 P 57 557011eb7
SCHED-TRACE 5392 25246 K 33 518b1374b
SCHED-TRACE 5393 25246 P 57 558cb5c28
SCHED-TRACE 5394 25247 P 57 55a170a3c
SCHED-TRACE 5395 25303 I 33 4bebcb
SCHED-TRACE 5396 25303 B 33 f4
SCHED-TRACE 5397 25303 P 33 51ebb0a3c
SCHED-TRACE 5398 25303 R 33 51ebb0a3c
SCHED-TRACE 5399 25304 U 4 4bed0c
SCHED-TRACE 5400 25304 V 4 4bedc7
SCHED-TRACE 5401 25304 O 0 0
SCHED-TRACE 5402 25304 P 33 51eed2b01
SCHED-TRACE 5403 25305 K 54 518b9c28e
SCHED-TRACE 5404 25305 P 33 51f1af9da
SCHED-TRACE 5405 25306 P 33 51f3c353f
SCHED-TRACE 5406 25362 I 54 4c16b6
SCHED-TRACE 5407 25362 B 54 f2
SCHED-TRACE 5408 25362 P 54 5552d1eb7
SCHED-TRACE 5409 25362 R 54 5552d1eb7
SCHED-TRACE 5410 25363 U 4 4c17fa
SCHED-TRACE 5411 25363 V 4 4c18b6
SCHED-TRACE 5412 25363 O 0 0
SCHED-TRACE 5413 25363 P 54 55726b851
SCHED-TRACE 5414 25364 K 51 518d0f5c2
SCHED-TRACE 5415 25364 P 54 558efd709
SCHED-TRACE 5416 25365 P 54 55a3c28f5
SCHED-TRACE 5417 25421 I 51 4c41a5
SCHED-TRACE 5418 25421 B 51 f4
SCHED-TRACE 5419 25421 P 51 55545eb84
SCHED-TRACE 5420 25421 R 51 55545eb84
SCHED-TRACE 5421 25422 U 4 4c42e9
SCHED-TRACE 5422 25422 V 4 4c43a5
SCHED-TRACE 5423 25422 O 0 0
SCHED-TRACE 5424 25422 P 51 55740f5c2
SCHED-TRACE 5425 25423 K 48 518e35c27
SCHED-TRACE 5426 25423 P 51 5590a147a
SCHED-TRACE 5427 25424 P 51 55a563d70
SCHED-TRACE 5428 25480 I 48 4c6c1f
SCHED-TRACE 5429 25480 B 48 ed
SCHED-TRACE 5430 25480 P 48 554da8f5b
SCHED-TRACE 5431 25480 R 48 554da8f5b
SCHED-TRACE 5432 25481 U 4 4c6d5f
SCHED-TRACE 5433 25481 V 4 4c6e18
SCHED-TRACE 5434 25481 O 0 0
SCHED-TRACE 5435 25481 P 48 556cee146
SCHED-TRACE 5436 25482 K 45 519047ae0
SCHED-TRACE 5437 25482 P 48 55895eb83
SCHED-TRACE 5438 25483 P 48 559e0f5c1
SCHED-TRACE 5439 25539 I 45 4c96a2
SCHED-TRACE 5440 25539 B 45 ee
SCHED-TRACE 5441 25539 P 45 5550fd709
SCHED-TRACE 5442 25539 R 45 5550fd709
SCHED-TRACE 5443 25540 U 4 4c97e4
SCHED-TRACE 5444 25540 V 4 4c989d
SCHED-TRACE 5445 25540 O 0 0
SCHED-TRACE 5446 25540 P 45 55704f5c1
SCHED-TRACE 5447 25541 K 81 51906e147
SCHED-TRACE 5448 25541 P 45 558cca3d5
SCHED-TRACE 5449 25542 P 45 55a17fffe
SCHED-TRACE 5450 25598 I 81 4cc130
SCHED-TRACE 5451 25598 B 81 f0
SCHED-TRACE 5452 25598 P 81 5551970a3
SCHED-TRACE 5453 25598 R 81 5551970a3
SCHED-TRACE 5454 25599 U 4 4cc270
SCHED-TRACE 5455 25599 V 4 4cc32a
SCHED-TRACE 5456 25599 O 0 0
SCHED-TRACE 5457 25599 P 81 5570ccccc
SCHED-TRACE 5458 25600 K 78 51934f5c1
SCHED-TRACE 5459 25600 P 81 558d3ffff
SCHED-TRACE 5460 25601 P 81 55a1f5c28
SCHED-TRACE 5461 25657 I 78 4cebc5
SCHED-TRACE 5462 25657 B 78 ee
SCHED-TRACE 5463 25657 P 78 55550f5c1
SCHED-TRACE 5464 25657 R 78 55550f5c1
SCHED-TRACE 5465 25658 U 4 4ced04
SCHED-TRACE 5466 25658 V 4 4cedbe
SCHED-TRACE 5467 25658 O 0 0
SCHED-TRACE 5468 25658 P 78 557447ae0
SCHED-TRACE 5469 25659 K 75 51953ffff
SCHED-TRACE 5470 25659 P 78 5590ca3d6
SCHED-TRACE 5471 25660 P 78 55a57d709
SCHED-TRACE 5472 25716 I 75 4d1660
SCHED-TRACE 5473 25716 B 75 f1
SCHED-TRACE 5474 25716 P 75 555768f5b
SCHED-TRACE 5475 25716 R 75 555768f5b
SCHED-TRACE 5476 25717 U 4 4d17a1
SCHED-TRACE 5477 25717 V 4 4d185b
SCHED-TRACE 5478 25717 O 0 0
SCHED-TRACE 5479 25717 P 75 5576a147a
SCHED-TRACE 5480 25718 K 72 519b028f5
SCHED-TRACE 5481 25718 P 75 559326665
SCHED-TRACE 5482 25719 P 75 55a7deb84
SCHED-TRACE 5483 25775 I 72 4d4102
SCHED-TRACE 5484 25775 B 72 f1
SCHED-TRACE 5485 25775 P 72 555d70a3c
SCHED-TRACE 5486 25775 R 72 555d70a3c
SCHED-TRACE 5487 25776 U 4 4d4243
SCHED-TRACE 5488 25776 V 4 4d42fd
SCHED-TRACE 5489 25776 O 0 0
SCHED-TRACE 5490 25776 P 72 557cc51eb
SCHED-TRACE 5491 25777 K 39 519b947ad
SCHED-TRACE 5492 25777 P 72 55993ffff
SCHED-TRACE 5493 25778 P 72 55adf5c28
SCHED-TRACE 5494 25834 I 39 4d6ba5
SCHED-TRACE 5495 25834 B 39 f0
SCHED-TRACE 5496 25834 P 39 555df5c28
SCHED-TRACE 5497 25834 R 39 555df5c28
SCHED-TRACE 5498 25835 U 4 4d6ce3
SCHED-TRACE 5499 25835 V 4 4d6d9d
SCHED-TRACE 5500 25835 O 0 0
SCHED-TRACE 5501 25835 P 39 557cfd709
SCHED-TRACE 5502 25836 K 33 51f3c353f
SCHED-TRACE 5503 25836 P 39 5599851ea
SCHED-TRACE 5504 25837 P 39 55ae35c28
SCHED-TRACE 5505 25893 I 33 4d9646
SCHED-TRACE 5506 25893 B 33 f1
SCHED-TRACE 5507 25893 P 33 52540147a
SCHED-TRACE 5508 25893 R 33 52540147a
SCHED-TRACE 5509 25894 U 4 4d9785
SCHED-TRACE 5510 25894 V 4 4d9840
SCHED-TRACE 5511 25894 O 0 0
SCHED-TRACE 5512 25894 P 33 52571ced8
SCHED-TRACE 5513 25895 K 33 52571ced8
SCHED-TRACE 5514 25895 P 33 5259f78d4
SCHED-TRACE 5515 25952 I 33 4dc0ac
SCHED-TRACE 5516 25952 B 33 f1
SCHED-TRACE 5517 25952 P 33 52bba72af
SCHED-TRACE 5518 25952 R 33 52bba72af
SCHED-TRACE 5519 25953 U 4 4dc1eb
SCHED-TRACE 5520 25953 V 4 4dc2a6
SCHED-TRACE 5521 25953 O 0 0
SCHED-TRACE 5522 25953 P 33 52bec4dd2
SCHED-TRACE 5523 25954 K 33 52bec4dd2
SCHED-TRACE 5524 25954 P 33 52c19eb84
SCHED-TRACE 5525 26011 I 33 4deb13
SCHED-TRACE 5526 26011 B 33 f1
SCHED-TRACE 5527 26011 P 33 53234dd2e
SCHED-TRACE 5528 26011 R 33 53234dd2e
SCHED-TRACE 5529 26012 U 4 4dec53
SCHED-TRACE 5530 26012 V 4 4ded0c
SCHED-TRACE 5531 26012 O 0 0
SCHED-TRACE 5532 26012 P 33 532667ae0
SCHED-TRACE 5533 26013 K 33 532667ae0
SCHED-TRACE 5534 26013 P 33 5329424dc
SCHED-TRACE 5535 26070 I 33 4e1579
SCHED-TRACE 5536 26070 B 33 f1
SCHED-TRACE 5537 26070 P 33 538af020b
SCHED-TRACE 5538 26070 R 33 538af020b
SCHED-TRACE 5539 26071 U 4 4e16b9
SCHED-TRACE 5540 26071 V 4 4e1773
SCHED-TRACE 5541 26071 O 0 0
SCHED-TRACE 5542 26071 P 33 538e0d0e4
SCHED-TRACE 5543 26072 K 33 538e0d0e4
SCHED-TRACE 5544 26072 P 33 5390e6e97
SCHED-TRACE 5545 26129 I 33 4e3fdf
SCHED-TRACE 5546 26129 B 33 ef
SCHED-TRACE 5547 26129 P 33 53f290624
SCHED-TRACE 5548 26129 R 33 53f290624
SCHED-TRACE 5549 26130 U 4 4e411e
SCHED-TRACE 5550 26130 V 4 4e41d9
SCHED-TRACE 5551 26130 O 0 0
SCHED-TRACE 5552 26130 P 33 53f5af1a9
SCHED-TRACE 5553 26131 K 33 53f5af1a9
SCHED-TRACE 5554 26131 P 33 53f88b020
SCHED-TRACE 5555 26188 I 33 4e6a46
SCHED-TRACE 5556 26188 B 33 f2
SCHED-TRACE 5557 26188 P 33 545a378d4
SCHED-TRACE 5558 26188 R 33 545a378d4
SCHED-TRACE 5559 26189 U 4 4e6b85
SCHED-TRACE 5560 26189 V 4 4e6c3f
SCHED-TRACE 5561 26189 O 0 0
SCHED-TRACE 5562 26189 P 33 545d50624
SCHED-TRACE 5563 26190 K 33 545d50624
SCHED-TRACE 5564 26190 P 33 54602b438
SCHED-TRACE 5565 26247 I 33 4e94ab
SCHED-TRACE 5566 26247 B 33 f3
SCHED-TRACE 5567 26247 P 33 54c1d53f7
SCHED-TRACE 5568 26247 R 33 54c1d53f7
SCHED-TRACE 5569 26248 U 4 4e95ea
SCHED-TRACE 5570 26248 V 4 4e96a5
SCHED-TRACE 5571 26248 O 0 0
SCHED-TRACE 5572 26248 P 33 54c4f2b01
SCHED-TRACE 5573 26249 K 33 54c4f2b01
SCHED-TRACE 5574 26249 P 33 54c7ccccc
SCHED-TRACE 5575 26306 I 33 4ebf12
SCHED-TRACE 5576 26306 B 33 ef
SCHED-TRACE 5577 26306 P 33 552972b01
SCHED-TRACE 5578 26306 R 33 552972b01
SCHED-TRACE 5579 26307 U 4 4ec052
SCHED-TRACE 5580 26307 V 4 4ec10c
SCHED-TRACE 5581 26307 O 0 0
SCHED-TRACE 5582 26307 P 33 552c90624
SCHED-TRACE 5583 26308 K 33 552c90624
SCHED-TRACE 5584 26308 P 33 552f6b851
SCHED-TRACE 5585 26365 I 33 4ee979
SCHED-TRACE 5586 26365 B 33 f1
SCHED-TRACE 5587 26365 P 33 559112f1a
SCHED-TRACE 5588 26365 R 33 559112f1a
SCHED-TRACE 5589 26366 U 4 4eeab9
SCHED-TRACE 5590 26366 V 4 4eeb74
SCHED-TRACE 5591 26366 O 0 0
SCHED-TRACE 5592 26366 P 33 559430624
SCHED-TRACE 5593 26367 K 63 5571028f5
SCHED-TRACE 5594 26367 P 33 559709fbd
SCHED-TRACE 5595 26368 P 33 55991cac0
SCHED-TRACE 5596 26424 I 63 4f1437
SCHED-TRACE 5597 26424 B 63 f2
SCHED-TRACE 5598 26424 P 63 593559999
SCHED-TRACE 5599 26424 R 63 593559999
SCHED-TRACE 5600 26425 U 4 4f1578
SCHED-TRACE 5601 26425 V 4 4f1633
SCHED-TRACE 5602 26425 O 0 0
SCHED-TRACE 5603 26425 P 63 5954c7ae0
SCHED-TRACE 5604 26426 K 42 557268f5b
SCHED-TRACE 5605 26426 P 63 59714cccc
SCHED-TRACE 5606 26427 P 63 5986051eb
SCHED-TRACE 5607 26483 I 42 4f3ef8
SCHED-TRACE 5608 26483 B 42 f0
SCHED-TRACE 5609 26483 P 42 5936b851d
SCHED-TRACE 5610 26483 R 42 5936b851d
SCHED-TRACE 5611 26484 U 4 4f4039
SCHED-TRACE 5612 26484 V 4 4f40f4
SCHED-TRACE 5613 26484 O 0 0
SCHED-TRACE 5614 26484 P 42 5955fae13
SCHED-TRACE 5615 26485 K 69 557e91eb7
SCHED-TRACE 5616 26485 P 42 59728f5c1
SCHED-TRACE 5617 26486 P 42 59874cccb
SCHED-TRACE 5618 26542 I 69 4f69b2
SCHED-TRACE 5619 26542 B 69 f2
SCHED-TRACE 5620 26542 P 69 59426b851
SCHED-TRACE 5621 26542 R 69 59426b851
SCHED-TRACE 5622 26543 U 4 4f6af4
SCHED-TRACE 5623 26543 V 4 4f6baf
SCHED-TRACE 5624 26543 O 0 0
SCHED-TRACE 5625 26543 P 69 5961c7ae0
SCHED-TRACE 5626 26544 K 33 55991cac0
SCHED-TRACE 5627 26544 P 69 597e51eb7
SCHED-TRACE 5628 26545 P 69 5993051ea
SCHED-TRACE 5629 26601 I 33 4f9463
SCHED-TRACE 5630 26601 B 33 f2
SCHED-TRACE 5631 26601 P 33 55f963957
SCHED-TRACE 5632 26601 R 33 55f963957
SCHED-TRACE 5633 26602 U 4 4f95a2
SCHED-TRACE 5634 26602 V 4 4f965d
SCHED-TRACE 5635 26602 O 0 0
SCHED-TRACE 5636 26602 P 33 55fc820c4
SCHED-TRACE 5637 26603 K 60 559af3332
SCHED-TRACE 5638 26603 P 33 55ff5c6a7
SCHED-TRACE 5639 26604 P 33 56016e978
SCHED-TRACE 5640 26660 I 60 4fbf23
SCHED-TRACE 5641 26660 B 60 ef
SCHED-TRACE 5642 26660 P 60 595f570a2
SCHED-TRACE 5643 26660 R 60 595f570a2
SCHED-TRACE 5644 26661 U 4 4fc064
SCHED-TRACE 5645 26661 V 4 4fc11f
SCHED-TRACE 5646 26661 O 0 0
SCHED-TRACE 5647 26661 P 60 597e99998
SCHED-TRACE 5648 26662 K 66 559df0a3d
SCHED-TRACE 5649 26662 P 60 599b2e146
SCHED-TRACE 5650 26663 P 60 59afe8f5b
SCHED-TRACE 5651 26719 I 66 4fe9e9
SCHED-TRACE 5652 26719 B 66 f1
SCHED-TRACE 5653 26719 P 66 5962d47ad
SCHED-TRACE 5654 26719 R 66 5962d47ad
SCHED-TRACE 5655 26720 U 4 4feb2c
SCHED-TRACE 5656 26720 V 4 4febe7
SCHED-TRACE 5657 26720 O 0 0
SCHED-TRACE 5658 26720 P 66 59823ffff
SCHED-TRACE 5659 26721 K 48 559e0f5c1
SCHED-TRACE 5660 26721 P 66 599ed47ad
SCHED-TRACE 5661 26722 P 66 59b3947ad
SCHED-TRACE 5662 26778 I 48 5014b5
SCHED-TRACE 5663 26778 B 48 f3
SCHED-TRACE 5664 26778 P 48 59633d709
SCHED-TRACE 5665 26778 R 48 59633d709
SCHED-TRACE 5666 26779 U 4 5015f8
SCHED-TRACE 5667 26779 V 4 5016b3
SCHED-TRACE 5668 26779 O 0 0
SCHED-TRACE 5669 26779 P 48 5982c7ae0
SCHED-TRACE 5670 26780 K 36 559e33332
SCHED-TRACE 5671 26780 P 48 599f547ac
SCHED-TRACE 5672 26781 P 48 59b4147ac
SCHED-TRACE 5673 26837 I 36 503f82
SCHED-TRACE 5674 26837 B 36 f0
SCHED-TRACE 5675 26837 P 36 59634f5c1
SCHED-TRACE 5676 26837 R 36 59634f5c1
SCHED-TRACE 5677 26838 U 4 5040c3
SCHED-TRACE 5678 26838 V 4 50417e
SCHED-TRACE 5679 26838 O 0 0
SCHED-TRACE 5680 26838 P 36 59829c28e
SCHED-TRACE 5681 26839 K 57 55a170a3c
SCHED-TRACE 5682 26839 P 36 599f33332
SCHED-TRACE 5683 26840 P 36 59b3f0a3c
SCHED-TRACE 5684 26896 I 57 506a48
SCHED-TRACE 5685 26896 B 57 f2
SCHED-TRACE 5686 26896 P 57 59664a3d6
SCHED-TRACE 5687 26896 R 57 59664a3d6
SCHED-TRACE 5688 26897 U 4 506b8b
SCHED-TRACE 5689 26897 V 4 506c45
SCHED-TRACE 5690 26897 O 0 0
SCHED-TRACE 5691 26897 P 57 59859c28e
SCHED-TRACE 5692 26898 K 45 55a17fffe
SCHED-TRACE 5693 26898 P 57 59a230a3c
SCHED-TRACE 5694 26899 P 57 59b6ee146
SCHED-TRACE 5695 26955 I 45 509512
SCHED-TRACE 5696 26955 B 45 f3
SCHED-TRACE 5697 26955 P 45 5966947ad
SCHED-TRACE 5698 26955 R 45 5966947ad
SCHED-TRACE 5699 26956 U 4 509656
SCHED-TRACE 5700 26956 V 4 509711
SCHED-TRACE 5701 26956 O 0 0
SCHED-TRACE 5702 26956 P 45 598626665
SCHED-TRACE 5703 26957 K 81 55a1f5c28
SCHED-TRACE 5704 26957 P 45 59a2b0a3c
SCHED-TRACE 5705 26958 P 45 59b76e146
SCHED-TRACE 5706 27014 I 81 50bfe0
SCHED-TRACE 5707 27014 B 81 f0
SCHED-TRACE 5708 27014 P 81 5966f5c28
SCHED-TRACE 5709 27014 R 81 5966f5c28
SCHED-TRACE 5710 27015 U 4 50c121
SCHED-TRACE 5711 27015 V 4 50c1dc
SCHED-TRACE 5712 27015 O 0 0
SCHED-TRACE 5713 27015 P 81 598663d70
SCHED-TRACE 5714 27016 K 54 55a3c28f5
SCHED-TRACE 5715 27016 P 81 59a3028f5
SCHED-TRACE 5716 27017 P 81 59b7bd709
SCHED-TRACE 5717 27073 I 54 50eaae
SCHED-TRACE 5718 27073 B 54 f3
SCHED-TRACE 5719 27073 P 54 596911eb7
SCHED-TRACE 5720 27073 R 54 596911eb7
SCHED-TRACE 5721 27074 U 4 50ebf1
SCHED-TRACE 5722 27074 V 4 50ecab
SCHED-TRACE 5723 27074 O 0 0
SCHED-TRACE 5724 27074 P 54 59886b851
SCHED-TRACE 5725 27075 K 51 55a563d70
SCHED-TRACE 5726 27075 P 54 59a4fffff
SCHED-TRACE 5727 27076 P 54 59b9c28f5
SCHED-TRACE 5728 27132 I 51 51157e
SCHED-TRACE 5729 27132 B 51 f3
SCHED-TRACE 5730 27132 P 51 596aeb851
SCHED-TRACE 5731 27132 R 51 596aeb851
SCHED-TRACE 5732 27133 U 4 5116c1
SCHED-TRACE 5733 27133 V 4 51177d
SCHED-TRACE 5734 27133 O 0 0
SCHED-TRACE 5735 27133 P 51 598a73332
SCHED-TRACE 5736 27134 K 78 55a57d709
SCHED-TRACE 5737 27134 P 51 59a6fd709
SCHED-TRACE 5738 27135 P 51 59bbbd709
SCHED-TRACE 5739 27191 I 78 514051
SCHED-TRACE 5740 27191 B 78 f0
SCHED-TRACE 5741 27191 P 78 596adeb84
SCHED-TRACE 5742 27191 R 78 596adeb84
SCHED-TRACE 5743 27192 U 4 514193
SCHED-TRACE 5744 27192 V 4 51424e
SCHED-TRACE 5745 27192 O 0 0
SCHED-TRACE 5746 27192 P 78 598a4a3d6
SCHED-TRACE 5747 27193 K 75 55a7deb84
SCHED-TRACE 5748 27193 P 78 59a6dc28e
SCHED-TRACE 5749 27194 P 78 59bb970a3
SCHED-TRACE 5750 27250 I 75 516b1e
SCHED-TRACE 5751 27250 B 75 f4
SCHED-TRACE 5752 27250 P 75 596d028f5
SCHED-TRACE 5753 27250 R 75 596d028f5
SCHED-TRACE 5754 27251 U 4 516c60
SCHED-TRACE 5755 27251 V 4 516d1a
SCHED-TRACE 5756 27251 O 0 0
SCHED-TRACE 5757 27251 P 75 598c4cccc
SCHED-TRACE 5758 27252 K 72 55adf5c28
SCHED-TRACE 5759 27252 P 75 59a8deb84
SCHED-TRACE 5760 27253 P 75 59bd99999
SCHED-TRACE 5761 27309 I 72 5195ec
SCHED-TRACE 5762 27309 B 72 f3
SCHED-TRACE 5763 27309 P 72 59733d709
SCHED-TRACE 5764 27309 R 72 59733d709
SCHED-TRACE 5765 27310 U 4 51972e
SCHED-TRACE 5766 27310 V 4 5197e9
SCHED-TRACE 5767 27310 O 0 0
SCHED-TRACE 5768 27310 P 72 5992ab851
SCHED-TRACE 5769 27311 K 39 55ae35c28
SCHED-TRACE 5770 27311 P 72 59af47ae0
SCHED-TRACE 5771 27312 P 72 59c4028f5
SCHED-TRACE 5772 27368 I 39 51c0ba
SCHED-TRACE 5773 27368 B 39 f3
SCHED-TRACE 5774 27368 P 39 59734f5c2
SCHED-TRACE 5775 27368 R 39 59734f5c2
SCHED-TRACE 5776 27369 U 4 51c1fb
SCHED-TRACE 5777 27369 V 4 51c2b6
SCHED-TRACE 5778 27369 O 0 0
SCHED-TRACE 5779 27369 P 39 5992a3d70
SCHED-TRACE 5780 27370 K 33 56016e978
SCHED-TRACE 5781 27370 P 39 59af35c28
SCHED-TRACE 5782 27371 P 39 59c3f3332
SCHED-TRACE 5783 27427 I 33 51eb82
SCHED-TRACE 5784 27427 B 33 f3
SCHED-TRACE 5785 27427 P 33 5661e51eb
SCHED-TRACE 5786 27427 R 33 5661e51eb
SCHED-TRACE 5787 27428 U 4 51ecc1
SCHED-TRACE 5788 27428 V 4 51ed7b
SCHED-TRACE 5789 27428 O 0 0
SCHED-TRACE 5790 27428 P 33 56650147a
SCHED-TRACE 5791 27429 K 33 56650147a
SCHED-TRACE 5792 27429 P 33 5667dced8
SCHED-TRACE 5793 27486 I 33 521603
SCHED-TRACE 5794 27486 B 33 f3
SCHED-TRACE 5795 27486 P 33 56c9b3b63
SCHED-TRACE 5796 27486 R 33 56c9b3b63
SCHED-TRACE 5797 27487 U 4 521743
SCHED-TRACE 5798 27487 V 4 5217fe
SCHED-TRACE 5799 27487 O 0 0
SCHED-TRACE 5800 27487 P 33 56ccd2f1a
SCHED-TRACE 5801 27488 K 33 56ccd2f1a
SCHED-TRACE 5802 27488 P 33 56cfaf9da
SCHED-TRACE 5803 27545 I 33 52408c
SCHED-TRACE 5804 27545 B 33 f3
SCHED-TRACE 5805 27545 P 33 573191a9f
SCHED-TRACE 5806 27545 R 33 573191a9f
SCHED-TRACE 5807 27546 U 4 5241cd
SCHED-TRACE 5808 27546 V 4 524288
SCHED-TRACE 5809 27546 O 0 0
SCHED-TRACE 5810 27546 P 33 5734b2b01
SCHED-TRACE 5811 27547 K 33 5734b2b01
SCHED-TRACE 5812 27547 P 33 57378e978
SCHED-TRACE 5813 27604 I 33 526b0a
SCHED-TRACE 5814 27604 B 33 f4
SCHED-TRACE 5815 27604 P 33 57995ae14
SCHED-TRACE 5816 27604 R 33 57995ae14
SCHED-TRACE 5817 27605 U 4 526c4a
SCHED-TRACE 5818 27605 V 4 526d04
SCHED-TRACE 5819 27605 O 0 0
SCHED-TRACE 5820 27605 P 33 579c774bb
SCHED-TRACE 5821 27606 K 33 579c774bb
SCHED-TRACE 5822 27606 P 33 579f52f1a
SCHED-TRACE 5823 27663 I 33 529585
SCHED-TRACE 5824 27663 B 33 f3
SCHED-TRACE 5825 27663 P 33 58011d709
SCHED-TRACE 5826 27663 R 33 58011d709
SCHED-TRACE 5827 27664 U 4 5296c5
SCHED-TRACE 5828 27664 V 4 529780
SCHED-TRACE 5829 27664 O 0 0
SCHED-TRACE 5830 27664 P 33 58043c28e
SCHED-TRACE 5831 27665 K 33 58043c28e
SCHED-TRACE 5832 27665 P 33 5807170a3
SCHED-TRACE 5833 27722 I 33 52c005
SCHED-TRACE 5834 27722 B 33 f0
SCHED-TRACE 5835 27722 P 33 5868ea3d6
SCHED-TRACE 5836 27722 R 33 5868ea3d6
SCHED-TRACE 5837 27723 U 4 52c145
SCHED-TRACE 5838 27723 V 4 52c200
SCHED-TRACE 5839 27723 O 0 0
SCHED-TRACE 5840 27723 P 33 586c0a7ef
SCHED-TRACE 5841 27724 K 33 586c0a7ef
SCHED-TRACE 5842 27724 P 33 586ee6a7e
SCHED-TRACE 5843 27781 I 33 52ea86
SCHED-TRACE 5844 27781 B 33 f2
SCHED-TRACE 5845 27781 P 33 58d0bba5d
SCHED-TRACE 5846 27781 R 33 58d0bba5d
SCHED-TRACE 5847 27782 U 4 52ebc6
SCHED-TRACE 5848 27782 V 4 52ec80
SCHED-TRACE 5849 27782 O 0 0
SCHED-TRACE 5850 27782 P 33 58d3d70a3
SCHED-TRACE 5851 27783 K 33 58d3d70a3
SCHED-TRACE 5852 27783 P 33 58d6b2f1a
SCHED-TRACE 5853 27840 I 33 531509
SCHED-TRACE 5854 27840 B 33 f3
SCHED-TRACE 5855 27840 P 33 59388d0e4
SCHED-TRACE 5856 27840 R 33 59388d0e4
SCHED-TRACE 5857 27841 U 4 531649
SCHED-TRACE 5858 27841 V 4 531705
SCHED-TRACE 5859 27841 O 0 0
SCHED-TRACE 5860 27841 P 33 593bad916
SCHED-TRACE 5861 27842 K 33 593bad916
SCHED-TRACE 5862 27842 P 33 593e88f5b
SCHED-TRACE 5863 27899 I 33 533f92
SCHED-TRACE 5864 27899 B 33 f1
SCHED-TRACE 5865 27899 P 33 59a068f5b
SCHED-TRACE 5866 27899 R 33 59a068f5b
SCHED-TRACE 5867 27900 U 4 5340d2
SCHED-TRACE 5868 27900 V 4 53418d
SCHED-TRACE 5869 27900 O 0 0
SCHED-TRACE 5870 27900 P 33 59a389374
SCHED-TRACE 5871 27901 K 63 5986051eb
SCHED-TRACE 5872 27901 P 33 59a665e34
SCHED-TRACE 5873 27902 P 33 59a878936
SCHED-TRACE 5874 27958 I 63 536a64
SCHED-TRACE 5875 27958 B 63 f4
SCHED-TRACE 5876 27958 P 63 5d4b91eb7
SCHED-TRACE 5877 27958 R 63 5d4b91eb7
SCHED-TRACE 5878 27959 U 4 536ba6
SCHED-TRACE 5879 27959 V 4 536c61
SCHED-TRACE 5880 27959 O 0 0
SCHED-TRACE 5881 27959 P 63 5d6ae147a
SCHED-TRACE 5882 27960 K 42 59874cccb
SCHED-TRACE 5883 27960 P 63 5d877851e
SCHED-TRACE 5884 27961 P 63 5d9c33332
SCHED-TRACE 5885 28017 I 42 539535
SCHED-TRACE 5886 28017 B 42 f3
SCHED-TRACE 5887 28017 P 42 5d4cb3332
SCHED-TRACE 5888 28017 R 42 5d4cb3332
SCHED-TRACE 5889 28018 U 4 539677
SCHED-TRACE 5890 28018 V 4 539732
SCHED-TRACE 5891 28018 O 0 0
SCHED-TRACE 5892 28018 P 42 5d6c147ad
SCHED-TRACE 5893 28019 K 69 5993051ea
SCHED-TRACE 5894 28019 P 42 5d88a3d6f
SCHED-TRACE 5895 28020 P 42 5d9d5eb84
SCHED-TRACE 5896 28076 I 69 53c00a
SCHED-TRACE 5897 28076 B 69 f0
SCHED-TRACE 5898 28076 P 69 5d58947ad
SCHED-TRACE 5899 28076 R 69 5d58947ad
SCHED-TRACE 5900 28077 U 4 53c14c
SCHED-TRACE 5901 28077 V 4 53c207
SCHED-TRACE 5902 28077 O 0 0
SCHED-TRACE 5903 28077 P 69 5d7811eb7
SCHED-TRACE 5904 28078 K 33 59a878936
SCHED-TRACE 5905 28078 P 69 5d94ae147
SCHED-TRACE 5906 28079 P 69 5da963d70
SCHED-TRACE 5907 28135 I 33 53eada
SCHED-TRACE 5908 28135 B 33 f3
SCHED-TRACE 5909 28135 P 33 5a08fa5e2
SCHED-TRACE 5910 28135 R 33 5a08fa5e2
SCHED-TRACE 5911 28136 U 4 53ec1a
SCHED-TRACE 5912 28136 V 4 53ecd5
SCHED-TRACE 5913 28136 O 0 0
SCHED-TRACE 5914 28136 P 33 5a0c16872
SCHED-TRACE 5915 28137 K 60 59afe8f5b
SCHED-TRACE 5916 28137 P 33 5a0ef2b01
SCHED-TRACE 5917 28138 P 33 5a1105e34
SCHED-TRACE 5918 28194 I 60 5415b0
SCHED-TRACE 5919 28194 B 60 f3
SCHED-TRACE 5920 28194 P 60 5d75a3d6f
SCHED-TRACE 5921 28194 R 60 5d75a3d6f
SCHED-TRACE 5922 28195 U 4 5416f2
SCHED-TRACE 5923 28195 V 4 5417ad
SCHED-TRACE 5924 28195 O 0 0
SCHED-TRACE 5925 28195 P 60 5d94ffffe
SCHED-TRACE 5926 28196 K 66 59b3947ad
SCHED-TRACE 5927 28196 P 60 5db199998
SCHED-TRACE 5928 28197 P 60 5dc65c28e
SCHED-TRACE 5929 28253 I 66 544094
SCHED-TRACE 5930 28253 B 66 f2
SCHED-TRACE 5931 28253 P 66 5d7a5c28f
SCHED-TRACE 5932 28253 R 66 5d7a5c28f
SCHED-TRACE 5933 28254 U 4 5441d7
SCHED-TRACE 5934 28254 V 4 544293
SCHED-TRACE 5935 28254 O 0 0
SCHED-TRACE 5936 28254 P 66 5d99eb851
SCHED-TRACE 5937 28255 K 36 59b3f0a3c
SCHED-TRACE 5938 28255 P 66 5db6828f5
SCHED-TRACE 5939 28256 P 66 5dcb3d709
SCHED-TRACE 5940 28312 I 36 546b64
SCHED-TRACE 5941 28312 B 36 f4
SCHED-TRACE 5942 28312 P 36 5d7926665
SCHED-TRACE 5943 28312 R 36 5d7926665
SCHED-TRACE 5944 28313 U 4 546ca4
SCHED-TRACE 5945 28313 V 4 546d5e
SCHED-TRACE 5946 28313 O 0 0
SCHED-TRACE 5947 28313 P 36 5d9863d6f
SCHED-TRACE 5948 28314 K 48 59b4147ac
SCHED-TRACE 5949 28314 P 36 5db4fae13
SCHED-TRACE 5950 28315 P 36 5dc9bae13
SCHED-TRACE 5951 28371 I 48 54963b
SCHED-TRACE 5952 28371 B 48 f3
SCHED-TRACE 5953 28371 P 48 5d7a428f4
SCHED-TRACE 5954 28371 R 48 5d7a428f4
SCHED-TRACE 5955 28372 U 4 54977f
SCHED-TRACE 5956 28372 V 4 54983a
SCHED-TRACE 5957 28372 O 0 0
SCHED-TRACE 5958 28372 P 48 5d99d1eb7
SCHED-TRACE 5959 28373 K 57 59b6ee146
SCHED-TRACE 5960 28373 P 48 5db66e146
SCHED-TRACE 5961 28374 P 48 5dcb30a3c
SCHED-TRACE 5962 28430 I 57 54c119
SCHED-TRACE 5963 28430 B 57 f4
SCHED-TRACE 5964 28430 P 57 5d7d2e146
SCHED-TRACE 5965 28430 R 57 5d7d2e146
SCHED-TRACE 5966 28431 U 4 54c25d
SCHED-TRACE 5967 28431 V 4 54c319
SCHED-TRACE 5968 28431 O 0 0
SCHED-TRACE 5969 28431 P 57 5d9cc7ae0
SCHED-TRACE 5970 28432 K 45 59b76e146
SCHED-TRACE 5971 28432 P 57 5db959998
SCHED-TRACE 5972 28433 P 57 5dce1c28e
SCHED-TRACE 5973 28489 I 45 54ebf5
SCHED-TRACE 5974 28489 B 45 f2
SCHED-TRACE 5975 28489 P 45 5d7d87ae0
SCHED-TRACE 5976 28489 R 45 5d7d87ae0
SCHED-TRACE 5977 28490 U 4 54ed38
SCHED-TRACE 5978 28490 V 4 54edf3
SCHED-TRACE 5979 28490 O 0 0
SCHED-TRACE 5980 28490 P 45 5d9d23d6f
SCHED-TRACE 5981 28491 K 81 59b7bd709
SCHED-TRACE 5982 28491 P 45 5db9bd709
SCHED-TRACE 5983 28492 P 45 5dce7ae13
SCHED-TRACE 5984 28548 I 81 5516d0
SCHED-TRACE 5985 28548 B 81 f4
SCHED-TRACE 5986 28548 P 81 5d7dbae14
SCHED-TRACE 5987 28548 R 81 5d7dbae14
SCHED-TRACE 5988 28549 U 4 551812
SCHED-TRACE 5989 28549 V 4 5518cd
SCHED-TRACE 5990 28549 O 0 0
SCHED-TRACE 5991 28549 P 81 5d9d2147a
SCHED-TRACE 5992 28550 K 54 59b9c28f5
SCHED-TRACE 5993 28550 P 81 5db9bffff
SCHED-TRACE 5994 28551 P 81 5dce851eb
SCHED-TRACE 5995 28607 I 54 5541b3
SCHED-TRACE 5996 28607 B 54 f4
SCHED-TRACE 5997 28607 P 54 5d8070a3c
SCHED-TRACE 5998 28607 R 54 5d8070a3c
SCHED-TRACE 5999 28608 U 4 5542f7
SCHED-TRACE 6000 28608 V 4 5543b3
SCHED-TRACE 6001 28608 O 0 0
SCHED-TRACE 6002 28608 P 54 5da00a3d6
SCHED-TRACE 6003 28609 K 78 59bb970a3
SCHED-TRACE 6004 28609 P 54 5dbca3d6f
SCHED-TRACE 6005 28610 P 54 5dd166665
SCHED-TRACE 6006 28666 I 78 556c8d
SCHED-TRACE 6007 28666 B 78 f3
SCHED-TRACE 6008 28666 P 78 5d815c28e
SCHED-TRACE 6009 28666 R 78 5d815c28e
SCHED-TRACE 6010 28667 U 4 556dcd
SCHED-TRACE 6011 28667 V 4 556e89
SCHED-TRACE 6012 28667 O 0 0
SCHED-TRACE 6013 28667 P 78 5da0c28f5
SCHED-TRACE 6014 28668 K 51 59bbbd709
SCHED-TRACE 6015 28668 P 78 5dbd5c28e
SCHED-TRACE 6016 28669 P 78 5dd219998
SCHED-TRACE 6017 28725 I 51 559769
SCHED-TRACE 6018 28725 B 51 f4
SCHED-TRACE 6019 28725 P 51 5d82170a3
SCHED-TRACE 6020 28725 R 51 5d82170a3
SCHED-TRACE 6021 28726 U 4 5598ad
SCHED-TRACE 6022 28726 V 4 559968
SCHED-TRACE 6023 28726 O 0 0
SCHED-TRACE 6024 28726 P 51 5da1a8f5b
SCHED-TRACE 6025 28727 K 75 59bd99999
SCHED-TRACE 6026 28727 P 51 5dbe47ae0
SCHED-TRACE 6027 28728 P 51 5dd2fffff
SCHED-TRACE 6028 28784 I 75 55c24b
SCHED-TRACE 6029 28784 B 75 f4
SCHED-TRACE 6030 28784 P 75 5d83ee147
SCHED-TRACE 6031 28784 R 75 5d83ee147
SCHED-TRACE 6032 28785 U 4 55c38d
SCHED-TRACE 6033 28785 V 4 55c448
SCHED-TRACE 6034 28785 O 0 0
SCHED-TRACE 6035 28785 P 75 5da34f5c2
SCHED-TRACE 6036 28786 K 39 59c3f3332
SCHED-TRACE 6037 28786 P 75 5dbfe8f5b
SCHED-TRACE 6038 28787 P 75 5dd4a6665
SCHED-TRACE 6039 28843 I 39 55ed24
SCHED-TRACE 6040 28843 B 39 f1
SCHED-TRACE 6041 28843 P 39 5d89bae13
SCHED-TRACE 6042 28843 R 39 5d89bae13
SCHED-TRACE 6043 28844 U 4 55ee65
SCHED-TRACE 6044 28844 V 4 55ef21
SCHED-TRACE 6045 28844 O 0 0
SCHED-TRACE 6046 28844 P 39 5da9170a3
SCHED-TRACE 6047 28845 K 72 59c4028f5
SCHED-TRACE 6048 28845 P 39 5dc5b0a3c
SCHED-TRACE 6049 28846 P 39 5dda6e147
SCHED-TRACE 6050 28902 I 72 561802
SCHED-TRACE 6051 28902 B 72 f4
SCHED-TRACE 6052 28902 P 72 5d8a3851e
SCHED-TRACE 6053 28902 R 72 5d8a3851e
SCHED-TRACE 6054 28903 U 4 561944
SCHED-TRACE 6055 28903 V 4 5619ff
SCHED-TRACE 6056 28903 O 0 0
SCHED-TRACE 6057 28903 P 72 5da9a8f5b
SCHED-TRACE 6058 28904 K 33 5a1105e34
SCHED-TRACE 6059 28904 P 72 5dc6428f5
SCHED-TRACE 6060 28905 P 72 5ddaf5c28
SCHED-TRACE 6061 28961 I 33 5642e1
SCHED-TRACE 6062 28961 B 33 f3
SCHED-TRACE 6063 28961 P 33 5a71a24dc
SCHED-TRACE 6064 28961 R 33 5a71a24dc
SCHED-TRACE 6065 28962 U 4 564422
SCHED-TRACE 6066 28962 V 4 5644dd
SCHED-TRACE 6067 28962 O 0 0
SCHED-TRACE 6068 28962 P 33 5a74c1cab
SCHED-TRACE 6069 28963 K 33 5a74c1cab
SCHED-TRACE 6070 28963 P 33 5a779eb84
SCHED-TRACE 6071 29020 I 33 566d65
SCHED-TRACE 6072 29020 B 33 f3
SCHED-TRACE 6073 29020 P 33 5ad9774bb
SCHED-TRACE 6074 29020 R 33 5ad9774bb
SCHED-TRACE 6075 29021 U 4 566ea6
SCHED-TRACE 6076 29021 V 4 566f61
SCHED-TRACE 6077 29021 O 0 0
SCHED-TRACE 6078 29021 P 33 5adc970a3
SCHED-TRACE 6079 29022 K 33 5adc970a3
SCHED-TRACE 6080 29022 P 33 5adf73332
SCHED-TRACE 6081 29079 I 33 5697f1
SCHED-TRACE 6082 29079 B 33 f5
SCHED-TRACE 6083 29079 P 33 5b4159167
SCHED-TRACE 6084 29079 R 33 5b4159167
SCHED-TRACE 6085 29080 U 4 569931
SCHED-TRACE 6086 29080 V 4 5699ec
SCHED-TRACE 6087 29080 O 0 0
SCHED-TRACE 6088 29080 P 33 5b4479db1
SCHED-TRACE 6089 29081 K 33 5b4479db1
SCHED-TRACE 6090 29081 P 33 5b4755c28
SCHED-TRACE 6091 29138 I 33 56c281
SCHED-TRACE 6092 29138 B 33 f3
SCHED-TRACE 6093 29138 P 33 5ba943957
SCHED-TRACE 6094 29138 R 33 5ba943957
SCHED-TRACE 6095 29139 U 4 56c3c2
SCHED-TRACE 6096 29139 V 4 56c47d
SCHED-TRACE 6097 29139 O 0 0
SCHED-TRACE 6098 29139 P 33 5bac628f5
SCHED-TRACE 6099 29140 K 33 5bac628f5
SCHED-TRACE 6100 29140 P 33 5baf3ef9d
SCHED-TRACE 6101 29197 I 33 56ed0d
SCHED-TRACE 6102 29197 B 33 f2
SCHED-TRACE 6103 29197 P 33 5c11249b9
SCHED-TRACE 6104 29197 R 33 5c11249b9
SCHED-TRACE 6105 29198 U 4 56ee4d
SCHED-TRACE 6106 29198 V 4 56ef09
SCHED-TRACE 6107 29198 O 0 0
SCHED-TRACE 6108 29198 P 33 5c1445a1c
SCHED-TRACE 6109 29199 K 33 5c1445a1c
SCHED-TRACE 6110 29199 P 33 5c17220c4
SCHED-TRACE 6111 29256 I 33 57179e
SCHED-TRACE 6112 29256 B 33 f5
SCHED-TRACE 6113 29256 P 33 5c7910a3c
SCHED-TRACE 6114 29256 R 33 5c7910a3c
SCHED-TRACE 6115 29257 U 4 5718df
SCHED-TRACE 6116 29257 V 4 57199a
SCHED-TRACE 6117 29257 O 0 0
SCHED-TRACE 6118 29257 P 33 5c7c3020b
SCHED-TRACE 6119 29258 K 33 5c7c3020b
SCHED-TRACE 6120 29258 P 33 5c7f0d4fd
SCHED-TRACE 6121 29315 I 33 574233
SCHED-TRACE 6122 29315 B 33 f3
SCHED-TRACE 6123 29315 P 33 5ce102d0d
SCHED-TRACE 6124 29315 R 33 5ce102d0d
SCHED-TRACE 6125 29316 U 4 574374
SCHED-TRACE 6126 29316 V 4 57442f
SCHED-TRACE 6127 29316 O 0 0
SCHED-TRACE 6128 29316 P 33 5ce4224dc
SCHED-TRACE 6129 29317 K 33 5ce4224dc
SCHED-TRACE 6130 29317 P 33 5ce6fef9d
SCHED-TRACE 6131 29374 I 33 576cbf
SCHED-TRACE 6132 29374 B 33 f3
SCHED-TRACE 6133 29374 P 33 5d48e3957
SCHED-TRACE 6134 29374 R 33 5d48e3957
SCHED-TRACE 6135 29375 U 4 576dfe
SCHED-TRACE 6136 29375 V 4 576eba
SCHED-TRACE 6137 29375 O 0 0
SCHED-TRACE 6138 29375 P 33 5d4c045a1
SCHED-TRACE 6139 29376 K 33 5d4c045a1
SCHED-TRACE 6140 29376 P 33 5d4ee0c49
SCHED-TRACE 6141 29433 I 33 579750
SCHED-TRACE 6142 29433 B 33 f4
SCHED-TRACE 6143 29433 P 33 5db0d0e55
SCHED-TRACE 6144 29433 R 33 5db0d0e55
SCHED-TRACE 6145 29434 U 4 579891
SCHED-TRACE 6146 29434 V 4 57994c
SCHED-TRACE 6147 29434 O 0 0
SCHED-TRACE 6148 29434 P 33 5db3f26e8
SCHED-TRACE 6149 29435 K 63 5d9c33332
SCHED-TRACE 6150 29435 P 33 5db6cf1a9
SCHED-TRACE 6151 29436 P 33 5db8e1892
SCHED-TRACE 6152 29492 I 63 57c235
SCHED-TRACE 6153 29492 B 63 f3
SCHED-TRACE 6154 29492 P 63 6162fae14
SCHED-TRACE 6155 29492 R 63 6162fae14
SCHED-TRACE 6156 29493 U 4 57c378
SCHED-TRACE 6157 29493 V 4 57c433
SCHED-TRACE 6158 29493 O 0 0
SCHED-TRACE 6159 29493 P 63 618273332
SCHED-TRACE 6160 29494 K 42 5d9d5eb84
SCHED-TRACE 6161 29494 P 63 619f11eb7
SCHED-TRACE 6162 29495 P 63 61b3d1eb7
SCHED-TRACE 6163 29551 I 42 57ed17
SCHED-TRACE 6164 29551 B 42 f2
SCHED-TRACE 6165 29551 P 42 6163a6665
SCHED-TRACE 6166 29551 R 42 6163a6665
SCHED-TRACE 6167 29552 U 4 57ee58
SCHED-TRACE 6168 29552 V 4 57ef14
SCHED-TRACE 6169 29552 O 0 0
SCHED-TRACE 6170 29552 P 42 6183147ad
SCHED-TRACE 6171 29553 K 69 5da963d70
SCHED-TRACE 6172 29553 P 42 619fb3332
SCHED-TRACE 6173 29554 P 42 61b473332
SCHED-TRACE 6174 29610 I 69 5817ff
SCHED-TRACE 6175 29610 B 69 f5
SCHED-TRACE 6176 29610 P 69 617030a3c
SCHED-TRACE 6177 29610 R 69 617030a3c
SCHED-TRACE 6178 29611 U 4 581941
SCHED-TRACE 6179 29611 V 4 5819fd
SCHED-TRACE 6180 29611 O 0 0
SCHED-TRACE 6181 29611 P 69 618fb3332
SCHED-TRACE 6182 29612 K 33 5db8e1892
SCHED-TRACE 6183 29612 P 69 61ac547ad
SCHED-TRACE 6184 29613 P 69 61c10cccc
SCHED-TRACE 6185 29669 I 33 5842e9
SCHED-TRACE 6186 29669 B 33 f3
SCHED-TRACE 6187 29669 P 33 5e1990a3c
SCHED-TRACE 6188 29669 R 33 5e1990a3c
SCHED-TRACE 6189 29670 U 4 58442a
SCHED-TRACE 6190 29670 V 4 5844e6
SCHED-TRACE 6191 29670 O 0 0
SCHED-TRACE 6192 29670 P 33 5e1cb1686
SCHED-TRACE 6193 29671 K 60 5dc65c28e
SCHED-TRACE 6194 29671 P 33 5e1f8ed90
SCHED-TRACE 6195 29672 P 33 5e21a28f5
SCHED-TRACE 6196 29728 I 60 586dbf
SCHED-TRACE 6197 29728 B 60 f4
SCHED-TRACE 6198 29728 P 60 618bf0a3c
SCHED-TRACE 6199 29728 R 60 618bf0a3c
SCHED-TRACE 6200 29729 U 4 586f00
SCHED-TRACE 6201 29729 V 4 586fbb
SCHED-TRACE 6202 29729 O 0 0
SCHED-TRACE 6203 29729 P 60 61ab47ae0
SCHED-TRACE 6204 29730 K 36 5dc9bae13
SCHED-TRACE 6205 29730 P 60 61c7deb84
SCHED-TRACE 6206 29731 P 60 61dc9eb84
SCHED-TRACE 6207 29787 I 36 58989d
SCHED-TRACE 6208 29787 B 36 f1
SCHED-TRACE 6209 29787 P 36 619028f5b
SCHED-TRACE 6210 29787 R 36 619028f5b
SCHED-TRACE 6211 29788 U 4 5899df
SCHED-TRACE 6212 29788 V 4 589a9a
SCHED-TRACE 6213 29788 O 0 0
SCHED-TRACE 6214 29788 P 36 61af8f5c1
SCHED-TRACE 6215 29789 K 48 5dcb30a3c
SCHED-TRACE 6216 29789 P 36 61cc2147a
SCHED-TRACE 6217 29790 P 36 61e0e147a
SCHED-TRACE 6218 29846 I 48 58c389
SCHED-TRACE 6219 29846 B 48 f3
SCHED-TRACE 6220 29846 P 48 6192b851d
SCHED-TRACE 6221 29846 R 48 6192b851d
SCHED-TRACE 6222 29847 U 4 58c4cd
SCHED-TRACE 6223 29847 V 4 58c588
SCHED-TRACE 6224 29847 O 0 0
SCHED-TRACE 6225 29847 P 48 61b259998
SCHED-TRACE 6226 29848 K 66 5dcb3d709
SCHED-TRACE 6227 29848 P 48 61ceffffe
SCHED-TRACE 6228 29849 P 48 61e3c51ea
SCHED-TRACE 6229 29905 I 66 58ee71
SCHED-TRACE 6230 29905 B 66 f4
SCHED-TRACE 6231 29905 P 66 61923ffff
SCHED-TRACE 6232 29905 R 66 61923ffff
SCHED-TRACE 6233 29906 U 4 58efb5
SCHED-TRACE 6234 29906 V 4 58f070
SCHED-TRACE 6235 29906 O 0 0
SCHED-TRACE 6236 29906 P 66 61b1c28f5
SCHED-TRACE 6237 29907 K 57 5dce1c28e
SCHED-TRACE 6238 29907 P 66 61ce4cccc
SCHED-TRACE 6239 29908 P 66 61e311eb7
SCHED-TRACE 6240 29964 I 57 59195e
SCHED-TRACE 6241 29964 B 57 e9
SCHED-TRACE 6242 29964 P 57 6195851ea
SCHED-TRACE 6243 29964 R 57 6195851ea
SCHED-TRACE 6244 29965 U 4 591aa1
SCHED-TRACE 6245 29965 V 4 591b5c
SCHED-TRACE 6246 29965 O 0 0
SCHED-TRACE 6247 29965 P 57 61b4fffff
SCHED-TRACE 6248 29966 K 45 5dce7ae13
SCHED-TRACE 6249 29966 P 57 61d199998
SCHED-TRACE 6250 29967 P 57 61e65eb84
SCHED-TRACE 6251 30023 I 45 594451
SCHED-TRACE 6252 30023 B 45 f4
SCHED-TRACE 6253 30023 P 45 61966e146
SCHED-TRACE 6254 30023 R 45 61966e146
SCHED-TRACE 6255 30024 U 4 594595
SCHED-TRACE 6256 30024 V 4 594651
SCHED-TRACE 6257 30024 O 0 0
SCHED-TRACE 6258 30024 P 45 61b626665
SCHED-TRACE 6259 30025 K 81 5dce851eb
SCHED-TRACE 6260 30025 P 45 61d2ca3d5
SCHED-TRACE 6261 30026 P 45 61e78f5c1
SCHED-TRACE 6262 30082 I 81 596f39
SCHED-TRACE 6263 30082 B 81 f3
SCHED-TRACE 6264 30082 P 81 619566665
SCHED-TRACE 6265 30082 R 81 619566665
SCHED-TRACE 6266 30083 U 4 59707b
SCHED-TRACE 6267 30083 V 4 597136
SCHED-TRACE 6268 30083 O 0 0
SCHED-TRACE 6269 30083 P 81 61b4dc28e
SCHED-TRACE 6270 30084 K 54 5dd166665
SCHED-TRACE 6271 30084 P 81 61d17851e
SCHED-TRACE 6272 30085 P 81 61e63ae14
SCHED-TRACE 6273 30141 I 54 599a28
SCHED-TRACE 6274 30141 B 54 f0
SCHED-TRACE 6275 30141 P 54 6199147ad
SCHED-TRACE 6276 30141 R 54 6199147ad
SCHED-TRACE 6277 30142 U 4 599b6b
SCHED-TRACE 6278 30142 V 4 599c26
SCHED-TRACE 6279 30142 O 0 0
SCHED-TRACE 6280 30142 P 54 61b891eb7
SCHED-TRACE 6281 30143 K 78 5dd219998
SCHED-TRACE 6282 30143 P 54 61d53851e
SCHED-TRACE 6283 30144 P 54 61e9fffff
SCHED-TRACE 6284 30200 I 78 59c51c
SCHED-TRACE 6285 30200 B 78 f4
SCHED-TRACE 6286 30200 P 78 6199fffff
SCHED-TRACE 6287 30200 R 78 6199fffff
SCHED-TRACE 6288 30201 U 4 59c65f
SCHED-TRACE 6289 30201 V 4 59c71b
SCHED-TRACE 6290 30201 O 0 0
SCHED-TRACE 6291 30201 P 78 61b98f5c1
SCHED-TRACE 6292 30202 K 51 5dd2fffff
SCHED-TRACE 6293 30202 P 78 61d633332
SCHED-TRACE 6294 30203 P 78 61eafffff
SCHED-TRACE 6295 30259 I 51 59f00f
SCHED-TRACE 6296 30259 B 51 f2
SCHED-TRACE 6297 30259 P 51 619ae8f5b
SCHED-TRACE 6298 30259 R 51 619ae8f5b
SCHED-TRACE 6299 30260 U 4 59f153
SCHED-TRACE 6300 30260 V 4 59f20f
SCHED-TRACE 6301 30260 O 0 0
SCHED-TRACE 6302 30260 P 51 61ba970a3
SCHED-TRACE 6303 30261 K 75 5dd4a6665
SCHED-TRACE 6304 30261 P 51 61d73d709
SCHED-TRACE 6305 30262 P 51 61ec028f5
SCHED-TRACE 6306 30318 I 75 5a1b08
SCHED-TRACE 6307 30318 B 75 f3
SCHED-TRACE 6308 30318 P 75 619cdc28e
SCHED-TRACE 6309 30318 R 75 619cdc28e
SCHED-TRACE 6310 30319 U 4 5a1c4b
SCHED-TRACE 6311 30319 V 4 5a1d07
SCHED-TRACE 6312 30319 O 0 0
SCHED-TRACE 6313 30319 P 75 61bc51eb7
SCHED-TRACE 6314 30320 K 39 5dda6e147
SCHED-TRACE 6315 30320 P 75 61d8f851e
SCHED-TRACE 6316 30321 P 75 61edbd709
SCHED-TRACE 6317 30377 I 39 5a4603
SCHED-TRACE 6318 30377 B 39 f3
SCHED-TRACE 6319 30377 P 39 61a2b851e
SCHED-TRACE 6320 30377 R 39 61a2b851e
SCHED-TRACE 6321 30378 U 4 5a4745
SCHED-TRACE 6322 30378 V 4 5a4800
SCHED-TRACE 6323 30378 O 0 0
SCHED-TRACE 6324 30378 P 39 61c226665
SCHED-TRACE 6325 30379 K 72 5ddaf5c28
SCHED-TRACE 6326 30379 P 39 61dedc28e
SCHED-TRACE 6327 30380 P 39 61f3a6665
SCHED-TRACE 6328 30436 I 72 5a70e7
SCHED-TRACE 6329 30436 B 72 f5
SCHED-TRACE 6330 30436 P 72 61a1deb84
SCHED-TRACE 6331 30436 R 72 61a1deb84
SCHED-TRACE 6332 30437 U 4 5a722a
SCHED-TRACE 6333 30437 V 4 5a72e5
SCHED-TRACE 6334 30437 O 0 0
SCHED-TRACE 6335 30437 P 72 61c166665
SCHED-TRACE 6336 30438 K 33 5e21a28f5
SCHED-TRACE 6337 30438 P 72 61de07ae0
SCHED-TRACE 6338 30439 P 72 61f2ccccc
SCHED-TRACE 6339 30495 I 33 5a9bd3
SCHED-TRACE 6340 30495 B 33 f4
SCHED-TRACE 6341 30495 P 33 5e825c6a7
SCHED-TRACE 6342 30495 R 33 5e825c6a7
SCHED-TRACE 6343 30496 U 4 5a9d14
SCHED-TRACE 6344 30496 V 4 5a9dcf
SCHED-TRACE 6345 30496 O 0 0
SCHED-TRACE 6346 30496 P 33 5e857ef9d
SCHED-TRACE 6347 30497 K 33 5e857ef9d
SCHED-TRACE 6348 30497 P 33 5e885ced8
SCHED-TRACE 6349 30554 I 33 5ac67c
SCHED-TRACE 6350 30554 B 33 f2
SCHED-TRACE 6351 30554 P 33 5eea7eb84
SCHED-TRACE 6352 30554 R 33 5eea7eb84
SCHED-TRACE 6353 30555 U 4 5ac7bd
SCHED-TRACE 6354 30555 V 4 5ac879
SCHED-TRACE 6355 30555 O 0 0
SCHED-TRACE 6356 30555 P 33 5eeda1892
SCHED-TRACE 6357 30556 K 33 5eeda1892
SCHED-TRACE 6358 30556 P 33 5ef080418
SCHED-TRACE 6359 30613 I 33 5af11e
SCHED-TRACE 6360 30613 B 33 f4
SCHED-TRACE 6361 30613 P 33 5f5293b63
SCHED-TRACE 6362 30613 R 33 5f5293b63
SCHED-TRACE 6363 30614 U 4 5af260
SCHED-TRACE 6364 30614 V 4 5af31c
SCHED-TRACE 6365 30614 O 0 0
SCHED-TRACE 6366 30614 P 33 5f55b74bb
SCHED-TRACE 6367 30615 K 33 5f55b74bb
SCHED-TRACE 6368 30615 P 33 5f5893f7c
SCHED-TRACE 6369 30672 I 33 5b1bc9
SCHED-TRACE 6370 30672 B 33 f2
SCHED-TRACE 6371 30672 P 33 5fbab4395
SCHED-TRACE 6372 30672 R 33 5fbab4395
SCHED-TRACE 6373 30673 U 4 5b1d09
SCHED-TRACE 6374 30673 V 4 5b1dc5
SCHED-TRACE 6375 30673 O 0 0
SCHED-TRACE 6376 30673 P 33 5fbdd78d4
SCHED-TRACE 6377 30674 K 33 5fbdd78d4
SCHED-TRACE 6378 30674 P 33 5fc0b5c28
SCHED-TRACE 6379 30731 I 33 5b4679
SCHED-TRACE 6380 30731 B 33 f3
SCHED-TRACE 6381 30731 P 33 6022e1cab
SCHED-TRACE 6382 30731 R 33 6022e1cab
SCHED-TRACE 6383 30732 U 4 5b47ba
SCHED-TRACE 6384 30732 V 4 5b4875
SCHED-TRACE 6385 30732 O 0 0
SCHED-TRACE 6386 30732 P 33 602603d70
SCHED-TRACE 6387 30733 K 33 602603d70
SCHED-TRACE 6388 30733 P 33 6028e1cab
SCHED-TRACE 6389 30790 I 33 5b710a
SCHED-TRACE 6390 30790 B 33 f5
SCHED-TRACE 6391 30790 P 33 608acdd2e
SCHED-TRACE 6392 30790 R 33 608acdd2e
SCHED-TRACE 6393 30791 U 4 5b724b
SCHED-TRACE 6394 30791 V 4 5b7307
SCHED-TRACE 6395 30791 O 0 0
SCHED-TRACE 6396 30791 P 33 608df0624
SCHED-TRACE 6397 30792 K 33 608df0624
SCHED-TRACE 6398 30792 P 33 6090c9fbd
SCHED-TRACE 6399 30849 I 33 5b9b74
SCHED-TRACE 6400 30849 B 33 eb
SCHED-TRACE 6401 30849 P 33 60f279167
SCHED-TRACE 6402 30849 R 33 60f279167
SCHED-TRACE 6403 30850 U 4 5b9cb1
SCHED-TRACE 6404 30850 V 4 5b9d6a
SCHED-TRACE 6405 30850 O 0 0
SCHED-TRACE 6406 30850 P 33 60f59020b
SCHED-TRACE 6407 30851 K 33 60f59020b
SCHED-TRACE 6408 30851 P 33 60f866e97
SCHED-TRACE 6409 30909 I 33 5bc63f
SCHED-TRACE 6410 30909 B 33 ef
SCHED-TRACE 6411 30909 P 33 615b49ba5
SCHED-TRACE 6412 30909 R 33 615b49ba5
SCHED-TRACE 6413 30910 U 4 5bc77c
SCHED-TRACE 6414 30910 V 4 5bc836
SCHED-TRACE 6415 30910 O 0 0
SCHED-TRACE 6416 30910 P 33 615e6353f
SCHED-TRACE 6417 30911 K 33 615e6353f
SCHED-TRACE 6418 30911 P 33 61613c6a7
SCHED-TRACE 6419 30969 I 33 5bf122
SCHED-TRACE 6420 30969 B 33 f0
SCHED-TRACE 6421 30969 P 33 61c44d0e4
SCHED-TRACE 6422 30969 R 33 61c44d0e4
SCHED-TRACE 6423 30970 U 4 5bf261
SCHED-TRACE 6424 30970 V 4 5bf31a
SCHED-TRACE 6425 30970 O 0 0
SCHED-TRACE 6426 30970 P 33 61c76624d
SCHED-TRACE 6427 30971 K 63 61b3d1eb7
SCHED-TRACE 6428 30971 P 33 61ca3eb84
SCHED-TRACE 6429 30972 P 33 61cc5126e
SCHED-TRACE 6430 31028 I 63 5c1bb0
SCHED-TRACE 6431 31028 B 63 ee
SCHED-TRACE 6432 31028 P 63 65753851e
SCHED-TRACE 6433 31028 R 63 65753851e
SCHED-TRACE 6434 31029 U 4 5c1cf1
SCHED-TRACE 6435 31029 V 4 5c1dab
SCHED-TRACE 6436 31029 O 0 0
SCHED-TRACE 6437 31029 P 63 65947851e
SCHED-TRACE 6438 31030 K 42 61b473332
SCHED-TRACE 6439 31030 P 63 65b0eb851
SCHED-TRACE 6440 31031 P 63 65c59eb84
SCHED-TRACE 6441 31087 I 42 5c4647
SCHED-TRACE 6442 31087 B 42 f1
SCHED-TRACE 6443 31087 P 42 657628f5b
SCHED-TRACE 6444 31087 R 42 657628f5b
SCHED-TRACE 6445 31088 U 4 5c4787
SCHED-TRACE 6446 31088 V 4 5c4841
SCHED-TRACE 6447 31088 O 0 0
SCHED-TRACE 6448 31088 P 42 659559998
SCHED-TRACE 6449 31089 K 69 61c10cccc
SCHED-TRACE 6450 31089 P 42 65b1deb84
SCHED-TRACE 6451 31090 P 42 65c691eb7
SCHED-TRACE 6452 31146 I 69 5c70df
SCHED-TRACE 6453 31146 B 69 f1
SCHED-TRACE 6454 31146 P 69 6582cf5c1
SCHED-TRACE 6455 31146 R 69 6582cf5c1
SCHED-TRACE 6456 31147 U 4 5c721f
SCHED-TRACE 6457 31147 V 4 5c72d9
SCHED-TRACE 6458 31147 O 0 0
SCHED-TRACE 6459 31147 P 69 65a207ae0
SCHED-TRACE 6460 31148 K 33 61cc5126e
SCHED-TRACE 6461 31148 P 69 65be87ae0
SCHED-TRACE 6462 31149 P 69 65d33ae13
SCHED-TRACE 6463 31205 I 33 5c9b7a
SCHED-TRACE 6464 31205 B 33 ef
SCHED-TRACE 6465 31205 P 33 622c80418
SCHED-TRACE 6466 31205 R 33 622c80418
SCHED-TRACE 6467 31206 U 4 5c9cb9
SCHED-TRACE 6468 31206 V 4 5c9d73
SCHED-TRACE 6469 31206 O 0 0
SCHED-TRACE 6470 31206 P 33 622f9ced8
SCHED-TRACE 6471 31207 K 60 61dc9eb84
SCHED-TRACE 6472 31207 P 33 623275c28
SCHED-TRACE 6473 31208 P 33 623487ae0
SCHED-TRACE 6474 31264 I 60 5cc61f
SCHED-TRACE 6475 31264 B 60 f1
SCHED-TRACE 6476 31264 P 60 659f5c28e
SCHED-TRACE 6477 31264 R 60 659f5c28e
SCHED-TRACE 6478 31265 U 4 5cc75f
SCHED-TRACE 6479 31265 V 4 5cc819
SCHED-TRACE 6480 31265 O 0 0
SCHED-TRACE 6481 31265 P 60 65be947ad
SCHED-TRACE 6482 31266 K 36 61e0e147a
SCHED-TRACE 6483 31266 P 60 65db26665
SCHED-TRACE 6484 31267 P 60 65efdeb84
SCHED-TRACE 6485 31323 I 36 5cf0cb
SCHED-TRACE 6486 31323 B 36 f2
SCHED-TRACE 6487 31323 P 36 65a3fd709
SCHED-TRACE 6488 31323 R 36 65a3fd709
SCHED-TRACE 6489 31324 U 4 5cf20b
SCHED-TRACE 6490 31324 V 4 5cf2c5
SCHED-TRACE 6491 31324 O 0 0
SCHED-TRACE 6492 31324 P 36 65c32e146
SCHED-TRACE 6493 31325 K 66 61e311eb7
SCHED-TRACE 6494 31325 P 36 65dfb3332
SCHED-TRACE 6495 31326 P 36 65f470a3c
SCHED-TRACE 6496 31382 I 66 5d1b7f
SCHED-TRACE 6497 31382 B 66 ef
SCHED-TRACE 6498 31382 P 66 65a6e3d70
SCHED-TRACE 6499 31382 R 66 65a6e3d70
SCHED-TRACE 6500 31383 U 4 5d1cc0
SCHED-TRACE 6501 31383 V 4 5d1d7b
SCHED-TRACE 6502 31383 O 0 0
SCHED-TRACE 6503 31383 P 66 65c647ae0
SCHED-TRACE 6504 31384 K 48 61e3c51ea
SCHED-TRACE 6505 31384 P 66 65e2c51eb
SCHED-TRACE 6506 31385 P 66 65f77ffff
SCHED-TRACE 6507 31441 I 48 5d4635
SCHED-TRACE 6508 31441 B 48 f1
SCHED-TRACE 6509 31441 P 48 65a7ab850
SCHED-TRACE 6510 31441 R 48 65a7ab850
SCHED-TRACE 6511 31442 U 4 5d4778
SCHED-TRACE 6512 31442 V 4 5d4832
SCHED-TRACE 6513 31442 O 0 0
SCHED-TRACE 6514 31442 P 48 65c730a3c
SCHED-TRACE 6515 31443 K 81 61e63ae14
SCHED-TRACE 6516 31443 P 48 65e3bfffe
SCHED-TRACE 6517 31444 P 48 65f87851d
SCHED-TRACE 6518 31500 I 81 5d70ea
SCHED-TRACE 6519 31500 B 81 f2
SCHED-TRACE 6520 31500 P 81 65a9cf5c2
SCHED-TRACE 6521 31500 R 81 65a9cf5c2
SCHED-TRACE 6522 31501 U 4 5d722b
SCHED-TRACE 6523 31501 V 4 5d72e6
SCHED-TRACE 6524 31501 O 0 0
SCHED-TRACE 6525 31501 P 81 65c90f5c2
SCHED-TRACE 6526 31502 K 57 61e65eb84
SCHED-TRACE 6527 31502 P 81 65e5970a3
SCHED-TRACE 6528 31503 P 81 65fa547ad
SCHED-TRACE 6529 31559 I 57 5d9ba2
SCHED-TRACE 6530 31559 B 57 ef
SCHED-TRACE 6531 31559 P 57 65aa3ffff
SCHED-TRACE 6532 31559 R 57 65aa3ffff
SCHED-TRACE 6533 31560 U 4 5d9ce4
SCHED-TRACE 6534 31560 V 4 5d9d9f
SCHED-TRACE 6535 31560 O 0 0
SCHED-TRACE 6536 31560 P 57 65c9a6665
SCHED-TRACE 6537 31561 K 45 61e78f5c1
SCHED-TRACE 6538 31561 P 57 65e626665
SCHED-TRACE 6539 31562 P 57 65fae6665
SCHED-TRACE 6540 31618 I 45 5dc662
SCHED-TRACE 6541 31618 B 45 f2
SCHED-TRACE 6542 31618 P 45 65ac23d6f
SCHED-TRACE 6543 31618 R 45 65ac23d6f
SCHED-TRACE 6544 31619 U 4 5dc7a4
SCHED-TRACE 6545 31619 V 4 5dc85f
SCHED-TRACE 6546 31619 O 0 0
SCHED-TRACE 6547 31619 P 45 65cbb0a3c
SCHED-TRACE 6548 31620 K 54 61e9fffff
SCHED-TRACE 6549 31620 P 45 65e83fffe
SCHED-TRACE 6550 31621 P 45 65fcfae13
SCHED-TRACE 6551 31677 I 54 5df121
SCHED-TRACE 6552 31677 B 54 f2
SCHED-TRACE 6553 31677 P 54 65ae3ae13
SCHED-TRACE 6554 31677 R 54 65ae3ae13
SCHED-TRACE 6555 31678 U 4 5df263
SCHED-TRACE 6556 31678 V 4 5df31e
SCHED-TRACE 6557 31678 O 0 0
SCHED-TRACE 6558 31678 P 54 65cda6665
SCHED-TRACE 6559 31679 K 78 61eafffff
SCHED-TRACE 6560 31679 P 54 65ea30a3c
SCHED-TRACE 6561 31680 P 54 65feee147
SCHED-TRACE 6562 31736 I 78 5e1bdf
SCHED-TRACE 6563 31736 B 78 f0
SCHED-TRACE 6564 31736 P 78 65af1eb84
SCHED-TRACE 6565 31736 R 78 65af1eb84
SCHED-TRACE 6566 31737 U 4 5e1d20
SCHED-TRACE 6567 31737 V 4 5e1ddb
SCHED-TRACE 6568 31737 O 0 0
SCHED-TRACE 6569 31737 P 78 65ce68f5b
SCHED-TRACE 6570 31738 K 51 61ec028f5
SCHED-TRACE 6571 31738 P 78 65eaf3332
SCHED-TRACE 6572 31739 P 78 65ffb0a3c
SCHED-TRACE 6573 31795 I 51 5e46a2
SCHED-TRACE 6574 31795 B 51 f3
SCHED-TRACE 6575 31795 P 51 65b0bffff
SCHED-TRACE 6576 31795 R 51 65b0bffff
SCHED-TRACE 6577 31796 U 4 5e47e4
SCHED-TRACE 6578 31796 V 4 5e48a0
SCHED-TRACE 6579 31796 O 0 0
SCHED-TRACE 6580 31796 P 51 65d0428f5
SCHED-TRACE 6581 31797 K 75 61edbd709
SCHED-TRACE 6582 31797 P 51 65ecd1eb7
SCHED-TRACE 6583 31798 P 51 66018a3d6
SCHED-TRACE 6584 31854 I 75 5e7166
SCHED-TRACE 6585 31854 B 75 f2
SCHED-TRACE 6586 31854 P 75 65b247ae0
SCHED-TRACE 6587 31854 R 75 65b247ae0
SCHED-TRACE 6588 31855 U 4 5e72a8
SCHED-TRACE 6589 31855 V 4 5e7363
SCHED-TRACE 6590 31855 O 0 0
SCHED-TRACE 6591 31855 P 75 65d1a3d70
SCHED-TRACE 6592 31856 K 72 61f2ccccc
SCHED-TRACE 6593 31856 P 75 65ee30a3d
SCHED-TRACE 6594 31857 P 75 6602e8f5b
SCHED-TRACE 6595 31913 I 72 5e9c29
SCHED-TRACE 6596 31913 B 72 f0
SCHED-TRACE 6597 31913 P 72 65b759999
SCHED-TRACE 6598 31913 R 72 65b759999
SCHED-TRACE 6599 31914 U 4 5e9d6b
SCHED-TRACE 6600 31914 V 4 5e9e25
SCHED-TRACE 6601 31914 O 0 0
SCHED-TRACE 6602 31914 P 72 65d6b3332
SCHED-TRACE 6603 31915 K 39 61f3a6665
SCHED-TRACE 6604 31915 P 72 65f3428f5
SCHED-TRACE 6605 31916 P 72 6607fae14
SCHED-TRACE 6606 31972 I 39 5ec6e4
SCHED-TRACE 6607 31972 B 39 f1
SCHED-TRACE 6608 31972 P 39 65b79eb84
SCHED-TRACE 6609 31972 R 39 65b79eb84
SCHED-TRACE 6610 31973 U 4 5ec824
SCHED-TRACE 6611 31973 V 4 5ec8df
SCHED-TRACE 6612 31973 O 0 0
SCHED-TRACE 6613 31973 P 39 65d6deb84
SCHED-TRACE 6614 31974 K 33 623487ae0
SCHED-TRACE 6615 31974 P 39 65f36e147
SCHED-TRACE 6616 31975 P 39 660823d70
SCHED-TRACE 6617 32031 I 33 5ef19b
SCHED-TRACE 6618 32031 B 33 f2
SCHED-TRACE 6619 32031 P 33 6294e24dc
SCHED-TRACE 6620 32031 R 33 6294e24dc
SCHED-TRACE 6621 32032 U 4 5ef2da
SCHED-TRACE 6622 32032 V 4 5ef395
SCHED-TRACE 6623 32032 O 0 0
SCHED-TRACE 6624 32032 P 33 629800418
SCHED-TRACE 6625 32033 K 33 629800418
SCHED-TRACE 6626 32033 P 33 629adbe76
SCHED-TRACE 6627 32090 I 33 5f1c10
SCHED-TRACE 6628 32090 B 33 f2
SCHED-TRACE 6629 32090 P 33 62fc9be76
SCHED-TRACE 6630 32090 R 33 62fc9be76
SCHED-TRACE 6631 32091 U 4 5f1d50
SCHED-TRACE 6632 32091 V 4 5f1e0b
SCHED-TRACE 6633 32091 O 0 0
SCHED-TRACE 6634 32091 P 33 62ffba5e2
SCHED-TRACE 6635 32092 K 33 62ffba5e2
SCHED-TRACE 6636 32092 P 33 630296459
SCHED-TRACE 6637 32149 I 33 5f4687
SCHED-TRACE 6638 32149 B 33 f3
SCHED-TRACE 6639 32149 P 33 63645ae14
SCHED-TRACE 6640 32149 R 33 63645ae14
SCHED-TRACE 6641 32150 U 4 5f47c6
SCHED-TRACE 6642 32150 V 4 5f4881
SCHED-TRACE 6643 32150 O 0 0
SCHED-TRACE 6644 32150 P 33 636779db1
SCHED-TRACE 6645 32151 K 33 636779db1
SCHED-TRACE 6646 32151 P 33 636a553f7
SCHED-TRACE 6647 32208 I 33 5f70fd
SCHED-TRACE 6648 32208 B 33 f3
SCHED-TRACE 6649 32208 P 33 63cc15c28
SCHED-TRACE 6650 32208 R 33 63cc15c28
SCHED-TRACE 6651 32209 U 4 5f723c
SCHED-TRACE 6652 32209 V 4 5f72f7
SCHED-TRACE 6653 32209 O 0 0
SCHED-TRACE 6654 32209 P 33 63cf3374b
SCHED-TRACE 6655 32210 K 33 63cf3374b
SCHED-TRACE 6656 32210 P 33 63d20e978
SCHED-TRACE 6657 32267 I 33 5f9b74
SCHED-TRACE 6658 32267 B 33 f0
SCHED-TRACE 6659 32267 P 33 6433d1686
SCHED-TRACE 6660 32267 R 33 6433d1686
SCHED-TRACE 6661 32268 U 4 5f9cb3
SCHED-TRACE 6662 32268 V 4 5f9d6f
SCHED-TRACE 6663 32268 O 0 0
SCHED-TRACE 6664 32268 P 33 6436f0a3c
SCHED-TRACE 6665 32269 K 33 6436f0a3c
SCHED-TRACE 6666 32269 P 33 6439cac07
SCHED-TRACE 6667 32326 I 33 5fc5e9
SCHED-TRACE 6668 32326 B 33 f3
SCHED-TRACE 6669 32326 P 33 649b8c082
SCHED-TRACE 6670 32326 R 33 649b8c082
SCHED-TRACE 6671 32327 U 4 5fc729
SCHED-TRACE 6672 32327 V 4 5fc7e3
SCHED-TRACE 6673 32327 O 0 0
SCHED-TRACE 6674 32327 P 33 649ea9fbd
SCHED-TRACE 6675 32328 K 33 649ea9fbd
SCHED-TRACE 6676 32328 P 33 64a18624d
SCHED-TRACE 6677 32385 I 33 5ff05e
SCHED-TRACE 6678 32385 B 33 f3
SCHED-TRACE 6679 32385 P 33 6503476c8
SCHED-TRACE 6680 32385 R 33 6503476c8
SCHED-TRACE 6681 32386 U 4 5ff19d
SCHED-TRACE 6682 32386 V 4 5ff258
SCHED-TRACE 6683 32386 O 0 0
SCHED-TRACE 6684 32386 P 33 650665603
SCHED-TRACE 6685 32387 K 33 650665603
SCHED-TRACE 6686 32387 P 33 650940830
SCHED-TRACE 6687 32444 I 33 601ad8
SCHED-TRACE 6688 32444 B 33 f1
SCHED-TRACE 6689 32444 P 33 656b0c49b
SCHED-TRACE 6690 32444 R 33 656b0c49b
SCHED-TRACE 6691 32445 U 4 601c18
SCHED-TRACE 6692 32445 V 4 601cd3
SCHED-TRACE 6693 32445 O 0 0
SCHED-TRACE 6694 32445 P 33 656e2ac07
SCHED-TRACE 6695 32446 K 33 656e2ac07
SCHED-TRACE 6696 32446 P 33 657104dd2
SCHED-TRACE 6697 32503 I 33 604554
SCHED-TRACE 6698 32503 B 33 f2
SCHED-TRACE 6699 32503 P 33 65d2d2f1a
SCHED-TRACE 6700 32503 R 33 65d2d2f1a
SCHED-TRACE 6701 32504 U 4 604695
SCHED-TRACE 6702 32504 V 4 604750
SCHED-TRACE 6703 32504 O 0 0
SCHED-TRACE 6704 32504 P 33 65d5f2b01
SCHED-TRACE 6705 32505 K 63 65c59eb84
SCHED-TRACE 6706 32505 P 33 65d8ce978
SCHED-TRACE 6707 32506 P 33 65dae1892
SCHED-TRACE 6708 32562 I 63 607022
SCHED-TRACE 6709 32562 B 63 f2
SCHED-TRACE 6710 32562 P 63 698ae6665
SCHED-TRACE 6711 32562 R 63 698ae6665
SCHED-TRACE 6712 32563 U 4 607165
SCHED-TRACE 6713 32563 V 4 607220
SCHED-TRACE 6714 32563 O 0 0
SCHED-TRACE 6715 32563 P 63 69aa66665
SCHED-TRACE 6716 32564 K 42 65c691eb7
SCHED-TRACE 6717 32564 P 63 69c6fae14
SCHED-TRACE 6718 32565 P 63 69dbb5c28
SCHED-TRACE 6719 32621 I 42 609aee
SCHED-TRACE 6720 32621 B 42 f0
SCHED-TRACE 6721 32621 P 42 698b7851d
SCHED-TRACE 6722 32621 R 42 698b7851d
SCHED-TRACE 6723 32622 U 4 609c2f
SCHED-TRACE 6724 32622 V 4 609cea
SCHED-TRACE 6725 32622 O 0 0
SCHED-TRACE 6726 32622 P 42 69aac7ae0
SCHED-TRACE 6727 32623 K 69 65d33ae13
SCHED-TRACE 6728 32623 P 42 69c74a3d6
SCHED-TRACE 6729 32624 P 42 69dbfd709
SCHED-TRACE 6730 32680 I 69 60c5b5
SCHED-TRACE 6731 32680 B 69 f2
SCHED-TRACE 6732 32680 P 69 6997f3332
SCHED-TRACE 6733 32680 R 69 6997f3332
SCHED-TRACE 6734 32681 U 4 60c6f7
SCHED-TRACE 6735 32681 V 4 60c7b2
SCHED-TRACE 6736 32681 O 0 0
SCHED-TRACE 6737 32681 P 69 69b7547ad
SCHED-TRACE 6738 32682 K 33 65dae1892
SCHED-TRACE 6739 32682 P 69 69d3ee147
SCHED-TRACE 6740 32683 P 69 69e8a6665
SCHED-TRACE 6741 32739 I 33 60f07b
SCHED-TRACE 6742 32739 B 33 f3
SCHED-TRACE 6743 32739 P 33 663b547ad
SCHED-TRACE 6744 32739 R 33 663b547ad
SCHED-TRACE 6745 32740 U 4 60f1bb
SCHED-TRACE 6746 32740 V 4 60f276
SCHED-TRACE 6747 32740 O 0 0
SCHED-TRACE 6748 32740 P 33 663e73332
SCHED-TRACE 6749 32741 K 60 65efdeb84
SCHED-TRACE 6750 32741 P 33 66414e978
SCHED-TRACE 6751 32742 P 33 664361892
SCHED-TRACE 6752 32798 I 60 611b47
SCHED-TRACE 6753 32798 B 60 f0
SCHED-TRACE 6754 32798 P 60 69b4f851d
SCHED-TRACE 6755 32798 R 60 69b4f851d
SCHED-TRACE 6756 32799 U 4 611c88
SCHED-TRACE 6757 32799 V 4 611d44
SCHED-TRACE 6758 32799 O 0 0
SCHED-TRACE 6759 32799 P 60 69d44a3d5
SCHED-TRACE 6760 32800 K 36 65f470a3c
SCHED-TRACE 6761 32800 P 60 69f0d47ad
SCHED-TRACE 6762 32801 P 60 6a0591eb7
SCHED-TRACE 6763 32857 I 36 61461b
SCHED-TRACE 6764 32857 B 36 f3
SCHED-TRACE 6765 32857 P 36 69ba2147a
SCHED-TRACE 6766 32857 R 36 69ba2147a
SCHED-TRACE 6767 32858 U 4 61475c
SCHED-TRACE 6768 32858 V 4 614818
SCHED-TRACE 6769 32858 O 0 0
SCHED-TRACE 6770 32858 P 36 69d987ae0
SCHED-TRACE 6771 32859 K 66 65f77ffff
SCHED-TRACE 6772 32859 P 36 69f62b851
SCHED-TRACE 6773 32860 P 36 6a0aeb851
SCHED-TRACE 6774 32916 I 66 6170f3
SCHED-TRACE 6775 32916 B 66 f3
SCHED-TRACE 6776 32916 P 66 69bd75c28
SCHED-TRACE 6777 32916 R 66 69bd75c28
SCHED-TRACE 6778 32917 U 4 617236
SCHED-TRACE 6779 32917 V 4 6172f1
SCHED-TRACE 6780 32917 O 0 0
SCHED-TRACE 6781 32917 P 66 69dce8f5b
SCHED-TRACE 6782 32918 K 48 65f87851d
SCHED-TRACE 6783 32918 P 66 69f97d709
SCHED-TRACE 6784 32919 P 66 6a0e428f5
SCHED-TRACE 6785 32975 I 48 619bca
SCHED-TRACE 6786 32975 B 48 f0
SCHED-TRACE 6787 32975 P 48 69be35c27
SCHED-TRACE 6788 32975 R 48 69be35c27
SCHED-TRACE 6789 32976 U 4 619d0d
SCHED-TRACE 6790 32976 V 4 619dc8
SCHED-TRACE 6791 32976 O 0 0
SCHED-TRACE 6792 32976 P 48 69ddb851d
SCHED-TRACE 6793 32977 K 81 65fa547ad
SCHED-TRACE 6794 32977 P 48 69fa3fffe
SCHED-TRACE 6795 32978 P 48 6a0efd709
SCHED-TRACE 6796 33034 I 81 61c698
SCHED-TRACE 6797 33034 B 81 f3
SCHED-TRACE 6798 33034 P 81 69bf87ae0
SCHED-TRACE 6799 33034 R 81 69bf87ae0
SCHED-TRACE 6800 33035 U 4 61c7da
SCHED-TRACE 6801 33035 V 4 61c895
SCHED-TRACE 6802 33035 O 0 0
SCHED-TRACE 6803 33035 P 81 69deee147
SCHED-TRACE 6804 33036 K 57 65fae6665
SCHED-TRACE 6805 33036 P 81 69fb851eb
SCHED-TRACE 6806 33037 P 81 6a10451eb
SCHED-TRACE 6807 33093 I 57 61f16c
SCHED-TRACE 6808 33093 B 57 f3
SCHED-TRACE 6809 33093 P 57 69c091eb7
SCHED-TRACE 6810 33093 R 57 69c091eb7
SCHED-TRACE 6811 33094 U 4 61f2af
SCHED-TRACE 6812 33094 V 4 61f36b
SCHED-TRACE 6813 33094 O 0 0
SCHED-TRACE 6814 33094 P 57 69e01c28e
SCHED-TRACE 6815 33095 K 45 65fcfae13
SCHED-TRACE 6816 33095 P 57 69fcae146
SCHED-TRACE 6817 33096 P 57 6a116e146
SCHED-TRACE 6818 33152 I 45 621c47
SCHED-TRACE 6819 33152 B 45 f0
SCHED-TRACE 6820 33152 P 45 69c323d6f
SCHED-TRACE 6821 33152 R 45 69c323d6f
SCHED-TRACE 6822 33153 U 4 621d8b
SCHED-TRACE 6823 33153 V 4 621e45
SCHED-TRACE 6824 33153 O 0 0
SCHED-TRACE 6825 33153 P 45 69e29c28e
SCHED-TRACE 6826 33154 K 54 65feee147
SCHED-TRACE 6827 33154 P 45 69ff3851d
SCHED-TRACE 6828 33155 P 45 6a13f5c27
SCHED-TRACE 6829 33211 I 54 62471f
SCHED-TRACE 6830 33211 B 54 f4
SCHED-TRACE 6831 33211 P 54 69c4ca3d6
SCHED-TRACE 6832 33211 R 54 69c4ca3d6
SCHED-TRACE 6833 33212 U 4 624861
SCHED-TRACE 6834 33212 V 4 62491d
SCHED-TRACE 6835 33212 O 0 0
SCHED-TRACE 6836 33212 P 54 69e4570a3
SCHED-TRACE 6837 33213 K 78 65ffb0a3c
SCHED-TRACE 6838 33213 P 54 6a00ee147
SCHED-TRACE 6839 33214 P 54 6a15b0a3c
SCHED-TRACE 6840 33270 I 78 6271f6
SCHED-TRACE 6841 33270 B 78 f3
SCHED-TRACE 6842 33270 P 78 69c573332
SCHED-TRACE 6843 33270 R 78 69c573332
SCHED-TRACE 6844 33271 U 4 627338
SCHED-TRACE 6845 33271 V 4 6273f4
SCHED-TRACE 6846 33271 O 0 0
SCHED-TRACE 6847 33271 P 78 69e4e6665
SCHED-TRACE 6848 33272 K 51 66018a3d6
SCHED-TRACE 6849 33272 P 78 6a01851ea
SCHED-TRACE 6850 33273 P 78 6a16428f5
SCHED-TRACE 6851 33329 I 51 629cd2
SCHED-TRACE 6852 33329 B 51 f3
SCHED-TRACE 6853 33329 P 51 69c7a3d70
SCHED-TRACE 6854 33329 R 51 69c7a3d70
SCHED-TRACE 6855 33330 U 4 629e15
SCHED-TRACE 6856 33330 V 4 629ecf
SCHED-TRACE 6857 33330 O 0 0
SCHED-TRACE 6858 33330 P 51 69e70f5c2
SCHED-TRACE 6859 33331 K 75 6602e8f5b
SCHED-TRACE 6860 33331 P 51 6a03a147a
SCHED-TRACE 6861 33332 P 51 6a185eb84
SCHED-TRACE 6862 33388 I 75 62c7a5
SCHED-TRACE 6863 33388 B 75 f1
SCHED-TRACE 6864 33388 P 75 69c870a3d
SCHED-TRACE 6865 33388 R 75 69c870a3d
SCHED-TRACE 6866 33389 U 4 62c8e7
SCHED-TRACE 6867 33389 V 4 62c9a2
SCHED-TRACE 6868 33389 O 0 0
SCHED-TRACE 6869 33389 P 75 69e7dc28e
SCHED-TRACE 6870 33390 K 72 6607fae14
SCHED-TRACE 6871 33390 P 75 6a0473332
SCHED-TRACE 6872 33391 P 75 6a1933332
SCHED-TRACE 6873 33447 I 72 62f279
SCHED-TRACE 6874 33447 B 72 f3
SCHED-TRACE 6875 33447 P 72 69cd7ae14
SCHED-TRACE 6876 33447 R 72 69cd7ae14
SCHED-TRACE 6877 33448 U 4 62f3bb
SCHED-TRACE 6878 33448 V 4 62f476
SCHED-TRACE 6879 33448 O 0 0
SCHED-TRACE 6880 33448 P 72 69ecf3332
SCHED-TRACE 6881 33449 K 39 660823d70
SCHED-TRACE 6882 33449 P 72 6a09851eb
SCHED-TRACE 6883 33450 P 72 6a1e3d709
SCHED-TRACE 6884 33506 I 39 631d50
SCHED-TRACE 6885 33506 B 39 f3
SCHED-TRACE 6886 33506 P 39 69cdd1eb7
SCHED-TRACE 6887 33506 R 39 69cdd1eb7
SCHED-TRACE 6888 33507 U 4 631e91
SCHED-TRACE 6889 33507 V 4 631f4c
SCHED-TRACE 6890 33507 O 0 0
SCHED-TRACE 6891 33507 P 39 69ed11eb7
SCHED-TRACE 6892 33508 K 33 664361892
SCHED-TRACE 6893 33508 P 39 6a09a8f5b
SCHED-TRACE 6894 33509 P 39 6a1e6147a
SCHED-TRACE 6895 33565 I 33 634823
SCHED-TRACE 6896 33565 B 33 f2
SCHED-TRACE 6897 33565 P 33 66a3eb851
SCHED-TRACE 6898 33565 R 33 66a3eb851
SCHED-TRACE 6899 33566 U 4 634963
SCHED-TRACE 6900 33566 V 4 634a1f
SCHED-TRACE 6901 33566 O 0 0
SCHED-TRACE 6902 33566 P 33 66a70cccc
SCHED-TRACE 6903 33567 K 33 66a70cccc
SCHED-TRACE 6904 33567 P 33 66a9ea3d6
SCHED-TRACE 6905 33624 I 33 6372b0
SCHED-TRACE 6906 33624 B 33 f5
SCHED-TRACE 6907 33624 P 33 670bd1686
SCHED-TRACE 6908 33624 R 33 670bd1686
SCHED-TRACE 6909 33625 U 4 6373f1
SCHED-TRACE 6910 33625 V 4 6374ad
SCHED-TRACE 6911 33625 O 0 0
SCHED-TRACE 6912 33625 P 33 670ef2b01
SCHED-TRACE 6913 33626 K 33 670ef2b01
SCHED-TRACE 6914 33626 P 33 6711ce55f
SCHED-TRACE 6915 33683 I 33 639d37
SCHED-TRACE 6916 33683 B 33 f3
SCHED-TRACE 6917 33683 P 33 6773a9fbd
SCHED-TRACE 6918 33683 R 33 6773a9fbd
SCHED-TRACE 6919 33684 U 4 639e78
SCHED-TRACE 6920 33684 V 4 639f32
SCHED-TRACE 6921 33684 O 0 0
SCHED-TRACE 6922 33684 P 33 6776c6665
SCHED-TRACE 6923 33685 K 33 6776c6665
SCHED-TRACE 6924 33685 P 33 6779a1cab
SCHED-TRACE 6925 33742 I 33 63c7b8
SCHED-TRACE 6926 33742 B 33 f1
SCHED-TRACE 6927 33742 P 33 67db78105
SCHED-TRACE 6928 33742 R 33 67db78105
SCHED-TRACE 6929 33743 U 4 63c8f8
SCHED-TRACE 6930 33743 V 4 63c9b3
SCHED-TRACE 6931 33743 O 0 0
SCHED-TRACE 6932 33743 P 33 67de97ced
SCHED-TRACE 6933 33744 K 33 67de97ced
SCHED-TRACE 6934 33744 P 33 67e173f7c
SCHED-TRACE 6935 33801 I 33 63f23b
SCHED-TRACE 6936 33801 B 33 f3
SCHED-TRACE 6937 33801 P 33 684349fbd
SCHED-TRACE 6938 33801 R 33 684349fbd
SCHED-TRACE 6939 33802 U 4 63f37b
SCHED-TRACE 6940 33802 V 4 63f436
SCHED-TRACE 6941 33802 O 0 0
SCHED-TRACE 6942 33802 P 33 68466b438
SCHED-TRACE 6943 33803 K 33 68466b438
SCHED-TRACE 6944 33803 P 33 6849476c8
SCHED-TRACE 6945 33860 I 33 641cc3
SCHED-TRACE 6946 33860 B 33 f3
SCHED-TRACE 6947 33860 P 33 68ab26665
SCHED-TRACE 6948 33860 R 33 68ab26665
SCHED-TRACE 6949 33861 U 4 641e03
SCHED-TRACE 6950 33861 V 4 641ebe
SCHED-TRACE 6951 33861 O 0 0
SCHED-TRACE 6952 33861 P 33 68ae4353f
SCHED-TRACE 6953 33862 K 33 68ae4353f
SCHED-TRACE 6954 33862 P 33 68b11f3b5
SCHED-TRACE 6955 33919 I 33 64474c
SCHED-TRACE 6956 33919 B 33 f2
SCHED-TRACE 6957 33919 P 33 691301cab
SCHED-TRACE 6958 33919 R 33 691301cab
SCHED-TRACE 6959 33920 U 4 64488d
SCHED-TRACE 6960 33920 V 4 644948
SCHED-TRACE 6961 33920 O 0 0
SCHED-TRACE 6962 33920 P 33 691623126
SCHED-TRACE 6963 33921 K 33 691623126
SCHED-TRACE 6964 33921 P 33 6918ff3b5
SCHED-TRACE 6965 33978 I 33 6471d7
SCHED-TRACE 6966 33978 B 33 f3
SCHED-TRACE 6967 33978 P 33 697ae1061
SCHED-TRACE 6968 33978 R 33 697ae1061
SCHED-TRACE 6969 33979 U 4 647317
SCHED-TRACE 6970 33979 V 4 6473d2
SCHED-TRACE 6971 33979 O 0 0
SCHED-TRACE 6972 33979 P 33 697e01892
SCHED-TRACE 6973 33980 K 33 697e01892
SCHED-TRACE 6974 33980 P 33 6980de76c
SCHED-TRACE 6975 34037 I 33 649c60
SCHED-TRACE 6976 34037 B 33 f4
SCHED-TRACE 6977 34037 P 33 69e2c147a
SCHED-TRACE 6978 34037 R 33 69e2c147a
SCHED-TRACE 6979 34038 U 4 649da1
SCHED-TRACE 6980 34038 V 4 649e5b
SCHED-TRACE 6981 34038 O 0 0
SCHED-TRACE 6982 34038 P 33 69e5deb84
SCHED-TRACE 6983 34039 K 63 69dbb5c28
SCHED-TRACE 6984 34039 P 33 69e8bae14
SCHED-TRACE 6985 34040 P 33 69eace147
SCHED-TRACE 6986 34096 I 63 64c737
SCHED-TRACE 6987 34096 B 63 f4
SCHED-TRACE 6988 34096 P 63 6da1b3332
SCHED-TRACE 6989 34096 R 63 6da1b3332
SCHED-TRACE 6990 34097 U 4 64c87b
SCHED-TRACE 6991 34097 V 4 64c936
SCHED-TRACE 6992 34097 O 0 0
SCHED-TRACE 6993 34097 P 63 6dc13851e
SCHED-TRACE 6994 34098 K 42 69dbfd709
SCHED-TRACE 6995 34098 P 63 6dddd47ad
SCHED-TRACE 6996 34099 P 63 6df2947ad
SCHED-TRACE 6997 34155 I 42 64f211
SCHED-TRACE 6998 34155 B 42 f4
SCHED-TRACE 6999 34155 P 42 6da1a6665
SCHED-TRACE 7000 34155 R 42 6da1a6665
SCHED-TRACE 7001 34156 U 4 64f353
SCHED-TRACE 7002 34156 V 4 64f40f
SCHED-TRACE 7003 34156 O 0 0
SCHED-TRACE 7004 34156 P 42 6dc111eb7
SCHED-TRACE 7005 34157 K 69 69e8a6665
SCHED-TRACE 7006 34157 P 42 6dddb851d
SCHED-TRACE 7007 34158 P 42 6df270a3c
SCHED-TRACE 7008 34214 I 69 651cee
SCHED-TRACE 7009 34214 B 69 f5
SCHED-TRACE 7010 34214 P 69 6daea6665
SCHED-TRACE 7011 34214 R 69 6daea6665
SCHED-TRACE 7012 34215 U 4 651e30
SCHED-TRACE 7013 34215 V 4 651eeb
SCHED-TRACE 7014 34215 O 0 0
SCHED-TRACE 7015 34215 P 69 6dcdfd709
SCHED-TRACE 7016 34216 K 33 69eace147
SCHED-TRACE 7017 34216 P 69 6dea947ad
SCHED-TRACE 7018 34217 P 69 6dff4f5c1
SCHED-TRACE 7019 34273 I 33 6547c7
SCHED-TRACE 7020 34273 B 33 f1
SCHED-TRACE 7021 34273 P 33 6a4b5f7ce
SCHED-TRACE 7022 34273 R 33 6a4b5f7ce
SCHED-TRACE 7023 34274 U 4 654907
SCHED-TRACE 7024 34274 V 4 6549c3
SCHED-TRACE 7025 34274 O 0 0
SCHED-TRACE 7026 34274 P 33 6a4e80418
SCHED-TRACE 7027 34275 K 60 6a0591eb7
SCHED-TRACE 7028 34275 P 33 6a515c6a7
SCHED-TRACE 7029 34276 P 33 6a536f9da
SCHED-TRACE 7030 34332 I 60 6572a4
SCHED-TRACE 7031 34332 B 60 f3
SCHED-TRACE 7032 34332 P 60 6dcba8f5b
SCHED-TRACE 7033 34332 R 60 6dcba8f5b
SCHED-TRACE 7034 34333 U 4 6573e5
SCHED-TRACE 7035 34333 V 4 6574a1
SCHED-TRACE 7036 34333 O 0 0
SCHED-TRACE 7037 34333 P 60 6deb0a3d5
SCHED-TRACE 7038 34334 K 36 6a0aeb851
SCHED-TRACE 7039 34334 P 60 6e07a1479
SCHED-TRACE 7040 34335 P 60 6e1c5c28e
SCHED-TRACE 7041 34391 I 36 659d85
SCHED-TRACE 7042 34391 B 36 f3
SCHED-TRACE 7043 34391 P 36 6dd151eb7
SCHED-TRACE 7044 34391 R 36 6dd151eb7
SCHED-TRACE 7045 34392 U 4 659ec5
SCHED-TRACE 7046 34392 V 4 659f80
SCHED-TRACE 7047 34392 O 0 0
SCHED-TRACE 7048 34392 P 36 6df09c28e
SCHED-TRACE 7049 34393 K 66 6a0e428f5
SCHED-TRACE 7050 34393 P 36 6e0d33332
SCHED-TRACE 7051 34394 P 36 6e21f0a3c
SCHED-TRACE 7052 34450 I 66 65c860
SCHED-TRACE 7053 34450 B 66 f2
SCHED-TRACE 7054 34450 P 66 6dd48cccc
SCHED-TRACE 7055 34450 R 66 6dd48cccc
SCHED-TRACE 7056 34451 U 4 65c9a2
SCHED-TRACE 7057 34451 V 4 65ca5e
SCHED-TRACE 7058 34451 O 0 0
SCHED-TRACE 7059 34451 P 66 6df40a3d6
SCHED-TRACE 7060 34452 K 48 6a0efd709
SCHED-TRACE 7061 34452 P 66 6e10ae147
SCHED-TRACE 7062 34453 P 66 6e2573332
SCHED-TRACE 7063 34509 I 48 65f33e
SCHED-TRACE 7064 34509 B 48 f5
SCHED-TRACE 7065 34509 P 48 6dd547ae0
SCHED-TRACE 7066 34509 R 48 6dd547ae0
SCHED-TRACE 7067 34510 U 4 65f482
SCHED-TRACE 7068 34510 V 4 65f53e
SCHED-TRACE 7069 34510 O 0 0
SCHED-TRACE 7070 34510 P 48 6df4f0a3c
SCHED-TRACE 7071 34511 K 81 6a10451eb
SCHED-TRACE 7072 34511 P 48 6e11851ea
SCHED-TRACE 7073 34512 P 48 6e26451ea
SCHED-TRACE 7074 34568 I 81 661e21
SCHED-TRACE 7075 34568 B 81 f3
SCHED-TRACE 7076 34568 P 81 6dd6947ad
SCHED-TRACE 7077 34568 R 81 6dd6947ad
SCHED-TRACE 7078 34569 U 4 661f62
SCHED-TRACE 7079 34569 V 4 66201e
SCHED-TRACE 7080 34569 O 0 0
SCHED-TRACE 7081 34569 P 81 6df6051eb
SCHED-TRACE 7082 34570 K 57 6a116e146
SCHED-TRACE 7083 34570 P 81 6e12a3d70
SCHED-TRACE 7084 34571 P 81 6e2763d70
SCHED-TRACE 7085 34627 I 57 664905
SCHED-TRACE 7086 34627 B 57 f2
SCHED-TRACE 7087 34627 P 57 6dd83851d
SCHED-TRACE 7088 34627 R 57 6dd83851d
SCHED-TRACE 7089 34628 U 4 664a48
SCHED-TRACE 7090 34628 V 4 664b04
SCHED-TRACE 7091 34628 O 0 0
SCHED-TRACE 7092 34628 P 57 6df7ca3d6
SCHED-TRACE 7093 34629 K 45 6a13f5c27
SCHED-TRACE 7094 34629 P 57 6e1470a3c
SCHED-TRACE 7095 34630 P 57 6e293ae13
SCHED-TRACE 7096 34686 I 45 6673f0
SCHED-TRACE 7097 34686 B 45 f4
SCHED-TRACE 7098 34686 P 45 6ddb30a3c
SCHED-TRACE 7099 34686 R 45 6ddb30a3c
SCHED-TRACE 7100 34687 U 4 667535
SCHED-TRACE 7101 34687 V 4 6675f0
SCHED-TRACE 7102 34687 O 0 0
SCHED-TRACE 7103 34687 P 45 6dfad47ad
SCHED-TRACE 7104 34688 K 54 6a15b0a3c
SCHED-TRACE 7105 34688 P 45 6e1773332
SCHED-TRACE 7106 34689 P 45 6e2c35c27
SCHED-TRACE 7107 34745 I 54 669ed9
SCHED-TRACE 7108 34745 B 54 f3
SCHED-TRACE 7109 34745 P 54 6ddc91eb7
SCHED-TRACE 7110 34745 R 54 6ddc91eb7
SCHED-TRACE 7111 34746 U 4 66a01b
SCHED-TRACE 7112 34746 V 4 66a0d7
SCHED-TRACE 7113 34746 O 0 0
SCHED-TRACE 7114 34746 P 54 6dfc2147a
SCHED-TRACE 7115 34747 K 78 6a16428f5
SCHED-TRACE 7116 34747 P 54 6e18b851e
SCHED-TRACE 7117 34748 P 54 6e2d75c28
SCHED-TRACE 7118 34804 I 78 66c9ba
SCHED-TRACE 7119 34804 B 78 f3
SCHED-TRACE 7120 34804 P 78 6ddcb3332
SCHED-TRACE 7121 34804 R 78 6ddcb3332
SCHED-TRACE 7122 34805 U 4 66cafd
SCHED-TRACE 7123 34805 V 4 66cbb8
SCHED-TRACE 7124 34805 O 0 0
SCHED-TRACE 7125 34805 P 78 6dfc2b851
SCHED-TRACE 7126 34806 K 51 6a185eb84
SCHED-TRACE 7127 34806 P 78 6e18c28f5
SCHED-TRACE 7128 34807 P 78 6e2d7ae13
SCHED-TRACE 7129 34863 I 51 66f4a1
SCHED-TRACE 7130 34863 B 51 ef
SCHED-TRACE 7131 34863 P 51 6ddf33332
SCHED-TRACE 7132 34863 R 51 6ddf33332
SCHED-TRACE 7133 34864 U 4 66f5e4
SCHED-TRACE 7134 34864 V 4 66f69f
SCHED-TRACE 7135 34864 O 0 0
SCHED-TRACE 7136 34864 P 51 6dfeb0a3d
SCHED-TRACE 7137 34865 K 75 6a1933332
SCHED-TRACE 7138 34865 P 51 6e1b51eb7
SCHED-TRACE 7139 34866 P 51 6e3011eb7
SCHED-TRACE 7140 34922 I 75 671f87
SCHED-TRACE 7141 34922 B 75 f3
SCHED-TRACE 7142 34922 P 75 6ddfe6665
SCHED-TRACE 7143 34922 R 75 6ddfe6665
SCHED-TRACE 7144 34923 U 4 6720c9
SCHED-TRACE 7145 34923 V 4 672185
SCHED-TRACE 7146 34923 O 0 0
SCHED-TRACE 7147 34923 P 75 6dff6147a
SCHED-TRACE 7148 34924 K 72 6a1e3d709
SCHED-TRACE 7149 34924 P 75 6e1bfae14
SCHED-TRACE 7150 34925 P 75 6e30bd709
SCHED-TRACE 7151 34981 I 72 674a70
SCHED-TRACE 7152 34981 B 72 f4
SCHED-TRACE 7153 34981 P 72 6de52147a
SCHED-TRACE 7154 34981 R 72 6de52147a
SCHED-TRACE 7155 34982 U 4 674bb2
SCHED-TRACE 7156 34982 V 4 674c6e
SCHED-TRACE 7157 34982 O 0 0
SCHED-TRACE 7158 34982 P 72 6e04ab851
SCHED-TRACE 7159 34983 K 39 6a1e6147a
SCHED-TRACE 7160 34983 P 72 6e212b851
SCHED-TRACE 7161 34984 P 72 6e35deb84
SCHED-TRACE 7162 35040 I 39 677557
SCHED-TRACE 7163 35040 B 39 f1
SCHED-TRACE 7164 35040 P 39 6de511eb7
SCHED-TRACE 7165 35040 R 39 6de511eb7
SCHED-TRACE 7166 35041 U 4 677698
SCHED-TRACE 7167 35041 V 4 677753
SCHED-TRACE 7168 35041 O 0 0
SCHED-TRACE 7169 35041 P 39 6e0463d70
SCHED-TRACE 7170 35042 K 33 6a536f9da
SCHED-TRACE 7171 35042 P 39 6e2107ae0
SCHED-TRACE 7172 35043 P 39 6e35c28f5
SCHED-TRACE 7173 35099 I 33 67a030
SCHED-TRACE 7174 35099 B 33 f5
SCHED-TRACE 7175 35099 P 33 6ab401892
SCHED-TRACE 7176 35099 R 33 6ab401892
SCHED-TRACE 7177 35100 U 4 67a171
SCHED-TRACE 7178 35100 V 4 67a22c
SCHED-TRACE 7179 35100 O 0 0
SCHED-TRACE 7180 35100 P 33 6ab721cab
SCHED-TRACE 7181 35101 K 33 6ab721cab
SCHED-TRACE 7182 35101 P 33 6ab9fe76c
SCHED-TRACE 7183 35158 I 33 67cabc
SCHED-TRACE 7184 35158 B 33 f4
SCHED-TRACE 7185 35158 P 33 6b1be3957
SCHED-TRACE 7186 35158 R 33 6b1be3957
SCHED-TRACE 7187 35159 U 4 67cbfc
SCHED-TRACE 7188 35159 V 4 67ccb8
SCHED-TRACE 7189 35159 O 0 0
SCHED-TRACE 7190 35159 P 33 6b1f04dd2
SCHED-TRACE 7191 35160 K 33 6b1f04dd2
SCHED-TRACE 7192 35160 P 33 6b21ddb22
SCHED-TRACE 7193 35217 I 33 67f547
SCHED-TRACE 7194 35217 B 33 ef
SCHED-TRACE 7195 35217 P 33 6b83c24dc
SCHED-TRACE 7196 35217 R 33 6b83c24dc
SCHED-TRACE 7197 35218 U 4 67f688
SCHED-TRACE 7198 35218 V 4 67f743
SCHED-TRACE 7199 35218 O 0 0
SCHED-TRACE 7200 35218 P 33 6b86e28f5
SCHED-TRACE 7201 35219 K 33 6b86e28f5
SCHED-TRACE 7202 35219 P 33 6b89bf7ce
SCHED-TRACE 7203 35276 I 33 681fd4
SCHED-TRACE 7204 35276 B 33 f5
SCHED-TRACE 7205 35276 P 33 6beba72af
SCHED-TRACE 7206 35276 R 33 6beba72af
SCHED-TRACE 7207 35277 U 4 682114
SCHED-TRACE 7208 35277 V 4 6821d0
SCHED-TRACE 7209 35277 O 0 0
SCHED-TRACE 7210 35277 P 33 6beec76c8
SCHED-TRACE 7211 35278 K 33 6beec76c8
SCHED-TRACE 7212 35278 P 33 6bf1a3d70
SCHED-TRACE 7213 35335 I 33 684a64
SCHED-TRACE 7214 35335 B 33 f5
SCHED-TRACE 7215 35335 P 33 6c5392b01
SCHED-TRACE 7216 35335 R 33 6c5392b01
SCHED-TRACE 7217 35336 U 4 684ba5
SCHED-TRACE 7218 35336 V 4 684c61
SCHED-TRACE 7219 35336 O 0 0
SCHED-TRACE 7220 35336 P 33 6c56b4fde
SCHED-TRACE 7221 35337 K 33 6c56b4fde
SCHED-TRACE 7222 35337 P 33 6c598e978
SCHED-TRACE 7223 35394 I 33 6874f6
SCHED-TRACE 7224 35394 B 33 f0
SCHED-TRACE 7225 35394 P 33 6cbb7e76c
SCHED-TRACE 7226 35394 R 33 6cbb7e76c
SCHED-TRACE 7227 35395 U 4 687636
SCHED-TRACE 7228 35395 V 4 6876f1
SCHED-TRACE 7229 35395 O 0 0
SCHED-TRACE 7230 35395 P 33 6cbe9cac0
SCHED-TRACE 7231 35396 K 33 6cbe9cac0
SCHED-TRACE 7232 35396 P 33 6cc179999
SCHED-TRACE 7233 35453 I 33 689f87
SCHED-TRACE 7234 35453 B 33 f4
SCHED-TRACE 7235 35453 P 33 6d23676c8
SCHED-TRACE 7236 35453 R 33 6d23676c8
SCHED-TRACE 7237 35454 U 4 68a0c7
SCHED-TRACE 7238 35454 V 4 68a183
SCHED-TRACE 7239 35454 O 0 0
SCHED-TRACE 7240 35454 P 33 6d2688311
SCHED-TRACE 7241 35455 K 33 6d2688311
SCHED-TRACE 7242 35455 P 33 6d29645a1
SCHED-TRACE 7243 35512 I 33 68ca19
SCHED-TRACE 7244 35512 B 33 f3
SCHED-TRACE 7245 35512 P 33 6d8b54395
SCHED-TRACE 7246 35512 R 33 6d8b54395
SCHED-TRACE 7247 35513 U 4 68cb5a
SCHED-TRACE 7248 35513 V 4 68cc16
SCHED-TRACE 7249 35513 O 0 0
SCHED-TRACE 7250 35513 P 33 6d8e76872
SCHED-TRACE 7251 35514 K 33 6d8e76872
SCHED-TRACE 7252 35514 P 33 6d9153332
SCHED-TRACE 7253 35571 I 33 68f4ad
SCHED-TRACE 7254 35571 B 33 f0
SCHED-TRACE 7255 35571 P 33 6df3420c4
SCHED-TRACE 7256 35571 R 33 6df3420c4
SCHED-TRACE 7257 35572 U 4 68f5ed
SCHED-TRACE 7258 35572 V 4 68f6a8
SCHED-TRACE 7259 35572 O 0 0
SCHED-TRACE 7260 35572 P 33 6df660830
SCHED-TRACE 7261 35573 K 42 6df270a3c
SCHED-TRACE 7262 35573 P 33 6df93d2f1
SCHED-TRACE 7263 35574 P 33 6dfb50624
SCHED-TRACE 7264 35630 I 42 691f8c
SCHED-TRACE 7265 35630 B 42 f4
SCHED-TRACE 7266 35630 P 42 71b8c28f4
SCHED-TRACE 7267 35630 R 42 71b8c28f4
SCHED-TRACE 7268 35631 U 4 6920ce
SCHED-TRACE 7269 35631 V 4 692189
SCHED-TRACE 7270 35631 O 0 0
SCHED-TRACE 7271 35631 P 42 71d82b851
SCHED-TRACE 7272 35632 K 63 6df2947ad
SCHED-TRACE 7273 35632 P 42 71f4c7ae0
SCHED-TRACE 7274 35633 P 42 7209851ea
SCHED-TRACE 7275 35689 I 63 694a71
SCHED-TRACE 7276 35689 B 63 f4
SCHED-TRACE 7277 35689 P 63 71b93ae14
SCHED-TRACE 7278 35689 R 63 71b93ae14
SCHED-TRACE 7279 35690 U 4 694bb5
SCHED-TRACE 7280 35690 V 4 694c71
SCHED-TRACE 7281 35690 O 0 0
SCHED-TRACE 7282 35690 P 63 71d8cf5c2
SCHED-TRACE 7283 35691 K 33 6dfb50624
SCHED-TRACE 7284 35691 P 63 71f5547ad
SCHED-TRACE 7285 35692 P 63 720a051eb
SCHED-TRACE 7286 35748 I 33 697558
SCHED-TRACE 7287 35748 B 33 f1
SCHED-TRACE 7288 35748 P 33 6e5bf70a3
SCHED-TRACE 7289 35748 R 33 6e5bf70a3
SCHED-TRACE 7290 35749 U 4 697699
SCHED-TRACE 7291 35749 V 4 697754
SCHED-TRACE 7292 35749 O 0 0
SCHED-TRACE 7293 35749 P 33 6e5f18105
SCHED-TRACE 7294 35750 K 69 6dff4f5c1
SCHED-TRACE 7295 35750 P 33 6e61f53f7
SCHED-TRACE 7296 35751 P 33 6e6408b43
SCHED-TRACE 7297 35807 I 69 69a03e
SCHED-TRACE 7298 35807 B 69 f5
SCHED-TRACE 7299 35807 P 69 71c628f5b
SCHED-TRACE 7300 35807 R 69 71c628f5b
SCHED-TRACE 7301 35808 U 4 69a180
SCHED-TRACE 7302 35808 V 4 69a23c
SCHED-TRACE 7303 35808 O 0 0
SCHED-TRACE 7304 35808 P 69 71e5a147a
SCHED-TRACE 7305 35809 K 60 6e1c5c28e
SCHED-TRACE 7306 35809 P 69 7202428f5
SCHED-TRACE 7307 35810 P 69 7217028f5
SCHED-TRACE 7308 35866 I 60 69cb1f
SCHED-TRACE 7309 35866 B 60 f3
SCHED-TRACE 7310 35866 P 60 71e2b5c27
SCHED-TRACE 7311 35866 R 60 71e2b5c27
SCHED-TRACE 7312 35867 U 4 69cc60
SCHED-TRACE 7313 35867 V 4 69cd1c
SCHED-TRACE 7314 35867 O 0 0
SCHED-TRACE 7315 35867 P 60 720221479
SCHED-TRACE 7316 35868 K 36 6e21f0a3c
SCHED-TRACE 7317 35868 P 60 721e99998
SCHED-TRACE 7318 35869 P 60 72335c28e
SCHED-TRACE 7319 35925 I 36 69f606
SCHED-TRACE 7320 35925 B 36 ed
SCHED-TRACE 7321 35925 P 36 71e8eb851
SCHED-TRACE 7322 35925 R 36 71e8eb851
SCHED-TRACE 7323 35926 U 4 69f747
SCHED-TRACE 7324 35926 V 4 69f803
SCHED-TRACE 7325 35926 O 0 0
SCHED-TRACE 7326 35926 P 36 72085eb84
SCHED-TRACE 7327 35927 K 66 6e2573332
SCHED-TRACE 7328 35927 P 36 72250a3d6
SCHED-TRACE 7329 35928 P 36 7239cf5c1
SCHED-TRACE 7330 35984 I 66 6a20f4
SCHED-TRACE 7331 35984 B 66 f5
SCHED-TRACE 7332 35984 P 66 71ece8f5b
SCHED-TRACE 7333 35984 R 66 71ece8f5b
SCHED-TRACE 7334 35985 U 4 6a2237
SCHED-TRACE 7335 35985 V 4 6a22f2
SCHED-TRACE 7336 35985 O 0 0
SCHED-TRACE 7337 35985 P 66 720c68f5b
SCHED-TRACE 7338 35986 K 48 6e26451ea
SCHED-TRACE 7339 35986 P 66 72290cccc
SCHED-TRACE 7340 35987 P 66 723dd70a3
SCHED-TRACE 7341 36043 I 48 6a4be8
SCHED-TRACE 7342 36043 B 48 f3
SCHED-TRACE 7343 36043 P 48 71ee30a3c
SCHED-TRACE 7344 36043 R 48 71ee30a3c
SCHED-TRACE 7345 36044 U 4 6a4d2d
SCHED-TRACE 7346 36044 V 4 6a4de8
SCHED-TRACE 7347 36044 O 0 0
SCHED-TRACE 7348 36044 P 48 720dcf5c1
SCHED-TRACE 7349 36045 K 81 6e2763d70
SCHED-TRACE 7350 36045 P 48 722a6b850
SCHED-TRACE 7351 36046 P 48 723f30a3c
SCHED-TRACE 7352 36102 I 81 6a76dc
SCHED-TRACE 7353 36102 B 81 f4
SCHED-TRACE 7354 36102 P 81 71ef33332
SCHED-TRACE 7355 36102 R 81 71ef33332
SCHED-TRACE 7356 36103 U 4 6a781e
SCHED-TRACE 7357 36103 V 4 6a78da
SCHED-TRACE 7358 36103 O 0 0
SCHED-TRACE 7359 36103 P 81 720eb851e
SCHED-TRACE 7360 36104 K 57 6e293ae13
SCHED-TRACE 7361 36104 P 81 722b5c28e
SCHED-TRACE 7362 36105 P 81 724023d70
SCHED-TRACE 7363 36161 I 57 6aa1d1
SCHED-TRACE 7364 36161 B 57 f3
SCHED-TRACE 7365 36161 P 57 71f128f5b
SCHED-TRACE 7366 36161 R 57 71f128f5b
SCHED-TRACE 7367 36162 U 4 6aa314
SCHED-TRACE 7368 36162 V 4 6aa3d0
SCHED-TRACE 7369 36162 O 0 0
SCHED-TRACE 7370 36162 P 57 7210c51ea
SCHED-TRACE 7371 36163 K 45 6e2c35c27
SCHED-TRACE 7372 36163 P 57 722d6e146
SCHED-TRACE 7373 36164 P 57 724235c28
SCHED-TRACE 7374 36219 I 45 6acc3e
SCHED-TRACE 7375 36219 B 45 f5
SCHED-TRACE 7376 36219 P 45 71e6f5c27
SCHED-TRACE 7377 36219 R 45 71e6f5c27
SCHED-TRACE 7378 36220 U 4 6acd83
SCHED-TRACE 7379 36220 V 4 6ace3d
SCHED-TRACE 7380 36220 O 0 0
SCHED-TRACE 7381 36220 P 45 720673332
SCHED-TRACE 7382 36221 K 54 6e2d75c28
SCHED-TRACE 7383 36221 P 45 7223051ea
SCHED-TRACE 7384 36222 P 45 7237a8f5b
SCHED-TRACE 7385 36278 I 54 6af6b5
SCHED-TRACE 7386 36278 B 54 ec
SCHED-TRACE 7387 36278 P 54 71ed33332
SCHED-TRACE 7388 36278 R 54 71ed33332
SCHED-TRACE 7389 36279 U 4 6af7f6
SCHED-TRACE 7390 36279 V 4 6af8af
SCHED-TRACE 7391 36279 O 0 0
SCHED-TRACE 7392 36279 P 54 720c5eb84
SCHED-TRACE 7393 36280 K 78 6e2d7ae13
SCHED-TRACE 7394 36280 P 54 7228d9998
SCHED-TRACE 7395 36281 P 54 723d91eb7
SCHED-TRACE 7396 36337 I 78 6b2141
SCHED-TRACE 7397 36337 B 78 ef
SCHED-TRACE 7398 36337 P 78 71eeee146
SCHED-TRACE 7399 36337 R 78 71eeee146
SCHED-TRACE 7400 36338 U 4 6b2280
SCHED-TRACE 7401 36338 V 4 6b233a
SCHED-TRACE 7402 36338 O 0 0
SCHED-TRACE 7403 36338 P 78 720e2147a
SCHED-TRACE 7404 36339 K 51 6e3011eb7
SCHED-TRACE 7405 36339 P 78 722aa3d6f
SCHED-TRACE 7406 36340 P 78 723f63d6f
SCHED-TRACE 7407 36396 I 51 6b4bdf
SCHED-TRACE 7408 36396 B 51 f0
SCHED-TRACE 7409 36396 P 51 71f2d9999
SCHED-TRACE 7410 36396 R 51 71f2d9999
SCHED-TRACE 7411 36397 U 4 6b4d20
SCHED-TRACE 7412 36397 V 4 6b4dda
SCHED-TRACE 7413 36397 O 0 0
SCHED-TRACE 7414 36397 P 51 72123d709
SCHED-TRACE 7415 36398 K 75 6e30bd709
SCHED-TRACE 7416 36398 P 51 722ebffff
SCHED-TRACE 7417 36399 P 51 72436e147
SCHED-TRACE 7418 36455 I 75 6b7680
SCHED-TRACE 7419 36455 B 75 ee
SCHED-TRACE 7420 36455 P 75 71f38a3d6
SCHED-TRACE 7421 36455 R 75 71f38a3d6
SCHED-TRACE 7422 36456 U 4 6b77c1
SCHED-TRACE 7423 36456 V 4 6b787a
SCHED-TRACE 7424 36456 O 0 0
SCHED-TRACE 7425 36456 P 75 7212bae14
SCHED-TRACE 7426 36457 K 39 6e35c28f5
SCHED-TRACE 7427 36457 P 75 722f451eb
SCHED-TRACE 7428 36458 P 75 7243fffff
SCHED-TRACE 7429 36514 I 39 6ba125
SCHED-TRACE 7430 36514 B 39 ef
SCHED-TRACE 7431 36514 P 39 71f8c51ea
SCHED-TRACE 7432 36514 R 39 71f8c51ea
SCHED-TRACE 7433 36515 U 4 6ba264
SCHED-TRACE 7434 36515 V 4 6ba31f
SCHED-TRACE 7435 36515 O 0 0
SCHED-TRACE 7436 36515 P 39 7217f5c28
SCHED-TRACE 7437 36516 K 72 6e35deb84
SCHED-TRACE 7438 36516 P 39 72347ffff
SCHED-TRACE 7439 36517 P 39 72493ae13
SCHED-TRACE 7440 36573 I 72 6bcbd2
SCHED-TRACE 7441 36573 B 72 f1
SCHED-TRACE 7442 36573 P 72 71f96e147
SCHED-TRACE 7443 36573 R 72 71f96e147
SCHED-TRACE 7444 36574 U 4 6bcd13
SCHED-TRACE 7445 36574 V 4 6bcdcd
SCHED-TRACE 7446 36574 O 0 0
SCHED-TRACE 7447 36574 P 72 7218c51eb
SCHED-TRACE 7448 36575 K 33 6e6408b43
SCHED-TRACE 7449 36575 P 72 7235547ad
SCHED-TRACE 7450 36576 P 72 7249fffff
SCHED-TRACE 7451 36632 I 33 6bf67e
SCHED-TRACE 7452 36632 B 33 ef
SCHED-TRACE 7453 36632 P 33 6ec45e353
SCHED-TRACE 7454 36632 R 33 6ec45e353
SCHED-TRACE 7455 36633 U 4 6bf7bd
SCHED-TRACE 7456 36633 V 4 6bf877
SCHED-TRACE 7457 36633 O 0 0
SCHED-TRACE 7458 36633 P 33 6ec77ae14
SCHED-TRACE 7459 36634 K 33 6ec77ae14
SCHED-TRACE 7460 36634 P 33 6eca56459
SCHED-TRACE 7461 36691 I 33 6c20e9
SCHED-TRACE 7462 36691 B 33 f0
SCHED-TRACE 7463 36691 P 33 6f2c15c28
SCHED-TRACE 7464 36691 R 33 6f2c15c28
SCHED-TRACE 7465 36692 U 4 6c2228
SCHED-TRACE 7466 36692 V 4 6c22e3
SCHED-TRACE 7467 36692 O 0 0
SCHED-TRACE 7468 36692 P 33 6f2f33f7c
SCHED-TRACE 7469 36693 K 33 6f2f33f7c
SCHED-TRACE 7470 36693 P 33 6f320f1a9
SCHED-TRACE 7471 36750 I 33 6c4b5a
SCHED-TRACE 7472 36750 B 33 f2
SCHED-TRACE 7473 36750 P 33 6f93d6459
SCHED-TRACE 7474 36750 R 33 6f93d6459
SCHED-TRACE 7475 36751 U 4 6c4c9a
SCHED-TRACE 7476 36751 V 4 6c4d55
SCHED-TRACE 7477 36751 O 0 0
SCHED-TRACE 7478 36751 P 33 6f96f47ad
SCHED-TRACE 7479 36752 K 33 6f96f47ad
SCHED-TRACE 7480 36752 P 33 6f99d0a3c
SCHED-TRACE 7481 36809 I 33 6c75c5
SCHED-TRACE 7482 36809 B 33 f2
SCHED-TRACE 7483 36809 P 33 6ffb8bc6a
SCHED-TRACE 7484 36809 R 33 6ffb8bc6a
SCHED-TRACE 7485 36810 U 4 6c7705
SCHED-TRACE 7486 36810 V 4 6c77bf
SCHED-TRACE 7487 36810 O 0 0
SCHED-TRACE 7488 36810 P 33 6ffeaa3d6
SCHED-TRACE 7489 36811 K 33 6ffeaa3d6
SCHED-TRACE 7490 36811 P 33 700184dd2
SCHED-TRACE 7491 36868 I 33 6ca02c
SCHED-TRACE 7492 36868 B 33 f0
SCHED-TRACE 7493 36868 P 33 706330e55
SCHED-TRACE 7494 36868 R 33 706330e55
SCHED-TRACE 7495 36869 U 4 6ca16a
SCHED-TRACE 7496 36869 V 4 6ca225
SCHED-TRACE 7497 36869 O 0 0
SCHED-TRACE 7498 36869 P 33 70664c8b3
SCHED-TRACE 7499 36870 K 33 70664c8b3
SCHED-TRACE 7500 36870 P 33 7069276c8
SCHED-TRACE 7501 36927 I 33 6cca91
SCHED-TRACE 7502 36927 B 33 f0
SCHED-TRACE 7503 36927 P 33 70cacdd2e
SCHED-TRACE 7504 36927 R 33 70cacdd2e
SCHED-TRACE 7505 36928 U 4 6ccbd1
SCHED-TRACE 7506 36928 V 4 6ccc8b
SCHED-TRACE 7507 36928 O 0 0
SCHED-TRACE 7508 36928 P 33 70cdeb851
SCHED-TRACE 7509 36929 K 33 70cdeb851
SCHED-TRACE 7510 36929 P 33 70d0c72af
SCHED-TRACE 7511 36986 I 33 6cf4f8
SCHED-TRACE 7512 36986 B 33 f2
SCHED-TRACE 7513 36986 P 33 713273f7c
SCHED-TRACE 7514 36986 R 33 713273f7c
SCHED-TRACE 7515 36987 U 4 6cf637
SCHED-TRACE 7516 36987 V 4 6cf6f2
SCHED-TRACE 7517 36987 O 0 0
SCHED-TRACE 7518 36987 P 33 713591eb7
SCHED-TRACE 7519 36988 K 33 713591eb7
SCHED-TRACE 7520 36988 P 33 71386c082
SCHED-TRACE 7521 37045 I 33 6d1f5f
SCHED-TRACE 7522 37045 B 33 f1
SCHED-TRACE 7523 37045 P 33 719a14fde
SCHED-TRACE 7524 37045 R 33 719a14fde
SCHED-TRACE 7525 37046 U 4 6d209f
SCHED-TRACE 7526 37046 V 4 6d2158
SCHED-TRACE 7527 37046 O 0 0
SCHED-TRACE 7528 37046 P 33 719d2f5c2
SCHED-TRACE 7529 37047 K 33 719d2f5c2
SCHED-TRACE 7530 37047 P 33 71a009fbd
SCHED-TRACE 7531 37104 I 33 6d49c9
SCHED-TRACE 7532 37104 B 33 f0
SCHED-TRACE 7533 37104 P 33 7201b8105
SCHED-TRACE 7534 37104 R 33 7201b8105
SCHED-TRACE 7535 37105 U 4 6d4b09
SCHED-TRACE 7536 37105 V 4 6d4bc4
SCHED-TRACE 7537 37105 O 0 0
SCHED-TRACE 7538 37105 P 33 7204d6459
SCHED-TRACE 7539 37106 K 33 7204d6459
SCHED-TRACE 7540 37106 P 33 7207b126e
SCHED-TRACE 7541 37163 I 33 6d7433
SCHED-TRACE 7542 37163 B 33 f2
SCHED-TRACE 7543 37163 P 33 726960830
SCHED-TRACE 7544 37163 R 33 726960830
SCHED-TRACE 7545 37164 U 4 6d7573
SCHED-TRACE 7546 37164 V 4 6d762e
SCHED-TRACE 7547 37164 O 0 0
SCHED-TRACE 7548 37164 P 33 726c7ffff
SCHED-TRACE 7549 37165 K 42 7209851ea
SCHED-TRACE 7550 37165 P 33 726f5b645
SCHED-TRACE 7551 37166 P 33 72716d916
SCHED-TRACE 7552 37222 I 42 6d9ef5
SCHED-TRACE 7553 37222 B 42 f2
SCHED-TRACE 7554 37222 P 42 75ce1c28e
SCHED-TRACE 7555 37222 R 42 75ce1c28e
SCHED-TRACE 7556 37223 U 4 6da036
SCHED-TRACE 7557 37223 V 4 6da0f0
SCHED-TRACE 7558 37223 O 0 0
SCHED-TRACE 7559 37223 P 42 75ed4cccb
SCHED-TRACE 7560 37224 K 63 720a051eb
SCHED-TRACE 7561 37224 P 42 7609dc28e
SCHED-TRACE 7562 37225 P 42 761e99998
SCHED-TRACE 7563 37281 I 63 6dc9be
SCHED-TRACE 7564 37281 B 63 f1
SCHED-TRACE 7565 37281 P 63 75cf2b851
SCHED-TRACE 7566 37281 R 63 75cf2b851
SCHED-TRACE 7567 37282 U 4 6dcb00
SCHED-TRACE 7568 37282 V 4 6dcbbb
SCHED-TRACE 7569 37282 O 0 0
SCHED-TRACE 7570 37282 P 63 75eea8f5b
SCHED-TRACE 7571 37283 K 69 7217028f5
SCHED-TRACE 7572 37283 P 63 760b3ae14
SCHED-TRACE 7573 37284 P 63 761ff851e
SCHED-TRACE 7574 37340 I 69 6df478
SCHED-TRACE 7575 37340 B 69 f2
SCHED-TRACE 7576 37340 P 69 75dadc28e
SCHED-TRACE 7577 37340 R 69 75dadc28e
SCHED-TRACE 7578 37341 U 4 6df5ba
SCHED-TRACE 7579 37341 V 4 6df675
SCHED-TRACE 7580 37341 O 0 0
SCHED-TRACE 7581 37341 P 69 75fa4a3d6
SCHED-TRACE 7582 37342 K 60 72335c28e
SCHED-TRACE 7583 37342 P 69 7616d9998
SCHED-TRACE 7584 37343 P 69 762b8cccc
SCHED-TRACE 7585 37399 I 60 6e1f36
SCHED-TRACE 7586 37399 B 60 f1
SCHED-TRACE 7587 37399 P 60 75f770a3c
SCHED-TRACE 7588 37399 R 60 75f770a3c
SCHED-TRACE 7589 37400 U 4 6e2077
SCHED-TRACE 7590 37400 V 4 6e2131
SCHED-TRACE 7591 37400 O 0 0
SCHED-TRACE 7592 37400 P 60 761691eb7
SCHED-TRACE 7593 37401 K 45 7237a8f5b
SCHED-TRACE 7594 37401 P 60 76331eb84
SCHED-TRACE 7595 37402 P 60 7647deb84
SCHED-TRACE 7596 37458 I 45 6e49dd
SCHED-TRACE 7597 37458 B 45 f1
SCHED-TRACE 7598 37458 P 45 75f98a3d5
SCHED-TRACE 7599 37458 R 45 75f98a3d5
SCHED-TRACE 7600 37459 U 4 6e4b21
SCHED-TRACE 7601 37459 V 4 6e4bdc
SCHED-TRACE 7602 37459 O 0 0
SCHED-TRACE 7603 37459 P 45 7619170a2
SCHED-TRACE 7604 37460 K 36 7239cf5c1
SCHED-TRACE 7605 37460 P 45 7635a6665
SCHED-TRACE 7606 37461 P 45 764a66665
SCHED-TRACE 7607 37517 I 36 6e749e
SCHED-TRACE 7608 37517 B 36 f2
SCHED-TRACE 7609 37517 P 36 75fe0cccb
SCHED-TRACE 7610 37517 R 36 75fe0cccb
SCHED-TRACE 7611 37518 U 4 6e75df
SCHED-TRACE 7612 37518 V 4 6e769a
SCHED-TRACE 7613 37518 O 0 0
SCHED-TRACE 7614 37518 P 36 761d66665
SCHED-TRACE 7615 37519 K 54 723d91eb7
SCHED-TRACE 7616 37519 P 36 7639f3332
SCHED-TRACE 7617 37520 P 36 764eb0a3c
SCHED-TRACE 7618 37576 I 54 6e9f72
SCHED-TRACE 7619 37576 B 54 f3
SCHED-TRACE 7620 37576 P 54 76039c28e
SCHED-TRACE 7621 37576 R 54 76039c28e
SCHED-TRACE 7622 37577 U 4 6ea0b5
SCHED-TRACE 7623 37577 V 4 6ea16f
SCHED-TRACE 7624 37577 O 0 0
SCHED-TRACE 7625 37577 P 54 76230a3d6
SCHED-TRACE 7626 37578 K 66 723dd70a3
SCHED-TRACE 7627 37578 P 54 763f9c28e
SCHED-TRACE 7628 37579 P 54 76546147a
SCHED-TRACE 7629 37635 I 66 6eca49
SCHED-TRACE 7630 37635 B 66 f2
SCHED-TRACE 7631 37635 P 66 7603d47ad
SCHED-TRACE 7632 37635 R 66 7603d47ad
SCHED-TRACE 7633 37636 U 4 6ecb8c
SCHED-TRACE 7634 37636 V 4 6ecc47
SCHED-TRACE 7635 37636 O 0 0
SCHED-TRACE 7636 37636 P 66 762359999
SCHED-TRACE 7637 37637 K 48 723f30a3c
SCHED-TRACE 7638 37637 P 66 763ffae14
SCHED-TRACE 7639 37638 P 66 7654bffff
SCHED-TRACE 7640 37694 I 48 6ef512
SCHED-TRACE 7641 37694 B 48 f3
SCHED-TRACE 7642 37694 P 48 760423d6f
SCHED-TRACE 7643 37694 R 48 760423d6f
SCHED-TRACE 7644 37695 U 4 6ef655
SCHED-TRACE 7645 37695 V 4 6ef710
SCHED-TRACE 7646 37695 O 0 0
SCHED-TRACE 7647 37695 P 48 7623b3332
SCHED-TRACE 7648 37696 K 78 723f63d6f
SCHED-TRACE 7649 37696 P 48 76403fffe
SCHED-TRACE 7650 37697 P 48 7654f851d
SCHED-TRACE 7651 37753 I 78 6f1fdf
SCHED-TRACE 7652 37753 B 78 f2
SCHED-TRACE 7653 37753 P 78 760491eb7
SCHED-TRACE 7654 37753 R 78 760491eb7
SCHED-TRACE 7655 37754 U 4 6f211f
SCHED-TRACE 7656 37754 V 4 6f21da
SCHED-TRACE 7657 37754 O 0 0
SCHED-TRACE 7658 37754 P 78 7623d9998
SCHED-TRACE 7659 37755 K 81 724023d70
SCHED-TRACE 7660 37755 P 78 764068f5b
SCHED-TRACE 7661 37756 P 78 765523d6f
SCHED-TRACE 7662 37812 I 81 6f4aa9
SCHED-TRACE 7663 37812 B 81 f1
SCHED-TRACE 7664 37812 P 81 7605428f5
SCHED-TRACE 7665 37812 R 81 7605428f5
SCHED-TRACE 7666 37813 U 4 6f4beb
SCHED-TRACE 7667 37813 V 4 6f4ca6
SCHED-TRACE 7668 37813 O 0 0
SCHED-TRACE 7669 37813 P 81 76249c28e
SCHED-TRACE 7670 37814 K 57 724235c28
SCHED-TRACE 7671 37814 P 81 76413851e
SCHED-TRACE 7672 37815 P 81 7655fae14
SCHED-TRACE 7673 37871 I 57 6f7572
SCHED-TRACE 7674 37871 B 57 f3
SCHED-TRACE 7675 37871 P 57 760730a3c
SCHED-TRACE 7676 37871 R 57 760730a3c
SCHED-TRACE 7677 37872 U 4 6f76b5
SCHED-TRACE 7678 37872 V 4 6f7770
SCHED-TRACE 7679 37872 O 0 0
SCHED-TRACE 7680 37872 P 57 7626bae13
SCHED-TRACE 7681 37873 K 51 72436e147
SCHED-TRACE 7682 37873 P 57 7643428f4
SCHED-TRACE 7683 37874 P 57 7658051ea
SCHED-TRACE 7684 37930 I 51 6fa046
SCHED-TRACE 7685 37930 B 51 f1
SCHED-TRACE 7686 37930 P 51 760907ae0
SCHED-TRACE 7687 37930 R 51 760907ae0
SCHED-TRACE 7688 37931 U 4 6fa189
SCHED-TRACE 7689 37931 V 4 6fa244
SCHED-TRACE 7690 37931 O 0 0
SCHED-TRACE 7691 37931 P 51 7628947ad
SCHED-TRACE 7692 37932 K 75 7243fffff
SCHED-TRACE 7693 37932 P 51 76452e147
SCHED-TRACE 7694 37933 P 51 7659e8f5b
SCHED-TRACE 7695 37989 I 75 6fcb1c
SCHED-TRACE 7696 37989 B 75 f1
SCHED-TRACE 7697 37989 P 75 7609a147a
SCHED-TRACE 7698 37989 R 75 7609a147a
SCHED-TRACE 7699 37990 U 4 6fcc5e
SCHED-TRACE 7700 37990 V 4 6fcd19
SCHED-TRACE 7701 37990 O 0 0
SCHED-TRACE 7702 37990 P 75 76290a3d6
SCHED-TRACE 7703 37991 K 39 72493ae13
SCHED-TRACE 7704 37991 P 75 7645a6665
SCHED-TRACE 7705 37992 P 75 765a63d70
SCHED-TRACE 7706 38048 I 39 6ff5dd
SCHED-TRACE 7707 38048 B 39 f3
SCHED-TRACE 7708 38048 P 39 760d7ffff
SCHED-TRACE 7709 38048 R 39 760d7ffff
SCHED-TRACE 7710 38049 U 4 6ff71e
SCHED-TRACE 7711 38049 V 4 6ff7d9
SCHED-TRACE 7712 38049 O 0 0
SCHED-TRACE 7713 38049 P 39 762cbd709
SCHED-TRACE 7714 38050 K 72 7249fffff
SCHED-TRACE 7715 38050 P 39 764947ae0
SCHED-TRACE 7716 38051 P 39 765e028f5
SCHED-TRACE 7717 38107 I 72 7020a5
SCHED-TRACE 7718 38107 B 72 f2
SCHED-TRACE 7719 38107 P 72 760ed47ad
SCHED-TRACE 7720 38107 R 72 760ed47ad
SCHED-TRACE 7721 38108 U 4 7021e6
SCHED-TRACE 7722 38108 V 4 7022a1
SCHED-TRACE 7723 38108 O 0 0
SCHED-TRACE 7724 38108 P 72 762e3851e
SCHED-TRACE 7725 38109 K 33 72716d916
SCHED-TRACE 7726 38109 P 72 764accccc
SCHED-TRACE 7727 38110 P 72 765f828f5
SCHED-TRACE 7728 38166 I 33 704b71
SCHED-TRACE 7729 38166 B 33 f3
SCHED-TRACE 7730 38166 P 33 72d1ebc6a
SCHED-TRACE 7731 38166 R 33 72d1ebc6a
SCHED-TRACE 7732 38167 U 4 704cb2
SCHED-TRACE 7733 38167 V 4 704d6d
SCHED-TRACE 7734 38167 O 0 0
SCHED-TRACE 7735 38167 P 33 72d50c082
SCHED-TRACE 7736 38168 K 33 72d50c082
SCHED-TRACE 7737 38168 P 33 72d7e8b43
SCHED-TRACE 7738 38225 I 33 7075ed
SCHED-TRACE 7739 38225 B 33 f3
SCHED-TRACE 7740 38225 P 33 7339b1eb7
SCHED-TRACE 7741 38225 R 33 7339b1eb7
SCHED-TRACE 7742 38226 U 4 70772d
SCHED-TRACE 7743 38226 V 4 7077e8
SCHED-TRACE 7744 38226 O 0 0
SCHED-TRACE 7745 38226 P 33 733cd0624
SCHED-TRACE 7746 38227 K 33 733cd0624
SCHED-TRACE 7747 38227 P 33 733fab438
SCHED-TRACE 7748 38284 I 33 70a072
SCHED-TRACE 7749 38284 B 33 f2
SCHED-TRACE 7750 38284 P 33 73a1876c8
SCHED-TRACE 7751 38284 R 33 73a1876c8
SCHED-TRACE 7752 38285 U 4 70a1b1
SCHED-TRACE 7753 38285 V 4 70a26d
SCHED-TRACE 7754 38285 O 0 0
SCHED-TRACE 7755 38285 P 33 73a4a7ae0
SCHED-TRACE 7756 38286 K 33 73a4a7ae0
SCHED-TRACE 7757 38286 P 33 73a783957
SCHED-TRACE 7758 38343 I 33 70cafd
SCHED-TRACE 7759 38343 B 33 f2
SCHED-TRACE 7760 38343 P 33 74096a7ef
SCHED-TRACE 7761 38343 R 33 74096a7ef
SCHED-TRACE 7762 38344 U 4 70cc3d
SCHED-TRACE 7763 38344 V 4 70ccf9
SCHED-TRACE 7764 38344 O 0 0
SCHED-TRACE 7765 38344 P 33 740c8ac07
SCHED-TRACE 7766 38345 K 33 740c8ac07
SCHED-TRACE 7767 38345 P 33 740f67ef9
SCHED-TRACE 7768 38402 I 33 70f572
SCHED-TRACE 7769 38402 B 33 f4
SCHED-TRACE 7770 38402 P 33 747126e97
SCHED-TRACE 7771 38402 R 33 747126e97
SCHED-TRACE 7772 38403 U 4 70f6b2
SCHED-TRACE 7773 38403 V 4 70f76e
SCHED-TRACE 7774 38403 O 0 0
SCHED-TRACE 7775 38403 P 33 747446e97
SCHED-TRACE 7776 38404 K 33 747446e97
SCHED-TRACE 7777 38404 P 33 747721cab
SCHED-TRACE 7778 38461 I 33 711ff1
SCHED-TRACE 7779 38461 B 33 f3
SCHED-TRACE 7780 38461 P 33 74d8f3332
SCHED-TRACE 7781 38461 R 33 74d8f3332
SCHED-TRACE 7782 38462 U 4 712130
SCHED-TRACE 7783 38462 V 4 7121eb
SCHED-TRACE 7784 38462 O 0 0
SCHED-TRACE 7785 38462 P 33 74dc10a3c
SCHED-TRACE 7786 38463 K 33 74dc10a3c
SCHED-TRACE 7787 38463 P 33 74deec082
SCHED-TRACE 7788 38520 I 33 714a73
SCHED-TRACE 7789 38520 B 33 f1
SCHED-TRACE 7790 38520 P 33 7540c49b9
SCHED-TRACE 7791 38520 R 33 7540c49b9
SCHED-TRACE 7792 38521 U 4 714bb3
SCHED-TRACE 7793 38521 V 4 714c6f
SCHED-TRACE 7794 38521 O 0 0
SCHED-TRACE 7795 38521 P 33 7543e51eb
SCHED-TRACE 7796 38522 K 33 7543e51eb
SCHED-TRACE 7797 38522 P 33 7546c20c4
SCHED-TRACE 7798 38579 I 33 7174f1
SCHED-TRACE 7799 38579 B 33 f3
SCHED-TRACE 7800 38579 P 33 75a88ed90
SCHED-TRACE 7801 38579 R 33 75a88ed90
SCHED-TRACE 7802 38580 U 4 717631
SCHED-TRACE 7803 38580 V 4 7176ed
SCHED-TRACE 7804 38580 O 0 0
SCHED-TRACE 7805 38580 P 33 75abaf1a9
SCHED-TRACE 7806 38581 K 33 75abaf1a9
SCHED-TRACE 7807 38581 P 33 75ae8a3d6
SCHED-TRACE 7808 38638 I 33 719f77
SCHED-TRACE 7809 38638 B 33 f2
SCHED-TRACE 7810 38638 P 33 761066a7e
SCHED-TRACE 7811 38638 R 33 761066a7e
SCHED-TRACE 7812 38639 U 4 71a0b7
SCHED-TRACE 7813 38639 V 4 71a172
SCHED-TRACE 7814 38639 O 0 0
SCHED-TRACE 7815 38639 P 33 761384188
SCHED-TRACE 7816 38640 K 33 761384188
SCHED-TRACE 7817 38640 P 33 76165fbe6
SCHED-TRACE 7818 38697 I 33 71ca00
SCHED-TRACE 7819 38697 B 33 f1
SCHED-TRACE 7820 38697 P 33 7678424dc
SCHED-TRACE 7821 38697 R 33 7678424dc
SCHED-TRACE 7822 38698 U 4 71cb41
SCHED-TRACE 7823 38698 V 4 71cbfc
SCHED-TRACE 7824 38698 O 0 0
SCHED-TRACE 7825 38698 P 33 767b6353f
SCHED-TRACE 7826 38699 K 42 761e99998
SCHED-TRACE 7827 38699 P 33 767e3f7ce
SCHED-TRACE 7828 38700 P 33 768052f1a
SCHED-TRACE 7829 38756 I 42 71f4cc
SCHED-TRACE 7830 38756 B 42 f3
SCHED-TRACE 7831 38756 P 42 79e3b5c28
SCHED-TRACE 7832 38756 R 42 79e3b5c28
SCHED-TRACE 7833 38757 U 4 71f60e
SCHED-TRACE 7834 38757 V 4 71f6c9
SCHED-TRACE 7835 38757 O 0 0
SCHED-TRACE 7836 38757 P 42 7a0319998
SCHED-TRACE 7837 38758 K 63 761ff851e
SCHED-TRACE 7838 38758 P 42 7a1fa8f5b
SCHED-TRACE 7839 38759 P 42 7a3466665
SCHED-TRACE 7840 38815 I 63 721fa7
SCHED-TRACE 7841 38815 B 63 f3
SCHED-TRACE 7842 38815 P 63 79e633332
SCHED-TRACE 7843 38815 R 63 79e633332
SCHED-TRACE 7844 38816 U 4 7220ea
SCHED-TRACE 7845 38816 V 4 7221a5
SCHED-TRACE 7846 38816 O 0 0
SCHED-TRACE 7847 38816 P 63 7a05a3d70
SCHED-TRACE 7848 38817 K 69 762b8cccc
SCHED-TRACE 7849 38817 P 63 7a223ae14
SCHED-TRACE 7850 38818 P 63 7a36f851e
SCHED-TRACE 7851 38874 I 69 724a83
SCHED-TRACE 7852 38874 B 69 f2
SCHED-TRACE 7853 38874 P 69 79f191eb7
SCHED-TRACE 7854 38874 R 69 79f191eb7
SCHED-TRACE 7855 38875 U 4 724bc5
SCHED-TRACE 7856 38875 V 4 724c80
SCHED-TRACE 7857 38875 O 0 0
SCHED-TRACE 7858 38875 P 69 7a11051ea
SCHED-TRACE 7859 38876 K 60 7647deb84
SCHED-TRACE 7860 38876 P 69 7a2da8f5b
SCHED-TRACE 7861 38877 P 69 7a4266665
SCHED-TRACE 7862 38933 I 60 727553
SCHED-TRACE 7863 38933 B 60 f4
SCHED-TRACE 7864 38933 P 60 7a0d0cccb
SCHED-TRACE 7865 38933 R 60 7a0d0cccb
SCHED-TRACE 7866 38934 U 4 727694
SCHED-TRACE 7867 38934 V 4 727750
SCHED-TRACE 7868 38934 O 0 0
SCHED-TRACE 7869 38934 P 60 7a2c66665
SCHED-TRACE 7870 38935 K 45 764a66665
SCHED-TRACE 7871 38935 P 60 7a48fae13
SCHED-TRACE 7872 38936 P 60 7a5dbd709
SCHED-TRACE 7873 38992 I 45 72a034
SCHED-TRACE 7874 38992 B 45 f4
SCHED-TRACE 7875 38992 P 45 7a10f851d
SCHED-TRACE 7876 38992 R 45 7a10f851d
SCHED-TRACE 7877 38993 U 4 72a177
SCHED-TRACE 7878 38993 V 4 72a233
SCHED-TRACE 7879 38993 O 0 0
SCHED-TRACE 7880 38993 P 45 7a309c28e
SCHED-TRACE 7881 38994 K 36 764eb0a3c
SCHED-TRACE 7882 38994 P 45 7a4d3851d
SCHED-TRACE 7883 38995 P 45 7a61f5c27
SCHED-TRACE 7884 39051 I 36 72cb19
SCHED-TRACE 7885 39051 B 36 f3
SCHED-TRACE 7886 39051 P 36 7a15428f4
SCHED-TRACE 7887 39051 R 36 7a15428f4
SCHED-TRACE 7888 39052 U 4 72cc5b
SCHED-TRACE 7889 39052 V 4 72cd17
SCHED-TRACE 7890 39052 O 0 0
SCHED-TRACE 7891 39052 P 36 7a34b0a3c
SCHED-TRACE 7892 39053 K 54 76546147a
SCHED-TRACE 7893 39053 P 36 7a51570a3
SCHED-TRACE 7894 39054 P 36 7a661eb84
SCHED-TRACE 7895 39110 I 54 72f5ed
SCHED-TRACE 7896 39110 B 54 f4
SCHED-TRACE 7897 39110 P 54 7a1a3ffff
SCHED-TRACE 7898 39110 R 54 7a1a3ffff
SCHED-TRACE 7899 39111 U 4 72f731
SCHED-TRACE 7900 39111 V 4 72f7ec
SCHED-TRACE 7901 39111 O 0 0
SCHED-TRACE 7902 39111 P 54 7a39c28f5
SCHED-TRACE 7903 39112 K 66 7654bffff
SCHED-TRACE 7904 39112 P 54 7a5651eb7
SCHED-TRACE 7905 39113 P 54 7a6b147ad
SCHED-TRACE 7906 39169 I 66 7320c9
SCHED-TRACE 7907 39169 B 66 f3
SCHED-TRACE 7908 39169 P 66 7a1b07ae0
SCHED-TRACE 7909 39169 R 66 7a1b07ae0
SCHED-TRACE 7910 39170 U 4 73220b
SCHED-TRACE 7911 39170 V 4 7322c7
SCHED-TRACE 7912 39170 O 0 0
SCHED-TRACE 7913 39170 P 66 7a3a8a3d6
SCHED-TRACE 7914 39171 K 48 7654f851d
SCHED-TRACE 7915 39171 P 66 7a572147a
SCHED-TRACE 7916 39172 P 66 7a6be3d70
SCHED-TRACE 7917 39228 I 48 734bad
SCHED-TRACE 7918 39228 B 48 f3
SCHED-TRACE 7919 39228 P 48 7a1bcf5c1
SCHED-TRACE 7920 39228 R 48 7a1bcf5c1
SCHED-TRACE 7921 39229 U 4 734cf1
SCHED-TRACE 7922 39229 V 4 734dad
SCHED-TRACE 7923 39229 O 0 0
SCHED-TRACE 7924 39229 P 48 7a3b75c27
SCHED-TRACE 7925 39230 K 78 765523d6f
SCHED-TRACE 7926 39230 P 48 7a58170a2
SCHED-TRACE 7927 39231 P 48 7a6cca3d5
SCHED-TRACE 7928 39287 I 78 737687
SCHED-TRACE 7929 39287 B 78 f4
SCHED-TRACE 7930 39287 P 78 7a1b0cccc
SCHED-TRACE 7931 39287 R 78 7a1b0cccc
SCHED-TRACE 7932 39288 U 4 7377c9
SCHED-TRACE 7933 39288 V 4 737883
SCHED-TRACE 7934 39288 O 0 0
SCHED-TRACE 7935 39288 P 78 7a3a5eb84
SCHED-TRACE 7936 39289 K 81 7655fae14
SCHED-TRACE 7937 39289 P 78 7a56fae13
SCHED-TRACE 7938 39290 P 78 7a6bb851e
SCHED-TRACE 7939 39346 I 81 73a160
SCHED-TRACE 7940 39346 B 81 f2
SCHED-TRACE 7941 39346 P 81 7a1be3d70
SCHED-TRACE 7942 39346 R 81 7a1be3d70
SCHED-TRACE 7943 39347 U 4 73a2a1
SCHED-TRACE 7944 39347 V 4 73a35c
SCHED-TRACE 7945 39347 O 0 0
SCHED-TRACE 7946 39347 P 81 7a3b51eb7
SCHED-TRACE 7947 39348 K 57 7658051ea
SCHED-TRACE 7948 39348 P 81 7a57eb851
SCHED-TRACE 7949 39349 P 81 7a6cb0a3d
SCHED-TRACE 7950 39405 I 57 73cc46
SCHED-TRACE 7951 39405 B 57 f4
SCHED-TRACE 7952 39405 P 57 7a1ef851d
SCHED-TRACE 7953 39405 R 57 7a1ef851d
SCHED-TRACE 7954 39406 U 4 73cd8a
SCHED-TRACE 7955 39406 V 4 73ce46
SCHED-TRACE 7956 39406 O 0 0
SCHED-TRACE 7957 39406 P 57 7a3e9eb84
SCHED-TRACE 7958 39407 K 51 7659e8f5b
SCHED-TRACE 7959 39407 P 57 7a5b3ffff
SCHED-TRACE 7960 39408 P 57 7a6ff3332
SCHED-TRACE 7961 39464 I 51 73f722
SCHED-TRACE 7962 39464 B 51 f2
SCHED-TRACE 7963 39464 P 51 7a1fe6666
SCHED-TRACE 7964 39464 R 51 7a1fe6666
SCHED-TRACE 7965 39465 U 4 73f865
SCHED-TRACE 7966 39465 V 4 73f920
SCHED-TRACE 7967 39465 O 0 0
SCHED-TRACE 7968 39465 P 51 7a3f6147a
SCHED-TRACE 7969 39466 K 75 765a63d70
SCHED-TRACE 7970 39466 P 51 7a5bfffff
SCHED-TRACE 7971 39467 P 51 7a70bffff
SCHED-TRACE 7972 39523 I 75 7421fd
SCHED-TRACE 7973 39523 B 75 f4
SCHED-TRACE 7974 39523 P 75 7a205eb84
SCHED-TRACE 7975 39523 R 75 7a205eb84
SCHED-TRACE 7976 39524 U 4 74233f
SCHED-TRACE 7977 39524 V 4 7423fa
SCHED-TRACE 7978 39524 O 0 0
SCHED-TRACE 7979 39524 P 75 7a3fccccc
SCHED-TRACE 7980 39525 K 39 765e028f5
SCHED-TRACE 7981 39525 P 75 7a5c66665
SCHED-TRACE 7982 39526 P 75 7a7123d70
SCHED-TRACE 7983 39582 I 39 744cdb
SCHED-TRACE 7984 39582 B 39 f5
SCHED-TRACE 7985 39582 P 39 7a242b851
SCHED-TRACE 7986 39582 R 39 7a242b851
SCHED-TRACE 7987 39583 U 4 744e1d
SCHED-TRACE 7988 39583 V 4 744ed8
SCHED-TRACE 7989 39583 O 0 0
SCHED-TRACE 7990 39583 P 39 7a43947ad
SCHED-TRACE 7991 39584 K 72 765f828f5
SCHED-TRACE 7992 39584 P 39 7a600cccc
SCHED-TRACE 7993 39585 P 39 7a74bae13
SCHED-TRACE 7994 39641 I 72 7477b5
SCHED-TRACE 7995 39641 B 72 f0
SCHED-TRACE 7996 39641 P 72 7a255eb84
SCHED-TRACE 7997 39641 R 72 7a255eb84
SCHED-TRACE 7998 39642 U 4 7478f7
SCHED-TRACE 7999 39642 V 4 7479b2
SCHED-TRACE 8000 39642 O 0 0
SCHED-TRACE 8001 39642 P 72 7a44ca3d6
SCHED-TRACE 8002 39643 K 33 768052f1a
SCHED-TRACE 8003 39643 P 72 7a6166665
SCHED-TRACE 8004 39644 P 72 7a762147a
SCHED-TRACE 8005 39700 I 33 74a28e
SCHED-TRACE 8006 39700 B 33 f4
SCHED-TRACE 8007 39700 P 33 76e0e5a1c
SCHED-TRACE 8008 39700 R 33 76e0e5a1c
SCHED-TRACE 8009 39701 U 4 74a3cf
SCHED-TRACE 8010 39701 V 4 74a48a
SCHED-TRACE 8011 39701 O 0 0
SCHED-TRACE 8012 39701 P 33 76e405603
SCHED-TRACE 8013 39702 K 33 76e405603
SCHED-TRACE 8014 39702 P 33 76e6e24dc
SCHED-TRACE 8015 39759 I 33 74cd27
SCHED-TRACE 8016 39759 B 33 f3
SCHED-TRACE 8017 39759 P 33 7748de353
SCHED-TRACE 8018 39759 R 33 7748de353
SCHED-TRACE 8019 39760 U 4 74ce68
SCHED-TRACE 8020 39760 V 4 74cf24
SCHED-TRACE 8021 39760 O 0 0
SCHED-TRACE 8022 39760 P 33 774c00c49
SCHED-TRACE 8023 39761 K 33 774c00c49
SCHED-TRACE 8024 39761 P 33 774ed9167
SCHED-TRACE 8025 39818 I 33 74f7ae
SCHED-TRACE 8026 39818 B 33 f1
SCHED-TRACE 8027 39818 P 33 77b0b53f7
SCHED-TRACE 8028 39818 R 33 77b0b53f7
SCHED-TRACE 8029 39819 U 4 74f8ee
SCHED-TRACE 8030 39819 V 4 74f9aa
SCHED-TRACE 8031 39819 O 0 0
SCHED-TRACE 8032 39819 P 33 77b3d4bc6
SCHED-TRACE 8033 39820 K 33 77b3d4bc6
SCHED-TRACE 8034 39820 P 33 77b6b126e
SCHED-TRACE 8035 39877 I 33 752239
SCHED-TRACE 8036 39877 B 33 f4
SCHED-TRACE 8037 39877 P 33 781894fde
SCHED-TRACE 8038 39877 R 33 781894fde
SCHED-TRACE 8039 39878 U 4 752379
SCHED-TRACE 8040 39878 V 4 752435
SCHED-TRACE 8041 39878 O 0 0
SCHED-TRACE 8042 39878 P 33 781bb6459
SCHED-TRACE 8043 39879 K 33 781bb6459
SCHED-TRACE 8044 39879 P 33 781e92b01
SCHED-TRACE 8045 39936 I 33 754cca
SCHED-TRACE 8046 39936 B 33 f3
SCHED-TRACE 8047 39936 P 33 78807f7ce
SCHED-TRACE 8048 39936 R 33 78807f7ce
SCHED-TRACE 8049 39937 U 4 754e0a
SCHED-TRACE 8050 39937 V 4 754ec6
SCHED-TRACE 8051 39937 O 0 0
SCHED-TRACE 8052 39937 P 33 7883a1892
SCHED-TRACE 8053 39938 K 33 7883a1892
SCHED-TRACE 8054 39938 P 33 78867ae14
SCHED-TRACE 8055 39995 I 33 757754
SCHED-TRACE 8056 39995 B 33 f1
SCHED-TRACE 8057 39995 P 33 78e85be76
SCHED-TRACE 8058 39995 R 33 78e85be76
SCHED-TRACE 8059 39996 U 4 757894
SCHED-TRACE 8060 39996 V 4 75794f
SCHED-TRACE 8061 39996 O 0 0
SCHED-TRACE 8062 39996 P 33 78eb7a5e2
SCHED-TRACE 8063 39997 K 33 78eb7a5e2
SCHED-TRACE 8064 39997 P 33 78ee570a3
SCHED-TRACE 8065 40054 I 33 75a1e4
SCHED-TRACE 8066 40054 B 33 f4
SCHED-TRACE 8067 40054 P 33 795044dd2
SCHED-TRACE 8068 40054 R 33 795044dd2
SCHED-TRACE 8069 40055 U 4 75a324
SCHED-TRACE 8070 40055 V 4 75a3e0
SCHED-TRACE 8071 40055 O 0 0
SCHED-TRACE 8072 40055 P 33 795365a1c
SCHED-TRACE 8073 40056 K 33 795365a1c
SCHED-TRACE 8074 40056 P 33 7956424dc
SCHED-TRACE 8075 40113 I 33 75cc7d
SCHED-TRACE 8076 40113 B 33 f5
SCHED-TRACE 8077 40113 P 33 79b83f3b5
SCHED-TRACE 8078 40113 R 33 79b83f3b5
SCHED-TRACE 8079 40114 U 4 75cdbe
SCHED-TRACE 8080 40114 V 4 75ce7a
SCHED-TRACE 8081 40114 O 0 0
SCHED-TRACE 8082 40114 P 33 79bb620c4
SCHED-TRACE 8083 40115 K 33 79bb620c4
SCHED-TRACE 8084 40115 P 33 79be3d709
SCHED-TRACE 8085 40172 I 33 75f709
SCHED-TRACE 8086 40172 B 33 f2
SCHED-TRACE 8087 40172 P 33 7a2021892
SCHED-TRACE 8088 40172 R 33 7a2021892
SCHED-TRACE 8089 40173 U 4 75f849
SCHED-TRACE 8090 40173 V 4 75f904
SCHED-TRACE 8091 40173 O 0 0
SCHED-TRACE 8092 40173 P 33 7a233ffff
SCHED-TRACE 8093 40174 K 33 7a233ffff
SCHED-TRACE 8094 40174 P 33 7a261ced8
SCHED-TRACE 8095 40231 I 33 76219a
SCHED-TRACE 8096 40231 B 33 f4
SCHED-TRACE 8097 40231 P 33 7a880d0e4
SCHED-TRACE 8098 40231 R 33 7a880d0e4
SCHED-TRACE 8099 40232 U 4 7622db
SCHED-TRACE 8100 40232 V 4 762397
SCHED-TRACE 8101 40232 O 0 0
SCHED-TRACE 8102 40232 P 33 7a8b2f5c2
SCHED-TRACE 8103 40233 K 42 7a3466665
SCHED-TRACE 8104 40233 P 33 7a8e0bc6a
SCHED-TRACE 8105 40234 P 33 7a901ef9d
SCHED-TRACE 8106 40290 I 42 764c83
SCHED-TRACE 8107 40290 B 42 f5
SCHED-TRACE 8108 40290 P 42 7dfb66665
SCHED-TRACE 8109 40290 R 42 7dfb66665
SCHED-TRACE 8110 40291 U 4 764dc5
SCHED-TRACE 8111 40291 V 4 764e81
SCHED-TRACE 8112 40291 O 0 0
SCHED-TRACE 8113 40291 P 42 7e1ae147a
SCHED-TRACE 8114 40292 K 63 7a36f851e
SCHED-TRACE 8115 40292 P 42 7e3773332
SCHED-TRACE 8116 40293 P 42 7e4c28f5b
SCHED-TRACE 8117 40349 I 63 767769
SCHED-TRACE 8118 40349 B 63 f2
SCHED-TRACE 8119 40349 P 63 7dfddc28e
SCHED-TRACE 8120 40349 R 63 7dfddc28e
SCHED-TRACE 8121 40350 U 4 7678ac
SCHED-TRACE 8122 40350 V 4 767967
SCHED-TRACE 8123 40350 O 0 0
SCHED-TRACE 8124 40350 P 63 7e1d4cccc
SCHED-TRACE 8125 40351 K 69 7a4266665
SCHED-TRACE 8126 40351 P 63 7e39ee147
SCHED-TRACE 8127 40352 P 63 7e4eb0a3c
SCHED-TRACE 8128 40408 I 69 76a253
SCHED-TRACE 8129 40408 B 69 f4
SCHED-TRACE 8130 40408 P 69 7e09451ea
SCHED-TRACE 8131 40408 R 69 7e09451ea
SCHED-TRACE 8132 40409 U 4 76a396
SCHED-TRACE 8133 40409 V 4 76a452
SCHED-TRACE 8134 40409 O 0 0
SCHED-TRACE 8135 40409 P 69 7e28cf5c1
SCHED-TRACE 8136 40410 K 60 7a5dbd709
SCHED-TRACE 8137 40410 P 69 7e4575c28
SCHED-TRACE 8138 40411 P 69 7e5a35c28
SCHED-TRACE 8139 40467 I 60 76cd40
SCHED-TRACE 8140 40467 B 60 f5
SCHED-TRACE 8141 40467 P 60 7e24bfffe
SCHED-TRACE 8142 40467 R 60 7e24bfffe
SCHED-TRACE 8143 40468 U 4 76ce82
SCHED-TRACE 8144 40468 V 4 76cf3e
SCHED-TRACE 8145 40468 O 0 0
SCHED-TRACE 8146 40468 P 60 7e4433332
SCHED-TRACE 8147 40469 K 45 7a61f5c27
SCHED-TRACE 8148 40469 P 60 7e60a3d6f
SCHED-TRACE 8149 40470 P 60 7e7563d6f
SCHED-TRACE 8150 40526 I 45 76f81a
SCHED-TRACE 8151 40526 B 45 f1
SCHED-TRACE 8152 40526 P 45 7e28028f4
SCHED-TRACE 8153 40526 R 45 7e28028f4
SCHED-TRACE 8154 40527 U 4 76f95d
SCHED-TRACE 8155 40527 V 4 76fa18
SCHED-TRACE 8156 40527 O 0 0
SCHED-TRACE 8157 40527 P 45 7e47947ad
SCHED-TRACE 8158 40528 K 36 7a661eb84
SCHED-TRACE 8159 40528 P 45 7e6435c27
SCHED-TRACE 8160 40529 P 45 7e78f3332
SCHED-TRACE 8161 40585 I 36 7722f7
SCHED-TRACE 8162 40585 B 36 f5
SCHED-TRACE 8163 40585 P 36 7e2c28f5b
SCHED-TRACE 8164 40585 R 36 7e2c28f5b
SCHED-TRACE 8165 40586 U 4 772438
SCHED-TRACE 8166 40586 V 4 7724f4
SCHED-TRACE 8167 40586 O 0 0
SCHED-TRACE 8168 40586 P 36 7e4b851ea
SCHED-TRACE 8169 40587 K 54 7a6b147ad
SCHED-TRACE 8170 40587 P 36 7e6823d6f
SCHED-TRACE 8171 40588 P 36 7e7ce8f5b
SCHED-TRACE 8172 40644 I 54 774de0
SCHED-TRACE 8173 40644 B 54 f3
SCHED-TRACE 8174 40644 P 54 7e32451ea
SCHED-TRACE 8175 40644 R 54 7e32451ea
SCHED-TRACE 8176 40645 U 4 774f24
SCHED-TRACE 8177 40645 V 4 774fdf
SCHED-TRACE 8178 40645 O 0 0
SCHED-TRACE 8179 40645 P 54 7e51ca3d6
SCHED-TRACE 8180 40646 K 78 7a6bb851e
SCHED-TRACE 8181 40646 P 54 7e6e4f5c1
SCHED-TRACE 8182 40647 P 54 7e830f5c1
SCHED-TRACE 8183 40703 I 78 7778c0
SCHED-TRACE 8184 40703 B 78 f5
SCHED-TRACE 8185 40703 P 78 7e323851e
SCHED-TRACE 8186 40703 R 78 7e323851e
SCHED-TRACE 8187 40704 U 4 777a02
SCHED-TRACE 8188 40704 V 4 777abe
SCHED-TRACE 8189 40704 O 0 0
SCHED-TRACE 8190 40704 P 78 7e51b0a3c
SCHED-TRACE 8191 40705 K 66 7a6be3d70
SCHED-TRACE 8192 40705 P 78 7e6e451ea
SCHED-TRACE 8193 40706 P 78 7e8307ae0
SCHED-TRACE 8194 40762 I 66 77a3a7
SCHED-TRACE 8195 40762 B 66 f2
SCHED-TRACE 8196 40762 P 66 7e32bffff
SCHED-TRACE 8197 40762 R 66 7e32bffff
SCHED-TRACE 8198 40763 U 4 77a4ea
SCHED-TRACE 8199 40763 V 4 77a5a5
SCHED-TRACE 8200 40763 O 0 0
SCHED-TRACE 8201 40763 P 66 7e52428f5
SCHED-TRACE 8202 40764 K 81 7a6cb0a3d
SCHED-TRACE 8203 40764 P 66 7e6ee147a
SCHED-TRACE 8204 40765 P 66 7e839c28f
SCHED-TRACE 8205 40821 I 81 77ce91
SCHED-TRACE 8206 40821 B 81 f3
SCHED-TRACE 8207 40821 P 81 7e33ab851
SCHED-TRACE 8208 40821 R 81 7e33ab851
SCHED-TRACE 8209 40822 U 4 77cfd3
SCHED-TRACE 8210 40822 V 4 77d08d
SCHED-TRACE 8211 40822 O 0 0
SCHED-TRACE 8212 40822 P 81 7e52d47ad
SCHED-TRACE 8213 40823 K 48 7a6cca3d5
SCHED-TRACE 8214 40823 P 81 7e6f73332
SCHED-TRACE 8215 40824 P 81 7e8435c28
SCHED-TRACE 8216 40880 I 48 77f972
SCHED-TRACE 8217 40880 B 48 f4
SCHED-TRACE 8218 40880 P 48 7e3399998
SCHED-TRACE 8219 40880 R 48 7e3399998
SCHED-TRACE 8220 40881 U 4 77fab7
SCHED-TRACE 8221 40881 V 4 77fb72
SCHED-TRACE 8222 40881 O 0 0
SCHED-TRACE 8223 40881 P 48 7e533fffe
SCHED-TRACE 8224 40882 K 57 7a6ff3332
SCHED-TRACE 8225 40882 P 48 7e6fd70a2
SCHED-TRACE 8226 40883 P 48 7e849c28e
SCHED-TRACE 8227 40939 I 57 78245b
SCHED-TRACE 8228 40939 B 57 f2
SCHED-TRACE 8229 40939 P 57 7e36ca3d6
SCHED-TRACE 8230 40939 R 57 7e36ca3d6
SCHED-TRACE 8231 40940 U 4 78259e
SCHED-TRACE 8232 40940 V 4 78265a
SCHED-TRACE 8233 40940 O 0 0
SCHED-TRACE 8234 40940 P 57 7e5663d6f
SCHED-TRACE 8235 40941 K 51 7a70bffff
SCHED-TRACE 8236 40941 P 57 7e730f5c1
SCHED-TRACE 8237 40942 P 57 7e87ccccb
SCHED-TRACE 8238 40998 I 51 784f4a
SCHED-TRACE 8239 40998 B 51 f5
SCHED-TRACE 8240 40998 P 51 7e3823d70
SCHED-TRACE 8241 40998 R 51 7e3823d70
SCHED-TRACE 8242 40999 U 4 78508e
SCHED-TRACE 8243 40999 V 4 785148
SCHED-TRACE 8244 40999 O 0 0
SCHED-TRACE 8245 40999 P 51 7e577ffff
SCHED-TRACE 8246 41000 K 75 7a7123d70
SCHED-TRACE 8247 41000 P 51 7e741c28e
SCHED-TRACE 8248 41001 P 51 7e88dc28e
SCHED-TRACE 8249 41057 I 75 787a2f
SCHED-TRACE 8250 41057 B 75 f3
SCHED-TRACE 8251 41057 P 75 7e37cf5c2
SCHED-TRACE 8252 41057 R 75 7e37cf5c2
SCHED-TRACE 8253 41058 U 4 787b71
SCHED-TRACE 8254 41058 V 4 787c2d
SCHED-TRACE 8255 41058 O 0 0
SCHED-TRACE 8256 41058 P 75 7e574f5c2
SCHED-TRACE 8257 41059 K 39 7a74bae13
SCHED-TRACE 8258 41059 P 75 7e73ee147
SCHED-TRACE 8259 41060 P 75 7e88ae147
SCHED-TRACE 8260 41116 I 39 78a515
SCHED-TRACE 8261 41116 B 39 f2
SCHED-TRACE 8262 41116 P 39 7e3b3ffff
SCHED-TRACE 8263 41116 R 39 7e3b3ffff
SCHED-TRACE 8264 41117 U 4 78a656
SCHED-TRACE 8265 41117 V 4 78a712
SCHED-TRACE 8266 41117 O 0 0
SCHED-TRACE 8267 41117 P 39 7e5aa8f5b
SCHED-TRACE 8268 41118 K 72 7a762147a
SCHED-TRACE 8269 41118 P 39 7e77451ea
SCHED-TRACE 8270 41119 P 39 7e8bfffff
SCHED-TRACE 8271 41175 I 72 78d001
SCHED-TRACE 8272 41175 B 72 f5
SCHED-TRACE 8273 41175 P 72 7e3d30a3c
SCHED-TRACE 8274 41175 R 72 7e3d30a3c
SCHED-TRACE 8275 41176 U 4 78d140
SCHED-TRACE 8276 41176 V 4 78d1fa
SCHED-TRACE 8277 41176 O 0 0
SCHED-TRACE 8278 41176 P 72 7e5c63d70
SCHED-TRACE 8279 41177 K 33 7a901ef9d
SCHED-TRACE 8280 41177 P 72 7e78fd709
SCHED-TRACE 8281 41178 P 72 7e8db5c28
SCHED-TRACE 8282 41234 I 33 78fad3
SCHED-TRACE 8283 41234 B 33 f4
SCHED-TRACE 8284 41234 P 33 7af0aa7ef
SCHED-TRACE 8285 41234 R 33 7af0aa7ef
SCHED-TRACE 8286 41235 U 4 78fc13
SCHED-TRACE 8287 41235 V 4 78fccf
SCHED-TRACE 8288 41235 O 0 0
SCHED-TRACE 8289 41235 P 33 7af3cb020
SCHED-TRACE 8290 41236 K 33 7af3cb020
SCHED-TRACE 8291 41236 P 33 7af6a8311
SCHED-TRACE 8292 41293 I 33 792564
SCHED-TRACE 8293 41293 B 33 f5
SCHED-TRACE 8294 41293 P 33 7b5895c28
SCHED-TRACE 8295 41293 R 33 7b5895c28
SCHED-TRACE 8296 41294 U 4 7926a4
SCHED-TRACE 8297 41294 V 4 792760
SCHED-TRACE 8298 41294 O 0 0
SCHED-TRACE 8299 41294 P 33 7b5bb78d4
SCHED-TRACE 8300 41295 K 33 7b5bb78d4
SCHED-TRACE 8301 41295 P 33 7b5e92b01
SCHED-TRACE 8302 41352 I 33 794ffd
SCHED-TRACE 8303 41352 B 33 f0
SCHED-TRACE 8304 41352 P 33 7bc08d916
SCHED-TRACE 8305 41352 R 33 7bc08d916
SCHED-TRACE 8306 41353 U 4 79513b
SCHED-TRACE 8307 41353 V 4 7951f6
SCHED-TRACE 8308 41353 O 0 0
SCHED-TRACE 8309 41353 P 33 7bc3a9ba5
SCHED-TRACE 8310 41354 K 33 7bc3a9ba5
SCHED-TRACE 8311 41354 P 33 7bc68624d
SCHED-TRACE 8312 41411 I 33 797a8c
SCHED-TRACE 8313 41411 B 33 f3
SCHED-TRACE 8314 41411 P 33 7c28778d4
SCHED-TRACE 8315 41411 R 33 7c28778d4
SCHED-TRACE 8316 41412 U 4 797bcd
SCHED-TRACE 8317 41412 V 4 797c89
SCHED-TRACE 8318 41412 O 0 0
SCHED-TRACE 8319 41412 P 33 7c2b9851e
SCHED-TRACE 8320 41413 K 33 7c2b9851e
SCHED-TRACE 8321 41413 P 33 7c2e75c28
SCHED-TRACE 8322 41470 I 33 79a526
SCHED-TRACE 8323 41470 B 33 f4
SCHED-TRACE 8324 41470 P 33 7c907020b
SCHED-TRACE 8325 41470 R 33 7c907020b
SCHED-TRACE 8326 41471 U 4 79a666
SCHED-TRACE 8327 41471 V 4 79a722
SCHED-TRACE 8328 41471 O 0 0
SCHED-TRACE 8329 41471 P 33 7c93926e8
SCHED-TRACE 8330 41472 K 33 7c93926e8
SCHED-TRACE 8331 41472 P 33 7c966f1a9
SCHED-TRACE 8332 41529 I 33 79cfc7
SCHED-TRACE 8333 41529 B 33 f6
SCHED-TRACE 8334 41529 P 33 7cf878105
SCHED-TRACE 8335 41529 R 33 7cf878105
SCHED-TRACE 8336 41530 U 4 79d106
SCHED-TRACE 8337 41530 V 4 79d1c0
SCHED-TRACE 8338 41530 O 0 0
SCHED-TRACE 8339 41530 P 33 7cfb93b63
SCHED-TRACE 8340 41531 K 33 7cfb93b63
SCHED-TRACE 8341 41531 P 33 7cfe7020b
SCHED-TRACE 8342 41588 I 33 79fa58
SCHED-TRACE 8343 41588 B 33 f5
SCHED-TRACE 8344 41588 P 33 7d60620c4
SCHED-TRACE 8345 41588 R 33 7d60620c4
SCHED-TRACE 8346 41589 U 4 79fb99
SCHED-TRACE 8347 41589 V 4 79fc55
SCHED-TRACE 8348 41589 O 0 0
SCHED-TRACE 8349 41589 P 33 7d6384188
SCHED-TRACE 8350 41590 K 33 7d6384188
SCHED-TRACE 8351 41590 P 33 7d665ffff
SCHED-TRACE 8352 41647 I 33 7a24c3
SCHED-TRACE 8353 41647 B 33 ed
SCHED-TRACE 8354 41647 P 33 7dc81e76c
SCHED-TRACE 8355 41647 R 33 7dc81e76c
SCHED-TRACE 8356 41648 U 4 7a2601
SCHED-TRACE 8357 41648 V 4 7a26b9
SCHED-TRACE 8358 41648 O 0 0
SCHED-TRACE 8359 41648 P 33 7dcb347ad
SCHED-TRACE 8360 41649 K 33 7dcb347ad
SCHED-TRACE 8361 41649 P 33 7dce0cccc
SCHED-TRACE 8362 41707 I 33 7a4f80
SCHED-TRACE 8363 41707 B 33 ee
SCHED-TRACE 8364 41707 P 33 7e30c7ae0
SCHED-TRACE 8365 41707 R 33 7e30c7ae0
SCHED-TRACE 8366 41708 U 4 7a50bd
SCHED-TRACE 8367 41708 V 4 7a5177
SCHED-TRACE 8368 41708 O 0 0
SCHED-TRACE 8369 41708 P 33 7e33e147a
SCHED-TRACE 8370 41709 K 33 7e33e147a
SCHED-TRACE 8371 41709 P 33 7e36b6459
SCHED-TRACE 8372 41767 I 33 7a7a65
SCHED-TRACE 8373 41767 B 33 ea
SCHED-TRACE 8374 41767 P 33 7e99c978c
SCHED-TRACE 8375 41767 R 33 7e99c978c
SCHED-TRACE 8376 41768 U 4 7a7ba2
SCHED-TRACE 8377 41768 V 4 7a7c5c
SCHED-TRACE 8378 41768 O 0 0
SCHED-TRACE 8379 41768 P 33 7e9ce2d0d
SCHED-TRACE 8380 41769 K 42 7e4c28f5b
SCHED-TRACE 8381 41769 P 33 7e9fbcac0
SCHED-TRACE 8382 41770 P 33 7ea1ce55f
SCHED-TRACE 8383 41826 I 42 7aa4f3
SCHED-TRACE 8384 41826 B 42 f1
SCHED-TRACE 8385 41826 P 42 820db3332
SCHED-TRACE 8386 41826 R 42 820db3332
SCHED-TRACE 8387 41827 U 4 7aa633
SCHED-TRACE 8388 41827 V 4 7aa6ed
SCHED-TRACE 8389 41827 O 0 0
SCHED-TRACE 8390 41827 P 42 822cd70a2
SCHED-TRACE 8391 41828 K 63 7e4eb0a3c
SCHED-TRACE 8392 41828 P 42 8249570a2
SCHED-TRACE 8393 41829 P 42 825e11eb7
SCHED-TRACE 8394 41885 I 63 7acf93
SCHED-TRACE 8395 41885 B 63 f0
SCHED-TRACE 8396 41885 P 63 821151eb7
SCHED-TRACE 8397 41885 R 63 821151eb7
SCHED-TRACE 8398 41886 U 4 7ad0d4
SCHED-TRACE 8399 41886 V 4 7ad18f
SCHED-TRACE 8400 41886 O 0 0
SCHED-TRACE 8401 41886 P 63 8230b0a3c
SCHED-TRACE 8402 41887 K 69 7e5a35c28
SCHED-TRACE 8403 41887 P 63 824d147ad
SCHED-TRACE 8404 41888 P 63 8261ccccc
SCHED-TRACE 8405 41944 I 69 7afa34
SCHED-TRACE 8406 41944 B 69 ed
SCHED-TRACE 8407 41944 P 69 821cab851
SCHED-TRACE 8408 41944 R 69 821cab851
SCHED-TRACE 8409 41945 U 4 7afb74
SCHED-TRACE 8410 41945 V 4 7afc2d
SCHED-TRACE 8411 41945 O 0 0
SCHED-TRACE 8412 41945 P 69 823bee147
SCHED-TRACE 8413 41946 K 60 7e7563d6f
SCHED-TRACE 8414 41946 P 69 825875c28
SCHED-TRACE 8415 41947 P 69 826d28f5b
SCHED-TRACE 8416 42003 I 60 7b24d4
SCHED-TRACE 8417 42003 B 60 f1
SCHED-TRACE 8418 42003 P 60 8237d9998
SCHED-TRACE 8419 42003 R 60 8237d9998
SCHED-TRACE 8420 42004 U 4 7b2614
SCHED-TRACE 8421 42004 V 4 7b26ce
SCHED-TRACE 8422 42004 O 0 0
SCHED-TRACE 8423 42004 P 60 8256fd709
SCHED-TRACE 8424 42005 K 45 7e78f3332
SCHED-TRACE 8425 42005 P 60 827387ae0
SCHED-TRACE 8426 42006 P 60 8288451ea
SCHED-TRACE 8427 42062 I 45 7b4f86
SCHED-TRACE 8428 42062 B 45 f0
SCHED-TRACE 8429 42062 P 45 823ccf5c1
SCHED-TRACE 8430 42062 R 45 823ccf5c1
SCHED-TRACE 8431 42063 U 4 7b50c9
SCHED-TRACE 8432 42063 V 4 7b5183
SCHED-TRACE 8433 42063 O 0 0
SCHED-TRACE 8434 42063 P 45 825c547ad
SCHED-TRACE 8435 42064 K 36 7e7ce8f5b
SCHED-TRACE 8436 42064 P 45 8278bd709
SCHED-TRACE 8437 42065 P 45 828d7ae13
SCHED-TRACE 8438 42121 I 36 7b7a3a
SCHED-TRACE 8439 42121 B 36 ed
SCHED-TRACE 8440 42121 P 36 82408f5c1
SCHED-TRACE 8441 42121 R 36 82408f5c1
SCHED-TRACE 8442 42122 U 4 7b7b7a
SCHED-TRACE 8443 42122 V 4 7b7c34
SCHED-TRACE 8444 42122 O 0 0
SCHED-TRACE 8445 42122 P 36 825fc7ae0
SCHED-TRACE 8446 42123 K 78 7e8307ae0
SCHED-TRACE 8447 42123 P 36 827c59998
SCHED-TRACE 8448 42124 P 36 8291170a3
SCHED-TRACE 8449 42180 I 78 7ba4f1
SCHED-TRACE 8450 42180 B 78 f2
SCHED-TRACE 8451 42180 P 78 8247428f5
SCHED-TRACE 8452 42180 R 78 8247428f5
SCHED-TRACE 8453 42181 U 4 7ba632
SCHED-TRACE 8454 42181 V 4 7ba6ec
SCHED-TRACE 8455 42181 O 0 0
SCHED-TRACE 8456 42181 P 78 82668a3d6
SCHED-TRACE 8457 42182 K 54 7e830f5c1
SCHED-TRACE 8458 42182 P 78 82831c28e
SCHED-TRACE 8459 42183 P 78 8297deb84
SCHED-TRACE 8460 42239 I 54 7bcfb3
SCHED-TRACE 8461 42239 B 54 f1
SCHED-TRACE 8462 42239 P 54 8247fffff
SCHED-TRACE 8463 42239 R 54 8247fffff
SCHED-TRACE 8464 42240 U 4 7bd0f6
SCHED-TRACE 8465 42240 V 4 7bd1b1
SCHED-TRACE 8466 42240 O 0 0
SCHED-TRACE 8467 42240 P 54 8267851ea
SCHED-TRACE 8468 42241 K 66 7e839c28f
SCHED-TRACE 8469 42241 P 54 8283fffff
SCHED-TRACE 8470 42242 P 54 8298bffff
SCHED-TRACE 8471 42298 I 66 7bfa76
SCHED-TRACE 8472 42298 B 66 f1
SCHED-TRACE 8473 42298 P 66 82488a3d6
SCHED-TRACE 8474 42298 R 66 82488a3d6
SCHED-TRACE 8475 42299 U 4 7bfbb8
SCHED-TRACE 8476 42299 V 4 7bfc73
SCHED-TRACE 8477 42299 O 0 0
SCHED-TRACE 8478 42299 P 66 8267fd709
SCHED-TRACE 8479 42300 K 81 7e8435c28
SCHED-TRACE 8480 42300 P 66 8284947ad
SCHED-TRACE 8481 42301 P 66 829951eb7
SCHED-TRACE 8482 42357 I 81 7c2535
SCHED-TRACE 8483 42357 B 81 f2
SCHED-TRACE 8484 42357 P 81 8248ae147
SCHED-TRACE 8485 42357 R 81 8248ae147
SCHED-TRACE 8486 42358 U 4 7c2676
SCHED-TRACE 8487 42358 V 4 7c2730
SCHED-TRACE 8488 42358 O 0 0
SCHED-TRACE 8489 42358 P 81 8267f851e
SCHED-TRACE 8490 42359 K 48 7e849c28e
SCHED-TRACE 8491 42359 P 81 82848cccc
SCHED-TRACE 8492 42360 P 81 829951eb7
SCHED-TRACE 8493 42416 I 48 7c4fff
SCHED-TRACE 8494 42416 B 48 f1
SCHED-TRACE 8495 42416 P 48 824a35c27
SCHED-TRACE 8496 42416 R 48 824a35c27
SCHED-TRACE 8497 42417 U 4 7c5143
SCHED-TRACE 8498 42417 V 4 7c51fe
SCHED-TRACE 8499 42417 O 0 0
SCHED-TRACE 8500 42417 P 48 8269d1eb7
SCHED-TRACE 8501 42418 K 57 7e87ccccb
SCHED-TRACE 8502 42418 P 48 82864f5c1
SCHED-TRACE 8503 42419 P 48 829b11eb7
SCHED-TRACE 8504 42475 I 57 7c7acb
SCHED-TRACE 8505 42475 B 57 f1
SCHED-TRACE 8506 42475 P 57 824d428f4
SCHED-TRACE 8507 42475 R 57 824d428f4
SCHED-TRACE 8508 42476 U 4 7c7c0d
SCHED-TRACE 8509 42476 V 4 7c7cc8
SCHED-TRACE 8510 42476 O 0 0
SCHED-TRACE 8511 42476 P 57 826cbffff
SCHED-TRACE 8512 42477 K 75 7e88ae147
SCHED-TRACE 8513 42477 P 57 8289547ad
SCHED-TRACE 8514 42478 P 57 829e170a2
SCHED-TRACE 8515 42534 I 75 7ca594
SCHED-TRACE 8516 42534 B 75 f0
SCHED-TRACE 8517 42534 P 75 824ddc28e
SCHED-TRACE 8518 42534 R 75 824ddc28e
SCHED-TRACE 8519 42535 U 4 7ca6d5
SCHED-TRACE 8520 42535 V 4 7ca78f
SCHED-TRACE 8521 42535 O 0 0
SCHED-TRACE 8522 42535 P 75 826d33332
SCHED-TRACE 8523 42536 K 51 7e88dc28e
SCHED-TRACE 8524 42536 P 75 8289ccccc
SCHED-TRACE 8525 42537 P 75 829e91eb7
SCHED-TRACE 8526 42593 I 51 7cd061
SCHED-TRACE 8527 42593 B 51 f2
SCHED-TRACE 8528 42593 P 51 824e73332
SCHED-TRACE 8529 42593 R 51 824e73332
SCHED-TRACE 8530 42594 U 4 7cd1a4
SCHED-TRACE 8531 42594 V 4 7cd25f
SCHED-TRACE 8532 42594 O 0 0
SCHED-TRACE 8533 42594 P 51 826de8f5b
SCHED-TRACE 8534 42595 K 39 7e8bfffff
SCHED-TRACE 8535 42595 P 51 828a7851e
SCHED-TRACE 8536 42596 P 51 829f3851e
SCHED-TRACE 8537 42652 I 39 7cfb2f
SCHED-TRACE 8538 42652 B 39 f2
SCHED-TRACE 8539 42652 P 39 82517ae13
SCHED-TRACE 8540 42652 R 39 82517ae13
SCHED-TRACE 8541 42653 U 4 7cfc70
SCHED-TRACE 8542 42653 V 4 7cfd2b
SCHED-TRACE 8543 42653 O 0 0
SCHED-TRACE 8544 42653 P 39 8270cf5c2
SCHED-TRACE 8545 42654 K 72 7e8db5c28
SCHED-TRACE 8546 42654 P 39 828d63d70
SCHED-TRACE 8547 42655 P 39 82a223d70
SCHED-TRACE 8548 42711 I 72 7d25fa
SCHED-TRACE 8549 42711 B 72 f1
SCHED-TRACE 8550 42711 P 72 82530a3d6
SCHED-TRACE 8551 42711 R 72 82530a3d6
SCHED-TRACE 8552 42712 U 4 7d273c
SCHED-TRACE 8553 42712 V 4 7d27f6
SCHED-TRACE 8554 42712 O 0 0
SCHED-TRACE 8555 42712 P 72 827268f5b
SCHED-TRACE 8556 42713 K 33 7ea1ce55f
SCHED-TRACE 8557 42713 P 72 828f028f5
SCHED-TRACE 8558 42714 P 72 82a3bd709
SCHED-TRACE 8559 42770 I 33 7d50c3
SCHED-TRACE 8560 42770 B 33 f1
SCHED-TRACE 8561 42770 P 33 7f025020b
SCHED-TRACE 8562 42770 R 33 7f025020b
SCHED-TRACE 8563 42771 U 4 7d5203
SCHED-TRACE 8564 42771 V 4 7d52bc
SCHED-TRACE 8565 42771 O 0 0
SCHED-TRACE 8566 42771 P 33 7f056a3d6
SCHED-TRACE 8567 42772 K 33 7f056a3d6
SCHED-TRACE 8568 42772 P 33 7f0846665
SCHED-TRACE 8569 42829 I 33 7d7b43
SCHED-TRACE 8570 42829 B 33 f2
SCHED-TRACE 8571 42829 P 33 7f6a2ac07
SCHED-TRACE 8572 42829 R 33 7f6a2ac07
SCHED-TRACE 8573 42830 U 4 7d7c83
SCHED-TRACE 8574 42830 V 4 7d7d3e
SCHED-TRACE 8575 42830 O 0 0
SCHED-TRACE 8576 42830 P 33 7f6d4ac07
SCHED-TRACE 8577 42831 K 33 7f6d4ac07
SCHED-TRACE 8578 42831 P 33 7f7026e97
SCHED-TRACE 8579 42888 I 33 7da5c7
SCHED-TRACE 8580 42888 B 33 f1
SCHED-TRACE 8581 42888 P 33 7fd20bc6a
SCHED-TRACE 8582 42888 R 33 7fd20bc6a
SCHED-TRACE 8583 42889 U 4 7da707
SCHED-TRACE 8584 42889 V 4 7da7c2
SCHED-TRACE 8585 42889 O 0 0
SCHED-TRACE 8586 42889 P 33 7fd52b438
SCHED-TRACE 8587 42890 K 33 7fd52b438
SCHED-TRACE 8588 42890 P 33 7fd807ae0
SCHED-TRACE 8589 42947 I 33 7dd04d
SCHED-TRACE 8590 42947 B 33 f2
SCHED-TRACE 8591 42947 P 33 8039f0e55
SCHED-TRACE 8592 42947 R 33 8039f0e55
SCHED-TRACE 8593 42948 U 4 7dd18d
SCHED-TRACE 8594 42948 V 4 7dd248
SCHED-TRACE 8595 42948 O 0 0
SCHED-TRACE 8596 42948 P 33 803d0e55f
SCHED-TRACE 8597 42949 K 33 803d0e55f
SCHED-TRACE 8598 42949 P 33 803fe7ae0
SCHED-TRACE 8599 43006 I 33 7dfac5
SCHED-TRACE 8600 43006 B 33 f3
SCHED-TRACE 8601 43006 P 33 80a1b020b
SCHED-TRACE 8602 43006 R 33 80a1b020b
SCHED-TRACE 8603 43007 U 4 7dfc04
SCHED-TRACE 8604 43007 V 4 7dfcbf
SCHED-TRACE 8605 43007 O 0 0
SCHED-TRACE 8606 43007 P 33 80a4cf9da
SCHED-TRACE 8607 43008 K 33 80a4cf9da
SCHED-TRACE 8608 43008 P 33 80a7ab851
SCHED-TRACE 8609 43065 I 33 7e2539
SCHED-TRACE 8610 43065 B 33 f2
SCHED-TRACE 8611 43065 P 33 81096c082
SCHED-TRACE 8612 43065 R 33 81096c082
SCHED-TRACE 8613 43066 U 4 7e2679
SCHED-TRACE 8614 43066 V 4 7e2734
SCHED-TRACE 8615 43066 O 0 0
SCHED-TRACE 8616 43066 P 33 810c89374
SCHED-TRACE 8617 43067 K 33 810c89374
SCHED-TRACE 8618 43067 P 33 810f64dd2
SCHED-TRACE 8619 43124 I 33 7e4faf
SCHED-TRACE 8620 43124 B 33 f2
SCHED-TRACE 8621 43124 P 33 817125e34
SCHED-TRACE 8622 43124 R 33 817125e34
SCHED-TRACE 8623 43125 U 4 7e50ef
SCHED-TRACE 8624 43125 V 4 7e51aa
SCHED-TRACE 8625 43125 O 0 0
SCHED-TRACE 8626 43125 P 33 817445a1c
SCHED-TRACE 8627 43126 K 33 817445a1c
SCHED-TRACE 8628 43126 P 33 81771ef9d
SCHED-TRACE 8629 43183 I 33 7e7a26
SCHED-TRACE 8630 43183 B 33 f2
SCHED-TRACE 8631 43183 P 33 81d8e353f
SCHED-TRACE 8632 43183 R 33 81d8e353f
SCHED-TRACE 8633 43184 U 4 7e7b65
SCHED-TRACE 8634 43184 V 4 7e7c20
SCHED-TRACE 8635 43184 O 0 0
SCHED-TRACE 8636 43184 P 33 81dc0147a
SCHED-TRACE 8637 43185 K 33 81dc0147a
SCHED-TRACE 8638 43185 P 33 81dedd709
SCHED-TRACE 8639 43242 I 33 7ea49f
SCHED-TRACE 8640 43242 B 33 f3
SCHED-TRACE 8641 43242 P 33 8240a72af
SCHED-TRACE 8642 43242 R 33 8240a72af
SCHED-TRACE 8643 43243 U 4 7ea5df
SCHED-TRACE 8644 43243 V 4 7ea69a
SCHED-TRACE 8645 43243 O 0 0
SCHED-TRACE 8646 43243 P 33 8243c6665
SCHED-TRACE 8647 43244 K 33 8243c6665
SCHED-TRACE 8648 43244 P 33 8246a2d0d
SCHED-TRACE 8649 43301 I 33 7ecf1d
SCHED-TRACE 8650 43301 B 33 f2
SCHED-TRACE 8651 43301 P 33 82a871686
SCHED-TRACE 8652 43301 R 33 82a871686
SCHED-TRACE 8653 43302 U 4 7ed05e
SCHED-TRACE 8654 43302 V 4 7ed119
SCHED-TRACE 8655 43302 O 0 0
SCHED-TRACE 8656 43302 P 33 82ab926e8
SCHED-TRACE 8657 43303 K 42 825e11eb7
SCHED-TRACE 8658 43303 P 33 82ae6b020
SCHED-TRACE 8659 43304 P 33 82b07cac0
SCHED-TRACE 8660 43360 I 42 7ef9ed
SCHED-TRACE 8661 43360 B 42 ee
SCHED-TRACE 8662 43360 P 42 86238f5c1
SCHED-TRACE 8663 43360 R 42 86238f5c1
SCHED-TRACE 8664 43361 U 4 7efb2e
SCHED-TRACE 8665 43361 V 4 7efbe9
SCHED-TRACE 8666 43361 O 0 0
SCHED-TRACE 8667 43361 P 42 8642e6665
SCHED-TRACE 8668 43362 K 63 8261ccccc
SCHED-TRACE 8669 43362 P 42 865f7ffff
SCHED-TRACE 8670 43363 P 42 86743d709
SCHED-TRACE 8671 43419 I 63 7f24bd
SCHED-TRACE 8672 43419 B 63 f3
SCHED-TRACE 8673 43419 P 63 8627570a3
SCHED-TRACE 8674 43419 R 63 8627570a3
SCHED-TRACE 8675 43420 U 4 7f2600
SCHED-TRACE 8676 43420 V 4 7f26bb
SCHED-TRACE 8677 43420 O 0 0
SCHED-TRACE 8678 43420 P 63 8646ccccc
SCHED-TRACE 8679 43421 K 69 826d28f5b
SCHED-TRACE 8680 43421 P 63 866363d70
SCHED-TRACE 8681 43422 P 63 86781eb84
SCHED-TRACE 8682 43478 I 69 7f4f8b
SCHED-TRACE 8683 43478 B 69 f2
SCHED-TRACE 8684 43478 P 69 86325c28e
SCHED-TRACE 8685 43478 R 69 86325c28e
SCHED-TRACE 8686 43479 U 4 7f50cd
SCHED-TRACE 8687 43479 V 4 7f5188
SCHED-TRACE 8688 43479 O 0 0
SCHED-TRACE 8689 43479 P 69 8651d1eb7
SCHED-TRACE 8690 43480 K 60 8288451ea
SCHED-TRACE 8691 43480 P 69 866e47ae0
SCHED-TRACE 8692 43481 P 69 8683028f5
SCHED-TRACE 8693 43537 I 60 7f7a57
SCHED-TRACE 8694 43537 B 60 ef
SCHED-TRACE 8695 43537 P 60 864d33332
SCHED-TRACE 8696 43537 R 60 864d33332
SCHED-TRACE 8697 43538 U 4 7f7b97
SCHED-TRACE 8698 43538 V 4 7f7c52
SCHED-TRACE 8699 43538 O 0 0
SCHED-TRACE 8700 43538 P 60 866c75c27
SCHED-TRACE 8701 43539 K 45 828d7ae13
SCHED-TRACE 8702 43539 P 60 8689147ad
SCHED-TRACE 8703 43540 P 60 869dd1eb7
SCHED-TRACE 8704 43596 I 45 7fa52a
SCHED-TRACE 8705 43596 B 45 f4
SCHED-TRACE 8706 43596 P 45 86533851d
SCHED-TRACE 8707 43596 R 45 86533851d
SCHED-TRACE 8708 43597 U 4 7fa66e
SCHED-TRACE 8709 43597 V 4 7fa729
SCHED-TRACE 8710 43597 O 0 0
SCHED-TRACE 8711 43597 P 45 8672c28f4
SCHED-TRACE 8712 43598 K 36 8291170a3
SCHED-TRACE 8713 43598 P 45 868f59998
SCHED-TRACE 8714 43599 P 45 86a4170a2
SCHED-TRACE 8715 43655 I 36 7fd001
SCHED-TRACE 8716 43655 B 36 f2
SCHED-TRACE 8717 43655 P 36 8656b851d
SCHED-TRACE 8718 43655 R 36 8656b851d
SCHED-TRACE 8719 43656 U 4 7fd143
SCHED-TRACE 8720 43656 V 4 7fd1fe
SCHED-TRACE 8721 43656 O 0 0
SCHED-TRACE 8722 43656 P 36 867626665
SCHED-TRACE 8723 43657 K 78 8297deb84
SCHED-TRACE 8724 43657 P 36 8692ab851
SCHED-TRACE 8725 43658 P 36 86a768f5b
SCHED-TRACE 8726 43714 I 78 7ffada
SCHED-TRACE 8727 43714 B 78 f3
SCHED-TRACE 8728 43714 P 78 865df851e
SCHED-TRACE 8729 43714 R 78 865df851e
SCHED-TRACE 8730 43715 U 4 7ffc1c
SCHED-TRACE 8731 43715 V 4 7ffcd8
SCHED-TRACE 8732 43715 O 0 0
SCHED-TRACE 8733 43715 P 78 867d6e146
SCHED-TRACE 8734 43716 K 54 8298bffff
SCHED-TRACE 8735 43716 P 78 869a051ea
SCHED-TRACE 8736 43717 P 78 86aec7ae0
SCHED-TRACE 8737 43773 I 54 8025b1
SCHED-TRACE 8738 43773 B 54 f1
SCHED-TRACE 8739 43773 P 54 865ebd709
SCHED-TRACE 8740 43773 R 54 865ebd709
SCHED-TRACE 8741 43774 U 4 8026f4
SCHED-TRACE 8742 43774 V 4 8027af
SCHED-TRACE 8743 43774 O 0 0
SCHED-TRACE 8744 43774 P 54 867e3ae13
SCHED-TRACE 8745 43775 K 66 829951eb7
SCHED-TRACE 8746 43775 P 54 869ad1eb7
SCHED-TRACE 8747 43776 P 54 86af947ad
SCHED-TRACE 8748 43832 I 66 805086
SCHED-TRACE 8749 43832 B 66 f2
SCHED-TRACE 8750 43832 P 66 865f07ae0
SCHED-TRACE 8751 43832 R 66 865f07ae0
SCHED-TRACE 8752 43833 U 4 8051c9
SCHED-TRACE 8753 43833 V 4 805284
SCHED-TRACE 8754 43833 O 0 0
SCHED-TRACE 8755 43833 P 66 867e7851e
SCHED-TRACE 8756 43834 K 81 829951eb7
SCHED-TRACE 8757 43834 P 66 869b0f5c2
SCHED-TRACE 8758 43835 P 66 86afccccc
SCHED-TRACE 8759 43891 I 81 807b57
SCHED-TRACE 8760 43891 B 81 f3
SCHED-TRACE 8761 43891 P 81 865eb851e
SCHED-TRACE 8762 43891 R 81 865eb851e
SCHED-TRACE 8763 43892 U 4 807c98
SCHED-TRACE 8764 43892 V 4 807d53
SCHED-TRACE 8765 43892 O 0 0
SCHED-TRACE 8766 43892 P 81 867e1eb84
SCHED-TRACE 8767 43893 K 48 829b11eb7
SCHED-TRACE 8768 43893 P 81 869ab3332
SCHED-TRACE 8769 43894 P 81 86af73332
SCHED-TRACE 8770 43950 I 48 80a62e
SCHED-TRACE 8771 43950 B 48 f1
SCHED-TRACE 8772 43950 P 48 866128f5b
SCHED-TRACE 8773 43950 R 48 866128f5b
SCHED-TRACE 8774 43951 U 4 80a771
SCHED-TRACE 8775 43951 V 4 80a82c
SCHED-TRACE 8776 43951 O 0 0
SCHED-TRACE 8777 43951 P 48 8680b3332
SCHED-TRACE 8778 43952 K 57 829e170a2
SCHED-TRACE 8779 43952 P 48 869d4f5c1
SCHED-TRACE 8780 43953 P 48 86b20cccb
SCHED-TRACE 8781 44009 I 57 80d109
SCHED-TRACE 8782 44009 B 57 f4
SCHED-TRACE 8783 44009 P 57 86643851d
SCHED-TRACE 8784 44009 R 57 86643851d
SCHED-TRACE 8785 44010 U 4 80d24c
SCHED-TRACE 8786 44010 V 4 80d306
SCHED-TRACE 8787 44010 O 0 0
SCHED-TRACE 8788 44010 P 57 868387ae0
SCHED-TRACE 8789 44011 K 75 829e91eb7
SCHED-TRACE 8790 44011 P 57 86a01c28e
SCHED-TRACE 8791 44012 P 57 86b4d9998
SCHED-TRACE 8792 44068 I 75 80fbe0
SCHED-TRACE 8793 44068 B 75 f3
SCHED-TRACE 8794 44068 P 75 86646e147
SCHED-TRACE 8795 44068 R 75 86646e147
SCHED-TRACE 8796 44069 U 4 80fd23
SCHED-TRACE 8797 44069 V 4 80fdde
SCHED-TRACE 8798 44069 O 0 0
SCHED-TRACE 8799 44069 P 75 8683e3d70
SCHED-TRACE 8800 44070 K 51 829f3851e
SCHED-TRACE 8801 44070 P 75 86a07851e
SCHED-TRACE 8802 44071 P 75 86b53851e
SCHED-TRACE 8803 44127 I 51 8126b5
SCHED-TRACE 8804 44127 B 51 f1
SCHED-TRACE 8805 44127 P 51 8664d1eb7
SCHED-TRACE 8806 44127 R 51 8664d1eb7
SCHED-TRACE 8807 44128 U 4 8127f8
SCHED-TRACE 8808 44128 V 4 8128b4
SCHED-TRACE 8809 44128 O 0 0
SCHED-TRACE 8810 44128 P 51 868468f5b
SCHED-TRACE 8811 44129 K 39 82a223d70
SCHED-TRACE 8812 44129 P 51 86a0fffff
SCHED-TRACE 8813 44130 P 51 86b5b851e
SCHED-TRACE 8814 44186 I 39 815189
SCHED-TRACE 8815 44186 B 39 f3
SCHED-TRACE 8816 44186 P 39 86678cccc
SCHED-TRACE 8817 44186 R 39 86678cccc
SCHED-TRACE 8818 44187 U 4 8152ca
SCHED-TRACE 8819 44187 V 4 815384
SCHED-TRACE 8820 44187 O 0 0
SCHED-TRACE 8821 44187 P 39 8686a8f5b
SCHED-TRACE 8822 44188 K 72 82a3bd709
SCHED-TRACE 8823 44188 P 39 86a33d709
SCHED-TRACE 8824 44189 P 39 86b7fae13
SCHED-TRACE 8825 44245 I 72 817c59
SCHED-TRACE 8826 44245 B 72 f2
SCHED-TRACE 8827 44245 P 72 86691eb84
SCHED-TRACE 8828 44245 R 72 86691eb84
SCHED-TRACE 8829 44246 U 4 817d9b
SCHED-TRACE 8830 44246 V 4 817e57
SCHED-TRACE 8831 44246 O 0 0
SCHED-TRACE 8832 44246 P 72 86888a3d6
SCHED-TRACE 8833 44247 K 33 82b07cac0
SCHED-TRACE 8834 44247 P 72 86a523d70
SCHED-TRACE 8835 44248 P 72 86b9deb84
SCHED-TRACE 8836 44304 I 33 81a72b
SCHED-TRACE 8837 44304 B 33 f3
SCHED-TRACE 8838 44304 P 33 831101061
SCHED-TRACE 8839 44304 R 33 831101061
SCHED-TRACE 8840 44305 U 4 81a86b
SCHED-TRACE 8841 44305 V 4 81a926
SCHED-TRACE 8842 44305 O 0 0
SCHED-TRACE 8843 44305 P 33 831421cab
SCHED-TRACE 8844 44306 K 33 831421cab
SCHED-TRACE 8845 44306 P 33 8316fd709
SCHED-TRACE 8846 44363 I 33 81d1b8
SCHED-TRACE 8847 44363 B 33 f4
SCHED-TRACE 8848 44363 P 33 8378e6665
SCHED-TRACE 8849 44363 R 33 8378e6665
SCHED-TRACE 8850 44364 U 4 81d2f8
SCHED-TRACE 8851 44364 V 4 81d3b2
SCHED-TRACE 8852 44364 O 0 0
SCHED-TRACE 8853 44364 P 33 837c020c4
SCHED-TRACE 8854 44365 K 33 837c020c4
SCHED-TRACE 8855 44365 P 33 837ede353
SCHED-TRACE 8856 44422 I 33 81fc44
SCHED-TRACE 8857 44422 B 33 f3
SCHED-TRACE 8858 44422 P 33 83e0c5603
SCHED-TRACE 8859 44422 R 33 83e0c5603
SCHED-TRACE 8860 44423 U 4 81fd85
SCHED-TRACE 8861 44423 V 4 81fe40
SCHED-TRACE 8862 44423 O 0 0
SCHED-TRACE 8863 44423 P 33 83e3e5e34
SCHED-TRACE 8864 44424 K 33 83e3e5e34
SCHED-TRACE 8865 44424 P 33 83e6c1892
SCHED-TRACE 8866 44481 I 33 8226c8
SCHED-TRACE 8867 44481 B 33 f2
SCHED-TRACE 8868 44481 P 33 844899167
SCHED-TRACE 8869 44481 R 33 844899167
SCHED-TRACE 8870 44482 U 4 822808
SCHED-TRACE 8871 44482 V 4 8228c3
SCHED-TRACE 8872 44482 O 0 0
SCHED-TRACE 8873 44482 P 33 844bb8d4f
SCHED-TRACE 8874 44483 K 33 844bb8d4f
SCHED-TRACE 8875 44483 P 33 844e94bc6
SCHED-TRACE 8876 44540 I 33 82514c
SCHED-TRACE 8877 44540 B 33 f4
SCHED-TRACE 8878 44540 P 33 84b070624
SCHED-TRACE 8879 44540 R 33 84b070624
SCHED-TRACE 8880 44541 U 4 82528c
SCHED-TRACE 8881 44541 V 4 825347
SCHED-TRACE 8882 44541 O 0 0
SCHED-TRACE 8883 44541 P 33 84b38ac07
SCHED-TRACE 8884 44542 K 33 84b38ac07
SCHED-TRACE 8885 44542 P 33 84b666665
SCHED-TRACE 8886 44599 I 33 827bd0
SCHED-TRACE 8887 44599 B 33 f2
SCHED-TRACE 8888 44599 P 33 8518420c4
SCHED-TRACE 8889 44599 R 33 8518420c4
SCHED-TRACE 8890 44600 U 4 827d11
SCHED-TRACE 8891 44600 V 4 827dcc
SCHED-TRACE 8892 44600 O 0 0
SCHED-TRACE 8893 44600 P 33 851b62d0d
SCHED-TRACE 8894 44601 K 33 851b62d0d
SCHED-TRACE 8895 44601 P 33 851e3eb84
SCHED-TRACE 8896 44658 I 33 82a657
SCHED-TRACE 8897 44658 B 33 f2
SCHED-TRACE 8898 44658 P 33 858018d4f
SCHED-TRACE 8899 44658 R 33 858018d4f
SCHED-TRACE 8900 44659 U 4 82a797
SCHED-TRACE 8901 44659 V 4 82a852
SCHED-TRACE 8902 44659 O 0 0
SCHED-TRACE 8903 44659 P 33 858338936
SCHED-TRACE 8904 44660 K 33 858338936
SCHED-TRACE 8905 44660 P 33 85861580f
SCHED-TRACE 8906 44717 I 33 82d0e0
SCHED-TRACE 8907 44717 B 33 f4
SCHED-TRACE 8908 44717 P 33 85e7f74bb
SCHED-TRACE 8909 44717 R 33 85e7f74bb
SCHED-TRACE 8910 44718 U 4 82d221
SCHED-TRACE 8911 44718 V 4 82d2db
SCHED-TRACE 8912 44718 O 0 0
SCHED-TRACE 8913 44718 P 33 85eb126e8
SCHED-TRACE 8914 44719 K 33 85eb126e8
SCHED-TRACE 8915 44719 P 33 85edee978
SCHED-TRACE 8916 44776 I 33 82fb6a
SCHED-TRACE 8917 44776 B 33 f4
SCHED-TRACE 8918 44776 P 33 864fd53f7
SCHED-TRACE 8919 44776 R 33 864fd53f7
SCHED-TRACE 8920 44777 U 4 82fcaa
SCHED-TRACE 8921 44777 V 4 82fd66
SCHED-TRACE 8922 44777 O 0 0
SCHED-TRACE 8923 44777 P 33 8652f6041
SCHED-TRACE 8924 44778 K 33 8652f6041
SCHED-TRACE 8925 44778 P 33 8655d1eb7
SCHED-TRACE 8926 44835 I 33 8325f4
SCHED-TRACE 8927 44835 B 33 f2
SCHED-TRACE 8928 44835 P 33 86b7b374b
SCHED-TRACE 8929 44835 R 33 86b7b374b
SCHED-TRACE 8930 44836 U 4 832734
SCHED-TRACE 8931 44836 V 4 8327ef
SCHED-TRACE 8932 44836 O 0 0
SCHED-TRACE 8933 44836 P 33 86bad3f7c
SCHED-TRACE 8934 44837 K 42 86743d709
SCHED-TRACE 8935 44837 P 33 86bdb020b
SCHED-TRACE 8936 44838 P 33 86bfc2d0d
SCHED-TRACE 8937 44894 I 42 8350cd
SCHED-TRACE 8938 44894 B 42 f3
SCHED-TRACE 8939 44894 P 42 8a3a428f4
SCHED-TRACE 8940 44894 R 42 8a3a428f4
SCHED-TRACE 8941 44895 U 4 83520e
SCHED-TRACE 8942 44895 V 4 8352c9
SCHED-TRACE 8943 44895 O 0 0
SCHED-TRACE 8944 44895 P 42 8a5973332
SCHED-TRACE 8945 44896 K 63 86781eb84
SCHED-TRACE 8946 44896 P 42 8a7611eb7
SCHED-TRACE 8947 44897 P 42 8a8ad1eb7
SCHED-TRACE 8948 44953 I 63 837baa
SCHED-TRACE 8949 44953 B 63 f4
SCHED-TRACE 8950 44953 P 63 8a3e99999
SCHED-TRACE 8951 44953 R 63 8a3e99999
SCHED-TRACE 8952 44954 U 4 837ced
SCHED-TRACE 8953 44954 V 4 837da9
SCHED-TRACE 8954 44954 O 0 0
SCHED-TRACE 8955 44954 P 63 8a5e26665
SCHED-TRACE 8956 44955 K 69 8683028f5
SCHED-TRACE 8957 44955 P 63 8a7abffff
SCHED-TRACE 8958 44956 P 63 8a8f828f5
SCHED-TRACE 8959 45012 I 69 83a68a
SCHED-TRACE 8960 45012 B 69 f3
SCHED-TRACE 8961 45012 P 69 8a492b851
SCHED-TRACE 8962 45012 R 69 8a492b851
SCHED-TRACE 8963 45013 U 4 83a7cc
SCHED-TRACE 8964 45013 V 4 83a888
SCHED-TRACE 8965 45013 O 0 0
SCHED-TRACE 8966 45013 P 69 8a68ae147
SCHED-TRACE 8967 45014 K 60 869dd1eb7
SCHED-TRACE 8968 45014 P 69 8a8551eb7
SCHED-TRACE 8969 45015 P 69 8a9a0cccc
SCHED-TRACE 8970 45071 I 60 83d16a
SCHED-TRACE 8971 45071 B 60 f3
SCHED-TRACE 8972 45071 P 60 8a640f5c1
SCHED-TRACE 8973 45071 R 60 8a640f5c1
SCHED-TRACE 8974 45072 U 4 83d2ab
SCHED-TRACE 8975 45072 V 4 83d366
SCHED-TRACE 8976 45072 O 0 0
SCHED-TRACE 8977 45072 P 60 8a833851d
SCHED-TRACE 8978 45073 K 45 86a4170a2
SCHED-TRACE 8979 45073 P 60 8a9fd1eb7
SCHED-TRACE 8980 45074 P 60 8ab4947ad
SCHED-TRACE 8981 45130 I 45 83fc4f
SCHED-TRACE 8982 45130 B 45 f3
SCHED-TRACE 8983 45130 P 45 8a6afae13
SCHED-TRACE 8984 45130 R 45 8a6afae13
SCHED-TRACE 8985 45131 U 4 83fd93
SCHED-TRACE 8986 45131 V 4 83fe4e
SCHED-TRACE 8987 45131 O 0 0
SCHED-TRACE 8988 45131 P 45 8a8a9eb84
SCHED-TRACE 8989 45132 K 36 86a768f5b
SCHED-TRACE 8990 45132 P 45 8aa735c27
SCHED-TRACE 8991 45133 P 45 8abbf851d
SCHED-TRACE 8992 45189 I 36 84272e
SCHED-TRACE 8993 45189 B 36 f2
SCHED-TRACE 8994 45189 P 36 8a6d8cccb
SCHED-TRACE 8995 45189 R 36 8a6d8cccb
SCHED-TRACE 8996 45190 U 4 84286f
SCHED-TRACE 8997 45190 V 4 84292a
SCHED-TRACE 8998 45190 O 0 0
SCHED-TRACE 8999 45190 P 36 8a8cf0a3c
SCHED-TRACE 9000 45191 K 78 86aec7ae0
SCHED-TRACE 9001 45191 P 36 8aa9851ea
SCHED-TRACE 9002 45192 P 36 8abe3ffff
SCHED-TRACE 9003 45248 I 78 84520d
SCHED-TRACE 9004 45248 B 78 f4
SCHED-TRACE 9005 45248 P 78 8a75451ea
SCHED-TRACE 9006 45248 R 78 8a75451ea
SCHED-TRACE 9007 45249 U 4 84534d
SCHED-TRACE 9008 45249 V 4 845408
SCHED-TRACE 9009 45249 O 0 0
SCHED-TRACE 9010 45249 P 78 8a948cccc
SCHED-TRACE 9011 45250 K 81 86af73332
SCHED-TRACE 9012 45250 P 78 8ab123d6f
SCHED-TRACE 9013 45251 P 78 8ac5e147a
SCHED-TRACE 9014 45307 I 81 847ce7
SCHED-TRACE 9015 45307 B 81 f3
SCHED-TRACE 9016 45307 P 81 8a7591eb7
SCHED-TRACE 9017 45307 R 81 8a7591eb7
SCHED-TRACE 9018 45308 U 4 847e29
SCHED-TRACE 9019 45308 V 4 847ee4
SCHED-TRACE 9020 45308 O 0 0
SCHED-TRACE 9021 45308 P 81 8a94fae14
SCHED-TRACE 9022 45309 K 54 86af947ad
SCHED-TRACE 9023 45309 P 81 8ab19eb84
SCHED-TRACE 9024 45310 P 81 8ac663d70
SCHED-TRACE 9025 45366 I 54 84a7cb
SCHED-TRACE 9026 45366 B 54 f4
SCHED-TRACE 9027 45366 P 54 8a7673332
SCHED-TRACE 9028 45366 R 54 8a7673332
SCHED-TRACE 9029 45367 U 4 84a90f
SCHED-TRACE 9030 45367 V 4 84a9cb
SCHED-TRACE 9031 45367 O 0 0
SCHED-TRACE 9032 45367 P 54 8a9611eb7
SCHED-TRACE 9033 45368 K 66 86afccccc
SCHED-TRACE 9034 45368 P 54 8ab2a3d6f
SCHED-TRACE 9035 45369 P 54 8ac766665
SCHED-TRACE 9036 45425 I 66 84d2b4
SCHED-TRACE 9037 45425 B 66 f2
SCHED-TRACE 9038 45425 P 66 8a76b3332
SCHED-TRACE 9039 45425 R 66 8a76b3332
SCHED-TRACE 9040 45426 U 4 84d3f6
SCHED-TRACE 9041 45426 V 4 84d4b1
SCHED-TRACE 9042 45426 O 0 0
SCHED-TRACE 9043 45426 P 66 8a963d709
SCHED-TRACE 9044 45427 K 48 86b20cccb
SCHED-TRACE 9045 45427 P 66 8ab2d9999
SCHED-TRACE 9046 45428 P 66 8ac79c28f
SCHED-TRACE 9047 45484 I 48 84fd9f
SCHED-TRACE 9048 45484 B 48 f3
SCHED-TRACE 9049 45484 P 48 8a795c28e
SCHED-TRACE 9050 45484 R 48 8a795c28e
SCHED-TRACE 9051 45485 U 4 84fee3
SCHED-TRACE 9052 45485 V 4 84ff9f
SCHED-TRACE 9053 45485 O 0 0
SCHED-TRACE 9054 45485 P 48 8a98fd709
SCHED-TRACE 9055 45486 K 57 86b4d9998
SCHED-TRACE 9056 45486 P 48 8ab5a1479
SCHED-TRACE 9057 45487 P 48 8aca68f5b
SCHED-TRACE 9058 45543 I 57 852886
SCHED-TRACE 9059 45543 B 57 f4
SCHED-TRACE 9060 45543 P 57 8a7b947ad
SCHED-TRACE 9061 45543 R 57 8a7b947ad
SCHED-TRACE 9062 45544 U 4 8529ca
SCHED-TRACE 9063 45544 V 4 852a86
SCHED-TRACE 9064 45544 O 0 0
SCHED-TRACE 9065 45544 P 57 8a9b23d6f
SCHED-TRACE 9066 45545 K 75 86b53851e
SCHED-TRACE 9067 45545 P 57 8ab7bd709
SCHED-TRACE 9068 45546 P 57 8acc7d709
SCHED-TRACE 9069 45602 I 75 855369
SCHED-TRACE 9070 45602 B 75 f0
SCHED-TRACE 9071 45602 P 75 8a7b99999
SCHED-TRACE 9072 45602 R 75 8a7b99999
SCHED-TRACE 9073 45603 U 4 8554aa
SCHED-TRACE 9074 45603 V 4 855565
SCHED-TRACE 9075 45603 O 0 0
SCHED-TRACE 9076 45603 P 75 8a9b07ae0
SCHED-TRACE 9077 45604 K 51 86b5b851e
SCHED-TRACE 9078 45604 P 75 8ab7a147a
SCHED-TRACE 9079 45605 P 75 8acc5eb84
SCHED-TRACE 9080 45661 I 51 857e4c
SCHED-TRACE 9081 45661 B 51 f4
SCHED-TRACE 9082 45661 P 51 8a7c5eb84
SCHED-TRACE 9083 45661 R 51 8a7c5eb84
SCHED-TRACE 9084 45662 U 4 857f8f
SCHED-TRACE 9085 45662 V 4 85804b
SCHED-TRACE 9086 45662 O 0 0
SCHED-TRACE 9087 45662 P 51 8a9bf851e
SCHED-TRACE 9088 45663 K 39 86b7fae13
SCHED-TRACE 9089 45663 P 51 8ab89c28e
SCHED-TRACE 9090 45664 P 51 8acd51eb7
SCHED-TRACE 9091 45720 I 39 85a92f
SCHED-TRACE 9092 45720 B 39 f3
SCHED-TRACE 9093 45720 P 39 8a7e51eb7
SCHED-TRACE 9094 45720 R 39 8a7e51eb7
SCHED-TRACE 9095 45721 U 4 85aa71
SCHED-TRACE 9096 45721 V 4 85ab2c
SCHED-TRACE 9097 45721 O 0 0
SCHED-TRACE 9098 45721 P 39 8a9d9eb84
SCHED-TRACE 9099 45722 K 72 86b9deb84
SCHED-TRACE 9100 45722 P 39 8aba3851e
SCHED-TRACE 9101 45723 P 39 8acef5c28
SCHED-TRACE 9102 45779 I 72 85d412
SCHED-TRACE 9103 45779 B 72 f2
SCHED-TRACE 9104 45779 P 72 8a8051eb7
SCHED-TRACE 9105 45779 R 72 8a8051eb7
SCHED-TRACE 9106 45780 U 4 85d554
SCHED-TRACE 9107 45780 V 4 85d60f
SCHED-TRACE 9108 45780 O 0 0
SCHED-TRACE 9109 45780 P 72 8a9fc51eb
SCHED-TRACE 9110 45781 K 33 86bfc2d0d
SCHED-TRACE 9111 45781 P 72 8abc6147a
SCHED-TRACE 9112 45782 P 72 8ad11eb84
SCHED-TRACE 9113 45838 I 33 85fef6
SCHED-TRACE 9114 45838 B 33 f4
SCHED-TRACE 9115 45838 P 33 8720645a1
SCHED-TRACE 9116 45838 R 33 8720645a1
SCHED-TRACE 9117 45839 U 4 860036
SCHED-TRACE 9118 45839 V 4 8600f2
SCHED-TRACE 9119 45839 O 0 0
SCHED-TRACE 9120 45839 P 33 872386e97
SCHED-TRACE 9121 45840 K 33 872386e97
SCHED-TRACE 9122 45840 P 33 872662d0d
SCHED-TRACE 9123 45897 I 33 862983
SCHED-TRACE 9124 45897 B 33 f3
SCHED-TRACE 9125 45897 P 33 87884a3d6
SCHED-TRACE 9126 45897 R 33 87884a3d6
SCHED-TRACE 9127 45898 U 4 862ac3
SCHED-TRACE 9128 45898 V 4 862b7e
SCHED-TRACE 9129 45898 O 0 0
SCHED-TRACE 9130 45898 P 33 878b6872a
SCHED-TRACE 9131 45899 K 33 878b6872a
SCHED-TRACE 9132 45899 P 33 878e44dd2
SCHED-TRACE 9133 45956 I 33 86540c
SCHED-TRACE 9134 45956 B 33 f4
SCHED-TRACE 9135 45956 P 33 87f026665
SCHED-TRACE 9136 45956 R 33 87f026665
SCHED-TRACE 9137 45957 U 4 86554c
SCHED-TRACE 9138 45957 V 4 865608
SCHED-TRACE 9139 45957 O 0 0
SCHED-TRACE 9140 45957 P 33 87f346a7e
SCHED-TRACE 9141 45958 K 33 87f346a7e
SCHED-TRACE 9142 45958 P 33 87f6228f5
SCHED-TRACE 9143 46015 I 33 867e9a
SCHED-TRACE 9144 46015 B 33 f4
SCHED-TRACE 9145 46015 P 33 88580cccc
SCHED-TRACE 9146 46015 R 33 88580cccc
SCHED-TRACE 9147 46016 U 4 867fda
SCHED-TRACE 9148 46016 V 4 868096
SCHED-TRACE 9149 46016 O 0 0
SCHED-TRACE 9150 46016 P 33 885b2e978
SCHED-TRACE 9151 46017 K 33 885b2e978
SCHED-TRACE 9152 46017 P 33 885e0c49b
SCHED-TRACE 9153 46074 I 33 86a929
SCHED-TRACE 9154 46074 B 33 f5
SCHED-TRACE 9155 46074 P 33 88bff580f
SCHED-TRACE 9156 46074 R 33 88bff580f
SCHED-TRACE 9157 46075 U 4 86aa69
SCHED-TRACE 9158 46075 V 4 86ab24
SCHED-TRACE 9159 46075 O 0 0
SCHED-TRACE 9160 46075 P 33 88c314395
SCHED-TRACE 9161 46076 K 33 88c314395
SCHED-TRACE 9162 46076 P 33 88c5f0a3c
SCHED-TRACE 9163 46133 I 33 86d3b9
SCHED-TRACE 9164 46133 B 33 f2
SCHED-TRACE 9165 46133 P 33 8927dd2f1
SCHED-TRACE 9166 46133 R 33 8927dd2f1
SCHED-TRACE 9167 46134 U 4 86d4f9
SCHED-TRACE 9168 46134 V 4 86d5b5
SCHED-TRACE 9169 46134 O 0 0
SCHED-TRACE 9170 46134 P 33 892afe353
SCHED-TRACE 9171 46135 K 33 892afe353
SCHED-TRACE 9172 46135 P 33 892dda5e2
SCHED-TRACE 9173 46192 I 33 86fe4d
SCHED-TRACE 9174 46192 B 33 f4
SCHED-TRACE 9175 46192 P 33 898fce147
SCHED-TRACE 9176 46192 R 33 898fce147
SCHED-TRACE 9177 46193 U 4 86ff8e
SCHED-TRACE 9178 46193 V 4 870049
SCHED-TRACE 9179 46193 O 0 0
SCHED-TRACE 9180 46193 P 33 8992eed90
SCHED-TRACE 9181 46194 K 33 8992eed90
SCHED-TRACE 9182 46194 P 33 8995cbc6a
SCHED-TRACE 9183 46251 I 33 8728dc
SCHED-TRACE 9184 46251 B 33 f4
SCHED-TRACE 9185 46251 P 33 89f7b6041
SCHED-TRACE 9186 46251 R 33 89f7b6041
SCHED-TRACE 9187 46252 U 4 872a1c
SCHED-TRACE 9188 46252 V 4 872ad7
SCHED-TRACE 9189 46252 O 0 0
SCHED-TRACE 9190 46252 P 33 89fad47ad
SCHED-TRACE 9191 46253 K 33 89fad47ad
SCHED-TRACE 9192 46253 P 33 89fdb0a3c
SCHED-TRACE 9193 46310 I 33 87536b
SCHED-TRACE 9194 46310 B 33 f1
SCHED-TRACE 9195 46310 P 33 8a5f9ced8
SCHED-TRACE 9196 46310 R 33 8a5f9ced8
SCHED-TRACE 9197 46311 U 4 8754aa
SCHED-TRACE 9198 46311 V 4 875566
SCHED-TRACE 9199 46311 O 0 0
SCHED-TRACE 9200 46311 P 33 8a62bd2f1
SCHED-TRACE 9201 46312 K 33 8a62bd2f1
SCHED-TRACE 9202 46312 P 33 8a6599580
SCHED-TRACE 9203 46369 I 33 877dff
SCHED-TRACE 9204 46369 B 33 f4
SCHED-TRACE 9205 46369 P 33 8ac78e978
SCHED-TRACE 9206 46369 R 33 8ac78e978
SCHED-TRACE 9207 46370 U 4 877f40
SCHED-TRACE 9208 46370 V 4 877ffc
SCHED-TRACE 9209 46370 O 0 0
SCHED-TRACE 9210 46370 P 33 8acab0e55
SCHED-TRACE 9211 46371 K 42 8a8ad1eb7
SCHED-TRACE 9212 46371 P 33 8acd8e147
SCHED-TRACE 9213 46372 P 33 8acfa0c49
SCHED-TRACE 9214 46428 I 42 87a8e2
SCHED-TRACE 9215 46428 B 42 f4
SCHED-TRACE 9216 46428 P 42 8e516b851
SCHED-TRACE 9217 46428 R 42 8e516b851
SCHED-TRACE 9218 46429 U 4 87aa24
SCHED-TRACE 9219 46429 V 4 87aadf
SCHED-TRACE 9220 46429 O 0 0
SCHED-TRACE 9221 46429 P 42 8e70c7ae0
SCHED-TRACE 9222 46430 K 63 8a8f828f5
SCHED-TRACE 9223 46430 P 42 8e8d63d6f
SCHED-TRACE 9224 46431 P 42 8ea226665
SCHED-TRACE 9225 46487 I 63 87d3ce
SCHED-TRACE 9226 46487 B 63 f2
SCHED-TRACE 9227 46487 P 63 8e56ccccc
SCHED-TRACE 9228 46487 R 63 8e56ccccc
SCHED-TRACE 9229 46488 U 4 87d511
SCHED-TRACE 9230 46488 V 4 87d5cd
SCHED-TRACE 9231 46488 O 0 0
SCHED-TRACE 9232 46488 P 63 8e766147a
SCHED-TRACE 9233 46489 K 69 8a9a0cccc
SCHED-TRACE 9234 46489 P 63 8e92fffff
SCHED-TRACE 9235 46490 P 63 8ea7bffff
SCHED-TRACE 9236 46546 I 69 87febc
SCHED-TRACE 9237 46546 B 69 f5
SCHED-TRACE 9238 46546 P 69 8e61428f5
SCHED-TRACE 9239 46546 R 69 8e61428f5
SCHED-TRACE 9240 46547 U 4 87ffff
SCHED-TRACE 9241 46547 V 4 8800bb
SCHED-TRACE 9242 46547 O 0 0
SCHED-TRACE 9243 46547 P 69 8e80cf5c1
SCHED-TRACE 9244 46548 K 60 8ab4947ad
SCHED-TRACE 9245 46548 P 69 8e9d70a3c
SCHED-TRACE 9246 46549 P 69 8eb228f5b
SCHED-TRACE 9247 46605 I 60 88299d
SCHED-TRACE 9248 46605 B 60 f3
SCHED-TRACE 9249 46605 P 60 8e7abae13
SCHED-TRACE 9250 46605 R 60 8e7abae13
SCHED-TRACE 9251 46606 U 4 882ade
SCHED-TRACE 9252 46606 V 4 882b99
SCHED-TRACE 9253 46606 O 0 0
SCHED-TRACE 9254 46606 P 60 8e9a051ea
SCHED-TRACE 9255 46607 K 45 8abbf851d
SCHED-TRACE 9256 46607 P 60 8eb6a6665
SCHED-TRACE 9257 46608 P 60 8ecb6b850
SCHED-TRACE 9258 46664 I 45 885482
SCHED-TRACE 9259 46664 B 45 f4
SCHED-TRACE 9260 46664 P 45 8e82deb84
SCHED-TRACE 9261 46664 R 45 8e82deb84
SCHED-TRACE 9262 46665 U 4 8855c6
SCHED-TRACE 9263 46665 V 4 885682
SCHED-TRACE 9264 46665 O 0 0
SCHED-TRACE 9265 46665 P 45 8ea287ae0
SCHED-TRACE 9266 46666 K 36 8abe3ffff
SCHED-TRACE 9267 46666 P 45 8ebf23d6f
SCHED-TRACE 9268 46667 P 45 8ed3e3d6f
SCHED-TRACE 9269 46723 I 36 887f6a
SCHED-TRACE 9270 46723 B 36 f1
SCHED-TRACE 9271 46723 P 36 8e84f0a3c
SCHED-TRACE 9272 46723 R 36 8e84f0a3c
SCHED-TRACE 9273 46724 U 4 8880ac
SCHED-TRACE 9274 46724 V 4 888167
SCHED-TRACE 9275 46724 O 0 0
SCHED-TRACE 9276 46724 P 36 8ea46147a
SCHED-TRACE 9277 46725 K 78 8ac5e147a
SCHED-TRACE 9278 46725 P 36 8ec0f5c28
SCHED-TRACE 9279 46726 P 36 8ed5b3332
SCHED-TRACE 9280 46782 I 78 88aa52
SCHED-TRACE 9281 46782 B 78 f4
SCHED-TRACE 9282 46782 P 78 8e8cf0a3c
SCHED-TRACE 9283 46782 R 78 8e8cf0a3c
SCHED-TRACE 9284 46783 U 4 88ab94
SCHED-TRACE 9285 46783 V 4 88ac50
SCHED-TRACE 9286 46783 O 0 0
SCHED-TRACE 9287 46783 P 78 8eac5eb84
SCHED-TRACE 9288 46784 K 81 8ac663d70
SCHED-TRACE 9289 46784 P 78 8ec8fffff
SCHED-TRACE 9290 46785 P 78 8eddbffff
SCHED-TRACE 9291 46841 I 81 88d53b
SCHED-TRACE 9292 46841 B 81 f5
SCHED-TRACE 9293 46841 P 81 8e8d4cccc
SCHED-TRACE 9294 46841 R 81 8e8d4cccc
SCHED-TRACE 9295 46842 U 4 88d67e
SCHED-TRACE 9296 46842 V 4 88d739
SCHED-TRACE 9297 46842 O 0 0
SCHED-TRACE 9298 46842 P 81 8eacb851e
SCHED-TRACE 9299 46843 K 54 8ac766665
SCHED-TRACE 9300 46843 P 81 8ec9570a3
SCHED-TRACE 9301 46844 P 81 8ede1c28e
SCHED-TRACE 9302 46900 I 54 89002f
SCHED-TRACE 9303 46900 B 54 f2
SCHED-TRACE 9304 46900 P 54 8e8f35c28
SCHED-TRACE 9305 46900 R 54 8e8f35c28
SCHED-TRACE 9306 46901 U 4 890173
SCHED-TRACE 9307 46901 V 4 89022f
SCHED-TRACE 9308 46901 O 0 0
SCHED-TRACE 9309 46901 P 54 8eaecf5c1
SCHED-TRACE 9310 46902 K 66 8ac79c28f
SCHED-TRACE 9311 46902 P 54 8ecb68f5b
SCHED-TRACE 9312 46903 P 54 8ee02e147
SCHED-TRACE 9313 46959 I 66 892b1c
SCHED-TRACE 9314 46959 B 66 f5
SCHED-TRACE 9315 46959 P 66 8e8edc28f
SCHED-TRACE 9316 46959 R 66 8e8edc28f
SCHED-TRACE 9317 46960 U 4 892c5f
SCHED-TRACE 9318 46960 V 4 892d1b
SCHED-TRACE 9319 46960 O 0 0
SCHED-TRACE 9320 46960 P 66 8eae70a3d
SCHED-TRACE 9321 46961 K 48 8aca68f5b
SCHED-TRACE 9322 46961 P 66 8ecae8f5b
SCHED-TRACE 9323 46962 P 66 8edfab851
SCHED-TRACE 9324 47018 I 48 8955ff
SCHED-TRACE 9325 47018 B 48 e5
SCHED-TRACE 9326 47018 P 48 8e90e1479
SCHED-TRACE 9327 47018 R 48 8e90e1479
SCHED-TRACE 9328 47019 U 4 89573e
SCHED-TRACE 9329 47019 V 4 8957f6
SCHED-TRACE 9330 47019 O 0 0
SCHED-TRACE 9331 47019 P 48 8eaff5c27
SCHED-TRACE 9332 47020 K 75 8acc5eb84
SCHED-TRACE 9333 47020 P 48 8ecc547ac
SCHED-TRACE 9334 47021 P 48 8ee1028f4
SCHED-TRACE 9335 47077 I 75 898067
SCHED-TRACE 9336 47077 B 75 ef
SCHED-TRACE 9337 47077 P 75 8e8b68f5b
SCHED-TRACE 9338 47077 R 75 8e8b68f5b
SCHED-TRACE 9339 47078 U 4 8981a7
SCHED-TRACE 9340 47078 V 4 898260
SCHED-TRACE 9341 47078 O 0 0
SCHED-TRACE 9342 47078 P 75 8eaa8cccc
SCHED-TRACE 9343 47079 K 57 8acc7d709
SCHED-TRACE 9344 47079 P 75 8ec7051eb
SCHED-TRACE 9345 47080 P 75 8edbae147
SCHED-TRACE 9346 47136 I 57 89aaea
SCHED-TRACE 9347 47136 B 57 ef
SCHED-TRACE 9348 47136 P 57 8e8d11eb7
SCHED-TRACE 9349 47136 R 57 8e8d11eb7
SCHED-TRACE 9350 47137 U 4 89ac2b
SCHED-TRACE 9351 47137 V 4 89ace5
SCHED-TRACE 9352 47137 O 0 0
SCHED-TRACE 9353 47137 P 57 8eac5c28e
SCHED-TRACE 9354 47138 K 51 8acd51eb7
SCHED-TRACE 9355 47138 P 57 8ec8d47ad
SCHED-TRACE 9356 47139 P 57 8edd8a3d6
SCHED-TRACE 9357 47195 I 51 89d578
SCHED-TRACE 9358 47195 B 51 ec
SCHED-TRACE 9359 47195 P 51 8e8e851eb
SCHED-TRACE 9360 47195 R 51 8e8e851eb
SCHED-TRACE 9361 47196 U 4 89d6b8
SCHED-TRACE 9362 47196 V 4 89d772
SCHED-TRACE 9363 47196 O 0 0
SCHED-TRACE 9364 47196 P 51 8eadd9999
SCHED-TRACE 9365 47197 K 39 8acef5c28
SCHED-TRACE 9366 47197 P 51 8eca51eb7
SCHED-TRACE 9367 47198 P 51 8edf028f5
SCHED-TRACE 9368 47254 I 39 8a000c
SCHED-TRACE 9369 47254 B 39 f0
SCHED-TRACE 9370 47254 P 39 8e9087ae0
SCHED-TRACE 9371 47254 R 39 8e9087ae0
SCHED-TRACE 9372 47255 U 4 8a014c
SCHED-TRACE 9373 47255 V 4 8a0206
SCHED-TRACE 9374 47255 O 0 0
SCHED-TRACE 9375 47255 P 39 8eafa8f5b
SCHED-TRACE 9376 47256 K 33 8acfa0c49
SCHED-TRACE 9377 47256 P 39 8ecc2e147
SCHED-TRACE 9378 47257 P 39 8ee0d9999
SCHED-TRACE 9379 47313 I 33 8a2aa0
SCHED-TRACE 9380 47313 B 33 f1
SCHED-TRACE 9381 47313 P 33 8b2fc51eb
SCHED-TRACE 9382 47313 R 33 8b2fc51eb
SCHED-TRACE 9383 47314 U 4 8a2bdf
SCHED-TRACE 9384 47314 V 4 8a2c99
SCHED-TRACE 9385 47314 O 0 0
SCHED-TRACE 9386 47314 P 33 8b32dffff
SCHED-TRACE 9387 47315 K 72 8ad11eb84
SCHED-TRACE 9388 47315 P 33 8b35b8d4f
SCHED-TRACE 9389 47316 P 33 8b37cac07
SCHED-TRACE 9390 47372 I 72 8a553e
SCHED-TRACE 9391 47372 B 72 ec
SCHED-TRACE 9392 47372 P 72 8e9359999
SCHED-TRACE 9393 47372 R 72 8e9359999
SCHED-TRACE 9394 47373 U 4 8a567c
SCHED-TRACE 9395 47373 V 4 8a5736
SCHED-TRACE 9396 47373 O 0 0
SCHED-TRACE 9397 47373 P 72 8eb28cccc
SCHED-TRACE 9398 47374 K 33 8b37cac07
SCHED-TRACE 9399 47374 P 72 8ecf0f5c2
SCHED-TRACE 9400 47375 P 72 8ee3bffff
SCHED-TRACE 9401 47431 I 33 8a7fdb
SCHED-TRACE 9402 47431 B 33 f1
SCHED-TRACE 9403 47431 P 33 8b9801892
SCHED-TRACE 9404 47431 R 33 8b9801892
SCHED-TRACE 9405 47432 U 4 8a811a
SCHED-TRACE 9406 47432 V 4 8a81d4
SCHED-TRACE 9407 47432 O 0 0
SCHED-TRACE 9408 47432 P 33 8b9b1d709
SCHED-TRACE 9409 47433 K 33 8b9b1d709
SCHED-TRACE 9410 47433 P 33 8b9df8105
SCHED-TRACE 9411 47490 I 33 8aaa41
SCHED-TRACE 9412 47490 B 33 f2
SCHED-TRACE 9413 47490 P 33 8bffab020
SCHED-TRACE 9414 47490 R 33 8bffab020
SCHED-TRACE 9415 47491 U 4 8aab80
SCHED-TRACE 9416 47491 V 4 8aac3b
SCHED-TRACE 9417 47491 O 0 0
SCHED-TRACE 9418 47491 P 33 8c02c872a
SCHED-TRACE 9419 47492 K 33 8c02c872a
SCHED-TRACE 9420 47492 P 33 8c05a1892
SCHED-TRACE 9421 47549 I 33 8ad4a7
SCHED-TRACE 9422 47549 B 33 ee
SCHED-TRACE 9423 47549 P 33 8c674c082
SCHED-TRACE 9424 47549 R 33 8c674c082
SCHED-TRACE 9425 47550 U 4 8ad5e4
SCHED-TRACE 9426 47550 V 4 8ad69d
SCHED-TRACE 9427 47550 O 0 0
SCHED-TRACE 9428 47550 P 33 8c6a63957
SCHED-TRACE 9429 47551 K 33 8c6a63957
SCHED-TRACE 9430 47551 P 33 8c6d3df3a
SCHED-TRACE 9431 47608 I 33 8aff09
SCHED-TRACE 9432 47608 B 33 f1
SCHED-TRACE 9433 47608 P 33 8cceed916
SCHED-TRACE 9434 47608 R 33 8cceed916
SCHED-TRACE 9435 47609 U 4 8b0048
SCHED-TRACE 9436 47609 V 4 8b0103
SCHED-TRACE 9437 47609 O 0 0
SCHED-TRACE 9438 47609 P 33 8cd209ba5
SCHED-TRACE 9439 47610 K 33 8cd209ba5
SCHED-TRACE 9440 47610 P 33 8cd4e4dd2
SCHED-TRACE 9441 47667 I 33 8b296f
SCHED-TRACE 9442 47667 B 33 f1
SCHED-TRACE 9443 47667 P 33 8d3690624
SCHED-TRACE 9444 47667 R 33 8d3690624
SCHED-TRACE 9445 47668 U 4 8b2aae
SCHED-TRACE 9446 47668 V 4 8b2b69
SCHED-TRACE 9447 47668 O 0 0
SCHED-TRACE 9448 47668 P 33 8d39ae55f
SCHED-TRACE 9449 47669 K 33 8d39ae55f
SCHED-TRACE 9450 47669 P 33 8d3c88b43
SCHED-TRACE 9451 47726 I 33 8b53d6
SCHED-TRACE 9452 47726 B 33 f2
SCHED-TRACE 9453 47726 P 33 8d9e3126e
SCHED-TRACE 9454 47726 R 33 8d9e3126e
SCHED-TRACE 9455 47727 U 4 8b5515
SCHED-TRACE 9456 47727 V 4 8b55cd
SCHED-TRACE 9457 47727 O 0 0
SCHED-TRACE 9458 47727 P 33 8da144188
SCHED-TRACE 9459 47728 K 33 8da144188
SCHED-TRACE 9460 47728 P 33 8da41e76c
SCHED-TRACE 9461 47785 I 33 8b7e39
SCHED-TRACE 9462 47785 B 33 f2
SCHED-TRACE 9463 47785 P 33 8e05cb851
SCHED-TRACE 9464 47785 R 33 8e05cb851
SCHED-TRACE 9465 47786 U 4 8b7f79
SCHED-TRACE 9466 47786 V 4 8b8034
SCHED-TRACE 9467 47786 O 0 0
SCHED-TRACE 9468 47786 P 33 8e08e9ba5
SCHED-TRACE 9469 47787 K 33 8e08e9ba5
SCHED-TRACE 9470 47787 P 33 8e0bc4188
SCHED-TRACE 9471 47844 I 33 8ba8a0
SCHED-TRACE 9472 47844 B 33 f0
SCHED-TRACE 9473 47844 P 33 8e6d6b020
SCHED-TRACE 9474 47844 R 33 8e6d6b020
SCHED-TRACE 9475 47845 U 4 8ba9df
SCHED-TRACE 9476 47845 V 4 8baa9a
SCHED-TRACE 9477 47845 O 0 0
SCHED-TRACE 9478 47845 P 33 8e708872a
SCHED-TRACE 9479 47846 K 33 8e708872a
SCHED-TRACE 9480 47846 P 33 8e73645a1
SCHED-TRACE 9481 47903 I 33 8bd307
SCHED-TRACE 9482 47903 B 33 f2
SCHED-TRACE 9483 47903 P 33 8ed507ef9
SCHED-TRACE 9484 47903 R 33 8ed507ef9
SCHED-TRACE 9485 47904 U 4 8bd447
SCHED-TRACE 9486 47904 V 4 8bd500
SCHED-TRACE 9487 47904 O 0 0
SCHED-TRACE 9488 47904 P 33 8ed81ffff
SCHED-TRACE 9489 47905 K 42 8ea226665
SCHED-TRACE 9490 47905 P 33 8edafb22c
SCHED-TRACE 9491 47906 P 33 8edd0d916
SCHED-TRACE 9492 47962 I 42 8bfdbe
SCHED-TRACE 9493 47962 B 42 f2
SCHED-TRACE 9494 47962 P 42 92663851d
SCHED-TRACE 9495 47962 R 42 92663851d
SCHED-TRACE 9496 47963 U 4 8bfeff
SCHED-TRACE 9497 47963 V 4 8bffb9
SCHED-TRACE 9498 47963 O 0 0
SCHED-TRACE 9499 47963 P 42 928587ae0
SCHED-TRACE 9500 47964 K 63 8ea7bffff
SCHED-TRACE 9501 47964 P 42 92a211eb7
SCHED-TRACE 9502 47965 P 42 92b6d1eb7
SCHED-TRACE 9503 48021 I 63 8c2882
SCHED-TRACE 9504 48021 B 63 f0
SCHED-TRACE 9505 48021 P 63 926c8a3d6
SCHED-TRACE 9506 48021 R 63 926c8a3d6
SCHED-TRACE 9507 48022 U 4 8c29c4
SCHED-TRACE 9508 48022 V 4 8c2a7f
SCHED-TRACE 9509 48022 O 0 0
SCHED-TRACE 9510 48022 P 63 928bf5c28
SCHED-TRACE 9511 48023 K 69 8eb228f5b
SCHED-TRACE 9512 48023 P 63 92a88cccc
SCHED-TRACE 9513 48024 P 63 92bd47ae0
SCHED-TRACE 9514 48080 I 69 8c534d
SCHED-TRACE 9515 48080 B 69 f3
SCHED-TRACE 9516 48080 P 69 9277428f5
SCHED-TRACE 9517 48080 R 69 9277428f5
SCHED-TRACE 9518 48081 U 4 8c548f
SCHED-TRACE 9519 48081 V 4 8c5548
SCHED-TRACE 9520 48081 O 0 0
SCHED-TRACE 9521 48081 P 69 929659998
SCHED-TRACE 9522 48082 K 60 8ecb6b850
SCHED-TRACE 9523 48082 P 69 92b2e8f5b
SCHED-TRACE 9524 48083 P 69 92c7a147a
SCHED-TRACE 9525 48139 I 60 8c7e06
SCHED-TRACE 9526 48139 B 60 f2
SCHED-TRACE 9527 48139 P 60 928f61479
SCHED-TRACE 9528 48139 R 60 928f61479
SCHED-TRACE 9529 48140 U 4 8c7f47
SCHED-TRACE 9530 48140 V 4 8c8002
SCHED-TRACE 9531 48140 O 0 0
SCHED-TRACE 9532 48140 P 60 92aeab850
SCHED-TRACE 9533 48141 K 45 8ed3e3d6f
SCHED-TRACE 9534 48141 P 60 92cb3851d
SCHED-TRACE 9535 48142 P 60 92dff5c27
SCHED-TRACE 9536 48198 I 45 8ca8cb
SCHED-TRACE 9537 48198 B 45 f0
SCHED-TRACE 9538 48198 P 45 9298a6665
SCHED-TRACE 9539 48198 R 45 9298a6665
SCHED-TRACE 9540 48199 U 4 8caa0e
SCHED-TRACE 9541 48199 V 4 8caac9
SCHED-TRACE 9542 48199 O 0 0
SCHED-TRACE 9543 48199 P 45 92b83851d
SCHED-TRACE 9544 48200 K 36 8ed5b3332
SCHED-TRACE 9545 48200 P 45 92d4d47ad
SCHED-TRACE 9546 48201 P 45 92e98cccb
SCHED-TRACE 9547 48257 I 36 8cd398
SCHED-TRACE 9548 48257 B 36 f3
SCHED-TRACE 9549 48257 P 36 929ad1eb7
SCHED-TRACE 9550 48257 R 36 929ad1eb7
SCHED-TRACE 9551 48258 U 4 8cd4d9
SCHED-TRACE 9552 48258 V 4 8cd592
SCHED-TRACE 9553 48258 O 0 0
SCHED-TRACE 9554 48258 P 36 92b9e147a
SCHED-TRACE 9555 48259 K 75 8edbae147
SCHED-TRACE 9556 48259 P 36 92d673332
SCHED-TRACE 9557 48260 P 36 92eb2e146
SCHED-TRACE 9558 48316 I 75 8cfe59
SCHED-TRACE 9559 48316 B 75 f1
SCHED-TRACE 9560 48316 P 75 92a04cccc
SCHED-TRACE 9561 48316 R 75 92a04cccc
SCHED-TRACE 9562 48317 U 4 8cff9b
SCHED-TRACE 9563 48317 V 4 8d0055
SCHED-TRACE 9564 48317 O 0 0
SCHED-TRACE 9565 48317 P 75 92bfa8f5b
SCHED-TRACE 9566 48318 K 33 8edd0d916
SCHED-TRACE 9567 48318 P 75 92dc3851e
SCHED-TRACE 9568 48319 P 75 92f0f5c28
SCHED-TRACE 9569 48375 I 33 8d2915
SCHED-TRACE 9570 48375 B 33 f1
SCHED-TRACE 9571 48375 P 33 8f3d6d0e4
SCHED-TRACE 9572 48375 R 33 8f3d6d0e4
SCHED-TRACE 9573 48376 U 4 8d2a55
SCHED-TRACE 9574 48376 V 4 8d2b11
SCHED-TRACE 9575 48376 O 0 0
SCHED-TRACE 9576 48376 P 33 8f408e55f
SCHED-TRACE 9577 48377 K 57 8edd8a3d6
SCHED-TRACE 9578 48377 P 33 8f436ac07
SCHED-TRACE 9579 48378 P 33 8f457e353
SCHED-TRACE 9580 48434 I 57 8d53f3
SCHED-TRACE 9581 48434 B 57 f4
SCHED-TRACE 9582 48434 P 57 92a44a3d6
SCHED-TRACE 9583 48434 R 57 92a44a3d6
SCHED-TRACE 9584 48435 U 4 8d5536
SCHED-TRACE 9585 48435 V 4 8d55ee
SCHED-TRACE 9586 48435 O 0 0
SCHED-TRACE 9587 48435 P 57 92c37ae13
SCHED-TRACE 9588 48436 K 78 8eddbffff
SCHED-TRACE 9589 48436 P 57 92e00f5c1
SCHED-TRACE 9590 48437 P 57 92f4d47ad
SCHED-TRACE 9591 48493 I 78 8d7ec1
SCHED-TRACE 9592 48493 B 78 f2
SCHED-TRACE 9593 48493 P 78 92a363d6f
SCHED-TRACE 9594 48493 R 78 92a363d6f
SCHED-TRACE 9595 48494 U 4 8d8002
SCHED-TRACE 9596 48494 V 4 8d80be
SCHED-TRACE 9597 48494 O 0 0
SCHED-TRACE 9598 48494 P 78 92c2ca3d6
SCHED-TRACE 9599 48495 K 81 8ede1c28e
SCHED-TRACE 9600 48495 P 78 92df66665
SCHED-TRACE 9601 48496 P 78 92f428f5b
SCHED-TRACE 9602 48552 I 81 8da990
SCHED-TRACE 9603 48552 B 81 f3
SCHED-TRACE 9604 48552 P 81 92a3a3d70
SCHED-TRACE 9605 48552 R 81 92a3a3d70
SCHED-TRACE 9606 48553 U 4 8daad2
SCHED-TRACE 9607 48553 V 4 8dab8d
SCHED-TRACE 9608 48553 O 0 0
SCHED-TRACE 9609 48553 P 81 92c30f5c2
SCHED-TRACE 9610 48554 K 51 8edf028f5
SCHED-TRACE 9611 48554 P 81 92dfa3d70
SCHED-TRACE 9612 48555 P 81 92f463d70
SCHED-TRACE 9613 48611 I 51 8dd46c
SCHED-TRACE 9614 48611 B 51 f3
SCHED-TRACE 9615 48611 P 51 92a57d709
SCHED-TRACE 9616 48611 R 51 92a57d709
SCHED-TRACE 9617 48612 U 4 8dd5ad
SCHED-TRACE 9618 48612 V 4 8dd667
SCHED-TRACE 9619 48612 O 0 0
SCHED-TRACE 9620 48612 P 51 92c4d9999
SCHED-TRACE 9621 48613 K 66 8edfab851
SCHED-TRACE 9622 48613 P 51 92e173332
SCHED-TRACE 9623 48614 P 51 92f633332
SCHED-TRACE 9624 48670 I 66 8dff3d
SCHED-TRACE 9625 48670 B 66 f3
SCHED-TRACE 9626 48670 P 66 92a57ae14
SCHED-TRACE 9627 48670 R 66 92a57ae14
SCHED-TRACE 9628 48671 U 4 8e0080
SCHED-TRACE 9629 48671 V 4 8e013b
SCHED-TRACE 9630 48671 O 0 0
SCHED-TRACE 9631 48671 P 66 92c4f0a3d
SCHED-TRACE 9632 48672 K 54 8ee02e147
SCHED-TRACE 9633 48672 P 66 92e18f5c2
SCHED-TRACE 9634 48673 P 66 92f6547ad
SCHED-TRACE 9635 48729 I 54 8e2a18
SCHED-TRACE 9636 48729 B 54 f2
SCHED-TRACE 9637 48729 P 54 92a67d709
SCHED-TRACE 9638 48729 R 54 92a67d709
SCHED-TRACE 9639 48730 U 4 8e2b5c
SCHED-TRACE 9640 48730 V 4 8e2c17
SCHED-TRACE 9641 48730 O 0 0
SCHED-TRACE 9642 48730 P 54 92c6147ad
SCHED-TRACE 9643 48731 K 39 8ee0d9999
SCHED-TRACE 9644 48731 P 54 92e29eb84
SCHED-TRACE 9645 48732 P 54 92f76147a
SCHED-TRACE 9646 48788 I 39 8e54f7
SCHED-TRACE 9647 48788 B 39 ef
SCHED-TRACE 9648 48788 P 39 92a73ae13
SCHED-TRACE 9649 48788 R 39 92a73ae13
SCHED-TRACE 9650 48789 U 4 8e5636
SCHED-TRACE 9651 48789 V 4 8e56f1
SCHED-TRACE 9652 48789 O 0 0
SCHED-TRACE 9653 48789 P 39 92c6828f5
SCHED-TRACE 9654 48790 K 48 8ee1028f4
SCHED-TRACE 9655 48790 P 39 92e31c28e
SCHED-TRACE 9656 48791 P 39 92f7deb84
SCHED-TRACE 9657 48847 I 48 8e7fca
SCHED-TRACE 9658 48847 B 48 f2
SCHED-TRACE 9659 48847 P 48 92a735c27
SCHED-TRACE 9660 48847 R 48 92a735c27
SCHED-TRACE 9661 48848 U 4 8e810e
SCHED-TRACE 9662 48848 V 4 8e81c9
SCHED-TRACE 9663 48848 O 0 0
SCHED-TRACE 9664 48848 P 48 92c6c51ea
SCHED-TRACE 9665 48849 K 72 8ee3bffff
SCHED-TRACE 9666 48849 P 48 92e366665
SCHED-TRACE 9667 48850 P 48 92f82e146
SCHED-TRACE 9668 48906 I 72 8eaaa4
SCHED-TRACE 9669 48906 B 72 f3
SCHED-TRACE 9670 48906 P 72 92a9e6665
SCHED-TRACE 9671 48906 R 72 92a9e6665
SCHED-TRACE 9672 48907 U 4 8eabe7
SCHED-TRACE 9673 48907 V 4 8eaca2
SCHED-TRACE 9674 48907 O 0 0
SCHED-TRACE 9675 48907 P 72 92c9570a3
SCHED-TRACE 9676 48908 K 33 8f457e353
SCHED-TRACE 9677 48908 P 72 92e5f0a3c
SCHED-TRACE 9678 48909 P 72 92fab3332
SCHED-TRACE 9679 48965 I 33 8ed581
SCHED-TRACE 9680 48965 B 33 f0
SCHED-TRACE 9681 48965 P 33 8fa620418
SCHED-TRACE 9682 48965 R 33 8fa620418
SCHED-TRACE 9683 48966 U 4 8ed6c0
SCHED-TRACE 9684 48966 V 4 8ed77b
SCHED-TRACE 9685 48966 O 0 0
SCHED-TRACE 9686 48966 P 33 8fa93f7ce
SCHED-TRACE 9687 48967 K 33 8fa93f7ce
SCHED-TRACE 9688 48967 P 33 8fac1be76
SCHED-TRACE 9689 49024 I 33 8f0010
SCHED-TRACE 9690 49024 B 33 f3
SCHED-TRACE 9691 49024 P 33 900e18d4f
SCHED-TRACE 9692 49024 R 33 900e18d4f
SCHED-TRACE 9693 49025 U 4 8f0150
SCHED-TRACE 9694 49025 V 4 8f020c
SCHED-TRACE 9695 49025 O 0 0
SCHED-TRACE 9696 49025 P 33 901139167
SCHED-TRACE 9697 49026 K 33 901139167
SCHED-TRACE 9698 49026 P 33 90141580f
SCHED-TRACE 9699 49083 I 33 8f2a94
SCHED-TRACE 9700 49083 B 33 f3
SCHED-TRACE 9701 49083 P 33 9075ee55f
SCHED-TRACE 9702 49083 R 33 9075ee55f
SCHED-TRACE 9703 49084 U 4 8f2bd5
SCHED-TRACE 9704 49084 V 4 8f2c90
SCHED-TRACE 9705 49084 O 0 0
SCHED-TRACE 9706 49084 P 33 90790dd2e
SCHED-TRACE 9707 49085 K 33 90790dd2e
SCHED-TRACE 9708 49085 P 33 907be7ef9
SCHED-TRACE 9709 49142 I 33 8f551d
SCHED-TRACE 9710 49142 B 33 ee
SCHED-TRACE 9711 49142 P 33 90ddc8b43
SCHED-TRACE 9712 49142 R 33 90ddc8b43
SCHED-TRACE 9713 49143 U 4 8f565a
SCHED-TRACE 9714 49143 V 4 8f5715
SCHED-TRACE 9715 49143 O 0 0
SCHED-TRACE 9716 49143 P 33 90e0e5e34
SCHED-TRACE 9717 49144 K 33 90e0e5e34
SCHED-TRACE 9718 49144 P 33 90e3c1061
SCHED-TRACE 9719 49201 I 33 8f7f93
SCHED-TRACE 9720 49201 B 33 f3
SCHED-TRACE 9721 49201 P 33 91458978c
SCHED-TRACE 9722 49201 R 33 91458978c
SCHED-TRACE 9723 49202 U 4 8f80d3
SCHED-TRACE 9724 49202 V 4 8f818e
SCHED-TRACE 9725 49202 O 0 0
SCHED-TRACE 9726 49202 P 33 9148a7ef9
SCHED-TRACE 9727 49203 K 33 9148a7ef9
SCHED-TRACE 9728 49203 P 33 914b845a1
SCHED-TRACE 9729 49260 I 33 8faa11
SCHED-TRACE 9730 49260 B 33 f4
SCHED-TRACE 9731 49260 P 33 91ad54395
SCHED-TRACE 9732 49260 R 33 91ad54395
SCHED-TRACE 9733 49261 U 4 8fab51
SCHED-TRACE 9734 49261 V 4 8fac0d
SCHED-TRACE 9735 49261 O 0 0
SCHED-TRACE 9736 49261 P 33 91b074fde
SCHED-TRACE 9737 49262 K 33 91b074fde
SCHED-TRACE 9738 49262 P 33 91b34f5c2
SCHED-TRACE 9739 49319 I 33 8fd496
SCHED-TRACE 9740 49319 B 33 ef
SCHED-TRACE 9741 49319 P 33 921528311
SCHED-TRACE 9742 49319 R 33 921528311
SCHED-TRACE 9743 49320 U 4 8fd5d4
SCHED-TRACE 9744 49320 V 4 8fd68e
SCHED-TRACE 9745 49320 O 0 0
SCHED-TRACE 9746 49320 P 33 9218424dc
SCHED-TRACE 9747 49321 K 33 9218424dc
SCHED-TRACE 9748 49321 P 33 921b1df3a
SCHED-TRACE 9749 49378 I 33 8fff11
SCHED-TRACE 9750 49378 B 33 f2
SCHED-TRACE 9751 49378 P 33 927cee55f
SCHED-TRACE 9752 49378 R 33 927cee55f
SCHED-TRACE 9753 49379 U 4 900051
SCHED-TRACE 9754 49379 V 4 90010c
SCHED-TRACE 9755 49379 O 0 0
SCHED-TRACE 9756 49379 P 33 92800d916
SCHED-TRACE 9757 49380 K 33 92800d916
SCHED-TRACE 9758 49380 P 33 9282ea3d6
SCHED-TRACE 9759 49437 I 33 902996
SCHED-TRACE 9760 49437 B 33 f3
SCHED-TRACE 9761 49437 P 33 92e4c4dd2
SCHED-TRACE 9762 49437 R 33 92e4c4dd2
SCHED-TRACE 9763 49438 U 4 902ad6
SCHED-TRACE 9764 49438 V 4 902b92
SCHED-TRACE 9765 49438 O 0 0
SCHED-TRACE 9766 49438 P 33 92e7e5e34
SCHED-TRACE 9767 49439 K 42 92b6d1eb7
SCHED-TRACE 9768 49439 P 33 92eac1892
SCHED-TRACE 9769 49440 P 33 92ecd4395
SCHED-TRACE 9770 49496 I 42 905471
SCHED-TRACE 9771 49496 B 42 f4
SCHED-TRACE 9772 49496 P 42 967cf851d
SCHED-TRACE 9773 49496 R 42 967cf851d
SCHED-TRACE 9774 49497 U 4 9055b0
SCHED-TRACE 9775 49497 V 4 905669
SCHED-TRACE 9776 49497 O 0 0
SCHED-TRACE 9777 49497 P 42 969c1c28e
SCHED-TRACE 9778 49498 K 63 92bd47ae0
SCHED-TRACE 9779 49498 P 42 96b8b0a3c
SCHED-TRACE 9780 49499 P 42 96cd6e146
SCHED-TRACE 9781 49555 I 63 907f40
SCHED-TRACE 9782 49555 B 63 f3
SCHED-TRACE 9783 49555 P 63 9682f0a3c
SCHED-TRACE 9784 49555 R 63 9682f0a3c
SCHED-TRACE 9785 49556 U 4 908083
SCHED-TRACE 9786 49556 V 4 90813e
SCHED-TRACE 9787 49556 O 0 0
SCHED-TRACE 9788 49556 P 63 96a268f5b
SCHED-TRACE 9789 49557 K 69 92c7a147a
SCHED-TRACE 9790 49557 P 63 96bf051eb
SCHED-TRACE 9791 49558 P 63 96d3c51eb
SCHED-TRACE 9792 49614 I 69 90aa17
SCHED-TRACE 9793 49614 B 69 f4
SCHED-TRACE 9794 49614 P 69 968d63d70
SCHED-TRACE 9795 49614 R 69 968d63d70
SCHED-TRACE 9796 49615 U 4 90ab59
SCHED-TRACE 9797 49615 V 4 90ac15
SCHED-TRACE 9798 49615 O 0 0
SCHED-TRACE 9799 49615 P 69 96ace3d70
SCHED-TRACE 9800 49616 K 60 92dff5c27
SCHED-TRACE 9801 49616 P 69 96c96e147
SCHED-TRACE 9802 49617 P 69 96de28f5b
SCHED-TRACE 9803 49673 I 60 90d4f0
SCHED-TRACE 9804 49673 B 60 f0
SCHED-TRACE 9805 49673 P 60 96a5bfffe
SCHED-TRACE 9806 49673 R 60 96a5bfffe
SCHED-TRACE 9807 49674 U 4 90d62f
SCHED-TRACE 9808 49674 V 4 90d6ea
SCHED-TRACE 9809 49674 O 0 0
SCHED-TRACE 9810 49674 P 60 96c50a3d5
SCHED-TRACE 9811 49675 K 45 92e98cccb
SCHED-TRACE 9812 49675 P 60 96e1a1479
SCHED-TRACE 9813 49676 P 60 96f65c28e
SCHED-TRACE 9814 49732 I 45 90ffc4
SCHED-TRACE 9815 49732 B 45 f3
SCHED-TRACE 9816 49732 P 45 96af4f5c1
SCHED-TRACE 9817 49732 R 45 96af4f5c1
SCHED-TRACE 9818 49733 U 4 910108
SCHED-TRACE 9819 49733 V 4 9101c3
SCHED-TRACE 9820 49733 O 0 0
SCHED-TRACE 9821 49733 P 45 96cee3d6f
SCHED-TRACE 9822 49734 K 36 92eb2e146
SCHED-TRACE 9823 49734 P 45 96eb828f4
SCHED-TRACE 9824 49735 P 45 9700428f4
SCHED-TRACE 9825 49791 I 36 912a9f
SCHED-TRACE 9826 49791 B 36 f4
SCHED-TRACE 9827 49791 P 36 96b0eb851
SCHED-TRACE 9828 49791 R 36 96b0eb851
SCHED-TRACE 9829 49792 U 4 912be0
SCHED-TRACE 9830 49792 V 4 912c9c
SCHED-TRACE 9831 49792 O 0 0
SCHED-TRACE 9832 49792 P 36 96d03ffff
SCHED-TRACE 9833 49793 K 33 92ecd4395
SCHED-TRACE 9834 49793 P 36 96ecca3d6
SCHED-TRACE 9835 49794 P 36 9701851ea
SCHED-TRACE 9836 49850 I 33 915577
SCHED-TRACE 9837 49850 B 33 ed
SCHED-TRACE 9838 49850 P 33 934d62d0d
SCHED-TRACE 9839 49850 R 33 934d62d0d
SCHED-TRACE 9840 49851 U 4 9156b5
SCHED-TRACE 9841 49851 V 4 91576f
SCHED-TRACE 9842 49851 O 0 0
SCHED-TRACE 9843 49851 P 33 93508147a
SCHED-TRACE 9844 49852 K 75 92f0f5c28
SCHED-TRACE 9845 49852 P 33 93535ced8
SCHED-TRACE 9846 49853 P 33 93557020b
SCHED-TRACE 9847 49909 I 75 91804a
SCHED-TRACE 9848 49909 B 75 f4
SCHED-TRACE 9849 49909 P 75 96b7147ad
SCHED-TRACE 9850 49909 R 75 96b7147ad
SCHED-TRACE 9851 49910 U 4 91818c
SCHED-TRACE 9852 49910 V 4 918248
SCHED-TRACE 9853 49910 O 0 0
SCHED-TRACE 9854 49910 P 75 96d6851eb
SCHED-TRACE 9855 49911 K 78 92f428f5b
SCHED-TRACE 9856 49911 P 75 96f32147a
SCHED-TRACE 9857 49912 P 75 9707dc28e
SCHED-TRACE 9858 49968 I 78 91ab21
SCHED-TRACE 9859 49968 B 78 f3
SCHED-TRACE 9860 49968 P 78 96ba0f5c1
SCHED-TRACE 9861 49968 R 78 96ba0f5c1
SCHED-TRACE 9862 49969 U 4 91ac63
SCHED-TRACE 9863 49969 V 4 91ad1e
SCHED-TRACE 9864 49969 O 0 0
SCHED-TRACE 9865 49969 P 78 96d96147a
SCHED-TRACE 9866 49970 K 81 92f463d70
SCHED-TRACE 9867 49970 P 78 96f5f5c28
SCHED-TRACE 9868 49971 P 78 970ab3332
SCHED-TRACE 9869 50027 I 81 91d5fa
SCHED-TRACE 9870 50027 B 81 f0
SCHED-TRACE 9871 50027 P 81 96ba4a3d6
SCHED-TRACE 9872 50027 R 81 96ba4a3d6
SCHED-TRACE 9873 50028 U 4 91d73b
SCHED-TRACE 9874 50028 V 4 91d7f6
SCHED-TRACE 9875 50028 O 0 0
SCHED-TRACE 9876 50028 P 81 96d9ae147
SCHED-TRACE 9877 50029 K 57 92f4d47ad
SCHED-TRACE 9878 50029 P 81 96f6451eb
SCHED-TRACE 9879 50030 P 81 970b051eb
SCHED-TRACE 9880 50086 I 57 9200d5
SCHED-TRACE 9881 50086 B 57 f4
SCHED-TRACE 9882 50086 P 57 96bb028f4
SCHED-TRACE 9883 50086 R 57 96bb028f4
SCHED-TRACE 9884 50087 U 4 920218
SCHED-TRACE 9885 50087 V 4 9202d4
SCHED-TRACE 9886 50087 O 0 0
SCHED-TRACE 9887 50087 P 57 96da9c28e
SCHED-TRACE 9888 50088 K 51 92f633332
SCHED-TRACE 9889 50088 P 57 96f73ffff
SCHED-TRACE 9890 50089 P 57 970bfae13
SCHED-TRACE 9891 50145 I 51 922bb6
SCHED-TRACE 9892 50145 B 51 f3
SCHED-TRACE 9893 50145 P 51 96bca147a
SCHED-TRACE 9894 50145 R 51 96bca147a
SCHED-TRACE 9895 50146 U 4 922cf9
SCHED-TRACE 9896 50146 V 4 922db4
SCHED-TRACE 9897 50146 O 0 0
SCHED-TRACE 9898 50146 P 51 96dc2147a
SCHED-TRACE 9899 50147 K 66 92f6547ad
SCHED-TRACE 9900 50147 P 51 96f8bd709
SCHED-TRACE 9901 50148 P 51 970d7ffff
SCHED-TRACE 9902 50204 I 66 925695
SCHED-TRACE 9903 50204 B 66 f4
SCHED-TRACE 9904 50204 P 66 96bc87ae0
SCHED-TRACE 9905 50204 R 66 96bc87ae0
SCHED-TRACE 9906 50205 U 4 9257d8
SCHED-TRACE 9907 50205 V 4 925893
SCHED-TRACE 9908 50205 O 0 0
SCHED-TRACE 9909 50205 P 66 96dbf851e
SCHED-TRACE 9910 50206 K 54 92f76147a
SCHED-TRACE 9911 50206 P 66 96f8947ad
SCHED-TRACE 9912 50207 P 66 970d51eb7
SCHED-TRACE 9913 50263 I 54 92816e
SCHED-TRACE 9914 50263 B 54 f5
SCHED-TRACE 9915 50263 P 54 96bd428f5
SCHED-TRACE 9916 50263 R 54 96bd428f5
SCHED-TRACE 9917 50264 U 4 9282b1
SCHED-TRACE 9918 50264 V 4 92836d
SCHED-TRACE 9919 50264 O 0 0
SCHED-TRACE 9920 50264 P 54 96dcd1eb7
SCHED-TRACE 9921 50265 K 39 92f7deb84
SCHED-TRACE 9922 50265 P 54 96f95eb84
SCHED-TRACE 9923 50266 P 54 970e147ad
SCHED-TRACE 9924 50322 I 39 92ac48
SCHED-TRACE 9925 50322 B 39 f4
SCHED-TRACE 9926 50322 P 39 96bdb0a3c
SCHED-TRACE 9927 50322 R 39 96bdb0a3c
SCHED-TRACE 9928 50323 U 4 92ad88
SCHED-TRACE 9929 50323 V 4 92ae44
SCHED-TRACE 9930 50323 O 0 0
SCHED-TRACE 9931 50323 P 39 96dd07ae0
SCHED-TRACE 9932 50324 K 48 92f82e146
SCHED-TRACE 9933 50324 P 39 96f9a6665
SCHED-TRACE 9934 50325 P 39 970e66665
SCHED-TRACE 9935 50381 I 48 92d725
SCHED-TRACE 9936 50381 B 48 f4
SCHED-TRACE 9937 50381 P 48 96be7ae13
SCHED-TRACE 9938 50381 R 48 96be7ae13
SCHED-TRACE 9939 50382 U 4 92d869
SCHED-TRACE 9940 50382 V 4 92d924
SCHED-TRACE 9941 50382 O 0 0
SCHED-TRACE 9942 50382 P 48 96de051ea
SCHED-TRACE 9943 50383 K 72 92fab3332
SCHED-TRACE 9944 50383 P 48 96fa9c28e
SCHED-TRACE 9945 50384 P 48 970f570a2
SCHED-TRACE 9946 50440 I 72 930200
SCHED-TRACE 9947 50440 B 72 f1
SCHED-TRACE 9948 50440 P 72 96c0851eb
SCHED-TRACE 9949 50440 R 72 96c0851eb
SCHED-TRACE 9950 50441 U 4 930343
SCHED-TRACE 9951 50441 V 4 9303fe
SCHED-TRACE 9952 50441 O 0 0
SCHED-TRACE 9953 50441 P 72 96e0028f5
SCHED-TRACE 9954 50442 K 33 93557020b
SCHED-TRACE 9955 50442 P 72 96fc947ad
SCHED-TRACE 9956 50443 P 72 97114f5c2
SCHED-TRACE 9957 50499 I 33 932cdd
SCHED-TRACE 9958 50499 B 33 f3
SCHED-TRACE 9959 50499 P 33 93b607ae0
SCHED-TRACE 9960 50499 R 33 93b607ae0
SCHED-TRACE 9961 50500 U 4 932e1d
SCHED-TRACE 9962 50500 V 4 932ed9
SCHED-TRACE 9963 50500 O 0 0
SCHED-TRACE 9964 50500 P 33 93b929ba5
SCHED-TRACE 9965 50501 K 33 93b929ba5
SCHED-TRACE 9966 50501 P 33 93bc06e97
SCHED-TRACE 9967 50558 I 33 935773
SCHED-TRACE 9968 50558 B 33 f3
SCHED-TRACE 9969 50558 P 33 941dfba5d
SCHED-TRACE 9970 50558 R 33 941dfba5d
SCHED-TRACE 9971 50559 U 4 9358b3
SCHED-TRACE 9972 50559 V 4 93596e
SCHED-TRACE 9973 50559 O 0 0
SCHED-TRACE 9974 50559 P 33 942119999
SCHED-TRACE 9975 50560 K 33 942119999
SCHED-TRACE 9976 50560 P 33 9423f580f
SCHED-TRACE 9977 50617 I 33 9381f9
SCHED-TRACE 9978 50617 B 33 f2
SCHED-TRACE 9979 50617 P 33 9485d22d0
SCHED-TRACE 9980 50617 R 33 9485d22d0
SCHED-TRACE 9981 50618 U 4 938339
SCHED-TRACE 9982 50618 V 4 9383f5
SCHED-TRACE 9983 50618 O 0 0
SCHED-TRACE 9984 50618 P 33 9488f2f1a
SCHED-TRACE 9985 50619 K 33 9488f2f1a
SCHED-TRACE 9986 50619 P 33 948bce55f
SCHED-TRACE 9987 50676 I 33 93ac84
SCHED-TRACE 9988 50676 B 33 f5
SCHED-TRACE 9989 50676 P 33 94edb3f7c
SCHED-TRACE 9990 50676 R 33 94edb3f7c
SCHED-TRACE 9991 50677 U 4 93adc4
SCHED-TRACE 9992 50677 V 4 93ae80
SCHED-TRACE 9993 50677 O 0 0
SCHED-TRACE 9994 50677 P 33 94f0d3b63
SCHED-TRACE 9995 50678 K 33 94f0d3b63
SCHED-TRACE 9996 50678 P 33 94f3b0624
SCHED-TRACE 9997 50735 I 33 93d712
SCHED-TRACE 9998 50735 B 33 f4
SCHED-TRACE 9999 50735 P 33 955599999
SCHED-TRACE 10000 50735 R 33 955599999
SCHED-TRACE 10001 50736 U 4 93d852
SCHED-TRACE 10002 50736 V 4 93d90d
SCHED-TRACE 10003 50736 O 0 0
SCHED-TRACE 10004 50736 P 33 9558b851e
SCHED-TRACE 10005 50737 K 33 9558b851e
SCHED-TRACE 10006 50737 P 33 955b94bc6
SCHED-TRACE 10007 50794 I 33 94019f
SCHED-TRACE 10008 50794 B 33 f2
SCHED-TRACE 10009 50794 P 33 95bd7e353
SCHED-TRACE 10010 50794 R 33 95bd7e353
SCHED-TRACE 10011 50795 U 4 9402df
SCHED-TRACE 10012 50795 V 4 94039b
SCHED-TRACE 10013 50795 O 0 0
SCHED-TRACE 10014 50795 P 33 95c09f7ce
SCHED-TRACE 10015 50796 K 33 95c09f7ce
SCHED-TRACE 10016 50796 P 33 95c37a9fb
SCHED-TRACE 10017 50853 I 33 942c32
SCHED-TRACE 10018 50853 B 33 f3
SCHED-TRACE 10019 50853 P 33 96256c8b3
SCHED-TRACE 10020 50853 R 33 96256c8b3
SCHED-TRACE 10021 50854 U 4 942d73
SCHED-TRACE 10022 50854 V 4 942e2f
SCHED-TRACE 10023 50854 O 0 0
SCHED-TRACE 10024 50854 P 33 96288d0e4
SCHED-TRACE 10025 50855 K 33 96288d0e4
SCHED-TRACE 10026 50855 P 33 962b69fbd
SCHED-TRACE 10027 50912 I 33 9456ca
SCHED-TRACE 10028 50912 B 33 f3
SCHED-TRACE 10029 50912 P 33 968d60c49
SCHED-TRACE 10030 50912 R 33 968d60c49
SCHED-TRACE 10031 50913 U 4 94580a
SCHED-TRACE 10032 50913 V 4 9458c6
SCHED-TRACE 10033 50913 O 0 0
SCHED-TRACE 10034 50913 P 33 969081892
SCHED-TRACE 10035 50914 K 33 969081892
SCHED-TRACE 10036 50914 P 33 96935e353
SCHED-TRACE 10037 50971 I 33 948157
SCHED-TRACE 10038 50971 B 33 f3
SCHED-TRACE 10039 50971 P 33 96f5472af
SCHED-TRACE 10040 50971 R 33 96f5472af
SCHED-TRACE 10041 50972 U 4 948298
SCHED-TRACE 10042 50972 V 4 948354
SCHED-TRACE 10043 50972 O 0 0
SCHED-TRACE 10044 50972 P 33 96f868f5b
SCHED-TRACE 10045 50973 K 42 96cd6e146
SCHED-TRACE 10046 50973 P 33 96fb44188
SCHED-TRACE 10047 50974 P 33 96fd56872
SCHED-TRACE 10048 51030 I 42 94ac3a
SCHED-TRACE 10049 51030 B 42 f3
SCHED-TRACE 10050 51030 P 42 9a940cccb
SCHED-TRACE 10051 51030 R 42 9a940cccb
SCHED-TRACE 10052 51031 U 4 94ad7c
SCHED-TRACE 10053 51031 V 4 94ae37
SCHED-TRACE 10054 51031 O 0 0
SCHED-TRACE 10055 51031 P 42 9ab375c28
SCHED-TRACE 10056 51032 K 63 96d3c51eb
SCHED-TRACE 10057 51032 P 42 9ad0170a2
SCHED-TRACE 10058 51033 P 42 9ae4d9998
SCHED-TRACE 10059 51089 I 63 94d723
SCHED-TRACE 10060 51089 B 63 f4
SCHED-TRACE 10061 51089 P 63 9a9af0a3c
SCHED-TRACE 10062 51089 R 63 9a9af0a3c
SCHED-TRACE 10063 51090 U 4 94d866
SCHED-TRACE 10064 51090 V 4 94d922
SCHED-TRACE 10065 51090 O 0 0
SCHED-TRACE 10066 51090 P 63 9aba70a3c
SCHED-TRACE 10067 51091 K 69 96de28f5b
SCHED-TRACE 10068 51091 P 63 9ad70cccc
SCHED-TRACE 10069 51092 P 63 9aebca3d6
SCHED-TRACE 10070 51148 I 69 950209
SCHED-TRACE 10071 51148 B 69 f2
SCHED-TRACE 10072 51148 P 69 9aa4c28f5
SCHED-TRACE 10073 51148 R 69 9aa4c28f5
SCHED-TRACE 10074 51149 U 4 95034c
SCHED-TRACE 10075 51149 V 4 950408
SCHED-TRACE 10076 51149 O 0 0
SCHED-TRACE 10077 51149 P 69 9ac44cccc
SCHED-TRACE 10078 51150 K 60 96f65c28e
SCHED-TRACE 10079 51150 P 69 9ae0e147a
SCHED-TRACE 10080 51151 P 69 9af5a147a
SCHED-TRACE 10081 51207 I 60 952cf1
SCHED-TRACE 10082 51207 B 60 f4
SCHED-TRACE 10083 51207 P 60 9abd028f4
SCHED-TRACE 10084 51207 R 60 9abd028f4
SCHED-TRACE 10085 51208 U 4 952e32
SCHED-TRACE 10086 51208 V 4 952eee
SCHED-TRACE 10087 51208 O 0 0
SCHED-TRACE 10088 51208 P 60 9adc68f5b
SCHED-TRACE 10089 51209 K 33 96fd56872
SCHED-TRACE 10090 51209 P 60 9af90cccb
SCHED-TRACE 10091 51210 P 60 9b0dc7ae0
SCHED-TRACE 10092 51266 I 33 9557d2
SCHED-TRACE 10093 51266 B 33 f3
SCHED-TRACE 10094 51266 P 33 975df47ad
SCHED-TRACE 10095 51266 R 33 975df47ad
SCHED-TRACE 10096 51267 U 4 955912
SCHED-TRACE 10097 51267 V 4 9559cd
SCHED-TRACE 10098 51267 O 0 0
SCHED-TRACE 10099 51267 P 33 976113b63
SCHED-TRACE 10100 51268 K 45 9700428f4
SCHED-TRACE 10101 51268 P 33 9763ef9da
SCHED-TRACE 10102 51269 P 33 976603126
SCHED-TRACE 10103 51325 I 45 9582ab
SCHED-TRACE 10104 51325 B 45 f3
SCHED-TRACE 10105 51325 P 45 9ac670a3c
SCHED-TRACE 10106 51325 R 45 9ac670a3c
SCHED-TRACE 10107 51326 U 4 9583ef
SCHED-TRACE 10108 51326 V 4 9584aa
SCHED-TRACE 10109 51326 O 0 0
SCHED-TRACE 10110 51326 P 45 9ae60cccb
SCHED-TRACE 10111 51327 K 36 9701851ea
SCHED-TRACE 10112 51327 P 45 9b02a6665
SCHED-TRACE 10113 51328 P 45 9b1766665
SCHED-TRACE 10114 51384 I 36 95ad8a
SCHED-TRACE 10115 51384 B 36 f5
SCHED-TRACE 10116 51384 P 36 9ac7bffff
SCHED-TRACE 10117 51384 R 36 9ac7bffff
SCHED-TRACE 10118 51385 U 4 95aecb
SCHED-TRACE 10119 51385 V 4 95af87
SCHED-TRACE 10120 51385 O 0 0
SCHED-TRACE 10121 51385 P 36 9ae730a3c
SCHED-TRACE 10122 51386 K 75 9707dc28e
SCHED-TRACE 10123 51386 P 36 9b03ca3d6
SCHED-TRACE 10124 51387 P 36 9b188cccb
SCHED-TRACE 10125 51443 I 75 95d86f
SCHED-TRACE 10126 51443 B 75 f3
SCHED-TRACE 10127 51443 P 75 9aced1eb7
SCHED-TRACE 10128 51443 R 75 9aced1eb7
SCHED-TRACE 10129 51444 U 4 95d9b1
SCHED-TRACE 10130 51444 V 4 95da6c
SCHED-TRACE 10131 51444 O 0 0
SCHED-TRACE 10132 51444 P 75 9aee3ffff
SCHED-TRACE 10133 51445 K 78 970ab3332
SCHED-TRACE 10134 51445 P 75 9b0adeb84
SCHED-TRACE 10135 51446 P 75 9b1f9c28e
SCHED-TRACE 10136 51502 I 78 960351
SCHED-TRACE 10137 51502 B 78 f5
SCHED-TRACE 10138 51502 P 78 9ad15c28e
SCHED-TRACE 10139 51502 R 78 9ad15c28e
SCHED-TRACE 10140 51503 U 4 960493
SCHED-TRACE 10141 51503 V 4 96054e
SCHED-TRACE 10142 51503 O 0 0
SCHED-TRACE 10143 51503 P 78 9af0b3332
SCHED-TRACE 10144 51504 K 81 970b051eb
SCHED-TRACE 10145 51504 P 78 9b0d4f5c1
SCHED-TRACE 10146 51505 P 78 9b220f5c1
SCHED-TRACE 10147 51561 I 81 962e34
SCHED-TRACE 10148 51561 B 81 f3
SCHED-TRACE 10149 51561 P 81 9ad18f5c2
SCHED-TRACE 10150 51561 R 81 9ad18f5c2
SCHED-TRACE 10151 51562 U 4 962f77
SCHED-TRACE 10152 51562 V 4 963032
SCHED-TRACE 10153 51562 O 0 0
SCHED-TRACE 10154 51562 P 81 9af107ae0
SCHED-TRACE 10155 51563 K 57 970bfae13
SCHED-TRACE 10156 51563 P 81 9b0da147a
SCHED-TRACE 10157 51564 P 81 9b2266665
SCHED-TRACE 10158 51620 I 57 96591b
SCHED-TRACE 10159 51620 B 57 f2
SCHED-TRACE 10160 51620 P 57 9ad2d70a2
SCHED-TRACE 10161 51620 R 57 9ad2d70a2
SCHED-TRACE 10162 51621 U 4 965a5e
SCHED-TRACE 10163 51621 V 4 965b19
SCHED-TRACE 10164 51621 O 0 0
SCHED-TRACE 10165 51621 P 57 9af263d6f
SCHED-TRACE 10166 51622 K 66 970d51eb7
SCHED-TRACE 10167 51622 P 57 9b0efae13
SCHED-TRACE 10168 51623 P 57 9b23b3332
SCHED-TRACE 10169 51679 I 66 9683fc
SCHED-TRACE 10170 51679 B 66 f4
SCHED-TRACE 10171 51679 P 66 9ad3a3d70
SCHED-TRACE 10172 51679 R 66 9ad3a3d70
SCHED-TRACE 10173 51680 U 4 96853f
SCHED-TRACE 10174 51680 V 4 9685fa
SCHED-TRACE 10175 51680 O 0 0
SCHED-TRACE 10176 51680 P 66 9af32147a
SCHED-TRACE 10177 51681 K 51 970d7ffff
SCHED-TRACE 10178 51681 P 66 9b0fbae14
SCHED-TRACE 10179 51682 P 66 9b247ffff
SCHED-TRACE 10180 51738 I 51 96aee4
SCHED-TRACE 10181 51738 B 51 f2
SCHED-TRACE 10182 51738 P 51 9ad47ae14
SCHED-TRACE 10183 51738 R 51 9ad47ae14
SCHED-TRACE 10184 51739 U 4 96b028
SCHED-TRACE 10185 51739 V 4 96b0e4
SCHED-TRACE 10186 51739 O 0 0
SCHED-TRACE 10187 51739 P 51 9af4170a3
SCHED-TRACE 10188 51740 K 54 970e147ad
SCHED-TRACE 10189 51740 P 51 9b10bd709
SCHED-TRACE 10190 51741 P 51 9b257ffff
SCHED-TRACE 10191 51797 I 54 96d9ca
SCHED-TRACE 10192 51797 B 54 f5
SCHED-TRACE 10193 51797 P 54 9ad4ab851
SCHED-TRACE 10194 51797 R 54 9ad4ab851
SCHED-TRACE 10195 51798 U 4 96db0d
SCHED-TRACE 10196 51798 V 4 96dbc9
SCHED-TRACE 10197 51798 O 0 0
SCHED-TRACE 10198 51798 P 54 9af43ffff
SCHED-TRACE 10199 51799 K 39 970e66665
SCHED-TRACE 10200 51799 P 54 9b10d47ad
SCHED-TRACE 10201 51800 P 54 9b25947ad
SCHED-TRACE 10202 51856 I 39 9704af
SCHED-TRACE 10203 51856 B 39 f4
SCHED-TRACE 10204 51856 P 39 9ad4d47ad
SCHED-TRACE 10205 51856 R 39 9ad4d47ad
SCHED-TRACE 10206 51857 U 4 9705f0
SCHED-TRACE 10207 51857 V 4 9706ac
SCHED-TRACE 10208 51857 O 0 0
SCHED-TRACE 10209 51857 P 39 9af435c28
SCHED-TRACE 10210 51858 K 48 970f570a2
SCHED-TRACE 10211 51858 P 39 9b10d47ad
SCHED-TRACE 10212 51859 P 39 9b25947ad
SCHED-TRACE 10213 51915 I 48 972f99
SCHED-TRACE 10214 51915 B 48 f2
SCHED-TRACE 10215 51915 P 48 9ad661479
SCHED-TRACE 10216 51915 R 48 9ad661479
SCHED-TRACE 10217 51916 U 4 9730dd
SCHED-TRACE 10218 51916 V 4 973198
SCHED-TRACE 10219 51916 O 0 0
SCHED-TRACE 10220 51916 P 48 9af5ffffe
SCHED-TRACE 10221 51917 K 72 97114f5c2
SCHED-TRACE 10222 51917 P 48 9b12a3d6f
SCHED-TRACE 10223 51918 P 48 9b2766665
SCHED-TRACE 10224 51974 I 72 975a7f
SCHED-TRACE 10225 51974 B 72 f4
SCHED-TRACE 10226 51974 P 72 9ad7b5c28
SCHED-TRACE 10227 51974 R 72 9ad7b5c28
SCHED-TRACE 10228 51975 U 4 975bc1
SCHED-TRACE 10229 51975 V 4 975c7c
SCHED-TRACE 10230 51975 O 0 0
SCHED-TRACE 10231 51975 P 72 9af71c28e
SCHED-TRACE 10232 51976 K 33 976603126
SCHED-TRACE 10233 51976 P 72 9b13b0a3c
SCHED-TRACE 10234 51977 P 72 9b286b851
SCHED-TRACE 10235 52033 I 33 978556
SCHED-TRACE 10236 52033 B 33 f4
SCHED-TRACE 10237 52033 P 33 97c6926e8
SCHED-TRACE 10238 52033 R 33 97c6926e8
SCHED-TRACE 10239 52034 U 4 978696
SCHED-TRACE 10240 52034 V 4 978751
SCHED-TRACE 10241 52034 O 0 0
SCHED-TRACE 10242 52034 P 33 97c9b374b
SCHED-TRACE 10243 52035 K 33 97c9b374b
SCHED-TRACE 10244 52035 P 33 97cc8fdf3
SCHED-TRACE 10245 52092 I 33 97afe8
SCHED-TRACE 10246 52092 B 33 f4
SCHED-TRACE 10247 52092 P 33 982e7fbe6
SCHED-TRACE 10248 52092 R 33 982e7fbe6
SCHED-TRACE 10249 52093 U 4 97b129
SCHED-TRACE 10250 52093 V 4 97b1e4
SCHED-TRACE 10251 52093 O 0 0
SCHED-TRACE 10252 52093 P 33 9831a0c49
SCHED-TRACE 10253 52094 K 33 9831a0c49
SCHED-TRACE 10254 52094 P 33 98347df3a
SCHED-TRACE 10255 52151 I 33 97da7c
SCHED-TRACE 10256 52151 B 33 f4
SCHED-TRACE 10257 52151 P 33 98966f9da
SCHED-TRACE 10258 52151 R 33 98966f9da
SCHED-TRACE 10259 52152 U 4 97dbbc
SCHED-TRACE 10260 52152 V 4 97dc78
SCHED-TRACE 10261 52152 O 0 0
SCHED-TRACE 10262 52152 P 33 98998f5c2
SCHED-TRACE 10263 52153 K 33 98998f5c2
SCHED-TRACE 10264 52153 P 33 989c6b020
SCHED-TRACE 10265 52210 I 33 980511
SCHED-TRACE 10266 52210 B 33 f4
SCHED-TRACE 10267 52210 P 33 98fe60830
SCHED-TRACE 10268 52210 R 33 98fe60830
SCHED-TRACE 10269 52211 U 4 980651
SCHED-TRACE 10270 52211 V 4 98070c
SCHED-TRACE 10271 52211 O 0 0
SCHED-TRACE 10272 52211 P 33 990181cab
SCHED-TRACE 10273 52212 K 33 990181cab
SCHED-TRACE 10274 52212 P 33 99045e353
SCHED-TRACE 10275 52269 I 33 982faa
SCHED-TRACE 10276 52269 B 33 f2
SCHED-TRACE 10277 52269 P 33 99665a9fb
SCHED-TRACE 10278 52269 R 33 99665a9fb
SCHED-TRACE 10279 52270 U 4 9830ea
SCHED-TRACE 10280 52270 V 4 9831a6
SCHED-TRACE 10281 52270 O 0 0
SCHED-TRACE 10282 52270 P 33 99697be76
SCHED-TRACE 10283 52271 K 33 99697be76
SCHED-TRACE 10284 52271 P 33 996c59580
SCHED-TRACE 10285 52328 I 33 985a45
SCHED-TRACE 10286 52328 B 33 f5
SCHED-TRACE 10287 52328 P 33 99ce59999
SCHED-TRACE 10288 52328 R 33 99ce59999
SCHED-TRACE 10289 52329 U 4 985b86
SCHED-TRACE 10290 52329 V 4 985c41
SCHED-TRACE 10291 52329 O 0 0
SCHED-TRACE 10292 52329 P 33 99d17a1ca
SCHED-TRACE 10293 52330 K 33 99d17a1ca
SCHED-TRACE 10294 52330 P 33 99d456041
SCHED-TRACE 10295 52387 I 33 9884dc
SCHED-TRACE 10296 52387 B 33 f4
SCHED-TRACE 10297 52387 P 33 9a364f5c2
SCHED-TRACE 10298 52387 R 33 9a364f5c2
SCHED-TRACE 10299 52388 U 4 98861c
SCHED-TRACE 10300 52388 V 4 9886d8
SCHED-TRACE 10301 52388 O 0 0
SCHED-TRACE 10302 52388 P 33 9a3971686
SCHED-TRACE 10303 52389 K 33 9a3971686
SCHED-TRACE 10304 52389 P 33 9a3c4d916
SCHED-TRACE 10305 52447 I 33 98afca
SCHED-TRACE 10306 52447 B 33 ee
SCHED-TRACE 10307 52447 P 33 9a9f60c49
SCHED-TRACE 10308 52447 R 33 9a9f60c49
SCHED-TRACE 10309 52448 U 4 98b107
SCHED-TRACE 10310 52448 V 4 98b1c0
SCHED-TRACE 10311 52448 O 0 0
SCHED-TRACE 10312 52448 P 33 9aa278105
SCHED-TRACE 10313 52449 K 33 9aa278105
SCHED-TRACE 10314 52449 P 33 9aa54fdf3
SCHED-TRACE 10315 52507 I 33 98daa0
SCHED-TRACE 10316 52507 B 33 ee
SCHED-TRACE 10317 52507 P 33 9b084b438
SCHED-TRACE 10318 52507 R 33 9b084b438
SCHED-TRACE 10319 52508 U 4 98dbde
SCHED-TRACE 10320 52508 V 4 98dc97
SCHED-TRACE 10321 52508 O 0 0
SCHED-TRACE 10322 52508 P 33 9b0b64188
SCHED-TRACE 10323 52509 K 42 9ae4d9998
SCHED-TRACE 10324 52509 P 33 9b0e3d2f1
SCHED-TRACE 10325 52510 P 33 9b104e978
SCHED-TRACE 10326 52566 I 42 990529
SCHED-TRACE 10327 52566 B 42 f0
SCHED-TRACE 10328 52566 P 42 9ea5f851d
SCHED-TRACE 10329 52566 R 42 9ea5f851d
SCHED-TRACE 10330 52567 U 4 990669
SCHED-TRACE 10331 52567 V 4 990723
SCHED-TRACE 10332 52567 O 0 0
SCHED-TRACE 10333 52567 P 42 9ec51eb84
SCHED-TRACE 10334 52568 K 63 9aebca3d6
SCHED-TRACE 10335 52568 P 42 9ee1a3d6f
SCHED-TRACE 10336 52569 P 42 9ef659998
SCHED-TRACE 10337 52625 I 63 992fbe
SCHED-TRACE 10338 52625 B 63 f1
SCHED-TRACE 10339 52625 P 63 9eadb3332
SCHED-TRACE 10340 52625 R 63 9eadb3332
SCHED-TRACE 10341 52626 U 4 9930ff
SCHED-TRACE 10342 52626 V 4 9931b9
SCHED-TRACE 10343 52626 O 0 0
SCHED-TRACE 10344 52626 P 63 9eccfae14
SCHED-TRACE 10345 52627 K 69 9af5a147a
SCHED-TRACE 10346 52627 P 63 9ee975c28
SCHED-TRACE 10347 52628 P 63 9efe2b851
SCHED-TRACE 10348 52684 I 69 995a5b
SCHED-TRACE 10349 52684 B 69 f0
SCHED-TRACE 10350 52684 P 69 9eb7bffff
SCHED-TRACE 10351 52684 R 69 9eb7bffff
SCHED-TRACE 10352 52685 U 4 995b9c
SCHED-TRACE 10353 52685 V 4 995c56
SCHED-TRACE 10354 52685 O 0 0
SCHED-TRACE 10355 52685 P 69 9ed6fffff
SCHED-TRACE 10356 52686 K 60 9b0dc7ae0
SCHED-TRACE 10357 52686 P 69 9ef37ffff
SCHED-TRACE 10358 52687 P 69 9f082e147
SCHED-TRACE 10359 52743 I 60 9984f7
SCHED-TRACE 10360 52743 B 60 ef
SCHED-TRACE 10361 52743 P 60 9ecfc7ae0
SCHED-TRACE 10362 52743 R 60 9ecfc7ae0
SCHED-TRACE 10363 52744 U 4 998636
SCHED-TRACE 10364 52744 V 4 9986f0
SCHED-TRACE 10365 52744 O 0 0
SCHED-TRACE 10366 52744 P 60 9eeee8f5b
SCHED-TRACE 10367 52745 K 33 9b104e978
SCHED-TRACE 10368 52745 P 60 9f0b6b850
SCHED-TRACE 10369 52746 P 60 9f201eb84
SCHED-TRACE 10370 52802 I 33 99af92
SCHED-TRACE 10371 52802 B 33 f2
SCHED-TRACE 10372 52802 P 33 9b707fbe6
SCHED-TRACE 10373 52802 R 33 9b707fbe6
SCHED-TRACE 10374 52803 U 4 99b0d1
SCHED-TRACE 10375 52803 V 4 99b18b
SCHED-TRACE 10376 52803 O 0 0
SCHED-TRACE 10377 52803 P 33 9b739d709
SCHED-TRACE 10378 52804 K 45 9b1766665
SCHED-TRACE 10379 52804 P 33 9b76774bb
SCHED-TRACE 10380 52805 P 33 9b7889ba5
SCHED-TRACE 10381 52861 I 45 99da41
SCHED-TRACE 10382 52861 B 45 f0
SCHED-TRACE 10383 52861 P 45 9edae1479
SCHED-TRACE 10384 52861 R 45 9edae1479
SCHED-TRACE 10385 52862 U 4 99db83
SCHED-TRACE 10386 52862 V 4 99dc3d
SCHED-TRACE 10387 52862 O 0 0
SCHED-TRACE 10388 52862 P 45 9efa51eb7
SCHED-TRACE 10389 52863 K 36 9b188cccb
SCHED-TRACE 10390 52863 P 45 9f16d70a2
SCHED-TRACE 10391 52864 P 45 9f2b91eb7
SCHED-TRACE 10392 52920 I 36 9a04f2
SCHED-TRACE 10393 52920 B 36 f0
SCHED-TRACE 10394 52920 P 36 9edbf5c28
SCHED-TRACE 10395 52920 R 36 9edbf5c28
SCHED-TRACE 10396 52921 U 4 9a0633
SCHED-TRACE 10397 52921 V 4 9a06ee
SCHED-TRACE 10398 52921 O 0 0
SCHED-TRACE 10399 52921 P 36 9efb3851d
SCHED-TRACE 10400 52922 K 75 9b1f9c28e
SCHED-TRACE 10401 52922 P 36 9f17c51ea
SCHED-TRACE 10402 52923 P 36 9f2c828f4
SCHED-TRACE 10403 52979 I 75 9a2faa
SCHED-TRACE 10404 52979 B 75 f2
SCHED-TRACE 10405 52979 P 75 9ee3b5c28
SCHED-TRACE 10406 52979 R 75 9ee3b5c28
SCHED-TRACE 10407 52980 U 4 9a30ea
SCHED-TRACE 10408 52980 V 4 9a31a5
SCHED-TRACE 10409 52980 O 0 0
SCHED-TRACE 10410 52980 P 75 9f030f5c2
SCHED-TRACE 10411 52981 K 78 9b220f5c1
SCHED-TRACE 10412 52981 P 75 9f1f947ad
SCHED-TRACE 10413 52982 P 75 9f344f5c2
SCHED-TRACE 10414 53038 I 78 9a5a61
SCHED-TRACE 10415 53038 B 78 f1
SCHED-TRACE 10416 53038 P 78 9ee6028f5
SCHED-TRACE 10417 53038 R 78 9ee6028f5
SCHED-TRACE 10418 53039 U 4 9a5ba2
SCHED-TRACE 10419 53039 V 4 9a5c5d
SCHED-TRACE 10420 53039 O 0 0
SCHED-TRACE 10421 53039 P 78 9f054a3d6
SCHED-TRACE 10422 53040 K 81 9b2266665
SCHED-TRACE 10423 53040 P 78 9f21d1eb7
SCHED-TRACE 10424 53041 P 78 9f3687ae0
SCHED-TRACE 10425 53097 I 81 9a8519
SCHED-TRACE 10426 53097 B 81 f0
SCHED-TRACE 10427 53097 P 81 9ee647ae0
SCHED-TRACE 10428 53097 R 81 9ee647ae0
SCHED-TRACE 10429 53098 U 4 9a865a
SCHED-TRACE 10430 53098 V 4 9a8715
SCHED-TRACE 10431 53098 O 0 0
SCHED-TRACE 10432 53098 P 81 9f05970a3
SCHED-TRACE 10433 53099 K 57 9b23b3332
SCHED-TRACE 10434 53099 P 81 9f222b851
SCHED-TRACE 10435 53100 P 81 9f36e8f5b
SCHED-TRACE 10436 53156 I 57 9aafd0
SCHED-TRACE 10437 53156 B 57 f2
SCHED-TRACE 10438 53156 P 57 9ee7a3d6f
SCHED-TRACE 10439 53156 R 57 9ee7a3d6f
SCHED-TRACE 10440 53157 U 4 9ab112
SCHED-TRACE 10441 53157 V 4 9ab1cd
SCHED-TRACE 10442 53157 O 0 0
SCHED-TRACE 10443 53157 P 57 9f0707ae0
SCHED-TRACE 10444 53158 K 66 9b247ffff
SCHED-TRACE 10445 53158 P 57 9f238f5c1
SCHED-TRACE 10446 53159 P 57 9f3847ae0
SCHED-TRACE 10447 53215 I 66 9ada89
SCHED-TRACE 10448 53215 B 66 f2
SCHED-TRACE 10449 53215 P 66 9ee8547ad
SCHED-TRACE 10450 53215 R 66 9ee8547ad
SCHED-TRACE 10451 53216 U 4 9adbca
SCHED-TRACE 10452 53216 V 4 9adc85
SCHED-TRACE 10453 53216 O 0 0
SCHED-TRACE 10454 53216 P 66 9f07b5c28
SCHED-TRACE 10455 53217 K 51 9b257ffff
SCHED-TRACE 10456 53217 P 66 9f243ffff
SCHED-TRACE 10457 53218 P 66 9f38f851e
SCHED-TRACE 10458 53274 I 51 9b0549
SCHED-TRACE 10459 53274 B 51 f0
SCHED-TRACE 10460 53274 P 51 9eea11eb7
SCHED-TRACE 10461 53274 R 51 9eea11eb7
SCHED-TRACE 10462 53275 U 4 9b068c
SCHED-TRACE 10463 53275 V 4 9b0746
SCHED-TRACE 10464 53275 O 0 0
SCHED-TRACE 10465 53275 P 51 9f0970a3d
SCHED-TRACE 10466 53276 K 54 9b25947ad
SCHED-TRACE 10467 53276 P 51 9f26051eb
SCHED-TRACE 10468 53277 P 51 9f3abffff
SCHED-TRACE 10469 53333 I 54 9b3005
SCHED-TRACE 10470 53333 B 54 f3
SCHED-TRACE 10471 53333 P 54 9ee9ab851
SCHED-TRACE 10472 53333 R 54 9ee9ab851
SCHED-TRACE 10473 53334 U 4 9b3148
SCHED-TRACE 10474 53334 V 4 9b3202
SCHED-TRACE 10475 53334 O 0 0
SCHED-TRACE 10476 53334 P 54 9f0919998
SCHED-TRACE 10477 53335 K 39 9b25947ad
SCHED-TRACE 10478 53335 P 54 9f25a6665
SCHED-TRACE 10479 53336 P 54 9f3a6147a
SCHED-TRACE 10480 53392 I 39 9b5ac1
SCHED-TRACE 10481 53392 B 39 f2
SCHED-TRACE 10482 53392 P 39 9ee97ffff
SCHED-TRACE 10483 53392 R 39 9ee97ffff
SCHED-TRACE 10484 53393 U 4 9b5c01
SCHED-TRACE 10485 53393 V 4 9b5cbc
SCHED-TRACE 10486 53393 O 0 0
SCHED-TRACE 10487 53393 P 39 9f08b851e
SCHED-TRACE 10488 53394 K 48 9b2766665
SCHED-TRACE 10489 53394 P 39 9f2547ae0
SCHED-TRACE 10490 53395 P 39 9f39fffff
SCHED-TRACE 10491 53451 I 48 9b8585
SCHED-TRACE 10492 53451 B 48 f2
SCHED-TRACE 10493 53451 P 48 9eec21479
SCHED-TRACE 10494 53451 R 48 9eec21479
SCHED-TRACE 10495 53452 U 4 9b86c8
SCHED-TRACE 10496 53452 V 4 9b8782
SCHED-TRACE 10497 53452 O 0 0
SCHED-TRACE 10498 53452 P 48 9f0b8a3d5
SCHED-TRACE 10499 53453 K 72 9b286b851
SCHED-TRACE 10500 53453 P 48 9f281eb83
SCHED-TRACE 10501 53454 P 48 9f3cd9998
SCHED-TRACE 10502 53510 I 72 9bb040
SCHED-TRACE 10503 53510 B 72 f3
SCHED-TRACE 10504 53510 P 72 9eec59999
SCHED-TRACE 10505 53510 R 72 9eec59999
SCHED-TRACE 10506 53511 U 4 9bb182
SCHED-TRACE 10507 53511 V 4 9bb23d
SCHED-TRACE 10508 53511 O 0 0
SCHED-TRACE 10509 53511 P 72 9f0bb3332
SCHED-TRACE 10510 53512 K 33 9b7889ba5
SCHED-TRACE 10511 53512 P 72 9f283d709
SCHED-TRACE 10512 53513 P 72 9f3cf851e
SCHED-TRACE 10513 53569 I 33 9bdafa
SCHED-TRACE 10514 53569 B 33 f1
SCHED-TRACE 10515 53569 P 33 9bd8e6a7e
SCHED-TRACE 10516 53569 R 33 9bd8e6a7e
SCHED-TRACE 10517 53570 U 4 9bdc39
SCHED-TRACE 10518 53570 V 4 9bdcf4
SCHED-TRACE 10519 53570 O 0 0
SCHED-TRACE 10520 53570 P 33 9bdc05603
SCHED-TRACE 10521 53571 K 33 9bdc05603
SCHED-TRACE 10522 53571 P 33 9bdee1061
SCHED-TRACE 10523 53628 I 33 9c056d
SCHED-TRACE 10524 53628 B 33 f2
SCHED-TRACE 10525 53628 P 33 9c40a1061
SCHED-TRACE 10526 53628 R 33 9c40a1061
SCHED-TRACE 10527 53629 U 4 9c06ad
SCHED-TRACE 10528 53629 V 4 9c0767
SCHED-TRACE 10529 53629 O 0 0
SCHED-TRACE 10530 53629 P 33 9c43bc6a7
SCHED-TRACE 10531 53630 K 33 9c43bc6a7
SCHED-TRACE 10532 53630 P 33 9c469851e
SCHED-TRACE 10533 53687 I 33 9c2fdf
SCHED-TRACE 10534 53687 B 33 f3
SCHED-TRACE 10535 53687 P 33 9ca856c8a
SCHED-TRACE 10536 53687 R 33 9ca856c8a
SCHED-TRACE 10537 53688 U 4 9c311e
SCHED-TRACE 10538 53688 V 4 9c31d9
SCHED-TRACE 10539 53688 O 0 0
SCHED-TRACE 10540 53688 P 33 9cab74395
SCHED-TRACE 10541 53689 K 33 9cab74395
SCHED-TRACE 10542 53689 P 33 9cae4f5c2
SCHED-TRACE 10543 53746 I 33 9c5a56
SCHED-TRACE 10544 53746 B 33 f1
SCHED-TRACE 10545 53746 P 33 9d10153f7
SCHED-TRACE 10546 53746 R 33 9d10153f7
SCHED-TRACE 10547 53747 U 4 9c5b96
SCHED-TRACE 10548 53747 V 4 9c5c51
SCHED-TRACE 10549 53747 O 0 0
SCHED-TRACE 10550 53747 P 33 9d133374b
SCHED-TRACE 10551 53748 K 33 9d133374b
SCHED-TRACE 10552 53748 P 33 9d160ed90
SCHED-TRACE 10553 53805 I 33 9c84d0
SCHED-TRACE 10554 53805 B 33 f1
SCHED-TRACE 10555 53805 P 33 9d77d851e
SCHED-TRACE 10556 53805 R 33 9d77d851e
SCHED-TRACE 10557 53806 U 4 9c8610
SCHED-TRACE 10558 53806 V 4 9c86cb
SCHED-TRACE 10559 53806 O 0 0
SCHED-TRACE 10560 53806 P 33 9d7af6c8a
SCHED-TRACE 10561 53807 K 33 9d7af6c8a
SCHED-TRACE 10562 53807 P 33 9d7dd1686
SCHED-TRACE 10563 53864 I 33 9caf42
SCHED-TRACE 10564 53864 B 33 f3
SCHED-TRACE 10565 53864 P 33 9ddf8c8b3
SCHED-TRACE 10566 53864 R 33 9ddf8c8b3
SCHED-TRACE 10567 53865 U 4 9cb082
SCHED-TRACE 10568 53865 V 4 9cb13d
SCHED-TRACE 10569 53865 O 0 0
SCHED-TRACE 10570 53865 P 33 9de2abc6a
SCHED-TRACE 10571 53866 K 33 9de2abc6a
SCHED-TRACE 10572 53866 P 33 9de5876c8
SCHED-TRACE 10573 53923 I 33 9cd9b9
SCHED-TRACE 10574 53923 B 33 f3
SCHED-TRACE 10575 53923 P 33 9e474a3d6
SCHED-TRACE 10576 53923 R 33 9e474a3d6
SCHED-TRACE 10577 53924 U 4 9cdaf8
SCHED-TRACE 10578 53924 V 4 9cdbb3
SCHED-TRACE 10579 53924 O 0 0
SCHED-TRACE 10580 53924 P 33 9e4a672af
SCHED-TRACE 10581 53925 K 33 9e4a672af
SCHED-TRACE 10582 53925 P 33 9e4d424dc
SCHED-TRACE 10583 53982 I 33 9d0430
SCHED-TRACE 10584 53982 B 33 f1
SCHED-TRACE 10585 53982 P 33 9eaf0872a
SCHED-TRACE 10586 53982 R 33 9eaf0872a
SCHED-TRACE 10587 53983 U 4 9d0571
SCHED-TRACE 10588 53983 V 4 9d062c
SCHED-TRACE 10589 53983 O 0 0
SCHED-TRACE 10590 53983 P 33 9eb227ef9
SCHED-TRACE 10591 53984 K 33 9eb227ef9
SCHED-TRACE 10592 53984 P 33 9eb502d0d
SCHED-TRACE 10593 54041 I 33 9d2eaa
SCHED-TRACE 10594 54041 B 33 f4
SCHED-TRACE 10595 54041 P 33 9f16cac07
SCHED-TRACE 10596 54041 R 33 9f16cac07
SCHED-TRACE 10597 54042 U 4 9d2fe9
SCHED-TRACE 10598 54042 V 4 9d30a4
SCHED-TRACE 10599 54042 O 0 0
SCHED-TRACE 10600 54042 P 33 9f19e9374
SCHED-TRACE 10601 54043 K 42 9ef659998
SCHED-TRACE 10602 54043 P 33 9f1cc5603
SCHED-TRACE 10603 54044 P 33 9f1ed7ced
SCHED-TRACE 10604 54100 I 42 9d5970
SCHED-TRACE 10605 54100 B 42 f4
SCHED-TRACE 10606 54100 P 42 a2bb170a2
SCHED-TRACE 10607 54100 R 42 a2bb170a2
SCHED-TRACE 10608 54101 U 4 9d5ab1
SCHED-TRACE 10609 54101 V 4 9d5b6c
SCHED-TRACE 10610 54101 O 0 0
SCHED-TRACE 10611 54101 P 42 a2da63d6f
SCHED-TRACE 10612 54102 K 63 9efe2b851
SCHED-TRACE 10613 54102 P 42 a2f6f5c28
SCHED-TRACE 10614 54103 P 42 a30bb3332
SCHED-TRACE 10615 54159 I 63 9d8441
SCHED-TRACE 10616 54159 B 63 f1
SCHED-TRACE 10617 54159 P 63 a2c3b3332
SCHED-TRACE 10618 54159 R 63 a2c3b3332
SCHED-TRACE 10619 54160 U 4 9d8584
SCHED-TRACE 10620 54160 V 4 9d863f
SCHED-TRACE 10621 54160 O 0 0
SCHED-TRACE 10622 54160 P 63 a2e335c28
SCHED-TRACE 10623 54161 K 69 9f082e147
SCHED-TRACE 10624 54161 P 63 a2ffc28f5
SCHED-TRACE 10625 54162 P 63 a3147ffff
SCHED-TRACE 10626 54218 I 69 9daf0d
SCHED-TRACE 10627 54218 B 69 f3
SCHED-TRACE 10628 54218 P 69 a2cd30a3c
SCHED-TRACE 10629 54218 R 69 a2cd30a3c
SCHED-TRACE 10630 54219 U 4 9db04f
SCHED-TRACE 10631 54219 V 4 9db10a
SCHED-TRACE 10632 54219 O 0 0
SCHED-TRACE 10633 54219 P 69 a2eca6665
SCHED-TRACE 10634 54220 K 33 9f1ed7ced
SCHED-TRACE 10635 54220 P 69 a309451ea
SCHED-TRACE 10636 54221 P 69 a31dfd709
SCHED-TRACE 10637 54277 I 33 9dd9d6
SCHED-TRACE 10638 54277 B 33 f3
SCHED-TRACE 10639 54277 P 33 9f7f51686
SCHED-TRACE 10640 54277 R 33 9f7f51686
SCHED-TRACE 10641 54278 U 4 9ddb16
SCHED-TRACE 10642 54278 V 4 9ddbd1
SCHED-TRACE 10643 54278 O 0 0
SCHED-TRACE 10644 54278 P 33 9f826f5c2
SCHED-TRACE 10645 54279 K 60 9f201eb84
SCHED-TRACE 10646 54279 P 33 9f854b020
SCHED-TRACE 10647 54280 P 33 9f875df3a
SCHED-TRACE 10648 54336 I 60 9e04a3
SCHED-TRACE 10649 54336 B 60 f2
SCHED-TRACE 10650 54336 P 60 a2e57fffe
SCHED-TRACE 10651 54336 R 60 a2e57fffe
SCHED-TRACE 10652 54337 U 4 9e05e4
SCHED-TRACE 10653 54337 V 4 9e069f
SCHED-TRACE 10654 54337 O 0 0
SCHED-TRACE 10655 54337 P 60 a304c51ea
SCHED-TRACE 10656 54338 K 45 9f2b91eb7
SCHED-TRACE 10657 54338 P 60 a321570a2
SCHED-TRACE 10658 54339 P 60 a33619998
SCHED-TRACE 10659 54395 I 45 9e2f7a
SCHED-TRACE 10660 54395 B 45 f4
SCHED-TRACE 10661 54395 P 45 a2f1b0a3c
SCHED-TRACE 10662 54395 R 45 a2f1b0a3c
SCHED-TRACE 10663 54396 U 4 9e30be
SCHED-TRACE 10664 54396 V 4 9e3179
SCHED-TRACE 10665 54396 O 0 0
SCHED-TRACE 10666 54396 P 45 a311547ad
SCHED-TRACE 10667 54397 K 36 9f2c828f4
SCHED-TRACE 10668 54397 P 45 a32deb850
SCHED-TRACE 10669 54398 P 45 a342ab850
SCHED-TRACE 10670 54454 I 36 9e5a56
SCHED-TRACE 10671 54454 B 36 f2
SCHED-TRACE 10672 54454 P 36 a2f2a147a
SCHED-TRACE 10673 54454 R 36 a2f2a147a
SCHED-TRACE 10674 54455 U 4 9e5b98
SCHED-TRACE 10675 54455 V 4 9e5c53
SCHED-TRACE 10676 54455 O 0 0
SCHED-TRACE 10677 54455 P 36 a311fffff
SCHED-TRACE 10678 54456 K 75 9f344f5c2
SCHED-TRACE 10679 54456 P 36 a32e9c28e
SCHED-TRACE 10680 54457 P 36 a3435eb84
SCHED-TRACE 10681 54513 I 75 9e853c
SCHED-TRACE 10682 54513 B 75 f2
SCHED-TRACE 10683 54513 P 75 a2fb7ffff
SCHED-TRACE 10684 54513 R 75 a2fb7ffff
SCHED-TRACE 10685 54514 U 4 9e867f
SCHED-TRACE 10686 54514 V 4 9e873a
SCHED-TRACE 10687 54514 O 0 0
SCHED-TRACE 10688 54514 P 75 a31af0a3d
SCHED-TRACE 10689 54515 K 78 9f3687ae0
SCHED-TRACE 10690 54515 P 75 a337947ad
SCHED-TRACE 10691 54516 P 75 a34c59999
SCHED-TRACE 10692 54572 I 78 9eb015
SCHED-TRACE 10693 54572 B 78 f4
SCHED-TRACE 10694 54572 P 78 a2fcb0a3c
SCHED-TRACE 10695 54572 R 78 a2fcb0a3c
SCHED-TRACE 10696 54573 U 4 9eb156
SCHED-TRACE 10697 54573 V 4 9eb211
SCHED-TRACE 10698 54573 O 0 0
SCHED-TRACE 10699 54573 P 78 a31c11eb7
SCHED-TRACE 10700 54574 K 81 9f36e8f5b
SCHED-TRACE 10701 54574 P 78 a338a8f5b
SCHED-TRACE 10702 54575 P 78 a34d6e146
SCHED-TRACE 10703 54631 I 81 9edae9
SCHED-TRACE 10704 54631 B 81 f3
SCHED-TRACE 10705 54631 P 81 a2fcc7ae0
SCHED-TRACE 10706 54631 R 81 a2fcc7ae0
SCHED-TRACE 10707 54632 U 4 9edc2b
SCHED-TRACE 10708 54632 V 4 9edce6
SCHED-TRACE 10709 54632 O 0 0
SCHED-TRACE 10710 54632 P 81 a31c2b851
SCHED-TRACE 10711 54633 K 57 9f3847ae0
SCHED-TRACE 10712 54633 P 81 a338ca3d6
SCHED-TRACE 10713 54634 P 81 a34d8a3d6
SCHED-TRACE 10714 54690 I 57 9f05c9
SCHED-TRACE 10715 54690 B 57 f3
SCHED-TRACE 10716 54690 P 57 a2ff051ea
SCHED-TRACE 10717 54690 R 57 a2ff051ea
SCHED-TRACE 10718 54691 U 4 9f070c
SCHED-TRACE 10719 54691 V 4 9f07c7
SCHED-TRACE 10720 54691 O 0 0
SCHED-TRACE 10721 54691 P 57 a31e70a3c
SCHED-TRACE 10722 54692 K 66 9f38f851e
SCHED-TRACE 10723 54692 P 57 a33b028f4
SCHED-TRACE 10724 54693 P 57 a34fc7ae0
SCHED-TRACE 10725 54749 I 66 9f30a2
SCHED-TRACE 10726 54749 B 66 ef
SCHED-TRACE 10727 54749 P 66 a2ff33332
SCHED-TRACE 10728 54749 R 66 a2ff33332
SCHED-TRACE 10729 54750 U 4 9f31e5
SCHED-TRACE 10730 54750 V 4 9f329f
SCHED-TRACE 10731 54750 O 0 0
SCHED-TRACE 10732 54750 P 66 a31ea3d70
SCHED-TRACE 10733 54751 K 39 9f39fffff
SCHED-TRACE 10734 54751 P 66 a33b3d709
SCHED-TRACE 10735 54752 P 66 a34ffffff
SCHED-TRACE 10736 54808 I 39 9f5b7c
SCHED-TRACE 10737 54808 B 39 f3
SCHED-TRACE 10738 54808 P 39 a3001eb84
SCHED-TRACE 10739 54808 R 39 a3001eb84
SCHED-TRACE 10740 54809 U 4 9f5cbd
SCHED-TRACE 10741 54809 V 4 9f5d79
SCHED-TRACE 10742 54809 O 0 0
SCHED-TRACE 10743 54809 P 39 a31f7ffff
SCHED-TRACE 10744 54810 K 54 9f3a6147a
SCHED-TRACE 10745 54810 P 39 a33c170a3
SCHED-TRACE 10746 54811 P 39 a350d70a3
SCHED-TRACE 10747 54867 I 54 9f8662
SCHED-TRACE 10748 54867 B 54 f3
SCHED-TRACE 10749 54867 P 54 a3018f5c1
SCHED-TRACE 10750 54867 R 54 a3018f5c1
SCHED-TRACE 10751 54868 U 4 9f87a5
SCHED-TRACE 10752 54868 V 4 9f8860
SCHED-TRACE 10753 54868 O 0 0
SCHED-TRACE 10754 54868 P 54 a321170a3
SCHED-TRACE 10755 54869 K 51 9f3abffff
SCHED-TRACE 10756 54869 P 54 a33db0a3c
SCHED-TRACE 10757 54870 P 54 a35275c28
SCHED-TRACE 10758 54926 I 51 9fb142
SCHED-TRACE 10759 54926 B 51 f0
SCHED-TRACE 10760 54926 P 51 a301547ad
SCHED-TRACE 10761 54926 R 51 a301547ad
SCHED-TRACE 10762 54927 U 4 9fb285
SCHED-TRACE 10763 54927 V 4 9fb340
SCHED-TRACE 10764 54927 O 0 0
SCHED-TRACE 10765 54927 P 51 a320deb84
SCHED-TRACE 10766 54928 K 48 9f3cd9998
SCHED-TRACE 10767 54928 P 51 a33d851eb
SCHED-TRACE 10768 54929 P 51 a3524cccc
SCHED-TRACE 10769 54985 I 48 9fdc23
SCHED-TRACE 10770 54985 B 48 f3
SCHED-TRACE 10771 54985 P 48 a303a1479
SCHED-TRACE 10772 54985 R 48 a303a1479
SCHED-TRACE 10773 54986 U 4 9fdd67
SCHED-TRACE 10774 54986 V 4 9fde22
SCHED-TRACE 10775 54986 O 0 0
SCHED-TRACE 10776 54986 P 48 a3233fffe
SCHED-TRACE 10777 54987 K 72 9f3cf851e
SCHED-TRACE 10778 54987 P 48 a33fd70a2
SCHED-TRACE 10779 54988 P 48 a3549eb83
SCHED-TRACE 10780 55044 I 72 a0070a
SCHED-TRACE 10781 55044 B 72 f2
SCHED-TRACE 10782 55044 P 72 a303e6665
SCHED-TRACE 10783 55044 R 72 a303e6665
SCHED-TRACE 10784 55045 U 4 a0084c
SCHED-TRACE 10785 55045 V 4 a00907
SCHED-TRACE 10786 55045 O 0 0
SCHED-TRACE 10787 55045 P 72 a3236b851
SCHED-TRACE 10788 55046 K 33 9f875df3a
SCHED-TRACE 10789 55046 P 72 a3400a3d6
SCHED-TRACE 10790 55047 P 72 a354ccccc
SCHED-TRACE 10791 55103 I 33 a031e9
SCHED-TRACE 10792 55103 B 33 ef
SCHED-TRACE 10793 55103 P 33 9fe8045a1
SCHED-TRACE 10794 55103 R 33 9fe8045a1
SCHED-TRACE 10795 55104 U 4 a0332a
SCHED-TRACE 10796 55104 V 4 a033e5
SCHED-TRACE 10797 55104 O 0 0
SCHED-TRACE 10798 55104 P 33 9feb251eb
SCHED-TRACE 10799 55105 K 33 9feb251eb
SCHED-TRACE 10800 55105 P 33 9fee02d0d
SCHED-TRACE 10801 55162 I 33 a05c83
SCHED-TRACE 10802 55162 B 33 f4
SCHED-TRACE 10803 55162 P 33 a0500c082
SCHED-TRACE 10804 55162 R 33 a0500c082
SCHED-TRACE 10805 55163 U 4 a05dc4
SCHED-TRACE 10806 55163 V 4 a05e7f
SCHED-TRACE 10807 55163 O 0 0
SCHED-TRACE 10808 55163 P 33 a0532d0e4
SCHED-TRACE 10809 55164 K 33 a0532d0e4
SCHED-TRACE 10810 55164 P 33 a05608b43
SCHED-TRACE 10811 55221 I 33 a08714
SCHED-TRACE 10812 55221 B 33 f4
SCHED-TRACE 10813 55221 P 33 a0b7f8936
SCHED-TRACE 10814 55221 R 33 a0b7f8936
SCHED-TRACE 10815 55222 U 4 a08854
SCHED-TRACE 10816 55222 V 4 a08910
SCHED-TRACE 10817 55222 O 0 0
SCHED-TRACE 10818 55222 P 33 a0bb19db1
SCHED-TRACE 10819 55223 K 33 a0bb19db1
SCHED-TRACE 10820 55223 P 33 a0bdf6041
SCHED-TRACE 10821 55280 I 33 a0b198
SCHED-TRACE 10822 55280 B 33 f0
SCHED-TRACE 10823 55280 P 33 a11fcc082
SCHED-TRACE 10824 55280 R 33 a11fcc082
SCHED-TRACE 10825 55281 U 4 a0b2d7
SCHED-TRACE 10826 55281 V 4 a0b392
SCHED-TRACE 10827 55281 O 0 0
SCHED-TRACE 10828 55281 P 33 a122eb020
SCHED-TRACE 10829 55282 K 33 a122eb020
SCHED-TRACE 10830 55282 P 33 a125c76c8
SCHED-TRACE 10831 55339 I 33 a0dc16
SCHED-TRACE 10832 55339 B 33 f4
SCHED-TRACE 10833 55339 P 33 a1879851e
SCHED-TRACE 10834 55339 R 33 a1879851e
SCHED-TRACE 10835 55340 U 4 a0dd56
SCHED-TRACE 10836 55340 V 4 a0de12
SCHED-TRACE 10837 55340 O 0 0
SCHED-TRACE 10838 55340 P 33 a18ab851e
SCHED-TRACE 10839 55341 K 33 a18ab851e
SCHED-TRACE 10840 55341 P 33 a18d9374b
SCHED-TRACE 10841 55398 I 33 a1069e
SCHED-TRACE 10842 55398 B 33 f4
SCHED-TRACE 10843 55398 P 33 a1ef73b63
SCHED-TRACE 10844 55398 R 33 a1ef73b63
SCHED-TRACE 10845 55399 U 4 a107de
SCHED-TRACE 10846 55399 V 4 a10899
SCHED-TRACE 10847 55399 O 0 0
SCHED-TRACE 10848 55399 P 33 a1f291eb7
SCHED-TRACE 10849 55400 K 33 a1f291eb7
SCHED-TRACE 10850 55400 P 33 a1f56d4fd
SCHED-TRACE 10851 55457 I 33 a13123
SCHED-TRACE 10852 55457 B 33 ef
SCHED-TRACE 10853 55457 P 33 a25749374
SCHED-TRACE 10854 55457 R 33 a25749374
SCHED-TRACE 10855 55458 U 4 a13263
SCHED-TRACE 10856 55458 V 4 a1331e
SCHED-TRACE 10857 55458 O 0 0
SCHED-TRACE 10858 55458 P 33 a25a68f5b
SCHED-TRACE 10859 55459 K 33 a25a68f5b
SCHED-TRACE 10860 55459 P 33 a25d46665
SCHED-TRACE 10861 55516 I 33 a15bad
SCHED-TRACE 10862 55516 B 33 f5
SCHED-TRACE 10863 55516 P 33 a2bf28b43
SCHED-TRACE 10864 55516 R 33 a2bf28b43
SCHED-TRACE 10865 55517 U 4 a15cee
SCHED-TRACE 10866 55517 V 4 a15da9
SCHED-TRACE 10867 55517 O 0 0
SCHED-TRACE 10868 55517 P 33 a2c24978c
SCHED-TRACE 10869 55518 K 33 a2c24978c
SCHED-TRACE 10870 55518 P 33 a2c5251eb
SCHED-TRACE 10871 55575 I 33 a1863c
SCHED-TRACE 10872 55575 B 33 f4
SCHED-TRACE 10873 55575 P 33 a3270fdf3
SCHED-TRACE 10874 55575 R 33 a3270fdf3
SCHED-TRACE 10875 55576 U 4 a1877d
SCHED-TRACE 10876 55576 V 4 a18838
SCHED-TRACE 10877 55576 O 0 0
SCHED-TRACE 10878 55576 P 33 a32a2f9da
SCHED-TRACE 10879 55577 K 42 a30bb3332
SCHED-TRACE 10880 55577 P 33 a32d0b438
SCHED-TRACE 10881 55578 P 33 a32f1e76c
SCHED-TRACE 10882 55634 I 42 a1b110
SCHED-TRACE 10883 55634 B 42 f0
SCHED-TRACE 10884 55634 P 42 a6d12e146
SCHED-TRACE 10885 55634 R 42 a6d12e146
SCHED-TRACE 10886 55635 U 4 a1b252
SCHED-TRACE 10887 55635 V 4 a1b30d
SCHED-TRACE 10888 55635 O 0 0
SCHED-TRACE 10889 55635 P 42 a6f091eb7
SCHED-TRACE 10890 55636 K 63 a3147ffff
SCHED-TRACE 10891 55636 P 42 a70d35c28
SCHED-TRACE 10892 55637 P 42 a721f5c28
SCHED-TRACE 10893 55693 I 63 a1dbe9
SCHED-TRACE 10894 55693 B 63 f4
SCHED-TRACE 10895 55693 P 63 a6da68f5b
SCHED-TRACE 10896 55693 R 63 a6da68f5b
SCHED-TRACE 10897 55694 U 4 a1dd2c
SCHED-TRACE 10898 55694 V 4 a1dde7
SCHED-TRACE 10899 55694 O 0 0
SCHED-TRACE 10900 55694 P 63 a6f9ee147
SCHED-TRACE 10901 55695 K 69 a31dfd709
SCHED-TRACE 10902 55695 P 63 a716828f5
SCHED-TRACE 10903 55696 P 63 a72b3851e
SCHED-TRACE 10904 55752 I 69 a206c5
SCHED-TRACE 10905 55752 B 69 f4
SCHED-TRACE 10906 55752 P 69 a6e3eb851
SCHED-TRACE 10907 55752 R 69 a6e3eb851
SCHED-TRACE 10908 55753 U 4 a20807
SCHED-TRACE 10909 55753 V 4 a208c2
SCHED-TRACE 10910 55753 O 0 0
SCHED-TRACE 10911 55753 P 69 a70351eb7
SCHED-TRACE 10912 55754 K 33 a32f1e76c
SCHED-TRACE 10913 55754 P 69 a71fdc28e
SCHED-TRACE 10914 55755 P 69 a734947ad
SCHED-TRACE 10915 55811 I 33 a2319b
SCHED-TRACE 10916 55811 B 33 eb
SCHED-TRACE 10917 55811 P 33 a38fa9374
SCHED-TRACE 10918 55811 R 33 a38fa9374
SCHED-TRACE 10919 55812 U 4 a232db
SCHED-TRACE 10920 55812 V 4 a23396
SCHED-TRACE 10921 55812 O 0 0
SCHED-TRACE 10922 55812 P 33 a392c9374
SCHED-TRACE 10923 55813 K 60 a33619998
SCHED-TRACE 10924 55813 P 33 a395a5e34
SCHED-TRACE 10925 55814 P 33 a397b9167
SCHED-TRACE 10926 55870 I 60 a25c76
SCHED-TRACE 10927 55870 B 60 f3
SCHED-TRACE 10928 55870 P 60 a6fc2b850
SCHED-TRACE 10929 55870 R 60 a6fc2b850
SCHED-TRACE 10930 55871 U 4 a25db8
SCHED-TRACE 10931 55871 V 4 a25e73
SCHED-TRACE 10932 55871 O 0 0
SCHED-TRACE 10933 55871 P 60 a71b91eb7
SCHED-TRACE 10934 55872 K 45 a342ab850
SCHED-TRACE 10935 55872 P 60 a73826665
SCHED-TRACE 10936 55873 P 60 a74ce6665
SCHED-TRACE 10937 55929 I 45 a2875f
SCHED-TRACE 10938 55929 B 45 f3
SCHED-TRACE 10939 55929 P 45 a709ae146
SCHED-TRACE 10940 55929 R 45 a709ae146
SCHED-TRACE 10941 55930 U 4 a288a3
SCHED-TRACE 10942 55930 V 4 a2895e
SCHED-TRACE 10943 55930 O 0 0
SCHED-TRACE 10944 55930 P 45 a729547ad
SCHED-TRACE 10945 55931 K 36 a3435eb84
SCHED-TRACE 10946 55931 P 45 a745f0a3c
SCHED-TRACE 10947 55932 P 45 a75ab0a3c
SCHED-TRACE 10948 55988 I 36 a2b23b
SCHED-TRACE 10949 55988 B 36 f3
SCHED-TRACE 10950 55988 P 36 a7095eb84
SCHED-TRACE 10951 55988 R 36 a7095eb84
SCHED-TRACE 10952 55989 U 4 a2b37d
SCHED-TRACE 10953 55989 V 4 a2b439
SCHED-TRACE 10954 55989 O 0 0
SCHED-TRACE 10955 55989 P 36 a728c51ea
SCHED-TRACE 10956 55990 K 75 a34c59999
SCHED-TRACE 10957 55990 P 36 a74566665
SCHED-TRACE 10958 55991 P 36 a75a2e146
SCHED-TRACE 10959 56047 I 75 a2dd1e
SCHED-TRACE 10960 56047 B 75 f5
SCHED-TRACE 10961 56047 P 75 a7130a3d6
SCHED-TRACE 10962 56047 R 75 a7130a3d6
SCHED-TRACE 10963 56048 U 4 a2de60
SCHED-TRACE 10964 56048 V 4 a2df1c
SCHED-TRACE 10965 56048 O 0 0
SCHED-TRACE 10966 56048 P 75 a7327ae14
SCHED-TRACE 10967 56049 K 78 a34d6e146
SCHED-TRACE 10968 56049 P 75 a74f19999
SCHED-TRACE 10969 56050 P 75 a763d9999
SCHED-TRACE 10970 56106 I 78 a30800
SCHED-TRACE 10971 56106 B 78 f2
SCHED-TRACE 10972 56106 P 78 a713f3332
SCHED-TRACE 10973 56106 R 78 a713f3332
SCHED-TRACE 10974 56107 U 4 a30942
SCHED-TRACE 10975 56107 V 4 a309fd
SCHED-TRACE 10976 56107 O 0 0
SCHED-TRACE 10977 56107 P 78 a73366665
SCHED-TRACE 10978 56108 K 81 a34d8a3d6
SCHED-TRACE 10979 56108 P 78 a750028f5
SCHED-TRACE 10980 56109 P 78 a764c51ea
SCHED-TRACE 10981 56165 I 81 a332de
SCHED-TRACE 10982 56165 B 81 f4
SCHED-TRACE 10983 56165 P 81 a7139c28e
SCHED-TRACE 10984 56165 R 81 a7139c28e
SCHED-TRACE 10985 56166 U 4 a3341f
SCHED-TRACE 10986 56166 V 4 a334db
SCHED-TRACE 10987 56166 O 0 0
SCHED-TRACE 10988 56166 P 81 a7330a3d6
SCHED-TRACE 10989 56167 K 57 a34fc7ae0
SCHED-TRACE 10990 56167 P 81 a74fab851
SCHED-TRACE 10991 56168 P 81 a76463d70
SCHED-TRACE 10992 56224 I 57 a35dc4
SCHED-TRACE 10993 56224 B 57 f3
SCHED-TRACE 10994 56224 P 57 a7169eb84
SCHED-TRACE 10995 56224 R 57 a7169eb84
SCHED-TRACE 10996 56225 U 4 a35f07
SCHED-TRACE 10997 56225 V 4 a35fc2
SCHED-TRACE 10998 56225 O 0 0
SCHED-TRACE 10999 56225 P 57 a736170a2
SCHED-TRACE 11000 56226 K 66 a34ffffff
SCHED-TRACE 11001 56226 P 57 a752b851d
SCHED-TRACE 11002 56227 P 57 a7677851d
SCHED-TRACE 11003 56283 I 66 a388a9
SCHED-TRACE 11004 56283 B 66 f5
SCHED-TRACE 11005 56283 P 66 a716ab851
SCHED-TRACE 11006 56283 R 66 a716ab851
SCHED-TRACE 11007 56284 U 4 a389ec
SCHED-TRACE 11008 56284 V 4 a38aa8
SCHED-TRACE 11009 56284 O 0 0
SCHED-TRACE 11010 56284 P 66 a73633332
SCHED-TRACE 11011 56285 K 39 a350d70a3
SCHED-TRACE 11012 56285 P 66 a752cf5c2
SCHED-TRACE 11013 56286 P 66 a7678f5c2
SCHED-TRACE 11014 56342 I 39 a3b385
SCHED-TRACE 11015 56342 B 39 f4
SCHED-TRACE 11016 56342 P 39 a716a6665
SCHED-TRACE 11017 56342 R 39 a716a6665
SCHED-TRACE 11018 56343 U 4 a3b4c7
SCHED-TRACE 11019 56343 V 4 a3b583
SCHED-TRACE 11020 56343 O 0 0
SCHED-TRACE 11021 56343 P 39 a7360f5c2
SCHED-TRACE 11022 56344 K 51 a3524cccc
SCHED-TRACE 11023 56344 P 39 a752970a3
SCHED-TRACE 11024 56345 P 39 a7674f5c2
SCHED-TRACE 11025 56401 I 51 a3de6c
SCHED-TRACE 11026 56401 B 51 f2
SCHED-TRACE 11027 56401 P 51 a7193851e
SCHED-TRACE 11028 56401 R 51 a7193851e
SCHED-TRACE 11029 56402 U 4 a3dfb0
SCHED-TRACE 11030 56402 V 4 a3e06b
SCHED-TRACE 11031 56402 O 0 0
SCHED-TRACE 11032 56402 P 51 a738ca3d6
SCHED-TRACE 11033 56403 K 54 a35275c28
SCHED-TRACE 11034 56403 P 51 a75568f5b
SCHED-TRACE 11035 56404 P 51 a76a26666
SCHED-TRACE 11036 56460 I 54 a40953
SCHED-TRACE 11037 56460 B 54 f4
SCHED-TRACE 11038 56460 P 54 a7192b851
SCHED-TRACE 11039 56460 R 54 a7192b851
SCHED-TRACE 11040 56461 U 4 a40a96
SCHED-TRACE 11041 56461 V 4 a40b52
SCHED-TRACE 11042 56461 O 0 0
SCHED-TRACE 11043 56461 P 54 a738bd709
SCHED-TRACE 11044 56462 K 48 a3549eb83
SCHED-TRACE 11045 56462 P 54 a7555eb84
SCHED-TRACE 11046 56463 P 54 a76a1eb84
SCHED-TRACE 11047 56519 I 48 a43438
SCHED-TRACE 11048 56519 B 48 f3
SCHED-TRACE 11049 56519 P 48 a71b30a3c
SCHED-TRACE 11050 56519 R 48 a71b30a3c
SCHED-TRACE 11051 56520 U 4 a4357d
SCHED-TRACE 11052 56520 V 4 a43639
SCHED-TRACE 11053 56520 O 0 0
SCHED-TRACE 11054 56520 P 48 a73ad9998
SCHED-TRACE 11055 56521 K 72 a354ccccc
SCHED-TRACE 11056 56521 P 48 a75768f5b
SCHED-TRACE 11057 56522 P 48 a76c28f5b
SCHED-TRACE 11058 56578 I 72 a45f21
SCHED-TRACE 11059 56578 B 72 f4
SCHED-TRACE 11060 56578 P 72 a71b73332
SCHED-TRACE 11061 56578 R 72 a71b73332
SCHED-TRACE 11062 56579 U 4 a46063
SCHED-TRACE 11063 56579 V 4 a4611f
SCHED-TRACE 11064 56579 O 0 0
SCHED-TRACE 11065 56579 P 72 a73af851e
SCHED-TRACE 11066 56580 K 33 a397b9167
SCHED-TRACE 11067 56580 P 72 a757a3d70
SCHED-TRACE 11068 56581 P 72 a76c5c28e
SCHED-TRACE 11069 56637 I 33 a48a06
SCHED-TRACE 11070 56637 B 33 f5
SCHED-TRACE 11071 56637 P 33 a3f85df3a
SCHED-TRACE 11072 56637 R 33 a3f85df3a
SCHED-TRACE 11073 56638 U 4 a48b47
SCHED-TRACE 11074 56638 V 4 a48c03
SCHED-TRACE 11075 56638 O 0 0
SCHED-TRACE 11076 56638 P 33 a3fb7e76c
SCHED-TRACE 11077 56639 K 33 a3fb7e76c
SCHED-TRACE 11078 56639 P 33 a3fe5b645
SCHED-TRACE 11079 56696 I 33 a4b490
SCHED-TRACE 11080 56696 B 33 f3
SCHED-TRACE 11081 56696 P 33 a4603b22c
SCHED-TRACE 11082 56696 R 33 a4603b22c
SCHED-TRACE 11083 56697 U 4 a4b5d0
SCHED-TRACE 11084 56697 V 4 a4b68b
SCHED-TRACE 11085 56697 O 0 0
SCHED-TRACE 11086 56697 P 33 a4635a1ca
SCHED-TRACE 11087 56698 K 33 a4635a1ca
SCHED-TRACE 11088 56698 P 33 a46634fde
SCHED-TRACE 11089 56755 I 33 a4df1a
SCHED-TRACE 11090 56755 B 33 f4
SCHED-TRACE 11091 56755 P 33 a4c81b22c
SCHED-TRACE 11092 56755 R 33 a4c81b22c
SCHED-TRACE 11093 56756 U 4 a4e05a
SCHED-TRACE 11094 56756 V 4 a4e116
SCHED-TRACE 11095 56756 O 0 0
SCHED-TRACE 11096 56756 P 33 a4cb3cac0
SCHED-TRACE 11097 56757 K 33 a4cb3cac0
SCHED-TRACE 11098 56757 P 33 a4ce19db1
SCHED-TRACE 11099 56814 I 33 a509aa
SCHED-TRACE 11100 56814 B 33 f5
SCHED-TRACE 11101 56814 P 33 a53003d70
SCHED-TRACE 11102 56814 R 33 a53003d70
SCHED-TRACE 11103 56815 U 4 a50aea
SCHED-TRACE 11104 56815 V 4 a50ba6
SCHED-TRACE 11105 56815 O 0 0
SCHED-TRACE 11106 56815 P 33 a53323126
SCHED-TRACE 11107 56816 K 33 a53323126
SCHED-TRACE 11108 56816 P 33 a535fffff
SCHED-TRACE 11109 56873 I 33 a53436
SCHED-TRACE 11110 56873 B 33 f4
SCHED-TRACE 11111 56873 P 33 a597e5a1c
SCHED-TRACE 11112 56873 R 33 a597e5a1c
SCHED-TRACE 11113 56874 U 4 a53577
SCHED-TRACE 11114 56874 V 4 a53633
SCHED-TRACE 11115 56874 O 0 0
SCHED-TRACE 11116 56874 P 33 a59b076c8
SCHED-TRACE 11117 56875 K 33 a59b076c8
SCHED-TRACE 11118 56875 P 33 a59de28f5
SCHED-TRACE 11119 56932 I 33 a55ec7
SCHED-TRACE 11120 56932 B 33 f5
SCHED-TRACE 11121 56932 P 33 a5ffd1a9f
SCHED-TRACE 11122 56932 R 33 a5ffd1a9f
SCHED-TRACE 11123 56933 U 4 a56007
SCHED-TRACE 11124 56933 V 4 a560c2
SCHED-TRACE 11125 56933 O 0 0
SCHED-TRACE 11126 56933 P 33 a602f1a9f
SCHED-TRACE 11127 56934 K 33 a602f1a9f
SCHED-TRACE 11128 56934 P 33 a605ce978
SCHED-TRACE 11129 56991 I 33 a5895b
SCHED-TRACE 11130 56991 B 33 f4
SCHED-TRACE 11131 56991 P 33 a667c3d70
SCHED-TRACE 11132 56991 R 33 a667c3d70
SCHED-TRACE 11133 56992 U 4 a58a9c
SCHED-TRACE 11134 56992 V 4 a58b57
SCHED-TRACE 11135 56992 O 0 0
SCHED-TRACE 11136 56992 P 33 a66ae3957
SCHED-TRACE 11137 56993 K 33 a66ae3957
SCHED-TRACE 11138 56993 P 33 a66dc0830
SCHED-TRACE 11139 57050 I 33 a5b3e9
SCHED-TRACE 11140 57050 B 33 f3
SCHED-TRACE 11141 57050 P 33 a6cfa7ef9
SCHED-TRACE 11142 57050 R 33 a6cfa7ef9
SCHED-TRACE 11143 57051 U 4 a5b529
SCHED-TRACE 11144 57051 V 4 a5b5e5
SCHED-TRACE 11145 57051 O 0 0
SCHED-TRACE 11146 57051 P 33 a6d2c978c
SCHED-TRACE 11147 57052 K 33 a6d2c978c
SCHED-TRACE 11148 57052 P 33 a6d5a3d70
SCHED-TRACE 11149 57109 I 33 a5de7b
SCHED-TRACE 11150 57109 B 33 f2
SCHED-TRACE 11151 57109 P 33 a73793b63
SCHED-TRACE 11152 57109 R 33 a73793b63
SCHED-TRACE 11153 57110 U 4 a5dfbb
SCHED-TRACE 11154 57110 V 4 a5e076
SCHED-TRACE 11155 57110 O 0 0
SCHED-TRACE 11156 57110 P 33 a73ab4395
SCHED-TRACE 11157 57111 K 42 a721f5c28
SCHED-TRACE 11158 57111 P 33 a73d9126e
SCHED-TRACE 11159 57112 P 33 a73fa3d70
SCHED-TRACE 11160 57168 I 42 a6095a
SCHED-TRACE 11161 57168 B 42 f5
SCHED-TRACE 11162 57168 P 42 aae847ae0
SCHED-TRACE 11163 57168 R 42 aae847ae0
SCHED-TRACE 11164 57169 U 4 a60a9c
SCHED-TRACE 11165 57169 V 4 a60b58
SCHED-TRACE 11166 57169 O 0 0
SCHED-TRACE 11167 57169 P 42 ab07ae146
SCHED-TRACE 11168 57170 K 63 a72b3851e
SCHED-TRACE 11169 57170 P 42 ab244cccb
SCHED-TRACE 11170 57171 P 42 ab390f5c1
SCHED-TRACE 11171 57227 I 63 a6343e
SCHED-TRACE 11172 57227 B 63 f2
SCHED-TRACE 11173 57227 P 63 aaf1bd709
SCHED-TRACE 11174 57227 R 63 aaf1bd709
SCHED-TRACE 11175 57228 U 4 a63582
SCHED-TRACE 11176 57228 V 4 a6363e
SCHED-TRACE 11177 57228 O 0 0
SCHED-TRACE 11178 57228 P 63 ab1151eb7
SCHED-TRACE 11179 57229 K 69 a734947ad
SCHED-TRACE 11180 57229 P 63 ab2de147a
SCHED-TRACE 11181 57230 P 63 ab429eb84
SCHED-TRACE 11182 57286 I 69 a65f26
SCHED-TRACE 11183 57286 B 69 f4
SCHED-TRACE 11184 57286 P 69 aafb428f5
SCHED-TRACE 11185 57286 R 69 aafb428f5
SCHED-TRACE 11186 57287 U 4 a66068
SCHED-TRACE 11187 57287 V 4 a66124
SCHED-TRACE 11188 57287 O 0 0
SCHED-TRACE 11189 57287 P 69 ab1accccc
SCHED-TRACE 11190 57288 K 33 a73fa3d70
SCHED-TRACE 11191 57288 P 69 ab3773332
SCHED-TRACE 11192 57289 P 69 ab4c2b851
SCHED-TRACE 11193 57345 I 33 a68a0c
SCHED-TRACE 11194 57345 B 33 f5
SCHED-TRACE 11195 57345 P 33 a7a049fbd
SCHED-TRACE 11196 57345 R 33 a7a049fbd
SCHED-TRACE 11197 57346 U 4 a68b4d
SCHED-TRACE 11198 57346 V 4 a68c08
SCHED-TRACE 11199 57346 O 0 0
SCHED-TRACE 11200 57346 P 33 a7a36ac07
SCHED-TRACE 11201 57347 K 60 a74ce6665
SCHED-TRACE 11202 57347 P 33 a7a647ef9
SCHED-TRACE 11203 57348 P 33 a7a85b645
SCHED-TRACE 11204 57404 I 60 a6b4e7
SCHED-TRACE 11205 57404 B 60 f3
SCHED-TRACE 11206 57404 P 60 ab12bae13
SCHED-TRACE 11207 57404 R 60 ab12bae13
SCHED-TRACE 11208 57405 U 4 a6b628
SCHED-TRACE 11209 57405 V 4 a6b6e4
SCHED-TRACE 11210 57405 O 0 0
SCHED-TRACE 11211 57405 P 60 ab320cccb
SCHED-TRACE 11212 57406 K 36 a75a2e146
SCHED-TRACE 11213 57406 P 60 ab4ea3d6f
SCHED-TRACE 11214 57407 P 60 ab6363d6f
SCHED-TRACE 11215 57463 I 36 a6dfc9
SCHED-TRACE 11216 57463 B 36 f4
SCHED-TRACE 11217 57463 P 36 ab20c28f4
SCHED-TRACE 11218 57463 R 36 ab20c28f4
SCHED-TRACE 11219 57464 U 4 a6e10a
SCHED-TRACE 11220 57464 V 4 a6e1c6
SCHED-TRACE 11221 57464 O 0 0
SCHED-TRACE 11222 57464 P 36 ab4033332
SCHED-TRACE 11223 57465 K 45 a75ab0a3c
SCHED-TRACE 11224 57465 P 36 ab5cc7ae0
SCHED-TRACE 11225 57466 P 36 ab718cccb
SCHED-TRACE 11226 57522 I 45 a70ab5
SCHED-TRACE 11227 57522 B 45 f1
SCHED-TRACE 11228 57522 P 45 ab22147ad
SCHED-TRACE 11229 57522 R 45 ab22147ad
SCHED-TRACE 11230 57523 U 4 a70bf9
SCHED-TRACE 11231 57523 V 4 a70cb4
SCHED-TRACE 11232 57523 O 0 0
SCHED-TRACE 11233 57523 P 45 ab41b5c27
SCHED-TRACE 11234 57524 K 75 a763d9999
SCHED-TRACE 11235 57524 P 45 ab5e59998
SCHED-TRACE 11236 57525 P 45 ab7319998
SCHED-TRACE 11237 57581 I 75 a735a0
SCHED-TRACE 11238 57581 B 75 f4
SCHED-TRACE 11239 57581 P 75 ab2accccc
SCHED-TRACE 11240 57581 R 75 ab2accccc
SCHED-TRACE 11241 57582 U 4 a736e2
SCHED-TRACE 11242 57582 V 4 a7379d
SCHED-TRACE 11243 57582 O 0 0
SCHED-TRACE 11244 57582 P 75 ab4a1eb84
SCHED-TRACE 11245 57583 K 81 a76463d70
SCHED-TRACE 11246 57583 P 75 ab66bffff
SCHED-TRACE 11247 57584 P 75 ab7b7ffff
SCHED-TRACE 11248 57640 I 81 a76088
SCHED-TRACE 11249 57640 B 81 f5
SCHED-TRACE 11250 57640 P 81 ab2b68f5b
SCHED-TRACE 11251 57640 R 81 ab2b68f5b
SCHED-TRACE 11252 57641 U 4 a761cb
SCHED-TRACE 11253 57641 V 4 a76286
SCHED-TRACE 11254 57641 O 0 0
SCHED-TRACE 11255 57641 P 81 ab4adeb84
SCHED-TRACE 11256 57642 K 78 a764c51ea
SCHED-TRACE 11257 57642 P 81 ab6775c28
SCHED-TRACE 11258 57643 P 81 ab7c3851e
SCHED-TRACE 11259 57699 I 78 a78b75
SCHED-TRACE 11260 57699 B 78 f2
SCHED-TRACE 11261 57699 P 78 ab2bf3332
SCHED-TRACE 11262 57699 R 78 ab2bf3332
SCHED-TRACE 11263 57700 U 4 a78cb7
SCHED-TRACE 11264 57700 V 4 a78d74
SCHED-TRACE 11265 57700 O 0 0
SCHED-TRACE 11266 57700 P 78 ab4b73332
SCHED-TRACE 11267 57701 K 39 a7674f5c2
SCHED-TRACE 11268 57701 P 78 ab6811eb7
SCHED-TRACE 11269 57702 P 78 ab7cccccc
SCHED-TRACE 11270 57758 I 39 a7b65a
SCHED-TRACE 11271 57758 B 39 f4
SCHED-TRACE 11272 57758 P 39 ab2db5c28
SCHED-TRACE 11273 57758 R 39 ab2db5c28
SCHED-TRACE 11274 57759 U 4 a7b79c
SCHED-TRACE 11275 57759 V 4 a7b857
SCHED-TRACE 11276 57759 O 0 0
SCHED-TRACE 11277 57759 P 39 ab4d028f5
SCHED-TRACE 11278 57760 K 57 a7677851d
SCHED-TRACE 11279 57760 P 39 ab698a3d6
SCHED-TRACE 11280 57761 P 39 ab7e4a3d6
SCHED-TRACE 11281 57817 I 57 a7e121
SCHED-TRACE 11282 57817 B 57 eb
SCHED-TRACE 11283 57817 P 57 ab2c3ffff
SCHED-TRACE 11284 57817 R 57 ab2c3ffff
SCHED-TRACE 11285 57818 U 4 a7e260
SCHED-TRACE 11286 57818 V 4 a7e318
SCHED-TRACE 11287 57818 O 0 0
SCHED-TRACE 11288 57818 P 57 ab4b4f5c1
SCHED-TRACE 11289 57819 K 66 a7678f5c2
SCHED-TRACE 11290 57819 P 57 ab67bffff
SCHED-TRACE 11291 57820 P 57 ab7c6b851
SCHED-TRACE 11292 57876 I 66 a80b91
SCHED-TRACE 11293 57876 B 66 ef
SCHED-TRACE 11294 57876 P 66 ab26fffff
SCHED-TRACE 11295 57876 R 66 ab26fffff
SCHED-TRACE 11296 57877 U 4 a80cd1
SCHED-TRACE 11297 57877 V 4 a80d8a
SCHED-TRACE 11298 57877 O 0 0
SCHED-TRACE 11299 57877 P 66 ab462147a
SCHED-TRACE 11300 57878 K 54 a76a1eb84
SCHED-TRACE 11301 57878 P 66 ab6299999
SCHED-TRACE 11302 57879 P 66 ab774cccc
SCHED-TRACE 11303 57935 I 54 a83616
SCHED-TRACE 11304 57935 B 54 ef
SCHED-TRACE 11305 57935 P 54 ab2ad70a3
SCHED-TRACE 11306 57935 R 54 ab2ad70a3
SCHED-TRACE 11307 57936 U 4 a83757
SCHED-TRACE 11308 57936 V 4 a83811
SCHED-TRACE 11309 57936 O 0 0
SCHED-TRACE 11310 57936 P 54 ab4a2b851
SCHED-TRACE 11311 57937 K 51 a76a26666
SCHED-TRACE 11312 57937 P 54 ab6691eb7
SCHED-TRACE 11313 57938 P 54 ab7b3d709
SCHED-TRACE 11314 57994 I 51 a860a6
SCHED-TRACE 11315 57994 B 51 ee
SCHED-TRACE 11316 57994 P 51 ab2b851eb
SCHED-TRACE 11317 57994 R 51 ab2b851eb
SCHED-TRACE 11318 57995 U 4 a861e8
SCHED-TRACE 11319 57995 V 4 a862a2
SCHED-TRACE 11320 57995 O 0 0
SCHED-TRACE 11321 57995 P 51 ab4ad47ad
SCHED-TRACE 11322 57996 K 48 a76c28f5b
SCHED-TRACE 11323 57996 P 51 ab67570a3
SCHED-TRACE 11324 57997 P 51 ab7c0a3d6
SCHED-TRACE 11325 58053 I 48 a88b41
SCHED-TRACE 11326 58053 B 48 f1
SCHED-TRACE 11327 58053 P 48 ab2e30a3c
SCHED-TRACE 11328 58053 R 48 ab2e30a3c
SCHED-TRACE 11329 58054 U 4 a88c83
SCHED-TRACE 11330 58054 V 4 a88d3d
SCHED-TRACE 11331 58054 O 0 0
SCHED-TRACE 11332 58054 P 48 ab4d9c28e
SCHED-TRACE 11333 58055 K 72 a76c5c28e
SCHED-TRACE 11334 58055 P 48 ab6a1c28e
SCHED-TRACE 11335 58056 P 48 ab7ed1eb7
SCHED-TRACE 11336 58112 I 72 a8b5dd
SCHED-TRACE 11337 58112 B 72 f0
SCHED-TRACE 11338 58112 P 72 ab2e3851e
SCHED-TRACE 11339 58112 R 72 ab2e3851e
SCHED-TRACE 11340 58113 U 4 a8b71d
SCHED-TRACE 11341 58113 V 4 a8b7d7
SCHED-TRACE 11342 58113 O 0 0
SCHED-TRACE 11343 58113 P 72 ab4d7ffff
SCHED-TRACE 11344 58114 K 33 a7a85b645
SCHED-TRACE 11345 58114 P 72 ab69ee147
SCHED-TRACE 11346 58115 P 72 ab7e970a3
SCHED-TRACE 11347 58171 I 33 a8e077
SCHED-TRACE 11348 58171 B 33 ef
SCHED-TRACE 11349 58171 P 33 a8088ac07
SCHED-TRACE 11350 58171 R 33 a8088ac07
SCHED-TRACE 11351 58172 U 4 a8e1b6
SCHED-TRACE 11352 58172 V 4 a8e270
SCHED-TRACE 11353 58172 O 0 0
SCHED-TRACE 11354 58172 P 33 a80ba51eb
SCHED-TRACE 11355 58173 K 33 a80ba51eb
SCHED-TRACE 11356 58173 P 33 a80e7f7ce
SCHED-TRACE 11357 58230 I 33 a90add
SCHED-TRACE 11358 58230 B 33 f2
SCHED-TRACE 11359 58230 P 33 a87037ced
SCHED-TRACE 11360 58230 R 33 a87037ced
SCHED-TRACE 11361 58231 U 4 a90c1c
SCHED-TRACE 11362 58231 V 4 a90cd7
SCHED-TRACE 11363 58231 O 0 0
SCHED-TRACE 11364 58231 P 33 a87354395
SCHED-TRACE 11365 58232 K 33 a87354395
SCHED-TRACE 11366 58232 P 33 a8762e55f
SCHED-TRACE 11367 58289 I 33 a93543
SCHED-TRACE 11368 58289 B 33 f1
SCHED-TRACE 11369 58289 P 33 a8d7df7ce
SCHED-TRACE 11370 58289 R 33 a8d7df7ce
SCHED-TRACE 11371 58290 U 4 a93682
SCHED-TRACE 11372 58290 V 4 a9373d
SCHED-TRACE 11373 58290 O 0 0
SCHED-TRACE 11374 58290 P 33 a8dafd709
SCHED-TRACE 11375 58291 K 33 a8dafd709
SCHED-TRACE 11376 58291 P 33 a8ddd851e
SCHED-TRACE 11377 58348 I 33 a95faa
SCHED-TRACE 11378 58348 B 33 ef
SCHED-TRACE 11379 58348 P 33 a93f89fbd
SCHED-TRACE 11380 58348 R 33 a93f89fbd
SCHED-TRACE 11381 58349 U 4 a960e9
SCHED-TRACE 11382 58349 V 4 a961a3
SCHED-TRACE 11383 58349 O 0 0
SCHED-TRACE 11384 58349 P 33 a942a4188
SCHED-TRACE 11385 58350 K 33 a942a4188
SCHED-TRACE 11386 58350 P 33 a9457e76c
SCHED-TRACE 11387 58408 I 33 a98a99
SCHED-TRACE 11388 58408 B 33 f1
SCHED-TRACE 11389 58408 P 33 a9a884dd2
SCHED-TRACE 11390 58408 R 33 a9a884dd2
SCHED-TRACE 11391 58409 U 4 a98bd9
SCHED-TRACE 11392 58409 V 4 a98c93
SCHED-TRACE 11393 58409 O 0 0
SCHED-TRACE 11394 58409 P 33 a9aba2d0d
SCHED-TRACE 11395 58410 K 33 a9aba2d0d
SCHED-TRACE 11396 58410 P 33 a9ae7d2f1
SCHED-TRACE 11397 58467 I 33 a9b500
SCHED-TRACE 11398 58467 B 33 f2
SCHED-TRACE 11399 58467 P 33 aa102872a
SCHED-TRACE 11400 58467 R 33 aa102872a
SCHED-TRACE 11401 58468 U 4 a9b63f
SCHED-TRACE 11402 58468 V 4 a9b6fa
SCHED-TRACE 11403 58468 O 0 0
SCHED-TRACE 11404 58468 P 33 aa1345a1c
SCHED-TRACE 11405 58469 K 33 aa1345a1c
SCHED-TRACE 11406 58469 P 33 aa1620418
SCHED-TRACE 11407 58526 I 33 a9df67
SCHED-TRACE 11408 58526 B 33 f0
SCHED-TRACE 11409 58526 P 33 aa77cbc6a
SCHED-TRACE 11410 58526 R 33 aa77cbc6a
SCHED-TRACE 11411 58527 U 4 a9e0a6
SCHED-TRACE 11412 58527 V 4 a9e161
SCHED-TRACE 11413 58527 O 0 0
SCHED-TRACE 11414 58527 P 33 aa7ae872a
SCHED-TRACE 11415 58528 K 33 aa7ae872a
SCHED-TRACE 11416 58528 P 33 aa7dc3957
SCHED-TRACE 11417 58585 I 33 aa09cd
SCHED-TRACE 11418 58585 B 33 f2
SCHED-TRACE 11419 58585 P 33 aadf6f1a9
SCHED-TRACE 11420 58585 R 33 aadf6f1a9
SCHED-TRACE 11421 58586 U 4 aa0b0c
SCHED-TRACE 11422 58586 V 4 aa0bc7
SCHED-TRACE 11423 58586 O 0 0
SCHED-TRACE 11424 58586 P 33 aae28d0e4
SCHED-TRACE 11425 58587 K 33 aae28d0e4
SCHED-TRACE 11426 58587 P 33 aae567ef9
SCHED-TRACE 11427 58644 I 33 aa3433
SCHED-TRACE 11428 58644 B 33 f2
SCHED-TRACE 11429 58644 P 33 ab470e55f
SCHED-TRACE 11430 58644 R 33 ab470e55f
SCHED-TRACE 11431 58645 U 4 aa3573
SCHED-TRACE 11432 58645 V 4 aa362e
SCHED-TRACE 11433 58645 O 0 0
SCHED-TRACE 11434 58645 P 33 ab4a2c082
SCHED-TRACE 11435 58646 K 42 ab390f5c1
SCHED-TRACE 11436 58646 P 33 ab4d076c8
SCHED-TRACE 11437 58647 P 33 ab4f1a5e2
SCHED-TRACE 11438 58703 I 42 aa5eea
SCHED-TRACE 11439 58703 B 42 f2
SCHED-TRACE 11440 58703 P 42 aefcbd709
SCHED-TRACE 11441 58703 R 42 aefcbd709
SCHED-TRACE 11442 58704 U 4 aa602a
SCHED-TRACE 11443 58704 V 4 aa60e5
SCHED-TRACE 11444 58704 O 0 0
SCHED-TRACE 11445 58704 P 42 af1bf5c28
SCHED-TRACE 11446 58705 K 63 ab429eb84
SCHED-TRACE 11447 58705 P 42 af387ae13
SCHED-TRACE 11448 58706 P 42 af4d35c28
SCHED-TRACE 11449 58762 I 63 aa89a5
SCHED-TRACE 11450 58762 B 63 f2
SCHED-TRACE 11451 58762 P 63 af06ccccc
SCHED-TRACE 11452 58762 R 63 af06ccccc
SCHED-TRACE 11453 58763 U 4 aa8ae7
SCHED-TRACE 11454 58763 V 4 aa8ba2
SCHED-TRACE 11455 58763 O 0 0
SCHED-TRACE 11456 58763 P 63 af263ae14
SCHED-TRACE 11457 58764 K 69 ab4c2b851
SCHED-TRACE 11458 58764 P 63 af42c7ae0
SCHED-TRACE 11459 58765 P 63 af577d709
SCHED-TRACE 11460 58821 I 69 aab464
SCHED-TRACE 11461 58821 B 69 f2
SCHED-TRACE 11462 58821 P 69 af103ffff
SCHED-TRACE 11463 58821 R 69 af103ffff
SCHED-TRACE 11464 58822 U 4 aab5a5
SCHED-TRACE 11465 58822 V 4 aab660
SCHED-TRACE 11466 58822 O 0 0
SCHED-TRACE 11467 58822 P 69 af2f9c28e
SCHED-TRACE 11468 58823 K 33 ab4f1a5e2
SCHED-TRACE 11469 58823 P 69 af4c30a3c
SCHED-TRACE 11470 58824 P 69 af60eb851
SCHED-TRACE 11471 58880 I 33 aadf1e
SCHED-TRACE 11472 58880 B 33 f3
SCHED-TRACE 11473 58880 P 33 abaf79580
SCHED-TRACE 11474 58880 R 33 abaf79580
SCHED-TRACE 11475 58881 U 4 aae05e
SCHED-TRACE 11476 58881 V 4 aae119
SCHED-TRACE 11477 58881 O 0 0
SCHED-TRACE 11478 58881 P 33 abb295c28
SCHED-TRACE 11479 58882 K 60 ab6363d6f
SCHED-TRACE 11480 58882 P 33 abb570a3c
SCHED-TRACE 11481 58883 P 33 abb783126
SCHED-TRACE 11482 58939 I 60 ab09d7
SCHED-TRACE 11483 58939 B 60 f3
SCHED-TRACE 11484 58939 P 60 af27451ea
SCHED-TRACE 11485 58939 R 60 af27451ea
SCHED-TRACE 11486 58940 U 4 ab0b16
SCHED-TRACE 11487 58940 V 4 ab0bd1
SCHED-TRACE 11488 58940 O 0 0
SCHED-TRACE 11489 58940 P 60 af46851ea
SCHED-TRACE 11490 58941 K 36 ab718cccb
SCHED-TRACE 11491 58941 P 60 af6311eb7
SCHED-TRACE 11492 58942 P 60 af77ccccb
SCHED-TRACE 11493 58998 I 36 ab3498
SCHED-TRACE 11494 58998 B 36 f2
SCHED-TRACE 11495 58998 P 36 af36147ad
SCHED-TRACE 11496 58998 R 36 af36147ad
SCHED-TRACE 11497 58999 U 4 ab35d9
SCHED-TRACE 11498 58999 V 4 ab3694
SCHED-TRACE 11499 58999 O 0 0
SCHED-TRACE 11500 58999 P 36 af556e146
SCHED-TRACE 11501 59000 K 45 ab7319998
SCHED-TRACE 11502 59000 P 36 af72051ea
SCHED-TRACE 11503 59001 P 36 af86bffff
SCHED-TRACE 11504 59057 I 45 ab5f68
SCHED-TRACE 11505 59057 B 45 f2
SCHED-TRACE 11506 59057 P 45 af38deb84
SCHED-TRACE 11507 59057 R 45 af38deb84
SCHED-TRACE 11508 59058 U 4 ab60ac
SCHED-TRACE 11509 59058 V 4 ab6167
SCHED-TRACE 11510 59058 O 0 0
SCHED-TRACE 11511 59058 P 45 af586b850
SCHED-TRACE 11512 59059 K 66 ab774cccc
SCHED-TRACE 11513 59059 P 45 af74ffffe
SCHED-TRACE 11514 59060 P 45 af89bfffe
SCHED-TRACE 11515 59116 I 66 ab8a36
SCHED-TRACE 11516 59116 B 66 f2
SCHED-TRACE 11517 59116 P 66 af3ca8f5b
SCHED-TRACE 11518 59116 R 66 af3ca8f5b
SCHED-TRACE 11519 59117 U 4 ab8b78
SCHED-TRACE 11520 59117 V 4 ab8c33
SCHED-TRACE 11521 59117 O 0 0
SCHED-TRACE 11522 59117 P 66 af5c23d70
SCHED-TRACE 11523 59118 K 54 ab7b3d709
SCHED-TRACE 11524 59118 P 66 af78b5c28
SCHED-TRACE 11525 59119 P 66 af8d7ae14
SCHED-TRACE 11526 59175 I 54 abb507
SCHED-TRACE 11527 59175 B 54 f3
SCHED-TRACE 11528 59175 P 54 af40e3d6f
SCHED-TRACE 11529 59175 R 54 af40e3d6f
SCHED-TRACE 11530 59176 U 4 abb64a
SCHED-TRACE 11531 59176 V 4 abb705
SCHED-TRACE 11532 59176 O 0 0
SCHED-TRACE 11533 59176 P 54 af6068f5b
SCHED-TRACE 11534 59177 K 75 ab7b7ffff
SCHED-TRACE 11535 59177 P 54 af7cfd709
SCHED-TRACE 11536 59178 P 54 af91b3332
SCHED-TRACE 11537 59234 I 75 abdfd6
SCHED-TRACE 11538 59234 B 75 f0
SCHED-TRACE 11539 59234 P 75 af40bd709
SCHED-TRACE 11540 59234 R 75 af40bd709
SCHED-TRACE 11541 59235 U 4 abe117
SCHED-TRACE 11542 59235 V 4 abe1d1
SCHED-TRACE 11543 59235 O 0 0
SCHED-TRACE 11544 59235 P 75 af60028f5
SCHED-TRACE 11545 59236 K 51 ab7c0a3d6
SCHED-TRACE 11546 59236 P 75 af7c947ad
SCHED-TRACE 11547 59237 P 75 af9151eb7
SCHED-TRACE 11548 59293 I 51 ac0a9c
SCHED-TRACE 11549 59293 B 51 f2
SCHED-TRACE 11550 59293 P 51 af4107ae0
SCHED-TRACE 11551 59293 R 51 af4107ae0
SCHED-TRACE 11552 59294 U 4 ac0be0
SCHED-TRACE 11553 59294 V 4 ac0c9b
SCHED-TRACE 11554 59294 O 0 0
SCHED-TRACE 11555 59294 P 51 af60947ad
SCHED-TRACE 11556 59295 K 81 ab7c3851e
SCHED-TRACE 11557 59295 P 51 af7d26666
SCHED-TRACE 11558 59296 P 51 af91e147a
SCHED-TRACE 11559 59352 I 81 ac3567
SCHED-TRACE 11560 59352 B 81 f3
SCHED-TRACE 11561 59352 P 81 af412b851
SCHED-TRACE 11562 59352 R 81 af412b851
SCHED-TRACE 11563 59353 U 4 ac36a8
SCHED-TRACE 11564 59353 V 4 ac3764
SCHED-TRACE 11565 59353 O 0 0
SCHED-TRACE 11566 59353 P 81 af60947ad
SCHED-TRACE 11567 59354 K 57 ab7c6b851
SCHED-TRACE 11568 59354 P 81 af7d2147a
SCHED-TRACE 11569 59355 P 81 af91d9999
SCHED-TRACE 11570 59411 I 57 ac6035
SCHED-TRACE 11571 59411 B 57 f2
SCHED-TRACE 11572 59411 P 57 af41c51ea
SCHED-TRACE 11573 59411 R 57 af41c51ea
SCHED-TRACE 11574 59412 U 4 ac6177
SCHED-TRACE 11575 59412 V 4 ac6232
SCHED-TRACE 11576 59412 O 0 0
SCHED-TRACE 11577 59412 P 57 af6123d6f
SCHED-TRACE 11578 59413 K 78 ab7cccccc
SCHED-TRACE 11579 59413 P 57 af7dbae13
SCHED-TRACE 11580 59414 P 57 af927ae13
SCHED-TRACE 11581 59470 I 78 ac8b00
SCHED-TRACE 11582 59470 B 78 f4
SCHED-TRACE 11583 59470 P 78 af41c7ae0
SCHED-TRACE 11584 59470 R 78 af41c7ae0
SCHED-TRACE 11585 59471 U 4 ac8c41
SCHED-TRACE 11586 59471 V 4 ac8cfd
SCHED-TRACE 11587 59471 O 0 0
SCHED-TRACE 11588 59471 P 78 af6126665
SCHED-TRACE 11589 59472 K 39 ab7e4a3d6
SCHED-TRACE 11590 59472 P 78 af7db5c28
SCHED-TRACE 11591 59473 P 78 af9270a3c
SCHED-TRACE 11592 59529 I 39 acb5cb
SCHED-TRACE 11593 59529 B 39 f2
SCHED-TRACE 11594 59529 P 39 af433851e
SCHED-TRACE 11595 59529 R 39 af433851e
SCHED-TRACE 11596 59530 U 4 acb70c
SCHED-TRACE 11597 59530 V 4 acb7c7
SCHED-TRACE 11598 59530 O 0 0
SCHED-TRACE 11599 59530 P 39 af628cccc
SCHED-TRACE 11600 59531 K 72 ab7e970a3
SCHED-TRACE 11601 59531 P 39 af7f0cccc
SCHED-TRACE 11602 59532 P 39 af93bd709
SCHED-TRACE 11603 59588 I 72 ace098
SCHED-TRACE 11604 59588 B 72 f0
SCHED-TRACE 11605 59588 P 72 af43b5c28
SCHED-TRACE 11606 59588 R 72 af43b5c28
SCHED-TRACE 11607 59589 U 4 ace1da
SCHED-TRACE 11608 59589 V 4 ace295
SCHED-TRACE 11609 59589 O 0 0
SCHED-TRACE 11610 59589 P 72 af630f5c2
SCHED-TRACE 11611 59590 K 48 ab7ed1eb7
SCHED-TRACE 11612 59590 P 72 af7fa6665
SCHED-TRACE 11613 59591 P 72 af945eb84
SCHED-TRACE 11614 59647 I 48 ad0b60
SCHED-TRACE 11615 59647 B 48 f4
SCHED-TRACE 11616 59647 P 48 af43947ac
SCHED-TRACE 11617 59647 R 48 af43947ac
SCHED-TRACE 11618 59648 U 4 ad0ca3
SCHED-TRACE 11619 59648 V 4 ad0d5f
SCHED-TRACE 11620 59648 O 0 0
SCHED-TRACE 11621 59648 P 48 af6323d6f
SCHED-TRACE 11622 59649 K 33 abb783126
SCHED-TRACE 11623 59649 P 48 af7fbfffe
SCHED-TRACE 11624 59650 P 48 af947851d
SCHED-TRACE 11625 59706 I 33 ad3629
SCHED-TRACE 11626 59706 B 33 f3
SCHED-TRACE 11627 59706 P 33 ac17f6459
SCHED-TRACE 11628 59706 R 33 ac17f6459
SCHED-TRACE 11629 59707 U 4 ad3769
SCHED-TRACE 11630 59707 V 4 ad3824
SCHED-TRACE 11631 59707 O 0 0
SCHED-TRACE 11632 59707 P 33 ac1b16872
SCHED-TRACE 11633 59708 K 33 ac1b16872
SCHED-TRACE 11634 59708 P 33 ac1df0624
SCHED-TRACE 11635 59765 I 33 ad60ac
SCHED-TRACE 11636 59765 B 33 f2
SCHED-TRACE 11637 59765 P 33 ac7fc8b43
SCHED-TRACE 11638 59765 R 33 ac7fc8b43
SCHED-TRACE 11639 59766 U 4 ad61ed
SCHED-TRACE 11640 59766 V 4 ad62a8
SCHED-TRACE 11641 59766 O 0 0
SCHED-TRACE 11642 59766 P 33 ac82e72af
SCHED-TRACE 11643 59767 K 33 ac82e72af
SCHED-TRACE 11644 59767 P 33 ac85c3126
SCHED-TRACE 11645 59824 I 33 ad8b2f
SCHED-TRACE 11646 59824 B 33 f4
SCHED-TRACE 11647 59824 P 33 ace798d4f
SCHED-TRACE 11648 59824 R 33 ace798d4f
SCHED-TRACE 11649 59825 U 4 ad8c6f
SCHED-TRACE 11650 59825 V 4 ad8d2a
SCHED-TRACE 11651 59825 O 0 0
SCHED-TRACE 11652 59825 P 33 aceab8d4f
SCHED-TRACE 11653 59826 K 33 aceab8d4f
SCHED-TRACE 11654 59826 P 33 aced94fde
SCHED-TRACE 11655 59883 I 33 adb5b4
SCHED-TRACE 11656 59883 B 33 f2
SCHED-TRACE 11657 59883 P 33 ad4f6fdf3
SCHED-TRACE 11658 59883 R 33 ad4f6fdf3
SCHED-TRACE 11659 59884 U 4 adb6f4
SCHED-TRACE 11660 59884 V 4 adb7b0
SCHED-TRACE 11661 59884 O 0 0
SCHED-TRACE 11662 59884 P 33 ad5290a3c
SCHED-TRACE 11663 59885 K 33 ad5290a3c
SCHED-TRACE 11664 59885 P 33 ad556ac07
SCHED-TRACE 11665 59942 I 33 ade038
SCHED-TRACE 11666 59942 B 33 f1
SCHED-TRACE 11667 59942 P 33 adb7449b9
SCHED-TRACE 11668 59942 R 33 adb7449b9
SCHED-TRACE 11669 59943 U 4 ade178
SCHED-TRACE 11670 59943 V 4 ade232
SCHED-TRACE 11671 59943 O 0 0
SCHED-TRACE 11672 59943 P 33 adba60c49
SCHED-TRACE 11673 59944 K 33 adba60c49
SCHED-TRACE 11674 59944 P 33 adbd3cac0
SCHED-TRACE 11675 60001 I 33 ae0ab2
SCHED-TRACE 11676 60001 B 33 f4
SCHED-TRACE 11677 60001 P 33 ae1f076c8
SCHED-TRACE 11678 60001 R 33 ae1f076c8
SCHED-TRACE 11679 60002 U 4 ae0bf2
SCHED-TRACE 11680 60002 V 4 ae0cae
SCHED-TRACE 11681 60002 O 0 0
SCHED-TRACE 11682 60002 P 33 ae2227ef9
SCHED-TRACE 11683 60003 K 33 ae2227ef9
SCHED-TRACE 11684 60003 P 33 ae2503d70
SCHED-TRACE 11685 60060 I 33 ae3533
SCHED-TRACE 11686 60060 B 33 f3
SCHED-TRACE 11687 60060 P 33 ae86d78d4
SCHED-TRACE 11688 60060 R 33 ae86d78d4
SCHED-TRACE 11689 60061 U 4 ae3673
SCHED-TRACE 11690 60061 V 4 ae372f
SCHED-TRACE 11691 60061 O 0 0
SCHED-TRACE 11692 60061 P 33 ae89f8936
SCHED-TRACE 11693 60062 K 33 ae89f8936
SCHED-TRACE 11694 60062 P 33 ae8cd4bc6
SCHED-TRACE 11695 60119 I 33 ae5fb4
SCHED-TRACE 11696 60119 B 33 f1
SCHED-TRACE 11697 60119 P 33 aeeea4dd2
SCHED-TRACE 11698 60119 R 33 aeeea4dd2
SCHED-TRACE 11699 60120 U 4 ae60f3
SCHED-TRACE 11700 60120 V 4 ae61ae
SCHED-TRACE 11701 60120 O 0 0
SCHED-TRACE 11702 60120 P 33 aef1c147a
SCHED-TRACE 11703 60121 K 33 aef1c147a
SCHED-TRACE 11704 60121 P 33 aef49d2f1
SCHED-TRACE 11705 60178 I 33 ae8a33
SCHED-TRACE 11706 60178 B 33 f3
SCHED-TRACE 11707 60178 P 33 af5671a9f
SCHED-TRACE 11708 60178 R 33 af5671a9f
SCHED-TRACE 11709 60179 U 4 ae8b72
SCHED-TRACE 11710 60179 V 4 ae8c2e
SCHED-TRACE 11711 60179 O 0 0
SCHED-TRACE 11712 60179 P 33 af59922d0
SCHED-TRACE 11713 60180 K 42 af4d35c28
SCHED-TRACE 11714 60180 P 33 af5c6dd2e
SCHED-TRACE 11715 60181 P 33 af5e81061
SCHED-TRACE 11716 60237 I 42 aeb503
SCHED-TRACE 11717 60237 B 42 f3
SCHED-TRACE 11718 60237 P 42 b3128f5c1
SCHED-TRACE 11719 60237 R 42 b3128f5c1
SCHED-TRACE 11720 60238 U 4 aeb644
SCHED-TRACE 11721 60238 V 4 aeb700
SCHED-TRACE 11722 60238 O 0 0
SCHED-TRACE 11723 60238 P 42 b331ee146
SCHED-TRACE 11724 60239 K 63 af577d709
SCHED-TRACE 11725 60239 P 42 b34e87ae0
SCHED-TRACE 11726 60240 P 42 b3633ae13
SCHED-TRACE 11727 60296 I 63 aedfd7
SCHED-TRACE 11728 60296 B 63 f1
SCHED-TRACE 11729 60296 P 63 b31d028f5
SCHED-TRACE 11730 60296 R 63 b31d028f5
SCHED-TRACE 11731 60297 U 4 aee119
SCHED-TRACE 11732 60297 V 4 aee1d4
SCHED-TRACE 11733 60297 O 0 0
SCHED-TRACE 11734 60297 P 63 b33c5eb84
SCHED-TRACE 11735 60298 K 33 af5e81061
SCHED-TRACE 11736 60298 P 63 b358f851e
SCHED-TRACE 11737 60299 P 63 b36db3332
SCHED-TRACE 11738 60355 I 33 af0aa3
SCHED-TRACE 11739 60355 B 33 f4
SCHED-TRACE 11740 60355 P 33 afbefeb84
SCHED-TRACE 11741 60355 R 33 afbefeb84
SCHED-TRACE 11742 60356 U 4 af0be4
SCHED-TRACE 11743 60356 V 4 af0ca0
SCHED-TRACE 11744 60356 O 0 0
SCHED-TRACE 11745 60356 P 33 afc220830
SCHED-TRACE 11746 60357 K 69 af60eb851
SCHED-TRACE 11747 60357 P 33 afc4fc6a7
SCHED-TRACE 11748 60358 P 33 afc70f9da
SCHED-TRACE 11749 60414 I 69 af357b
SCHED-TRACE 11750 60414 B 69 f4
SCHED-TRACE 11751 60414 P 69 b326deb84
SCHED-TRACE 11752 60414 R 69 b326deb84
SCHED-TRACE 11753 60415 U 4 af36be
SCHED-TRACE 11754 60415 V 4 af3779
SCHED-TRACE 11755 60415 O 0 0
SCHED-TRACE 11756 60415 P 69 b3466147a
SCHED-TRACE 11757 60416 K 60 af77ccccb
SCHED-TRACE 11758 60416 P 69 b362f5c28
SCHED-TRACE 11759 60417 P 69 b377a8f5b
SCHED-TRACE 11760 60473 I 60 af6053
SCHED-TRACE 11761 60473 B 60 f2
SCHED-TRACE 11762 60473 P 60 b33d91eb7
SCHED-TRACE 11763 60473 R 60 b33d91eb7
SCHED-TRACE 11764 60474 U 4 af6194
SCHED-TRACE 11765 60474 V 4 af624f
SCHED-TRACE 11766 60474 O 0 0
SCHED-TRACE 11767 60474 P 60 b35cccccb
SCHED-TRACE 11768 60475 K 36 af86bffff
SCHED-TRACE 11769 60475 P 60 b3796b850
SCHED-TRACE 11770 60476 P 60 b38e2e146
SCHED-TRACE 11771 60532 I 36 af8b2f
SCHED-TRACE 11772 60532 B 36 f4
SCHED-TRACE 11773 60532 P 36 b34d11eb7
SCHED-TRACE 11774 60532 R 36 b34d11eb7
SCHED-TRACE 11775 60533 U 4 af8c71
SCHED-TRACE 11776 60533 V 4 af8d2d
SCHED-TRACE 11777 60533 O 0 0
SCHED-TRACE 11778 60533 P 36 b36c851ea
SCHED-TRACE 11779 60534 K 45 af89bfffe
SCHED-TRACE 11780 60534 P 36 b38926665
SCHED-TRACE 11781 60535 P 36 b39df0a3c
SCHED-TRACE 11782 60591 I 45 afb61e
SCHED-TRACE 11783 60591 B 45 f3
SCHED-TRACE 11784 60591 P 45 b351970a2
SCHED-TRACE 11785 60591 R 45 b351970a2
SCHED-TRACE 11786 60592 U 4 afb762
SCHED-TRACE 11787 60592 V 4 afb81e
SCHED-TRACE 11788 60592 O 0 0
SCHED-TRACE 11789 60592 P 45 b3714cccb
SCHED-TRACE 11790 60593 K 66 af8d7ae14
SCHED-TRACE 11791 60593 P 45 b38dd70a2
SCHED-TRACE 11792 60594 P 45 b3a2970a2
SCHED-TRACE 11793 60650 I 66 afe107
SCHED-TRACE 11794 60650 B 66 f1
SCHED-TRACE 11795 60650 P 66 b354ab851
SCHED-TRACE 11796 60650 R 66 b354ab851
SCHED-TRACE 11797 60651 U 4 afe249
SCHED-TRACE 11798 60651 V 4 afe304
SCHED-TRACE 11799 60651 O 0 0
SCHED-TRACE 11800 60651 P 66 b3741eb84
SCHED-TRACE 11801 60652 K 75 af9151eb7
SCHED-TRACE 11802 60652 P 66 b390bd709
SCHED-TRACE 11803 60653 P 66 b3a57ffff
SCHED-TRACE 11804 60709 I 75 b00be3
SCHED-TRACE 11805 60709 B 75 f4
SCHED-TRACE 11806 60709 P 75 b357c28f5
SCHED-TRACE 11807 60709 R 75 b357c28f5
SCHED-TRACE 11808 60710 U 4 b00d25
SCHED-TRACE 11809 60710 V 4 b00de0
SCHED-TRACE 11810 60710 O 0 0
SCHED-TRACE 11811 60710 P 75 b37726665
SCHED-TRACE 11812 60711 K 54 af91b3332
SCHED-TRACE 11813 60711 P 75 b393c51eb
SCHED-TRACE 11814 60712 P 75 b3a88cccc
SCHED-TRACE 11815 60768 I 54 b036c4
SCHED-TRACE 11816 60768 B 54 f3
SCHED-TRACE 11817 60768 P 54 b358851ea
SCHED-TRACE 11818 60768 R 54 b358851ea
SCHED-TRACE 11819 60769 U 4 b03808
SCHED-TRACE 11820 60769 V 4 b038c3
SCHED-TRACE 11821 60769 O 0 0
SCHED-TRACE 11822 60769 P 54 b3781c28e
SCHED-TRACE 11823 60770 K 81 af91d9999
SCHED-TRACE 11824 60770 P 54 b394ab851
SCHED-TRACE 11825 60771 P 54 b3a96e147
SCHED-TRACE 11826 60827 I 81 b061a5
SCHED-TRACE 11827 60827 B 81 f3
SCHED-TRACE 11828 60827 P 81 b35887ae0
SCHED-TRACE 11829 60827 R 81 b35887ae0
SCHED-TRACE 11830 60828 U 4 b062e7
SCHED-TRACE 11831 60828 V 4 b063a2
SCHED-TRACE 11832 60828 O 0 0
SCHED-TRACE 11833 60828 P 81 b377fae14
SCHED-TRACE 11834 60829 K 51 af91e147a
SCHED-TRACE 11835 60829 P 81 b39491eb7
SCHED-TRACE 11836 60830 P 81 b3a9547ad
SCHED-TRACE 11837 60886 I 51 b08c8b
SCHED-TRACE 11838 60886 B 51 f0
SCHED-TRACE 11839 60886 P 51 b358fd709
SCHED-TRACE 11840 60886 R 51 b358fd709
SCHED-TRACE 11841 60887 U 4 b08dcf
SCHED-TRACE 11842 60887 V 4 b08e8a
SCHED-TRACE 11843 60887 O 0 0
SCHED-TRACE 11844 60887 P 51 b378947ad
SCHED-TRACE 11845 60888 K 78 af9270a3c
SCHED-TRACE 11846 60888 P 51 b39535c28
SCHED-TRACE 11847 60889 P 51 b3a9f851e
SCHED-TRACE 11848 60945 I 78 b0b774
SCHED-TRACE 11849 60945 B 78 f2
SCHED-TRACE 11850 60945 P 78 b35991eb7
SCHED-TRACE 11851 60945 R 78 b35991eb7
SCHED-TRACE 11852 60946 U 4 b0b8b6
SCHED-TRACE 11853 60946 V 4 b0b972
SCHED-TRACE 11854 60946 O 0 0
SCHED-TRACE 11855 60946 P 78 b3790a3d6
SCHED-TRACE 11856 60947 K 57 af927ae13
SCHED-TRACE 11857 60947 P 78 b395b0a3c
SCHED-TRACE 11858 60948 P 78 b3aa75c28
SCHED-TRACE 11859 61004 I 57 b0e25b
SCHED-TRACE 11860 61004 B 57 f3
SCHED-TRACE 11861 61004 P 57 b3599c28e
SCHED-TRACE 11862 61004 R 57 b3599c28e
SCHED-TRACE 11863 61005 U 4 b0e39e
SCHED-TRACE 11864 61005 V 4 b0e459
SCHED-TRACE 11865 61005 O 0 0
SCHED-TRACE 11866 61005 P 57 b3792b851
SCHED-TRACE 11867 61006 K 39 af93bd709
SCHED-TRACE 11868 61006 P 57 b395bd709
SCHED-TRACE 11869 61007 P 57 b3aa828f4
SCHED-TRACE 11870 61063 I 39 b10d3d
SCHED-TRACE 11871 61063 B 39 ef
SCHED-TRACE 11872 61063 P 39 b35a6e147
SCHED-TRACE 11873 61063 R 39 b35a6e147
SCHED-TRACE 11874 61064 U 4 b10e7e
SCHED-TRACE 11875 61064 V 4 b10f3a
SCHED-TRACE 11876 61064 O 0 0
SCHED-TRACE 11877 61064 P 39 b379cf5c2
SCHED-TRACE 11878 61065 K 72 af945eb84
SCHED-TRACE 11879 61065 P 39 b3967ae13
SCHED-TRACE 11880 61066 P 39 b3ab3d709
SCHED-TRACE 11881 61122 I 72 b13824
SCHED-TRACE 11882 61122 B 72 f5
SCHED-TRACE 11883 61122 P 72 b35b75c28
SCHED-TRACE 11884 61122 R 72 b35b75c28
SCHED-TRACE 11885 61123 U 4 b13966
SCHED-TRACE 11886 61123 V 4 b13a21
SCHED-TRACE 11887 61123 O 0 0
SCHED-TRACE 11888 61123 P 72 b37acf5c2
SCHED-TRACE 11889 61124 K 48 af947851d
SCHED-TRACE 11890 61124 P 72 b39773332
SCHED-TRACE 11891 61125 P 72 b3ac3851e
SCHED-TRACE 11892 61181 I 48 b1630c
SCHED-TRACE 11893 61181 B 48 f4
SCHED-TRACE 11894 61181 P 48 b35ba3d6f
SCHED-TRACE 11895 61181 R 48 b35ba3d6f
SCHED-TRACE 11896 61182 U 4 b16450
SCHED-TRACE 11897 61182 V 4 b1650b
SCHED-TRACE 11898 61182 O 0 0
SCHED-TRACE 11899 61182 P 48 b37b428f4
SCHED-TRACE 11900 61183 K 33 afc70f9da
SCHED-TRACE 11901 61183 P 48 b397d9998
SCHED-TRACE 11902 61184 P 48 b3ac9eb83
SCHED-TRACE 11903 61240 I 33 b18df6
SCHED-TRACE 11904 61240 B 33 f0
SCHED-TRACE 11905 61240 P 33 b027c3957
SCHED-TRACE 11906 61240 R 33 b027c3957
SCHED-TRACE 11907 61241 U 4 b18f36
SCHED-TRACE 11908 61241 V 4 b18ff1
SCHED-TRACE 11909 61241 O 0 0
SCHED-TRACE 11910 61241 P 33 b02ae51eb
SCHED-TRACE 11911 61242 K 33 b02ae51eb
SCHED-TRACE 11912 61242 P 33 b02dc1061
SCHED-TRACE 11913 61299 I 33 b1b889
SCHED-TRACE 11914 61299 B 33 f4
SCHED-TRACE 11915 61299 P 33 b08fb47ad
SCHED-TRACE 11916 61299 R 33 b08fb47ad
SCHED-TRACE 11917 61300 U 4 b1b9ca
SCHED-TRACE 11918 61300 V 4 b1ba85
SCHED-TRACE 11919 61300 O 0 0
SCHED-TRACE 11920 61300 P 33 b092d2f1a
SCHED-TRACE 11921 61301 K 33 b092d2f1a
SCHED-TRACE 11922 61301 P 33 b095af5c2
SCHED-TRACE 11923 61358 I 33 b1e319
SCHED-TRACE 11924 61358 B 33 f3
SCHED-TRACE 11925 61358 P 33 b0f79ae14
SCHED-TRACE 11926 61358 R 33 b0f79ae14
SCHED-TRACE 11927 61359 U 4 b1e459
SCHED-TRACE 11928 61359 V 4 b1e514
SCHED-TRACE 11929 61359 O 0 0
SCHED-TRACE 11930 61359 P 33 b0faba5e2
SCHED-TRACE 11931 61360 K 33 b0faba5e2
SCHED-TRACE 11932 61360 P 33 b0fd9580f
SCHED-TRACE 11933 61417 I 33 b20d9f
SCHED-TRACE 11934 61417 B 33 ef
SCHED-TRACE 11935 61417 P 33 b15f726e8
SCHED-TRACE 11936 61417 R 33 b15f726e8
SCHED-TRACE 11937 61418 U 4 b20edf
SCHED-TRACE 11938 61418 V 4 b20f9a
SCHED-TRACE 11939 61418 O 0 0
SCHED-TRACE 11940 61418 P 33 b16293332
SCHED-TRACE 11941 61419 K 33 b16293332
SCHED-TRACE 11942 61419 P 33 b1656f1a9
SCHED-TRACE 11943 61476 I 33 b2382b
SCHED-TRACE 11944 61476 B 33 f5
SCHED-TRACE 11945 61476 P 33 b1c756041
SCHED-TRACE 11946 61476 R 33 b1c756041
SCHED-TRACE 11947 61477 U 4 b2396b
SCHED-TRACE 11948 61477 V 4 b23a26
SCHED-TRACE 11949 61477 O 0 0
SCHED-TRACE 11950 61477 P 33 b1ca722d0
SCHED-TRACE 11951 61478 K 33 b1ca722d0
SCHED-TRACE 11952 61478 P 33 b1cd4e978
SCHED-TRACE 11953 61535 I 33 b262ba
SCHED-TRACE 11954 61535 B 33 f3
SCHED-TRACE 11955 61535 P 33 b22f3ba5d
SCHED-TRACE 11956 61535 R 33 b22f3ba5d
SCHED-TRACE 11957 61536 U 4 b263fa
SCHED-TRACE 11958 61536 V 4 b264b6
SCHED-TRACE 11959 61536 O 0 0
SCHED-TRACE 11960 61536 P 33 b2325cac0
SCHED-TRACE 11961 61537 K 33 b2325cac0
SCHED-TRACE 11962 61537 P 33 b23538105
SCHED-TRACE 11963 61594 I 33 b28d49
SCHED-TRACE 11964 61594 B 33 f0
SCHED-TRACE 11965 61594 P 33 b297224dc
SCHED-TRACE 11966 61594 R 33 b297224dc
SCHED-TRACE 11967 61595 U 4 b28e89
SCHED-TRACE 11968 61595 V 4 b28f45
SCHED-TRACE 11969 61595 O 0 0
SCHED-TRACE 11970 61595 P 33 b29a445a1
SCHED-TRACE 11971 61596 K 33 b29a445a1
SCHED-TRACE 11972 61596 P 33 b29d21cab
SCHED-TRACE 11973 61653 I 33 b2b7dd
SCHED-TRACE 11974 61653 B 33 f4
SCHED-TRACE 11975 61653 P 33 b2ff13b63
SCHED-TRACE 11976 61653 R 33 b2ff13b63
SCHED-TRACE 11977 61654 U 4 b2b91d
SCHED-TRACE 11978 61654 V 4 b2b9d8
SCHED-TRACE 11979 61654 O 0 0
SCHED-TRACE 11980 61654 P 33 b30230a3c
SCHED-TRACE 11981 61655 K 33 b30230a3c
SCHED-TRACE 11982 61655 P 33 b3050d4fd
SCHED-TRACE 11983 61712 I 33 b2e26e
SCHED-TRACE 11984 61712 B 33 f4
SCHED-TRACE 11985 61712 P 33 b366fd2f1
SCHED-TRACE 11986 61712 R 33 b366fd2f1
SCHED-TRACE 11987 61713 U 4 b2e3af
SCHED-TRACE 11988 61713 V 4 b2e46a
SCHED-TRACE 11989 61713 O 0 0
SCHED-TRACE 11990 61713 P 33 b36a1df3a
SCHED-TRACE 11991 61714 K 42 b3633ae13
SCHED-TRACE 11992 61714 P 33 b36cf8105
SCHED-TRACE 11993 61715 P 33 b36f0b438
SCHED-TRACE 11994 61771 I 42 b30d49
SCHED-TRACE 11995 61771 B 42 ed
SCHED-TRACE 11996 61771 P 42 b7292e146
SCHED-TRACE 11997 61771 R 42 b7292e146
SCHED-TRACE 11998 61772 U 4 b30e8a
SCHED-TRACE 11999 61772 V 4 b30f45
SCHED-TRACE 12000 61772 O 0 0
SCHED-TRACE 12001 61772 P 42 b7488cccb
SCHED-TRACE 12002 61773 K 63 b36db3332
SCHED-TRACE 12003 61773 P 42 b76533332
SCHED-TRACE 12004 61774 P 42 b779ee146
SCHED-TRACE 12005 61830 I 63 b33828
SCHED-TRACE 12006 61830 B 63 f4
SCHED-TRACE 12007 61830 P 63 b733f851e
SCHED-TRACE 12008 61830 R 63 b733f851e
SCHED-TRACE 12009 61831 U 4 b3396b
SCHED-TRACE 12010 61831 V 4 b33a26
SCHED-TRACE 12011 61831 O 0 0
SCHED-TRACE 12012 61831 P 63 b753570a3
SCHED-TRACE 12013 61832 K 33 b36f0b438
SCHED-TRACE 12014 61832 P 63 b76ff5c28
SCHED-TRACE 12015 61833 P 63 b784b0a3c
SCHED-TRACE 12016 61889 I 33 b36305
SCHED-TRACE 12017 61889 B 33 f3
SCHED-TRACE 12018 61889 P 33 b3cfa1061
SCHED-TRACE 12019 61889 R 33 b3cfa1061
SCHED-TRACE 12020 61890 U 4 b36446
SCHED-TRACE 12021 61890 V 4 b36502
SCHED-TRACE 12022 61890 O 0 0
SCHED-TRACE 12023 61890 P 33 b3d2c24dc
SCHED-TRACE 12024 61891 K 69 b377a8f5b
SCHED-TRACE 12025 61891 P 33 b3d59db22
SCHED-TRACE 12026 61892 P 33 b3d7b126e
SCHED-TRACE 12027 61948 I 69 b38deb
SCHED-TRACE 12028 61948 B 69 f1
SCHED-TRACE 12029 61948 P 69 b73e63d70
SCHED-TRACE 12030 61948 R 69 b73e63d70
SCHED-TRACE 12031 61949 U 4 b38f2d
SCHED-TRACE 12032 61949 V 4 b38fe9
SCHED-TRACE 12033 61949 O 0 0
SCHED-TRACE 12034 61949 P 69 b75dee147
SCHED-TRACE 12035 61950 K 60 b38e2e146
SCHED-TRACE 12036 61950 P 69 b77a87ae0
SCHED-TRACE 12037 61951 P 69 b78f428f5
SCHED-TRACE 12038 62007 I 60 b3b8d3
SCHED-TRACE 12039 62007 B 60 f5
SCHED-TRACE 12040 62007 P 60 b754e1479
SCHED-TRACE 12041 62007 R 60 b754e1479
SCHED-TRACE 12042 62008 U 4 b3ba13
SCHED-TRACE 12043 62008 V 4 b3bace
SCHED-TRACE 12044 62008 O 0 0
SCHED-TRACE 12045 62008 P 60 b77426665
SCHED-TRACE 12046 62009 K 36 b39df0a3c
SCHED-TRACE 12047 62009 P 60 b790c51ea
SCHED-TRACE 12048 62010 P 60 b7a5851ea
SCHED-TRACE 12049 62066 I 36 b3e3b4
SCHED-TRACE 12050 62066 B 36 f3
SCHED-TRACE 12051 62066 P 36 b764828f4
SCHED-TRACE 12052 62066 R 36 b764828f4
SCHED-TRACE 12053 62067 U 4 b3e4f6
SCHED-TRACE 12054 62067 V 4 b3e5b1
SCHED-TRACE 12055 62067 O 0 0
SCHED-TRACE 12056 62067 P 36 b783deb84
SCHED-TRACE 12057 62068 K 45 b3a2970a2
SCHED-TRACE 12058 62068 P 36 b7a07d709
SCHED-TRACE 12059 62069 P 36 b7b5428f4
SCHED-TRACE 12060 62125 I 45 b40e98
SCHED-TRACE 12061 62125 B 45 f3
SCHED-TRACE 12062 62125 P 45 b7698f5c1
SCHED-TRACE 12063 62125 R 45 b7698f5c1
SCHED-TRACE 12064 62126 U 4 b40fdd
SCHED-TRACE 12065 62126 V 4 b41098
SCHED-TRACE 12066 62126 O 0 0
SCHED-TRACE 12067 62126 P 45 b7893fffe
SCHED-TRACE 12068 62127 K 66 b3a57ffff
SCHED-TRACE 12069 62127 P 45 b7a5d47ad
SCHED-TRACE 12070 62128 P 45 b7ba99998
SCHED-TRACE 12071 62184 I 66 b4397f
SCHED-TRACE 12072 62184 B 66 f3
SCHED-TRACE 12073 62184 P 66 b76c547ad
SCHED-TRACE 12074 62184 R 66 b76c547ad
SCHED-TRACE 12075 62185 U 4 b43ac1
SCHED-TRACE 12076 62185 V 4 b43b7c
SCHED-TRACE 12077 62185 O 0 0
SCHED-TRACE 12078 62185 P 66 b78bd9999
SCHED-TRACE 12079 62186 K 75 b3a88cccc
SCHED-TRACE 12080 62186 P 66 b7a87851e
SCHED-TRACE 12081 62187 P 66 b7bd3851e
SCHED-TRACE 12082 62243 I 75 b46461
SCHED-TRACE 12083 62243 B 75 f4
SCHED-TRACE 12084 62243 P 75 b76f33332
SCHED-TRACE 12085 62243 R 75 b76f33332
SCHED-TRACE 12086 62244 U 4 b465a3
SCHED-TRACE 12087 62244 V 4 b4665f
SCHED-TRACE 12088 62244 O 0 0
SCHED-TRACE 12089 62244 P 75 b78ea147a
SCHED-TRACE 12090 62245 K 81 b3a9547ad
SCHED-TRACE 12091 62245 P 75 b7ab428f5
SCHED-TRACE 12092 62246 P 75 b7c0051eb
SCHED-TRACE 12093 62302 I 81 b48f42
SCHED-TRACE 12094 62302 B 81 f5
SCHED-TRACE 12095 62302 P 81 b76fbd709
SCHED-TRACE 12096 62302 R 81 b76fbd709
SCHED-TRACE 12097 62303 U 4 b49085
SCHED-TRACE 12098 62303 V 4 b49140
SCHED-TRACE 12099 62303 O 0 0
SCHED-TRACE 12100 62303 P 81 b78f30a3d
SCHED-TRACE 12101 62304 K 54 b3a96e147
SCHED-TRACE 12102 62304 P 81 b7abcf5c2
SCHED-TRACE 12103 62305 P 81 b7c0947ad
SCHED-TRACE 12104 62361 I 54 b4ba29
SCHED-TRACE 12105 62361 B 54 f1
SCHED-TRACE 12106 62361 P 54 b7704cccc
SCHED-TRACE 12107 62361 R 54 b7704cccc
SCHED-TRACE 12108 62362 U 4 b4bb6c
SCHED-TRACE 12109 62362 V 4 b4bc27
SCHED-TRACE 12110 62362 O 0 0
SCHED-TRACE 12111 62362 P 54 b78fe147a
SCHED-TRACE 12112 62363 K 51 b3a9f851e
SCHED-TRACE 12113 62363 P 54 b7ac7d709
SCHED-TRACE 12114 62364 P 54 b7c13d709
SCHED-TRACE 12115 62420 I 51 b4e510
SCHED-TRACE 12116 62420 B 51 f4
SCHED-TRACE 12117 62420 P 51 b770dc28e
SCHED-TRACE 12118 62420 R 51 b770dc28e
SCHED-TRACE 12119 62421 U 4 b4e654
SCHED-TRACE 12120 62421 V 4 b4e70f
SCHED-TRACE 12121 62421 O 0 0
SCHED-TRACE 12122 62421 P 51 b7906e147
SCHED-TRACE 12123 62422 K 78 b3aa75c28
SCHED-TRACE 12124 62422 P 51 b7ad07ae0
SCHED-TRACE 12125 62423 P 51 b7c1bffff
SCHED-TRACE 12126 62479 I 78 b50ff3
SCHED-TRACE 12127 62479 B 78 f2
SCHED-TRACE 12128 62479 P 78 b770e8f5b
SCHED-TRACE 12129 62479 R 78 b770e8f5b
SCHED-TRACE 12130 62480 U 4 b51135
SCHED-TRACE 12131 62480 V 4 b511f0
SCHED-TRACE 12132 62480 O 0 0
SCHED-TRACE 12133 62480 P 78 b79047ae0
SCHED-TRACE 12134 62481 K 57 b3aa828f4
SCHED-TRACE 12135 62481 P 78 b7ace6665
SCHED-TRACE 12136 62482 P 78 b7c1a6665
SCHED-TRACE 12137 62538 I 57 b53ad4
SCHED-TRACE 12138 62538 B 57 f3
SCHED-TRACE 12139 62538 P 57 b770f3332
SCHED-TRACE 12140 62538 R 57 b770f3332
SCHED-TRACE 12141 62539 U 4 b53c17
SCHED-TRACE 12142 62539 V 4 b53cd3
SCHED-TRACE 12143 62539 O 0 0
SCHED-TRACE 12144 62539 P 57 b7907d709
SCHED-TRACE 12145 62540 K 39 b3ab3d709
SCHED-TRACE 12146 62540 P 57 b7ad1c28e
SCHED-TRACE 12147 62541 P 57 b7c1d9998
SCHED-TRACE 12148 62597 I 39 b565b7
SCHED-TRACE 12149 62597 B 39 f4
SCHED-TRACE 12150 62597 P 39 b771970a3
SCHED-TRACE 12151 62597 R 39 b771970a3
SCHED-TRACE 12152 62598 U 4 b566f8
SCHED-TRACE 12153 62598 V 4 b567b3
SCHED-TRACE 12154 62598 O 0 0
SCHED-TRACE 12155 62598 P 39 b790f5c28
SCHED-TRACE 12156 62599 K 72 b3ac3851e
SCHED-TRACE 12157 62599 P 39 b7ad851ea
SCHED-TRACE 12158 62600 P 39 b7c23ae13
SCHED-TRACE 12159 62656 I 72 b5909a
SCHED-TRACE 12160 62656 B 72 f3
SCHED-TRACE 12161 62656 P 72 b772c28f5
SCHED-TRACE 12162 62656 R 72 b772c28f5
SCHED-TRACE 12163 62657 U 4 b591dd
SCHED-TRACE 12164 62657 V 4 b59299
SCHED-TRACE 12165 62657 O 0 0
SCHED-TRACE 12166 62657 P 72 b7923ae14
SCHED-TRACE 12167 62658 K 48 b3ac9eb83
SCHED-TRACE 12168 62658 P 72 b7aedeb84
SCHED-TRACE 12169 62659 P 72 b7c39c28e
SCHED-TRACE 12170 62715 I 48 b5bb81
SCHED-TRACE 12171 62715 B 48 f4
SCHED-TRACE 12172 62715 P 48 b77335c27
SCHED-TRACE 12173 62715 R 48 b77335c27
SCHED-TRACE 12174 62716 U 4 b5bcc5
SCHED-TRACE 12175 62716 V 4 b5bd80
SCHED-TRACE 12176 62716 O 0 0
SCHED-TRACE 12177 62716 P 48 b792cf5c1
SCHED-TRACE 12178 62717 K 33 b3d7b126e
SCHED-TRACE 12179 62717 P 48 b7af70a3c
SCHED-TRACE 12180 62718 P 48 b7c42b850
SCHED-TRACE 12181 62774 I 33 b5e661
SCHED-TRACE 12182 62774 B 33 f2
SCHED-TRACE 12183 62774 P 33 b4384c082
SCHED-TRACE 12184 62774 R 33 b4384c082
SCHED-TRACE 12185 62775 U 4 b5e7a1
SCHED-TRACE 12186 62775 V 4 b5e85d
SCHED-TRACE 12187 62775 O 0 0
SCHED-TRACE 12188 62775 P 33 b43b6c8b3
SCHED-TRACE 12189 62776 K 33 b43b6c8b3
SCHED-TRACE 12190 62776 P 33 b43e47ae0
SCHED-TRACE 12191 62833 I 33 b610f1
SCHED-TRACE 12192 62833 B 33 f4
SCHED-TRACE 12193 62833 P 33 b4a0353f7
SCHED-TRACE 12194 62833 R 33 b4a0353f7
SCHED-TRACE 12195 62834 U 4 b61231
SCHED-TRACE 12196 62834 V 4 b612ec
SCHED-TRACE 12197 62834 O 0 0
SCHED-TRACE 12198 62834 P 33 b4a35580f
SCHED-TRACE 12199 62835 K 33 b4a35580f
SCHED-TRACE 12200 62835 P 33 b4a632b01
SCHED-TRACE 12201 62892 I 33 b63b81
SCHED-TRACE 12202 62892 B 33 f5
SCHED-TRACE 12203 62892 P 33 b50820c49
SCHED-TRACE 12204 62892 R 33 b50820c49
SCHED-TRACE 12205 62893 U 4 b63cc2
SCHED-TRACE 12206 62893 V 4 b63d7e
SCHED-TRACE 12207 62893 O 0 0
SCHED-TRACE 12208 62893 P 33 b50b41cab
SCHED-TRACE 12209 62894 K 33 b50b41cab
SCHED-TRACE 12210 62894 P 33 b50e1e76c
SCHED-TRACE 12211 62951 I 33 b66618
SCHED-TRACE 12212 62951 B 33 f1
SCHED-TRACE 12213 62951 P 33 b57014bc6
SCHED-TRACE 12214 62951 R 33 b57014bc6
SCHED-TRACE 12215 62952 U 4 b66758
SCHED-TRACE 12216 62952 V 4 b66814
SCHED-TRACE 12217 62952 O 0 0
SCHED-TRACE 12218 62952 P 33 b57335c28
SCHED-TRACE 12219 62953 K 33 b57335c28
SCHED-TRACE 12220 62953 P 33 b5761126e
SCHED-TRACE 12221 63010 I 33 b690b0
SCHED-TRACE 12222 63010 B 33 f4
SCHED-TRACE 12223 63010 P 33 b5d80bc6a
SCHED-TRACE 12224 63010 R 33 b5d80bc6a
SCHED-TRACE 12225 63011 U 4 b691f1
SCHED-TRACE 12226 63011 V 4 b692ad
SCHED-TRACE 12227 63011 O 0 0
SCHED-TRACE 12228 63011 P 33 b5db2d0e4
SCHED-TRACE 12229 63012 K 33 b5db2d0e4
SCHED-TRACE 12230 63012 P 33 b5de0a3d6
SCHED-TRACE 12231 63069 I 33 b6bb4b
SCHED-TRACE 12232 63069 B 33 f4
SCHED-TRACE 12233 63069 P 33 b64005603
SCHED-TRACE 12234 63069 R 33 b64005603
SCHED-TRACE 12235 63070 U 4 b6bc8c
SCHED-TRACE 12236 63070 V 4 b6bd48
SCHED-TRACE 12237 63070 O 0 0
SCHED-TRACE 12238 63070 P 33 b643276c8
SCHED-TRACE 12239 63071 K 33 b643276c8
SCHED-TRACE 12240 63071 P 33 b646049b9
SCHED-TRACE 12241 63128 I 33 b6e5e6
SCHED-TRACE 12242 63128 B 33 f2
SCHED-TRACE 12243 63128 P 33 b6a804188
SCHED-TRACE 12244 63128 R 33 b6a804188
SCHED-TRACE 12245 63129 U 4 b6e727
SCHED-TRACE 12246 63129 V 4 b6e7e2
SCHED-TRACE 12247 63129 O 0 0
SCHED-TRACE 12248 63129 P 33 b6ab25603
SCHED-TRACE 12249 63130 K 33 b6ab25603
SCHED-TRACE 12250 63130 P 33 b6ae00830
SCHED-TRACE 12251 63187 I 33 b7107d
SCHED-TRACE 12252 63187 B 33 f2
SCHED-TRACE 12253 63187 P 33 b70ff8d4f
SCHED-TRACE 12254 63187 R 33 b70ff8d4f
SCHED-TRACE 12255 63188 U 4 b711be
SCHED-TRACE 12256 63188 V 4 b7127a
SCHED-TRACE 12257 63188 O 0 0
SCHED-TRACE 12258 63188 P 33 b71319db1
SCHED-TRACE 12259 63189 K 33 b71319db1
SCHED-TRACE 12260 63189 P 33 b715f5c28
SCHED-TRACE 12261 63247 I 33 b73b50
SCHED-TRACE 12262 63247 B 33 ef
SCHED-TRACE 12263 63247 P 33 b778de353
SCHED-TRACE 12264 63247 R 33 b778de353
SCHED-TRACE 12265 63248 U 4 b73c8c
SCHED-TRACE 12266 63248 V 4 b73d44
SCHED-TRACE 12267 63248 O 0 0
SCHED-TRACE 12268 63248 P 33 b77bf2b01
SCHED-TRACE 12269 63249 K 42 b779ee146
SCHED-TRACE 12270 63249 P 33 b77ecb020
SCHED-TRACE 12271 63250 P 33 b780dc28e
SCHED-TRACE 12272 63306 I 42 b765c6
SCHED-TRACE 12273 63306 B 42 ee
SCHED-TRACE 12274 63306 P 42 bb39e6665
SCHED-TRACE 12275 63306 R 42 bb39e6665
SCHED-TRACE 12276 63307 U 4 b76705
SCHED-TRACE 12277 63307 V 4 b767bf
SCHED-TRACE 12278 63307 O 0 0
SCHED-TRACE 12279 63307 P 42 bb58fae13
SCHED-TRACE 12280 63308 K 33 b780dc28e
SCHED-TRACE 12281 63308 P 42 bb757ae13
SCHED-TRACE 12282 63309 P 42 bb8a2b851
SCHED-TRACE 12283 63365 I 33 b7904a
SCHED-TRACE 12284 63365 B 33 f0
SCHED-TRACE 12285 63365 P 33 b7e0e6a7e
SCHED-TRACE 12286 63365 R 33 b7e0e6a7e
SCHED-TRACE 12287 63366 U 4 b79189
SCHED-TRACE 12288 63366 V 4 b79243
SCHED-TRACE 12289 63366 O 0 0
SCHED-TRACE 12290 63366 P 33 b7e4024dc
SCHED-TRACE 12291 63367 K 63 b784b0a3c
SCHED-TRACE 12292 63367 P 33 b7e6db22c
SCHED-TRACE 12293 63368 P 33 b7e8ed0e4
SCHED-TRACE 12294 63424 I 63 b7bae2
SCHED-TRACE 12295 63424 B 63 f0
SCHED-TRACE 12296 63424 P 63 bb46cf5c2
SCHED-TRACE 12297 63424 R 63 bb46cf5c2
SCHED-TRACE 12298 63425 U 4 b7bc23
SCHED-TRACE 12299 63425 V 4 b7bcdd
SCHED-TRACE 12300 63425 O 0 0
SCHED-TRACE 12301 63425 P 63 bb66051eb
SCHED-TRACE 12302 63426 K 69 b78f428f5
SCHED-TRACE 12303 63426 P 63 bb82851eb
SCHED-TRACE 12304 63427 P 63 bb973851e
SCHED-TRACE 12305 63483 I 69 b7e57f
SCHED-TRACE 12306 63483 B 69 f0
SCHED-TRACE 12307 63483 P 69 bb516147a
SCHED-TRACE 12308 63483 R 69 bb516147a
SCHED-TRACE 12309 63484 U 4 b7e6c0
SCHED-TRACE 12310 63484 V 4 b7e77a
SCHED-TRACE 12311 63484 O 0 0
SCHED-TRACE 12312 63484 P 69 bb70ae147
SCHED-TRACE 12313 63485 K 60 b7a5851ea
SCHED-TRACE 12314 63485 P 69 bb8d33332
SCHED-TRACE 12315 63486 P 69 bba1e8f5b
SCHED-TRACE 12316 63542 I 60 b8101c
SCHED-TRACE 12317 63542 B 60 f1
SCHED-TRACE 12318 63542 P 60 bb67947ad
SCHED-TRACE 12319 63542 R 60 bb67947ad
SCHED-TRACE 12320 63543 U 4 b8115c
SCHED-TRACE 12321 63543 V 4 b81216
SCHED-TRACE 12322 63543 O 0 0
SCHED-TRACE 12323 63543 P 60 bb86c28f4
SCHED-TRACE 12324 63544 K 36 b7b5428f4
SCHED-TRACE 12325 63544 P 60 bba3428f4
SCHED-TRACE 12326 63545 P 60 bbb7f5c27
SCHED-TRACE 12327 63601 I 36 b83ac2
SCHED-TRACE 12328 63601 B 36 f1
SCHED-TRACE 12329 63601 P 36 bb7823d6f
SCHED-TRACE 12330 63601 R 36 bb7823d6f
SCHED-TRACE 12331 63602 U 4 b83c03
SCHED-TRACE 12332 63602 V 4 b83cbc
SCHED-TRACE 12333 63602 O 0 0
SCHED-TRACE 12334 63602 P 36 bb97451ea
SCHED-TRACE 12335 63603 K 45 b7ba99998
SCHED-TRACE 12336 63603 P 36 bbb3ca3d6
SCHED-TRACE 12337 63604 P 36 bbc88cccb
SCHED-TRACE 12338 63660 I 45 b8657a
SCHED-TRACE 12339 63660 B 45 f1
SCHED-TRACE 12340 63660 P 45 bb7edeb84
SCHED-TRACE 12341 63660 R 45 bb7edeb84
SCHED-TRACE 12342 63661 U 4 b866bd
SCHED-TRACE 12343 63661 V 4 b86777
SCHED-TRACE 12344 63661 O 0 0
SCHED-TRACE 12345 63661 P 45 bb9e5eb84
SCHED-TRACE 12346 63662 K 66 b7bd3851e
SCHED-TRACE 12347 63662 P 45 bbbae8f5b
SCHED-TRACE 12348 63663 P 45 bbcfa8f5b
SCHED-TRACE 12349 63719 I 66 b89035
SCHED-TRACE 12350 63719 B 66 f2
SCHED-TRACE 12351 63719 P 66 bb816b851
SCHED-TRACE 12352 63719 R 66 bb816b851
SCHED-TRACE 12353 63720 U 4 b89176
SCHED-TRACE 12354 63720 V 4 b89231
SCHED-TRACE 12355 63720 O 0 0
SCHED-TRACE 12356 63720 P 66 bba0d47ad
SCHED-TRACE 12357 63721 K 75 b7c0051eb
SCHED-TRACE 12358 63721 P 66 bbbd570a3
SCHED-TRACE 12359 63722 P 66 bbd20f5c2
SCHED-TRACE 12360 63778 I 75 b8baea
SCHED-TRACE 12361 63778 B 75 f1
SCHED-TRACE 12362 63778 P 75 bb83c51eb
SCHED-TRACE 12363 63778 R 75 bb83c51eb
SCHED-TRACE 12364 63779 U 4 b8bc2b
SCHED-TRACE 12365 63779 V 4 b8bce5
SCHED-TRACE 12366 63779 O 0 0
SCHED-TRACE 12367 63779 P 75 bba2f851e
SCHED-TRACE 12368 63780 K 81 b7c0947ad
SCHED-TRACE 12369 63780 P 75 bbbf7ffff
SCHED-TRACE 12370 63781 P 75 bbd435c28
SCHED-TRACE 12371 63837 I 81 b8e59d
SCHED-TRACE 12372 63837 B 81 f2
SCHED-TRACE 12373 63837 P 81 bb8435c28
SCHED-TRACE 12374 63837 R 81 bb8435c28
SCHED-TRACE 12375 63838 U 4 b8e6de
SCHED-TRACE 12376 63838 V 4 b8e798
SCHED-TRACE 12377 63838 O 0 0
SCHED-TRACE 12378 63838 P 81 bba3828f5
SCHED-TRACE 12379 63839 K 54 b7c13d709
SCHED-TRACE 12380 63839 P 81 bbc0147ad
SCHED-TRACE 12381 63840 P 81 bbd4d1eb7
SCHED-TRACE 12382 63896 I 54 b91059
SCHED-TRACE 12383 63896 B 54 f2
SCHED-TRACE 12384 63896 P 54 bb85851ea
SCHED-TRACE 12385 63896 R 54 bb85851ea
SCHED-TRACE 12386 63897 U 4 b9119b
SCHED-TRACE 12387 63897 V 4 b91256
SCHED-TRACE 12388 63897 O 0 0
SCHED-TRACE 12389 63897 P 54 bba5028f5
SCHED-TRACE 12390 63898 K 78 b7c1a6665
SCHED-TRACE 12391 63898 P 54 bbc18a3d6
SCHED-TRACE 12392 63899 P 54 bbd63ffff
SCHED-TRACE 12393 63955 I 78 b93b0d
SCHED-TRACE 12394 63955 B 78 f1
SCHED-TRACE 12395 63955 P 78 bb8523d6f
SCHED-TRACE 12396 63955 R 78 bb8523d6f
SCHED-TRACE 12397 63956 U 4 b93c4d
SCHED-TRACE 12398 63956 V 4 b93d07
SCHED-TRACE 12399 63956 O 0 0
SCHED-TRACE 12400 63956 P 78 bba459998
SCHED-TRACE 12401 63957 K 51 b7c1bffff
SCHED-TRACE 12402 63957 P 78 bbc0e3d6f
SCHED-TRACE 12403 63958 P 78 bbd59eb84
SCHED-TRACE 12404 64014 I 51 b965c7
SCHED-TRACE 12405 64014 B 51 f1
SCHED-TRACE 12406 64014 P 51 bb860a3d6
SCHED-TRACE 12407 64014 R 51 bb860a3d6
SCHED-TRACE 12408 64015 U 4 b96709
SCHED-TRACE 12409 64015 V 4 b967c4
SCHED-TRACE 12410 64015 O 0 0
SCHED-TRACE 12411 64015 P 51 bba57d709
SCHED-TRACE 12412 64016 K 57 b7c1d9998
SCHED-TRACE 12413 64016 P 51 bbc20f5c2
SCHED-TRACE 12414 64017 P 51 bbd6ca3d6
SCHED-TRACE 12415 64073 I 57 b99085
SCHED-TRACE 12416 64073 B 57 f2
SCHED-TRACE 12417 64073 P 57 bb860f5c1
SCHED-TRACE 12418 64073 R 57 bb860f5c1
SCHED-TRACE 12419 64074 U 4 b991c7
SCHED-TRACE 12420 64074 V 4 b99282
SCHED-TRACE 12421 64074 O 0 0
SCHED-TRACE 12422 64074 P 57 bba5828f4
SCHED-TRACE 12423 64075 K 39 b7c23ae13
SCHED-TRACE 12424 64075 P 57 bbc20cccb
SCHED-TRACE 12425 64076 P 57 bbd6c7ae0
SCHED-TRACE 12426 64132 I 39 b9bb3f
SCHED-TRACE 12427 64132 B 39 f2
SCHED-TRACE 12428 64132 P 39 bb85fae13
SCHED-TRACE 12429 64132 R 39 bb85fae13
SCHED-TRACE 12430 64133 U 4 b9bc7e
SCHED-TRACE 12431 64133 V 4 b9bd38
SCHED-TRACE 12432 64133 O 0 0
SCHED-TRACE 12433 64133 P 39 bba519999
SCHED-TRACE 12434 64134 K 72 b7c39c28e
SCHED-TRACE 12435 64134 P 39 bbc1a8f5b
SCHED-TRACE 12436 64135 P 39 bbd65eb84
SCHED-TRACE 12437 64191 I 72 b9e5f8
SCHED-TRACE 12438 64191 B 72 f2
SCHED-TRACE 12439 64191 P 72 bb8799999
SCHED-TRACE 12440 64191 R 72 bb8799999
SCHED-TRACE 12441 64192 U 4 b9e739
SCHED-TRACE 12442 64192 V 4 b9e7f4
SCHED-TRACE 12443 64192 O 0 0
SCHED-TRACE 12444 64192 P 72 bba6f3332
SCHED-TRACE 12445 64193 K 48 b7c42b850
SCHED-TRACE 12446 64193 P 72 bbc3851eb
SCHED-TRACE 12447 64194 P 72 bbd83ffff
SCHED-TRACE 12448 64250 I 48 ba10b9
SCHED-TRACE 12449 64250 B 48 f3
SCHED-TRACE 12450 64250 P 48 bb887d709
SCHED-TRACE 12451 64250 R 48 bb887d709
SCHED-TRACE 12452 64251 U 4 ba11fd
SCHED-TRACE 12453 64251 V 4 ba12b8
SCHED-TRACE 12454 64251 O 0 0
SCHED-TRACE 12455 64251 P 48 bba80cccb
SCHED-TRACE 12456 64252 K 33 b7e8ed0e4
SCHED-TRACE 12457 64252 P 48 bbc4947ac
SCHED-TRACE 12458 64253 P 48 bbd94f5c1
SCHED-TRACE 12459 64309 I 33 ba3b73
SCHED-TRACE 12460 64309 B 33 f1
SCHED-TRACE 12461 64309 P 33 b84946e97
SCHED-TRACE 12462 64309 R 33 b84946e97
SCHED-TRACE 12463 64310 U 4 ba3cb1
SCHED-TRACE 12464 64310 V 4 ba3d6c
SCHED-TRACE 12465 64310 O 0 0
SCHED-TRACE 12466 64310 P 33 b84c64dd2
SCHED-TRACE 12467 64311 K 33 b84c64dd2
SCHED-TRACE 12468 64311 P 33 b84f3ffff
SCHED-TRACE 12469 64368 I 33 ba65e1
SCHED-TRACE 12470 64368 B 33 f1
SCHED-TRACE 12471 64368 P 33 b8b0f851e
SCHED-TRACE 12472 64368 R 33 b8b0f851e
SCHED-TRACE 12473 64369 U 4 ba6720
SCHED-TRACE 12474 64369 V 4 ba67db
SCHED-TRACE 12475 64369 O 0 0
SCHED-TRACE 12476 64369 P 33 b8b415c28
SCHED-TRACE 12477 64370 K 33 b8b415c28
SCHED-TRACE 12478 64370 P 33 b8b6f1686
SCHED-TRACE 12479 64427 I 33 ba9055
SCHED-TRACE 12480 64427 B 33 f2
SCHED-TRACE 12481 64427 P 33 b918b22d0
SCHED-TRACE 12482 64427 R 33 b918b22d0
SCHED-TRACE 12483 64428 U 4 ba9195
SCHED-TRACE 12484 64428 V 4 ba9250
SCHED-TRACE 12485 64428 O 0 0
SCHED-TRACE 12486 64428 P 33 b91bd1a9f
SCHED-TRACE 12487 64429 K 33 b91bd1a9f
SCHED-TRACE 12488 64429 P 33 b91eac8b3
SCHED-TRACE 12489 64486 I 33 babaca
SCHED-TRACE 12490 64486 B 33 f2
SCHED-TRACE 12491 64486 P 33 b9806d0e4
SCHED-TRACE 12492 64486 R 33 b9806d0e4
SCHED-TRACE 12493 64487 U 4 babc0a
SCHED-TRACE 12494 64487 V 4 babcc4
SCHED-TRACE 12495 64487 O 0 0
SCHED-TRACE 12496 64487 P 33 b98388f5b
SCHED-TRACE 12497 64488 K 33 b98388f5b
SCHED-TRACE 12498 64488 P 33 b986645a1
SCHED-TRACE 12499 64545 I 33 bae53f
SCHED-TRACE 12500 64545 B 33 f2
SCHED-TRACE 12501 64545 P 33 b9e8251eb
SCHED-TRACE 12502 64545 R 33 b9e8251eb
SCHED-TRACE 12503 64546 U 4 bae67f
SCHED-TRACE 12504 64546 V 4 bae73a
SCHED-TRACE 12505 64546 O 0 0
SCHED-TRACE 12506 64546 P 33 b9eb4353f
SCHED-TRACE 12507 64547 K 33 b9eb4353f
SCHED-TRACE 12508 64547 P 33 b9ee1df3a
SCHED-TRACE 12509 64604 I 33 bb0fba
SCHED-TRACE 12510 64604 B 33 f1
SCHED-TRACE 12511 64604 P 33 ba4fe9374
SCHED-TRACE 12512 64604 R 33 ba4fe9374
SCHED-TRACE 12513 64605 U 4 bb10fa
SCHED-TRACE 12514 64605 V 4 bb11b5
SCHED-TRACE 12515 64605 O 0 0
SCHED-TRACE 12516 64605 P 33 ba5309ba5
SCHED-TRACE 12517 64606 K 33 ba5309ba5
SCHED-TRACE 12518 64606 P 33 ba55e5a1c
SCHED-TRACE 12519 64663 I 33 bb3a2e
SCHED-TRACE 12520 64663 B 33 f2
SCHED-TRACE 12521 64663 P 33 bab7a49b9
SCHED-TRACE 12522 64663 R 33 bab7a49b9
SCHED-TRACE 12523 64664 U 4 bb3b6e
SCHED-TRACE 12524 64664 V 4 bb3c28
SCHED-TRACE 12525 64664 O 0 0
SCHED-TRACE 12526 64664 P 33 bababef9d
SCHED-TRACE 12527 64665 K 33 bababef9d
SCHED-TRACE 12528 64665 P 33 babd9a9fb
SCHED-TRACE 12529 64722 I 33 bb64a1
SCHED-TRACE 12530 64722 B 33 f3
SCHED-TRACE 12531 64722 P 33 bb1f5a1ca
SCHED-TRACE 12532 64722 R 33 bb1f5a1ca
SCHED-TRACE 12533 64723 U 4 bb65e1
SCHED-TRACE 12534 64723 V 4 bb669c
SCHED-TRACE 12535 64723 O 0 0
SCHED-TRACE 12536 64723 P 33 bb2279167
SCHED-TRACE 12537 64724 K 33 bb2279167
SCHED-TRACE 12538 64724 P 33 bb2553b63
SCHED-TRACE 12539 64781 I 33 bb8f1b
SCHED-TRACE 12540 64781 B 33 f0
SCHED-TRACE 12541 64781 P 33 bb871d2f1
SCHED-TRACE 12542 64781 R 33 bb871d2f1
SCHED-TRACE 12543 64782 U 4 bb905a
SCHED-TRACE 12544 64782 V 4 bb9115
SCHED-TRACE 12545 64782 O 0 0
SCHED-TRACE 12546 64782 P 33 bb8a3b645
SCHED-TRACE 12547 64783 K 42 bb8a2b851
SCHED-TRACE 12548 64783 P 33 bb8d178d4
SCHED-TRACE 12549 64784 P 33 bb8f29ba5
SCHED-TRACE 12550 64840 I 42 bbb9dd
SCHED-TRACE 12551 64840 B 42 f3
SCHED-TRACE 12552 64840 P 42 bf4eb3332
SCHED-TRACE 12553 64840 R 42 bf4eb3332
SCHED-TRACE 12554 64841 U 4 bbbb1e
SCHED-TRACE 12555 64841 V 4 bbbbd8
SCHED-TRACE 12556 64841 O 0 0
SCHED-TRACE 12557 64841 P 42 bf6dd70a2
SCHED-TRACE 12558 64842 K 33 bb8f29ba5
SCHED-TRACE 12559 64842 P 42 bf8a6e146
SCHED-TRACE 12560 64843 P 42 bf9f26665
SCHED-TRACE 12561 64899 I 33 bbe4a0
SCHED-TRACE 12562 64899 B 33 f4
SCHED-TRACE 12563 64899 P 33 bbef9b645
SCHED-TRACE 12564 64899 R 33 bbef9b645
SCHED-TRACE 12565 64900 U 4 bbe5e0
SCHED-TRACE 12566 64900 V 4 bbe69b
SCHED-TRACE 12567 64900 O 0 0
SCHED-TRACE 12568 64900 P 33 bbf2bba5d
SCHED-TRACE 12569 64901 K 63 bb973851e
SCHED-TRACE 12570 64901 P 33 bbf596872
SCHED-TRACE 12571 64902 P 33 bbf7a9fbd
SCHED-TRACE 12572 64958 I 63 bc0f75
SCHED-TRACE 12573 64958 B 63 f0
SCHED-TRACE 12574 64958 P 63 bf5d0f5c2
SCHED-TRACE 12575 64958 R 63 bf5d0f5c2
SCHED-TRACE 12576 64959 U 4 bc10b7
SCHED-TRACE 12577 64959 V 4 bc1172
SCHED-TRACE 12578 64959 O 0 0
SCHED-TRACE 12579 64959 P 63 bf7c91eb7
SCHED-TRACE 12580 64960 K 69 bba1e8f5b
SCHED-TRACE 12581 64960 P 63 bf9930a3c
SCHED-TRACE 12582 64961 P 63 bfadeb851
SCHED-TRACE 12583 65017 I 69 bc3a41
SCHED-TRACE 12584 65017 B 69 f3
SCHED-TRACE 12585 65017 P 69 bf66eb851
SCHED-TRACE 12586 65017 R 69 bf66eb851
SCHED-TRACE 12587 65018 U 4 bc3b83
SCHED-TRACE 12588 65018 V 4 bc3c3d
SCHED-TRACE 12589 65018 O 0 0
SCHED-TRACE 12590 65018 P 69 bf862e147
SCHED-TRACE 12591 65019 K 60 bbb7f5c27
SCHED-TRACE 12592 65019 P 69 bfa2c28f5
SCHED-TRACE 12593 65020 P 69 bfb77ae13
SCHED-TRACE 12594 65076 I 60 bc650a
SCHED-TRACE 12595 65076 B 60 f2
SCHED-TRACE 12596 65076 P 60 bf7cd47ad
SCHED-TRACE 12597 65076 R 60 bf7cd47ad
SCHED-TRACE 12598 65077 U 4 bc664a
SCHED-TRACE 12599 65077 V 4 bc6706
SCHED-TRACE 12600 65077 O 0 0
SCHED-TRACE 12601 65077 P 60 bf9c21479
SCHED-TRACE 12602 65078 K 36 bbc88cccb
SCHED-TRACE 12603 65078 P 60 bfb8ae146
SCHED-TRACE 12604 65079 P 60 bfcd6e146
SCHED-TRACE 12605 65135 I 36 bc8fda
SCHED-TRACE 12606 65135 B 36 f1
SCHED-TRACE 12607 65135 P 36 bf8dfae13
SCHED-TRACE 12608 65135 R 36 bf8dfae13
SCHED-TRACE 12609 65136 U 4 bc911b
SCHED-TRACE 12610 65136 V 4 bc91d6
SCHED-TRACE 12611 65136 O 0 0
SCHED-TRACE 12612 65136 P 36 bfad6147a
SCHED-TRACE 12613 65137 K 45 bbcfa8f5b
SCHED-TRACE 12614 65137 P 36 bfc9f5c28
SCHED-TRACE 12615 65138 P 36 bfdeb5c28
SCHED-TRACE 12616 65194 I 45 bcbab5
SCHED-TRACE 12617 65194 B 45 f2
SCHED-TRACE 12618 65194 P 45 bf9621479
SCHED-TRACE 12619 65194 R 45 bf9621479
SCHED-TRACE 12620 65195 U 4 bcbbfa
SCHED-TRACE 12621 65195 V 4 bcbcb4
SCHED-TRACE 12622 65195 O 0 0
SCHED-TRACE 12623 65195 P 45 bfb59c28e
SCHED-TRACE 12624 65196 K 66 bbd20f5c2
SCHED-TRACE 12625 65196 P 45 bfd233332
SCHED-TRACE 12626 65197 P 45 bfe6f851d
SCHED-TRACE 12627 65253 I 66 bce594
SCHED-TRACE 12628 65253 B 66 f2
SCHED-TRACE 12629 65253 P 66 bf986b851
SCHED-TRACE 12630 65253 R 66 bf986b851
SCHED-TRACE 12631 65254 U 4 bce6d7
SCHED-TRACE 12632 65254 V 4 bce792
SCHED-TRACE 12633 65254 O 0 0
SCHED-TRACE 12634 65254 P 66 bfb7ee147
SCHED-TRACE 12635 65255 K 75 bbd435c28
SCHED-TRACE 12636 65255 P 66 bfd48cccc
SCHED-TRACE 12637 65256 P 66 bfe94f5c2
SCHED-TRACE 12638 65312 I 75 bd1072
SCHED-TRACE 12639 65312 B 75 f3
SCHED-TRACE 12640 65312 P 75 bf9a7851e
SCHED-TRACE 12641 65312 R 75 bf9a7851e
SCHED-TRACE 12642 65313 U 4 bd11b4
SCHED-TRACE 12643 65313 V 4 bd1270
SCHED-TRACE 12644 65313 O 0 0
SCHED-TRACE 12645 65313 P 75 bfb9f3332
SCHED-TRACE 12646 65314 K 81 bbd4d1eb7
SCHED-TRACE 12647 65314 P 75 bfd687ae0
SCHED-TRACE 12648 65315 P 75 bfeb4a3d6
SCHED-TRACE 12649 65371 I 81 bd3b3e
SCHED-TRACE 12650 65371 B 81 f4
SCHED-TRACE 12651 65371 P 81 bf99d70a3
SCHED-TRACE 12652 65371 R 81 bf99d70a3
SCHED-TRACE 12653 65372 U 4 bd3c7e
SCHED-TRACE 12654 65372 V 4 bd3d39
SCHED-TRACE 12655 65372 O 0 0
SCHED-TRACE 12656 65372 P 81 bfb911eb7
SCHED-TRACE 12657 65373 K 78 bbd59eb84
SCHED-TRACE 12658 65373 P 81 bfd5a6665
SCHED-TRACE 12659 65374 P 81 bfea6147a
SCHED-TRACE 12660 65430 I 78 bd6609
SCHED-TRACE 12661 65430 B 78 f3
SCHED-TRACE 12662 65430 P 78 bf9ac7ae0
SCHED-TRACE 12663 65430 R 78 bf9ac7ae0
SCHED-TRACE 12664 65431 U 4 bd674b
SCHED-TRACE 12665 65431 V 4 bd6806
SCHED-TRACE 12666 65431 O 0 0
SCHED-TRACE 12667 65431 P 78 bfba26665
SCHED-TRACE 12668 65432 K 54 bbd63ffff
SCHED-TRACE 12669 65432 P 78 bfd6bd709
SCHED-TRACE 12670 65433 P 78 bfeb7ae13
SCHED-TRACE 12671 65489 I 54 bd90dd
SCHED-TRACE 12672 65489 B 54 f3
SCHED-TRACE 12673 65489 P 54 bf9bcf5c1
SCHED-TRACE 12674 65489 R 54 bf9bcf5c1
SCHED-TRACE 12675 65490 U 4 bd9220
SCHED-TRACE 12676 65490 V 4 bd92dc
SCHED-TRACE 12677 65490 O 0 0
SCHED-TRACE 12678 65490 P 54 bfbb6147a
SCHED-TRACE 12679 65491 K 39 bbd65eb84
SCHED-TRACE 12680 65491 P 54 bfd7ee147
SCHED-TRACE 12681 65492 P 54 bfecab851
SCHED-TRACE 12682 65548 I 39 bdbbab
SCHED-TRACE 12683 65548 B 39 f1
SCHED-TRACE 12684 65548 P 39 bf9b570a3
SCHED-TRACE 12685 65548 R 39 bf9b570a3
SCHED-TRACE 12686 65549 U 4 bdbceb
SCHED-TRACE 12687 65549 V 4 bdbda6
SCHED-TRACE 12688 65549 O 0 0
SCHED-TRACE 12689 65549 P 39 bfbaa8f5b
SCHED-TRACE 12690 65550 K 57 bbd6c7ae0
SCHED-TRACE 12691 65550 P 39 bfd7428f5
SCHED-TRACE 12692 65551 P 39 bfebfd709
SCHED-TRACE 12693 65607 I 57 bde67d
SCHED-TRACE 12694 65607 B 57 f3
SCHED-TRACE 12695 65607 P 57 bf9c66665
SCHED-TRACE 12696 65607 R 57 bf9c66665
SCHED-TRACE 12697 65608 U 4 bde7c0
SCHED-TRACE 12698 65608 V 4 bde87b
SCHED-TRACE 12699 65608 O 0 0
SCHED-TRACE 12700 65608 P 57 bfbbe6665
SCHED-TRACE 12701 65609 K 51 bbd6ca3d6
SCHED-TRACE 12702 65609 P 57 bfd8828f4
SCHED-TRACE 12703 65610 P 57 bfed451ea
SCHED-TRACE 12704 65666 I 51 be1157
SCHED-TRACE 12705 65666 B 51 f3
SCHED-TRACE 12706 65666 P 51 bf9cb0a3d
SCHED-TRACE 12707 65666 R 51 bf9cb0a3d
SCHED-TRACE 12708 65667 U 4 be129b
SCHED-TRACE 12709 65667 V 4 be1356
SCHED-TRACE 12710 65667 O 0 0
SCHED-TRACE 12711 65667 P 51 bfbc3ae14
SCHED-TRACE 12712 65668 K 72 bbd83ffff
SCHED-TRACE 12713 65668 P 51 bfd8d1eb7
SCHED-TRACE 12714 65669 P 51 bfed8f5c2
SCHED-TRACE 12715 65725 I 72 be3c27
SCHED-TRACE 12716 65725 B 72 f2
SCHED-TRACE 12717 65725 P 72 bf9d47ae0
SCHED-TRACE 12718 65725 R 72 bf9d47ae0
SCHED-TRACE 12719 65726 U 4 be3d68
SCHED-TRACE 12720 65726 V 4 be3e23
SCHED-TRACE 12721 65726 O 0 0
SCHED-TRACE 12722 65726 P 72 bfbcb0a3c
SCHED-TRACE 12723 65727 K 48 bbd94f5c1
SCHED-TRACE 12724 65727 P 72 bfd9451eb
SCHED-TRACE 12725 65728 P 72 bfedfd709
SCHED-TRACE 12726 65784 I 48 be66f8
SCHED-TRACE 12727 65784 B 48 f4
SCHED-TRACE 12728 65784 P 48 bf9ec7ae0
SCHED-TRACE 12729 65784 R 48 bf9ec7ae0
SCHED-TRACE 12730 65785 U 4 be683c
SCHED-TRACE 12731 65785 V 4 be68f7
SCHED-TRACE 12732 65785 O 0 0
SCHED-TRACE 12733 65785 P 48 bfbe570a2
SCHED-TRACE 12734 65786 K 33 bbf7a9fbd
SCHED-TRACE 12735 65786 P 48 bfdaf3332
SCHED-TRACE 12736 65787 P 48 bfefa6665
SCHED-TRACE 12737 65843 I 33 be91cc
SCHED-TRACE 12738 65843 B 33 f3
SCHED-TRACE 12739 65843 P 33 bc582ed90
SCHED-TRACE 12740 65843 R 33 bc582ed90
SCHED-TRACE 12741 65844 U 4 be930c
SCHED-TRACE 12742 65844 V 4 be93c7
SCHED-TRACE 12743 65844 O 0 0
SCHED-TRACE 12744 65844 P 33 bc5b4d916
SCHED-TRACE 12745 65845 K 33 bc5b4d916
SCHED-TRACE 12746 65845 P 33 bc5e29ba5
SCHED-TRACE 12747 65902 I 33 bebc52
SCHED-TRACE 12748 65902 B 33 f1
SCHED-TRACE 12749 65902 P 33 bcc0051eb
SCHED-TRACE 12750 65902 R 33 bcc0051eb
SCHED-TRACE 12751 65903 U 4 bebd91
SCHED-TRACE 12752 65903 V 4 bebe4d
SCHED-TRACE 12753 65903 O 0 0
SCHED-TRACE 12754 65903 P 33 bcc3251eb
SCHED-TRACE 12755 65904 K 33 bcc3251eb
SCHED-TRACE 12756 65904 P 33 bcc60147a
SCHED-TRACE 12757 65961 I 33 bee6de
SCHED-TRACE 12758 65961 B 33 f5
SCHED-TRACE 12759 65961 P 33 bd27e872a
SCHED-TRACE 12760 65961 R 33 bd27e872a
SCHED-TRACE 12761 65962 U 4 bee81f
SCHED-TRACE 12762 65962 V 4 bee8db
SCHED-TRACE 12763 65962 O 0 0
SCHED-TRACE 12764 65962 P 33 bd2b08f5b
SCHED-TRACE 12765 65963 K 33 bd2b08f5b
SCHED-TRACE 12766 65963 P 33 bd2de5a1c
SCHED-TRACE 12767 66020 I 33 bf116f
SCHED-TRACE 12768 66020 B 33 f4
SCHED-TRACE 12769 66020 P 33 bd8fd0e55
SCHED-TRACE 12770 66020 R 33 bd8fd0e55
SCHED-TRACE 12771 66021 U 4 bf12b0
SCHED-TRACE 12772 66021 V 4 bf136b
SCHED-TRACE 12773 66021 O 0 0
SCHED-TRACE 12774 66021 P 33 bd92f1eb7
SCHED-TRACE 12775 66022 K 33 bd92f1eb7
SCHED-TRACE 12776 66022 P 33 bd95ce147
SCHED-TRACE 12777 66079 I 33 bf3bed
SCHED-TRACE 12778 66079 B 33 f1
SCHED-TRACE 12779 66079 P 33 bdf79a9fb
SCHED-TRACE 12780 66079 R 33 bdf79a9fb
SCHED-TRACE 12781 66080 U 4 bf3d2c
SCHED-TRACE 12782 66080 V 4 bf3de7
SCHED-TRACE 12783 66080 O 0 0
SCHED-TRACE 12784 66080 P 33 bdfab9999
SCHED-TRACE 12785 66081 K 33 bdfab9999
SCHED-TRACE 12786 66081 P 33 bdfd953f7
SCHED-TRACE 12787 66138 I 33 bf666f
SCHED-TRACE 12788 66138 B 33 f4
SCHED-TRACE 12789 66138 P 33 be5f6e978
SCHED-TRACE 12790 66138 R 33 be5f6e978
SCHED-TRACE 12791 66139 U 4 bf67af
SCHED-TRACE 12792 66139 V 4 bf686a
SCHED-TRACE 12793 66139 O 0 0
SCHED-TRACE 12794 66139 P 33 be628dd2e
SCHED-TRACE 12795 66140 K 33 be628dd2e
SCHED-TRACE 12796 66140 P 33 be656a3d6
SCHED-TRACE 12797 66197 I 33 bf90f7
SCHED-TRACE 12798 66197 B 33 f3
SCHED-TRACE 12799 66197 P 33 bec74a3d6
SCHED-TRACE 12800 66197 R 33 bec74a3d6
SCHED-TRACE 12801 66198 U 4 bf9238
SCHED-TRACE 12802 66198 V 4 bf92f3
SCHED-TRACE 12803 66198 O 0 0
SCHED-TRACE 12804 66198 P 33 beca6b851
SCHED-TRACE 12805 66199 K 33 beca6b851
SCHED-TRACE 12806 66199 P 33 becd46a7e
SCHED-TRACE 12807 66256 I 33 bfbb7f
SCHED-TRACE 12808 66256 B 33 f2
SCHED-TRACE 12809 66256 P 33 bf2f251eb
SCHED-TRACE 12810 66256 R 33 bf2f251eb
SCHED-TRACE 12811 66257 U 4 bfbcbe
SCHED-TRACE 12812 66257 V 4 bfbd7a
SCHED-TRACE 12813 66257 O 0 0
SCHED-TRACE 12814 66257 P 33 bf3245603
SCHED-TRACE 12815 66258 K 33 bf3245603
SCHED-TRACE 12816 66258 P 33 bf35220c4
SCHED-TRACE 12817 66315 I 33 bfe607
SCHED-TRACE 12818 66315 B 33 f3
SCHED-TRACE 12819 66315 P 33 bf97045a1
SCHED-TRACE 12820 66315 R 33 bf97045a1
SCHED-TRACE 12821 66316 U 4 bfe748
SCHED-TRACE 12822 66316 V 4 bfe803
SCHED-TRACE 12823 66316 O 0 0
SCHED-TRACE 12824 66316 P 33 bf9a24188
SCHED-TRACE 12825 66317 K 33 bf9a24188
SCHED-TRACE 12826 66317 P 33 bf9d00c49
SCHED-TRACE 12827 66374 I 33 c01095
SCHED-TRACE 12828 66374 B 33 f4
SCHED-TRACE 12829 66374 P 33 bffee9ba5
SCHED-TRACE 12830 66374 R 33 bffee9ba5
SCHED-TRACE 12831 66375 U 4 c011d6
SCHED-TRACE 12832 66375 V 4 c01292
SCHED-TRACE 12833 66375 O 0 0
SCHED-TRACE 12834 66375 P 33 c0020bc6a
SCHED-TRACE 12835 66376 K 42 bf9f26665
SCHED-TRACE 12836 66376 P 33 c004e7ef9
SCHED-TRACE 12837 66377 P 33 c006fb645
SCHED-TRACE 12838 66433 I 42 c03b6e
SCHED-TRACE 12839 66433 B 42 f4
SCHED-TRACE 12840 66433 P 42 c36519998
SCHED-TRACE 12841 66433 R 42 c36519998
SCHED-TRACE 12842 66434 U 4 c03caf
SCHED-TRACE 12843 66434 V 4 c03d6a
SCHED-TRACE 12844 66434 O 0 0
SCHED-TRACE 12845 66434 P 42 c3847851d
SCHED-TRACE 12846 66435 K 63 bfadeb851
SCHED-TRACE 12847 66435 P 42 c3a1170a2
SCHED-TRACE 12848 66436 P 42 c3b5d70a2
SCHED-TRACE 12849 66492 I 63 c0664e
SCHED-TRACE 12850 66492 B 63 f4
SCHED-TRACE 12851 66492 P 63 c3748a3d6
SCHED-TRACE 12852 66492 R 63 c3748a3d6
SCHED-TRACE 12853 66493 U 4 c06791
SCHED-TRACE 12854 66493 V 4 c0684d
SCHED-TRACE 12855 66493 O 0 0
SCHED-TRACE 12856 66493 P 63 c3940cccc
SCHED-TRACE 12857 66494 K 69 bfb77ae13
SCHED-TRACE 12858 66494 P 63 c3b0ae147
SCHED-TRACE 12859 66495 P 63 c3c56e147
SCHED-TRACE 12860 66551 I 69 c09130
SCHED-TRACE 12861 66551 B 69 f5
SCHED-TRACE 12862 66551 P 69 c37de8f5b
SCHED-TRACE 12863 66551 R 69 c37de8f5b
SCHED-TRACE 12864 66552 U 4 c09273
SCHED-TRACE 12865 66552 V 4 c0932f
SCHED-TRACE 12866 66552 O 0 0
SCHED-TRACE 12867 66552 P 69 c39d66665
SCHED-TRACE 12868 66553 K 60 bfcd6e146
SCHED-TRACE 12869 66553 P 69 c3b9f851e
SCHED-TRACE 12870 66554 P 69 c3ceb851e
SCHED-TRACE 12871 66610 I 60 c0bc0e
SCHED-TRACE 12872 66610 B 60 f1
SCHED-TRACE 12873 66610 P 60 c39387ae0
SCHED-TRACE 12874 66610 R 60 c39387ae0
SCHED-TRACE 12875 66611 U 4 c0bd4e
SCHED-TRACE 12876 66611 V 4 c0be09
SCHED-TRACE 12877 66611 O 0 0
SCHED-TRACE 12878 66611 P 60 c3b2dc28e
SCHED-TRACE 12879 66612 K 36 bfdeb5c28
SCHED-TRACE 12880 66612 P 60 c3cf7851d
SCHED-TRACE 12881 66613 P 60 c3e43851d
SCHED-TRACE 12882 66669 I 36 c0e6f3
SCHED-TRACE 12883 66669 B 36 f4
SCHED-TRACE 12884 66669 P 36 c3a5828f4
SCHED-TRACE 12885 66669 R 36 c3a5828f4
SCHED-TRACE 12886 66670 U 4 c0e835
SCHED-TRACE 12887 66670 V 4 c0e8f1
SCHED-TRACE 12888 66670 O 0 0
SCHED-TRACE 12889 66670 P 36 c3c4f3332
SCHED-TRACE 12890 66671 K 45 bfe6f851d
SCHED-TRACE 12891 66671 P 36 c3e199998
SCHED-TRACE 12892 66672 P 36 c3f659998
SCHED-TRACE 12893 66728 I 45 c111e5
SCHED-TRACE 12894 66728 B 45 f4
SCHED-TRACE 12895 66728 P 45 c3aee3d6f
SCHED-TRACE 12896 66728 R 45 c3aee3d6f
SCHED-TRACE 12897 66729 U 4 c1132a
SCHED-TRACE 12898 66729 V 4 c113e5
SCHED-TRACE 12899 66729 O 0 0
SCHED-TRACE 12900 66729 P 45 c3ce7fffe
SCHED-TRACE 12901 66730 K 66 bfe94f5c2
SCHED-TRACE 12902 66730 P 45 c3eb23d6f
SCHED-TRACE 12903 66731 P 45 c3ffeb850
SCHED-TRACE 12904 66787 I 66 c13cc8
SCHED-TRACE 12905 66787 B 66 f2
SCHED-TRACE 12906 66787 P 66 c3afe6666
SCHED-TRACE 12907 66787 R 66 c3afe6666
SCHED-TRACE 12908 66788 U 4 c13e0b
SCHED-TRACE 12909 66788 V 4 c13ec6
SCHED-TRACE 12910 66788 O 0 0
SCHED-TRACE 12911 66788 P 66 c3cf70a3d
SCHED-TRACE 12912 66789 K 81 bfea6147a
SCHED-TRACE 12913 66789 P 66 c3ec0f5c2
SCHED-TRACE 12914 66790 P 66 c400d1eb7
SCHED-TRACE 12915 66846 I 81 c167ac
SCHED-TRACE 12916 66846 B 81 f4
SCHED-TRACE 12917 66846 P 81 c3b123d70
SCHED-TRACE 12918 66846 R 81 c3b123d70
SCHED-TRACE 12919 66847 U 4 c168ee
SCHED-TRACE 12920 66847 V 4 c169a9
SCHED-TRACE 12921 66847 O 0 0
SCHED-TRACE 12922 66847 P 81 c3d09c28e
SCHED-TRACE 12923 66848 K 75 bfeb4a3d6
SCHED-TRACE 12924 66848 P 81 c3ed3ae14
SCHED-TRACE 12925 66849 P 81 c401f851e
SCHED-TRACE 12926 66905 I 75 c19297
SCHED-TRACE 12927 66905 B 75 f2
SCHED-TRACE 12928 66905 P 75 c3b2bd709
SCHED-TRACE 12929 66905 R 75 c3b2bd709
SCHED-TRACE 12930 66906 U 4 c193da
SCHED-TRACE 12931 66906 V 4 c19495
SCHED-TRACE 12932 66906 O 0 0
SCHED-TRACE 12933 66906 P 75 c3d22b851
SCHED-TRACE 12934 66907 K 78 bfeb7ae13
SCHED-TRACE 12935 66907 P 75 c3eed1eb7
SCHED-TRACE 12936 66908 P 75 c4039c28e
SCHED-TRACE 12937 66964 I 78 c1bd7d
SCHED-TRACE 12938 66964 B 78 f4
SCHED-TRACE 12939 66964 P 78 c3b26147a
SCHED-TRACE 12940 66964 R 78 c3b26147a
SCHED-TRACE 12941 66965 U 4 c1bebf
SCHED-TRACE 12942 66965 V 4 c1bf7b
SCHED-TRACE 12943 66965 O 0 0
SCHED-TRACE 12944 66965 P 78 c3d1d9998
SCHED-TRACE 12945 66966 K 39 bfebfd709
SCHED-TRACE 12946 66966 P 78 c3ee70a3c
SCHED-TRACE 12947 66967 P 78 c40333332
SCHED-TRACE 12948 67023 I 39 c1e866
SCHED-TRACE 12949 67023 B 39 ee
SCHED-TRACE 12950 67023 P 39 c3b3028f5
SCHED-TRACE 12951 67023 R 39 c3b3028f5
SCHED-TRACE 12952 67024 U 4 c1e9a7
SCHED-TRACE 12953 67024 V 4 c1ea62
SCHED-TRACE 12954 67024 O 0 0
SCHED-TRACE 12955 67024 P 39 c3d263d70
SCHED-TRACE 12956 67025 K 54 bfecab851
SCHED-TRACE 12957 67025 P 39 c3eef851e
SCHED-TRACE 12958 67026 P 39 c403b5c28
SCHED-TRACE 12959 67082 I 54 c21354
SCHED-TRACE 12960 67082 B 54 f3
SCHED-TRACE 12961 67082 P 54 c3b4547ad
SCHED-TRACE 12962 67082 R 54 c3b4547ad
SCHED-TRACE 12963 67083 U 4 c21498
SCHED-TRACE 12964 67083 V 4 c21553
SCHED-TRACE 12965 67083 O 0 0
SCHED-TRACE 12966 67083 P 54 c3d3eb851
SCHED-TRACE 12967 67084 K 57 bfed451ea
SCHED-TRACE 12968 67084 P 54 c3f0970a3
SCHED-TRACE 12969 67085 P 54 c40559998
SCHED-TRACE 12970 67141 I 57 c23e39
SCHED-TRACE 12971 67141 B 57 f5
SCHED-TRACE 12972 67141 P 57 c3b3f0a3c
SCHED-TRACE 12973 67141 R 57 c3b3f0a3c
SCHED-TRACE 12974 67142 U 4 c23f7c
SCHED-TRACE 12975 67142 V 4 c24038
SCHED-TRACE 12976 67142 O 0 0
SCHED-TRACE 12977 67142 P 57 c3d37ae13
SCHED-TRACE 12978 67143 K 51 bfed8f5c2
SCHED-TRACE 12979 67143 P 57 c3f0147ad
SCHED-TRACE 12980 67144 P 57 c404d70a2
SCHED-TRACE 12981 67200 I 51 c26923
SCHED-TRACE 12982 67200 B 51 f0
SCHED-TRACE 12983 67200 P 51 c3b4ab851
SCHED-TRACE 12984 67200 R 51 c3b4ab851
SCHED-TRACE 12985 67201 U 4 c26a67
SCHED-TRACE 12986 67201 V 4 c26b22
SCHED-TRACE 12987 67201 O 0 0
SCHED-TRACE 12988 67201 P 51 c3d43851e
SCHED-TRACE 12989 67202 K 72 bfedfd709
SCHED-TRACE 12990 67202 P 51 c3f0cf5c2
SCHED-TRACE 12991 67203 P 51 c40591eb7
SCHED-TRACE 12992 67259 I 72 c2940f
SCHED-TRACE 12993 67259 B 72 f4
SCHED-TRACE 12994 67259 P 72 c3b528f5b
SCHED-TRACE 12995 67259 R 72 c3b528f5b
SCHED-TRACE 12996 67260 U 4 c29552
SCHED-TRACE 12997 67260 V 4 c2960d
SCHED-TRACE 12998 67260 O 0 0
SCHED-TRACE 12999 67260 P 72 c3d4b0a3c
SCHED-TRACE 13000 67261 K 48 bfefa6665
SCHED-TRACE 13001 67261 P 72 c3f14f5c2
SCHED-TRACE 13002 67262 P 72 c4060f5c2
SCHED-TRACE 13003 67318 I 48 c2bef2
SCHED-TRACE 13004 67318 B 48 f3
SCHED-TRACE 13005 67318 P 48 c3b5fae13
SCHED-TRACE 13006 67318 R 48 c3b5fae13
SCHED-TRACE 13007 67319 U 4 c2c036
SCHED-TRACE 13008 67319 V 4 c2c0f1
SCHED-TRACE 13009 67319 O 0 0
SCHED-TRACE 13010 67319 P 48 c3d5947ac
SCHED-TRACE 13011 67320 K 33 c006fb645
SCHED-TRACE 13012 67320 P 48 c3f22b850
SCHED-TRACE 13013 67321 P 48 c406e3d6f
SCHED-TRACE 13014 67377 I 33 c2e9d5
SCHED-TRACE 13015 67377 B 33 ef
SCHED-TRACE 13016 67377 P 33 c06799580
SCHED-TRACE 13017 67377 R 33 c06799580
SCHED-TRACE 13018 67378 U 4 c2eb15
SCHED-TRACE 13019 67378 V 4 c2ebd0
SCHED-TRACE 13020 67378 O 0 0
SCHED-TRACE 13021 67378 P 33 c06ab7ced
SCHED-TRACE 13022 67379 K 33 c06ab7ced
SCHED-TRACE 13023 67379 P 33 c06d953f7
SCHED-TRACE 13024 67436 I 33 c31472
SCHED-TRACE 13025 67436 B 33 f5
SCHED-TRACE 13026 67436 P 33 c0cf99167
SCHED-TRACE 13027 67436 R 33 c0cf99167
SCHED-TRACE 13028 67437 U 4 c315b2
SCHED-TRACE 13029 67437 V 4 c3166e
SCHED-TRACE 13030 67437 O 0 0
SCHED-TRACE 13031 67437 P 33 c0d2bb645
SCHED-TRACE 13032 67438 K 33 c0d2bb645
SCHED-TRACE 13033 67438 P 33 c0d59851e
SCHED-TRACE 13034 67495 I 33 c33ef8
SCHED-TRACE 13035 67495 B 33 f3
SCHED-TRACE 13036 67495 P 33 c137722d0
SCHED-TRACE 13037 67495 R 33 c137722d0
SCHED-TRACE 13038 67496 U 4 c34038
SCHED-TRACE 13039 67496 V 4 c340f4
SCHED-TRACE 13040 67496 O 0 0
SCHED-TRACE 13041 67496 P 33 c13a922d0
SCHED-TRACE 13042 67497 K 33 c13a922d0
SCHED-TRACE 13043 67497 P 33 c13d6dd2e
SCHED-TRACE 13044 67554 I 33 c36984
SCHED-TRACE 13045 67554 B 33 f1
SCHED-TRACE 13046 67554 P 33 c19f52b01
SCHED-TRACE 13047 67554 R 33 c19f52b01
SCHED-TRACE 13048 67555 U 4 c36ac4
SCHED-TRACE 13049 67555 V 4 c36b80
SCHED-TRACE 13050 67555 O 0 0
SCHED-TRACE 13051 67555 P 33 c1a272f1a
SCHED-TRACE 13052 67556 K 33 c1a272f1a
SCHED-TRACE 13053 67556 P 33 c1a54fdf3
SCHED-TRACE 13054 67613 I 33 c39415
SCHED-TRACE 13055 67613 B 33 f5
SCHED-TRACE 13056 67613 P 33 c2073eb84
SCHED-TRACE 13057 67613 R 33 c2073eb84
SCHED-TRACE 13058 67614 U 4 c39555
SCHED-TRACE 13059 67614 V 4 c39611
SCHED-TRACE 13060 67614 O 0 0
SCHED-TRACE 13061 67614 P 33 c20a60830
SCHED-TRACE 13062 67615 K 33 c20a60830
SCHED-TRACE 13063 67615 P 33 c20d3d2f1
SCHED-TRACE 13064 67672 I 33 c3be9f
SCHED-TRACE 13065 67672 B 33 f3
SCHED-TRACE 13066 67672 P 33 c26f1ef9d
SCHED-TRACE 13067 67672 R 33 c26f1ef9d
SCHED-TRACE 13068 67673 U 4 c3bfdf
SCHED-TRACE 13069 67673 V 4 c3c09b
SCHED-TRACE 13070 67673 O 0 0
SCHED-TRACE 13071 67673 P 33 c2723eb84
SCHED-TRACE 13072 67674 K 33 c2723eb84
SCHED-TRACE 13073 67674 P 33 c27519167
SCHED-TRACE 13074 67731 I 33 c3e92f
SCHED-TRACE 13075 67731 B 33 ea
SCHED-TRACE 13076 67731 P 33 c2d7049b9
SCHED-TRACE 13077 67731 R 33 c2d7049b9
SCHED-TRACE 13078 67732 U 4 c3ea6e
SCHED-TRACE 13079 67732 V 4 c3eb2a
SCHED-TRACE 13080 67732 O 0 0
SCHED-TRACE 13081 67732 P 33 c2da249b9
SCHED-TRACE 13082 67733 K 33 c2da249b9
SCHED-TRACE 13083 67733 P 33 c2dcfffff
SCHED-TRACE 13084 67790 I 33 c413c4
SCHED-TRACE 13085 67790 B 33 f4
SCHED-TRACE 13086 67790 P 33 c33ef9580
SCHED-TRACE 13087 67790 R 33 c33ef9580
SCHED-TRACE 13088 67791 U 4 c41504
SCHED-TRACE 13089 67791 V 4 c415c0
SCHED-TRACE 13090 67791 O 0 0
SCHED-TRACE 13091 67791 P 33 c3421ba5d
SCHED-TRACE 13092 67792 K 33 c3421ba5d
SCHED-TRACE 13093 67792 P 33 c344f8d4f
SCHED-TRACE 13094 67849 I 33 c43e51
SCHED-TRACE 13095 67849 B 33 f4
SCHED-TRACE 13096 67849 P 33 c3a6deb84
SCHED-TRACE 13097 67849 R 33 c3a6deb84
SCHED-TRACE 13098 67850 U 4 c43f91
SCHED-TRACE 13099 67850 V 4 c4404c
SCHED-TRACE 13100 67850 O 0 0
SCHED-TRACE 13101 67850 P 33 c3a9fdf3a
SCHED-TRACE 13102 67851 K 33 c3a9fdf3a
SCHED-TRACE 13103 67851 P 33 c3acd9db1
SCHED-TRACE 13104 67908 I 33 c468e3
SCHED-TRACE 13105 67908 B 33 f0
SCHED-TRACE 13106 67908 P 33 c40ecac07
SCHED-TRACE 13107 67908 R 33 c40ecac07
SCHED-TRACE 13108 67909 U 4 c46a24
SCHED-TRACE 13109 67909 V 4 c46adf
SCHED-TRACE 13110 67909 O 0 0
SCHED-TRACE 13111 67909 P 33 c411ec8b3
SCHED-TRACE 13112 67910 K 42 c3b5d70a2
SCHED-TRACE 13113 67910 P 33 c414c7ef9
SCHED-TRACE 13114 67911 P 33 c416db22c
SCHED-TRACE 13115 67967 I 42 c493c9
SCHED-TRACE 13116 67967 B 42 f5
SCHED-TRACE 13117 67967 P 42 c77cb5c28
SCHED-TRACE 13118 67967 R 42 c77cb5c28
SCHED-TRACE 13119 67968 U 4 c4950b
SCHED-TRACE 13120 67968 V 4 c495c7
SCHED-TRACE 13121 67968 O 0 0
SCHED-TRACE 13122 67968 P 42 c79c2e146
SCHED-TRACE 13123 67969 K 63 c3c56e147
SCHED-TRACE 13124 67969 P 42 c7b8d1eb7
SCHED-TRACE 13125 67970 P 42 c7cd947ad
SCHED-TRACE 13126 68026 I 63 c4beaf
SCHED-TRACE 13127 68026 B 63 f4
SCHED-TRACE 13128 68026 P 63 c78c3851e
SCHED-TRACE 13129 68026 R 63 c78c3851e
SCHED-TRACE 13130 68027 U 4 c4bff2
SCHED-TRACE 13131 68027 V 4 c4c0ad
SCHED-TRACE 13132 68027 O 0 0
SCHED-TRACE 13133 68027 P 63 c7abbd709
SCHED-TRACE 13134 68028 K 69 c3ceb851e
SCHED-TRACE 13135 68028 P 63 c7c8547ad
SCHED-TRACE 13136 68029 P 63 c7dd170a3
SCHED-TRACE 13137 68085 I 69 c4e99a
SCHED-TRACE 13138 68085 B 69 ef
SCHED-TRACE 13139 68085 P 69 c795b3332
SCHED-TRACE 13140 68085 R 69 c795b3332
SCHED-TRACE 13141 68086 U 4 c4eadd
SCHED-TRACE 13142 68086 V 4 c4eb99
SCHED-TRACE 13143 68086 O 0 0
SCHED-TRACE 13144 68086 P 69 c7b53851e
SCHED-TRACE 13145 68087 K 60 c3e43851d
SCHED-TRACE 13146 68087 P 69 c7d1deb84
SCHED-TRACE 13147 68088 P 69 c7e69c28e
SCHED-TRACE 13148 68144 I 60 c51485
SCHED-TRACE 13149 68144 B 60 f5
SCHED-TRACE 13150 68144 P 60 c7ab1c28e
SCHED-TRACE 13151 68144 R 60 c7ab1c28e
SCHED-TRACE 13152 68145 U 4 c515c7
SCHED-TRACE 13153 68145 V 4 c51683
SCHED-TRACE 13154 68145 O 0 0
SCHED-TRACE 13155 68145 P 60 c7ca851ea
SCHED-TRACE 13156 68146 K 36 c3f659998
SCHED-TRACE 13157 68146 P 60 c7e726665
SCHED-TRACE 13158 68147 P 60 c7fbeb850
SCHED-TRACE 13159 68203 I 36 c53f60
SCHED-TRACE 13160 68203 B 36 f4
SCHED-TRACE 13161 68203 P 36 c7bc2e146
SCHED-TRACE 13162 68203 R 36 c7bc2e146
SCHED-TRACE 13163 68204 U 4 c540a1
SCHED-TRACE 13164 68204 V 4 c5415c
SCHED-TRACE 13165 68204 O 0 0
SCHED-TRACE 13166 68204 P 36 c7db91eb7
SCHED-TRACE 13167 68205 K 45 c3ffeb850
SCHED-TRACE 13168 68205 P 36 c7f835c28
SCHED-TRACE 13169 68206 P 36 c80cf851d
SCHED-TRACE 13170 68262 I 45 c56a4b
SCHED-TRACE 13171 68262 B 45 f4
SCHED-TRACE 13172 68262 P 45 c7c73851d
SCHED-TRACE 13173 68262 R 45 c7c73851d
SCHED-TRACE 13174 68263 U 4 c56b8f
SCHED-TRACE 13175 68263 V 4 c56c4a
SCHED-TRACE 13176 68263 O 0 0
SCHED-TRACE 13177 68263 P 45 c7e6c28f4
SCHED-TRACE 13178 68264 K 66 c400d1eb7
SCHED-TRACE 13179 68264 P 45 c8035c28e
SCHED-TRACE 13180 68265 P 45 c8181eb84
SCHED-TRACE 13181 68321 I 66 c59537
SCHED-TRACE 13182 68321 B 66 f3
SCHED-TRACE 13183 68321 P 66 c7c80a3d6
SCHED-TRACE 13184 68321 R 66 c7c80a3d6
SCHED-TRACE 13185 68322 U 4 c5967a
SCHED-TRACE 13186 68322 V 4 c59736
SCHED-TRACE 13187 68322 O 0 0
SCHED-TRACE 13188 68322 P 66 c7e7947ad
SCHED-TRACE 13189 68323 K 81 c401f851e
SCHED-TRACE 13190 68323 P 66 c80433332
SCHED-TRACE 13191 68324 P 66 c818f5c28
SCHED-TRACE 13192 68380 I 81 c5c019
SCHED-TRACE 13193 68380 B 81 f3
SCHED-TRACE 13194 68380 P 81 c7c859999
SCHED-TRACE 13195 68380 R 81 c7c859999
SCHED-TRACE 13196 68381 U 4 c5c15b
SCHED-TRACE 13197 68381 V 4 c5c217
SCHED-TRACE 13198 68381 O 0 0
SCHED-TRACE 13199 68381 P 81 c7e7cf5c2
SCHED-TRACE 13200 68382 K 78 c40333332
SCHED-TRACE 13201 68382 P 81 c80466665
SCHED-TRACE 13202 68383 P 81 c81923d70
SCHED-TRACE 13203 68439 I 78 c5eb05
SCHED-TRACE 13204 68439 B 78 f4
SCHED-TRACE 13205 68439 P 78 c7ca5c28e
SCHED-TRACE 13206 68439 R 78 c7ca5c28e
SCHED-TRACE 13207 68440 U 4 c5ec46
SCHED-TRACE 13208 68440 V 4 c5ed02
SCHED-TRACE 13209 68440 O 0 0
SCHED-TRACE 13210 68440 P 78 c7e9c28f5
SCHED-TRACE 13211 68441 K 75 c4039c28e
SCHED-TRACE 13212 68441 P 78 c8066147a
SCHED-TRACE 13213 68442 P 78 c81b1eb84
SCHED-TRACE 13214 68498 I 75 c615f3
SCHED-TRACE 13215 68498 B 75 f3
SCHED-TRACE 13216 68498 P 75 c7cae8f5b
SCHED-TRACE 13217 68498 R 75 c7cae8f5b
SCHED-TRACE 13218 68499 U 4 c61735
SCHED-TRACE 13219 68499 V 4 c617f1
SCHED-TRACE 13220 68499 O 0 0
SCHED-TRACE 13221 68499 P 75 c7ea63d70
SCHED-TRACE 13222 68500 K 39 c403b5c28
SCHED-TRACE 13223 68500 P 75 c8070cccc
SCHED-TRACE 13224 68501 P 75 c81bcf5c2
SCHED-TRACE 13225 68557 I 39 c640d2
SCHED-TRACE 13226 68557 B 39 f5
SCHED-TRACE 13227 68557 P 39 c7c9bffff
SCHED-TRACE 13228 68557 R 39 c7c9bffff
SCHED-TRACE 13229 68558 U 4 c64214
SCHED-TRACE 13230 68558 V 4 c642d0
SCHED-TRACE 13231 68558 O 0 0
SCHED-TRACE 13232 68558 P 39 c7e930a3c
SCHED-TRACE 13233 68559 K 57 c404d70a2
SCHED-TRACE 13234 68559 P 39 c805b0a3c
SCHED-TRACE 13235 68560 P 39 c81a70a3c
SCHED-TRACE 13236 68616 I 57 c66b7f
SCHED-TRACE 13237 68616 B 57 ea
SCHED-TRACE 13238 68616 P 57 c7c7a6665
SCHED-TRACE 13239 68616 R 57 c7c7a6665
SCHED-TRACE 13240 68617 U 4 c66cbe
SCHED-TRACE 13241 68617 V 4 c66d77
SCHED-TRACE 13242 68617 O 0 0
SCHED-TRACE 13243 68617 P 57 c7e6bffff
SCHED-TRACE 13244 68618 K 54 c40559998
SCHED-TRACE 13245 68618 P 57 c80321479
SCHED-TRACE 13246 68619 P 57 c817cf5c1
SCHED-TRACE 13247 68675 I 54 c695f4
SCHED-TRACE 13248 68675 B 54 ef
SCHED-TRACE 13249 68675 P 54 c7c53851e
SCHED-TRACE 13250 68675 R 54 c7c53851e
SCHED-TRACE 13251 68676 U 4 c69734
SCHED-TRACE 13252 68676 V 4 c697ee
SCHED-TRACE 13253 68676 O 0 0
SCHED-TRACE 13254 68676 P 54 c7e4851ea
SCHED-TRACE 13255 68677 K 51 c40591eb7
SCHED-TRACE 13256 68677 P 54 c800fffff
SCHED-TRACE 13257 68678 P 54 c815b0a3c
SCHED-TRACE 13258 68734 I 51 c6c07b
SCHED-TRACE 13259 68734 B 51 f0
SCHED-TRACE 13260 68734 P 51 c7c663d70
SCHED-TRACE 13261 68734 R 51 c7c663d70
SCHED-TRACE 13262 68735 U 4 c6c1bc
SCHED-TRACE 13263 68735 V 4 c6c276
SCHED-TRACE 13264 68735 O 0 0
SCHED-TRACE 13265 68735 P 51 c7e5a6666
SCHED-TRACE 13266 68736 K 72 c4060f5c2
SCHED-TRACE 13267 68736 P 51 c8021c28e
SCHED-TRACE 13268 68737 P 51 c816cf5c2
SCHED-TRACE 13269 68793 I 72 c6eb08
SCHED-TRACE 13270 68793 B 72 ee
SCHED-TRACE 13271 68793 P 72 c7c7147ad
SCHED-TRACE 13272 68793 R 72 c7c7147ad
SCHED-TRACE 13273 68794 U 4 c6ec49
SCHED-TRACE 13274 68794 V 4 c6ed03
SCHED-TRACE 13275 68794 O 0 0
SCHED-TRACE 13276 68794 P 72 c7e6547ad
SCHED-TRACE 13277 68795 K 48 c406e3d6f
SCHED-TRACE 13278 68795 P 72 c802c7ae0
SCHED-TRACE 13279 68796 P 72 c8177ae14
SCHED-TRACE 13280 68852 I 48 c715a0
SCHED-TRACE 13281 68852 B 48 f0
SCHED-TRACE 13282 68852 P 48 c7c8a3d6f
SCHED-TRACE 13283 68852 R 48 c7c8a3d6f
SCHED-TRACE 13284 68853 U 4 c716e1
SCHED-TRACE 13285 68853 V 4 c7179b
SCHED-TRACE 13286 68853 O 0 0
SCHED-TRACE 13287 68853 P 48 c7e7fd709
SCHED-TRACE 13288 68854 K 33 c416db22c
SCHED-TRACE 13289 68854 P 48 c80487ae0
SCHED-TRACE 13290 68855 P 48 c8193851d
SCHED-TRACE 13291 68911 I 33 c74036
SCHED-TRACE 13292 68911 B 33 f1
SCHED-TRACE 13293 68911 P 33 c47700c49
SCHED-TRACE 13294 68911 R 33 c47700c49
SCHED-TRACE 13295 68912 U 4 c74175
SCHED-TRACE 13296 68912 V 4 c7422f
SCHED-TRACE 13297 68912 O 0 0
SCHED-TRACE 13298 68912 P 33 c47a1b22c
SCHED-TRACE 13299 68913 K 33 c47a1b22c
SCHED-TRACE 13300 68913 P 33 c47cf4bc6
SCHED-TRACE 13301 68970 I 33 c76a9b
SCHED-TRACE 13302 68970 B 33 ef
SCHED-TRACE 13303 68970 P 33 c4deb0624
SCHED-TRACE 13304 68970 R 33 c4deb0624
SCHED-TRACE 13305 68971 U 4 c76bda
SCHED-TRACE 13306 68971 V 4 c76c94
SCHED-TRACE 13307 68971 O 0 0
SCHED-TRACE 13308 68971 P 33 c4e1cc49b
SCHED-TRACE 13309 68972 K 33 c4e1cc49b
SCHED-TRACE 13310 68972 P 33 c4e4a51eb
SCHED-TRACE 13311 69029 I 33 c79500
SCHED-TRACE 13312 69029 B 33 f0
SCHED-TRACE 13313 69029 P 33 c5465a1ca
SCHED-TRACE 13314 69029 R 33 c5465a1ca
SCHED-TRACE 13315 69030 U 4 c79640
SCHED-TRACE 13316 69030 V 4 c796fa
SCHED-TRACE 13317 69030 O 0 0
SCHED-TRACE 13318 69030 P 33 c54976041
SCHED-TRACE 13319 69031 K 33 c54976041
SCHED-TRACE 13320 69031 P 33 c54c50e55
SCHED-TRACE 13321 69089 I 33 c7bfec
SCHED-TRACE 13322 69089 B 33 f1
SCHED-TRACE 13323 69089 P 33 c5af4f9da
SCHED-TRACE 13324 69089 R 33 c5af4f9da
SCHED-TRACE 13325 69090 U 4 c7c12b
SCHED-TRACE 13326 69090 V 4 c7c1e6
SCHED-TRACE 13327 69090 O 0 0
SCHED-TRACE 13328 69090 P 33 c5b26d0e4
SCHED-TRACE 13329 69091 K 33 c5b26d0e4
SCHED-TRACE 13330 69091 P 33 c5b5476c8
SCHED-TRACE 13331 69148 I 33 c7ea52
SCHED-TRACE 13332 69148 B 33 f0
SCHED-TRACE 13333 69148 P 33 c616f74bb
SCHED-TRACE 13334 69148 R 33 c616f74bb
SCHED-TRACE 13335 69149 U 4 c7eb91
SCHED-TRACE 13336 69149 V 4 c7ec4b
SCHED-TRACE 13337 69149 O 0 0
SCHED-TRACE 13338 69149 P 33 c61a13b63
SCHED-TRACE 13339 69150 K 33 c61a13b63
SCHED-TRACE 13340 69150 P 33 c61cec8b3
SCHED-TRACE 13341 69207 I 33 c814b8
SCHED-TRACE 13342 69207 B 33 f1
SCHED-TRACE 13343 69207 P 33 c67e9ba5d
SCHED-TRACE 13344 69207 R 33 c67e9ba5d
SCHED-TRACE 13345 69208 U 4 c815f7
SCHED-TRACE 13346 69208 V 4 c816b2
SCHED-TRACE 13347 69208 O 0 0
SCHED-TRACE 13348 69208 P 33 c681b70a3
SCHED-TRACE 13349 69209 K 33 c681b70a3
SCHED-TRACE 13350 69209 P 33 c684922d0
SCHED-TRACE 13351 69266 I 33 c83f1e
SCHED-TRACE 13352 69266 B 33 f2
SCHED-TRACE 13353 69266 P 33 c6e63ced8
SCHED-TRACE 13354 69266 R 33 c6e63ced8
SCHED-TRACE 13355 69267 U 4 c8405e
SCHED-TRACE 13356 69267 V 4 c84119
SCHED-TRACE 13357 69267 O 0 0
SCHED-TRACE 13358 69267 P 33 c6e95ae14
SCHED-TRACE 13359 69268 K 33 c6e95ae14
SCHED-TRACE 13360 69268 P 33 c6ec3580f
SCHED-TRACE 13361 69325 I 33 c86985
SCHED-TRACE 13362 69325 B 33 f2
SCHED-TRACE 13363 69325 P 33 c74de28f5
SCHED-TRACE 13364 69325 R 33 c74de28f5
SCHED-TRACE 13365 69326 U 4 c86ac4
SCHED-TRACE 13366 69326 V 4 c86b7f
SCHED-TRACE 13367 69326 O 0 0
SCHED-TRACE 13368 69326 P 33 c750feb84
SCHED-TRACE 13369 69327 K 33 c750feb84
SCHED-TRACE 13370 69327 P 33 c753d9999
SCHED-TRACE 13371 69384 I 33 c893eb
SCHED-TRACE 13372 69384 B 33 f0
SCHED-TRACE 13373 69384 P 33 c7b5824dc
SCHED-TRACE 13374 69384 R 33 c7b5824dc
SCHED-TRACE 13375 69385 U 4 c8952b
SCHED-TRACE 13376 69385 V 4 c895e6
SCHED-TRACE 13377 69385 O 0 0
SCHED-TRACE 13378 69385 P 33 c7b8a0418
SCHED-TRACE 13379 69386 K 33 c7b8a0418
SCHED-TRACE 13380 69386 P 33 c7bb7ba5d
SCHED-TRACE 13381 69443 I 33 c8be52
SCHED-TRACE 13382 69443 B 33 f1
SCHED-TRACE 13383 69443 P 33 c81d21cab
SCHED-TRACE 13384 69443 R 33 c81d21cab
SCHED-TRACE 13385 69444 U 4 c8bf91
SCHED-TRACE 13386 69444 V 4 c8c04c
SCHED-TRACE 13387 69444 O 0 0
SCHED-TRACE 13388 69444 P 33 c82040418
SCHED-TRACE 13389 69445 K 42 c7cd947ad
SCHED-TRACE 13390 69445 P 33 c8231ae14
SCHED-TRACE 13391 69446 P 33 c8252d4fd
SCHED-TRACE 13392 69502 I 42 c8e90f
SCHED-TRACE 13393 69502 B 42 f3
SCHED-TRACE 13394 69502 P 42 cb91dc28e
SCHED-TRACE 13395 69502 R 42 cb91dc28e
SCHED-TRACE 13396 69503 U 4 c8ea50
SCHED-TRACE 13397 69503 V 4 c8eb0b
SCHED-TRACE 13398 69503 O 0 0
SCHED-TRACE 13399 69503 P 42 cbb128f5b
SCHED-TRACE 13400 69504 K 63 c7dd170a3
SCHED-TRACE 13401 69504 P 42 cbcdbae13
SCHED-TRACE 13402 69505 P 42 cbe270a3c
SCHED-TRACE 13403 69561 I 63 c913d1
SCHED-TRACE 13404 69561 B 63 f2
SCHED-TRACE 13405 69561 P 63 cba1bffff
SCHED-TRACE 13406 69561 R 63 cba1bffff
SCHED-TRACE 13407 69562 U 4 c91514
SCHED-TRACE 13408 69562 V 4 c915cf
SCHED-TRACE 13409 69562 O 0 0
SCHED-TRACE 13410 69562 P 63 cbc135c28
SCHED-TRACE 13411 69563 K 69 c7e69c28e
SCHED-TRACE 13412 69563 P 63 cbddc7ae0
SCHED-TRACE 13413 69564 P 63 cbf2851eb
SCHED-TRACE 13414 69620 I 69 c93e94
SCHED-TRACE 13415 69620 B 69 f1
SCHED-TRACE 13416 69620 P 69 cbab147ad
SCHED-TRACE 13417 69620 R 69 cbab147ad
SCHED-TRACE 13418 69621 U 4 c93fd5
SCHED-TRACE 13419 69621 V 4 c9408f
SCHED-TRACE 13420 69621 O 0 0
SCHED-TRACE 13421 69621 P 69 cbca73332
SCHED-TRACE 13422 69622 K 60 c7fbeb850
SCHED-TRACE 13423 69622 P 69 cbe6fffff
SCHED-TRACE 13424 69623 P 69 cbfbb851e
SCHED-TRACE 13425 69679 I 60 c96952
SCHED-TRACE 13426 69679 B 60 f3
SCHED-TRACE 13427 69679 P 60 cbc021479
SCHED-TRACE 13428 69679 R 60 cbc021479
SCHED-TRACE 13429 69680 U 4 c96a92
SCHED-TRACE 13430 69680 V 4 c96b4d
SCHED-TRACE 13431 69680 O 0 0
SCHED-TRACE 13432 69680 P 60 cbdf5c28e
SCHED-TRACE 13433 69681 K 36 c80cf851d
SCHED-TRACE 13434 69681 P 60 cbfbeb850
SCHED-TRACE 13435 69682 P 60 cc109eb84
SCHED-TRACE 13436 69738 I 36 c9940f
SCHED-TRACE 13437 69738 B 36 f1
SCHED-TRACE 13438 69738 P 36 cbd1428f4
SCHED-TRACE 13439 69738 R 36 cbd1428f4
SCHED-TRACE 13440 69739 U 4 c99550
SCHED-TRACE 13441 69739 V 4 c9960a
SCHED-TRACE 13442 69739 O 0 0
SCHED-TRACE 13443 69739 P 36 cbf07d709
SCHED-TRACE 13444 69740 K 54 c815b0a3c
SCHED-TRACE 13445 69740 P 36 cc0d0f5c1
SCHED-TRACE 13446 69741 P 36 cc21d1eb7
SCHED-TRACE 13447 69797 I 54 c9bed5
SCHED-TRACE 13448 69797 B 54 f1
SCHED-TRACE 13449 69797 P 54 cbdab851e
SCHED-TRACE 13450 69797 R 54 cbdab851e
SCHED-TRACE 13451 69798 U 4 c9c017
SCHED-TRACE 13452 69798 V 4 c9c0d2
SCHED-TRACE 13453 69798 O 0 0
SCHED-TRACE 13454 69798 P 54 cbfa3ae13
SCHED-TRACE 13455 69799 K 51 c816cf5c2
SCHED-TRACE 13456 69799 P 54 cc16ccccc
SCHED-TRACE 13457 69800 P 54 cc2b8f5c1
SCHED-TRACE 13458 69856 I 51 c9e9a3
SCHED-TRACE 13459 69856 B 51 f3
SCHED-TRACE 13460 69856 P 51 cbdc35c28
SCHED-TRACE 13461 69856 R 51 cbdc35c28
SCHED-TRACE 13462 69857 U 4 c9eae5
SCHED-TRACE 13463 69857 V 4 c9eba0
SCHED-TRACE 13464 69857 O 0 0
SCHED-TRACE 13465 69857 P 51 cbfbb851e
SCHED-TRACE 13466 69858 K 72 c8177ae14
SCHED-TRACE 13467 69858 P 51 cc184f5c2
SCHED-TRACE 13468 69859 P 51 cc2d051eb
SCHED-TRACE 13469 69915 I 72 ca146f
SCHED-TRACE 13470 69915 B 72 f2
SCHED-TRACE 13471 69915 P 72 cbdcae147
SCHED-TRACE 13472 69915 R 72 cbdcae147
SCHED-TRACE 13473 69916 U 4 ca15b1
SCHED-TRACE 13474 69916 V 4 ca166c
SCHED-TRACE 13475 69916 O 0 0
SCHED-TRACE 13476 69916 P 72 cbfc07ae0
SCHED-TRACE 13477 69917 K 57 c817cf5c1
SCHED-TRACE 13478 69917 P 72 cc189c28e
SCHED-TRACE 13479 69918 P 72 cc2d5eb84
SCHED-TRACE 13480 69974 I 57 ca3f3f
SCHED-TRACE 13481 69974 B 57 f1
SCHED-TRACE 13482 69974 P 57 cbdd570a2
SCHED-TRACE 13483 69974 R 57 cbdd570a2
SCHED-TRACE 13484 69975 U 4 ca4082
SCHED-TRACE 13485 69975 V 4 ca413d
SCHED-TRACE 13486 69975 O 0 0
SCHED-TRACE 13487 69975 P 57 cbfce1479
SCHED-TRACE 13488 69976 K 45 c8181eb84
SCHED-TRACE 13489 69976 P 57 cc1973332
SCHED-TRACE 13490 69977 P 57 cc2e35c28
SCHED-TRACE 13491 70033 I 45 ca6a0f
SCHED-TRACE 13492 70033 B 45 f2
SCHED-TRACE 13493 70033 P 45 cbdd8f5c1
SCHED-TRACE 13494 70033 R 45 cbdd8f5c1
SCHED-TRACE 13495 70034 U 4 ca6b52
SCHED-TRACE 13496 70034 V 4 ca6c0d
SCHED-TRACE 13497 70034 O 0 0
SCHED-TRACE 13498 70034 P 45 cbfd1c28e
SCHED-TRACE 13499 70035 K 66 c818f5c28
SCHED-TRACE 13500 70035 P 45 cc19a8f5b
SCHED-TRACE 13501 70036 P 45 cc2e61479
SCHED-TRACE 13502 70092 I 66 ca94d9
SCHED-TRACE 13503 70092 B 66 f1
SCHED-TRACE 13504 70092 P 66 cbddf3332
SCHED-TRACE 13505 70092 R 66 cbddf3332
SCHED-TRACE 13506 70093 U 4 ca961b
SCHED-TRACE 13507 70093 V 4 ca96d5
SCHED-TRACE 13508 70093 O 0 0
SCHED-TRACE 13509 70093 P 66 cbfd4f5c2
SCHED-TRACE 13510 70094 K 81 c81923d70
SCHED-TRACE 13511 70094 P 66 cc19e6666
SCHED-TRACE 13512 70095 P 66 cc2ea6666
SCHED-TRACE 13513 70151 I 81 cabfa0
SCHED-TRACE 13514 70151 B 81 f4
SCHED-TRACE 13515 70151 P 81 cbddf5c28
SCHED-TRACE 13516 70151 R 81 cbddf5c28
SCHED-TRACE 13517 70152 U 4 cac0e2
SCHED-TRACE 13518 70152 V 4 cac19d
SCHED-TRACE 13519 70152 O 0 0
SCHED-TRACE 13520 70152 P 81 cbfd4cccc
SCHED-TRACE 13521 70153 K 48 c8193851d
SCHED-TRACE 13522 70153 P 81 cc19e3d70
SCHED-TRACE 13523 70154 P 81 cc2ea147a
SCHED-TRACE 13524 70210 I 48 caea6d
SCHED-TRACE 13525 70210 B 48 f3
SCHED-TRACE 13526 70210 P 48 cbde59998
SCHED-TRACE 13527 70210 R 48 cbde59998
SCHED-TRACE 13528 70211 U 4 caebb0
SCHED-TRACE 13529 70211 V 4 caec6b
SCHED-TRACE 13530 70211 O 0 0
SCHED-TRACE 13531 70211 P 48 cbfde1479
SCHED-TRACE 13532 70212 K 39 c81a70a3c
SCHED-TRACE 13533 70212 P 48 cc1a66665
SCHED-TRACE 13534 70213 P 48 cc2f19998
SCHED-TRACE 13535 70269 I 39 cb1537
SCHED-TRACE 13536 70269 B 39 f3
SCHED-TRACE 13537 70269 P 39 cbdf51eb7
SCHED-TRACE 13538 70269 R 39 cbdf51eb7
SCHED-TRACE 13539 70270 U 4 cb1678
SCHED-TRACE 13540 70270 V 4 cb1733
SCHED-TRACE 13541 70270 O 0 0
SCHED-TRACE 13542 70270 P 39 cbfe99999
SCHED-TRACE 13543 70271 K 78 c81b1eb84
SCHED-TRACE 13544 70271 P 39 cc1b30a3c
SCHED-TRACE 13545 70272 P 39 cc2feb851
SCHED-TRACE 13546 70328 I 78 cb4000
SCHED-TRACE 13547 70328 B 78 f3
SCHED-TRACE 13548 70328 P 78 cbdfe8f5b
SCHED-TRACE 13549 70328 R 78 cbdfe8f5b
SCHED-TRACE 13550 70329 U 4 cb4142
SCHED-TRACE 13551 70329 V 4 cb41fd
SCHED-TRACE 13552 70329 O 0 0
SCHED-TRACE 13553 70329 P 78 cbff451ea
SCHED-TRACE 13554 70330 K 75 c81bcf5c2
SCHED-TRACE 13555 70330 P 78 cc1bd70a3
SCHED-TRACE 13556 70331 P 78 cc30947ad
SCHED-TRACE 13557 70387 I 75 cb6ac9
SCHED-TRACE 13558 70387 B 75 f0
SCHED-TRACE 13559 70387 P 75 cbe0a3d70
SCHED-TRACE 13560 70387 R 75 cbe0a3d70
SCHED-TRACE 13561 70388 U 4 cb6c0a
SCHED-TRACE 13562 70388 V 4 cb6cc5
SCHED-TRACE 13563 70388 O 0 0
SCHED-TRACE 13564 70388 P 75 cbfffffff
SCHED-TRACE 13565 70389 K 33 c8252d4fd
SCHED-TRACE 13566 70389 P 75 cc1c851eb
SCHED-TRACE 13567 70390 P 75 cc313d709
SCHED-TRACE 13568 70446 I 33 cb9581
SCHED-TRACE 13569 70446 B 33 f2
SCHED-TRACE 13570 70446 P 33 c8857df3a
SCHED-TRACE 13571 70446 R 33 c8857df3a
SCHED-TRACE 13572 70447 U 4 cb96c0
SCHED-TRACE 13573 70447 V 4 cb977b
SCHED-TRACE 13574 70447 O 0 0
SCHED-TRACE 13575 70447 P 33 c8889c28e
SCHED-TRACE 13576 70448 K 33 c8889c28e
SCHED-TRACE 13577 70448 P 33 c88b7851e
SCHED-TRACE 13578 70505 I 33 cbbffd
SCHED-TRACE 13579 70505 B 33 f3
SCHED-TRACE 13580 70505 P 33 c8ed47ae0
SCHED-TRACE 13581 70505 R 33 c8ed47ae0
SCHED-TRACE 13582 70506 U 4 cbc13e
SCHED-TRACE 13583 70506 V 4 cbc1f9
SCHED-TRACE 13584 70506 O 0 0
SCHED-TRACE 13585 70506 P 33 c8f066e97
SCHED-TRACE 13586 70507 K 33 c8f066e97
SCHED-TRACE 13587 70507 P 33 c8f3428f5
SCHED-TRACE 13588 70564 I 33 cbea80
SCHED-TRACE 13589 70564 B 33 f1
SCHED-TRACE 13590 70564 P 33 c95519580
SCHED-TRACE 13591 70564 R 33 c95519580
SCHED-TRACE 13592 70565 U 4 cbebbf
SCHED-TRACE 13593 70565 V 4 cbec7b
SCHED-TRACE 13594 70565 O 0 0
SCHED-TRACE 13595 70565 P 33 c95838936
SCHED-TRACE 13596 70566 K 33 c95838936
SCHED-TRACE 13597 70566 P 33 c95b12f1a
SCHED-TRACE 13598 70623 I 33 cc1502
SCHED-TRACE 13599 70623 B 33 f2
SCHED-TRACE 13600 70623 P 33 c9bceb438
SCHED-TRACE 13601 70623 R 33 c9bceb438
SCHED-TRACE 13602 70624 U 4 cc1643
SCHED-TRACE 13603 70624 V 4 cc16fe
SCHED-TRACE 13604 70624 O 0 0
SCHED-TRACE 13605 70624 P 33 c9c00ac07
SCHED-TRACE 13606 70625 K 33 c9c00ac07
SCHED-TRACE 13607 70625 P 33 c9c2e72af
SCHED-TRACE 13608 70682 I 33 cc3f87
SCHED-TRACE 13609 70682 B 33 f3
SCHED-TRACE 13610 70682 P 33 ca24bf7ce
SCHED-TRACE 13611 70682 R 33 ca24bf7ce
SCHED-TRACE 13612 70683 U 4 cc40c7
SCHED-TRACE 13613 70683 V 4 cc4182
SCHED-TRACE 13614 70683 O 0 0
SCHED-TRACE 13615 70683 P 33 ca27df7ce
SCHED-TRACE 13616 70684 K 33 ca27df7ce
SCHED-TRACE 13617 70684 P 33 ca2abb645
SCHED-TRACE 13618 70741 I 33 cc6a09
SCHED-TRACE 13619 70741 B 33 f3
SCHED-TRACE 13620 70741 P 33 ca8c91eb7
SCHED-TRACE 13621 70741 R 33 ca8c91eb7
SCHED-TRACE 13622 70742 U 4 cc6b49
SCHED-TRACE 13623 70742 V 4 cc6c04
SCHED-TRACE 13624 70742 O 0 0
SCHED-TRACE 13625 70742 P 33 ca8fb0e55
SCHED-TRACE 13626 70743 K 33 ca8fb0e55
SCHED-TRACE 13627 70743 P 33 ca928c49b
SCHED-TRACE 13628 70800 I 33 cc9485
SCHED-TRACE 13629 70800 B 33 f2
SCHED-TRACE 13630 70800 P 33 caf458d4f
SCHED-TRACE 13631 70800 R 33 caf458d4f
SCHED-TRACE 13632 70801 U 4 cc95c5
SCHED-TRACE 13633 70801 V 4 cc9680
SCHED-TRACE 13634 70801 O 0 0
SCHED-TRACE 13635 70801 P 33 caf776459
SCHED-TRACE 13636 70802 K 33 caf776459
SCHED-TRACE 13637 70802 P 33 cafa522d0
SCHED-TRACE 13638 70859 I 33 ccbf03
SCHED-TRACE 13639 70859 B 33 f2
SCHED-TRACE 13640 70859 P 33 cb5c23d70
SCHED-TRACE 13641 70859 R 33 cb5c23d70
SCHED-TRACE 13642 70860 U 4 ccc044
SCHED-TRACE 13643 70860 V 4 ccc0ff
SCHED-TRACE 13644 70860 O 0 0
SCHED-TRACE 13645 70860 P 33 cb5f44188
SCHED-TRACE 13646 70861 K 33 cb5f44188
SCHED-TRACE 13647 70861 P 33 cb621fbe6
SCHED-TRACE 13648 70918 I 33 cce985
SCHED-TRACE 13649 70918 B 33 f3
SCHED-TRACE 13650 70918 P 33 cbc3f4bc6
SCHED-TRACE 13651 70918 R 33 cbc3f4bc6
SCHED-TRACE 13652 70919 U 4 cceac5
SCHED-TRACE 13653 70919 V 4 cceb7f
SCHED-TRACE 13654 70919 O 0 0
SCHED-TRACE 13655 70919 P 33 cbc712f1a
SCHED-TRACE 13656 70920 K 33 cbc712f1a
SCHED-TRACE 13657 70920 P 33 cbc9eed90
SCHED-TRACE 13658 70977 I 33 cd1405
SCHED-TRACE 13659 70977 B 33 f3
SCHED-TRACE 13660 70977 P 33 cc2bc4dd2
SCHED-TRACE 13661 70977 R 33 cc2bc4dd2
SCHED-TRACE 13662 70978 U 4 cd1546
SCHED-TRACE 13663 70978 V 4 cd1601
SCHED-TRACE 13664 70978 O 0 0
SCHED-TRACE 13665 70978 P 33 cc2ee353f
SCHED-TRACE 13666 70979 K 42 cbe270a3c
SCHED-TRACE 13667 70979 P 33 cc31bf3b5
SCHED-TRACE 13668 70980 P 33 cc33d26e8
SCHED-TRACE 13669 71036 I 42 cd3ed8
SCHED-TRACE 13670 71036 B 42 f1
SCHED-TRACE 13671 71036 P 42 cfa80a3d6
SCHED-TRACE 13672 71036 R 42 cfa80a3d6
SCHED-TRACE 13673 71037 U 4 cd4018
SCHED-TRACE 13674 71037 V 4 cd40d4
SCHED-TRACE 13675 71037 O 0 0
SCHED-TRACE 13676 71037 P 42 cfc76b851
SCHED-TRACE 13677 71038 K 63 cbf2851eb
SCHED-TRACE 13678 71038 P 42 cfe4051ea
SCHED-TRACE 13679 71039 P 42 cff8c7ae0
SCHED-TRACE 13680 71095 I 63 cd69b2
SCHED-TRACE 13681 71095 B 63 f4
SCHED-TRACE 13682 71095 P 63 cfb8a3d70
SCHED-TRACE 13683 71095 R 63 cfb8a3d70
SCHED-TRACE 13684 71096 U 4 cd6af4
SCHED-TRACE 13685 71096 V 4 cd6bb0
SCHED-TRACE 13686 71096 O 0 0
SCHED-TRACE 13687 71096 P 63 cfd82b851
SCHED-TRACE 13688 71097 K 69 cbfbb851e
SCHED-TRACE 13689 71097 P 63 cff4c51eb
SCHED-TRACE 13690 71098 P 63 d0097ae14
SCHED-TRACE 13691 71154 I 69 cd9488
SCHED-TRACE 13692 71154 B 69 f1
SCHED-TRACE 13693 71154 P 69 cfc15c28e
SCHED-TRACE 13694 71154 R 69 cfc15c28e
SCHED-TRACE 13695 71155 U 4 cd95ca
SCHED-TRACE 13696 71155 V 4 cd9685
SCHED-TRACE 13697 71155 O 0 0
SCHED-TRACE 13698 71155 P 69 cfe0bd709
SCHED-TRACE 13699 71156 K 60 cc109eb84
SCHED-TRACE 13700 71156 P 69 cffd59998
SCHED-TRACE 13701 71157 P 69 d012170a3
SCHED-TRACE 13702 71213 I 60 cdbf5a
SCHED-TRACE 13703 71213 B 60 f4
SCHED-TRACE 13704 71213 P 60 cfd60cccb
SCHED-TRACE 13705 71213 R 60 cfd60cccb
SCHED-TRACE 13706 71214 U 4 cdc09b
SCHED-TRACE 13707 71214 V 4 cdc156
SCHED-TRACE 13708 71214 O 0 0
SCHED-TRACE 13709 71214 P 60 cff55eb84
SCHED-TRACE 13710 71215 K 36 cc21d1eb7
SCHED-TRACE 13711 71215 P 60 d011f851d
SCHED-TRACE 13712 71216 P 60 d026b851d
SCHED-TRACE 13713 71272 I 36 cdea34
SCHED-TRACE 13714 71272 B 36 f4
SCHED-TRACE 13715 71272 P 36 cfe7fffff
SCHED-TRACE 13716 71272 R 36 cfe7fffff
SCHED-TRACE 13717 71273 U 4 cdeb76
SCHED-TRACE 13718 71273 V 4 cdec31
SCHED-TRACE 13719 71273 O 0 0
SCHED-TRACE 13720 71273 P 36 d00763d6f
SCHED-TRACE 13721 71274 K 54 cc2b8f5c1
SCHED-TRACE 13722 71274 P 36 d023f0a3c
SCHED-TRACE 13723 71275 P 36 d038b0a3c
SCHED-TRACE 13724 71331 I 54 ce151a
SCHED-TRACE 13725 71331 B 54 f3
SCHED-TRACE 13726 71331 P 54 cff2c28f5
SCHED-TRACE 13727 71331 R 54 cff2c28f5
SCHED-TRACE 13728 71332 U 4 ce165e
SCHED-TRACE 13729 71332 V 4 ce171a
SCHED-TRACE 13730 71332 O 0 0
SCHED-TRACE 13731 71332 P 54 d012570a3
SCHED-TRACE 13732 71333 K 51 cc2d051eb
SCHED-TRACE 13733 71333 P 54 d02efd709
SCHED-TRACE 13734 71334 P 54 d043c28f5
SCHED-TRACE 13735 71390 I 51 ce4005
SCHED-TRACE 13736 71390 B 51 f4
SCHED-TRACE 13737 71390 P 51 cff447ae0
SCHED-TRACE 13738 71390 R 51 cff447ae0
SCHED-TRACE 13739 71391 U 4 ce4149
SCHED-TRACE 13740 71391 V 4 ce4204
SCHED-TRACE 13741 71391 O 0 0
SCHED-TRACE 13742 71391 P 51 d013deb84
SCHED-TRACE 13743 71392 K 72 cc2d5eb84
SCHED-TRACE 13744 71392 P 51 d0307ae14
SCHED-TRACE 13745 71393 P 51 d0453ffff
SCHED-TRACE 13746 71449 I 72 ce6ae8
SCHED-TRACE 13747 71449 B 72 f1
SCHED-TRACE 13748 71449 P 72 cff4170a3
SCHED-TRACE 13749 71449 R 72 cff4170a3
SCHED-TRACE 13750 71450 U 4 ce6c2a
SCHED-TRACE 13751 71450 V 4 ce6ce5
SCHED-TRACE 13752 71450 O 0 0
SCHED-TRACE 13753 71450 P 72 d01387ae0
SCHED-TRACE 13754 71451 K 57 cc2e35c28
SCHED-TRACE 13755 71451 P 72 d030147ad
SCHED-TRACE 13756 71452 P 72 d044d9999
SCHED-TRACE 13757 71508 I 57 ce95c6
SCHED-TRACE 13758 71508 B 57 f2
SCHED-TRACE 13759 71508 P 57 cff4ccccb
SCHED-TRACE 13760 71508 R 57 cff4ccccb
SCHED-TRACE 13761 71509 U 4 ce9709
SCHED-TRACE 13762 71509 V 4 ce97c5
SCHED-TRACE 13763 71509 O 0 0
SCHED-TRACE 13764 71509 P 57 d01466665
SCHED-TRACE 13765 71510 K 45 cc2e61479
SCHED-TRACE 13766 71510 P 57 d0310cccb
SCHED-TRACE 13767 71511 P 57 d045d1eb7
SCHED-TRACE 13768 71567 I 45 cec0a8
SCHED-TRACE 13769 71567 B 45 f5
SCHED-TRACE 13770 71567 P 45 cff528f5b
SCHED-TRACE 13771 71567 R 45 cff528f5b
SCHED-TRACE 13772 71568 U 4 cec1ec
SCHED-TRACE 13773 71568 V 4 cec2a7
SCHED-TRACE 13774 71568 O 0 0
SCHED-TRACE 13775 71568 P 45 d014bfffe
SCHED-TRACE 13776 71569 K 81 cc2ea147a
SCHED-TRACE 13777 71569 P 45 d03159998
SCHED-TRACE 13778 71570 P 45 d0461eb84
SCHED-TRACE 13779 71626 I 81 ceeb8a
SCHED-TRACE 13780 71626 B 81 f1
SCHED-TRACE 13781 71626 P 81 cff52b851
SCHED-TRACE 13782 71626 R 81 cff52b851
SCHED-TRACE 13783 71627 U 4 ceeccc
SCHED-TRACE 13784 71627 V 4 ceed87
SCHED-TRACE 13785 71627 O 0 0
SCHED-TRACE 13786 71627 P 81 d0148cccc
SCHED-TRACE 13787 71628 K 66 cc2ea6666
SCHED-TRACE 13788 71628 P 81 d0312147a
SCHED-TRACE 13789 71629 P 81 d045e6665
SCHED-TRACE 13790 71685 I 66 cf166d
SCHED-TRACE 13791 71685 B 66 f4
SCHED-TRACE 13792 71685 P 66 cff58a3d6
SCHED-TRACE 13793 71685 R 66 cff58a3d6
SCHED-TRACE 13794 71686 U 4 cf17b0
SCHED-TRACE 13795 71686 V 4 cf186b
SCHED-TRACE 13796 71686 O 0 0
SCHED-TRACE 13797 71686 P 66 d01519999
SCHED-TRACE 13798 71687 K 48 cc2f19998
SCHED-TRACE 13799 71687 P 66 d031b851e
SCHED-TRACE 13800 71688 P 66 d0467d709
SCHED-TRACE 13801 71744 I 48 cf4155
SCHED-TRACE 13802 71744 B 48 f3
SCHED-TRACE 13803 71744 P 48 cff628f5b
SCHED-TRACE 13804 71744 R 48 cff628f5b
SCHED-TRACE 13805 71745 U 4 cf4298
SCHED-TRACE 13806 71745 V 4 cf4354
SCHED-TRACE 13807 71745 O 0 0
SCHED-TRACE 13808 71745 P 48 d015c51ea
SCHED-TRACE 13809 71746 K 39 cc2feb851
SCHED-TRACE 13810 71746 P 48 d03268f5b
SCHED-TRACE 13811 71747 P 48 d04728f5b
SCHED-TRACE 13812 71803 I 39 cf6c39
SCHED-TRACE 13813 71803 B 39 f4
SCHED-TRACE 13814 71803 P 39 cff6b5c28
SCHED-TRACE 13815 71803 R 39 cff6b5c28
SCHED-TRACE 13816 71804 U 4 cf6d7a
SCHED-TRACE 13817 71804 V 4 cf6e35
SCHED-TRACE 13818 71804 O 0 0
SCHED-TRACE 13819 71804 P 39 d015f0a3c
SCHED-TRACE 13820 71805 K 78 cc30947ad
SCHED-TRACE 13821 71805 P 39 d03291eb7
SCHED-TRACE 13822 71806 P 39 d047570a3
SCHED-TRACE 13823 71862 I 78 cf971b
SCHED-TRACE 13824 71862 B 78 f4
SCHED-TRACE 13825 71862 P 78 cff768f5b
SCHED-TRACE 13826 71862 R 78 cff768f5b
SCHED-TRACE 13827 71863 U 4 cf985d
SCHED-TRACE 13828 71863 V 4 cf9919
SCHED-TRACE 13829 71863 O 0 0
SCHED-TRACE 13830 71863 P 78 d016e6665
SCHED-TRACE 13831 71864 K 75 cc313d709
SCHED-TRACE 13832 71864 P 78 d0338a3d6
SCHED-TRACE 13833 71865 P 78 d04851eb7
SCHED-TRACE 13834 71921 I 75 cfc201
SCHED-TRACE 13835 71921 B 75 f4
SCHED-TRACE 13836 71921 P 75 cff830a3d
SCHED-TRACE 13837 71921 R 75 cff830a3d
SCHED-TRACE 13838 71922 U 4 cfc343
SCHED-TRACE 13839 71922 V 4 cfc3ff
SCHED-TRACE 13840 71922 O 0 0
SCHED-TRACE 13841 71922 P 75 d017b0a3d
SCHED-TRACE 13842 71923 K 33 cc33d26e8
SCHED-TRACE 13843 71923 P 75 d03459999
SCHED-TRACE 13844 71924 P 75 d04919999
SCHED-TRACE 13845 71980 I 33 cfece7
SCHED-TRACE 13846 71980 B 33 f5
SCHED-TRACE 13847 71980 P 33 cc94849b9
SCHED-TRACE 13848 71980 R 33 cc94849b9
SCHED-TRACE 13849 71981 U 4 cfee28
SCHED-TRACE 13850 71981 V 4 cfeee3
SCHED-TRACE 13851 71981 O 0 0
SCHED-TRACE 13852 71981 P 33 cc97a353f
SCHED-TRACE 13853 71982 K 33 cc97a353f
SCHED-TRACE 13854 71982 P 33 cc9a80418
SCHED-TRACE 13855 72039 I 33 d01785
SCHED-TRACE 13856 72039 B 33 f1
SCHED-TRACE 13857 72039 P 33 ccfc8fdf3
SCHED-TRACE 13858 72039 R 33 ccfc8fdf3
SCHED-TRACE 13859 72040 U 4 d018c6
SCHED-TRACE 13860 72040 V 4 d01981
SCHED-TRACE 13861 72040 O 0 0
SCHED-TRACE 13862 72040 P 33 ccffb1a9f
SCHED-TRACE 13863 72041 K 33 ccffb1a9f
SCHED-TRACE 13864 72041 P 33 cd028ed90
SCHED-TRACE 13865 72098 I 33 d04224
SCHED-TRACE 13866 72098 B 33 f3
SCHED-TRACE 13867 72098 P 33 cd649ef9d
SCHED-TRACE 13868 72098 R 33 cd649ef9d
SCHED-TRACE 13869 72099 U 4 d04364
SCHED-TRACE 13870 72099 V 4 d04420
SCHED-TRACE 13871 72099 O 0 0
SCHED-TRACE 13872 72099 P 33 cd67c20c4
SCHED-TRACE 13873 72100 K 33 cd67c20c4
SCHED-TRACE 13874 72100 P 33 cd6a9eb84
SCHED-TRACE 13875 72157 I 33 d06cc2
SCHED-TRACE 13876 72157 B 33 f4
SCHED-TRACE 13877 72157 P 33 cdccaf5c2
SCHED-TRACE 13878 72157 R 33 cdccaf5c2
SCHED-TRACE 13879 72158 U 4 d06e03
SCHED-TRACE 13880 72158 V 4 d06ebd
SCHED-TRACE 13881 72158 O 0 0
SCHED-TRACE 13882 72158 P 33 cdcfcd4fd
SCHED-TRACE 13883 72159 K 33 cdcfcd4fd
SCHED-TRACE 13884 72159 P 33 cdd2a9fbd
SCHED-TRACE 13885 72216 I 33 d09759
SCHED-TRACE 13886 72216 B 33 f2
SCHED-TRACE 13887 72216 P 33 ce34ae978
SCHED-TRACE 13888 72216 R 33 ce34ae978
SCHED-TRACE 13889 72217 U 4 d0989a
SCHED-TRACE 13890 72217 V 4 d09955
SCHED-TRACE 13891 72217 O 0 0
SCHED-TRACE 13892 72217 P 33 ce37d020b
SCHED-TRACE 13893 72218 K 33 ce37d020b
SCHED-TRACE 13894 72218 P 33 ce3aad916
SCHED-TRACE 13895 72275 I 33 d0c1f2
SCHED-TRACE 13896 72275 B 33 f3
SCHED-TRACE 13897 72275 P 33 ce9cb5c28
SCHED-TRACE 13898 72275 R 33 ce9cb5c28
SCHED-TRACE 13899 72276 U 4 d0c333
SCHED-TRACE 13900 72276 V 4 d0c3ef
SCHED-TRACE 13901 72276 O 0 0
SCHED-TRACE 13902 72276 P 33 ce9fd9167
SCHED-TRACE 13903 72277 K 33 ce9fd9167
SCHED-TRACE 13904 72277 P 33 cea2b6872
SCHED-TRACE 13905 72334 I 33 d0ec92
SCHED-TRACE 13906 72334 B 33 f4
SCHED-TRACE 13907 72334 P 33 cf04c6665
SCHED-TRACE 13908 72334 R 33 cf04c6665
SCHED-TRACE 13909 72335 U 4 d0edd3
SCHED-TRACE 13910 72335 V 4 d0ee8d
SCHED-TRACE 13911 72335 O 0 0
SCHED-TRACE 13912 72335 P 33 cf07e4dd2
SCHED-TRACE 13913 72336 K 33 cf07e4dd2
SCHED-TRACE 13914 72336 P 33 cf0ac1cab
SCHED-TRACE 13915 72393 I 33 d11730
SCHED-TRACE 13916 72393 B 33 f2
SCHED-TRACE 13917 72393 P 33 cf6cd4fde
SCHED-TRACE 13918 72393 R 33 cf6cd4fde
SCHED-TRACE 13919 72394 U 4 d11872
SCHED-TRACE 13920 72394 V 4 d1192d
SCHED-TRACE 13921 72394 O 0 0
SCHED-TRACE 13922 72394 P 33 cf6ff8105
SCHED-TRACE 13923 72395 K 33 cf6ff8105
SCHED-TRACE 13924 72395 P 33 cf72d580f
SCHED-TRACE 13925 72452 I 33 d141d3
SCHED-TRACE 13926 72452 B 33 f3
SCHED-TRACE 13927 72452 P 33 cfd4e978c
SCHED-TRACE 13928 72452 R 33 cfd4e978c
SCHED-TRACE 13929 72453 U 4 d14313
SCHED-TRACE 13930 72453 V 4 d143cf
SCHED-TRACE 13931 72453 O 0 0
SCHED-TRACE 13932 72453 P 33 cfd80d0e4
SCHED-TRACE 13933 72454 K 33 cfd80d0e4
SCHED-TRACE 13934 72454 P 33 cfdaeb851
SCHED-TRACE 13935 72511 I 33 d16c76
SCHED-TRACE 13936 72511 B 33 f5
SCHED-TRACE 13937 72511 P 33 d03d028f5
SCHED-TRACE 13938 72511 R 33 d03d028f5
SCHED-TRACE 13939 72512 U 4 d16db7
SCHED-TRACE 13940 72512 V 4 d16e71
SCHED-TRACE 13941 72512 O 0 0
SCHED-TRACE 13942 72512 P 33 d0402147a
SCHED-TRACE 13943 72513 K 42 cff8c7ae0
SCHED-TRACE 13944 72513 P 33 d042fdf3a
SCHED-TRACE 13945 72514 P 33 d04511eb7
SCHED-TRACE 13946 72570 I 42 d19760
SCHED-TRACE 13947 72570 B 42 f2
SCHED-TRACE 13948 72570 P 42 d3c04f5c1
SCHED-TRACE 13949 72570 R 42 d3c04f5c1
SCHED-TRACE 13950 72571 U 4 d198a2
SCHED-TRACE 13951 72571 V 4 d1995d
SCHED-TRACE 13952 72571 O 0 0
SCHED-TRACE 13953 72571 P 42 d3dfb5c28
SCHED-TRACE 13954 72572 K 63 d0097ae14
SCHED-TRACE 13955 72572 P 42 d3fc51eb7
SCHED-TRACE 13956 72573 P 42 d411170a2
SCHED-TRACE 13957 72629 I 63 d1c245
SCHED-TRACE 13958 72629 B 63 f3
SCHED-TRACE 13959 72629 P 63 d3d033332
SCHED-TRACE 13960 72629 R 63 d3d033332
SCHED-TRACE 13961 72630 U 4 d1c388
SCHED-TRACE 13962 72630 V 4 d1c443
SCHED-TRACE 13963 72630 O 0 0
SCHED-TRACE 13964 72630 P 63 d3efc7ae0
SCHED-TRACE 13965 72631 K 69 d012170a3
SCHED-TRACE 13966 72631 P 63 d40c5eb84
SCHED-TRACE 13967 72632 P 63 d4211c28e
SCHED-TRACE 13968 72688 I 69 d1ed2e
SCHED-TRACE 13969 72688 B 69 f4
SCHED-TRACE 13970 72688 P 69 d3d8fffff
SCHED-TRACE 13971 72688 R 69 d3d8fffff
SCHED-TRACE 13972 72689 U 4 d1ee71
SCHED-TRACE 13973 72689 V 4 d1ef2c
SCHED-TRACE 13974 72689 O 0 0
SCHED-TRACE 13975 72689 P 69 d3f870a3c
SCHED-TRACE 13976 72690 K 60 d026b851d
SCHED-TRACE 13977 72690 P 69 d4150a3d6
SCHED-TRACE 13978 72691 P 69 d429c51ea
SCHED-TRACE 13979 72747 I 60 d21812
SCHED-TRACE 13980 72747 B 60 f2
SCHED-TRACE 13981 72747 P 60 d3ed2b850
SCHED-TRACE 13982 72747 R 60 d3ed2b850
SCHED-TRACE 13983 72748 U 4 d21953
SCHED-TRACE 13984 72748 V 4 d21a0f
SCHED-TRACE 13985 72748 O 0 0
SCHED-TRACE 13986 72748 P 60 d40c828f4
SCHED-TRACE 13987 72749 K 36 d038b0a3c
SCHED-TRACE 13988 72749 P 60 d4292b850
SCHED-TRACE 13989 72750 P 60 d43deb850
SCHED-TRACE 13990 72806 I 36 d242f6
SCHED-TRACE 13991 72806 B 36 f5
SCHED-TRACE 13992 72806 P 36 d3ff30a3c
SCHED-TRACE 13993 72806 R 36 d3ff30a3c
SCHED-TRACE 13994 72807 U 4 d24438
SCHED-TRACE 13995 72807 V 4 d244f4
SCHED-TRACE 13996 72807 O 0 0
SCHED-TRACE 13997 72807 P 36 d41ea3d6f
SCHED-TRACE 13998 72808 K 54 d043c28f5
SCHED-TRACE 13999 72808 P 36 d43b3ae13
SCHED-TRACE 14000 72809 P 36 d44ffd709
SCHED-TRACE 14001 72865 I 54 d26ddb
SCHED-TRACE 14002 72865 B 54 f3
SCHED-TRACE 14003 72865 P 54 d40a63d6f
SCHED-TRACE 14004 72865 R 54 d40a63d6f
SCHED-TRACE 14005 72866 U 4 d26f1d
SCHED-TRACE 14006 72866 V 4 d26fd8
SCHED-TRACE 14007 72866 O 0 0
SCHED-TRACE 14008 72866 P 54 d429ee147
SCHED-TRACE 14009 72867 K 72 d044d9999
SCHED-TRACE 14010 72867 P 54 d4468a3d6
SCHED-TRACE 14011 72868 P 54 d45b428f5
SCHED-TRACE 14012 72924 I 72 d298b1
SCHED-TRACE 14013 72924 B 72 f2
SCHED-TRACE 14014 72924 P 72 d40a6e147
SCHED-TRACE 14015 72924 R 72 d40a6e147
SCHED-TRACE 14016 72925 U 4 d299f4
SCHED-TRACE 14017 72925 V 4 d29aaf
SCHED-TRACE 14018 72925 O 0 0
SCHED-TRACE 14019 72925 P 72 d429deb84
SCHED-TRACE 14020 72926 K 33 d04511eb7
SCHED-TRACE 14021 72926 P 72 d446828f5
SCHED-TRACE 14022 72927 P 72 d45b428f5
SCHED-TRACE 14023 72983 I 33 d2c384
SCHED-TRACE 14024 72983 B 33 f6
SCHED-TRACE 14025 72983 P 33 d0a5970a3
SCHED-TRACE 14026 72983 R 33 d0a5970a3
SCHED-TRACE 14027 72984 U 4 d2c4c5
SCHED-TRACE 14028 72984 V 4 d2c580
SCHED-TRACE 14029 72984 O 0 0
SCHED-TRACE 14030 72984 P 33 d0a8b74bb
SCHED-TRACE 14031 72985 K 51 d0453ffff
SCHED-TRACE 14032 72985 P 33 d0ab93332
SCHED-TRACE 14033 72986 P 33 d0ada6e97
SCHED-TRACE 14034 73042 I 51 d2ee69
SCHED-TRACE 14035 73042 B 51 f4
SCHED-TRACE 14036 73042 P 51 d40c35c28
SCHED-TRACE 14037 73042 R 51 d40c35c28
SCHED-TRACE 14038 73043 U 4 d2efac
SCHED-TRACE 14039 73043 V 4 d2f067
SCHED-TRACE 14040 73043 O 0 0
SCHED-TRACE 14041 73043 P 51 d42bcf5c2
SCHED-TRACE 14042 73044 K 57 d045d1eb7
SCHED-TRACE 14043 73044 P 51 d4486e147
SCHED-TRACE 14044 73045 P 51 d45d2b851
SCHED-TRACE 14045 73101 I 57 d31950
SCHED-TRACE 14046 73101 B 57 f5
SCHED-TRACE 14047 73101 P 57 d40ca6665
SCHED-TRACE 14048 73101 R 57 d40ca6665
SCHED-TRACE 14049 73102 U 4 d31a94
SCHED-TRACE 14050 73102 V 4 d31b4f
SCHED-TRACE 14051 73102 O 0 0
SCHED-TRACE 14052 73102 P 57 d42c3d709
SCHED-TRACE 14053 73103 K 81 d045e6665
SCHED-TRACE 14054 73103 P 57 d448d70a2
SCHED-TRACE 14055 73104 P 57 d45d8a3d6
SCHED-TRACE 14056 73160 I 81 d34433
SCHED-TRACE 14057 73160 B 81 f0
SCHED-TRACE 14058 73160 P 81 d40c4f5c2
SCHED-TRACE 14059 73160 R 81 d40c4f5c2
SCHED-TRACE 14060 73161 U 4 d34574
SCHED-TRACE 14061 73161 V 4 d3462f
SCHED-TRACE 14062 73161 O 0 0
SCHED-TRACE 14063 73161 P 81 d42ba3d70
SCHED-TRACE 14064 73162 K 45 d0461eb84
SCHED-TRACE 14065 73162 P 81 d448428f5
SCHED-TRACE 14066 73163 P 81 d45d051eb
SCHED-TRACE 14067 73219 I 45 d36f17
SCHED-TRACE 14068 73219 B 45 f3
SCHED-TRACE 14069 73219 P 45 d40ce3d6f
SCHED-TRACE 14070 73219 R 45 d40ce3d6f
SCHED-TRACE 14071 73220 U 4 d3705b
SCHED-TRACE 14072 73220 V 4 d37117
SCHED-TRACE 14073 73220 O 0 0
SCHED-TRACE 14074 73220 P 45 d42c87ae0
SCHED-TRACE 14075 73221 K 66 d0467d709
SCHED-TRACE 14076 73221 P 45 d44921479
SCHED-TRACE 14077 73222 P 45 d45de1479
SCHED-TRACE 14078 73278 I 66 d399fc
SCHED-TRACE 14079 73278 B 66 f4
SCHED-TRACE 14080 73278 P 66 d40d07ae0
SCHED-TRACE 14081 73278 R 66 d40d07ae0
SCHED-TRACE 14082 73279 U 4 d39b3f
SCHED-TRACE 14083 73279 V 4 d39bfb
SCHED-TRACE 14084 73279 O 0 0
SCHED-TRACE 14085 73279 P 66 d42c9c28f
SCHED-TRACE 14086 73280 K 48 d04728f5b
SCHED-TRACE 14087 73280 P 66 d4492b851
SCHED-TRACE 14088 73281 P 66 d45ddeb84
SCHED-TRACE 14089 73337 I 48 d3c4df
SCHED-TRACE 14090 73337 B 48 ef
SCHED-TRACE 14091 73337 P 48 d40d9eb83
SCHED-TRACE 14092 73337 R 48 d40d9eb83
SCHED-TRACE 14093 73338 U 4 d3c622
SCHED-TRACE 14094 73338 V 4 d3c6dd
SCHED-TRACE 14095 73338 O 0 0
SCHED-TRACE 14096 73338 P 48 d42d21479
SCHED-TRACE 14097 73339 K 39 d047570a3
SCHED-TRACE 14098 73339 P 48 d449c28f4
SCHED-TRACE 14099 73340 P 48 d45e851ea
SCHED-TRACE 14100 73396 I 39 d3efc2
SCHED-TRACE 14101 73396 B 39 f5
SCHED-TRACE 14102 73396 P 39 d40da147a
SCHED-TRACE 14103 73396 R 39 d40da147a
SCHED-TRACE 14104 73397 U 4 d3f103
SCHED-TRACE 14105 73397 V 4 d3f1bf
SCHED-TRACE 14106 73397 O 0 0
SCHED-TRACE 14107 73397 P 39 d42d07ae0
SCHED-TRACE 14108 73398 K 78 d04851eb7
SCHED-TRACE 14109 73398 P 39 d449ab851
SCHED-TRACE 14110 73399 P 39 d45e68f5b
SCHED-TRACE 14111 73455 I 78 d41aa7
SCHED-TRACE 14112 73455 B 78 f3
SCHED-TRACE 14113 73455 P 78 d40efae13
SCHED-TRACE 14114 73455 R 78 d40efae13
SCHED-TRACE 14115 73456 U 4 d41bea
SCHED-TRACE 14116 73456 V 4 d41ca5
SCHED-TRACE 14117 73456 O 0 0
SCHED-TRACE 14118 73456 P 78 d42e7ae13
SCHED-TRACE 14119 73457 K 75 d04919999
SCHED-TRACE 14120 73457 P 78 d44afae13
SCHED-TRACE 14121 73458 P 78 d45fae146
SCHED-TRACE 14122 73514 I 75 d4458e
SCHED-TRACE 14123 73514 B 75 f1
SCHED-TRACE 14124 73514 P 75 d40fc7ae0
SCHED-TRACE 14125 73514 R 75 d40fc7ae0
SCHED-TRACE 14126 73515 U 4 d446cf
SCHED-TRACE 14127 73515 V 4 d4478a
SCHED-TRACE 14128 73515 O 0 0
SCHED-TRACE 14129 73515 P 75 d42f3851e
SCHED-TRACE 14130 73516 K 33 d0ada6e97
SCHED-TRACE 14131 73516 P 75 d44bdeb84
SCHED-TRACE 14132 73517 P 75 d46099999
SCHED-TRACE 14133 73573 I 33 d4706a
SCHED-TRACE 14134 73573 B 33 f5
SCHED-TRACE 14135 73573 P 33 d10e3ced8
SCHED-TRACE 14136 73573 R 33 d10e3ced8
SCHED-TRACE 14137 73574 U 4 d471aa
SCHED-TRACE 14138 73574 V 4 d47265
SCHED-TRACE 14139 73574 O 0 0
SCHED-TRACE 14140 73574 P 33 d1115be76
SCHED-TRACE 14141 73575 K 33 d1115be76
SCHED-TRACE 14142 73575 P 33 d11438936
SCHED-TRACE 14143 73632 I 33 d49afb
SCHED-TRACE 14144 73632 B 33 f4
SCHED-TRACE 14145 73632 P 33 d1762624d
SCHED-TRACE 14146 73632 R 33 d1762624d
SCHED-TRACE 14147 73633 U 4 d49c3c
SCHED-TRACE 14148 73633 V 4 d49cf8
SCHED-TRACE 14149 73633 O 0 0
SCHED-TRACE 14150 73633 P 33 d17948311
SCHED-TRACE 14151 73634 K 33 d17948311
SCHED-TRACE 14152 73634 P 33 d17c228f5
SCHED-TRACE 14153 73691 I 33 d4c58e
SCHED-TRACE 14154 73691 B 33 f3
SCHED-TRACE 14155 73691 P 33 d1de14fde
SCHED-TRACE 14156 73691 R 33 d1de14fde
SCHED-TRACE 14157 73692 U 4 d4c6ce
SCHED-TRACE 14158 73692 V 4 d4c789
SCHED-TRACE 14159 73692 O 0 0
SCHED-TRACE 14160 73692 P 33 d1e134fde
SCHED-TRACE 14161 73693 K 33 d1e134fde
SCHED-TRACE 14162 73693 P 33 d1e411eb7
SCHED-TRACE 14163 73750 I 33 d4f022
SCHED-TRACE 14164 73750 B 33 f4
SCHED-TRACE 14165 73750 P 33 d24606a7e
SCHED-TRACE 14166 73750 R 33 d24606a7e
SCHED-TRACE 14167 73751 U 4 d4f162
SCHED-TRACE 14168 73751 V 4 d4f21e
SCHED-TRACE 14169 73751 O 0 0
SCHED-TRACE 14170 73751 P 33 d24926a7e
SCHED-TRACE 14171 73752 K 33 d24926a7e
SCHED-TRACE 14172 73752 P 33 d24c0353f
SCHED-TRACE 14173 73809 I 33 d51aba
SCHED-TRACE 14174 73809 B 33 f3
SCHED-TRACE 14175 73809 P 33 d2adfba5d
SCHED-TRACE 14176 73809 R 33 d2adfba5d
SCHED-TRACE 14177 73810 U 4 d51bfa
SCHED-TRACE 14178 73810 V 4 d51cb6
SCHED-TRACE 14179 73810 O 0 0
SCHED-TRACE 14180 73810 P 33 d2b11e76c
SCHED-TRACE 14181 73811 K 33 d2b11e76c
SCHED-TRACE 14182 73811 P 33 d2b3f851e
SCHED-TRACE 14183 73868 I 33 d54554
SCHED-TRACE 14184 73868 B 33 f1
SCHED-TRACE 14185 73868 P 33 d315f6459
SCHED-TRACE 14186 73868 R 33 d315f6459
SCHED-TRACE 14187 73869 U 4 d54694
SCHED-TRACE 14188 73869 V 4 d5474f
SCHED-TRACE 14189 73869 O 0 0
SCHED-TRACE 14190 73869 P 33 d319170a3
SCHED-TRACE 14191 73870 K 33 d319170a3
SCHED-TRACE 14192 73870 P 33 d31bf4395
SCHED-TRACE 14193 73927 I 33 d56fec
SCHED-TRACE 14194 73927 B 33 f4
SCHED-TRACE 14195 73927 P 33 d37df020b
SCHED-TRACE 14196 73927 R 33 d37df020b
SCHED-TRACE 14197 73928 U 4 d5712d
SCHED-TRACE 14198 73928 V 4 d571e9
SCHED-TRACE 14199 73928 O 0 0
SCHED-TRACE 14200 73928 P 33 d381122d0
SCHED-TRACE 14201 73929 K 33 d381122d0
SCHED-TRACE 14202 73929 P 33 d383ef1a9
SCHED-TRACE 14203 73986 I 33 d59a86
SCHED-TRACE 14204 73986 B 33 f3
SCHED-TRACE 14205 73986 P 33 d3e5ea7ef
SCHED-TRACE 14206 73986 R 33 d3e5ea7ef
SCHED-TRACE 14207 73987 U 4 d59bc7
SCHED-TRACE 14208 73987 V 4 d59c83
SCHED-TRACE 14209 73987 O 0 0
SCHED-TRACE 14210 73987 P 33 d3e90d0e4
SCHED-TRACE 14211 73988 K 33 d3e90d0e4
SCHED-TRACE 14212 73988 P 33 d3ebe6665
SCHED-TRACE 14213 74046 I 33 d5c54a
SCHED-TRACE 14214 74046 B 33 ef
SCHED-TRACE 14215 74046 P 33 d44eb4fde
SCHED-TRACE 14216 74046 R 33 d44eb4fde
SCHED-TRACE 14217 74047 U 4 d5c688
SCHED-TRACE 14218 74047 V 4 d5c742
SCHED-TRACE 14219 74047 O 0 0
SCHED-TRACE 14220 74047 P 33 d451ce978
SCHED-TRACE 14221 74048 K 42 d411170a2
SCHED-TRACE 14222 74048 P 33 d454a624d
SCHED-TRACE 14223 74049 P 33 d456b7ced
SCHED-TRACE 14224 74105 I 42 d5efca
SCHED-TRACE 14225 74105 B 42 ef
SCHED-TRACE 14226 74105 P 42 d7d1970a2
SCHED-TRACE 14227 74105 R 42 d7d1970a2
SCHED-TRACE 14228 74106 U 4 d5f109
SCHED-TRACE 14229 74106 V 4 d5f1c2
SCHED-TRACE 14230 74106 O 0 0
SCHED-TRACE 14231 74106 P 42 d7f0a147a
SCHED-TRACE 14232 74107 K 63 d4211c28e
SCHED-TRACE 14233 74107 P 42 d80d19998
SCHED-TRACE 14234 74108 P 42 d821ccccb
SCHED-TRACE 14235 74164 I 63 d61a5a
SCHED-TRACE 14236 74164 B 63 ee
SCHED-TRACE 14237 74164 P 63 d7e2c51eb
SCHED-TRACE 14238 74164 R 63 d7e2c51eb
SCHED-TRACE 14239 74165 U 4 d61b9b
SCHED-TRACE 14240 74165 V 4 d61c55
SCHED-TRACE 14241 74165 O 0 0
SCHED-TRACE 14242 74165 P 63 d80207ae0
SCHED-TRACE 14243 74166 K 69 d429c51ea
SCHED-TRACE 14244 74166 P 63 d81e8a3d6
SCHED-TRACE 14245 74167 P 63 d833428f5
SCHED-TRACE 14246 74223 I 69 d644ee
SCHED-TRACE 14247 74223 B 69 f1
SCHED-TRACE 14248 74223 P 69 d7eb47ae0
SCHED-TRACE 14249 74223 R 69 d7eb47ae0
SCHED-TRACE 14250 74224 U 4 d6462e
SCHED-TRACE 14251 74224 V 4 d646e8
SCHED-TRACE 14252 74224 O 0 0
SCHED-TRACE 14253 74224 P 69 d80a8f5c1
SCHED-TRACE 14254 74225 K 60 d43deb850
SCHED-TRACE 14255 74225 P 69 d82707ae0
SCHED-TRACE 14256 74226 P 69 d83bb5c28
SCHED-TRACE 14257 74282 I 60 d66f87
SCHED-TRACE 14258 74282 B 60 f0
SCHED-TRACE 14259 74282 P 60 d7ffc28f4
SCHED-TRACE 14260 74282 R 60 d7ffc28f4
SCHED-TRACE 14261 74283 U 4 d670c6
SCHED-TRACE 14262 74283 V 4 d6717f
SCHED-TRACE 14263 74283 O 0 0
SCHED-TRACE 14264 74283 P 60 d81ecf5c1
SCHED-TRACE 14265 74284 K 36 d44ffd709
SCHED-TRACE 14266 74284 P 60 d83b4f5c1
SCHED-TRACE 14267 74285 P 60 d850028f4
SCHED-TRACE 14268 74341 I 36 d69a23
SCHED-TRACE 14269 74341 B 36 ef
SCHED-TRACE 14270 74341 P 36 d8122e146
SCHED-TRACE 14271 74341 R 36 d8122e146
SCHED-TRACE 14272 74342 U 4 d69b63
SCHED-TRACE 14273 74342 V 4 d69c1d
SCHED-TRACE 14274 74342 O 0 0
SCHED-TRACE 14275 74342 P 36 d8315eb84
SCHED-TRACE 14276 74343 K 33 d456b7ced
SCHED-TRACE 14277 74343 P 36 d84df0a3c
SCHED-TRACE 14278 74344 P 36 d862a3d6f
SCHED-TRACE 14279 74400 I 33 d6c4bf
SCHED-TRACE 14280 74400 B 33 f1
SCHED-TRACE 14281 74400 P 33 d4b6e6a7e
SCHED-TRACE 14282 74400 R 33 d4b6e6a7e
SCHED-TRACE 14283 74401 U 4 d6c5ff
SCHED-TRACE 14284 74401 V 4 d6c6b9
SCHED-TRACE 14285 74401 O 0 0
SCHED-TRACE 14286 74401 P 33 d4ba04dd2
SCHED-TRACE 14287 74402 K 54 d45b428f5
SCHED-TRACE 14288 74402 P 33 d4bcdeb84
SCHED-TRACE 14289 74403 P 33 d4bef126e
SCHED-TRACE 14290 74459 I 54 d6ef74
SCHED-TRACE 14291 74459 B 54 f1
SCHED-TRACE 14292 74459 P 54 d81f3ae13
SCHED-TRACE 14293 74459 R 54 d81f3ae13
SCHED-TRACE 14294 74460 U 4 d6f0b6
SCHED-TRACE 14295 74460 V 4 d6f170
SCHED-TRACE 14296 74460 O 0 0
SCHED-TRACE 14297 74460 P 54 d83e970a3
SCHED-TRACE 14298 74461 K 72 d45b428f5
SCHED-TRACE 14299 74461 P 54 d85b1c28e
SCHED-TRACE 14300 74462 P 54 d86fd70a3
SCHED-TRACE 14301 74518 I 72 d71a2b
SCHED-TRACE 14302 74518 B 72 f0
SCHED-TRACE 14303 74518 P 72 d81f26665
SCHED-TRACE 14304 74518 R 72 d81f26665
SCHED-TRACE 14305 74519 U 4 d71b6c
SCHED-TRACE 14306 74519 V 4 d71c27
SCHED-TRACE 14307 74519 O 0 0
SCHED-TRACE 14308 74519 P 72 d83e828f5
SCHED-TRACE 14309 74520 K 81 d45d051eb
SCHED-TRACE 14310 74520 P 72 d85b147ad
SCHED-TRACE 14311 74521 P 72 d86fcf5c2
SCHED-TRACE 14312 74577 I 81 d744d7
SCHED-TRACE 14313 74577 B 81 f1
SCHED-TRACE 14314 74577 P 81 d82011eb7
SCHED-TRACE 14315 74577 R 81 d82011eb7
SCHED-TRACE 14316 74578 U 4 d74618
SCHED-TRACE 14317 74578 V 4 d746d2
SCHED-TRACE 14318 74578 O 0 0
SCHED-TRACE 14319 74578 P 81 d83f63d70
SCHED-TRACE 14320 74579 K 51 d45d2b851
SCHED-TRACE 14321 74579 P 81 d85be6665
SCHED-TRACE 14322 74580 P 81 d870a147a
SCHED-TRACE 14323 74636 I 51 d76f93
SCHED-TRACE 14324 74636 B 51 f1
SCHED-TRACE 14325 74636 P 51 d82191eb7
SCHED-TRACE 14326 74636 R 51 d82191eb7
SCHED-TRACE 14327 74637 U 4 d770d4
SCHED-TRACE 14328 74637 V 4 d7718e
SCHED-TRACE 14329 74637 O 0 0
SCHED-TRACE 14330 74637 P 51 d840f5c28
SCHED-TRACE 14331 74638 K 57 d45d8a3d6
SCHED-TRACE 14332 74638 P 51 d85d7ffff
SCHED-TRACE 14333 74639 P 51 d8723851e
SCHED-TRACE 14334 74695 I 57 d79a4f
SCHED-TRACE 14335 74695 B 57 f1
SCHED-TRACE 14336 74695 P 57 d821d9998
SCHED-TRACE 14337 74695 R 57 d821d9998
SCHED-TRACE 14338 74696 U 4 d79b92
SCHED-TRACE 14339 74696 V 4 d79c4c
SCHED-TRACE 14340 74696 O 0 0
SCHED-TRACE 14341 74696 P 57 d8413ffff
SCHED-TRACE 14342 74697 K 66 d45ddeb84
SCHED-TRACE 14343 74697 P 57 d85dd70a2
SCHED-TRACE 14344 74698 P 57 d87291eb7
SCHED-TRACE 14345 74754 I 66 d7c4ff
SCHED-TRACE 14346 74754 B 66 f3
SCHED-TRACE 14347 74754 P 66 d821147ad
SCHED-TRACE 14348 74754 R 66 d821147ad
SCHED-TRACE 14349 74755 U 4 d7c640
SCHED-TRACE 14350 74755 V 4 d7c6fb
SCHED-TRACE 14351 74755 O 0 0
SCHED-TRACE 14352 74755 P 66 d8407ae14
SCHED-TRACE 14353 74756 K 45 d45de1479
SCHED-TRACE 14354 74756 P 66 d85cfffff
SCHED-TRACE 14355 74757 P 66 d871bae14
SCHED-TRACE 14356 74813 I 45 d7efb9
SCHED-TRACE 14357 74813 B 45 f2
SCHED-TRACE 14358 74813 P 45 d821d1eb7
SCHED-TRACE 14359 74813 R 45 d821d1eb7
SCHED-TRACE 14360 74814 U 4 d7f0fb
SCHED-TRACE 14361 74814 V 4 d7f1b5
SCHED-TRACE 14362 74814 O 0 0
SCHED-TRACE 14363 74814 P 45 d8413fffe
SCHED-TRACE 14364 74815 K 39 d45e68f5b
SCHED-TRACE 14365 74815 P 45 d85dca3d5
SCHED-TRACE 14366 74816 P 45 d8727fffe
SCHED-TRACE 14367 74872 I 39 d81a75
SCHED-TRACE 14368 74872 B 39 f0
SCHED-TRACE 14369 74872 P 39 d82273332
SCHED-TRACE 14370 74872 R 39 d82273332
SCHED-TRACE 14371 74873 U 4 d81bb6
SCHED-TRACE 14372 74873 V 4 d81c70
SCHED-TRACE 14373 74873 O 0 0
SCHED-TRACE 14374 74873 P 39 d841b3332
SCHED-TRACE 14375 74874 K 48 d45e851ea
SCHED-TRACE 14376 74874 P 39 d85e47ae0
SCHED-TRACE 14377 74875 P 39 d873051ea
SCHED-TRACE 14378 74931 I 48 d8452d
SCHED-TRACE 14379 74931 B 48 f2
SCHED-TRACE 14380 74931 P 48 d82261479
SCHED-TRACE 14381 74931 R 48 d82261479
SCHED-TRACE 14382 74932 U 4 d84670
SCHED-TRACE 14383 74932 V 4 d8472b
SCHED-TRACE 14384 74932 O 0 0
SCHED-TRACE 14385 74932 P 48 d841e3d6f
SCHED-TRACE 14386 74933 K 78 d45fae146
SCHED-TRACE 14387 74933 P 48 d85e66665
SCHED-TRACE 14388 74934 P 48 d87321479
SCHED-TRACE 14389 74990 I 78 d86fed
SCHED-TRACE 14390 74990 B 78 f0
SCHED-TRACE 14391 74990 P 78 d823bae13
SCHED-TRACE 14392 74990 R 78 d823bae13
SCHED-TRACE 14393 74991 U 4 d8712d
SCHED-TRACE 14394 74991 V 4 d871e7
SCHED-TRACE 14395 74991 O 0 0
SCHED-TRACE 14396 74991 P 78 d843028f5
SCHED-TRACE 14397 74992 K 75 d46099999
SCHED-TRACE 14398 74992 P 78 d85f91eb7
SCHED-TRACE 14399 74993 P 78 d87447ae0
SCHED-TRACE 14400 75049 I 75 d89aaf
SCHED-TRACE 14401 75049 B 75 f1
SCHED-TRACE 14402 75049 P 75 d8251eb84
SCHED-TRACE 14403 75049 R 75 d8251eb84
SCHED-TRACE 14404 75050 U 4 d89bf1
SCHED-TRACE 14405 75050 V 4 d89cac
SCHED-TRACE 14406 75050 O 0 0
SCHED-TRACE 14407 75050 P 75 d8447851e
SCHED-TRACE 14408 75051 K 33 d4bef126e
SCHED-TRACE 14409 75051 P 75 d86111eb7
SCHED-TRACE 14410 75052 P 75 d875ccccc
SCHED-TRACE 14411 75108 I 33 d8c562
SCHED-TRACE 14412 75108 B 33 f3
SCHED-TRACE 14413 75108 P 33 d51f445a1
SCHED-TRACE 14414 75108 R 33 d51f445a1
SCHED-TRACE 14415 75109 U 4 d8c6a2
SCHED-TRACE 14416 75109 V 4 d8c75e
SCHED-TRACE 14417 75109 O 0 0
SCHED-TRACE 14418 75109 P 33 d52263957
SCHED-TRACE 14419 75110 K 33 d52263957
SCHED-TRACE 14420 75110 P 33 d5253db22
SCHED-TRACE 14421 75167 I 33 d8efd4
SCHED-TRACE 14422 75167 B 33 f1
SCHED-TRACE 14423 75167 P 33 d586f78d4
SCHED-TRACE 14424 75167 R 33 d586f78d4
SCHED-TRACE 14425 75168 U 4 d8f113
SCHED-TRACE 14426 75168 V 4 d8f1cd
SCHED-TRACE 14427 75168 O 0 0
SCHED-TRACE 14428 75168 P 33 d58a13b63
SCHED-TRACE 14429 75169 K 33 d58a13b63
SCHED-TRACE 14430 75169 P 33 d58ceed90
SCHED-TRACE 14431 75226 I 33 d91a48
SCHED-TRACE 14432 75226 B 33 f1
SCHED-TRACE 14433 75226 P 33 d5eeb1eb7
SCHED-TRACE 14434 75226 R 33 d5eeb1eb7
SCHED-TRACE 14435 75227 U 4 d91b87
SCHED-TRACE 14436 75227 V 4 d91c42
SCHED-TRACE 14437 75227 O 0 0
SCHED-TRACE 14438 75227 P 33 d5f1d0624
SCHED-TRACE 14439 75228 K 33 d5f1d0624
SCHED-TRACE 14440 75228 P 33 d5f4ac8b3
SCHED-TRACE 14441 75285 I 33 d944b9
SCHED-TRACE 14442 75285 B 33 f3
SCHED-TRACE 14443 75285 P 33 d65666a7e
SCHED-TRACE 14444 75285 R 33 d65666a7e
SCHED-TRACE 14445 75286 U 4 d945f9
SCHED-TRACE 14446 75286 V 4 d946b4
SCHED-TRACE 14447 75286 O 0 0
SCHED-TRACE 14448 75286 P 33 d65985a1c
SCHED-TRACE 14449 75287 K 33 d65985a1c
SCHED-TRACE 14450 75287 P 33 d65c60418
SCHED-TRACE 14451 75344 I 33 d96f32
SCHED-TRACE 14452 75344 B 33 f2
SCHED-TRACE 14453 75344 P 33 d6be26665
SCHED-TRACE 14454 75344 R 33 d6be26665
SCHED-TRACE 14455 75345 U 4 d97072
SCHED-TRACE 14456 75345 V 4 d9712c
SCHED-TRACE 14457 75345 O 0 0
SCHED-TRACE 14458 75345 P 33 d6c141cab
SCHED-TRACE 14459 75346 K 33 d6c141cab
SCHED-TRACE 14460 75346 P 33 d6c41d2f1
SCHED-TRACE 14461 75403 I 33 d999ad
SCHED-TRACE 14462 75403 B 33 f2
SCHED-TRACE 14463 75403 P 33 d725ea7ef
SCHED-TRACE 14464 75403 R 33 d725ea7ef
SCHED-TRACE 14465 75404 U 4 d99aed
SCHED-TRACE 14466 75404 V 4 d99ba8
SCHED-TRACE 14467 75404 O 0 0
SCHED-TRACE 14468 75404 P 33 d7290978c
SCHED-TRACE 14469 75405 K 33 d7290978c
SCHED-TRACE 14470 75405 P 33 d72be51eb
SCHED-TRACE 14471 75462 I 33 d9c41c
SCHED-TRACE 14472 75462 B 33 f1
SCHED-TRACE 14473 75462 P 33 d78d99999
SCHED-TRACE 14474 75462 R 33 d78d99999
SCHED-TRACE 14475 75463 U 4 d9c55b
SCHED-TRACE 14476 75463 V 4 d9c617
SCHED-TRACE 14477 75463 O 0 0
SCHED-TRACE 14478 75463 P 33 d790b9580
SCHED-TRACE 14479 75464 K 33 d790b9580
SCHED-TRACE 14480 75464 P 33 d7939580f
SCHED-TRACE 14481 75521 I 33 d9ee93
SCHED-TRACE 14482 75521 B 33 f3
SCHED-TRACE 14483 75521 P 33 d7f559580
SCHED-TRACE 14484 75521 R 33 d7f559580
SCHED-TRACE 14485 75522 U 4 d9efd3
SCHED-TRACE 14486 75522 V 4 d9f08d
SCHED-TRACE 14487 75522 O 0 0
SCHED-TRACE 14488 75522 P 33 d7f874fde
SCHED-TRACE 14489 75523 K 33 d7f874fde
SCHED-TRACE 14490 75523 P 33 d7fb50e55
SCHED-TRACE 14491 75580 I 33 da190d
SCHED-TRACE 14492 75580 B 33 f3
SCHED-TRACE 14493 75580 P 33 d85d1c28e
SCHED-TRACE 14494 75580 R 33 d85d1c28e
SCHED-TRACE 14495 75581 U 4 da1a4d
SCHED-TRACE 14496 75581 V 4 da1b08
SCHED-TRACE 14497 75581 O 0 0
SCHED-TRACE 14498 75581 P 33 d8603c6a7
SCHED-TRACE 14499 75582 K 42 d821ccccb
SCHED-TRACE 14500 75582 P 33 d86317ced
SCHED-TRACE 14501 75583 P 33 d8652b438
SCHED-TRACE 14502 75639 I 42 da43d2
SCHED-TRACE 14503 75639 B 42 f3
SCHED-TRACE 14504 75639 P 42 dbe66e146
SCHED-TRACE 14505 75639 R 42 dbe66e146
SCHED-TRACE 14506 75640 U 4 da4513
SCHED-TRACE 14507 75640 V 4 da45ce
SCHED-TRACE 14508 75640 O 0 0
SCHED-TRACE 14509 75640 P 42 dc05bffff
SCHED-TRACE 14510 75641 K 63 d833428f5
SCHED-TRACE 14511 75641 P 42 dc22547ad
SCHED-TRACE 14512 75642 P 42 dc370f5c1
SCHED-TRACE 14513 75698 I 63 da6ea4
SCHED-TRACE 14514 75698 B 63 f1
SCHED-TRACE 14515 75698 P 63 dbf8e3d70
SCHED-TRACE 14516 75698 R 63 dbf8e3d70
SCHED-TRACE 14517 75699 U 4 da6fe6
SCHED-TRACE 14518 75699 V 4 da70a0
SCHED-TRACE 14519 75699 O 0 0
SCHED-TRACE 14520 75699 P 63 dc183d709
SCHED-TRACE 14521 75700 K 69 d83bb5c28
SCHED-TRACE 14522 75700 P 63 dc34d47ad
SCHED-TRACE 14523 75701 P 63 dc4991eb7
SCHED-TRACE 14524 75757 I 69 da9978
SCHED-TRACE 14525 75757 B 69 f3
SCHED-TRACE 14526 75757 P 69 dc0168f5b
SCHED-TRACE 14527 75757 R 69 dc0168f5b
SCHED-TRACE 14528 75758 U 4 da9abb
SCHED-TRACE 14529 75758 V 4 da9b76
SCHED-TRACE 14530 75758 O 0 0
SCHED-TRACE 14531 75758 P 69 dc20e3d70
SCHED-TRACE 14532 75759 K 60 d850028f4
SCHED-TRACE 14533 75759 P 69 dc3d7ae13
SCHED-TRACE 14534 75760 P 69 dc523851e
SCHED-TRACE 14535 75816 I 60 dac43c
SCHED-TRACE 14536 75816 B 60 f2
SCHED-TRACE 14537 75816 P 60 dc14547ad
SCHED-TRACE 14538 75816 R 60 dc14547ad
SCHED-TRACE 14539 75817 U 4 dac57c
SCHED-TRACE 14540 75817 V 4 dac637
SCHED-TRACE 14541 75817 O 0 0
SCHED-TRACE 14542 75817 P 60 dc339eb84
SCHED-TRACE 14543 75818 K 36 d862a3d6f
SCHED-TRACE 14544 75818 P 60 dc5033332
SCHED-TRACE 14545 75819 P 60 dc64e8f5b
SCHED-TRACE 14546 75875 I 36 daef05
SCHED-TRACE 14547 75875 B 36 f3
SCHED-TRACE 14548 75875 P 36 dc2799998
SCHED-TRACE 14549 75875 R 36 dc2799998
SCHED-TRACE 14550 75876 U 4 daf046
SCHED-TRACE 14551 75876 V 4 daf101
SCHED-TRACE 14552 75876 O 0 0
SCHED-TRACE 14553 75876 P 36 dc46c7ae0
SCHED-TRACE 14554 75877 K 33 d8652b438
SCHED-TRACE 14555 75877 P 36 dc635c28e
SCHED-TRACE 14556 75878 P 36 dc78170a3
SCHED-TRACE 14557 75934 I 33 db19d0
SCHED-TRACE 14558 75934 B 33 f1
SCHED-TRACE 14559 75934 P 33 d8c5a72af
SCHED-TRACE 14560 75934 R 33 d8c5a72af
SCHED-TRACE 14561 75935 U 4 db1b10
SCHED-TRACE 14562 75935 V 4 db1bcc
SCHED-TRACE 14563 75935 O 0 0
SCHED-TRACE 14564 75935 P 33 d8c8c7ae0
SCHED-TRACE 14565 75936 K 72 d86fcf5c2
SCHED-TRACE 14566 75936 P 33 d8cba353f
SCHED-TRACE 14567 75937 P 33 d8cdb6c8a
SCHED-TRACE 14568 75993 I 72 db44a1
SCHED-TRACE 14569 75993 B 72 f2
SCHED-TRACE 14570 75993 P 72 dc355c28e
SCHED-TRACE 14571 75993 R 72 dc355c28e
SCHED-TRACE 14572 75994 U 4 db45e3
SCHED-TRACE 14573 75994 V 4 db469e
SCHED-TRACE 14574 75994 O 0 0
SCHED-TRACE 14575 75994 P 72 dc54d1eb7
SCHED-TRACE 14576 75995 K 54 d86fd70a3
SCHED-TRACE 14577 75995 P 72 dc716147a
SCHED-TRACE 14578 75996 P 72 dc861eb84
SCHED-TRACE 14579 76052 I 54 db6f7c
SCHED-TRACE 14580 76052 B 54 f3
SCHED-TRACE 14581 76052 P 54 dc35fffff
SCHED-TRACE 14582 76052 R 54 dc35fffff
SCHED-TRACE 14583 76053 U 4 db70bf
SCHED-TRACE 14584 76053 V 4 db7179
SCHED-TRACE 14585 76053 O 0 0
SCHED-TRACE 14586 76053 P 54 dc557851e
SCHED-TRACE 14587 76054 K 81 d870a147a
SCHED-TRACE 14588 76054 P 54 dc720f5c1
SCHED-TRACE 14589 76055 P 54 dc86ca3d6
SCHED-TRACE 14590 76111 I 81 db9a57
SCHED-TRACE 14591 76111 B 81 f2
SCHED-TRACE 14592 76111 P 81 dc3699999
SCHED-TRACE 14593 76111 R 81 dc3699999
SCHED-TRACE 14594 76112 U 4 db9b98
SCHED-TRACE 14595 76112 V 4 db9c54
SCHED-TRACE 14596 76112 O 0 0
SCHED-TRACE 14597 76112 P 81 dc55fd709
SCHED-TRACE 14598 76113 K 66 d871bae14
SCHED-TRACE 14599 76113 P 81 dc729eb84
SCHED-TRACE 14600 76114 P 81 dc875eb84
SCHED-TRACE 14601 76170 I 66 dbc51b
SCHED-TRACE 14602 76170 B 66 f4
SCHED-TRACE 14603 76170 P 66 dc364a3d6
SCHED-TRACE 14604 76170 R 66 dc364a3d6
SCHED-TRACE 14605 76171 U 4 dbc65d
SCHED-TRACE 14606 76171 V 4 dbc719
SCHED-TRACE 14607 76171 O 0 0
SCHED-TRACE 14608 76171 P 66 dc55c51eb
SCHED-TRACE 14609 76172 K 51 d8723851e
SCHED-TRACE 14610 76172 P 66 dc72547ad
SCHED-TRACE 14611 76173 P 66 dc87147ad
SCHED-TRACE 14612 76229 I 51 dbefef
SCHED-TRACE 14613 76229 B 51 f2
SCHED-TRACE 14614 76229 P 51 dc37d1eb7
SCHED-TRACE 14615 76229 R 51 dc37d1eb7
SCHED-TRACE 14616 76230 U 4 dbf131
SCHED-TRACE 14617 76230 V 4 dbf1ed
SCHED-TRACE 14618 76230 O 0 0
SCHED-TRACE 14619 76230 P 51 dc5763d70
SCHED-TRACE 14620 76231 K 45 d8727fffe
SCHED-TRACE 14621 76231 P 51 dc73f851e
SCHED-TRACE 14622 76232 P 51 dc88b5c28
SCHED-TRACE 14623 76288 I 45 dc1ac9
SCHED-TRACE 14624 76288 B 45 f1
SCHED-TRACE 14625 76288 P 45 dc38851ea
SCHED-TRACE 14626 76288 R 45 dc38851ea
SCHED-TRACE 14627 76289 U 4 dc1c0d
SCHED-TRACE 14628 76289 V 4 dc1cc8
SCHED-TRACE 14629 76289 O 0 0
SCHED-TRACE 14630 76289 P 45 dc581c28e
SCHED-TRACE 14631 76290 K 57 d87291eb7
SCHED-TRACE 14632 76290 P 45 dc74b851d
SCHED-TRACE 14633 76291 P 45 dc897851d
SCHED-TRACE 14634 76347 I 57 dc4597
SCHED-TRACE 14635 76347 B 57 f4
SCHED-TRACE 14636 76347 P 57 dc37a6665
SCHED-TRACE 14637 76347 R 57 dc37a6665
SCHED-TRACE 14638 76348 U 4 dc46da
SCHED-TRACE 14639 76348 V 4 dc4795
SCHED-TRACE 14640 76348 O 0 0
SCHED-TRACE 14641 76348 P 57 dc5721479
SCHED-TRACE 14642 76349 K 39 d873051ea
SCHED-TRACE 14643 76349 P 57 dc73ab851
SCHED-TRACE 14644 76350 P 57 dc8866665
SCHED-TRACE 14645 76406 I 39 dc7069
SCHED-TRACE 14646 76406 B 39 f2
SCHED-TRACE 14647 76406 P 39 dc383ffff
SCHED-TRACE 14648 76406 R 39 dc383ffff
SCHED-TRACE 14649 76407 U 4 dc71a9
SCHED-TRACE 14650 76407 V 4 dc7264
SCHED-TRACE 14651 76407 O 0 0
SCHED-TRACE 14652 76407 P 39 dc5791eb7
SCHED-TRACE 14653 76408 K 48 d87321479
SCHED-TRACE 14654 76408 P 39 dc7428f5b
SCHED-TRACE 14655 76409 P 39 dc88e3d70
SCHED-TRACE 14656 76465 I 48 dc9b43
SCHED-TRACE 14657 76465 B 48 f3
SCHED-TRACE 14658 76465 P 48 dc393d709
SCHED-TRACE 14659 76465 R 48 dc393d709
SCHED-TRACE 14660 76466 U 4 dc9c87
SCHED-TRACE 14661 76466 V 4 dc9d43
SCHED-TRACE 14662 76466 O 0 0
SCHED-TRACE 14663 76466 P 48 dc58dc28e
SCHED-TRACE 14664 76467 K 78 d87447ae0
SCHED-TRACE 14665 76467 P 48 dc757d709
SCHED-TRACE 14666 76468 P 48 dc8a28f5b
SCHED-TRACE 14667 76524 I 78 dcc610
SCHED-TRACE 14668 76524 B 78 f4
SCHED-TRACE 14669 76524 P 78 dc391c28e
SCHED-TRACE 14670 76524 R 78 dc391c28e
SCHED-TRACE 14671 76525 U 4 dcc752
SCHED-TRACE 14672 76525 V 4 dcc80e
SCHED-TRACE 14673 76525 O 0 0
SCHED-TRACE 14674 76525 P 78 dc587d709
SCHED-TRACE 14675 76526 K 75 d875ccccc
SCHED-TRACE 14676 76526 P 78 dc75170a3
SCHED-TRACE 14677 76527 P 78 dc89d1eb7
SCHED-TRACE 14678 76583 I 75 dcf0e2
SCHED-TRACE 14679 76583 B 75 f3
SCHED-TRACE 14680 76583 P 75 dc3b2147a
SCHED-TRACE 14681 76583 R 75 dc3b2147a
SCHED-TRACE 14682 76584 U 4 dcf223
SCHED-TRACE 14683 76584 V 4 dcf2de
SCHED-TRACE 14684 76584 O 0 0
SCHED-TRACE 14685 76584 P 75 dc5a851eb
SCHED-TRACE 14686 76585 K 33 d8cdb6c8a
SCHED-TRACE 14687 76585 P 75 dc771c28e
SCHED-TRACE 14688 76586 P 75 dc8bd1eb7
SCHED-TRACE 14689 76642 I 33 dd1bb5
SCHED-TRACE 14690 76642 B 33 f4
SCHED-TRACE 14691 76642 P 33 d92e40830
SCHED-TRACE 14692 76642 R 33 d92e40830
SCHED-TRACE 14693 76643 U 4 dd1cf6
SCHED-TRACE 14694 76643 V 4 dd1db1
SCHED-TRACE 14695 76643 O 0 0
SCHED-TRACE 14696 76643 P 33 d93161892
SCHED-TRACE 14697 76644 K 33 d93161892
SCHED-TRACE 14698 76644 P 33 d9343db22
SCHED-TRACE 14699 76701 I 33 dd4639
SCHED-TRACE 14700 76701 B 33 f0
SCHED-TRACE 14701 76701 P 33 d9961580f
SCHED-TRACE 14702 76701 R 33 d9961580f
SCHED-TRACE 14703 76702 U 4 dd477a
SCHED-TRACE 14704 76702 V 4 dd4835
SCHED-TRACE 14705 76702 O 0 0
SCHED-TRACE 14706 76702 P 33 d9993580f
SCHED-TRACE 14707 76703 K 33 d9993580f
SCHED-TRACE 14708 76703 P 33 d99c11eb7
SCHED-TRACE 14709 76760 I 33 dd70c6
SCHED-TRACE 14710 76760 B 33 f3
SCHED-TRACE 14711 76760 P 33 d9fdf9167
SCHED-TRACE 14712 76760 R 33 d9fdf9167
SCHED-TRACE 14713 76761 U 4 dd7206
SCHED-TRACE 14714 76761 V 4 dd72c1
SCHED-TRACE 14715 76761 O 0 0
SCHED-TRACE 14716 76761 P 33 da0119999
SCHED-TRACE 14717 76762 K 33 da0119999
SCHED-TRACE 14718 76762 P 33 da03f6041
SCHED-TRACE 14719 76819 I 33 dd9b59
SCHED-TRACE 14720 76819 B 33 f5
SCHED-TRACE 14721 76819 P 33 da65e9ba5
SCHED-TRACE 14722 76819 R 33 da65e9ba5
SCHED-TRACE 14723 76820 U 4 dd9c9b
SCHED-TRACE 14724 76820 V 4 dd9d56
SCHED-TRACE 14725 76820 O 0 0
SCHED-TRACE 14726 76820 P 33 da690b438
SCHED-TRACE 14727 76821 K 33 da690b438
SCHED-TRACE 14728 76821 P 33 da6be872a
SCHED-TRACE 14729 76878 I 33 ddc5d3
SCHED-TRACE 14730 76878 B 33 f4
SCHED-TRACE 14731 76878 P 33 dacdacccc
SCHED-TRACE 14732 76878 R 33 dacdacccc
SCHED-TRACE 14733 76879 U 4 ddc713
SCHED-TRACE 14734 76879 V 4 ddc7ce
SCHED-TRACE 14735 76879 O 0 0
SCHED-TRACE 14736 76879 P 33 dad0cb020
SCHED-TRACE 14737 76880 K 33 dad0cb020
SCHED-TRACE 14738 76880 P 33 dad3a624d
SCHED-TRACE 14739 76937 I 33 ddf056
SCHED-TRACE 14740 76937 B 33 f2
SCHED-TRACE 14741 76937 P 33 db357d709
SCHED-TRACE 14742 76937 R 33 db357d709
SCHED-TRACE 14743 76938 U 4 ddf195
SCHED-TRACE 14744 76938 V 4 ddf250
SCHED-TRACE 14745 76938 O 0 0
SCHED-TRACE 14746 76938 P 33 db389d709
SCHED-TRACE 14747 76939 K 33 db389d709
SCHED-TRACE 14748 76939 P 33 db3b79580
SCHED-TRACE 14749 76996 I 33 de1ade
SCHED-TRACE 14750 76996 B 33 f2
SCHED-TRACE 14751 76996 P 33 db9d5be76
SCHED-TRACE 14752 76996 R 33 db9d5be76
SCHED-TRACE 14753 76997 U 4 de1c1e
SCHED-TRACE 14754 76997 V 4 de1cda
SCHED-TRACE 14755 76997 O 0 0
SCHED-TRACE 14756 76997 P 33 dba07ba5d
SCHED-TRACE 14757 76998 K 33 dba07ba5d
SCHED-TRACE 14758 76998 P 33 dba358936
SCHED-TRACE 14759 77055 I 33 de4562
SCHED-TRACE 14760 77055 B 33 f4
SCHED-TRACE 14761 77055 P 33 dc0530624
SCHED-TRACE 14762 77055 R 33 dc0530624
SCHED-TRACE 14763 77056 U 4 de46a3
SCHED-TRACE 14764 77056 V 4 de475e
SCHED-TRACE 14765 77056 O 0 0
SCHED-TRACE 14766 77056 P 33 dc0850e55
SCHED-TRACE 14767 77057 K 33 dc0850e55
SCHED-TRACE 14768 77057 P 33 dc0b2c082
SCHED-TRACE 14769 77114 I 33 de6fee
SCHED-TRACE 14770 77114 B 33 f2
SCHED-TRACE 14771 77114 P 33 dc6d1126e
SCHED-TRACE 14772 77114 R 33 dc6d1126e
SCHED-TRACE 14773 77115 U 4 de712e
SCHED-TRACE 14774 77115 V 4 de71e9
SCHED-TRACE 14775 77115 O 0 0
SCHED-TRACE 14776 77115 P 33 dc7031a9f
SCHED-TRACE 14777 77116 K 42 dc370f5c1
SCHED-TRACE 14778 77116 P 33 dc730e147
SCHED-TRACE 14779 77117 P 33 dc7521061
SCHED-TRACE 14780 77173 I 42 de9ace
SCHED-TRACE 14781 77173 B 42 f2
SCHED-TRACE 14782 77173 P 42 dffd87ae0
SCHED-TRACE 14783 77173 R 42 dffd87ae0
SCHED-TRACE 14784 77174 U 4 de9c10
SCHED-TRACE 14785 77174 V 4 de9ccb
SCHED-TRACE 14786 77174 O 0 0
SCHED-TRACE 14787 77174 P 42 e01cf3332
SCHED-TRACE 14788 77175 K 63 dc4991eb7
SCHED-TRACE 14789 77175 P 42 e03999998
SCHED-TRACE 14790 77176 P 42 e04e5eb84
SCHED-TRACE 14791 77232 I 63 dec5a5
SCHED-TRACE 14792 77232 B 63 f5
SCHED-TRACE 14793 77232 P 63 e00f70a3c
SCHED-TRACE 14794 77232 R 63 e00f70a3c
SCHED-TRACE 14795 77233 U 4 dec6e8
SCHED-TRACE 14796 77233 V 4 dec7a4
SCHED-TRACE 14797 77233 O 0 0
SCHED-TRACE 14798 77233 P 63 e02ef0a3c
SCHED-TRACE 14799 77234 K 69 dc523851e
SCHED-TRACE 14800 77234 P 63 e04b828f5
SCHED-TRACE 14801 77235 P 63 e060428f5
SCHED-TRACE 14802 77291 I 69 def083
SCHED-TRACE 14803 77291 B 69 f3
SCHED-TRACE 14804 77291 P 69 e01866665
SCHED-TRACE 14805 77291 R 69 e01866665
SCHED-TRACE 14806 77292 U 4 def1c4
SCHED-TRACE 14807 77292 V 4 def280
SCHED-TRACE 14808 77292 O 0 0
SCHED-TRACE 14809 77292 P 69 e037e3d70
SCHED-TRACE 14810 77293 K 60 dc64e8f5b
SCHED-TRACE 14811 77293 P 69 e0547ffff
SCHED-TRACE 14812 77294 P 69 e0693ae13
SCHED-TRACE 14813 77350 I 60 df1b65
SCHED-TRACE 14814 77350 B 60 f4
SCHED-TRACE 14815 77350 P 60 e02b51eb7
SCHED-TRACE 14816 77350 R 60 e02b51eb7
SCHED-TRACE 14817 77351 U 4 df1ca6
SCHED-TRACE 14818 77351 V 4 df1d62
SCHED-TRACE 14819 77351 O 0 0
SCHED-TRACE 14820 77351 P 60 e04ab3332
SCHED-TRACE 14821 77352 K 33 dc7521061
SCHED-TRACE 14822 77352 P 60 e067570a2
SCHED-TRACE 14823 77353 P 60 e07c051ea
SCHED-TRACE 14824 77409 I 33 df463c
SCHED-TRACE 14825 77409 B 33 f3
SCHED-TRACE 14826 77409 P 33 dcd5b26e8
SCHED-TRACE 14827 77409 R 33 dcd5b26e8
SCHED-TRACE 14828 77410 U 4 df477d
SCHED-TRACE 14829 77410 V 4 df4838
SCHED-TRACE 14830 77410 O 0 0
SCHED-TRACE 14831 77410 P 33 dcd8d2b01
SCHED-TRACE 14832 77411 K 36 dc78170a3
SCHED-TRACE 14833 77411 P 33 dcdbaf9da
SCHED-TRACE 14834 77412 P 33 dcddc2d0d
SCHED-TRACE 14835 77468 I 36 df711f
SCHED-TRACE 14836 77468 B 36 f2
SCHED-TRACE 14837 77468 P 36 e03ec7ae0
SCHED-TRACE 14838 77468 R 36 e03ec7ae0
SCHED-TRACE 14839 77469 U 4 df7260
SCHED-TRACE 14840 77469 V 4 df731b
SCHED-TRACE 14841 77469 O 0 0
SCHED-TRACE 14842 77469 P 36 e05e33332
SCHED-TRACE 14843 77470 K 72 dc861eb84
SCHED-TRACE 14844 77470 P 36 e07ad47ad
SCHED-TRACE 14845 77471 P 36 e08f9c28e
SCHED-TRACE 14846 77527 I 72 df9c11
SCHED-TRACE 14847 77527 B 72 f4
SCHED-TRACE 14848 77527 P 72 e04e051eb
SCHED-TRACE 14849 77527 R 72 e04e051eb
SCHED-TRACE 14850 77528 U 4 df9d54
SCHED-TRACE 14851 77528 V 4 df9e11
SCHED-TRACE 14852 77528 O 0 0
SCHED-TRACE 14853 77528 P 72 e06da147a
SCHED-TRACE 14854 77529 K 54 dc86ca3d6
SCHED-TRACE 14855 77529 P 72 e08a4a3d6
SCHED-TRACE 14856 77530 P 72 e09efffff
SCHED-TRACE 14857 77586 I 54 dfc6f6
SCHED-TRACE 14858 77586 B 54 f2
SCHED-TRACE 14859 77586 P 54 e04db5c28
SCHED-TRACE 14860 77586 R 54 e04db5c28
SCHED-TRACE 14861 77587 U 4 dfc839
SCHED-TRACE 14862 77587 V 4 dfc8f4
SCHED-TRACE 14863 77587 O 0 0
SCHED-TRACE 14864 77587 P 54 e06d2e147
SCHED-TRACE 14865 77588 K 66 dc87147ad
SCHED-TRACE 14866 77588 P 54 e089d1eb7
SCHED-TRACE 14867 77589 P 54 e09e99998
SCHED-TRACE 14868 77645 I 66 dff1db
SCHED-TRACE 14869 77645 B 66 f5
SCHED-TRACE 14870 77645 P 66 e04e11eb7
SCHED-TRACE 14871 77645 R 66 e04e11eb7
SCHED-TRACE 14872 77646 U 4 dff31e
SCHED-TRACE 14873 77646 V 4 dff3d9
SCHED-TRACE 14874 77646 O 0 0
SCHED-TRACE 14875 77646 P 66 e06d947ad
SCHED-TRACE 14876 77647 K 81 dc875eb84
SCHED-TRACE 14877 77647 P 66 e08a3851e
SCHED-TRACE 14878 77648 P 66 e09efd709
SCHED-TRACE 14879 77704 I 81 e01cc7
SCHED-TRACE 14880 77704 B 81 f4
SCHED-TRACE 14881 77704 P 81 e04ebae14
SCHED-TRACE 14882 77704 R 81 e04ebae14
SCHED-TRACE 14883 77705 U 4 e01e09
SCHED-TRACE 14884 77705 V 4 e01ec5
SCHED-TRACE 14885 77705 O 0 0
SCHED-TRACE 14886 77705 P 81 e06e3ae14
SCHED-TRACE 14887 77706 K 57 dc8866665
SCHED-TRACE 14888 77706 P 81 e08abae14
SCHED-TRACE 14889 77707 P 81 e09f73332
SCHED-TRACE 14890 77763 I 57 e047ac
SCHED-TRACE 14891 77763 B 57 f1
SCHED-TRACE 14892 77763 P 57 e04f4cccb
SCHED-TRACE 14893 77763 R 57 e04f4cccb
SCHED-TRACE 14894 77764 U 4 e048ef
SCHED-TRACE 14895 77764 V 4 e049aa
SCHED-TRACE 14896 77764 O 0 0
SCHED-TRACE 14897 77764 P 57 e06ed9998
SCHED-TRACE 14898 77765 K 51 dc88b5c28
SCHED-TRACE 14899 77765 P 57 e08b7d709
SCHED-TRACE 14900 77766 P 57 e0a0428f4
SCHED-TRACE 14901 77822 I 51 e07298
SCHED-TRACE 14902 77822 B 51 f4
SCHED-TRACE 14903 77822 P 51 e0500a3d6
SCHED-TRACE 14904 77822 R 51 e0500a3d6
SCHED-TRACE 14905 77823 U 4 e073dc
SCHED-TRACE 14906 77823 V 4 e07497
SCHED-TRACE 14907 77823 O 0 0
SCHED-TRACE 14908 77823 P 51 e06f9c28e
SCHED-TRACE 14909 77824 K 39 dc88e3d70
SCHED-TRACE 14910 77824 P 51 e08c428f5
SCHED-TRACE 14911 77825 P 51 e0a107ae0
SCHED-TRACE 14912 77881 I 39 e09d8a
SCHED-TRACE 14913 77881 B 39 f4
SCHED-TRACE 14914 77881 P 39 e0508a3d6
SCHED-TRACE 14915 77881 R 39 e0508a3d6
SCHED-TRACE 14916 77882 U 4 e09ecc
SCHED-TRACE 14917 77882 V 4 e09f88
SCHED-TRACE 14918 77882 O 0 0
SCHED-TRACE 14919 77882 P 39 e06ff3332
SCHED-TRACE 14920 77883 K 45 dc897851d
SCHED-TRACE 14921 77883 P 39 e08c7d709
SCHED-TRACE 14922 77884 P 39 e0a1428f5
SCHED-TRACE 14923 77940 I 45 e0c870
SCHED-TRACE 14924 77940 B 45 f4
SCHED-TRACE 14925 77940 P 45 e050a3d6f
SCHED-TRACE 14926 77940 R 45 e050a3d6f
SCHED-TRACE 14927 77941 U 4 e0c9b4
SCHED-TRACE 14928 77941 V 4 e0ca70
SCHED-TRACE 14929 77941 O 0 0
SCHED-TRACE 14930 77941 P 45 e070547ad
SCHED-TRACE 14931 77942 K 78 dc89d1eb7
SCHED-TRACE 14932 77942 P 45 e08cf3332
SCHED-TRACE 14933 77943 P 45 e0a1b5c27
SCHED-TRACE 14934 77999 I 78 e0f35e
SCHED-TRACE 14935 77999 B 78 f2
SCHED-TRACE 14936 77999 P 78 e0512b851
SCHED-TRACE 14937 77999 R 78 e0512b851
SCHED-TRACE 14938 78000 U 4 e0f4a1
SCHED-TRACE 14939 78000 V 4 e0f55c
SCHED-TRACE 14940 78000 O 0 0
SCHED-TRACE 14941 78000 P 78 e070a6665
SCHED-TRACE 14942 78001 K 48 dc8a28f5b
SCHED-TRACE 14943 78001 P 78 e08d4f5c1
SCHED-TRACE 14944 78002 P 78 e0a2147ad
SCHED-TRACE 14945 78058 I 48 e11e55
SCHED-TRACE 14946 78058 B 48 f3
SCHED-TRACE 14947 78058 P 48 e0526b850
SCHED-TRACE 14948 78058 R 48 e0526b850
SCHED-TRACE 14949 78059 U 4 e11f9a
SCHED-TRACE 14950 78059 V 4 e12054
SCHED-TRACE 14951 78059 O 0 0
SCHED-TRACE 14952 78059 P 48 e071d47ac
SCHED-TRACE 14953 78060 K 75 dc8bd1eb7
SCHED-TRACE 14954 78060 P 48 e08e7ae13
SCHED-TRACE 14955 78061 P 48 e0a33fffe
SCHED-TRACE 14956 78117 I 75 e14944
SCHED-TRACE 14957 78117 B 75 f4
SCHED-TRACE 14958 78117 P 75 e05359999
SCHED-TRACE 14959 78117 R 75 e05359999
SCHED-TRACE 14960 78118 U 4 e14a87
SCHED-TRACE 14961 78118 V 4 e14b43
SCHED-TRACE 14962 78118 O 0 0
SCHED-TRACE 14963 78118 P 75 e072e147a
SCHED-TRACE 14964 78119 K 33 dcddc2d0d
SCHED-TRACE 14965 78119 P 75 e08f851eb
SCHED-TRACE 14966 78120 P 75 e0a44cccc
SCHED-TRACE 14967 78176 I 33 e17436
SCHED-TRACE 14968 78176 B 33 f2
SCHED-TRACE 14969 78176 P 33 dd3e86e97
SCHED-TRACE 14970 78176 R 33 dd3e86e97
SCHED-TRACE 14971 78177 U 4 e17577
SCHED-TRACE 14972 78177 V 4 e17633
SCHED-TRACE 14973 78177 O 0 0
SCHED-TRACE 14974 78177 P 33 dd41aa3d6
SCHED-TRACE 14975 78178 K 33 dd41aa3d6
SCHED-TRACE 14976 78178 P 33 dd448872a
SCHED-TRACE 14977 78235 I 33 e19ee8
SCHED-TRACE 14978 78235 B 33 f6
SCHED-TRACE 14979 78235 P 33 dda6b70a3
SCHED-TRACE 14980 78235 R 33 dda6b70a3
SCHED-TRACE 14981 78236 U 4 e1a029
SCHED-TRACE 14982 78236 V 4 e1a0e2
SCHED-TRACE 14983 78236 O 0 0
SCHED-TRACE 14984 78236 P 33 dda9cf5c2
SCHED-TRACE 14985 78237 K 33 dda9cf5c2
SCHED-TRACE 14986 78237 P 33 ddacac49b
SCHED-TRACE 14987 78294 I 33 e1c97b
SCHED-TRACE 14988 78294 B 33 f3
SCHED-TRACE 14989 78294 P 33 de0eae55f
SCHED-TRACE 14990 78294 R 33 de0eae55f
SCHED-TRACE 14991 78295 U 4 e1cabc
SCHED-TRACE 14992 78295 V 4 e1cb78
SCHED-TRACE 14993 78295 O 0 0
SCHED-TRACE 14994 78295 P 33 de11d0e55
SCHED-TRACE 14995 78296 K 33 de11d0e55
SCHED-TRACE 14996 78296 P 33 de14add2e
SCHED-TRACE 14997 78353 I 33 e1f416
SCHED-TRACE 14998 78353 B 33 f2
SCHED-TRACE 14999 78353 P 33 de76b6c8a
SCHED-TRACE 15000 78353 R 33 de76b6c8a
SCHED-TRACE 15001 78354 U 4 e1f557
SCHED-TRACE 15002 78354 V 4 e1f613
SCHED-TRACE 15003 78354 O 0 0
SCHED-TRACE 15004 78354 P 33 de79da1ca
SCHED-TRACE 15005 78355 K 33 de79da1ca
SCHED-TRACE 15006 78355 P 33 de7cb8936
SCHED-TRACE 15007 78412 I 33 e21ebb
SCHED-TRACE 15008 78412 B 33 f5
SCHED-TRACE 15009 78412 P 33 deded126e
SCHED-TRACE 15010 78412 R 33 deded126e
SCHED-TRACE 15011 78413 U 4 e21ffc
SCHED-TRACE 15012 78413 V 4 e220b6
SCHED-TRACE 15013 78413 O 0 0
SCHED-TRACE 15014 78413 P 33 dee1ecccc
SCHED-TRACE 15015 78414 K 33 dee1ecccc
SCHED-TRACE 15016 78414 P 33 dee4c9fbd
SCHED-TRACE 15017 78471 I 33 e24956
SCHED-TRACE 15018 78471 B 33 f4
SCHED-TRACE 15019 78471 P 33 df46d5c28
SCHED-TRACE 15020 78471 R 33 df46d5c28
SCHED-TRACE 15021 78472 U 4 e24a97
SCHED-TRACE 15022 78472 V 4 e24b53
SCHED-TRACE 15023 78472 O 0 0
SCHED-TRACE 15024 78472 P 33 df49f8936
SCHED-TRACE 15025 78473 K 33 df49f8936
SCHED-TRACE 15026 78473 P 33 df4cd53f7
SCHED-TRACE 15027 78530 I 33 e273f8
SCHED-TRACE 15028 78530 B 33 f1
SCHED-TRACE 15029 78530 P 33 dfaee978c
SCHED-TRACE 15030 78530 R 33 dfaee978c
SCHED-TRACE 15031 78531 U 4 e27538
SCHED-TRACE 15032 78531 V 4 e275f4
SCHED-TRACE 15033 78531 O 0 0
SCHED-TRACE 15034 78531 P 33 dfb20c8b3
SCHED-TRACE 15035 78532 K 33 dfb20c8b3
SCHED-TRACE 15036 78532 P 33 dfb4eb020
SCHED-TRACE 15037 78589 I 33 e29ea1
SCHED-TRACE 15038 78589 B 33 f4
SCHED-TRACE 15039 78589 P 33 e0170d0e4
SCHED-TRACE 15040 78589 R 33 e0170d0e4
SCHED-TRACE 15041 78590 U 4 e29fe2
SCHED-TRACE 15042 78590 V 4 e2a09c
SCHED-TRACE 15043 78590 O 0 0
SCHED-TRACE 15044 78590 P 33 e01a26665
SCHED-TRACE 15045 78591 K 33 e01a26665
SCHED-TRACE 15046 78591 P 33 e01d02d0d
SCHED-TRACE 15047 78648 I 33 e2c92a
SCHED-TRACE 15048 78648 B 33 f4
SCHED-TRACE 15049 78648 P 33 e07ee6e97
SCHED-TRACE 15050 78648 R 33 e07ee6e97
SCHED-TRACE 15051 78649 U 4 e2ca6b
SCHED-TRACE 15052 78649 V 4 e2cb26
SCHED-TRACE 15053 78649 O 0 0
SCHED-TRACE 15054 78649 P 33 e08208b43
SCHED-TRACE 15055 78650 K 42 e04e5eb84
SCHED-TRACE 15056 78650 P 33 e084e49b9
SCHED-TRACE 15057 78651 P 33 e086f8105
SCHED-TRACE 15058 78707 I 42 e2f40c
SCHED-TRACE 15059 78707 B 42 f2
SCHED-TRACE 15060 78707 P 42 e414d70a2
SCHED-TRACE 15061 78707 R 42 e414d70a2
SCHED-TRACE 15062 78708 U 4 e2f54d
SCHED-TRACE 15063 78708 V 4 e2f609
SCHED-TRACE 15064 78708 O 0 0
SCHED-TRACE 15065 78708 P 42 e4344cccb
SCHED-TRACE 15066 78709 K 63 e060428f5
SCHED-TRACE 15067 78709 P 42 e450f5c28
SCHED-TRACE 15068 78710 P 42 e465b5c28
SCHED-TRACE 15069 78766 I 63 e31efa
SCHED-TRACE 15070 78766 B 63 f5
SCHED-TRACE 15071 78766 P 63 e427a6665
SCHED-TRACE 15072 78766 R 63 e427a6665
SCHED-TRACE 15073 78767 U 4 e3203d
SCHED-TRACE 15074 78767 V 4 e320f7
SCHED-TRACE 15075 78767 O 0 0
SCHED-TRACE 15076 78767 P 63 e446f5c28
SCHED-TRACE 15077 78768 K 69 e0693ae13
SCHED-TRACE 15078 78768 P 63 e4638f5c2
SCHED-TRACE 15079 78769 P 63 e47851eb7
SCHED-TRACE 15080 78825 I 69 e349dd
SCHED-TRACE 15081 78825 B 69 f3
SCHED-TRACE 15082 78825 P 69 e42fc7ae0
SCHED-TRACE 15083 78825 R 69 e42fc7ae0
SCHED-TRACE 15084 78826 U 4 e34b20
SCHED-TRACE 15085 78826 V 4 e34bdb
SCHED-TRACE 15086 78826 O 0 0
SCHED-TRACE 15087 78826 P 69 e44f451ea
SCHED-TRACE 15088 78827 K 60 e07c051ea
SCHED-TRACE 15089 78827 P 69 e46be3d70
SCHED-TRACE 15090 78828 P 69 e480a147a
SCHED-TRACE 15091 78884 I 60 e374c3
SCHED-TRACE 15092 78884 B 60 f3
SCHED-TRACE 15093 78884 P 60 e4429c28e
SCHED-TRACE 15094 78884 R 60 e4429c28e
SCHED-TRACE 15095 78885 U 4 e37604
SCHED-TRACE 15096 78885 V 4 e376c0
SCHED-TRACE 15097 78885 O 0 0
SCHED-TRACE 15098 78885 P 60 e461f851d
SCHED-TRACE 15099 78886 K 33 e086f8105
SCHED-TRACE 15100 78886 P 60 e47e970a2
SCHED-TRACE 15101 78887 P 60 e4934f5c1
SCHED-TRACE 15102 78943 I 33 e39fac
SCHED-TRACE 15103 78943 B 33 f5
SCHED-TRACE 15104 78943 P 33 e0e7a24dc
SCHED-TRACE 15105 78943 R 33 e0e7a24dc
SCHED-TRACE 15106 78944 U 4 e3a0ea
SCHED-TRACE 15107 78944 V 4 e3a1a4
SCHED-TRACE 15108 78944 O 0 0
SCHED-TRACE 15109 78944 P 33 e0eabd2f1
SCHED-TRACE 15110 78945 K 36 e08f9c28e
SCHED-TRACE 15111 78945 P 33 e0ed99580
SCHED-TRACE 15112 78946 P 33 e0efac082
SCHED-TRACE 15113 79002 I 36 e3ca83
SCHED-TRACE 15114 79002 B 36 f4
SCHED-TRACE 15115 79002 P 36 e455b3332
SCHED-TRACE 15116 79002 R 36 e455b3332
SCHED-TRACE 15117 79003 U 4 e3cbc4
SCHED-TRACE 15118 79003 V 4 e3cc80
SCHED-TRACE 15119 79003 O 0 0
SCHED-TRACE 15120 79003 P 36 e475170a3
SCHED-TRACE 15121 79004 K 54 e09e99998
SCHED-TRACE 15122 79004 P 36 e491bd709
SCHED-TRACE 15123 79005 P 36 e4a6851ea
SCHED-TRACE 15124 79061 I 54 e3f570
SCHED-TRACE 15125 79061 B 54 f5
SCHED-TRACE 15126 79061 P 54 e46633332
SCHED-TRACE 15127 79061 R 54 e46633332
SCHED-TRACE 15128 79062 U 4 e3f6b5
SCHED-TRACE 15129 79062 V 4 e3f770
SCHED-TRACE 15130 79062 O 0 0
SCHED-TRACE 15131 79062 P 54 e485deb84
SCHED-TRACE 15132 79063 K 66 e09efd709
SCHED-TRACE 15133 79063 P 54 e4a270a3c
SCHED-TRACE 15134 79064 P 54 e4b735c28
SCHED-TRACE 15135 79120 I 66 e42062
SCHED-TRACE 15136 79120 B 66 f0
SCHED-TRACE 15137 79120 P 66 e46687ae0
SCHED-TRACE 15138 79120 R 66 e46687ae0
SCHED-TRACE 15139 79121 U 4 e421a4
SCHED-TRACE 15140 79121 V 4 e4225f
SCHED-TRACE 15141 79121 O 0 0
SCHED-TRACE 15142 79121 P 66 e48607ae0
SCHED-TRACE 15143 79122 K 72 e09efffff
SCHED-TRACE 15144 79122 P 66 e4a2a3d70
SCHED-TRACE 15145 79123 P 66 e4b763d70
SCHED-TRACE 15146 79179 I 72 e44b4a
SCHED-TRACE 15147 79179 B 72 f5
SCHED-TRACE 15148 79179 P 72 e465fffff
SCHED-TRACE 15149 79179 R 72 e465fffff
SCHED-TRACE 15150 79180 U 4 e44c8d
SCHED-TRACE 15151 79180 V 4 e44d49
SCHED-TRACE 15152 79180 O 0 0
SCHED-TRACE 15153 79180 P 72 e485851eb
SCHED-TRACE 15154 79181 K 81 e09f73332
SCHED-TRACE 15155 79181 P 72 e4a228f5b
SCHED-TRACE 15156 79182 P 72 e4b6e3d70
SCHED-TRACE 15157 79238 I 81 e47634
SCHED-TRACE 15158 79238 B 81 f4
SCHED-TRACE 15159 79238 P 81 e46668f5b
SCHED-TRACE 15160 79238 R 81 e46668f5b
SCHED-TRACE 15161 79239 U 4 e47777
SCHED-TRACE 15162 79239 V 4 e47833
SCHED-TRACE 15163 79239 O 0 0
SCHED-TRACE 15164 79239 P 81 e485deb84
SCHED-TRACE 15165 79240 K 57 e0a0428f4
SCHED-TRACE 15166 79240 P 81 e4a27ae14
SCHED-TRACE 15167 79241 P 81 e4b73ae14
SCHED-TRACE 15168 79297 I 57 e4a121
SCHED-TRACE 15169 79297 B 57 f0
SCHED-TRACE 15170 79297 P 57 e46766665
SCHED-TRACE 15171 79297 R 57 e46766665
SCHED-TRACE 15172 79298 U 4 e4a262
SCHED-TRACE 15173 79298 V 4 e4a31e
SCHED-TRACE 15174 79298 O 0 0
SCHED-TRACE 15175 79298 P 57 e486f3332
SCHED-TRACE 15176 79299 K 51 e0a107ae0
SCHED-TRACE 15177 79299 P 57 e4a38f5c1
SCHED-TRACE 15178 79300 P 57 e4b851eb7
SCHED-TRACE 15179 79356 I 51 e4cc07
SCHED-TRACE 15180 79356 B 51 f5
SCHED-TRACE 15181 79356 P 51 e467b851e
SCHED-TRACE 15182 79356 R 51 e467b851e
SCHED-TRACE 15183 79357 U 4 e4cd4b
SCHED-TRACE 15184 79357 V 4 e4ce07
SCHED-TRACE 15185 79357 O 0 0
SCHED-TRACE 15186 79357 P 51 e4876147a
SCHED-TRACE 15187 79358 K 39 e0a1428f5
SCHED-TRACE 15188 79358 P 51 e4a3f5c28
SCHED-TRACE 15189 79359 P 51 e4b8ab851
SCHED-TRACE 15190 79415 I 39 e4f69c
SCHED-TRACE 15191 79415 B 39 ec
SCHED-TRACE 15192 79415 P 39 e46263d70
SCHED-TRACE 15193 79415 R 39 e46263d70
SCHED-TRACE 15194 79416 U 4 e4f7da
SCHED-TRACE 15195 79416 V 4 e4f893
SCHED-TRACE 15196 79416 O 0 0
SCHED-TRACE 15197 79416 P 39 e48163d70
SCHED-TRACE 15198 79417 K 45 e0a1b5c27
SCHED-TRACE 15199 79417 P 39 e49dcf5c2
SCHED-TRACE 15200 79418 P 39 e4b27851e
SCHED-TRACE 15201 79474 I 45 e52114
SCHED-TRACE 15202 79474 B 45 ef
SCHED-TRACE 15203 79474 P 45 e461bae13
SCHED-TRACE 15204 79474 R 45 e461bae13
SCHED-TRACE 15205 79475 U 4 e52255
SCHED-TRACE 15206 79475 V 4 e5230e
SCHED-TRACE 15207 79475 O 0 0
SCHED-TRACE 15208 79475 P 45 e480d1eb7
SCHED-TRACE 15209 79476 K 78 e0a2147ad
SCHED-TRACE 15210 79476 P 45 e49d47ae0
SCHED-TRACE 15211 79477 P 45 e4b1f851d
SCHED-TRACE 15212 79533 I 78 e54b99
SCHED-TRACE 15213 79533 B 78 ef
SCHED-TRACE 15214 79533 P 78 e462ccccc
SCHED-TRACE 15215 79533 R 78 e462ccccc
SCHED-TRACE 15216 79534 U 4 e54cda
SCHED-TRACE 15217 79534 V 4 e54d93
SCHED-TRACE 15218 79534 O 0 0
SCHED-TRACE 15219 79534 P 78 e481fffff
SCHED-TRACE 15220 79535 K 48 e0a33fffe
SCHED-TRACE 15221 79535 P 78 e49e75c28
SCHED-TRACE 15222 79536 P 78 e4b32b851
SCHED-TRACE 15223 79592 I 48 e5762a
SCHED-TRACE 15224 79592 B 48 ef
SCHED-TRACE 15225 79592 P 48 e464b0a3c
SCHED-TRACE 15226 79592 R 48 e464b0a3c
SCHED-TRACE 15227 79593 U 4 e5776c
SCHED-TRACE 15228 79593 V 4 e57826
SCHED-TRACE 15229 79593 O 0 0
SCHED-TRACE 15230 79593 P 48 e48411eb7
SCHED-TRACE 15231 79594 K 75 e0a44cccc
SCHED-TRACE 15232 79594 P 48 e4a0970a2
SCHED-TRACE 15233 79595 P 48 e4b547ae0
SCHED-TRACE 15234 79651 I 75 e5a0c5
SCHED-TRACE 15235 79651 B 75 f1
SCHED-TRACE 15236 79651 P 75 e4662e147
SCHED-TRACE 15237 79651 R 75 e4662e147
SCHED-TRACE 15238 79652 U 4 e5a206
SCHED-TRACE 15239 79652 V 4 e5a2be
SCHED-TRACE 15240 79652 O 0 0
SCHED-TRACE 15241 79652 P 75 e48530a3d
SCHED-TRACE 15242 79653 K 33 e0efac082
SCHED-TRACE 15243 79653 P 75 e4a1b0a3d
SCHED-TRACE 15244 79654 P 75 e4b66147a
SCHED-TRACE 15245 79710 I 33 e5cb5a
SCHED-TRACE 15246 79710 B 33 f0
SCHED-TRACE 15247 79710 P 33 e14fd2f1a
SCHED-TRACE 15248 79710 R 33 e14fd2f1a
SCHED-TRACE 15249 79711 U 4 e5cc98
SCHED-TRACE 15250 79711 V 4 e5cd52
SCHED-TRACE 15251 79711 O 0 0
SCHED-TRACE 15252 79711 P 33 e152eed90
SCHED-TRACE 15253 79712 K 33 e152eed90
SCHED-TRACE 15254 79712 P 33 e155c8311
SCHED-TRACE 15255 79769 I 33 e5f5bf
SCHED-TRACE 15256 79769 B 33 ef
SCHED-TRACE 15257 79769 P 33 e1b783126
SCHED-TRACE 15258 79769 R 33 e1b783126
SCHED-TRACE 15259 79770 U 4 e5f6fe
SCHED-TRACE 15260 79770 V 4 e5f7b8
SCHED-TRACE 15261 79770 O 0 0
SCHED-TRACE 15262 79770 P 33 e1ba9eb84
SCHED-TRACE 15263 79771 K 33 e1ba9eb84
SCHED-TRACE 15264 79771 P 33 e1bd79167
SCHED-TRACE 15265 79828 I 33 e62025
SCHED-TRACE 15266 79828 B 33 f0
SCHED-TRACE 15267 79828 P 33 e21f2dd2e
SCHED-TRACE 15268 79828 R 33 e21f2dd2e
SCHED-TRACE 15269 79829 U 4 e62165
SCHED-TRACE 15270 79829 V 4 e6221f
SCHED-TRACE 15271 79829 O 0 0
SCHED-TRACE 15272 79829 P 33 e22248f5b
SCHED-TRACE 15273 79830 K 33 e22248f5b
SCHED-TRACE 15274 79830 P 33 e225224dc
SCHED-TRACE 15275 79888 I 33 e64b12
SCHED-TRACE 15276 79888 B 33 f1
SCHED-TRACE 15277 79888 P 33 e28825a1c
SCHED-TRACE 15278 79888 R 33 e28825a1c
SCHED-TRACE 15279 79889 U 4 e64c51
SCHED-TRACE 15280 79889 V 4 e64d0b
SCHED-TRACE 15281 79889 O 0 0
SCHED-TRACE 15282 79889 P 33 e28b424dc
SCHED-TRACE 15283 79890 K 33 e28b424dc
SCHED-TRACE 15284 79890 P 33 e28e1c6a7
SCHED-TRACE 15285 79947 I 33 e67578
SCHED-TRACE 15286 79947 B 33 f1
SCHED-TRACE 15287 79947 P 33 e2efce978
SCHED-TRACE 15288 79947 R 33 e2efce978
SCHED-TRACE 15289 79948 U 4 e676b7
SCHED-TRACE 15290 79948 V 4 e67772
SCHED-TRACE 15291 79948 O 0 0
SCHED-TRACE 15292 79948 P 33 e2f2ea3d6
SCHED-TRACE 15293 79949 K 33 e2f2ea3d6
SCHED-TRACE 15294 79949 P 33 e2f5c4dd2
SCHED-TRACE 15295 80006 I 33 e69fde
SCHED-TRACE 15296 80006 B 33 f1
SCHED-TRACE 15297 80006 P 33 e35771686
SCHED-TRACE 15298 80006 R 33 e35771686
SCHED-TRACE 15299 80007 U 4 e6a11e
SCHED-TRACE 15300 80007 V 4 e6a1d8
SCHED-TRACE 15301 80007 O 0 0
SCHED-TRACE 15302 80007 P 33 e35a8d4fd
SCHED-TRACE 15303 80008 K 33 e35a8d4fd
SCHED-TRACE 15304 80008 P 33 e35d65e34
SCHED-TRACE 15305 80065 I 33 e6ca43
SCHED-TRACE 15306 80065 B 33 f1
SCHED-TRACE 15307 80065 P 33 e3bf0f5c2
SCHED-TRACE 15308 80065 R 33 e3bf0f5c2
SCHED-TRACE 15309 80066 U 4 e6cb82
SCHED-TRACE 15310 80066 V 4 e6cc3d
SCHED-TRACE 15311 80066 O 0 0
SCHED-TRACE 15312 80066 P 33 e3c22d916
SCHED-TRACE 15313 80067 K 33 e3c22d916
SCHED-TRACE 15314 80067 P 33 e3c508f5b
SCHED-TRACE 15315 80124 I 33 e6f4aa
SCHED-TRACE 15316 80124 B 33 f2
SCHED-TRACE 15317 80124 P 33 e426b6041
SCHED-TRACE 15318 80124 R 33 e426b6041
SCHED-TRACE 15319 80125 U 4 e6f5e9
SCHED-TRACE 15320 80125 V 4 e6f6a4
SCHED-TRACE 15321 80125 O 0 0
SCHED-TRACE 15322 80125 P 33 e429d1eb7
SCHED-TRACE 15323 80126 K 33 e429d1eb7
SCHED-TRACE 15324 80126 P 33 e42cacccc
SCHED-TRACE 15325 80183 I 33 e71f10
SCHED-TRACE 15326 80183 B 33 f1
SCHED-TRACE 15327 80183 P 33 e48e53b63
SCHED-TRACE 15328 80183 R 33 e48e53b63
SCHED-TRACE 15329 80184 U 4 e72050
SCHED-TRACE 15330 80184 V 4 e7210b
SCHED-TRACE 15331 80184 O 0 0
SCHED-TRACE 15332 80184 P 33 e49172b01
SCHED-TRACE 15333 80185 K 42 e465b5c28
SCHED-TRACE 15334 80185 P 33 e49449ba5
SCHED-TRACE 15335 80186 P 33 e4965b645
SCHED-TRACE 15336 80242 I 42 e749c9
SCHED-TRACE 15337 80242 B 42 ec
SCHED-TRACE 15338 80242 P 42 e829bd709
SCHED-TRACE 15339 80242 R 42 e829bd709
SCHED-TRACE 15340 80243 U 4 e74b09
SCHED-TRACE 15341 80243 V 4 e74bc3
SCHED-TRACE 15342 80243 O 0 0
SCHED-TRACE 15343 80243 P 42 e848fffff
SCHED-TRACE 15344 80244 K 63 e47851eb7
SCHED-TRACE 15345 80244 P 42 e86591eb7
SCHED-TRACE 15346 80245 P 42 e87a4f5c1
SCHED-TRACE 15347 80301 I 63 e77487
SCHED-TRACE 15348 80301 B 63 f2
SCHED-TRACE 15349 80301 P 63 e83cccccc
SCHED-TRACE 15350 80301 R 63 e83cccccc
SCHED-TRACE 15351 80302 U 4 e775c9
SCHED-TRACE 15352 80302 V 4 e77684
SCHED-TRACE 15353 80302 O 0 0
SCHED-TRACE 15354 80302 P 63 e85c30a3c
SCHED-TRACE 15355 80303 K 69 e480a147a
SCHED-TRACE 15356 80303 P 63 e878bffff
SCHED-TRACE 15357 80304 P 63 e88d7d709
SCHED-TRACE 15358 80360 I 69 e79f48
SCHED-TRACE 15359 80360 B 69 f2
SCHED-TRACE 15360 80360 P 69 e845051ea
SCHED-TRACE 15361 80360 R 69 e845051ea
SCHED-TRACE 15362 80361 U 4 e7a089
SCHED-TRACE 15363 80361 V 4 e7a145
SCHED-TRACE 15364 80361 O 0 0
SCHED-TRACE 15365 80361 P 69 e8646e147
SCHED-TRACE 15366 80362 K 60 e4934f5c1
SCHED-TRACE 15367 80362 P 69 e880deb84
SCHED-TRACE 15368 80363 P 69 e895970a3
SCHED-TRACE 15369 80419 I 60 e7ca06
SCHED-TRACE 15370 80419 B 60 ef
SCHED-TRACE 15371 80419 P 60 e857828f4
SCHED-TRACE 15372 80419 R 60 e857828f4
SCHED-TRACE 15373 80420 U 4 e7cb46
SCHED-TRACE 15374 80420 V 4 e7cc00
SCHED-TRACE 15375 80420 O 0 0
SCHED-TRACE 15376 80420 P 60 e876b0a3c
SCHED-TRACE 15377 80421 K 33 e4965b645
SCHED-TRACE 15378 80421 P 60 e89347ae0
SCHED-TRACE 15379 80422 P 60 e8a7fae13
SCHED-TRACE 15380 80478 I 33 e7f4af
SCHED-TRACE 15381 80478 B 33 f2
SCHED-TRACE 15382 80478 P 33 e4f6978d4
SCHED-TRACE 15383 80478 R 33 e4f6978d4
SCHED-TRACE 15384 80479 U 4 e7f5ef
SCHED-TRACE 15385 80479 V 4 e7f6a9
SCHED-TRACE 15386 80479 O 0 0
SCHED-TRACE 15387 80479 P 33 e4f9b4fde
SCHED-TRACE 15388 80480 K 36 e4a6851ea
SCHED-TRACE 15389 80480 P 33 e4fc9020b
SCHED-TRACE 15390 80481 P 33 e4fea2d0d
SCHED-TRACE 15391 80537 I 36 e81f6e
SCHED-TRACE 15392 80537 B 36 f1
SCHED-TRACE 15393 80537 P 36 e86ae8f5b
SCHED-TRACE 15394 80537 R 36 e86ae8f5b
SCHED-TRACE 15395 80538 U 4 e820af
SCHED-TRACE 15396 80538 V 4 e8216a
SCHED-TRACE 15397 80538 O 0 0
SCHED-TRACE 15398 80538 P 36 e88a3ae13
SCHED-TRACE 15399 80539 K 45 e4b1f851d
SCHED-TRACE 15400 80539 P 36 e8a6b5c28
SCHED-TRACE 15401 80540 P 36 e8bb70a3c
SCHED-TRACE 15402 80596 I 45 e84a31
SCHED-TRACE 15403 80596 B 45 f2
SCHED-TRACE 15404 80596 P 45 e8768cccb
SCHED-TRACE 15405 80596 R 45 e8768cccb
SCHED-TRACE 15406 80597 U 4 e84b73
SCHED-TRACE 15407 80597 V 4 e84c2f
SCHED-TRACE 15408 80597 O 0 0
SCHED-TRACE 15409 80597 P 45 e8961eb84
SCHED-TRACE 15410 80598 K 39 e4b27851e
SCHED-TRACE 15411 80598 P 45 e8b2b5c27
SCHED-TRACE 15412 80599 P 45 e8c76e146
SCHED-TRACE 15413 80655 I 39 e874f3
SCHED-TRACE 15414 80655 B 39 f3
SCHED-TRACE 15415 80655 P 39 e876bae13
SCHED-TRACE 15416 80655 R 39 e876bae13
SCHED-TRACE 15417 80656 U 4 e87634
SCHED-TRACE 15418 80656 V 4 e876ef
SCHED-TRACE 15419 80656 O 0 0
SCHED-TRACE 15420 80656 P 39 e895f3332
SCHED-TRACE 15421 80657 K 78 e4b32b851
SCHED-TRACE 15422 80657 P 39 e8b287ae0
SCHED-TRACE 15423 80658 P 39 e8c7428f5
SCHED-TRACE 15424 80714 I 78 e89fbb
SCHED-TRACE 15425 80714 B 78 f2
SCHED-TRACE 15426 80714 P 78 e878147ad
SCHED-TRACE 15427 80714 R 78 e878147ad
SCHED-TRACE 15428 80715 U 4 e8a0fd
SCHED-TRACE 15429 80715 V 4 e8a1b8
SCHED-TRACE 15430 80715 O 0 0
SCHED-TRACE 15431 80715 P 78 e897828f5
SCHED-TRACE 15432 80716 K 48 e4b547ae0
SCHED-TRACE 15433 80716 P 78 e8b4028f5
SCHED-TRACE 15434 80717 P 78 e8c8bffff
SCHED-TRACE 15435 80773 I 48 e8ca88
SCHED-TRACE 15436 80773 B 48 f3
SCHED-TRACE 15437 80773 P 48 e87a91eb7
SCHED-TRACE 15438 80773 R 48 e87a91eb7
SCHED-TRACE 15439 80774 U 4 e8cbcb
SCHED-TRACE 15440 80774 V 4 e8cc86
SCHED-TRACE 15441 80774 O 0 0
SCHED-TRACE 15442 80774 P 48 e89a21479
SCHED-TRACE 15443 80775 K 75 e4b66147a
SCHED-TRACE 15444 80775 P 48 e8b6b851d
SCHED-TRACE 15445 80776 P 48 e8cb73332
SCHED-TRACE 15446 80832 I 75 e8f54e
SCHED-TRACE 15447 80832 B 75 f3
SCHED-TRACE 15448 80832 P 75 e87b0f5c2
SCHED-TRACE 15449 80832 R 75 e87b0f5c2
SCHED-TRACE 15450 80833 U 4 e8f690
SCHED-TRACE 15451 80833 V 4 e8f74a
SCHED-TRACE 15452 80833 O 0 0
SCHED-TRACE 15453 80833 P 75 e89a5eb84
SCHED-TRACE 15454 80834 K 72 e4b6e3d70
SCHED-TRACE 15455 80834 P 75 e8b6f0a3d
SCHED-TRACE 15456 80835 P 75 e8cbb0a3d
SCHED-TRACE 15457 80891 I 72 e92015
SCHED-TRACE 15458 80891 B 72 f1
SCHED-TRACE 15459 80891 P 72 e87bb0a3c
SCHED-TRACE 15460 80891 R 72 e87bb0a3c
SCHED-TRACE 15461 80892 U 4 e92157
SCHED-TRACE 15462 80892 V 4 e92212
SCHED-TRACE 15463 80892 O 0 0
SCHED-TRACE 15464 80892 P 72 e89b0a3d6
SCHED-TRACE 15465 80893 K 54 e4b735c28
SCHED-TRACE 15466 80893 P 72 e8b787ae0
SCHED-TRACE 15467 80894 P 72 e8cc428f5
SCHED-TRACE 15468 80950 I 54 e94ade
SCHED-TRACE 15469 80950 B 54 f2
SCHED-TRACE 15470 80950 P 54 e87c0f5c1
SCHED-TRACE 15471 80950 R 54 e87c0f5c1
SCHED-TRACE 15472 80951 U 4 e94c20
SCHED-TRACE 15473 80951 V 4 e94cdb
SCHED-TRACE 15474 80951 O 0 0
SCHED-TRACE 15475 80951 P 54 e89b8f5c1
SCHED-TRACE 15476 80952 K 81 e4b73ae14
SCHED-TRACE 15477 80952 P 54 e8b81eb84
SCHED-TRACE 15478 80953 P 54 e8ccd70a3
SCHED-TRACE 15479 81009 I 81 e975a5
SCHED-TRACE 15480 81009 B 81 f2
SCHED-TRACE 15481 81009 P 81 e87bdeb84
SCHED-TRACE 15482 81009 R 81 e87bdeb84
SCHED-TRACE 15483 81010 U 4 e976e7
SCHED-TRACE 15484 81010 V 4 e977a2
SCHED-TRACE 15485 81010 O 0 0
SCHED-TRACE 15486 81010 P 81 e89b30a3d
SCHED-TRACE 15487 81011 K 66 e4b763d70
SCHED-TRACE 15488 81011 P 81 e8b7c7ae0
SCHED-TRACE 15489 81012 P 81 e8cc7d709
SCHED-TRACE 15490 81068 I 66 e9a070
SCHED-TRACE 15491 81068 B 66 f3
SCHED-TRACE 15492 81068 P 66 e87c4a3d6
SCHED-TRACE 15493 81068 R 66 e87c4a3d6
SCHED-TRACE 15494 81069 U 4 e9a1b3
SCHED-TRACE 15495 81069 V 4 e9a26e
SCHED-TRACE 15496 81069 O 0 0
SCHED-TRACE 15497 81069 P 66 e89bb851e
SCHED-TRACE 15498 81070 K 57 e4b851eb7
SCHED-TRACE 15499 81070 P 66 e8b84cccc
SCHED-TRACE 15500 81071 P 66 e8cd07ae0
SCHED-TRACE 15501 81127 I 57 e9cb3c
SCHED-TRACE 15502 81127 B 57 f2
SCHED-TRACE 15503 81127 P 57 e87d4a3d6
SCHED-TRACE 15504 81127 R 57 e87d4a3d6
SCHED-TRACE 15505 81128 U 4 e9cc7e
SCHED-TRACE 15506 81128 V 4 e9cd39
SCHED-TRACE 15507 81128 O 0 0
SCHED-TRACE 15508 81128 P 57 e89cca3d6
SCHED-TRACE 15509 81129 K 51 e4b8ab851
SCHED-TRACE 15510 81129 P 57 e8b959998
SCHED-TRACE 15511 81130 P 57 e8ce170a2
SCHED-TRACE 15512 81186 I 51 e9f606
SCHED-TRACE 15513 81186 B 51 f1
SCHED-TRACE 15514 81186 P 51 e87d73332
SCHED-TRACE 15515 81186 R 51 e87d73332
SCHED-TRACE 15516 81187 U 4 e9f748
SCHED-TRACE 15517 81187 V 4 e9f803
SCHED-TRACE 15518 81187 O 0 0
SCHED-TRACE 15519 81187 P 51 e89ceb851
SCHED-TRACE 15520 81188 K 33 e4fea2d0d
SCHED-TRACE 15521 81188 P 51 e8b9828f5
SCHED-TRACE 15522 81189 P 51 e8ce35c28
SCHED-TRACE 15523 81245 I 33 ea20cd
SCHED-TRACE 15524 81245 B 33 f3
SCHED-TRACE 15525 81245 P 33 e55f147ad
SCHED-TRACE 15526 81245 R 33 e55f147ad
SCHED-TRACE 15527 81246 U 4 ea220d
SCHED-TRACE 15528 81246 V 4 ea22c7
SCHED-TRACE 15529 81246 O 0 0
SCHED-TRACE 15530 81246 P 33 e5622e55f
SCHED-TRACE 15531 81247 K 33 e5622e55f
SCHED-TRACE 15532 81247 P 33 e56509fbd
SCHED-TRACE 15533 81304 I 33 ea4b49
SCHED-TRACE 15534 81304 B 33 f3
SCHED-TRACE 15535 81304 P 33 e5c6d9580
SCHED-TRACE 15536 81304 R 33 e5c6d9580
SCHED-TRACE 15537 81305 U 4 ea4c89
SCHED-TRACE 15538 81305 V 4 ea4d44
SCHED-TRACE 15539 81305 O 0 0
SCHED-TRACE 15540 81305 P 33 e5c9f8d4f
SCHED-TRACE 15541 81306 K 33 e5c9f8d4f
SCHED-TRACE 15542 81306 P 33 e5ccd4395
SCHED-TRACE 15543 81363 I 33 ea75ca
SCHED-TRACE 15544 81363 B 33 f2
SCHED-TRACE 15545 81363 P 33 e62ea6e97
SCHED-TRACE 15546 81363 R 33 e62ea6e97
SCHED-TRACE 15547 81364 U 4 ea7709
SCHED-TRACE 15548 81364 V 4 ea77c4
SCHED-TRACE 15549 81364 O 0 0
SCHED-TRACE 15550 81364 P 33 e631c624d
SCHED-TRACE 15551 81365 K 33 e631c624d
SCHED-TRACE 15552 81365 P 33 e634a20c4
SCHED-TRACE 15553 81422 I 33 eaa04f
SCHED-TRACE 15554 81422 B 33 f3
SCHED-TRACE 15555 81422 P 33 e69680830
SCHED-TRACE 15556 81422 R 33 e69680830
SCHED-TRACE 15557 81423 U 4 eaa190
SCHED-TRACE 15558 81423 V 4 eaa24b
SCHED-TRACE 15559 81423 O 0 0
SCHED-TRACE 15560 81423 P 33 e6999fbe6
SCHED-TRACE 15561 81424 K 33 e6999fbe6
SCHED-TRACE 15562 81424 P 33 e69c7be76
SCHED-TRACE 15563 81481 I 33 eacad7
SCHED-TRACE 15564 81481 B 33 f3
SCHED-TRACE 15565 81481 P 33 e6fe5a1ca
SCHED-TRACE 15566 81481 R 33 e6fe5a1ca
SCHED-TRACE 15567 81482 U 4 eacc17
SCHED-TRACE 15568 81482 V 4 eaccd2
SCHED-TRACE 15569 81482 O 0 0
SCHED-TRACE 15570 81482 P 33 e7017a1ca
SCHED-TRACE 15571 81483 K 33 e7017a1ca
SCHED-TRACE 15572 81483 P 33 e70455c28
SCHED-TRACE 15573 81540 I 33 eaf556
SCHED-TRACE 15574 81540 B 33 f1
SCHED-TRACE 15575 81540 P 33 e76625e34
SCHED-TRACE 15576 81540 R 33 e76625e34
SCHED-TRACE 15577 81541 U 4 eaf696
SCHED-TRACE 15578 81541 V 4 eaf750
SCHED-TRACE 15579 81541 O 0 0
SCHED-TRACE 15580 81541 P 33 e76943957
SCHED-TRACE 15581 81542 K 33 e76943957
SCHED-TRACE 15582 81542 P 33 e76c1f7ce
SCHED-TRACE 15583 81599 I 33 eb1fd2
SCHED-TRACE 15584 81599 B 33 f3
SCHED-TRACE 15585 81599 P 33 e7cdedd2e
SCHED-TRACE 15586 81599 R 33 e7cdedd2e
SCHED-TRACE 15587 81600 U 4 eb2113
SCHED-TRACE 15588 81600 V 4 eb21ce
SCHED-TRACE 15589 81600 O 0 0
SCHED-TRACE 15590 81600 P 33 e7d10bc6a
SCHED-TRACE 15591 81601 K 33 e7d10bc6a
SCHED-TRACE 15592 81601 P 33 e7d3e5603
SCHED-TRACE 15593 81658 I 33 eb4a51
SCHED-TRACE 15594 81658 B 33 f2
SCHED-TRACE 15595 81658 P 33 e835b8105
SCHED-TRACE 15596 81658 R 33 e835b8105
SCHED-TRACE 15597 81659 U 4 eb4b91
SCHED-TRACE 15598 81659 V 4 eb4c4c
SCHED-TRACE 15599 81659 O 0 0
SCHED-TRACE 15600 81659 P 33 e838d851e
SCHED-TRACE 15601 81660 K 33 e838d851e
SCHED-TRACE 15602 81660 P 33 e83bb53f7
SCHED-TRACE 15603 81717 I 33 eb74d2
SCHED-TRACE 15604 81717 B 33 f3
SCHED-TRACE 15605 81717 P 33 e89d8872a
SCHED-TRACE 15606 81717 R 33 e89d8872a
SCHED-TRACE 15607 81718 U 4 eb7612
SCHED-TRACE 15608 81718 V 4 eb76cd
SCHED-TRACE 15609 81718 O 0 0
SCHED-TRACE 15610 81718 P 33 e8a0a72af
SCHED-TRACE 15611 81719 K 42 e87a4f5c1
SCHED-TRACE 15612 81719 P 33 e8a383126
SCHED-TRACE 15613 81720 P 33 e8a595c28
SCHED-TRACE 15614 81776 I 42 eb9fa3
SCHED-TRACE 15615 81776 B 42 f2
SCHED-TRACE 15616 81776 P 42 ec3fc28f4
SCHED-TRACE 15617 81776 R 42 ec3fc28f4
SCHED-TRACE 15618 81777 U 4 eba0e5
SCHED-TRACE 15619 81777 V 4 eba1a1
SCHED-TRACE 15620 81777 O 0 0
SCHED-TRACE 15621 81777 P 42 ec5f33332
SCHED-TRACE 15622 81778 K 63 e88d7d709
SCHED-TRACE 15623 81778 P 42 ec7bb5c28
SCHED-TRACE 15624 81779 P 42 ec9073332
SCHED-TRACE 15625 81835 I 63 ebca79
SCHED-TRACE 15626 81835 B 63 f3
SCHED-TRACE 15627 81835 P 63 ec5347ae0
SCHED-TRACE 15628 81835 R 63 ec5347ae0
SCHED-TRACE 15629 81836 U 4 ebcbbc
SCHED-TRACE 15630 81836 V 4 ebcc77
SCHED-TRACE 15631 81836 O 0 0
SCHED-TRACE 15632 81836 P 63 ec72ccccc
SCHED-TRACE 15633 81837 K 69 e895970a3
SCHED-TRACE 15634 81837 P 63 ec8f68f5b
SCHED-TRACE 15635 81838 P 63 eca423d70
SCHED-TRACE 15636 81894 I 69 ebf54a
SCHED-TRACE 15637 81894 B 69 f4
SCHED-TRACE 15638 81894 P 69 ec5ac51ea
SCHED-TRACE 15639 81894 R 69 ec5ac51ea
SCHED-TRACE 15640 81895 U 4 ebf68c
SCHED-TRACE 15641 81895 V 4 ebf747
SCHED-TRACE 15642 81895 O 0 0
SCHED-TRACE 15643 81895 P 69 ec7a26665
SCHED-TRACE 15644 81896 K 33 e8a595c28
SCHED-TRACE 15645 81896 P 69 ec96bd709
SCHED-TRACE 15646 81897 P 69 ecab7851e
SCHED-TRACE 15647 81953 I 33 ec2018
SCHED-TRACE 15648 81953 B 33 f2
SCHED-TRACE 15649 81953 P 33 e90614395
SCHED-TRACE 15650 81953 R 33 e90614395
SCHED-TRACE 15651 81954 U 4 ec2159
SCHED-TRACE 15652 81954 V 4 ec2214
SCHED-TRACE 15653 81954 O 0 0
SCHED-TRACE 15654 81954 P 33 e90933332
SCHED-TRACE 15655 81955 K 60 e8a7fae13
SCHED-TRACE 15656 81955 P 33 e90c0e147
SCHED-TRACE 15657 81956 P 33 e90e20c49
SCHED-TRACE 15658 82012 I 60 ec4aea
SCHED-TRACE 15659 82012 B 60 f3
SCHED-TRACE 15660 82012 P 60 ec6d75c27
SCHED-TRACE 15661 82012 R 60 ec6d75c27
SCHED-TRACE 15662 82013 U 4 ec4c2a
SCHED-TRACE 15663 82013 V 4 ec4ce6
SCHED-TRACE 15664 82013 O 0 0
SCHED-TRACE 15665 82013 P 60 ec8cca3d5
SCHED-TRACE 15666 82014 K 36 e8bb70a3c
SCHED-TRACE 15667 82014 P 60 eca95eb84
SCHED-TRACE 15668 82015 P 60 ecbe1c28e
SCHED-TRACE 15669 82071 I 36 ec75c2
SCHED-TRACE 15670 82071 B 36 f3
SCHED-TRACE 15671 82071 P 36 ec81570a3
SCHED-TRACE 15672 82071 R 36 ec81570a3
SCHED-TRACE 15673 82072 U 4 ec7703
SCHED-TRACE 15674 82072 V 4 ec77be
SCHED-TRACE 15675 82072 O 0 0
SCHED-TRACE 15676 82072 P 36 eca0ab851
SCHED-TRACE 15677 82073 K 39 e8c7428f5
SCHED-TRACE 15678 82073 P 36 ecbd451ea
SCHED-TRACE 15679 82074 P 36 ecd1fd709
SCHED-TRACE 15680 82130 I 39 eca099
SCHED-TRACE 15681 82130 B 39 f3
SCHED-TRACE 15682 82130 P 39 ec8d0a3d6
SCHED-TRACE 15683 82130 R 39 ec8d0a3d6
SCHED-TRACE 15684 82131 U 4 eca1da
SCHED-TRACE 15685 82131 V 4 eca294
SCHED-TRACE 15686 82131 O 0 0
SCHED-TRACE 15687 82131 P 39 ecac33332
SCHED-TRACE 15688 82132 K 45 e8c76e146
SCHED-TRACE 15689 82132 P 39 ecc8cf5c2
SCHED-TRACE 15690 82133 P 39 ecdd8f5c2
SCHED-TRACE 15691 82189 I 45 eccb78
SCHED-TRACE 15692 82189 B 45 f4
SCHED-TRACE 15693 82189 P 45 ec8dfae13
SCHED-TRACE 15694 82189 R 45 ec8dfae13
SCHED-TRACE 15695 82190 U 4 ecccbc
SCHED-TRACE 15696 82190 V 4 eccd78
SCHED-TRACE 15697 82190 O 0 0
SCHED-TRACE 15698 82190 P 45 ecada6665
SCHED-TRACE 15699 82191 K 78 e8c8bffff
SCHED-TRACE 15700 82191 P 45 ecca3ae13
SCHED-TRACE 15701 82192 P 45 ecdefd709
SCHED-TRACE 15702 82248 I 78 ecf64f
SCHED-TRACE 15703 82248 B 78 f2
SCHED-TRACE 15704 82248 P 78 ec8e59998
SCHED-TRACE 15705 82248 R 78 ec8e59998
SCHED-TRACE 15706 82249 U 4 ecf791
SCHED-TRACE 15707 82249 V 4 ecf84c
SCHED-TRACE 15708 82249 O 0 0
SCHED-TRACE 15709 82249 P 78 ecadc51ea
SCHED-TRACE 15710 82250 K 48 e8cb73332
SCHED-TRACE 15711 82250 P 78 ecca66665
SCHED-TRACE 15712 82251 P 78 ecdf2147a
SCHED-TRACE 15713 82307 I 48 ed2128
SCHED-TRACE 15714 82307 B 48 f4
SCHED-TRACE 15715 82307 P 48 ec918a3d5
SCHED-TRACE 15716 82307 R 48 ec918a3d5
SCHED-TRACE 15717 82308 U 4 ed226c
SCHED-TRACE 15718 82308 V 4 ed2326
SCHED-TRACE 15719 82308 O 0 0
SCHED-TRACE 15720 82308 P 48 ecb0e8f5b
SCHED-TRACE 15721 82309 K 75 e8cbb0a3d
SCHED-TRACE 15722 82309 P 48 eccd7d709
SCHED-TRACE 15723 82310 P 48 ece23ae13
SCHED-TRACE 15724 82366 I 75 ed4bfd
SCHED-TRACE 15725 82366 B 75 f2
SCHED-TRACE 15726 82366 P 75 ec9151eb7
SCHED-TRACE 15727 82366 R 75 ec9151eb7
SCHED-TRACE 15728 82367 U 4 ed4d3f
SCHED-TRACE 15729 82367 V 4 ed4dfb
SCHED-TRACE 15730 82367 O 0 0
SCHED-TRACE 15731 82367 P 75 ecb0bffff
SCHED-TRACE 15732 82368 K 72 e8cc428f5
SCHED-TRACE 15733 82368 P 75 eccd570a3
SCHED-TRACE 15734 82369 P 75 ece2147ad
SCHED-TRACE 15735 82425 I 72 ed76d4
SCHED-TRACE 15736 82425 B 72 f3
SCHED-TRACE 15737 82425 P 72 ec92051eb
SCHED-TRACE 15738 82425 R 72 ec92051eb
SCHED-TRACE 15739 82426 U 4 ed7815
SCHED-TRACE 15740 82426 V 4 ed78d1
SCHED-TRACE 15741 82426 O 0 0
SCHED-TRACE 15742 82426 P 72 ecb17ae14
SCHED-TRACE 15743 82427 K 81 e8cc7d709
SCHED-TRACE 15744 82427 P 72 ecce0f5c2
SCHED-TRACE 15745 82428 P 72 ece2c7ae0
SCHED-TRACE 15746 82484 I 81 eda1ae
SCHED-TRACE 15747 82484 B 81 f4
SCHED-TRACE 15748 82484 P 81 ec925eb84
SCHED-TRACE 15749 82484 R 81 ec925eb84
SCHED-TRACE 15750 82485 U 4 eda2f0
SCHED-TRACE 15751 82485 V 4 eda3ab
SCHED-TRACE 15752 82485 O 0 0
SCHED-TRACE 15753 82485 P 81 ecb1a3d70
SCHED-TRACE 15754 82486 K 54 e8ccd70a3
SCHED-TRACE 15755 82486 P 81 ecce3ae14
SCHED-TRACE 15756 82487 P 81 ece2f851e
SCHED-TRACE 15757 82543 I 54 edcc8a
SCHED-TRACE 15758 82543 B 54 f2
SCHED-TRACE 15759 82543 P 54 ec92fd709
SCHED-TRACE 15760 82543 R 54 ec92fd709
SCHED-TRACE 15761 82544 U 4 edcdcd
SCHED-TRACE 15762 82544 V 4 edce88
SCHED-TRACE 15763 82544 O 0 0
SCHED-TRACE 15764 82544 P 54 ecb2851ea
SCHED-TRACE 15765 82545 K 66 e8cd07ae0
SCHED-TRACE 15766 82545 P 54 eccf26665
SCHED-TRACE 15767 82546 P 54 ece3e6665
SCHED-TRACE 15768 82602 I 66 edf760
SCHED-TRACE 15769 82602 B 66 f4
SCHED-TRACE 15770 82602 P 66 ec927ffff
SCHED-TRACE 15771 82602 R 66 ec927ffff
SCHED-TRACE 15772 82603 U 4 edf8a2
SCHED-TRACE 15773 82603 V 4 edf95e
SCHED-TRACE 15774 82603 O 0 0
SCHED-TRACE 15775 82603 P 66 ecb1fffff
SCHED-TRACE 15776 82604 K 57 e8ce170a2
SCHED-TRACE 15777 82604 P 66 ecce8a3d6
SCHED-TRACE 15778 82605 P 66 ece34a3d6
SCHED-TRACE 15779 82661 I 57 ee223a
SCHED-TRACE 15780 82661 B 57 f1
SCHED-TRACE 15781 82661 P 57 ec93e6665
SCHED-TRACE 15782 82661 R 57 ec93e6665
SCHED-TRACE 15783 82662 U 4 ee237c
SCHED-TRACE 15784 82662 V 4 ee2437
SCHED-TRACE 15785 82662 O 0 0
SCHED-TRACE 15786 82662 P 57 ecb368f5b
SCHED-TRACE 15787 82663 K 51 e8ce35c28
SCHED-TRACE 15788 82663 P 57 ecd0028f4
SCHED-TRACE 15789 82664 P 57 ece4bd709
SCHED-TRACE 15790 82720 I 51 ee4d14
SCHED-TRACE 15791 82720 B 51 f3
SCHED-TRACE 15792 82720 P 51 ec9426666
SCHED-TRACE 15793 82720 R 51 ec9426666
SCHED-TRACE 15794 82721 U 4 ee4e58
SCHED-TRACE 15795 82721 V 4 ee4f13
SCHED-TRACE 15796 82721 O 0 0
SCHED-TRACE 15797 82721 P 51 ecb3b0a3d
SCHED-TRACE 15798 82722 K 33 e90e20c49
SCHED-TRACE 15799 82722 P 51 ecd0547ad
SCHED-TRACE 15800 82723 P 51 ece511eb7
SCHED-TRACE 15801 82779 I 33 ee77eb
SCHED-TRACE 15802 82779 B 33 f5
SCHED-TRACE 15803 82779 P 33 e96ea9fbd
SCHED-TRACE 15804 82779 R 33 e96ea9fbd
SCHED-TRACE 15805 82780 U 4 ee792c
SCHED-TRACE 15806 82780 V 4 ee79e7
SCHED-TRACE 15807 82780 O 0 0
SCHED-TRACE 15808 82780 P 33 e971ca3d6
SCHED-TRACE 15809 82781 K 33 e971ca3d6
SCHED-TRACE 15810 82781 P 33 e974a51eb
SCHED-TRACE 15811 82838 I 33 eea27c
SCHED-TRACE 15812 82838 B 33 f0
SCHED-TRACE 15813 82838 P 33 e9d69374b
SCHED-TRACE 15814 82838 R 33 e9d69374b
SCHED-TRACE 15815 82839 U 4 eea3bb
SCHED-TRACE 15816 82839 V 4 eea476
SCHED-TRACE 15817 82839 O 0 0
SCHED-TRACE 15818 82839 P 33 e9d9b3b63
SCHED-TRACE 15819 82840 K 33 e9d9b3b63
SCHED-TRACE 15820 82840 P 33 e9dc9020b
SCHED-TRACE 15821 82897 I 33 eecd0f
SCHED-TRACE 15822 82897 B 33 f3
SCHED-TRACE 15823 82897 P 33 ea3e83d70
SCHED-TRACE 15824 82897 R 33 ea3e83d70
SCHED-TRACE 15825 82898 U 4 eece50
SCHED-TRACE 15826 82898 V 4 eecf0b
SCHED-TRACE 15827 82898 O 0 0
SCHED-TRACE 15828 82898 P 33 ea41a49b9
SCHED-TRACE 15829 82899 K 33 ea41a49b9
SCHED-TRACE 15830 82899 P 33 ea4481892
SCHED-TRACE 15831 82956 I 33 eef79b
SCHED-TRACE 15832 82956 B 33 f4
SCHED-TRACE 15833 82956 P 33 eaa666e97
SCHED-TRACE 15834 82956 R 33 eaa666e97
SCHED-TRACE 15835 82957 U 4 eef8dc
SCHED-TRACE 15836 82957 V 4 eef998
SCHED-TRACE 15837 82957 O 0 0
SCHED-TRACE 15838 82957 P 33 eaa987ef9
SCHED-TRACE 15839 82958 K 33 eaa987ef9
SCHED-TRACE 15840 82958 P 33 eaac62d0d
SCHED-TRACE 15841 83015 I 33 ef2228
SCHED-TRACE 15842 83015 B 33 f1
SCHED-TRACE 15843 83015 P 33 eb0e4872a
SCHED-TRACE 15844 83015 R 33 eb0e4872a
SCHED-TRACE 15845 83016 U 4 ef2366
SCHED-TRACE 15846 83016 V 4 ef2421
SCHED-TRACE 15847 83016 O 0 0
SCHED-TRACE 15848 83016 P 33 eb1164dd2
SCHED-TRACE 15849 83017 K 33 eb1164dd2
SCHED-TRACE 15850 83017 P 33 eb1441061
SCHED-TRACE 15851 83074 I 33 ef4cb1
SCHED-TRACE 15852 83074 B 33 f3
SCHED-TRACE 15853 83074 P 33 eb7627ae0
SCHED-TRACE 15854 83074 R 33 eb7627ae0
SCHED-TRACE 15855 83075 U 4 ef4df1
SCHED-TRACE 15856 83075 V 4 ef4ead
SCHED-TRACE 15857 83075 O 0 0
SCHED-TRACE 15858 83075 P 33 eb79476c8
SCHED-TRACE 15859 83076 K 33 eb79476c8
SCHED-TRACE 15860 83076 P 33 eb7c245a1
SCHED-TRACE 15861 83133 I 33 ef773d
SCHED-TRACE 15862 83133 B 33 f4
SCHED-TRACE 15863 83133 P 33 ebde0a7ef
SCHED-TRACE 15864 83133 R 33 ebde0a7ef
SCHED-TRACE 15865 83134 U 4 ef787d
SCHED-TRACE 15866 83134 V 4 ef7939
SCHED-TRACE 15867 83134 O 0 0
SCHED-TRACE 15868 83134 P 33 ebe12b851
SCHED-TRACE 15869 83135 K 33 ebe12b851
SCHED-TRACE 15870 83135 P 33 ebe4076c8
SCHED-TRACE 15871 83192 I 33 efa1d0
SCHED-TRACE 15872 83192 B 33 f4
SCHED-TRACE 15873 83192 P 33 ec45f8d4f
SCHED-TRACE 15874 83192 R 33 ec45f8d4f
SCHED-TRACE 15875 83193 U 4 efa30f
SCHED-TRACE 15876 83193 V 4 efa3ca
SCHED-TRACE 15877 83193 O 0 0
SCHED-TRACE 15878 83193 P 33 ec4916041
SCHED-TRACE 15879 83194 K 33 ec4916041
SCHED-TRACE 15880 83194 P 33 ec4bf22d0
SCHED-TRACE 15881 83251 I 33 efcc62
SCHED-TRACE 15882 83251 B 33 f3
SCHED-TRACE 15883 83251 P 33 ecade5603
SCHED-TRACE 15884 83251 R 33 ecade5603
SCHED-TRACE 15885 83252 U 4 efcda3
SCHED-TRACE 15886 83252 V 4 efce5f
SCHED-TRACE 15887 83252 O 0 0
SCHED-TRACE 15888 83252 P 33 ecb1076c8
SCHED-TRACE 15889 83253 K 42 ec9073332
SCHED-TRACE 15890 83253 P 33 ecb3e4dd2
SCHED-TRACE 15891 83254 P 33 ecb5f8105
SCHED-TRACE 15892 83310 I 42 eff73d
SCHED-TRACE 15893 83310 B 42 f4
SCHED-TRACE 15894 83310 P 42 f05666665
SCHED-TRACE 15895 83310 R 42 f05666665
SCHED-TRACE 15896 83311 U 4 eff87e
SCHED-TRACE 15897 83311 V 4 eff93a
SCHED-TRACE 15898 83311 O 0 0
SCHED-TRACE 15899 83311 P 42 f075d47ad
SCHED-TRACE 15900 83312 K 63 eca423d70
SCHED-TRACE 15901 83312 P 42 f0926b851
SCHED-TRACE 15902 83313 P 42 f0a72b851
SCHED-TRACE 15903 83369 I 63 f02221
SCHED-TRACE 15904 83369 B 63 f3
SCHED-TRACE 15905 83369 P 63 f06aca3d6
SCHED-TRACE 15906 83369 R 63 f06aca3d6
SCHED-TRACE 15907 83370 U 4 f02363
SCHED-TRACE 15908 83370 V 4 f0241d
SCHED-TRACE 15909 83370 O 0 0
SCHED-TRACE 15910 83370 P 63 f08a2b851
SCHED-TRACE 15911 83371 K 69 ecab7851e
SCHED-TRACE 15912 83371 P 63 f0a6c7ae0
SCHED-TRACE 15913 83372 P 63 f0bb851eb
SCHED-TRACE 15914 83428 I 69 f04d03
SCHED-TRACE 15915 83428 B 69 f3
SCHED-TRACE 15916 83428 P 69 f071f0a3c
SCHED-TRACE 15917 83428 R 69 f071f0a3c
SCHED-TRACE 15918 83429 U 4 f04e46
SCHED-TRACE 15919 83429 V 4 f04f01
SCHED-TRACE 15920 83429 O 0 0
SCHED-TRACE 15921 83429 P 69 f0916b851
SCHED-TRACE 15922 83430 K 33 ecb5f8105
SCHED-TRACE 15923 83430 P 69 f0ae11eb7
SCHED-TRACE 15924 83431 P 69 f0c2cf5c1
SCHED-TRACE 15925 83487 I 33 f077e3
SCHED-TRACE 15926 83487 B 33 f4
SCHED-TRACE 15927 83487 P 33 ed1695c28
SCHED-TRACE 15928 83487 R 33 ed1695c28
SCHED-TRACE 15929 83488 U 4 f07924
SCHED-TRACE 15930 83488 V 4 f079e0
SCHED-TRACE 15931 83488 O 0 0
SCHED-TRACE 15932 83488 P 33 ed19b70a3
SCHED-TRACE 15933 83489 K 60 ecbe1c28e
SCHED-TRACE 15934 83489 P 33 ed1c926e8
SCHED-TRACE 15935 83490 P 33 ed1ea5a1c
SCHED-TRACE 15936 83546 I 60 f0a2ca
SCHED-TRACE 15937 83546 B 60 f2
SCHED-TRACE 15938 83546 P 60 f084d70a2
SCHED-TRACE 15939 83546 R 60 f084d70a2
SCHED-TRACE 15940 83547 U 4 f0a40a
SCHED-TRACE 15941 83547 V 4 f0a4c5
SCHED-TRACE 15942 83547 O 0 0
SCHED-TRACE 15943 83547 P 60 f0a430a3c
SCHED-TRACE 15944 83548 K 36 ecd1fd709
SCHED-TRACE 15945 83548 P 60 f0c0cf5c1
SCHED-TRACE 15946 83549 P 60 f0d58f5c1
SCHED-TRACE 15947 83605 I 36 f0cdb8
SCHED-TRACE 15948 83605 B 36 f5
SCHED-TRACE 15949 83605 P 36 f0997ae13
SCHED-TRACE 15950 83605 R 36 f0997ae13
SCHED-TRACE 15951 83606 U 4 f0cefa
SCHED-TRACE 15952 83606 V 4 f0cfb6
SCHED-TRACE 15953 83606 O 0 0
SCHED-TRACE 15954 83606 P 36 f0b8ee146
SCHED-TRACE 15955 83607 K 39 ecdd8f5c2
SCHED-TRACE 15956 83607 P 36 f0d5947ad
SCHED-TRACE 15957 83608 P 36 f0ea51eb7
SCHED-TRACE 15958 83664 I 39 f0f897
SCHED-TRACE 15959 83664 B 39 f4
SCHED-TRACE 15960 83664 P 39 f0a3ca3d6
SCHED-TRACE 15961 83664 R 39 f0a3ca3d6
SCHED-TRACE 15962 83665 U 4 f0f9d9
SCHED-TRACE 15963 83665 V 4 f0fa94
SCHED-TRACE 15964 83665 O 0 0
SCHED-TRACE 15965 83665 P 39 f0c3147ad
SCHED-TRACE 15966 83666 K 45 ecdefd709
SCHED-TRACE 15967 83666 P 39 f0dfb0a3c
SCHED-TRACE 15968 83667 P 39 f0f475c28
SCHED-TRACE 15969 83723 I 45 f1237a
SCHED-TRACE 15970 83723 B 45 f1
SCHED-TRACE 15971 83723 P 45 f0a5deb84
SCHED-TRACE 15972 83723 R 45 f0a5deb84
SCHED-TRACE 15973 83724 U 4 f124be
SCHED-TRACE 15974 83724 V 4 f12579
SCHED-TRACE 15975 83724 O 0 0
SCHED-TRACE 15976 83724 P 45 f0c5851ea
SCHED-TRACE 15977 83725 K 78 ecdf2147a
SCHED-TRACE 15978 83725 P 45 f0e221479
SCHED-TRACE 15979 83726 P 45 f0f6e6665
SCHED-TRACE 15980 83782 I 78 f14e61
SCHED-TRACE 15981 83782 B 78 f4
SCHED-TRACE 15982 83782 P 78 f0a5fffff
SCHED-TRACE 15983 83782 R 78 f0a5fffff
SCHED-TRACE 15984 83783 U 4 f14fa4
SCHED-TRACE 15985 83783 V 4 f1505f
SCHED-TRACE 15986 83783 O 0 0
SCHED-TRACE 15987 83783 P 78 f0c57ffff
SCHED-TRACE 15988 83784 K 75 ece2147ad
SCHED-TRACE 15989 83784 P 78 f0e22b851
SCHED-TRACE 15990 83785 P 78 f0f6e8f5b
SCHED-TRACE 15991 83841 I 75 f17948
SCHED-TRACE 15992 83841 B 75 f4
SCHED-TRACE 15993 83841 P 75 f0a9170a3
SCHED-TRACE 15994 83841 R 75 f0a9170a3
SCHED-TRACE 15995 83842 U 4 f17a8a
SCHED-TRACE 15996 83842 V 4 f17b46
SCHED-TRACE 15997 83842 O 0 0
SCHED-TRACE 15998 83842 P 75 f0c8851eb
SCHED-TRACE 15999 83843 K 48 ece23ae13
SCHED-TRACE 16000 83843 P 75 f0e52b851
SCHED-TRACE 16001 83844 P 75 f0f9f5c28
SCHED-TRACE 16002 83900 I 48 f1a437
SCHED-TRACE 16003 83900 B 48 f5
SCHED-TRACE 16004 83900 P 48 f0a9e1479
SCHED-TRACE 16005 83900 R 48 f0a9e1479
SCHED-TRACE 16006 83901 U 4 f1a57b
SCHED-TRACE 16007 83901 V 4 f1a637
SCHED-TRACE 16008 83901 O 0 0
SCHED-TRACE 16009 83901 P 48 f0c98cccb
SCHED-TRACE 16010 83902 K 72 ece2c7ae0
SCHED-TRACE 16011 83902 P 48 f0e62b850
SCHED-TRACE 16012 83903 P 48 f0faf3332
SCHED-TRACE 16013 83959 I 72 f1cf28
SCHED-TRACE 16014 83959 B 72 f2
SCHED-TRACE 16015 83959 P 72 f0aa6b851
SCHED-TRACE 16016 83959 R 72 f0aa6b851
SCHED-TRACE 16017 83960 U 4 f1d06b
SCHED-TRACE 16018 83960 V 4 f1d127
SCHED-TRACE 16019 83960 O 0 0
SCHED-TRACE 16020 83960 P 72 f0c9f5c28
SCHED-TRACE 16021 83961 K 81 ece2f851e
SCHED-TRACE 16022 83961 P 72 f0e68cccc
SCHED-TRACE 16023 83962 P 72 f0fb4cccc
SCHED-TRACE 16024 84018 I 81 f1fa10
SCHED-TRACE 16025 84018 B 81 f3
SCHED-TRACE 16026 84018 P 81 f0aa028f5
SCHED-TRACE 16027 84018 R 81 f0aa028f5
SCHED-TRACE 16028 84019 U 4 f1fb52
SCHED-TRACE 16029 84019 V 4 f1fc0d
SCHED-TRACE 16030 84019 O 0 0
SCHED-TRACE 16031 84019 P 81 f0c96b851
SCHED-TRACE 16032 84020 K 66 ece34a3d6
SCHED-TRACE 16033 84020 P 81 f0e60f5c2
SCHED-TRACE 16034 84021 P 81 f0fad1eb7
SCHED-TRACE 16035 84077 I 66 f224fa
SCHED-TRACE 16036 84077 B 66 f3
SCHED-TRACE 16037 84077 P 66 f0aa7d709
SCHED-TRACE 16038 84077 R 66 f0aa7d709
SCHED-TRACE 16039 84078 U 4 f2263d
SCHED-TRACE 16040 84078 V 4 f226f8
SCHED-TRACE 16041 84078 O 0 0
SCHED-TRACE 16042 84078 P 66 f0c9fffff
SCHED-TRACE 16043 84079 K 54 ece3e6665
SCHED-TRACE 16044 84079 P 66 f0e6a147a
SCHED-TRACE 16045 84080 P 66 f0fb68f5b
SCHED-TRACE 16046 84136 I 54 f24fec
SCHED-TRACE 16047 84136 B 54 f2
SCHED-TRACE 16048 84136 P 54 f0abc7ae0
SCHED-TRACE 16049 84136 R 54 f0abc7ae0
SCHED-TRACE 16050 84137 U 4 f25130
SCHED-TRACE 16051 84137 V 4 f251ec
SCHED-TRACE 16052 84137 O 0 0
SCHED-TRACE 16053 84137 P 54 f0cb5c28e
SCHED-TRACE 16054 84138 K 57 ece4bd709
SCHED-TRACE 16055 84138 P 54 f0e7fae13
SCHED-TRACE 16056 84139 P 54 f0fcc28f5
SCHED-TRACE 16057 84195 I 57 f27add
SCHED-TRACE 16058 84195 B 57 f5
SCHED-TRACE 16059 84195 P 57 f0ac66665
SCHED-TRACE 16060 84195 R 57 f0ac66665
SCHED-TRACE 16061 84196 U 4 f27c21
SCHED-TRACE 16062 84196 V 4 f27cdd
SCHED-TRACE 16063 84196 O 0 0
SCHED-TRACE 16064 84196 P 57 f0cc0a3d6
SCHED-TRACE 16065 84197 K 51 ece511eb7
SCHED-TRACE 16066 84197 P 57 f0e8ae146
SCHED-TRACE 16067 84198 P 57 f0fd75c28
SCHED-TRACE 16068 84254 I 51 f2a5d2
SCHED-TRACE 16069 84254 B 51 f4
SCHED-TRACE 16070 84254 P 51 f0ace8f5b
SCHED-TRACE 16071 84254 R 51 f0ace8f5b
SCHED-TRACE 16072 84255 U 4 f2a716
SCHED-TRACE 16073 84255 V 4 f2a7d2
SCHED-TRACE 16074 84255 O 0 0
SCHED-TRACE 16075 84255 P 51 f0cc87ae0
SCHED-TRACE 16076 84256 K 33 ed1ea5a1c
SCHED-TRACE 16077 84256 P 51 f0e935c28
SCHED-TRACE 16078 84257 P 51 f0fdf5c28
SCHED-TRACE 16079 84313 I 33 f2d0c8
SCHED-TRACE 16080 84313 B 33 f4
SCHED-TRACE 16081 84313 P 33 ed7f6f9da
SCHED-TRACE 16082 84313 R 33 ed7f6f9da
SCHED-TRACE 16083 84314 U 4 f2d209
SCHED-TRACE 16084 84314 V 4 f2d2c5
SCHED-TRACE 16085 84314 O 0 0
SCHED-TRACE 16086 84314 P 33 ed829020b
SCHED-TRACE 16087 84315 K 33 ed829020b
SCHED-TRACE 16088 84315 P 33 ed856e55f
SCHED-TRACE 16089 84372 I 33 f2fb69
SCHED-TRACE 16090 84372 B 33 f5
SCHED-TRACE 16091 84372 P 33 ede781061
SCHED-TRACE 16092 84372 R 33 ede781061
SCHED-TRACE 16093 84373 U 4 f2fcaa
SCHED-TRACE 16094 84373 V 4 f2fd65
SCHED-TRACE 16095 84373 O 0 0
SCHED-TRACE 16096 84373 P 33 edeaa28f5
SCHED-TRACE 16097 84374 K 33 edeaa28f5
SCHED-TRACE 16098 84374 P 33 eded7ffff
SCHED-TRACE 16099 84431 I 33 f32608
SCHED-TRACE 16100 84431 B 33 f4
SCHED-TRACE 16101 84431 P 33 ee4f91eb7
SCHED-TRACE 16102 84431 R 33 ee4f91eb7
SCHED-TRACE 16103 84432 U 4 f32749
SCHED-TRACE 16104 84432 V 4 f32804
SCHED-TRACE 16105 84432 O 0 0
SCHED-TRACE 16106 84432 P 33 ee52b374b
SCHED-TRACE 16107 84433 K 33 ee52b374b
SCHED-TRACE 16108 84433 P 33 ee559126e
SCHED-TRACE 16109 84490 I 33 f350ac
SCHED-TRACE 16110 84490 B 33 f4
SCHED-TRACE 16111 84490 P 33 eeb7a9fbd
SCHED-TRACE 16112 84490 R 33 eeb7a9fbd
SCHED-TRACE 16113 84491 U 4 f351ed
SCHED-TRACE 16114 84491 V 4 f352a8
SCHED-TRACE 16115 84491 O 0 0
SCHED-TRACE 16116 84491 P 33 eebac9374
SCHED-TRACE 16117 84492 K 33 eebac9374
SCHED-TRACE 16118 84492 P 33 eebda76c8
SCHED-TRACE 16119 84549 I 33 f37b4f
SCHED-TRACE 16120 84549 B 33 f5
SCHED-TRACE 16121 84549 P 33 ef1fc1061
SCHED-TRACE 16122 84549 R 33 ef1fc1061
SCHED-TRACE 16123 84550 U 4 f37c8f
SCHED-TRACE 16124 84550 V 4 f37d4b
SCHED-TRACE 16125 84550 O 0 0
SCHED-TRACE 16126 84550 P 33 ef22e3126
SCHED-TRACE 16127 84551 K 33 ef22e3126
SCHED-TRACE 16128 84551 P 33 ef25c0830
SCHED-TRACE 16129 84608 I 33 f3a5f4
SCHED-TRACE 16130 84608 B 33 f4
SCHED-TRACE 16131 84608 P 33 ef87dd709
SCHED-TRACE 16132 84608 R 33 ef87dd709
SCHED-TRACE 16133 84609 U 4 f3a735
SCHED-TRACE 16134 84609 V 4 f3a7f0
SCHED-TRACE 16135 84609 O 0 0
SCHED-TRACE 16136 84609 P 33 ef8aff7ce
SCHED-TRACE 16137 84610 K 33 ef8aff7ce
SCHED-TRACE 16138 84610 P 33 ef8dddb22
SCHED-TRACE 16139 84667 I 33 f3d09f
SCHED-TRACE 16140 84667 B 33 f4
SCHED-TRACE 16141 84667 P 33 eff004188
SCHED-TRACE 16142 84667 R 33 eff004188
SCHED-TRACE 16143 84668 U 4 f3d1e1
SCHED-TRACE 16144 84668 V 4 f3d29c
SCHED-TRACE 16145 84668 O 0 0
SCHED-TRACE 16146 84668 P 33 eff3245a1
SCHED-TRACE 16147 84669 K 33 eff3245a1
SCHED-TRACE 16148 84669 P 33 eff602d0d
SCHED-TRACE 16149 84726 I 33 f3fb44
SCHED-TRACE 16150 84726 B 33 f5
SCHED-TRACE 16151 84726 P 33 f0581db22
SCHED-TRACE 16152 84726 R 33 f0581db22
SCHED-TRACE 16153 84727 U 4 f3fc85
SCHED-TRACE 16154 84727 V 4 f3fd40
SCHED-TRACE 16155 84727 O 0 0
SCHED-TRACE 16156 84727 P 33 f05b3eb84
SCHED-TRACE 16157 84728 K 33 f05b3eb84
SCHED-TRACE 16158 84728 P 33 f05e178d4
SCHED-TRACE 16159 84785 I 33 f425d1
SCHED-TRACE 16160 84785 B 33 e5
SCHED-TRACE 16161 84785 P 33 f0bffb22c
SCHED-TRACE 16162 84785 R 33 f0bffb22c
SCHED-TRACE 16163 84786 U 4 f4270c
SCHED-TRACE 16164 84786 V 4 f427c4
SCHED-TRACE 16165 84786 O 0 0
SCHED-TRACE 16166 84786 P 33 f0c30e978
SCHED-TRACE 16167 84787 K 42 f0a72b851
SCHED-TRACE 16168 84787 P 33 f0c5e51eb
SCHED-TRACE 16169 84788 P 33 f0c7f6041
SCHED-TRACE 16170 84844 I 42 f45032
SCHED-TRACE 16171 84844 B 42 ef
SCHED-TRACE 16172 84844 P 42 f465ee146
SCHED-TRACE 16173 84844 R 42 f465ee146
SCHED-TRACE 16174 84845 U 4 f45171
SCHED-TRACE 16175 84845 V 4 f4522a
SCHED-TRACE 16176 84845 O 0 0
SCHED-TRACE 16177 84845 P 42 f484fffff
SCHED-TRACE 16178 84846 K 63 f0bb851eb
SCHED-TRACE 16179 84846 P 42 f4a175c28
SCHED-TRACE 16180 84847 P 42 f4b62147a
SCHED-TRACE 16181 84903 I 63 f47ab3
SCHED-TRACE 16182 84903 B 63 ef
SCHED-TRACE 16183 84903 P 63 f47c1c28e
SCHED-TRACE 16184 84903 R 63 f47c1c28e
SCHED-TRACE 16185 84904 U 4 f47bf4
SCHED-TRACE 16186 84904 V 4 f47cae
SCHED-TRACE 16187 84904 O 0 0
SCHED-TRACE 16188 84904 P 63 f49b5eb84
SCHED-TRACE 16189 84905 K 69 f0c2cf5c1
SCHED-TRACE 16190 84905 P 63 f4b7d47ad
SCHED-TRACE 16191 84906 P 63 f4cc851eb
SCHED-TRACE 16192 84962 I 69 f4a53e
SCHED-TRACE 16193 84962 B 69 ec
SCHED-TRACE 16194 84962 P 69 f483b5c28
SCHED-TRACE 16195 84962 R 69 f483b5c28
SCHED-TRACE 16196 84963 U 4 f4a67d
SCHED-TRACE 16197 84963 V 4 f4a737
SCHED-TRACE 16198 84963 O 0 0
SCHED-TRACE 16199 84963 P 69 f4a2eb851
SCHED-TRACE 16200 84964 K 33 f0c7f6041
SCHED-TRACE 16201 84964 P 69 f4bf66665
SCHED-TRACE 16202 84965 P 69 f4d4147ad
SCHED-TRACE 16203 85021 I 33 f4cfcd
SCHED-TRACE 16204 85021 B 33 f1
SCHED-TRACE 16205 85021 P 33 f12814bc6
SCHED-TRACE 16206 85021 R 33 f12814bc6
SCHED-TRACE 16207 85022 U 4 f4d10c
SCHED-TRACE 16208 85022 V 4 f4d1c6
SCHED-TRACE 16209 85022 O 0 0
SCHED-TRACE 16210 85022 P 33 f12b30624
SCHED-TRACE 16211 85023 K 60 f0d58f5c1
SCHED-TRACE 16212 85023 P 33 f12e0a3d6
SCHED-TRACE 16213 85024 P 33 f1301ba5d
SCHED-TRACE 16214 85080 I 60 f4fa64
SCHED-TRACE 16215 85080 B 60 f1
SCHED-TRACE 16216 85080 P 60 f4974a3d5
SCHED-TRACE 16217 85080 R 60 f4974a3d5
SCHED-TRACE 16218 85081 U 4 f4fba4
SCHED-TRACE 16219 85081 V 4 f4fc5e
SCHED-TRACE 16220 85081 O 0 0
SCHED-TRACE 16221 85081 P 60 f4b666665
SCHED-TRACE 16222 85082 K 36 f0ea51eb7
SCHED-TRACE 16223 85082 P 60 f4d2deb84
SCHED-TRACE 16224 85083 P 60 f4e7970a2
SCHED-TRACE 16225 85139 I 36 f52506
SCHED-TRACE 16226 85139 B 36 ec
SCHED-TRACE 16227 85139 P 36 f4ace6665
SCHED-TRACE 16228 85139 R 36 f4ace6665
SCHED-TRACE 16229 85140 U 4 f52644
SCHED-TRACE 16230 85140 V 4 f526fd
SCHED-TRACE 16231 85140 O 0 0
SCHED-TRACE 16232 85140 P 36 f4cc07ae0
SCHED-TRACE 16233 85141 K 39 f0f475c28
SCHED-TRACE 16234 85141 P 36 f4e88a3d6
SCHED-TRACE 16235 85142 P 36 f4fd3d709
SCHED-TRACE 16236 85198 I 39 f54fa7
SCHED-TRACE 16237 85198 B 39 f2
SCHED-TRACE 16238 85198 P 39 f4b6f3332
SCHED-TRACE 16239 85198 R 39 f4b6f3332
SCHED-TRACE 16240 85199 U 4 f550e7
SCHED-TRACE 16241 85199 V 4 f551a1
SCHED-TRACE 16242 85199 O 0 0
SCHED-TRACE 16243 85199 P 39 f4d62147a
SCHED-TRACE 16244 85200 K 45 f0f6e6665
SCHED-TRACE 16245 85200 P 39 f4f2ae147
SCHED-TRACE 16246 85201 P 39 f5076e147
SCHED-TRACE 16247 85257 I 45 f57a56
SCHED-TRACE 16248 85257 B 45 f2
SCHED-TRACE 16249 85257 P 45 f4ba61479
SCHED-TRACE 16250 85257 R 45 f4ba61479
SCHED-TRACE 16251 85258 U 4 f57b99
SCHED-TRACE 16252 85258 V 4 f57c54
SCHED-TRACE 16253 85258 O 0 0
SCHED-TRACE 16254 85258 P 45 f4d9d47ad
SCHED-TRACE 16255 85259 K 78 f0f6e8f5b
SCHED-TRACE 16256 85259 P 45 f4f6547ad
SCHED-TRACE 16257 85260 P 45 f50b0cccb
SCHED-TRACE 16258 85316 I 78 f5a50c
SCHED-TRACE 16259 85316 B 78 ee
SCHED-TRACE 16260 85316 P 78 f4ba73332
SCHED-TRACE 16261 85316 R 78 f4ba73332
SCHED-TRACE 16262 85317 U 4 f5a64a
SCHED-TRACE 16263 85317 V 4 f5a705
SCHED-TRACE 16264 85317 O 0 0
SCHED-TRACE 16265 85317 P 78 f4d9ae146
SCHED-TRACE 16266 85318 K 75 f0f9f5c28
SCHED-TRACE 16267 85318 P 78 f4f633332
SCHED-TRACE 16268 85319 P 78 f50ae8f5b
SCHED-TRACE 16269 85375 I 75 f5cfb9
SCHED-TRACE 16270 85375 B 75 f1
SCHED-TRACE 16271 85375 P 75 f4bd47ae0
SCHED-TRACE 16272 85375 R 75 f4bd47ae0
SCHED-TRACE 16273 85376 U 4 f5d0fa
SCHED-TRACE 16274 85376 V 4 f5d1b4
SCHED-TRACE 16275 85376 O 0 0
SCHED-TRACE 16276 85376 P 75 f4dc947ad
SCHED-TRACE 16277 85377 K 81 f0fad1eb7
SCHED-TRACE 16278 85377 P 75 f4f92147a
SCHED-TRACE 16279 85378 P 75 f50ddc28e
SCHED-TRACE 16280 85434 I 81 f5fa69
SCHED-TRACE 16281 85434 B 81 f2
SCHED-TRACE 16282 85434 P 81 f4be051eb
SCHED-TRACE 16283 85434 R 81 f4be051eb
SCHED-TRACE 16284 85435 U 4 f5fbaa
SCHED-TRACE 16285 85435 V 4 f5fc65
SCHED-TRACE 16286 85435 O 0 0
SCHED-TRACE 16287 85435 P 81 f4dd4a3d6
SCHED-TRACE 16288 85436 K 48 f0faf3332
SCHED-TRACE 16289 85436 P 81 f4f9c7ae0
SCHED-TRACE 16290 85437 P 81 f50e828f5
SCHED-TRACE 16291 85493 I 48 f62523
SCHED-TRACE 16292 85493 B 48 ed
SCHED-TRACE 16293 85493 P 48 f4bee8f5b
SCHED-TRACE 16294 85493 R 48 f4bee8f5b
SCHED-TRACE 16295 85494 U 4 f62663
SCHED-TRACE 16296 85494 V 4 f6271d
SCHED-TRACE 16297 85494 O 0 0
SCHED-TRACE 16298 85494 P 48 f4de4cccb
SCHED-TRACE 16299 85495 K 72 f0fb4cccc
SCHED-TRACE 16300 85495 P 48 f4fad47ac
SCHED-TRACE 16301 85496 P 48 f50f87ae0
SCHED-TRACE 16302 85552 I 72 f64fd3
SCHED-TRACE 16303 85552 B 72 f2
SCHED-TRACE 16304 85552 P 72 f4beb3332
SCHED-TRACE 16305 85552 R 72 f4beb3332
SCHED-TRACE 16306 85553 U 4 f65115
SCHED-TRACE 16307 85553 V 4 f651d0
SCHED-TRACE 16308 85553 O 0 0
SCHED-TRACE 16309 85553 P 72 f4de0f5c2
SCHED-TRACE 16310 85554 K 66 f0fb68f5b
SCHED-TRACE 16311 85554 P 72 f4faa147a
SCHED-TRACE 16312 85555 P 72 f50f51eb7
SCHED-TRACE 16313 85611 I 66 f67a8a
SCHED-TRACE 16314 85611 B 66 f3
SCHED-TRACE 16315 85611 P 66 f4bf051eb
SCHED-TRACE 16316 85611 R 66 f4bf051eb
SCHED-TRACE 16317 85612 U 4 f67bcc
SCHED-TRACE 16318 85612 V 4 f67c87
SCHED-TRACE 16319 85612 O 0 0
SCHED-TRACE 16320 85612 P 66 f4de6b851
SCHED-TRACE 16321 85613 K 54 f0fcc28f5
SCHED-TRACE 16322 85613 P 66 f4faf851e
SCHED-TRACE 16323 85614 P 66 f50fb3332
SCHED-TRACE 16324 85670 I 54 f6a54a
SCHED-TRACE 16325 85670 B 54 ee
SCHED-TRACE 16326 85670 P 54 f4c10a3d6
SCHED-TRACE 16327 85670 R 54 f4c10a3d6
SCHED-TRACE 16328 85671 U 4 f6a68b
SCHED-TRACE 16329 85671 V 4 f6a745
SCHED-TRACE 16330 85671 O 0 0
SCHED-TRACE 16331 85671 P 54 f4e06b851
SCHED-TRACE 16332 85672 K 57 f0fd75c28
SCHED-TRACE 16333 85672 P 54 f4fcf5c28
SCHED-TRACE 16334 85673 P 54 f511a8f5b
SCHED-TRACE 16335 85729 I 57 f6d002
SCHED-TRACE 16336 85729 B 57 f3
SCHED-TRACE 16337 85729 P 57 f4c1547ad
SCHED-TRACE 16338 85729 R 57 f4c1547ad
SCHED-TRACE 16339 85730 U 4 f6d144
SCHED-TRACE 16340 85730 V 4 f6d1ff
SCHED-TRACE 16341 85730 O 0 0
SCHED-TRACE 16342 85730 P 57 f4e0c7ae0
SCHED-TRACE 16343 85731 K 51 f0fdf5c28
SCHED-TRACE 16344 85731 P 57 f4fd570a2
SCHED-TRACE 16345 85732 P 57 f5120a3d6
SCHED-TRACE 16346 85788 I 51 f6fabf
SCHED-TRACE 16347 85788 B 51 f1
SCHED-TRACE 16348 85788 P 51 f4c1f3332
SCHED-TRACE 16349 85788 R 51 f4c1f3332
SCHED-TRACE 16350 85789 U 4 f6fc02
SCHED-TRACE 16351 85789 V 4 f6fcbc
SCHED-TRACE 16352 85789 O 0 0
SCHED-TRACE 16353 85789 P 51 f4e16147a
SCHED-TRACE 16354 85790 K 33 f1301ba5d
SCHED-TRACE 16355 85790 P 51 f4fdeb851
SCHED-TRACE 16356 85791 P 51 f512a147a
SCHED-TRACE 16357 85847 I 33 f7257d
SCHED-TRACE 16358 85847 B 33 ee
SCHED-TRACE 16359 85847 P 33 f1907eb84
SCHED-TRACE 16360 85847 R 33 f1907eb84
SCHED-TRACE 16361 85848 U 4 f726ba
SCHED-TRACE 16362 85848 V 4 f72775
SCHED-TRACE 16363 85848 O 0 0
SCHED-TRACE 16364 85848 P 33 f1939be76
SCHED-TRACE 16365 85849 K 33 f1939be76
SCHED-TRACE 16366 85849 P 33 f19676c8a
SCHED-TRACE 16367 85906 I 33 f74fe7
SCHED-TRACE 16368 85906 B 33 f3
SCHED-TRACE 16369 85906 P 33 f1f82b851
SCHED-TRACE 16370 85906 R 33 f1f82b851
SCHED-TRACE 16371 85907 U 4 f75127
SCHED-TRACE 16372 85907 V 4 f751e2
SCHED-TRACE 16373 85907 O 0 0
SCHED-TRACE 16374 85907 P 33 f1fb4a3d6
SCHED-TRACE 16375 85908 K 33 f1fb4a3d6
SCHED-TRACE 16376 85908 P 33 f1fe25e34
SCHED-TRACE 16377 85965 I 33 f77a58
SCHED-TRACE 16378 85965 B 33 f2
SCHED-TRACE 16379 85965 P 33 f25fdef9d
SCHED-TRACE 16380 85965 R 33 f25fdef9d
SCHED-TRACE 16381 85966 U 4 f77b98
SCHED-TRACE 16382 85966 V 4 f77c53
SCHED-TRACE 16383 85966 O 0 0
SCHED-TRACE 16384 85966 P 33 f262fcac0
SCHED-TRACE 16385 85967 K 33 f262fcac0
SCHED-TRACE 16386 85967 P 33 f265d70a3
SCHED-TRACE 16387 86024 I 33 f7a4cd
SCHED-TRACE 16388 86024 B 33 ef
SCHED-TRACE 16389 86024 P 33 f2c796c8a
SCHED-TRACE 16390 86024 R 33 f2c796c8a
SCHED-TRACE 16391 86025 U 4 f7a60b
SCHED-TRACE 16392 86025 V 4 f7a6c6
SCHED-TRACE 16393 86025 O 0 0
SCHED-TRACE 16394 86025 P 33 f2cab3f7c
SCHED-TRACE 16395 86026 K 33 f2cab3f7c
SCHED-TRACE 16396 86026 P 33 f2cd8f1a9
SCHED-TRACE 16397 86083 I 33 f7cf3e
SCHED-TRACE 16398 86083 B 33 f1
SCHED-TRACE 16399 86083 P 33 f32f4e55f
SCHED-TRACE 16400 86083 R 33 f32f4e55f
SCHED-TRACE 16401 86084 U 4 f7d07e
SCHED-TRACE 16402 86084 V 4 f7d139
SCHED-TRACE 16403 86084 O 0 0
SCHED-TRACE 16404 86084 P 33 f3326c8b3
SCHED-TRACE 16405 86085 K 33 f3326c8b3
SCHED-TRACE 16406 86085 P 33 f3354872a
SCHED-TRACE 16407 86142 I 33 f7f9b5
SCHED-TRACE 16408 86142 B 33 f3
SCHED-TRACE 16409 86142 P 33 f3970dd2e
SCHED-TRACE 16410 86142 R 33 f3970dd2e
SCHED-TRACE 16411 86143 U 4 f7faf6
SCHED-TRACE 16412 86143 V 4 f7fbb1
SCHED-TRACE 16413 86143 O 0 0
SCHED-TRACE 16414 86143 P 33 f39a2d916
SCHED-TRACE 16415 86144 K 33 f39a2d916
SCHED-TRACE 16416 86144 P 33 f39d06e97
SCHED-TRACE 16417 86201 I 33 f82434
SCHED-TRACE 16418 86201 B 33 ed
SCHED-TRACE 16419 86201 P 33 f3fed580f
SCHED-TRACE 16420 86201 R 33 f3fed580f
SCHED-TRACE 16421 86202 U 4 f82570
SCHED-TRACE 16422 86202 V 4 f82629
SCHED-TRACE 16423 86202 O 0 0
SCHED-TRACE 16424 86202 P 33 f401ec49b
SCHED-TRACE 16425 86203 K 33 f401ec49b
SCHED-TRACE 16426 86203 P 33 f404c72af
SCHED-TRACE 16427 86260 I 33 f84ea0
SCHED-TRACE 16428 86260 B 33 f2
SCHED-TRACE 16429 86260 P 33 f466828f5
SCHED-TRACE 16430 86260 R 33 f466828f5
SCHED-TRACE 16431 86261 U 4 f84fdf
SCHED-TRACE 16432 86261 V 4 f8509b
SCHED-TRACE 16433 86261 O 0 0
SCHED-TRACE 16434 86261 P 33 f469a1cab
SCHED-TRACE 16435 86262 K 33 f469a1cab
SCHED-TRACE 16436 86262 P 33 f46c7df3a
SCHED-TRACE 16437 86319 I 33 f87916
SCHED-TRACE 16438 86319 B 33 f3
SCHED-TRACE 16439 86319 P 33 f4ce3ffff
SCHED-TRACE 16440 86319 R 33 f4ce3ffff
SCHED-TRACE 16441 86320 U 4 f87a56
SCHED-TRACE 16442 86320 V 4 f87b11
SCHED-TRACE 16443 86320 O 0 0
SCHED-TRACE 16444 86320 P 33 f4d15fbe6
SCHED-TRACE 16445 86321 K 42 f4b62147a
SCHED-TRACE 16446 86321 P 33 f4d43ae14
SCHED-TRACE 16447 86322 P 33 f4d64d0e4
SCHED-TRACE 16448 86378 I 42 f8a3e2
SCHED-TRACE 16449 86378 B 42 f3
SCHED-TRACE 16450 86378 P 42 f87b35c28
SCHED-TRACE 16451 86378 R 42 f87b35c28
SCHED-TRACE 16452 86379 U 4 f8a523
SCHED-TRACE 16453 86379 V 4 f8a5dd
SCHED-TRACE 16454 86379 O 0 0
SCHED-TRACE 16455 86379 P 42 f89a5eb84
SCHED-TRACE 16456 86380 K 63 f4cc851eb
SCHED-TRACE 16457 86380 P 42 f8b6f0a3c
SCHED-TRACE 16458 86381 P 42 f8cba8f5b
SCHED-TRACE 16459 86437 I 63 f8cea9
SCHED-TRACE 16460 86437 B 63 f3
SCHED-TRACE 16461 86437 P 63 f89170a3c
SCHED-TRACE 16462 86437 R 63 f89170a3c
SCHED-TRACE 16463 86438 U 4 f8cfec
SCHED-TRACE 16464 86438 V 4 f8d0a7
SCHED-TRACE 16465 86438 O 0 0
SCHED-TRACE 16466 86438 P 63 f8b0eb851
SCHED-TRACE 16467 86439 K 69 f4d4147ad
SCHED-TRACE 16468 86439 P 63 f8cd828f5
SCHED-TRACE 16469 86440 P 63 f8e23ffff
SCHED-TRACE 16470 86496 I 69 f8f974
SCHED-TRACE 16471 86496 B 69 f2
SCHED-TRACE 16472 86496 P 69 f898d9998
SCHED-TRACE 16473 86496 R 69 f898d9998
SCHED-TRACE 16474 86497 U 4 f8fab6
SCHED-TRACE 16475 86497 V 4 f8fb71
SCHED-TRACE 16476 86497 O 0 0
SCHED-TRACE 16477 86497 P 69 f8b847ae0
SCHED-TRACE 16478 86498 K 33 f4d64d0e4
SCHED-TRACE 16479 86498 P 69 f8d4d70a3
SCHED-TRACE 16480 86499 P 69 f8e991eb7
SCHED-TRACE 16481 86555 I 33 f92442
SCHED-TRACE 16482 86555 B 33 f3
SCHED-TRACE 16483 86555 P 33 f536cac07
SCHED-TRACE 16484 86555 R 33 f536cac07
SCHED-TRACE 16485 86556 U 4 f92580
SCHED-TRACE 16486 86556 V 4 f92639
SCHED-TRACE 16487 86556 O 0 0
SCHED-TRACE 16488 86556 P 33 f539e45a1
SCHED-TRACE 16489 86557 K 60 f4e7970a2
SCHED-TRACE 16490 86557 P 33 f53cbf7ce
SCHED-TRACE 16491 86558 P 33 f53ed1eb7
SCHED-TRACE 16492 86614 I 60 f94f02
SCHED-TRACE 16493 86614 B 60 f2
SCHED-TRACE 16494 86614 P 60 f8ac21479
SCHED-TRACE 16495 86614 R 60 f8ac21479
SCHED-TRACE 16496 86615 U 4 f95042
SCHED-TRACE 16497 86615 V 4 f950fd
SCHED-TRACE 16498 86615 O 0 0
SCHED-TRACE 16499 86615 P 60 f8cb63d6f
SCHED-TRACE 16500 86616 K 36 f4fd3d709
SCHED-TRACE 16501 86616 P 60 f8e7fd709
SCHED-TRACE 16502 86617 P 60 f8fcbd709
SCHED-TRACE 16503 86673 I 36 f979cf
SCHED-TRACE 16504 86673 B 36 f3
SCHED-TRACE 16505 86673 P 36 f8c27ffff
SCHED-TRACE 16506 86673 R 36 f8c27ffff
SCHED-TRACE 16507 86674 U 4 f97b11
SCHED-TRACE 16508 86674 V 4 f97bcc
SCHED-TRACE 16509 86674 O 0 0
SCHED-TRACE 16510 86674 P 36 f8e1deb84
SCHED-TRACE 16511 86675 K 39 f5076e147
SCHED-TRACE 16512 86675 P 36 f8fe66665
SCHED-TRACE 16513 86676 P 36 f9132147a
SCHED-TRACE 16514 86732 I 39 f9a4a1
SCHED-TRACE 16515 86732 B 39 f0
SCHED-TRACE 16516 86732 P 39 f8ccc7ae0
SCHED-TRACE 16517 86732 R 39 f8ccc7ae0
SCHED-TRACE 16518 86733 U 4 f9a5e0
SCHED-TRACE 16519 86733 V 4 f9a69b
SCHED-TRACE 16520 86733 O 0 0
SCHED-TRACE 16521 86733 P 39 f8ec0f5c2
SCHED-TRACE 16522 86734 K 78 f50ae8f5b
SCHED-TRACE 16523 86734 P 39 f908a8f5b
SCHED-TRACE 16524 86735 P 39 f91d6147a
SCHED-TRACE 16525 86791 I 78 f9cf6f
SCHED-TRACE 16526 86791 B 78 f1
SCHED-TRACE 16527 86791 P 78 f8d03851e
SCHED-TRACE 16528 86791 R 78 f8d03851e
SCHED-TRACE 16529 86792 U 4 f9d0b1
SCHED-TRACE 16530 86792 V 4 f9d16c
SCHED-TRACE 16531 86792 O 0 0
SCHED-TRACE 16532 86792 P 78 f8ef9eb84
SCHED-TRACE 16533 86793 K 45 f50b0cccb
SCHED-TRACE 16534 86793 P 78 f90c3ae13
SCHED-TRACE 16535 86794 P 78 f920fd709
SCHED-TRACE 16536 86850 I 45 f9fa47
SCHED-TRACE 16537 86850 B 45 f3
SCHED-TRACE 16538 86850 P 45 f8d10a3d5
SCHED-TRACE 16539 86850 R 45 f8d10a3d5
SCHED-TRACE 16540 86851 U 4 f9fb8b
SCHED-TRACE 16541 86851 V 4 f9fc46
SCHED-TRACE 16542 86851 O 0 0
SCHED-TRACE 16543 86851 P 45 f8f09c28e
SCHED-TRACE 16544 86852 K 75 f50ddc28e
SCHED-TRACE 16545 86852 P 45 f90d21479
SCHED-TRACE 16546 86853 P 45 f921e1479
SCHED-TRACE 16547 86909 I 75 fa2524
SCHED-TRACE 16548 86909 B 75 ee
SCHED-TRACE 16549 86909 P 75 f8d3dc28e
SCHED-TRACE 16550 86909 R 75 f8d3dc28e
SCHED-TRACE 16551 86910 U 4 fa2663
SCHED-TRACE 16552 86910 V 4 fa271d
SCHED-TRACE 16553 86910 O 0 0
SCHED-TRACE 16554 86910 P 75 f8f32b851
SCHED-TRACE 16555 86911 K 81 f50e828f5
SCHED-TRACE 16556 86911 P 75 f90fbae14
SCHED-TRACE 16557 86912 P 75 f92473332
SCHED-TRACE 16558 86968 I 81 fa4fe8
SCHED-TRACE 16559 86968 B 81 f4
SCHED-TRACE 16560 86968 P 81 f8d328f5b
SCHED-TRACE 16561 86968 R 81 f8d328f5b
SCHED-TRACE 16562 86969 U 4 fa512a
SCHED-TRACE 16563 86969 V 4 fa51e5
SCHED-TRACE 16564 86969 O 0 0
SCHED-TRACE 16565 86969 P 81 f8f287ae0
SCHED-TRACE 16566 86970 K 72 f50f51eb7
SCHED-TRACE 16567 86970 P 81 f90f2147a
SCHED-TRACE 16568 86971 P 81 f923d70a3
SCHED-TRACE 16569 87027 I 72 fa7ab2
SCHED-TRACE 16570 87027 B 72 f4
SCHED-TRACE 16571 87027 P 72 f8d43851e
SCHED-TRACE 16572 87027 R 72 f8d43851e
SCHED-TRACE 16573 87028 U 4 fa7bf5
SCHED-TRACE 16574 87028 V 4 fa7cb0
SCHED-TRACE 16575 87028 O 0 0
SCHED-TRACE 16576 87028 P 72 f8f3a6665
SCHED-TRACE 16577 87029 K 48 f50f87ae0
SCHED-TRACE 16578 87029 P 72 f9103851e
SCHED-TRACE 16579 87030 P 72 f924f5c28
SCHED-TRACE 16580 87086 I 48 faa585
SCHED-TRACE 16581 87086 B 48 ef
SCHED-TRACE 16582 87086 P 48 f8d4ee146
SCHED-TRACE 16583 87086 R 48 f8d4ee146
SCHED-TRACE 16584 87087 U 4 faa6c6
SCHED-TRACE 16585 87087 V 4 faa781
SCHED-TRACE 16586 87087 O 0 0
SCHED-TRACE 16587 87087 P 48 f8f473332
SCHED-TRACE 16588 87088 K 66 f50fb3332
SCHED-TRACE 16589 87088 P 48 f911028f4
SCHED-TRACE 16590 87089 P 48 f925bfffe
SCHED-TRACE 16591 87145 I 66 fad051
SCHED-TRACE 16592 87145 B 66 f3
SCHED-TRACE 16593 87145 P 66 f8d4b0a3d
SCHED-TRACE 16594 87145 R 66 f8d4b0a3d
SCHED-TRACE 16595 87146 U 4 fad194
SCHED-TRACE 16596 87146 V 4 fad24f
SCHED-TRACE 16597 87146 O 0 0
SCHED-TRACE 16598 87146 P 66 f8f42b851
SCHED-TRACE 16599 87147 K 54 f511a8f5b
SCHED-TRACE 16600 87147 P 66 f910c51eb
SCHED-TRACE 16601 87148 P 66 f9257ae14
SCHED-TRACE 16602 87204 I 54 fafb28
SCHED-TRACE 16603 87204 B 54 f2
SCHED-TRACE 16604 87204 P 54 f8d770a3c
SCHED-TRACE 16605 87204 R 54 f8d770a3c
SCHED-TRACE 16606 87205 U 4 fafc6b
SCHED-TRACE 16607 87205 V 4 fafd26
SCHED-TRACE 16608 87205 O 0 0
SCHED-TRACE 16609 87205 P 54 f8f6e3d6f
SCHED-TRACE 16610 87206 K 57 f5120a3d6
SCHED-TRACE 16611 87206 P 54 f91375c28
SCHED-TRACE 16612 87207 P 54 f92830a3c
SCHED-TRACE 16613 87263 I 57 fb25ff
SCHED-TRACE 16614 87263 B 57 ef
SCHED-TRACE 16615 87263 P 57 f8d7a8f5b
SCHED-TRACE 16616 87263 R 57 f8d7a8f5b
SCHED-TRACE 16617 87264 U 4 fb2741
SCHED-TRACE 16618 87264 V 4 fb27fc
SCHED-TRACE 16619 87264 O 0 0
SCHED-TRACE 16620 87264 P 57 f8f728f5b
SCHED-TRACE 16621 87265 K 51 f512a147a
SCHED-TRACE 16622 87265 P 57 f913bd709
SCHED-TRACE 16623 87266 P 57 f92875c28
SCHED-TRACE 16624 87322 I 51 fb50cc
SCHED-TRACE 16625 87322 B 51 f4
SCHED-TRACE 16626 87322 P 51 f8d7ab851
SCHED-TRACE 16627 87322 R 51 f8d7ab851
SCHED-TRACE 16628 87323 U 4 fb520f
SCHED-TRACE 16629 87323 V 4 fb52cb
SCHED-TRACE 16630 87323 O 0 0
SCHED-TRACE 16631 87323 P 51 f8f735c28
SCHED-TRACE 16632 87324 K 33 f53ed1eb7
SCHED-TRACE 16633 87324 P 51 f913ca3d6
SCHED-TRACE 16634 87325 P 51 f9287d709
SCHED-TRACE 16635 87381 I 33 fb7b9c
SCHED-TRACE 16636 87381 B 33 f3
SCHED-TRACE 16637 87381 P 33 f59f522d0
SCHED-TRACE 16638 87381 R 33 f59f522d0
SCHED-TRACE 16639 87382 U 4 fb7cdc
SCHED-TRACE 16640 87382 V 4 fb7d97
SCHED-TRACE 16641 87382 O 0 0
SCHED-TRACE 16642 87382 P 33 f5a26fdf3
SCHED-TRACE 16643 87383 K 33 f5a26fdf3
SCHED-TRACE 16644 87383 P 33 f5a54c49b
SCHED-TRACE 16645 87440 I 33 fba623
SCHED-TRACE 16646 87440 B 33 f3
SCHED-TRACE 16647 87440 P 33 f6072dd2e
SCHED-TRACE 16648 87440 R 33 f6072dd2e
SCHED-TRACE 16649 87441 U 4 fba763
SCHED-TRACE 16650 87441 V 4 fba81f
SCHED-TRACE 16651 87441 O 0 0
SCHED-TRACE 16652 87441 P 33 f60a4d0e4
SCHED-TRACE 16653 87442 K 33 f60a4d0e4
SCHED-TRACE 16654 87442 P 33 f60d28b43
SCHED-TRACE 16655 87499 I 33 fbd0ab
SCHED-TRACE 16656 87499 B 33 f3
SCHED-TRACE 16657 87499 P 33 f66f0978c
SCHED-TRACE 16658 87499 R 33 f66f0978c
SCHED-TRACE 16659 87500 U 4 fbd1eb
SCHED-TRACE 16660 87500 V 4 fbd2a7
SCHED-TRACE 16661 87500 O 0 0
SCHED-TRACE 16662 87500 P 33 f6722ac07
SCHED-TRACE 16663 87501 K 33 f6722ac07
SCHED-TRACE 16664 87501 P 33 f67506e97
SCHED-TRACE 16665 87558 I 33 fbfb38
SCHED-TRACE 16666 87558 B 33 f3
SCHED-TRACE 16667 87558 P 33 f6d6ee55f
SCHED-TRACE 16668 87558 R 33 f6d6ee55f
SCHED-TRACE 16669 87559 U 4 fbfc79
SCHED-TRACE 16670 87559 V 4 fbfd34
SCHED-TRACE 16671 87559 O 0 0
SCHED-TRACE 16672 87559 P 33 f6da0d0e4
SCHED-TRACE 16673 87560 K 33 f6da0d0e4
SCHED-TRACE 16674 87560 P 33 f6dce7ef9
SCHED-TRACE 16675 87617 I 33 fc25c7
SCHED-TRACE 16676 87617 B 33 ec
SCHED-TRACE 16677 87617 P 33 f73ed1eb7
SCHED-TRACE 16678 87617 R 33 f73ed1eb7
SCHED-TRACE 16679 87618 U 4 fc2706
SCHED-TRACE 16680 87618 V 4 fc27c1
SCHED-TRACE 16681 87618 O 0 0
SCHED-TRACE 16682 87618 P 33 f741f1686
SCHED-TRACE 16683 87619 K 33 f741f1686
SCHED-TRACE 16684 87619 P 33 f744ccccc
SCHED-TRACE 16685 87676 I 33 fc5044
SCHED-TRACE 16686 87676 B 33 f3
SCHED-TRACE 16687 87676 P 33 f7a69ba5d
SCHED-TRACE 16688 87676 R 33 f7a69ba5d
SCHED-TRACE 16689 87677 U 4 fc5184
SCHED-TRACE 16690 87677 V 4 fc523f
SCHED-TRACE 16691 87677 O 0 0
SCHED-TRACE 16692 87677 P 33 f7a9ba9fb
SCHED-TRACE 16693 87678 K 33 f7a9ba9fb
SCHED-TRACE 16694 87678 P 33 f7ac96c8a
SCHED-TRACE 16695 87735 I 33 fc7ac7
SCHED-TRACE 16696 87735 B 33 f3
SCHED-TRACE 16697 87735 P 33 f80e6d916
SCHED-TRACE 16698 87735 R 33 f80e6d916
SCHED-TRACE 16699 87736 U 4 fc7c07
SCHED-TRACE 16700 87736 V 4 fc7cc2
SCHED-TRACE 16701 87736 O 0 0
SCHED-TRACE 16702 87736 P 33 f8118bc6a
SCHED-TRACE 16703 87737 K 33 f8118bc6a
SCHED-TRACE 16704 87737 P 33 f814676c8
SCHED-TRACE 16705 87794 I 33 fca550
SCHED-TRACE 16706 87794 B 33 f0
SCHED-TRACE 16707 87794 P 33 f87648f5b
SCHED-TRACE 16708 87794 R 33 f87648f5b
SCHED-TRACE 16709 87795 U 4 fca68e
SCHED-TRACE 16710 87795 V 4 fca749
SCHED-TRACE 16711 87795 O 0 0
SCHED-TRACE 16712 87795 P 33 f8796872a
SCHED-TRACE 16713 87796 K 33 f8796872a
SCHED-TRACE 16714 87796 P 33 f87c445a1
SCHED-TRACE 16715 87853 I 33 fccfd5
SCHED-TRACE 16716 87853 B 33 f4
SCHED-TRACE 16717 87853 P 33 f8de23126
SCHED-TRACE 16718 87853 R 33 f8de23126
SCHED-TRACE 16719 87854 U 4 fcd116
SCHED-TRACE 16720 87854 V 4 fcd1d1
SCHED-TRACE 16721 87854 O 0 0
SCHED-TRACE 16722 87854 P 33 f8e144188
SCHED-TRACE 16723 87855 K 42 f8cba8f5b
SCHED-TRACE 16724 87855 P 33 f8e420830
SCHED-TRACE 16725 87856 P 33 f8e632b01
SCHED-TRACE 16726 87912 I 42 fcfaab
SCHED-TRACE 16727 87912 B 42 f4
SCHED-TRACE 16728 87912 P 42 fc916147a
SCHED-TRACE 16729 87912 R 42 fc916147a
SCHED-TRACE 16730 87913 U 4 fcfbed
SCHED-TRACE 16731 87913 V 4 fcfca9
SCHED-TRACE 16732 87913 O 0 0
SCHED-TRACE 16733 87913 P 42 fcb0c51ea
SCHED-TRACE 16734 87914 K 63 f8e23ffff
SCHED-TRACE 16735 87914 P 42 fccd59998
SCHED-TRACE 16736 87915 P 42 fce2170a2
SCHED-TRACE 16737 87971 I 63 fd2586
SCHED-TRACE 16738 87971 B 63 f0
SCHED-TRACE 16739 87971 P 63 fca823d70
SCHED-TRACE 16740 87971 R 63 fca823d70
SCHED-TRACE 16741 87972 U 4 fd26c6
SCHED-TRACE 16742 87972 V 4 fd2781
SCHED-TRACE 16743 87972 O 0 0
SCHED-TRACE 16744 87972 P 63 fcc7970a3
SCHED-TRACE 16745 87973 K 33 f8e632b01
SCHED-TRACE 16746 87973 P 63 fce42e147
SCHED-TRACE 16747 87974 P 63 fcf8e8f5b
SCHED-TRACE 16748 88030 I 33 fd5053
SCHED-TRACE 16749 88030 B 33 f4
SCHED-TRACE 16750 88030 P 33 f946b22d0
SCHED-TRACE 16751 88030 R 33 f946b22d0
SCHED-TRACE 16752 88031 U 4 fd5194
SCHED-TRACE 16753 88031 V 4 fd524f
SCHED-TRACE 16754 88031 O 0 0
SCHED-TRACE 16755 88031 P 33 f949d3332
SCHED-TRACE 16756 88032 K 69 f8e991eb7
SCHED-TRACE 16757 88032 P 33 f94cafdf3
SCHED-TRACE 16758 88033 P 33 f94ec24dc
SCHED-TRACE 16759 88089 I 69 fd7b2e
SCHED-TRACE 16760 88089 B 69 f4
SCHED-TRACE 16761 88089 P 69 fcafb3332
SCHED-TRACE 16762 88089 R 69 fcafb3332
SCHED-TRACE 16763 88090 U 4 fd7c71
SCHED-TRACE 16764 88090 V 4 fd7d2c
SCHED-TRACE 16765 88090 O 0 0
SCHED-TRACE 16766 88090 P 69 fccf19998
SCHED-TRACE 16767 88091 K 60 f8fcbd709
SCHED-TRACE 16768 88091 P 69 fcebae147
SCHED-TRACE 16769 88092 P 69 fd006b851
SCHED-TRACE 16770 88148 I 60 fda60a
SCHED-TRACE 16771 88148 B 60 f1
SCHED-TRACE 16772 88148 P 60 fcc2bae13
SCHED-TRACE 16773 88148 R 60 fcc2bae13
SCHED-TRACE 16774 88149 U 4 fda74b
SCHED-TRACE 16775 88149 V 4 fda807
SCHED-TRACE 16776 88149 O 0 0
SCHED-TRACE 16777 88149 P 60 fce20cccb
SCHED-TRACE 16778 88150 K 36 f9132147a
SCHED-TRACE 16779 88150 P 60 fcfea3d6f
SCHED-TRACE 16780 88151 P 60 fd1361479
SCHED-TRACE 16781 88207 I 36 fdd0e6
SCHED-TRACE 16782 88207 B 36 f3
SCHED-TRACE 16783 88207 P 36 fcd951eb7
SCHED-TRACE 16784 88207 R 36 fcd951eb7
SCHED-TRACE 16785 88208 U 4 fdd227
SCHED-TRACE 16786 88208 V 4 fdd2e3
SCHED-TRACE 16787 88208 O 0 0
SCHED-TRACE 16788 88208 P 36 fcf8b3332
SCHED-TRACE 16789 88209 K 39 f91d6147a
SCHED-TRACE 16790 88209 P 36 fd153ffff
SCHED-TRACE 16791 88210 P 36 fd29f851d
SCHED-TRACE 16792 88266 I 39 fdfbc5
SCHED-TRACE 16793 88266 B 39 f2
SCHED-TRACE 16794 88266 P 39 fce391eb7
SCHED-TRACE 16795 88266 R 39 fce391eb7
SCHED-TRACE 16796 88267 U 4 fdfd06
SCHED-TRACE 16797 88267 V 4 fdfdc2
SCHED-TRACE 16798 88267 O 0 0
SCHED-TRACE 16799 88267 P 39 fd02eb851
SCHED-TRACE 16800 88268 K 78 f920fd709
SCHED-TRACE 16801 88268 P 39 fd1f8a3d6
SCHED-TRACE 16802 88269 P 39 fd344a3d6
SCHED-TRACE 16803 88325 I 78 fe26aa
SCHED-TRACE 16804 88325 B 78 f3
SCHED-TRACE 16805 88325 P 78 fce7bae13
SCHED-TRACE 16806 88325 R 78 fce7bae13
SCHED-TRACE 16807 88326 U 4 fe27ec
SCHED-TRACE 16808 88326 V 4 fe28a7
SCHED-TRACE 16809 88326 O 0 0
SCHED-TRACE 16810 88326 P 78 fd072147a
SCHED-TRACE 16811 88327 K 45 f921e1479
SCHED-TRACE 16812 88327 P 78 fd23b851e
SCHED-TRACE 16813 88328 P 78 fd387851e
SCHED-TRACE 16814 88384 I 45 fe5180
SCHED-TRACE 16815 88384 B 45 f2
SCHED-TRACE 16816 88384 P 45 fce78f5c1
SCHED-TRACE 16817 88384 R 45 fce78f5c1
SCHED-TRACE 16818 88385 U 4 fe52c3
SCHED-TRACE 16819 88385 V 4 fe537f
SCHED-TRACE 16820 88385 O 0 0
SCHED-TRACE 16821 88385 P 45 fd0730a3c
SCHED-TRACE 16822 88386 K 81 f923d70a3
SCHED-TRACE 16823 88386 P 45 fd23bd709
SCHED-TRACE 16824 88387 P 45 fd387d709
SCHED-TRACE 16825 88443 I 81 fe7c5a
SCHED-TRACE 16826 88443 B 81 f3
SCHED-TRACE 16827 88443 P 81 fce98a3d6
SCHED-TRACE 16828 88443 R 81 fce98a3d6
SCHED-TRACE 16829 88444 U 4 fe7d9b
SCHED-TRACE 16830 88444 V 4 fe7e57
SCHED-TRACE 16831 88444 O 0 0
SCHED-TRACE 16832 88444 P 81 fd08e8f5b
SCHED-TRACE 16833 88445 K 75 f92473332
SCHED-TRACE 16834 88445 P 81 fd2587ae0
SCHED-TRACE 16835 88446 P 81 fd3a428f5
SCHED-TRACE 16836 88502 I 75 fea737
SCHED-TRACE 16837 88502 B 75 f4
SCHED-TRACE 16838 88502 P 75 fcea7ffff
SCHED-TRACE 16839 88502 R 75 fcea7ffff
SCHED-TRACE 16840 88503 U 4 fea879
SCHED-TRACE 16841 88503 V 4 fea934
SCHED-TRACE 16842 88503 O 0 0
SCHED-TRACE 16843 88503 P 75 fd09deb84
SCHED-TRACE 16844 88504 K 72 f924f5c28
SCHED-TRACE 16845 88504 P 75 fd2675c28
SCHED-TRACE 16846 88505 P 75 fd3b33332
SCHED-TRACE 16847 88561 I 72 fed211
SCHED-TRACE 16848 88561 B 72 f2
SCHED-TRACE 16849 88561 P 72 fceae147a
SCHED-TRACE 16850 88561 R 72 fceae147a
SCHED-TRACE 16851 88562 U 4 fed353
SCHED-TRACE 16852 88562 V 4 fed40f
SCHED-TRACE 16853 88562 O 0 0
SCHED-TRACE 16854 88562 P 72 fd0a4f5c2
SCHED-TRACE 16855 88563 K 66 f9257ae14
SCHED-TRACE 16856 88563 P 72 fd26e147a
SCHED-TRACE 16857 88564 P 72 fd3b9eb84
SCHED-TRACE 16858 88620 I 66 fefcef
SCHED-TRACE 16859 88620 B 66 f4
SCHED-TRACE 16860 88620 P 66 fceb947ad
SCHED-TRACE 16861 88620 R 66 fceb947ad
SCHED-TRACE 16862 88621 U 4 fefe32
SCHED-TRACE 16863 88621 V 4 fefeed
SCHED-TRACE 16864 88621 O 0 0
SCHED-TRACE 16865 88621 P 66 fd0b26666
SCHED-TRACE 16866 88622 K 48 f925bfffe
SCHED-TRACE 16867 88622 P 66 fd27c28f5
SCHED-TRACE 16868 88623 P 66 fd3c851eb
SCHED-TRACE 16869 88679 I 48 ff27db
SCHED-TRACE 16870 88679 B 48 f3
SCHED-TRACE 16871 88679 P 48 fceceb850
SCHED-TRACE 16872 88679 R 48 fceceb850
SCHED-TRACE 16873 88680 U 4 ff291f
SCHED-TRACE 16874 88680 V 4 ff29da
SCHED-TRACE 16875 88680 O 0 0
SCHED-TRACE 16876 88680 P 48 fd0c828f4
SCHED-TRACE 16877 88681 K 54 f92830a3c
SCHED-TRACE 16878 88681 P 48 fd291c28e
SCHED-TRACE 16879 88682 P 48 fd3dd70a2
SCHED-TRACE 16880 88738 I 54 ff52bb
SCHED-TRACE 16881 88738 B 54 f3
SCHED-TRACE 16882 88738 P 54 fcee70a3c
SCHED-TRACE 16883 88738 R 54 fcee70a3c
SCHED-TRACE 16884 88739 U 4 ff53ff
SCHED-TRACE 16885 88739 V 4 ff54ba
SCHED-TRACE 16886 88739 O 0 0
SCHED-TRACE 16887 88739 P 54 fd0dfd709
SCHED-TRACE 16888 88740 K 57 f92875c28
SCHED-TRACE 16889 88740 P 54 fd2a9eb84
SCHED-TRACE 16890 88741 P 54 fd3f5c28e
SCHED-TRACE 16891 88797 I 57 ff7d9b
SCHED-TRACE 16892 88797 B 57 f4
SCHED-TRACE 16893 88797 P 57 fcee828f4
SCHED-TRACE 16894 88797 R 57 fcee828f4
SCHED-TRACE 16895 88798 U 4 ff7ede
SCHED-TRACE 16896 88798 V 4 ff7f99
SCHED-TRACE 16897 88798 O 0 0
SCHED-TRACE 16898 88798 P 57 fd0e11eb7
SCHED-TRACE 16899 88799 K 51 f9287d709
SCHED-TRACE 16900 88799 P 57 fd2aae146
SCHED-TRACE 16901 88800 P 57 fd3f6e146
SCHED-TRACE 16902 88856 I 51 ffa880
SCHED-TRACE 16903 88856 B 51 f3
SCHED-TRACE 16904 88856 P 51 fceef5c28
SCHED-TRACE 16905 88856 R 51 fceef5c28
SCHED-TRACE 16906 88857 U 4 ffa9c3
SCHED-TRACE 16907 88857 V 4 ffaa7f
SCHED-TRACE 16908 88857 O 0 0
SCHED-TRACE 16909 88857 P 51 fd0e8cccc
SCHED-TRACE 16910 88858 K 33 f94ec24dc
SCHED-TRACE 16911 88858 P 51 fd2b33332
SCHED-TRACE 16912 88859 P 51 fd3fe8f5b
SCHED-TRACE 16913 88915 I 33 ffd361
SCHED-TRACE 16914 88915 B 33 f4
SCHED-TRACE 16915 88915 P 33 f9af5eb84
SCHED-TRACE 16916 88915 R 33 f9af5eb84
SCHED-TRACE 16917 88916 U 4 ffd4a2
SCHED-TRACE 16918 88916 V 4 ffd55d
SCHED-TRACE 16919 88916 O 0 0
SCHED-TRACE 16920 88916 P 33 f9b27d2f1
SCHED-TRACE 16921 88917 K 33 f9b27d2f1
SCHED-TRACE 16922 88917 P 33 f9b559999
SCHED-TRACE 16923 88974 I 33 fffdfb
SCHED-TRACE 16924 88974 B 33 f1
SCHED-TRACE 16925 88974 P 33 fa17553f7
SCHED-TRACE 16926 88974 R 33 fa17553f7
SCHED-TRACE 16927 88975 U 4 ffff3b
SCHED-TRACE 16928 88975 V 4 fffff7
SCHED-TRACE 16929 88975 O 0 0
SCHED-TRACE 16930 88975 P 33 fa1a778d4
SCHED-TRACE 16931 88976 K 33 fa1a778d4
SCHED-TRACE 16932 88976 P 33 fa1d53f7c
SCHED-TRACE 16933 89033 I 33 1002896
SCHED-TRACE 16934 89033 B 33 f3
SCHED-TRACE 16935 89033 P 33 fa7f50624
SCHED-TRACE 16936 89033 R 33 fa7f50624
SCHED-TRACE 16937 89034 U 4 10029d5
SCHED-TRACE 16938 89034 V 4 1002a91
SCHED-TRACE 16939 89034 O 0 0
SCHED-TRACE 16940 89034 P 33 fa8270e55
SCHED-TRACE 16941 89035 K 33 fa8270e55
SCHED-TRACE 16942 89035 P 33 fa854e147
SCHED-TRACE 16943 89092 I 33 100531d
SCHED-TRACE 16944 89092 B 33 f5
SCHED-TRACE 16945 89092 P 33 fae72c8b3
SCHED-TRACE 16946 89092 R 33 fae72c8b3
SCHED-TRACE 16947 89093 U 4 100545d
SCHED-TRACE 16948 89093 V 4 1005518
SCHED-TRACE 16949 89093 O 0 0
SCHED-TRACE 16950 89093 P 33 faea49fbd
SCHED-TRACE 16951 89094 K 33 faea49fbd
SCHED-TRACE 16952 89094 P 33 faed26a7e
SCHED-TRACE 16953 89151 I 33 1007da7
SCHED-TRACE 16954 89151 B 33 f5
SCHED-TRACE 16955 89151 P 33 fb4f09ba5
SCHED-TRACE 16956 89151 R 33 fb4f09ba5
SCHED-TRACE 16957 89152 U 4 1007ee7
SCHED-TRACE 16958 89152 V 4 1007fa3
SCHED-TRACE 16959 89152 O 0 0
SCHED-TRACE 16960 89152 P 33 fb522a3d6
SCHED-TRACE 16961 89153 K 33 fb522a3d6
SCHED-TRACE 16962 89153 P 33 fb5506665
SCHED-TRACE 16963 89210 I 33 100a835
SCHED-TRACE 16964 89210 B 33 f3
SCHED-TRACE 16965 89210 P 33 fbb6efdf3
SCHED-TRACE 16966 89210 R 33 fbb6efdf3
SCHED-TRACE 16967 89211 U 4 100a975
SCHED-TRACE 16968 89211 V 4 100aa30
SCHED-TRACE 16969 89211 O 0 0
SCHED-TRACE 16970 89211 P 33 fbba0f5c2
SCHED-TRACE 16971 89212 K 33 fbba0f5c2
SCHED-TRACE 16972 89212 P 33 fbbcec49b
SCHED-TRACE 16973 89269 I 33 100d2c2
SCHED-TRACE 16974 89269 B 33 f5
SCHED-TRACE 16975 89269 P 33 fc1ed78d4
SCHED-TRACE 16976 89269 R 33 fc1ed78d4
SCHED-TRACE 16977 89270 U 4 100d403
SCHED-TRACE 16978 89270 V 4 100d4be
SCHED-TRACE 16979 89270 O 0 0
SCHED-TRACE 16980 89270 P 33 fc21f580f
SCHED-TRACE 16981 89271 K 33 fc21f580f
SCHED-TRACE 16982 89271 P 33 fc24d26e8
SCHED-TRACE 16983 89328 I 33 100fd54
SCHED-TRACE 16984 89328 B 33 f4
SCHED-TRACE 16985 89328 P 33 fc86c147a
SCHED-TRACE 16986 89328 R 33 fc86c147a
SCHED-TRACE 16987 89329 U 4 100fe94
SCHED-TRACE 16988 89329 V 4 100ff50
SCHED-TRACE 16989 89329 O 0 0
SCHED-TRACE 16990 89329 P 33 fc89e20c4
SCHED-TRACE 16991 89330 K 33 fc89e20c4
SCHED-TRACE 16992 89330 P 33 fc8cbe353
SCHED-TRACE 16993 89387 I 33 10127eb
SCHED-TRACE 16994 89387 B 33 f3
SCHED-TRACE 16995 89387 P 33 fceeb4fde
SCHED-TRACE 16996 89387 R 33 fceeb4fde
SCHED-TRACE 16997 89388 U 4 101292c
SCHED-TRACE 16998 89388 V 4 10129e7
SCHED-TRACE 16999 89388 O 0 0
SCHED-TRACE 17000 89388 P 33 fcf1d4bc6
SCHED-TRACE 17001 89389 K 42 fce2170a2
SCHED-TRACE 17002 89389 P 33 fcf4b0e55
SCHED-TRACE 17003 89390 P 33 fcf6c353f
SCHED-TRACE 17004 89446 I 42 10152c4
SCHED-TRACE 17005 89446 B 42 f3
SCHED-TRACE 17006 89446 P 42 100a807ae0
SCHED-TRACE 17007 89446 R 42 100a807ae0
SCHED-TRACE 17008 89447 U 4 1015406
SCHED-TRACE 17009 89447 V 4 10154c0
SCHED-TRACE 17010 89447 O 0 0
SCHED-TRACE 17011 89447 P 42 100c74cccb
SCHED-TRACE 17012 89448 K 33 fcf6c353f
SCHED-TRACE 17013 89448 P 42 100e3f0a3c
SCHED-TRACE 17014 89449 P 42 100f8ae146
SCHED-TRACE 17015 89505 I 33 1017d9e
SCHED-TRACE 17016 89505 B 33 f4
SCHED-TRACE 17017 89505 P 33 fd57574bb
SCHED-TRACE 17018 89505 R 33 fd57574bb
SCHED-TRACE 17019 89506 U 4 1017edf
SCHED-TRACE 17020 89506 V 4 1017f9a
SCHED-TRACE 17021 89506 O 0 0
SCHED-TRACE 17022 89506 P 33 fd5a79580
SCHED-TRACE 17023 89507 K 63 fcf8e8f5b
SCHED-TRACE 17024 89507 P 33 fd5d55c28
SCHED-TRACE 17025 89508 P 33 fd5f69ba5
SCHED-TRACE 17026 89563 U 3 101abe0
SCHED-TRACE 17027 89563 V 3 101aeb3
SCHED-TRACE 17028 89564 P 1 fcf8e8f5b
SCHED-TRACE 17029 89564 W 1 fcf8e8f5b
SCHED-TRACE 17030 89564 U 4 101af54
SCHED-TRACE 17031 89564 V 4 101b015
SCHED-TRACE 17032 89564 I 63 101b01e
SCHED-TRACE 17033 89564 B 63 f2
SCHED-TRACE 17034 89564 P 63 10129bae14
SCHED-TRACE 17035 89564 R 63 10129bae14
SCHED-TRACE 17036 89565 O 0 0
SCHED-TRACE 17037 89565 P 63 101488cccc
SCHED-TRACE 17038 89566 K 1 fcf8e8f5b
SCHED-TRACE 17039 89566 P 63 101663851e
SCHED-TRACE 17040 89567 P 63 1017bf851e
SCHED-TRACE 17041 89567 U 3 101b50a
SCHED-TRACE 17042 89567 V 3 101b7f6
SCHED-TRACE 17043 89567 P 1 fcfc51eb7
SCHED-TRACE 17044 89567 D 1 fcfc51eb7
SCHED-TRACE 17045 89569 K 69 fd006b851
SCHED-TRACE 17046 89571 U 3 101c03b
SCHED-TRACE 17047 89571 V 3 101c30e
SCHED-TRACE 17048 89572 W 1 fd03f9998
SCHED-TRACE 17049 89572 T 0 101c42f
SCHED-TRACE 17050 89572 t 0 101c470
SCHED-TRACE 17051 89572 U 3 101e409
SCHED-TRACE 17052 89572 V 3 101e6d8
SCHED-TRACE 17053 89572 P 69 100ce70a3c
SCHED-TRACE 17054 89572 D 69 100ce70a3c
SCHED-TRACE 17055 89574 K 1 fd03f9998
SCHED-TRACE 17056 89575 U 4 101ea21
SCHED-TRACE 17057 89575 V 4 101ead6
SCHED-TRACE 17058 89575 U 3 101ec17
SCHED-TRACE 17059 89575 V 3 101ef01
SCHED-TRACE 17060 89575 P 1 fd074dd2e
SCHED-TRACE 17061 89575 D 1 fd074dd2e
SCHED-TRACE 17062 89577 K 60 fd1361479
SCHED-TRACE 17063 89579 U 3 101f715
SCHED-TRACE 17064 89579 V 3 101f9e6
SCHED-TRACE 17065 89580 P 1 fd1361479
SCHED-TRACE 17066 89580 W 1 fd1361479
SCHED-TRACE 17067 89580 T 0 101fb03
SCHED-TRACE 17068 89580 t 0 101fb44
SCHED-TRACE 17069 89580 U 3 1021add
SCHED-TRACE 17070 89580 V 3 1021da8
SCHED-TRACE 17071 89580 P 60 100e023d6f
SCHED-TRACE 17072 89580 D 60 100e023d6f
SCHED-TRACE 17073 89582 K 1 fd1361479
SCHED-TRACE 17074 89583 U 4 10220ca
SCHED-TRACE 17075 89583 V 4 1022176
SCHED-TRACE 17076 89583 U 3 10222b4
SCHED-TRACE 17077 89583 V 3 1022598
SCHED-TRACE 17078 89583 P 1 fd16ab851
SCHED-TRACE 17079 89583 D 1 fd16ab851
SCHED-TRACE 17080 89585 K 36 fd29f851d
SCHED-TRACE 17081 89587 U 3 1022d7b
SCHED-TRACE 17082 89587 V 3 1023046
SCHED-TRACE 17083 89588 P 1 fd29f851d
SCHED-TRACE 17084 89588 W 1 fd29f851d
SCHED-TRACE 17085 89588 T 0 1023159
SCHED-TRACE 17086 89588 t 0 102319a
SCHED-TRACE 17087 89588 U 3 102512e
SCHED-TRACE 17088 89588 V 3 10253f5
SCHED-TRACE 17089 89588 P 36 100f4428f4
SCHED-TRACE 17090 89588 D 36 100f4428f4
SCHED-TRACE 17091 89590 K 1 fd29f851d
SCHED-TRACE 17092 89591 U 4 10256f2
SCHED-TRACE 17093 89591 V 4 1025794
SCHED-TRACE 17094 89591 U 3 10258cf
SCHED-TRACE 17095 89591 V 3 1025baf
SCHED-TRACE 17096 89591 P 1 fd2d3c28d
SCHED-TRACE 17097 89591 D 1 fd2d3c28d
SCHED-TRACE 17098 89593 K 39 fd344a3d6
SCHED-TRACE 17099 89595 U 3 1026365
SCHED-TRACE 17100 89595 V 3 102662b
SCHED-TRACE 17101 89596 P 1 fd344a3d6
SCHED-TRACE 17102 89596 W 1 fd344a3d6
SCHED-TRACE 17103 89596 T 0 102673a
SCHED-TRACE 17104 89596 t 0 102677c
SCHED-TRACE 17105 89596 U 3 1028712
SCHED-TRACE 17106 89596 V 3 10289d3
SCHED-TRACE 17107 89596 P 39 100fd8f5c2
SCHED-TRACE 17108 89596 D 39 100fd8f5c2
SCHED-TRACE 17109 89598 K 1 fd344a3d6
SCHED-TRACE 17110 89599 U 4 1028cac
SCHED-TRACE 17111 89599 V 4 1028d43
SCHED-TRACE 17112 89599 U 3 1028e7a
SCHED-TRACE 17113 89599 V 3 1029155
SCHED-TRACE 17114 89599 P 1 fd378624d
SCHED-TRACE 17115 89599 D 1 fd378624d
SCHED-TRACE 17116 89601 K 78 fd387851e
SCHED-TRACE 17117 89603 U 3 10298dc
SCHED-TRACE 17118 89603 V 3 1029b9d
SCHED-TRACE 17119 89604 W 1 fd3dccccc
SCHED-TRACE 17120 89604 T 0 1029ca2
SCHED-TRACE 17121 89604 t 0 1029ce3
SCHED-TRACE 17122 89604 U 3 102bc76
SCHED-TRACE 17123 89604 V 3 102bf32
SCHED-TRACE 17124 89604 P 78 100ff35c28
SCHED-TRACE 17125 89604 D 78 100ff35c28
SCHED-TRACE 17126 89606 K 45 fd387d709
SCHED-TRACE 17127 89607 U 4 102c1e6
SCHED-TRACE 17128 89607 V 4 102c273
SCHED-TRACE 17129 89608 U 3 102c4b2
SCHED-TRACE 17130 89608 V 3 102c7c8
SCHED-TRACE 17131 89608 P 45 fd729eb84
SCHED-TRACE 17132 89608 D 45 fd729eb84
SCHED-TRACE 17133 89610 K 81 fd3a428f5
SCHED-TRACE 17134 89612 U 3 102ccc2
SCHED-TRACE 17135 89612 V 3 102d02a
SCHED-TRACE 17136 89612 P 81 fd794cccc
SCHED-TRACE 17137 89612 D 81 fd794cccc
SCHED-TRACE 17138 89614 K 75 fd3b33332
SCHED-TRACE 17139 89616 U 3 102d528
SCHED-TRACE 17140 89616 V 3 102d8e2
SCHED-TRACE 17141 89616 P 75 fd7e3851e
SCHED-TRACE 17142 89616 D 75 fd7e3851e
SCHED-TRACE 17143 89618 K 72 fd3b9eb84
SCHED-TRACE 17144 89620 U 3 102dde4
SCHED-TRACE 17145 89620 V 3 102e1f1
SCHED-TRACE 17146 89620 P 72 fd82c51eb
SCHED-TRACE 17147 89620 D 72 fd82c51eb
SCHED-TRACE 17148 89622 K 66 fd3c851eb
SCHED-TRACE 17149 89624 U 3 102e6f4
SCHED-TRACE 17150 89624 V 3 102eb52
SCHED-TRACE 17151 89624 P 66 fd877851e
SCHED-TRACE 17152 89624 D 66 fd877851e
SCHED-TRACE 17153 89626 K 1 fd3dccccc
SCHED-TRACE 17154 89627 U 4 102ed50
SCHED-TRACE 17155 89627 V 4 102edbc
SCHED-TRACE 17156 89627 U 3 102f18b
SCHED-TRACE 17157 89627 V 3 102f597
SCHED-TRACE 17158 89628 W 45 fdae2b850
SCHED-TRACE 17159 89628 U 3 102f9a0
SCHED-TRACE 17160 89628 V 3 102fd5b
SCHED-TRACE 17161 89629 W 81 fdb1851eb
SCHED-TRACE 17162 89629 U 3 103016a
SCHED-TRACE 17163 89629 V 3 10304d3
SCHED-TRACE 17164 89630 W 75 fdb328f5b
SCHED-TRACE 17165 89630 U 3 10308e8
SCHED-TRACE 17166 89630 V 3 1030bff
SCHED-TRACE 17167 89631 W 72 fdb459999
SCHED-TRACE 17168 89631 U 3 103100c
SCHED-TRACE 17169 89631 V 3 10312c8
SCHED-TRACE 17170 89632 W 66 fdb7c51eb
SCHED-TRACE 17171 89632 U 3 1031440
SCHED-TRACE 17172 89632 V 3 1031716
SCHED-TRACE 17173 89632 P 1 fd7583126
SCHED-TRACE 17174 89632 D 1 fd7583126
SCHED-TRACE 17175 89634 K 48 fd3dd70a2
SCHED-TRACE 17176 89635 U 4 10319a6
SCHED-TRACE 17177 89635 V 4 1031a2e
SCHED-TRACE 17178 89636 U 3 1031efe
SCHED-TRACE 17179 89636 V 3 10321bb
SCHED-TRACE 17180 89637 W 1 fd7bac8b4
SCHED-TRACE 17181 89637 T 0 10322b6
SCHED-TRACE 17182 89637 t 0 10322f8
SCHED-TRACE 17183 89637 U 3 1034287
SCHED-TRACE 17184 89637 V 3 103453e
SCHED-TRACE 17185 89637 P 48 1010275c27
SCHED-TRACE 17186 89637 D 48 1010275c27
SCHED-TRACE 17187 89639 K 54 fd3f5c28e
SCHED-TRACE 17188 89640 U 4 10347ca
SCHED-TRACE 17189 89640 V 4 103484d
SCHED-TRACE 17190 89641 U 3 1034a82
SCHED-TRACE 17191 89641 V 3 1034d93
SCHED-TRACE 17192 89641 P 54 fd787ffff
SCHED-TRACE 17193 89641 D 54 fd787ffff
SCHED-TRACE 17194 89643 K 57 fd3f6e146
SCHED-TRACE 17195 89645 U 3 103525d
SCHED-TRACE 17196 89645 V 3 10355c0
SCHED-TRACE 17197 89645 P 57 fd7d87ae0
SCHED-TRACE 17198 89645 D 57 fd7d87ae0
SCHED-TRACE 17199 89647 K 51 fd3fe8f5b
SCHED-TRACE 17200 89649 U 3 1035a8e
SCHED-TRACE 17201 89649 V 3 1035e43
SCHED-TRACE 17202 89649 P 51 fd81fd709
SCHED-TRACE 17203 89649 D 51 fd81fd709
SCHED-TRACE 17204 89651 K 33 fd5f69ba5
SCHED-TRACE 17205 89653 U 3 1036313
SCHED-TRACE 17206 89653 V 3 1036719
SCHED-TRACE 17207 89653 P 33 fd666353f
SCHED-TRACE 17208 89653 D 33 fd666353f
SCHED-TRACE 17209 89655 K 1 fd7bac8b4
SCHED-TRACE 17210 89656 U 3 1036cd4
SCHED-TRACE 17211 89656 V 3 1037087
SCHED-TRACE 17212 89657 W 54 fdb07ffff
SCHED-TRACE 17213 89657 U 4 10370ea
SCHED-TRACE 17214 89657 V 4 1037158
SCHED-TRACE 17215 89657 U 3 10374ff
SCHED-TRACE 17216 89657 V 3 1037860
SCHED-TRACE 17217 89658 W 57 fdb247ae0
SCHED-TRACE 17218 89658 U 3 1037c6d
SCHED-TRACE 17219 89658 V 3 1037f7c
SCHED-TRACE 17220 89659 W 51 fdb3547ad
SCHED-TRACE 17221 89659 U 3 103837f
SCHED-TRACE 17222 89659 V 3 1038634
SCHED-TRACE 17223 89660 P 33 fd7bac8b4
SCHED-TRACE 17224 89660 W 33 fd7bac8b4
SCHED-TRACE 17225 89660 U 3 10387a3
SCHED-TRACE 17226 89660 V 3 1038a71
SCHED-TRACE 17227 89660 P 1 fda8a1893
SCHED-TRACE 17228 89660 D 1 fda8a1893
SCHED-TRACE 17229 89662 K 33 fd7bac8b4
SCHED-TRACE 17230 89663 T 0 1038d83
SCHED-TRACE 17231 89663 t 0 1038dc4
SCHED-TRACE 17232 89663 U 3 103ad53
SCHED-TRACE 17233 89663 V 3 103b01d
SCHED-TRACE 17234 89663 P 33 fdcefe76c
SCHED-TRACE 17235 89663 D 33 fdcefe76c
SCHED-TRACE 17236 89665 K 45 fdae2b850
SCHED-TRACE 17237 89666 U 4 103b25d
SCHED-TRACE 17238 89666 V 4 103b2d1
SCHED-TRACE 17239 89666 T 0 103b382
SCHED-TRACE 17240 89666 t 0 103b3c3
SCHED-TRACE 17241 89666 U 3 103d354
SCHED-TRACE 17242 89666 V 3 103d619
SCHED-TRACE 17243 89666 P 45 100ef8f5c1
SCHED-TRACE 17244 89666 D 45 100ef8f5c1
SCHED-TRACE 17245 89668 K 54 fdb07ffff
SCHED-TRACE 17246 89669 T 0 103d8de
SCHED-TRACE 17247 89669 t 0 103d91f
SCHED-TRACE 17248 89669 U 3 103f8af
SCHED-TRACE 17249 89669 V 3 103fb6f
SCHED-TRACE 17250 89669 P 54 100f17851e
SCHED-TRACE 17251 89669 D 54 100f17851e
SCHED-TRACE 17252 89671 K 81 fdb1851eb
SCHED-TRACE 17253 89672 U 4 103fd68
SCHED-TRACE 17254 89672 V 4 103fdc8
SCHED-TRACE 17255 89672 T 0 103fe73
SCHED-TRACE 17256 89672 t 0 103feb4
SCHED-TRACE 17257 89672 U 3 1041e43
SCHED-TRACE 17258 89672 V 3 10420fe
SCHED-TRACE 17259 89672 P 81 100f20cccc
SCHED-TRACE 17260 89672 D 81 100f20cccc
SCHED-TRACE 17261 89674 K 57 fdb247ae0
SCHED-TRACE 17262 89675 T 0 1042374
SCHED-TRACE 17263 89675 t 0 10423b5
SCHED-TRACE 17264 89675 U 3 1044343
SCHED-TRACE 17265 89675 V 3 10445fa
SCHED-TRACE 17266 89675 P 57 100f2828f4
SCHED-TRACE 17267 89675 D 57 100f2828f4
SCHED-TRACE 17268 89677 K 75 fdb328f5b
SCHED-TRACE 17269 89678 U 4 10447a6
SCHED-TRACE 17270 89678 V 4 10447f3
SCHED-TRACE 17271 89678 T 0 1044895
SCHED-TRACE 17272 89678 t 0 10448d6
SCHED-TRACE 17273 89678 U 3 1046861
SCHED-TRACE 17274 89678 V 3 1046b12
SCHED-TRACE 17275 89678 P 75 100f268f5b
SCHED-TRACE 17276 89678 D 75 100f268f5b
SCHED-TRACE 17277 89680 K 51 fdb3547ad
SCHED-TRACE 17278 89681 T 0 1046d35
SCHED-TRACE 17279 89681 t 0 1046d76
SCHED-TRACE 17280 89681 U 3 1048d00
SCHED-TRACE 17281 89681 V 3 1048fad
SCHED-TRACE 17282 89681 P 51 100f22e147
SCHED-TRACE 17283 89681 D 51 100f22e147
SCHED-TRACE 17284 89683 K 72 fdb459999
SCHED-TRACE 17285 89684 U 4 1049111
SCHED-TRACE 17286 89684 V 4 104914d
SCHED-TRACE 17287 89684 T 0 10491eb
SCHED-TRACE 17288 89684 t 0 104922c
SCHED-TRACE 17289 89684 U 3 104b1b8
SCHED-TRACE 17290 89684 V 3 104b460
SCHED-TRACE 17291 89684 P 72 100f3547ad
SCHED-TRACE 17292 89684 D 72 100f3547ad
SCHED-TRACE 17293 89686 K 66 fdb7c51eb
SCHED-TRACE 17294 89687 T 0 104b632
SCHED-TRACE 17295 89687 t 0 104b674
SCHED-TRACE 17296 89687 U 3 104d5fb
SCHED-TRACE 17297 89687 V 3 104d89f
SCHED-TRACE 17298 89687 P 66 100f5d9999
SCHED-TRACE 17299 89687 D 66 100f5d9999
SCHED-TRACE 17300 89689 K 42 100f8ae146
SCHED-TRACE 17301 89690 U 4 104d9b8
SCHED-TRACE 17302 89690 V 4 104d9e2
SCHED-TRACE 17303 89691 U 3 104de4d
SCHED-TRACE 17304 89691 V 3 104e0d6
SCHED-TRACE 17305 89692 P 1 100f8ae146
SCHED-TRACE 17306 89692 W 1 100f8ae146
SCHED-TRACE 17307 89692 T 0 104e194
SCHED-TRACE 17308 89692 t 0 104e1d5
SCHED-TRACE 17309 89692 U 3 105015b
SCHED-TRACE 17310 89692 V 3 10503df
SCHED-TRACE 17311 89692 P 42 104ac028f4
SCHED-TRACE 17312 89692 D 42 104ac028f4
SCHED-TRACE 17313 89694 K 1 100f8ae146
SCHED-TRACE 17314 89695 U 4 10504f9
SCHED-TRACE 17315 89695 V 4 1050521
SCHED-TRACE 17316 89695 U 3 1050679
SCHED-TRACE 17317 89695 V 3 10508fc
SCHED-TRACE 17318 89696 U 2 1050afb
SCHED-TRACE 17319 89696 V 2 1051a95
SCHED-TRACE 17320 89696 U 3 1051b97
SCHED-TRACE 17321 89696 V 3 1051dfd
SCHED-TRACE 17322 89697 U 2 1052008
SCHED-TRACE 17323 89697 V 2 1052f68
SCHED-TRACE 17324 89697 U 3 105306a
SCHED-TRACE 17325 89697 V 3 10532b2
SCHED-TRACE 17326 89698 U 2 10534bc
SCHED-TRACE 17327 89698 V 2 10543e0
SCHED-TRACE 17328 89698 U 3 10544e2
SCHED-TRACE 17329 89698 V 3 105470d
SCHED-TRACE 17330 89699 U 2 1054916
SCHED-TRACE 17331 89699 V 2 10557ff
SCHED-TRACE 17332 89699 U 3 1055901
SCHED-TRACE 17333 89699 V 3 1055b0d
SCHED-TRACE 17334 89700 U 2 1055d18
SCHED-TRACE 17335 89700 V 2 1056bc5
SCHED-TRACE 17336 89700 U 3 1056cc7
SCHED-TRACE 17337 89700 V 3 1056eb5
SCHED-TRACE 17338 89701 U 2 10570bf
SCHED-TRACE 17339 89701 V 2 1057f31
SCHED-TRACE 17340 89701 U 3 1058033
SCHED-TRACE 17341 89701 V 3 1058204
SCHED-TRACE 17342 89702 U 2 105840f
SCHED-TRACE 17343 89702 V 2 1059245
SCHED-TRACE 17344 89702 U 3 1059347
SCHED-TRACE 17345 89702 V 3 10594fa
SCHED-TRACE 17346 89703 U 2 1059706
SCHED-TRACE 17347 89703 V 2 105a500
SCHED-TRACE 17348 89703 U 3 105a602
SCHED-TRACE 17349 89703 V 3 105a797
SCHED-TRACE 17350 89704 U 2 105a9a1
SCHED-TRACE 17351 89704 V 2 105b75f
SCHED-TRACE 17352 89704 U 3 105b861
SCHED-TRACE 17353 89704 V 3 105b9d9
SCHED-TRACE 17354 89705 U 2 105bbe4
SCHED-TRACE 17355 89705 V 2 105c967
SCHED-TRACE 17356 89705 U 3 105ca69
SCHED-TRACE 17357 89705 V 3 105cbc3
SCHED-TRACE 17358 89706 U 2 105cdce
SCHED-TRACE 17359 89706 V 2 105db16
SCHED-TRACE 17360 89706 U 3 105dc18
SCHED-TRACE 17361 89706 V 3 105dd54
SCHED-TRACE 17362 89707 U 2 105df5f
SCHED-TRACE 17363 89707 V 2 105ec6c
SCHED-TRACE 17364 89707 U 3 105ed6e
SCHED-TRACE 17365 89707 V 3 105ee8b
SCHED-TRACE 17366 89708 I 1 105eeac
SCHED-TRACE 17367 89708 B 1 f0
SCHED-TRACE 17368 89708 P 1 1015d424dc
SCHED-TRACE 17369 89708 R 1 1015d424dc
SCHED-TRACE 17370 89709 U 4 105ef28
SCHED-TRACE 17371 89709 V 4 105ef4f
SCHED-TRACE 17372 89709 O 0 0
SCHED-TRACE 17373 89709 P 1 1015e6978c
SCHED-TRACE 17374 89710 K 1 1015e6978c
SCHED-TRACE 17375 89710 P 1 1015f9fffe
SCHED-TRACE 17376 89711 U 2 105f219
SCHED-TRACE 17377 89711 V 2 105feea
SCHED-TRACE 17378 89711 U 3 105ffec
SCHED-TRACE 17379 89711 V 3 10600ec
SCHED-TRACE 17380 89712 U 2 10602f7
SCHED-TRACE 17381 89712 V 2 1060f8d
SCHED-TRACE 17382 89712 U 3 106108f
SCHED-TRACE 17383 89712 V 3 1061171
SCHED-TRACE 17384 89713 U 2 106137c
SCHED-TRACE 17385 89713 V 2 1061fd7
SCHED-TRACE 17386 89713 U 3 10620d9
SCHED-TRACE 17387 89713 V 3 106219d
SCHED-TRACE 17388 89714 U 2 10623a9
SCHED-TRACE 17389 89714 V 2 1062fc5
SCHED-TRACE 17390 89714 U 3 10630b5
SCHED-TRACE 17391 89714 V 3 1063159
SCHED-TRACE 17392 89715 U 3 10632b7
SCHED-TRACE 17393 89715 V 3 106335b
SCHED-TRACE 17394 89716 U 3 106390c
SCHED-TRACE 17395 89716 V 3 10639a0
SCHED-TRACE 17396 89717 P 84 1015f9fffe
SCHED-TRACE 17397 89717 W 84 1015f9fffe
SCHED-TRACE 17398 89717 U 4 10639df
SCHED-TRACE 17399 89717 V 4 1063a0c
SCHED-TRACE 17400 89717 U 3 1063afc
SCHED-TRACE 17401 89717 V 3 1063ba9
SCHED-TRACE 17402 89717 P 1 101959ae13
SCHED-TRACE 17403 89717 D 1 101959ae13
SCHED-TRACE 17404 89719 K 84 1015f9fffe
SCHED-TRACE 17405 89720 U 3 10640ec
SCHED-TRACE 17406 89720 V 3 1064181
SCHED-TRACE 17407 89721 W 1 1019828311
SCHED-TRACE 17408 89721 U 3 106432c
SCHED-TRACE 17409 89721 V 3 106441b
SCHED-TRACE 17410 89721 P 84 1016ed126c
SCHED-TRACE 17411 89721 D 84 1016ed126c
SCHED-TRACE 17412 89723 K 63 1017bf851e
SCHED-TRACE 17413 89724 T 0 10645c9
SCHED-TRACE 17414 89724 t 0 106460a
SCHED-TRACE 17415 89724 U 3 1066592
SCHED-TRACE 17416 89724 V 3 106667e
SCHED-TRACE 17417 89724 P 63 104b9deb84
SCHED-TRACE 17418 89724 D 63 104b9deb84
SCHED-TRACE 17419 89726 K 1 1019828311
SCHED-TRACE 17420 89727 U 4 106676e
SCHED-TRACE 17421 89727 V 4 106678c
SCHED-TRACE 17422 89727 U 3 1066b3d
SCHED-TRACE 17423 89727 V 3 1066bcf
SCHED-TRACE 17424 89728 P 84 1019828311
SCHED-TRACE 17425 89728 W 84 1019828311
SCHED-TRACE 17426 89728 U 3 1066d00
SCHED-TRACE 17427 89728 V 3 1066dac
SCHED-TRACE 17428 89728 P 1 101a4e45a0
SCHED-TRACE 17429 89728 D 1 101a4e45a0
SCHED-TRACE 17430 89730 K 84 1019828311
SCHED-TRACE 17431 89731 U 3 10672b6
SCHED-TRACE 17432 89731 V 3 1067348
SCHED-TRACE 17433 89732 W 1 101a716c8a
SCHED-TRACE 17434 89732 U 3 10674ec
SCHED-TRACE 17435 89732 V 3 10675d9
SCHED-TRACE 17436 89732 P 84 101a716c8a
SCHED-TRACE 17437 89732 D 84 101a716c8a
SCHED-TRACE 17438 89734 K 1 101a716c8a
SCHED-TRACE 17439 89735 U 3 1067a6d
SCHED-TRACE 17440 89735 V 3 1067aff
SCHED-TRACE 17441 89736 W 84 101a947ae0
SCHED-TRACE 17442 89736 U 3 1067c2e
SCHED-TRACE 17443 89736 V 3 1067cda
SCHED-TRACE 17444 89736 P 1 101b3afdf2
SCHED-TRACE 17445 89736 D 1 101b3afdf2
SCHED-TRACE 17446 89738 K 84 101a947ae0
SCHED-TRACE 17447 89739 U 3 10681e4
SCHED-TRACE 17448 89739 V 3 1068276
SCHED-TRACE 17449 89740 W 1 101b5e28f4
SCHED-TRACE 17450 89740 U 3 106841a
SCHED-TRACE 17451 89740 V 3 1068507
SCHED-TRACE 17452 89740 P 84 101b83851d
SCHED-TRACE 17453 89740 D 84 101b83851d
SCHED-TRACE 17454 89742 K 1 101b5e28f4
SCHED-TRACE 17455 89743 U 3 106899e
SCHED-TRACE 17456 89743 V 3 1068a30
SCHED-TRACE 17457 89744 W 84 101ba6bc69
SCHED-TRACE 17458 89744 U 3 1068b5f
SCHED-TRACE 17459 89744 V 3 1068c0a
SCHED-TRACE 17460 89744 P 1 101c27be75
SCHED-TRACE 17461 89744 D 1 101c27be75
SCHED-TRACE 17462 89746 K 84 101ba6bc69
SCHED-TRACE 17463 89747 U 3 1069114
SCHED-TRACE 17464 89747 V 3 10691a6
SCHED-TRACE 17465 89748 W 1 101c4ae146
SCHED-TRACE 17466 89748 U 4 10691dc
SCHED-TRACE 17467 89748 V 4 1069201
SCHED-TRACE 17468 89748 U 3 1069375
SCHED-TRACE 17469 89748 V 3 1069461
SCHED-TRACE 17470 89748 P 84 101c98dd2e
SCHED-TRACE 17471 89748 D 84 101c98dd2e
SCHED-TRACE 17472 89750 K 1 101c4ae146
SCHED-TRACE 17473 89751 U 3 106993c
SCHED-TRACE 17474 89751 V 3 10699ce
SCHED-TRACE 17475 89752 W 84 101cbc1892
SCHED-TRACE 17476 89752 U 3 1069afe
SCHED-TRACE 17477 89752 V 3 1069ba9
SCHED-TRACE 17478 89752 P 1 101d1f78d3
SCHED-TRACE 17479 89752 D 1 101d1f78d3
SCHED-TRACE 17480 89754 K 84 101cbc1892
SCHED-TRACE 17481 89755 U 3 106a0b4
SCHED-TRACE 17482 89755 V 3 106a146
SCHED-TRACE 17483 89756 W 1 101d42b01f
SCHED-TRACE 17484 89756 U 3 106a2ea
SCHED-TRACE 17485 89756 V 3 106a3d7
SCHED-TRACE 17486 89756 P 84 101dab1eb7
SCHED-TRACE 17487 89756 D 84 101dab1eb7
SCHED-TRACE 17488 89758 K 1 101d42b01f
SCHED-TRACE 17489 89759 U 3 106a86e
SCHED-TRACE 17490 89759 V 3 106a900
SCHED-TRACE 17491 89760 W 84 101dce624c
SCHED-TRACE 17492 89760 U 3 106aa2f
SCHED-TRACE 17493 89760 V 3 106aadb
SCHED-TRACE 17494 89760 P 1 101e0c51ea
SCHED-TRACE 17495 89760 D 1 101e0c51ea
SCHED-TRACE 17496 89762 K 84 101dce624c
SCHED-TRACE 17497 89763 U 3 106afe5
SCHED-TRACE 17498 89763 V 3 106b076
SCHED-TRACE 17499 89764 W 1 101e2f6c8a
SCHED-TRACE 17500 89764 U 3 106b21b
SCHED-TRACE 17501 89764 V 3 106b307
SCHED-TRACE 17502 89764 P 84 101ebd4fde
SCHED-TRACE 17503 89764 D 84 101ebd4fde
SCHED-TRACE 17504 89766 K 1 101e2f6c8a
SCHED-TRACE 17505 89767 U 3 106b79d
SCHED-TRACE 17506 89767 V 3 106b82f
SCHED-TRACE 17507 89768 W 84 101ee076c7
SCHED-TRACE 17508 89768 U 3 106b95e
SCHED-TRACE 17509 89768 V 3 106ba0a
SCHED-TRACE 17510 89768 P 1 101ef926e8
SCHED-TRACE 17511 89768 D 1 101ef926e8
SCHED-TRACE 17512 89770 K 84 101ee076c7
SCHED-TRACE 17513 89771 U 4 106bafe
SCHED-TRACE 17514 89771 V 4 106bb1e
SCHED-TRACE 17515 89771 U 3 106bf3a
SCHED-TRACE 17516 89771 V 3 106bfcb
SCHED-TRACE 17517 89772 W 1 101f1f6c8a
SCHED-TRACE 17518 89772 U 3 106c170
SCHED-TRACE 17519 89772 V 3 106c25c
SCHED-TRACE 17520 89772 P 84 101fcf6c8a
SCHED-TRACE 17521 89772 D 84 101fcf6c8a
SCHED-TRACE 17522 89774 K 1 101f1f6c8a
SCHED-TRACE 17523 89775 U 3 106c738
SCHED-TRACE 17524 89775 V 3 106c7c9
SCHED-TRACE 17525 89776 W 84 101ff2978c
SCHED-TRACE 17526 89776 U 3 106cc33
SCHED-TRACE 17527 89776 V 3 106ccb6
SCHED-TRACE 17528 89777 P 87 101f1f6c8a
SCHED-TRACE 17529 89777 W 87 101f1f6c8a
SCHED-TRACE 17530 89777 U 3 106cddf
SCHED-TRACE 17531 89777 V 3 106ce7c
SCHED-TRACE 17532 89777 P 1 1020a9a1c9
SCHED-TRACE 17533 89777 D 1 1020a9a1c9
SCHED-TRACE 17534 89779 K 87 101f1f6c8a
SCHED-TRACE 17535 89780 U 3 106d3bc
SCHED-TRACE 17536 89780 V 3 106d43f
SCHED-TRACE 17537 89781 W 1 1020d228f4
SCHED-TRACE 17538 89781 U 3 106d5eb
SCHED-TRACE 17539 89781 V 3 106d6c8
SCHED-TRACE 17540 89781 P 87 1020126e97
SCHED-TRACE 17541 89781 D 87 1020126e97
SCHED-TRACE 17542 89783 K 84 101ff2978c
SCHED-TRACE 17543 89784 T 0 106d874
SCHED-TRACE 17544 89784 t 0 106d8b5
SCHED-TRACE 17545 89784 U 3 106f8de
SCHED-TRACE 17546 89784 V 3 106f9b7
SCHED-TRACE 17547 89784 P 84 10253c8311
SCHED-TRACE 17548 89784 D 84 10253c8311
SCHED-TRACE 17549 89786 K 1 1020d228f4
SCHED-TRACE 17550 89787 U 4 106faaa
SCHED-TRACE 17551 89787 V 4 106fac7
SCHED-TRACE 17552 89787 U 3 106fe7a
SCHED-TRACE 17553 89787 V 3 106fef7
SCHED-TRACE 17554 89788 P 87 1020d228f4
SCHED-TRACE 17555 89788 W 87 1020d228f4
SCHED-TRACE 17556 89788 U 3 1070028
SCHED-TRACE 17557 89788 V 3 10700c0
SCHED-TRACE 17558 89788 P 1 10219df7cd
SCHED-TRACE 17559 89788 D 1 10219df7cd
SCHED-TRACE 17560 89790 K 87 1020d228f4
SCHED-TRACE 17561 89791 U 3 10705ca
SCHED-TRACE 17562 89791 V 3 1070648
SCHED-TRACE 17563 89792 W 1 1021c11a9e
SCHED-TRACE 17564 89792 U 3 10707eb
SCHED-TRACE 17565 89792 V 3 10708c3
SCHED-TRACE 17566 89792 P 87 1021c1020a
SCHED-TRACE 17567 89792 D 87 1021c1020a
SCHED-TRACE 17568 89794 K 1 1021c11a9e
SCHED-TRACE 17569 89795 U 3 1070d58
SCHED-TRACE 17570 89795 V 3 1070dd6
SCHED-TRACE 17571 89796 W 87 1021e41892
SCHED-TRACE 17572 89796 U 3 1070f05
SCHED-TRACE 17573 89796 V 3 1070f9c
SCHED-TRACE 17574 89796 P 1 10228ab438
SCHED-TRACE 17575 89796 D 1 10228ab438
SCHED-TRACE 17576 89798 K 87 1021e41892
SCHED-TRACE 17577 89799 U 3 10714a6
SCHED-TRACE 17578 89799 V 3 1071524
SCHED-TRACE 17579 89800 W 1 1022adced7
SCHED-TRACE 17580 89800 U 3 10716c9
SCHED-TRACE 17581 89800 V 3 10717a0
SCHED-TRACE 17582 89800 P 87 1022d30a3c
SCHED-TRACE 17583 89800 D 87 1022d30a3c
SCHED-TRACE 17584 89802 K 1 1022adced7
SCHED-TRACE 17585 89803 U 3 1071c36
SCHED-TRACE 17586 89803 V 3 1071cb4
SCHED-TRACE 17587 89804 W 87 1022f624db
SCHED-TRACE 17588 89804 U 3 1071de4
SCHED-TRACE 17589 89804 V 3 1071e7b
SCHED-TRACE 17590 89804 P 1 1023779db1
SCHED-TRACE 17591 89804 D 1 1023779db1
SCHED-TRACE 17592 89806 K 87 1022f624db
SCHED-TRACE 17593 89807 U 3 1072385
SCHED-TRACE 17594 89807 V 3 1072403
SCHED-TRACE 17595 89808 W 1 10239aa7ee
SCHED-TRACE 17596 89808 U 4 1072439
SCHED-TRACE 17597 89808 V 4 107245b
SCHED-TRACE 17598 89808 U 3 10725cf
SCHED-TRACE 17599 89808 V 3 10726a7
SCHED-TRACE 17600 89808 P 87 1023e86665
SCHED-TRACE 17601 89808 D 87 1023e86665
SCHED-TRACE 17602 89810 K 1 10239aa7ee
SCHED-TRACE 17603 89811 U 3 1072b71
SCHED-TRACE 17604 89811 V 3 1072bef
SCHED-TRACE 17605 89812 W 87 10240b3f7b
SCHED-TRACE-END 17606 dropped 0
