
loader: Redoubt rv32 loader, boot hart 0
  1 hart(s), timebase 10000000 Hz
  ram: 0x80000000..0x90000000 (256 MiB)
  bundle: 0x88200000..0x882a0440
  devices: 14 mmio (8 dma), 10 irq, console 0x10000000
  plic: 0xc000000, S-mode context 1
  harts started by the kernel: [0] of 1
  rng-seed: 32 bytes
  bundle signature ok (656384 bytes)
  PID 1: kernel -> 0xffd00000
  PID 2: sched-carve-return -> 0x18a06
  bundle mapped read-only at 0x20000000 (656448 bytes)
  252 MiB free, entering kernel
Kernel arguments:
    XArg (67724158, 28 bytes): 00000129 00000002 80000000 00000000 10000000 00000000 6d617273
    MREx (7845524d, 384 bytes): 10100000 00000000 00001000 00000000 632d7766 00000000 20000000 00000000 02000000 00000000 73616c66 00000000 00101000 00000000 00001000 00000000 40637472 00000000 10000000 00000000 00001000 00000000 69726573 00000000 00100000 00000000 00001000 00000000 74736574 00000000 10008000 00000000 00001000 00000000 74726976 00000000 10007000 00000000 00001000 00000000 74726976 00000000 10006000 00000000 00001000 00000000 74726976 00000000 10005000 00000000 00001000 00000000 74726976 00000000 10004000 00000000 00001000 00000000 74726976 00000000 10003000 00000000 00001000 00000000 74726976 00000000 10002000 00000000 00001000 00000000 74726976 00000000 10001000 00000000 00001000 00000000 74726976 00000000 0c000000 00000000 00600000 00000000 63696c70 00000000 02000000 00000000 00010000 00000000 6e696c63 00000000 30000000 00000000 10000000 00000000 40696370 00000000
    Ctrl (6c727443, 32 bytes): 0c000000 00000000 00600000 00000000 02000000 00000000 00010000 00000000
    Devs (73766544, 600 bytes): 00000003 00000000 00000000 00000000 00000000 00000000 00000001 10000000 00000000 00001000 00000000 00000000 00000002 0000000a 00000000 00000000 00000000 00000000 00000001 10100000 00000000 00001000 00000000 00000000 00000001 20000000 00000000 02000000 00000000 00000000 00000001 00101000 00000000 00001000 00000000 00000000 00000001 00100000 00000000 00001000 00000000 00000000 00000001 10008000 00000000 00001000 00000000 00000001 00000001 10007000 00000000 00001000 00000000 00000001 00000001 10006000 00000000 00001000 00000000 00000001 00000001 10005000 00000000 00001000 00000000 00000001 00000001 10004000 00000000 00001000 00000000 00000001 00000001 10003000 00000000 00001000 00000000 00000001 00000001 10002000 00000000 00001000 00000000 00000001 00000001 10001000 00000000 00001000 00000000 00000001 00000001 30000000 00000000 10000000 00000000 00000000 00000002 00000001 00000000 00000000 00000000 00000000 00000002 00000002 00000000 00000000 00000000 00000000 00000002 00000003 00000000 00000000 00000000 00000000 00000002 00000004 00000000 00000000 00000000 00000000 00000002 00000005 00000000 00000000 00000000 00000000 00000002 00000006 00000000 00000000 00000000 00000000 00000002 00000007 00000000 00000000 00000000 00000000 00000002 00000008 00000000 00000000 00000000 00000000 00000002 0000000b 00000000 00000000 00000000 00000000
    Plic (63696c50, 24 bytes): 0c000000 00000000 00600000 00000000 00000001 00000000
    Hart (74726148, 16 bytes): 00000001 00000001 00000000 00000000
    Seed (64656553, 32 bytes): cc67b3c5 13782ee5 c5282491 51a31aa3 dc691cea bb277754 dbf7491b 7acf3ac1
    Time (656d6954, 8 bytes): 00989680 00000000
asid: 9 bits
Devices: 25 objects, all held by init
Budgets: root 47321 pages (1206 kept for init), system 11528, users 34585
W^X verified: 48 executable kernel pages, none writable under any alias
Kernel RNG seeded from the loader (32 bytes)
KMAIN (clean boot): Supervisor mode started...
kernel: checks on (debug assertions, overflow checks)

[carve-return] calibrated: 10 ticks/us, 6566 iterations/ms
terminate_process: 393
[!] Terminating process with PID 393
[carve-return] ok: the create and return were measured
CARVE-OBS 792 975999 1214029
SHARE u-after-return 1214029 2235445 473946 450 1000
[carve-return] after its carve returned, 978584 µs into the window, U got 464 of 1000; V 688 over the window: gross, audits included; net in the post-check
SCHED-CARVE-RETURN TEST PASSED
system_reset: PowerOff asked for by PID 2
harts: all 1 in the tree ran user code
kernel lock: most waited 0 section(s), 1 hart(s)
SCHED-TRACE 0 0 G 1 0
SCHED-TRACE 1 0 g 1 0
SCHED-TRACE 2 0 v 1 f4240000b71b0
SCHED-TRACE 3 0 f 1 0
SCHED-TRACE 4 0 N 1 0
SCHED-TRACE 5 0 n 1 0
SCHED-TRACE 6 0 G 1 0
SCHED-TRACE 7 0 g 1 0
SCHED-TRACE 8 0 v 1 b71b0000003e8
SCHED-TRACE 9 0 f 1 0
SCHED-TRACE 10 0 N 1 0
SCHED-TRACE 11 0 n 1 0
SCHED-TRACE 12 1 W 1 0
SCHED-TRACE 13 1 K 1 0
SCHED-TRACE 14 6 I 1 834
SCHED-TRACE 15 6 B 1 ab
SCHED-TRACE 16 6 P 1 b4a3d7
SCHED-TRACE 17 6 R 1 b4a3d7
SCHED-TRACE 18 7 U 4 89a
SCHED-TRACE 19 7 V 4 8b2
SCHED-TRACE 20 7 O 0 0
SCHED-TRACE 21 7 P 1 c48312
SCHED-TRACE 22 8 K 1 c48312
SCHED-TRACE 23 8 P 1 d5ced9
SCHED-TRACE 24 10 P 1 fed916
SCHED-TRACE 25 10 D 1 fed916
SCHED-TRACE 26 12 U 4 a92
SCHED-TRACE 27 12 V 4 aa3
SCHED-TRACE 28 12 U 3 aa7
SCHED-TRACE 29 12 V 3 d91
SCHED-TRACE 30 13 W 1 1256872
SCHED-TRACE 31 13 U 4 ce54
SCHED-TRACE 32 13 V 4 ce6a
SCHED-TRACE 33 14 K 1 1256872
SCHED-TRACE 34 16 I 1 d2b4
SCHED-TRACE 35 16 B 1 b1
SCHED-TRACE 36 16 P 1 1bf374b
SCHED-TRACE 37 16 R 1 1bf374b
SCHED-TRACE 38 17 U 4 d31d
SCHED-TRACE 39 17 V 4 d338
SCHED-TRACE 40 17 O 0 0
SCHED-TRACE 41 17 P 1 1cf9db2
SCHED-TRACE 42 18 K 1 1cf9db2
SCHED-TRACE 43 18 P 1 1e13333
SCHED-TRACE 44 19 I 1 d79b
SCHED-TRACE 45 19 B 1 b0
SCHED-TRACE 46 19 P 1 2801cac
SCHED-TRACE 47 19 R 1 2801cac
SCHED-TRACE 48 20 U 4 d804
SCHED-TRACE 49 20 V 4 d81e
SCHED-TRACE 50 20 O 0 0
SCHED-TRACE 51 20 P 1 290624d
SCHED-TRACE 52 21 K 1 290624d
SCHED-TRACE 53 21 P 1 2a1e76c
SCHED-TRACE 54 22 I 1 dc81
SCHED-TRACE 55 22 B 1 b2
SCHED-TRACE 56 22 P 1 340e147
SCHED-TRACE 57 22 R 1 340e147
SCHED-TRACE 58 23 U 4 dcea
SCHED-TRACE 59 23 V 4 dd04
SCHED-TRACE 60 23 O 0 0
SCHED-TRACE 61 23 P 1 3513f7c
SCHED-TRACE 62 24 K 1 3513f7c
SCHED-TRACE 63 24 P 1 362cccc
SCHED-TRACE 64 25 I 1 e168
SCHED-TRACE 65 25 B 1 b1
SCHED-TRACE 66 25 P 1 401ced9
SCHED-TRACE 67 25 R 1 401ced9
SCHED-TRACE 68 26 U 4 e1d0
SCHED-TRACE 69 26 V 4 e1eb
SCHED-TRACE 70 26 O 0 0
SCHED-TRACE 71 26 P 1 4123958
SCHED-TRACE 72 27 K 1 4123958
SCHED-TRACE 73 27 P 1 423d2f1
SCHED-TRACE 74 28 I 1 e64e
SCHED-TRACE 75 28 B 1 b2
SCHED-TRACE 76 28 P 1 4c2bc6a
SCHED-TRACE 77 28 R 1 4c2bc6a
SCHED-TRACE 78 29 U 4 e6b7
SCHED-TRACE 79 29 V 4 e6d2
SCHED-TRACE 80 29 O 0 0
SCHED-TRACE 81 29 P 1 4d32b02
SCHED-TRACE 82 30 K 1 4d32b02
SCHED-TRACE 83 30 P 1 4e4bc6a
SCHED-TRACE 84 31 I 1 eb36
SCHED-TRACE 85 31 B 1 b1
SCHED-TRACE 86 31 P 1 583be76
SCHED-TRACE 87 31 R 1 583be76
SCHED-TRACE 88 32 U 4 eb9f
SCHED-TRACE 89 32 V 4 ebba
SCHED-TRACE 90 32 O 0 0
SCHED-TRACE 91 32 P 1 5943126
SCHED-TRACE 92 33 K 1 5943126
SCHED-TRACE 93 33 P 1 5a5be76
SCHED-TRACE 94 34 I 1 f01e
SCHED-TRACE 95 34 B 1 b2
SCHED-TRACE 96 34 P 1 644cccc
SCHED-TRACE 97 34 R 1 644cccc
SCHED-TRACE 98 35 U 4 f086
SCHED-TRACE 99 35 V 4 f0a0
SCHED-TRACE 100 35 O 0 0
SCHED-TRACE 101 35 P 1 655020c
SCHED-TRACE 102 36 K 1 655020c
SCHED-TRACE 103 36 P 1 666872b
SCHED-TRACE 104 37 I 1 f503
SCHED-TRACE 105 37 B 1 b2
SCHED-TRACE 106 37 P 1 705851e
SCHED-TRACE 107 37 R 1 705851e
SCHED-TRACE 108 38 U 4 f56c
SCHED-TRACE 109 38 V 4 f586
SCHED-TRACE 110 38 O 0 0
SCHED-TRACE 111 38 P 1 715e76c
SCHED-TRACE 112 39 K 1 715e76c
SCHED-TRACE 113 39 P 1 727851e
SCHED-TRACE 114 40 I 1 f9ea
SCHED-TRACE 115 40 B 1 b0
SCHED-TRACE 116 40 P 1 7c66e97
SCHED-TRACE 117 40 R 1 7c66e97
SCHED-TRACE 118 41 U 4 fa53
SCHED-TRACE 119 41 V 4 fa6e
SCHED-TRACE 120 41 O 0 0
SCHED-TRACE 121 41 P 1 7d6e147
SCHED-TRACE 122 42 K 1 7d6e147
SCHED-TRACE 123 42 P 1 7e87ef9
SCHED-TRACE 124 43 I 1 fed2
SCHED-TRACE 125 43 B 1 b3
SCHED-TRACE 126 43 P 1 88778d4
SCHED-TRACE 127 43 R 1 88778d4
SCHED-TRACE 128 44 U 4 ff3c
SCHED-TRACE 129 44 V 4 ff57
SCHED-TRACE 130 44 O 0 0
SCHED-TRACE 131 44 P 1 897fbe7
SCHED-TRACE 132 45 K 1 897fbe7
SCHED-TRACE 133 45 P 1 8a99999
SCHED-TRACE 134 46 I 1 103bb
SCHED-TRACE 135 46 B 1 b0
SCHED-TRACE 136 46 P 1 9489374
SCHED-TRACE 137 46 R 1 9489374
SCHED-TRACE 138 47 U 4 10424
SCHED-TRACE 139 47 V 4 1043e
SCHED-TRACE 140 47 O 0 0
SCHED-TRACE 141 47 P 1 958e560
SCHED-TRACE 142 48 K 1 958e560
SCHED-TRACE 143 48 P 1 96a72b0
SCHED-TRACE 144 49 I 1 108a2
SCHED-TRACE 145 49 B 1 b2
SCHED-TRACE 146 49 P 1 a0974bc
SCHED-TRACE 147 49 R 1 a0974bc
SCHED-TRACE 148 50 U 4 1090b
SCHED-TRACE 149 50 V 4 10925
SCHED-TRACE 150 50 O 0 0
SCHED-TRACE 151 50 P 1 a19be76
SCHED-TRACE 152 51 K 1 a19be76
SCHED-TRACE 153 51 P 1 a2b3f7c
SCHED-TRACE 154 52 I 1 10d88
SCHED-TRACE 155 52 B 1 af
SCHED-TRACE 156 52 P 1 aca4189
SCHED-TRACE 157 52 R 1 aca4189
SCHED-TRACE 158 53 U 4 10df1
SCHED-TRACE 159 53 V 4 10e0c
SCHED-TRACE 160 53 O 0 0
SCHED-TRACE 161 53 P 1 adab851
SCHED-TRACE 162 54 K 1 adab851
SCHED-TRACE 163 54 P 1 aec5604
SCHED-TRACE 164 55 I 1 11270
SCHED-TRACE 165 55 B 1 b3
SCHED-TRACE 166 55 P 1 b8b6041
SCHED-TRACE 167 55 R 1 b8b6041
SCHED-TRACE 168 56 U 4 112d9
SCHED-TRACE 169 56 V 4 112f4
SCHED-TRACE 170 56 O 0 0
SCHED-TRACE 171 56 P 1 b9bd2f1
SCHED-TRACE 172 57 K 1 b9bd2f1
SCHED-TRACE 173 57 P 1 bad6c8b
SCHED-TRACE 174 58 I 1 11758
SCHED-TRACE 175 58 B 1 b1
SCHED-TRACE 176 58 P 1 c4c6666
SCHED-TRACE 177 58 R 1 c4c6666
SCHED-TRACE 178 59 U 4 117c1
SCHED-TRACE 179 59 V 4 117dd
SCHED-TRACE 180 59 O 0 0
SCHED-TRACE 181 59 P 1 c5cf5c2
SCHED-TRACE 182 60 K 1 c5cf5c2
SCHED-TRACE 183 60 P 1 c6e8312
SCHED-TRACE 184 61 I 1 11c41
SCHED-TRACE 185 61 B 1 b2
SCHED-TRACE 186 61 P 1 d0d9581
SCHED-TRACE 187 61 R 1 d0d9581
SCHED-TRACE 188 62 U 4 11caa
SCHED-TRACE 189 62 V 4 11cc5
SCHED-TRACE 190 62 O 0 0
SCHED-TRACE 191 62 P 1 d1e0000
SCHED-TRACE 192 63 K 1 d1e0000
SCHED-TRACE 193 63 P 1 d2f9168
SCHED-TRACE 194 64 I 1 12129
SCHED-TRACE 195 64 B 1 b1
SCHED-TRACE 196 64 P 1 dcea3d7
SCHED-TRACE 197 64 R 1 dcea3d7
SCHED-TRACE 198 65 U 4 12191
SCHED-TRACE 199 65 V 4 121aa
SCHED-TRACE 200 65 O 0 0
SCHED-TRACE 201 65 P 1 ddec49b
SCHED-TRACE 202 66 K 1 ddec49b
SCHED-TRACE 203 66 P 1 df0624d
SCHED-TRACE 204 67 I 1 1260e
SCHED-TRACE 205 67 B 1 b3
SCHED-TRACE 206 67 P 1 e8f5c28
SCHED-TRACE 207 67 R 1 e8f5c28
SCHED-TRACE 208 68 U 4 12678
SCHED-TRACE 209 68 V 4 12692
SCHED-TRACE 210 68 O 0 0
SCHED-TRACE 211 68 P 1 e9fd70a
SCHED-TRACE 212 69 K 1 e9fd70a
SCHED-TRACE 213 69 P 1 eb170a3
SCHED-TRACE 214 70 I 1 12af6
SCHED-TRACE 215 70 B 1 b1
SCHED-TRACE 216 70 P 1 f505604
SCHED-TRACE 217 70 R 1 f505604
SCHED-TRACE 218 71 U 4 12b5f
SCHED-TRACE 219 71 V 4 12b7a
SCHED-TRACE 220 71 O 0 0
SCHED-TRACE 221 71 P 1 f60cccc
SCHED-TRACE 222 72 K 1 f60cccc
SCHED-TRACE 223 72 P 1 f7276c8
SCHED-TRACE 224 73 I 1 12fde
SCHED-TRACE 225 73 B 1 b2
SCHED-TRACE 226 73 P 1 10116041
SCHED-TRACE 227 73 R 1 10116041
SCHED-TRACE 228 74 U 4 13048
SCHED-TRACE 229 74 V 4 13062
SCHED-TRACE 230 74 O 0 0
SCHED-TRACE 231 74 P 1 1021a5e3
SCHED-TRACE 232 75 K 1 1021a5e3
SCHED-TRACE 233 75 P 1 10331a9f
SCHED-TRACE 234 76 I 1 134c5
SCHED-TRACE 235 76 B 1 ad
SCHED-TRACE 236 76 P 1 10d21893
SCHED-TRACE 237 76 R 1 10d21893
SCHED-TRACE 238 77 U 4 1352e
SCHED-TRACE 239 77 V 4 13548
SCHED-TRACE 240 77 O 0 0
SCHED-TRACE 241 77 P 1 10e26a7e
SCHED-TRACE 242 78 K 1 10e26a7e
SCHED-TRACE 243 78 P 1 10f40000
SCHED-TRACE 244 79 I 1 139ac
SCHED-TRACE 245 79 B 1 b0
SCHED-TRACE 246 79 P 1 11930624
SCHED-TRACE 247 79 R 1 11930624
SCHED-TRACE 248 80 U 4 13a15
SCHED-TRACE 249 80 V 4 13a30
SCHED-TRACE 250 80 O 0 0
SCHED-TRACE 251 80 P 1 11a37ced
SCHED-TRACE 252 81 K 1 11a37ced
SCHED-TRACE 253 81 P 1 11b51eb8
SCHED-TRACE 254 82 I 1 13e94
SCHED-TRACE 255 82 B 1 b3
SCHED-TRACE 256 82 P 1 12540c49
SCHED-TRACE 257 82 R 1 12540c49
SCHED-TRACE 258 83 U 4 13efe
SCHED-TRACE 259 83 V 4 13f19
SCHED-TRACE 260 83 O 0 0
SCHED-TRACE 261 83 P 1 12649374
SCHED-TRACE 262 84 K 1 12649374
SCHED-TRACE 263 84 P 1 1276353f
SCHED-TRACE 264 85 I 1 1437d
SCHED-TRACE 265 85 B 1 b1
SCHED-TRACE 266 85 P 1 131522d0
SCHED-TRACE 267 85 R 1 131522d0
SCHED-TRACE 268 86 U 4 143e6
SCHED-TRACE 269 86 V 4 14401
SCHED-TRACE 270 86 O 0 0
SCHED-TRACE 271 86 P 1 13259db2
SCHED-TRACE 272 87 K 1 13259db2
SCHED-TRACE 273 87 P 1 13373333
SCHED-TRACE 274 88 I 1 14865
SCHED-TRACE 275 88 B 1 b2
SCHED-TRACE 276 88 P 1 13d6353f
SCHED-TRACE 277 88 R 1 13d6353f
SCHED-TRACE 278 89 U 4 148ce
SCHED-TRACE 279 89 V 4 148e8
SCHED-TRACE 280 89 O 0 0
SCHED-TRACE 281 89 P 1 13e68b43
SCHED-TRACE 282 90 K 1 13e68b43
SCHED-TRACE 283 90 P 1 13f80c49
SCHED-TRACE 284 91 I 1 14d4c
SCHED-TRACE 285 91 B 1 ae
SCHED-TRACE 286 91 P 1 14971a9f
SCHED-TRACE 287 91 R 1 14971a9f
SCHED-TRACE 288 92 U 4 14db5
SCHED-TRACE 289 92 V 4 14dd0
SCHED-TRACE 290 92 O 0 0
SCHED-TRACE 291 92 P 1 14a79db2
SCHED-TRACE 292 93 K 1 14a79db2
SCHED-TRACE 293 93 P 1 14b93f7c
SCHED-TRACE 294 94 I 1 15234
SCHED-TRACE 295 94 B 1 b2
SCHED-TRACE 296 94 P 1 1558353f
SCHED-TRACE 297 94 R 1 1558353f
SCHED-TRACE 298 95 U 4 1529d
SCHED-TRACE 299 95 V 4 152b8
SCHED-TRACE 300 95 O 0 0
SCHED-TRACE 301 95 P 1 1568b020
SCHED-TRACE 302 96 K 1 1568b020
SCHED-TRACE 303 96 P 1 157a4dd2
SCHED-TRACE 304 97 I 1 1571c
SCHED-TRACE 305 97 B 1 b2
SCHED-TRACE 306 97 P 1 1619374b
SCHED-TRACE 307 97 R 1 1619374b
SCHED-TRACE 308 98 U 4 15786
SCHED-TRACE 309 98 V 4 157a0
SCHED-TRACE 310 98 O 0 0
SCHED-TRACE 311 98 P 1 1629b645
SCHED-TRACE 312 99 K 1 1629b645
SCHED-TRACE 313 99 P 1 163b53f7
SCHED-TRACE 314 100 I 1 15c05
SCHED-TRACE 315 100 B 1 b2
SCHED-TRACE 316 100 P 1 16da5a1c
SCHED-TRACE 317 100 R 1 16da5a1c
SCHED-TRACE 318 101 U 4 15c6e
SCHED-TRACE 319 101 V 4 15c89
SCHED-TRACE 320 101 O 0 0
SCHED-TRACE 321 101 P 1 16eac8b4
SCHED-TRACE 322 102 K 1 16eac8b4
SCHED-TRACE 323 102 P 1 16fc5e35
SCHED-TRACE 324 103 I 1 160ed
SCHED-TRACE 325 103 B 1 b1
SCHED-TRACE 326 103 P 1 179b5810
SCHED-TRACE 327 103 R 1 179b5810
SCHED-TRACE 328 104 U 4 16155
SCHED-TRACE 329 104 V 4 1616f
SCHED-TRACE 330 104 O 0 0
SCHED-TRACE 331 104 P 1 17ab8937
SCHED-TRACE 332 105 K 1 17ab8937
SCHED-TRACE 333 105 P 1 17bd2f1a
SCHED-TRACE 334 106 I 1 165d2
SCHED-TRACE 335 106 B 1 b3
SCHED-TRACE 336 106 P 1 185c20c4
SCHED-TRACE 337 106 R 1 185c20c4
SCHED-TRACE 338 107 U 4 1663c
SCHED-TRACE 339 107 V 4 16657
SCHED-TRACE 340 107 O 0 0
SCHED-TRACE 341 107 P 1 186ca3d7
SCHED-TRACE 342 108 K 1 186ca3d7
SCHED-TRACE 343 108 P 1 187e3d70
SCHED-TRACE 344 109 I 1 16abb
SCHED-TRACE 345 109 B 1 b1
SCHED-TRACE 346 109 P 1 191d2f1a
SCHED-TRACE 347 109 R 1 191d2f1a
SCHED-TRACE 348 110 U 4 16b24
SCHED-TRACE 349 110 V 4 16b3f
SCHED-TRACE 350 110 O 0 0
SCHED-TRACE 351 110 P 1 192dae14
SCHED-TRACE 352 111 K 1 192dae14
SCHED-TRACE 353 111 P 1 193f53f7
SCHED-TRACE 354 112 I 1 16fa4
SCHED-TRACE 355 112 B 1 b2
SCHED-TRACE 356 112 P 1 19de5e35
SCHED-TRACE 357 112 R 1 19de5e35
SCHED-TRACE 358 113 U 4 1700e
SCHED-TRACE 359 113 V 4 17028
SCHED-TRACE 360 113 O 0 0
SCHED-TRACE 361 113 P 1 19eeac08
SCHED-TRACE 362 114 K 1 19eeac08
SCHED-TRACE 363 114 P 1 1a002d0e
SCHED-TRACE 364 115 I 1 1748b
SCHED-TRACE 365 115 B 1 b0
SCHED-TRACE 366 115 P 1 1a9f2b02
SCHED-TRACE 367 115 R 1 1a9f2b02
SCHED-TRACE 368 116 U 4 174f4
SCHED-TRACE 369 116 V 4 1750f
SCHED-TRACE 370 116 O 0 0
SCHED-TRACE 371 116 P 1 1aaf9581
SCHED-TRACE 372 117 K 1 1aaf9581
SCHED-TRACE 373 117 P 1 1ac13333
SCHED-TRACE 374 118 I 1 17973
SCHED-TRACE 375 118 B 1 b3
SCHED-TRACE 376 118 P 1 1b6045a1
SCHED-TRACE 377 118 R 1 1b6045a1
SCHED-TRACE 378 119 U 4 179dc
SCHED-TRACE 379 119 V 4 179f8
SCHED-TRACE 380 119 O 0 0
SCHED-TRACE 381 119 P 1 1b70e147
SCHED-TRACE 382 120 K 1 1b70e147
SCHED-TRACE 383 120 P 1 1b828312
SCHED-TRACE 384 121 I 1 17e5c
SCHED-TRACE 385 121 B 1 b2
SCHED-TRACE 386 121 P 1 1c2178d4
SCHED-TRACE 387 121 R 1 1c2178d4
SCHED-TRACE 388 122 U 4 17ec6
SCHED-TRACE 389 122 V 4 17ee1
SCHED-TRACE 390 122 O 0 0
SCHED-TRACE 391 122 P 1 1c320418
SCHED-TRACE 392 123 K 1 1c320418
SCHED-TRACE 393 123 P 1 1c43a5e3
SCHED-TRACE 394 124 I 1 18346
SCHED-TRACE 395 124 B 1 b2
SCHED-TRACE 396 124 P 1 1ce2b439
SCHED-TRACE 397 124 R 1 1ce2b439
SCHED-TRACE 398 125 U 4 183af
SCHED-TRACE 399 125 V 4 183ca
SCHED-TRACE 400 125 O 0 0
SCHED-TRACE 401 125 P 1 1cf3374b
SCHED-TRACE 402 126 K 1 1cf3374b
SCHED-TRACE 403 126 P 1 1d04cccc
SCHED-TRACE 404 127 I 1 1882e
SCHED-TRACE 405 127 B 1 b3
SCHED-TRACE 406 127 P 1 1da3be76
SCHED-TRACE 407 127 R 1 1da3be76
SCHED-TRACE 408 128 U 4 18897
SCHED-TRACE 409 128 V 4 188b1
SCHED-TRACE 410 128 O 0 0
SCHED-TRACE 411 128 P 1 1db4147a
SCHED-TRACE 412 129 K 1 1db4147a
SCHED-TRACE 413 129 P 1 1dc59999
SCHED-TRACE 414 130 I 1 18d15
SCHED-TRACE 415 130 B 1 b0
SCHED-TRACE 416 130 P 1 1e64b020
SCHED-TRACE 417 130 R 1 1e64b020
SCHED-TRACE 418 131 U 4 18d7e
SCHED-TRACE 419 131 V 4 18d98
SCHED-TRACE 420 131 O 0 0
SCHED-TRACE 421 131 P 1 1e751687
SCHED-TRACE 422 132 K 1 1e751687
SCHED-TRACE 423 132 P 1 1e86bc6a
SCHED-TRACE 424 133 I 1 191fd
SCHED-TRACE 425 133 B 1 b3
SCHED-TRACE 426 133 P 1 1f25c6a7
SCHED-TRACE 427 133 R 1 1f25c6a7
SCHED-TRACE 428 134 U 4 19267
SCHED-TRACE 429 134 V 4 19282
SCHED-TRACE 430 134 O 0 0
SCHED-TRACE 431 134 P 1 1f3645a1
SCHED-TRACE 432 135 K 1 1f3645a1
SCHED-TRACE 433 135 P 1 1f47e353
SCHED-TRACE 434 136 I 1 196e6
SCHED-TRACE 435 136 B 1 b3
SCHED-TRACE 436 136 P 1 1fe6ed91
SCHED-TRACE 437 136 R 1 1fe6ed91
SCHED-TRACE 438 137 U 4 19750
SCHED-TRACE 439 137 V 4 1976b
SCHED-TRACE 440 137 O 0 0
SCHED-TRACE 441 137 P 1 1ff76c8b
SCHED-TRACE 442 138 K 1 1ff76c8b
SCHED-TRACE 443 138 P 1 2009126e
SCHED-TRACE 444 139 I 1 19bcf
SCHED-TRACE 445 139 B 1 b2
SCHED-TRACE 446 139 P 1 20a80c49
SCHED-TRACE 447 139 R 1 20a80c49
SCHED-TRACE 448 140 U 4 19c39
SCHED-TRACE 449 140 V 4 19c53
SCHED-TRACE 450 140 O 0 0
SCHED-TRACE 451 140 P 1 20b87ef9
SCHED-TRACE 452 141 K 1 20b87ef9
SCHED-TRACE 453 141 P 1 20ca147a
SCHED-TRACE 454 142 I 1 1a0b7
SCHED-TRACE 455 142 B 1 b0
SCHED-TRACE 456 142 P 1 2168f9db
SCHED-TRACE 457 142 R 1 2168f9db
SCHED-TRACE 458 143 U 4 1a11f
SCHED-TRACE 459 143 V 4 1a139
SCHED-TRACE 460 143 O 0 0
SCHED-TRACE 461 143 P 1 21792b02
SCHED-TRACE 462 144 K 1 21792b02
SCHED-TRACE 463 144 P 1 218ac083
SCHED-TRACE 464 145 I 1 1a59c
SCHED-TRACE 465 145 B 1 b3
SCHED-TRACE 466 145 P 1 2229cac0
SCHED-TRACE 467 145 R 1 2229cac0
SCHED-TRACE 468 146 U 4 1a605
SCHED-TRACE 469 146 V 4 1a620
SCHED-TRACE 470 146 O 0 0
SCHED-TRACE 471 146 P 1 223a4dd2
SCHED-TRACE 472 147 K 1 223a4dd2
SCHED-TRACE 473 147 P 1 224beb85
SCHED-TRACE 474 148 I 1 1aa85
SCHED-TRACE 475 148 B 1 b1
SCHED-TRACE 476 148 P 1 22eaf9db
SCHED-TRACE 477 148 R 1 22eaf9db
SCHED-TRACE 478 149 U 4 1aaef
SCHED-TRACE 479 149 V 4 1ab09
SCHED-TRACE 480 149 O 0 0
SCHED-TRACE 481 149 P 1 22fb78d4
SCHED-TRACE 482 150 K 1 22fb78d4
SCHED-TRACE 483 150 P 1 230d1a9f
SCHED-TRACE 484 151 I 1 1af6e
SCHED-TRACE 485 151 B 1 b3
SCHED-TRACE 486 151 P 1 23ac24dd
SCHED-TRACE 487 151 R 1 23ac24dd
SCHED-TRACE 488 152 U 4 1afd8
SCHED-TRACE 489 152 V 4 1aff3
SCHED-TRACE 490 152 O 0 0
SCHED-TRACE 491 152 P 1 23bcc49b
SCHED-TRACE 492 153 K 1 23bcc49b
SCHED-TRACE 493 153 P 1 23ce4189
SCHED-TRACE 494 154 I 1 1b457
SCHED-TRACE 495 154 B 1 ae
SCHED-TRACE 496 154 P 1 246d3b64
SCHED-TRACE 497 154 R 1 246d3b64
SCHED-TRACE 498 155 U 4 1b4c0
SCHED-TRACE 499 155 V 4 1b4da
SCHED-TRACE 500 155 O 0 0
SCHED-TRACE 501 155 P 1 247da1ca
SCHED-TRACE 502 156 K 1 247da1ca
SCHED-TRACE 503 156 P 1 248f3f7c
SCHED-TRACE 504 157 I 1 1b93e
SCHED-TRACE 505 157 B 1 b2
SCHED-TRACE 506 157 P 1 252e28f5
SCHED-TRACE 507 157 R 1 252e28f5
SCHED-TRACE 508 158 U 4 1b9a7
SCHED-TRACE 509 158 V 4 1b9c2
SCHED-TRACE 510 158 O 0 0
SCHED-TRACE 511 158 P 1 253ea3d7
SCHED-TRACE 512 159 K 1 253ea3d7
SCHED-TRACE 513 159 P 1 255045a1
SCHED-TRACE 514 160 I 1 1be26
SCHED-TRACE 515 160 B 1 b2
SCHED-TRACE 516 160 P 1 25ef3333
SCHED-TRACE 517 160 R 1 25ef3333
SCHED-TRACE 518 161 U 4 1be90
SCHED-TRACE 519 161 V 4 1beab
SCHED-TRACE 520 161 O 0 0
SCHED-TRACE 521 161 P 1 25ffc28f
SCHED-TRACE 522 162 K 1 25ffc28f
SCHED-TRACE 523 162 P 1 26116c8b
SCHED-TRACE 524 163 I 1 1c310
SCHED-TRACE 525 163 B 1 b3
SCHED-TRACE 526 163 P 1 26b076c8
SCHED-TRACE 527 163 R 1 26b076c8
SCHED-TRACE 528 164 U 4 1c379
SCHED-TRACE 529 164 V 4 1c394
SCHED-TRACE 530 164 O 0 0
SCHED-TRACE 531 164 P 1 26c0f1a9
SCHED-TRACE 532 165 K 1 26c0f1a9
SCHED-TRACE 533 165 P 1 26d28b43
SCHED-TRACE 534 166 I 1 1c7f9
SCHED-TRACE 535 166 B 1 b1
SCHED-TRACE 536 166 P 1 27719999
SCHED-TRACE 537 166 R 1 27719999
SCHED-TRACE 538 167 U 4 1c862
SCHED-TRACE 539 167 V 4 1c87d
SCHED-TRACE 540 167 O 0 0
SCHED-TRACE 541 167 P 1 2781ef9d
SCHED-TRACE 542 168 K 1 2781ef9d
SCHED-TRACE 543 168 P 1 279370a3
SCHED-TRACE 544 169 I 1 1cce0
SCHED-TRACE 545 169 B 1 ae
SCHED-TRACE 546 169 P 1 2832624d
SCHED-TRACE 547 169 R 1 2832624d
SCHED-TRACE 548 170 U 4 1cd49
SCHED-TRACE 549 170 V 4 1cd63
SCHED-TRACE 550 170 O 0 0
SCHED-TRACE 551 170 P 1 2842c49b
SCHED-TRACE 552 171 K 1 2842c49b
SCHED-TRACE 553 171 P 1 28546e97
SCHED-TRACE 554 172 I 1 1d1c7
SCHED-TRACE 555 172 B 1 b2
SCHED-TRACE 556 172 P 1 28f353f7
SCHED-TRACE 557 172 R 1 28f353f7
SCHED-TRACE 558 173 U 4 1d231
SCHED-TRACE 559 173 V 4 1d24c
SCHED-TRACE 560 173 O 0 0
SCHED-TRACE 561 173 P 1 2903db22
SCHED-TRACE 562 174 K 1 2903db22
SCHED-TRACE 563 174 P 1 291578d4
SCHED-TRACE 564 175 I 1 1d6b0
SCHED-TRACE 565 175 B 1 b2
SCHED-TRACE 566 175 P 1 29b472b0
SCHED-TRACE 567 175 R 1 29b472b0
SCHED-TRACE 568 176 U 4 1d71a
SCHED-TRACE 569 176 V 4 1d735
SCHED-TRACE 570 176 O 0 0
SCHED-TRACE 571 176 P 1 29c4f5c2
SCHED-TRACE 572 177 K 1 29c4f5c2
SCHED-TRACE 573 177 P 1 29d69fbe
SCHED-TRACE 574 178 I 1 1db99
SCHED-TRACE 575 178 B 1 b3
SCHED-TRACE 576 178 P 1 2a758d4f
SCHED-TRACE 577 178 R 1 2a758d4f
SCHED-TRACE 578 179 U 4 1dc03
SCHED-TRACE 579 179 V 4 1dc1e
SCHED-TRACE 580 179 O 0 0
SCHED-TRACE 581 179 P 1 2a860c49
SCHED-TRACE 582 180 K 1 2a860c49
SCHED-TRACE 583 180 P 1 2a97a9fb
SCHED-TRACE 584 181 I 1 1e082
SCHED-TRACE 585 181 B 1 b1
SCHED-TRACE 586 181 P 1 2b36ac08
SCHED-TRACE 587 181 R 1 2b36ac08
SCHED-TRACE 588 182 U 4 1e0ea
SCHED-TRACE 589 182 V 4 1e104
SCHED-TRACE 590 182 O 0 0
SCHED-TRACE 591 182 P 1 2b46e560
SCHED-TRACE 592 183 K 1 2b46e560
SCHED-TRACE 593 183 P 1 2b5872b0
SCHED-TRACE 594 184 I 1 1e567
SCHED-TRACE 595 184 B 1 b3
SCHED-TRACE 596 184 P 1 2bf76c8b
SCHED-TRACE 597 184 R 1 2bf76c8b
SCHED-TRACE 598 185 U 4 1e5d1
SCHED-TRACE 599 185 V 4 1e5ec
SCHED-TRACE 600 185 O 0 0
SCHED-TRACE 601 185 P 1 2c080c49
SCHED-TRACE 602 186 K 1 2c080c49
SCHED-TRACE 603 186 P 1 2c19ae14
SCHED-TRACE 604 187 I 1 1ea50
SCHED-TRACE 605 187 B 1 b2
SCHED-TRACE 606 187 P 1 2cb89374
SCHED-TRACE 607 187 R 1 2cb89374
SCHED-TRACE 608 188 U 4 1eaba
SCHED-TRACE 609 188 V 4 1ead5
SCHED-TRACE 610 188 O 0 0
SCHED-TRACE 611 188 P 1 2cc91eb8
SCHED-TRACE 612 189 K 1 2cc91eb8
SCHED-TRACE 613 189 P 1 2cdac8b4
SCHED-TRACE 614 190 I 1 1ef39
SCHED-TRACE 615 190 B 1 b3
SCHED-TRACE 616 190 P 1 2d79ba5e
SCHED-TRACE 617 190 R 1 2d79ba5e
SCHED-TRACE 618 191 U 4 1efa3
SCHED-TRACE 619 191 V 4 1efbe
SCHED-TRACE 620 191 O 0 0
SCHED-TRACE 621 191 P 1 2d8a5a1c
SCHED-TRACE 622 192 K 1 2d8a5a1c
SCHED-TRACE 623 192 P 1 2d9be353
SCHED-TRACE 624 193 I 1 1f423
SCHED-TRACE 625 193 B 1 b0
SCHED-TRACE 626 193 P 1 2e3af1a9
SCHED-TRACE 627 193 R 1 2e3af1a9
SCHED-TRACE 628 194 U 4 1f48c
SCHED-TRACE 629 194 V 4 1f4a7
SCHED-TRACE 630 194 O 0 0
SCHED-TRACE 631 194 P 1 2e4b645a
SCHED-TRACE 632 195 K 1 2e4b645a
SCHED-TRACE 633 195 P 1 2e5d0a3d
SCHED-TRACE 634 196 I 1 1f90b
SCHED-TRACE 635 196 B 1 b3
SCHED-TRACE 636 196 P 1 2efbfbe7
SCHED-TRACE 637 196 R 1 2efbfbe7
SCHED-TRACE 638 197 U 4 1f974
SCHED-TRACE 639 197 V 4 1f98f
SCHED-TRACE 640 197 O 0 0
SCHED-TRACE 641 197 P 1 2f0c6e97
SCHED-TRACE 642 198 K 1 2f0c6e97
SCHED-TRACE 643 198 P 1 2f1e1893
SCHED-TRACE 644 199 I 1 1fdf3
SCHED-TRACE 645 199 B 1 b3
SCHED-TRACE 646 199 P 1 2fbd020c
SCHED-TRACE 647 199 R 1 2fbd020c
SCHED-TRACE 648 200 U 4 1fe5d
SCHED-TRACE 649 200 V 4 1fe79
SCHED-TRACE 650 200 O 0 0
SCHED-TRACE 651 200 P 1 2fcd9db2
SCHED-TRACE 652 201 K 1 2fcd9db2
SCHED-TRACE 653 201 P 1 2fdf47ae
SCHED-TRACE 654 202 I 1 202dd
SCHED-TRACE 655 202 B 1 b2
SCHED-TRACE 656 202 P 1 307e2d0e
SCHED-TRACE 657 202 R 1 307e2d0e
SCHED-TRACE 658 203 U 4 20346
SCHED-TRACE 659 203 V 4 20361
SCHED-TRACE 660 203 O 0 0
SCHED-TRACE 661 203 P 1 308ea3d7
SCHED-TRACE 662 204 K 1 308ea3d7
SCHED-TRACE 663 204 P 1 30a04189
SCHED-TRACE 664 205 I 1 207c5
SCHED-TRACE 665 205 B 1 b1
SCHED-TRACE 666 205 P 1 313f2b02
SCHED-TRACE 667 205 R 1 313f2b02
SCHED-TRACE 668 206 U 4 2082f
SCHED-TRACE 669 206 V 4 20849
SCHED-TRACE 670 206 O 0 0
SCHED-TRACE 671 206 P 1 314f7ced
SCHED-TRACE 672 207 K 1 314f7ced
SCHED-TRACE 673 207 P 1 3161126e
SCHED-TRACE 674 208 I 1 20cac
SCHED-TRACE 675 208 B 1 b2
SCHED-TRACE 676 208 P 1 31fffbe7
SCHED-TRACE 677 208 R 1 31fffbe7
SCHED-TRACE 678 209 U 4 20d15
SCHED-TRACE 679 209 V 4 20d30
SCHED-TRACE 680 209 O 0 0
SCHED-TRACE 681 209 P 1 321072b0
SCHED-TRACE 682 210 K 1 321072b0
SCHED-TRACE 683 210 P 1 32220c49
SCHED-TRACE 684 211 I 1 21194
SCHED-TRACE 685 211 B 1 b2
SCHED-TRACE 686 211 P 1 32c10a3d
SCHED-TRACE 687 211 R 1 32c10a3d
SCHED-TRACE 688 212 U 4 211fd
SCHED-TRACE 689 212 V 4 21218
SCHED-TRACE 690 212 O 0 0
SCHED-TRACE 691 212 P 1 32d18d4f
SCHED-TRACE 692 213 K 1 32d18d4f
SCHED-TRACE 693 213 P 1 32e32f1a
SCHED-TRACE 694 214 I 1 2167c
SCHED-TRACE 695 214 B 1 b3
SCHED-TRACE 696 214 P 1 33822d0e
SCHED-TRACE 697 214 R 1 33822d0e
SCHED-TRACE 698 215 U 4 216e6
SCHED-TRACE 699 215 V 4 21701
SCHED-TRACE 700 215 O 0 0
SCHED-TRACE 701 215 P 1 3392b439
SCHED-TRACE 702 216 K 1 3392b439
SCHED-TRACE 703 216 P 1 33a45604
SCHED-TRACE 704 217 I 1 21b65
SCHED-TRACE 705 217 B 1 b2
SCHED-TRACE 706 217 P 1 34434bc6
SCHED-TRACE 707 217 R 1 34434bc6
SCHED-TRACE 708 218 U 4 21bcf
SCHED-TRACE 709 218 V 4 21bea
SCHED-TRACE 710 218 O 0 0
SCHED-TRACE 711 218 P 1 3453ef9d
SCHED-TRACE 712 219 K 1 3453ef9d
SCHED-TRACE 713 219 P 1 34658937
SCHED-TRACE 714 220 I 1 2204f
SCHED-TRACE 715 220 B 1 b1
SCHED-TRACE 716 220 P 1 35049374
SCHED-TRACE 717 220 R 1 35049374
SCHED-TRACE 718 221 U 4 220b7
SCHED-TRACE 719 221 V 4 220d1
SCHED-TRACE 720 221 O 0 0
SCHED-TRACE 721 221 P 1 3514cccc
SCHED-TRACE 722 222 K 1 3514cccc
SCHED-TRACE 723 222 P 1 35265604
SCHED-TRACE 724 223 I 1 22534
SCHED-TRACE 725 223 B 1 b3
SCHED-TRACE 726 223 P 1 35c553f7
SCHED-TRACE 727 223 R 1 35c553f7
SCHED-TRACE 728 224 U 4 2259d
SCHED-TRACE 729 224 V 4 225b8
SCHED-TRACE 730 224 O 0 0
SCHED-TRACE 731 224 P 1 35d5d2f1
SCHED-TRACE 732 225 K 1 35d5d2f1
SCHED-TRACE 733 225 P 1 35e778d4
SCHED-TRACE 734 226 I 1 22a1d
SCHED-TRACE 735 226 B 1 b2
SCHED-TRACE 736 226 P 1 36867ae1
SCHED-TRACE 737 226 R 1 36867ae1
SCHED-TRACE 738 227 U 4 22a87
SCHED-TRACE 739 227 V 4 22aa2
SCHED-TRACE 740 227 O 0 0
SCHED-TRACE 741 227 P 1 36970624
SCHED-TRACE 742 228 K 1 36970624
SCHED-TRACE 743 228 P 1 36a8b020
SCHED-TRACE 744 229 I 1 22f06
SCHED-TRACE 745 229 B 1 b4
SCHED-TRACE 746 229 P 1 3747a9fb
SCHED-TRACE 747 229 R 1 3747a9fb
SCHED-TRACE 748 230 U 4 22f70
SCHED-TRACE 749 230 V 4 22f8b
SCHED-TRACE 750 230 O 0 0
SCHED-TRACE 751 230 P 1 37583d70
SCHED-TRACE 752 231 K 1 37583d70
SCHED-TRACE 753 231 P 1 3769ced9
SCHED-TRACE 754 232 I 1 233f0
SCHED-TRACE 755 232 B 1 af
SCHED-TRACE 756 232 P 1 3808d916
SCHED-TRACE 757 232 R 1 3808d916
SCHED-TRACE 758 233 U 4 2345a
SCHED-TRACE 759 233 V 4 23474
SCHED-TRACE 760 233 O 0 0
SCHED-TRACE 761 233 P 1 38194395
SCHED-TRACE 762 234 K 1 38194395
SCHED-TRACE 763 234 P 1 382ae147
SCHED-TRACE 764 235 I 1 238d8
SCHED-TRACE 765 235 B 1 b3
SCHED-TRACE 766 235 P 1 38c9d70a
SCHED-TRACE 767 235 R 1 38c9d70a
SCHED-TRACE 768 236 U 4 23941
SCHED-TRACE 769 236 V 4 2395c
SCHED-TRACE 770 236 O 0 0
SCHED-TRACE 771 236 P 1 38da45a1
SCHED-TRACE 772 237 K 1 38da45a1
SCHED-TRACE 773 237 P 1 38ebe76c
SCHED-TRACE 774 238 I 1 23dc0
SCHED-TRACE 775 238 B 1 b3
SCHED-TRACE 776 238 P 1 398ae560
SCHED-TRACE 777 238 R 1 398ae560
SCHED-TRACE 778 239 U 4 23e2a
SCHED-TRACE 779 239 V 4 23e45
SCHED-TRACE 780 239 O 0 0
SCHED-TRACE 781 239 P 1 399b7ced
SCHED-TRACE 782 240 K 1 399b7ced
SCHED-TRACE 783 240 P 1 39ad2b02
SCHED-TRACE 784 241 I 1 242aa
SCHED-TRACE 785 241 B 1 b3
SCHED-TRACE 786 241 P 1 3a4c20c4
SCHED-TRACE 787 241 R 1 3a4c20c4
SCHED-TRACE 788 242 U 4 24314
SCHED-TRACE 789 242 V 4 2432f
SCHED-TRACE 790 242 O 0 0
SCHED-TRACE 791 242 P 1 3a5ca3d7
SCHED-TRACE 792 243 K 1 3a5ca3d7
SCHED-TRACE 793 243 P 1 3a6e4189
SCHED-TRACE 794 244 I 1 24793
SCHED-TRACE 795 244 B 1 b1
SCHED-TRACE 796 244 P 1 3b0d3b64
SCHED-TRACE 797 244 R 1 3b0d3b64
SCHED-TRACE 798 245 U 4 247fd
SCHED-TRACE 799 245 V 4 24817
SCHED-TRACE 800 245 O 0 0
SCHED-TRACE 801 245 P 1 3b1db645
SCHED-TRACE 802 246 K 1 3b1db645
SCHED-TRACE 803 246 P 1 3b2f4fdf
SCHED-TRACE 804 247 I 1 24c7b
SCHED-TRACE 805 247 B 1 b4
SCHED-TRACE 806 247 P 1 3bce45a1
SCHED-TRACE 807 247 R 1 3bce45a1
SCHED-TRACE 808 248 U 4 24ce5
SCHED-TRACE 809 248 V 4 24d00
SCHED-TRACE 810 248 O 0 0
SCHED-TRACE 811 248 P 1 3bdec49b
SCHED-TRACE 812 249 K 1 3bdec49b
SCHED-TRACE 813 249 P 1 3bf0624d
SCHED-TRACE 814 250 I 1 25164
SCHED-TRACE 815 250 B 1 b2
SCHED-TRACE 816 250 P 1 3c8f6c8b
SCHED-TRACE 817 250 R 1 3c8f6c8b
SCHED-TRACE 818 251 U 4 251cd
SCHED-TRACE 819 251 V 4 251e8
SCHED-TRACE 820 251 O 0 0
SCHED-TRACE 821 251 P 1 3ca00418
SCHED-TRACE 822 252 K 1 3ca00418
SCHED-TRACE 823 252 P 1 3cb1a9fb
SCHED-TRACE 824 253 G 3 0
SCHED-TRACE 825 253 g 3 0
SCHED-TRACE 826 253 v 3 b6dc8000b69e0
SCHED-TRACE 827 253 f 3 3cb1a9fb
SCHED-TRACE 828 253 N 3 3cb1a9fb
SCHED-TRACE 829 253 n 3 0
SCHED-TRACE 830 254 I 1 258e6
SCHED-TRACE 831 254 B 1 b4
SCHED-TRACE 832 254 P 1 3dba20c4
SCHED-TRACE 833 254 R 1 3dba20c4
SCHED-TRACE 834 255 U 4 2594f
SCHED-TRACE 835 255 V 4 25969
SCHED-TRACE 836 255 O 0 0
SCHED-TRACE 837 255 P 1 3dca8b43
SCHED-TRACE 838 256 K 1 3dca8b43
SCHED-TRACE 839 256 P 1 3ddc3958
SCHED-TRACE 840 257 G 3 3cb1a9fb
SCHED-TRACE 841 257 g 3 0
SCHED-TRACE 842 257 v 3 b69e0000b65f8
SCHED-TRACE 843 257 f 3 3ddc3958
SCHED-TRACE 844 257 N 3 3ddc3958
SCHED-TRACE 845 257 n 3 0
SCHED-TRACE 846 260 I 1 25f74
SCHED-TRACE 847 260 B 1 b2
SCHED-TRACE 848 260 P 1 3ebc20c4
SCHED-TRACE 849 260 R 1 3ebc20c4
SCHED-TRACE 850 261 U 4 25fde
SCHED-TRACE 851 261 V 4 25ffa
SCHED-TRACE 852 261 O 0 0
SCHED-TRACE 853 261 P 1 3eccd916
SCHED-TRACE 854 262 K 1 3eccd916
SCHED-TRACE 855 262 P 1 3ede6666
SCHED-TRACE 856 264 U 2 2655c
SCHED-TRACE 857 264 V 2 26719
SCHED-TRACE 858 264 U 3 26792
SCHED-TRACE 859 264 V 3 267d0
SCHED-TRACE 860 265 I 1 267f0
SCHED-TRACE 861 265 B 1 b4
SCHED-TRACE 862 265 P 1 3fc20831
SCHED-TRACE 863 265 R 1 3fc20831
SCHED-TRACE 864 266 U 4 2685a
SCHED-TRACE 865 266 V 4 26878
SCHED-TRACE 866 266 O 0 0
SCHED-TRACE 867 266 P 1 3fd27ef9
SCHED-TRACE 868 267 K 1 3fd27ef9
SCHED-TRACE 869 267 P 1 3fe42d0e
SCHED-TRACE 870 269 I 1 27568
SCHED-TRACE 871 269 B 1 b0
SCHED-TRACE 872 269 P 1 41e03126
SCHED-TRACE 873 269 R 1 41e03126
SCHED-TRACE 874 270 U 4 275d2
SCHED-TRACE 875 270 V 4 275f0
SCHED-TRACE 876 270 O 0 0
SCHED-TRACE 877 270 P 1 41f0dd2f
SCHED-TRACE 878 271 K 1 41f0dd2f
SCHED-TRACE 879 271 P 1 42029fbe
SCHED-TRACE 880 274 I 1 27e3e
SCHED-TRACE 881 274 B 1 b1
SCHED-TRACE 882 274 P 1 433fdb22
SCHED-TRACE 883 274 R 1 433fdb22
SCHED-TRACE 884 275 U 4 27ea8
SCHED-TRACE 885 275 V 4 27ec6
SCHED-TRACE 886 275 O 0 0
SCHED-TRACE 887 275 P 1 435076c8
SCHED-TRACE 888 276 K 1 435076c8
SCHED-TRACE 889 276 P 1 43624189
SCHED-TRACE 890 279 I 1 2881d
SCHED-TRACE 891 279 B 1 b2
SCHED-TRACE 892 279 P 1 44ca147a
SCHED-TRACE 893 279 R 1 44ca147a
SCHED-TRACE 894 280 U 4 28887
SCHED-TRACE 895 280 V 4 288a4
SCHED-TRACE 896 280 O 0 0
SCHED-TRACE 897 280 P 1 44da7ef9
SCHED-TRACE 898 281 K 1 44da7ef9
SCHED-TRACE 899 281 P 1 44ec28f5
SCHED-TRACE 900 283 I 1 28d51
SCHED-TRACE 901 283 B 1 b0
SCHED-TRACE 902 283 P 1 4595e353
SCHED-TRACE 903 283 R 1 4595e353
SCHED-TRACE 904 284 U 4 28dba
SCHED-TRACE 905 284 V 4 28dd8
SCHED-TRACE 906 284 O 0 0
SCHED-TRACE 907 284 P 1 45a67ae1
SCHED-TRACE 908 285 K 1 45a67ae1
SCHED-TRACE 909 285 P 1 45b84189
SCHED-TRACE 910 290 P 31 45b84189
SCHED-TRACE 911 290 W 31 45b84189
SCHED-TRACE 912 290 U 4 29584
SCHED-TRACE 913 290 V 4 295a6
SCHED-TRACE 914 290 I 1 295b2
SCHED-TRACE 915 290 B 1 b3
SCHED-TRACE 916 290 P 1 46de6666
SCHED-TRACE 917 290 R 1 46de6666
SCHED-TRACE 918 291 O 0 0
SCHED-TRACE 919 291 P 1 46edc28f
SCHED-TRACE 920 292 K 31 45b84189
SCHED-TRACE 921 292 P 1 47011a9f
SCHED-TRACE 922 293 P 1 470a6a7e
SCHED-TRACE 923 293 U 3 297ff
SCHED-TRACE 924 293 V 3 2984e
SCHED-TRACE 925 293 P 31 45e3a9fb
SCHED-TRACE 926 293 D 31 45e3a9fb
SCHED-TRACE 927 295 K 1 470a6a7e
SCHED-TRACE 928 299 U 2 2a061
SCHED-TRACE 929 299 V 2 2a23e
SCHED-TRACE 930 299 U 3 2a2c1
SCHED-TRACE 931 299 V 3 2a332
SCHED-TRACE 932 300 I 1 2a352
SCHED-TRACE 933 300 B 1 b3
SCHED-TRACE 934 300 P 1 484ce147
SCHED-TRACE 935 300 R 1 484ce147
SCHED-TRACE 936 301 U 4 2a3bc
SCHED-TRACE 937 301 V 4 2a3dd
SCHED-TRACE 938 301 O 0 0
SCHED-TRACE 939 301 P 1 485d8d4f
SCHED-TRACE 940 302 K 1 485d8d4f
SCHED-TRACE 941 302 P 1 486f6041
SCHED-TRACE 942 304 I 1 2b0cc
SCHED-TRACE 943 304 B 1 b3
SCHED-TRACE 944 304 P 1 4a6b1687
SCHED-TRACE 945 304 R 1 4a6b1687
SCHED-TRACE 946 305 U 4 2b135
SCHED-TRACE 947 305 V 4 2b155
SCHED-TRACE 948 305 O 0 0
SCHED-TRACE 949 305 P 1 4a7b8106
SCHED-TRACE 950 306 K 1 4a7b8106
SCHED-TRACE 951 306 P 1 4a8d5810
SCHED-TRACE 952 309 I 1 2b9a2
SCHED-TRACE 953 309 B 1 b3
SCHED-TRACE 954 309 P 1 4bca8b43
SCHED-TRACE 955 309 R 1 4bca8b43
SCHED-TRACE 956 310 U 4 2ba0c
SCHED-TRACE 957 310 V 4 2ba2d
SCHED-TRACE 958 310 O 0 0
SCHED-TRACE 959 310 P 1 4bdb2b02
SCHED-TRACE 960 311 K 1 4bdb2b02
SCHED-TRACE 961 311 P 1 4bed0a3d
SCHED-TRACE 962 314 I 1 2c386
SCHED-TRACE 963 314 B 1 b4
SCHED-TRACE 964 314 P 1 4d54fdf3
SCHED-TRACE 965 314 R 1 4d54fdf3
SCHED-TRACE 966 315 U 4 2c3f0
SCHED-TRACE 967 315 V 4 2c412
SCHED-TRACE 968 315 O 0 0
SCHED-TRACE 969 315 P 1 4d659999
SCHED-TRACE 970 316 K 1 4d659999
SCHED-TRACE 971 316 P 1 4d7770a3
SCHED-TRACE 972 318 I 1 2c8c0
SCHED-TRACE 973 318 B 1 b4
SCHED-TRACE 974 318 P 1 4e213f7c
SCHED-TRACE 975 318 R 1 4e213f7c
SCHED-TRACE 976 319 U 4 2c929
SCHED-TRACE 977 319 V 4 2c94a
SCHED-TRACE 978 319 O 0 0
SCHED-TRACE 979 319 P 1 4e31b22d
SCHED-TRACE 980 320 K 1 4e31b22d
SCHED-TRACE 981 320 P 1 4e4374bc
SCHED-TRACE 982 324 P 32 4e4374bc
SCHED-TRACE 983 324 W 32 4e4374bc
SCHED-TRACE 984 324 U 4 2d02d
SCHED-TRACE 985 324 V 4 2d051
SCHED-TRACE 986 324 I 1 2d05d
SCHED-TRACE 987 324 B 1 ae
SCHED-TRACE 988 324 P 1 4f4a353f
SCHED-TRACE 989 324 R 1 4f4a353f
SCHED-TRACE 990 325 O 0 0
SCHED-TRACE 991 325 P 1 4f59851e
SCHED-TRACE 992 326 K 32 4e4374bc
SCHED-TRACE 993 326 P 1 4f6cf1a9
SCHED-TRACE 994 327 P 1 4f76353f
SCHED-TRACE 995 327 U 3 2d2a7
SCHED-TRACE 996 327 V 3 2d32a
SCHED-TRACE 997 327 P 32 4e6ed4fd
SCHED-TRACE 998 327 D 32 4e6ed4fd
SCHED-TRACE 999 329 K 1 4f76353f
SCHED-TRACE 1000 330 U 4 2d41c
SCHED-TRACE 1001 330 V 4 2d43c
SCHED-TRACE 1002 331 U 3 2d8b2
SCHED-TRACE 1003 331 V 3 2d924
SCHED-TRACE 1004 332 P 31 4f76353f
SCHED-TRACE 1005 332 W 31 4f76353f
SCHED-TRACE 1006 332 U 4 2d95d
SCHED-TRACE 1007 332 V 4 2d982
SCHED-TRACE 1008 332 I 1 2d98e
SCHED-TRACE 1009 332 B 1 b4
SCHED-TRACE 1010 332 P 1 503cf9db
SCHED-TRACE 1011 332 R 1 503cf9db
SCHED-TRACE 1012 333 O 0 0
SCHED-TRACE 1013 333 P 1 504c5a1c
SCHED-TRACE 1014 334 K 31 4f76353f
SCHED-TRACE 1015 334 P 1 505ffbe7
SCHED-TRACE 1016 335 P 1 50694bc6
SCHED-TRACE 1017 335 P 31 4f983127
SCHED-TRACE 1018 335 D 31 4f983127
SCHED-TRACE 1019 337 K 1 50694bc6
SCHED-TRACE 1020 338 U 3 2e0e7
SCHED-TRACE 1021 338 V 3 2e155
SCHED-TRACE 1022 339 P 32 50694bc6
SCHED-TRACE 1023 339 W 32 50694bc6
SCHED-TRACE 1024 339 U 4 2e18d
SCHED-TRACE 1025 339 V 4 2e1b1
SCHED-TRACE 1026 339 I 1 2e1bd
SCHED-TRACE 1027 339 B 1 b2
SCHED-TRACE 1028 339 P 1 51293f7c
SCHED-TRACE 1029 339 R 1 51293f7c
SCHED-TRACE 1030 340 O 0 0
SCHED-TRACE 1031 340 P 1 5138f9db
SCHED-TRACE 1032 341 K 32 50694bc6
SCHED-TRACE 1033 341 P 1 514c8f5c
SCHED-TRACE 1034 342 P 1 5155df3b
SCHED-TRACE 1035 342 P 32 508b4bc6
SCHED-TRACE 1036 342 D 32 508b4bc6
SCHED-TRACE 1037 344 K 1 5155df3b
SCHED-TRACE 1038 345 U 3 2e60b
SCHED-TRACE 1039 345 V 3 2e69f
SCHED-TRACE 1040 345 P 1 518a0831
SCHED-TRACE 1041 345 D 1 518a0831
SCHED-TRACE 1042 347 U 4 2e6ef
SCHED-TRACE 1043 347 V 4 2e707
SCHED-TRACE 1044 347 U 3 2e70c
SCHED-TRACE 1045 347 V 3 2eb46
SCHED-TRACE 1046 348 P 32 518a0831
SCHED-TRACE 1047 348 W 32 518a0831
SCHED-TRACE 1048 348 P 31 518a0831
SCHED-TRACE 1049 348 W 31 518a0831
SCHED-TRACE 1050 348 U 4 399fd
SCHED-TRACE 1051 348 V 4 39a1f
SCHED-TRACE 1052 349 K 31 518a0831
SCHED-TRACE 1053 350 P 31 51a5e76c
SCHED-TRACE 1054 350 D 31 51a5e76c
SCHED-TRACE 1055 352 K 32 518a0831
SCHED-TRACE 1056 353 I 32 39f36
SCHED-TRACE 1057 353 B 31 648
SCHED-TRACE 1058 353 E 31 1
SCHED-TRACE 1059 353 B 31 60
SCHED-TRACE 1060 353 B 31 d0
SCHED-TRACE 1061 353 P 32 51fd1a9f
SCHED-TRACE 1062 353 R 32 51fd1a9f
SCHED-TRACE 1063 354 P 31 51fd1a9f
SCHED-TRACE 1064 354 W 31 51fd1a9f
SCHED-TRACE 1065 354 U 4 3a09d
SCHED-TRACE 1066 354 V 4 3a0c3
SCHED-TRACE 1067 354 O 0 0
SCHED-TRACE 1068 354 P 32 5215851e
SCHED-TRACE 1069 355 K 31 51fd1a9f
SCHED-TRACE 1070 355 P 32 52290e56
SCHED-TRACE 1071 356 P 32 523251eb
SCHED-TRACE 1072 356 P 31 524a4189
SCHED-TRACE 1073 356 P 31 5255eb85
SCHED-TRACE 1074 356 G 31 5255eb85
SCHED-TRACE 1075 356 g 31 118
SCHED-TRACE 1076 356 v 31 3e800000001
SCHED-TRACE 1077 356 f 31 523251eb
SCHED-TRACE 1078 356 N 31 dd425493
SCHED-TRACE 1079 356 n 31 0
SCHED-TRACE 1080 356 P 31 dd425493
SCHED-TRACE 1081 357 I 31 3a539
SCHED-TRACE 1082 357 B 31 b4
SCHED-TRACE 1083 357 P 31 1c8125493
SCHED-TRACE 1084 357 R 31 1c8125493
SCHED-TRACE 1085 358 U 4 3a5b1
SCHED-TRACE 1086 358 V 4 3a5d8
SCHED-TRACE 1087 358 O 0 0
SCHED-TRACE 1088 358 P 31 213325493
SCHED-TRACE 1089 359 K 32 523251eb
SCHED-TRACE 1090 359 P 31 25fe25493
SCHED-TRACE 1091 360 P 31 284425493
SCHED-TRACE 1092 360 I 32 3aa4f
SCHED-TRACE 1093 360 B 32 b2
SCHED-TRACE 1094 360 P 32 52c80c49
SCHED-TRACE 1095 360 R 32 52c80c49
SCHED-TRACE 1096 361 U 4 3aac7
SCHED-TRACE 1097 361 V 4 3aaee
SCHED-TRACE 1098 361 O 0 0
SCHED-TRACE 1099 361 P 32 52db47ae
SCHED-TRACE 1100 362 K 32 52db47ae
SCHED-TRACE 1101 362 P 32 52eeed91
SCHED-TRACE 1102 363 I 32 3af65
SCHED-TRACE 1103 363 B 32 b4
SCHED-TRACE 1104 363 P 32 538df3b6
SCHED-TRACE 1105 363 R 32 538df3b6
SCHED-TRACE 1106 364 U 4 3afdd
SCHED-TRACE 1107 364 V 4 3b005
SCHED-TRACE 1108 364 O 0 0
SCHED-TRACE 1109 364 P 32 53a13f7d
SCHED-TRACE 1110 365 K 32 53a13f7d
SCHED-TRACE 1111 365 P 32 53b4c083
SCHED-TRACE 1112 366 I 32 3b47b
SCHED-TRACE 1113 366 B 32 b0
SCHED-TRACE 1114 366 P 32 5453ced9
SCHED-TRACE 1115 366 R 32 5453ced9
SCHED-TRACE 1116 367 U 4 3b4f3
SCHED-TRACE 1117 367 V 4 3b519
SCHED-TRACE 1118 367 O 0 0
SCHED-TRACE 1119 367 P 32 5466e979
SCHED-TRACE 1120 368 K 32 5466e979
SCHED-TRACE 1121 368 P 32 547a8b43
SCHED-TRACE 1122 369 I 32 3b98f
SCHED-TRACE 1123 369 B 32 b4
SCHED-TRACE 1124 369 P 32 551978d5
SCHED-TRACE 1125 369 R 32 551978d5
SCHED-TRACE 1126 370 U 4 3ba07
SCHED-TRACE 1127 370 V 4 3ba2e
SCHED-TRACE 1128 370 O 0 0
SCHED-TRACE 1129 370 P 32 552cb439
SCHED-TRACE 1130 371 K 32 552cb439
SCHED-TRACE 1131 371 P 32 55405e35
SCHED-TRACE 1132 372 I 32 3bea4
SCHED-TRACE 1133 372 B 32 b4
SCHED-TRACE 1134 372 P 32 55df4395
SCHED-TRACE 1135 372 R 32 55df4395
SCHED-TRACE 1136 373 U 4 3bf1d
SCHED-TRACE 1137 373 V 4 3bf44
SCHED-TRACE 1138 373 O 0 0
SCHED-TRACE 1139 373 P 32 55f28f5c
SCHED-TRACE 1140 374 K 32 55f28f5c
SCHED-TRACE 1141 374 P 32 56063d70
SCHED-TRACE 1142 375 I 32 3c3bb
SCHED-TRACE 1143 375 B 32 b3
SCHED-TRACE 1144 375 P 32 56a5374c
SCHED-TRACE 1145 375 R 32 56a5374c
SCHED-TRACE 1146 376 U 4 3c433
SCHED-TRACE 1147 376 V 4 3c45a
SCHED-TRACE 1148 376 O 0 0
SCHED-TRACE 1149 376 P 32 56b85a1c
SCHED-TRACE 1150 377 K 32 56b85a1c
SCHED-TRACE 1151 377 P 32 56cbf7cf
SCHED-TRACE 1152 378 I 32 3c8d0
SCHED-TRACE 1153 378 B 32 b4
SCHED-TRACE 1154 378 P 32 576af5c2
SCHED-TRACE 1155 378 R 32 576af5c2
SCHED-TRACE 1156 379 U 4 3c948
SCHED-TRACE 1157 379 V 4 3c96e
SCHED-TRACE 1158 379 O 0 0
SCHED-TRACE 1159 379 P 32 577e0831
SCHED-TRACE 1160 380 K 32 577e0831
SCHED-TRACE 1161 380 P 32 5791a1ca
SCHED-TRACE 1162 381 I 32 3cde4
SCHED-TRACE 1163 381 B 32 b0
SCHED-TRACE 1164 381 P 32 58308f5c
SCHED-TRACE 1165 381 R 32 58308f5c
SCHED-TRACE 1166 382 U 4 3ce5c
SCHED-TRACE 1167 382 V 4 3ce83
SCHED-TRACE 1168 382 O 0 0
SCHED-TRACE 1169 382 P 32 5843c28f
SCHED-TRACE 1170 383 K 32 5843c28f
SCHED-TRACE 1171 383 P 32 58576c8b
SCHED-TRACE 1172 384 I 32 3d2fa
SCHED-TRACE 1173 384 B 32 b4
SCHED-TRACE 1174 384 P 32 58f672b0
SCHED-TRACE 1175 384 R 32 58f672b0
SCHED-TRACE 1176 385 U 4 3d372
SCHED-TRACE 1177 385 V 4 3d399
SCHED-TRACE 1178 385 O 0 0
SCHED-TRACE 1179 385 P 32 5909a9fc
SCHED-TRACE 1180 386 K 32 5909a9fc
SCHED-TRACE 1181 386 P 32 591d4fdf
SCHED-TRACE 1182 387 I 32 3d810
SCHED-TRACE 1183 387 B 32 b3
SCHED-TRACE 1184 387 P 32 59bc4dd3
SCHED-TRACE 1185 387 R 32 59bc4dd3
SCHED-TRACE 1186 388 U 4 3d888
SCHED-TRACE 1187 388 V 4 3d8ae
SCHED-TRACE 1188 388 O 0 0
SCHED-TRACE 1189 388 P 32 59cf70a4
SCHED-TRACE 1190 389 K 32 59cf70a4
SCHED-TRACE 1191 389 P 32 59e30a3d
SCHED-TRACE 1192 390 I 32 3dd24
SCHED-TRACE 1193 390 B 32 b2
SCHED-TRACE 1194 390 P 32 5a81f3b6
SCHED-TRACE 1195 390 R 32 5a81f3b6
SCHED-TRACE 1196 391 U 4 3dd9c
SCHED-TRACE 1197 391 V 4 3ddc3
SCHED-TRACE 1198 391 O 0 0
SCHED-TRACE 1199 391 P 32 5a953333
SCHED-TRACE 1200 392 K 32 5a953333
SCHED-TRACE 1201 392 P 32 5aa8e147
SCHED-TRACE 1202 393 I 32 3e23a
SCHED-TRACE 1203 393 B 32 b4
SCHED-TRACE 1204 393 P 32 5b47d2f1
SCHED-TRACE 1205 393 R 32 5b47d2f1
SCHED-TRACE 1206 394 U 4 3e2b2
SCHED-TRACE 1207 394 V 4 3e2d9
SCHED-TRACE 1208 394 O 0 0
SCHED-TRACE 1209 394 P 32 5b5b126e
SCHED-TRACE 1210 395 K 32 5b5b126e
SCHED-TRACE 1211 395 P 32 5b6eac08
SCHED-TRACE 1212 396 I 32 3e750
SCHED-TRACE 1213 396 B 32 b0
SCHED-TRACE 1214 396 P 32 5c0da5e3
SCHED-TRACE 1215 396 R 32 5c0da5e3
SCHED-TRACE 1216 397 U 4 3e7c8
SCHED-TRACE 1217 397 V 4 3e7ef
SCHED-TRACE 1218 397 O 0 0
SCHED-TRACE 1219 397 P 32 5c20f5c2
SCHED-TRACE 1220 398 K 32 5c20f5c2
SCHED-TRACE 1221 398 P 32 5c349374
SCHED-TRACE 1222 399 I 32 3ec66
SCHED-TRACE 1223 399 B 32 b4
SCHED-TRACE 1224 399 P 32 5cd39999
SCHED-TRACE 1225 399 R 32 5cd39999
SCHED-TRACE 1226 400 U 4 3ecde
SCHED-TRACE 1227 400 V 4 3ed05
SCHED-TRACE 1228 400 O 0 0
SCHED-TRACE 1229 400 P 32 5ce6d0e5
SCHED-TRACE 1230 401 K 32 5ce6d0e5
SCHED-TRACE 1231 401 P 32 5cfa72b0
SCHED-TRACE 1232 402 I 32 3f17b
SCHED-TRACE 1233 402 B 32 b4
SCHED-TRACE 1234 402 P 32 5d995c29
SCHED-TRACE 1235 402 R 32 5d995c29
SCHED-TRACE 1236 403 U 4 3f1f3
SCHED-TRACE 1237 403 V 4 3f21a
SCHED-TRACE 1238 403 O 0 0
SCHED-TRACE 1239 403 P 32 5daca3d7
SCHED-TRACE 1240 404 K 32 5daca3d7
SCHED-TRACE 1241 404 P 32 5dc04dd3
SCHED-TRACE 1242 405 I 32 3f691
SCHED-TRACE 1243 405 B 32 b3
SCHED-TRACE 1244 405 P 32 5e5f4fdf
SCHED-TRACE 1245 405 R 32 5e5f4fdf
SCHED-TRACE 1246 406 U 4 3f70a
SCHED-TRACE 1247 406 V 4 3f731
SCHED-TRACE 1248 406 O 0 0
SCHED-TRACE 1249 406 P 32 5e72978d
SCHED-TRACE 1250 407 K 32 5e72978d
SCHED-TRACE 1251 407 P 32 5e8649ba
SCHED-TRACE 1252 408 I 32 3fba7
SCHED-TRACE 1253 408 B 32 b4
SCHED-TRACE 1254 408 P 32 5f2522d1
SCHED-TRACE 1255 408 R 32 5f2522d1
SCHED-TRACE 1256 409 U 4 3fc20
SCHED-TRACE 1257 409 V 4 3fc47
SCHED-TRACE 1258 409 O 0 0
SCHED-TRACE 1259 409 P 32 5f386666
SCHED-TRACE 1260 410 K 32 5f386666
SCHED-TRACE 1261 410 P 32 5f4bf3b6
SCHED-TRACE 1262 411 I 32 400bd
SCHED-TRACE 1263 411 B 32 ad
SCHED-TRACE 1264 411 P 32 5fead916
SCHED-TRACE 1265 411 R 32 5fead916
SCHED-TRACE 1266 412 U 4 40131
SCHED-TRACE 1267 412 V 4 40155
SCHED-TRACE 1268 412 O 0 0
SCHED-TRACE 1269 412 P 32 5ffd5c29
SCHED-TRACE 1270 413 K 32 5ffd5c29
SCHED-TRACE 1271 413 P 32 6010fdf3
SCHED-TRACE 1272 414 I 32 405ca
SCHED-TRACE 1273 414 B 32 b4
SCHED-TRACE 1274 414 P 32 60afef9d
SCHED-TRACE 1275 414 R 32 60afef9d
SCHED-TRACE 1276 415 U 4 40642
SCHED-TRACE 1277 415 V 4 40669
SCHED-TRACE 1278 415 O 0 0
SCHED-TRACE 1279 415 P 32 60c31a9f
SCHED-TRACE 1280 416 K 32 60c31a9f
SCHED-TRACE 1281 416 P 32 60d6b852
SCHED-TRACE 1282 417 I 32 40adf
SCHED-TRACE 1283 417 B 32 b2
SCHED-TRACE 1284 417 P 32 61759999
SCHED-TRACE 1285 417 R 32 61759999
SCHED-TRACE 1286 418 U 4 40b57
SCHED-TRACE 1287 418 V 4 40b7e
SCHED-TRACE 1288 418 O 0 0
SCHED-TRACE 1289 418 P 32 6188c8b4
SCHED-TRACE 1290 419 K 32 6188c8b4
SCHED-TRACE 1291 419 P 32 619c6a7f
SCHED-TRACE 1292 420 I 32 40ff4
SCHED-TRACE 1293 420 B 32 b3
SCHED-TRACE 1294 420 P 32 623b5c29
SCHED-TRACE 1295 420 R 32 623b5c29
SCHED-TRACE 1296 421 U 4 4106c
SCHED-TRACE 1297 421 V 4 41092
SCHED-TRACE 1298 421 O 0 0
SCHED-TRACE 1299 421 P 32 624e51eb
SCHED-TRACE 1300 422 K 32 624e51eb
SCHED-TRACE 1301 422 P 32 6261df3b
SCHED-TRACE 1302 423 I 32 41508
SCHED-TRACE 1303 423 B 32 b3
SCHED-TRACE 1304 423 P 32 6300e560
SCHED-TRACE 1305 423 R 32 6300e560
SCHED-TRACE 1306 424 U 4 41580
SCHED-TRACE 1307 424 V 4 415a6
SCHED-TRACE 1308 424 O 0 0
SCHED-TRACE 1309 424 P 32 63140831
SCHED-TRACE 1310 425 K 32 63140831
SCHED-TRACE 1311 425 P 32 63279db2
SCHED-TRACE 1312 426 I 32 41a1d
SCHED-TRACE 1313 426 B 32 b0
SCHED-TRACE 1314 426 P 32 63c69ba6
SCHED-TRACE 1315 426 R 32 63c69ba6
SCHED-TRACE 1316 427 U 4 41a95
SCHED-TRACE 1317 427 V 4 41abb
SCHED-TRACE 1318 427 O 0 0
SCHED-TRACE 1319 427 P 32 63d9c28f
SCHED-TRACE 1320 428 K 32 63d9c28f
SCHED-TRACE 1321 428 P 32 63ed6872
SCHED-TRACE 1322 429 I 32 41f32
SCHED-TRACE 1323 429 B 32 b3
SCHED-TRACE 1324 429 P 32 648c5e35
SCHED-TRACE 1325 429 R 32 648c5e35
SCHED-TRACE 1326 430 U 4 41faa
SCHED-TRACE 1327 430 V 4 41fd2
SCHED-TRACE 1328 430 O 0 0
SCHED-TRACE 1329 430 P 32 649fae14
SCHED-TRACE 1330 431 K 32 649fae14
SCHED-TRACE 1331 431 P 32 64b33333
SCHED-TRACE 1332 432 I 32 42448
SCHED-TRACE 1333 432 B 32 b3
SCHED-TRACE 1334 432 P 32 65523127
SCHED-TRACE 1335 432 R 32 65523127
SCHED-TRACE 1336 433 U 4 424c0
SCHED-TRACE 1337 433 V 4 424e6
SCHED-TRACE 1338 433 O 0 0
SCHED-TRACE 1339 433 P 32 65654fdf
SCHED-TRACE 1340 434 K 32 65654fdf
SCHED-TRACE 1341 434 P 32 6578ed91
SCHED-TRACE 1342 435 I 32 4295c
SCHED-TRACE 1343 435 B 32 b3
SCHED-TRACE 1344 435 P 32 6617d2f1
SCHED-TRACE 1345 435 R 32 6617d2f1
SCHED-TRACE 1346 436 U 4 429d4
SCHED-TRACE 1347 436 V 4 429fb
SCHED-TRACE 1348 436 O 0 0
SCHED-TRACE 1349 436 P 32 662b1a9f
SCHED-TRACE 1350 437 K 32 662b1a9f
SCHED-TRACE 1351 437 P 32 663eb852
SCHED-TRACE 1352 438 I 32 42e71
SCHED-TRACE 1353 438 B 32 b2
SCHED-TRACE 1354 438 P 32 66dd9db2
SCHED-TRACE 1355 438 R 32 66dd9db2
SCHED-TRACE 1356 439 U 4 42ee9
SCHED-TRACE 1357 439 V 4 42f10
SCHED-TRACE 1358 439 O 0 0
SCHED-TRACE 1359 439 P 32 66f0dd2f
SCHED-TRACE 1360 440 K 32 66f0dd2f
SCHED-TRACE 1361 440 P 32 670476c8
SCHED-TRACE 1362 441 I 32 43387
SCHED-TRACE 1363 441 B 32 af
SCHED-TRACE 1364 441 P 32 67a36872
SCHED-TRACE 1365 441 R 32 67a36872
SCHED-TRACE 1366 442 U 4 433ff
SCHED-TRACE 1367 442 V 4 43425
SCHED-TRACE 1368 442 O 0 0
SCHED-TRACE 1369 442 P 32 67b68f5c
SCHED-TRACE 1370 443 K 32 67b68f5c
SCHED-TRACE 1371 443 P 32 67ca3127
SCHED-TRACE 1372 444 I 32 4389c
SCHED-TRACE 1373 444 B 32 b3
SCHED-TRACE 1374 444 P 32 68693333
SCHED-TRACE 1375 444 R 32 68693333
SCHED-TRACE 1376 445 U 4 43914
SCHED-TRACE 1377 445 V 4 4393a
SCHED-TRACE 1378 445 O 0 0
SCHED-TRACE 1379 445 P 32 687c51eb
SCHED-TRACE 1380 446 K 32 687c51eb
SCHED-TRACE 1381 446 P 32 688ff3b6
SCHED-TRACE 1382 447 I 32 43db0
SCHED-TRACE 1383 447 B 32 b3
SCHED-TRACE 1384 447 P 32 692ee147
SCHED-TRACE 1385 447 R 32 692ee147
SCHED-TRACE 1386 448 U 4 43e29
SCHED-TRACE 1387 448 V 4 43e50
SCHED-TRACE 1388 448 O 0 0
SCHED-TRACE 1389 448 P 32 694228f6
SCHED-TRACE 1390 449 K 32 694228f6
SCHED-TRACE 1391 449 P 32 6955d2f1
SCHED-TRACE 1392 450 I 32 442c7
SCHED-TRACE 1393 450 B 32 b3
SCHED-TRACE 1394 450 P 32 69f4d4fe
SCHED-TRACE 1395 450 R 32 69f4d4fe
SCHED-TRACE 1396 451 U 4 4433f
SCHED-TRACE 1397 451 V 4 44366
SCHED-TRACE 1398 451 O 0 0
SCHED-TRACE 1399 451 P 32 6a080831
SCHED-TRACE 1400 452 K 32 6a080831
SCHED-TRACE 1401 452 P 32 6a1bae14
SCHED-TRACE 1402 453 I 32 447dc
SCHED-TRACE 1403 453 B 32 b2
SCHED-TRACE 1404 453 P 32 6aba8f5c
SCHED-TRACE 1405 453 R 32 6aba8f5c
SCHED-TRACE 1406 454 U 4 44854
SCHED-TRACE 1407 454 V 4 4487b
SCHED-TRACE 1408 454 O 0 0
SCHED-TRACE 1409 454 P 32 6acd9999
SCHED-TRACE 1410 455 K 32 6acd9999
SCHED-TRACE 1411 455 P 32 6ae122d1
SCHED-TRACE 1412 456 I 32 44cf0
SCHED-TRACE 1413 456 B 32 b1
SCHED-TRACE 1414 456 P 32 6b80147b
SCHED-TRACE 1415 456 R 32 6b80147b
SCHED-TRACE 1416 457 U 4 44d68
SCHED-TRACE 1417 457 V 4 44d8e
SCHED-TRACE 1418 457 O 0 0
SCHED-TRACE 1419 457 P 32 6b932f1a
SCHED-TRACE 1420 458 K 32 6b932f1a
SCHED-TRACE 1421 458 P 32 6ba6d916
SCHED-TRACE 1422 459 I 32 45205
SCHED-TRACE 1423 459 B 32 b4
SCHED-TRACE 1424 459 P 32 6c45db23
SCHED-TRACE 1425 459 R 32 6c45db23
SCHED-TRACE 1426 460 U 4 4527d
SCHED-TRACE 1427 460 V 4 452a4
SCHED-TRACE 1428 460 O 0 0
SCHED-TRACE 1429 460 P 32 6c59126e
SCHED-TRACE 1430 461 K 32 6c59126e
SCHED-TRACE 1431 461 P 32 6c6cb852
SCHED-TRACE 1432 462 I 32 4571b
SCHED-TRACE 1433 462 B 32 b4
SCHED-TRACE 1434 462 P 32 6d0bba5e
SCHED-TRACE 1435 462 R 32 6d0bba5e
SCHED-TRACE 1436 463 U 4 45793
SCHED-TRACE 1437 463 V 4 457bb
SCHED-TRACE 1438 463 O 0 0
SCHED-TRACE 1439 463 P 32 6d1f0625
SCHED-TRACE 1440 464 K 32 6d1f0625
SCHED-TRACE 1441 464 P 32 6d329fbe
SCHED-TRACE 1442 465 I 32 45c31
SCHED-TRACE 1443 465 B 32 b4
SCHED-TRACE 1444 465 P 32 6dd19999
SCHED-TRACE 1445 465 R 32 6dd19999
SCHED-TRACE 1446 466 U 4 45ca9
SCHED-TRACE 1447 466 V 4 45cd0
SCHED-TRACE 1448 466 O 0 0
SCHED-TRACE 1449 466 P 32 6de4cccd
SCHED-TRACE 1450 467 K 32 6de4cccd
SCHED-TRACE 1451 467 P 32 6df86a7f
SCHED-TRACE 1452 468 I 32 46146
SCHED-TRACE 1453 468 B 32 b2
SCHED-TRACE 1454 468 P 32 6e974fdf
SCHED-TRACE 1455 468 R 32 6e974fdf
SCHED-TRACE 1456 469 U 4 461bd
SCHED-TRACE 1457 469 V 4 461e4
SCHED-TRACE 1458 469 O 0 0
SCHED-TRACE 1459 469 P 32 6eaa9374
SCHED-TRACE 1460 470 K 32 6eaa9374
SCHED-TRACE 1461 470 P 32 6ebe3d70
SCHED-TRACE 1462 471 I 32 4665b
SCHED-TRACE 1463 471 B 32 b5
SCHED-TRACE 1464 471 P 32 6f5d374c
SCHED-TRACE 1465 471 R 32 6f5d374c
SCHED-TRACE 1466 472 U 4 466d3
SCHED-TRACE 1467 472 V 4 466fa
SCHED-TRACE 1468 472 O 0 0
SCHED-TRACE 1469 472 P 32 6f70624e
SCHED-TRACE 1470 473 K 32 6f70624e
SCHED-TRACE 1471 473 P 32 6f840c49
SCHED-TRACE 1472 474 I 32 46b71
SCHED-TRACE 1473 474 B 32 b3
SCHED-TRACE 1474 474 P 32 70230e56
SCHED-TRACE 1475 474 R 32 70230e56
SCHED-TRACE 1476 475 U 4 46be9
SCHED-TRACE 1477 475 V 4 46c11
SCHED-TRACE 1478 475 O 0 0
SCHED-TRACE 1479 475 P 32 70365a1c
SCHED-TRACE 1480 476 K 32 70365a1c
SCHED-TRACE 1481 476 P 32 7049f7cf
SCHED-TRACE 1482 477 I 32 47087
SCHED-TRACE 1483 477 B 32 b3
SCHED-TRACE 1484 477 P 32 70e8ed91
SCHED-TRACE 1485 477 R 32 70e8ed91
SCHED-TRACE 1486 478 U 4 470fe
SCHED-TRACE 1487 478 V 4 47125
SCHED-TRACE 1488 478 O 0 0
SCHED-TRACE 1489 478 P 32 70fbf7cf
SCHED-TRACE 1490 479 K 32 70fbf7cf
SCHED-TRACE 1491 479 P 32 710f9999
SCHED-TRACE 1492 480 I 32 4759a
SCHED-TRACE 1493 480 B 32 b3
SCHED-TRACE 1494 480 P 32 71ae7ae1
SCHED-TRACE 1495 480 R 32 71ae7ae1
SCHED-TRACE 1496 481 U 4 47612
SCHED-TRACE 1497 481 V 4 47639
SCHED-TRACE 1498 481 O 0 0
SCHED-TRACE 1499 481 P 32 71c1c28f
SCHED-TRACE 1500 482 K 32 71c1c28f
SCHED-TRACE 1501 482 P 32 71d56872
SCHED-TRACE 1502 483 I 32 47ab0
SCHED-TRACE 1503 483 B 32 b2
SCHED-TRACE 1504 483 P 32 727451eb
SCHED-TRACE 1505 483 R 32 727451eb
SCHED-TRACE 1506 484 U 4 47b28
SCHED-TRACE 1507 484 V 4 47b4f
SCHED-TRACE 1508 484 O 0 0
SCHED-TRACE 1509 484 P 32 72879581
SCHED-TRACE 1510 485 K 32 72879581
SCHED-TRACE 1511 485 P 32 729b47ae
SCHED-TRACE 1512 486 I 32 47fc6
SCHED-TRACE 1513 486 B 32 b4
SCHED-TRACE 1514 486 P 32 733a3127
SCHED-TRACE 1515 486 R 32 733a3127
SCHED-TRACE 1516 487 U 4 4803f
SCHED-TRACE 1517 487 V 4 48064
SCHED-TRACE 1518 487 O 0 0
SCHED-TRACE 1519 487 P 32 734d020c
SCHED-TRACE 1520 488 K 32 734d020c
SCHED-TRACE 1521 488 P 32 73607ae1
SCHED-TRACE 1522 489 I 32 484d9
SCHED-TRACE 1523 489 B 32 b3
SCHED-TRACE 1524 489 P 32 73ff8937
SCHED-TRACE 1525 489 R 32 73ff8937
SCHED-TRACE 1526 490 U 4 48551
SCHED-TRACE 1527 490 V 4 48577
SCHED-TRACE 1528 490 O 0 0
SCHED-TRACE 1529 490 P 32 7412ac08
SCHED-TRACE 1530 491 K 32 7412ac08
SCHED-TRACE 1531 491 P 32 74265604
SCHED-TRACE 1532 492 I 32 489ee
SCHED-TRACE 1533 492 B 32 b4
SCHED-TRACE 1534 492 P 32 74c55810
SCHED-TRACE 1535 492 R 32 74c55810
SCHED-TRACE 1536 493 U 4 48a66
SCHED-TRACE 1537 493 V 4 48a8d
SCHED-TRACE 1538 493 O 0 0
SCHED-TRACE 1539 493 P 32 74d88b43
SCHED-TRACE 1540 494 K 32 74d88b43
SCHED-TRACE 1541 494 P 32 74ec3127
SCHED-TRACE 1542 495 I 32 48f04
SCHED-TRACE 1543 495 B 32 b4
SCHED-TRACE 1544 495 P 32 758b3333
SCHED-TRACE 1545 495 R 32 758b3333
SCHED-TRACE 1546 496 U 4 48f7c
SCHED-TRACE 1547 496 V 4 48fa4
SCHED-TRACE 1548 496 O 0 0
SCHED-TRACE 1549 496 P 32 759e76c8
SCHED-TRACE 1550 497 K 32 759e76c8
SCHED-TRACE 1551 497 P 32 75b20000
SCHED-TRACE 1552 498 I 32 4941a
SCHED-TRACE 1553 498 B 32 b2
SCHED-TRACE 1554 498 P 32 7650fdf3
SCHED-TRACE 1555 498 R 32 7650fdf3
SCHED-TRACE 1556 499 U 4 49492
SCHED-TRACE 1557 499 V 4 494b8
SCHED-TRACE 1558 499 O 0 0
SCHED-TRACE 1559 499 P 32 766424dd
SCHED-TRACE 1560 500 K 32 766424dd
SCHED-TRACE 1561 500 P 32 7677c6a8
SCHED-TRACE 1562 501 I 32 4992f
SCHED-TRACE 1563 501 B 32 b4
SCHED-TRACE 1564 501 P 32 7716c8b4
SCHED-TRACE 1565 501 R 32 7716c8b4
SCHED-TRACE 1566 502 U 4 499a7
SCHED-TRACE 1567 502 V 4 499ce
SCHED-TRACE 1568 502 O 0 0
SCHED-TRACE 1569 502 P 32 772a0418
SCHED-TRACE 1570 503 K 32 772a0418
SCHED-TRACE 1571 503 P 32 773da9fc
SCHED-TRACE 1572 504 I 32 49e44
SCHED-TRACE 1573 504 B 32 b3
SCHED-TRACE 1574 504 P 32 77dc9374
SCHED-TRACE 1575 504 R 32 77dc9374
SCHED-TRACE 1576 505 U 4 49ebc
SCHED-TRACE 1577 505 V 4 49ee4
SCHED-TRACE 1578 505 O 0 0
SCHED-TRACE 1579 505 P 32 77efd70a
SCHED-TRACE 1580 506 K 32 77efd70a
SCHED-TRACE 1581 506 P 32 78038106
SCHED-TRACE 1582 507 I 32 4a35a
SCHED-TRACE 1583 507 B 32 b3
SCHED-TRACE 1584 507 P 32 78a26666
SCHED-TRACE 1585 507 R 32 78a26666
SCHED-TRACE 1586 508 U 4 4a3d2
SCHED-TRACE 1587 508 V 4 4a3fa
SCHED-TRACE 1588 508 O 0 0
SCHED-TRACE 1589 508 P 32 78b5b22d
SCHED-TRACE 1590 509 K 32 78b5b22d
SCHED-TRACE 1591 509 P 32 78c953f8
SCHED-TRACE 1592 510 I 32 4a870
SCHED-TRACE 1593 510 B 32 b4
SCHED-TRACE 1594 510 P 32 79684dd3
SCHED-TRACE 1595 510 R 32 79684dd3
SCHED-TRACE 1596 511 U 4 4a8e8
SCHED-TRACE 1597 511 V 4 4a90e
SCHED-TRACE 1598 511 O 0 0
SCHED-TRACE 1599 511 P 32 797b6c8b
SCHED-TRACE 1600 512 K 32 797b6c8b
SCHED-TRACE 1601 512 P 32 798f020c
SCHED-TRACE 1602 513 I 32 4ad84
SCHED-TRACE 1603 513 B 32 b3
SCHED-TRACE 1604 513 P 32 7a2def9d
SCHED-TRACE 1605 513 R 32 7a2def9d
SCHED-TRACE 1606 514 U 4 4adfc
SCHED-TRACE 1607 514 V 4 4ae23
SCHED-TRACE 1608 514 O 0 0
SCHED-TRACE 1609 514 P 32 7a41374c
SCHED-TRACE 1610 515 K 32 7a41374c
SCHED-TRACE 1611 515 P 32 7a54e560
SCHED-TRACE 1612 516 I 32 4b29a
SCHED-TRACE 1613 516 B 32 b5
SCHED-TRACE 1614 516 P 32 7af3d70a
SCHED-TRACE 1615 516 R 32 7af3d70a
SCHED-TRACE 1616 517 U 4 4b312
SCHED-TRACE 1617 517 V 4 4b33a
SCHED-TRACE 1618 517 O 0 0
SCHED-TRACE 1619 517 P 32 7b071a9f
SCHED-TRACE 1620 518 K 32 7b071a9f
SCHED-TRACE 1621 518 P 32 7b1ac8b4
SCHED-TRACE 1622 519 I 32 4b7b0
SCHED-TRACE 1623 519 B 32 b3
SCHED-TRACE 1624 519 P 32 7bb9a9fc
SCHED-TRACE 1625 519 R 32 7bb9a9fc
SCHED-TRACE 1626 520 U 4 4b829
SCHED-TRACE 1627 520 V 4 4b84f
SCHED-TRACE 1628 520 O 0 0
SCHED-TRACE 1629 520 P 32 7bccd0e5
SCHED-TRACE 1630 521 K 32 7bccd0e5
SCHED-TRACE 1631 521 P 32 7be06e97
SCHED-TRACE 1632 522 I 32 4bcc5
SCHED-TRACE 1633 522 B 32 b4
SCHED-TRACE 1634 522 P 32 7c7f5810
SCHED-TRACE 1635 522 R 32 7c7f5810
SCHED-TRACE 1636 523 U 4 4bd3d
SCHED-TRACE 1637 523 V 4 4bd64
SCHED-TRACE 1638 523 O 0 0
SCHED-TRACE 1639 523 P 32 7c92978d
SCHED-TRACE 1640 524 K 32 7c92978d
SCHED-TRACE 1641 524 P 32 7ca64dd3
SCHED-TRACE 1642 525 I 32 4c1db
SCHED-TRACE 1643 525 B 32 b4
SCHED-TRACE 1644 525 P 32 7d453b64
SCHED-TRACE 1645 525 R 32 7d453b64
SCHED-TRACE 1646 526 U 4 4c254
SCHED-TRACE 1647 526 V 4 4c27b
SCHED-TRACE 1648 526 O 0 0
SCHED-TRACE 1649 526 P 32 7d5876c8
SCHED-TRACE 1650 527 K 32 7d5876c8
SCHED-TRACE 1651 527 P 32 7d6c1893
SCHED-TRACE 1652 528 I 32 4c6f1
SCHED-TRACE 1653 528 B 32 b3
SCHED-TRACE 1654 528 P 32 7e0b0e56
SCHED-TRACE 1655 528 R 32 7e0b0e56
SCHED-TRACE 1656 529 U 4 4c769
SCHED-TRACE 1657 529 V 4 4c790
SCHED-TRACE 1658 529 O 0 0
SCHED-TRACE 1659 529 P 32 7e1e4dd3
SCHED-TRACE 1660 530 K 32 7e1e4dd3
SCHED-TRACE 1661 530 P 32 7e31fbe7
SCHED-TRACE 1662 531 I 32 4cc07
SCHED-TRACE 1663 531 B 32 b5
SCHED-TRACE 1664 531 P 32 7ed0ed91
SCHED-TRACE 1665 531 R 32 7ed0ed91
SCHED-TRACE 1666 532 U 4 4cc7f
SCHED-TRACE 1667 532 V 4 4cca6
SCHED-TRACE 1668 532 O 0 0
SCHED-TRACE 1669 532 P 32 7ee428f6
SCHED-TRACE 1670 533 K 32 7ee428f6
SCHED-TRACE 1671 533 P 32 7ef7c6a8
SCHED-TRACE 1672 534 I 32 4d11d
SCHED-TRACE 1673 534 B 32 b2
SCHED-TRACE 1674 534 P 32 7f96c8b4
SCHED-TRACE 1675 534 R 32 7f96c8b4
SCHED-TRACE 1676 535 U 4 4d194
SCHED-TRACE 1677 535 V 4 4d1bb
SCHED-TRACE 1678 535 O 0 0
SCHED-TRACE 1679 535 P 32 7fa9eb85
SCHED-TRACE 1680 536 K 32 7fa9eb85
SCHED-TRACE 1681 536 P 32 7fbd9168
SCHED-TRACE 1682 537 I 32 4d631
SCHED-TRACE 1683 537 B 32 b3
SCHED-TRACE 1684 537 P 32 805c76c8
SCHED-TRACE 1685 537 R 32 805c76c8
SCHED-TRACE 1686 538 U 4 4d6aa
SCHED-TRACE 1687 538 V 4 4d6d1
SCHED-TRACE 1688 538 O 0 0
SCHED-TRACE 1689 538 P 32 806fbe77
SCHED-TRACE 1690 539 K 32 806fbe77
SCHED-TRACE 1691 539 P 32 80836041
SCHED-TRACE 1692 540 I 32 4db47
SCHED-TRACE 1693 540 B 32 b0
SCHED-TRACE 1694 540 P 32 81224189
SCHED-TRACE 1695 540 R 32 81224189
SCHED-TRACE 1696 541 U 4 4dbbf
SCHED-TRACE 1697 541 V 4 4dbe7
SCHED-TRACE 1698 541 O 0 0
SCHED-TRACE 1699 541 P 32 8135a5e3
SCHED-TRACE 1700 542 K 32 8135a5e3
SCHED-TRACE 1701 542 P 32 81494395
SCHED-TRACE 1702 543 I 32 4e05e
SCHED-TRACE 1703 543 B 32 b1
SCHED-TRACE 1704 543 P 32 81e845a2
SCHED-TRACE 1705 543 R 32 81e845a2
SCHED-TRACE 1706 544 U 4 4e0d5
SCHED-TRACE 1707 544 V 4 4e0fb
SCHED-TRACE 1708 544 O 0 0
SCHED-TRACE 1709 544 P 32 81fb3f7d
SCHED-TRACE 1710 545 K 32 81fb3f7d
SCHED-TRACE 1711 545 P 32 820ecccd
SCHED-TRACE 1712 546 I 32 4e570
SCHED-TRACE 1713 546 B 32 b4
SCHED-TRACE 1714 546 P 32 82adbe77
SCHED-TRACE 1715 546 R 32 82adbe77
SCHED-TRACE 1716 547 U 4 4e5e8
SCHED-TRACE 1717 547 V 4 4e610
SCHED-TRACE 1718 547 O 0 0
SCHED-TRACE 1719 547 P 32 82c1126e
SCHED-TRACE 1720 548 K 32 82c1126e
SCHED-TRACE 1721 548 P 32 82d4b852
SCHED-TRACE 1722 549 I 32 4ea86
SCHED-TRACE 1723 549 B 32 b3
SCHED-TRACE 1724 549 P 32 83739db2
SCHED-TRACE 1725 549 R 32 83739db2
SCHED-TRACE 1726 550 U 4 4eafe
SCHED-TRACE 1727 550 V 4 4eb26
SCHED-TRACE 1728 550 O 0 0
SCHED-TRACE 1729 550 P 32 8386e560
SCHED-TRACE 1730 551 K 32 8386e560
SCHED-TRACE 1731 551 P 32 839a978d
SCHED-TRACE 1732 552 I 32 4ef9c
SCHED-TRACE 1733 552 B 32 b4
SCHED-TRACE 1734 552 P 32 84397ced
SCHED-TRACE 1735 552 R 32 84397ced
SCHED-TRACE 1736 553 U 4 4f014
SCHED-TRACE 1737 553 V 4 4f03b
SCHED-TRACE 1738 553 O 0 0
SCHED-TRACE 1739 553 P 32 844c8f5c
SCHED-TRACE 1740 554 K 32 844c8f5c
SCHED-TRACE 1741 554 P 32 84601cac
SCHED-TRACE 1742 555 I 32 4f4b1
SCHED-TRACE 1743 555 B 32 b1
SCHED-TRACE 1744 555 P 32 84ff1eb8
SCHED-TRACE 1745 555 R 32 84ff1eb8
SCHED-TRACE 1746 556 U 4 4f529
SCHED-TRACE 1747 556 V 4 4f550
SCHED-TRACE 1748 556 O 0 0
SCHED-TRACE 1749 556 P 32 851251eb
SCHED-TRACE 1750 557 K 32 851251eb
SCHED-TRACE 1751 557 P 32 8525f7cf
SCHED-TRACE 1752 558 I 32 4f9c6
SCHED-TRACE 1753 558 B 32 b2
SCHED-TRACE 1754 558 P 32 85c4dd2f
SCHED-TRACE 1755 558 R 32 85c4dd2f
SCHED-TRACE 1756 559 U 4 4fa3f
SCHED-TRACE 1757 559 V 4 4fa66
SCHED-TRACE 1758 559 O 0 0
SCHED-TRACE 1759 559 P 32 85d82d0e
SCHED-TRACE 1760 560 K 32 85d82d0e
SCHED-TRACE 1761 560 P 32 85ebdf3b
SCHED-TRACE 1762 561 I 32 4fedd
SCHED-TRACE 1763 561 B 32 b4
SCHED-TRACE 1764 561 P 32 868ad916
SCHED-TRACE 1765 561 R 32 868ad916
SCHED-TRACE 1766 562 U 4 4ff56
SCHED-TRACE 1767 562 V 4 4ff7d
SCHED-TRACE 1768 562 O 0 0
SCHED-TRACE 1769 562 P 32 869e3958
SCHED-TRACE 1770 563 K 32 869e3958
SCHED-TRACE 1771 563 P 32 86b1ced9
SCHED-TRACE 1772 564 I 32 503f4
SCHED-TRACE 1773 564 B 32 b2
SCHED-TRACE 1774 564 P 32 8750c8b4
SCHED-TRACE 1775 564 R 32 8750c8b4
SCHED-TRACE 1776 565 U 4 5046c
SCHED-TRACE 1777 565 V 4 50493
SCHED-TRACE 1778 565 O 0 0
SCHED-TRACE 1779 565 P 32 8763e354
SCHED-TRACE 1780 566 K 32 8763e354
SCHED-TRACE 1781 566 P 32 87778106
SCHED-TRACE 1782 567 I 32 50909
SCHED-TRACE 1783 567 B 32 b3
SCHED-TRACE 1784 567 P 32 88167ae1
SCHED-TRACE 1785 567 R 32 88167ae1
SCHED-TRACE 1786 568 U 4 50980
SCHED-TRACE 1787 568 V 4 509a7
SCHED-TRACE 1788 568 O 0 0
SCHED-TRACE 1789 568 P 32 88299168
SCHED-TRACE 1790 569 K 32 88299168
SCHED-TRACE 1791 569 P 32 883d2f1a
SCHED-TRACE 1792 570 I 32 50e1d
SCHED-TRACE 1793 570 B 32 b1
SCHED-TRACE 1794 570 P 32 88dc1893
SCHED-TRACE 1795 570 R 32 88dc1893
SCHED-TRACE 1796 571 U 4 50e95
SCHED-TRACE 1797 571 V 4 50ebc
SCHED-TRACE 1798 571 O 0 0
SCHED-TRACE 1799 571 P 32 88ef53f8
SCHED-TRACE 1800 572 K 32 88ef53f8
SCHED-TRACE 1801 572 P 32 8902fdf3
SCHED-TRACE 1802 573 I 32 51333
SCHED-TRACE 1803 573 B 32 b4
SCHED-TRACE 1804 573 P 32 89a20831
SCHED-TRACE 1805 573 R 32 89a20831
SCHED-TRACE 1806 574 U 4 513ab
SCHED-TRACE 1807 574 V 4 513d2
SCHED-TRACE 1808 574 O 0 0
SCHED-TRACE 1809 574 P 32 89b547ae
SCHED-TRACE 1810 575 K 32 89b547ae
SCHED-TRACE 1811 575 P 32 89c8ed91
SCHED-TRACE 1812 576 I 32 51849
SCHED-TRACE 1813 576 B 32 b4
SCHED-TRACE 1814 576 P 32 8a67e354
SCHED-TRACE 1815 576 R 32 8a67e354
SCHED-TRACE 1816 577 U 4 518c1
SCHED-TRACE 1817 577 V 4 518e7
SCHED-TRACE 1818 577 O 0 0
SCHED-TRACE 1819 577 P 32 8a7b0625
SCHED-TRACE 1820 578 K 32 8a7b0625
SCHED-TRACE 1821 578 P 32 8a8e9ba6
SCHED-TRACE 1822 579 I 32 51d5d
SCHED-TRACE 1823 579 B 32 b3
SCHED-TRACE 1824 579 P 32 8b2d8937
SCHED-TRACE 1825 579 R 32 8b2d8937
SCHED-TRACE 1826 580 U 4 51dd5
SCHED-TRACE 1827 580 V 4 51dfd
SCHED-TRACE 1828 580 O 0 0
SCHED-TRACE 1829 580 P 32 8b40dd2f
SCHED-TRACE 1830 581 K 32 8b40dd2f
SCHED-TRACE 1831 581 P 32 8b548b43
SCHED-TRACE 1832 582 I 32 52273
SCHED-TRACE 1833 582 B 32 b4
SCHED-TRACE 1834 582 P 32 8bf374bc
SCHED-TRACE 1835 582 R 32 8bf374bc
SCHED-TRACE 1836 583 U 4 522eb
SCHED-TRACE 1837 583 V 4 52312
SCHED-TRACE 1838 583 O 0 0
SCHED-TRACE 1839 583 P 32 8c06ac08
SCHED-TRACE 1840 584 K 32 8c06ac08
SCHED-TRACE 1841 584 P 32 8c1a49ba
SCHED-TRACE 1842 585 I 32 52789
SCHED-TRACE 1843 585 B 32 b2
SCHED-TRACE 1844 585 P 32 8cb947ae
SCHED-TRACE 1845 585 R 32 8cb947ae
SCHED-TRACE 1846 586 U 4 52801
SCHED-TRACE 1847 586 V 4 52828
SCHED-TRACE 1848 586 O 0 0
SCHED-TRACE 1849 586 P 32 8ccc624e
SCHED-TRACE 1850 587 K 32 8ccc624e
SCHED-TRACE 1851 587 P 32 8cdffbe7
SCHED-TRACE 1852 588 I 32 52c9e
SCHED-TRACE 1853 588 B 32 b4
SCHED-TRACE 1854 588 P 32 8d7f0625
SCHED-TRACE 1855 588 R 32 8d7f0625
SCHED-TRACE 1856 589 U 4 52d16
SCHED-TRACE 1857 589 V 4 52d3d
SCHED-TRACE 1858 589 O 0 0
SCHED-TRACE 1859 589 P 32 8d923d70
SCHED-TRACE 1860 590 K 32 8d923d70
SCHED-TRACE 1861 590 P 32 8da5eb85
SCHED-TRACE 1862 591 I 32 531b3
SCHED-TRACE 1863 591 B 32 b5
SCHED-TRACE 1864 591 P 32 8e44cccd
SCHED-TRACE 1865 591 R 32 8e44cccd
SCHED-TRACE 1866 592 U 4 5322c
SCHED-TRACE 1867 592 V 4 53253
SCHED-TRACE 1868 592 O 0 0
SCHED-TRACE 1869 592 P 32 8e581062
SCHED-TRACE 1870 593 K 32 8e581062
SCHED-TRACE 1871 593 P 32 8e6bb645
SCHED-TRACE 1872 594 I 32 536ca
SCHED-TRACE 1873 594 B 32 b2
SCHED-TRACE 1874 594 P 32 8f0ab852
SCHED-TRACE 1875 594 R 32 8f0ab852
SCHED-TRACE 1876 595 U 4 53742
SCHED-TRACE 1877 595 V 4 5376a
SCHED-TRACE 1878 595 O 0 0
SCHED-TRACE 1879 595 P 32 8f1dfbe7
SCHED-TRACE 1880 596 K 32 8f1dfbe7
SCHED-TRACE 1881 596 P 32 8f31ae14
SCHED-TRACE 1882 597 I 32 53be0
SCHED-TRACE 1883 597 B 32 b3
SCHED-TRACE 1884 597 P 32 8fd08b43
SCHED-TRACE 1885 597 R 32 8fd08b43
SCHED-TRACE 1886 598 U 4 53c59
SCHED-TRACE 1887 598 V 4 53c80
SCHED-TRACE 1888 598 O 0 0
SCHED-TRACE 1889 598 P 32 8fe3cac0
SCHED-TRACE 1890 599 K 32 8fe3cac0
SCHED-TRACE 1891 599 P 32 8ff76872
SCHED-TRACE 1892 600 I 32 540f6
SCHED-TRACE 1893 600 B 32 b1
SCHED-TRACE 1894 600 P 32 90965604
SCHED-TRACE 1895 600 R 32 90965604
SCHED-TRACE 1896 601 U 4 5416c
SCHED-TRACE 1897 601 V 4 54192
SCHED-TRACE 1898 601 O 0 0
SCHED-TRACE 1899 601 P 32 90a9374c
SCHED-TRACE 1900 602 K 32 90a9374c
SCHED-TRACE 1901 602 P 32 90bce147
SCHED-TRACE 1902 603 I 32 54608
SCHED-TRACE 1903 603 B 32 b4
SCHED-TRACE 1904 603 P 32 915bd2f1
SCHED-TRACE 1905 603 R 32 915bd2f1
SCHED-TRACE 1906 604 U 4 54680
SCHED-TRACE 1907 604 V 4 546a8
SCHED-TRACE 1908 604 O 0 0
SCHED-TRACE 1909 604 P 32 916f1687
SCHED-TRACE 1910 605 K 32 916f1687
SCHED-TRACE 1911 605 P 32 9182bc6a
SCHED-TRACE 1912 606 I 32 54b1e
SCHED-TRACE 1913 606 B 32 b3
SCHED-TRACE 1914 606 P 32 9221ae14
SCHED-TRACE 1915 606 R 32 9221ae14
SCHED-TRACE 1916 607 U 4 54b96
SCHED-TRACE 1917 607 V 4 54bbe
SCHED-TRACE 1918 607 O 0 0
SCHED-TRACE 1919 607 P 32 9234f5c2
SCHED-TRACE 1920 608 K 32 9234f5c2
SCHED-TRACE 1921 608 P 32 9248978d
SCHED-TRACE 1922 609 I 32 55034
SCHED-TRACE 1923 609 B 32 b3
SCHED-TRACE 1924 609 P 32 92e78106
SCHED-TRACE 1925 609 R 32 92e78106
SCHED-TRACE 1926 610 U 4 550ab
SCHED-TRACE 1927 610 V 4 550d2
SCHED-TRACE 1928 610 O 0 0
SCHED-TRACE 1929 610 P 32 92fa8b43
SCHED-TRACE 1930 611 K 32 92fa8b43
SCHED-TRACE 1931 611 P 32 930e20c4
SCHED-TRACE 1932 612 I 32 55547
SCHED-TRACE 1933 612 B 32 b4
SCHED-TRACE 1934 612 P 32 93ad0e56
SCHED-TRACE 1935 612 R 32 93ad0e56
SCHED-TRACE 1936 613 U 4 555bf
SCHED-TRACE 1937 613 V 4 555e7
SCHED-TRACE 1938 613 O 0 0
SCHED-TRACE 1939 613 P 32 93c06666
SCHED-TRACE 1940 614 K 32 93c06666
SCHED-TRACE 1941 614 P 32 93d40831
SCHED-TRACE 1942 615 I 32 55a5e
SCHED-TRACE 1943 615 B 32 b1
SCHED-TRACE 1944 615 P 32 94730e56
SCHED-TRACE 1945 615 R 32 94730e56
SCHED-TRACE 1946 616 U 4 55ad6
SCHED-TRACE 1947 616 V 4 55afd
SCHED-TRACE 1948 616 O 0 0
SCHED-TRACE 1949 616 P 32 94864dd3
SCHED-TRACE 1950 617 K 32 94864dd3
SCHED-TRACE 1951 617 P 32 9499fbe7
SCHED-TRACE 1952 618 I 32 55f74
SCHED-TRACE 1953 618 B 32 b4
SCHED-TRACE 1954 618 P 32 9538ed91
SCHED-TRACE 1955 618 R 32 9538ed91
SCHED-TRACE 1956 619 U 4 55fed
SCHED-TRACE 1957 619 V 4 56014
SCHED-TRACE 1958 619 O 0 0
SCHED-TRACE 1959 619 P 32 954c3127
SCHED-TRACE 1960 620 K 32 954c3127
SCHED-TRACE 1961 620 P 32 955fc28f
SCHED-TRACE 1962 621 I 32 5648a
SCHED-TRACE 1963 621 B 32 b4
SCHED-TRACE 1964 621 P 32 95fecccd
SCHED-TRACE 1965 621 R 32 95fecccd
SCHED-TRACE 1966 622 U 4 56502
SCHED-TRACE 1967 622 V 4 56529
SCHED-TRACE 1968 622 O 0 0
SCHED-TRACE 1969 622 P 32 9611fbe7
SCHED-TRACE 1970 623 K 32 9611fbe7
SCHED-TRACE 1971 623 P 32 9625a1ca
SCHED-TRACE 1972 624 I 32 5699f
SCHED-TRACE 1973 624 B 32 b3
SCHED-TRACE 1974 624 P 32 96c4872b
SCHED-TRACE 1975 624 R 32 96c4872b
SCHED-TRACE 1976 625 U 4 56a17
SCHED-TRACE 1977 625 V 4 56a3e
SCHED-TRACE 1978 625 O 0 0
SCHED-TRACE 1979 625 P 32 96d7ced9
SCHED-TRACE 1980 626 K 32 96d7ced9
SCHED-TRACE 1981 626 P 32 96eb7ced
SCHED-TRACE 1982 627 I 32 56eb5
SCHED-TRACE 1983 627 B 32 b4
SCHED-TRACE 1984 627 P 32 978a7ae1
SCHED-TRACE 1985 627 R 32 978a7ae1
SCHED-TRACE 1986 628 U 4 56f2e
SCHED-TRACE 1987 628 V 4 56f55
SCHED-TRACE 1988 628 O 0 0
SCHED-TRACE 1989 628 P 32 979dd2f1
SCHED-TRACE 1990 629 K 32 979dd2f1
SCHED-TRACE 1991 629 P 32 97b18106
SCHED-TRACE 1992 630 I 32 573cc
SCHED-TRACE 1993 630 B 32 b2
SCHED-TRACE 1994 630 P 32 98506e97
SCHED-TRACE 1995 630 R 32 98506e97
SCHED-TRACE 1996 631 U 4 57445
SCHED-TRACE 1997 631 V 4 5746b
SCHED-TRACE 1998 631 O 0 0
SCHED-TRACE 1999 631 P 32 98639db2
SCHED-TRACE 2000 632 K 32 98639db2
SCHED-TRACE 2001 632 P 32 987747ae
SCHED-TRACE 2002 633 I 32 578e2
SCHED-TRACE 2003 633 B 32 b4
SCHED-TRACE 2004 633 P 32 99163d70
SCHED-TRACE 2005 633 R 32 99163d70
SCHED-TRACE 2006 634 U 4 5795a
SCHED-TRACE 2007 634 V 4 57981
SCHED-TRACE 2008 634 O 0 0
SCHED-TRACE 2009 634 P 32 992970a4
SCHED-TRACE 2010 635 K 32 992970a4
SCHED-TRACE 2011 635 P 32 993d22d1
SCHED-TRACE 2012 636 I 32 57df7
SCHED-TRACE 2013 636 B 32 b4
SCHED-TRACE 2014 636 P 32 99dc0831
SCHED-TRACE 2015 636 R 32 99dc0831
SCHED-TRACE 2016 637 U 4 57e70
SCHED-TRACE 2017 637 V 4 57e98
SCHED-TRACE 2018 637 O 0 0
SCHED-TRACE 2019 637 P 32 99ef6041
SCHED-TRACE 2020 638 K 32 99ef6041
SCHED-TRACE 2021 638 P 32 9a031687
SCHED-TRACE 2022 639 I 32 5830e
SCHED-TRACE 2023 639 B 32 b4
SCHED-TRACE 2024 639 P 32 9aa1ef9d
SCHED-TRACE 2025 639 R 32 9aa1ef9d
SCHED-TRACE 2026 640 U 4 58386
SCHED-TRACE 2027 640 V 4 583ad
SCHED-TRACE 2028 640 O 0 0
SCHED-TRACE 2029 640 P 32 9ab52f1a
SCHED-TRACE 2030 641 K 32 9ab52f1a
SCHED-TRACE 2031 641 P 32 9ac8d0e5
SCHED-TRACE 2032 642 I 32 58824
SCHED-TRACE 2033 642 B 32 b4
SCHED-TRACE 2034 642 P 32 9b67cac0
SCHED-TRACE 2035 642 R 32 9b67cac0
SCHED-TRACE 2036 643 U 4 5889c
SCHED-TRACE 2037 643 V 4 588c2
SCHED-TRACE 2038 643 O 0 0
SCHED-TRACE 2039 643 P 32 9b7aed91
SCHED-TRACE 2040 644 K 32 9b7aed91
SCHED-TRACE 2041 644 P 32 9b8e8312
SCHED-TRACE 2042 645 I 32 58d38
SCHED-TRACE 2043 645 B 32 b2
SCHED-TRACE 2044 645 P 32 9c2d6c8b
SCHED-TRACE 2045 645 R 32 9c2d6c8b
SCHED-TRACE 2046 646 U 4 58db0
SCHED-TRACE 2047 646 V 4 58dd7
SCHED-TRACE 2048 646 O 0 0
SCHED-TRACE 2049 646 P 32 9c40b439
SCHED-TRACE 2050 647 K 32 9c40b439
SCHED-TRACE 2051 647 P 32 9c546666
SCHED-TRACE 2052 648 I 32 5924e
SCHED-TRACE 2053 648 B 32 b4
SCHED-TRACE 2054 648 P 32 9cf35810
SCHED-TRACE 2055 648 R 32 9cf35810
SCHED-TRACE 2056 649 U 4 592c6
SCHED-TRACE 2057 649 V 4 592ee
SCHED-TRACE 2058 649 O 0 0
SCHED-TRACE 2059 649 P 32 9d06a3d7
SCHED-TRACE 2060 650 K 32 9d06a3d7
SCHED-TRACE 2061 650 P 32 9d1a4dd3
SCHED-TRACE 2062 651 I 32 59764
SCHED-TRACE 2063 651 B 32 b4
SCHED-TRACE 2064 651 P 32 9db9374c
SCHED-TRACE 2065 651 R 32 9db9374c
SCHED-TRACE 2066 652 U 4 597dd
SCHED-TRACE 2067 652 V 4 59804
SCHED-TRACE 2068 652 O 0 0
SCHED-TRACE 2069 652 P 32 9dcc8b43
SCHED-TRACE 2070 653 K 32 9dcc8b43
SCHED-TRACE 2071 653 P 32 9de024dd
SCHED-TRACE 2072 654 I 32 59c7a
SCHED-TRACE 2073 654 B 32 b3
SCHED-TRACE 2074 654 P 32 9e7f0e56
SCHED-TRACE 2075 654 R 32 9e7f0e56
SCHED-TRACE 2076 655 U 4 59cf2
SCHED-TRACE 2077 655 V 4 59d19
SCHED-TRACE 2078 655 O 0 0
SCHED-TRACE 2079 655 P 32 9e9249ba
SCHED-TRACE 2080 656 K 32 9e9249ba
SCHED-TRACE 2081 656 P 32 9ea5e76c
SCHED-TRACE 2082 657 I 32 5a190
SCHED-TRACE 2083 657 B 32 b2
SCHED-TRACE 2084 657 P 32 9f44ed91
SCHED-TRACE 2085 657 R 32 9f44ed91
SCHED-TRACE 2086 658 U 4 5a207
SCHED-TRACE 2087 658 V 4 5a22e
SCHED-TRACE 2088 658 O 0 0
SCHED-TRACE 2089 658 P 32 9f5828f6
SCHED-TRACE 2090 659 K 32 9f5828f6
SCHED-TRACE 2091 659 P 32 9f6bc6a8
SCHED-TRACE 2092 660 I 32 5a6a5
SCHED-TRACE 2093 660 B 32 b1
SCHED-TRACE 2094 660 P 32 a00ac8b4
SCHED-TRACE 2095 660 R 32 a00ac8b4
SCHED-TRACE 2096 661 U 4 5a71d
SCHED-TRACE 2097 661 V 4 5a744
SCHED-TRACE 2098 661 O 0 0
SCHED-TRACE 2099 661 P 32 a01e0831
SCHED-TRACE 2100 662 K 32 a01e0831
SCHED-TRACE 2101 662 P 32 a031ba5e
SCHED-TRACE 2102 663 I 32 5abbb
SCHED-TRACE 2103 663 B 32 b4
SCHED-TRACE 2104 663 P 32 a0d0ac08
SCHED-TRACE 2105 663 R 32 a0d0ac08
SCHED-TRACE 2106 664 U 4 5ac34
SCHED-TRACE 2107 664 V 4 5ac5b
SCHED-TRACE 2108 664 O 0 0
SCHED-TRACE 2109 664 P 32 a0e3eb85
SCHED-TRACE 2110 665 K 32 a0e3eb85
SCHED-TRACE 2111 665 P 32 a0f79168
SCHED-TRACE 2112 666 I 32 5b0d1
SCHED-TRACE 2113 666 B 32 b3
SCHED-TRACE 2114 666 P 32 a19672b0
SCHED-TRACE 2115 666 R 32 a19672b0
SCHED-TRACE 2116 667 U 4 5b148
SCHED-TRACE 2117 667 V 4 5b16f
SCHED-TRACE 2118 667 O 0 0
SCHED-TRACE 2119 667 P 32 a1a9851e
SCHED-TRACE 2120 668 K 32 a1a9851e
SCHED-TRACE 2121 668 P 32 a1bd374c
SCHED-TRACE 2122 669 I 32 5b5e5
SCHED-TRACE 2123 669 B 32 b4
SCHED-TRACE 2124 669 P 32 a25c24dd
SCHED-TRACE 2125 669 R 32 a25c24dd
SCHED-TRACE 2126 670 U 4 5b65e
SCHED-TRACE 2127 670 V 4 5b685
SCHED-TRACE 2128 670 O 0 0
SCHED-TRACE 2129 670 P 32 a26f78d5
SCHED-TRACE 2130 671 K 32 a26f78d5
SCHED-TRACE 2131 671 P 32 a28322d1
SCHED-TRACE 2132 672 I 32 5bafc
SCHED-TRACE 2133 672 B 32 b2
SCHED-TRACE 2134 672 P 32 a3220c49
SCHED-TRACE 2135 672 R 32 a3220c49
SCHED-TRACE 2136 673 U 4 5bb75
SCHED-TRACE 2137 673 V 4 5bb9c
SCHED-TRACE 2138 673 O 0 0
SCHED-TRACE 2139 673 P 32 a3355c29
SCHED-TRACE 2140 674 K 32 a3355c29
SCHED-TRACE 2141 674 P 32 a349020c
SCHED-TRACE 2142 675 I 32 5c013
SCHED-TRACE 2143 675 B 32 b1
SCHED-TRACE 2144 675 P 32 a3e80000
SCHED-TRACE 2145 675 R 32 a3e80000
SCHED-TRACE 2146 676 U 4 5c08a
SCHED-TRACE 2147 676 V 4 5c0af
SCHED-TRACE 2148 676 O 0 0
SCHED-TRACE 2149 676 P 32 a3fae560
SCHED-TRACE 2150 677 K 32 a3fae560
SCHED-TRACE 2151 677 P 32 a40e72b0
SCHED-TRACE 2152 678 I 32 5c525
SCHED-TRACE 2153 678 B 32 b5
SCHED-TRACE 2154 678 P 32 a4ad851e
SCHED-TRACE 2155 678 R 32 a4ad851e
SCHED-TRACE 2156 679 U 4 5c59d
SCHED-TRACE 2157 679 V 4 5c5c4
SCHED-TRACE 2158 679 O 0 0
SCHED-TRACE 2159 679 P 32 a4c0c8b4
SCHED-TRACE 2160 680 K 32 a4c0c8b4
SCHED-TRACE 2161 680 P 32 a4d472b0
SCHED-TRACE 2162 681 I 32 5ca3b
SCHED-TRACE 2163 681 B 32 b4
SCHED-TRACE 2164 681 P 32 a5736041
SCHED-TRACE 2165 681 R 32 a5736041
SCHED-TRACE 2166 682 U 4 5cab3
SCHED-TRACE 2167 682 V 4 5cadb
SCHED-TRACE 2168 682 O 0 0
SCHED-TRACE 2169 682 P 32 a586a7ef
SCHED-TRACE 2170 683 K 32 a586a7ef
SCHED-TRACE 2171 683 P 32 a59a51eb
SCHED-TRACE 2172 684 I 32 5cf51
SCHED-TRACE 2173 684 B 32 b4
SCHED-TRACE 2174 684 P 32 a639374c
SCHED-TRACE 2175 684 R 32 a639374c
SCHED-TRACE 2176 685 U 4 5cfca
SCHED-TRACE 2177 685 V 4 5cff2
SCHED-TRACE 2178 685 O 0 0
SCHED-TRACE 2179 685 P 32 a64ca3d7
SCHED-TRACE 2180 686 K 32 a64ca3d7
SCHED-TRACE 2181 686 P 32 a660353f
SCHED-TRACE 2182 687 I 32 5d468
SCHED-TRACE 2183 687 B 32 b2
SCHED-TRACE 2184 687 P 32 a6ff374c
SCHED-TRACE 2185 687 R 32 a6ff374c
SCHED-TRACE 2186 688 U 4 5d4e0
SCHED-TRACE 2187 688 V 4 5d507
SCHED-TRACE 2188 688 O 0 0
SCHED-TRACE 2189 688 P 32 a7126e97
SCHED-TRACE 2190 689 K 32 a7126e97
SCHED-TRACE 2191 689 P 32 a7261893
SCHED-TRACE 2192 690 I 32 5d97d
SCHED-TRACE 2193 690 B 32 b5
SCHED-TRACE 2194 690 P 32 a7c5020c
SCHED-TRACE 2195 690 R 32 a7c5020c
SCHED-TRACE 2196 691 U 4 5d9f5
SCHED-TRACE 2197 691 V 4 5da1d
SCHED-TRACE 2198 691 O 0 0
SCHED-TRACE 2199 691 P 32 a7d85e35
SCHED-TRACE 2200 692 K 32 a7d85e35
SCHED-TRACE 2201 692 P 32 a7ec1062
SCHED-TRACE 2202 693 I 32 5de94
SCHED-TRACE 2203 693 B 32 b5
SCHED-TRACE 2204 693 P 32 a88b126e
SCHED-TRACE 2205 693 R 32 a88b126e
SCHED-TRACE 2206 694 U 4 5df0d
SCHED-TRACE 2207 694 V 4 5df35
SCHED-TRACE 2208 694 O 0 0
SCHED-TRACE 2209 694 P 32 a89e6e97
SCHED-TRACE 2210 695 K 32 a89e6e97
SCHED-TRACE 2211 695 P 32 a8b224dd
SCHED-TRACE 2212 696 I 32 5e3ab
SCHED-TRACE 2213 696 B 32 b4
SCHED-TRACE 2214 696 P 32 a951020c
SCHED-TRACE 2215 696 R 32 a951020c
SCHED-TRACE 2216 697 U 4 5e424
SCHED-TRACE 2217 697 V 4 5e44b
SCHED-TRACE 2218 697 O 0 0
SCHED-TRACE 2219 697 P 32 a9643958
SCHED-TRACE 2220 698 K 32 a9643958
SCHED-TRACE 2221 698 P 32 a977e354
SCHED-TRACE 2222 699 I 32 5e8c1
SCHED-TRACE 2223 699 B 32 b4
SCHED-TRACE 2224 699 P 32 aa16cccd
SCHED-TRACE 2225 699 R 32 aa16cccd
SCHED-TRACE 2226 700 U 4 5e939
SCHED-TRACE 2227 700 V 4 5e960
SCHED-TRACE 2228 700 O 0 0
SCHED-TRACE 2229 700 P 32 aa29fbe7
SCHED-TRACE 2230 701 K 32 aa29fbe7
SCHED-TRACE 2231 701 P 32 aa3da9fc
SCHED-TRACE 2232 702 I 32 5edd6
SCHED-TRACE 2233 702 B 32 b2
SCHED-TRACE 2234 702 P 32 aadc8b43
SCHED-TRACE 2235 702 R 32 aadc8b43
SCHED-TRACE 2236 703 U 4 5ee4f
SCHED-TRACE 2237 703 V 4 5ee76
SCHED-TRACE 2238 703 O 0 0
SCHED-TRACE 2239 703 P 32 aaefe354
SCHED-TRACE 2240 704 K 32 aaefe354
SCHED-TRACE 2241 704 P 32 ab039999
SCHED-TRACE 2242 705 I 32 5f2ed
SCHED-TRACE 2243 705 B 32 b5
SCHED-TRACE 2244 705 P 32 aba27ae1
SCHED-TRACE 2245 705 R 32 aba27ae1
SCHED-TRACE 2246 706 U 4 5f366
SCHED-TRACE 2247 706 V 4 5f38d
SCHED-TRACE 2248 706 O 0 0
SCHED-TRACE 2249 706 P 32 abb5ced9
SCHED-TRACE 2250 707 K 32 abb5ced9
SCHED-TRACE 2251 707 P 32 abc98106
SCHED-TRACE 2252 708 I 32 5f804
SCHED-TRACE 2253 708 B 32 b3
SCHED-TRACE 2254 708 P 32 ac68624e
SCHED-TRACE 2255 708 R 32 ac68624e
SCHED-TRACE 2256 709 U 4 5f87c
SCHED-TRACE 2257 709 V 4 5f8a3
SCHED-TRACE 2258 709 O 0 0
SCHED-TRACE 2259 709 P 32 ac7b9999
SCHED-TRACE 2260 710 K 32 ac7b9999
SCHED-TRACE 2261 710 P 32 ac8f3f7d
SCHED-TRACE 2262 711 I 32 5fd1a
SCHED-TRACE 2263 711 B 32 b4
SCHED-TRACE 2264 711 P 32 ad2e45a2
SCHED-TRACE 2265 711 R 32 ad2e45a2
SCHED-TRACE 2266 712 U 4 5fd93
SCHED-TRACE 2267 712 V 4 5fdba
SCHED-TRACE 2268 712 O 0 0
SCHED-TRACE 2269 712 P 32 ad41a1ca
SCHED-TRACE 2270 713 K 32 ad41a1ca
SCHED-TRACE 2271 713 P 32 ad555810
SCHED-TRACE 2272 714 I 32 60231
SCHED-TRACE 2273 714 B 32 b4
SCHED-TRACE 2274 714 P 32 adf43958
SCHED-TRACE 2275 714 R 32 adf43958
SCHED-TRACE 2276 715 U 4 602a9
SCHED-TRACE 2277 715 V 4 602d0
SCHED-TRACE 2278 715 O 0 0
SCHED-TRACE 2279 715 P 32 ae076872
SCHED-TRACE 2280 716 K 32 ae076872
SCHED-TRACE 2281 716 P 32 ae1b0625
SCHED-TRACE 2282 717 I 32 60746
SCHED-TRACE 2283 717 B 32 b2
SCHED-TRACE 2284 717 P 32 aeb9ef9d
SCHED-TRACE 2285 717 R 32 aeb9ef9d
SCHED-TRACE 2286 718 U 4 607be
SCHED-TRACE 2287 718 V 4 607e5
SCHED-TRACE 2288 718 O 0 0
SCHED-TRACE 2289 718 P 32 aecd3f7d
SCHED-TRACE 2290 719 K 32 aecd3f7d
SCHED-TRACE 2291 719 P 32 aee0d916
SCHED-TRACE 2292 720 I 32 60c5c
SCHED-TRACE 2293 720 B 32 b4
SCHED-TRACE 2294 720 P 32 af7fe76c
SCHED-TRACE 2295 720 R 32 af7fe76c
SCHED-TRACE 2296 721 U 4 60cd4
SCHED-TRACE 2297 721 V 4 60cfb
SCHED-TRACE 2298 721 O 0 0
SCHED-TRACE 2299 721 P 32 af93126e
SCHED-TRACE 2300 722 K 32 af93126e
SCHED-TRACE 2301 722 P 32 afa6b439
SCHED-TRACE 2302 723 I 32 61171
SCHED-TRACE 2303 723 B 32 b4
SCHED-TRACE 2304 723 P 32 b045a9fc
SCHED-TRACE 2305 723 R 32 b045a9fc
SCHED-TRACE 2306 724 U 4 611e8
SCHED-TRACE 2307 724 V 4 61210
SCHED-TRACE 2308 724 O 0 0
SCHED-TRACE 2309 724 P 32 b058e979
SCHED-TRACE 2310 725 K 32 b058e979
SCHED-TRACE 2311 725 P 32 b06c8f5c
SCHED-TRACE 2312 726 I 32 61686
SCHED-TRACE 2313 726 B 32 b4
SCHED-TRACE 2314 726 P 32 b10b8937
SCHED-TRACE 2315 726 R 32 b10b8937
SCHED-TRACE 2316 727 U 4 616fe
SCHED-TRACE 2317 727 V 4 61726
SCHED-TRACE 2318 727 O 0 0
SCHED-TRACE 2319 727 P 32 b11ecccd
SCHED-TRACE 2320 728 K 32 b11ecccd
SCHED-TRACE 2321 728 P 32 b1327ae1
SCHED-TRACE 2322 729 I 32 61b9c
SCHED-TRACE 2323 729 B 32 b4
SCHED-TRACE 2324 729 P 32 b1d16872
SCHED-TRACE 2325 729 R 32 b1d16872
SCHED-TRACE 2326 730 U 4 61c14
SCHED-TRACE 2327 730 V 4 61c3b
SCHED-TRACE 2328 730 O 0 0
SCHED-TRACE 2329 730 P 32 b1e49ba6
SCHED-TRACE 2330 731 K 32 b1e49ba6
SCHED-TRACE 2331 731 P 32 b1f83958
SCHED-TRACE 2332 732 I 32 620b2
SCHED-TRACE 2333 732 B 32 b2
SCHED-TRACE 2334 732 P 32 b2973f7d
SCHED-TRACE 2335 732 R 32 b2973f7d
SCHED-TRACE 2336 733 U 4 62129
SCHED-TRACE 2337 733 V 4 6214f
SCHED-TRACE 2338 733 O 0 0
SCHED-TRACE 2339 733 P 32 b2aa3127
SCHED-TRACE 2340 734 K 32 b2aa3127
SCHED-TRACE 2341 734 P 32 b2bdd2f1
SCHED-TRACE 2342 735 I 32 625c4
SCHED-TRACE 2343 735 B 32 b5
SCHED-TRACE 2344 735 P 32 b35cc083
SCHED-TRACE 2345 735 R 32 b35cc083
SCHED-TRACE 2346 736 U 4 6263d
SCHED-TRACE 2347 736 V 4 62664
SCHED-TRACE 2348 736 O 0 0
SCHED-TRACE 2349 736 P 32 b3700831
SCHED-TRACE 2350 737 K 32 b3700831
SCHED-TRACE 2351 737 P 32 b383b22d
SCHED-TRACE 2352 738 I 32 62adb
SCHED-TRACE 2353 738 B 32 b4
SCHED-TRACE 2354 738 P 32 b422b852
SCHED-TRACE 2355 738 R 32 b422b852
SCHED-TRACE 2356 739 U 4 62b53
SCHED-TRACE 2357 739 V 4 62b7a
SCHED-TRACE 2358 739 O 0 0
SCHED-TRACE 2359 739 P 32 b435f7cf
SCHED-TRACE 2360 740 K 32 b435f7cf
SCHED-TRACE 2361 740 P 32 b449a9fc
SCHED-TRACE 2362 741 I 32 62ff1
SCHED-TRACE 2363 741 B 32 b5
SCHED-TRACE 2364 741 P 32 b4e8978d
SCHED-TRACE 2365 741 R 32 b4e8978d
SCHED-TRACE 2366 742 U 4 6306a
SCHED-TRACE 2367 742 V 4 63090
SCHED-TRACE 2368 742 O 0 0
SCHED-TRACE 2369 742 P 32 b4fba5e3
SCHED-TRACE 2370 743 K 32 b4fba5e3
SCHED-TRACE 2371 743 P 32 b50f3b64
SCHED-TRACE 2372 744 I 32 63506
SCHED-TRACE 2373 744 B 32 b4
SCHED-TRACE 2374 744 P 32 b5ae4189
SCHED-TRACE 2375 744 R 32 b5ae4189
SCHED-TRACE 2376 745 U 4 6357e
SCHED-TRACE 2377 745 V 4 635a5
SCHED-TRACE 2378 745 O 0 0
SCHED-TRACE 2379 745 P 32 b5c174bc
SCHED-TRACE 2380 746 K 32 b5c174bc
SCHED-TRACE 2381 746 P 32 b5d51a9f
SCHED-TRACE 2382 747 I 32 63a1c
SCHED-TRACE 2383 747 B 32 b2
SCHED-TRACE 2384 747 P 32 b6741893
SCHED-TRACE 2385 747 R 32 b6741893
SCHED-TRACE 2386 748 U 4 63a94
SCHED-TRACE 2387 748 V 4 63abc
SCHED-TRACE 2388 748 O 0 0
SCHED-TRACE 2389 748 P 32 b6876041
SCHED-TRACE 2390 749 K 32 b6876041
SCHED-TRACE 2391 749 P 32 b69b126e
SCHED-TRACE 2392 750 I 32 63f32
SCHED-TRACE 2393 750 B 32 b5
SCHED-TRACE 2394 750 P 32 b739f7cf
SCHED-TRACE 2395 750 R 32 b739f7cf
SCHED-TRACE 2396 751 U 4 63fab
SCHED-TRACE 2397 751 V 4 63fd3
SCHED-TRACE 2398 751 O 0 0
SCHED-TRACE 2399 751 P 32 b74d5810
SCHED-TRACE 2400 752 K 32 b74d5810
SCHED-TRACE 2401 752 P 32 b760dd2f
SCHED-TRACE 2402 753 I 32 64449
SCHED-TRACE 2403 753 B 32 b4
SCHED-TRACE 2404 753 P 32 b7ffe76c
SCHED-TRACE 2405 753 R 32 b7ffe76c
SCHED-TRACE 2406 754 U 4 644c1
SCHED-TRACE 2407 754 V 4 644e8
SCHED-TRACE 2408 754 O 0 0
SCHED-TRACE 2409 754 P 32 b813126e
SCHED-TRACE 2410 755 K 32 b813126e
SCHED-TRACE 2411 755 P 32 b826b439
SCHED-TRACE 2412 756 I 32 6495e
SCHED-TRACE 2413 756 B 32 b5
SCHED-TRACE 2414 756 P 32 b8c5b22d
SCHED-TRACE 2415 756 R 32 b8c5b22d
SCHED-TRACE 2416 757 U 4 649d6
SCHED-TRACE 2417 757 V 4 649fe
SCHED-TRACE 2418 757 O 0 0
SCHED-TRACE 2419 757 P 32 b8d90a3d
SCHED-TRACE 2420 758 K 32 b8d90a3d
SCHED-TRACE 2421 758 P 32 b8eca7ef
SCHED-TRACE 2422 759 I 32 64e74
SCHED-TRACE 2423 759 B 32 b1
SCHED-TRACE 2424 759 P 32 b98b9581
SCHED-TRACE 2425 759 R 32 b98b9581
SCHED-TRACE 2426 760 U 4 64eec
SCHED-TRACE 2427 760 V 4 64f14
SCHED-TRACE 2428 760 O 0 0
SCHED-TRACE 2429 760 P 32 b99ee147
SCHED-TRACE 2430 761 K 32 b99ee147
SCHED-TRACE 2431 761 P 32 b9b28b43
SCHED-TRACE 2432 762 I 32 6538a
SCHED-TRACE 2433 762 B 32 b3
SCHED-TRACE 2434 762 P 32 ba5170a4
SCHED-TRACE 2435 762 R 32 ba5170a4
SCHED-TRACE 2436 763 U 4 65402
SCHED-TRACE 2437 763 V 4 65429
SCHED-TRACE 2438 763 O 0 0
SCHED-TRACE 2439 763 P 32 ba64ac08
SCHED-TRACE 2440 764 K 32 ba64ac08
SCHED-TRACE 2441 764 P 32 ba785604
SCHED-TRACE 2442 765 I 32 658a0
SCHED-TRACE 2443 765 B 32 b5
SCHED-TRACE 2444 765 P 32 bb176041
SCHED-TRACE 2445 765 R 32 bb176041
SCHED-TRACE 2446 766 U 4 65918
SCHED-TRACE 2447 766 V 4 6593f
SCHED-TRACE 2448 766 O 0 0
SCHED-TRACE 2449 766 P 32 bb2a872b
SCHED-TRACE 2450 767 K 32 bb2a872b
SCHED-TRACE 2451 767 P 32 bb3e3127
SCHED-TRACE 2452 768 I 32 65db5
SCHED-TRACE 2453 768 B 32 b4
SCHED-TRACE 2454 768 P 32 bbdd1eb8
SCHED-TRACE 2455 768 R 32 bbdd1eb8
SCHED-TRACE 2456 769 U 4 65e2e
SCHED-TRACE 2457 769 V 4 65e55
SCHED-TRACE 2458 769 O 0 0
SCHED-TRACE 2459 769 P 32 bbf076c8
SCHED-TRACE 2460 770 K 32 bbf076c8
SCHED-TRACE 2461 770 P 32 bc0428f6
SCHED-TRACE 2462 771 I 32 662cc
SCHED-TRACE 2463 771 B 32 b5
SCHED-TRACE 2464 771 P 32 bca3126e
SCHED-TRACE 2465 771 R 32 bca3126e
SCHED-TRACE 2466 772 U 4 66344
SCHED-TRACE 2467 772 V 4 6636c
SCHED-TRACE 2468 772 O 0 0
SCHED-TRACE 2469 772 P 32 bcb65a1c
SCHED-TRACE 2470 773 K 32 bcb65a1c
SCHED-TRACE 2471 773 P 32 bcc9eb85
SCHED-TRACE 2472 774 I 32 667e2
SCHED-TRACE 2473 774 B 32 ac
SCHED-TRACE 2474 774 P 32 bd68c8b4
SCHED-TRACE 2475 774 R 32 bd68c8b4
SCHED-TRACE 2476 775 U 4 6685a
SCHED-TRACE 2477 775 V 4 66880
SCHED-TRACE 2478 775 O 0 0
SCHED-TRACE 2479 775 P 32 bd7bcac0
SCHED-TRACE 2480 776 K 32 bd7bcac0
SCHED-TRACE 2481 776 P 32 bd8f6041
SCHED-TRACE 2482 777 I 32 66cf6
SCHED-TRACE 2483 777 B 32 b2
SCHED-TRACE 2484 777 P 32 be2e5e35
SCHED-TRACE 2485 777 R 32 be2e5e35
SCHED-TRACE 2486 778 U 4 66d6e
SCHED-TRACE 2487 778 V 4 66d95
SCHED-TRACE 2488 778 O 0 0
SCHED-TRACE 2489 778 P 32 be419168
SCHED-TRACE 2490 779 K 32 be419168
SCHED-TRACE 2491 779 P 32 be554395
SCHED-TRACE 2492 780 I 32 6720c
SCHED-TRACE 2493 780 B 32 b4
SCHED-TRACE 2494 780 P 32 bef445a2
SCHED-TRACE 2495 780 R 32 bef445a2
SCHED-TRACE 2496 781 U 4 67285
SCHED-TRACE 2497 781 V 4 672ac
SCHED-TRACE 2498 781 O 0 0
SCHED-TRACE 2499 781 P 32 bf078d50
SCHED-TRACE 2500 782 K 32 bf078d50
SCHED-TRACE 2501 782 P 32 bf1b3333
SCHED-TRACE 2502 783 I 32 67723
SCHED-TRACE 2503 783 B 32 b2
SCHED-TRACE 2504 783 P 32 bfba353f
SCHED-TRACE 2505 783 R 32 bfba353f
SCHED-TRACE 2506 784 U 4 6779c
SCHED-TRACE 2507 784 V 4 677c3
SCHED-TRACE 2508 784 O 0 0
SCHED-TRACE 2509 784 P 32 bfcd8d50
SCHED-TRACE 2510 785 K 32 bfcd8d50
SCHED-TRACE 2511 785 P 32 bfe12f1a
SCHED-TRACE 2512 786 I 32 67c3a
SCHED-TRACE 2513 786 B 32 b4
SCHED-TRACE 2514 786 P 32 c0802d0e
SCHED-TRACE 2515 786 R 32 c0802d0e
SCHED-TRACE 2516 787 U 4 67cb2
SCHED-TRACE 2517 787 V 4 67cda
SCHED-TRACE 2518 787 O 0 0
SCHED-TRACE 2519 787 P 32 c09374bc
SCHED-TRACE 2520 788 K 32 c09374bc
SCHED-TRACE 2521 788 P 32 c0a7126e
SCHED-TRACE 2522 789 I 32 68150
SCHED-TRACE 2523 789 B 32 b0
SCHED-TRACE 2524 789 P 32 c145fbe7
SCHED-TRACE 2525 789 R 32 c145fbe7
SCHED-TRACE 2526 790 U 4 681c6
SCHED-TRACE 2527 790 V 4 681ed
SCHED-TRACE 2528 790 O 0 0
SCHED-TRACE 2529 790 P 32 c159374c
SCHED-TRACE 2530 791 K 32 c159374c
SCHED-TRACE 2531 791 P 32 c16cdd2f
SCHED-TRACE 2532 792 I 32 68664
SCHED-TRACE 2533 792 B 32 b4
SCHED-TRACE 2534 792 P 32 c20bdb23
SCHED-TRACE 2535 792 R 32 c20bdb23
SCHED-TRACE 2536 793 U 4 686dc
SCHED-TRACE 2537 793 V 4 68703
SCHED-TRACE 2538 793 O 0 0
SCHED-TRACE 2539 793 P 32 c21f1687
SCHED-TRACE 2540 794 K 32 c21f1687
SCHED-TRACE 2541 794 P 32 c232c49b
SCHED-TRACE 2542 795 I 32 68b7a
SCHED-TRACE 2543 795 B 32 b5
SCHED-TRACE 2544 795 P 32 c2d1ba5e
SCHED-TRACE 2545 795 R 32 c2d1ba5e
SCHED-TRACE 2546 796 U 4 68bf3
SCHED-TRACE 2547 796 V 4 68c1a
SCHED-TRACE 2548 796 O 0 0
SCHED-TRACE 2549 796 P 32 c2e50625
SCHED-TRACE 2550 797 K 32 c2e50625
SCHED-TRACE 2551 797 P 32 c2f8a3d7
SCHED-TRACE 2552 798 I 32 69090
SCHED-TRACE 2553 798 B 32 b3
SCHED-TRACE 2554 798 P 32 c3979581
SCHED-TRACE 2555 798 R 32 c3979581
SCHED-TRACE 2556 799 U 4 69107
SCHED-TRACE 2557 799 V 4 6912e
SCHED-TRACE 2558 799 O 0 0
SCHED-TRACE 2559 799 P 32 c3aa9fbe
SCHED-TRACE 2560 800 K 32 c3aa9fbe
SCHED-TRACE 2561 800 P 32 c3be4189
SCHED-TRACE 2562 801 I 32 695a3
SCHED-TRACE 2563 801 B 32 b4
SCHED-TRACE 2564 801 P 32 c45d22d1
SCHED-TRACE 2565 801 R 32 c45d22d1
SCHED-TRACE 2566 802 U 4 6961b
SCHED-TRACE 2567 802 V 4 69643
SCHED-TRACE 2568 802 O 0 0
SCHED-TRACE 2569 802 P 32 c4706e97
SCHED-TRACE 2570 803 K 32 c4706e97
SCHED-TRACE 2571 803 P 32 c4840c49
SCHED-TRACE 2572 804 I 32 69ab9
SCHED-TRACE 2573 804 B 32 b0
SCHED-TRACE 2574 804 P 32 c522f1aa
SCHED-TRACE 2575 804 R 32 c522f1aa
SCHED-TRACE 2576 805 U 4 69b31
SCHED-TRACE 2577 805 V 4 69b58
SCHED-TRACE 2578 805 O 0 0
SCHED-TRACE 2579 805 P 32 c5362d0e
SCHED-TRACE 2580 806 K 32 c5362d0e
SCHED-TRACE 2581 806 P 32 c549e354
SCHED-TRACE 2582 807 I 32 69fcf
SCHED-TRACE 2583 807 B 32 b4
SCHED-TRACE 2584 807 P 32 c5e8e147
SCHED-TRACE 2585 807 R 32 c5e8e147
SCHED-TRACE 2586 808 U 4 6a048
SCHED-TRACE 2587 808 V 4 6a06e
SCHED-TRACE 2588 808 O 0 0
SCHED-TRACE 2589 808 P 32 c5fbdb23
SCHED-TRACE 2590 809 K 32 c5fbdb23
SCHED-TRACE 2591 809 P 32 c60f6872
SCHED-TRACE 2592 810 I 32 6a4e3
SCHED-TRACE 2593 810 B 32 b4
SCHED-TRACE 2594 810 P 32 c6ae5e35
SCHED-TRACE 2595 810 R 32 c6ae5e35
SCHED-TRACE 2596 811 U 4 6a55b
SCHED-TRACE 2597 811 V 4 6a582
SCHED-TRACE 2598 811 O 0 0
SCHED-TRACE 2599 811 P 32 c6c19168
SCHED-TRACE 2600 812 K 32 c6c19168
SCHED-TRACE 2601 812 P 32 c6d53f7d
SCHED-TRACE 2602 813 I 32 6a9f9
SCHED-TRACE 2603 813 B 32 b3
SCHED-TRACE 2604 813 P 32 c7744189
SCHED-TRACE 2605 813 R 32 c7744189
SCHED-TRACE 2606 814 U 4 6aa72
SCHED-TRACE 2607 814 V 4 6aa99
SCHED-TRACE 2608 814 O 0 0
SCHED-TRACE 2609 814 P 32 c7878937
SCHED-TRACE 2610 815 K 32 c7878937
SCHED-TRACE 2611 815 P 32 c79b374c
SCHED-TRACE 2612 816 I 32 6af10
SCHED-TRACE 2613 816 B 32 b4
SCHED-TRACE 2614 816 P 32 c83a3d70
SCHED-TRACE 2615 816 R 32 c83a3d70
SCHED-TRACE 2616 817 U 4 6af89
SCHED-TRACE 2617 817 V 4 6afb0
SCHED-TRACE 2618 817 O 0 0
SCHED-TRACE 2619 817 P 32 c84d9581
SCHED-TRACE 2620 818 K 32 c84d9581
SCHED-TRACE 2621 818 P 32 c8611eb8
SCHED-TRACE 2622 819 I 32 6b427
SCHED-TRACE 2623 819 B 32 b0
SCHED-TRACE 2624 819 P 32 c90020c4
SCHED-TRACE 2625 819 R 32 c90020c4
SCHED-TRACE 2626 820 U 4 6b49f
SCHED-TRACE 2627 820 V 4 6b4c6
SCHED-TRACE 2628 820 O 0 0
SCHED-TRACE 2629 820 P 32 c91353f8
SCHED-TRACE 2630 821 K 32 c91353f8
SCHED-TRACE 2631 821 P 32 c926fdf3
SCHED-TRACE 2632 822 I 32 6b93c
SCHED-TRACE 2633 822 B 32 b4
SCHED-TRACE 2634 822 P 32 c9c5ef9d
SCHED-TRACE 2635 822 R 32 c9c5ef9d
SCHED-TRACE 2636 823 U 4 6b9b4
SCHED-TRACE 2637 823 V 4 6b9dc
SCHED-TRACE 2638 823 O 0 0
SCHED-TRACE 2639 823 P 32 c9d94fdf
SCHED-TRACE 2640 824 K 32 c9d94fdf
SCHED-TRACE 2641 824 P 32 c9ecfdf3
SCHED-TRACE 2642 825 I 32 6be53
SCHED-TRACE 2643 825 B 32 b3
SCHED-TRACE 2644 825 P 32 ca8bf7cf
SCHED-TRACE 2645 825 R 32 ca8bf7cf
SCHED-TRACE 2646 826 U 4 6becc
SCHED-TRACE 2647 826 V 4 6bef3
SCHED-TRACE 2648 826 O 0 0
SCHED-TRACE 2649 826 P 32 ca9f53f8
SCHED-TRACE 2650 827 K 32 ca9f53f8
SCHED-TRACE 2651 827 P 32 cab30625
SCHED-TRACE 2652 828 I 32 6c36a
SCHED-TRACE 2653 828 B 32 b4
SCHED-TRACE 2654 828 P 32 cb51eb85
SCHED-TRACE 2655 828 R 32 cb51eb85
SCHED-TRACE 2656 829 U 4 6c3e2
SCHED-TRACE 2657 829 V 4 6c40a
SCHED-TRACE 2658 829 O 0 0
SCHED-TRACE 2659 829 P 32 cb65374c
SCHED-TRACE 2660 830 K 32 cb65374c
SCHED-TRACE 2661 830 P 32 cb78dd2f
SCHED-TRACE 2662 831 I 32 6c880
SCHED-TRACE 2663 831 B 32 b5
SCHED-TRACE 2664 831 P 32 cc17ced9
SCHED-TRACE 2665 831 R 32 cc17ced9
SCHED-TRACE 2666 832 U 4 6c8f8
SCHED-TRACE 2667 832 V 4 6c91f
SCHED-TRACE 2668 832 O 0 0
SCHED-TRACE 2669 832 P 32 cc2af5c2
SCHED-TRACE 2670 833 K 32 cc2af5c2
SCHED-TRACE 2671 833 P 32 cc3e7efa
SCHED-TRACE 2672 834 I 32 6cd95
SCHED-TRACE 2673 834 B 32 af
SCHED-TRACE 2674 834 P 32 ccdd7ced
SCHED-TRACE 2675 834 R 32 ccdd7ced
SCHED-TRACE 2676 835 U 4 6ce0d
SCHED-TRACE 2677 835 V 4 6ce34
SCHED-TRACE 2678 835 O 0 0
SCHED-TRACE 2679 835 P 32 ccf0bc6a
SCHED-TRACE 2680 836 K 32 ccf0bc6a
SCHED-TRACE 2681 836 P 32 cd046e97
SCHED-TRACE 2682 837 I 32 6d2ab
SCHED-TRACE 2683 837 B 32 b3
SCHED-TRACE 2684 837 P 32 cda36c8b
SCHED-TRACE 2685 837 R 32 cda36c8b
SCHED-TRACE 2686 838 U 4 6d324
SCHED-TRACE 2687 838 V 4 6d34b
SCHED-TRACE 2688 838 O 0 0
SCHED-TRACE 2689 838 P 32 cdb6b852
SCHED-TRACE 2690 839 K 32 cdb6b852
SCHED-TRACE 2691 839 P 32 cdca6666
SCHED-TRACE 2692 840 I 32 6d7c1
SCHED-TRACE 2693 840 B 32 b3
SCHED-TRACE 2694 840 P 32 ce694395
SCHED-TRACE 2695 840 R 32 ce694395
SCHED-TRACE 2696 841 U 4 6d83a
SCHED-TRACE 2697 841 V 4 6d861
SCHED-TRACE 2698 841 O 0 0
SCHED-TRACE 2699 841 P 32 ce7c6a7f
SCHED-TRACE 2700 842 K 32 ce7c6a7f
SCHED-TRACE 2701 842 P 32 ce900831
SCHED-TRACE 2702 843 I 32 6dcd7
SCHED-TRACE 2703 843 B 32 b3
SCHED-TRACE 2704 843 P 32 cf2f0625
SCHED-TRACE 2705 843 R 32 cf2f0625
SCHED-TRACE 2706 844 U 4 6dd4f
SCHED-TRACE 2707 844 V 4 6dd76
SCHED-TRACE 2708 844 O 0 0
SCHED-TRACE 2709 844 P 32 cf424dd3
SCHED-TRACE 2710 845 K 32 cf424dd3
SCHED-TRACE 2711 845 P 32 cf560418
SCHED-TRACE 2712 846 I 32 6e1ed
SCHED-TRACE 2713 846 B 32 b4
SCHED-TRACE 2714 846 P 32 cff4ed91
SCHED-TRACE 2715 846 R 32 cff4ed91
SCHED-TRACE 2716 847 U 4 6e266
SCHED-TRACE 2717 847 V 4 6e28d
SCHED-TRACE 2718 847 O 0 0
SCHED-TRACE 2719 847 P 32 d0083958
SCHED-TRACE 2720 848 K 32 d0083958
SCHED-TRACE 2721 848 P 32 d01bd70a
SCHED-TRACE 2722 849 I 32 6e704
SCHED-TRACE 2723 849 B 32 b1
SCHED-TRACE 2724 849 P 32 d0bad4fe
SCHED-TRACE 2725 849 R 32 d0bad4fe
SCHED-TRACE 2726 850 U 4 6e77c
SCHED-TRACE 2727 850 V 4 6e7a3
SCHED-TRACE 2728 850 O 0 0
SCHED-TRACE 2729 850 P 32 d0ce1893
SCHED-TRACE 2730 851 K 32 d0ce1893
SCHED-TRACE 2731 851 P 32 d0e1ba5e
SCHED-TRACE 2732 852 I 32 6ec1a
SCHED-TRACE 2733 852 B 32 b4
SCHED-TRACE 2734 852 P 32 d180ac08
SCHED-TRACE 2735 852 R 32 d180ac08
SCHED-TRACE 2736 853 U 4 6ec92
SCHED-TRACE 2737 853 V 4 6ecba
SCHED-TRACE 2738 853 O 0 0
SCHED-TRACE 2739 853 P 32 d193ef9d
SCHED-TRACE 2740 854 K 32 d193ef9d
SCHED-TRACE 2741 854 P 32 d1a79999
SCHED-TRACE 2742 855 I 32 6f130
SCHED-TRACE 2743 855 B 32 b3
SCHED-TRACE 2744 855 P 32 d2468312
SCHED-TRACE 2745 855 R 32 d2468312
SCHED-TRACE 2746 856 U 4 6f1a8
SCHED-TRACE 2747 856 V 4 6f1cf
SCHED-TRACE 2748 856 O 0 0
SCHED-TRACE 2749 856 P 32 d259be77
SCHED-TRACE 2750 857 K 32 d259be77
SCHED-TRACE 2751 857 P 32 d26d70a4
SCHED-TRACE 2752 858 I 32 6f646
SCHED-TRACE 2753 858 B 32 b4
SCHED-TRACE 2754 858 P 32 d30c72b0
SCHED-TRACE 2755 858 R 32 d30c72b0
SCHED-TRACE 2756 859 U 4 6f6bf
SCHED-TRACE 2757 859 V 4 6f6e6
SCHED-TRACE 2758 859 O 0 0
SCHED-TRACE 2759 859 P 32 d31fced9
SCHED-TRACE 2760 860 K 32 d31fced9
SCHED-TRACE 2761 860 P 32 d333851e
SCHED-TRACE 2762 861 I 32 6fb5d
SCHED-TRACE 2763 861 B 32 b5
SCHED-TRACE 2764 861 P 32 d3d26a7f
SCHED-TRACE 2765 861 R 32 d3d26a7f
SCHED-TRACE 2766 862 U 4 6fbd6
SCHED-TRACE 2767 862 V 4 6fbfe
SCHED-TRACE 2768 862 O 0 0
SCHED-TRACE 2769 862 P 32 d3e5e354
SCHED-TRACE 2770 863 K 32 d3e5e354
SCHED-TRACE 2771 863 P 32 d3f98106
SCHED-TRACE 2772 864 I 32 70075
SCHED-TRACE 2773 864 B 32 b0
SCHED-TRACE 2774 864 P 32 d4987ae1
SCHED-TRACE 2775 864 R 32 d4987ae1
SCHED-TRACE 2776 865 U 4 700eb
SCHED-TRACE 2777 865 V 4 70110
SCHED-TRACE 2778 865 O 0 0
SCHED-TRACE 2779 865 P 32 d4ab374c
SCHED-TRACE 2780 866 K 32 d4ab374c
SCHED-TRACE 2781 866 P 32 d4beb439
SCHED-TRACE 2782 867 I 32 70584
SCHED-TRACE 2783 867 B 32 b5
SCHED-TRACE 2784 867 P 32 d55db22d
SCHED-TRACE 2785 867 R 32 d55db22d
SCHED-TRACE 2786 868 U 4 705fc
SCHED-TRACE 2787 868 V 4 70623
SCHED-TRACE 2788 868 O 0 0
SCHED-TRACE 2789 868 P 32 d570f9db
SCHED-TRACE 2790 869 K 32 d570f9db
SCHED-TRACE 2791 869 P 32 d5849fbe
SCHED-TRACE 2792 870 I 32 70a9a
SCHED-TRACE 2793 870 B 32 b4
SCHED-TRACE 2794 870 P 32 d6239581
SCHED-TRACE 2795 870 R 32 d6239581
SCHED-TRACE 2796 871 U 4 70b12
SCHED-TRACE 2797 871 V 4 70b39
SCHED-TRACE 2798 871 O 0 0
SCHED-TRACE 2799 871 P 32 d636d916
SCHED-TRACE 2800 872 K 32 d636d916
SCHED-TRACE 2801 872 P 32 d64a872b
SCHED-TRACE 2802 873 I 32 70fb0
SCHED-TRACE 2803 873 B 32 b5
SCHED-TRACE 2804 873 P 32 d6e97ced
SCHED-TRACE 2805 873 R 32 d6e97ced
SCHED-TRACE 2806 874 U 4 71029
SCHED-TRACE 2807 874 V 4 7104f
SCHED-TRACE 2808 874 O 0 0
SCHED-TRACE 2809 874 P 32 d6fc8f5c
SCHED-TRACE 2810 875 K 32 d6fc8f5c
SCHED-TRACE 2811 875 P 32 d71020c4
SCHED-TRACE 2812 876 I 32 714c5
SCHED-TRACE 2813 876 B 32 b3
SCHED-TRACE 2814 876 P 32 d7af26e9
SCHED-TRACE 2815 876 R 32 d7af26e9
SCHED-TRACE 2816 877 U 4 7153d
SCHED-TRACE 2817 877 V 4 71564
SCHED-TRACE 2818 877 O 0 0
SCHED-TRACE 2819 877 P 32 d7c25604
SCHED-TRACE 2820 878 K 32 d7c25604
SCHED-TRACE 2821 878 P 32 d7d60000
SCHED-TRACE 2822 879 I 32 719da
SCHED-TRACE 2823 879 B 32 b1
SCHED-TRACE 2824 879 P 32 d874dd2f
SCHED-TRACE 2825 879 R 32 d874dd2f
SCHED-TRACE 2826 880 U 4 71a52
SCHED-TRACE 2827 880 V 4 71a79
SCHED-TRACE 2828 880 O 0 0
SCHED-TRACE 2829 880 P 32 d8881cac
SCHED-TRACE 2830 881 K 32 d8881cac
SCHED-TRACE 2831 881 P 32 d89bcac0
SCHED-TRACE 2832 882 I 32 71ef0
SCHED-TRACE 2833 882 B 32 b5
SCHED-TRACE 2834 882 P 32 d93abc6a
SCHED-TRACE 2835 882 R 32 d93abc6a
SCHED-TRACE 2836 883 U 4 71f69
SCHED-TRACE 2837 883 V 4 71f90
SCHED-TRACE 2838 883 O 0 0
SCHED-TRACE 2839 883 P 32 d94e147b
SCHED-TRACE 2840 884 K 32 d94e147b
SCHED-TRACE 2841 884 P 32 d961ba5e
SCHED-TRACE 2842 885 I 32 72407
SCHED-TRACE 2843 885 B 32 b4
SCHED-TRACE 2844 885 P 32 da00ac08
SCHED-TRACE 2845 885 R 32 da00ac08
SCHED-TRACE 2846 886 U 4 7247f
SCHED-TRACE 2847 886 V 4 724a6
SCHED-TRACE 2848 886 O 0 0
SCHED-TRACE 2849 886 P 32 da13e354
SCHED-TRACE 2850 887 K 32 da13e354
SCHED-TRACE 2851 887 P 32 da278937
SCHED-TRACE 2852 888 I 32 7291c
SCHED-TRACE 2853 888 B 32 b5
SCHED-TRACE 2854 888 P 32 dac672b0
SCHED-TRACE 2855 888 R 32 dac672b0
SCHED-TRACE 2856 889 U 4 72994
SCHED-TRACE 2857 889 V 4 729bb
SCHED-TRACE 2858 889 O 0 0
SCHED-TRACE 2859 889 P 32 dad9b22d
SCHED-TRACE 2860 890 K 32 dad9b22d
SCHED-TRACE 2861 890 P 32 daed5c29
SCHED-TRACE 2862 891 I 32 72e32
SCHED-TRACE 2863 891 B 32 b3
SCHED-TRACE 2864 891 P 32 db8c5604
SCHED-TRACE 2865 891 R 32 db8c5604
SCHED-TRACE 2866 892 U 4 72eab
SCHED-TRACE 2867 892 V 4 72ed2
SCHED-TRACE 2868 892 O 0 0
SCHED-TRACE 2869 892 P 32 db9fa9fc
SCHED-TRACE 2870 893 K 32 db9fa9fc
SCHED-TRACE 2871 893 P 32 dbb33f7d
SCHED-TRACE 2872 894 I 32 73349
SCHED-TRACE 2873 894 B 32 ae
SCHED-TRACE 2874 894 P 32 dc523958
SCHED-TRACE 2875 894 R 32 dc523958
SCHED-TRACE 2876 895 U 4 733c1
SCHED-TRACE 2877 895 V 4 733e8
SCHED-TRACE 2878 895 O 0 0
SCHED-TRACE 2879 895 P 32 dc658106
SCHED-TRACE 2880 896 K 32 dc658106
SCHED-TRACE 2881 896 P 32 dc7926e9
SCHED-TRACE 2882 897 I 32 7385f
SCHED-TRACE 2883 897 B 32 b4
SCHED-TRACE 2884 897 P 32 dd1828f6
SCHED-TRACE 2885 897 R 32 dd1828f6
SCHED-TRACE 2886 898 U 4 738d7
SCHED-TRACE 2887 898 V 4 738fe
SCHED-TRACE 2888 898 O 0 0
SCHED-TRACE 2889 898 P 32 dd2b5810
SCHED-TRACE 2890 899 K 32 dd2b5810
SCHED-TRACE 2891 899 P 32 dd3ef5c2
SCHED-TRACE 2892 900 I 32 73d74
SCHED-TRACE 2893 900 B 32 b3
SCHED-TRACE 2894 900 P 32 ddddef9d
SCHED-TRACE 2895 900 R 32 ddddef9d
SCHED-TRACE 2896 901 U 4 73ded
SCHED-TRACE 2897 901 V 4 73e14
SCHED-TRACE 2898 901 O 0 0
SCHED-TRACE 2899 901 P 32 ddf14fdf
SCHED-TRACE 2900 902 K 32 ddf14fdf
SCHED-TRACE 2901 902 P 32 de05020c
SCHED-TRACE 2902 903 I 32 7428b
SCHED-TRACE 2903 903 B 32 b4
SCHED-TRACE 2904 903 P 32 dea3ef9d
SCHED-TRACE 2905 903 R 32 dea3ef9d
SCHED-TRACE 2906 904 U 4 74303
SCHED-TRACE 2907 904 V 4 7432b
SCHED-TRACE 2908 904 O 0 0
SCHED-TRACE 2909 904 P 32 deb72f1a
SCHED-TRACE 2910 905 K 32 deb72f1a
SCHED-TRACE 2911 905 P 32 decad916
SCHED-TRACE 2912 906 I 32 747a1
SCHED-TRACE 2913 906 B 32 b2
SCHED-TRACE 2914 906 P 32 df69c6a8
SCHED-TRACE 2915 906 R 32 df69c6a8
SCHED-TRACE 2916 907 U 4 74819
SCHED-TRACE 2917 907 V 4 74840
SCHED-TRACE 2918 907 O 0 0
SCHED-TRACE 2919 907 P 32 df7ce979
SCHED-TRACE 2920 908 K 32 df7ce979
SCHED-TRACE 2921 908 P 32 df908b43
SCHED-TRACE 2922 909 I 32 74cb6
SCHED-TRACE 2923 909 B 32 b5
SCHED-TRACE 2924 909 P 32 e02f851e
SCHED-TRACE 2925 909 R 32 e02f851e
SCHED-TRACE 2926 910 U 4 74d2e
SCHED-TRACE 2927 910 V 4 74d55
SCHED-TRACE 2928 910 O 0 0
SCHED-TRACE 2929 910 P 32 e042c083
SCHED-TRACE 2930 911 K 32 e042c083
SCHED-TRACE 2931 911 P 32 e0567ae1
SCHED-TRACE 2932 912 I 32 751cc
SCHED-TRACE 2933 912 B 32 b4
SCHED-TRACE 2934 912 P 32 e0f56041
SCHED-TRACE 2935 912 R 32 e0f56041
SCHED-TRACE 2936 913 U 4 75245
SCHED-TRACE 2937 913 V 4 7526c
SCHED-TRACE 2938 913 O 0 0
SCHED-TRACE 2939 913 P 32 e108b021
SCHED-TRACE 2940 914 K 32 e108b021
SCHED-TRACE 2941 914 P 32 e11c5a1c
SCHED-TRACE 2942 915 I 32 756e3
SCHED-TRACE 2943 915 B 32 b3
SCHED-TRACE 2944 915 P 32 e1bb53f8
SCHED-TRACE 2945 915 R 32 e1bb53f8
SCHED-TRACE 2946 916 U 4 7575c
SCHED-TRACE 2947 916 V 4 75783
SCHED-TRACE 2948 916 O 0 0
SCHED-TRACE 2949 916 P 32 e1cea7ef
SCHED-TRACE 2950 917 K 32 e1cea7ef
SCHED-TRACE 2951 917 P 32 e1e25604
SCHED-TRACE 2952 918 I 32 75bfa
SCHED-TRACE 2953 918 B 32 b4
SCHED-TRACE 2954 918 P 32 e28153f8
SCHED-TRACE 2955 918 R 32 e28153f8
SCHED-TRACE 2956 919 U 4 75c73
SCHED-TRACE 2957 919 V 4 75c9a
SCHED-TRACE 2958 919 O 0 0
SCHED-TRACE 2959 919 P 32 e294978d
SCHED-TRACE 2960 920 K 32 e294978d
SCHED-TRACE 2961 920 P 32 e2a83d70
SCHED-TRACE 2962 921 I 32 76111
SCHED-TRACE 2963 921 B 32 b3
SCHED-TRACE 2964 921 P 32 e3474395
SCHED-TRACE 2965 921 R 32 e3474395
SCHED-TRACE 2966 922 U 4 76188
SCHED-TRACE 2967 922 V 4 761ae
SCHED-TRACE 2968 922 O 0 0
SCHED-TRACE 2969 922 P 32 e35a5a1c
SCHED-TRACE 2970 923 K 32 e35a5a1c
SCHED-TRACE 2971 923 P 32 e36e0c49
SCHED-TRACE 2972 924 I 32 76625
SCHED-TRACE 2973 924 B 32 b5
SCHED-TRACE 2974 924 P 32 e40cf9db
SCHED-TRACE 2975 924 R 32 e40cf9db
SCHED-TRACE 2976 925 U 4 7669e
SCHED-TRACE 2977 925 V 4 766c5
SCHED-TRACE 2978 925 O 0 0
SCHED-TRACE 2979 925 P 32 e42051eb
SCHED-TRACE 2980 926 K 32 e42051eb
SCHED-TRACE 2981 926 P 32 e433fbe7
SCHED-TRACE 2982 927 I 32 76b3c
SCHED-TRACE 2983 927 B 32 b3
SCHED-TRACE 2984 927 P 32 e4d2e560
SCHED-TRACE 2985 927 R 32 e4d2e560
SCHED-TRACE 2986 928 U 4 76bb5
SCHED-TRACE 2987 928 V 4 76bdc
SCHED-TRACE 2988 928 O 0 0
SCHED-TRACE 2989 928 P 32 e4e651eb
SCHED-TRACE 2990 929 K 32 e4e651eb
SCHED-TRACE 2991 929 P 32 e4f9fbe7
SCHED-TRACE 2992 930 I 32 77053
SCHED-TRACE 2993 930 B 32 b4
SCHED-TRACE 2994 930 P 32 e598e979
SCHED-TRACE 2995 930 R 32 e598e979
SCHED-TRACE 2996 931 U 4 770cb
SCHED-TRACE 2997 931 V 4 770f1
SCHED-TRACE 2998 931 O 0 0
SCHED-TRACE 2999 931 P 32 e5ac0831
SCHED-TRACE 3000 932 K 32 e5ac0831
SCHED-TRACE 3001 932 P 32 e5bfa5e3
SCHED-TRACE 3002 933 I 32 77567
SCHED-TRACE 3003 933 B 32 b4
SCHED-TRACE 3004 933 P 32 e65e978d
SCHED-TRACE 3005 933 R 32 e65e978d
SCHED-TRACE 3006 934 U 4 775e0
SCHED-TRACE 3007 934 V 4 77607
SCHED-TRACE 3008 934 O 0 0
SCHED-TRACE 3009 934 P 32 e6720000
SCHED-TRACE 3010 935 K 32 e6720000
SCHED-TRACE 3011 935 P 32 e685b22d
SCHED-TRACE 3012 936 I 32 77a7e
SCHED-TRACE 3013 936 B 32 b3
SCHED-TRACE 3014 936 P 32 e7248f5c
SCHED-TRACE 3015 936 R 32 e7248f5c
SCHED-TRACE 3016 937 U 4 77af7
SCHED-TRACE 3017 937 V 4 77b1e
SCHED-TRACE 3018 937 O 0 0
SCHED-TRACE 3019 937 P 32 e737e354
SCHED-TRACE 3020 938 K 32 e737e354
SCHED-TRACE 3021 938 P 32 e74b9db2
SCHED-TRACE 3022 939 I 32 77f95
SCHED-TRACE 3023 939 B 32 b5
SCHED-TRACE 3024 939 P 32 e7ea872b
SCHED-TRACE 3025 939 R 32 e7ea872b
SCHED-TRACE 3026 940 U 4 7800d
SCHED-TRACE 3027 940 V 4 78033
SCHED-TRACE 3028 940 O 0 0
SCHED-TRACE 3029 940 P 32 e7fd6c8b
SCHED-TRACE 3030 941 K 32 e7fd6c8b
SCHED-TRACE 3031 941 P 32 e810ed91
SCHED-TRACE 3032 942 I 32 784a9
SCHED-TRACE 3033 942 B 32 b4
SCHED-TRACE 3034 942 P 32 e8b00831
SCHED-TRACE 3035 942 R 32 e8b00831
SCHED-TRACE 3036 943 U 4 78521
SCHED-TRACE 3037 943 V 4 78548
SCHED-TRACE 3038 943 O 0 0
SCHED-TRACE 3039 943 P 32 e8c3374c
SCHED-TRACE 3040 944 K 32 e8c3374c
SCHED-TRACE 3041 944 P 32 e8d6e147
SCHED-TRACE 3042 945 I 32 789be
SCHED-TRACE 3043 945 B 32 b4
SCHED-TRACE 3044 945 P 32 e975c6a8
SCHED-TRACE 3045 945 R 32 e975c6a8
SCHED-TRACE 3046 946 U 4 78a37
SCHED-TRACE 3047 946 V 4 78a5e
SCHED-TRACE 3048 946 O 0 0
SCHED-TRACE 3049 946 P 32 e989126e
SCHED-TRACE 3050 947 K 32 e989126e
SCHED-TRACE 3051 947 P 32 e99cc083
SCHED-TRACE 3052 948 I 32 78ed5
SCHED-TRACE 3053 948 B 32 b5
SCHED-TRACE 3054 948 P 32 ea3bbe77
SCHED-TRACE 3055 948 R 32 ea3bbe77
SCHED-TRACE 3056 949 U 4 78f4e
SCHED-TRACE 3057 949 V 4 78f75
SCHED-TRACE 3058 949 O 0 0
SCHED-TRACE 3059 949 P 32 ea4f1687
SCHED-TRACE 3060 950 K 32 ea4f1687
SCHED-TRACE 3061 950 P 32 ea62bc6a
SCHED-TRACE 3062 951 I 32 793ec
SCHED-TRACE 3063 951 B 32 b4
SCHED-TRACE 3064 951 P 32 eb01ba5e
SCHED-TRACE 3065 951 R 32 eb01ba5e
SCHED-TRACE 3066 952 U 4 79465
SCHED-TRACE 3067 952 V 4 7948c
SCHED-TRACE 3068 952 O 0 0
SCHED-TRACE 3069 952 P 32 eb14f1aa
SCHED-TRACE 3070 953 K 32 eb14f1aa
SCHED-TRACE 3071 953 P 32 eb289fbe
SCHED-TRACE 3072 954 I 32 79902
SCHED-TRACE 3073 954 B 32 b5
SCHED-TRACE 3074 954 P 32 ebc78d50
SCHED-TRACE 3075 954 R 32 ebc78d50
SCHED-TRACE 3076 955 U 4 7997a
SCHED-TRACE 3077 955 V 4 799a1
SCHED-TRACE 3078 955 O 0 0
SCHED-TRACE 3079 955 P 32 ebdac083
SCHED-TRACE 3080 956 K 32 ebdac083
SCHED-TRACE 3081 956 P 32 ebee6e97
SCHED-TRACE 3082 957 I 32 79e18
SCHED-TRACE 3083 957 B 32 b4
SCHED-TRACE 3084 957 P 32 ec8d6872
SCHED-TRACE 3085 957 R 32 ec8d6872
SCHED-TRACE 3086 958 U 4 79e91
SCHED-TRACE 3087 958 V 4 79eb8
SCHED-TRACE 3088 958 O 0 0
SCHED-TRACE 3089 958 P 32 eca0bc6a
SCHED-TRACE 3090 959 K 32 eca0bc6a
SCHED-TRACE 3091 959 P 32 ecb472b0
SCHED-TRACE 3092 960 I 32 7a32f
SCHED-TRACE 3093 960 B 32 b4
SCHED-TRACE 3094 960 P 32 ed535c29
SCHED-TRACE 3095 960 R 32 ed535c29
SCHED-TRACE 3096 961 U 4 7a3a8
SCHED-TRACE 3097 961 V 4 7a3cf
SCHED-TRACE 3098 961 O 0 0
SCHED-TRACE 3099 961 P 32 ed66b021
SCHED-TRACE 3100 962 K 32 ed66b021
SCHED-TRACE 3101 962 P 32 ed7a5a1c
SCHED-TRACE 3102 963 I 32 7a846
SCHED-TRACE 3103 963 B 32 b5
SCHED-TRACE 3104 963 P 32 ee195810
SCHED-TRACE 3105 963 R 32 ee195810
SCHED-TRACE 3106 964 U 4 7a8be
SCHED-TRACE 3107 964 V 4 7a8e5
SCHED-TRACE 3108 964 O 0 0
SCHED-TRACE 3109 964 P 32 ee2c872b
SCHED-TRACE 3110 965 K 32 ee2c872b
SCHED-TRACE 3111 965 P 32 ee4024dd
SCHED-TRACE 3112 966 I 32 7ad5b
SCHED-TRACE 3113 966 B 32 b3
SCHED-TRACE 3114 966 P 32 eedf1a9f
SCHED-TRACE 3115 966 R 32 eedf1a9f
SCHED-TRACE 3116 967 U 4 7add4
SCHED-TRACE 3117 967 V 4 7adfb
SCHED-TRACE 3118 967 O 0 0
SCHED-TRACE 3119 967 P 32 eef28312
SCHED-TRACE 3120 968 K 32 eef28312
SCHED-TRACE 3121 968 P 32 ef063958
SCHED-TRACE 3122 969 I 32 7b272
SCHED-TRACE 3123 969 B 32 b5
SCHED-TRACE 3124 969 P 32 efa522d1
SCHED-TRACE 3125 969 R 32 efa522d1
SCHED-TRACE 3126 970 U 4 7b2eb
SCHED-TRACE 3127 970 V 4 7b312
SCHED-TRACE 3128 970 O 0 0
SCHED-TRACE 3129 970 P 32 efb876c8
SCHED-TRACE 3130 971 K 32 efb876c8
SCHED-TRACE 3131 971 P 32 efcc24dd
SCHED-TRACE 3132 972 I 32 7b789
SCHED-TRACE 3133 972 B 32 b4
SCHED-TRACE 3134 972 P 32 f06b1687
SCHED-TRACE 3135 972 R 32 f06b1687
SCHED-TRACE 3136 973 U 4 7b802
SCHED-TRACE 3137 973 V 4 7b829
SCHED-TRACE 3138 973 O 0 0
SCHED-TRACE 3139 973 P 32 f07e5a1c
SCHED-TRACE 3140 974 K 32 f07e5a1c
SCHED-TRACE 3141 974 P 32 f0920418
SCHED-TRACE 3142 975 I 32 7bc9f
SCHED-TRACE 3143 975 B 32 b4
SCHED-TRACE 3144 975 P 32 f130e979
SCHED-TRACE 3145 975 R 32 f130e979
SCHED-TRACE 3146 976 U 4 7bd18
SCHED-TRACE 3147 976 V 4 7bd3f
SCHED-TRACE 3148 976 O 0 0
SCHED-TRACE 3149 976 P 32 f1443958
SCHED-TRACE 3150 977 K 32 f1443958
SCHED-TRACE 3151 977 P 32 f157f3b6
SCHED-TRACE 3152 978 I 32 7c1b6
SCHED-TRACE 3153 978 B 32 b5
SCHED-TRACE 3154 978 P 32 f1f6ed91
SCHED-TRACE 3155 978 R 32 f1f6ed91
SCHED-TRACE 3156 979 U 4 7c22f
SCHED-TRACE 3157 979 V 4 7c256
SCHED-TRACE 3158 979 O 0 0
SCHED-TRACE 3159 979 P 32 f20a3d70
SCHED-TRACE 3160 980 K 32 f20a3d70
SCHED-TRACE 3161 980 P 32 f21de76c
SCHED-TRACE 3162 981 I 32 7c6cd
SCHED-TRACE 3163 981 B 32 b4
SCHED-TRACE 3164 981 P 32 f2bce147
SCHED-TRACE 3165 981 R 32 f2bce147
SCHED-TRACE 3166 982 U 4 7c746
SCHED-TRACE 3167 982 V 4 7c76d
SCHED-TRACE 3168 982 O 0 0
SCHED-TRACE 3169 982 P 32 f2d02d0e
SCHED-TRACE 3170 983 K 32 f2d02d0e
SCHED-TRACE 3171 983 P 32 f2e3ef9d
SCHED-TRACE 3172 984 I 32 7cbe4
SCHED-TRACE 3173 984 B 32 b5
SCHED-TRACE 3174 984 P 32 f382dd2f
SCHED-TRACE 3175 984 R 32 f382dd2f
SCHED-TRACE 3176 985 U 4 7cc5d
SCHED-TRACE 3177 985 V 4 7cc84
SCHED-TRACE 3178 985 O 0 0
SCHED-TRACE 3179 985 P 32 f3962d0e
SCHED-TRACE 3180 986 K 32 f3962d0e
SCHED-TRACE 3181 986 P 32 f3a9d70a
SCHED-TRACE 3182 987 I 32 7d0fb
SCHED-TRACE 3183 987 B 32 b4
SCHED-TRACE 3184 987 P 32 f448c8b4
SCHED-TRACE 3185 987 R 32 f448c8b4
SCHED-TRACE 3186 988 U 4 7d173
SCHED-TRACE 3187 988 V 4 7d199
SCHED-TRACE 3188 988 O 0 0
SCHED-TRACE 3189 988 P 32 f45be354
SCHED-TRACE 3190 989 K 32 f45be354
SCHED-TRACE 3191 989 P 32 f46f9999
SCHED-TRACE 3192 990 I 32 7d610
SCHED-TRACE 3193 990 B 32 b4
SCHED-TRACE 3194 990 P 32 f50e872b
SCHED-TRACE 3195 990 R 32 f50e872b
SCHED-TRACE 3196 991 U 4 7d689
SCHED-TRACE 3197 991 V 4 7d6b1
SCHED-TRACE 3198 991 O 0 0
SCHED-TRACE 3199 991 P 32 f521e76c
SCHED-TRACE 3200 992 K 32 f521e76c
SCHED-TRACE 3201 992 P 32 f5359168
SCHED-TRACE 3202 993 I 32 7db27
SCHED-TRACE 3203 993 B 32 b2
SCHED-TRACE 3204 993 P 32 f5d46e97
SCHED-TRACE 3205 993 R 32 f5d46e97
SCHED-TRACE 3206 994 U 4 7dba0
SCHED-TRACE 3207 994 V 4 7dbc7
SCHED-TRACE 3208 994 O 0 0
SCHED-TRACE 3209 994 P 32 f5e7cac0
SCHED-TRACE 3210 995 K 32 f5e7cac0
SCHED-TRACE 3211 995 P 32 f5fb74bc
SCHED-TRACE 3212 996 I 32 7e03e
SCHED-TRACE 3213 996 B 32 b4
SCHED-TRACE 3214 996 P 32 f69a6666
SCHED-TRACE 3215 996 R 32 f69a6666
SCHED-TRACE 3216 997 U 4 7e0b5
SCHED-TRACE 3217 997 V 4 7e0dc
SCHED-TRACE 3218 997 O 0 0
SCHED-TRACE 3219 997 P 32 f6ad74bc
SCHED-TRACE 3220 998 K 32 f6ad74bc
SCHED-TRACE 3221 998 P 32 f6c10e56
SCHED-TRACE 3222 999 I 32 7e552
SCHED-TRACE 3223 999 B 32 b6
SCHED-TRACE 3224 999 P 32 f76024dd
SCHED-TRACE 3225 999 R 32 f76024dd
SCHED-TRACE 3226 1000 U 4 7e5cb
SCHED-TRACE 3227 1000 V 4 7e5f3
SCHED-TRACE 3228 1000 O 0 0
SCHED-TRACE 3229 1000 P 32 f7739168
SCHED-TRACE 3230 1001 K 32 f7739168
SCHED-TRACE 3231 1001 P 32 f78747ae
SCHED-TRACE 3232 1002 I 32 7ea6a
SCHED-TRACE 3233 1002 B 32 b4
SCHED-TRACE 3234 1002 P 32 f8264189
SCHED-TRACE 3235 1002 R 32 f8264189
SCHED-TRACE 3236 1003 U 4 7eae3
SCHED-TRACE 3237 1003 V 4 7eb0a
SCHED-TRACE 3238 1003 O 0 0
SCHED-TRACE 3239 1003 P 32 f8399999
SCHED-TRACE 3240 1004 K 32 f8399999
SCHED-TRACE 3241 1004 P 32 f84d4fdf
SCHED-TRACE 3242 1005 I 32 7ef81
SCHED-TRACE 3243 1005 B 32 b5
SCHED-TRACE 3244 1005 P 32 f8ec353f
SCHED-TRACE 3245 1005 R 32 f8ec353f
SCHED-TRACE 3246 1006 U 4 7effa
SCHED-TRACE 3247 1006 V 4 7f022
SCHED-TRACE 3248 1006 O 0 0
SCHED-TRACE 3249 1006 P 32 f8ff9168
SCHED-TRACE 3250 1007 K 32 f8ff9168
SCHED-TRACE 3251 1007 P 32 f9132b02
SCHED-TRACE 3252 1008 I 32 7f498
SCHED-TRACE 3253 1008 B 32 b3
SCHED-TRACE 3254 1008 P 32 f9b224dd
SCHED-TRACE 3255 1008 R 32 f9b224dd
SCHED-TRACE 3256 1009 U 4 7f510
SCHED-TRACE 3257 1009 V 4 7f538
SCHED-TRACE 3258 1009 O 0 0
SCHED-TRACE 3259 1009 P 32 f9c56872
SCHED-TRACE 3260 1010 K 32 f9c56872
SCHED-TRACE 3261 1010 P 32 f9d91a9f
SCHED-TRACE 3262 1011 I 32 7f9ae
SCHED-TRACE 3263 1011 B 32 b3
SCHED-TRACE 3264 1011 P 32 fa77f7cf
SCHED-TRACE 3265 1011 R 32 fa77f7cf
SCHED-TRACE 3266 1012 U 4 7fa27
SCHED-TRACE 3267 1012 V 4 7fa4f
SCHED-TRACE 3268 1012 O 0 0
SCHED-TRACE 3269 1012 P 32 fa8b6041
SCHED-TRACE 3270 1013 K 32 fa8b6041
SCHED-TRACE 3271 1013 P 32 fa9f1eb8
SCHED-TRACE 3272 1014 I 32 7fec6
SCHED-TRACE 3273 1014 B 32 b6
SCHED-TRACE 3274 1014 P 32 fb3e1062
SCHED-TRACE 3275 1014 R 32 fb3e1062
SCHED-TRACE 3276 1015 U 4 7ff3f
SCHED-TRACE 3277 1015 V 4 7ff67
SCHED-TRACE 3278 1015 O 0 0
SCHED-TRACE 3279 1015 P 32 fb518106
SCHED-TRACE 3280 1016 K 32 fb518106
SCHED-TRACE 3281 1016 P 32 fb653f7d
SCHED-TRACE 3282 1017 I 32 803df
SCHED-TRACE 3283 1017 B 32 b3
SCHED-TRACE 3284 1017 P 32 fc043d70
SCHED-TRACE 3285 1017 R 32 fc043d70
SCHED-TRACE 3286 1018 U 4 80457
SCHED-TRACE 3287 1018 V 4 8047e
SCHED-TRACE 3288 1018 O 0 0
SCHED-TRACE 3289 1018 P 32 fc176041
SCHED-TRACE 3290 1019 K 32 fc176041
SCHED-TRACE 3291 1019 P 32 fc2afdf3
SCHED-TRACE 3292 1020 I 32 808f4
SCHED-TRACE 3293 1020 B 32 b4
SCHED-TRACE 3294 1020 P 32 fcc9ef9d
SCHED-TRACE 3295 1020 R 32 fcc9ef9d
SCHED-TRACE 3296 1021 U 4 8096c
SCHED-TRACE 3297 1021 V 4 80992
SCHED-TRACE 3298 1021 O 0 0
SCHED-TRACE 3299 1021 P 32 fcdd0a3d
SCHED-TRACE 3300 1022 K 32 fcdd0a3d
SCHED-TRACE 3301 1022 P 32 fcf0ac08
SCHED-TRACE 3302 1023 I 32 80e09
SCHED-TRACE 3303 1023 B 32 b1
SCHED-TRACE 3304 1023 P 32 fd8fa9fc
SCHED-TRACE 3305 1023 R 32 fd8fa9fc
SCHED-TRACE 3306 1024 U 4 80e81
SCHED-TRACE 3307 1024 V 4 80ea8
SCHED-TRACE 3308 1024 O 0 0
SCHED-TRACE 3309 1024 P 32 fda2e979
SCHED-TRACE 3310 1025 K 32 fda2e979
SCHED-TRACE 3311 1025 P 32 fdb6978d
SCHED-TRACE 3312 1026 I 32 8131f
SCHED-TRACE 3313 1026 B 32 b5
SCHED-TRACE 3314 1026 P 32 fe559581
SCHED-TRACE 3315 1026 R 32 fe559581
SCHED-TRACE 3316 1027 U 4 81397
SCHED-TRACE 3317 1027 V 4 813bf
SCHED-TRACE 3318 1027 O 0 0
SCHED-TRACE 3319 1027 P 32 fe68e147
SCHED-TRACE 3320 1028 K 32 fe68e147
SCHED-TRACE 3321 1028 P 32 fe7c872b
SCHED-TRACE 3322 1029 I 32 81835
SCHED-TRACE 3323 1029 B 32 b4
SCHED-TRACE 3324 1029 P 32 ff1b6c8b
SCHED-TRACE 3325 1029 R 32 ff1b6c8b
SCHED-TRACE 3326 1030 U 4 818ad
SCHED-TRACE 3327 1030 V 4 818d4
SCHED-TRACE 3328 1030 O 0 0
SCHED-TRACE 3329 1030 P 32 ff2e9374
SCHED-TRACE 3330 1031 K 32 ff2e9374
SCHED-TRACE 3331 1031 P 32 ff423127
SCHED-TRACE 3332 1032 I 32 81d4a
SCHED-TRACE 3333 1032 B 32 b3
SCHED-TRACE 3334 1032 P 32 ffe13333
SCHED-TRACE 3335 1032 R 32 ffe13333
SCHED-TRACE 3336 1033 U 4 81dc2
SCHED-TRACE 3337 1033 V 4 81dea
SCHED-TRACE 3338 1033 O 0 0
SCHED-TRACE 3339 1033 P 32 fff48f5c
SCHED-TRACE 3340 1034 K 32 fff48f5c
SCHED-TRACE 3341 1034 P 32 100083d70
SCHED-TRACE 3342 1035 I 32 82261
SCHED-TRACE 3343 1035 B 32 b4
SCHED-TRACE 3344 1035 P 32 100a73b64
SCHED-TRACE 3345 1035 R 32 100a73b64
SCHED-TRACE 3346 1036 U 4 822d9
SCHED-TRACE 3347 1036 V 4 82301
SCHED-TRACE 3348 1036 O 0 0
SCHED-TRACE 3349 1036 P 32 100ba7efa
SCHED-TRACE 3350 1037 K 32 100ba7efa
SCHED-TRACE 3351 1037 P 32 100ce1cac
SCHED-TRACE 3352 1038 I 32 82777
SCHED-TRACE 3353 1038 B 32 b1
SCHED-TRACE 3354 1038 P 32 1016d0e56
SCHED-TRACE 3355 1038 R 32 1016d0e56
SCHED-TRACE 3356 1039 U 4 827ef
SCHED-TRACE 3357 1039 V 4 82817
SCHED-TRACE 3358 1039 O 0 0
SCHED-TRACE 3359 1039 P 32 101804dd3
SCHED-TRACE 3360 1040 K 32 101804dd3
SCHED-TRACE 3361 1040 P 32 10193eb85
SCHED-TRACE 3362 1041 I 32 82c8d
SCHED-TRACE 3363 1041 B 32 b4
SCHED-TRACE 3364 1041 P 32 10232f5c2
SCHED-TRACE 3365 1041 R 32 10232f5c2
SCHED-TRACE 3366 1042 U 4 82d05
SCHED-TRACE 3367 1042 V 4 82d2c
SCHED-TRACE 3368 1042 O 0 0
SCHED-TRACE 3369 1042 P 32 10246353f
SCHED-TRACE 3370 1043 K 32 10246353f
SCHED-TRACE 3371 1043 P 32 10259e354
SCHED-TRACE 3372 1044 I 32 831a3
SCHED-TRACE 3373 1044 B 32 b4
SCHED-TRACE 3374 1044 P 32 102f8d916
SCHED-TRACE 3375 1044 R 32 102f8d916
SCHED-TRACE 3376 1045 U 4 8321b
SCHED-TRACE 3377 1045 V 4 83242
SCHED-TRACE 3378 1045 O 0 0
SCHED-TRACE 3379 1045 P 32 1030c28f6
SCHED-TRACE 3380 1046 K 32 1030c28f6
SCHED-TRACE 3381 1046 P 32 1031fced9
SCHED-TRACE 3382 1047 I 32 836b9
SCHED-TRACE 3383 1047 B 32 b3
SCHED-TRACE 3384 1047 P 32 103bec8b4
SCHED-TRACE 3385 1047 R 32 103bec8b4
SCHED-TRACE 3386 1048 U 4 83732
SCHED-TRACE 3387 1048 V 4 83759
SCHED-TRACE 3388 1048 O 0 0
SCHED-TRACE 3389 1048 P 32 103d21893
SCHED-TRACE 3390 1049 K 32 103d21893
SCHED-TRACE 3391 1049 P 32 103e5d2f1
SCHED-TRACE 3392 1050 I 32 83bd0
SCHED-TRACE 3393 1050 B 32 b4
SCHED-TRACE 3394 1050 P 32 10484c8b4
SCHED-TRACE 3395 1050 R 32 10484c8b4
SCHED-TRACE 3396 1051 U 4 83c49
SCHED-TRACE 3397 1051 V 4 83c70
SCHED-TRACE 3398 1051 O 0 0
SCHED-TRACE 3399 1051 P 32 104980c49
SCHED-TRACE 3400 1052 K 32 104980c49
SCHED-TRACE 3401 1052 P 32 104aba9fc
SCHED-TRACE 3402 1053 I 32 840e7
SCHED-TRACE 3403 1053 B 32 b2
SCHED-TRACE 3404 1053 P 32 1054aac08
SCHED-TRACE 3405 1053 R 32 1054aac08
SCHED-TRACE 3406 1054 U 4 8415d
SCHED-TRACE 3407 1054 V 4 84183
SCHED-TRACE 3408 1054 O 0 0
SCHED-TRACE 3409 1054 P 32 1055d9168
SCHED-TRACE 3410 1055 K 32 1055d9168
SCHED-TRACE 3411 1055 P 32 105714395
SCHED-TRACE 3412 1056 I 32 845f9
SCHED-TRACE 3413 1056 B 32 b4
SCHED-TRACE 3414 1056 P 32 106103127
SCHED-TRACE 3415 1056 R 32 106103127
SCHED-TRACE 3416 1057 U 4 84672
SCHED-TRACE 3417 1057 V 4 84699
SCHED-TRACE 3418 1057 O 0 0
SCHED-TRACE 3419 1057 P 32 106237ced
SCHED-TRACE 3420 1058 K 32 106237ced
SCHED-TRACE 3421 1058 P 32 106372b02
SCHED-TRACE 3422 1059 I 32 84b10
SCHED-TRACE 3423 1059 B 32 b4
SCHED-TRACE 3424 1059 P 32 106d62d0e
SCHED-TRACE 3425 1059 R 32 106d62d0e
SCHED-TRACE 3426 1060 U 4 84b89
SCHED-TRACE 3427 1060 V 4 84bb0
SCHED-TRACE 3428 1060 O 0 0
SCHED-TRACE 3429 1060 P 32 106e978d5
SCHED-TRACE 3430 1061 K 32 106e978d5
SCHED-TRACE 3431 1061 P 32 106fd1eb8
SCHED-TRACE 3432 1062 I 32 85027
SCHED-TRACE 3433 1062 B 32 b4
SCHED-TRACE 3434 1062 P 32 1079c28f6
SCHED-TRACE 3435 1062 R 32 1079c28f6
SCHED-TRACE 3436 1063 U 4 8509e
SCHED-TRACE 3437 1063 V 4 850c5
SCHED-TRACE 3438 1063 O 0 0
SCHED-TRACE 3439 1063 P 32 107af374c
SCHED-TRACE 3440 1064 K 32 107af374c
SCHED-TRACE 3441 1064 P 32 107c2d0e5
SCHED-TRACE 3442 1065 I 32 8553b
SCHED-TRACE 3443 1065 B 32 b5
SCHED-TRACE 3444 1065 P 32 10861d70a
SCHED-TRACE 3445 1065 R 32 10861d70a
SCHED-TRACE 3446 1066 U 4 855b3
SCHED-TRACE 3447 1066 V 4 855db
SCHED-TRACE 3448 1066 O 0 0
SCHED-TRACE 3449 1066 P 32 108753b64
SCHED-TRACE 3450 1067 K 32 108753b64
SCHED-TRACE 3451 1067 P 32 10888e147
SCHED-TRACE 3452 1068 I 32 85a52
SCHED-TRACE 3453 1068 B 32 b2
SCHED-TRACE 3454 1068 P 32 10927d70a
SCHED-TRACE 3455 1068 R 32 10927d70a
SCHED-TRACE 3456 1069 U 4 85acb
SCHED-TRACE 3457 1069 V 4 85af2
SCHED-TRACE 3458 1069 O 0 0
SCHED-TRACE 3459 1069 P 32 1093b22d1
SCHED-TRACE 3460 1070 K 32 1093b22d1
SCHED-TRACE 3461 1070 P 32 1094ed916
SCHED-TRACE 3462 1071 I 32 85f69
SCHED-TRACE 3463 1071 B 32 b5
SCHED-TRACE 3464 1071 P 32 109eddb23
SCHED-TRACE 3465 1071 R 32 109eddb23
SCHED-TRACE 3466 1072 U 4 85fe2
SCHED-TRACE 3467 1072 V 4 8600a
SCHED-TRACE 3468 1072 O 0 0
SCHED-TRACE 3469 1072 P 32 10a01374c
SCHED-TRACE 3470 1073 K 32 10a01374c
SCHED-TRACE 3471 1073 P 32 10a14c8b4
SCHED-TRACE 3472 1074 I 32 86480
SCHED-TRACE 3473 1074 B 32 b5
SCHED-TRACE 3474 1074 P 32 10ab3db23
SCHED-TRACE 3475 1074 R 32 10ab3db23
SCHED-TRACE 3476 1075 U 4 864f8
SCHED-TRACE 3477 1075 V 4 8651f
SCHED-TRACE 3478 1075 O 0 0
SCHED-TRACE 3479 1075 P 32 10ac71687
SCHED-TRACE 3480 1076 K 32 10ac71687
SCHED-TRACE 3481 1076 P 32 10adabc6a
SCHED-TRACE 3482 1077 I 32 86996
SCHED-TRACE 3483 1077 B 32 b4
SCHED-TRACE 3484 1077 P 32 10b79ba5e
SCHED-TRACE 3485 1077 R 32 10b79ba5e
SCHED-TRACE 3486 1078 U 4 86a0e
SCHED-TRACE 3487 1078 V 4 86a35
SCHED-TRACE 3488 1078 O 0 0
SCHED-TRACE 3489 1078 P 32 10b8d0625
SCHED-TRACE 3490 1079 K 32 10b8d0625
SCHED-TRACE 3491 1079 P 32 10ba0b439
SCHED-TRACE 3492 1080 I 32 86eac
SCHED-TRACE 3493 1080 B 32 b5
SCHED-TRACE 3494 1080 P 32 10c3fa1ca
SCHED-TRACE 3495 1080 R 32 10c3fa1ca
SCHED-TRACE 3496 1081 U 4 86f25
SCHED-TRACE 3497 1081 V 4 86f4c
SCHED-TRACE 3498 1081 O 0 0
SCHED-TRACE 3499 1081 P 32 10c52f9db
SCHED-TRACE 3500 1082 K 32 10c52f9db
SCHED-TRACE 3501 1082 P 32 10c66a7ef
SCHED-TRACE 3502 1083 I 32 873c3
SCHED-TRACE 3503 1083 B 32 b1
SCHED-TRACE 3504 1083 P 32 10d058937
SCHED-TRACE 3505 1083 R 32 10d058937
SCHED-TRACE 3506 1084 U 4 8743c
SCHED-TRACE 3507 1084 V 4 87463
SCHED-TRACE 3508 1084 O 0 0
SCHED-TRACE 3509 1084 P 32 10d18c083
SCHED-TRACE 3510 1085 K 32 10d18c083
SCHED-TRACE 3511 1085 P 32 10d2c6e97
SCHED-TRACE 3512 1086 I 32 878d9
SCHED-TRACE 3513 1086 B 32 b4
SCHED-TRACE 3514 1086 P 32 10dcb5810
SCHED-TRACE 3515 1086 R 32 10dcb5810
SCHED-TRACE 3516 1087 U 4 87951
SCHED-TRACE 3517 1087 V 4 87978
SCHED-TRACE 3518 1087 O 0 0
SCHED-TRACE 3519 1087 P 32 10dde8f5c
SCHED-TRACE 3520 1088 K 32 10dde8f5c
SCHED-TRACE 3521 1088 P 32 10df245a2
SCHED-TRACE 3522 1089 I 32 87def
SCHED-TRACE 3523 1089 B 32 b3
SCHED-TRACE 3524 1089 P 32 10e913b64
SCHED-TRACE 3525 1089 R 32 10e913b64
SCHED-TRACE 3526 1090 U 4 87e68
SCHED-TRACE 3527 1090 V 4 87e90
SCHED-TRACE 3528 1090 O 0 0
SCHED-TRACE 3529 1090 P 32 10ea4a3d7
SCHED-TRACE 3530 1091 K 32 10ea4a3d7
SCHED-TRACE 3531 1091 P 32 10eb85a1c
SCHED-TRACE 3532 1092 I 32 88307
SCHED-TRACE 3533 1092 B 32 b4
SCHED-TRACE 3534 1092 P 32 10f574bc6
SCHED-TRACE 3535 1092 R 32 10f574bc6
SCHED-TRACE 3536 1093 U 4 8837f
SCHED-TRACE 3537 1093 V 4 883a7
SCHED-TRACE 3538 1093 O 0 0
SCHED-TRACE 3539 1093 P 32 10f6a8b43
SCHED-TRACE 3540 1094 K 32 10f6a8b43
SCHED-TRACE 3541 1094 P 32 10f7e3127
SCHED-TRACE 3542 1095 I 32 8881d
SCHED-TRACE 3543 1095 B 32 b4
SCHED-TRACE 3544 1095 P 32 1101d1eb8
SCHED-TRACE 3545 1095 R 32 1101d1eb8
SCHED-TRACE 3546 1096 U 4 88895
SCHED-TRACE 3547 1096 V 4 888bc
SCHED-TRACE 3548 1096 O 0 0
SCHED-TRACE 3549 1096 P 32 1103049ba
SCHED-TRACE 3550 1097 K 32 1103049ba
SCHED-TRACE 3551 1097 P 32 11043df3b
SCHED-TRACE 3552 1098 I 32 88d32
SCHED-TRACE 3553 1098 B 32 b2
SCHED-TRACE 3554 1098 P 32 110e2e147
SCHED-TRACE 3555 1098 R 32 110e2e147
SCHED-TRACE 3556 1099 U 4 88daa
SCHED-TRACE 3557 1099 V 4 88dd1
SCHED-TRACE 3558 1099 O 0 0
SCHED-TRACE 3559 1099 P 32 110f62d0e
SCHED-TRACE 3560 1100 K 32 110f62d0e
SCHED-TRACE 3561 1100 P 32 11109df3b
SCHED-TRACE 3562 1101 I 32 89248
SCHED-TRACE 3563 1101 B 32 b5
SCHED-TRACE 3564 1101 P 32 111a8c8b4
SCHED-TRACE 3565 1101 R 32 111a8c8b4
SCHED-TRACE 3566 1102 U 4 892c1
SCHED-TRACE 3567 1102 V 4 892e8
SCHED-TRACE 3568 1102 O 0 0
SCHED-TRACE 3569 1102 P 32 111bc1893
SCHED-TRACE 3570 1103 K 32 111bc1893
SCHED-TRACE 3571 1103 P 32 111cfc6a8
SCHED-TRACE 3572 1104 I 32 8975f
SCHED-TRACE 3573 1104 B 32 b4
SCHED-TRACE 3574 1104 P 32 1126ec49b
SCHED-TRACE 3575 1104 R 32 1126ec49b
SCHED-TRACE 3576 1105 U 4 897d8
SCHED-TRACE 3577 1105 V 4 89800
SCHED-TRACE 3578 1105 O 0 0
SCHED-TRACE 3579 1105 P 32 1128224dd
SCHED-TRACE 3580 1106 K 32 1128224dd
SCHED-TRACE 3581 1106 P 32 11295c6a8
SCHED-TRACE 3582 1107 I 32 89c76
SCHED-TRACE 3583 1107 B 32 b4
SCHED-TRACE 3584 1107 P 32 11334c8b4
SCHED-TRACE 3585 1107 R 32 11334c8b4
SCHED-TRACE 3586 1108 U 4 89cee
SCHED-TRACE 3587 1108 V 4 89d16
SCHED-TRACE 3588 1108 O 0 0
SCHED-TRACE 3589 1108 P 32 113480c49
SCHED-TRACE 3590 1109 K 32 113480c49
SCHED-TRACE 3591 1109 P 32 1135bb22d
SCHED-TRACE 3592 1110 I 32 8a18c
SCHED-TRACE 3593 1110 B 32 b3
SCHED-TRACE 3594 1110 P 32 113fa9ba6
SCHED-TRACE 3595 1110 R 32 113fa9ba6
SCHED-TRACE 3596 1111 U 4 8a203
SCHED-TRACE 3597 1111 V 4 8a22b
SCHED-TRACE 3598 1111 O 0 0
SCHED-TRACE 3599 1111 P 32 1140de354
SCHED-TRACE 3600 1112 K 32 1140de354
SCHED-TRACE 3601 1112 P 32 114218937
SCHED-TRACE 3602 1113 I 32 8a6a1
SCHED-TRACE 3603 1113 B 32 b2
SCHED-TRACE 3604 1113 P 32 114c076c8
SCHED-TRACE 3605 1113 R 32 114c076c8
SCHED-TRACE 3606 1114 U 4 8a71a
SCHED-TRACE 3607 1114 V 4 8a741
SCHED-TRACE 3608 1114 O 0 0
SCHED-TRACE 3609 1114 P 32 114d3c28f
SCHED-TRACE 3610 1115 K 32 114d3c28f
SCHED-TRACE 3611 1115 P 32 114e77ced
SCHED-TRACE 3612 1116 I 32 8abb8
SCHED-TRACE 3613 1116 B 32 b5
SCHED-TRACE 3614 1116 P 32 115867ae1
SCHED-TRACE 3615 1116 R 32 115867ae1
SCHED-TRACE 3616 1117 U 4 8ac31
SCHED-TRACE 3617 1117 V 4 8ac58
SCHED-TRACE 3618 1117 O 0 0
SCHED-TRACE 3619 1117 P 32 11599c28f
SCHED-TRACE 3620 1118 K 32 11599c28f
SCHED-TRACE 3621 1118 P 32 115ad6c8b
SCHED-TRACE 3622 1119 I 32 8b0cf
SCHED-TRACE 3623 1119 B 32 b5
SCHED-TRACE 3624 1119 P 32 1164c6a7f
SCHED-TRACE 3625 1119 R 32 1164c6a7f
SCHED-TRACE 3626 1120 U 4 8b147
SCHED-TRACE 3627 1120 V 4 8b16d
SCHED-TRACE 3628 1120 O 0 0
SCHED-TRACE 3629 1120 P 32 1165f851e
SCHED-TRACE 3630 1121 K 32 1165f851e
SCHED-TRACE 3631 1121 P 32 116733f7d
SCHED-TRACE 3632 1122 I 32 8b5e4
SCHED-TRACE 3633 1122 B 32 b5
SCHED-TRACE 3634 1122 P 32 117123d70
SCHED-TRACE 3635 1122 R 32 117123d70
SCHED-TRACE 3636 1123 U 4 8b65d
SCHED-TRACE 3637 1123 V 4 8b685
SCHED-TRACE 3638 1123 O 0 0
SCHED-TRACE 3639 1123 P 32 117259999
SCHED-TRACE 3640 1124 K 32 117259999
SCHED-TRACE 3641 1124 P 32 1173947ae
SCHED-TRACE 3642 1125 I 32 8bafc
SCHED-TRACE 3643 1125 B 32 b4
SCHED-TRACE 3644 1125 P 32 117d84dd3
SCHED-TRACE 3645 1125 R 32 117d84dd3
SCHED-TRACE 3646 1126 U 4 8bb75
SCHED-TRACE 3647 1126 V 4 8bb9c
SCHED-TRACE 3648 1126 O 0 0
SCHED-TRACE 3649 1126 P 32 117eba1ca
SCHED-TRACE 3650 1127 K 32 117eba1ca
SCHED-TRACE 3651 1127 P 32 117ff4fdf
SCHED-TRACE 3652 1128 I 32 8c013
SCHED-TRACE 3653 1128 B 32 b2
SCHED-TRACE 3654 1128 P 32 1189e3127
SCHED-TRACE 3655 1128 R 32 1189e3127
SCHED-TRACE 3656 1129 U 4 8c08a
SCHED-TRACE 3657 1129 V 4 8c0b0
SCHED-TRACE 3658 1129 O 0 0
SCHED-TRACE 3659 1129 P 32 118b122d1
SCHED-TRACE 3660 1130 K 32 118b122d1
SCHED-TRACE 3661 1130 P 32 118c4b852
SCHED-TRACE 3662 1131 I 32 8c525
SCHED-TRACE 3663 1131 B 32 b6
SCHED-TRACE 3664 1131 P 32 11963b645
SCHED-TRACE 3665 1131 R 32 11963b645
SCHED-TRACE 3666 1132 U 4 8c59d
SCHED-TRACE 3667 1132 V 4 8c5c5
SCHED-TRACE 3668 1132 O 0 0
SCHED-TRACE 3669 1132 P 32 119770625
SCHED-TRACE 3670 1133 K 32 119770625
SCHED-TRACE 3671 1133 P 32 1198ab852
SCHED-TRACE 3672 1134 I 32 8ca3c
SCHED-TRACE 3673 1134 B 32 b4
SCHED-TRACE 3674 1134 P 32 11a29b645
SCHED-TRACE 3675 1134 R 32 11a29b645
SCHED-TRACE 3676 1135 U 4 8cab5
SCHED-TRACE 3677 1135 V 4 8cadc
SCHED-TRACE 3678 1135 O 0 0
SCHED-TRACE 3679 1135 P 32 11a3d0a3d
SCHED-TRACE 3680 1136 K 32 11a3d0a3d
SCHED-TRACE 3681 1136 P 32 11a50b852
SCHED-TRACE 3682 1137 I 32 8cf53
SCHED-TRACE 3683 1137 B 32 b4
SCHED-TRACE 3684 1137 P 32 11aefa9fc
SCHED-TRACE 3685 1137 R 32 11aefa9fc
SCHED-TRACE 3686 1138 U 4 8cfcc
SCHED-TRACE 3687 1138 V 4 8cff4
SCHED-TRACE 3688 1138 O 0 0
SCHED-TRACE 3689 1138 P 32 11b031a9f
SCHED-TRACE 3690 1139 K 32 11b031a9f
SCHED-TRACE 3691 1139 P 32 11b16b021
SCHED-TRACE 3692 1140 I 32 8d46a
SCHED-TRACE 3693 1140 B 32 b2
SCHED-TRACE 3694 1140 P 32 11bb5a5e3
SCHED-TRACE 3695 1140 R 32 11bb5a5e3
SCHED-TRACE 3696 1141 U 4 8d4e2
SCHED-TRACE 3697 1141 V 4 8d509
SCHED-TRACE 3698 1141 O 0 0
SCHED-TRACE 3699 1141 P 32 11bc8e147
SCHED-TRACE 3700 1142 K 32 11bc8e147
SCHED-TRACE 3701 1142 P 32 11bdc8f5c
SCHED-TRACE 3702 1143 I 32 8d980
SCHED-TRACE 3703 1143 B 32 b5
SCHED-TRACE 3704 1143 P 32 11c7b8937
SCHED-TRACE 3705 1143 R 32 11c7b8937
SCHED-TRACE 3706 1144 U 4 8d9f8
SCHED-TRACE 3707 1144 V 4 8da20
SCHED-TRACE 3708 1144 O 0 0
SCHED-TRACE 3709 1144 P 32 11c8ef1aa
SCHED-TRACE 3710 1145 K 32 11c8ef1aa
SCHED-TRACE 3711 1145 P 32 11ca2a7ef
SCHED-TRACE 3712 1146 I 32 8de97
SCHED-TRACE 3713 1146 B 32 b5
SCHED-TRACE 3714 1146 P 32 11d419999
SCHED-TRACE 3715 1146 R 32 11d419999
SCHED-TRACE 3716 1147 U 4 8df10
SCHED-TRACE 3717 1147 V 4 8df38
SCHED-TRACE 3718 1147 O 0 0
SCHED-TRACE 3719 1147 P 32 11d54fdf3
SCHED-TRACE 3720 1148 K 32 11d54fdf3
SCHED-TRACE 3721 1148 P 32 11d68b852
SCHED-TRACE 3722 1149 I 32 8e3af
SCHED-TRACE 3723 1149 B 32 b3
SCHED-TRACE 3724 1149 P 32 11e07a9fc
SCHED-TRACE 3725 1149 R 32 11e07a9fc
SCHED-TRACE 3726 1150 U 4 8e428
SCHED-TRACE 3727 1150 V 4 8e44f
SCHED-TRACE 3728 1150 O 0 0
SCHED-TRACE 3729 1150 P 32 11e1af1aa
SCHED-TRACE 3730 1151 K 32 11e1af1aa
SCHED-TRACE 3731 1151 P 32 11e2e9ba6
SCHED-TRACE 3732 1152 I 32 8e8c6
SCHED-TRACE 3733 1152 B 32 b4
SCHED-TRACE 3734 1152 P 32 11ecd9db2
SCHED-TRACE 3735 1152 R 32 11ecd9db2
SCHED-TRACE 3736 1153 U 4 8e93e
SCHED-TRACE 3737 1153 V 4 8e965
SCHED-TRACE 3738 1153 O 0 0
SCHED-TRACE 3739 1153 P 32 11ee0d4fe
SCHED-TRACE 3740 1154 K 32 11ee0d4fe
SCHED-TRACE 3741 1154 P 32 11ef4872b
SCHED-TRACE 3742 1155 I 32 8eddc
SCHED-TRACE 3743 1155 B 32 b3
SCHED-TRACE 3744 1155 P 32 11f938106
SCHED-TRACE 3745 1155 R 32 11f938106
SCHED-TRACE 3746 1156 U 4 8ee55
SCHED-TRACE 3747 1156 V 4 8ee7d
SCHED-TRACE 3748 1156 O 0 0
SCHED-TRACE 3749 1156 P 32 11fa6dd2f
SCHED-TRACE 3750 1157 K 32 11fa6dd2f
SCHED-TRACE 3751 1157 P 32 11fba978d
SCHED-TRACE 3752 1158 I 32 8f2f4
SCHED-TRACE 3753 1158 B 32 b5
SCHED-TRACE 3754 1158 P 32 120599581
SCHED-TRACE 3755 1158 R 32 120599581
SCHED-TRACE 3756 1159 U 4 8f36d
SCHED-TRACE 3757 1159 V 4 8f395
SCHED-TRACE 3758 1159 O 0 0
SCHED-TRACE 3759 1159 P 32 1206cf1aa
SCHED-TRACE 3760 1160 K 32 1206cf1aa
SCHED-TRACE 3761 1160 P 32 12080a7ef
SCHED-TRACE 3762 1161 I 32 8f80c
SCHED-TRACE 3763 1161 B 32 b4
SCHED-TRACE 3764 1161 P 32 1211fa9fc
SCHED-TRACE 3765 1161 R 32 1211fa9fc
SCHED-TRACE 3766 1162 U 4 8f884
SCHED-TRACE 3767 1162 V 4 8f8ab
SCHED-TRACE 3768 1162 O 0 0
SCHED-TRACE 3769 1162 P 32 12132e979
SCHED-TRACE 3770 1163 K 32 12132e979
SCHED-TRACE 3771 1163 P 32 121469374
SCHED-TRACE 3772 1164 I 32 8fd22
SCHED-TRACE 3773 1164 B 32 b5
SCHED-TRACE 3774 1164 P 32 121e59168
SCHED-TRACE 3775 1164 R 32 121e59168
SCHED-TRACE 3776 1165 U 4 8fd9b
SCHED-TRACE 3777 1165 V 4 8fdc2
SCHED-TRACE 3778 1165 O 0 0
SCHED-TRACE 3779 1165 P 32 121f8f1aa
SCHED-TRACE 3780 1166 K 32 121f8f1aa
SCHED-TRACE 3781 1166 P 32 1220cac08
SCHED-TRACE 3782 1167 I 32 9023a
SCHED-TRACE 3783 1167 B 32 b5
SCHED-TRACE 3784 1167 P 32 122aba9fc
SCHED-TRACE 3785 1167 R 32 122aba9fc
SCHED-TRACE 3786 1168 U 4 902b2
SCHED-TRACE 3787 1168 V 4 902da
SCHED-TRACE 3788 1168 O 0 0
SCHED-TRACE 3789 1168 P 32 122beed91
SCHED-TRACE 3790 1169 K 32 122beed91
SCHED-TRACE 3791 1169 P 32 122d29374
SCHED-TRACE 3792 1170 I 32 90750
SCHED-TRACE 3793 1170 B 32 b3
SCHED-TRACE 3794 1170 P 32 123718106
SCHED-TRACE 3795 1170 R 32 123718106
SCHED-TRACE 3796 1171 U 4 907c8
SCHED-TRACE 3797 1171 V 4 907f0
SCHED-TRACE 3798 1171 O 0 0
SCHED-TRACE 3799 1171 P 32 12384dd2f
SCHED-TRACE 3800 1172 K 32 12384dd2f
SCHED-TRACE 3801 1172 P 32 123987efa
SCHED-TRACE 3802 1173 I 32 90c66
SCHED-TRACE 3803 1173 B 32 b5
SCHED-TRACE 3804 1173 P 32 124376c8b
SCHED-TRACE 3805 1173 R 32 124376c8b
SCHED-TRACE 3806 1174 U 4 90cde
SCHED-TRACE 3807 1174 V 4 90d06
SCHED-TRACE 3808 1174 O 0 0
SCHED-TRACE 3809 1174 P 32 1244aa7ef
SCHED-TRACE 3810 1175 K 32 1244aa7ef
SCHED-TRACE 3811 1175 P 32 1245e4dd3
SCHED-TRACE 3812 1176 I 32 9117c
SCHED-TRACE 3813 1176 B 32 b4
SCHED-TRACE 3814 1176 P 32 124fd47ae
SCHED-TRACE 3815 1176 R 32 124fd47ae
SCHED-TRACE 3816 1177 U 4 911f4
SCHED-TRACE 3817 1177 V 4 9121b
SCHED-TRACE 3818 1177 O 0 0
SCHED-TRACE 3819 1177 P 32 12510978d
SCHED-TRACE 3820 1178 K 32 12510978d
SCHED-TRACE 3821 1178 P 32 1252445a2
SCHED-TRACE 3822 1179 I 32 91692
SCHED-TRACE 3823 1179 B 32 b4
SCHED-TRACE 3824 1179 P 32 125c3374c
SCHED-TRACE 3825 1179 R 32 125c3374c
SCHED-TRACE 3826 1180 U 4 9170b
SCHED-TRACE 3827 1180 V 4 91732
SCHED-TRACE 3828 1180 O 0 0
SCHED-TRACE 3829 1180 P 32 125d6872b
SCHED-TRACE 3830 1181 K 32 125d6872b
SCHED-TRACE 3831 1181 P 32 125ea3d70
SCHED-TRACE 3832 1182 I 32 91ba9
SCHED-TRACE 3833 1182 B 32 b5
SCHED-TRACE 3834 1182 P 32 126893333
SCHED-TRACE 3835 1182 R 32 126893333
SCHED-TRACE 3836 1183 U 4 91c22
SCHED-TRACE 3837 1183 V 4 91c49
SCHED-TRACE 3838 1183 O 0 0
SCHED-TRACE 3839 1183 P 32 1269c76c8
SCHED-TRACE 3840 1184 K 32 1269c76c8
SCHED-TRACE 3841 1184 P 32 126b020c4
SCHED-TRACE 3842 1185 I 32 920c0
SCHED-TRACE 3843 1185 B 32 b4
SCHED-TRACE 3844 1185 P 32 1274f1eb8
SCHED-TRACE 3845 1185 R 32 1274f1eb8
SCHED-TRACE 3846 1186 U 4 92137
SCHED-TRACE 3847 1186 V 4 9215d
SCHED-TRACE 3848 1186 O 0 0
SCHED-TRACE 3849 1186 P 32 1276220c4
SCHED-TRACE 3850 1187 K 32 1276220c4
SCHED-TRACE 3851 1187 P 32 12775d70a
SCHED-TRACE 3852 1188 I 32 925d3
SCHED-TRACE 3853 1188 B 32 b6
SCHED-TRACE 3854 1188 P 32 12814bc6a
SCHED-TRACE 3855 1188 R 32 12814bc6a
SCHED-TRACE 3856 1189 U 4 9264c
SCHED-TRACE 3857 1189 V 4 92674
SCHED-TRACE 3858 1189 O 0 0
SCHED-TRACE 3859 1189 P 32 128281062
SCHED-TRACE 3860 1190 K 32 128281062
SCHED-TRACE 3861 1190 P 32 1283bc28f
SCHED-TRACE 3862 1191 I 32 92aea
SCHED-TRACE 3863 1191 B 32 b4
SCHED-TRACE 3864 1191 P 32 128da9fbe
SCHED-TRACE 3865 1191 R 32 128da9fbe
SCHED-TRACE 3866 1192 U 4 92b63
SCHED-TRACE 3867 1192 V 4 92b8a
SCHED-TRACE 3868 1192 O 0 0
SCHED-TRACE 3869 1192 P 32 128edef9d
SCHED-TRACE 3870 1193 K 32 128edef9d
SCHED-TRACE 3871 1193 P 32 12901a9fc
SCHED-TRACE 3872 1194 I 32 93001
SCHED-TRACE 3873 1194 B 32 b5
SCHED-TRACE 3874 1194 P 32 129a09374
SCHED-TRACE 3875 1194 R 32 129a09374
SCHED-TRACE 3876 1195 U 4 93079
SCHED-TRACE 3877 1195 V 4 9309f
SCHED-TRACE 3878 1195 O 0 0
SCHED-TRACE 3879 1195 P 32 129b3b645
SCHED-TRACE 3880 1196 K 32 129b3b645
SCHED-TRACE 3881 1196 P 32 129c753f8
SCHED-TRACE 3882 1197 I 32 93515
SCHED-TRACE 3883 1197 B 32 b4
SCHED-TRACE 3884 1197 P 32 12a663d70
SCHED-TRACE 3885 1197 R 32 12a663d70
SCHED-TRACE 3886 1198 U 4 9358d
SCHED-TRACE 3887 1198 V 4 935b5
SCHED-TRACE 3888 1198 O 0 0
SCHED-TRACE 3889 1198 P 32 12a798937
SCHED-TRACE 3890 1199 K 32 12a798937
SCHED-TRACE 3891 1199 P 32 12a8d374c
SCHED-TRACE 3892 1200 I 32 93a2c
SCHED-TRACE 3893 1200 B 32 b2
SCHED-TRACE 3894 1200 P 32 12b2c2d0e
SCHED-TRACE 3895 1200 R 32 12b2c2d0e
SCHED-TRACE 3896 1201 U 4 93aa5
SCHED-TRACE 3897 1201 V 4 93acc
SCHED-TRACE 3898 1201 O 0 0
SCHED-TRACE 3899 1201 P 32 12b3f851e
SCHED-TRACE 3900 1202 K 32 12b3f851e
SCHED-TRACE 3901 1202 P 32 12b533b64
SCHED-TRACE 3902 1203 I 32 93f43
SCHED-TRACE 3903 1203 B 32 b5
SCHED-TRACE 3904 1203 P 32 12bf22d0e
SCHED-TRACE 3905 1203 R 32 12bf22d0e
SCHED-TRACE 3906 1204 U 4 93fbc
SCHED-TRACE 3907 1204 V 4 93fe4
SCHED-TRACE 3908 1204 O 0 0
SCHED-TRACE 3909 1204 P 32 12c05ae14
SCHED-TRACE 3910 1205 K 32 12c05ae14
SCHED-TRACE 3911 1205 P 32 12c193b64
SCHED-TRACE 3912 1206 I 32 9445a
SCHED-TRACE 3913 1206 B 32 b4
SCHED-TRACE 3914 1206 P 32 12cb83127
SCHED-TRACE 3915 1206 R 32 12cb83127
SCHED-TRACE 3916 1207 U 4 944d2
SCHED-TRACE 3917 1207 V 4 944f9
SCHED-TRACE 3918 1207 O 0 0
SCHED-TRACE 3919 1207 P 32 12ccb70a4
SCHED-TRACE 3920 1208 K 32 12ccb70a4
SCHED-TRACE 3921 1208 P 32 12cdf1a9f
SCHED-TRACE 3922 1209 I 32 94970
SCHED-TRACE 3923 1209 B 32 b5
SCHED-TRACE 3924 1209 P 32 12d7e1893
SCHED-TRACE 3925 1209 R 32 12d7e1893
SCHED-TRACE 3926 1210 U 4 949e8
SCHED-TRACE 3927 1210 V 4 94a10
SCHED-TRACE 3928 1210 O 0 0
SCHED-TRACE 3929 1210 P 32 12d9178d5
SCHED-TRACE 3930 1211 K 32 12d9178d5
SCHED-TRACE 3931 1211 P 32 12da52b02
SCHED-TRACE 3932 1212 I 32 94e87
SCHED-TRACE 3933 1212 B 32 b5
SCHED-TRACE 3934 1212 P 32 12e4428f6
SCHED-TRACE 3935 1212 R 32 12e4428f6
SCHED-TRACE 3936 1213 U 4 94f00
SCHED-TRACE 3937 1213 V 4 94f27
SCHED-TRACE 3938 1213 O 0 0
SCHED-TRACE 3939 1213 P 32 12e57851e
SCHED-TRACE 3940 1214 K 32 12e57851e
SCHED-TRACE 3941 1214 P 32 12e6b3b64
SCHED-TRACE 3942 1215 I 32 9539e
SCHED-TRACE 3943 1215 B 32 b3
SCHED-TRACE 3944 1215 P 32 12f0a147b
SCHED-TRACE 3945 1215 R 32 12f0a147b
SCHED-TRACE 3946 1216 U 4 95417
SCHED-TRACE 3947 1216 V 4 9543e
SCHED-TRACE 3948 1216 O 0 0
SCHED-TRACE 3949 1216 P 32 12f1d53f8
SCHED-TRACE 3950 1217 K 32 12f1d53f8
SCHED-TRACE 3951 1217 P 32 12f31020c
SCHED-TRACE 3952 1218 I 32 958b4
SCHED-TRACE 3953 1218 B 32 b5
SCHED-TRACE 3954 1218 P 32 12fcfef9d
SCHED-TRACE 3955 1218 R 32 12fcfef9d
SCHED-TRACE 3956 1219 U 4 9592c
SCHED-TRACE 3957 1219 V 4 95953
SCHED-TRACE 3958 1219 O 0 0
SCHED-TRACE 3959 1219 P 32 12fe32b02
SCHED-TRACE 3960 1220 K 32 12fe32b02
SCHED-TRACE 3961 1220 P 32 12ff6e560
SCHED-TRACE 3962 1221 I 32 95dca
SCHED-TRACE 3963 1221 B 32 b4
SCHED-TRACE 3964 1221 P 32 13095ced9
SCHED-TRACE 3965 1221 R 32 13095ced9
SCHED-TRACE 3966 1222 U 4 95e43
SCHED-TRACE 3967 1222 V 4 95e6b
SCHED-TRACE 3968 1222 O 0 0
SCHED-TRACE 3969 1222 P 32 130a9374c
SCHED-TRACE 3970 1223 K 32 130a9374c
SCHED-TRACE 3971 1223 P 32 130bcf1aa
SCHED-TRACE 3972 1224 I 32 962e2
SCHED-TRACE 3973 1224 B 32 b5
SCHED-TRACE 3974 1224 P 32 1315be354
SCHED-TRACE 3975 1224 R 32 1315be354
SCHED-TRACE 3976 1225 U 4 9635b
SCHED-TRACE 3977 1225 V 4 96382
SCHED-TRACE 3978 1225 O 0 0
SCHED-TRACE 3979 1225 P 32 1316f3b64
SCHED-TRACE 3980 1226 K 32 1316f3b64
SCHED-TRACE 3981 1226 P 32 13182dd2f
SCHED-TRACE 3982 1227 I 32 967f9
SCHED-TRACE 3983 1227 B 32 b0
SCHED-TRACE 3984 1227 P 32 13221c6a8
SCHED-TRACE 3985 1227 R 32 13221c6a8
SCHED-TRACE 3986 1228 U 4 96871
SCHED-TRACE 3987 1228 V 4 96898
SCHED-TRACE 3988 1228 O 0 0
SCHED-TRACE 3989 1228 P 32 13234ed91
SCHED-TRACE 3990 1229 K 32 13234ed91
SCHED-TRACE 3991 1229 P 32 132488f5c
SCHED-TRACE 3992 1230 I 32 96d0e
SCHED-TRACE 3993 1230 B 32 b3
SCHED-TRACE 3994 1230 P 32 132e778d5
SCHED-TRACE 3995 1230 R 32 132e778d5
SCHED-TRACE 3996 1231 U 4 96d86
SCHED-TRACE 3997 1231 V 4 96dae
SCHED-TRACE 3998 1231 O 0 0
SCHED-TRACE 3999 1231 P 32 132fac8b4
SCHED-TRACE 4000 1232 K 32 132fac8b4
SCHED-TRACE 4001 1232 P 32 1330e872b
SCHED-TRACE 4002 1233 I 32 97225
SCHED-TRACE 4003 1233 B 32 b5
SCHED-TRACE 4004 1233 P 32 133ad74bc
SCHED-TRACE 4005 1233 R 32 133ad74bc
SCHED-TRACE 4006 1234 U 4 9729e
SCHED-TRACE 4007 1234 V 4 972c6
SCHED-TRACE 4008 1234 O 0 0
SCHED-TRACE 4009 1234 P 32 133c0d4fe
SCHED-TRACE 4010 1235 K 32 133c0d4fe
SCHED-TRACE 4011 1235 P 32 133d4872b
SCHED-TRACE 4012 1236 I 32 9773d
SCHED-TRACE 4013 1236 B 32 b4
SCHED-TRACE 4014 1236 P 32 134738937
SCHED-TRACE 4015 1236 R 32 134738937
SCHED-TRACE 4016 1237 U 4 977b6
SCHED-TRACE 4017 1237 V 4 977de
SCHED-TRACE 4018 1237 O 0 0
SCHED-TRACE 4019 1237 P 32 13487020c
SCHED-TRACE 4020 1238 K 32 13487020c
SCHED-TRACE 4021 1238 P 32 1349ab021
SCHED-TRACE 4022 1239 I 32 97c55
SCHED-TRACE 4023 1239 B 32 b5
SCHED-TRACE 4024 1239 P 32 13539a5e3
SCHED-TRACE 4025 1239 R 32 13539a5e3
SCHED-TRACE 4026 1240 U 4 97cce
SCHED-TRACE 4027 1240 V 4 97cf5
SCHED-TRACE 4028 1240 O 0 0
SCHED-TRACE 4029 1240 P 32 1354cfdf3
SCHED-TRACE 4030 1241 K 32 1354cfdf3
SCHED-TRACE 4031 1241 P 32 13560a3d7
SCHED-TRACE 4032 1242 I 32 9816c
SCHED-TRACE 4033 1242 B 32 b2
SCHED-TRACE 4034 1242 P 32 135ff8d50
SCHED-TRACE 4035 1242 R 32 135ff8d50
SCHED-TRACE 4036 1243 U 4 981e3
SCHED-TRACE 4037 1243 V 4 9820a
SCHED-TRACE 4038 1243 O 0 0
SCHED-TRACE 4039 1243 P 32 13612d916
SCHED-TRACE 4040 1244 K 32 13612d916
SCHED-TRACE 4041 1244 P 32 136268312
SCHED-TRACE 4042 1245 I 32 98681
SCHED-TRACE 4043 1245 B 32 b4
SCHED-TRACE 4044 1245 P 32 136c58106
SCHED-TRACE 4045 1245 R 32 136c58106
SCHED-TRACE 4046 1246 U 4 986fa
SCHED-TRACE 4047 1246 V 4 98721
SCHED-TRACE 4048 1246 O 0 0
SCHED-TRACE 4049 1246 P 32 136d8cccd
SCHED-TRACE 4050 1247 K 32 136d8cccd
SCHED-TRACE 4051 1247 P 32 136ec8312
SCHED-TRACE 4052 1248 I 32 98b98
SCHED-TRACE 4053 1248 B 32 b6
SCHED-TRACE 4054 1248 P 32 1378b7ced
SCHED-TRACE 4055 1248 R 32 1378b7ced
SCHED-TRACE 4056 1249 U 4 98c11
SCHED-TRACE 4057 1249 V 4 98c38
SCHED-TRACE 4058 1249 O 0 0
SCHED-TRACE 4059 1249 P 32 1379ec49b
SCHED-TRACE 4060 1250 K 32 1379ec49b
SCHED-TRACE 4061 1250 P 32 137b26e97
SCHED-TRACE 4062 1251 I 32 990af
SCHED-TRACE 4063 1251 B 32 b5
SCHED-TRACE 4064 1251 P 32 1385174bc
SCHED-TRACE 4065 1251 R 32 1385174bc
SCHED-TRACE 4066 1252 U 4 99127
SCHED-TRACE 4067 1252 V 4 9914d
SCHED-TRACE 4068 1252 O 0 0
SCHED-TRACE 4069 1252 P 32 13864978d
SCHED-TRACE 4070 1253 K 32 13864978d
SCHED-TRACE 4071 1253 P 32 1387849ba
SCHED-TRACE 4072 1254 I 32 995c3
SCHED-TRACE 4073 1254 B 32 b6
SCHED-TRACE 4074 1254 P 32 1391726e9
SCHED-TRACE 4075 1254 R 32 1391726e9
SCHED-TRACE 4076 1255 U 4 9963c
SCHED-TRACE 4077 1255 V 4 99664
SCHED-TRACE 4078 1255 O 0 0
SCHED-TRACE 4079 1255 P 32 1392a872b
SCHED-TRACE 4080 1256 K 32 1392a872b
SCHED-TRACE 4081 1256 P 32 1393e1cac
SCHED-TRACE 4082 1257 I 32 99adb
SCHED-TRACE 4083 1257 B 32 ad
SCHED-TRACE 4084 1257 P 32 139dd1687
SCHED-TRACE 4085 1257 R 32 139dd1687
SCHED-TRACE 4086 1258 U 4 99b53
SCHED-TRACE 4087 1258 V 4 99b7a
SCHED-TRACE 4088 1258 O 0 0
SCHED-TRACE 4089 1258 P 32 139f04dd3
SCHED-TRACE 4090 1259 K 32 139f04dd3
SCHED-TRACE 4091 1259 P 32 13a040000
SCHED-TRACE 4092 1260 I 32 99ff1
SCHED-TRACE 4093 1260 B 32 b4
SCHED-TRACE 4094 1260 P 32 13aa2f9db
SCHED-TRACE 4095 1260 R 32 13aa2f9db
SCHED-TRACE 4096 1261 U 4 9a06a
SCHED-TRACE 4097 1261 V 4 9a090
SCHED-TRACE 4098 1261 O 0 0
SCHED-TRACE 4099 1261 P 32 13ab60000
SCHED-TRACE 4100 1262 K 32 13ab60000
SCHED-TRACE 4101 1262 P 32 13ac99581
SCHED-TRACE 4102 1263 I 32 9a506
SCHED-TRACE 4103 1263 B 32 b4
SCHED-TRACE 4104 1263 P 32 13b68978d
SCHED-TRACE 4105 1263 R 32 13b68978d
SCHED-TRACE 4106 1264 U 4 9a57e
SCHED-TRACE 4107 1264 V 4 9a5a6
SCHED-TRACE 4108 1264 O 0 0
SCHED-TRACE 4109 1264 P 32 13b7bdb23
SCHED-TRACE 4110 1265 K 32 13b7bdb23
SCHED-TRACE 4111 1265 P 32 13b8f8937
SCHED-TRACE 4112 1266 I 32 9aa1c
SCHED-TRACE 4113 1266 B 32 b3
SCHED-TRACE 4114 1266 P 32 13c2e6666
SCHED-TRACE 4115 1266 R 32 13c2e6666
SCHED-TRACE 4116 1267 U 4 9aa95
SCHED-TRACE 4117 1267 V 4 9aabc
SCHED-TRACE 4118 1267 O 0 0
SCHED-TRACE 4119 1267 P 32 13c41ba5e
SCHED-TRACE 4120 1268 K 32 13c41ba5e
SCHED-TRACE 4121 1268 P 32 13c556c8b
SCHED-TRACE 4122 1269 I 32 9af33
SCHED-TRACE 4123 1269 B 32 b5
SCHED-TRACE 4124 1269 P 32 13cf45e35
SCHED-TRACE 4125 1269 R 32 13cf45e35
SCHED-TRACE 4126 1270 U 4 9afac
SCHED-TRACE 4127 1270 V 4 9afd4
SCHED-TRACE 4128 1270 O 0 0
SCHED-TRACE 4129 1270 P 32 13d07ced9
SCHED-TRACE 4130 1271 K 32 13d07ced9
SCHED-TRACE 4131 1271 P 32 13d1b6041
SCHED-TRACE 4132 1272 I 32 9b44b
SCHED-TRACE 4133 1272 B 32 b0
SCHED-TRACE 4134 1272 P 32 13dba5a1c
SCHED-TRACE 4135 1272 R 32 13dba5a1c
SCHED-TRACE 4136 1273 U 4 9b4c3
SCHED-TRACE 4137 1273 V 4 9b4ea
SCHED-TRACE 4138 1273 O 0 0
SCHED-TRACE 4139 1273 P 32 13dcd9581
SCHED-TRACE 4140 1274 K 32 13dcd9581
SCHED-TRACE 4141 1274 P 32 13de14395
SCHED-TRACE 4142 1275 I 32 9b961
SCHED-TRACE 4143 1275 B 32 b4
SCHED-TRACE 4144 1275 P 32 13e803958
SCHED-TRACE 4145 1275 R 32 13e803958
SCHED-TRACE 4146 1276 U 4 9b9da
SCHED-TRACE 4147 1276 V 4 9ba01
SCHED-TRACE 4148 1276 O 0 0
SCHED-TRACE 4149 1276 P 32 13e93a5e3
SCHED-TRACE 4150 1277 K 32 13e93a5e3
SCHED-TRACE 4151 1277 P 32 13ea75810
SCHED-TRACE 4152 1278 I 32 9be78
SCHED-TRACE 4153 1278 B 32 b3
SCHED-TRACE 4154 1278 P 32 13f46353f
SCHED-TRACE 4155 1278 R 32 13f46353f
SCHED-TRACE 4156 1279 U 4 9bef1
SCHED-TRACE 4157 1279 V 4 9bf19
SCHED-TRACE 4158 1279 O 0 0
SCHED-TRACE 4159 1279 P 32 13f59a1ca
SCHED-TRACE 4160 1280 K 32 13f59a1ca
SCHED-TRACE 4161 1280 P 32 13f6d5810
SCHED-TRACE 4162 1281 I 32 9c390
SCHED-TRACE 4163 1281 B 32 b4
SCHED-TRACE 4164 1281 P 32 1400c4189
SCHED-TRACE 4165 1281 R 32 1400c4189
SCHED-TRACE 4166 1282 U 4 9c409
SCHED-TRACE 4167 1282 V 4 9c430
SCHED-TRACE 4168 1282 O 0 0
SCHED-TRACE 4169 1282 P 32 1401f851e
SCHED-TRACE 4170 1283 K 32 1401f851e
SCHED-TRACE 4171 1283 P 32 140333333
SCHED-TRACE 4172 1284 I 32 9c8a6
SCHED-TRACE 4173 1284 B 32 b5
SCHED-TRACE 4174 1284 P 32 140d21cac
SCHED-TRACE 4175 1284 R 32 140d21cac
SCHED-TRACE 4176 1285 U 4 9c91e
SCHED-TRACE 4177 1285 V 4 9c945
SCHED-TRACE 4178 1285 O 0 0
SCHED-TRACE 4179 1285 P 32 140e54fdf
SCHED-TRACE 4180 1286 K 32 140e54fdf
SCHED-TRACE 4181 1286 P 32 140f8ed91
SCHED-TRACE 4182 1287 I 32 9cdbc
SCHED-TRACE 4183 1287 B 32 b0
SCHED-TRACE 4184 1287 P 32 14197eb85
SCHED-TRACE 4185 1287 R 32 14197eb85
SCHED-TRACE 4186 1288 U 4 9ce35
SCHED-TRACE 4187 1288 V 4 9ce5c
SCHED-TRACE 4188 1288 O 0 0
SCHED-TRACE 4189 1288 P 32 141ab3b64
SCHED-TRACE 4190 1289 K 32 141ab3b64
SCHED-TRACE 4191 1289 P 32 141bef5c2
SCHED-TRACE 4192 1290 I 32 9d2d3
SCHED-TRACE 4193 1290 B 32 b4
SCHED-TRACE 4194 1290 P 32 1425ddf3b
SCHED-TRACE 4195 1290 R 32 1425ddf3b
SCHED-TRACE 4196 1291 U 4 9d34c
SCHED-TRACE 4197 1291 V 4 9d373
SCHED-TRACE 4198 1291 O 0 0
SCHED-TRACE 4199 1291 P 32 14271374c
SCHED-TRACE 4200 1292 K 32 14271374c
SCHED-TRACE 4201 1292 P 32 14284f1aa
SCHED-TRACE 4202 1293 I 32 9d7ea
SCHED-TRACE 4203 1293 B 32 b4
SCHED-TRACE 4204 1293 P 32 14323cac0
SCHED-TRACE 4205 1293 R 32 14323cac0
SCHED-TRACE 4206 1294 U 4 9d863
SCHED-TRACE 4207 1294 V 4 9d88a
SCHED-TRACE 4208 1294 O 0 0
SCHED-TRACE 4209 1294 P 32 14337020c
SCHED-TRACE 4210 1295 K 32 14337020c
SCHED-TRACE 4211 1295 P 32 1434aa7ef
SCHED-TRACE 4212 1296 I 32 9dd01
SCHED-TRACE 4213 1296 B 32 b4
SCHED-TRACE 4214 1296 P 32 143e9b22d
SCHED-TRACE 4215 1296 R 32 143e9b22d
SCHED-TRACE 4216 1297 U 4 9dd7a
SCHED-TRACE 4217 1297 V 4 9dda1
SCHED-TRACE 4218 1297 O 0 0
SCHED-TRACE 4219 1297 P 32 143fd020c
SCHED-TRACE 4220 1298 K 32 143fd020c
SCHED-TRACE 4221 1298 P 32 14410c49b
SCHED-TRACE 4222 1299 I 32 9e218
SCHED-TRACE 4223 1299 B 32 b4
SCHED-TRACE 4224 1299 P 32 144afa1ca
SCHED-TRACE 4225 1299 R 32 144afa1ca
SCHED-TRACE 4226 1300 U 4 9e291
SCHED-TRACE 4227 1300 V 4 9e2b8
SCHED-TRACE 4228 1300 O 0 0
SCHED-TRACE 4229 1300 P 32 144c3020c
SCHED-TRACE 4230 1301 K 32 144c3020c
SCHED-TRACE 4231 1301 P 32 144d6a7ef
SCHED-TRACE 4232 1302 I 32 9e72f
SCHED-TRACE 4233 1302 B 32 b1
SCHED-TRACE 4234 1302 P 32 145758937
SCHED-TRACE 4235 1302 R 32 145758937
SCHED-TRACE 4236 1303 U 4 9e7a8
SCHED-TRACE 4237 1303 V 4 9e7cf
SCHED-TRACE 4238 1303 O 0 0
SCHED-TRACE 4239 1303 P 32 14588e979
SCHED-TRACE 4240 1304 K 32 14588e979
SCHED-TRACE 4241 1304 P 32 1459c9374
SCHED-TRACE 4242 1305 I 32 9ec46
SCHED-TRACE 4243 1305 B 32 b4
SCHED-TRACE 4244 1305 P 32 1463b7ced
SCHED-TRACE 4245 1305 R 32 1463b7ced
SCHED-TRACE 4246 1306 U 4 9ecbf
SCHED-TRACE 4247 1306 V 4 9ece6
SCHED-TRACE 4248 1306 O 0 0
SCHED-TRACE 4249 1306 P 32 1464ed4fe
SCHED-TRACE 4250 1307 K 32 1464ed4fe
SCHED-TRACE 4251 1307 P 32 146628312
SCHED-TRACE 4252 1308 I 32 9f15d
SCHED-TRACE 4253 1308 B 32 b4
SCHED-TRACE 4254 1308 P 32 1470174bc
SCHED-TRACE 4255 1308 R 32 1470174bc
SCHED-TRACE 4256 1309 U 4 9f1d5
SCHED-TRACE 4257 1309 V 4 9f1fd
SCHED-TRACE 4258 1309 O 0 0
SCHED-TRACE 4259 1309 P 32 14714e147
SCHED-TRACE 4260 1310 K 32 14714e147
SCHED-TRACE 4261 1310 P 32 14728978d
SCHED-TRACE 4262 1311 I 32 9f674
SCHED-TRACE 4263 1311 B 32 b4
SCHED-TRACE 4264 1311 P 32 147c778d5
SCHED-TRACE 4265 1311 R 32 147c778d5
SCHED-TRACE 4266 1312 U 4 9f6ed
SCHED-TRACE 4267 1312 V 4 9f715
SCHED-TRACE 4268 1312 O 0 0
SCHED-TRACE 4269 1312 P 32 147dae147
SCHED-TRACE 4270 1313 K 32 147dae147
SCHED-TRACE 4271 1313 P 32 147ee9fbe
SCHED-TRACE 4272 1314 I 32 9fb8c
SCHED-TRACE 4273 1314 B 32 b5
SCHED-TRACE 4274 1314 P 32 1488d8d50
SCHED-TRACE 4275 1314 R 32 1488d8d50
SCHED-TRACE 4276 1315 U 4 9fc05
SCHED-TRACE 4277 1315 V 4 9fc2d
SCHED-TRACE 4278 1315 O 0 0
SCHED-TRACE 4279 1315 P 32 148a0e979
SCHED-TRACE 4280 1316 K 32 148a0e979
SCHED-TRACE 4281 1316 P 32 148b48b43
SCHED-TRACE 4282 1317 I 32 a00a4
SCHED-TRACE 4283 1317 B 32 af
SCHED-TRACE 4284 1317 P 32 14953851e
SCHED-TRACE 4285 1317 R 32 14953851e
SCHED-TRACE 4286 1318 U 4 a0119
SCHED-TRACE 4287 1318 V 4 a013e
SCHED-TRACE 4288 1318 O 0 0
SCHED-TRACE 4289 1318 P 32 149663958
SCHED-TRACE 4290 1319 K 32 149663958
SCHED-TRACE 4291 1319 P 32 14979ced9
SCHED-TRACE 4292 1320 I 32 a05b3
SCHED-TRACE 4293 1320 B 32 b4
SCHED-TRACE 4294 1320 P 32 14a18c49b
SCHED-TRACE 4295 1320 R 32 14a18c49b
SCHED-TRACE 4296 1321 U 4 a062c
SCHED-TRACE 4297 1321 V 4 a0653
SCHED-TRACE 4298 1321 O 0 0
SCHED-TRACE 4299 1321 P 32 14a2c1062
SCHED-TRACE 4300 1322 K 32 14a2c1062
SCHED-TRACE 4301 1322 P 32 14a3fba5e
SCHED-TRACE 4302 1323 I 32 a0aca
SCHED-TRACE 4303 1323 B 32 b3
SCHED-TRACE 4304 1323 P 32 14adeb852
SCHED-TRACE 4305 1323 R 32 14adeb852
SCHED-TRACE 4306 1324 U 4 a0b43
SCHED-TRACE 4307 1324 V 4 a0b6a
SCHED-TRACE 4308 1324 O 0 0
SCHED-TRACE 4309 1324 P 32 14af20000
SCHED-TRACE 4310 1325 K 32 14af20000
SCHED-TRACE 4311 1325 P 32 14b05ba5e
SCHED-TRACE 4312 1326 I 32 a0fe1
SCHED-TRACE 4313 1326 B 32 b4
SCHED-TRACE 4314 1326 P 32 14ba4b852
SCHED-TRACE 4315 1326 R 32 14ba4b852
SCHED-TRACE 4316 1327 U 4 a105a
SCHED-TRACE 4317 1327 V 4 a1080
SCHED-TRACE 4318 1327 O 0 0
SCHED-TRACE 4319 1327 P 32 14bb7d2f1
SCHED-TRACE 4320 1328 K 32 14bb7d2f1
SCHED-TRACE 4321 1328 P 32 14bcb70a4
SCHED-TRACE 4322 1329 I 32 a14f6
SCHED-TRACE 4323 1329 B 32 b5
SCHED-TRACE 4324 1329 P 32 14c6a6666
SCHED-TRACE 4325 1329 R 32 14c6a6666
SCHED-TRACE 4326 1330 U 4 a156e
SCHED-TRACE 4327 1330 V 4 a1595
SCHED-TRACE 4328 1330 O 0 0
SCHED-TRACE 4329 1330 P 32 14c7da1ca
SCHED-TRACE 4330 1331 K 32 14c7da1ca
SCHED-TRACE 4331 1331 P 32 14c914bc6
SCHED-TRACE 4332 1332 I 32 a1a0c
SCHED-TRACE 4333 1332 B 32 b1
SCHED-TRACE 4334 1332 P 32 14d303127
SCHED-TRACE 4335 1332 R 32 14d303127
SCHED-TRACE 4336 1333 U 4 a1a84
SCHED-TRACE 4337 1333 V 4 a1aab
SCHED-TRACE 4338 1333 O 0 0
SCHED-TRACE 4339 1333 P 32 14d4374bc
SCHED-TRACE 4340 1334 K 32 14d4374bc
SCHED-TRACE 4341 1334 P 32 14d5726e9
SCHED-TRACE 4342 1335 I 32 a1f22
SCHED-TRACE 4343 1335 B 32 b5
SCHED-TRACE 4344 1335 P 32 14df61062
SCHED-TRACE 4345 1335 R 32 14df61062
SCHED-TRACE 4346 1336 U 4 a1f9b
SCHED-TRACE 4347 1336 V 4 a1fc3
SCHED-TRACE 4348 1336 O 0 0
SCHED-TRACE 4349 1336 P 32 14e0974bc
SCHED-TRACE 4350 1337 K 32 14e0974bc
SCHED-TRACE 4351 1337 P 32 14e1d0625
SCHED-TRACE 4352 1338 I 32 a2439
SCHED-TRACE 4353 1338 B 32 b4
SCHED-TRACE 4354 1338 P 32 14ebbfbe7
SCHED-TRACE 4355 1338 R 32 14ebbfbe7
SCHED-TRACE 4356 1339 U 4 a24b1
SCHED-TRACE 4357 1339 V 4 a24d8
SCHED-TRACE 4358 1339 O 0 0
SCHED-TRACE 4359 1339 P 32 14ecf3333
SCHED-TRACE 4360 1340 K 32 14ecf3333
SCHED-TRACE 4361 1340 P 32 14ee2dd2f
SCHED-TRACE 4362 1341 I 32 a294f
SCHED-TRACE 4363 1341 B 32 b5
SCHED-TRACE 4364 1341 P 32 14f81e354
SCHED-TRACE 4365 1341 R 32 14f81e354
SCHED-TRACE 4366 1342 U 4 a29c7
SCHED-TRACE 4367 1342 V 4 a29ef
SCHED-TRACE 4368 1342 O 0 0
SCHED-TRACE 4369 1342 P 32 14f9547ae
SCHED-TRACE 4370 1343 K 32 14f9547ae
SCHED-TRACE 4371 1343 P 32 14fa8f5c2
SCHED-TRACE 4372 1344 I 32 a2e66
SCHED-TRACE 4373 1344 B 32 b3
SCHED-TRACE 4374 1344 P 32 15047eb85
SCHED-TRACE 4375 1344 R 32 15047eb85
SCHED-TRACE 4376 1345 U 4 a2edf
SCHED-TRACE 4377 1345 V 4 a2f06
SCHED-TRACE 4378 1345 O 0 0
SCHED-TRACE 4379 1345 P 32 1505b3f7d
SCHED-TRACE 4380 1346 K 32 1505b3f7d
SCHED-TRACE 4381 1346 P 32 1506ee147
SCHED-TRACE 4382 1347 I 32 a337d
SCHED-TRACE 4383 1347 B 32 b0
SCHED-TRACE 4384 1347 P 32 1510dced9
SCHED-TRACE 4385 1347 R 32 1510dced9
SCHED-TRACE 4386 1348 U 4 a33f5
SCHED-TRACE 4387 1348 V 4 a341d
SCHED-TRACE 4388 1348 O 0 0
SCHED-TRACE 4389 1348 P 32 151211687
SCHED-TRACE 4390 1349 K 32 151211687
SCHED-TRACE 4391 1349 P 32 15134c083
SCHED-TRACE 4392 1350 I 32 a3893
SCHED-TRACE 4393 1350 B 32 b4
SCHED-TRACE 4394 1350 P 32 151d3ae14
SCHED-TRACE 4395 1350 R 32 151d3ae14
SCHED-TRACE 4396 1351 U 4 a390b
SCHED-TRACE 4397 1351 V 4 a3932
SCHED-TRACE 4398 1351 O 0 0
SCHED-TRACE 4399 1351 P 32 151e6e560
SCHED-TRACE 4400 1352 K 32 151e6e560
SCHED-TRACE 4401 1352 P 32 151fa9374
SCHED-TRACE 4402 1353 I 32 a3da9
SCHED-TRACE 4403 1353 B 32 b4
SCHED-TRACE 4404 1353 P 32 152999168
SCHED-TRACE 4405 1353 R 32 152999168
SCHED-TRACE 4406 1354 U 4 a3e22
SCHED-TRACE 4407 1354 V 4 a3e4a
SCHED-TRACE 4408 1354 O 0 0
SCHED-TRACE 4409 1354 P 32 152acf1aa
SCHED-TRACE 4410 1355 K 32 152acf1aa
SCHED-TRACE 4411 1355 P 32 152c0a7ef
SCHED-TRACE 4412 1356 I 32 a42c1
SCHED-TRACE 4413 1356 B 32 b5
SCHED-TRACE 4414 1356 P 32 1535fa9fc
SCHED-TRACE 4415 1356 R 32 1535fa9fc
SCHED-TRACE 4416 1357 U 4 a433a
SCHED-TRACE 4417 1357 V 4 a4361
SCHED-TRACE 4418 1357 O 0 0
SCHED-TRACE 4419 1357 P 32 15372f1aa
SCHED-TRACE 4420 1358 K 32 15372f1aa
SCHED-TRACE 4421 1358 P 32 15386a3d7
SCHED-TRACE 4422 1359 I 32 a47d8
SCHED-TRACE 4423 1359 B 32 b3
SCHED-TRACE 4424 1359 P 32 154259db2
SCHED-TRACE 4425 1359 R 32 154259db2
SCHED-TRACE 4426 1360 U 4 a4851
SCHED-TRACE 4427 1360 V 4 a4878
SCHED-TRACE 4428 1360 O 0 0
SCHED-TRACE 4429 1360 P 32 15438c49b
SCHED-TRACE 4430 1361 K 32 15438c49b
SCHED-TRACE 4431 1361 P 32 1544c5e35
SCHED-TRACE 4432 1362 I 32 a4cee
SCHED-TRACE 4433 1362 B 32 b2
SCHED-TRACE 4434 1362 P 32 154eb6041
SCHED-TRACE 4435 1362 R 32 154eb6041
SCHED-TRACE 4436 1363 U 4 a4d66
SCHED-TRACE 4437 1363 V 4 a4d8d
SCHED-TRACE 4438 1363 O 0 0
SCHED-TRACE 4439 1363 P 32 154fe9ba6
SCHED-TRACE 4440 1364 K 32 154fe9ba6
SCHED-TRACE 4441 1364 P 32 155125604
SCHED-TRACE 4442 1365 I 32 a5204
SCHED-TRACE 4443 1365 B 32 b5
SCHED-TRACE 4444 1365 P 32 155b147ae
SCHED-TRACE 4445 1365 R 32 155b147ae
SCHED-TRACE 4446 1366 U 4 a527d
SCHED-TRACE 4447 1366 V 4 a52a4
SCHED-TRACE 4448 1366 O 0 0
SCHED-TRACE 4449 1366 P 32 155c49fbe
SCHED-TRACE 4450 1367 K 32 155c49fbe
SCHED-TRACE 4451 1367 P 32 155d851eb
SCHED-TRACE 4452 1368 I 32 a571b
SCHED-TRACE 4453 1368 B 32 b5
SCHED-TRACE 4454 1368 P 32 1567747ae
SCHED-TRACE 4455 1368 R 32 1567747ae
SCHED-TRACE 4456 1369 U 4 a5794
SCHED-TRACE 4457 1369 V 4 a57bc
SCHED-TRACE 4458 1369 O 0 0
SCHED-TRACE 4459 1369 P 32 1568aac08
SCHED-TRACE 4460 1370 K 32 1568aac08
SCHED-TRACE 4461 1370 P 32 1569e51eb
SCHED-TRACE 4462 1371 I 32 a5c33
SCHED-TRACE 4463 1371 B 32 b5
SCHED-TRACE 4464 1371 P 32 1573d6041
SCHED-TRACE 4465 1371 R 32 1573d6041
SCHED-TRACE 4466 1372 U 4 a5cac
SCHED-TRACE 4467 1372 V 4 a5cd3
SCHED-TRACE 4468 1372 O 0 0
SCHED-TRACE 4469 1372 P 32 15750b021
SCHED-TRACE 4470 1373 K 32 15750b021
SCHED-TRACE 4471 1373 P 32 157645e35
SCHED-TRACE 4472 1374 I 32 a614a
SCHED-TRACE 4473 1374 B 32 b3
SCHED-TRACE 4474 1374 P 32 1580353f8
SCHED-TRACE 4475 1374 R 32 1580353f8
SCHED-TRACE 4476 1375 U 4 a61c2
SCHED-TRACE 4477 1375 V 4 a61e9
SCHED-TRACE 4478 1375 O 0 0
SCHED-TRACE 4479 1375 P 32 15816b439
SCHED-TRACE 4480 1376 K 32 15816b439
SCHED-TRACE 4481 1376 P 32 1582a6e97
SCHED-TRACE 4482 1377 I 32 a6660
SCHED-TRACE 4483 1377 B 32 b6
SCHED-TRACE 4484 1377 P 32 158c95810
SCHED-TRACE 4485 1377 R 32 158c95810
SCHED-TRACE 4486 1378 U 4 a66d9
SCHED-TRACE 4487 1378 V 4 a6700
SCHED-TRACE 4488 1378 O 0 0
SCHED-TRACE 4489 1378 P 32 158dc978d
SCHED-TRACE 4490 1379 K 32 158dc978d
SCHED-TRACE 4491 1379 P 32 158f04dd3
SCHED-TRACE 4492 1380 I 32 a6b77
SCHED-TRACE 4493 1380 B 32 b4
SCHED-TRACE 4494 1380 P 32 1598f3f7d
SCHED-TRACE 4495 1380 R 32 1598f3f7d
SCHED-TRACE 4496 1381 U 4 a6bf0
SCHED-TRACE 4497 1381 V 4 a6c18
SCHED-TRACE 4498 1381 O 0 0
SCHED-TRACE 4499 1381 P 32 159a2a3d7
SCHED-TRACE 4500 1382 K 32 159a2a3d7
SCHED-TRACE 4501 1382 P 32 159b64dd3
SCHED-TRACE 4502 1383 I 32 a708e
SCHED-TRACE 4503 1383 B 32 b3
SCHED-TRACE 4504 1383 P 32 15a553333
SCHED-TRACE 4505 1383 R 32 15a553333
SCHED-TRACE 4506 1384 U 4 a7106
SCHED-TRACE 4507 1384 V 4 a712d
SCHED-TRACE 4508 1384 O 0 0
SCHED-TRACE 4509 1384 P 32 15a685604
SCHED-TRACE 4510 1385 K 32 15a685604
SCHED-TRACE 4511 1385 P 32 15a7c0000
SCHED-TRACE 4512 1386 I 32 a75a3
SCHED-TRACE 4513 1386 B 32 b4
SCHED-TRACE 4514 1386 P 32 15b1afdf3
SCHED-TRACE 4515 1386 R 32 15b1afdf3
SCHED-TRACE 4516 1387 U 4 a761c
SCHED-TRACE 4517 1387 V 4 a7643
SCHED-TRACE 4518 1387 O 0 0
SCHED-TRACE 4519 1387 P 32 15b2e6666
SCHED-TRACE 4520 1388 K 32 15b2e6666
SCHED-TRACE 4521 1388 P 32 15b421893
SCHED-TRACE 4522 1389 I 32 a7aba
SCHED-TRACE 4523 1389 B 32 b2
SCHED-TRACE 4524 1389 P 32 15be0f5c2
SCHED-TRACE 4525 1389 R 32 15be0f5c2
SCHED-TRACE 4526 1390 U 4 a7b33
SCHED-TRACE 4527 1390 V 4 a7b5a
SCHED-TRACE 4528 1390 O 0 0
SCHED-TRACE 4529 1390 P 32 15bf45604
SCHED-TRACE 4530 1391 K 32 15bf45604
SCHED-TRACE 4531 1391 P 32 15c081893
SCHED-TRACE 4532 1392 I 32 a7fd2
SCHED-TRACE 4533 1392 B 32 b5
SCHED-TRACE 4534 1392 P 32 15ca71687
SCHED-TRACE 4535 1392 R 32 15ca71687
SCHED-TRACE 4536 1393 U 4 a804b
SCHED-TRACE 4537 1393 V 4 a8071
SCHED-TRACE 4538 1393 O 0 0
SCHED-TRACE 4539 1393 P 32 15cba0418
SCHED-TRACE 4540 1394 K 32 15cba0418
SCHED-TRACE 4541 1394 P 32 15ccd8d50
SCHED-TRACE 4542 1395 I 32 a84e6
SCHED-TRACE 4543 1395 B 32 b4
SCHED-TRACE 4544 1395 P 32 15d6c8b43
SCHED-TRACE 4545 1395 R 32 15d6c8b43
SCHED-TRACE 4546 1396 U 4 a855e
SCHED-TRACE 4547 1396 V 4 a8585
SCHED-TRACE 4548 1396 O 0 0
SCHED-TRACE 4549 1396 P 32 15d7fced9
SCHED-TRACE 4550 1397 K 32 15d7fced9
SCHED-TRACE 4551 1397 P 32 15d938106
SCHED-TRACE 4552 1398 I 32 a89fc
SCHED-TRACE 4553 1398 B 32 b4
SCHED-TRACE 4554 1398 P 32 15e326a7f
SCHED-TRACE 4555 1398 R 32 15e326a7f
SCHED-TRACE 4556 1399 U 4 a8a75
SCHED-TRACE 4557 1399 V 4 a8a9c
SCHED-TRACE 4558 1399 O 0 0
SCHED-TRACE 4559 1399 P 32 15e45ba5e
SCHED-TRACE 4560 1400 K 32 15e45ba5e
SCHED-TRACE 4561 1400 P 32 15e5970a4
SCHED-TRACE 4562 1401 I 32 a8f13
SCHED-TRACE 4563 1401 B 32 b4
SCHED-TRACE 4564 1401 P 32 15ef85e35
SCHED-TRACE 4565 1401 R 32 15ef85e35
SCHED-TRACE 4566 1402 U 4 a8f8c
SCHED-TRACE 4567 1402 V 4 a8fb3
SCHED-TRACE 4568 1402 O 0 0
SCHED-TRACE 4569 1402 P 32 15f0bc28f
SCHED-TRACE 4570 1403 K 32 15f0bc28f
SCHED-TRACE 4571 1403 P 32 15f1f5c29
SCHED-TRACE 4572 1404 I 32 a942a
SCHED-TRACE 4573 1404 B 32 b3
SCHED-TRACE 4574 1404 P 32 15fbe4dd3
SCHED-TRACE 4575 1404 R 32 15fbe4dd3
SCHED-TRACE 4576 1405 U 4 a94a2
SCHED-TRACE 4577 1405 V 4 a94c9
SCHED-TRACE 4578 1405 O 0 0
SCHED-TRACE 4579 1405 P 32 15fd18d50
SCHED-TRACE 4580 1406 K 32 15fd18d50
SCHED-TRACE 4581 1406 P 32 15fe53b64
SCHED-TRACE 4582 1407 I 32 a9940
SCHED-TRACE 4583 1407 B 32 b5
SCHED-TRACE 4584 1407 P 32 160843127
SCHED-TRACE 4585 1407 R 32 160843127
SCHED-TRACE 4586 1408 U 4 a99b9
SCHED-TRACE 4587 1408 V 4 a99e0
SCHED-TRACE 4588 1408 O 0 0
SCHED-TRACE 4589 1408 P 32 160979db2
SCHED-TRACE 4590 1409 K 32 160979db2
SCHED-TRACE 4591 1409 P 32 160ab4bc6
SCHED-TRACE 4592 1410 I 32 a9e57
SCHED-TRACE 4593 1410 B 32 b3
SCHED-TRACE 4594 1410 P 32 1614a28f6
SCHED-TRACE 4595 1410 R 32 1614a28f6
SCHED-TRACE 4596 1411 U 4 a9ed0
SCHED-TRACE 4597 1411 V 4 a9ef7
SCHED-TRACE 4598 1411 O 0 0
SCHED-TRACE 4599 1411 P 32 1615d8937
SCHED-TRACE 4600 1412 K 32 1615d8937
SCHED-TRACE 4601 1412 P 32 161713f7d
SCHED-TRACE 4602 1413 I 32 aa36f
SCHED-TRACE 4603 1413 B 32 b4
SCHED-TRACE 4604 1413 P 32 162104189
SCHED-TRACE 4605 1413 R 32 162104189
SCHED-TRACE 4606 1414 U 4 aa3e8
SCHED-TRACE 4607 1414 V 4 aa40f
SCHED-TRACE 4608 1414 O 0 0
SCHED-TRACE 4609 1414 P 32 162239999
SCHED-TRACE 4610 1415 K 32 162239999
SCHED-TRACE 4611 1415 P 32 1623747ae
SCHED-TRACE 4612 1416 I 32 aa886
SCHED-TRACE 4613 1416 B 32 b5
SCHED-TRACE 4614 1416 P 32 162d64189
SCHED-TRACE 4615 1416 R 32 162d64189
SCHED-TRACE 4616 1417 U 4 aa8fe
SCHED-TRACE 4617 1417 V 4 aa925
SCHED-TRACE 4618 1417 O 0 0
SCHED-TRACE 4619 1417 P 32 162e97ced
SCHED-TRACE 4620 1418 K 32 162e97ced
SCHED-TRACE 4621 1418 P 32 162fd26e9
SCHED-TRACE 4622 1419 I 32 aad9c
SCHED-TRACE 4623 1419 B 32 b3
SCHED-TRACE 4624 1419 P 32 1639c28f6
SCHED-TRACE 4625 1419 R 32 1639c28f6
SCHED-TRACE 4626 1420 U 4 aae15
SCHED-TRACE 4627 1420 V 4 aae3c
SCHED-TRACE 4628 1420 O 0 0
SCHED-TRACE 4629 1420 P 32 163af8d50
SCHED-TRACE 4630 1421 K 32 163af8d50
SCHED-TRACE 4631 1421 P 32 163c34bc6
SCHED-TRACE 4632 1422 I 32 ab2b3
SCHED-TRACE 4633 1422 B 32 b5
SCHED-TRACE 4634 1422 P 32 164622d0e
SCHED-TRACE 4635 1422 R 32 164622d0e
SCHED-TRACE 4636 1423 U 4 ab32c
SCHED-TRACE 4637 1423 V 4 ab354
SCHED-TRACE 4638 1423 O 0 0
SCHED-TRACE 4639 1423 P 32 164759168
SCHED-TRACE 4640 1424 K 32 164759168
SCHED-TRACE 4641 1424 P 32 164894fdf
SCHED-TRACE 4642 1425 I 32 ab7cb
SCHED-TRACE 4643 1425 B 32 b4
SCHED-TRACE 4644 1425 P 32 1652845a2
SCHED-TRACE 4645 1425 R 32 1652845a2
SCHED-TRACE 4646 1426 U 4 ab844
SCHED-TRACE 4647 1426 V 4 ab86b
SCHED-TRACE 4648 1426 O 0 0
SCHED-TRACE 4649 1426 P 32 1653b851e
SCHED-TRACE 4650 1427 K 32 1653b851e
SCHED-TRACE 4651 1427 P 32 1654f2b02
SCHED-TRACE 4652 1428 I 32 abce2
SCHED-TRACE 4653 1428 B 32 b5
SCHED-TRACE 4654 1428 P 32 165ee3127
SCHED-TRACE 4655 1428 R 32 165ee3127
SCHED-TRACE 4656 1429 U 4 abd5b
SCHED-TRACE 4657 1429 V 4 abd82
SCHED-TRACE 4658 1429 O 0 0
SCHED-TRACE 4659 1429 P 32 16601851e
SCHED-TRACE 4660 1430 K 32 16601851e
SCHED-TRACE 4661 1430 P 32 1661547ae
SCHED-TRACE 4662 1431 I 32 ac1f9
SCHED-TRACE 4663 1431 B 32 b5
SCHED-TRACE 4664 1431 P 32 166b43127
SCHED-TRACE 4665 1431 R 32 166b43127
SCHED-TRACE 4666 1432 U 4 ac272
SCHED-TRACE 4667 1432 V 4 ac299
SCHED-TRACE 4668 1432 O 0 0
SCHED-TRACE 4669 1432 P 32 166c78937
SCHED-TRACE 4670 1433 K 32 166c78937
SCHED-TRACE 4671 1433 P 32 166db3b64
SCHED-TRACE 4672 1434 I 32 ac710
SCHED-TRACE 4673 1434 B 32 b3
SCHED-TRACE 4674 1434 P 32 1677a1cac
SCHED-TRACE 4675 1434 R 32 1677a1cac
SCHED-TRACE 4676 1435 U 4 ac789
SCHED-TRACE 4677 1435 V 4 ac7b0
SCHED-TRACE 4678 1435 O 0 0
SCHED-TRACE 4679 1435 P 32 1678d7ced
SCHED-TRACE 4680 1436 K 32 1678d7ced
SCHED-TRACE 4681 1436 P 32 167a12b02
SCHED-TRACE 4682 1437 I 32 acc27
SCHED-TRACE 4683 1437 B 32 b5
SCHED-TRACE 4684 1437 P 32 16840147b
SCHED-TRACE 4685 1437 R 32 16840147b
SCHED-TRACE 4686 1438 U 4 acca0
SCHED-TRACE 4687 1438 V 4 accc7
SCHED-TRACE 4688 1438 O 0 0
SCHED-TRACE 4689 1438 P 32 168536872
SCHED-TRACE 4690 1439 K 32 168536872
SCHED-TRACE 4691 1439 P 32 168671687
SCHED-TRACE 4692 1440 I 32 ad13e
SCHED-TRACE 4693 1440 B 32 b4
SCHED-TRACE 4694 1440 P 32 169060c49
SCHED-TRACE 4695 1440 R 32 169060c49
SCHED-TRACE 4696 1441 U 4 ad1b6
SCHED-TRACE 4697 1441 V 4 ad1de
SCHED-TRACE 4698 1441 O 0 0
SCHED-TRACE 4699 1441 P 32 1691970a4
SCHED-TRACE 4700 1442 K 32 1691970a4
SCHED-TRACE 4701 1442 P 32 1692d26e9
SCHED-TRACE 4702 1443 I 32 ad655
SCHED-TRACE 4703 1443 B 32 b5
SCHED-TRACE 4704 1443 P 32 169cc24dd
SCHED-TRACE 4705 1443 R 32 169cc24dd
SCHED-TRACE 4706 1444 U 4 ad6ce
SCHED-TRACE 4707 1444 V 4 ad6f6
SCHED-TRACE 4708 1444 O 0 0
SCHED-TRACE 4709 1444 P 32 169df851e
SCHED-TRACE 4710 1445 K 32 169df851e
SCHED-TRACE 4711 1445 P 32 169f33f7d
SCHED-TRACE 4712 1446 I 32 adb6d
SCHED-TRACE 4713 1446 B 32 b5
SCHED-TRACE 4714 1446 P 32 16a923d70
SCHED-TRACE 4715 1446 R 32 16a923d70
SCHED-TRACE 4716 1447 U 4 adbe6
SCHED-TRACE 4717 1447 V 4 adc0e
SCHED-TRACE 4718 1447 O 0 0
SCHED-TRACE 4719 1447 P 32 16aa5a9fc
SCHED-TRACE 4720 1448 K 32 16aa5a9fc
SCHED-TRACE 4721 1448 P 32 16ab953f8
SCHED-TRACE 4722 1449 I 32 ae085
SCHED-TRACE 4723 1449 B 32 b3
SCHED-TRACE 4724 1449 P 32 16b5849ba
SCHED-TRACE 4725 1449 R 32 16b5849ba
SCHED-TRACE 4726 1450 U 4 ae0fc
SCHED-TRACE 4727 1450 V 4 ae123
SCHED-TRACE 4728 1450 O 0 0
SCHED-TRACE 4729 1450 P 32 16b6b6041
SCHED-TRACE 4730 1451 K 32 16b6b6041
SCHED-TRACE 4731 1451 P 32 16b7f0e56
SCHED-TRACE 4732 1452 I 32 ae599
SCHED-TRACE 4733 1452 B 32 b5
SCHED-TRACE 4734 1452 P 32 16c1e0000
SCHED-TRACE 4735 1452 R 32 16c1e0000
SCHED-TRACE 4736 1453 U 4 ae612
SCHED-TRACE 4737 1453 V 4 ae63a
SCHED-TRACE 4738 1453 O 0 0
SCHED-TRACE 4739 1453 P 32 16c316872
SCHED-TRACE 4740 1454 K 32 16c316872
SCHED-TRACE 4741 1454 P 32 16c451eb8
SCHED-TRACE 4742 1455 I 32 aeab1
SCHED-TRACE 4743 1455 B 32 b3
SCHED-TRACE 4744 1455 P 32 16ce41cac
SCHED-TRACE 4745 1455 R 32 16ce41cac
SCHED-TRACE 4746 1456 U 4 aeb2a
SCHED-TRACE 4747 1456 V 4 aeb52
SCHED-TRACE 4748 1456 O 0 0
SCHED-TRACE 4749 1456 P 32 16cf7851e
SCHED-TRACE 4750 1457 K 32 16cf7851e
SCHED-TRACE 4751 1457 P 32 16d0b47ae
SCHED-TRACE 4752 1458 I 32 aefc9
SCHED-TRACE 4753 1458 B 32 b5
SCHED-TRACE 4754 1458 P 32 16daa3958
SCHED-TRACE 4755 1458 R 32 16daa3958
SCHED-TRACE 4756 1459 U 4 af042
SCHED-TRACE 4757 1459 V 4 af069
SCHED-TRACE 4758 1459 O 0 0
SCHED-TRACE 4759 1459 P 32 16dbd6c8b
SCHED-TRACE 4760 1460 K 32 16dbd6c8b
SCHED-TRACE 4761 1460 P 32 16dd10625
SCHED-TRACE 4762 1461 I 32 af4e0
SCHED-TRACE 4763 1461 B 32 b3
SCHED-TRACE 4764 1461 P 32 16e701893
SCHED-TRACE 4765 1461 R 32 16e701893
SCHED-TRACE 4766 1462 U 4 af559
SCHED-TRACE 4767 1462 V 4 af580
SCHED-TRACE 4768 1462 O 0 0
SCHED-TRACE 4769 1462 P 32 16e8370a4
SCHED-TRACE 4770 1463 K 32 16e8370a4
SCHED-TRACE 4771 1463 P 32 16e972b02
SCHED-TRACE 4772 1464 I 32 af9f7
SCHED-TRACE 4773 1464 B 32 b4
SCHED-TRACE 4774 1464 P 32 16f36147b
SCHED-TRACE 4775 1464 R 32 16f36147b
SCHED-TRACE 4776 1465 U 4 afa70
SCHED-TRACE 4777 1465 V 4 afa98
SCHED-TRACE 4778 1465 O 0 0
SCHED-TRACE 4779 1465 P 32 16f498106
SCHED-TRACE 4780 1466 K 32 16f498106
SCHED-TRACE 4781 1466 P 32 16f5d3f7d
SCHED-TRACE 4782 1467 I 32 aff0f
SCHED-TRACE 4783 1467 B 32 b6
SCHED-TRACE 4784 1467 P 32 16ffc28f6
SCHED-TRACE 4785 1467 R 32 16ffc28f6
SCHED-TRACE 4786 1468 U 4 aff88
SCHED-TRACE 4787 1468 V 4 affb1
SCHED-TRACE 4788 1468 O 0 0
SCHED-TRACE 4789 1468 P 32 1700fa9fc
SCHED-TRACE 4790 1469 K 32 1700fa9fc
SCHED-TRACE 4791 1469 P 32 170232b02
SCHED-TRACE 4792 1470 I 32 b0427
SCHED-TRACE 4793 1470 B 32 b4
SCHED-TRACE 4794 1470 P 32 170c22d0e
SCHED-TRACE 4795 1470 R 32 170c22d0e
SCHED-TRACE 4796 1471 U 4 b049f
SCHED-TRACE 4797 1471 V 4 b04c6
SCHED-TRACE 4798 1471 O 0 0
SCHED-TRACE 4799 1471 P 32 170d56872
SCHED-TRACE 4800 1472 K 32 170d56872
SCHED-TRACE 4801 1472 P 32 170e9126e
SCHED-TRACE 4802 1473 I 32 b093d
SCHED-TRACE 4803 1473 B 32 b5
SCHED-TRACE 4804 1473 P 32 17188147b
SCHED-TRACE 4805 1473 R 32 17188147b
SCHED-TRACE 4806 1474 U 4 b09b5
SCHED-TRACE 4807 1474 V 4 b09dd
SCHED-TRACE 4808 1474 O 0 0
SCHED-TRACE 4809 1474 P 32 1719b78d5
SCHED-TRACE 4810 1475 K 32 1719b78d5
SCHED-TRACE 4811 1475 P 32 171af22d1
SCHED-TRACE 4812 1476 I 32 b0e54
SCHED-TRACE 4813 1476 B 32 b2
SCHED-TRACE 4814 1476 P 32 1724e1893
SCHED-TRACE 4815 1476 R 32 1724e1893
SCHED-TRACE 4816 1477 U 4 b0ecd
SCHED-TRACE 4817 1477 V 4 b0ef4
SCHED-TRACE 4818 1477 O 0 0
SCHED-TRACE 4819 1477 P 32 1726170a4
SCHED-TRACE 4820 1478 K 32 1726170a4
SCHED-TRACE 4821 1478 P 32 1727522d1
SCHED-TRACE 4822 1479 I 32 b136b
SCHED-TRACE 4823 1479 B 32 b4
SCHED-TRACE 4824 1479 P 32 173141893
SCHED-TRACE 4825 1479 R 32 173141893
SCHED-TRACE 4826 1480 U 4 b13e4
SCHED-TRACE 4827 1480 V 4 b140b
SCHED-TRACE 4828 1480 O 0 0
SCHED-TRACE 4829 1480 P 32 1732774bc
SCHED-TRACE 4830 1481 K 32 1732774bc
SCHED-TRACE 4831 1481 P 32 1733b26e9
SCHED-TRACE 4832 1482 I 32 b1882
SCHED-TRACE 4833 1482 B 32 b5
SCHED-TRACE 4834 1482 P 32 173da1893
SCHED-TRACE 4835 1482 R 32 173da1893
SCHED-TRACE 4836 1483 U 4 b18fa
SCHED-TRACE 4837 1483 V 4 b1921
SCHED-TRACE 4838 1483 O 0 0
SCHED-TRACE 4839 1483 P 32 173ed53f8
SCHED-TRACE 4840 1484 K 32 173ed53f8
SCHED-TRACE 4841 1484 P 32 17400f5c2
SCHED-TRACE 4842 1485 I 32 b1d98
SCHED-TRACE 4843 1485 B 32 b5
SCHED-TRACE 4844 1485 P 32 1749ff7cf
SCHED-TRACE 4845 1485 R 32 1749ff7cf
SCHED-TRACE 4846 1486 U 4 b1e11
SCHED-TRACE 4847 1486 V 4 b1e38
SCHED-TRACE 4848 1486 O 0 0
SCHED-TRACE 4849 1486 P 32 174b35c29
SCHED-TRACE 4850 1487 K 32 174b35c29
SCHED-TRACE 4851 1487 P 32 174c71687
SCHED-TRACE 4852 1488 I 32 b22af
SCHED-TRACE 4853 1488 B 32 b6
SCHED-TRACE 4854 1488 P 32 17565fbe7
SCHED-TRACE 4855 1488 R 32 17565fbe7
SCHED-TRACE 4856 1489 U 4 b2328
SCHED-TRACE 4857 1489 V 4 b234f
SCHED-TRACE 4858 1489 O 0 0
SCHED-TRACE 4859 1489 P 32 175794fdf
SCHED-TRACE 4860 1490 K 32 175794fdf
SCHED-TRACE 4861 1490 P 32 1758cfdf3
SCHED-TRACE 4862 1491 I 32 b27c6
SCHED-TRACE 4863 1491 B 32 b3
SCHED-TRACE 4864 1491 P 32 1762be354
SCHED-TRACE 4865 1491 R 32 1762be354
SCHED-TRACE 4866 1492 U 4 b283f
SCHED-TRACE 4867 1492 V 4 b2866
SCHED-TRACE 4868 1492 O 0 0
SCHED-TRACE 4869 1492 P 32 1763f126e
SCHED-TRACE 4870 1493 K 32 1763f126e
SCHED-TRACE 4871 1493 P 32 17652b439
SCHED-TRACE 4872 1494 I 32 b2cdc
SCHED-TRACE 4873 1494 B 32 b4
SCHED-TRACE 4874 1494 P 32 176f1a9fc
SCHED-TRACE 4875 1494 R 32 176f1a9fc
SCHED-TRACE 4876 1495 U 4 b2d55
SCHED-TRACE 4877 1495 V 4 b2d7c
SCHED-TRACE 4878 1495 O 0 0
SCHED-TRACE 4879 1495 P 32 17704f5c2
SCHED-TRACE 4880 1496 K 32 17704f5c2
SCHED-TRACE 4881 1496 P 32 17718b852
SCHED-TRACE 4882 1497 I 32 b31f3
SCHED-TRACE 4883 1497 B 32 b6
SCHED-TRACE 4884 1497 P 32 177b7b22d
SCHED-TRACE 4885 1497 R 32 177b7b22d
SCHED-TRACE 4886 1498 U 4 b326c
SCHED-TRACE 4887 1498 V 4 b3294
SCHED-TRACE 4888 1498 O 0 0
SCHED-TRACE 4889 1498 P 32 177cb126e
SCHED-TRACE 4890 1499 K 32 177cb126e
SCHED-TRACE 4891 1499 P 32 177dec49b
SCHED-TRACE 4892 1500 I 32 b370b
SCHED-TRACE 4893 1500 B 32 b3
SCHED-TRACE 4894 1500 P 32 1787db645
SCHED-TRACE 4895 1500 R 32 1787db645
SCHED-TRACE 4896 1501 U 4 b3784
SCHED-TRACE 4897 1501 V 4 b37ab
SCHED-TRACE 4898 1501 O 0 0
SCHED-TRACE 4899 1501 P 32 17891126e
SCHED-TRACE 4900 1502 K 32 17891126e
SCHED-TRACE 4901 1502 P 32 178a4bc6a
SCHED-TRACE 4902 1503 I 32 b3c22
SCHED-TRACE 4903 1503 B 32 b4
SCHED-TRACE 4904 1503 P 32 179439db2
SCHED-TRACE 4905 1503 R 32 179439db2
SCHED-TRACE 4906 1504 U 4 b3c9b
SCHED-TRACE 4907 1504 V 4 b3cc2
SCHED-TRACE 4908 1504 O 0 0
SCHED-TRACE 4909 1504 P 32 17956f5c2
SCHED-TRACE 4910 1505 K 32 17956f5c2
SCHED-TRACE 4911 1505 P 32 1796a9ba6
SCHED-TRACE 4912 1506 I 32 b4139
SCHED-TRACE 4913 1506 B 32 b2
SCHED-TRACE 4914 1506 P 32 17a099168
SCHED-TRACE 4915 1506 R 32 17a099168
SCHED-TRACE 4916 1507 U 4 b41b0
SCHED-TRACE 4917 1507 V 4 b41d7
SCHED-TRACE 4918 1507 O 0 0
SCHED-TRACE 4919 1507 P 32 17a1cd0e5
SCHED-TRACE 4920 1508 K 32 17a1cd0e5
SCHED-TRACE 4921 1508 P 32 17a308312
SCHED-TRACE 4922 1509 I 32 b464e
SCHED-TRACE 4923 1509 B 32 b5
SCHED-TRACE 4924 1509 P 32 17acf70a4
SCHED-TRACE 4925 1509 R 32 17acf70a4
SCHED-TRACE 4926 1510 U 4 b46c7
SCHED-TRACE 4927 1510 V 4 b46ef
SCHED-TRACE 4928 1510 O 0 0
SCHED-TRACE 4929 1510 P 32 17ae2c8b4
SCHED-TRACE 4930 1511 K 32 17ae2c8b4
SCHED-TRACE 4931 1511 P 32 17af67efa
SCHED-TRACE 4932 1512 I 32 b4b65
SCHED-TRACE 4933 1512 B 32 b5
SCHED-TRACE 4934 1512 P 32 17b956041
SCHED-TRACE 4935 1512 R 32 17b956041
SCHED-TRACE 4936 1513 U 4 b4bde
SCHED-TRACE 4937 1513 V 4 b4c06
SCHED-TRACE 4938 1513 O 0 0
SCHED-TRACE 4939 1513 P 32 17ba8d0e5
SCHED-TRACE 4940 1514 K 32 17ba8d0e5
SCHED-TRACE 4941 1514 P 32 17bbc7efa
SCHED-TRACE 4942 1515 I 32 b507d
SCHED-TRACE 4943 1515 B 32 b4
SCHED-TRACE 4944 1515 P 32 17c5b7ced
SCHED-TRACE 4945 1515 R 32 17c5b7ced
SCHED-TRACE 4946 1516 U 4 b50f5
SCHED-TRACE 4947 1516 V 4 b511b
SCHED-TRACE 4948 1516 O 0 0
SCHED-TRACE 4949 1516 P 32 17c6e9fbe
SCHED-TRACE 4950 1517 K 32 17c6e9fbe
SCHED-TRACE 4951 1517 P 32 17c824189
SCHED-TRACE 4952 1518 I 32 b5592
SCHED-TRACE 4953 1518 B 32 b5
SCHED-TRACE 4954 1518 P 32 17d214fdf
SCHED-TRACE 4955 1518 R 32 17d214fdf
SCHED-TRACE 4956 1519 U 4 b560b
SCHED-TRACE 4957 1519 V 4 b5632
SCHED-TRACE 4958 1519 O 0 0
SCHED-TRACE 4959 1519 P 32 17d34b439
SCHED-TRACE 4960 1520 K 32 17d34b439
SCHED-TRACE 4961 1520 P 32 17d48624e
SCHED-TRACE 4962 1521 I 32 b5aa9
SCHED-TRACE 4963 1521 B 32 b2
SCHED-TRACE 4964 1521 P 32 17de73f7d
SCHED-TRACE 4965 1521 R 32 17de73f7d
SCHED-TRACE 4966 1522 U 4 b5b22
SCHED-TRACE 4967 1522 V 4 b5b49
SCHED-TRACE 4968 1522 O 0 0
SCHED-TRACE 4969 1522 P 32 17dfa9fbe
SCHED-TRACE 4970 1523 K 32 17dfa9fbe
SCHED-TRACE 4971 1523 P 32 17e0e5e35
SCHED-TRACE 4972 1524 I 32 b5fc0
SCHED-TRACE 4973 1524 B 32 b5
SCHED-TRACE 4974 1524 P 32 17ead3b64
SCHED-TRACE 4975 1524 R 32 17ead3b64
SCHED-TRACE 4976 1525 U 4 b6039
SCHED-TRACE 4977 1525 V 4 b6060
SCHED-TRACE 4978 1525 O 0 0
SCHED-TRACE 4979 1525 P 32 17ec05604
SCHED-TRACE 4980 1526 K 32 17ec05604
SCHED-TRACE 4981 1526 P 32 17ed3ef9d
SCHED-TRACE 4982 1527 I 32 b64d6
SCHED-TRACE 4983 1527 B 32 b4
SCHED-TRACE 4984 1527 P 32 17f72f9db
SCHED-TRACE 4985 1527 R 32 17f72f9db
SCHED-TRACE 4986 1528 U 4 b654f
SCHED-TRACE 4987 1528 V 4 b6576
SCHED-TRACE 4988 1528 O 0 0
SCHED-TRACE 4989 1528 P 32 17f8649ba
SCHED-TRACE 4990 1529 K 32 17f8649ba
SCHED-TRACE 4991 1529 P 32 17f9a0000
SCHED-TRACE 4992 1530 I 32 b69ed
SCHED-TRACE 4993 1530 B 32 b4
SCHED-TRACE 4994 1530 P 32 18038f5c2
SCHED-TRACE 4995 1530 R 32 18038f5c2
SCHED-TRACE 4996 1531 U 4 b6a66
SCHED-TRACE 4997 1531 V 4 b6a8e
SCHED-TRACE 4998 1531 O 0 0
SCHED-TRACE 4999 1531 P 32 1804c5604
SCHED-TRACE 5000 1532 K 32 1804c5604
SCHED-TRACE 5001 1532 P 32 180601062
SCHED-TRACE 5002 1533 I 32 b6f05
SCHED-TRACE 5003 1533 B 32 b5
SCHED-TRACE 5004 1533 P 32 180ff0a3d
SCHED-TRACE 5005 1533 R 32 180ff0a3d
SCHED-TRACE 5006 1534 U 4 b6f7e
SCHED-TRACE 5007 1534 V 4 b6fa6
SCHED-TRACE 5008 1534 O 0 0
SCHED-TRACE 5009 1534 P 32 1811276c8
SCHED-TRACE 5010 1535 K 32 1811276c8
SCHED-TRACE 5011 1535 P 32 181261062
SCHED-TRACE 5012 1536 I 32 b741d
SCHED-TRACE 5013 1536 B 32 b2
SCHED-TRACE 5014 1536 P 32 181c50a3d
SCHED-TRACE 5015 1536 R 32 181c50a3d
SCHED-TRACE 5016 1537 U 4 b7496
SCHED-TRACE 5017 1537 V 4 b74bd
SCHED-TRACE 5018 1537 O 0 0
SCHED-TRACE 5019 1537 P 32 181d85a1c
SCHED-TRACE 5020 1538 K 32 181d85a1c
SCHED-TRACE 5021 1538 P 32 181ec0c49
SCHED-TRACE 5022 1539 I 32 b7934
SCHED-TRACE 5023 1539 B 32 b5
SCHED-TRACE 5024 1539 P 32 1828b126e
SCHED-TRACE 5025 1539 R 32 1828b126e
SCHED-TRACE 5026 1540 U 4 b79ad
SCHED-TRACE 5027 1540 V 4 b79d4
SCHED-TRACE 5028 1540 O 0 0
SCHED-TRACE 5029 1540 P 32 1829e7ae1
SCHED-TRACE 5030 1541 K 32 1829e7ae1
SCHED-TRACE 5031 1541 P 32 182b2353f
SCHED-TRACE 5032 1542 I 32 b7e4c
SCHED-TRACE 5033 1542 B 32 b5
SCHED-TRACE 5034 1542 P 32 183512f1a
SCHED-TRACE 5035 1542 R 32 183512f1a
SCHED-TRACE 5036 1543 U 4 b7ec5
SCHED-TRACE 5037 1543 V 4 b7eed
SCHED-TRACE 5038 1543 O 0 0
SCHED-TRACE 5039 1543 P 32 183649fbe
SCHED-TRACE 5040 1544 K 32 183649fbe
SCHED-TRACE 5041 1544 P 32 183785a1c
SCHED-TRACE 5042 1545 I 32 b8365
SCHED-TRACE 5043 1545 B 32 b4
SCHED-TRACE 5044 1545 P 32 184175c29
SCHED-TRACE 5045 1545 R 32 184175c29
SCHED-TRACE 5046 1546 U 4 b83de
SCHED-TRACE 5047 1546 V 4 b8406
SCHED-TRACE 5048 1546 O 0 0
SCHED-TRACE 5049 1546 P 32 1842ac083
SCHED-TRACE 5050 1547 K 32 1842ac083
SCHED-TRACE 5051 1547 P 32 1843e6e97
SCHED-TRACE 5052 1548 I 32 b887c
SCHED-TRACE 5053 1548 B 32 b5
SCHED-TRACE 5054 1548 P 32 184dd6041
SCHED-TRACE 5055 1548 R 32 184dd6041
SCHED-TRACE 5056 1549 U 4 b88f4
SCHED-TRACE 5057 1549 V 4 b891b
SCHED-TRACE 5058 1549 O 0 0
SCHED-TRACE 5059 1549 P 32 184f0978d
SCHED-TRACE 5060 1550 K 32 184f0978d
SCHED-TRACE 5061 1550 P 32 18504353f
SCHED-TRACE 5062 1551 I 32 b8d92
SCHED-TRACE 5063 1551 B 32 b2
SCHED-TRACE 5064 1551 P 32 185a33b64
SCHED-TRACE 5065 1551 R 32 185a33b64
SCHED-TRACE 5066 1552 U 4 b8e0b
SCHED-TRACE 5067 1552 V 4 b8e32
SCHED-TRACE 5068 1552 O 0 0
SCHED-TRACE 5069 1552 P 32 185b6978d
SCHED-TRACE 5070 1553 K 32 185b6978d
SCHED-TRACE 5071 1553 P 32 185ca5604
SCHED-TRACE 5072 1554 I 32 b92a9
SCHED-TRACE 5073 1554 B 32 b5
SCHED-TRACE 5074 1554 P 32 186694395
SCHED-TRACE 5075 1554 R 32 186694395
SCHED-TRACE 5076 1555 U 4 b9322
SCHED-TRACE 5077 1555 V 4 b934a
SCHED-TRACE 5078 1555 O 0 0
SCHED-TRACE 5079 1555 P 32 1867ca7ef
SCHED-TRACE 5080 1556 K 32 1867ca7ef
SCHED-TRACE 5081 1556 P 32 18690624e
SCHED-TRACE 5082 1557 I 32 b97c1
SCHED-TRACE 5083 1557 B 32 b5
SCHED-TRACE 5084 1557 P 32 1872f6041
SCHED-TRACE 5085 1557 R 32 1872f6041
SCHED-TRACE 5086 1558 U 4 b983a
SCHED-TRACE 5087 1558 V 4 b9861
SCHED-TRACE 5088 1558 O 0 0
SCHED-TRACE 5089 1558 P 32 187429ba6
SCHED-TRACE 5090 1559 K 32 187429ba6
SCHED-TRACE 5091 1559 P 32 187564189
SCHED-TRACE 5092 1560 I 32 b9cd8
SCHED-TRACE 5093 1560 B 32 b4
SCHED-TRACE 5094 1560 P 32 187f54395
SCHED-TRACE 5095 1560 R 32 187f54395
SCHED-TRACE 5096 1561 U 4 b9d51
SCHED-TRACE 5097 1561 V 4 b9d78
SCHED-TRACE 5098 1561 O 0 0
SCHED-TRACE 5099 1561 P 32 188089374
SCHED-TRACE 5100 1562 K 32 188089374
SCHED-TRACE 5101 1562 P 32 1881c51eb
SCHED-TRACE 5102 1563 I 32 ba1ef
SCHED-TRACE 5103 1563 B 32 b5
SCHED-TRACE 5104 1563 P 32 188bb3b64
SCHED-TRACE 5105 1563 R 32 188bb3b64
SCHED-TRACE 5106 1564 U 4 ba268
SCHED-TRACE 5107 1564 V 4 ba290
SCHED-TRACE 5108 1564 O 0 0
SCHED-TRACE 5109 1564 P 32 188ce9374
SCHED-TRACE 5110 1565 K 32 188ce9374
SCHED-TRACE 5111 1565 P 32 188e23d70
SCHED-TRACE 5112 1566 I 32 ba707
SCHED-TRACE 5113 1566 B 32 b2
SCHED-TRACE 5114 1566 P 32 189813f7d
SCHED-TRACE 5115 1566 R 32 189813f7d
SCHED-TRACE 5116 1567 U 4 ba780
SCHED-TRACE 5117 1567 V 4 ba7a7
SCHED-TRACE 5118 1567 O 0 0
SCHED-TRACE 5119 1567 P 32 18994978d
SCHED-TRACE 5120 1568 K 32 18994978d
SCHED-TRACE 5121 1568 P 32 189a845a2
SCHED-TRACE 5122 1569 I 32 bac1e
SCHED-TRACE 5123 1569 B 32 b5
SCHED-TRACE 5124 1569 P 32 18a472f1a
SCHED-TRACE 5125 1569 R 32 18a472f1a
SCHED-TRACE 5126 1570 U 4 bac97
SCHED-TRACE 5127 1570 V 4 bacbe
SCHED-TRACE 5128 1570 O 0 0
SCHED-TRACE 5129 1570 P 32 18a5a8312
SCHED-TRACE 5130 1571 K 32 18a5a8312
SCHED-TRACE 5131 1571 P 32 18a6e353f
SCHED-TRACE 5132 1572 I 32 bb135
SCHED-TRACE 5133 1572 B 32 b4
SCHED-TRACE 5134 1572 P 32 18b0d22d1
SCHED-TRACE 5135 1572 R 32 18b0d22d1
SCHED-TRACE 5136 1573 U 4 bb1ad
SCHED-TRACE 5137 1573 V 4 bb1d5
SCHED-TRACE 5138 1573 O 0 0
SCHED-TRACE 5139 1573 P 32 18b20872b
SCHED-TRACE 5140 1574 K 32 18b20872b
SCHED-TRACE 5141 1574 P 32 18b344189
SCHED-TRACE 5142 1575 I 32 bb64c
SCHED-TRACE 5143 1575 B 32 b5
SCHED-TRACE 5144 1575 P 32 18bd32b02
SCHED-TRACE 5145 1575 R 32 18bd32b02
SCHED-TRACE 5146 1576 U 4 bb6c5
SCHED-TRACE 5147 1576 V 4 bb6ed
SCHED-TRACE 5148 1576 O 0 0
SCHED-TRACE 5149 1576 P 32 18be69ba6
SCHED-TRACE 5150 1577 K 32 18be69ba6
SCHED-TRACE 5151 1577 P 32 18bfa5a1c
SCHED-TRACE 5152 1578 I 32 bbb64
SCHED-TRACE 5153 1578 B 32 b5
SCHED-TRACE 5154 1578 P 32 18c993b64
SCHED-TRACE 5155 1578 R 32 18c993b64
SCHED-TRACE 5156 1579 U 4 bbbdd
SCHED-TRACE 5157 1579 V 4 bbc06
SCHED-TRACE 5158 1579 O 0 0
SCHED-TRACE 5159 1579 P 32 18cacb852
SCHED-TRACE 5160 1580 K 32 18cacb852
SCHED-TRACE 5161 1580 P 32 18cc06666
SCHED-TRACE 5162 1581 I 32 bc07c
SCHED-TRACE 5163 1581 B 32 b3
SCHED-TRACE 5164 1581 P 32 18d5f47ae
SCHED-TRACE 5165 1581 R 32 18d5f47ae
SCHED-TRACE 5166 1582 U 4 bc0f3
SCHED-TRACE 5167 1582 V 4 bc119
SCHED-TRACE 5168 1582 O 0 0
SCHED-TRACE 5169 1582 P 32 18d7245a2
SCHED-TRACE 5170 1583 K 32 18d7245a2
SCHED-TRACE 5171 1583 P 32 18d85db23
SCHED-TRACE 5172 1584 I 32 bc58f
SCHED-TRACE 5173 1584 B 32 b6
SCHED-TRACE 5174 1584 P 32 18e24e147
SCHED-TRACE 5175 1584 R 32 18e24e147
SCHED-TRACE 5176 1585 U 4 bc608
SCHED-TRACE 5177 1585 V 4 bc630
SCHED-TRACE 5178 1585 O 0 0
SCHED-TRACE 5179 1585 P 32 18e3849ba
SCHED-TRACE 5180 1586 K 32 18e3849ba
SCHED-TRACE 5181 1586 P 32 18e4c0418
SCHED-TRACE 5182 1587 I 32 bcaa7
SCHED-TRACE 5183 1587 B 32 b5
SCHED-TRACE 5184 1587 P 32 18eeafdf3
SCHED-TRACE 5185 1587 R 32 18eeafdf3
SCHED-TRACE 5186 1588 U 4 bcb20
SCHED-TRACE 5187 1588 V 4 bcb48
SCHED-TRACE 5188 1588 O 0 0
SCHED-TRACE 5189 1588 P 32 18efe624e
SCHED-TRACE 5190 1589 K 32 18efe624e
SCHED-TRACE 5191 1589 P 32 18f1220c4
SCHED-TRACE 5192 1590 I 32 bcfbf
SCHED-TRACE 5193 1590 B 32 b4
SCHED-TRACE 5194 1590 P 32 18fb10e56
SCHED-TRACE 5195 1590 R 32 18fb10e56
SCHED-TRACE 5196 1591 U 4 bd038
SCHED-TRACE 5197 1591 V 4 bd05f
SCHED-TRACE 5198 1591 O 0 0
SCHED-TRACE 5199 1591 P 32 18fc43d70
SCHED-TRACE 5200 1592 K 32 18fc43d70
SCHED-TRACE 5201 1592 P 32 18fd7db23
SCHED-TRACE 5202 1593 I 32 bd4d5
SCHED-TRACE 5203 1593 B 32 b3
SCHED-TRACE 5204 1593 P 32 19076c083
SCHED-TRACE 5205 1593 R 32 19076c083
SCHED-TRACE 5206 1594 U 4 bd54e
SCHED-TRACE 5207 1594 V 4 bd575
SCHED-TRACE 5208 1594 O 0 0
SCHED-TRACE 5209 1594 P 32 1908a147b
SCHED-TRACE 5210 1595 K 32 1908a147b
SCHED-TRACE 5211 1595 P 32 1909dcac0
SCHED-TRACE 5212 1596 I 32 bd9ec
SCHED-TRACE 5213 1596 B 32 b2
SCHED-TRACE 5214 1596 P 32 1913cb439
SCHED-TRACE 5215 1596 R 32 1913cb439
SCHED-TRACE 5216 1597 U 4 bda65
SCHED-TRACE 5217 1597 V 4 bda8d
SCHED-TRACE 5218 1597 O 0 0
SCHED-TRACE 5219 1597 P 32 191501893
SCHED-TRACE 5220 1598 K 32 191501893
SCHED-TRACE 5221 1598 P 32 19163d70a
SCHED-TRACE 5222 1599 I 32 bdf04
SCHED-TRACE 5223 1599 B 32 b5
SCHED-TRACE 5224 1599 P 32 19202c49b
SCHED-TRACE 5225 1599 R 32 19202c49b
SCHED-TRACE 5226 1600 U 4 bdf7e
SCHED-TRACE 5227 1600 V 4 bdfa6
SCHED-TRACE 5228 1600 O 0 0
SCHED-TRACE 5229 1600 P 32 192163d70
SCHED-TRACE 5230 1601 K 32 192163d70
SCHED-TRACE 5231 1601 P 32 19229df3b
SCHED-TRACE 5232 1602 I 32 be41c
SCHED-TRACE 5233 1602 B 32 b4
SCHED-TRACE 5234 1602 P 32 192c8c083
SCHED-TRACE 5235 1602 R 32 192c8c083
SCHED-TRACE 5236 1603 U 4 be495
SCHED-TRACE 5237 1603 V 4 be4bc
SCHED-TRACE 5238 1603 O 0 0
SCHED-TRACE 5239 1603 P 32 192dc1893
SCHED-TRACE 5240 1604 K 32 192dc1893
SCHED-TRACE 5241 1604 P 32 192efcac0
SCHED-TRACE 5242 1605 I 32 be933
SCHED-TRACE 5243 1605 B 32 b5
SCHED-TRACE 5244 1605 P 32 1938ebc6a
SCHED-TRACE 5245 1605 R 32 1938ebc6a
SCHED-TRACE 5246 1606 U 4 be9ac
SCHED-TRACE 5247 1606 V 4 be9d3
SCHED-TRACE 5248 1606 O 0 0
SCHED-TRACE 5249 1606 P 32 193a228f6
SCHED-TRACE 5250 1607 K 32 193a228f6
SCHED-TRACE 5251 1607 P 32 193b5df3b
SCHED-TRACE 5252 1608 I 32 bee4b
SCHED-TRACE 5253 1608 B 32 b3
SCHED-TRACE 5254 1608 P 32 19454d916
SCHED-TRACE 5255 1608 R 32 19454d916
SCHED-TRACE 5256 1609 U 4 beec4
SCHED-TRACE 5257 1609 V 4 beeec
SCHED-TRACE 5258 1609 O 0 0
SCHED-TRACE 5259 1609 P 32 1946849ba
SCHED-TRACE 5260 1610 K 32 1946849ba
SCHED-TRACE 5261 1610 P 32 1947c0000
SCHED-TRACE 5262 1611 I 32 bf363
SCHED-TRACE 5263 1611 B 32 b2
SCHED-TRACE 5264 1611 P 32 1951ad916
SCHED-TRACE 5265 1611 R 32 1951ad916
SCHED-TRACE 5266 1612 U 4 bf3dc
SCHED-TRACE 5267 1612 V 4 bf404
SCHED-TRACE 5268 1612 O 0 0
SCHED-TRACE 5269 1612 P 32 1952e51eb
SCHED-TRACE 5270 1613 K 32 1952e51eb
SCHED-TRACE 5271 1613 P 32 195421062
SCHED-TRACE 5272 1614 I 32 bf87b
SCHED-TRACE 5273 1614 B 32 b6
SCHED-TRACE 5274 1614 P 32 195e0f9db
SCHED-TRACE 5275 1614 R 32 195e0f9db
SCHED-TRACE 5276 1615 U 4 bf8f4
SCHED-TRACE 5277 1615 V 4 bf91b
SCHED-TRACE 5278 1615 O 0 0
SCHED-TRACE 5279 1615 P 32 195f44dd3
SCHED-TRACE 5280 1616 K 32 195f44dd3
SCHED-TRACE 5281 1616 P 32 196080000
SCHED-TRACE 5282 1617 I 32 bfd92
SCHED-TRACE 5283 1617 B 32 b5
SCHED-TRACE 5284 1617 P 32 196a6f5c2
SCHED-TRACE 5285 1617 R 32 196a6f5c2
SCHED-TRACE 5286 1618 U 4 bfe0b
SCHED-TRACE 5287 1618 V 4 bfe33
SCHED-TRACE 5288 1618 O 0 0
SCHED-TRACE 5289 1618 P 32 196ba72b0
SCHED-TRACE 5290 1619 K 32 196ba72b0
SCHED-TRACE 5291 1619 P 32 196ce353f
SCHED-TRACE 5292 1620 I 32 c02ab
SCHED-TRACE 5293 1620 B 32 b4
SCHED-TRACE 5294 1620 P 32 1976d22d1
SCHED-TRACE 5295 1620 R 32 1976d22d1
SCHED-TRACE 5296 1621 U 4 c0323
SCHED-TRACE 5297 1621 V 4 c034b
SCHED-TRACE 5298 1621 O 0 0
SCHED-TRACE 5299 1621 P 32 197806666
SCHED-TRACE 5300 1622 K 32 197806666
SCHED-TRACE 5301 1622 P 32 197940c49
SCHED-TRACE 5302 1623 I 32 c07c1
SCHED-TRACE 5303 1623 B 32 b3
SCHED-TRACE 5304 1623 P 32 19832f9db
SCHED-TRACE 5305 1623 R 32 19832f9db
SCHED-TRACE 5306 1624 U 4 c083a
SCHED-TRACE 5307 1624 V 4 c0860
SCHED-TRACE 5308 1624 O 0 0
SCHED-TRACE 5309 1624 P 32 198461893
SCHED-TRACE 5310 1625 K 32 198461893
SCHED-TRACE 5311 1625 P 32 19859b22d
SCHED-TRACE 5312 1626 I 32 c0cd6
SCHED-TRACE 5313 1626 B 32 b2
SCHED-TRACE 5314 1626 P 32 198f89fbe
SCHED-TRACE 5315 1626 R 32 198f89fbe
SCHED-TRACE 5316 1627 U 4 c0d4e
SCHED-TRACE 5317 1627 V 4 c0d75
SCHED-TRACE 5318 1627 O 0 0
SCHED-TRACE 5319 1627 P 32 1990bd2f1
SCHED-TRACE 5320 1628 K 32 1990bd2f1
SCHED-TRACE 5321 1628 P 32 1991f8d50
SCHED-TRACE 5322 1629 I 32 c11ec
SCHED-TRACE 5323 1629 B 32 b5
SCHED-TRACE 5324 1629 P 32 199be8f5c
SCHED-TRACE 5325 1629 R 32 199be8f5c
SCHED-TRACE 5326 1630 U 4 c1265
SCHED-TRACE 5327 1630 V 4 c128c
SCHED-TRACE 5328 1630 O 0 0
SCHED-TRACE 5329 1630 P 32 199d1df3b
SCHED-TRACE 5330 1631 K 32 199d1df3b
SCHED-TRACE 5331 1631 P 32 199e58d50
SCHED-TRACE 5332 1632 I 32 c1703
SCHED-TRACE 5333 1632 B 32 b4
SCHED-TRACE 5334 1632 P 32 19a84872b
SCHED-TRACE 5335 1632 R 32 19a84872b
SCHED-TRACE 5336 1633 U 4 c177c
SCHED-TRACE 5337 1633 V 4 c17a3
SCHED-TRACE 5338 1633 O 0 0
SCHED-TRACE 5339 1633 P 32 19a97df3b
SCHED-TRACE 5340 1634 K 32 19a97df3b
SCHED-TRACE 5341 1634 P 32 19aab8106
SCHED-TRACE 5342 1635 I 32 c1c1a
SCHED-TRACE 5343 1635 B 32 b4
SCHED-TRACE 5344 1635 P 32 19b4a7efa
SCHED-TRACE 5345 1635 R 32 19b4a7efa
SCHED-TRACE 5346 1636 U 4 c1c92
SCHED-TRACE 5347 1636 V 4 c1cba
SCHED-TRACE 5348 1636 O 0 0
SCHED-TRACE 5349 1636 P 32 19b5dc28f
SCHED-TRACE 5350 1637 K 32 19b5dc28f
SCHED-TRACE 5351 1637 P 32 19b716872
SCHED-TRACE 5352 1638 I 32 c2130
SCHED-TRACE 5353 1638 B 32 b3
SCHED-TRACE 5354 1638 P 32 19c104dd3
SCHED-TRACE 5355 1638 R 32 19c104dd3
SCHED-TRACE 5356 1639 U 4 c21a7
SCHED-TRACE 5357 1639 V 4 c21ce
SCHED-TRACE 5358 1639 O 0 0
SCHED-TRACE 5359 1639 P 32 19c2370a4
SCHED-TRACE 5360 1640 K 32 19c2370a4
SCHED-TRACE 5361 1640 P 32 19c3722d1
SCHED-TRACE 5362 1641 I 32 c2645
SCHED-TRACE 5363 1641 B 32 b5
SCHED-TRACE 5364 1641 P 32 19cd628f6
SCHED-TRACE 5365 1641 R 32 19cd628f6
SCHED-TRACE 5366 1642 U 4 c26be
SCHED-TRACE 5367 1642 V 4 c26e5
SCHED-TRACE 5368 1642 O 0 0
SCHED-TRACE 5369 1642 P 32 19ce9851e
SCHED-TRACE 5370 1643 K 32 19ce9851e
SCHED-TRACE 5371 1643 P 32 19cfd3b64
SCHED-TRACE 5372 1644 I 32 c2b5c
SCHED-TRACE 5373 1644 B 32 b6
SCHED-TRACE 5374 1644 P 32 19d9c24dd
SCHED-TRACE 5375 1644 R 32 19d9c24dd
SCHED-TRACE 5376 1645 U 4 c2bd5
SCHED-TRACE 5377 1645 V 4 c2bfd
SCHED-TRACE 5378 1645 O 0 0
SCHED-TRACE 5379 1645 P 32 19daf9581
SCHED-TRACE 5380 1646 K 32 19daf9581
SCHED-TRACE 5381 1646 P 32 19dc34395
SCHED-TRACE 5382 1647 I 32 c3074
SCHED-TRACE 5383 1647 B 32 b5
SCHED-TRACE 5384 1647 P 32 19e624dd3
SCHED-TRACE 5385 1647 R 32 19e624dd3
SCHED-TRACE 5386 1648 U 4 c30ec
SCHED-TRACE 5387 1648 V 4 c3112
SCHED-TRACE 5388 1648 O 0 0
SCHED-TRACE 5389 1648 P 32 19e756c8b
SCHED-TRACE 5390 1649 K 32 19e756c8b
SCHED-TRACE 5391 1649 P 32 19e890a3d
SCHED-TRACE 5392 1650 I 32 c3588
SCHED-TRACE 5393 1650 B 32 b4
SCHED-TRACE 5394 1650 P 32 19f27f3b6
SCHED-TRACE 5395 1650 R 32 19f27f3b6
SCHED-TRACE 5396 1651 U 4 c3601
SCHED-TRACE 5397 1651 V 4 c3628
SCHED-TRACE 5398 1651 O 0 0
SCHED-TRACE 5399 1651 P 32 19f3b53f8
SCHED-TRACE 5400 1652 K 32 19f3b53f8
SCHED-TRACE 5401 1652 P 32 19f4f0625
SCHED-TRACE 5402 1653 I 32 c3a9f
SCHED-TRACE 5403 1653 B 32 b3
SCHED-TRACE 5404 1653 P 32 19fedeb85
SCHED-TRACE 5405 1653 R 32 19fedeb85
SCHED-TRACE 5406 1654 U 4 c3b18
SCHED-TRACE 5407 1654 V 4 c3b3f
SCHED-TRACE 5408 1654 O 0 0
SCHED-TRACE 5409 1654 P 32 1a0013f7d
SCHED-TRACE 5410 1655 K 32 1a0013f7d
SCHED-TRACE 5411 1655 P 32 1a014fdf3
SCHED-TRACE 5412 1656 I 32 c3fb6
SCHED-TRACE 5413 1656 B 32 b5
SCHED-TRACE 5414 1656 P 32 1a0b3e76c
SCHED-TRACE 5415 1656 R 32 1a0b3e76c
SCHED-TRACE 5416 1657 U 4 c402f
SCHED-TRACE 5417 1657 V 4 c4055
SCHED-TRACE 5418 1657 O 0 0
SCHED-TRACE 5419 1657 P 32 1a0c6e560
SCHED-TRACE 5420 1658 K 32 1a0c6e560
SCHED-TRACE 5421 1658 P 32 1a0da72b0
SCHED-TRACE 5422 1659 I 32 c44cb
SCHED-TRACE 5423 1659 B 32 b4
SCHED-TRACE 5424 1659 P 32 1a179851e
SCHED-TRACE 5425 1659 R 32 1a179851e
SCHED-TRACE 5426 1660 U 4 c4543
SCHED-TRACE 5427 1660 V 4 c456a
SCHED-TRACE 5428 1660 O 0 0
SCHED-TRACE 5429 1660 P 32 1a18cc083
SCHED-TRACE 5430 1661 K 32 1a18cc083
SCHED-TRACE 5431 1661 P 32 1a1a076c8
SCHED-TRACE 5432 1662 I 32 c49e1
SCHED-TRACE 5433 1662 B 32 b5
SCHED-TRACE 5434 1662 P 32 1a23f6872
SCHED-TRACE 5435 1662 R 32 1a23f6872
SCHED-TRACE 5436 1663 U 4 c4a5a
SCHED-TRACE 5437 1663 V 4 c4a81
SCHED-TRACE 5438 1663 O 0 0
SCHED-TRACE 5439 1663 P 32 1a252c083
SCHED-TRACE 5440 1664 K 32 1a252c083
SCHED-TRACE 5441 1664 P 32 1a26672b0
SCHED-TRACE 5442 1665 I 32 c4ef8
SCHED-TRACE 5443 1665 B 32 b5
SCHED-TRACE 5444 1665 P 32 1a3055c29
SCHED-TRACE 5445 1665 R 32 1a3055c29
SCHED-TRACE 5446 1666 U 4 c4f71
SCHED-TRACE 5447 1666 V 4 c4f99
SCHED-TRACE 5448 1666 O 0 0
SCHED-TRACE 5449 1666 P 32 1a318bc6a
SCHED-TRACE 5450 1667 K 32 1a318bc6a
SCHED-TRACE 5451 1667 P 32 1a32c6666
SCHED-TRACE 5452 1668 I 32 c5410
SCHED-TRACE 5453 1668 B 32 b4
SCHED-TRACE 5454 1668 P 32 1a3cb6c8b
SCHED-TRACE 5455 1668 R 32 1a3cb6c8b
SCHED-TRACE 5456 1669 U 4 c5488
SCHED-TRACE 5457 1669 V 4 c54af
SCHED-TRACE 5458 1669 O 0 0
SCHED-TRACE 5459 1669 P 32 1a3deac08
SCHED-TRACE 5460 1670 K 32 1a3deac08
SCHED-TRACE 5461 1670 P 32 1a3f25e35
SCHED-TRACE 5462 1671 I 32 c5926
SCHED-TRACE 5463 1671 B 32 b6
SCHED-TRACE 5464 1671 P 32 1a49153f8
SCHED-TRACE 5465 1671 R 32 1a49153f8
SCHED-TRACE 5466 1672 U 4 c599e
SCHED-TRACE 5467 1672 V 4 c59c6
SCHED-TRACE 5468 1672 O 0 0
SCHED-TRACE 5469 1672 P 32 1a4a49fbe
SCHED-TRACE 5470 1673 K 32 1a4a49fbe
SCHED-TRACE 5471 1673 P 32 1a4b85604
SCHED-TRACE 5472 1674 I 32 c5e3d
SCHED-TRACE 5473 1674 B 32 b4
SCHED-TRACE 5474 1674 P 32 1a5574fdf
SCHED-TRACE 5475 1674 R 32 1a5574fdf
SCHED-TRACE 5476 1675 U 4 c5eb6
SCHED-TRACE 5477 1675 V 4 c5ede
SCHED-TRACE 5478 1675 O 0 0
SCHED-TRACE 5479 1675 P 32 1a56ab439
SCHED-TRACE 5480 1676 K 32 1a56ab439
SCHED-TRACE 5481 1676 P 32 1a57e6e97
SCHED-TRACE 5482 1677 I 32 c6355
SCHED-TRACE 5483 1677 B 32 b5
SCHED-TRACE 5484 1677 P 32 1a61d645a
SCHED-TRACE 5485 1677 R 32 1a61d645a
SCHED-TRACE 5486 1678 U 4 c63ce
SCHED-TRACE 5487 1678 V 4 c63f6
SCHED-TRACE 5488 1678 O 0 0
SCHED-TRACE 5489 1678 P 32 1a630d4fe
SCHED-TRACE 5490 1679 K 32 1a630d4fe
SCHED-TRACE 5491 1679 P 32 1a6447efa
SCHED-TRACE 5492 1680 I 32 c686d
SCHED-TRACE 5493 1680 B 32 b5
SCHED-TRACE 5494 1680 P 32 1a6e38937
SCHED-TRACE 5495 1680 R 32 1a6e38937
SCHED-TRACE 5496 1681 U 4 c68e5
SCHED-TRACE 5497 1681 V 4 c690c
SCHED-TRACE 5498 1681 O 0 0
SCHED-TRACE 5499 1681 P 32 1a6f6bc6a
SCHED-TRACE 5500 1682 K 32 1a6f6bc6a
SCHED-TRACE 5501 1682 P 32 1a70a5a1c
SCHED-TRACE 5502 1683 I 32 c6d83
SCHED-TRACE 5503 1683 B 32 b4
SCHED-TRACE 5504 1683 P 32 1a7a96872
SCHED-TRACE 5505 1683 R 32 1a7a96872
SCHED-TRACE 5506 1684 U 4 c6dfc
SCHED-TRACE 5507 1684 V 4 c6e23
SCHED-TRACE 5508 1684 O 0 0
SCHED-TRACE 5509 1684 P 32 1a7bcc8b4
SCHED-TRACE 5510 1685 K 32 1a7bcc8b4
SCHED-TRACE 5511 1685 P 32 1a7d08312
SCHED-TRACE 5512 1686 I 32 c729a
SCHED-TRACE 5513 1686 B 32 b6
SCHED-TRACE 5514 1686 P 32 1a86f6872
SCHED-TRACE 5515 1686 R 32 1a86f6872
SCHED-TRACE 5516 1687 U 4 c7313
SCHED-TRACE 5517 1687 V 4 c733b
SCHED-TRACE 5518 1687 O 0 0
SCHED-TRACE 5519 1687 P 32 1a882c49b
SCHED-TRACE 5520 1688 K 32 1a882c49b
SCHED-TRACE 5521 1688 P 32 1a8967ae1
SCHED-TRACE 5522 1689 I 32 c77b2
SCHED-TRACE 5523 1689 B 32 b4
SCHED-TRACE 5524 1689 P 32 1a93578d5
SCHED-TRACE 5525 1689 R 32 1a93578d5
SCHED-TRACE 5526 1690 U 4 c782b
SCHED-TRACE 5527 1690 V 4 c7852
SCHED-TRACE 5528 1690 O 0 0
SCHED-TRACE 5529 1690 P 32 1a948bc6a
SCHED-TRACE 5530 1691 K 32 1a948bc6a
SCHED-TRACE 5531 1691 P 32 1a95c6a7f
SCHED-TRACE 5532 1692 I 32 c7cc9
SCHED-TRACE 5533 1692 B 32 b6
SCHED-TRACE 5534 1692 P 32 1a9fb70a4
SCHED-TRACE 5535 1692 R 32 1a9fb70a4
SCHED-TRACE 5536 1693 U 4 c7d42
SCHED-TRACE 5537 1693 V 4 c7d69
SCHED-TRACE 5538 1693 O 0 0
SCHED-TRACE 5539 1693 P 32 1aa0ec49b
SCHED-TRACE 5540 1694 K 32 1aa0ec49b
SCHED-TRACE 5541 1694 P 32 1aa22872b
SCHED-TRACE 5542 1695 I 32 c81e0
SCHED-TRACE 5543 1695 B 32 b5
SCHED-TRACE 5544 1695 P 32 1aac1645a
SCHED-TRACE 5545 1695 R 32 1aac1645a
SCHED-TRACE 5546 1696 U 4 c8259
SCHED-TRACE 5547 1696 V 4 c8280
SCHED-TRACE 5548 1696 O 0 0
SCHED-TRACE 5549 1696 P 32 1aad4b439
SCHED-TRACE 5550 1697 K 32 1aad4b439
SCHED-TRACE 5551 1697 P 32 1aae85e35
SCHED-TRACE 5552 1698 I 32 c86f7
SCHED-TRACE 5553 1698 B 32 b3
SCHED-TRACE 5554 1698 P 32 1ab8753f8
SCHED-TRACE 5555 1698 R 32 1ab8753f8
SCHED-TRACE 5556 1699 U 4 c8770
SCHED-TRACE 5557 1699 V 4 c8797
SCHED-TRACE 5558 1699 O 0 0
SCHED-TRACE 5559 1699 P 32 1ab9aa3d7
SCHED-TRACE 5560 1700 K 32 1ab9aa3d7
SCHED-TRACE 5561 1700 P 32 1abae5a1c
SCHED-TRACE 5562 1701 I 32 c8c0e
SCHED-TRACE 5563 1701 B 32 b6
SCHED-TRACE 5564 1701 P 32 1ac4d4fdf
SCHED-TRACE 5565 1701 R 32 1ac4d4fdf
SCHED-TRACE 5566 1702 U 4 c8c87
SCHED-TRACE 5567 1702 V 4 c8cae
SCHED-TRACE 5568 1702 O 0 0
SCHED-TRACE 5569 1702 P 32 1ac60978d
SCHED-TRACE 5570 1703 K 32 1ac60978d
SCHED-TRACE 5571 1703 P 32 1ac744189
SCHED-TRACE 5572 1704 I 32 c9124
SCHED-TRACE 5573 1704 B 32 b5
SCHED-TRACE 5574 1704 P 32 1ad1326e9
SCHED-TRACE 5575 1704 R 32 1ad1326e9
SCHED-TRACE 5576 1705 U 4 c919c
SCHED-TRACE 5577 1705 V 4 c91c3
SCHED-TRACE 5578 1705 O 0 0
SCHED-TRACE 5579 1705 P 32 1ad266666
SCHED-TRACE 5580 1706 K 32 1ad266666
SCHED-TRACE 5581 1706 P 32 1ad3a20c4
SCHED-TRACE 5582 1707 I 32 c963a
SCHED-TRACE 5583 1707 B 32 b6
SCHED-TRACE 5584 1707 P 32 1add91a9f
SCHED-TRACE 5585 1707 R 32 1add91a9f
SCHED-TRACE 5586 1708 U 4 c96b3
SCHED-TRACE 5587 1708 V 4 c96db
SCHED-TRACE 5588 1708 O 0 0
SCHED-TRACE 5589 1708 P 32 1adec7ae1
SCHED-TRACE 5590 1709 K 32 1adec7ae1
SCHED-TRACE 5591 1709 P 32 1ae003127
SCHED-TRACE 5592 1710 I 32 c9b52
SCHED-TRACE 5593 1710 B 32 b5
SCHED-TRACE 5594 1710 P 32 1ae9f3333
SCHED-TRACE 5595 1710 R 32 1ae9f3333
SCHED-TRACE 5596 1711 U 4 c9bcb
SCHED-TRACE 5597 1711 V 4 c9bf3
SCHED-TRACE 5598 1711 O 0 0
SCHED-TRACE 5599 1711 P 32 1aeb2ac08
SCHED-TRACE 5600 1712 K 32 1aeb2ac08
SCHED-TRACE 5601 1712 P 32 1aec65a1c
SCHED-TRACE 5602 1713 I 32 ca06a
SCHED-TRACE 5603 1713 B 32 b3
SCHED-TRACE 5604 1713 P 32 1af654bc6
SCHED-TRACE 5605 1713 R 32 1af654bc6
SCHED-TRACE 5606 1714 U 4 ca0e1
SCHED-TRACE 5607 1714 V 4 ca108
SCHED-TRACE 5608 1714 O 0 0
SCHED-TRACE 5609 1714 P 32 1af785a1c
SCHED-TRACE 5610 1715 K 32 1af785a1c
SCHED-TRACE 5611 1715 P 32 1af8bf7cf
SCHED-TRACE 5612 1716 I 32 ca57e
SCHED-TRACE 5613 1716 B 32 b6
SCHED-TRACE 5614 1716 P 32 1b02b0e56
SCHED-TRACE 5615 1716 R 32 1b02b0e56
SCHED-TRACE 5616 1717 U 4 ca5f7
SCHED-TRACE 5617 1717 V 4 ca61f
SCHED-TRACE 5618 1717 O 0 0
SCHED-TRACE 5619 1717 P 32 1b03e76c8
SCHED-TRACE 5620 1718 K 32 1b03e76c8
SCHED-TRACE 5621 1718 P 32 1b0522d0e
SCHED-TRACE 5622 1719 I 32 caa96
SCHED-TRACE 5623 1719 B 32 b5
SCHED-TRACE 5624 1719 P 32 1b0f13333
SCHED-TRACE 5625 1719 R 32 1b0f13333
SCHED-TRACE 5626 1720 U 4 cab0f
SCHED-TRACE 5627 1720 V 4 cab37
SCHED-TRACE 5628 1720 O 0 0
SCHED-TRACE 5629 1720 P 32 1b1048f5c
SCHED-TRACE 5630 1721 K 32 1b1048f5c
SCHED-TRACE 5631 1721 P 32 1b1184dd3
SCHED-TRACE 5632 1722 I 32 cafad
SCHED-TRACE 5633 1722 B 32 b5
SCHED-TRACE 5634 1722 P 32 1b1b726e9
SCHED-TRACE 5635 1722 R 32 1b1b726e9
SCHED-TRACE 5636 1723 U 4 cb026
SCHED-TRACE 5637 1723 V 4 cb04d
SCHED-TRACE 5638 1723 O 0 0
SCHED-TRACE 5639 1723 P 32 1b1ca5a1c
SCHED-TRACE 5640 1724 K 32 1b1ca5a1c
SCHED-TRACE 5641 1724 P 32 1b1ddf3b6
SCHED-TRACE 5642 1725 I 32 cb4c3
SCHED-TRACE 5643 1725 B 32 b3
SCHED-TRACE 5644 1725 P 32 1b27ce147
SCHED-TRACE 5645 1725 R 32 1b27ce147
SCHED-TRACE 5646 1726 U 4 cb53b
SCHED-TRACE 5647 1726 V 4 cb562
SCHED-TRACE 5648 1726 O 0 0
SCHED-TRACE 5649 1726 P 32 1b29024dd
SCHED-TRACE 5650 1727 K 32 1b29024dd
SCHED-TRACE 5651 1727 P 32 1b2a3df3b
SCHED-TRACE 5652 1728 I 32 cb9d9
SCHED-TRACE 5653 1728 B 32 b4
SCHED-TRACE 5654 1728 P 32 1b342c083
SCHED-TRACE 5655 1728 R 32 1b342c083
SCHED-TRACE 5656 1729 U 4 cba52
SCHED-TRACE 5657 1729 V 4 cba7a
SCHED-TRACE 5658 1729 O 0 0
SCHED-TRACE 5659 1729 P 32 1b35624dd
SCHED-TRACE 5660 1730 K 32 1b35624dd
SCHED-TRACE 5661 1730 P 32 1b369e76c
SCHED-TRACE 5662 1731 I 32 cbef1
SCHED-TRACE 5663 1731 B 32 b6
SCHED-TRACE 5664 1731 P 32 1b408d4fe
SCHED-TRACE 5665 1731 R 32 1b408d4fe
SCHED-TRACE 5666 1732 U 4 cbf6a
SCHED-TRACE 5667 1732 V 4 cbf92
SCHED-TRACE 5668 1732 O 0 0
SCHED-TRACE 5669 1732 P 32 1b41c49ba
SCHED-TRACE 5670 1733 K 32 1b41c49ba
SCHED-TRACE 5671 1733 P 32 1b42ff7cf
SCHED-TRACE 5672 1734 I 32 cc40a
SCHED-TRACE 5673 1734 B 32 b5
SCHED-TRACE 5674 1734 P 32 1b4cf020c
SCHED-TRACE 5675 1734 R 32 1b4cf020c
SCHED-TRACE 5676 1735 U 4 cc483
SCHED-TRACE 5677 1735 V 4 cc4aa
SCHED-TRACE 5678 1735 O 0 0
SCHED-TRACE 5679 1735 P 32 1b4e249ba
SCHED-TRACE 5680 1736 K 32 1b4e249ba
SCHED-TRACE 5681 1736 P 32 1b4f60000
SCHED-TRACE 5682 1737 I 32 cc920
SCHED-TRACE 5683 1737 B 32 b6
SCHED-TRACE 5684 1737 P 32 1b594e147
SCHED-TRACE 5685 1737 R 32 1b594e147
SCHED-TRACE 5686 1738 U 4 cc998
SCHED-TRACE 5687 1738 V 4 cc9c0
SCHED-TRACE 5688 1738 O 0 0
SCHED-TRACE 5689 1738 P 32 1b5a8353f
SCHED-TRACE 5690 1739 K 32 1b5a8353f
SCHED-TRACE 5691 1739 P 32 1b5bbc28f
SCHED-TRACE 5692 1740 I 32 cce37
SCHED-TRACE 5693 1740 B 32 ab
SCHED-TRACE 5694 1740 P 32 1b65ab852
SCHED-TRACE 5695 1740 R 32 1b65ab852
SCHED-TRACE 5696 1741 U 4 cceaf
SCHED-TRACE 5697 1741 V 4 cced6
SCHED-TRACE 5698 1741 O 0 0
SCHED-TRACE 5699 1741 P 32 1b66df7cf
SCHED-TRACE 5700 1742 K 32 1b66df7cf
SCHED-TRACE 5701 1742 P 32 1b681a5e3
SCHED-TRACE 5702 1743 I 32 cd34d
SCHED-TRACE 5703 1743 B 32 b3
SCHED-TRACE 5704 1743 P 32 1b7209fbe
SCHED-TRACE 5705 1743 R 32 1b7209fbe
SCHED-TRACE 5706 1744 U 4 cd3c6
SCHED-TRACE 5707 1744 V 4 cd3ee
SCHED-TRACE 5708 1744 O 0 0
SCHED-TRACE 5709 1744 P 32 1b7340831
SCHED-TRACE 5710 1745 K 32 1b7340831
SCHED-TRACE 5711 1745 P 32 1b747ba5e
SCHED-TRACE 5712 1746 I 32 cd864
SCHED-TRACE 5713 1746 B 32 b5
SCHED-TRACE 5714 1746 P 32 1b7e69ba6
SCHED-TRACE 5715 1746 R 32 1b7e69ba6
SCHED-TRACE 5716 1747 U 4 cd8dc
SCHED-TRACE 5717 1747 V 4 cd903
SCHED-TRACE 5718 1747 O 0 0
SCHED-TRACE 5719 1747 P 32 1b7f9d70a
SCHED-TRACE 5720 1748 K 32 1b7f9d70a
SCHED-TRACE 5721 1748 P 32 1b80d7ced
SCHED-TRACE 5722 1749 I 32 cdd7a
SCHED-TRACE 5723 1749 B 32 b3
SCHED-TRACE 5724 1749 P 32 1b8ac76c8
SCHED-TRACE 5725 1749 R 32 1b8ac76c8
SCHED-TRACE 5726 1750 U 4 cddf3
SCHED-TRACE 5727 1750 V 4 cde1b
SCHED-TRACE 5728 1750 O 0 0
SCHED-TRACE 5729 1750 P 32 1b8bfeb85
SCHED-TRACE 5730 1751 K 32 1b8bfeb85
SCHED-TRACE 5731 1751 P 32 1b8d3a9fc
SCHED-TRACE 5732 1752 I 32 ce292
SCHED-TRACE 5733 1752 B 32 b4
SCHED-TRACE 5734 1752 P 32 1b972978d
SCHED-TRACE 5735 1752 R 32 1b972978d
SCHED-TRACE 5736 1753 U 4 ce30b
SCHED-TRACE 5737 1753 V 4 ce332
SCHED-TRACE 5738 1753 O 0 0
SCHED-TRACE 5739 1753 P 32 1b985f7cf
SCHED-TRACE 5740 1754 K 32 1b985f7cf
SCHED-TRACE 5741 1754 P 32 1b999a1ca
SCHED-TRACE 5742 1755 I 32 ce7a9
SCHED-TRACE 5743 1755 B 32 b1
SCHED-TRACE 5744 1755 P 32 1ba387efa
SCHED-TRACE 5745 1755 R 32 1ba387efa
SCHED-TRACE 5746 1756 U 4 ce822
SCHED-TRACE 5747 1756 V 4 ce848
SCHED-TRACE 5748 1756 O 0 0
SCHED-TRACE 5749 1756 P 32 1ba4bae14
SCHED-TRACE 5750 1757 K 32 1ba4bae14
SCHED-TRACE 5751 1757 P 32 1ba5f5810
SCHED-TRACE 5752 1758 I 32 cecbf
SCHED-TRACE 5753 1758 B 32 b5
SCHED-TRACE 5754 1758 P 32 1bafe5604
SCHED-TRACE 5755 1758 R 32 1bafe5604
SCHED-TRACE 5756 1759 U 4 ced38
SCHED-TRACE 5757 1759 V 4 ced5f
SCHED-TRACE 5758 1759 O 0 0
SCHED-TRACE 5759 1759 P 32 1bb11a5e3
SCHED-TRACE 5760 1760 K 32 1bb11a5e3
SCHED-TRACE 5761 1760 P 32 1bb256872
SCHED-TRACE 5762 1761 I 32 cf1d6
SCHED-TRACE 5763 1761 B 32 b5
SCHED-TRACE 5764 1761 P 32 1bbc451eb
SCHED-TRACE 5765 1761 R 32 1bbc451eb
SCHED-TRACE 5766 1762 U 4 cf24f
SCHED-TRACE 5767 1762 V 4 cf277
SCHED-TRACE 5768 1762 O 0 0
SCHED-TRACE 5769 1762 P 32 1bbd7ba5e
SCHED-TRACE 5770 1763 K 32 1bbd7ba5e
SCHED-TRACE 5771 1763 P 32 1bbeb70a4
SCHED-TRACE 5772 1764 I 32 cf6ee
SCHED-TRACE 5773 1764 B 32 b4
SCHED-TRACE 5774 1764 P 32 1bc8a5e35
SCHED-TRACE 5775 1764 R 32 1bc8a5e35
SCHED-TRACE 5776 1765 U 4 cf767
SCHED-TRACE 5777 1765 V 4 cf78f
SCHED-TRACE 5778 1765 O 0 0
SCHED-TRACE 5779 1765 P 32 1bc9dcac0
SCHED-TRACE 5780 1766 K 32 1bc9dcac0
SCHED-TRACE 5781 1766 P 32 1bcb1851e
SCHED-TRACE 5782 1767 I 32 cfc06
SCHED-TRACE 5783 1767 B 32 b5
SCHED-TRACE 5784 1767 P 32 1bd506a7f
SCHED-TRACE 5785 1767 R 32 1bd506a7f
SCHED-TRACE 5786 1768 U 4 cfc7f
SCHED-TRACE 5787 1768 V 4 cfca7
SCHED-TRACE 5788 1768 O 0 0
SCHED-TRACE 5789 1768 P 32 1bd63ced9
SCHED-TRACE 5790 1769 K 32 1bd63ced9
SCHED-TRACE 5791 1769 P 32 1bd7770a4
SCHED-TRACE 5792 1770 I 32 d011e
SCHED-TRACE 5793 1770 B 32 b0
SCHED-TRACE 5794 1770 P 32 1be1672b0
SCHED-TRACE 5795 1770 R 32 1be1672b0
SCHED-TRACE 5796 1771 U 4 d0194
SCHED-TRACE 5797 1771 V 4 d01ba
SCHED-TRACE 5798 1771 O 0 0
SCHED-TRACE 5799 1771 P 32 1be2970a4
SCHED-TRACE 5800 1772 K 32 1be2970a4
SCHED-TRACE 5801 1772 P 32 1be3d22d1
SCHED-TRACE 5802 1773 I 32 d0631
SCHED-TRACE 5803 1773 B 32 b4
SCHED-TRACE 5804 1773 P 32 1bedc20c4
SCHED-TRACE 5805 1773 R 32 1bedc20c4
SCHED-TRACE 5806 1774 U 4 d06aa
SCHED-TRACE 5807 1774 V 4 d06d1
SCHED-TRACE 5808 1774 O 0 0
SCHED-TRACE 5809 1774 P 32 1beef78d5
SCHED-TRACE 5810 1775 K 32 1beef78d5
SCHED-TRACE 5811 1775 P 32 1bf0326e9
SCHED-TRACE 5812 1776 I 32 d0b48
SCHED-TRACE 5813 1776 B 32 b4
SCHED-TRACE 5814 1776 P 32 1bfa21cac
SCHED-TRACE 5815 1776 R 32 1bfa21cac
SCHED-TRACE 5816 1777 U 4 d0bc1
SCHED-TRACE 5817 1777 V 4 d0be9
SCHED-TRACE 5818 1777 O 0 0
SCHED-TRACE 5819 1777 P 32 1bfb5851e
SCHED-TRACE 5820 1778 K 32 1bfb5851e
SCHED-TRACE 5821 1778 P 32 1bfc92f1a
SCHED-TRACE 5822 1779 I 32 d105f
SCHED-TRACE 5823 1779 B 32 b4
SCHED-TRACE 5824 1779 P 32 1c0681893
SCHED-TRACE 5825 1779 R 32 1c0681893
SCHED-TRACE 5826 1780 U 4 d10d7
SCHED-TRACE 5827 1780 V 4 d10fd
SCHED-TRACE 5828 1780 O 0 0
SCHED-TRACE 5829 1780 P 32 1c07b374c
SCHED-TRACE 5830 1781 K 32 1c07b374c
SCHED-TRACE 5831 1781 P 32 1c08ed4fe
SCHED-TRACE 5832 1782 I 32 d1573
SCHED-TRACE 5833 1782 B 32 b5
SCHED-TRACE 5834 1782 P 32 1c12dc6a8
SCHED-TRACE 5835 1782 R 32 1c12dc6a8
SCHED-TRACE 5836 1783 U 4 d15ec
SCHED-TRACE 5837 1783 V 4 d1613
SCHED-TRACE 5838 1783 O 0 0
SCHED-TRACE 5839 1783 P 32 1c1412b02
SCHED-TRACE 5840 1784 K 32 1c1412b02
SCHED-TRACE 5841 1784 P 32 1c154d4fe
SCHED-TRACE 5842 1785 I 32 d1a8a
SCHED-TRACE 5843 1785 B 32 b1
SCHED-TRACE 5844 1785 P 32 1c1f3b22d
SCHED-TRACE 5845 1785 R 32 1c1f3b22d
SCHED-TRACE 5846 1786 U 4 d1b03
SCHED-TRACE 5847 1786 V 4 d1b2a
SCHED-TRACE 5848 1786 O 0 0
SCHED-TRACE 5849 1786 P 32 1c206fdf3
SCHED-TRACE 5850 1787 K 32 1c206fdf3
SCHED-TRACE 5851 1787 P 32 1c21ab852
SCHED-TRACE 5852 1788 I 32 d1fa1
SCHED-TRACE 5853 1788 B 32 b5
SCHED-TRACE 5854 1788 P 32 1c2b9b22d
SCHED-TRACE 5855 1788 R 32 1c2b9b22d
SCHED-TRACE 5856 1789 U 4 d201a
SCHED-TRACE 5857 1789 V 4 d2040
SCHED-TRACE 5858 1789 O 0 0
SCHED-TRACE 5859 1789 P 32 1c2ccc49b
SCHED-TRACE 5860 1790 K 32 1c2ccc49b
SCHED-TRACE 5861 1790 P 32 1c2e05e35
SCHED-TRACE 5862 1791 I 32 d24b6
SCHED-TRACE 5863 1791 B 32 b5
SCHED-TRACE 5864 1791 P 32 1c37f5c29
SCHED-TRACE 5865 1791 R 32 1c37f5c29
SCHED-TRACE 5866 1792 U 4 d252e
SCHED-TRACE 5867 1792 V 4 d2556
SCHED-TRACE 5868 1792 O 0 0
SCHED-TRACE 5869 1792 P 32 1c3929fbe
SCHED-TRACE 5870 1793 K 32 1c3929fbe
SCHED-TRACE 5871 1793 P 32 1c3a65a1c
SCHED-TRACE 5872 1794 I 32 d29cc
SCHED-TRACE 5873 1794 B 32 b4
SCHED-TRACE 5874 1794 P 32 1c4453b64
SCHED-TRACE 5875 1794 R 32 1c4453b64
SCHED-TRACE 5876 1795 U 4 d2a45
SCHED-TRACE 5877 1795 V 4 d2a6d
SCHED-TRACE 5878 1795 O 0 0
SCHED-TRACE 5879 1795 P 32 1c4589374
SCHED-TRACE 5880 1796 K 32 1c4589374
SCHED-TRACE 5881 1796 P 32 1c46c4dd3
SCHED-TRACE 5882 1797 I 32 d2ee4
SCHED-TRACE 5883 1797 B 32 b6
SCHED-TRACE 5884 1797 P 32 1c50b53f8
SCHED-TRACE 5885 1797 R 32 1c50b53f8
SCHED-TRACE 5886 1798 U 4 d2f5d
SCHED-TRACE 5887 1798 V 4 d2f85
SCHED-TRACE 5888 1798 O 0 0
SCHED-TRACE 5889 1798 P 32 1c51ebc6a
SCHED-TRACE 5890 1799 K 32 1c51ebc6a
SCHED-TRACE 5891 1799 P 32 1c5325604
SCHED-TRACE 5892 1800 I 32 d33fc
SCHED-TRACE 5893 1800 B 32 b0
SCHED-TRACE 5894 1800 P 32 1c5d14bc6
SCHED-TRACE 5895 1800 R 32 1c5d14bc6
SCHED-TRACE 5896 1801 U 4 d3474
SCHED-TRACE 5897 1801 V 4 d349b
SCHED-TRACE 5898 1801 O 0 0
SCHED-TRACE 5899 1801 P 32 1c5e4872b
SCHED-TRACE 5900 1802 K 32 1c5e4872b
SCHED-TRACE 5901 1802 P 32 1c5f83958
SCHED-TRACE 5902 1803 I 32 d3912
SCHED-TRACE 5903 1803 B 32 b5
SCHED-TRACE 5904 1803 P 32 1c6973333
SCHED-TRACE 5905 1803 R 32 1c6973333
SCHED-TRACE 5906 1804 U 4 d398a
SCHED-TRACE 5907 1804 V 4 d39b1
SCHED-TRACE 5908 1804 O 0 0
SCHED-TRACE 5909 1804 P 32 1c6aa7ae1
SCHED-TRACE 5910 1805 K 32 1c6aa7ae1
SCHED-TRACE 5911 1805 P 32 1c6be3127
SCHED-TRACE 5912 1806 I 32 d3e29
SCHED-TRACE 5913 1806 B 32 b3
SCHED-TRACE 5914 1806 P 32 1c75d2f1a
SCHED-TRACE 5915 1806 R 32 1c75d2f1a
SCHED-TRACE 5916 1807 U 4 d3ea2
SCHED-TRACE 5917 1807 V 4 d3eca
SCHED-TRACE 5918 1807 O 0 0
SCHED-TRACE 5919 1807 P 32 1c770978d
SCHED-TRACE 5920 1808 K 32 1c770978d
SCHED-TRACE 5921 1808 P 32 1c78451eb
SCHED-TRACE 5922 1809 I 32 d4341
SCHED-TRACE 5923 1809 B 32 b4
SCHED-TRACE 5924 1809 P 32 1c8233f7d
SCHED-TRACE 5925 1809 R 32 1c8233f7d
SCHED-TRACE 5926 1810 U 4 d43ba
SCHED-TRACE 5927 1810 V 4 d43e2
SCHED-TRACE 5928 1810 O 0 0
SCHED-TRACE 5929 1810 P 32 1c836a7ef
SCHED-TRACE 5930 1811 K 32 1c836a7ef
SCHED-TRACE 5931 1811 P 32 1c84a5604
SCHED-TRACE 5932 1812 I 32 d4858
SCHED-TRACE 5933 1812 B 32 b5
SCHED-TRACE 5934 1812 P 32 1c8e93f7d
SCHED-TRACE 5935 1812 R 32 1c8e93f7d
SCHED-TRACE 5936 1813 U 4 d48d0
SCHED-TRACE 5937 1813 V 4 d48f7
SCHED-TRACE 5938 1813 O 0 0
SCHED-TRACE 5939 1813 P 32 1c8fc7ae1
SCHED-TRACE 5940 1814 K 32 1c8fc7ae1
SCHED-TRACE 5941 1814 P 32 1c910147b
SCHED-TRACE 5942 1815 I 32 d4d6e
SCHED-TRACE 5943 1815 B 32 b1
SCHED-TRACE 5944 1815 P 32 1c9af1eb8
SCHED-TRACE 5945 1815 R 32 1c9af1eb8
SCHED-TRACE 5946 1816 U 4 d4de6
SCHED-TRACE 5947 1816 V 4 d4e0e
SCHED-TRACE 5948 1816 O 0 0
SCHED-TRACE 5949 1816 P 32 1c9c28312
SCHED-TRACE 5950 1817 K 32 1c9c28312
SCHED-TRACE 5951 1817 P 32 1c9d63d70
SCHED-TRACE 5952 1818 I 32 d5285
SCHED-TRACE 5953 1818 B 32 b5
SCHED-TRACE 5954 1818 P 32 1ca752b02
SCHED-TRACE 5955 1818 R 32 1ca752b02
SCHED-TRACE 5956 1819 U 4 d52fe
SCHED-TRACE 5957 1819 V 4 d5326
SCHED-TRACE 5958 1819 O 0 0
SCHED-TRACE 5959 1819 P 32 1ca888f5c
SCHED-TRACE 5960 1820 K 32 1ca888f5c
SCHED-TRACE 5961 1820 P 32 1ca9c45a2
SCHED-TRACE 5962 1821 I 32 d579c
SCHED-TRACE 5963 1821 B 32 b4
SCHED-TRACE 5964 1821 P 32 1cb3b1eb8
SCHED-TRACE 5965 1821 R 32 1cb3b1eb8
SCHED-TRACE 5966 1822 U 4 d5815
SCHED-TRACE 5967 1822 V 4 d583c
SCHED-TRACE 5968 1822 O 0 0
SCHED-TRACE 5969 1822 P 32 1cb4e5a1c
SCHED-TRACE 5970 1823 K 32 1cb4e5a1c
SCHED-TRACE 5971 1823 P 32 1cb620418
SCHED-TRACE 5972 1824 I 32 d5cb2
SCHED-TRACE 5973 1824 B 32 b5
SCHED-TRACE 5974 1824 P 32 1cc00ed91
SCHED-TRACE 5975 1824 R 32 1cc00ed91
SCHED-TRACE 5976 1825 U 4 d5d2b
SCHED-TRACE 5977 1825 V 4 d5d52
SCHED-TRACE 5978 1825 O 0 0
SCHED-TRACE 5979 1825 P 32 1cc1445a2
SCHED-TRACE 5980 1826 K 32 1cc1445a2
SCHED-TRACE 5981 1826 P 32 1cc280831
SCHED-TRACE 5982 1827 I 32 d61c9
SCHED-TRACE 5983 1827 B 32 b6
SCHED-TRACE 5984 1827 P 32 1ccc6e979
SCHED-TRACE 5985 1827 R 32 1ccc6e979
SCHED-TRACE 5986 1828 U 4 d6242
SCHED-TRACE 5987 1828 V 4 d626a
SCHED-TRACE 5988 1828 O 0 0
SCHED-TRACE 5989 1828 P 32 1ccda45a2
SCHED-TRACE 5990 1829 K 32 1ccda45a2
SCHED-TRACE 5991 1829 P 32 1ccedeb85
SCHED-TRACE 5992 1830 I 32 d66e1
SCHED-TRACE 5993 1830 B 32 b0
SCHED-TRACE 5994 1830 P 32 1cd8ce560
SCHED-TRACE 5995 1830 R 32 1cd8ce560
SCHED-TRACE 5996 1831 U 4 d675a
SCHED-TRACE 5997 1831 V 4 d6781
SCHED-TRACE 5998 1831 O 0 0
SCHED-TRACE 5999 1831 P 32 1cda03958
SCHED-TRACE 6000 1832 K 32 1cda03958
SCHED-TRACE 6001 1832 P 32 1cdb3f3b6
SCHED-TRACE 6002 1833 I 32 d6bf8
SCHED-TRACE 6003 1833 B 32 b4
SCHED-TRACE 6004 1833 P 32 1ce52dd2f
SCHED-TRACE 6005 1833 R 32 1ce52dd2f
SCHED-TRACE 6006 1834 U 4 d6c71
SCHED-TRACE 6007 1834 V 4 d6c99
SCHED-TRACE 6008 1834 O 0 0
SCHED-TRACE 6009 1834 P 32 1ce66353f
SCHED-TRACE 6010 1835 K 32 1ce66353f
SCHED-TRACE 6011 1835 P 32 1ce79e76c
SCHED-TRACE 6012 1836 I 32 d710f
SCHED-TRACE 6013 1836 B 32 b5
SCHED-TRACE 6014 1836 P 32 1cf18c49b
SCHED-TRACE 6015 1836 R 32 1cf18c49b
SCHED-TRACE 6016 1837 U 4 d7187
SCHED-TRACE 6017 1837 V 4 d71ae
SCHED-TRACE 6018 1837 O 0 0
SCHED-TRACE 6019 1837 P 32 1cf2c0000
SCHED-TRACE 6020 1838 K 32 1cf2c0000
SCHED-TRACE 6021 1838 P 32 1cf3fba5e
SCHED-TRACE 6022 1839 I 32 d7625
SCHED-TRACE 6023 1839 B 32 b5
SCHED-TRACE 6024 1839 P 32 1cfdea3d7
SCHED-TRACE 6025 1839 R 32 1cfdea3d7
SCHED-TRACE 6026 1840 U 4 d769e
SCHED-TRACE 6027 1840 V 4 d76c6
SCHED-TRACE 6028 1840 O 0 0
SCHED-TRACE 6029 1840 P 32 1cff21062
SCHED-TRACE 6030 1841 K 32 1cff21062
SCHED-TRACE 6031 1841 P 32 1d005cac0
SCHED-TRACE 6032 1842 I 32 d7b3d
SCHED-TRACE 6033 1842 B 32 b4
SCHED-TRACE 6034 1842 P 32 1d0a4ac08
SCHED-TRACE 6035 1842 R 32 1d0a4ac08
SCHED-TRACE 6036 1843 U 4 d7bb6
SCHED-TRACE 6037 1843 V 4 d7bde
SCHED-TRACE 6038 1843 O 0 0
SCHED-TRACE 6039 1843 P 32 1d0b8353f
SCHED-TRACE 6040 1844 K 32 1d0b8353f
SCHED-TRACE 6041 1844 P 32 1d0cbdf3b
SCHED-TRACE 6042 1845 I 32 d8056
SCHED-TRACE 6043 1845 B 32 b2
SCHED-TRACE 6044 1845 P 32 1d16ae560
SCHED-TRACE 6045 1845 R 32 1d16ae560
SCHED-TRACE 6046 1846 U 4 d80cd
SCHED-TRACE 6047 1846 V 4 d80f2
SCHED-TRACE 6048 1846 O 0 0
SCHED-TRACE 6049 1846 P 32 1d17dced9
SCHED-TRACE 6050 1847 K 32 1d17dced9
SCHED-TRACE 6051 1847 P 32 1d1915c29
SCHED-TRACE 6052 1848 I 32 d8568
SCHED-TRACE 6053 1848 B 32 b5
SCHED-TRACE 6054 1848 P 32 1d2306e97
SCHED-TRACE 6055 1848 R 32 1d2306e97
SCHED-TRACE 6056 1849 U 4 d85e1
SCHED-TRACE 6057 1849 V 4 d8609
SCHED-TRACE 6058 1849 O 0 0
SCHED-TRACE 6059 1849 P 32 1d243db23
SCHED-TRACE 6060 1850 K 32 1d243db23
SCHED-TRACE 6061 1850 P 32 1d2579168
SCHED-TRACE 6062 1851 I 32 d8a80
SCHED-TRACE 6063 1851 B 32 b4
SCHED-TRACE 6064 1851 P 32 1d2f68f5c
SCHED-TRACE 6065 1851 R 32 1d2f68f5c
SCHED-TRACE 6066 1852 U 4 d8af9
SCHED-TRACE 6067 1852 V 4 d8b20
SCHED-TRACE 6068 1852 O 0 0
SCHED-TRACE 6069 1852 P 32 1d309ef9d
SCHED-TRACE 6070 1853 K 32 1d309ef9d
SCHED-TRACE 6071 1853 P 32 1d31da9fc
SCHED-TRACE 6072 1854 I 32 d8f97
SCHED-TRACE 6073 1854 B 32 b6
SCHED-TRACE 6074 1854 P 32 1d3bc8f5c
SCHED-TRACE 6075 1854 R 32 1d3bc8f5c
SCHED-TRACE 6076 1855 U 4 d9010
SCHED-TRACE 6077 1855 V 4 d9037
SCHED-TRACE 6078 1855 O 0 0
SCHED-TRACE 6079 1855 P 32 1d3cfb645
SCHED-TRACE 6080 1856 K 32 1d3cfb645
SCHED-TRACE 6081 1856 P 32 1d3e353f8
SCHED-TRACE 6082 1857 I 32 d94ad
SCHED-TRACE 6083 1857 B 32 b4
SCHED-TRACE 6084 1857 P 32 1d4825604
SCHED-TRACE 6085 1857 R 32 1d4825604
SCHED-TRACE 6086 1858 U 4 d9526
SCHED-TRACE 6087 1858 V 4 d954d
SCHED-TRACE 6088 1858 O 0 0
SCHED-TRACE 6089 1858 P 32 1d495a1ca
SCHED-TRACE 6090 1859 K 32 1d495a1ca
SCHED-TRACE 6091 1859 P 32 1d4a93f7d
SCHED-TRACE 6092 1860 I 32 d99c4
SCHED-TRACE 6093 1860 B 32 ae
SCHED-TRACE 6094 1860 P 32 1d5483d70
SCHED-TRACE 6095 1860 R 32 1d5483d70
SCHED-TRACE 6096 1861 U 4 d9a3d
SCHED-TRACE 6097 1861 V 4 d9a64
SCHED-TRACE 6098 1861 O 0 0
SCHED-TRACE 6099 1861 P 32 1d55b8d50
SCHED-TRACE 6100 1862 K 32 1d55b8d50
SCHED-TRACE 6101 1862 P 32 1d56f4395
SCHED-TRACE 6102 1863 I 32 d9edb
SCHED-TRACE 6103 1863 B 32 b4
SCHED-TRACE 6104 1863 P 32 1d60e353f
SCHED-TRACE 6105 1863 R 32 1d60e353f
SCHED-TRACE 6106 1864 U 4 d9f54
SCHED-TRACE 6107 1864 V 4 d9f7c
SCHED-TRACE 6108 1864 O 0 0
SCHED-TRACE 6109 1864 P 32 1d621a1ca
SCHED-TRACE 6110 1865 K 32 1d621a1ca
SCHED-TRACE 6111 1865 P 32 1d6354fdf
SCHED-TRACE 6112 1866 I 32 da3f3
SCHED-TRACE 6113 1866 B 32 b4
SCHED-TRACE 6114 1866 P 32 1d6d445a2
SCHED-TRACE 6115 1866 R 32 1d6d445a2
SCHED-TRACE 6116 1867 U 4 da46c
SCHED-TRACE 6117 1867 V 4 da493
SCHED-TRACE 6118 1867 O 0 0
SCHED-TRACE 6119 1867 P 32 1d6e79168
SCHED-TRACE 6120 1868 K 32 1d6e79168
SCHED-TRACE 6121 1868 P 32 1d6fb3f7d
SCHED-TRACE 6122 1869 I 32 da90a
SCHED-TRACE 6123 1869 B 32 b5
SCHED-TRACE 6124 1869 P 32 1d79a3127
SCHED-TRACE 6125 1869 R 32 1d79a3127
SCHED-TRACE 6126 1870 U 4 da982
SCHED-TRACE 6127 1870 V 4 da9a9
SCHED-TRACE 6128 1870 O 0 0
SCHED-TRACE 6129 1870 P 32 1d7ad6c8b
SCHED-TRACE 6130 1871 K 32 1d7ad6c8b
SCHED-TRACE 6131 1871 P 32 1d7c11eb8
SCHED-TRACE 6132 1872 I 32 dae20
SCHED-TRACE 6133 1872 B 32 b3
SCHED-TRACE 6134 1872 P 32 1d85ffbe7
SCHED-TRACE 6135 1872 R 32 1d85ffbe7
SCHED-TRACE 6136 1873 U 4 dae99
SCHED-TRACE 6137 1873 V 4 daec1
SCHED-TRACE 6138 1873 O 0 0
SCHED-TRACE 6139 1873 P 32 1d873645a
SCHED-TRACE 6140 1874 K 32 1d873645a
SCHED-TRACE 6141 1874 P 32 1d887126e
SCHED-TRACE 6142 1875 I 32 db338
SCHED-TRACE 6143 1875 B 32 b1
SCHED-TRACE 6144 1875 P 32 1d9260000
SCHED-TRACE 6145 1875 R 32 1d9260000
SCHED-TRACE 6146 1876 U 4 db3b1
SCHED-TRACE 6147 1876 V 4 db3d9
SCHED-TRACE 6148 1876 O 0 0
SCHED-TRACE 6149 1876 P 32 1d93970a4
SCHED-TRACE 6150 1877 K 32 1d93970a4
SCHED-TRACE 6151 1877 P 32 1d94d26e9
SCHED-TRACE 6152 1878 I 32 db850
SCHED-TRACE 6153 1878 B 32 b5
SCHED-TRACE 6154 1878 P 32 1d9ec28f6
SCHED-TRACE 6155 1878 R 32 1d9ec28f6
SCHED-TRACE 6156 1879 U 4 db8c9
SCHED-TRACE 6157 1879 V 4 db8f0
SCHED-TRACE 6158 1879 O 0 0
SCHED-TRACE 6159 1879 P 32 1d9ff70a4
SCHED-TRACE 6160 1880 K 32 1d9ff70a4
SCHED-TRACE 6161 1880 P 32 1da131a9f
SCHED-TRACE 6162 1881 I 32 dbd66
SCHED-TRACE 6163 1881 B 32 b5
SCHED-TRACE 6164 1881 P 32 1dab20418
SCHED-TRACE 6165 1881 R 32 1dab20418
SCHED-TRACE 6166 1882 U 4 dbddf
SCHED-TRACE 6167 1882 V 4 dbe07
SCHED-TRACE 6168 1882 O 0 0
SCHED-TRACE 6169 1882 P 32 1dac5851e
SCHED-TRACE 6170 1883 K 32 1dac5851e
SCHED-TRACE 6171 1883 P 32 1dad947ae
SCHED-TRACE 6172 1884 I 32 dc27e
SCHED-TRACE 6173 1884 B 32 b5
SCHED-TRACE 6174 1884 P 32 1db7820c4
SCHED-TRACE 6175 1884 R 32 1db7820c4
SCHED-TRACE 6176 1885 U 4 dc2f7
SCHED-TRACE 6177 1885 V 4 dc31f
SCHED-TRACE 6178 1885 O 0 0
SCHED-TRACE 6179 1885 P 32 1db8b7ced
SCHED-TRACE 6180 1886 K 32 1db8b7ced
SCHED-TRACE 6181 1886 P 32 1db9f2f1a
SCHED-TRACE 6182 1887 I 32 dc795
SCHED-TRACE 6183 1887 B 32 b4
SCHED-TRACE 6184 1887 P 32 1dc3e1062
SCHED-TRACE 6185 1887 R 32 1dc3e1062
SCHED-TRACE 6186 1888 U 4 dc80e
SCHED-TRACE 6187 1888 V 4 dc835
SCHED-TRACE 6188 1888 O 0 0
SCHED-TRACE 6189 1888 P 32 1dc5147ae
SCHED-TRACE 6190 1889 K 32 1dc5147ae
SCHED-TRACE 6191 1889 P 32 1dc64f5c2
SCHED-TRACE 6192 1890 I 32 dccab
SCHED-TRACE 6193 1890 B 32 b6
SCHED-TRACE 6194 1890 P 32 1dd03e354
SCHED-TRACE 6195 1890 R 32 1dd03e354
SCHED-TRACE 6196 1891 U 4 dcd24
SCHED-TRACE 6197 1891 V 4 dcd4c
SCHED-TRACE 6198 1891 O 0 0
SCHED-TRACE 6199 1891 P 32 1dd173f7d
SCHED-TRACE 6200 1892 K 32 1dd173f7d
SCHED-TRACE 6201 1892 P 32 1dd2afdf3
SCHED-TRACE 6202 1893 I 32 dd1c2
SCHED-TRACE 6203 1893 B 32 b5
SCHED-TRACE 6204 1893 P 32 1ddc9d70a
SCHED-TRACE 6205 1893 R 32 1ddc9d70a
SCHED-TRACE 6206 1894 U 4 dd23b
SCHED-TRACE 6207 1894 V 4 dd263
SCHED-TRACE 6208 1894 O 0 0
SCHED-TRACE 6209 1894 P 32 1dddd3b64
SCHED-TRACE 6210 1895 K 32 1dddd3b64
SCHED-TRACE 6211 1895 P 32 1ddf0f1aa
SCHED-TRACE 6212 1896 I 32 dd6da
SCHED-TRACE 6213 1896 B 32 b4
SCHED-TRACE 6214 1896 P 32 1de8fdf3b
SCHED-TRACE 6215 1896 R 32 1de8fdf3b
SCHED-TRACE 6216 1897 U 4 dd753
SCHED-TRACE 6217 1897 V 4 dd77b
SCHED-TRACE 6218 1897 O 0 0
SCHED-TRACE 6219 1897 P 32 1dea34bc6
SCHED-TRACE 6220 1898 K 32 1dea34bc6
SCHED-TRACE 6221 1898 P 32 1deb70625
SCHED-TRACE 6222 1899 I 32 ddbf2
SCHED-TRACE 6223 1899 B 32 b5
SCHED-TRACE 6224 1899 P 32 1df55f3b6
SCHED-TRACE 6225 1899 R 32 1df55f3b6
SCHED-TRACE 6226 1900 U 4 ddc6c
SCHED-TRACE 6227 1900 V 4 ddc93
SCHED-TRACE 6228 1900 O 0 0
SCHED-TRACE 6229 1900 P 32 1df6953f8
SCHED-TRACE 6230 1901 K 32 1df6953f8
SCHED-TRACE 6231 1901 P 32 1df7d0625
SCHED-TRACE 6232 1902 I 32 de10a
SCHED-TRACE 6233 1902 B 32 b4
SCHED-TRACE 6234 1902 P 32 1e01bef9d
SCHED-TRACE 6235 1902 R 32 1e01bef9d
SCHED-TRACE 6236 1903 U 4 de182
SCHED-TRACE 6237 1903 V 4 de1a8
SCHED-TRACE 6238 1903 O 0 0
SCHED-TRACE 6239 1903 P 32 1e02f0a3d
SCHED-TRACE 6240 1904 K 32 1e02f0a3d
SCHED-TRACE 6241 1904 P 32 1e042c8b4
SCHED-TRACE 6242 1905 I 32 de61f
SCHED-TRACE 6243 1905 B 32 b5
SCHED-TRACE 6244 1905 P 32 1e0e1b645
SCHED-TRACE 6245 1905 R 32 1e0e1b645
SCHED-TRACE 6246 1906 U 4 de698
SCHED-TRACE 6247 1906 V 4 de6c0
SCHED-TRACE 6248 1906 O 0 0
SCHED-TRACE 6249 1906 P 32 1e0f526e9
SCHED-TRACE 6250 1907 K 32 1e0f526e9
SCHED-TRACE 6251 1907 P 32 1e108e147
SCHED-TRACE 6252 1908 I 32 deb37
SCHED-TRACE 6253 1908 B 32 b4
SCHED-TRACE 6254 1908 P 32 1e1a7be77
SCHED-TRACE 6255 1908 R 32 1e1a7be77
SCHED-TRACE 6256 1909 U 4 debb0
SCHED-TRACE 6257 1909 V 4 debd8
SCHED-TRACE 6258 1909 O 0 0
SCHED-TRACE 6259 1909 P 32 1e1bb3f7d
SCHED-TRACE 6260 1910 K 32 1e1bb3f7d
SCHED-TRACE 6261 1910 P 32 1e1cef5c2
SCHED-TRACE 6262 1911 I 32 df050
SCHED-TRACE 6263 1911 B 32 b5
SCHED-TRACE 6264 1911 P 32 1e26dfbe7
SCHED-TRACE 6265 1911 R 32 1e26dfbe7
SCHED-TRACE 6266 1912 U 4 df0c8
SCHED-TRACE 6267 1912 V 4 df0ef
SCHED-TRACE 6268 1912 O 0 0
SCHED-TRACE 6269 1912 P 32 1e281374c
SCHED-TRACE 6270 1913 K 32 1e281374c
SCHED-TRACE 6271 1913 P 32 1e294e147
SCHED-TRACE 6272 1914 I 32 df566
SCHED-TRACE 6273 1914 B 32 b5
SCHED-TRACE 6274 1914 P 32 1e333e76c
SCHED-TRACE 6275 1914 R 32 1e333e76c
SCHED-TRACE 6276 1915 U 4 df5df
SCHED-TRACE 6277 1915 V 4 df607
SCHED-TRACE 6278 1915 O 0 0
SCHED-TRACE 6279 1915 P 32 1e3476872
SCHED-TRACE 6280 1916 K 32 1e3476872
SCHED-TRACE 6281 1916 P 32 1e35b22d1
SCHED-TRACE 6282 1917 I 32 dfa7f
SCHED-TRACE 6283 1917 B 32 b4
SCHED-TRACE 6284 1917 P 32 1e3fa1cac
SCHED-TRACE 6285 1917 R 32 1e3fa1cac
SCHED-TRACE 6286 1918 U 4 dfaf8
SCHED-TRACE 6287 1918 V 4 dfb20
SCHED-TRACE 6288 1918 O 0 0
SCHED-TRACE 6289 1918 P 32 1e40d9168
SCHED-TRACE 6290 1919 K 32 1e40d9168
SCHED-TRACE 6291 1919 P 32 1e4215810
SCHED-TRACE 6292 1920 I 32 dff97
SCHED-TRACE 6293 1920 B 32 b6
SCHED-TRACE 6294 1920 P 32 1e4c03127
SCHED-TRACE 6295 1920 R 32 1e4c03127
SCHED-TRACE 6296 1921 U 4 e0010
SCHED-TRACE 6297 1921 V 4 e0036
SCHED-TRACE 6298 1921 O 0 0
SCHED-TRACE 6299 1921 P 32 1e4d30a3d
SCHED-TRACE 6300 1922 K 32 1e4d30a3d
SCHED-TRACE 6301 1922 P 32 1e4e68312
SCHED-TRACE 6302 1923 I 32 e04aa
SCHED-TRACE 6303 1923 B 32 b4
SCHED-TRACE 6304 1923 P 32 1e585851e
SCHED-TRACE 6305 1923 R 32 1e585851e
SCHED-TRACE 6306 1924 U 4 e0522
SCHED-TRACE 6307 1924 V 4 e0549
SCHED-TRACE 6308 1924 O 0 0
SCHED-TRACE 6309 1924 P 32 1e598c49b
SCHED-TRACE 6310 1925 K 32 1e598c49b
SCHED-TRACE 6311 1925 P 32 1e5ac76c8
SCHED-TRACE 6312 1926 I 32 e09c0
SCHED-TRACE 6313 1926 B 32 b4
SCHED-TRACE 6314 1926 P 32 1e64b6c8b
SCHED-TRACE 6315 1926 R 32 1e64b6c8b
SCHED-TRACE 6316 1927 U 4 e0a39
SCHED-TRACE 6317 1927 V 4 e0a60
SCHED-TRACE 6318 1927 O 0 0
SCHED-TRACE 6319 1927 P 32 1e65ebc6a
SCHED-TRACE 6320 1928 K 32 1e65ebc6a
SCHED-TRACE 6321 1928 P 32 1e67272b0
SCHED-TRACE 6322 1929 I 32 e0ed7
SCHED-TRACE 6323 1929 B 32 b5
SCHED-TRACE 6324 1929 P 32 1e7115c29
SCHED-TRACE 6325 1929 R 32 1e7115c29
SCHED-TRACE 6326 1930 U 4 e0f50
SCHED-TRACE 6327 1930 V 4 e0f78
SCHED-TRACE 6328 1930 O 0 0
SCHED-TRACE 6329 1930 P 32 1e724bc6a
SCHED-TRACE 6330 1931 K 32 1e724bc6a
SCHED-TRACE 6331 1931 P 32 1e7386666
SCHED-TRACE 6332 1932 I 32 e13ef
SCHED-TRACE 6333 1932 B 32 b3
SCHED-TRACE 6334 1932 P 32 1e7d770a4
SCHED-TRACE 6335 1932 R 32 1e7d770a4
SCHED-TRACE 6336 1933 U 4 e1468
SCHED-TRACE 6337 1933 V 4 e148f
SCHED-TRACE 6338 1933 O 0 0
SCHED-TRACE 6339 1933 P 32 1e7eab852
SCHED-TRACE 6340 1934 K 32 1e7eab852
SCHED-TRACE 6341 1934 P 32 1e7fe6666
SCHED-TRACE 6342 1935 I 32 e1906
SCHED-TRACE 6343 1935 B 32 b6
SCHED-TRACE 6344 1935 P 32 1e89d6c8b
SCHED-TRACE 6345 1935 R 32 1e89d6c8b
SCHED-TRACE 6346 1936 U 4 e197e
SCHED-TRACE 6347 1936 V 4 e19a5
SCHED-TRACE 6348 1936 O 0 0
SCHED-TRACE 6349 1936 P 32 1e8b0a3d7
SCHED-TRACE 6350 1937 K 32 1e8b0a3d7
SCHED-TRACE 6351 1937 P 32 1e8c45a1c
SCHED-TRACE 6352 1938 I 32 e1e1c
SCHED-TRACE 6353 1938 B 32 b4
SCHED-TRACE 6354 1938 P 32 1e9633f7d
SCHED-TRACE 6355 1938 R 32 1e9633f7d
SCHED-TRACE 6356 1939 U 4 e1e95
SCHED-TRACE 6357 1939 V 4 e1ebd
SCHED-TRACE 6358 1939 O 0 0
SCHED-TRACE 6359 1939 P 32 1e976a3d7
SCHED-TRACE 6360 1940 K 32 1e976a3d7
SCHED-TRACE 6361 1940 P 32 1e98a624e
SCHED-TRACE 6362 1941 I 32 e2334
SCHED-TRACE 6363 1941 B 32 b5
SCHED-TRACE 6364 1941 P 32 1ea295810
SCHED-TRACE 6365 1941 R 32 1ea295810
SCHED-TRACE 6366 1942 U 4 e23ad
SCHED-TRACE 6367 1942 V 4 e23d4
SCHED-TRACE 6368 1942 O 0 0
SCHED-TRACE 6369 1942 P 32 1ea3cbc6a
SCHED-TRACE 6370 1943 K 32 1ea3cbc6a
SCHED-TRACE 6371 1943 P 32 1ea506a7f
SCHED-TRACE 6372 1944 I 32 e284b
SCHED-TRACE 6373 1944 B 32 b5
SCHED-TRACE 6374 1944 P 32 1eaef4bc6
SCHED-TRACE 6375 1944 R 32 1eaef4bc6
SCHED-TRACE 6376 1945 U 4 e28c3
SCHED-TRACE 6377 1945 V 4 e28ea
SCHED-TRACE 6378 1945 O 0 0
SCHED-TRACE 6379 1945 P 32 1eb02872b
SCHED-TRACE 6380 1946 K 32 1eb02872b
SCHED-TRACE 6381 1946 P 32 1eb1628f6
SCHED-TRACE 6382 1947 I 32 e2d61
SCHED-TRACE 6383 1947 B 32 b4
SCHED-TRACE 6384 1947 P 32 1ebb52f1a
SCHED-TRACE 6385 1947 R 32 1ebb52f1a
SCHED-TRACE 6386 1948 U 4 e2dda
SCHED-TRACE 6387 1948 V 4 e2e02
SCHED-TRACE 6388 1948 O 0 0
SCHED-TRACE 6389 1948 P 32 1ebc89ba6
SCHED-TRACE 6390 1949 K 32 1ebc89ba6
SCHED-TRACE 6391 1949 P 32 1ebdc5a1c
SCHED-TRACE 6392 1950 I 32 e3279
SCHED-TRACE 6393 1950 B 32 b6
SCHED-TRACE 6394 1950 P 32 1ec7b5c29
SCHED-TRACE 6395 1950 R 32 1ec7b5c29
SCHED-TRACE 6396 1951 U 4 e32f2
SCHED-TRACE 6397 1951 V 4 e331a
SCHED-TRACE 6398 1951 O 0 0
SCHED-TRACE 6399 1951 P 32 1ec8ec49b
SCHED-TRACE 6400 1952 K 32 1ec8ec49b
SCHED-TRACE 6401 1952 P 32 1eca276c8
SCHED-TRACE 6402 1953 I 32 e3791
SCHED-TRACE 6403 1953 B 32 b4
SCHED-TRACE 6404 1953 P 32 1ed4174bc
SCHED-TRACE 6405 1953 R 32 1ed4174bc
SCHED-TRACE 6406 1954 U 4 e380a
SCHED-TRACE 6407 1954 V 4 e3831
SCHED-TRACE 6408 1954 O 0 0
SCHED-TRACE 6409 1954 P 32 1ed54b021
SCHED-TRACE 6410 1955 K 32 1ed54b021
SCHED-TRACE 6411 1955 P 32 1ed685a1c
SCHED-TRACE 6412 1956 I 32 e3ca7
SCHED-TRACE 6413 1956 B 32 b5
SCHED-TRACE 6414 1956 P 32 1ee073b64
SCHED-TRACE 6415 1956 R 32 1ee073b64
SCHED-TRACE 6416 1957 U 4 e3d20
SCHED-TRACE 6417 1957 V 4 e3d47
SCHED-TRACE 6418 1957 O 0 0
SCHED-TRACE 6419 1957 P 32 1ee1a978d
SCHED-TRACE 6420 1958 K 32 1ee1a978d
SCHED-TRACE 6421 1958 P 32 1ee2e5604
SCHED-TRACE 6422 1959 I 32 e41be
SCHED-TRACE 6423 1959 B 32 b5
SCHED-TRACE 6424 1959 P 32 1eecd3333
SCHED-TRACE 6425 1959 R 32 1eecd3333
SCHED-TRACE 6426 1960 U 4 e4237
SCHED-TRACE 6427 1960 V 4 e425f
SCHED-TRACE 6428 1960 O 0 0
SCHED-TRACE 6429 1960 P 32 1eee08b43
SCHED-TRACE 6430 1961 K 32 1eee08b43
SCHED-TRACE 6431 1961 P 32 1eef43d70
SCHED-TRACE 6432 1962 I 32 e46d5
SCHED-TRACE 6433 1962 B 32 b4
SCHED-TRACE 6434 1962 P 32 1ef931eb8
SCHED-TRACE 6435 1962 R 32 1ef931eb8
SCHED-TRACE 6436 1963 U 4 e474e
SCHED-TRACE 6437 1963 V 4 e4775
SCHED-TRACE 6438 1963 O 0 0
SCHED-TRACE 6439 1963 P 32 1efa676c8
SCHED-TRACE 6440 1964 K 32 1efa676c8
SCHED-TRACE 6441 1964 P 32 1efba3127
SCHED-TRACE 6442 1965 I 32 e4bec
SCHED-TRACE 6443 1965 B 32 b6
SCHED-TRACE 6444 1965 P 32 1f0591687
SCHED-TRACE 6445 1965 R 32 1f0591687
SCHED-TRACE 6446 1966 U 4 e4c65
SCHED-TRACE 6447 1966 V 4 e4c8d
SCHED-TRACE 6448 1966 O 0 0
SCHED-TRACE 6449 1966 P 32 1f06c6a7f
SCHED-TRACE 6450 1967 K 32 1f06c6a7f
SCHED-TRACE 6451 1967 P 32 1f0801cac
SCHED-TRACE 6452 1968 I 32 e5104
SCHED-TRACE 6453 1968 B 32 b5
SCHED-TRACE 6454 1968 P 32 1f11f22d1
SCHED-TRACE 6455 1968 R 32 1f11f22d1
SCHED-TRACE 6456 1969 U 4 e517c
SCHED-TRACE 6457 1969 V 4 e51a3
SCHED-TRACE 6458 1969 O 0 0
SCHED-TRACE 6459 1969 P 32 1f13249ba
SCHED-TRACE 6460 1970 K 32 1f13249ba
SCHED-TRACE 6461 1970 P 32 1f1460418
SCHED-TRACE 6462 1971 I 32 e5619
SCHED-TRACE 6463 1971 B 32 b6
SCHED-TRACE 6464 1971 P 32 1f1e4e147
SCHED-TRACE 6465 1971 R 32 1f1e4e147
SCHED-TRACE 6466 1972 U 4 e5692
SCHED-TRACE 6467 1972 V 4 e56ba
SCHED-TRACE 6468 1972 O 0 0
SCHED-TRACE 6469 1972 P 32 1f1f849ba
SCHED-TRACE 6470 1973 K 32 1f1f849ba
SCHED-TRACE 6471 1973 P 32 1f20c0000
SCHED-TRACE 6472 1974 I 32 e5b31
SCHED-TRACE 6473 1974 B 32 b3
SCHED-TRACE 6474 1974 P 32 1f2aae979
SCHED-TRACE 6475 1974 R 32 1f2aae979
SCHED-TRACE 6476 1975 U 4 e5baa
SCHED-TRACE 6477 1975 V 4 e5bd2
SCHED-TRACE 6478 1975 O 0 0
SCHED-TRACE 6479 1975 P 32 1f2be5604
SCHED-TRACE 6480 1976 K 32 1f2be5604
SCHED-TRACE 6481 1976 P 32 1f2d20831
SCHED-TRACE 6482 1977 I 32 e6049
SCHED-TRACE 6483 1977 B 32 b4
SCHED-TRACE 6484 1977 P 32 1f371020c
SCHED-TRACE 6485 1977 R 32 1f371020c
SCHED-TRACE 6486 1978 U 4 e60c1
SCHED-TRACE 6487 1978 V 4 e60e7
SCHED-TRACE 6488 1978 O 0 0
SCHED-TRACE 6489 1978 P 32 1f3841cac
SCHED-TRACE 6490 1979 K 32 1f3841cac
SCHED-TRACE 6491 1979 P 32 1f397be77
SCHED-TRACE 6492 1980 I 32 e655d
SCHED-TRACE 6493 1980 B 32 b7
SCHED-TRACE 6494 1980 P 32 1f436bc6a
SCHED-TRACE 6495 1980 R 32 1f436bc6a
SCHED-TRACE 6496 1981 U 4 e65d6
SCHED-TRACE 6497 1981 V 4 e65fe
SCHED-TRACE 6498 1981 O 0 0
SCHED-TRACE 6499 1981 P 32 1f44a353f
SCHED-TRACE 6500 1982 K 32 1f44a353f
SCHED-TRACE 6501 1982 P 32 1f45deb85
SCHED-TRACE 6502 1983 I 32 e6a75
SCHED-TRACE 6503 1983 B 32 b4
SCHED-TRACE 6504 1983 P 32 1f4fcd4fe
SCHED-TRACE 6505 1983 R 32 1f4fcd4fe
SCHED-TRACE 6506 1984 U 4 e6aee
SCHED-TRACE 6507 1984 V 4 e6b16
SCHED-TRACE 6508 1984 O 0 0
SCHED-TRACE 6509 1984 P 32 1f510353f
SCHED-TRACE 6510 1985 K 32 1f510353f
SCHED-TRACE 6511 1985 P 32 1f523eb85
SCHED-TRACE 6512 1986 I 32 e6f8d
SCHED-TRACE 6513 1986 B 32 b4
SCHED-TRACE 6514 1986 P 32 1f5c2e979
SCHED-TRACE 6515 1986 R 32 1f5c2e979
SCHED-TRACE 6516 1987 U 4 e7006
SCHED-TRACE 6517 1987 V 4 e702d
SCHED-TRACE 6518 1987 O 0 0
SCHED-TRACE 6519 1987 P 32 1f5d61893
SCHED-TRACE 6520 1988 K 32 1f5d61893
SCHED-TRACE 6521 1988 P 32 1f5e9b22d
SCHED-TRACE 6522 1989 I 32 e74a3
SCHED-TRACE 6523 1989 B 32 b2
SCHED-TRACE 6524 1989 P 32 1f688ac08
SCHED-TRACE 6525 1989 R 32 1f688ac08
SCHED-TRACE 6526 1990 U 4 e751c
SCHED-TRACE 6527 1990 V 4 e7543
SCHED-TRACE 6528 1990 O 0 0
SCHED-TRACE 6529 1990 P 32 1f69bf7cf
SCHED-TRACE 6530 1991 K 32 1f69bf7cf
SCHED-TRACE 6531 1991 P 32 1f6afa9fc
SCHED-TRACE 6532 1992 I 32 e79ba
SCHED-TRACE 6533 1992 B 32 b3
SCHED-TRACE 6534 1992 P 32 1f74ea3d7
SCHED-TRACE 6535 1992 R 32 1f74ea3d7
SCHED-TRACE 6536 1993 U 4 e7a33
SCHED-TRACE 6537 1993 V 4 e7a5b
SCHED-TRACE 6538 1993 O 0 0
SCHED-TRACE 6539 1993 P 32 1f7620831
SCHED-TRACE 6540 1994 K 32 1f7620831
SCHED-TRACE 6541 1994 P 32 1f775cac0
SCHED-TRACE 6542 1995 I 32 e7ed2
SCHED-TRACE 6543 1995 B 32 b6
SCHED-TRACE 6544 1995 P 32 1f814b439
SCHED-TRACE 6545 1995 R 32 1f814b439
SCHED-TRACE 6546 1996 U 4 e7f4b
SCHED-TRACE 6547 1996 V 4 e7f73
SCHED-TRACE 6548 1996 O 0 0
SCHED-TRACE 6549 1996 P 32 1f82828f6
SCHED-TRACE 6550 1997 K 32 1f82828f6
SCHED-TRACE 6551 1997 P 32 1f83bced9
SCHED-TRACE 6552 1998 I 32 e83eb
SCHED-TRACE 6553 1998 B 32 b4
SCHED-TRACE 6554 1998 P 32 1f8dadd2f
SCHED-TRACE 6555 1998 R 32 1f8dadd2f
SCHED-TRACE 6556 1999 U 4 e8464
SCHED-TRACE 6557 1999 V 4 e848b
SCHED-TRACE 6558 1999 O 0 0
SCHED-TRACE 6559 1999 P 32 1f8ee1cac
SCHED-TRACE 6560 2000 K 32 1f8ee1cac
SCHED-TRACE 6561 2000 P 32 1f901cac0
SCHED-TRACE 6562 2001 I 32 e8902
SCHED-TRACE 6563 2001 B 32 b5
SCHED-TRACE 6564 2001 P 32 1f9a0cccd
SCHED-TRACE 6565 2001 R 32 1f9a0cccd
SCHED-TRACE 6566 2002 U 4 e897a
SCHED-TRACE 6567 2002 V 4 e89a1
SCHED-TRACE 6568 2002 O 0 0
SCHED-TRACE 6569 2002 P 32 1f9b40831
SCHED-TRACE 6570 2003 K 32 1f9b40831
SCHED-TRACE 6571 2003 P 32 1f9c7b645
SCHED-TRACE 6572 2004 I 32 e8e18
SCHED-TRACE 6573 2004 B 32 b3
SCHED-TRACE 6574 2004 P 32 1fa66a7ef
SCHED-TRACE 6575 2004 R 32 1fa66a7ef
SCHED-TRACE 6576 2005 U 4 e8e91
SCHED-TRACE 6577 2005 V 4 e8eb8
SCHED-TRACE 6578 2005 O 0 0
SCHED-TRACE 6579 2005 P 32 1fa7a0000
SCHED-TRACE 6580 2006 K 32 1fa7a0000
SCHED-TRACE 6581 2006 P 32 1fa8dba5e
SCHED-TRACE 6582 2007 I 32 e932f
SCHED-TRACE 6583 2007 B 32 b6
SCHED-TRACE 6584 2007 P 32 1fb2c9ba6
SCHED-TRACE 6585 2007 R 32 1fb2c9ba6
SCHED-TRACE 6586 2008 U 4 e93a8
SCHED-TRACE 6587 2008 V 4 e93d0
SCHED-TRACE 6588 2008 O 0 0
SCHED-TRACE 6589 2008 P 32 1fb3ffbe7
SCHED-TRACE 6590 2009 K 32 1fb3ffbe7
SCHED-TRACE 6591 2009 P 32 1fb53b22d
SCHED-TRACE 6592 2010 I 32 e9847
SCHED-TRACE 6593 2010 B 32 b6
SCHED-TRACE 6594 2010 P 32 1fbf2b439
SCHED-TRACE 6595 2010 R 32 1fbf2b439
SCHED-TRACE 6596 2011 U 4 e98bf
SCHED-TRACE 6597 2011 V 4 e98e7
SCHED-TRACE 6598 2011 O 0 0
SCHED-TRACE 6599 2011 P 32 1fc05fbe7
SCHED-TRACE 6600 2012 K 32 1fc05fbe7
SCHED-TRACE 6601 2012 P 32 1fc19a1ca
SCHED-TRACE 6602 2013 I 32 e9d5d
SCHED-TRACE 6603 2013 B 32 b4
SCHED-TRACE 6604 2013 P 32 1fcb88f5c
SCHED-TRACE 6605 2013 R 32 1fcb88f5c
SCHED-TRACE 6606 2014 U 4 e9dd6
SCHED-TRACE 6607 2014 V 4 e9dfe
SCHED-TRACE 6608 2014 O 0 0
SCHED-TRACE 6609 2014 P 32 1fccc0418
SCHED-TRACE 6610 2015 K 32 1fccc0418
SCHED-TRACE 6611 2015 P 32 1fcdfc28f
SCHED-TRACE 6612 2016 I 32 ea275
SCHED-TRACE 6613 2016 B 32 b5
SCHED-TRACE 6614 2016 P 32 1fd7eb021
SCHED-TRACE 6615 2016 R 32 1fd7eb021
SCHED-TRACE 6616 2017 U 4 ea2ee
SCHED-TRACE 6617 2017 V 4 ea316
SCHED-TRACE 6618 2017 O 0 0
SCHED-TRACE 6619 2017 P 32 1fd920c49
SCHED-TRACE 6620 2018 K 32 1fd920c49
SCHED-TRACE 6621 2018 P 32 1fda5ba5e
SCHED-TRACE 6622 2019 I 32 ea78c
SCHED-TRACE 6623 2019 B 32 b3
SCHED-TRACE 6624 2019 P 32 1fe449ba6
SCHED-TRACE 6625 2019 R 32 1fe449ba6
SCHED-TRACE 6626 2020 U 4 ea805
SCHED-TRACE 6627 2020 V 4 ea82c
SCHED-TRACE 6628 2020 O 0 0
SCHED-TRACE 6629 2020 P 32 1fe57ced9
SCHED-TRACE 6630 2021 K 32 1fe57ced9
SCHED-TRACE 6631 2021 P 32 1fe6b7ced
SCHED-TRACE 6632 2022 I 32 eaca2
SCHED-TRACE 6633 2022 B 32 b5
SCHED-TRACE 6634 2022 P 32 1ff0a6a7f
SCHED-TRACE 6635 2022 R 32 1ff0a6a7f
SCHED-TRACE 6636 2023 U 4 ead1b
SCHED-TRACE 6637 2023 V 4 ead42
SCHED-TRACE 6638 2023 O 0 0
SCHED-TRACE 6639 2023 P 32 1ff1dc6a8
SCHED-TRACE 6640 2024 K 32 1ff1dc6a8
SCHED-TRACE 6641 2024 P 32 1ff31851e
SCHED-TRACE 6642 2025 I 32 eb1b9
SCHED-TRACE 6643 2025 B 32 b6
SCHED-TRACE 6644 2025 P 32 1ffd06a7f
SCHED-TRACE 6645 2025 R 32 1ffd06a7f
SCHED-TRACE 6646 2026 U 4 eb232
SCHED-TRACE 6647 2026 V 4 eb25a
SCHED-TRACE 6648 2026 O 0 0
SCHED-TRACE 6649 2026 P 32 1ffe3d2f1
SCHED-TRACE 6650 2027 K 32 1ffe3d2f1
SCHED-TRACE 6651 2027 P 32 1fff78937
SCHED-TRACE 6652 2028 I 32 eb6d1
SCHED-TRACE 6653 2028 B 32 b4
SCHED-TRACE 6654 2028 P 32 200966e97
SCHED-TRACE 6655 2028 R 32 200966e97
SCHED-TRACE 6656 2029 U 4 eb74a
SCHED-TRACE 6657 2029 V 4 eb772
SCHED-TRACE 6658 2029 O 0 0
SCHED-TRACE 6659 2029 P 32 200a9db23
SCHED-TRACE 6660 2030 K 32 200a9db23
SCHED-TRACE 6661 2030 P 32 200bda1ca
SCHED-TRACE 6662 2031 I 32 ebbe9
SCHED-TRACE 6663 2031 B 32 b5
SCHED-TRACE 6664 2031 P 32 2015c8312
SCHED-TRACE 6665 2031 R 32 2015c8312
SCHED-TRACE 6666 2032 U 4 ebc63
SCHED-TRACE 6667 2032 V 4 ebc8a
SCHED-TRACE 6668 2032 O 0 0
SCHED-TRACE 6669 2032 P 32 2016fe76c
SCHED-TRACE 6670 2033 K 32 2016fe76c
SCHED-TRACE 6671 2033 P 32 201839581
SCHED-TRACE 6672 2034 I 32 ec101
SCHED-TRACE 6673 2034 B 32 b3
SCHED-TRACE 6674 2034 P 32 202227efa
SCHED-TRACE 6675 2034 R 32 202227efa
SCHED-TRACE 6676 2035 U 4 ec178
SCHED-TRACE 6677 2035 V 4 ec19e
SCHED-TRACE 6678 2035 O 0 0
SCHED-TRACE 6679 2035 P 32 202358106
SCHED-TRACE 6680 2036 K 32 202358106
SCHED-TRACE 6681 2036 P 32 202493b64
SCHED-TRACE 6682 2037 I 32 ec615
SCHED-TRACE 6683 2037 B 32 b5
SCHED-TRACE 6684 2037 P 32 202e82d0e
SCHED-TRACE 6685 2037 R 32 202e82d0e
SCHED-TRACE 6686 2038 U 4 ec68e
SCHED-TRACE 6687 2038 V 4 ec6b6
SCHED-TRACE 6688 2038 O 0 0
SCHED-TRACE 6689 2038 P 32 202fb9581
SCHED-TRACE 6690 2039 K 32 202fb9581
SCHED-TRACE 6691 2039 P 32 2030f4fdf
SCHED-TRACE 6692 2040 I 32 ecb2d
SCHED-TRACE 6693 2040 B 32 b5
SCHED-TRACE 6694 2040 P 32 203ae3d70
SCHED-TRACE 6695 2040 R 32 203ae3d70
SCHED-TRACE 6696 2041 U 4 ecba6
SCHED-TRACE 6697 2041 V 4 ecbce
SCHED-TRACE 6698 2041 O 0 0
SCHED-TRACE 6699 2041 P 32 203c1ae14
SCHED-TRACE 6700 2042 K 32 203c1ae14
SCHED-TRACE 6701 2042 P 32 203d55c29
SCHED-TRACE 6702 2043 I 32 ed045
SCHED-TRACE 6703 2043 B 32 b3
SCHED-TRACE 6704 2043 P 32 2047449ba
SCHED-TRACE 6705 2043 R 32 2047449ba
SCHED-TRACE 6706 2044 U 4 ed0bd
SCHED-TRACE 6707 2044 V 4 ed0e4
SCHED-TRACE 6708 2044 O 0 0
SCHED-TRACE 6709 2044 P 32 2048774bc
SCHED-TRACE 6710 2045 K 32 2048774bc
SCHED-TRACE 6711 2045 P 32 2049b1a9f
SCHED-TRACE 6712 2046 I 32 ed55a
SCHED-TRACE 6713 2046 B 32 b5
SCHED-TRACE 6714 2046 P 32 2053a147b
SCHED-TRACE 6715 2046 R 32 2053a147b
SCHED-TRACE 6716 2047 U 4 ed5d3
SCHED-TRACE 6717 2047 V 4 ed5fb
SCHED-TRACE 6718 2047 O 0 0
SCHED-TRACE 6719 2047 P 32 2054d8d50
SCHED-TRACE 6720 2048 K 32 2054d8d50
SCHED-TRACE 6721 2048 P 32 205614395
SCHED-TRACE 6722 2049 I 32 eda72
SCHED-TRACE 6723 2049 B 32 b2
SCHED-TRACE 6724 2049 P 32 2060020c4
SCHED-TRACE 6725 2049 R 32 2060020c4
SCHED-TRACE 6726 2050 U 4 edaeb
SCHED-TRACE 6727 2050 V 4 edb13
SCHED-TRACE 6728 2050 O 0 0
SCHED-TRACE 6729 2050 P 32 20613851e
SCHED-TRACE 6730 2051 K 32 20613851e
SCHED-TRACE 6731 2051 P 32 206274395
SCHED-TRACE 6732 2052 I 32 edf8a
SCHED-TRACE 6733 2052 B 32 b6
SCHED-TRACE 6734 2052 P 32 206c63d70
SCHED-TRACE 6735 2052 R 32 206c63d70
SCHED-TRACE 6736 2053 U 4 ee003
SCHED-TRACE 6737 2053 V 4 ee02a
SCHED-TRACE 6738 2053 O 0 0
SCHED-TRACE 6739 2053 P 32 206d96041
SCHED-TRACE 6740 2054 K 32 206d96041
SCHED-TRACE 6741 2054 P 32 206ecfdf3
SCHED-TRACE 6742 2055 I 32 ee4a0
SCHED-TRACE 6743 2055 B 32 b5
SCHED-TRACE 6744 2055 P 32 2078c0000
SCHED-TRACE 6745 2055 R 32 2078c0000
SCHED-TRACE 6746 2056 U 4 ee519
SCHED-TRACE 6747 2056 V 4 ee540
SCHED-TRACE 6748 2056 O 0 0
SCHED-TRACE 6749 2056 P 32 2079f4fdf
SCHED-TRACE 6750 2057 K 32 2079f4fdf
SCHED-TRACE 6751 2057 P 32 207b30a3d
SCHED-TRACE 6752 2058 I 32 ee9b7
SCHED-TRACE 6753 2058 B 32 b5
SCHED-TRACE 6754 2058 P 32 20851f3b6
SCHED-TRACE 6755 2058 R 32 20851f3b6
SCHED-TRACE 6756 2059 U 4 eea30
SCHED-TRACE 6757 2059 V 4 eea58
SCHED-TRACE 6758 2059 O 0 0
SCHED-TRACE 6759 2059 P 32 208655c29
SCHED-TRACE 6760 2060 K 32 208655c29
SCHED-TRACE 6761 2060 P 32 208791a9f
SCHED-TRACE 6762 2061 I 32 eeecf
SCHED-TRACE 6763 2061 B 32 b6
SCHED-TRACE 6764 2061 P 32 20917fbe7
SCHED-TRACE 6765 2061 R 32 20917fbe7
SCHED-TRACE 6766 2062 U 4 eef48
SCHED-TRACE 6767 2062 V 4 eef70
SCHED-TRACE 6768 2062 O 0 0
SCHED-TRACE 6769 2062 P 32 2092b70a4
SCHED-TRACE 6770 2063 K 32 2092b70a4
SCHED-TRACE 6771 2063 P 32 2093f3333
SCHED-TRACE 6772 2064 I 32 ef3e8
SCHED-TRACE 6773 2064 B 32 b3
SCHED-TRACE 6774 2064 P 32 209de24dd
SCHED-TRACE 6775 2064 R 32 209de24dd
SCHED-TRACE 6776 2065 U 4 ef461
SCHED-TRACE 6777 2065 V 4 ef489
SCHED-TRACE 6778 2065 O 0 0
SCHED-TRACE 6779 2065 P 32 209f17ced
SCHED-TRACE 6780 2066 K 32 209f17ced
SCHED-TRACE 6781 2066 P 32 20a05374c
SCHED-TRACE 6782 2067 I 32 ef900
SCHED-TRACE 6783 2067 B 32 b6
SCHED-TRACE 6784 2067 P 32 20aa43958
SCHED-TRACE 6785 2067 R 32 20aa43958
SCHED-TRACE 6786 2068 U 4 ef979
SCHED-TRACE 6787 2068 V 4 ef9a0
SCHED-TRACE 6788 2068 O 0 0
SCHED-TRACE 6789 2068 P 32 20ab78d50
SCHED-TRACE 6790 2069 K 32 20ab78d50
SCHED-TRACE 6791 2069 P 32 20acb53f8
SCHED-TRACE 6792 2070 I 32 efe17
SCHED-TRACE 6793 2070 B 32 b5
SCHED-TRACE 6794 2070 P 32 20b6a28f6
SCHED-TRACE 6795 2070 R 32 20b6a28f6
SCHED-TRACE 6796 2071 U 4 efe91
SCHED-TRACE 6797 2071 V 4 efeb9
SCHED-TRACE 6798 2071 O 0 0
SCHED-TRACE 6799 2071 P 32 20b7da9fc
SCHED-TRACE 6800 2072 K 32 20b7da9fc
SCHED-TRACE 6801 2072 P 32 20b916c8b
SCHED-TRACE 6802 2073 I 32 f0330
SCHED-TRACE 6803 2073 B 32 b5
SCHED-TRACE 6804 2073 P 32 20c305604
SCHED-TRACE 6805 2073 R 32 20c305604
SCHED-TRACE 6806 2074 U 4 f03a9
SCHED-TRACE 6807 2074 V 4 f03d0
SCHED-TRACE 6808 2074 O 0 0
SCHED-TRACE 6809 2074 P 32 20c43b645
SCHED-TRACE 6810 2075 K 32 20c43b645
SCHED-TRACE 6811 2075 P 32 20c576872
SCHED-TRACE 6812 2076 I 32 f0847
SCHED-TRACE 6813 2076 B 32 b6
SCHED-TRACE 6814 2076 P 32 20cf651eb
SCHED-TRACE 6815 2076 R 32 20cf651eb
SCHED-TRACE 6816 2077 U 4 f08bf
SCHED-TRACE 6817 2077 V 4 f08e6
SCHED-TRACE 6818 2077 O 0 0
SCHED-TRACE 6819 2077 P 32 20d098937
SCHED-TRACE 6820 2078 K 32 20d098937
SCHED-TRACE 6821 2078 P 32 20d1d26e9
SCHED-TRACE 6822 2079 I 32 f0d5d
SCHED-TRACE 6823 2079 B 32 b3
SCHED-TRACE 6824 2079 P 32 20dbc3127
SCHED-TRACE 6825 2079 R 32 20dbc3127
SCHED-TRACE 6826 2080 U 4 f0dd6
SCHED-TRACE 6827 2080 V 4 f0dfd
SCHED-TRACE 6828 2080 O 0 0
SCHED-TRACE 6829 2080 P 32 20dcf9999
SCHED-TRACE 6830 2081 K 32 20dcf9999
SCHED-TRACE 6831 2081 P 32 20de353f8
SCHED-TRACE 6832 2082 I 32 f1274
SCHED-TRACE 6833 2082 B 32 b5
SCHED-TRACE 6834 2082 P 32 20e822d0e
SCHED-TRACE 6835 2082 R 32 20e822d0e
SCHED-TRACE 6836 2083 U 4 f12ed
SCHED-TRACE 6837 2083 V 4 f1315
SCHED-TRACE 6838 2083 O 0 0
SCHED-TRACE 6839 2083 P 32 20e958d50
SCHED-TRACE 6840 2084 K 32 20e958d50
SCHED-TRACE 6841 2084 P 32 20ea94395
SCHED-TRACE 6842 2085 I 32 f178c
SCHED-TRACE 6843 2085 B 32 b6
SCHED-TRACE 6844 2085 P 32 20f484dd3
SCHED-TRACE 6845 2085 R 32 20f484dd3
SCHED-TRACE 6846 2086 U 4 f1805
SCHED-TRACE 6847 2086 V 4 f182c
SCHED-TRACE 6848 2086 O 0 0
SCHED-TRACE 6849 2086 P 32 20f5b8d50
SCHED-TRACE 6850 2087 K 32 20f5b8d50
SCHED-TRACE 6851 2087 P 32 20f6f3b64
SCHED-TRACE 6852 2088 I 32 f1ca3
SCHED-TRACE 6853 2088 B 32 b5
SCHED-TRACE 6854 2088 P 32 2100e3d70
SCHED-TRACE 6855 2088 R 32 2100e3d70
SCHED-TRACE 6856 2089 U 4 f1d1c
SCHED-TRACE 6857 2089 V 4 f1d43
SCHED-TRACE 6858 2089 O 0 0
SCHED-TRACE 6859 2089 P 32 210219581
SCHED-TRACE 6860 2090 K 32 210219581
SCHED-TRACE 6861 2090 P 32 2103553f8
SCHED-TRACE 6862 2091 I 32 f21ba
SCHED-TRACE 6863 2091 B 32 b5
SCHED-TRACE 6864 2091 P 32 210d4353f
SCHED-TRACE 6865 2091 R 32 210d4353f
SCHED-TRACE 6866 2092 U 4 f2233
SCHED-TRACE 6867 2092 V 4 f225b
SCHED-TRACE 6868 2092 O 0 0
SCHED-TRACE 6869 2092 P 32 210e79999
SCHED-TRACE 6870 2093 K 32 210e79999
SCHED-TRACE 6871 2093 P 32 210fb4bc6
SCHED-TRACE 6872 2094 I 32 f26d2
SCHED-TRACE 6873 2094 B 32 b3
SCHED-TRACE 6874 2094 P 32 2119a4189
SCHED-TRACE 6875 2094 R 32 2119a4189
SCHED-TRACE 6876 2095 U 4 f274b
SCHED-TRACE 6877 2095 V 4 f2772
SCHED-TRACE 6878 2095 O 0 0
SCHED-TRACE 6879 2095 P 32 211ada1ca
SCHED-TRACE 6880 2096 K 32 211ada1ca
SCHED-TRACE 6881 2096 P 32 211c16872
SCHED-TRACE 6882 2097 I 32 f2bea
SCHED-TRACE 6883 2097 B 32 b6
SCHED-TRACE 6884 2097 P 32 212606666
SCHED-TRACE 6885 2097 R 32 212606666
SCHED-TRACE 6886 2098 U 4 f2c63
SCHED-TRACE 6887 2098 V 4 f2c8b
SCHED-TRACE 6888 2098 O 0 0
SCHED-TRACE 6889 2098 P 32 21273be77
SCHED-TRACE 6890 2099 K 32 21273be77
SCHED-TRACE 6891 2099 P 32 2128774bc
SCHED-TRACE 6892 2100 I 32 f3102
SCHED-TRACE 6893 2100 B 32 b6
SCHED-TRACE 6894 2100 P 32 213266e97
SCHED-TRACE 6895 2100 R 32 213266e97
SCHED-TRACE 6896 2101 U 4 f317a
SCHED-TRACE 6897 2101 V 4 f31a1
SCHED-TRACE 6898 2101 O 0 0
SCHED-TRACE 6899 2101 P 32 21339a1ca
SCHED-TRACE 6900 2102 K 32 21339a1ca
SCHED-TRACE 6901 2102 P 32 2134d5c29
SCHED-TRACE 6902 2103 I 32 f3618
SCHED-TRACE 6903 2103 B 32 b5
SCHED-TRACE 6904 2103 P 32 213ec4dd3
SCHED-TRACE 6905 2103 R 32 213ec4dd3
SCHED-TRACE 6906 2104 U 4 f3691
SCHED-TRACE 6907 2104 V 4 f36b9
SCHED-TRACE 6908 2104 O 0 0
SCHED-TRACE 6909 2104 P 32 213ffba5e
SCHED-TRACE 6910 2105 K 32 213ffba5e
SCHED-TRACE 6911 2105 P 32 2141370a4
SCHED-TRACE 6912 2106 I 32 f3b30
SCHED-TRACE 6913 2106 B 32 b3
SCHED-TRACE 6914 2106 P 32 214b25a1c
SCHED-TRACE 6915 2106 R 32 214b25a1c
SCHED-TRACE 6916 2107 U 4 f3ba9
SCHED-TRACE 6917 2107 V 4 f3bd1
SCHED-TRACE 6918 2107 O 0 0
SCHED-TRACE 6919 2107 P 32 214c5cac0
SCHED-TRACE 6920 2108 K 32 214c5cac0
SCHED-TRACE 6921 2108 P 32 214d978d5
SCHED-TRACE 6922 2109 I 32 f4048
SCHED-TRACE 6923 2109 B 32 b2
SCHED-TRACE 6924 2109 P 32 215785a1c
SCHED-TRACE 6925 2109 R 32 215785a1c
SCHED-TRACE 6926 2110 U 4 f40bf
SCHED-TRACE 6927 2110 V 4 f40e5
SCHED-TRACE 6928 2110 O 0 0
SCHED-TRACE 6929 2110 P 32 2158b5810
SCHED-TRACE 6930 2111 K 32 2158b5810
SCHED-TRACE 6931 2111 P 32 2159ec49b
SCHED-TRACE 6932 2112 I 32 f455b
SCHED-TRACE 6933 2112 B 32 ab
SCHED-TRACE 6934 2112 P 32 2163dcac0
SCHED-TRACE 6935 2112 R 32 2163dcac0
SCHED-TRACE 6936 2113 U 4 f45cf
SCHED-TRACE 6937 2113 V 4 f45f3
SCHED-TRACE 6938 2113 O 0 0
SCHED-TRACE 6939 2113 P 32 216504dd3
SCHED-TRACE 6940 2114 K 32 216504dd3
SCHED-TRACE 6941 2114 P 32 216639168
SCHED-TRACE 6942 2115 I 32 f4a67
SCHED-TRACE 6943 2115 B 32 ad
SCHED-TRACE 6944 2115 P 32 217029fbe
SCHED-TRACE 6945 2115 R 32 217029fbe
SCHED-TRACE 6946 2116 U 4 f4adb
SCHED-TRACE 6947 2116 V 4 f4aff
SCHED-TRACE 6948 2116 O 0 0
SCHED-TRACE 6949 2116 P 32 217151eb8
SCHED-TRACE 6950 2117 K 32 217151eb8
SCHED-TRACE 6951 2117 P 32 217285e35
SCHED-TRACE 6952 2118 I 32 f4f73
SCHED-TRACE 6953 2118 B 32 ab
SCHED-TRACE 6954 2118 P 32 217c7645a
SCHED-TRACE 6955 2118 R 32 217c7645a
SCHED-TRACE 6956 2119 U 4 f4fe8
SCHED-TRACE 6957 2119 V 4 f500c
SCHED-TRACE 6958 2119 O 0 0
SCHED-TRACE 6959 2119 P 32 217da0418
SCHED-TRACE 6960 2120 K 32 217da0418
SCHED-TRACE 6961 2120 P 32 217ed645a
SCHED-TRACE 6962 2121 I 32 f5481
SCHED-TRACE 6963 2121 B 32 af
SCHED-TRACE 6964 2121 P 32 2188c76c8
SCHED-TRACE 6965 2121 R 32 2188c76c8
SCHED-TRACE 6966 2122 U 4 f54f7
SCHED-TRACE 6967 2122 V 4 f551c
SCHED-TRACE 6968 2122 O 0 0
SCHED-TRACE 6969 2122 P 32 2189f2b02
SCHED-TRACE 6970 2123 K 32 2189f2b02
SCHED-TRACE 6971 2123 P 32 218b28b43
SCHED-TRACE 6972 2124 I 32 f5990
SCHED-TRACE 6973 2124 B 32 ae
SCHED-TRACE 6974 2124 P 32 219518937
SCHED-TRACE 6975 2124 R 32 219518937
SCHED-TRACE 6976 2125 U 4 f5a06
SCHED-TRACE 6977 2125 V 4 f5a2b
SCHED-TRACE 6978 2125 O 0 0
SCHED-TRACE 6979 2125 P 32 219645a1c
SCHED-TRACE 6980 2126 K 32 219645a1c
SCHED-TRACE 6981 2126 P 32 21977b645
SCHED-TRACE 6982 2127 I 32 f5ea0
SCHED-TRACE 6983 2127 B 32 af
SCHED-TRACE 6984 2127 P 32 21a16d0e5
SCHED-TRACE 6985 2127 R 32 21a16d0e5
SCHED-TRACE 6986 2128 U 4 f5f15
SCHED-TRACE 6987 2128 V 4 f5f3a
SCHED-TRACE 6988 2128 O 0 0
SCHED-TRACE 6989 2128 P 32 21a29851e
SCHED-TRACE 6990 2129 K 32 21a29851e
SCHED-TRACE 6991 2129 P 32 21a3ce560
SCHED-TRACE 6992 2130 I 32 f63af
SCHED-TRACE 6993 2130 B 32 ad
SCHED-TRACE 6994 2130 P 32 21adbeb85
SCHED-TRACE 6995 2130 R 32 21adbeb85
SCHED-TRACE 6996 2131 U 4 f6424
SCHED-TRACE 6997 2131 V 4 f6449
SCHED-TRACE 6998 2131 O 0 0
SCHED-TRACE 6999 2131 P 32 21aeec083
SCHED-TRACE 7000 2132 K 32 21aeec083
SCHED-TRACE 7001 2132 P 32 21b0224dd
SCHED-TRACE 7002 2133 I 32 f68be
SCHED-TRACE 7003 2133 B 32 ad
SCHED-TRACE 7004 2133 P 32 21ba12b02
SCHED-TRACE 7005 2133 R 32 21ba12b02
SCHED-TRACE 7006 2134 U 4 f6934
SCHED-TRACE 7007 2134 V 4 f6959
SCHED-TRACE 7008 2134 O 0 0
SCHED-TRACE 7009 2134 P 32 21bb3ef9d
SCHED-TRACE 7010 2135 K 32 21bb3ef9d
SCHED-TRACE 7011 2135 P 32 21bc76041
SCHED-TRACE 7012 2136 I 32 f6dce
SCHED-TRACE 7013 2136 B 32 af
SCHED-TRACE 7014 2136 P 32 21c66624e
SCHED-TRACE 7015 2136 R 32 21c66624e
SCHED-TRACE 7016 2137 U 4 f6e44
SCHED-TRACE 7017 2137 V 4 f6e69
SCHED-TRACE 7018 2137 O 0 0
SCHED-TRACE 7019 2137 P 32 21c792b02
SCHED-TRACE 7020 2138 K 32 21c792b02
SCHED-TRACE 7021 2138 P 32 21c8c9374
SCHED-TRACE 7022 2139 I 32 f72de
SCHED-TRACE 7023 2139 B 32 af
SCHED-TRACE 7024 2139 P 32 21d2b9168
SCHED-TRACE 7025 2139 R 32 21d2b9168
SCHED-TRACE 7026 2140 U 4 f7353
SCHED-TRACE 7027 2140 V 4 f7378
SCHED-TRACE 7028 2140 O 0 0
SCHED-TRACE 7029 2140 P 32 21d3e3127
SCHED-TRACE 7030 2141 K 32 21d3e3127
SCHED-TRACE 7031 2141 P 32 21d519db2
SCHED-TRACE 7032 2142 I 32 f77ec
SCHED-TRACE 7033 2142 B 32 b0
SCHED-TRACE 7034 2142 P 32 21df09fbe
SCHED-TRACE 7035 2142 R 32 21df09fbe
SCHED-TRACE 7036 2143 U 4 f7862
SCHED-TRACE 7037 2143 V 4 f7888
SCHED-TRACE 7038 2143 O 0 0
SCHED-TRACE 7039 2143 P 32 21e037ced
SCHED-TRACE 7040 2144 K 32 21e037ced
SCHED-TRACE 7041 2144 P 32 21e16ed91
SCHED-TRACE 7042 2145 I 32 f7cfd
SCHED-TRACE 7043 2145 B 32 ae
SCHED-TRACE 7044 2145 P 32 21eb5ef9d
SCHED-TRACE 7045 2145 R 32 21eb5ef9d
SCHED-TRACE 7046 2146 U 4 f7d73
SCHED-TRACE 7047 2146 V 4 f7d99
SCHED-TRACE 7048 2146 O 0 0
SCHED-TRACE 7049 2146 P 32 21ec8c8b4
SCHED-TRACE 7050 2147 K 32 21ec8c8b4
SCHED-TRACE 7051 2147 P 32 21edc49ba
SCHED-TRACE 7052 2148 I 32 f820e
SCHED-TRACE 7053 2148 B 32 b1
SCHED-TRACE 7054 2148 P 32 21f7b4fdf
SCHED-TRACE 7055 2148 R 32 21f7b4fdf
SCHED-TRACE 7056 2149 U 4 f8284
SCHED-TRACE 7057 2149 V 4 f82a9
SCHED-TRACE 7058 2149 O 0 0
SCHED-TRACE 7059 2149 P 32 21f8dced9
SCHED-TRACE 7060 2150 K 32 21f8dced9
SCHED-TRACE 7061 2150 P 32 21fa11a9f
SCHED-TRACE 7062 2151 I 32 f871c
SCHED-TRACE 7063 2151 B 32 b0
SCHED-TRACE 7064 2151 P 32 2204024dd
SCHED-TRACE 7065 2151 R 32 2204024dd
SCHED-TRACE 7066 2152 U 4 f8792
SCHED-TRACE 7067 2152 V 4 f87b7
SCHED-TRACE 7068 2152 O 0 0
SCHED-TRACE 7069 2152 P 32 22052ed91
SCHED-TRACE 7070 2153 K 32 22052ed91
SCHED-TRACE 7071 2153 P 32 220666a7f
SCHED-TRACE 7072 2154 I 32 f8c2c
SCHED-TRACE 7073 2154 B 32 b0
SCHED-TRACE 7074 2154 P 32 221056041
SCHED-TRACE 7075 2154 R 32 221056041
SCHED-TRACE 7076 2155 U 4 f8ca3
SCHED-TRACE 7077 2155 V 4 f8cc8
SCHED-TRACE 7078 2155 O 0 0
SCHED-TRACE 7079 2155 P 32 221184189
SCHED-TRACE 7080 2156 K 32 221184189
SCHED-TRACE 7081 2156 P 32 2212bba5e
SCHED-TRACE 7082 2157 I 32 f913e
SCHED-TRACE 7083 2157 B 32 b0
SCHED-TRACE 7084 2157 P 32 221cad0e5
SCHED-TRACE 7085 2157 R 32 221cad0e5
SCHED-TRACE 7086 2158 U 4 f91b5
SCHED-TRACE 7087 2158 V 4 f91da
SCHED-TRACE 7088 2158 O 0 0
SCHED-TRACE 7089 2158 P 32 221ddbe77
SCHED-TRACE 7090 2159 K 32 221ddbe77
SCHED-TRACE 7091 2159 P 32 221f12f1a
SCHED-TRACE 7092 2160 I 32 f9650
SCHED-TRACE 7093 2160 B 32 af
SCHED-TRACE 7094 2160 P 32 222903d70
SCHED-TRACE 7095 2160 R 32 222903d70
SCHED-TRACE 7096 2161 U 4 f96c6
SCHED-TRACE 7097 2161 V 4 f96eb
SCHED-TRACE 7098 2161 O 0 0
SCHED-TRACE 7099 2161 P 32 222a30a3d
SCHED-TRACE 7100 2162 K 32 222a30a3d
SCHED-TRACE 7101 2162 P 32 222b68312
SCHED-TRACE 7102 2163 I 32 f9b60
SCHED-TRACE 7103 2163 B 32 b0
SCHED-TRACE 7104 2163 P 32 2235570a4
SCHED-TRACE 7105 2163 R 32 2235570a4
SCHED-TRACE 7106 2164 U 4 f9bd6
SCHED-TRACE 7107 2164 V 4 f9bfb
SCHED-TRACE 7108 2164 O 0 0
SCHED-TRACE 7109 2164 P 32 2236851eb
SCHED-TRACE 7110 2165 K 32 2236851eb
SCHED-TRACE 7111 2165 P 32 2237bced9
SCHED-TRACE 7112 2166 I 32 fa071
SCHED-TRACE 7113 2166 B 32 af
SCHED-TRACE 7114 2166 P 32 2241acccd
SCHED-TRACE 7115 2166 R 32 2241acccd
SCHED-TRACE 7116 2167 U 4 fa0e8
SCHED-TRACE 7117 2167 V 4 fa10e
SCHED-TRACE 7118 2167 O 0 0
SCHED-TRACE 7119 2167 P 32 2242dbe77
SCHED-TRACE 7120 2168 K 32 2242dbe77
SCHED-TRACE 7121 2168 P 32 224413f7d
SCHED-TRACE 7122 2169 I 32 fa583
SCHED-TRACE 7123 2169 B 32 b0
SCHED-TRACE 7124 2169 P 32 224e03958
SCHED-TRACE 7125 2169 R 32 224e03958
SCHED-TRACE 7126 2170 U 4 fa5fa
SCHED-TRACE 7127 2170 V 4 fa620
SCHED-TRACE 7128 2170 O 0 0
SCHED-TRACE 7129 2170 P 32 224f3374c
SCHED-TRACE 7130 2171 K 32 224f3374c
SCHED-TRACE 7131 2171 P 32 22506ac08
SCHED-TRACE 7132 2172 I 32 faa95
SCHED-TRACE 7133 2172 B 32 b1
SCHED-TRACE 7134 2172 P 32 225a5ba5e
SCHED-TRACE 7135 2172 R 32 225a5ba5e
SCHED-TRACE 7136 2173 U 4 fab0b
SCHED-TRACE 7137 2173 V 4 fab30
SCHED-TRACE 7138 2173 O 0 0
SCHED-TRACE 7139 2173 P 32 225b88312
SCHED-TRACE 7140 2174 K 32 225b88312
SCHED-TRACE 7141 2174 P 32 225cbef9d
SCHED-TRACE 7142 2175 I 32 fafa5
SCHED-TRACE 7143 2175 B 32 af
SCHED-TRACE 7144 2175 P 32 2266af5c2
SCHED-TRACE 7145 2175 R 32 2266af5c2
SCHED-TRACE 7146 2176 U 4 fb01b
SCHED-TRACE 7147 2176 V 4 fb041
SCHED-TRACE 7148 2176 O 0 0
SCHED-TRACE 7149 2176 P 32 2267def9d
SCHED-TRACE 7150 2177 K 32 2267def9d
SCHED-TRACE 7151 2177 P 32 2269174bc
SCHED-TRACE 7152 2178 I 32 fb4b7
SCHED-TRACE 7153 2178 B 32 b1
SCHED-TRACE 7154 2178 P 32 2273072b0
SCHED-TRACE 7155 2178 R 32 2273072b0
SCHED-TRACE 7156 2179 U 4 fb52e
SCHED-TRACE 7157 2179 V 4 fb554
SCHED-TRACE 7158 2179 O 0 0
SCHED-TRACE 7159 2179 P 32 227436041
SCHED-TRACE 7160 2180 K 32 227436041
SCHED-TRACE 7161 2180 P 32 22756dd2f
SCHED-TRACE 7162 2181 I 32 fb9c9
SCHED-TRACE 7163 2181 B 32 b0
SCHED-TRACE 7164 2181 P 32 227f5db23
SCHED-TRACE 7165 2181 R 32 227f5db23
SCHED-TRACE 7166 2182 U 4 fba40
SCHED-TRACE 7167 2182 V 4 fba65
SCHED-TRACE 7168 2182 O 0 0
SCHED-TRACE 7169 2182 P 32 22808b439
SCHED-TRACE 7170 2183 K 32 22808b439
SCHED-TRACE 7171 2183 P 32 2281c2d0e
SCHED-TRACE 7172 2184 I 32 fbeda
SCHED-TRACE 7173 2184 B 32 b1
SCHED-TRACE 7174 2184 P 32 228bb26e9
SCHED-TRACE 7175 2184 R 32 228bb26e9
SCHED-TRACE 7176 2185 U 4 fbf51
SCHED-TRACE 7177 2185 V 4 fbf76
SCHED-TRACE 7178 2185 O 0 0
SCHED-TRACE 7179 2185 P 32 228ce1062
SCHED-TRACE 7180 2186 K 32 228ce1062
SCHED-TRACE 7181 2186 P 32 228e18937
SCHED-TRACE 7182 2187 I 32 fc3ec
SCHED-TRACE 7183 2187 B 32 ae
SCHED-TRACE 7184 2187 P 32 229808f5c
SCHED-TRACE 7185 2187 R 32 229808f5c
SCHED-TRACE 7186 2188 U 4 fc462
SCHED-TRACE 7187 2188 V 4 fc488
SCHED-TRACE 7188 2188 O 0 0
SCHED-TRACE 7189 2188 P 32 229937ced
SCHED-TRACE 7190 2189 K 32 229937ced
SCHED-TRACE 7191 2189 P 32 229a6f5c2
SCHED-TRACE 7192 2190 I 32 fc8fd
SCHED-TRACE 7193 2190 B 32 b0
SCHED-TRACE 7194 2190 P 32 22a45f3b6
SCHED-TRACE 7195 2190 R 32 22a45f3b6
SCHED-TRACE 7196 2191 U 4 fc974
SCHED-TRACE 7197 2191 V 4 fc999
SCHED-TRACE 7198 2191 O 0 0
SCHED-TRACE 7199 2191 P 32 22a58dd2f
SCHED-TRACE 7200 2192 K 32 22a58dd2f
SCHED-TRACE 7201 2192 P 32 22a6c6e97
SCHED-TRACE 7202 2193 I 32 fce0f
SCHED-TRACE 7203 2193 B 32 b2
SCHED-TRACE 7204 2193 P 32 22b0b645a
SCHED-TRACE 7205 2193 R 32 22b0b645a
SCHED-TRACE 7206 2194 U 4 fce86
SCHED-TRACE 7207 2194 V 4 fceac
SCHED-TRACE 7208 2194 O 0 0
SCHED-TRACE 7209 2194 P 32 22b1e49ba
SCHED-TRACE 7210 2195 K 32 22b1e49ba
SCHED-TRACE 7211 2195 P 32 22b31c28f
SCHED-TRACE 7212 2196 I 32 fd321
SCHED-TRACE 7213 2196 B 32 b0
SCHED-TRACE 7214 2196 P 32 22bd0bc6a
SCHED-TRACE 7215 2196 R 32 22bd0bc6a
SCHED-TRACE 7216 2197 U 4 fd397
SCHED-TRACE 7217 2197 V 4 fd3bc
SCHED-TRACE 7218 2197 O 0 0
SCHED-TRACE 7219 2197 P 32 22be38106
SCHED-TRACE 7220 2198 K 32 22be38106
SCHED-TRACE 7221 2198 P 32 22bf70a3d
SCHED-TRACE 7222 2199 I 32 fd831
SCHED-TRACE 7223 2199 B 32 b1
SCHED-TRACE 7224 2199 P 32 22c960418
SCHED-TRACE 7225 2199 R 32 22c960418
SCHED-TRACE 7226 2200 U 4 fd8a8
SCHED-TRACE 7227 2200 V 4 fd8ce
SCHED-TRACE 7228 2200 O 0 0
SCHED-TRACE 7229 2200 P 32 22ca9020c
SCHED-TRACE 7230 2201 K 32 22ca9020c
SCHED-TRACE 7231 2201 P 32 22cbc7ae1
SCHED-TRACE 7232 2202 I 32 fdd44
SCHED-TRACE 7233 2202 B 32 ad
SCHED-TRACE 7234 2202 P 32 22d5b74bc
SCHED-TRACE 7235 2202 R 32 22d5b74bc
SCHED-TRACE 7236 2203 U 4 fddbb
SCHED-TRACE 7237 2203 V 4 fdde0
SCHED-TRACE 7238 2203 O 0 0
SCHED-TRACE 7239 2203 P 32 22d6e5e35
SCHED-TRACE 7240 2204 K 32 22d6e5e35
SCHED-TRACE 7241 2204 P 32 22d81df3b
SCHED-TRACE 7242 2205 I 32 fe256
SCHED-TRACE 7243 2205 B 32 b0
SCHED-TRACE 7244 2205 P 32 22e20dd2f
SCHED-TRACE 7245 2205 R 32 22e20dd2f
SCHED-TRACE 7246 2206 U 4 fe2cb
SCHED-TRACE 7247 2206 V 4 fe2f0
SCHED-TRACE 7248 2206 O 0 0
SCHED-TRACE 7249 2206 P 32 22e338937
SCHED-TRACE 7250 2207 K 32 22e338937
SCHED-TRACE 7251 2207 P 32 22e46f1aa
SCHED-TRACE 7252 2208 I 32 fe765
SCHED-TRACE 7253 2208 B 32 b1
SCHED-TRACE 7254 2208 P 32 22ee60831
SCHED-TRACE 7255 2208 R 32 22ee60831
SCHED-TRACE 7256 2209 U 4 fe7dc
SCHED-TRACE 7257 2209 V 4 fe801
SCHED-TRACE 7258 2209 O 0 0
SCHED-TRACE 7259 2209 P 32 22ef8fdf3
SCHED-TRACE 7260 2210 K 32 22ef8fdf3
SCHED-TRACE 7261 2210 P 32 22f0c8312
SCHED-TRACE 7262 2211 I 32 fec77
SCHED-TRACE 7263 2211 B 32 b0
SCHED-TRACE 7264 2211 P 32 22fab74bc
SCHED-TRACE 7265 2211 R 32 22fab74bc
SCHED-TRACE 7266 2212 U 4 fecee
SCHED-TRACE 7267 2212 V 4 fed14
SCHED-TRACE 7268 2212 O 0 0
SCHED-TRACE 7269 2212 P 32 22fbe6e97
SCHED-TRACE 7270 2213 K 32 22fbe6e97
SCHED-TRACE 7271 2213 P 32 22fd1f7cf
SCHED-TRACE 7272 2214 I 32 ff18a
SCHED-TRACE 7273 2214 B 32 b2
SCHED-TRACE 7274 2214 P 32 230710625
SCHED-TRACE 7275 2214 R 32 230710625
SCHED-TRACE 7276 2215 U 4 ff201
SCHED-TRACE 7277 2215 V 4 ff228
SCHED-TRACE 7278 2215 O 0 0
SCHED-TRACE 7279 2215 P 32 2308420c4
SCHED-TRACE 7280 2216 K 32 2308420c4
SCHED-TRACE 7281 2216 P 32 23097851e
SCHED-TRACE 7282 2217 I 32 ff69d
SCHED-TRACE 7283 2217 B 32 ae
SCHED-TRACE 7284 2217 P 32 23136872b
SCHED-TRACE 7285 2217 R 32 23136872b
SCHED-TRACE 7286 2218 U 4 ff713
SCHED-TRACE 7287 2218 V 4 ff739
SCHED-TRACE 7288 2218 O 0 0
SCHED-TRACE 7289 2218 P 32 23149645a
SCHED-TRACE 7290 2219 K 32 23149645a
SCHED-TRACE 7291 2219 P 32 2315ce979
SCHED-TRACE 7292 2220 I 32 ffbae
SCHED-TRACE 7293 2220 B 32 b1
SCHED-TRACE 7294 2220 P 32 231fbd70a
SCHED-TRACE 7295 2220 R 32 231fbd70a
SCHED-TRACE 7296 2221 U 4 ffc25
SCHED-TRACE 7297 2221 V 4 ffc4b
SCHED-TRACE 7298 2221 O 0 0
SCHED-TRACE 7299 2221 P 32 2320ee979
SCHED-TRACE 7300 2222 K 32 2320ee979
SCHED-TRACE 7301 2222 P 32 232227ae1
SCHED-TRACE 7302 2223 I 32 1000c1
SCHED-TRACE 7303 2223 B 32 b2
SCHED-TRACE 7304 2223 P 32 232c178d5
SCHED-TRACE 7305 2223 R 32 232c178d5
SCHED-TRACE 7306 2224 U 4 100138
SCHED-TRACE 7307 2224 V 4 10015f
SCHED-TRACE 7308 2224 O 0 0
SCHED-TRACE 7309 2224 P 32 232d48b43
SCHED-TRACE 7310 2225 K 32 232d48b43
SCHED-TRACE 7311 2225 P 32 232e81893
SCHED-TRACE 7312 2226 I 32 1005d5
SCHED-TRACE 7313 2226 B 32 b1
SCHED-TRACE 7314 2226 P 32 2338722d1
SCHED-TRACE 7315 2226 R 32 2338722d1
SCHED-TRACE 7316 2227 U 4 10064c
SCHED-TRACE 7317 2227 V 4 100671
SCHED-TRACE 7318 2227 O 0 0
SCHED-TRACE 7319 2227 P 32 2339a0831
SCHED-TRACE 7320 2228 K 32 2339a0831
SCHED-TRACE 7321 2228 P 32 233ad8937
SCHED-TRACE 7322 2229 I 32 100ae7
SCHED-TRACE 7323 2229 B 32 b2
SCHED-TRACE 7324 2229 P 32 2344c978d
SCHED-TRACE 7325 2229 R 32 2344c978d
SCHED-TRACE 7326 2230 U 4 100b5d
SCHED-TRACE 7327 2230 V 4 100b83
SCHED-TRACE 7328 2230 O 0 0
SCHED-TRACE 7329 2230 P 32 2345f74bc
SCHED-TRACE 7330 2231 K 32 2345f74bc
SCHED-TRACE 7331 2231 P 32 23472dd2f
SCHED-TRACE 7332 2232 I 32 100ff8
SCHED-TRACE 7333 2232 B 32 ab
SCHED-TRACE 7334 2232 P 32 23511d70a
SCHED-TRACE 7335 2232 R 32 23511d70a
SCHED-TRACE 7336 2233 U 4 10106f
SCHED-TRACE 7337 2233 V 4 101094
SCHED-TRACE 7338 2233 O 0 0
SCHED-TRACE 7339 2233 P 32 23524c083
SCHED-TRACE 7340 2234 K 32 23524c083
SCHED-TRACE 7341 2234 P 32 235384dd3
SCHED-TRACE 7342 2235 I 32 10150a
SCHED-TRACE 7343 2235 B 32 b2
SCHED-TRACE 7344 2235 P 32 235d747ae
SCHED-TRACE 7345 2235 R 32 235d747ae
SCHED-TRACE 7346 2236 U 4 101581
SCHED-TRACE 7347 2236 V 4 1015a7
SCHED-TRACE 7348 2236 O 0 0
SCHED-TRACE 7349 2236 P 32 235ea45a2
SCHED-TRACE 7350 2237 K 32 235ea45a2
SCHED-TRACE 7351 2237 P 32 235fdd70a
SCHED-TRACE 7352 2238 I 32 101a1d
SCHED-TRACE 7353 2238 B 32 b0
SCHED-TRACE 7354 2238 P 32 2369ccccd
SCHED-TRACE 7355 2238 R 32 2369ccccd
SCHED-TRACE 7356 2239 U 4 101a94
SCHED-TRACE 7357 2239 V 4 101aba
SCHED-TRACE 7358 2239 O 0 0
SCHED-TRACE 7359 2239 P 32 236afae14
SCHED-TRACE 7360 2240 K 32 236afae14
SCHED-TRACE 7361 2240 P 32 236c32b02
SCHED-TRACE 7362 2241 I 32 101f2f
SCHED-TRACE 7363 2241 B 32 b1
SCHED-TRACE 7364 2241 P 32 2376228f6
SCHED-TRACE 7365 2241 R 32 2376228f6
SCHED-TRACE 7366 2242 U 4 101fa6
SCHED-TRACE 7367 2242 V 4 101fcc
SCHED-TRACE 7368 2242 O 0 0
SCHED-TRACE 7369 2242 P 32 2377522d1
SCHED-TRACE 7370 2243 K 32 2377522d1
SCHED-TRACE 7371 2243 P 32 23788b439
SCHED-TRACE 7372 2244 I 32 102442
SCHED-TRACE 7373 2244 B 32 b2
SCHED-TRACE 7374 2244 P 32 23827be77
SCHED-TRACE 7375 2244 R 32 23827be77
SCHED-TRACE 7376 2245 U 4 1024b9
SCHED-TRACE 7377 2245 V 4 1024df
SCHED-TRACE 7378 2245 O 0 0
SCHED-TRACE 7379 2245 P 32 2383abc6a
SCHED-TRACE 7380 2246 K 32 2383abc6a
SCHED-TRACE 7381 2246 P 32 2384e3958
SCHED-TRACE 7382 2247 I 32 102955
SCHED-TRACE 7383 2247 B 32 ae
SCHED-TRACE 7384 2247 P 32 238ed3b64
SCHED-TRACE 7385 2247 R 32 238ed3b64
SCHED-TRACE 7386 2248 U 4 1029cc
SCHED-TRACE 7387 2248 V 4 1029f2
SCHED-TRACE 7388 2248 O 0 0
SCHED-TRACE 7389 2248 P 32 239003958
SCHED-TRACE 7390 2249 K 32 239003958
SCHED-TRACE 7391 2249 P 32 23913b645
SCHED-TRACE 7392 2250 I 32 102e68
SCHED-TRACE 7393 2250 B 32 b2
SCHED-TRACE 7394 2250 P 32 239b2cccd
SCHED-TRACE 7395 2250 R 32 239b2cccd
SCHED-TRACE 7396 2251 U 4 102edf
SCHED-TRACE 7397 2251 V 4 102f05
SCHED-TRACE 7398 2251 O 0 0
SCHED-TRACE 7399 2251 P 32 239c5c28f
SCHED-TRACE 7400 2252 K 32 239c5c28f
SCHED-TRACE 7401 2252 P 32 239d947ae
SCHED-TRACE 7402 2253 I 32 10337b
SCHED-TRACE 7403 2253 B 32 b2
SCHED-TRACE 7404 2253 P 32 23a785a1c
SCHED-TRACE 7405 2253 R 32 23a785a1c
SCHED-TRACE 7406 2254 U 4 1033f1
SCHED-TRACE 7407 2254 V 4 103418
SCHED-TRACE 7408 2254 O 0 0
SCHED-TRACE 7409 2254 P 32 23a8b6c8b
SCHED-TRACE 7410 2255 K 32 23a8b6c8b
SCHED-TRACE 7411 2255 P 32 23a9ef9db
SCHED-TRACE 7412 2256 I 32 10388e
SCHED-TRACE 7413 2256 B 32 b1
SCHED-TRACE 7414 2256 P 32 23b3dfbe7
SCHED-TRACE 7415 2256 R 32 23b3dfbe7
SCHED-TRACE 7416 2257 U 4 103905
SCHED-TRACE 7417 2257 V 4 10392c
SCHED-TRACE 7418 2257 O 0 0
SCHED-TRACE 7419 2257 P 32 23b510e56
SCHED-TRACE 7420 2258 K 32 23b510e56
SCHED-TRACE 7421 2258 P 32 23b649fbe
SCHED-TRACE 7422 2259 I 32 103da2
SCHED-TRACE 7423 2259 B 32 b2
SCHED-TRACE 7424 2259 P 32 23c03a9fc
SCHED-TRACE 7425 2259 R 32 23c03a9fc
SCHED-TRACE 7426 2260 U 4 103e1a
SCHED-TRACE 7427 2260 V 4 103e40
SCHED-TRACE 7428 2260 O 0 0
SCHED-TRACE 7429 2260 P 32 23c16d0e5
SCHED-TRACE 7430 2261 K 32 23c16d0e5
SCHED-TRACE 7431 2261 P 32 23c2a4dd3
SCHED-TRACE 7432 2262 I 32 1042b6
SCHED-TRACE 7433 2262 B 32 ae
SCHED-TRACE 7434 2262 P 32 23cc947ae
SCHED-TRACE 7435 2262 R 32 23cc947ae
SCHED-TRACE 7436 2263 U 4 10432a
SCHED-TRACE 7437 2263 V 4 10434e
SCHED-TRACE 7438 2263 O 0 0
SCHED-TRACE 7439 2263 P 32 23cdbc6a8
SCHED-TRACE 7440 2264 K 32 23cdbc6a8
SCHED-TRACE 7441 2264 P 32 23cef26e9
SCHED-TRACE 7442 2265 I 32 1047c2
SCHED-TRACE 7443 2265 B 32 b2
SCHED-TRACE 7444 2265 P 32 23d8e28f6
SCHED-TRACE 7445 2265 R 32 23d8e28f6
SCHED-TRACE 7446 2266 U 4 104839
SCHED-TRACE 7447 2266 V 4 10485f
SCHED-TRACE 7448 2266 O 0 0
SCHED-TRACE 7449 2266 P 32 23da13f7d
SCHED-TRACE 7450 2267 K 32 23da13f7d
SCHED-TRACE 7451 2267 P 32 23db4c8b4
SCHED-TRACE 7452 2268 I 32 104cd5
SCHED-TRACE 7453 2268 B 32 b2
SCHED-TRACE 7454 2268 P 32 23e53be77
SCHED-TRACE 7455 2268 R 32 23e53be77
SCHED-TRACE 7456 2269 U 4 104d4c
SCHED-TRACE 7457 2269 V 4 104d72
SCHED-TRACE 7458 2269 O 0 0
SCHED-TRACE 7459 2269 P 32 23e66c49b
SCHED-TRACE 7460 2270 K 32 23e66c49b
SCHED-TRACE 7461 2270 P 32 23e7a5a1c
SCHED-TRACE 7462 2271 I 32 1051e8
SCHED-TRACE 7463 2271 B 32 b2
SCHED-TRACE 7464 2271 P 32 23f194bc6
SCHED-TRACE 7465 2271 R 32 23f194bc6
SCHED-TRACE 7466 2272 U 4 10525f
SCHED-TRACE 7467 2272 V 4 105285
SCHED-TRACE 7468 2272 O 0 0
SCHED-TRACE 7469 2272 P 32 23f2c20c4
SCHED-TRACE 7470 2273 K 32 23f2c20c4
SCHED-TRACE 7471 2273 P 32 23f3f9581
SCHED-TRACE 7472 2274 I 32 1056fa
SCHED-TRACE 7473 2274 B 32 b0
SCHED-TRACE 7474 2274 P 32 23fdea3d7
SCHED-TRACE 7475 2274 R 32 23fdea3d7
SCHED-TRACE 7476 2275 U 4 105771
SCHED-TRACE 7477 2275 V 4 105797
SCHED-TRACE 7478 2275 O 0 0
SCHED-TRACE 7479 2275 P 32 23ff19999
SCHED-TRACE 7480 2276 K 32 23ff19999
SCHED-TRACE 7481 2276 P 32 2400522d1
SCHED-TRACE 7482 2277 I 32 105c0d
SCHED-TRACE 7483 2277 B 32 ae
SCHED-TRACE 7484 2277 P 32 240a428f6
SCHED-TRACE 7485 2277 R 32 240a428f6
SCHED-TRACE 7486 2278 U 4 105c84
SCHED-TRACE 7487 2278 V 4 105caa
SCHED-TRACE 7488 2278 O 0 0
SCHED-TRACE 7489 2278 P 32 240b72f1a
SCHED-TRACE 7490 2279 K 32 240b72f1a
SCHED-TRACE 7491 2279 P 32 240cac49b
SCHED-TRACE 7492 2280 I 32 106120
SCHED-TRACE 7493 2280 B 32 b2
SCHED-TRACE 7494 2280 P 32 24169ae14
SCHED-TRACE 7495 2280 R 32 24169ae14
SCHED-TRACE 7496 2281 U 4 106198
SCHED-TRACE 7497 2281 V 4 1061be
SCHED-TRACE 7498 2281 O 0 0
SCHED-TRACE 7499 2281 P 32 2417cc8b4
SCHED-TRACE 7500 2282 K 32 2417cc8b4
SCHED-TRACE 7501 2282 P 32 2419051eb
SCHED-TRACE 7502 2283 I 32 106634
SCHED-TRACE 7503 2283 B 32 b2
SCHED-TRACE 7504 2283 P 32 2422f4bc6
SCHED-TRACE 7505 2283 R 32 2422f4bc6
SCHED-TRACE 7506 2284 U 4 1066ab
SCHED-TRACE 7507 2284 V 4 1066d2
SCHED-TRACE 7508 2284 O 0 0
SCHED-TRACE 7509 2284 P 32 242424189
SCHED-TRACE 7510 2285 K 32 242424189
SCHED-TRACE 7511 2285 P 32 24255ced9
SCHED-TRACE 7512 2286 I 32 106b47
SCHED-TRACE 7513 2286 B 32 b3
SCHED-TRACE 7514 2286 P 32 242f4c8b4
SCHED-TRACE 7515 2286 R 32 242f4c8b4
SCHED-TRACE 7516 2287 U 4 106bbe
SCHED-TRACE 7517 2287 V 4 106be4
SCHED-TRACE 7518 2287 O 0 0
SCHED-TRACE 7519 2287 P 32 24307b645
SCHED-TRACE 7520 2288 K 32 24307b645
SCHED-TRACE 7521 2288 P 32 2431b4395
SCHED-TRACE 7522 2289 I 32 107059
SCHED-TRACE 7523 2289 B 32 b1
SCHED-TRACE 7524 2289 P 32 243ba28f6
SCHED-TRACE 7525 2289 R 32 243ba28f6
SCHED-TRACE 7526 2290 U 4 1070d0
SCHED-TRACE 7527 2290 V 4 1070f7
SCHED-TRACE 7528 2290 O 0 0
SCHED-TRACE 7529 2290 P 32 243cd4395
SCHED-TRACE 7530 2291 K 32 243cd4395
SCHED-TRACE 7531 2291 P 32 243e0dd2f
SCHED-TRACE 7532 2292 I 32 10756d
SCHED-TRACE 7533 2292 B 32 b4
SCHED-TRACE 7534 2292 P 32 2447fdf3b
SCHED-TRACE 7535 2292 R 32 2447fdf3b
SCHED-TRACE 7536 2293 U 4 1075e5
SCHED-TRACE 7537 2293 V 4 10760b
SCHED-TRACE 7538 2293 O 0 0
SCHED-TRACE 7539 2293 P 32 24492e560
SCHED-TRACE 7540 2294 K 32 24492e560
SCHED-TRACE 7541 2294 P 32 244a66e97
SCHED-TRACE 7542 2295 I 32 107a81
SCHED-TRACE 7543 2295 B 32 b2
SCHED-TRACE 7544 2295 P 32 2454578d5
SCHED-TRACE 7545 2295 R 32 2454578d5
SCHED-TRACE 7546 2296 U 4 107af8
SCHED-TRACE 7547 2296 V 4 107b1e
SCHED-TRACE 7548 2296 O 0 0
SCHED-TRACE 7549 2296 P 32 245586e97
SCHED-TRACE 7550 2297 K 32 245586e97
SCHED-TRACE 7551 2297 P 32 2456bf3b6
SCHED-TRACE 7552 2298 I 32 107f93
SCHED-TRACE 7553 2298 B 32 b1
SCHED-TRACE 7554 2298 P 32 2460ae979
SCHED-TRACE 7555 2298 R 32 2460ae979
SCHED-TRACE 7556 2299 U 4 10800a
SCHED-TRACE 7557 2299 V 4 108031
SCHED-TRACE 7558 2299 O 0 0
SCHED-TRACE 7559 2299 P 32 2461e1893
SCHED-TRACE 7560 2300 K 32 2461e1893
SCHED-TRACE 7561 2300 P 32 24631b22d
SCHED-TRACE 7562 2301 I 32 1084a8
SCHED-TRACE 7563 2301 B 32 b2
SCHED-TRACE 7564 2301 P 32 246d0bc6a
SCHED-TRACE 7565 2301 R 32 246d0bc6a
SCHED-TRACE 7566 2302 U 4 10851f
SCHED-TRACE 7567 2302 V 4 108546
SCHED-TRACE 7568 2302 O 0 0
SCHED-TRACE 7569 2302 P 32 246e3c6a8
SCHED-TRACE 7570 2303 K 32 246e3c6a8
SCHED-TRACE 7571 2303 P 32 246f74fdf
SCHED-TRACE 7572 2304 I 32 1089bb
SCHED-TRACE 7573 2304 B 32 b1
SCHED-TRACE 7574 2304 P 32 247964189
SCHED-TRACE 7575 2304 R 32 247964189
SCHED-TRACE 7576 2305 U 4 108a32
SCHED-TRACE 7577 2305 V 4 108a59
SCHED-TRACE 7578 2305 O 0 0
SCHED-TRACE 7579 2305 P 32 247a94bc6
SCHED-TRACE 7580 2306 K 32 247a94bc6
SCHED-TRACE 7581 2306 P 32 247bcd0e5
SCHED-TRACE 7582 2307 I 32 108ece
SCHED-TRACE 7583 2307 B 32 b3
SCHED-TRACE 7584 2307 P 32 2485bd2f1
SCHED-TRACE 7585 2307 R 32 2485bd2f1
SCHED-TRACE 7586 2308 U 4 108f45
SCHED-TRACE 7587 2308 V 4 108f6c
SCHED-TRACE 7588 2308 O 0 0
SCHED-TRACE 7589 2308 P 32 2486edd2f
SCHED-TRACE 7590 2309 K 32 2486edd2f
SCHED-TRACE 7591 2309 P 32 248826e97
SCHED-TRACE 7592 2310 I 32 1093e1
SCHED-TRACE 7593 2310 B 32 b1
SCHED-TRACE 7594 2310 P 32 249215c29
SCHED-TRACE 7595 2310 R 32 249215c29
SCHED-TRACE 7596 2311 U 4 109458
SCHED-TRACE 7597 2311 V 4 10947e
SCHED-TRACE 7598 2311 O 0 0
SCHED-TRACE 7599 2311 P 32 249346e97
SCHED-TRACE 7600 2312 K 32 249346e97
SCHED-TRACE 7601 2312 P 32 249480000
SCHED-TRACE 7602 2313 I 32 1098f4
SCHED-TRACE 7603 2313 B 32 b2
SCHED-TRACE 7604 2313 P 32 249e6fdf3
SCHED-TRACE 7605 2313 R 32 249e6fdf3
SCHED-TRACE 7606 2314 U 4 10996c
SCHED-TRACE 7607 2314 V 4 109992
SCHED-TRACE 7608 2314 O 0 0
SCHED-TRACE 7609 2314 P 32 249fa1893
SCHED-TRACE 7610 2315 K 32 249fa1893
SCHED-TRACE 7611 2315 P 32 24a0dba5e
SCHED-TRACE 7612 2316 I 32 109e08
SCHED-TRACE 7613 2316 B 32 b3
SCHED-TRACE 7614 2316 P 32 24aaca3d7
SCHED-TRACE 7615 2316 R 32 24aaca3d7
SCHED-TRACE 7616 2317 U 4 109e80
SCHED-TRACE 7617 2317 V 4 109ea6
SCHED-TRACE 7618 2317 O 0 0
SCHED-TRACE 7619 2317 P 32 24abfae14
SCHED-TRACE 7620 2318 K 32 24abfae14
SCHED-TRACE 7621 2318 P 32 24ad3374c
SCHED-TRACE 7622 2319 I 32 10a31c
SCHED-TRACE 7623 2319 B 32 b1
SCHED-TRACE 7624 2319 P 32 24b723127
SCHED-TRACE 7625 2319 R 32 24b723127
SCHED-TRACE 7626 2320 U 4 10a392
SCHED-TRACE 7627 2320 V 4 10a3b7
SCHED-TRACE 7628 2320 O 0 0
SCHED-TRACE 7629 2320 P 32 24b84f9db
SCHED-TRACE 7630 2321 K 32 24b84f9db
SCHED-TRACE 7631 2321 P 32 24b989374
SCHED-TRACE 7632 2322 I 32 10a82d
SCHED-TRACE 7633 2322 B 32 b3
SCHED-TRACE 7634 2322 P 32 24c379db2
SCHED-TRACE 7635 2322 R 32 24c379db2
SCHED-TRACE 7636 2323 U 4 10a8a5
SCHED-TRACE 7637 2323 V 4 10a8cc
SCHED-TRACE 7638 2323 O 0 0
SCHED-TRACE 7639 2323 P 32 24c4abc6a
SCHED-TRACE 7640 2324 K 32 24c4abc6a
SCHED-TRACE 7641 2324 P 32 24c5e4dd3
SCHED-TRACE 7642 2325 I 32 10ad42
SCHED-TRACE 7643 2325 B 32 b1
SCHED-TRACE 7644 2325 P 32 24cfd53f8
SCHED-TRACE 7645 2325 R 32 24cfd53f8
SCHED-TRACE 7646 2326 U 4 10adb9
SCHED-TRACE 7647 2326 V 4 10ade0
SCHED-TRACE 7648 2326 O 0 0
SCHED-TRACE 7649 2326 P 32 24d106e97
SCHED-TRACE 7650 2327 K 32 24d106e97
SCHED-TRACE 7651 2327 P 32 24d240418
SCHED-TRACE 7652 2328 I 32 10b256
SCHED-TRACE 7653 2328 B 32 b2
SCHED-TRACE 7654 2328 P 32 24dc2f5c2
SCHED-TRACE 7655 2328 R 32 24dc2f5c2
SCHED-TRACE 7656 2329 U 4 10b2cc
SCHED-TRACE 7657 2329 V 4 10b2f2
SCHED-TRACE 7658 2329 O 0 0
SCHED-TRACE 7659 2329 P 32 24dd5df3b
SCHED-TRACE 7660 2330 K 32 24dd5df3b
SCHED-TRACE 7661 2330 P 32 24de96041
SCHED-TRACE 7662 2331 I 32 10b768
SCHED-TRACE 7663 2331 B 32 b2
SCHED-TRACE 7664 2331 P 32 24e8872b0
SCHED-TRACE 7665 2331 R 32 24e8872b0
SCHED-TRACE 7666 2332 U 4 10b7df
SCHED-TRACE 7667 2332 V 4 10b806
SCHED-TRACE 7668 2332 O 0 0
SCHED-TRACE 7669 2332 P 32 24e9b9581
SCHED-TRACE 7670 2333 K 32 24e9b9581
SCHED-TRACE 7671 2333 P 32 24eaf2b02
SCHED-TRACE 7672 2334 I 32 10bc7c
SCHED-TRACE 7673 2334 B 32 b0
SCHED-TRACE 7674 2334 P 32 24f4e1893
SCHED-TRACE 7675 2334 R 32 24f4e1893
SCHED-TRACE 7676 2335 U 4 10bcf4
SCHED-TRACE 7677 2335 V 4 10bd1a
SCHED-TRACE 7678 2335 O 0 0
SCHED-TRACE 7679 2335 P 32 24f61374c
SCHED-TRACE 7680 2336 K 32 24f61374c
SCHED-TRACE 7681 2336 P 32 24f74d4fe
SCHED-TRACE 7682 2337 I 32 10c190
SCHED-TRACE 7683 2337 B 32 b3
SCHED-TRACE 7684 2337 P 32 25013be77
SCHED-TRACE 7685 2337 R 32 25013be77
SCHED-TRACE 7686 2338 U 4 10c208
SCHED-TRACE 7687 2338 V 4 10c22f
SCHED-TRACE 7688 2338 O 0 0
SCHED-TRACE 7689 2338 P 32 250270a3d
SCHED-TRACE 7690 2339 K 32 250270a3d
SCHED-TRACE 7691 2339 P 32 2503a6e97
SCHED-TRACE 7692 2340 I 32 10c6a5
SCHED-TRACE 7693 2340 B 32 b1
SCHED-TRACE 7694 2340 P 32 250d99168
SCHED-TRACE 7695 2340 R 32 250d99168
SCHED-TRACE 7696 2341 U 4 10c71c
SCHED-TRACE 7697 2341 V 4 10c742
SCHED-TRACE 7698 2341 O 0 0
SCHED-TRACE 7699 2341 P 32 250ec8b43
SCHED-TRACE 7700 2342 K 32 250ec8b43
SCHED-TRACE 7701 2342 P 32 251001893
SCHED-TRACE 7702 2343 I 32 10cbb8
SCHED-TRACE 7703 2343 B 32 b2
SCHED-TRACE 7704 2343 P 32 2519f26e9
SCHED-TRACE 7705 2343 R 32 2519f26e9
SCHED-TRACE 7706 2344 U 4 10cc2f
SCHED-TRACE 7707 2344 V 4 10cc56
SCHED-TRACE 7708 2344 O 0 0
SCHED-TRACE 7709 2344 P 32 251b245a2
SCHED-TRACE 7710 2345 K 32 251b245a2
SCHED-TRACE 7711 2345 P 32 251c5db23
SCHED-TRACE 7712 2346 I 32 10d0cc
SCHED-TRACE 7713 2346 B 32 b2
SCHED-TRACE 7714 2346 P 32 25264e560
SCHED-TRACE 7715 2346 R 32 25264e560
SCHED-TRACE 7716 2347 U 4 10d144
SCHED-TRACE 7717 2347 V 4 10d16a
SCHED-TRACE 7718 2347 O 0 0
SCHED-TRACE 7719 2347 P 32 252780418
SCHED-TRACE 7720 2348 K 32 252780418
SCHED-TRACE 7721 2348 P 32 2528b9999
SCHED-TRACE 7722 2349 I 32 10d5e0
SCHED-TRACE 7723 2349 B 32 b1
SCHED-TRACE 7724 2349 P 32 2532a7efa
SCHED-TRACE 7725 2349 R 32 2532a7efa
SCHED-TRACE 7726 2350 U 4 10d657
SCHED-TRACE 7727 2350 V 4 10d67d
SCHED-TRACE 7728 2350 O 0 0
SCHED-TRACE 7729 2350 P 32 2533d8106
SCHED-TRACE 7730 2351 K 32 2533d8106
SCHED-TRACE 7731 2351 P 32 253511687
SCHED-TRACE 7732 2352 I 32 10daf3
SCHED-TRACE 7733 2352 B 32 b4
SCHED-TRACE 7734 2352 P 32 253f00c49
SCHED-TRACE 7735 2352 R 32 253f00c49
SCHED-TRACE 7736 2353 U 4 10db6a
SCHED-TRACE 7737 2353 V 4 10db90
SCHED-TRACE 7738 2353 O 0 0
SCHED-TRACE 7739 2353 P 32 254030625
SCHED-TRACE 7740 2354 K 32 254030625
SCHED-TRACE 7741 2354 P 32 254169374
SCHED-TRACE 7742 2355 I 32 10e006
SCHED-TRACE 7743 2355 B 32 b1
SCHED-TRACE 7744 2355 P 32 254b59581
SCHED-TRACE 7745 2355 R 32 254b59581
SCHED-TRACE 7746 2356 U 4 10e07e
SCHED-TRACE 7747 2356 V 4 10e0a4
SCHED-TRACE 7748 2356 O 0 0
SCHED-TRACE 7749 2356 P 32 254c8b439
SCHED-TRACE 7750 2357 K 32 254c8b439
SCHED-TRACE 7751 2357 P 32 254dc4dd3
SCHED-TRACE 7752 2358 I 32 10e51b
SCHED-TRACE 7753 2358 B 32 b3
SCHED-TRACE 7754 2358 P 32 2557b5c29
SCHED-TRACE 7755 2358 R 32 2557b5c29
SCHED-TRACE 7756 2359 U 4 10e592
SCHED-TRACE 7757 2359 V 4 10e5b9
SCHED-TRACE 7758 2359 O 0 0
SCHED-TRACE 7759 2359 P 32 2558e72b0
SCHED-TRACE 7760 2360 K 32 2558e72b0
SCHED-TRACE 7761 2360 P 32 255a1fbe7
SCHED-TRACE 7762 2361 I 32 10ea2f
SCHED-TRACE 7763 2361 B 32 af
SCHED-TRACE 7764 2361 P 32 25640f9db
SCHED-TRACE 7765 2361 R 32 25640f9db
SCHED-TRACE 7766 2362 U 4 10eaa7
SCHED-TRACE 7767 2362 V 4 10eacc
SCHED-TRACE 7768 2362 O 0 0
SCHED-TRACE 7769 2362 P 32 25653e76c
SCHED-TRACE 7770 2363 K 32 25653e76c
SCHED-TRACE 7771 2363 P 32 256676872
SCHED-TRACE 7772 2364 I 32 10ef42
SCHED-TRACE 7773 2364 B 32 b0
SCHED-TRACE 7774 2364 P 32 2570672b0
SCHED-TRACE 7775 2364 R 32 2570672b0
SCHED-TRACE 7776 2365 U 4 10efb9
SCHED-TRACE 7777 2365 V 4 10efdf
SCHED-TRACE 7778 2365 O 0 0
SCHED-TRACE 7779 2365 P 32 257197ced
SCHED-TRACE 7780 2366 K 32 257197ced
SCHED-TRACE 7781 2366 P 32 2572d1a9f
SCHED-TRACE 7782 2367 I 32 10f456
SCHED-TRACE 7783 2367 B 32 b3
SCHED-TRACE 7784 2367 P 32 257cc20c4
SCHED-TRACE 7785 2367 R 32 257cc20c4
SCHED-TRACE 7786 2368 U 4 10f4ce
SCHED-TRACE 7787 2368 V 4 10f4f4
SCHED-TRACE 7788 2368 O 0 0
SCHED-TRACE 7789 2368 P 32 257df3f7d
SCHED-TRACE 7790 2369 K 32 257df3f7d
SCHED-TRACE 7791 2369 P 32 257f2d0e5
SCHED-TRACE 7792 2370 I 32 10f96a
SCHED-TRACE 7793 2370 B 32 b1
SCHED-TRACE 7794 2370 P 32 25891ba5e
SCHED-TRACE 7795 2370 R 32 25891ba5e
SCHED-TRACE 7796 2371 U 4 10f9e2
SCHED-TRACE 7797 2371 V 4 10fa08
SCHED-TRACE 7798 2371 O 0 0
SCHED-TRACE 7799 2371 P 32 258a4e560
SCHED-TRACE 7800 2372 K 32 258a4e560
SCHED-TRACE 7801 2372 P 32 258b872b0
SCHED-TRACE 7802 2373 I 32 10fe7f
SCHED-TRACE 7803 2373 B 32 b3
SCHED-TRACE 7804 2373 P 32 259578106
SCHED-TRACE 7805 2373 R 32 259578106
SCHED-TRACE 7806 2374 U 4 10fef7
SCHED-TRACE 7807 2374 V 4 10ff1d
SCHED-TRACE 7808 2374 O 0 0
SCHED-TRACE 7809 2374 P 32 2596a978d
SCHED-TRACE 7810 2375 K 32 2596a978d
SCHED-TRACE 7811 2375 P 32 2597e20c4
SCHED-TRACE 7812 2376 I 32 110393
SCHED-TRACE 7813 2376 B 32 b0
SCHED-TRACE 7814 2376 P 32 25a1d1eb8
SCHED-TRACE 7815 2376 R 32 25a1d1eb8
SCHED-TRACE 7816 2377 U 4 110409
SCHED-TRACE 7817 2377 V 4 110430
SCHED-TRACE 7818 2377 O 0 0
SCHED-TRACE 7819 2377 P 32 25a303d70
SCHED-TRACE 7820 2378 K 32 25a303d70
SCHED-TRACE 7821 2378 P 32 25a43d2f1
SCHED-TRACE 7822 2379 I 32 1108a6
SCHED-TRACE 7823 2379 B 32 b2
SCHED-TRACE 7824 2379 P 32 25ae2dd2f
SCHED-TRACE 7825 2379 R 32 25ae2dd2f
SCHED-TRACE 7826 2380 U 4 11091e
SCHED-TRACE 7827 2380 V 4 110944
SCHED-TRACE 7828 2380 O 0 0
SCHED-TRACE 7829 2380 P 32 25af5f3b6
SCHED-TRACE 7830 2381 K 32 25af5f3b6
SCHED-TRACE 7831 2381 P 32 25b098d50
SCHED-TRACE 7832 2382 I 32 110dba
SCHED-TRACE 7833 2382 B 32 b3
SCHED-TRACE 7834 2382 P 32 25ba87ae1
SCHED-TRACE 7835 2382 R 32 25ba87ae1
SCHED-TRACE 7836 2383 U 4 110e32
SCHED-TRACE 7837 2383 V 4 110e59
SCHED-TRACE 7838 2383 O 0 0
SCHED-TRACE 7839 2383 P 32 25bbba1ca
SCHED-TRACE 7840 2384 K 32 25bbba1ca
SCHED-TRACE 7841 2384 P 32 25bcf2f1a
SCHED-TRACE 7842 2385 I 32 1112cf
SCHED-TRACE 7843 2385 B 32 b1
SCHED-TRACE 7844 2385 P 32 25c6e4189
SCHED-TRACE 7845 2385 R 32 25c6e4189
SCHED-TRACE 7846 2386 U 4 111346
SCHED-TRACE 7847 2386 V 4 11136b
SCHED-TRACE 7848 2386 O 0 0
SCHED-TRACE 7849 2386 P 32 25c8126e9
SCHED-TRACE 7850 2387 K 32 25c8126e9
SCHED-TRACE 7851 2387 P 32 25c94b439
SCHED-TRACE 7852 2388 I 32 1117e1
SCHED-TRACE 7853 2388 B 32 b2
SCHED-TRACE 7854 2388 P 32 25d33ba5e
SCHED-TRACE 7855 2388 R 32 25d33ba5e
SCHED-TRACE 7856 2389 U 4 111858
SCHED-TRACE 7857 2389 V 4 11187f
SCHED-TRACE 7858 2389 O 0 0
SCHED-TRACE 7859 2389 P 32 25d46e560
SCHED-TRACE 7860 2390 K 32 25d46e560
SCHED-TRACE 7861 2390 P 32 25d5a72b0
SCHED-TRACE 7862 2391 I 32 111cf5
SCHED-TRACE 7863 2391 B 32 b0
SCHED-TRACE 7864 2391 P 32 25df95c29
SCHED-TRACE 7865 2391 R 32 25df95c29
SCHED-TRACE 7866 2392 U 4 111d6c
SCHED-TRACE 7867 2392 V 4 111d93
SCHED-TRACE 7868 2392 O 0 0
SCHED-TRACE 7869 2392 P 32 25e0c7ae1
SCHED-TRACE 7870 2393 K 32 25e0c7ae1
SCHED-TRACE 7871 2393 P 32 25e2020c4
SCHED-TRACE 7872 2394 I 32 112209
SCHED-TRACE 7873 2394 B 32 b3
SCHED-TRACE 7874 2394 P 32 25ebf0625
SCHED-TRACE 7875 2394 R 32 25ebf0625
SCHED-TRACE 7876 2395 U 4 112281
SCHED-TRACE 7877 2395 V 4 1122a7
SCHED-TRACE 7878 2395 O 0 0
SCHED-TRACE 7879 2395 P 32 25ed1df3b
SCHED-TRACE 7880 2396 K 32 25ed1df3b
SCHED-TRACE 7881 2396 P 32 25ee55810
SCHED-TRACE 7882 2397 I 32 11271c
SCHED-TRACE 7883 2397 B 32 b3
SCHED-TRACE 7884 2397 P 32 25f8472b0
SCHED-TRACE 7885 2397 R 32 25f8472b0
SCHED-TRACE 7886 2398 U 4 112793
SCHED-TRACE 7887 2398 V 4 1127ba
SCHED-TRACE 7888 2398 O 0 0
SCHED-TRACE 7889 2398 P 32 25f978106
SCHED-TRACE 7890 2399 K 32 25f978106
SCHED-TRACE 7891 2399 P 32 25fab1a9f
SCHED-TRACE 7892 2400 I 32 112c30
SCHED-TRACE 7893 2400 B 32 b2
SCHED-TRACE 7894 2400 P 32 2604a1893
SCHED-TRACE 7895 2400 R 32 2604a1893
SCHED-TRACE 7896 2401 U 4 112ca8
SCHED-TRACE 7897 2401 V 4 112ccf
SCHED-TRACE 7898 2401 O 0 0
SCHED-TRACE 7899 2401 P 32 2605d3f7d
SCHED-TRACE 7900 2402 K 32 2605d3f7d
SCHED-TRACE 7901 2402 P 32 26070d916
SCHED-TRACE 7902 2403 I 32 113145
SCHED-TRACE 7903 2403 B 32 b3
SCHED-TRACE 7904 2403 P 32 2610fdb23
SCHED-TRACE 7905 2403 R 32 2610fdb23
SCHED-TRACE 7906 2404 U 4 1131bd
SCHED-TRACE 7907 2404 V 4 1131e4
SCHED-TRACE 7908 2404 O 0 0
SCHED-TRACE 7909 2404 P 32 261230e56
SCHED-TRACE 7910 2405 K 32 261230e56
SCHED-TRACE 7911 2405 P 32 261368b43
SCHED-TRACE 7912 2406 I 32 11365a
SCHED-TRACE 7913 2406 B 32 b0
SCHED-TRACE 7914 2406 P 32 261d58937
SCHED-TRACE 7915 2406 R 32 261d58937
SCHED-TRACE 7916 2407 U 4 1136d1
SCHED-TRACE 7917 2407 V 4 1136f8
SCHED-TRACE 7918 2407 O 0 0
SCHED-TRACE 7919 2407 P 32 261e89ba6
SCHED-TRACE 7920 2408 K 32 261e89ba6
SCHED-TRACE 7921 2408 P 32 261fc353f
SCHED-TRACE 7922 2409 I 32 113b6e
SCHED-TRACE 7923 2409 B 32 b4
SCHED-TRACE 7924 2409 P 32 2629b47ae
SCHED-TRACE 7925 2409 R 32 2629b47ae
SCHED-TRACE 7926 2410 U 4 113be5
SCHED-TRACE 7927 2410 V 4 113c0c
SCHED-TRACE 7928 2410 O 0 0
SCHED-TRACE 7929 2410 P 32 262ae6666
SCHED-TRACE 7930 2411 K 32 262ae6666
SCHED-TRACE 7931 2411 P 32 262c20418
SCHED-TRACE 7932 2412 I 32 114082
SCHED-TRACE 7933 2412 B 32 b3
SCHED-TRACE 7934 2412 P 32 26360ed91
SCHED-TRACE 7935 2412 R 32 26360ed91
SCHED-TRACE 7936 2413 U 4 1140fa
SCHED-TRACE 7937 2413 V 4 114121
SCHED-TRACE 7938 2413 O 0 0
SCHED-TRACE 7939 2413 P 32 2637420c4
SCHED-TRACE 7940 2414 K 32 2637420c4
SCHED-TRACE 7941 2414 P 32 26387be77
SCHED-TRACE 7942 2415 I 32 114598
SCHED-TRACE 7943 2415 B 32 b1
SCHED-TRACE 7944 2415 P 32 26426c083
SCHED-TRACE 7945 2415 R 32 26426c083
SCHED-TRACE 7946 2416 U 4 11460f
SCHED-TRACE 7947 2416 V 4 114636
SCHED-TRACE 7948 2416 O 0 0
SCHED-TRACE 7949 2416 P 32 26439e76c
SCHED-TRACE 7950 2417 K 32 26439e76c
SCHED-TRACE 7951 2417 P 32 2644d74bc
SCHED-TRACE 7952 2418 I 32 114aac
SCHED-TRACE 7953 2418 B 32 b2
SCHED-TRACE 7954 2418 P 32 264ec72b0
SCHED-TRACE 7955 2418 R 32 264ec72b0
SCHED-TRACE 7956 2419 U 4 114b23
SCHED-TRACE 7957 2419 V 4 114b49
SCHED-TRACE 7958 2419 O 0 0
SCHED-TRACE 7959 2419 P 32 264ff6872
SCHED-TRACE 7960 2420 K 32 264ff6872
SCHED-TRACE 7961 2420 P 32 26512e560
SCHED-TRACE 7962 2421 I 32 114fbe
SCHED-TRACE 7963 2421 B 32 b0
SCHED-TRACE 7964 2421 P 32 265b1d70a
SCHED-TRACE 7965 2421 R 32 265b1d70a
SCHED-TRACE 7966 2422 U 4 115035
SCHED-TRACE 7967 2422 V 4 11505c
SCHED-TRACE 7968 2422 O 0 0
SCHED-TRACE 7969 2422 P 32 265c4f9db
SCHED-TRACE 7970 2423 K 32 265c4f9db
SCHED-TRACE 7971 2423 P 32 265d8978d
SCHED-TRACE 7972 2424 I 32 1154d2
SCHED-TRACE 7973 2424 B 32 b3
SCHED-TRACE 7974 2424 P 32 266779168
SCHED-TRACE 7975 2424 R 32 266779168
SCHED-TRACE 7976 2425 U 4 11554a
SCHED-TRACE 7977 2425 V 4 115570
SCHED-TRACE 7978 2425 O 0 0
SCHED-TRACE 7979 2425 P 32 2668ab021
SCHED-TRACE 7980 2426 K 32 2668ab021
SCHED-TRACE 7981 2426 P 32 2669e49ba
SCHED-TRACE 7982 2427 I 32 1159e6
SCHED-TRACE 7983 2427 B 32 b2
SCHED-TRACE 7984 2427 P 32 2673d3333
SCHED-TRACE 7985 2427 R 32 2673d3333
SCHED-TRACE 7986 2428 U 4 115a5e
SCHED-TRACE 7987 2428 V 4 115a84
SCHED-TRACE 7988 2428 O 0 0
SCHED-TRACE 7989 2428 P 32 267503127
SCHED-TRACE 7990 2429 K 32 267503127
SCHED-TRACE 7991 2429 P 32 26763be77
SCHED-TRACE 7992 2430 I 32 115ef9
SCHED-TRACE 7993 2430 B 32 b3
SCHED-TRACE 7994 2430 P 32 26802b021
SCHED-TRACE 7995 2430 R 32 26802b021
SCHED-TRACE 7996 2431 U 4 115f70
SCHED-TRACE 7997 2431 V 4 115f97
SCHED-TRACE 7998 2431 O 0 0
SCHED-TRACE 7999 2431 P 32 26815c28f
SCHED-TRACE 8000 2432 K 32 26815c28f
SCHED-TRACE 8001 2432 P 32 268296872
SCHED-TRACE 8002 2433 I 32 11640d
SCHED-TRACE 8003 2433 B 32 b2
SCHED-TRACE 8004 2433 P 32 268c85a1c
SCHED-TRACE 8005 2433 R 32 268c85a1c
SCHED-TRACE 8006 2434 U 4 116485
SCHED-TRACE 8007 2434 V 4 1164ac
SCHED-TRACE 8008 2434 O 0 0
SCHED-TRACE 8009 2434 P 32 268db78d5
SCHED-TRACE 8010 2435 K 32 268db78d5
SCHED-TRACE 8011 2435 P 32 268ef0a3d
SCHED-TRACE 8012 2436 I 32 116922
SCHED-TRACE 8013 2436 B 32 b0
SCHED-TRACE 8014 2436 P 32 2698e1062
SCHED-TRACE 8015 2436 R 32 2698e1062
SCHED-TRACE 8016 2437 U 4 11699a
SCHED-TRACE 8017 2437 V 4 1169c0
SCHED-TRACE 8018 2437 O 0 0
SCHED-TRACE 8019 2437 P 32 269a12f1a
SCHED-TRACE 8020 2438 K 32 269a12f1a
SCHED-TRACE 8021 2438 P 32 269b4c8b4
SCHED-TRACE 8022 2439 I 32 116e36
SCHED-TRACE 8023 2439 B 32 b4
SCHED-TRACE 8024 2439 P 32 26a53be77
SCHED-TRACE 8025 2439 R 32 26a53be77
SCHED-TRACE 8026 2440 U 4 116eae
SCHED-TRACE 8027 2440 V 4 116ed4
SCHED-TRACE 8028 2440 O 0 0
SCHED-TRACE 8029 2440 P 32 26a66d916
SCHED-TRACE 8030 2441 K 32 26a66d916
SCHED-TRACE 8031 2441 P 32 26a7a6e97
SCHED-TRACE 8032 2442 I 32 11734a
SCHED-TRACE 8033 2442 B 32 b3
SCHED-TRACE 8034 2442 P 32 26b195810
SCHED-TRACE 8035 2442 R 32 26b195810
SCHED-TRACE 8036 2443 U 4 1173c1
SCHED-TRACE 8037 2443 V 4 1173e7
SCHED-TRACE 8038 2443 O 0 0
SCHED-TRACE 8039 2443 P 32 26b2c45a2
SCHED-TRACE 8040 2444 K 32 26b2c45a2
SCHED-TRACE 8041 2444 P 32 26b3fdf3b
SCHED-TRACE 8042 2445 I 32 11785d
SCHED-TRACE 8043 2445 B 32 b2
SCHED-TRACE 8044 2445 P 32 26bdee560
SCHED-TRACE 8045 2445 R 32 26bdee560
SCHED-TRACE 8046 2446 U 4 1178d5
SCHED-TRACE 8047 2446 V 4 1178fc
SCHED-TRACE 8048 2446 O 0 0
SCHED-TRACE 8049 2446 P 32 26bf2147b
SCHED-TRACE 8050 2447 K 32 26bf2147b
SCHED-TRACE 8051 2447 P 32 26c05a9fc
SCHED-TRACE 8052 2448 I 32 117d72
SCHED-TRACE 8053 2448 B 32 b1
SCHED-TRACE 8054 2448 P 32 26ca49fbe
SCHED-TRACE 8055 2448 R 32 26ca49fbe
SCHED-TRACE 8056 2449 U 4 117dea
SCHED-TRACE 8057 2449 V 4 117e11
SCHED-TRACE 8058 2449 O 0 0
SCHED-TRACE 8059 2449 P 32 26cb7d2f1
SCHED-TRACE 8060 2450 K 32 26cb7d2f1
SCHED-TRACE 8061 2450 P 32 26ccb645a
SCHED-TRACE 8062 2451 I 32 118287
SCHED-TRACE 8063 2451 B 32 b0
SCHED-TRACE 8064 2451 P 32 26d6a51eb
SCHED-TRACE 8065 2451 R 32 26d6a51eb
SCHED-TRACE 8066 2452 U 4 1182fd
SCHED-TRACE 8067 2452 V 4 118322
SCHED-TRACE 8068 2452 O 0 0
SCHED-TRACE 8069 2452 P 32 26d7d1687
SCHED-TRACE 8070 2453 K 32 26d7d1687
SCHED-TRACE 8071 2453 P 32 26d909374
SCHED-TRACE 8072 2454 I 32 118797
SCHED-TRACE 8073 2454 B 32 b3
SCHED-TRACE 8074 2454 P 32 26e2fa1ca
SCHED-TRACE 8075 2454 R 32 26e2fa1ca
SCHED-TRACE 8076 2455 U 4 11880f
SCHED-TRACE 8077 2455 V 4 118836
SCHED-TRACE 8078 2455 O 0 0
SCHED-TRACE 8079 2455 P 32 26e42d916
SCHED-TRACE 8080 2456 K 32 26e42d916
SCHED-TRACE 8081 2456 P 32 26e5672b0
SCHED-TRACE 8082 2457 I 32 118cac
SCHED-TRACE 8083 2457 B 32 b2
SCHED-TRACE 8084 2457 P 32 26ef570a4
SCHED-TRACE 8085 2457 R 32 26ef570a4
SCHED-TRACE 8086 2458 U 4 118d24
SCHED-TRACE 8087 2458 V 4 118d4a
SCHED-TRACE 8088 2458 O 0 0
SCHED-TRACE 8089 2458 P 32 26f08978d
SCHED-TRACE 8090 2459 K 32 26f08978d
SCHED-TRACE 8091 2459 P 32 26f1c353f
SCHED-TRACE 8092 2460 I 32 1191c1
SCHED-TRACE 8093 2460 B 32 b2
SCHED-TRACE 8094 2460 P 32 26fbb3b64
SCHED-TRACE 8095 2460 R 32 26fbb3b64
SCHED-TRACE 8096 2461 U 4 119239
SCHED-TRACE 8097 2461 V 4 119260
SCHED-TRACE 8098 2461 O 0 0
SCHED-TRACE 8099 2461 P 32 26fce5e35
SCHED-TRACE 8100 2462 K 32 26fce5e35
SCHED-TRACE 8101 2462 P 32 26fe1df3b
SCHED-TRACE 8102 2463 I 32 1196d5
SCHED-TRACE 8103 2463 B 32 b1
SCHED-TRACE 8104 2463 P 32 27080d0e5
SCHED-TRACE 8105 2463 R 32 27080d0e5
SCHED-TRACE 8106 2464 U 4 11974c
SCHED-TRACE 8107 2464 V 4 119773
SCHED-TRACE 8108 2464 O 0 0
SCHED-TRACE 8109 2464 P 32 27093e354
SCHED-TRACE 8110 2465 K 32 27093e354
SCHED-TRACE 8111 2465 P 32 270a778d5
SCHED-TRACE 8112 2466 I 32 119be9
SCHED-TRACE 8113 2466 B 32 b1
SCHED-TRACE 8114 2466 P 32 2714676c8
SCHED-TRACE 8115 2466 R 32 2714676c8
SCHED-TRACE 8116 2467 U 4 119c61
SCHED-TRACE 8117 2467 V 4 119c87
SCHED-TRACE 8118 2467 O 0 0
SCHED-TRACE 8119 2467 P 32 271599999
SCHED-TRACE 8120 2468 K 32 271599999
SCHED-TRACE 8121 2468 P 32 2716d3b64
SCHED-TRACE 8122 2469 I 32 11a0fe
SCHED-TRACE 8123 2469 B 32 b4
SCHED-TRACE 8124 2469 P 32 2720c4189
SCHED-TRACE 8125 2469 R 32 2720c4189
SCHED-TRACE 8126 2470 U 4 11a176
SCHED-TRACE 8127 2470 V 4 11a19d
SCHED-TRACE 8128 2470 O 0 0
SCHED-TRACE 8129 2470 P 32 2721f78d5
SCHED-TRACE 8130 2471 K 32 2721f78d5
SCHED-TRACE 8131 2471 P 32 2723322d1
SCHED-TRACE 8132 2472 I 32 11a614
SCHED-TRACE 8133 2472 B 32 b3
SCHED-TRACE 8134 2472 P 32 272d21cac
SCHED-TRACE 8135 2472 R 32 272d21cac
SCHED-TRACE 8136 2473 U 4 11a68c
SCHED-TRACE 8137 2473 V 4 11a6b3
SCHED-TRACE 8138 2473 O 0 0
SCHED-TRACE 8139 2473 P 32 272e53333
SCHED-TRACE 8140 2474 K 32 272e53333
SCHED-TRACE 8141 2474 P 32 272f8c8b4
SCHED-TRACE 8142 2475 I 32 11ab29
SCHED-TRACE 8143 2475 B 32 b2
SCHED-TRACE 8144 2475 P 32 27397d2f1
SCHED-TRACE 8145 2475 R 32 27397d2f1
SCHED-TRACE 8146 2476 U 4 11aba0
SCHED-TRACE 8147 2476 V 4 11abc6
SCHED-TRACE 8148 2476 O 0 0
SCHED-TRACE 8149 2476 P 32 273aad4fe
SCHED-TRACE 8150 2477 K 32 273aad4fe
SCHED-TRACE 8151 2477 P 32 273be6e97
SCHED-TRACE 8152 2478 I 32 11b03d
SCHED-TRACE 8153 2478 B 32 b0
SCHED-TRACE 8154 2478 P 32 2745d74bc
SCHED-TRACE 8155 2478 R 32 2745d74bc
SCHED-TRACE 8156 2479 U 4 11b0b5
SCHED-TRACE 8157 2479 V 4 11b0dc
SCHED-TRACE 8158 2479 O 0 0
SCHED-TRACE 8159 2479 P 32 274709fbe
SCHED-TRACE 8160 2480 K 32 274709fbe
SCHED-TRACE 8161 2480 P 32 274844189
SCHED-TRACE 8162 2481 I 32 11b552
SCHED-TRACE 8163 2481 B 32 b3
SCHED-TRACE 8164 2481 P 32 275233333
SCHED-TRACE 8165 2481 R 32 275233333
SCHED-TRACE 8166 2482 U 4 11b5ca
SCHED-TRACE 8167 2482 V 4 11b5f1
SCHED-TRACE 8168 2482 O 0 0
SCHED-TRACE 8169 2482 P 32 27536624e
SCHED-TRACE 8170 2483 K 32 27536624e
SCHED-TRACE 8171 2483 P 32 27549fbe7
SCHED-TRACE 8172 2484 I 32 11ba67
SCHED-TRACE 8173 2484 B 32 b3
SCHED-TRACE 8174 2484 P 32 275e8e560
SCHED-TRACE 8175 2484 R 32 275e8e560
SCHED-TRACE 8176 2485 U 4 11bade
SCHED-TRACE 8177 2485 V 4 11bb05
SCHED-TRACE 8178 2485 O 0 0
SCHED-TRACE 8179 2485 P 32 275fbf3b6
SCHED-TRACE 8180 2486 K 32 275fbf3b6
SCHED-TRACE 8181 2486 P 32 2760f851e
SCHED-TRACE 8182 2487 I 32 11bf7b
SCHED-TRACE 8183 2487 B 32 b2
SCHED-TRACE 8184 2487 P 32 276ae8b43
SCHED-TRACE 8185 2487 R 32 276ae8b43
SCHED-TRACE 8186 2488 U 4 11bff3
SCHED-TRACE 8187 2488 V 4 11c01a
SCHED-TRACE 8188 2488 O 0 0
SCHED-TRACE 8189 2488 P 32 276c1db23
SCHED-TRACE 8190 2489 K 32 276c1db23
SCHED-TRACE 8191 2489 P 32 276d57ced
SCHED-TRACE 8192 2490 I 32 11c491
SCHED-TRACE 8193 2490 B 32 b2
SCHED-TRACE 8194 2490 P 32 2777476c8
SCHED-TRACE 8195 2490 R 32 2777476c8
SCHED-TRACE 8196 2491 U 4 11c509
SCHED-TRACE 8197 2491 V 4 11c52f
SCHED-TRACE 8198 2491 O 0 0
SCHED-TRACE 8199 2491 P 32 277879581
SCHED-TRACE 8200 2492 K 32 277879581
SCHED-TRACE 8201 2492 P 32 2779b26e9
SCHED-TRACE 8202 2493 I 32 11c9a5
SCHED-TRACE 8203 2493 B 32 b1
SCHED-TRACE 8204 2493 P 32 2783a147b
SCHED-TRACE 8205 2493 R 32 2783a147b
SCHED-TRACE 8206 2494 U 4 11ca1d
SCHED-TRACE 8207 2494 V 4 11ca44
SCHED-TRACE 8208 2494 O 0 0
SCHED-TRACE 8209 2494 P 32 2784d3f7d
SCHED-TRACE 8210 2495 K 32 2784d3f7d
SCHED-TRACE 8211 2495 P 32 27860d0e5
SCHED-TRACE 8212 2496 I 32 11ceb9
SCHED-TRACE 8213 2496 B 32 b3
SCHED-TRACE 8214 2496 P 32 278ffc28f
SCHED-TRACE 8215 2496 R 32 278ffc28f
SCHED-TRACE 8216 2497 U 4 11cf31
SCHED-TRACE 8217 2497 V 4 11cf57
SCHED-TRACE 8218 2497 O 0 0
SCHED-TRACE 8219 2497 P 32 27912d916
SCHED-TRACE 8220 2498 K 32 27912d916
SCHED-TRACE 8221 2498 P 32 279266e97
SCHED-TRACE 8222 2499 I 32 11d3cd
SCHED-TRACE 8223 2499 B 32 b2
SCHED-TRACE 8224 2499 P 32 279c56872
SCHED-TRACE 8225 2499 R 32 279c56872
SCHED-TRACE 8226 2500 U 4 11d444
SCHED-TRACE 8227 2500 V 4 11d46b
SCHED-TRACE 8228 2500 O 0 0
SCHED-TRACE 8229 2500 P 32 279d8872b
SCHED-TRACE 8230 2501 K 32 279d8872b
SCHED-TRACE 8231 2501 P 32 279ec24dd
SCHED-TRACE 8232 2502 I 32 11d8e1
SCHED-TRACE 8233 2502 B 32 b3
SCHED-TRACE 8234 2502 P 32 27a8b22d1
SCHED-TRACE 8235 2502 R 32 27a8b22d1
SCHED-TRACE 8236 2503 U 4 11d959
SCHED-TRACE 8237 2503 V 4 11d980
SCHED-TRACE 8238 2503 O 0 0
SCHED-TRACE 8239 2503 P 32 27a9e4dd3
SCHED-TRACE 8240 2504 K 32 27a9e4dd3
SCHED-TRACE 8241 2504 P 32 27ab1ef9d
SCHED-TRACE 8242 2505 I 32 11ddf6
SCHED-TRACE 8243 2505 B 32 b3
SCHED-TRACE 8244 2505 P 32 27b50e560
SCHED-TRACE 8245 2505 R 32 27b50e560
SCHED-TRACE 8246 2506 U 4 11de6e
SCHED-TRACE 8247 2506 V 4 11de95
SCHED-TRACE 8248 2506 O 0 0
SCHED-TRACE 8249 2506 P 32 27b640418
SCHED-TRACE 8250 2507 K 32 27b640418
SCHED-TRACE 8251 2507 P 32 27b779581
SCHED-TRACE 8252 2508 I 32 11e30b
SCHED-TRACE 8253 2508 B 32 b1
SCHED-TRACE 8254 2508 P 32 27c168f5c
SCHED-TRACE 8255 2508 R 32 27c168f5c
SCHED-TRACE 8256 2509 U 4 11e381
SCHED-TRACE 8257 2509 V 4 11e3a7
SCHED-TRACE 8258 2509 O 0 0
SCHED-TRACE 8259 2509 P 32 27c296c8b
SCHED-TRACE 8260 2510 K 32 27c296c8b
SCHED-TRACE 8261 2510 P 32 27c3d126e
SCHED-TRACE 8262 2511 I 32 11e81d
SCHED-TRACE 8263 2511 B 32 b4
SCHED-TRACE 8264 2511 P 32 27cdc1cac
SCHED-TRACE 8265 2511 R 32 27cdc1cac
SCHED-TRACE 8266 2512 U 4 11e895
SCHED-TRACE 8267 2512 V 4 11e8bc
SCHED-TRACE 8268 2512 O 0 0
SCHED-TRACE 8269 2512 P 32 27cef4bc6
SCHED-TRACE 8270 2513 K 32 27cef4bc6
SCHED-TRACE 8271 2513 P 32 27d02e560
SCHED-TRACE 8272 2514 I 32 11ed32
SCHED-TRACE 8273 2514 B 32 b2
SCHED-TRACE 8274 2514 P 32 27da1cac0
SCHED-TRACE 8275 2514 R 32 27da1cac0
SCHED-TRACE 8276 2515 U 4 11edaa
SCHED-TRACE 8277 2515 V 4 11edd1
SCHED-TRACE 8278 2515 O 0 0
SCHED-TRACE 8279 2515 P 32 27db4f9db
SCHED-TRACE 8280 2516 K 32 27db4f9db
SCHED-TRACE 8281 2516 P 32 27dc89ba6
SCHED-TRACE 8282 2517 I 32 11f247
SCHED-TRACE 8283 2517 B 32 b2
SCHED-TRACE 8284 2517 P 32 27e678937
SCHED-TRACE 8285 2517 R 32 27e678937
SCHED-TRACE 8286 2518 U 4 11f2be
SCHED-TRACE 8287 2518 V 4 11f2e4
SCHED-TRACE 8288 2518 O 0 0
SCHED-TRACE 8289 2518 P 32 27e7a8312
SCHED-TRACE 8290 2519 K 32 27e7a8312
SCHED-TRACE 8291 2519 P 32 27e8e1062
SCHED-TRACE 8292 2520 I 32 11f75a
SCHED-TRACE 8293 2520 B 32 b3
SCHED-TRACE 8294 2520 P 32 27f2d22d1
SCHED-TRACE 8295 2520 R 32 27f2d22d1
SCHED-TRACE 8296 2521 U 4 11f7d2
SCHED-TRACE 8297 2521 V 4 11f7f8
SCHED-TRACE 8298 2521 O 0 0
SCHED-TRACE 8299 2521 P 32 27f404dd3
SCHED-TRACE 8300 2522 K 32 27f404dd3
SCHED-TRACE 8301 2522 P 32 27f53eb85
SCHED-TRACE 8302 2523 I 32 11fc6f
SCHED-TRACE 8303 2523 B 32 b2
SCHED-TRACE 8304 2523 P 32 27ff2e560
SCHED-TRACE 8305 2523 R 32 27ff2e560
SCHED-TRACE 8306 2524 U 4 11fce7
SCHED-TRACE 8307 2524 V 4 11fd0e
SCHED-TRACE 8308 2524 O 0 0
SCHED-TRACE 8309 2524 P 32 28006147b
SCHED-TRACE 8310 2525 K 32 28006147b
SCHED-TRACE 8311 2525 P 32 28019ba5e
SCHED-TRACE 8312 2526 I 32 120184
SCHED-TRACE 8313 2526 B 32 b3
SCHED-TRACE 8314 2526 P 32 280b89fbe
SCHED-TRACE 8315 2526 R 32 280b89fbe
SCHED-TRACE 8316 2527 U 4 1201fc
SCHED-TRACE 8317 2527 V 4 120224
SCHED-TRACE 8318 2527 O 0 0
SCHED-TRACE 8319 2527 P 32 280cbf7cf
SCHED-TRACE 8320 2528 K 32 280cbf7cf
SCHED-TRACE 8321 2528 P 32 280df70a4
SCHED-TRACE 8322 2529 I 32 12069a
SCHED-TRACE 8323 2529 B 32 b3
SCHED-TRACE 8324 2529 P 32 2817e8f5c
SCHED-TRACE 8325 2529 R 32 2817e8f5c
SCHED-TRACE 8326 2530 U 4 120712
SCHED-TRACE 8327 2530 V 4 120738
SCHED-TRACE 8328 2530 O 0 0
SCHED-TRACE 8329 2530 P 32 28191a5e3
SCHED-TRACE 8330 2531 K 32 28191a5e3
SCHED-TRACE 8331 2531 P 32 281a53f7d
SCHED-TRACE 8332 2532 I 32 120bae
SCHED-TRACE 8333 2532 B 32 b3
SCHED-TRACE 8334 2532 P 32 28244353f
SCHED-TRACE 8335 2532 R 32 28244353f
SCHED-TRACE 8336 2533 U 4 120c26
SCHED-TRACE 8337 2533 V 4 120c4d
SCHED-TRACE 8338 2533 O 0 0
SCHED-TRACE 8339 2533 P 32 2825770a4
SCHED-TRACE 8340 2534 K 32 2825770a4
SCHED-TRACE 8341 2534 P 32 2826b0e56
SCHED-TRACE 8342 2535 I 32 1210c3
SCHED-TRACE 8343 2535 B 32 b2
SCHED-TRACE 8344 2535 P 32 2830a0831
SCHED-TRACE 8345 2535 R 32 2830a0831
SCHED-TRACE 8346 2536 U 4 12113b
SCHED-TRACE 8347 2536 V 4 121162
SCHED-TRACE 8348 2536 O 0 0
SCHED-TRACE 8349 2536 P 32 2831d3f7d
SCHED-TRACE 8350 2537 K 32 2831d3f7d
SCHED-TRACE 8351 2537 P 32 28330e147
SCHED-TRACE 8352 2538 I 32 1215d9
SCHED-TRACE 8353 2538 B 32 b1
SCHED-TRACE 8354 2538 P 32 283cfe354
SCHED-TRACE 8355 2538 R 32 283cfe354
SCHED-TRACE 8356 2539 U 4 121651
SCHED-TRACE 8357 2539 V 4 121677
SCHED-TRACE 8358 2539 O 0 0
SCHED-TRACE 8359 2539 P 32 283e2f9db
SCHED-TRACE 8360 2540 K 32 283e2f9db
SCHED-TRACE 8361 2540 P 32 283f69374
SCHED-TRACE 8362 2541 I 32 121aed
SCHED-TRACE 8363 2541 B 32 b4
SCHED-TRACE 8364 2541 P 32 284958937
SCHED-TRACE 8365 2541 R 32 284958937
SCHED-TRACE 8366 2542 U 4 121b65
SCHED-TRACE 8367 2542 V 4 121b8b
SCHED-TRACE 8368 2542 O 0 0
SCHED-TRACE 8369 2542 P 32 284a89fbe
SCHED-TRACE 8370 2543 K 31 284425493
SCHED-TRACE 8371 2543 P 32 284bc3d70
SCHED-TRACE 8372 2544 P 32 284c58d50
SCHED-TRACE 8373 2544 P 31 2d6d25493
SCHED-TRACE 8374 2544 G 31 2d6d25493
SCHED-TRACE 8375 2544 g 31 0
SCHED-TRACE 8376 2544 v 31 1000003e8
SCHED-TRACE 8377 2544 f 31 284c58d50
SCHED-TRACE 8378 2544 N 31 284da8e89
SCHED-TRACE 8379 2544 n 31 9b
SCHED-TRACE 8380 2544 P 31 284da8e89
SCHED-TRACE 8381 2544 X 37 121dd1
SCHED-TRACE 8382 2544 Z 0 268
SCHED-TRACE 8383 2544 P 31 285274af3
SCHED-TRACE 8384 2544 G 31 285274af3
SCHED-TRACE 8385 2544 g 31 28b
SCHED-TRACE 8386 2544 v 31 3e8000003e8
SCHED-TRACE 8387 2544 f 31 284c58d50
SCHED-TRACE 8388 2544 N 31 285274af3
SCHED-TRACE 8389 2544 n 31 28b
SCHED-TRACE 8390 2544 L 31 285274af3
SCHED-TRACE 8391 2544 l 37 524a4189
SCHED-TRACE 8392 2544 e 37 524a4189
SCHED-TRACE 8393 2544 f 0 284c58d50
SCHED-TRACE 8394 2544 r 37 0
SCHED-TRACE 8395 2544 q 31 28b
SCHED-TRACE 8396 2544 w 0 3e7000003e8
SCHED-TRACE 8397 2544 A 31 285274af3
SCHED-TRACE 8398 2544 a 31 28b
SCHED-TRACE 8399 2544 Y 37 122094
SCHED-TRACE 8400 2544 U 1 122099
SCHED-TRACE 8401 2544 V 1 127a51
SCHED-TRACE 8402 2545 I 31 127a7a
SCHED-TRACE 8403 2545 B 31 b1
SCHED-TRACE 8404 2545 P 31 2857b8c7c
SCHED-TRACE 8405 2545 R 31 2857b8c7c
SCHED-TRACE 8406 2546 U 4 127af1
SCHED-TRACE 8407 2546 V 4 127b17
SCHED-TRACE 8408 2546 O 0 0
SCHED-TRACE 8409 2546 P 31 2858ea304
SCHED-TRACE 8410 2547 K 32 284c58d50
SCHED-TRACE 8411 2547 P 31 285a2346c
SCHED-TRACE 8412 2548 P 31 285ab844b
SCHED-TRACE 8413 2548 I 32 127f8d
SCHED-TRACE 8414 2548 B 32 b2
SCHED-TRACE 8415 2548 P 32 2855b3333
SCHED-TRACE 8416 2548 R 32 2855b3333
SCHED-TRACE 8417 2549 U 4 128005
SCHED-TRACE 8418 2549 V 4 12802c
SCHED-TRACE 8419 2549 O 0 0
SCHED-TRACE 8420 2549 P 32 2856e8312
SCHED-TRACE 8421 2550 K 32 2856e8312
SCHED-TRACE 8422 2550 P 32 2858228f6
SCHED-TRACE 8423 2551 I 32 1284a3
SCHED-TRACE 8424 2551 B 32 b3
SCHED-TRACE 8425 2551 P 32 2862122d1
SCHED-TRACE 8426 2551 R 32 2862122d1
SCHED-TRACE 8427 2552 U 4 12851b
SCHED-TRACE 8428 2552 V 4 128542
SCHED-TRACE 8429 2552 O 0 0
SCHED-TRACE 8430 2552 P 32 2863449ba
SCHED-TRACE 8431 2553 K 31 285ab844b
SCHED-TRACE 8432 2553 P 32 28647df3b
SCHED-TRACE 8433 2554 P 32 286513333
SCHED-TRACE 8434 2555 I 31 1289b8
SCHED-TRACE 8435 2555 B 31 b1
SCHED-TRACE 8436 2555 P 31 286405118
SCHED-TRACE 8437 2555 R 31 286405118
SCHED-TRACE 8438 2556 U 4 128a30
SCHED-TRACE 8439 2556 V 4 128a57
SCHED-TRACE 8440 2556 O 0 0
SCHED-TRACE 8441 2556 P 31 28653844b
SCHED-TRACE 8442 2557 K 32 286513333
SCHED-TRACE 8443 2557 P 31 2866719cc
SCHED-TRACE 8444 2558 P 31 286705d62
SCHED-TRACE 8445 2558 I 32 128ecd
SCHED-TRACE 8446 2558 B 32 b4
SCHED-TRACE 8447 2558 P 32 286e6f5c2
SCHED-TRACE 8448 2558 R 32 286e6f5c2
SCHED-TRACE 8449 2559 U 4 128f45
SCHED-TRACE 8450 2559 V 4 128f6c
SCHED-TRACE 8451 2559 O 0 0
SCHED-TRACE 8452 2559 P 32 286fa1cac
SCHED-TRACE 8453 2560 K 31 286705d62
SCHED-TRACE 8454 2560 P 32 2870dba5e
SCHED-TRACE 8455 2561 P 32 287170e56
SCHED-TRACE 8456 2561 I 31 1293e2
SCHED-TRACE 8457 2561 B 31 b2
SCHED-TRACE 8458 2561 P 31 28706075e
SCHED-TRACE 8459 2561 R 31 28706075e
SCHED-TRACE 8460 2562 U 4 129459
SCHED-TRACE 8461 2562 V 4 129480
SCHED-TRACE 8462 2562 O 0 0
SCHED-TRACE 8463 2562 P 31 2871946db
SCHED-TRACE 8464 2563 K 32 287170e56
SCHED-TRACE 8465 2563 P 31 2872ce48d
SCHED-TRACE 8466 2564 P 31 287363053
SCHED-TRACE 8467 2564 I 32 1298f7
SCHED-TRACE 8468 2564 B 32 b3
SCHED-TRACE 8469 2564 P 32 287acc8b4
SCHED-TRACE 8470 2564 R 32 287acc8b4
SCHED-TRACE 8471 2565 U 4 12996f
SCHED-TRACE 8472 2565 V 4 129996
SCHED-TRACE 8473 2565 O 0 0
SCHED-TRACE 8474 2565 P 32 287c00000
SCHED-TRACE 8475 2566 K 31 287363053
SCHED-TRACE 8476 2566 P 32 287d3ae14
SCHED-TRACE 8477 2567 P 32 287dcf9db
SCHED-TRACE 8478 2567 I 31 129e0d
SCHED-TRACE 8479 2567 B 31 b3
SCHED-TRACE 8480 2567 P 31 287cbde68
SCHED-TRACE 8481 2567 R 31 287cbde68
SCHED-TRACE 8482 2568 U 4 129e86
SCHED-TRACE 8483 2568 V 4 129eac
SCHED-TRACE 8484 2568 O 0 0
SCHED-TRACE 8485 2568 P 31 287df15b4
SCHED-TRACE 8486 2569 K 32 287dcf9db
SCHED-TRACE 8487 2569 P 31 287f2af4d
SCHED-TRACE 8488 2570 P 31 287fbf6fb
SCHED-TRACE 8489 2570 I 32 12a323
SCHED-TRACE 8490 2570 B 32 b2
SCHED-TRACE 8491 2570 P 32 28872b439
SCHED-TRACE 8492 2570 R 32 28872b439
SCHED-TRACE 8493 2571 U 4 12a39a
SCHED-TRACE 8494 2571 V 4 12a3bf
SCHED-TRACE 8495 2571 O 0 0
SCHED-TRACE 8496 2571 P 32 288859db2
SCHED-TRACE 8497 2572 K 31 287fbf6fb
SCHED-TRACE 8498 2572 P 32 2889947ae
SCHED-TRACE 8499 2573 P 32 288a2978d
SCHED-TRACE 8500 2573 I 31 12a835
SCHED-TRACE 8501 2573 B 31 b4
SCHED-TRACE 8502 2573 P 31 288919095
SCHED-TRACE 8503 2573 R 31 288919095
SCHED-TRACE 8504 2574 U 4 12a8ae
SCHED-TRACE 8505 2574 V 4 12a8d5
SCHED-TRACE 8506 2574 O 0 0
SCHED-TRACE 8507 2574 P 31 288a4d42a
SCHED-TRACE 8508 2575 K 32 288a2978d
SCHED-TRACE 8509 2575 P 31 288b871dd
SCHED-TRACE 8510 2576 P 31 288c1c1bc
SCHED-TRACE 8511 2576 I 32 12ad4b
SCHED-TRACE 8512 2576 B 32 b2
SCHED-TRACE 8513 2576 P 32 289383127
SCHED-TRACE 8514 2576 R 32 289383127
SCHED-TRACE 8515 2577 U 4 12adc3
SCHED-TRACE 8516 2577 V 4 12adea
SCHED-TRACE 8517 2577 O 0 0
SCHED-TRACE 8518 2577 P 32 2894b6c8b
SCHED-TRACE 8519 2578 K 31 288c1c1bc
SCHED-TRACE 8520 2578 P 32 2895f0625
SCHED-TRACE 8521 2579 P 32 289685604
SCHED-TRACE 8522 2579 I 31 12b261
SCHED-TRACE 8523 2579 B 31 b3
SCHED-TRACE 8524 2579 P 31 289578033
SCHED-TRACE 8525 2579 R 31 289578033
SCHED-TRACE 8526 2580 U 4 12b2d8
SCHED-TRACE 8527 2580 V 4 12b2ff
SCHED-TRACE 8528 2580 O 0 0
SCHED-TRACE 8529 2580 P 31 2896a8a70
SCHED-TRACE 8530 2581 K 32 289685604
SCHED-TRACE 8531 2581 P 31 2897e1bd9
SCHED-TRACE 8532 2582 P 31 289875f6e
SCHED-TRACE 8533 2582 I 32 12b774
SCHED-TRACE 8534 2582 B 32 b4
SCHED-TRACE 8535 2582 P 32 289fe0831
SCHED-TRACE 8536 2582 R 32 289fe0831
SCHED-TRACE 8537 2583 U 4 12b7ec
SCHED-TRACE 8538 2583 V 4 12b813
SCHED-TRACE 8539 2583 O 0 0
SCHED-TRACE 8540 2583 P 32 28a114fdf
SCHED-TRACE 8541 2584 K 31 289875f6e
SCHED-TRACE 8542 2584 P 32 28a24f1aa
SCHED-TRACE 8543 2585 P 32 28a2e45a2
SCHED-TRACE 8544 2585 I 31 12bc8a
SCHED-TRACE 8545 2585 B 31 b2
SCHED-TRACE 8546 2585 P 31 28a1d0551
SCHED-TRACE 8547 2585 R 31 28a1d0551
SCHED-TRACE 8548 2586 U 4 12bd03
SCHED-TRACE 8549 2586 V 4 12bd2a
SCHED-TRACE 8550 2586 O 0 0
SCHED-TRACE 8551 2586 P 31 28a3048e7
SCHED-TRACE 8552 2587 K 32 28a2e45a2
SCHED-TRACE 8553 2587 P 31 28a43f2e3
SCHED-TRACE 8554 2588 P 31 28a4d46db
SCHED-TRACE 8555 2588 I 32 12c1a0
SCHED-TRACE 8556 2588 B 32 b4
SCHED-TRACE 8557 2588 P 32 28ac3df3b
SCHED-TRACE 8558 2588 R 32 28ac3df3b
SCHED-TRACE 8559 2589 U 4 12c219
SCHED-TRACE 8560 2589 V 4 12c240
SCHED-TRACE 8561 2589 O 0 0
SCHED-TRACE 8562 2589 P 32 28ad726e9
SCHED-TRACE 8563 2590 K 31 28a4d46db
SCHED-TRACE 8564 2590 P 32 28aea9ba6
SCHED-TRACE 8565 2591 P 32 28af3d70a
SCHED-TRACE 8566 2591 I 31 12c6b5
SCHED-TRACE 8567 2591 B 31 b2
SCHED-TRACE 8568 2591 P 31 28ae30551
SCHED-TRACE 8569 2591 R 31 28ae30551
SCHED-TRACE 8570 2592 U 4 12c72d
SCHED-TRACE 8571 2592 V 4 12c753
SCHED-TRACE 8572 2592 O 0 0
SCHED-TRACE 8573 2592 P 31 28af62c3b
SCHED-TRACE 8574 2593 K 32 28af3d70a
SCHED-TRACE 8575 2593 P 31 28b09c5d4
SCHED-TRACE 8576 2594 P 31 28b1315b4
SCHED-TRACE 8577 2594 I 32 12cbc9
SCHED-TRACE 8578 2594 B 32 b4
SCHED-TRACE 8579 2594 P 32 28b897ced
SCHED-TRACE 8580 2594 R 32 28b897ced
SCHED-TRACE 8581 2595 U 4 12cc41
SCHED-TRACE 8582 2595 V 4 12cc68
SCHED-TRACE 8583 2595 O 0 0
SCHED-TRACE 8584 2595 P 32 28b9cb021
SCHED-TRACE 8585 2596 K 31 28b1315b4
SCHED-TRACE 8586 2596 P 32 28bb05604
SCHED-TRACE 8587 2597 P 32 28bb9a5e3
SCHED-TRACE 8588 2597 I 31 12d0de
SCHED-TRACE 8589 2597 B 31 b4
SCHED-TRACE 8590 2597 P 31 28ba8bb97
SCHED-TRACE 8591 2597 R 31 28ba8bb97
SCHED-TRACE 8592 2598 U 4 12d156
SCHED-TRACE 8593 2598 V 4 12d17e
SCHED-TRACE 8594 2598 O 0 0
SCHED-TRACE 8595 2598 P 31 28bbbff2c
SCHED-TRACE 8596 2599 K 32 28bb9a5e3
SCHED-TRACE 8597 2599 P 31 28bcfa510
SCHED-TRACE 8598 2600 P 31 28bd8e48d
SCHED-TRACE 8599 2600 I 32 12d5f4
SCHED-TRACE 8600 2600 B 32 b3
SCHED-TRACE 8601 2600 P 32 28c4f5810
SCHED-TRACE 8602 2600 R 32 28c4f5810
SCHED-TRACE 8603 2601 U 4 12d66c
SCHED-TRACE 8604 2601 V 4 12d693
SCHED-TRACE 8605 2601 O 0 0
SCHED-TRACE 8606 2601 P 32 28c627ae1
SCHED-TRACE 8607 2602 K 31 28bd8e48d
SCHED-TRACE 8608 2602 P 32 28c761cac
SCHED-TRACE 8609 2603 P 32 28c7f6872
SCHED-TRACE 8610 2603 I 31 12db09
SCHED-TRACE 8611 2603 B 31 b5
SCHED-TRACE 8612 2603 P 31 28c6e96ba
SCHED-TRACE 8613 2603 R 31 28c6e96ba
SCHED-TRACE 8614 2604 U 4 12db81
SCHED-TRACE 8615 2604 V 4 12dba7
SCHED-TRACE 8616 2604 O 0 0
SCHED-TRACE 8617 2604 P 31 28c81b98b
SCHED-TRACE 8618 2605 K 32 28c7f6872
SCHED-TRACE 8619 2605 P 31 28c955b55
SCHED-TRACE 8620 2606 P 31 28c9eab35
SCHED-TRACE 8621 2606 I 32 12e01e
SCHED-TRACE 8622 2606 B 32 b3
SCHED-TRACE 8623 2606 P 32 28d151eb8
SCHED-TRACE 8624 2606 R 32 28d151eb8
SCHED-TRACE 8625 2607 U 4 12e096
SCHED-TRACE 8626 2607 V 4 12e0be
SCHED-TRACE 8627 2607 O 0 0
SCHED-TRACE 8628 2607 P 32 28d285e35
SCHED-TRACE 8629 2608 K 31 28c9eab35
SCHED-TRACE 8630 2608 P 32 28d3c0831
SCHED-TRACE 8631 2609 P 32 28d455c29
SCHED-TRACE 8632 2609 I 31 12e534
SCHED-TRACE 8633 2609 B 31 b4
SCHED-TRACE 8634 2609 P 31 28d3444ce
SCHED-TRACE 8635 2609 R 31 28d3444ce
SCHED-TRACE 8636 2610 U 4 12e5ac
SCHED-TRACE 8637 2610 V 4 12e5d3
SCHED-TRACE 8638 2610 O 0 0
SCHED-TRACE 8639 2610 P 31 28d478033
SCHED-TRACE 8640 2611 K 32 28d455c29
SCHED-TRACE 8641 2611 P 31 28d5b19cc
SCHED-TRACE 8642 2612 P 31 28d64617a
SCHED-TRACE 8643 2612 I 32 12ea4a
SCHED-TRACE 8644 2612 B 32 b0
SCHED-TRACE 8645 2612 P 32 28ddb126e
SCHED-TRACE 8646 2612 R 32 28ddb126e
SCHED-TRACE 8647 2613 U 4 12eac1
SCHED-TRACE 8648 2613 V 4 12eae8
SCHED-TRACE 8649 2613 O 0 0
SCHED-TRACE 8650 2613 P 32 28dee28f6
SCHED-TRACE 8651 2614 K 31 28d64617a
SCHED-TRACE 8652 2614 P 32 28e01b645
SCHED-TRACE 8653 2615 P 32 28e0b020c
SCHED-TRACE 8654 2615 I 31 12ef5e
SCHED-TRACE 8655 2615 B 31 b2
SCHED-TRACE 8656 2615 P 31 28dfa1ff1
SCHED-TRACE 8657 2615 R 31 28dfa1ff1
SCHED-TRACE 8658 2616 U 4 12efd6
SCHED-TRACE 8659 2616 V 4 12effd
SCHED-TRACE 8660 2616 O 0 0
SCHED-TRACE 8661 2616 P 31 28e0d5f6e
SCHED-TRACE 8662 2617 K 32 28e0b020c
SCHED-TRACE 8663 2617 P 31 28e21096a
SCHED-TRACE 8664 2618 P 31 28e2a5949
SCHED-TRACE 8665 2618 I 32 12f474
SCHED-TRACE 8666 2618 B 32 b4
SCHED-TRACE 8667 2618 P 32 28ea0bc6a
SCHED-TRACE 8668 2618 R 32 28ea0bc6a
SCHED-TRACE 8669 2619 U 4 12f4ec
SCHED-TRACE 8670 2619 V 4 12f513
SCHED-TRACE 8671 2619 O 0 0
SCHED-TRACE 8672 2619 P 32 28eb3fbe7
SCHED-TRACE 8673 2620 K 31 28e2a5949
SCHED-TRACE 8674 2620 P 32 28ec79db2
SCHED-TRACE 8675 2621 P 32 28ed0f5c2
SCHED-TRACE 8676 2621 I 31 12f98a
SCHED-TRACE 8677 2621 B 31 b3
SCHED-TRACE 8678 2621 P 31 28ebff6fb
SCHED-TRACE 8679 2621 R 31 28ebff6fb
SCHED-TRACE 8680 2622 U 4 12fa03
SCHED-TRACE 8681 2622 V 4 12fa2a
SCHED-TRACE 8682 2622 O 0 0
SCHED-TRACE 8683 2622 P 31 28ed3573d
SCHED-TRACE 8684 2623 K 32 28ed0f5c2
SCHED-TRACE 8685 2623 P 31 28ee6f0d6
SCHED-TRACE 8686 2624 P 31 28ef03885
SCHED-TRACE 8687 2624 I 32 12fea0
SCHED-TRACE 8688 2624 B 32 b3
SCHED-TRACE 8689 2624 P 32 28f669ba6
SCHED-TRACE 8690 2624 R 32 28f669ba6
SCHED-TRACE 8691 2625 U 4 12ff18
SCHED-TRACE 8692 2625 V 4 12ff3f
SCHED-TRACE 8693 2625 O 0 0
SCHED-TRACE 8694 2625 P 32 28f79d2f1
SCHED-TRACE 8695 2626 K 31 28ef03885
SCHED-TRACE 8696 2626 P 32 28f8d6c8b
SCHED-TRACE 8697 2627 P 32 28f96c49b
SCHED-TRACE 8698 2627 I 31 1303b6
SCHED-TRACE 8699 2627 B 31 b1
SCHED-TRACE 8700 2627 P 31 28f85eab2
SCHED-TRACE 8701 2627 R 31 28f85eab2
SCHED-TRACE 8702 2628 U 4 13042d
SCHED-TRACE 8703 2628 V 4 130454
SCHED-TRACE 8704 2628 O 0 0
SCHED-TRACE 8705 2628 P 31 28f992a2f
SCHED-TRACE 8706 2629 K 32 28f96c49b
SCHED-TRACE 8707 2629 P 31 28facc7e1
SCHED-TRACE 8708 2630 P 31 28fb613a7
SCHED-TRACE 8709 2630 I 32 1308ca
SCHED-TRACE 8710 2630 B 32 b3
SCHED-TRACE 8711 2630 P 32 2902c6a7f
SCHED-TRACE 8712 2630 R 32 2902c6a7f
SCHED-TRACE 8713 2631 U 4 130942
SCHED-TRACE 8714 2631 V 4 130969
SCHED-TRACE 8715 2631 O 0 0
SCHED-TRACE 8716 2631 P 32 2903fa1ca
SCHED-TRACE 8717 2632 K 31 28fb613a7
SCHED-TRACE 8718 2632 P 32 290534fdf
SCHED-TRACE 8719 2633 P 32 2905c9ba6
SCHED-TRACE 8720 2633 I 31 130de0
SCHED-TRACE 8721 2633 B 31 b4
SCHED-TRACE 8722 2633 P 31 2904bc9ed
SCHED-TRACE 8723 2633 R 31 2904bc9ed
SCHED-TRACE 8724 2634 U 4 130e59
SCHED-TRACE 8725 2634 V 4 130e7f
SCHED-TRACE 8726 2634 O 0 0
SCHED-TRACE 8727 2634 P 31 2905f0551
SCHED-TRACE 8728 2635 K 32 2905c9ba6
SCHED-TRACE 8729 2635 P 31 290729eeb
SCHED-TRACE 8730 2636 P 31 2907beab2
SCHED-TRACE 8731 2636 I 32 1312f6
SCHED-TRACE 8732 2636 B 32 b3
SCHED-TRACE 8733 2636 P 32 290f25a1c
SCHED-TRACE 8734 2636 R 32 290f25a1c
SCHED-TRACE 8735 2637 U 4 13136d
SCHED-TRACE 8736 2637 V 4 131393
SCHED-TRACE 8737 2637 O 0 0
SCHED-TRACE 8738 2637 P 32 291055c29
SCHED-TRACE 8739 2638 K 31 2907beab2
SCHED-TRACE 8740 2638 P 32 291190a3d
SCHED-TRACE 8741 2639 P 32 291225a1c
SCHED-TRACE 8742 2639 I 31 13180a
SCHED-TRACE 8743 2639 B 31 b3
SCHED-TRACE 8744 2639 P 31 291119cdf
SCHED-TRACE 8745 2639 R 31 291119cdf
SCHED-TRACE 8746 2640 U 4 131883
SCHED-TRACE 8747 2640 V 4 1318aa
SCHED-TRACE 8748 2640 O 0 0
SCHED-TRACE 8749 2640 P 31 29124f0d6
SCHED-TRACE 8750 2641 K 32 291225a1c
SCHED-TRACE 8751 2641 P 31 291388e89
SCHED-TRACE 8752 2642 P 31 29141de68
SCHED-TRACE 8753 2642 I 32 131d21
SCHED-TRACE 8754 2642 B 32 b1
SCHED-TRACE 8755 2642 P 32 291b81062
SCHED-TRACE 8756 2642 R 32 291b81062
SCHED-TRACE 8757 2643 U 4 131d99
SCHED-TRACE 8758 2643 V 4 131dc0
SCHED-TRACE 8759 2643 O 0 0
SCHED-TRACE 8760 2643 P 32 291cb4bc6
SCHED-TRACE 8761 2644 K 31 29141de68
SCHED-TRACE 8762 2644 P 32 291def9db
SCHED-TRACE 8763 2645 P 32 291e849ba
SCHED-TRACE 8764 2645 I 31 132237
SCHED-TRACE 8765 2645 B 31 b4
SCHED-TRACE 8766 2645 P 31 291d7844b
SCHED-TRACE 8767 2645 R 31 291d7844b
SCHED-TRACE 8768 2646 U 4 1322af
SCHED-TRACE 8769 2646 V 4 1322d5
SCHED-TRACE 8770 2646 O 0 0
SCHED-TRACE 8771 2646 P 31 291ea823f
SCHED-TRACE 8772 2647 K 32 291e849ba
SCHED-TRACE 8773 2647 P 31 291fe0f8f
SCHED-TRACE 8774 2648 P 31 292074f0c
SCHED-TRACE 8775 2648 I 32 13274b
SCHED-TRACE 8776 2648 B 32 b5
SCHED-TRACE 8777 2648 P 32 2927e20c4
SCHED-TRACE 8778 2648 R 32 2927e20c4
SCHED-TRACE 8779 2649 U 4 1327c3
SCHED-TRACE 8780 2649 V 4 1327ea
SCHED-TRACE 8781 2649 O 0 0
SCHED-TRACE 8782 2649 P 32 292915810
SCHED-TRACE 8783 2650 K 31 292074f0c
SCHED-TRACE 8784 2650 P 32 292a4fdf3
SCHED-TRACE 8785 2651 P 32 292ae51eb
SCHED-TRACE 8786 2651 I 31 132c61
SCHED-TRACE 8787 2651 B 31 b3
SCHED-TRACE 8788 2651 P 31 2929d0139
SCHED-TRACE 8789 2651 R 31 2929d0139
SCHED-TRACE 8790 2652 U 4 132cda
SCHED-TRACE 8791 2652 V 4 132d01
SCHED-TRACE 8792 2652 O 0 0
SCHED-TRACE 8793 2652 P 31 292b04cff
SCHED-TRACE 8794 2653 K 32 292ae51eb
SCHED-TRACE 8795 2653 P 31 292c3f6fb
SCHED-TRACE 8796 2654 P 31 292cd46db
SCHED-TRACE 8797 2654 I 32 133177
SCHED-TRACE 8798 2654 B 32 b4
SCHED-TRACE 8799 2654 P 32 29343eb85
SCHED-TRACE 8800 2654 R 32 29343eb85
SCHED-TRACE 8801 2655 U 4 1331f0
SCHED-TRACE 8802 2655 V 4 133217
SCHED-TRACE 8803 2655 O 0 0
SCHED-TRACE 8804 2655 P 32 293574bc6
SCHED-TRACE 8805 2656 K 31 292cd46db
SCHED-TRACE 8806 2656 P 32 2936ad4fe
SCHED-TRACE 8807 2657 P 32 2937420c4
SCHED-TRACE 8808 2657 I 31 13368e
SCHED-TRACE 8809 2657 B 31 b2
SCHED-TRACE 8810 2657 P 31 29363096a
SCHED-TRACE 8811 2657 R 31 29363096a
SCHED-TRACE 8812 2658 U 4 133706
SCHED-TRACE 8813 2658 V 4 13372d
SCHED-TRACE 8814 2658 O 0 0
SCHED-TRACE 8815 2658 P 31 293763c9d
SCHED-TRACE 8816 2659 K 32 2937420c4
SCHED-TRACE 8817 2659 P 31 29389e280
SCHED-TRACE 8818 2660 P 31 293933678
SCHED-TRACE 8819 2660 I 32 133ba3
SCHED-TRACE 8820 2660 B 32 b5
SCHED-TRACE 8821 2660 P 32 29409ba5e
SCHED-TRACE 8822 2660 R 32 29409ba5e
SCHED-TRACE 8823 2661 U 4 133c1b
SCHED-TRACE 8824 2661 V 4 133c43
SCHED-TRACE 8825 2661 O 0 0
SCHED-TRACE 8826 2661 P 32 2941d1687
SCHED-TRACE 8827 2662 K 31 293933678
SCHED-TRACE 8828 2662 P 32 29430c49b
SCHED-TRACE 8829 2663 P 32 2943a1893
SCHED-TRACE 8830 2663 I 31 1340ba
SCHED-TRACE 8831 2663 B 31 b4
SCHED-TRACE 8832 2663 P 31 29428e8a5
SCHED-TRACE 8833 2663 R 31 29428e8a5
SCHED-TRACE 8834 2664 U 4 134133
SCHED-TRACE 8835 2664 V 4 13415b
SCHED-TRACE 8836 2664 O 0 0
SCHED-TRACE 8837 2664 P 31 2943c5118
SCHED-TRACE 8838 2665 K 32 2943a1893
SCHED-TRACE 8839 2665 P 31 2944ffb14
SCHED-TRACE 8840 2666 P 31 294595324
SCHED-TRACE 8841 2666 I 32 1345d1
SCHED-TRACE 8842 2666 B 32 b2
SCHED-TRACE 8843 2666 P 32 294cfa5e3
SCHED-TRACE 8844 2666 R 32 294cfa5e3
SCHED-TRACE 8845 2667 U 4 134649
SCHED-TRACE 8846 2667 V 4 13466f
SCHED-TRACE 8847 2667 O 0 0
SCHED-TRACE 8848 2667 P 32 294e2c083
SCHED-TRACE 8849 2668 K 31 294595324
SCHED-TRACE 8850 2668 P 32 294f65a1c
SCHED-TRACE 8851 2669 P 32 294ffa5e3
SCHED-TRACE 8852 2669 I 31 134ae5
SCHED-TRACE 8853 2669 B 31 b3
SCHED-TRACE 8854 2669 P 31 294eef4ef
SCHED-TRACE 8855 2669 R 31 294eef4ef
SCHED-TRACE 8856 2670 U 4 134b5d
SCHED-TRACE 8857 2670 V 4 134b83
SCHED-TRACE 8858 2670 O 0 0
SCHED-TRACE 8859 2670 P 31 295020b76
SCHED-TRACE 8860 2671 K 32 294ffa5e3
SCHED-TRACE 8861 2671 P 31 2951598c6
SCHED-TRACE 8862 2672 P 31 2951ee48d
SCHED-TRACE 8863 2672 I 32 134ff9
SCHED-TRACE 8864 2672 B 32 b1
SCHED-TRACE 8865 2672 P 32 295956041
SCHED-TRACE 8866 2672 R 32 295956041
SCHED-TRACE 8867 2673 U 4 135071
SCHED-TRACE 8868 2673 V 4 135098
SCHED-TRACE 8869 2673 O 0 0
SCHED-TRACE 8870 2673 P 32 295a88f5c
SCHED-TRACE 8871 2674 K 31 2951ee48d
SCHED-TRACE 8872 2674 P 32 295bc353f
SCHED-TRACE 8873 2675 P 32 295c5851e
SCHED-TRACE 8874 2675 I 31 13550e
SCHED-TRACE 8875 2675 B 31 b4
SCHED-TRACE 8876 2675 P 31 295b47e26
SCHED-TRACE 8877 2675 R 31 295b47e26
SCHED-TRACE 8878 2676 U 4 135586
SCHED-TRACE 8879 2676 V 4 1355ad
SCHED-TRACE 8880 2676 O 0 0
SCHED-TRACE 8881 2676 P 31 295c7b98b
SCHED-TRACE 8882 2677 K 32 295c5851e
SCHED-TRACE 8883 2677 P 31 295db6387
SCHED-TRACE 8884 2678 P 31 295e4ab35
SCHED-TRACE 8885 2678 I 32 135a24
SCHED-TRACE 8886 2678 B 32 b2
SCHED-TRACE 8887 2678 P 32 2965b374c
SCHED-TRACE 8888 2678 R 32 2965b374c
SCHED-TRACE 8889 2679 U 4 135a9c
SCHED-TRACE 8890 2679 V 4 135ac3
SCHED-TRACE 8891 2679 O 0 0
SCHED-TRACE 8892 2679 P 32 2966e4dd3
SCHED-TRACE 8893 2680 K 31 295e4ab35
SCHED-TRACE 8894 2680 P 32 29681df3b
SCHED-TRACE 8895 2681 P 32 2968b2b02
SCHED-TRACE 8896 2681 I 31 135f39
SCHED-TRACE 8897 2681 B 31 b2
SCHED-TRACE 8898 2681 P 31 2967a69ab
SCHED-TRACE 8899 2681 R 31 2967a69ab
SCHED-TRACE 8900 2682 U 4 135fb1
SCHED-TRACE 8901 2682 V 4 135fd8
SCHED-TRACE 8902 2682 O 0 0
SCHED-TRACE 8903 2682 P 31 2968d9cdf
SCHED-TRACE 8904 2683 K 32 2968b2b02
SCHED-TRACE 8905 2683 P 31 296a146db
SCHED-TRACE 8906 2684 P 31 296aa96ba
SCHED-TRACE 8907 2684 I 32 13644e
SCHED-TRACE 8908 2684 B 32 b3
SCHED-TRACE 8909 2684 P 32 29720bc6a
SCHED-TRACE 8910 2684 R 32 29720bc6a
SCHED-TRACE 8911 2685 U 4 1364c6
SCHED-TRACE 8912 2685 V 4 1364ed
SCHED-TRACE 8913 2685 O 0 0
SCHED-TRACE 8914 2685 P 32 29733f3b6
SCHED-TRACE 8915 2686 K 31 296aa96ba
SCHED-TRACE 8916 2686 P 32 297478d50
SCHED-TRACE 8917 2687 P 32 29750dd2f
SCHED-TRACE 8918 2687 I 31 136963
SCHED-TRACE 8919 2687 B 31 b2
SCHED-TRACE 8920 2687 P 31 29740346c
SCHED-TRACE 8921 2687 R 31 29740346c
SCHED-TRACE 8922 2688 U 4 1369db
SCHED-TRACE 8923 2688 V 4 136a02
SCHED-TRACE 8924 2688 O 0 0
SCHED-TRACE 8925 2688 P 31 297537801
SCHED-TRACE 8926 2689 K 32 29750dd2f
SCHED-TRACE 8927 2689 P 31 297670d83
SCHED-TRACE 8928 2690 P 31 297705531
SCHED-TRACE 8929 2690 I 32 136e79
SCHED-TRACE 8930 2690 B 32 b4
SCHED-TRACE 8931 2690 P 32 297e6a3d7
SCHED-TRACE 8932 2690 R 32 297e6a3d7
SCHED-TRACE 8933 2691 U 4 136ef1
SCHED-TRACE 8934 2691 V 4 136f18
SCHED-TRACE 8935 2691 O 0 0
SCHED-TRACE 8936 2691 P 32 297f9d70a
SCHED-TRACE 8937 2692 K 31 297705531
SCHED-TRACE 8938 2692 P 32 2980d74bc
SCHED-TRACE 8939 2693 P 32 29816cccd
SCHED-TRACE 8940 2693 I 31 13738e
SCHED-TRACE 8941 2693 B 31 b4
SCHED-TRACE 8942 2693 P 31 29805f2e3
SCHED-TRACE 8943 2693 R 31 29805f2e3
SCHED-TRACE 8944 2694 U 4 137406
SCHED-TRACE 8945 2694 V 4 13742d
SCHED-TRACE 8946 2694 O 0 0
SCHED-TRACE 8947 2694 P 31 2981942c2
SCHED-TRACE 8948 2695 K 32 29816cccd
SCHED-TRACE 8949 2695 P 31 2982ce8a5
SCHED-TRACE 8950 2696 P 31 29836346c
SCHED-TRACE 8951 2696 I 32 1378a3
SCHED-TRACE 8952 2696 B 32 b3
SCHED-TRACE 8953 2696 P 32 298ac624e
SCHED-TRACE 8954 2696 R 32 298ac624e
SCHED-TRACE 8955 2697 U 4 13791b
SCHED-TRACE 8956 2697 V 4 137942
SCHED-TRACE 8957 2697 O 0 0
SCHED-TRACE 8958 2697 P 32 298bfa5e3
SCHED-TRACE 8959 2698 K 31 29836346c
SCHED-TRACE 8960 2698 P 32 298d34fdf
SCHED-TRACE 8961 2699 P 32 298dca7ef
SCHED-TRACE 8962 2699 I 31 137db9
SCHED-TRACE 8963 2699 B 31 b4
SCHED-TRACE 8964 2699 P 31 298cbd21e
SCHED-TRACE 8965 2699 R 31 298cbd21e
SCHED-TRACE 8966 2700 U 4 137e32
SCHED-TRACE 8967 2700 V 4 137e59
SCHED-TRACE 8968 2700 O 0 0
SCHED-TRACE 8969 2700 P 31 298df2616
SCHED-TRACE 8970 2701 K 32 298dca7ef
SCHED-TRACE 8971 2701 P 31 298f2bb97
SCHED-TRACE 8972 2702 P 31 298fc075e
SCHED-TRACE 8973 2702 I 32 1382cf
SCHED-TRACE 8974 2702 B 32 b1
SCHED-TRACE 8975 2702 P 32 2997245a2
SCHED-TRACE 8976 2702 R 32 2997245a2
SCHED-TRACE 8977 2703 U 4 138345
SCHED-TRACE 8978 2703 V 4 13836b
SCHED-TRACE 8979 2703 O 0 0
SCHED-TRACE 8980 2703 P 32 299851a9f
SCHED-TRACE 8981 2704 K 31 298fc075e
SCHED-TRACE 8982 2704 P 32 29998b021
SCHED-TRACE 8983 2705 P 32 299a20000
SCHED-TRACE 8984 2705 I 31 1387e0
SCHED-TRACE 8985 2705 B 31 b4
SCHED-TRACE 8986 2705 P 31 29991ad41
SCHED-TRACE 8987 2705 R 31 29991ad41
SCHED-TRACE 8988 2706 U 4 138858
SCHED-TRACE 8989 2706 V 4 13887f
SCHED-TRACE 8990 2706 O 0 0
SCHED-TRACE 8991 2706 P 31 299a4f4ef
SCHED-TRACE 8992 2707 K 32 299a20000
SCHED-TRACE 8993 2707 P 31 299b896ba
SCHED-TRACE 8994 2708 P 31 299c1e280
SCHED-TRACE 8995 2708 I 32 138cf6
SCHED-TRACE 8996 2708 B 32 b4
SCHED-TRACE 8997 2708 P 32 29a37be77
SCHED-TRACE 8998 2708 R 32 29a37be77
SCHED-TRACE 8999 2709 U 4 138d6e
SCHED-TRACE 9000 2709 V 4 138d95
SCHED-TRACE 9001 2709 O 0 0
SCHED-TRACE 9002 2709 P 32 29a4af9db
SCHED-TRACE 9003 2710 K 31 299c1e280
SCHED-TRACE 9004 2710 P 32 29a5ea7ef
SCHED-TRACE 9005 2711 P 32 29a67f7cf
SCHED-TRACE 9006 2711 I 31 13920c
SCHED-TRACE 9007 2711 B 31 b4
SCHED-TRACE 9008 2711 P 31 29a578c7c
SCHED-TRACE 9009 2711 R 31 29a578c7c
SCHED-TRACE 9010 2712 U 4 139285
SCHED-TRACE 9011 2712 V 4 1392ab
SCHED-TRACE 9012 2712 O 0 0
SCHED-TRACE 9013 2712 P 31 29a6a9eeb
SCHED-TRACE 9014 2713 K 32 29a67f7cf
SCHED-TRACE 9015 2713 P 31 29a7e2822
SCHED-TRACE 9016 2714 P 31 29a876bb8
SCHED-TRACE 9017 2714 I 32 139721
SCHED-TRACE 9018 2714 B 32 b3
SCHED-TRACE 9019 2714 P 32 29afdcac0
SCHED-TRACE 9020 2714 R 32 29afdcac0
SCHED-TRACE 9021 2715 U 4 139799
SCHED-TRACE 9022 2715 V 4 1397c0
SCHED-TRACE 9023 2715 O 0 0
SCHED-TRACE 9024 2715 P 32 29b10f9db
SCHED-TRACE 9025 2716 K 31 29a876bb8
SCHED-TRACE 9026 2716 P 32 29b249ba6
SCHED-TRACE 9027 2717 P 32 29b2def9d
SCHED-TRACE 9028 2717 I 31 139c36
SCHED-TRACE 9029 2717 B 31 b1
SCHED-TRACE 9030 2717 P 31 29b1d0139
SCHED-TRACE 9031 2717 R 31 29b1d0139
SCHED-TRACE 9032 2718 U 4 139caf
SCHED-TRACE 9033 2718 V 4 139cd5
SCHED-TRACE 9034 2718 O 0 0
SCHED-TRACE 9035 2718 P 31 29b3044ce
SCHED-TRACE 9036 2719 K 32 29b2def9d
SCHED-TRACE 9037 2719 P 31 29b43eeca
SCHED-TRACE 9038 2720 P 31 29b4d3ea9
SCHED-TRACE 9039 2720 I 32 13a14c
SCHED-TRACE 9040 2720 B 32 b5
SCHED-TRACE 9041 2720 P 32 29bc39999
SCHED-TRACE 9042 2720 R 32 29bc39999
SCHED-TRACE 9043 2721 U 4 13a1c5
SCHED-TRACE 9044 2721 V 4 13a1ec
SCHED-TRACE 9045 2721 O 0 0
SCHED-TRACE 9046 2721 P 32 29bd6e560
SCHED-TRACE 9047 2722 K 31 29b4d3ea9
SCHED-TRACE 9048 2722 P 32 29bea6e97
SCHED-TRACE 9049 2723 P 32 29bf3b22d
SCHED-TRACE 9050 2723 I 31 13a663
SCHED-TRACE 9051 2723 B 31 b3
SCHED-TRACE 9052 2723 P 31 29be3119b
SCHED-TRACE 9053 2723 R 31 29be3119b
SCHED-TRACE 9054 2724 U 4 13a6db
SCHED-TRACE 9055 2724 V 4 13a702
SCHED-TRACE 9056 2724 O 0 0
SCHED-TRACE 9057 2724 P 31 29bf648e7
SCHED-TRACE 9058 2725 K 32 29bf3b22d
SCHED-TRACE 9059 2725 P 31 29c09e699
SCHED-TRACE 9060 2726 P 31 29c132e47
SCHED-TRACE 9061 2726 I 32 13ab78
SCHED-TRACE 9062 2726 B 32 b3
SCHED-TRACE 9063 2726 P 32 29c8953f8
SCHED-TRACE 9064 2726 R 32 29c8953f8
SCHED-TRACE 9065 2727 U 4 13abf0
SCHED-TRACE 9066 2727 V 4 13ac17
SCHED-TRACE 9067 2727 O 0 0
SCHED-TRACE 9068 2727 P 32 29c9c9fbe
SCHED-TRACE 9069 2728 K 31 29c132e47
SCHED-TRACE 9070 2728 P 32 29cb04189
SCHED-TRACE 9071 2729 P 32 29cb99581
SCHED-TRACE 9072 2729 I 31 13b08e
SCHED-TRACE 9073 2729 B 31 b2
SCHED-TRACE 9074 2729 P 31 29ca8dc5c
SCHED-TRACE 9075 2729 R 31 29ca8dc5c
SCHED-TRACE 9076 2730 U 4 13b107
SCHED-TRACE 9077 2730 V 4 13b12e
SCHED-TRACE 9078 2730 O 0 0
SCHED-TRACE 9079 2730 P 31 29cbc2822
SCHED-TRACE 9080 2731 K 32 29cb99581
SCHED-TRACE 9081 2731 P 31 29ccfc9ed
SCHED-TRACE 9082 2732 P 31 29cd91de5
SCHED-TRACE 9083 2732 I 32 13b5a4
SCHED-TRACE 9084 2732 B 32 b1
SCHED-TRACE 9085 2732 P 32 29d4f26e9
SCHED-TRACE 9086 2732 R 32 29d4f26e9
SCHED-TRACE 9087 2733 U 4 13b61c
SCHED-TRACE 9088 2733 V 4 13b644
SCHED-TRACE 9089 2733 O 0 0
SCHED-TRACE 9090 2733 P 32 29d626e97
SCHED-TRACE 9091 2734 K 31 29cd91de5
SCHED-TRACE 9092 2734 P 32 29d76147b
SCHED-TRACE 9093 2735 P 32 29d7f645a
SCHED-TRACE 9094 2735 I 31 13baba
SCHED-TRACE 9095 2735 B 31 b4
SCHED-TRACE 9096 2735 P 31 29d6ec3c8
SCHED-TRACE 9097 2735 R 31 29d6ec3c8
SCHED-TRACE 9098 2736 U 4 13bb32
SCHED-TRACE 9099 2736 V 4 13bb59
SCHED-TRACE 9100 2736 O 0 0
SCHED-TRACE 9101 2736 P 31 29d81f2e3
SCHED-TRACE 9102 2737 K 32 29d7f645a
SCHED-TRACE 9103 2737 P 31 29d958c7c
SCHED-TRACE 9104 2738 P 31 29d9ee074
SCHED-TRACE 9105 2738 I 32 13bfcf
SCHED-TRACE 9106 2738 B 32 b3
SCHED-TRACE 9107 2738 P 32 29e150e56
SCHED-TRACE 9108 2738 R 32 29e150e56
SCHED-TRACE 9109 2739 U 4 13c047
SCHED-TRACE 9110 2739 V 4 13c06f
SCHED-TRACE 9111 2739 O 0 0
SCHED-TRACE 9112 2739 P 32 29e28624e
SCHED-TRACE 9113 2740 K 31 29d9ee074
SCHED-TRACE 9114 2740 P 32 29e3c147b
SCHED-TRACE 9115 2741 P 32 29e456872
SCHED-TRACE 9116 2741 I 31 13c4e6
SCHED-TRACE 9117 2741 B 31 b4
SCHED-TRACE 9118 2741 P 31 29e348e89
SCHED-TRACE 9119 2741 R 31 29e348e89
SCHED-TRACE 9120 2742 U 4 13c55e
SCHED-TRACE 9121 2742 V 4 13c585
SCHED-TRACE 9122 2742 O 0 0
SCHED-TRACE 9123 2742 P 31 29e47c9ed
SCHED-TRACE 9124 2743 K 32 29e456872
SCHED-TRACE 9125 2743 P 31 29e5b6bb8
SCHED-TRACE 9126 2744 P 31 29e64b366
SCHED-TRACE 9127 2744 I 32 13c9fc
SCHED-TRACE 9128 2744 B 32 b2
SCHED-TRACE 9129 2744 P 32 29edb22d1
SCHED-TRACE 9130 2744 R 32 29edb22d1
SCHED-TRACE 9131 2745 U 4 13ca74
SCHED-TRACE 9132 2745 V 4 13ca9b
SCHED-TRACE 9133 2745 O 0 0
SCHED-TRACE 9134 2745 P 32 29eee3127
SCHED-TRACE 9135 2746 K 31 29e64b366
SCHED-TRACE 9136 2746 P 32 29f01be77
SCHED-TRACE 9137 2747 P 32 29f0b0625
SCHED-TRACE 9138 2747 I 31 13cf11
SCHED-TRACE 9139 2747 B 31 b2
SCHED-TRACE 9140 2747 P 31 29efa7a0e
SCHED-TRACE 9141 2747 R 31 29efa7a0e
SCHED-TRACE 9142 2748 U 4 13cf89
SCHED-TRACE 9143 2748 V 4 13cfb0
SCHED-TRACE 9144 2748 O 0 0
SCHED-TRACE 9145 2748 P 31 29f0da510
SCHED-TRACE 9146 2749 K 32 29f0b0625
SCHED-TRACE 9147 2749 P 31 29f215324
SCHED-TRACE 9148 2750 P 31 29f2aa304
SCHED-TRACE 9149 2750 I 32 13d426
SCHED-TRACE 9150 2750 B 32 b4
SCHED-TRACE 9151 2750 P 32 29fa0a7ef
SCHED-TRACE 9152 2750 R 32 29fa0a7ef
SCHED-TRACE 9153 2751 U 4 13d49f
SCHED-TRACE 9154 2751 V 4 13d4c6
SCHED-TRACE 9155 2751 O 0 0
SCHED-TRACE 9156 2751 P 32 29fb3eb85
SCHED-TRACE 9157 2752 K 31 29f2aa304
SCHED-TRACE 9158 2752 P 32 29fc79168
SCHED-TRACE 9159 2753 P 32 29fd0e147
SCHED-TRACE 9160 2753 I 31 13d93c
SCHED-TRACE 9161 2753 B 31 b4
SCHED-TRACE 9162 2753 P 31 29fc040b6
SCHED-TRACE 9163 2753 R 31 29fc040b6
SCHED-TRACE 9164 2754 U 4 13d9b5
SCHED-TRACE 9165 2754 V 4 13d9dc
SCHED-TRACE 9166 2754 O 0 0
SCHED-TRACE 9167 2754 P 31 29fd38c7c
SCHED-TRACE 9168 2755 K 32 29fd0e147
SCHED-TRACE 9169 2755 P 31 29fe73260
SCHED-TRACE 9170 2756 P 31 29ff07a0e
SCHED-TRACE 9171 2756 I 32 13de53
SCHED-TRACE 9172 2756 B 32 b3
SCHED-TRACE 9173 2756 P 32 2a066a7ef
SCHED-TRACE 9174 2756 R 32 2a066a7ef
SCHED-TRACE 9175 2757 U 4 13decb
SCHED-TRACE 9176 2757 V 4 13def2
SCHED-TRACE 9177 2757 O 0 0
SCHED-TRACE 9178 2757 P 32 2a079df3b
SCHED-TRACE 9179 2758 K 31 29ff07a0e
SCHED-TRACE 9180 2758 P 32 2a08d7ced
SCHED-TRACE 9181 2759 P 32 2a096cccd
SCHED-TRACE 9182 2759 I 31 13e369
SCHED-TRACE 9183 2759 B 31 b2
SCHED-TRACE 9184 2759 P 31 2a0863053
SCHED-TRACE 9185 2759 R 31 2a0863053
SCHED-TRACE 9186 2760 U 4 13e3e0
SCHED-TRACE 9187 2760 V 4 13e406
SCHED-TRACE 9188 2760 O 0 0
SCHED-TRACE 9189 2760 P 31 2a0994f0c
SCHED-TRACE 9190 2761 K 32 2a096cccd
SCHED-TRACE 9191 2761 P 31 2a0acf908
SCHED-TRACE 9192 2762 P 31 2a0b644ce
SCHED-TRACE 9193 2762 I 32 13e87d
SCHED-TRACE 9194 2762 B 32 b5
SCHED-TRACE 9195 2762 P 32 2a12c7ae1
SCHED-TRACE 9196 2762 R 32 2a12c7ae1
SCHED-TRACE 9197 2763 U 4 13e8f5
SCHED-TRACE 9198 2763 V 4 13e91d
SCHED-TRACE 9199 2763 O 0 0
SCHED-TRACE 9200 2763 P 32 2a13fc28f
SCHED-TRACE 9201 2764 K 31 2a0b644ce
SCHED-TRACE 9202 2764 P 32 2a15370a4
SCHED-TRACE 9203 2765 P 32 2a15cc8b4
SCHED-TRACE 9204 2765 I 31 13ed93
SCHED-TRACE 9205 2765 B 31 b4
SCHED-TRACE 9206 2765 P 31 2a14bce06
SCHED-TRACE 9207 2765 R 31 2a14bce06
SCHED-TRACE 9208 2766 U 4 13ee0c
SCHED-TRACE 9209 2766 V 4 13ee33
SCHED-TRACE 9210 2766 O 0 0
SCHED-TRACE 9211 2766 P 31 2a15f3260
SCHED-TRACE 9212 2767 K 32 2a15cc8b4
SCHED-TRACE 9213 2767 P 31 2a172d42a
SCHED-TRACE 9214 2768 P 31 2a17c1ff1
SCHED-TRACE 9215 2768 I 32 13f2aa
SCHED-TRACE 9216 2768 B 32 b4
SCHED-TRACE 9217 2768 P 32 2a1f276c8
SCHED-TRACE 9218 2768 R 32 2a1f276c8
SCHED-TRACE 9219 2769 U 4 13f321
SCHED-TRACE 9220 2769 V 4 13f348
SCHED-TRACE 9221 2769 O 0 0
SCHED-TRACE 9222 2769 P 32 2a205851e
SCHED-TRACE 9223 2770 K 31 2a17c1ff1
SCHED-TRACE 9224 2770 P 32 2a2191a9f
SCHED-TRACE 9225 2771 P 32 2a22272b0
SCHED-TRACE 9226 2771 I 31 13f7be
SCHED-TRACE 9227 2771 B 31 b4
SCHED-TRACE 9228 2771 P 31 2a211d637
SCHED-TRACE 9229 2771 R 31 2a211d637
SCHED-TRACE 9230 2772 U 4 13f837
SCHED-TRACE 9231 2772 V 4 13f85e
SCHED-TRACE 9232 2772 O 0 0
SCHED-TRACE 9233 2772 P 31 2a2253260
SCHED-TRACE 9234 2773 K 32 2a22272b0
SCHED-TRACE 9235 2773 P 31 2a238d843
SCHED-TRACE 9236 2774 P 31 2a2422822
SCHED-TRACE 9237 2774 I 32 13fcd5
SCHED-TRACE 9238 2774 B 32 b2
SCHED-TRACE 9239 2774 P 32 2a2b820c4
SCHED-TRACE 9240 2774 R 32 2a2b820c4
SCHED-TRACE 9241 2775 U 4 13fd4e
SCHED-TRACE 9242 2775 V 4 13fd75
SCHED-TRACE 9243 2775 O 0 0
SCHED-TRACE 9244 2775 P 32 2a2cb6872
SCHED-TRACE 9245 2776 K 31 2a2422822
SCHED-TRACE 9246 2776 P 32 2a2df1eb8
SCHED-TRACE 9247 2777 P 32 2a2e86e97
SCHED-TRACE 9248 2777 I 31 1401eb
SCHED-TRACE 9249 2777 B 31 b5
SCHED-TRACE 9250 2777 P 31 2a2d7b15a
SCHED-TRACE 9251 2777 R 31 2a2d7b15a
SCHED-TRACE 9252 2778 U 4 140264
SCHED-TRACE 9253 2778 V 4 14028a
SCHED-TRACE 9254 2778 O 0 0
SCHED-TRACE 9255 2778 P 31 2a2eaab35
SCHED-TRACE 9256 2779 K 32 2a2e86e97
SCHED-TRACE 9257 2779 P 31 2a2fe3053
SCHED-TRACE 9258 2780 P 31 2a3076fd0
SCHED-TRACE 9259 2780 I 32 1406ff
SCHED-TRACE 9260 2780 B 32 b3
SCHED-TRACE 9261 2780 P 32 2a37e3958
SCHED-TRACE 9262 2780 R 32 2a37e3958
SCHED-TRACE 9263 2781 U 4 140777
SCHED-TRACE 9264 2781 V 4 14079e
SCHED-TRACE 9265 2781 O 0 0
SCHED-TRACE 9266 2781 P 32 2a3916872
SCHED-TRACE 9267 2782 K 31 2a3076fd0
SCHED-TRACE 9268 2782 P 32 2a3a51a9f
SCHED-TRACE 9269 2783 P 32 2a3ae6e97
SCHED-TRACE 9270 2783 I 31 140c14
SCHED-TRACE 9271 2783 B 31 b4
SCHED-TRACE 9272 2783 P 31 2a39d0139
SCHED-TRACE 9273 2783 R 31 2a39d0139
SCHED-TRACE 9274 2784 U 4 140c8d
SCHED-TRACE 9275 2784 V 4 140cb4
SCHED-TRACE 9276 2784 O 0 0
SCHED-TRACE 9277 2784 P 31 2a3b05118
SCHED-TRACE 9278 2785 K 32 2a3ae6e97
SCHED-TRACE 9279 2785 P 31 2a3c3f2e3
SCHED-TRACE 9280 2786 P 31 2a3cd42c2
SCHED-TRACE 9281 2786 I 32 14112b
SCHED-TRACE 9282 2786 B 32 b3
SCHED-TRACE 9283 2786 P 32 2a44420c4
SCHED-TRACE 9284 2786 R 32 2a44420c4
SCHED-TRACE 9285 2787 U 4 1411a3
SCHED-TRACE 9286 2787 V 4 1411cb
SCHED-TRACE 9287 2787 O 0 0
SCHED-TRACE 9288 2787 P 32 2a4576872
SCHED-TRACE 9289 2788 K 31 2a3cd42c2
SCHED-TRACE 9290 2788 P 32 2a46b020c
SCHED-TRACE 9291 2789 P 32 2a47449ba
SCHED-TRACE 9292 2789 I 31 141642
SCHED-TRACE 9293 2789 B 31 b1
SCHED-TRACE 9294 2789 P 31 2a463096a
SCHED-TRACE 9295 2789 R 31 2a463096a
SCHED-TRACE 9296 2790 U 4 1416ba
SCHED-TRACE 9297 2790 V 4 1416e1
SCHED-TRACE 9298 2790 O 0 0
SCHED-TRACE 9299 2790 P 31 2a47640b6
SCHED-TRACE 9300 2791 K 32 2a47449ba
SCHED-TRACE 9301 2791 P 31 2a489e699
SCHED-TRACE 9302 2792 P 31 2a4933260
SCHED-TRACE 9303 2792 I 32 141b57
SCHED-TRACE 9304 2792 B 32 b4
SCHED-TRACE 9305 2792 P 32 2a509eb85
SCHED-TRACE 9306 2792 R 32 2a509eb85
SCHED-TRACE 9307 2793 U 4 141bcf
SCHED-TRACE 9308 2793 V 4 141bf6
SCHED-TRACE 9309 2793 O 0 0
SCHED-TRACE 9310 2793 P 32 2a51d1eb8
SCHED-TRACE 9311 2794 K 31 2a4933260
SCHED-TRACE 9312 2794 P 32 2a530c49b
SCHED-TRACE 9313 2795 P 32 2a53a1893
SCHED-TRACE 9314 2795 I 31 14206c
SCHED-TRACE 9315 2795 B 31 b3
SCHED-TRACE 9316 2795 P 31 2a528c3c8
SCHED-TRACE 9317 2795 R 31 2a528c3c8
SCHED-TRACE 9318 2796 U 4 1420e5
SCHED-TRACE 9319 2796 V 4 14210c
SCHED-TRACE 9320 2796 O 0 0
SCHED-TRACE 9321 2796 P 31 2a53c1bd9
SCHED-TRACE 9322 2797 K 32 2a53a1893
SCHED-TRACE 9323 2797 P 31 2a54fc5d4
SCHED-TRACE 9324 2798 P 31 2a55919cc
SCHED-TRACE 9325 2798 I 32 142583
SCHED-TRACE 9326 2798 B 32 b3
SCHED-TRACE 9327 2798 P 32 2a5cfba5e
SCHED-TRACE 9328 2798 R 32 2a5cfba5e
SCHED-TRACE 9329 2799 U 4 1425fc
SCHED-TRACE 9330 2799 V 4 142623
SCHED-TRACE 9331 2799 O 0 0
SCHED-TRACE 9332 2799 P 32 2a5e31687
SCHED-TRACE 9333 2800 K 31 2a55919cc
SCHED-TRACE 9334 2800 P 32 2a5f6b852
SCHED-TRACE 9335 2801 P 32 2a6000831
SCHED-TRACE 9336 2801 I 31 142a9a
SCHED-TRACE 9337 2801 B 31 b3
SCHED-TRACE 9338 2801 P 31 2a5eed42a
SCHED-TRACE 9339 2801 R 31 2a5eed42a
SCHED-TRACE 9340 2802 U 4 142b12
SCHED-TRACE 9341 2802 V 4 142b39
SCHED-TRACE 9342 2802 O 0 0
SCHED-TRACE 9343 2802 P 31 2a601ff2c
SCHED-TRACE 9344 2803 K 32 2a6000831
SCHED-TRACE 9345 2803 P 31 2a61594ae
SCHED-TRACE 9346 2804 P 31 2a61ee8a5
SCHED-TRACE 9347 2804 I 32 142faf
SCHED-TRACE 9348 2804 B 32 b1
SCHED-TRACE 9349 2804 P 32 2a695b645
SCHED-TRACE 9350 2804 R 32 2a695b645
SCHED-TRACE 9351 2805 U 4 143027
SCHED-TRACE 9352 2805 V 4 14304f
SCHED-TRACE 9353 2805 O 0 0
SCHED-TRACE 9354 2805 P 32 2a6a9126e
SCHED-TRACE 9355 2806 K 31 2a61ee8a5
SCHED-TRACE 9356 2806 P 32 2a6bcc49b
SCHED-TRACE 9357 2807 P 32 2a6c61cac
SCHED-TRACE 9358 2807 I 31 1434c6
SCHED-TRACE 9359 2807 B 31 b4
SCHED-TRACE 9360 2807 P 31 2a6b496ba
SCHED-TRACE 9361 2807 R 31 2a6b496ba
SCHED-TRACE 9362 2808 U 4 14353f
SCHED-TRACE 9363 2808 V 4 143566
SCHED-TRACE 9364 2808 O 0 0
SCHED-TRACE 9365 2808 P 31 2a6c7eeca
SCHED-TRACE 9366 2809 K 32 2a6c61cac
SCHED-TRACE 9367 2809 P 31 2a6db9cdf
SCHED-TRACE 9368 2810 P 31 2a6e4e8a5
SCHED-TRACE 9369 2810 I 32 1439dd
SCHED-TRACE 9370 2810 B 32 b3
SCHED-TRACE 9371 2810 P 32 2a75bc28f
SCHED-TRACE 9372 2810 R 32 2a75bc28f
SCHED-TRACE 9373 2811 U 4 143a55
SCHED-TRACE 9374 2811 V 4 143a7c
SCHED-TRACE 9375 2811 O 0 0
SCHED-TRACE 9376 2811 P 32 2a76ef1aa
SCHED-TRACE 9377 2812 K 31 2a6e4e8a5
SCHED-TRACE 9378 2812 P 32 2a782978d
SCHED-TRACE 9379 2813 P 32 2a78be354
SCHED-TRACE 9380 2813 I 31 143ef3
SCHED-TRACE 9381 2813 B 31 b4
SCHED-TRACE 9382 2813 P 31 2a77aa304
SCHED-TRACE 9383 2813 R 31 2a77aa304
SCHED-TRACE 9384 2814 U 4 143f6c
SCHED-TRACE 9385 2814 V 4 143f93
SCHED-TRACE 9386 2814 O 0 0
SCHED-TRACE 9387 2814 P 31 2a78df6fb
SCHED-TRACE 9388 2815 K 32 2a78be354
SCHED-TRACE 9389 2815 P 31 2a7a1ad41
SCHED-TRACE 9390 2816 P 31 2a7ab0139
SCHED-TRACE 9391 2816 I 32 14440a
SCHED-TRACE 9392 2816 B 32 b3
SCHED-TRACE 9393 2816 P 32 2a8218d50
SCHED-TRACE 9394 2816 R 32 2a8218d50
SCHED-TRACE 9395 2817 U 4 144482
SCHED-TRACE 9396 2817 V 4 1444a9
SCHED-TRACE 9397 2817 O 0 0
SCHED-TRACE 9398 2817 P 32 2a834c083
SCHED-TRACE 9399 2818 K 31 2a7ab0139
SCHED-TRACE 9400 2818 P 32 2a8485e35
SCHED-TRACE 9401 2819 P 32 2a851ae14
SCHED-TRACE 9402 2819 I 31 144920
SCHED-TRACE 9403 2819 B 31 b2
SCHED-TRACE 9404 2819 P 31 2a840bb97
SCHED-TRACE 9405 2819 R 31 2a840bb97
SCHED-TRACE 9406 2820 U 4 144998
SCHED-TRACE 9407 2820 V 4 1449bf
SCHED-TRACE 9408 2820 O 0 0
SCHED-TRACE 9409 2820 P 31 2a853f6fb
SCHED-TRACE 9410 2821 K 32 2a851ae14
SCHED-TRACE 9411 2821 P 31 2a86798c6
SCHED-TRACE 9412 2822 P 31 2a870e074
SCHED-TRACE 9413 2822 I 32 144e36
SCHED-TRACE 9414 2822 B 32 b4
SCHED-TRACE 9415 2822 P 32 2a8e770a4
SCHED-TRACE 9416 2822 R 32 2a8e770a4
SCHED-TRACE 9417 2823 U 4 144eae
SCHED-TRACE 9418 2823 V 4 144ed5
SCHED-TRACE 9419 2823 O 0 0
SCHED-TRACE 9420 2823 P 32 2a8fa9fbe
SCHED-TRACE 9421 2824 K 31 2a870e074
SCHED-TRACE 9422 2824 P 32 2a90e3d70
SCHED-TRACE 9423 2825 P 32 2a9178937
SCHED-TRACE 9424 2825 I 31 14534c
SCHED-TRACE 9425 2825 B 31 b3
SCHED-TRACE 9426 2825 P 31 2a9069eeb
SCHED-TRACE 9427 2825 R 31 2a9069eeb
SCHED-TRACE 9428 2826 U 4 1453c3
SCHED-TRACE 9429 2826 V 4 1453ea
SCHED-TRACE 9430 2826 O 0 0
SCHED-TRACE 9431 2826 P 31 2a919ad41
SCHED-TRACE 9432 2827 K 32 2a9178937
SCHED-TRACE 9433 2827 P 31 2a92d5324
SCHED-TRACE 9434 2828 P 31 2a936a304
SCHED-TRACE 9435 2828 I 32 145860
SCHED-TRACE 9436 2828 B 32 b4
SCHED-TRACE 9437 2828 P 32 2a9ad3b64
SCHED-TRACE 9438 2828 R 32 2a9ad3b64
SCHED-TRACE 9439 2829 U 4 1458d9
SCHED-TRACE 9440 2829 V 4 145900
SCHED-TRACE 9441 2829 O 0 0
SCHED-TRACE 9442 2829 P 32 2a9c07efa
SCHED-TRACE 9443 2830 K 31 2a936a304
SCHED-TRACE 9444 2830 P 32 2a9d41cac
SCHED-TRACE 9445 2831 P 32 2a9dd6c8b
SCHED-TRACE 9446 2831 I 31 145d76
SCHED-TRACE 9447 2831 B 31 b1
SCHED-TRACE 9448 2831 P 31 2a9cc3885
SCHED-TRACE 9449 2831 R 31 2a9cc3885
SCHED-TRACE 9450 2832 U 4 145dee
SCHED-TRACE 9451 2832 V 4 145e16
SCHED-TRACE 9452 2832 O 0 0
SCHED-TRACE 9453 2832 P 31 2a9df98c6
SCHED-TRACE 9454 2833 K 32 2a9dd6c8b
SCHED-TRACE 9455 2833 P 31 2a9f33678
SCHED-TRACE 9456 2834 P 31 2a9fc823f
SCHED-TRACE 9457 2834 I 32 14628c
SCHED-TRACE 9458 2834 B 32 b2
SCHED-TRACE 9459 2834 P 32 2aa730625
SCHED-TRACE 9460 2834 R 32 2aa730625
SCHED-TRACE 9461 2835 U 4 146303
SCHED-TRACE 9462 2835 V 4 146329
SCHED-TRACE 9463 2835 O 0 0
SCHED-TRACE 9464 2835 P 32 2aa85fbe7
SCHED-TRACE 9465 2836 K 31 2a9fc823f
SCHED-TRACE 9466 2836 P 32 2aa998937
SCHED-TRACE 9467 2837 P 32 2aaa2dd2f
SCHED-TRACE 9468 2837 I 31 14679e
SCHED-TRACE 9469 2837 B 31 b4
SCHED-TRACE 9470 2837 P 31 2aa92240a
SCHED-TRACE 9471 2837 R 31 2aa92240a
SCHED-TRACE 9472 2838 U 4 146816
SCHED-TRACE 9473 2838 V 4 14683e
SCHED-TRACE 9474 2838 O 0 0
SCHED-TRACE 9475 2838 P 31 2aaa58864
SCHED-TRACE 9476 2839 K 32 2aaa2dd2f
SCHED-TRACE 9477 2839 P 31 2aab92e47
SCHED-TRACE 9478 2840 P 31 2aac27e26
SCHED-TRACE 9479 2840 I 32 146cb4
SCHED-TRACE 9480 2840 B 32 b3
SCHED-TRACE 9481 2840 P 32 2ab386a7f
SCHED-TRACE 9482 2840 R 32 2ab386a7f
SCHED-TRACE 9483 2841 U 4 146d2c
SCHED-TRACE 9484 2841 V 4 146d54
SCHED-TRACE 9485 2841 O 0 0
SCHED-TRACE 9486 2841 P 32 2ab4bb22d
SCHED-TRACE 9487 2842 K 31 2aac27e26
SCHED-TRACE 9488 2842 P 32 2ab5f6041
SCHED-TRACE 9489 2843 P 32 2ab68b852
SCHED-TRACE 9490 2843 I 31 1471ca
SCHED-TRACE 9491 2843 B 31 b4
SCHED-TRACE 9492 2843 P 31 2ab5813a7
SCHED-TRACE 9493 2843 R 31 2ab5813a7
SCHED-TRACE 9494 2844 U 4 147243
SCHED-TRACE 9495 2844 V 4 147269
SCHED-TRACE 9496 2844 O 0 0
SCHED-TRACE 9497 2844 P 31 2ab6b2e47
SCHED-TRACE 9498 2845 K 32 2ab68b852
SCHED-TRACE 9499 2845 P 31 2ab7eab35
SCHED-TRACE 9500 2846 P 31 2ab87eeca
SCHED-TRACE 9501 2846 I 32 1476df
SCHED-TRACE 9502 2846 B 32 ae
SCHED-TRACE 9503 2846 P 32 2abfe7ae1
SCHED-TRACE 9504 2846 R 32 2abfe7ae1
SCHED-TRACE 9505 2847 U 4 147757
SCHED-TRACE 9506 2847 V 4 14777d
SCHED-TRACE 9507 2847 O 0 0
SCHED-TRACE 9508 2847 P 32 2ac119db2
SCHED-TRACE 9509 2848 K 31 2ab87eeca
SCHED-TRACE 9510 2848 P 32 2ac254395
SCHED-TRACE 9511 2849 P 32 2ac2e978d
SCHED-TRACE 9512 2849 I 31 147bf4
SCHED-TRACE 9513 2849 B 31 b2
SCHED-TRACE 9514 2849 P 31 2ac1d9cdf
SCHED-TRACE 9515 2849 R 31 2ac1d9cdf
SCHED-TRACE 9516 2850 U 4 147c6d
SCHED-TRACE 9517 2850 V 4 147c94
SCHED-TRACE 9518 2850 O 0 0
SCHED-TRACE 9519 2850 P 31 2ac30e8a5
SCHED-TRACE 9520 2851 K 32 2ac2e978d
SCHED-TRACE 9521 2851 P 31 2ac4496ba
SCHED-TRACE 9522 2852 P 31 2ac4de699
SCHED-TRACE 9523 2852 I 32 14810b
SCHED-TRACE 9524 2852 B 32 b4
SCHED-TRACE 9525 2852 P 32 2acc44dd3
SCHED-TRACE 9526 2852 R 32 2acc44dd3
SCHED-TRACE 9527 2853 U 4 148184
SCHED-TRACE 9528 2853 V 4 1481ab
SCHED-TRACE 9529 2853 O 0 0
SCHED-TRACE 9530 2853 P 32 2acd7a5e3
SCHED-TRACE 9531 2854 K 31 2ac4de699
SCHED-TRACE 9532 2854 P 32 2aceb5c29
SCHED-TRACE 9533 2855 P 32 2acf49ba6
SCHED-TRACE 9534 2855 I 31 148622
SCHED-TRACE 9535 2855 B 31 b3
SCHED-TRACE 9536 2855 P 31 2ace38c7c
SCHED-TRACE 9537 2855 R 31 2ace38c7c
SCHED-TRACE 9538 2856 U 4 14869b
SCHED-TRACE 9539 2856 V 4 1486c1
SCHED-TRACE 9540 2856 O 0 0
SCHED-TRACE 9541 2856 P 31 2acf6bb97
SCHED-TRACE 9542 2857 K 32 2acf49ba6
SCHED-TRACE 9543 2857 P 31 2ad0a5d62
SCHED-TRACE 9544 2858 P 31 2ad13a928
SCHED-TRACE 9545 2858 I 32 148b38
SCHED-TRACE 9546 2858 B 32 b4
SCHED-TRACE 9547 2858 P 32 2ad8a5a1c
SCHED-TRACE 9548 2858 R 32 2ad8a5a1c
SCHED-TRACE 9549 2859 U 4 148bb0
SCHED-TRACE 9550 2859 V 4 148bd6
SCHED-TRACE 9551 2859 O 0 0
SCHED-TRACE 9552 2859 P 32 2ad9d78d5
SCHED-TRACE 9553 2860 K 31 2ad13a928
SCHED-TRACE 9554 2860 P 32 2adb11687
SCHED-TRACE 9555 2861 P 32 2adba6a7f
SCHED-TRACE 9556 2861 I 31 14904d
SCHED-TRACE 9557 2861 B 31 b0
SCHED-TRACE 9558 2861 P 31 2ada94af3
SCHED-TRACE 9559 2861 R 31 2ada94af3
SCHED-TRACE 9560 2862 U 4 1490c5
SCHED-TRACE 9561 2862 V 4 1490ec
SCHED-TRACE 9562 2862 O 0 0
SCHED-TRACE 9563 2862 P 31 2adbc92a1
SCHED-TRACE 9564 2863 K 32 2adba6a7f
SCHED-TRACE 9565 2863 P 31 2add040b6
SCHED-TRACE 9566 2864 P 31 2add99095
SCHED-TRACE 9567 2864 I 32 149563
SCHED-TRACE 9568 2864 B 32 b4
SCHED-TRACE 9569 2864 P 32 2ae500c49
SCHED-TRACE 9570 2864 R 32 2ae500c49
SCHED-TRACE 9571 2865 U 4 1495dc
SCHED-TRACE 9572 2865 V 4 149603
SCHED-TRACE 9573 2865 O 0 0
SCHED-TRACE 9574 2865 P 32 2ae6353f8
SCHED-TRACE 9575 2866 K 31 2add99095
SCHED-TRACE 9576 2866 P 32 2ae76fdf3
SCHED-TRACE 9577 2867 P 32 2ae804dd3
SCHED-TRACE 9578 2867 I 31 149a79
SCHED-TRACE 9579 2867 B 31 b5
SCHED-TRACE 9580 2867 P 31 2ae6f2616
SCHED-TRACE 9581 2867 R 31 2ae6f2616
SCHED-TRACE 9582 2868 U 4 149af1
SCHED-TRACE 9583 2868 V 4 149b18
SCHED-TRACE 9584 2868 O 0 0
SCHED-TRACE 9585 2868 P 31 2ae825949
SCHED-TRACE 9586 2869 K 32 2ae804dd3
SCHED-TRACE 9587 2869 P 31 2ae95f2e3
SCHED-TRACE 9588 2870 P 31 2ae9f46db
SCHED-TRACE 9589 2870 I 32 149f8e
SCHED-TRACE 9590 2870 B 32 b3
SCHED-TRACE 9591 2870 P 32 2af15f3b6
SCHED-TRACE 9592 2870 R 32 2af15f3b6
SCHED-TRACE 9593 2871 U 4 14a006
SCHED-TRACE 9594 2871 V 4 14a02e
SCHED-TRACE 9595 2871 O 0 0
SCHED-TRACE 9596 2871 P 32 2af2953f8
SCHED-TRACE 9597 2872 K 31 2ae9f46db
SCHED-TRACE 9598 2872 P 32 2af3d0625
SCHED-TRACE 9599 2873 P 32 2af465e35
SCHED-TRACE 9600 2873 I 31 14a4a5
SCHED-TRACE 9601 2873 B 31 b4
SCHED-TRACE 9602 2873 P 31 2af34e074
SCHED-TRACE 9603 2873 R 31 2af34e074
SCHED-TRACE 9604 2874 U 4 14a51e
SCHED-TRACE 9605 2874 V 4 14a545
SCHED-TRACE 9606 2874 O 0 0
SCHED-TRACE 9607 2874 P 31 2af483053
SCHED-TRACE 9608 2875 K 32 2af465e35
SCHED-TRACE 9609 2875 P 31 2af5bc9ed
SCHED-TRACE 9610 2876 P 31 2af6519cc
SCHED-TRACE 9611 2876 I 32 14a9bc
SCHED-TRACE 9612 2876 B 32 b0
SCHED-TRACE 9613 2876 P 32 2afdc147b
SCHED-TRACE 9614 2876 R 32 2afdc147b
SCHED-TRACE 9615 2877 U 4 14aa34
SCHED-TRACE 9616 2877 V 4 14aa5b
SCHED-TRACE 9617 2877 O 0 0
SCHED-TRACE 9618 2877 P 32 2afef4fdf
SCHED-TRACE 9619 2878 K 31 2af6519cc
SCHED-TRACE 9620 2878 P 32 2b002ed91
SCHED-TRACE 9621 2879 P 32 2b00c3d70
SCHED-TRACE 9622 2879 I 31 14aed1
SCHED-TRACE 9623 2879 B 31 b4
SCHED-TRACE 9624 2879 P 31 2affab366
SCHED-TRACE 9625 2879 R 31 2affab366
SCHED-TRACE 9626 2880 U 4 14af4a
SCHED-TRACE 9627 2880 V 4 14af71
SCHED-TRACE 9628 2880 O 0 0
SCHED-TRACE 9629 2880 P 31 2b00dff2c
SCHED-TRACE 9630 2881 K 32 2b00c3d70
SCHED-TRACE 9631 2881 P 31 2b021a928
SCHED-TRACE 9632 2882 P 31 2b02afd20
SCHED-TRACE 9633 2882 I 32 14b3e7
SCHED-TRACE 9634 2882 B 32 b3
SCHED-TRACE 9635 2882 P 32 2b0a1d70a
SCHED-TRACE 9636 2882 R 32 2b0a1d70a
SCHED-TRACE 9637 2883 U 4 14b45f
SCHED-TRACE 9638 2883 V 4 14b487
SCHED-TRACE 9639 2883 O 0 0
SCHED-TRACE 9640 2883 P 32 2b0b52b02
SCHED-TRACE 9641 2884 K 31 2b02afd20
SCHED-TRACE 9642 2884 P 32 2b0c8d4fe
SCHED-TRACE 9643 2885 P 32 2b0d228f6
SCHED-TRACE 9644 2885 I 31 14b8fd
SCHED-TRACE 9645 2885 B 31 b4
SCHED-TRACE 9646 2885 P 31 2b0c096ba
SCHED-TRACE 9647 2885 R 31 2b0c096ba
SCHED-TRACE 9648 2886 U 4 14b976
SCHED-TRACE 9649 2886 V 4 14b99d
SCHED-TRACE 9650 2886 O 0 0
SCHED-TRACE 9651 2886 P 31 2b0d3eeca
SCHED-TRACE 9652 2887 K 32 2b0d228f6
SCHED-TRACE 9653 2887 P 31 2b0e7a928
SCHED-TRACE 9654 2888 P 31 2b0f0f4ef
SCHED-TRACE 9655 2888 I 32 14be14
SCHED-TRACE 9656 2888 B 32 b4
SCHED-TRACE 9657 2888 P 32 2b167c28f
SCHED-TRACE 9658 2888 R 32 2b167c28f
SCHED-TRACE 9659 2889 U 4 14be8d
SCHED-TRACE 9660 2889 V 4 14beb4
SCHED-TRACE 9661 2889 O 0 0
SCHED-TRACE 9662 2889 P 32 2b17b0a3d
SCHED-TRACE 9663 2890 K 31 2b0f0f4ef
SCHED-TRACE 9664 2890 P 32 2b18ea7ef
SCHED-TRACE 9665 2891 P 32 2b197fbe7
SCHED-TRACE 9666 2891 I 31 14c32b
SCHED-TRACE 9667 2891 B 31 b0
SCHED-TRACE 9668 2891 P 31 2b18692a1
SCHED-TRACE 9669 2891 R 31 2b18692a1
SCHED-TRACE 9670 2892 U 4 14c3a1
SCHED-TRACE 9671 2892 V 4 14c3c7
SCHED-TRACE 9672 2892 O 0 0
SCHED-TRACE 9673 2892 P 31 2b1996bb8
SCHED-TRACE 9674 2893 K 32 2b197fbe7
SCHED-TRACE 9675 2893 P 31 2b1ad15b4
SCHED-TRACE 9676 2894 P 31 2b1b66593
SCHED-TRACE 9677 2894 I 32 14c83d
SCHED-TRACE 9678 2894 B 32 b4
SCHED-TRACE 9679 2894 P 32 2b22da9fc
SCHED-TRACE 9680 2894 R 32 2b22da9fc
SCHED-TRACE 9681 2895 U 4 14c8b6
SCHED-TRACE 9682 2895 V 4 14c8dd
SCHED-TRACE 9683 2895 O 0 0
SCHED-TRACE 9684 2895 P 32 2b240f1aa
SCHED-TRACE 9685 2896 K 31 2b1b66593
SCHED-TRACE 9686 2896 P 32 2b2549ba6
SCHED-TRACE 9687 2897 P 32 2b25deb85
SCHED-TRACE 9688 2897 I 31 14cd53
SCHED-TRACE 9689 2897 B 31 b4
SCHED-TRACE 9690 2897 P 31 2b24bf6fb
SCHED-TRACE 9691 2897 R 31 2b24bf6fb
SCHED-TRACE 9692 2898 U 4 14cdcc
SCHED-TRACE 9693 2898 V 4 14cdf3
SCHED-TRACE 9694 2898 O 0 0
SCHED-TRACE 9695 2898 P 31 2b25f46db
SCHED-TRACE 9696 2899 K 32 2b25deb85
SCHED-TRACE 9697 2899 P 31 2b272ecbe
SCHED-TRACE 9698 2900 P 31 2b27c3885
SCHED-TRACE 9699 2900 I 32 14d269
SCHED-TRACE 9700 2900 B 32 b3
SCHED-TRACE 9701 2900 P 32 2b2f37ced
SCHED-TRACE 9702 2900 R 32 2b2f37ced
SCHED-TRACE 9703 2901 U 4 14d2e0
SCHED-TRACE 9704 2901 V 4 14d307
SCHED-TRACE 9705 2901 O 0 0
SCHED-TRACE 9706 2901 P 32 2b3068f5c
SCHED-TRACE 9707 2902 K 31 2b27c3885
SCHED-TRACE 9708 2902 P 32 2b31a28f6
SCHED-TRACE 9709 2903 P 32 2b32370a4
SCHED-TRACE 9710 2903 I 31 14d77d
SCHED-TRACE 9711 2903 B 31 b5
SCHED-TRACE 9712 2903 P 31 2b311fb14
SCHED-TRACE 9713 2903 R 31 2b311fb14
SCHED-TRACE 9714 2904 U 4 14d7f6
SCHED-TRACE 9715 2904 V 4 14d81d
SCHED-TRACE 9716 2904 O 0 0
SCHED-TRACE 9717 2904 P 31 2b3256387
SCHED-TRACE 9718 2905 K 32 2b32370a4
SCHED-TRACE 9719 2905 P 31 2b338f908
SCHED-TRACE 9720 2906 P 31 2b34248e7
SCHED-TRACE 9721 2906 I 32 14dc94
SCHED-TRACE 9722 2906 B 32 ad
SCHED-TRACE 9723 2906 P 32 2b3b90e56
SCHED-TRACE 9724 2906 R 32 2b3b90e56
SCHED-TRACE 9725 2907 U 4 14dd0c
SCHED-TRACE 9726 2907 V 4 14dd33
SCHED-TRACE 9727 2907 O 0 0
SCHED-TRACE 9728 2907 P 32 2b3cc45a2
SCHED-TRACE 9729 2908 K 31 2b34248e7
SCHED-TRACE 9730 2908 P 32 2b3dfef9d
SCHED-TRACE 9731 2909 P 32 2b3e94bc6
SCHED-TRACE 9732 2909 I 31 14e1a9
SCHED-TRACE 9733 2909 B 31 b3
SCHED-TRACE 9734 2909 P 31 2b3d7c9ed
SCHED-TRACE 9735 2909 R 31 2b3d7c9ed
SCHED-TRACE 9736 2910 U 4 14e222
SCHED-TRACE 9737 2910 V 4 14e24a
SCHED-TRACE 9738 2910 O 0 0
SCHED-TRACE 9739 2910 P 31 2b3eb2a2f
SCHED-TRACE 9740 2911 K 32 2b3e94bc6
SCHED-TRACE 9741 2911 P 31 2b3feb77e
SCHED-TRACE 9742 2912 P 31 2b407f6fb
SCHED-TRACE 9743 2912 I 32 14e6bf
SCHED-TRACE 9744 2912 B 32 b3
SCHED-TRACE 9745 2912 P 32 2b47efdf3
SCHED-TRACE 9746 2912 R 32 2b47efdf3
SCHED-TRACE 9747 2913 U 4 14e737
SCHED-TRACE 9748 2913 V 4 14e75e
SCHED-TRACE 9749 2913 O 0 0
SCHED-TRACE 9750 2913 P 32 2b492353f
SCHED-TRACE 9751 2914 K 31 2b407f6fb
SCHED-TRACE 9752 2914 P 32 2b4a5d70a
SCHED-TRACE 9753 2915 P 32 2b4af2f1a
SCHED-TRACE 9754 2915 I 31 14ebd4
SCHED-TRACE 9755 2915 B 31 b4
SCHED-TRACE 9756 2915 P 31 2b49d8c7c
SCHED-TRACE 9757 2915 R 31 2b49d8c7c
SCHED-TRACE 9758 2916 U 4 14ec4c
SCHED-TRACE 9759 2916 V 4 14ec73
SCHED-TRACE 9760 2916 O 0 0
SCHED-TRACE 9761 2916 P 31 2b4b0e074
SCHED-TRACE 9762 2917 K 32 2b4af2f1a
SCHED-TRACE 9763 2917 P 31 2b4c48a70
SCHED-TRACE 9764 2918 P 31 2b4cdde68
SCHED-TRACE 9765 2918 I 32 14f0ea
SCHED-TRACE 9766 2918 B 32 b4
SCHED-TRACE 9767 2918 P 32 2b544c8b4
SCHED-TRACE 9768 2918 R 32 2b544c8b4
SCHED-TRACE 9769 2919 U 4 14f163
SCHED-TRACE 9770 2919 V 4 14f18a
SCHED-TRACE 9771 2919 O 0 0
SCHED-TRACE 9772 2919 P 32 2b5581cac
SCHED-TRACE 9773 2920 K 31 2b4cdde68
SCHED-TRACE 9774 2920 P 32 2b56bc28f
SCHED-TRACE 9775 2921 P 32 2b5750a3d
SCHED-TRACE 9776 2921 I 31 14f601
SCHED-TRACE 9777 2921 B 31 b0
SCHED-TRACE 9778 2921 P 31 2b5637c1a
SCHED-TRACE 9779 2921 R 31 2b5637c1a
SCHED-TRACE 9780 2922 U 4 14f67a
SCHED-TRACE 9781 2922 V 4 14f6a0
SCHED-TRACE 9782 2922 O 0 0
SCHED-TRACE 9783 2922 P 31 2b576bb97
SCHED-TRACE 9784 2923 K 32 2b5750a3d
SCHED-TRACE 9785 2923 P 31 2b58a6593
SCHED-TRACE 9786 2924 P 31 2b593b15a
SCHED-TRACE 9787 2924 I 32 14fb17
SCHED-TRACE 9788 2924 B 32 b4
SCHED-TRACE 9789 2924 P 32 2b60ab439
SCHED-TRACE 9790 2924 R 32 2b60ab439
SCHED-TRACE 9791 2925 U 4 14fb8f
SCHED-TRACE 9792 2925 V 4 14fbb6
SCHED-TRACE 9793 2925 O 0 0
SCHED-TRACE 9794 2925 P 32 2b61de354
SCHED-TRACE 9795 2926 K 31 2b593b15a
SCHED-TRACE 9796 2926 P 32 2b6319581
SCHED-TRACE 9797 2927 P 32 2b63ae979
SCHED-TRACE 9798 2927 I 31 15002d
SCHED-TRACE 9799 2927 B 31 b4
SCHED-TRACE 9800 2927 P 31 2b6296387
SCHED-TRACE 9801 2927 R 31 2b6296387
SCHED-TRACE 9802 2928 U 4 1500a6
SCHED-TRACE 9803 2928 V 4 1500ce
SCHED-TRACE 9804 2928 O 0 0
SCHED-TRACE 9805 2928 P 31 2b63cc3c8
SCHED-TRACE 9806 2929 K 32 2b63ae979
SCHED-TRACE 9807 2929 P 31 2b6507a0e
SCHED-TRACE 9808 2930 P 31 2b659ce06
SCHED-TRACE 9809 2930 I 32 150545
SCHED-TRACE 9810 2930 B 32 b4
SCHED-TRACE 9811 2930 P 32 2b6d08f5c
SCHED-TRACE 9812 2930 R 32 2b6d08f5c
SCHED-TRACE 9813 2931 U 4 1505bd
SCHED-TRACE 9814 2931 V 4 1505e5
SCHED-TRACE 9815 2931 O 0 0
SCHED-TRACE 9816 2931 P 32 2b6e3d70a
SCHED-TRACE 9817 2932 K 31 2b659ce06
SCHED-TRACE 9818 2932 P 32 2b6f77ced
SCHED-TRACE 9819 2933 P 32 2b700cccd
SCHED-TRACE 9820 2933 I 31 150a5b
SCHED-TRACE 9821 2933 B 31 b5
SCHED-TRACE 9822 2933 P 31 2b6ef6bb8
SCHED-TRACE 9823 2933 R 31 2b6ef6bb8
SCHED-TRACE 9824 2934 U 4 150ad3
SCHED-TRACE 9825 2934 V 4 150afa
SCHED-TRACE 9826 2934 O 0 0
SCHED-TRACE 9827 2934 P 31 2b7029eeb
SCHED-TRACE 9828 2935 K 32 2b700cccd
SCHED-TRACE 9829 2935 P 31 2b7162c3b
SCHED-TRACE 9830 2936 P 31 2b71f73e9
SCHED-TRACE 9831 2936 I 32 150f70
SCHED-TRACE 9832 2936 B 32 b0
SCHED-TRACE 9833 2936 P 32 2b7967ae1
SCHED-TRACE 9834 2936 R 32 2b7967ae1
SCHED-TRACE 9835 2937 U 4 150fe8
SCHED-TRACE 9836 2937 V 4 15100f
SCHED-TRACE 9837 2937 O 0 0
SCHED-TRACE 9838 2937 P 32 2b7a9b645
SCHED-TRACE 9839 2938 K 31 2b71f73e9
SCHED-TRACE 9840 2938 P 32 2b7bd6872
SCHED-TRACE 9841 2939 P 32 2b7c6c083
SCHED-TRACE 9842 2939 I 31 151486
SCHED-TRACE 9843 2939 B 31 b4
SCHED-TRACE 9844 2939 P 31 2b7b519cc
SCHED-TRACE 9845 2939 R 31 2b7b519cc
SCHED-TRACE 9846 2940 U 4 1514ff
SCHED-TRACE 9847 2940 V 4 151526
SCHED-TRACE 9848 2940 O 0 0
SCHED-TRACE 9849 2940 P 31 2b7c871dd
SCHED-TRACE 9850 2941 K 32 2b7c6c083
SCHED-TRACE 9851 2941 P 31 2b7dc1bd9
SCHED-TRACE 9852 2942 P 31 2b7e56fd0
SCHED-TRACE 9853 2942 I 32 15199d
SCHED-TRACE 9854 2942 B 32 b3
SCHED-TRACE 9855 2942 P 32 2b85c6666
SCHED-TRACE 9856 2942 R 32 2b85c6666
SCHED-TRACE 9857 2943 U 4 151a16
SCHED-TRACE 9858 2943 V 4 151a3e
SCHED-TRACE 9859 2943 O 0 0
SCHED-TRACE 9860 2943 P 32 2b86fd2f1
SCHED-TRACE 9861 2944 K 31 2b7e56fd0
SCHED-TRACE 9862 2944 P 32 2b88374bc
SCHED-TRACE 9863 2945 P 32 2b88cc49b
SCHED-TRACE 9864 2945 I 31 151eb4
SCHED-TRACE 9865 2945 B 31 b4
SCHED-TRACE 9866 2945 P 31 2b87b119b
SCHED-TRACE 9867 2945 R 31 2b87b119b
SCHED-TRACE 9868 2946 U 4 151f2d
SCHED-TRACE 9869 2946 V 4 151f54
SCHED-TRACE 9870 2946 O 0 0
SCHED-TRACE 9871 2946 P 31 2b88e6593
SCHED-TRACE 9872 2947 K 32 2b88cc49b
SCHED-TRACE 9873 2947 P 31 2b8a20b76
SCHED-TRACE 9874 2948 P 31 2b8ab6387
SCHED-TRACE 9875 2948 I 32 1523ca
SCHED-TRACE 9876 2948 B 32 b3
SCHED-TRACE 9877 2948 P 32 2b92251eb
SCHED-TRACE 9878 2948 R 32 2b92251eb
SCHED-TRACE 9879 2949 U 4 152442
SCHED-TRACE 9880 2949 V 4 152469
SCHED-TRACE 9881 2949 O 0 0
SCHED-TRACE 9882 2949 P 32 2b9359999
SCHED-TRACE 9883 2950 K 31 2b8ab6387
SCHED-TRACE 9884 2950 P 32 2b9493b64
SCHED-TRACE 9885 2951 P 32 2b9528f5c
SCHED-TRACE 9886 2951 I 31 1528e0
SCHED-TRACE 9887 2951 B 31 b1
SCHED-TRACE 9888 2951 P 31 2b94119cc
SCHED-TRACE 9889 2951 R 31 2b94119cc
SCHED-TRACE 9890 2952 U 4 152959
SCHED-TRACE 9891 2952 V 4 152980
SCHED-TRACE 9892 2952 O 0 0
SCHED-TRACE 9893 2952 P 31 2b9546dc4
SCHED-TRACE 9894 2953 K 32 2b9528f5c
SCHED-TRACE 9895 2953 P 31 2b968240a
SCHED-TRACE 9896 2954 P 31 2b9716fd0
SCHED-TRACE 9897 2954 I 32 152df7
SCHED-TRACE 9898 2954 B 32 b5
SCHED-TRACE 9899 2954 P 32 2b9e845a2
SCHED-TRACE 9900 2954 R 32 2b9e845a2
SCHED-TRACE 9901 2955 U 4 152e70
SCHED-TRACE 9902 2955 V 4 152e97
SCHED-TRACE 9903 2955 O 0 0
SCHED-TRACE 9904 2955 P 32 2b9fb8d50
SCHED-TRACE 9905 2956 K 31 2b9716fd0
SCHED-TRACE 9906 2956 P 32 2ba0f374c
SCHED-TRACE 9907 2957 P 32 2ba188b43
SCHED-TRACE 9908 2957 I 31 15330e
SCHED-TRACE 9909 2957 B 31 b4
SCHED-TRACE 9910 2957 P 31 2ba07119b
SCHED-TRACE 9911 2957 R 31 2ba07119b
SCHED-TRACE 9912 2958 U 4 153386
SCHED-TRACE 9913 2958 V 4 1533ad
SCHED-TRACE 9914 2958 O 0 0
SCHED-TRACE 9915 2958 P 31 2ba1a3c9d
SCHED-TRACE 9916 2959 K 32 2ba188b43
SCHED-TRACE 9917 2959 P 31 2ba2df2e3
SCHED-TRACE 9918 2960 P 31 2ba3746db
SCHED-TRACE 9919 2960 I 32 153823
SCHED-TRACE 9920 2960 B 32 b5
SCHED-TRACE 9921 2960 P 32 2baae2d0e
SCHED-TRACE 9922 2960 R 32 2baae2d0e
SCHED-TRACE 9923 2961 U 4 15389c
SCHED-TRACE 9924 2961 V 4 1538c4
SCHED-TRACE 9925 2961 O 0 0
SCHED-TRACE 9926 2961 P 32 2bac18d50
SCHED-TRACE 9927 2962 K 31 2ba3746db
SCHED-TRACE 9928 2962 P 32 2bad53b64
SCHED-TRACE 9929 2963 P 32 2bade9374
SCHED-TRACE 9930 2963 I 31 153d3b
SCHED-TRACE 9931 2963 B 31 b2
SCHED-TRACE 9932 2963 P 31 2bacce48d
SCHED-TRACE 9933 2963 R 31 2bacce48d
SCHED-TRACE 9934 2964 U 4 153db4
SCHED-TRACE 9935 2964 V 4 153ddc
SCHED-TRACE 9936 2964 O 0 0
SCHED-TRACE 9937 2964 P 31 2bae04cff
SCHED-TRACE 9938 2965 K 32 2bade9374
SCHED-TRACE 9939 2965 P 31 2baf3eeca
SCHED-TRACE 9940 2966 P 31 2bafd3ea9
SCHED-TRACE 9941 2966 I 32 154253
SCHED-TRACE 9942 2966 B 32 af
SCHED-TRACE 9943 2966 P 32 2bb744189
SCHED-TRACE 9944 2966 R 32 2bb744189
SCHED-TRACE 9945 2967 U 4 1542c8
SCHED-TRACE 9946 2967 V 4 1542ed
SCHED-TRACE 9947 2967 O 0 0
SCHED-TRACE 9948 2967 P 32 2bb86e560
SCHED-TRACE 9949 2968 K 31 2bafd3ea9
SCHED-TRACE 9950 2968 P 32 2bb9a5604
SCHED-TRACE 9951 2969 P 32 2bba38d50
SCHED-TRACE 9952 2969 I 31 154761
SCHED-TRACE 9953 2969 B 31 b4
SCHED-TRACE 9954 2969 P 31 2bb930d83
SCHED-TRACE 9955 2969 R 31 2bb930d83
SCHED-TRACE 9956 2970 U 4 1547d9
SCHED-TRACE 9957 2970 V 4 154800
SCHED-TRACE 9958 2970 O 0 0
SCHED-TRACE 9959 2970 P 31 2bba64cff
SCHED-TRACE 9960 2971 K 32 2bba38d50
SCHED-TRACE 9961 2971 P 31 2bbb9f2e3
SCHED-TRACE 9962 2972 P 31 2bbc33ea9
SCHED-TRACE 9963 2972 I 32 154c77
SCHED-TRACE 9964 2972 B 32 b3
SCHED-TRACE 9965 2972 P 32 2bc394395
SCHED-TRACE 9966 2972 R 32 2bc394395
SCHED-TRACE 9967 2973 U 4 154cef
SCHED-TRACE 9968 2973 V 4 154d16
SCHED-TRACE 9969 2973 O 0 0
SCHED-TRACE 9970 2973 P 32 2bc4c8312
SCHED-TRACE 9971 2974 K 31 2bbc33ea9
SCHED-TRACE 9972 2974 P 32 2bc602d0e
SCHED-TRACE 9973 2975 P 32 2bc698106
SCHED-TRACE 9974 2975 I 31 15518d
SCHED-TRACE 9975 2975 B 31 b4
SCHED-TRACE 9976 2975 P 31 2bc58e8a5
SCHED-TRACE 9977 2975 R 31 2bc58e8a5
SCHED-TRACE 9978 2976 U 4 155206
SCHED-TRACE 9979 2976 V 4 15522d
SCHED-TRACE 9980 2976 O 0 0
SCHED-TRACE 9981 2976 P 31 2bc6c5118
SCHED-TRACE 9982 2977 K 32 2bc698106
SCHED-TRACE 9983 2977 P 31 2bc7fde68
SCHED-TRACE 9984 2978 P 31 2bc8921fd
SCHED-TRACE 9985 2978 I 32 1556a3
SCHED-TRACE 9986 2978 B 32 b3
SCHED-TRACE 9987 2978 P 32 2bcff3333
SCHED-TRACE 9988 2978 R 32 2bcff3333
SCHED-TRACE 9989 2979 U 4 15571b
SCHED-TRACE 9990 2979 V 4 155742
SCHED-TRACE 9991 2979 O 0 0
SCHED-TRACE 9992 2979 P 32 2bd125e35
SCHED-TRACE 9993 2980 K 31 2bc8921fd
SCHED-TRACE 9994 2980 P 32 2bd260418
SCHED-TRACE 9995 2981 P 32 2bd2f5810
SCHED-TRACE 9996 2981 I 31 155bb8
SCHED-TRACE 9997 2981 B 31 b5
SCHED-TRACE 9998 2981 P 31 2bd1ec7e1
SCHED-TRACE 9999 2981 R 31 2bd1ec7e1
SCHED-TRACE 10000 2982 U 4 155c30
SCHED-TRACE 10001 2982 V 4 155c58
SCHED-TRACE 10002 2982 O 0 0
SCHED-TRACE 10003 2982 P 31 2bd321ff1
SCHED-TRACE 10004 2983 K 32 2bd2f5810
SCHED-TRACE 10005 2983 P 31 2bd45c9ed
SCHED-TRACE 10006 2984 P 31 2bd4f19cc
SCHED-TRACE 10007 2984 I 32 1560ce
SCHED-TRACE 10008 2984 B 32 b5
SCHED-TRACE 10009 2984 P 32 2bdc4f5c2
SCHED-TRACE 10010 2984 R 32 2bdc4f5c2
SCHED-TRACE 10011 2985 U 4 156147
SCHED-TRACE 10012 2985 V 4 15616e
SCHED-TRACE 10013 2985 O 0 0
SCHED-TRACE 10014 2985 P 32 2bdd849ba
SCHED-TRACE 10015 2986 K 31 2bd4f19cc
SCHED-TRACE 10016 2986 P 32 2bdebfbe7
SCHED-TRACE 10017 2987 P 32 2bdf53f7d
SCHED-TRACE 10018 2987 I 31 1565e5
SCHED-TRACE 10019 2987 B 31 b4
SCHED-TRACE 10020 2987 P 31 2bde4cbf9
SCHED-TRACE 10021 2987 R 31 2bde4cbf9
SCHED-TRACE 10022 2988 U 4 15665d
SCHED-TRACE 10023 2988 V 4 156684
SCHED-TRACE 10024 2988 O 0 0
SCHED-TRACE 10025 2988 P 31 2bdf80345
SCHED-TRACE 10026 2989 K 32 2bdf53f7d
SCHED-TRACE 10027 2989 P 31 2be0ba510
SCHED-TRACE 10028 2990 P 31 2be14f0d6
SCHED-TRACE 10029 2990 I 32 156afb
SCHED-TRACE 10030 2990 B 32 b5
SCHED-TRACE 10031 2990 P 32 2be8b0625
SCHED-TRACE 10032 2990 R 32 2be8b0625
SCHED-TRACE 10033 2991 U 4 156b73
SCHED-TRACE 10034 2991 V 4 156b9a
SCHED-TRACE 10035 2991 O 0 0
SCHED-TRACE 10036 2991 P 32 2be9e28f6
SCHED-TRACE 10037 2992 K 31 2be14f0d6
SCHED-TRACE 10038 2992 P 32 2beb1d70a
SCHED-TRACE 10039 2993 P 32 2bebb2b02
SCHED-TRACE 10040 2993 I 31 157010
SCHED-TRACE 10041 2993 B 31 b3
SCHED-TRACE 10042 2993 P 31 2beaa96ba
SCHED-TRACE 10043 2993 R 31 2beaa96ba
SCHED-TRACE 10044 2994 U 4 157089
SCHED-TRACE 10045 2994 V 4 1570b0
SCHED-TRACE 10046 2994 O 0 0
SCHED-TRACE 10047 2994 P 31 2bebdeab2
SCHED-TRACE 10048 2995 K 32 2bebb2b02
SCHED-TRACE 10049 2995 P 31 2bed19cdf
SCHED-TRACE 10050 2996 P 31 2bedaecbe
SCHED-TRACE 10051 2996 I 32 157527
SCHED-TRACE 10052 2996 B 32 b5
SCHED-TRACE 10053 2996 P 32 2bf50d0e5
SCHED-TRACE 10054 2996 R 32 2bf50d0e5
SCHED-TRACE 10055 2997 U 4 1575a0
SCHED-TRACE 10056 2997 V 4 1575c7
SCHED-TRACE 10057 2997 O 0 0
SCHED-TRACE 10058 2997 P 32 2bf641cac
SCHED-TRACE 10059 2998 K 31 2bedaecbe
SCHED-TRACE 10060 2998 P 32 2bf77c6a8
SCHED-TRACE 10061 2999 P 32 2bf811687
SCHED-TRACE 10062 2999 I 31 157a3e
SCHED-TRACE 10063 2999 B 31 b4
SCHED-TRACE 10064 2999 P 31 2bf70a304
SCHED-TRACE 10065 2999 R 31 2bf70a304
SCHED-TRACE 10066 3000 U 4 157ab6
SCHED-TRACE 10067 3000 V 4 157add
SCHED-TRACE 10068 3000 O 0 0
SCHED-TRACE 10069 3000 P 31 2bf83d21e
SCHED-TRACE 10070 3001 K 32 2bf811687
SCHED-TRACE 10071 3001 P 31 2bf976fd0
SCHED-TRACE 10072 3002 P 31 2bfa0b77e
SCHED-TRACE 10073 3002 I 32 157f53
SCHED-TRACE 10074 3002 B 32 b4
SCHED-TRACE 10075 3002 P 32 2c016c083
SCHED-TRACE 10076 3002 R 32 2c016c083
SCHED-TRACE 10077 3003 U 4 157fcb
SCHED-TRACE 10078 3003 V 4 157ff2
SCHED-TRACE 10079 3003 O 0 0
SCHED-TRACE 10080 3003 P 32 2c02a0418
SCHED-TRACE 10081 3004 K 31 2bfa0b77e
SCHED-TRACE 10082 3004 P 32 2c03db645
SCHED-TRACE 10083 3005 P 32 2c0470a3d
SCHED-TRACE 10084 3005 I 31 158469
SCHED-TRACE 10085 3005 B 31 b5
SCHED-TRACE 10086 3005 P 31 2c03644ce
SCHED-TRACE 10087 3005 R 31 2c03644ce
SCHED-TRACE 10088 3006 U 4 1584e2
SCHED-TRACE 10089 3006 V 4 158509
SCHED-TRACE 10090 3006 O 0 0
SCHED-TRACE 10091 3006 P 31 2c0498c7c
SCHED-TRACE 10092 3007 K 32 2c0470a3d
SCHED-TRACE 10093 3007 P 31 2c05d2e47
SCHED-TRACE 10094 3008 P 31 2c0667e26
SCHED-TRACE 10095 3008 I 32 15897f
SCHED-TRACE 10096 3008 B 32 b3
SCHED-TRACE 10097 3008 P 32 2c0dcb021
SCHED-TRACE 10098 3008 R 32 2c0dcb021
SCHED-TRACE 10099 3009 U 4 1589f8
SCHED-TRACE 10100 3009 V 4 158a1f
SCHED-TRACE 10101 3009 O 0 0
SCHED-TRACE 10102 3009 P 32 2c0f00831
SCHED-TRACE 10103 3010 K 31 2c0667e26
SCHED-TRACE 10104 3010 P 32 2c103a9fc
SCHED-TRACE 10105 3011 P 32 2c10cf1aa
SCHED-TRACE 10106 3011 I 31 158e95
SCHED-TRACE 10107 3011 B 31 b5
SCHED-TRACE 10108 3011 P 31 2c0fc1ff1
SCHED-TRACE 10109 3011 R 31 2c0fc1ff1
SCHED-TRACE 10110 3012 U 4 158f0d
SCHED-TRACE 10111 3012 V 4 158f35
SCHED-TRACE 10112 3012 O 0 0
SCHED-TRACE 10113 3012 P 31 2c10f679f
SCHED-TRACE 10114 3013 K 32 2c10cf1aa
SCHED-TRACE 10115 3013 P 31 2c123096a
SCHED-TRACE 10116 3014 P 31 2c12c5d62
SCHED-TRACE 10117 3014 I 32 1593ab
SCHED-TRACE 10118 3014 B 32 b3
SCHED-TRACE 10119 3014 P 32 2c1a29374
SCHED-TRACE 10120 3014 R 32 2c1a29374
SCHED-TRACE 10121 3015 U 4 159423
SCHED-TRACE 10122 3015 V 4 15944a
SCHED-TRACE 10123 3015 O 0 0
SCHED-TRACE 10124 3015 P 32 2c1b5e354
SCHED-TRACE 10125 3016 K 31 2c12c5d62
SCHED-TRACE 10126 3016 P 32 2c1c98d50
SCHED-TRACE 10127 3017 P 32 2c1d2e147
SCHED-TRACE 10128 3017 I 31 1598c1
SCHED-TRACE 10129 3017 B 31 b4
SCHED-TRACE 10130 3017 P 31 2c1c2075e
SCHED-TRACE 10131 3017 R 31 2c1c2075e
SCHED-TRACE 10132 3018 U 4 15993a
SCHED-TRACE 10133 3018 V 4 159961
SCHED-TRACE 10134 3018 O 0 0
SCHED-TRACE 10135 3018 P 31 2c1d55f6e
SCHED-TRACE 10136 3019 K 32 2c1d2e147
SCHED-TRACE 10137 3019 P 31 2c1e9119b
SCHED-TRACE 10138 3020 P 31 2c1f26593
SCHED-TRACE 10139 3020 I 32 159dd8
SCHED-TRACE 10140 3020 B 32 b5
SCHED-TRACE 10141 3020 P 32 2c2688b43
SCHED-TRACE 10142 3020 R 32 2c2688b43
SCHED-TRACE 10143 3021 U 4 159e51
SCHED-TRACE 10144 3021 V 4 159e78
SCHED-TRACE 10145 3021 O 0 0
SCHED-TRACE 10146 3021 P 32 2c27bcac0
SCHED-TRACE 10147 3022 K 31 2c1f26593
SCHED-TRACE 10148 3022 P 32 2c28f70a4
SCHED-TRACE 10149 3023 P 32 2c298c083
SCHED-TRACE 10150 3023 I 31 15a2ee
SCHED-TRACE 10151 3023 B 31 b4
SCHED-TRACE 10152 3023 P 31 2c287fb14
SCHED-TRACE 10153 3023 R 31 2c287fb14
SCHED-TRACE 10154 3024 U 4 15a365
SCHED-TRACE 10155 3024 V 4 15a38b
SCHED-TRACE 10156 3024 O 0 0
SCHED-TRACE 10157 3024 P 31 2c29b0139
SCHED-TRACE 10158 3025 K 32 2c298c083
SCHED-TRACE 10159 3025 P 31 2c2aea71c
SCHED-TRACE 10160 3026 P 31 2c2b7f6fb
SCHED-TRACE 10161 3026 I 32 15a801
SCHED-TRACE 10162 3026 B 32 b6
SCHED-TRACE 10163 3026 P 32 2c32e6666
SCHED-TRACE 10164 3026 R 32 2c32e6666
SCHED-TRACE 10165 3027 U 4 15a87a
SCHED-TRACE 10166 3027 V 4 15a8a1
SCHED-TRACE 10167 3027 O 0 0
SCHED-TRACE 10168 3027 P 32 2c341ba5e
SCHED-TRACE 10169 3028 K 31 2c2b7f6fb
SCHED-TRACE 10170 3028 P 32 2c3556041
SCHED-TRACE 10171 3029 P 32 2c35eb439
SCHED-TRACE 10172 3029 I 31 15ad18
SCHED-TRACE 10173 3029 B 31 b2
SCHED-TRACE 10174 3029 P 31 2c34d8c7c
SCHED-TRACE 10175 3029 R 31 2c34d8c7c
SCHED-TRACE 10176 3030 U 4 15ad91
SCHED-TRACE 10177 3030 V 4 15adb8
SCHED-TRACE 10178 3030 O 0 0
SCHED-TRACE 10179 3030 P 31 2c360dc5c
SCHED-TRACE 10180 3031 K 32 2c35eb439
SCHED-TRACE 10181 3031 P 31 2c3748a70
SCHED-TRACE 10182 3032 P 31 2c37dd637
SCHED-TRACE 10183 3032 I 32 15b22f
SCHED-TRACE 10184 3032 B 32 b4
SCHED-TRACE 10185 3032 P 32 2c3f472b0
SCHED-TRACE 10186 3032 R 32 2c3f472b0
SCHED-TRACE 10187 3033 U 4 15b2a8
SCHED-TRACE 10188 3033 V 4 15b2ce
SCHED-TRACE 10189 3033 O 0 0
SCHED-TRACE 10190 3033 P 32 2c4078937
SCHED-TRACE 10191 3034 K 31 2c37dd637
SCHED-TRACE 10192 3034 P 32 2c41b1eb8
SCHED-TRACE 10193 3035 P 32 2c4246a7f
SCHED-TRACE 10194 3035 I 31 15b744
SCHED-TRACE 10195 3035 B 31 b3
SCHED-TRACE 10196 3035 P 31 2c4138033
SCHED-TRACE 10197 3035 R 31 2c4138033
SCHED-TRACE 10198 3036 U 4 15b7bd
SCHED-TRACE 10199 3036 V 4 15b7e4
SCHED-TRACE 10200 3036 O 0 0
SCHED-TRACE 10201 3036 P 31 2c426cbf9
SCHED-TRACE 10202 3037 K 32 2c4246a7f
SCHED-TRACE 10203 3037 P 31 2c43a75f5
SCHED-TRACE 10204 3038 P 31 2c443c5d4
SCHED-TRACE 10205 3038 I 32 15bc5a
SCHED-TRACE 10206 3038 B 32 b2
SCHED-TRACE 10207 3038 P 32 2c4b9fbe7
SCHED-TRACE 10208 3038 R 32 2c4b9fbe7
SCHED-TRACE 10209 3039 U 4 15bcd3
SCHED-TRACE 10210 3039 V 4 15bcfa
SCHED-TRACE 10211 3039 O 0 0
SCHED-TRACE 10212 3039 P 32 2c4cd47ae
SCHED-TRACE 10213 3040 K 31 2c443c5d4
SCHED-TRACE 10214 3040 P 32 2c4e0f9db
SCHED-TRACE 10215 3041 P 32 2c4ea4dd3
SCHED-TRACE 10216 3041 I 31 15c171
SCHED-TRACE 10217 3041 B 31 b4
SCHED-TRACE 10218 3041 P 31 2c4d96bb8
SCHED-TRACE 10219 3041 R 31 2c4d96bb8
SCHED-TRACE 10220 3042 U 4 15c1ea
SCHED-TRACE 10221 3042 V 4 15c212
SCHED-TRACE 10222 3042 O 0 0
SCHED-TRACE 10223 3042 P 31 2c4ece48d
SCHED-TRACE 10224 3043 K 32 2c4ea4dd3
SCHED-TRACE 10225 3043 P 31 2c5005d62
SCHED-TRACE 10226 3044 P 31 2c50998c6
SCHED-TRACE 10227 3044 I 32 15c688
SCHED-TRACE 10228 3044 B 32 b3
SCHED-TRACE 10229 3044 P 32 2c5800c49
SCHED-TRACE 10230 3044 R 32 2c5800c49
SCHED-TRACE 10231 3045 U 4 15c700
SCHED-TRACE 10232 3045 V 4 15c727
SCHED-TRACE 10233 3045 O 0 0
SCHED-TRACE 10234 3045 P 32 2c593374c
SCHED-TRACE 10235 3046 K 31 2c50998c6
SCHED-TRACE 10236 3046 P 32 2c5a6d916
SCHED-TRACE 10237 3047 P 32 2c5b03127
SCHED-TRACE 10238 3047 I 31 15cb9d
SCHED-TRACE 10239 3047 B 31 b4
SCHED-TRACE 10240 3047 P 31 2c59f3ea9
SCHED-TRACE 10241 3047 R 31 2c59f3ea9
SCHED-TRACE 10242 3048 U 4 15cc15
SCHED-TRACE 10243 3048 V 4 15cc3d
SCHED-TRACE 10244 3048 O 0 0
SCHED-TRACE 10245 3048 P 31 2c5b29eeb
SCHED-TRACE 10246 3049 K 32 2c5b03127
SCHED-TRACE 10247 3049 P 31 2c5c63c9d
SCHED-TRACE 10248 3050 P 31 2c5cf8c7c
SCHED-TRACE 10249 3050 I 32 15d0b3
SCHED-TRACE 10250 3050 B 32 b1
SCHED-TRACE 10251 3050 P 32 2c645ced9
SCHED-TRACE 10252 3050 R 32 2c645ced9
SCHED-TRACE 10253 3051 U 4 15d12b
SCHED-TRACE 10254 3051 V 4 15d153
SCHED-TRACE 10255 3051 O 0 0
SCHED-TRACE 10256 3051 P 32 2c6591eb8
SCHED-TRACE 10257 3052 K 31 2c5cf8c7c
SCHED-TRACE 10258 3052 P 32 2c66cc49b
SCHED-TRACE 10259 3053 P 32 2c67620c4
SCHED-TRACE 10260 3053 I 31 15d5c9
SCHED-TRACE 10261 3053 B 31 b2
SCHED-TRACE 10262 3053 P 31 2c665119b
SCHED-TRACE 10263 3053 R 31 2c665119b
SCHED-TRACE 10264 3054 U 4 15d642
SCHED-TRACE 10265 3054 V 4 15d668
SCHED-TRACE 10266 3054 O 0 0
SCHED-TRACE 10267 3054 P 31 2c6785531
SCHED-TRACE 10268 3055 K 32 2c67620c4
SCHED-TRACE 10269 3055 P 31 2c68bfb14
SCHED-TRACE 10270 3056 P 31 2c69546db
SCHED-TRACE 10271 3056 I 32 15dadf
SCHED-TRACE 10272 3056 B 32 b5
SCHED-TRACE 10273 3056 P 32 2c70bd70a
SCHED-TRACE 10274 3056 R 32 2c70bd70a
SCHED-TRACE 10275 3057 U 4 15db57
SCHED-TRACE 10276 3057 V 4 15db7e
SCHED-TRACE 10277 3057 O 0 0
SCHED-TRACE 10278 3057 P 32 2c71f020c
SCHED-TRACE 10279 3058 K 31 2c69546db
SCHED-TRACE 10280 3058 P 32 2c732a7ef
SCHED-TRACE 10281 3059 P 32 2c73bfbe7
SCHED-TRACE 10282 3059 I 31 15dff4
SCHED-TRACE 10283 3059 B 31 b3
SCHED-TRACE 10284 3059 P 31 2c72ae074
SCHED-TRACE 10285 3059 R 31 2c72ae074
SCHED-TRACE 10286 3060 U 4 15e06d
SCHED-TRACE 10287 3060 V 4 15e094
SCHED-TRACE 10288 3060 O 0 0
SCHED-TRACE 10289 3060 P 31 2c73e3885
SCHED-TRACE 10290 3061 K 32 2c73bfbe7
SCHED-TRACE 10291 3061 P 31 2c751e699
SCHED-TRACE 10292 3062 P 31 2c75b3a91
SCHED-TRACE 10293 3062 I 32 15e50b
SCHED-TRACE 10294 3062 B 32 b4
SCHED-TRACE 10295 3062 P 32 2c7d19581
SCHED-TRACE 10296 3062 R 32 2c7d19581
SCHED-TRACE 10297 3063 U 4 15e583
SCHED-TRACE 10298 3063 V 4 15e5ab
SCHED-TRACE 10299 3063 O 0 0
SCHED-TRACE 10300 3063 P 32 2c7e4dd2f
SCHED-TRACE 10301 3064 K 31 2c75b3a91
SCHED-TRACE 10302 3064 P 32 2c7f88312
SCHED-TRACE 10303 3065 P 32 2c801d2f1
SCHED-TRACE 10304 3065 I 31 15ea21
SCHED-TRACE 10305 3065 B 31 b1
SCHED-TRACE 10306 3065 P 31 2c7f0c7e1
SCHED-TRACE 10307 3065 R 31 2c7f0c7e1
SCHED-TRACE 10308 3066 U 4 15ea9a
SCHED-TRACE 10309 3066 V 4 15eac0
SCHED-TRACE 10310 3066 O 0 0
SCHED-TRACE 10311 3066 P 31 2c803eab2
SCHED-TRACE 10312 3067 K 32 2c801d2f1
SCHED-TRACE 10313 3067 P 31 2c8178033
SCHED-TRACE 10314 3068 P 31 2c820cbf9
SCHED-TRACE 10315 3068 I 32 15ef36
SCHED-TRACE 10316 3068 B 32 b3
SCHED-TRACE 10317 3068 P 32 2c89778d5
SCHED-TRACE 10318 3068 R 32 2c89778d5
SCHED-TRACE 10319 3069 U 4 15efae
SCHED-TRACE 10320 3069 V 4 15efd5
SCHED-TRACE 10321 3069 O 0 0
SCHED-TRACE 10322 3069 P 32 2c8aab021
SCHED-TRACE 10323 3070 K 31 2c820cbf9
SCHED-TRACE 10324 3070 P 32 2c8be6666
SCHED-TRACE 10325 3071 P 32 2c8c7be77
SCHED-TRACE 10326 3071 I 31 15f44c
SCHED-TRACE 10327 3071 B 31 b5
SCHED-TRACE 10328 3071 P 31 2c8b669ab
SCHED-TRACE 10329 3071 R 31 2c8b669ab
SCHED-TRACE 10330 3072 U 4 15f4c5
SCHED-TRACE 10331 3072 V 4 15f4ec
SCHED-TRACE 10332 3072 O 0 0
SCHED-TRACE 10333 3072 P 31 2c8c9c5d4
SCHED-TRACE 10334 3073 K 32 2c8c7be77
SCHED-TRACE 10335 3073 P 31 2c8dd6fd0
SCHED-TRACE 10336 3074 P 31 2c8e6bfb0
SCHED-TRACE 10337 3074 I 32 15f963
SCHED-TRACE 10338 3074 B 32 b3
SCHED-TRACE 10339 3074 P 32 2c95d645a
SCHED-TRACE 10340 3074 R 32 2c95d645a
SCHED-TRACE 10341 3075 U 4 15f9dc
SCHED-TRACE 10342 3075 V 4 15fa03
SCHED-TRACE 10343 3075 O 0 0
SCHED-TRACE 10344 3075 P 32 2c970c083
SCHED-TRACE 10345 3076 K 31 2c8e6bfb0
SCHED-TRACE 10346 3076 P 32 2c984624e
SCHED-TRACE 10347 3077 P 32 2c98db22d
SCHED-TRACE 10348 3077 I 31 15fe7a
SCHED-TRACE 10349 3077 B 31 b4
SCHED-TRACE 10350 3077 P 31 2c97c6593
SCHED-TRACE 10351 3077 R 31 2c97c6593
SCHED-TRACE 10352 3078 U 4 15fef3
SCHED-TRACE 10353 3078 V 4 15ff1a
SCHED-TRACE 10354 3078 O 0 0
SCHED-TRACE 10355 3078 P 31 2c98fb572
SCHED-TRACE 10356 3079 K 32 2c98db22d
SCHED-TRACE 10357 3079 P 31 2c9a3573d
SCHED-TRACE 10358 3080 P 31 2c9acaf4d
SCHED-TRACE 10359 3080 I 32 160391
SCHED-TRACE 10360 3080 B 32 b2
SCHED-TRACE 10361 3080 P 32 2ca23645a
SCHED-TRACE 10362 3080 R 32 2ca23645a
SCHED-TRACE 10363 3081 U 4 160408
SCHED-TRACE 10364 3081 V 4 16042f
SCHED-TRACE 10365 3081 O 0 0
SCHED-TRACE 10366 3081 P 32 2ca36ac08
SCHED-TRACE 10367 3082 K 31 2c9acaf4d
SCHED-TRACE 10368 3082 P 32 2ca4a5a1c
SCHED-TRACE 10369 3083 P 32 2ca53ae14
SCHED-TRACE 10370 3083 I 31 1608a6
SCHED-TRACE 10371 3083 B 31 b4
SCHED-TRACE 10372 3083 P 31 2ca424cff
SCHED-TRACE 10373 3083 R 31 2ca424cff
SCHED-TRACE 10374 3084 U 4 16091f
SCHED-TRACE 10375 3084 V 4 160946
SCHED-TRACE 10376 3084 O 0 0
SCHED-TRACE 10377 3084 P 31 2ca55a0f7
SCHED-TRACE 10378 3085 K 32 2ca53ae14
SCHED-TRACE 10379 3085 P 31 2ca695324
SCHED-TRACE 10380 3086 P 31 2ca72a71c
SCHED-TRACE 10381 3086 I 32 160dbd
SCHED-TRACE 10382 3086 B 32 b5
SCHED-TRACE 10383 3086 P 32 2cae953f8
SCHED-TRACE 10384 3086 R 32 2cae953f8
SCHED-TRACE 10385 3087 U 4 160e36
SCHED-TRACE 10386 3087 V 4 160e5d
SCHED-TRACE 10387 3087 O 0 0
SCHED-TRACE 10388 3087 P 32 2cafcb021
SCHED-TRACE 10389 3088 K 31 2ca72a71c
SCHED-TRACE 10390 3088 P 32 2cb1051eb
SCHED-TRACE 10391 3089 P 32 2cb19a1ca
SCHED-TRACE 10392 3089 I 31 1612d4
SCHED-TRACE 10393 3089 B 31 b3
SCHED-TRACE 10394 3089 P 31 2cb085118
SCHED-TRACE 10395 3089 R 31 2cb085118
SCHED-TRACE 10396 3090 U 4 16134c
SCHED-TRACE 10397 3090 V 4 161372
SCHED-TRACE 10398 3090 O 0 0
SCHED-TRACE 10399 3090 P 31 2cb1b6fd0
SCHED-TRACE 10400 3091 K 32 2cb19a1ca
SCHED-TRACE 10401 3091 P 31 2cb2f15b4
SCHED-TRACE 10402 3092 P 31 2cb386593
SCHED-TRACE 10403 3092 I 32 1617e8
SCHED-TRACE 10404 3092 B 32 b4
SCHED-TRACE 10405 3092 P 32 2cbaf3f7d
SCHED-TRACE 10406 3092 R 32 2cbaf3f7d
SCHED-TRACE 10407 3093 U 4 161861
SCHED-TRACE 10408 3093 V 4 161888
SCHED-TRACE 10409 3093 O 0 0
SCHED-TRACE 10410 3093 P 32 2cbc2978d
SCHED-TRACE 10411 3094 K 31 2cb386593
SCHED-TRACE 10412 3094 P 32 2cbd63d70
SCHED-TRACE 10413 3095 P 32 2cbdf9168
SCHED-TRACE 10414 3095 I 31 161cff
SCHED-TRACE 10415 3095 B 31 b1
SCHED-TRACE 10416 3095 P 31 2cbcdff2c
SCHED-TRACE 10417 3095 R 31 2cbcdff2c
SCHED-TRACE 10418 3096 U 4 161d78
SCHED-TRACE 10419 3096 V 4 161d9f
SCHED-TRACE 10420 3096 O 0 0
SCHED-TRACE 10421 3096 P 31 2cbe1573d
SCHED-TRACE 10422 3097 K 32 2cbdf9168
SCHED-TRACE 10423 3097 P 31 2cbf5119b
SCHED-TRACE 10424 3098 P 31 2cbfe617a
SCHED-TRACE 10425 3098 I 32 162216
SCHED-TRACE 10426 3098 B 32 b5
SCHED-TRACE 10427 3098 P 32 2cc75374c
SCHED-TRACE 10428 3098 R 32 2cc75374c
SCHED-TRACE 10429 3099 U 4 16228f
SCHED-TRACE 10430 3099 V 4 1622b5
SCHED-TRACE 10431 3099 O 0 0
SCHED-TRACE 10432 3099 P 32 2cc884189
SCHED-TRACE 10433 3100 K 31 2cbfe617a
SCHED-TRACE 10434 3100 P 32 2cc9bd70a
SCHED-TRACE 10435 3101 P 32 2cca51eb8
SCHED-TRACE 10436 3101 I 31 16272b
SCHED-TRACE 10437 3101 B 31 b4
SCHED-TRACE 10438 3101 P 31 2cc9417c0
SCHED-TRACE 10439 3101 R 31 2cc9417c0
SCHED-TRACE 10440 3102 U 4 1627a4
SCHED-TRACE 10441 3102 V 4 1627cb
SCHED-TRACE 10442 3102 O 0 0
SCHED-TRACE 10443 3102 P 31 2cca7679f
SCHED-TRACE 10444 3103 K 32 2cca51eb8
SCHED-TRACE 10445 3103 P 31 2ccbb19cc
SCHED-TRACE 10446 3104 P 31 2ccc469ab
SCHED-TRACE 10447 3104 I 32 162c42
SCHED-TRACE 10448 3104 B 32 b3
SCHED-TRACE 10449 3104 P 32 2cd3acccd
SCHED-TRACE 10450 3104 R 32 2cd3acccd
SCHED-TRACE 10451 3105 U 4 162cbb
SCHED-TRACE 10452 3105 V 4 162ce2
SCHED-TRACE 10453 3105 O 0 0
SCHED-TRACE 10454 3105 P 32 2cd4e24dd
SCHED-TRACE 10455 3106 K 31 2ccc469ab
SCHED-TRACE 10456 3106 P 32 2cd61d70a
SCHED-TRACE 10457 3107 P 32 2cd6b2f1a
SCHED-TRACE 10458 3107 I 31 163159
SCHED-TRACE 10459 3107 B 31 b5
SCHED-TRACE 10460 3107 P 31 2cd5a0b76
SCHED-TRACE 10461 3107 R 31 2cd5a0b76
SCHED-TRACE 10462 3108 U 4 1631d2
SCHED-TRACE 10463 3108 V 4 1631fa
SCHED-TRACE 10464 3108 O 0 0
SCHED-TRACE 10465 3108 P 31 2cd6d7c1a
SCHED-TRACE 10466 3109 K 32 2cd6b2f1a
SCHED-TRACE 10467 3109 P 31 2cd810d83
SCHED-TRACE 10468 3110 P 31 2cd8a5531
SCHED-TRACE 10469 3110 I 32 163671
SCHED-TRACE 10470 3110 B 32 b2
SCHED-TRACE 10471 3110 P 32 2ce00f1aa
SCHED-TRACE 10472 3110 R 32 2ce00f1aa
SCHED-TRACE 10473 3111 U 4 1636e9
SCHED-TRACE 10474 3111 V 4 163710
SCHED-TRACE 10475 3111 O 0 0
SCHED-TRACE 10476 3111 P 32 2ce143127
SCHED-TRACE 10477 3112 K 31 2cd8a5531
SCHED-TRACE 10478 3112 P 32 2ce27df3b
SCHED-TRACE 10479 3113 P 32 2ce313b64
SCHED-TRACE 10480 3113 I 31 163b87
SCHED-TRACE 10481 3113 B 31 b4
SCHED-TRACE 10482 3113 P 31 2ce1feeca
SCHED-TRACE 10483 3113 R 31 2ce1feeca
SCHED-TRACE 10484 3114 U 4 163c00
SCHED-TRACE 10485 3114 V 4 163c28
SCHED-TRACE 10486 3114 O 0 0
SCHED-TRACE 10487 3114 P 31 2ce33679f
SCHED-TRACE 10488 3115 K 32 2ce313b64
SCHED-TRACE 10489 3115 P 31 2ce471de5
SCHED-TRACE 10490 3116 P 31 2ce506dc4
SCHED-TRACE 10491 3116 I 32 16409f
SCHED-TRACE 10492 3116 B 32 b4
SCHED-TRACE 10493 3116 P 32 2cec6e979
SCHED-TRACE 10494 3116 R 32 2cec6e979
SCHED-TRACE 10495 3117 U 4 164118
SCHED-TRACE 10496 3117 V 4 164140
SCHED-TRACE 10497 3117 O 0 0
SCHED-TRACE 10498 3117 P 32 2ceda4dd3
SCHED-TRACE 10499 3118 K 31 2ce506dc4
SCHED-TRACE 10500 3118 P 32 2ceee0000
SCHED-TRACE 10501 3119 P 32 2cef76041
SCHED-TRACE 10502 3119 I 31 1645b7
SCHED-TRACE 10503 3119 B 31 b3
SCHED-TRACE 10504 3119 P 31 2cee60345
SCHED-TRACE 10505 3119 R 31 2cee60345
SCHED-TRACE 10506 3120 U 4 164630
SCHED-TRACE 10507 3120 V 4 164657
SCHED-TRACE 10508 3120 O 0 0
SCHED-TRACE 10509 3120 P 31 2cef94af3
SCHED-TRACE 10510 3121 K 32 2cef76041
SCHED-TRACE 10511 3121 P 31 2cf0cecbe
SCHED-TRACE 10512 3122 P 31 2cf163885
SCHED-TRACE 10513 3122 I 32 164acd
SCHED-TRACE 10514 3122 B 32 b4
SCHED-TRACE 10515 3122 P 32 2cf8d126e
SCHED-TRACE 10516 3122 R 32 2cf8d126e
SCHED-TRACE 10517 3123 U 4 164b45
SCHED-TRACE 10518 3123 V 4 164b6b
SCHED-TRACE 10519 3123 O 0 0
SCHED-TRACE 10520 3123 P 32 2cfa03958
SCHED-TRACE 10521 3124 K 31 2cf163885
SCHED-TRACE 10522 3124 P 32 2cfb3d70a
SCHED-TRACE 10523 3125 P 32 2cfbd26e9
SCHED-TRACE 10524 3125 I 31 164fe2
SCHED-TRACE 10525 3125 B 31 b2
SCHED-TRACE 10526 3125 P 31 2cfabeab2
SCHED-TRACE 10527 3125 R 31 2cfabeab2
SCHED-TRACE 10528 3126 U 4 16505a
SCHED-TRACE 10529 3126 V 4 165081
SCHED-TRACE 10530 3126 O 0 0
SCHED-TRACE 10531 3126 P 31 2cfbf3a91
SCHED-TRACE 10532 3127 K 32 2cfbd26e9
SCHED-TRACE 10533 3127 P 31 2cfd2ecbe
SCHED-TRACE 10534 3128 P 31 2cfdc3c9d
SCHED-TRACE 10535 3128 I 32 1654f8
SCHED-TRACE 10536 3128 B 32 b5
SCHED-TRACE 10537 3128 P 32 2d052c8b4
SCHED-TRACE 10538 3128 R 32 2d052c8b4
SCHED-TRACE 10539 3129 U 4 165571
SCHED-TRACE 10540 3129 V 4 165598
SCHED-TRACE 10541 3129 O 0 0
SCHED-TRACE 10542 3129 P 32 2d0661062
SCHED-TRACE 10543 3130 K 31 2cfdc3c9d
SCHED-TRACE 10544 3130 P 32 2d079c28f
SCHED-TRACE 10545 3131 P 32 2d083126e
SCHED-TRACE 10546 3131 I 31 165a0f
SCHED-TRACE 10547 3131 B 31 b3
SCHED-TRACE 10548 3131 P 31 2d071eeca
SCHED-TRACE 10549 3131 R 31 2d071eeca
SCHED-TRACE 10550 3132 U 4 165a88
SCHED-TRACE 10551 3132 V 4 165aaf
SCHED-TRACE 10552 3132 O 0 0
SCHED-TRACE 10553 3132 P 31 2d0852616
SCHED-TRACE 10554 3133 K 32 2d083126e
SCHED-TRACE 10555 3133 P 31 2d098c3c8
SCHED-TRACE 10556 3134 P 31 2d0a20b76
SCHED-TRACE 10557 3134 I 32 165f25
SCHED-TRACE 10558 3134 B 32 b4
SCHED-TRACE 10559 3134 P 32 2d118c8b4
SCHED-TRACE 10560 3134 R 32 2d118c8b4
SCHED-TRACE 10561 3135 U 4 165f9d
SCHED-TRACE 10562 3135 V 4 165fc4
SCHED-TRACE 10563 3135 O 0 0
SCHED-TRACE 10564 3135 P 32 2d12c0418
SCHED-TRACE 10565 3136 K 31 2d0a20b76
SCHED-TRACE 10566 3136 P 32 2d13fba5e
SCHED-TRACE 10567 3137 P 32 2d1490e56
SCHED-TRACE 10568 3137 I 31 16643b
SCHED-TRACE 10569 3137 B 31 b5
SCHED-TRACE 10570 3137 P 31 2d137a928
SCHED-TRACE 10571 3137 R 31 2d137a928
SCHED-TRACE 10572 3138 U 4 1664b4
SCHED-TRACE 10573 3138 V 4 1664db
SCHED-TRACE 10574 3138 O 0 0
SCHED-TRACE 10575 3138 P 31 2d14af908
SCHED-TRACE 10576 3139 K 32 2d1490e56
SCHED-TRACE 10577 3139 P 31 2d15e9ad2
SCHED-TRACE 10578 3140 P 31 2d167eab2
SCHED-TRACE 10579 3140 I 32 166952
SCHED-TRACE 10580 3140 B 32 b2
SCHED-TRACE 10581 3140 P 32 2d1dec49b
SCHED-TRACE 10582 3140 R 32 2d1dec49b
SCHED-TRACE 10583 3141 U 4 1669ca
SCHED-TRACE 10584 3141 V 4 1669f2
SCHED-TRACE 10585 3141 O 0 0
SCHED-TRACE 10586 3141 P 32 2d1f21062
SCHED-TRACE 10587 3142 K 31 2d167eab2
SCHED-TRACE 10588 3142 P 32 2d205b22d
SCHED-TRACE 10589 3143 P 32 2d20f020c
SCHED-TRACE 10590 3143 I 31 166e68
SCHED-TRACE 10591 3143 B 31 b5
SCHED-TRACE 10592 3143 P 31 2d1fd844b
SCHED-TRACE 10593 3143 R 31 2d1fd844b
SCHED-TRACE 10594 3144 U 4 166ee1
SCHED-TRACE 10595 3144 V 4 166f08
SCHED-TRACE 10596 3144 O 0 0
SCHED-TRACE 10597 3144 P 31 2d210d42a
SCHED-TRACE 10598 3145 K 32 2d20f020c
SCHED-TRACE 10599 3145 P 31 2d2247a0e
SCHED-TRACE 10600 3146 P 31 2d22dc9ed
SCHED-TRACE 10601 3146 I 32 16737e
SCHED-TRACE 10602 3146 B 32 b4
SCHED-TRACE 10603 3146 P 32 2d2a49ba6
SCHED-TRACE 10604 3146 R 32 2d2a49ba6
SCHED-TRACE 10605 3147 U 4 1673f6
SCHED-TRACE 10606 3147 V 4 16741d
SCHED-TRACE 10607 3147 O 0 0
SCHED-TRACE 10608 3147 P 32 2d2b7f7cf
SCHED-TRACE 10609 3148 K 31 2d22dc9ed
SCHED-TRACE 10610 3148 P 32 2d2cba5e3
SCHED-TRACE 10611 3149 P 32 2d2d4f9db
SCHED-TRACE 10612 3149 I 31 167894
SCHED-TRACE 10613 3149 B 31 b3
SCHED-TRACE 10614 3149 P 31 2d2c3573d
SCHED-TRACE 10615 3149 R 31 2d2c3573d
SCHED-TRACE 10616 3150 U 4 16790d
SCHED-TRACE 10617 3150 V 4 167934
SCHED-TRACE 10618 3150 O 0 0
SCHED-TRACE 10619 3150 P 31 2d2d6af4d
SCHED-TRACE 10620 3151 K 32 2d2d4f9db
SCHED-TRACE 10621 3151 P 31 2d2ea617a
SCHED-TRACE 10622 3152 P 31 2d2f3b572
SCHED-TRACE 10623 3152 I 32 167dab
SCHED-TRACE 10624 3152 B 32 b4
SCHED-TRACE 10625 3152 P 32 2d36a9374
SCHED-TRACE 10626 3152 R 32 2d36a9374
SCHED-TRACE 10627 3153 U 4 167e24
SCHED-TRACE 10628 3153 V 4 167e4c
SCHED-TRACE 10629 3153 O 0 0
SCHED-TRACE 10630 3153 P 32 2d37dfbe7
SCHED-TRACE 10631 3154 K 31 2d2f3b572
SCHED-TRACE 10632 3154 P 32 2d3919db2
SCHED-TRACE 10633 3155 P 32 2d39af1aa
SCHED-TRACE 10634 3155 I 31 1682c2
SCHED-TRACE 10635 3155 B 31 b1
SCHED-TRACE 10636 3155 P 31 2d3894af3
SCHED-TRACE 10637 3155 R 31 2d3894af3
SCHED-TRACE 10638 3156 U 4 168339
SCHED-TRACE 10639 3156 V 4 16835f
SCHED-TRACE 10640 3156 O 0 0
SCHED-TRACE 10641 3156 P 31 2d39c3c9d
SCHED-TRACE 10642 3157 K 32 2d39af1aa
SCHED-TRACE 10643 3157 P 31 2d3afc5d4
SCHED-TRACE 10644 3158 P 31 2d3b915b4
SCHED-TRACE 10645 3158 I 32 1687d4
SCHED-TRACE 10646 3158 B 32 b4
SCHED-TRACE 10647 3158 P 32 2d430ac08
SCHED-TRACE 10648 3158 R 32 2d430ac08
SCHED-TRACE 10649 3159 U 4 16884c
SCHED-TRACE 10650 3159 V 4 168874
SCHED-TRACE 10651 3159 O 0 0
SCHED-TRACE 10652 3159 P 32 2d443fbe7
SCHED-TRACE 10653 3160 K 31 2d3b915b4
SCHED-TRACE 10654 3160 P 32 2d457a5e3
SCHED-TRACE 10655 3161 P 32 2d460f9db
SCHED-TRACE 10656 3161 I 31 168cea
SCHED-TRACE 10657 3161 B 31 b4
SCHED-TRACE 10658 3161 P 31 2d44ea71c
SCHED-TRACE 10659 3161 R 31 2d44ea71c
SCHED-TRACE 10660 3162 U 4 168d63
SCHED-TRACE 10661 3162 V 4 168d8a
SCHED-TRACE 10662 3162 O 0 0
SCHED-TRACE 10663 3162 P 31 2d461f6fb
SCHED-TRACE 10664 3163 K 32 2d460f9db
SCHED-TRACE 10665 3163 P 31 2d475a928
SCHED-TRACE 10666 3164 P 31 2d47ef4ef
SCHED-TRACE 10667 3164 I 32 169201
SCHED-TRACE 10668 3164 B 32 b4
SCHED-TRACE 10669 3164 P 32 2d4f6a3d7
SCHED-TRACE 10670 3164 R 32 2d4f6a3d7
SCHED-TRACE 10671 3165 U 4 16927a
SCHED-TRACE 10672 3165 V 4 1692a0
SCHED-TRACE 10673 3165 O 0 0
SCHED-TRACE 10674 3165 P 32 2d509be77
SCHED-TRACE 10675 3166 K 31 2d47ef4ef
SCHED-TRACE 10676 3166 P 32 2d51d4fdf
SCHED-TRACE 10677 3167 P 32 2d5269ba6
SCHED-TRACE 10678 3167 I 31 169716
SCHED-TRACE 10679 3167 B 31 b2
SCHED-TRACE 10680 3167 P 31 2d5149ad2
SCHED-TRACE 10681 3167 R 31 2d5149ad2
SCHED-TRACE 10682 3168 U 4 16978e
SCHED-TRACE 10683 3168 V 4 1697b6
SCHED-TRACE 10684 3168 O 0 0
SCHED-TRACE 10685 3168 P 31 2d527e699
SCHED-TRACE 10686 3169 K 32 2d5269ba6
SCHED-TRACE 10687 3169 P 31 2d53b9095
SCHED-TRACE 10688 3170 P 31 2d544e48d
SCHED-TRACE 10689 3170 I 32 169c2c
SCHED-TRACE 10690 3170 B 32 b2
SCHED-TRACE 10691 3170 P 32 2d5bc353f
SCHED-TRACE 10692 3170 R 32 2d5bc353f
SCHED-TRACE 10693 3171 U 4 169ca5
SCHED-TRACE 10694 3171 V 4 169ccc
SCHED-TRACE 10695 3171 O 0 0
SCHED-TRACE 10696 3171 P 32 2d5cf851e
SCHED-TRACE 10697 3172 K 31 2d544e48d
SCHED-TRACE 10698 3172 P 32 2d5e3374c
SCHED-TRACE 10699 3173 P 32 2d5ec8f5c
SCHED-TRACE 10700 3173 I 31 16a143
SCHED-TRACE 10701 3173 B 31 b5
SCHED-TRACE 10702 3173 P 31 2d5da8658
SCHED-TRACE 10703 3173 R 31 2d5da8658
SCHED-TRACE 10704 3174 U 4 16a1bc
SCHED-TRACE 10705 3174 V 4 16a1e4
SCHED-TRACE 10706 3174 O 0 0
SCHED-TRACE 10707 3174 P 31 2d5edeeca
SCHED-TRACE 10708 3175 K 32 2d5ec8f5c
SCHED-TRACE 10709 3175 P 31 2d601844b
SCHED-TRACE 10710 3176 P 31 2d60ac3c8
SCHED-TRACE 10711 3176 I 32 16a65a
SCHED-TRACE 10712 3176 B 32 b4
SCHED-TRACE 10713 3176 P 32 2d6823958
SCHED-TRACE 10714 3176 R 32 2d6823958
SCHED-TRACE 10715 3177 U 4 16a6d2
SCHED-TRACE 10716 3177 V 4 16a6f9
SCHED-TRACE 10717 3177 O 0 0
SCHED-TRACE 10718 3177 P 32 2d6957ced
SCHED-TRACE 10719 3178 K 31 2d60ac3c8
SCHED-TRACE 10720 3178 P 32 2d6a926e9
SCHED-TRACE 10721 3179 P 32 2d6b276c8
SCHED-TRACE 10722 3179 I 31 16ab70
SCHED-TRACE 10723 3179 B 31 b4
SCHED-TRACE 10724 3179 P 31 2d6a069ab
SCHED-TRACE 10725 3179 R 31 2d6a069ab
SCHED-TRACE 10726 3180 U 4 16abe8
SCHED-TRACE 10727 3180 V 4 16ac0f
SCHED-TRACE 10728 3180 O 0 0
SCHED-TRACE 10729 3180 P 31 2d6b3b572
SCHED-TRACE 10730 3181 K 32 2d6b276c8
SCHED-TRACE 10731 3181 P 31 2d6c75f6e
SCHED-TRACE 10732 3182 P 31 2d6d0af4d
SCHED-TRACE 10733 3182 I 32 16b086
SCHED-TRACE 10734 3182 B 32 b3
SCHED-TRACE 10735 3182 P 32 2d7481062
SCHED-TRACE 10736 3182 R 32 2d7481062
SCHED-TRACE 10737 3183 U 4 16b0ff
SCHED-TRACE 10738 3183 V 4 16b126
SCHED-TRACE 10739 3183 O 0 0
SCHED-TRACE 10740 3183 P 32 2d75b645a
SCHED-TRACE 10741 3184 K 31 2d6d0af4d
SCHED-TRACE 10742 3184 P 32 2d76f126e
SCHED-TRACE 10743 3185 P 32 2d7786e97
SCHED-TRACE 10744 3185 I 31 16b59d
SCHED-TRACE 10745 3185 B 31 b1
SCHED-TRACE 10746 3185 P 31 2d766346c
SCHED-TRACE 10747 3185 R 31 2d766346c
SCHED-TRACE 10748 3186 U 4 16b616
SCHED-TRACE 10749 3186 V 4 16b63d
SCHED-TRACE 10750 3186 O 0 0
SCHED-TRACE 10751 3186 P 31 2d779a0f7
SCHED-TRACE 10752 3187 K 32 2d7786e97
SCHED-TRACE 10753 3187 P 31 2d78d4f0c
SCHED-TRACE 10754 3188 P 31 2d7969eeb
SCHED-TRACE 10755 3188 I 32 16bab4
SCHED-TRACE 10756 3188 B 32 b4
SCHED-TRACE 10757 3188 P 32 2d80e0c49
SCHED-TRACE 10758 3188 R 32 2d80e0c49
SCHED-TRACE 10759 3189 U 4 16bb2c
SCHED-TRACE 10760 3189 V 4 16bb53
SCHED-TRACE 10761 3189 O 0 0
SCHED-TRACE 10762 3189 P 32 2d82147ae
SCHED-TRACE 10763 3190 K 31 2d7969eeb
SCHED-TRACE 10764 3190 P 32 2d834ed91
SCHED-TRACE 10765 3191 P 32 2d83e49ba
SCHED-TRACE 10766 3191 I 31 16bfca
SCHED-TRACE 10767 3191 B 31 b4
SCHED-TRACE 10768 3191 P 31 2d82c44ce
SCHED-TRACE 10769 3191 R 31 2d82c44ce
SCHED-TRACE 10770 3192 U 4 16c043
SCHED-TRACE 10771 3192 V 4 16c06b
SCHED-TRACE 10772 3192 O 0 0
SCHED-TRACE 10773 3192 P 31 2d83fb572
SCHED-TRACE 10774 3193 K 32 2d83e49ba
SCHED-TRACE 10775 3193 P 31 2d8536fd0
SCHED-TRACE 10776 3194 P 31 2d85cc3c8
SCHED-TRACE 10777 3194 I 32 16c4e2
SCHED-TRACE 10778 3194 B 32 b5
SCHED-TRACE 10779 3194 P 32 2d8d3ef9d
SCHED-TRACE 10780 3194 R 32 2d8d3ef9d
SCHED-TRACE 10781 3195 U 4 16c55a
SCHED-TRACE 10782 3195 V 4 16c582
SCHED-TRACE 10783 3195 O 0 0
SCHED-TRACE 10784 3195 P 32 2d8e7374c
SCHED-TRACE 10785 3196 K 31 2d85cc3c8
SCHED-TRACE 10786 3196 P 32 2d8fae147
SCHED-TRACE 10787 3197 P 32 2d9043127
SCHED-TRACE 10788 3197 I 31 16c9f8
SCHED-TRACE 10789 3197 B 31 b3
SCHED-TRACE 10790 3197 P 31 2d8f25949
SCHED-TRACE 10791 3197 R 31 2d8f25949
SCHED-TRACE 10792 3198 U 4 16ca71
SCHED-TRACE 10793 3198 V 4 16ca98
SCHED-TRACE 10794 3198 O 0 0
SCHED-TRACE 10795 3198 P 31 2d905844b
SCHED-TRACE 10796 3199 K 32 2d9043127
SCHED-TRACE 10797 3199 P 31 2d9192616
SCHED-TRACE 10798 3200 P 31 2d9226dc4
SCHED-TRACE 10799 3200 I 32 16cf0e
SCHED-TRACE 10800 3200 B 32 b5
SCHED-TRACE 10801 3200 P 32 2d999ef9d
SCHED-TRACE 10802 3200 R 32 2d999ef9d
SCHED-TRACE 10803 3201 U 4 16cf86
SCHED-TRACE 10804 3201 V 4 16cfad
SCHED-TRACE 10805 3201 O 0 0
SCHED-TRACE 10806 3201 P 32 2d9ad26e9
SCHED-TRACE 10807 3202 K 31 2d9226dc4
SCHED-TRACE 10808 3202 P 32 2d9c0e147
SCHED-TRACE 10809 3203 P 32 2d9ca3958
SCHED-TRACE 10810 3203 I 31 16d424
SCHED-TRACE 10811 3203 B 31 b5
SCHED-TRACE 10812 3203 P 31 2d9b80345
SCHED-TRACE 10813 3203 R 31 2d9b80345
SCHED-TRACE 10814 3204 U 4 16d49d
SCHED-TRACE 10815 3204 V 4 16d4c5
SCHED-TRACE 10816 3204 O 0 0
SCHED-TRACE 10817 3204 P 31 2d9cb5f6e
SCHED-TRACE 10818 3205 K 32 2d9ca3958
SCHED-TRACE 10819 3205 P 31 2d9df0d83
SCHED-TRACE 10820 3206 P 31 2d9e85d62
SCHED-TRACE 10821 3206 I 32 16d93b
SCHED-TRACE 10822 3206 B 32 b5
SCHED-TRACE 10823 3206 P 32 2da5fd70a
SCHED-TRACE 10824 3206 R 32 2da5fd70a
SCHED-TRACE 10825 3207 U 4 16d9b4
SCHED-TRACE 10826 3207 V 4 16d9db
SCHED-TRACE 10827 3207 O 0 0
SCHED-TRACE 10828 3207 P 32 2da732b02
SCHED-TRACE 10829 3208 K 31 2d9e85d62
SCHED-TRACE 10830 3208 P 32 2da86d916
SCHED-TRACE 10831 3209 P 32 2da9028f6
SCHED-TRACE 10832 3209 I 31 16de52
SCHED-TRACE 10833 3209 B 31 b4
SCHED-TRACE 10834 3209 P 31 2da7df6fb
SCHED-TRACE 10835 3209 R 31 2da7df6fb
SCHED-TRACE 10836 3210 U 4 16decb
SCHED-TRACE 10837 3210 V 4 16def2
SCHED-TRACE 10838 3210 O 0 0
SCHED-TRACE 10839 3210 P 31 2da9142c2
SCHED-TRACE 10840 3211 K 32 2da9028f6
SCHED-TRACE 10841 3211 P 31 2daa4e8a5
SCHED-TRACE 10842 3212 P 31 2daae3885
SCHED-TRACE 10843 3212 I 32 16e368
SCHED-TRACE 10844 3212 B 32 b2
SCHED-TRACE 10845 3212 P 32 2db25ba5e
SCHED-TRACE 10846 3212 R 32 2db25ba5e
SCHED-TRACE 10847 3213 U 4 16e3df
SCHED-TRACE 10848 3213 V 4 16e406
SCHED-TRACE 10849 3213 O 0 0
SCHED-TRACE 10850 3213 P 32 2db38e560
SCHED-TRACE 10851 3214 K 31 2daae3885
SCHED-TRACE 10852 3214 P 32 2db4c9374
SCHED-TRACE 10853 3215 P 32 2db55eb85
SCHED-TRACE 10854 3215 I 31 16e87d
SCHED-TRACE 10855 3215 B 31 b4
SCHED-TRACE 10856 3215 P 31 2db43de68
SCHED-TRACE 10857 3215 R 31 2db43de68
SCHED-TRACE 10858 3216 U 4 16e8f6
SCHED-TRACE 10859 3216 V 4 16e91e
SCHED-TRACE 10860 3216 O 0 0
SCHED-TRACE 10861 3216 P 31 2db5742c2
SCHED-TRACE 10862 3217 K 32 2db55eb85
SCHED-TRACE 10863 3217 P 31 2db6af4ef
SCHED-TRACE 10864 3218 P 31 2db744cff
SCHED-TRACE 10865 3218 I 32 16ed94
SCHED-TRACE 10866 3218 B 32 b5
SCHED-TRACE 10867 3218 P 32 2dbeb7ced
SCHED-TRACE 10868 3218 R 32 2dbeb7ced
SCHED-TRACE 10869 3219 U 4 16ee0d
SCHED-TRACE 10870 3219 V 4 16ee35
SCHED-TRACE 10871 3219 O 0 0
SCHED-TRACE 10872 3219 P 32 2dbfef1aa
SCHED-TRACE 10873 3220 K 31 2db744cff
SCHED-TRACE 10874 3220 P 32 2dc129fbe
SCHED-TRACE 10875 3221 P 32 2dc1bf3b6
SCHED-TRACE 10876 3221 I 31 16f2ac
SCHED-TRACE 10877 3221 B 31 b4
SCHED-TRACE 10878 3221 P 31 2dc09f6fb
SCHED-TRACE 10879 3221 R 31 2dc09f6fb
SCHED-TRACE 10880 3222 U 4 16f324
SCHED-TRACE 10881 3222 V 4 16f34b
SCHED-TRACE 10882 3222 O 0 0
SCHED-TRACE 10883 3222 P 31 2dc1d2616
SCHED-TRACE 10884 3223 K 32 2dc1bf3b6
SCHED-TRACE 10885 3223 P 31 2dc30c3c8
SCHED-TRACE 10886 3224 P 31 2dc3a17c0
SCHED-TRACE 10887 3224 I 32 16f7c1
SCHED-TRACE 10888 3224 B 32 b5
SCHED-TRACE 10889 3224 P 32 2dcb1a9fc
SCHED-TRACE 10890 3224 R 32 2dcb1a9fc
SCHED-TRACE 10891 3225 U 4 16f83a
SCHED-TRACE 10892 3225 V 4 16f861
SCHED-TRACE 10893 3225 O 0 0
SCHED-TRACE 10894 3225 P 32 2dcc51687
SCHED-TRACE 10895 3226 K 31 2dc3a17c0
SCHED-TRACE 10896 3226 P 32 2dcd8c8b4
SCHED-TRACE 10897 3227 P 32 2dce220c4
SCHED-TRACE 10898 3227 I 31 16fcd8
SCHED-TRACE 10899 3227 B 31 b3
SCHED-TRACE 10900 3227 P 31 2dccfa0f7
SCHED-TRACE 10901 3227 R 31 2dccfa0f7
SCHED-TRACE 10902 3228 U 4 16fd51
SCHED-TRACE 10903 3228 V 4 16fd78
SCHED-TRACE 10904 3228 O 0 0
SCHED-TRACE 10905 3228 P 31 2dce30139
SCHED-TRACE 10906 3229 K 32 2dce220c4
SCHED-TRACE 10907 3229 P 31 2dcf6bfb0
SCHED-TRACE 10908 3230 P 31 2dd000f8f
SCHED-TRACE 10909 3230 I 32 1701ef
SCHED-TRACE 10910 3230 B 32 b5
SCHED-TRACE 10911 3230 P 32 2dd77ae14
SCHED-TRACE 10912 3230 R 32 2dd77ae14
SCHED-TRACE 10913 3231 U 4 170268
SCHED-TRACE 10914 3231 V 4 17028e
SCHED-TRACE 10915 3231 O 0 0
SCHED-TRACE 10916 3231 P 32 2dd8ab021
SCHED-TRACE 10917 3232 K 31 2dd000f8f
SCHED-TRACE 10918 3232 P 32 2dd9e3d70
SCHED-TRACE 10919 3233 P 32 2dda78106
SCHED-TRACE 10920 3233 I 31 170704
SCHED-TRACE 10921 3233 B 31 b4
SCHED-TRACE 10922 3233 P 31 2dd95d637
SCHED-TRACE 10923 3233 R 31 2dd95d637
SCHED-TRACE 10924 3234 U 4 17077c
SCHED-TRACE 10925 3234 V 4 1707a4
SCHED-TRACE 10926 3234 O 0 0
SCHED-TRACE 10927 3234 P 31 2dda91de5
SCHED-TRACE 10928 3235 K 32 2dda78106
SCHED-TRACE 10929 3235 P 31 2ddbcd843
SCHED-TRACE 10930 3236 P 31 2ddc62822
SCHED-TRACE 10931 3236 I 32 170c1a
SCHED-TRACE 10932 3236 B 32 b4
SCHED-TRACE 10933 3236 P 32 2de3d126e
SCHED-TRACE 10934 3236 R 32 2de3d126e
SCHED-TRACE 10935 3237 U 4 170c93
SCHED-TRACE 10936 3237 V 4 170cbb
SCHED-TRACE 10937 3237 O 0 0
SCHED-TRACE 10938 3237 P 32 2de506a7f
SCHED-TRACE 10939 3238 K 31 2ddc62822
SCHED-TRACE 10940 3238 P 32 2de641cac
SCHED-TRACE 10941 3239 P 32 2de6d70a4
SCHED-TRACE 10942 3239 I 31 171131
SCHED-TRACE 10943 3239 B 31 b4
SCHED-TRACE 10944 3239 P 31 2de5bb15a
SCHED-TRACE 10945 3239 R 31 2de5bb15a
SCHED-TRACE 10946 3240 U 4 1711aa
SCHED-TRACE 10947 3240 V 4 1711d2
SCHED-TRACE 10948 3240 O 0 0
SCHED-TRACE 10949 3240 P 31 2de6f1de5
SCHED-TRACE 10950 3241 K 32 2de6d70a4
SCHED-TRACE 10951 3241 P 31 2de82c3c8
SCHED-TRACE 10952 3242 P 31 2de8c0b76
SCHED-TRACE 10953 3242 I 32 171649
SCHED-TRACE 10954 3242 B 32 b3
SCHED-TRACE 10955 3242 P 32 2df032b02
SCHED-TRACE 10956 3242 R 32 2df032b02
SCHED-TRACE 10957 3243 U 4 1716c1
SCHED-TRACE 10958 3243 V 4 1716e8
SCHED-TRACE 10959 3243 O 0 0
SCHED-TRACE 10960 3243 P 32 2df166e97
SCHED-TRACE 10961 3244 K 31 2de8c0b76
SCHED-TRACE 10962 3244 P 32 2df2a1cac
SCHED-TRACE 10963 3245 P 32 2df3370a4
SCHED-TRACE 10964 3245 I 31 171b5f
SCHED-TRACE 10965 3245 B 31 b5
SCHED-TRACE 10966 3245 P 31 2df21a928
SCHED-TRACE 10967 3245 R 31 2df21a928
SCHED-TRACE 10968 3246 U 4 171bd8
SCHED-TRACE 10969 3246 V 4 171bff
SCHED-TRACE 10970 3246 O 0 0
SCHED-TRACE 10971 3246 P 31 2df350551
SCHED-TRACE 10972 3247 K 32 2df3370a4
SCHED-TRACE 10973 3247 P 31 2df48bb97
SCHED-TRACE 10974 3248 P 31 2df520b76
SCHED-TRACE 10975 3248 I 32 172076
SCHED-TRACE 10976 3248 B 32 b4
SCHED-TRACE 10977 3248 P 32 2dfc90e56
SCHED-TRACE 10978 3248 R 32 2dfc90e56
SCHED-TRACE 10979 3249 U 4 1720ef
SCHED-TRACE 10980 3249 V 4 172117
SCHED-TRACE 10981 3249 O 0 0
SCHED-TRACE 10982 3249 P 32 2dfdc72b0
SCHED-TRACE 10983 3250 K 31 2df520b76
SCHED-TRACE 10984 3250 P 32 2dff028f6
SCHED-TRACE 10985 3251 P 32 2dff98937
SCHED-TRACE 10986 3251 I 31 17258e
SCHED-TRACE 10987 3251 B 31 b5
SCHED-TRACE 10988 3251 P 31 2dfe7a0f7
SCHED-TRACE 10989 3251 R 31 2dfe7a0f7
SCHED-TRACE 10990 3252 U 4 172607
SCHED-TRACE 10991 3252 V 4 17262f
SCHED-TRACE 10992 3252 O 0 0
SCHED-TRACE 10993 3252 P 31 2dffb19cc
SCHED-TRACE 10994 3253 K 32 2dff98937
SCHED-TRACE 10995 3253 P 31 2e00ec7e1
SCHED-TRACE 10996 3254 P 31 2e01817c0
SCHED-TRACE 10997 3254 I 32 172aa6
SCHED-TRACE 10998 3254 B 32 b4
SCHED-TRACE 10999 3254 P 32 2e08f3b64
SCHED-TRACE 11000 3254 R 32 2e08f3b64
SCHED-TRACE 11001 3255 U 4 172b1e
SCHED-TRACE 11002 3255 V 4 172b45
SCHED-TRACE 11003 3255 O 0 0
SCHED-TRACE 11004 3255 P 32 2e0a276c8
SCHED-TRACE 11005 3256 K 31 2e01817c0
SCHED-TRACE 11006 3256 P 32 2e0b61893
SCHED-TRACE 11007 3257 P 32 2e0bf74bc
SCHED-TRACE 11008 3257 I 31 172fbc
SCHED-TRACE 11009 3257 B 31 b3
SCHED-TRACE 11010 3257 P 31 2e0adb98b
SCHED-TRACE 11011 3257 R 31 2e0adb98b
SCHED-TRACE 11012 3258 U 4 173035
SCHED-TRACE 11013 3258 V 4 17305d
SCHED-TRACE 11014 3258 O 0 0
SCHED-TRACE 11015 3258 P 31 2e0c12e47
SCHED-TRACE 11016 3259 K 32 2e0bf74bc
SCHED-TRACE 11017 3259 P 31 2e0d4ecbe
SCHED-TRACE 11018 3260 P 31 2e0de40b6
SCHED-TRACE 11019 3260 I 32 1734d4
SCHED-TRACE 11020 3260 B 32 b5
SCHED-TRACE 11021 3260 P 32 2e1551687
SCHED-TRACE 11022 3260 R 32 2e1551687
SCHED-TRACE 11023 3261 U 4 17354d
SCHED-TRACE 11024 3261 V 4 173575
SCHED-TRACE 11025 3261 O 0 0
SCHED-TRACE 11026 3261 P 32 2e1687ae1
SCHED-TRACE 11027 3262 K 31 2e0de40b6
SCHED-TRACE 11028 3262 P 32 2e17c353f
SCHED-TRACE 11029 3263 P 32 2e1858d50
SCHED-TRACE 11030 3263 I 31 1739ec
SCHED-TRACE 11031 3263 B 31 b4
SCHED-TRACE 11032 3263 P 31 2e173da4f
SCHED-TRACE 11033 3263 R 31 2e173da4f
SCHED-TRACE 11034 3264 U 4 173a65
SCHED-TRACE 11035 3264 V 4 173a8c
SCHED-TRACE 11036 3264 O 0 0
SCHED-TRACE 11037 3264 P 31 2e1872616
SCHED-TRACE 11038 3265 K 32 2e1858d50
SCHED-TRACE 11039 3265 P 31 2e19ad42a
SCHED-TRACE 11040 3266 P 31 2e1a41ff1
SCHED-TRACE 11041 3266 I 32 173f03
SCHED-TRACE 11042 3266 B 32 b5
SCHED-TRACE 11043 3266 P 32 2e21b3333
SCHED-TRACE 11044 3266 R 32 2e21b3333
SCHED-TRACE 11045 3267 U 4 173f7c
SCHED-TRACE 11046 3267 V 4 173fa3
SCHED-TRACE 11047 3267 O 0 0
SCHED-TRACE 11048 3267 P 32 2e22e8f5c
SCHED-TRACE 11049 3268 K 31 2e1a41ff1
SCHED-TRACE 11050 3268 P 32 2e24251eb
SCHED-TRACE 11051 3269 P 32 2e24ba9fc
SCHED-TRACE 11052 3269 I 31 17441b
SCHED-TRACE 11053 3269 B 31 b4
SCHED-TRACE 11054 3269 P 31 2e239c1bc
SCHED-TRACE 11055 3269 R 31 2e239c1bc
SCHED-TRACE 11056 3270 U 4 174494
SCHED-TRACE 11057 3270 V 4 1744bb
SCHED-TRACE 11058 3270 O 0 0
SCHED-TRACE 11059 3270 P 31 2e24d0551
SCHED-TRACE 11060 3271 K 32 2e24ba9fc
SCHED-TRACE 11061 3271 P 31 2e260a304
SCHED-TRACE 11062 3272 P 31 2e269f2e3
SCHED-TRACE 11063 3272 I 32 174931
SCHED-TRACE 11064 3272 B 32 b2
SCHED-TRACE 11065 3272 P 32 2e2e14fdf
SCHED-TRACE 11066 3272 R 32 2e2e14fdf
SCHED-TRACE 11067 3273 U 4 1749a9
SCHED-TRACE 11068 3273 V 4 1749d0
SCHED-TRACE 11069 3273 O 0 0
SCHED-TRACE 11070 3273 P 32 2e2f48f5c
SCHED-TRACE 11071 3274 K 31 2e269f2e3
SCHED-TRACE 11072 3274 P 32 2e308353f
SCHED-TRACE 11073 3275 P 32 2e3118106
SCHED-TRACE 11074 3275 I 31 174e47
SCHED-TRACE 11075 3275 B 31 b4
SCHED-TRACE 11076 3275 P 31 2e2ffa0f7
SCHED-TRACE 11077 3275 R 31 2e2ffa0f7
SCHED-TRACE 11078 3276 U 4 174ebf
SCHED-TRACE 11079 3276 V 4 174ee6
SCHED-TRACE 11080 3276 O 0 0
SCHED-TRACE 11081 3276 P 31 2e312e074
SCHED-TRACE 11082 3277 K 32 2e3118106
SCHED-TRACE 11083 3277 P 31 2e3267e26
SCHED-TRACE 11084 3278 P 31 2e32fc9ed
SCHED-TRACE 11085 3278 I 32 17535d
SCHED-TRACE 11086 3278 B 32 b3
SCHED-TRACE 11087 3278 P 32 2e3a73f7d
SCHED-TRACE 11088 3278 R 32 2e3a73f7d
SCHED-TRACE 11089 3279 U 4 1753d4
SCHED-TRACE 11090 3279 V 4 1753fb
SCHED-TRACE 11091 3279 O 0 0
SCHED-TRACE 11092 3279 P 32 2e3ba6666
SCHED-TRACE 11093 3280 K 31 2e32fc9ed
SCHED-TRACE 11094 3280 P 32 2e3ce147b
SCHED-TRACE 11095 3281 P 32 2e3d7645a
SCHED-TRACE 11096 3281 I 31 175872
SCHED-TRACE 11097 3281 B 31 b5
SCHED-TRACE 11098 3281 P 31 2e3c57801
SCHED-TRACE 11099 3281 R 31 2e3c57801
SCHED-TRACE 11100 3282 U 4 1758eb
SCHED-TRACE 11101 3282 V 4 175912
SCHED-TRACE 11102 3282 O 0 0
SCHED-TRACE 11103 3282 P 31 2e3d8cbf9
SCHED-TRACE 11104 3283 K 32 2e3d7645a
SCHED-TRACE 11105 3283 P 31 2e3ec69ab
SCHED-TRACE 11106 3284 P 31 2e3f5c1bc
SCHED-TRACE 11107 3284 I 32 175d89
SCHED-TRACE 11108 3284 B 32 b1
SCHED-TRACE 11109 3284 P 32 2e46d0a3d
SCHED-TRACE 11110 3284 R 32 2e46d0a3d
SCHED-TRACE 11111 3285 U 4 175e01
SCHED-TRACE 11112 3285 V 4 175e29
SCHED-TRACE 11113 3285 O 0 0
SCHED-TRACE 11114 3285 P 32 2e4806e97
SCHED-TRACE 11115 3286 K 31 2e3f5c1bc
SCHED-TRACE 11116 3286 P 32 2e4941062
SCHED-TRACE 11117 3287 P 32 2e49d645a
SCHED-TRACE 11118 3287 I 31 1762a0
SCHED-TRACE 11119 3287 B 31 b2
SCHED-TRACE 11120 3287 P 31 2e48b73e9
SCHED-TRACE 11121 3287 R 31 2e48b73e9
SCHED-TRACE 11122 3288 U 4 176317
SCHED-TRACE 11123 3288 V 4 17633d
SCHED-TRACE 11124 3288 O 0 0
SCHED-TRACE 11125 3288 P 31 2e49e7a0e
SCHED-TRACE 11126 3289 K 32 2e49d645a
SCHED-TRACE 11127 3289 P 31 2e4b20b76
SCHED-TRACE 11128 3290 P 31 2e4bb5b55
SCHED-TRACE 11129 3290 I 32 1767b3
SCHED-TRACE 11130 3290 B 32 b5
SCHED-TRACE 11131 3290 P 32 2e5331eb8
SCHED-TRACE 11132 3290 R 32 2e5331eb8
SCHED-TRACE 11133 3291 U 4 17682b
SCHED-TRACE 11134 3291 V 4 176853
SCHED-TRACE 11135 3291 O 0 0
SCHED-TRACE 11136 3291 P 32 2e5467ae1
SCHED-TRACE 11137 3292 K 31 2e4bb5b55
SCHED-TRACE 11138 3292 P 32 2e55a24dd
SCHED-TRACE 11139 3293 P 32 2e56378d5
SCHED-TRACE 11140 3293 I 31 176cca
SCHED-TRACE 11141 3293 B 31 b3
SCHED-TRACE 11142 3293 P 31 2e551096a
SCHED-TRACE 11143 3293 R 31 2e551096a
SCHED-TRACE 11144 3294 U 4 176d43
SCHED-TRACE 11145 3294 V 4 176d6a
SCHED-TRACE 11146 3294 O 0 0
SCHED-TRACE 11147 3294 P 31 2e564617a
SCHED-TRACE 11148 3295 K 32 2e56378d5
SCHED-TRACE 11149 3295 P 31 2e57813a7
SCHED-TRACE 11150 3296 P 31 2e5816387
SCHED-TRACE 11151 3296 I 32 1771e1
SCHED-TRACE 11152 3296 B 32 b5
SCHED-TRACE 11153 3296 P 32 2e5f926e9
SCHED-TRACE 11154 3296 R 32 2e5f926e9
SCHED-TRACE 11155 3297 U 4 177259
SCHED-TRACE 11156 3297 V 4 177280
SCHED-TRACE 11157 3297 O 0 0
SCHED-TRACE 11158 3297 P 32 2e60c4189
SCHED-TRACE 11159 3298 K 31 2e5816387
SCHED-TRACE 11160 3298 P 32 2e61fcac0
SCHED-TRACE 11161 3299 P 32 2e629126e
SCHED-TRACE 11162 3299 I 31 1776f6
SCHED-TRACE 11163 3299 B 31 b0
SCHED-TRACE 11164 3299 P 31 2e61715b4
SCHED-TRACE 11165 3299 R 31 2e61715b4
SCHED-TRACE 11166 3300 U 4 17776e
SCHED-TRACE 11167 3300 V 4 177795
SCHED-TRACE 11168 3300 O 0 0
SCHED-TRACE 11169 3300 P 31 2e62a48e7
SCHED-TRACE 11170 3301 K 32 2e629126e
SCHED-TRACE 11171 3301 P 31 2e63df6fb
SCHED-TRACE 11172 3302 P 31 2e6474af3
SCHED-TRACE 11173 3302 I 32 177c0b
SCHED-TRACE 11174 3302 B 32 b3
SCHED-TRACE 11175 3302 P 32 2e6bea3d7
SCHED-TRACE 11176 3302 R 32 2e6bea3d7
SCHED-TRACE 11177 3303 U 4 177c84
SCHED-TRACE 11178 3303 V 4 177cab
SCHED-TRACE 11179 3303 O 0 0
SCHED-TRACE 11180 3303 P 32 2e6d1ef9d
SCHED-TRACE 11181 3304 K 31 2e6474af3
SCHED-TRACE 11182 3304 P 32 2e6e5a5e3
SCHED-TRACE 11183 3305 P 32 2e6eef9db
SCHED-TRACE 11184 3305 I 31 178122
SCHED-TRACE 11185 3305 B 31 b5
SCHED-TRACE 11186 3305 P 31 2e6dce8a5
SCHED-TRACE 11187 3305 R 31 2e6dce8a5
SCHED-TRACE 11188 3306 U 4 17819b
SCHED-TRACE 11189 3306 V 4 1781c3
SCHED-TRACE 11190 3306 O 0 0
SCHED-TRACE 11191 3306 P 31 2e6f05118
SCHED-TRACE 11192 3307 K 32 2e6eef9db
SCHED-TRACE 11193 3307 P 31 2e703f2e3
SCHED-TRACE 11194 3308 P 31 2e70d3260
SCHED-TRACE 11195 3308 I 32 17863a
SCHED-TRACE 11196 3308 B 32 b3
SCHED-TRACE 11197 3308 P 32 2e784c8b4
SCHED-TRACE 11198 3308 R 32 2e784c8b4
SCHED-TRACE 11199 3309 U 4 1786b2
SCHED-TRACE 11200 3309 V 4 1786d9
SCHED-TRACE 11201 3309 O 0 0
SCHED-TRACE 11202 3309 P 32 2e7980000
SCHED-TRACE 11203 3310 K 31 2e70d3260
SCHED-TRACE 11204 3310 P 32 2e7aba9fc
SCHED-TRACE 11205 3311 P 32 2e7b4f5c2
SCHED-TRACE 11206 3311 I 31 178b50
SCHED-TRACE 11207 3311 B 31 b4
SCHED-TRACE 11208 3311 P 31 2e7a2e074
SCHED-TRACE 11209 3311 R 31 2e7a2e074
SCHED-TRACE 11210 3312 U 4 178bc8
SCHED-TRACE 11211 3312 V 4 178bef
SCHED-TRACE 11212 3312 O 0 0
SCHED-TRACE 11213 3312 P 31 2e7b61bd9
SCHED-TRACE 11214 3313 K 32 2e7b4f5c2
SCHED-TRACE 11215 3313 P 31 2e7c9bda3
SCHED-TRACE 11216 3314 P 31 2e7d30d83
SCHED-TRACE 11217 3314 I 32 179066
SCHED-TRACE 11218 3314 B 32 b1
SCHED-TRACE 11219 3314 P 32 2e84aa7ef
SCHED-TRACE 11220 3314 R 32 2e84aa7ef
SCHED-TRACE 11221 3315 U 4 1790de
SCHED-TRACE 11222 3315 V 4 179106
SCHED-TRACE 11223 3315 O 0 0
SCHED-TRACE 11224 3315 P 32 2e85def9d
SCHED-TRACE 11225 3316 K 31 2e7d30d83
SCHED-TRACE 11226 3316 P 32 2e8719db2
SCHED-TRACE 11227 3317 P 32 2e87af1aa
SCHED-TRACE 11228 3317 I 31 17957c
SCHED-TRACE 11229 3317 B 31 b3
SCHED-TRACE 11230 3317 P 31 2e86896ba
SCHED-TRACE 11231 3317 R 31 2e86896ba
SCHED-TRACE 11232 3318 U 4 1795f5
SCHED-TRACE 11233 3318 V 4 17961c
SCHED-TRACE 11234 3318 O 0 0
SCHED-TRACE 11235 3318 P 31 2e87bff2c
SCHED-TRACE 11236 3319 K 32 2e87af1aa
SCHED-TRACE 11237 3319 P 31 2e88fa928
SCHED-TRACE 11238 3320 P 31 2e898f908
SCHED-TRACE 11239 3320 I 32 179a93
SCHED-TRACE 11240 3320 B 32 b5
SCHED-TRACE 11241 3320 P 32 2e9109ba6
SCHED-TRACE 11242 3320 R 32 2e9109ba6
SCHED-TRACE 11243 3321 U 4 179b0b
SCHED-TRACE 11244 3321 V 4 179b32
SCHED-TRACE 11245 3321 O 0 0
SCHED-TRACE 11246 3321 P 32 2e923d2f1
SCHED-TRACE 11247 3322 K 31 2e898f908
SCHED-TRACE 11248 3322 P 32 2e93774bc
SCHED-TRACE 11249 3323 P 32 2e940cccd
SCHED-TRACE 11250 3323 I 31 179fa8
SCHED-TRACE 11251 3323 B 31 b4
SCHED-TRACE 11252 3323 P 31 2e92e8e89
SCHED-TRACE 11253 3323 R 31 2e92e8e89
SCHED-TRACE 11254 3324 U 4 17a021
SCHED-TRACE 11255 3324 V 4 17a049
SCHED-TRACE 11256 3324 O 0 0
SCHED-TRACE 11257 3324 P 31 2e9420345
SCHED-TRACE 11258 3325 K 32 2e940cccd
SCHED-TRACE 11259 3325 P 31 2e955b98b
SCHED-TRACE 11260 3326 P 31 2e95f0d83
SCHED-TRACE 11261 3326 I 32 17a4c0
SCHED-TRACE 11262 3326 B 32 b5
SCHED-TRACE 11263 3326 P 32 2e9d67efa
SCHED-TRACE 11264 3326 R 32 2e9d67efa
SCHED-TRACE 11265 3327 U 4 17a539
SCHED-TRACE 11266 3327 V 4 17a560
SCHED-TRACE 11267 3327 O 0 0
SCHED-TRACE 11268 3327 P 32 2e9e9ced9
SCHED-TRACE 11269 3328 K 31 2e95f0d83
SCHED-TRACE 11270 3328 P 32 2e9fd6872
SCHED-TRACE 11271 3329 P 32 2ea06c083
SCHED-TRACE 11272 3329 I 31 17a9d7
SCHED-TRACE 11273 3329 B 31 af
SCHED-TRACE 11274 3329 P 31 2e9f4ab35
SCHED-TRACE 11275 3329 R 31 2e9f4ab35
SCHED-TRACE 11276 3330 U 4 17aa4f
SCHED-TRACE 11277 3330 V 4 17aa76
SCHED-TRACE 11278 3330 O 0 0
SCHED-TRACE 11279 3330 P 31 2ea07d21e
SCHED-TRACE 11280 3331 K 32 2ea06c083
SCHED-TRACE 11281 3331 P 31 2ea1b73e9
SCHED-TRACE 11282 3332 P 31 2ea24bb97
SCHED-TRACE 11283 3332 I 32 17aeec
SCHED-TRACE 11284 3332 B 32 b5
SCHED-TRACE 11285 3332 P 32 2ea9c76c8
SCHED-TRACE 11286 3332 R 32 2ea9c76c8
SCHED-TRACE 11287 3333 U 4 17af64
SCHED-TRACE 11288 3333 V 4 17af8c
SCHED-TRACE 11289 3333 O 0 0
SCHED-TRACE 11290 3333 P 32 2eaafbe77
SCHED-TRACE 11291 3334 K 31 2ea24bb97
SCHED-TRACE 11292 3334 P 32 2eac374bc
SCHED-TRACE 11293 3335 P 32 2eaccc8b4
SCHED-TRACE 11294 3335 I 31 17b402
SCHED-TRACE 11295 3335 B 31 b4
SCHED-TRACE 11296 3335 P 31 2eaba40b6
SCHED-TRACE 11297 3335 R 31 2eaba40b6
SCHED-TRACE 11298 3336 U 4 17b47b
SCHED-TRACE 11299 3336 V 4 17b4a3
SCHED-TRACE 11300 3336 O 0 0
SCHED-TRACE 11301 3336 P 31 2eacda510
SCHED-TRACE 11302 3337 K 32 2eaccc8b4
SCHED-TRACE 11303 3337 P 31 2eae15324
SCHED-TRACE 11304 3338 P 31 2eaeaa304
SCHED-TRACE 11305 3338 I 32 17b919
SCHED-TRACE 11306 3338 B 32 b3
SCHED-TRACE 11307 3338 P 32 2eb6251eb
SCHED-TRACE 11308 3338 R 32 2eb6251eb
SCHED-TRACE 11309 3339 U 4 17b992
SCHED-TRACE 11310 3339 V 4 17b9b9
SCHED-TRACE 11311 3339 O 0 0
SCHED-TRACE 11312 3339 P 32 2eb75ae14
SCHED-TRACE 11313 3340 K 31 2eaeaa304
SCHED-TRACE 11314 3340 P 32 2eb896041
SCHED-TRACE 11315 3341 P 32 2eb92b021
SCHED-TRACE 11316 3341 I 31 17be30
SCHED-TRACE 11317 3341 B 31 b5
SCHED-TRACE 11318 3341 P 31 2eb803c9d
SCHED-TRACE 11319 3341 R 31 2eb803c9d
SCHED-TRACE 11320 3342 U 4 17bea9
SCHED-TRACE 11321 3342 V 4 17bed1
SCHED-TRACE 11322 3342 O 0 0
SCHED-TRACE 11323 3342 P 31 2eb9398c6
SCHED-TRACE 11324 3343 K 32 2eb92b021
SCHED-TRACE 11325 3343 P 31 2eba73a91
SCHED-TRACE 11326 3344 P 31 2ebb08a70
SCHED-TRACE 11327 3344 I 32 17c348
SCHED-TRACE 11328 3344 B 32 b0
SCHED-TRACE 11329 3344 P 32 2ec286666
SCHED-TRACE 11330 3344 R 32 2ec286666
SCHED-TRACE 11331 3345 U 4 17c3be
SCHED-TRACE 11332 3345 V 4 17c3e4
SCHED-TRACE 11333 3345 O 0 0
SCHED-TRACE 11334 3345 P 32 2ec3b3f7d
SCHED-TRACE 11335 3346 K 31 2ebb08a70
SCHED-TRACE 11336 3346 P 32 2ec4eed91
SCHED-TRACE 11337 3347 P 32 2ec584189
SCHED-TRACE 11338 3347 I 31 17c85a
SCHED-TRACE 11339 3347 B 31 b4
SCHED-TRACE 11340 3347 P 31 2ec462c3b
SCHED-TRACE 11341 3347 R 31 2ec462c3b
SCHED-TRACE 11342 3348 U 4 17c8d3
SCHED-TRACE 11343 3348 V 4 17c8fa
SCHED-TRACE 11344 3348 O 0 0
SCHED-TRACE 11345 3348 P 31 2ec59844b
SCHED-TRACE 11346 3349 K 32 2ec584189
SCHED-TRACE 11347 3349 P 31 2ec6d3260
SCHED-TRACE 11348 3350 P 31 2ec76823f
SCHED-TRACE 11349 3350 I 32 17cd71
SCHED-TRACE 11350 3350 B 32 b4
SCHED-TRACE 11351 3350 P 32 2ecede76c
SCHED-TRACE 11352 3350 R 32 2ecede76c
SCHED-TRACE 11353 3351 U 4 17cdea
SCHED-TRACE 11354 3351 V 4 17ce11
SCHED-TRACE 11355 3351 O 0 0
SCHED-TRACE 11356 3351 P 32 2ed014395
SCHED-TRACE 11357 3352 K 31 2ec76823f
SCHED-TRACE 11358 3352 P 32 2ed14e979
SCHED-TRACE 11359 3353 P 32 2ed1e3958
SCHED-TRACE 11360 3353 I 31 17d288
SCHED-TRACE 11361 3353 B 31 b4
SCHED-TRACE 11362 3353 P 31 2ed0c2c3b
SCHED-TRACE 11363 3353 R 31 2ed0c2c3b
SCHED-TRACE 11364 3354 U 4 17d300
SCHED-TRACE 11365 3354 V 4 17d326
SCHED-TRACE 11366 3354 O 0 0
SCHED-TRACE 11367 3354 P 31 2ed1f4f0c
SCHED-TRACE 11368 3355 K 32 2ed1e3958
SCHED-TRACE 11369 3355 P 31 2ed32e8a5
SCHED-TRACE 11370 3356 P 31 2ed3c3c9d
SCHED-TRACE 11371 3356 I 32 17d79c
SCHED-TRACE 11372 3356 B 32 b5
SCHED-TRACE 11373 3356 P 32 2edb3db23
SCHED-TRACE 11374 3356 R 32 2edb3db23
SCHED-TRACE 11375 3357 U 4 17d815
SCHED-TRACE 11376 3357 V 4 17d83c
SCHED-TRACE 11377 3357 O 0 0
SCHED-TRACE 11378 3357 P 32 2edc74395
SCHED-TRACE 11379 3358 K 31 2ed3c3c9d
SCHED-TRACE 11380 3358 P 32 2eddae560
SCHED-TRACE 11381 3359 P 32 2ede43958
SCHED-TRACE 11382 3359 I 31 17dcb3
SCHED-TRACE 11383 3359 B 31 b0
SCHED-TRACE 11384 3359 P 31 2edd1d21e
SCHED-TRACE 11385 3359 R 31 2edd1d21e
SCHED-TRACE 11386 3360 U 4 17dd2c
SCHED-TRACE 11387 3360 V 4 17dd53
SCHED-TRACE 11388 3360 O 0 0
SCHED-TRACE 11389 3360 P 31 2ede521fd
SCHED-TRACE 11390 3361 K 32 2ede43958
SCHED-TRACE 11391 3361 P 31 2edf8d42a
SCHED-TRACE 11392 3362 P 31 2ee022c3b
SCHED-TRACE 11393 3362 I 32 17e1c9
SCHED-TRACE 11394 3362 B 32 b5
SCHED-TRACE 11395 3362 P 32 2ee79c6a8
SCHED-TRACE 11396 3362 R 32 2ee79c6a8
SCHED-TRACE 11397 3363 U 4 17e242
SCHED-TRACE 11398 3363 V 4 17e268
SCHED-TRACE 11399 3363 O 0 0
SCHED-TRACE 11400 3363 P 32 2ee8ce560
SCHED-TRACE 11401 3364 K 31 2ee022c3b
SCHED-TRACE 11402 3364 P 32 2eea076c8
SCHED-TRACE 11403 3365 P 32 2eea9be77
SCHED-TRACE 11404 3365 I 31 17e6de
SCHED-TRACE 11405 3365 B 31 b4
SCHED-TRACE 11406 3365 P 31 2ee97de68
SCHED-TRACE 11407 3365 R 31 2ee97de68
SCHED-TRACE 11408 3366 U 4 17e757
SCHED-TRACE 11409 3366 V 4 17e77e
SCHED-TRACE 11410 3366 O 0 0
SCHED-TRACE 11411 3366 P 31 2eeab2616
SCHED-TRACE 11412 3367 K 32 2eea9be77
SCHED-TRACE 11413 3367 P 31 2eebed012
SCHED-TRACE 11414 3368 P 31 2eec8240a
SCHED-TRACE 11415 3368 I 32 17ebf4
SCHED-TRACE 11416 3368 B 32 b3
SCHED-TRACE 11417 3368 P 32 2ef3f53f8
SCHED-TRACE 11418 3368 R 32 2ef3f53f8
SCHED-TRACE 11419 3369 U 4 17ec6d
SCHED-TRACE 11420 3369 V 4 17ec94
SCHED-TRACE 11421 3369 O 0 0
SCHED-TRACE 11422 3369 P 32 2ef52a7ef
SCHED-TRACE 11423 3370 K 31 2eec8240a
SCHED-TRACE 11424 3370 P 32 2ef665e35
SCHED-TRACE 11425 3371 P 32 2ef6fb22d
SCHED-TRACE 11426 3371 I 31 17f10b
SCHED-TRACE 11427 3371 B 31 b5
SCHED-TRACE 11428 3371 P 31 2ef5db572
SCHED-TRACE 11429 3371 R 31 2ef5db572
SCHED-TRACE 11430 3372 U 4 17f184
SCHED-TRACE 11431 3372 V 4 17f1ac
SCHED-TRACE 11432 3372 O 0 0
SCHED-TRACE 11433 3372 P 31 2ef711de5
SCHED-TRACE 11434 3373 K 32 2ef6fb22d
SCHED-TRACE 11435 3373 P 31 2ef84d012
SCHED-TRACE 11436 3374 P 31 2ef8e17c0
SCHED-TRACE 11437 3374 I 32 17f623
SCHED-TRACE 11438 3374 B 32 b1
SCHED-TRACE 11439 3374 P 32 2f0055810
SCHED-TRACE 11440 3374 R 32 2f0055810
SCHED-TRACE 11441 3375 U 4 17f69c
SCHED-TRACE 11442 3375 V 4 17f6c3
SCHED-TRACE 11443 3375 O 0 0
SCHED-TRACE 11444 3375 P 32 2f0189374
SCHED-TRACE 11445 3376 K 31 2ef8e17c0
SCHED-TRACE 11446 3376 P 32 2f02c4189
SCHED-TRACE 11447 3377 P 32 2f0359581
SCHED-TRACE 11448 3377 I 31 17fb39
SCHED-TRACE 11449 3377 B 31 b5
SCHED-TRACE 11450 3377 P 31 2f023ad41
SCHED-TRACE 11451 3377 R 31 2f023ad41
SCHED-TRACE 11452 3378 U 4 17fbb2
SCHED-TRACE 11453 3378 V 4 17fbd9
SCHED-TRACE 11454 3378 O 0 0
SCHED-TRACE 11455 3378 P 31 2f036ecbe
SCHED-TRACE 11456 3379 K 32 2f0359581
SCHED-TRACE 11457 3379 P 31 2f04aa71c
SCHED-TRACE 11458 3380 P 31 2f053f6fb
SCHED-TRACE 11459 3380 I 32 18004f
SCHED-TRACE 11460 3380 B 32 b4
SCHED-TRACE 11461 3380 P 32 2f0cb1eb8
SCHED-TRACE 11462 3380 R 32 2f0cb1eb8
SCHED-TRACE 11463 3381 U 4 1800c8
SCHED-TRACE 11464 3381 V 4 1800f0
SCHED-TRACE 11465 3381 O 0 0
SCHED-TRACE 11466 3381 P 32 2f0de872b
SCHED-TRACE 11467 3382 K 31 2f053f6fb
SCHED-TRACE 11468 3382 P 32 2f0f24189
SCHED-TRACE 11469 3383 P 32 2f0fb9999
SCHED-TRACE 11470 3383 I 31 180567
SCHED-TRACE 11471 3383 B 31 b5
SCHED-TRACE 11472 3383 P 31 2f0e994ae
SCHED-TRACE 11473 3383 R 31 2f0e994ae
SCHED-TRACE 11474 3384 U 4 1805e0
SCHED-TRACE 11475 3384 V 4 180607
SCHED-TRACE 11476 3384 O 0 0
SCHED-TRACE 11477 3384 P 31 2f0fcf0d6
SCHED-TRACE 11478 3385 K 32 2f0fb9999
SCHED-TRACE 11479 3385 P 31 2f1109ad2
SCHED-TRACE 11480 3386 P 31 2f119eab2
SCHED-TRACE 11481 3386 I 32 180a7e
SCHED-TRACE 11482 3386 B 32 b5
SCHED-TRACE 11483 3386 P 32 2f191374c
SCHED-TRACE 11484 3386 R 32 2f191374c
SCHED-TRACE 11485 3387 U 4 180af6
SCHED-TRACE 11486 3387 V 4 180b1d
SCHED-TRACE 11487 3387 O 0 0
SCHED-TRACE 11488 3387 P 32 2f1a46a7f
SCHED-TRACE 11489 3388 K 31 2f119eab2
SCHED-TRACE 11490 3388 P 32 2f1b7f3b6
SCHED-TRACE 11491 3389 P 32 2f1c14fdf
SCHED-TRACE 11492 3389 I 31 180f93
SCHED-TRACE 11493 3389 B 31 af
SCHED-TRACE 11494 3389 P 31 2f1af7801
SCHED-TRACE 11495 3389 R 31 2f1af7801
SCHED-TRACE 11496 3390 U 4 18100b
SCHED-TRACE 11497 3390 V 4 181032
SCHED-TRACE 11498 3390 O 0 0
SCHED-TRACE 11499 3390 P 31 2f1c2d42a
SCHED-TRACE 11500 3391 K 32 2f1c14fdf
SCHED-TRACE 11501 3391 P 31 2f1d68658
SCHED-TRACE 11502 3392 P 31 2f1dfda4f
SCHED-TRACE 11503 3392 I 32 1814a9
SCHED-TRACE 11504 3392 B 32 b4
SCHED-TRACE 11505 3392 P 32 2f256dd2f
SCHED-TRACE 11506 3392 R 32 2f256dd2f
SCHED-TRACE 11507 3393 U 4 181522
SCHED-TRACE 11508 3393 V 4 181549
SCHED-TRACE 11509 3393 O 0 0
SCHED-TRACE 11510 3393 P 32 2f26a353f
SCHED-TRACE 11511 3394 K 31 2f1dfda4f
SCHED-TRACE 11512 3394 P 32 2f27de354
SCHED-TRACE 11513 3395 P 32 2f2873f7d
SCHED-TRACE 11514 3395 I 31 1819c0
SCHED-TRACE 11515 3395 B 31 b4
SCHED-TRACE 11516 3395 P 31 2f2756fd0
SCHED-TRACE 11517 3395 R 31 2f2756fd0
SCHED-TRACE 11518 3396 U 4 181a39
SCHED-TRACE 11519 3396 V 4 181a61
SCHED-TRACE 11520 3396 O 0 0
SCHED-TRACE 11521 3396 P 31 2f288d012
SCHED-TRACE 11522 3397 K 32 2f2873f7d
SCHED-TRACE 11523 3397 P 31 2f29c75f5
SCHED-TRACE 11524 3398 P 31 2f2a5c1bc
SCHED-TRACE 11525 3398 I 32 181ed7
SCHED-TRACE 11526 3398 B 32 b4
SCHED-TRACE 11527 3398 P 32 2f31ce979
SCHED-TRACE 11528 3398 R 32 2f31ce979
SCHED-TRACE 11529 3399 U 4 181f50
SCHED-TRACE 11530 3399 V 4 181f77
SCHED-TRACE 11531 3399 O 0 0
SCHED-TRACE 11532 3399 P 32 2f3303958
SCHED-TRACE 11533 3400 K 31 2f2a5c1bc
SCHED-TRACE 11534 3400 P 32 2f343eb85
SCHED-TRACE 11535 3401 P 32 2f34d4395
SCHED-TRACE 11536 3401 I 31 1823ee
SCHED-TRACE 11537 3401 B 31 b2
SCHED-TRACE 11538 3401 P 31 2f33b573d
SCHED-TRACE 11539 3401 R 31 2f33b573d
SCHED-TRACE 11540 3402 U 4 182467
SCHED-TRACE 11541 3402 V 4 18248e
SCHED-TRACE 11542 3402 O 0 0
SCHED-TRACE 11543 3402 P 31 2f34ebb97
SCHED-TRACE 11544 3403 K 32 2f34d4395
SCHED-TRACE 11545 3403 P 31 2f3625d62
SCHED-TRACE 11546 3404 P 31 2f36bb15a
SCHED-TRACE 11547 3404 I 32 182905
SCHED-TRACE 11548 3404 B 32 b1
SCHED-TRACE 11549 3404 P 32 2f3e2d916
SCHED-TRACE 11550 3404 R 32 2f3e2d916
SCHED-TRACE 11551 3405 U 4 18297e
SCHED-TRACE 11552 3405 V 4 1829a5
SCHED-TRACE 11553 3405 O 0 0
SCHED-TRACE 11554 3405 P 32 2f3f628f6
SCHED-TRACE 11555 3406 K 31 2f36bb15a
SCHED-TRACE 11556 3406 P 32 2f409e76c
SCHED-TRACE 11557 3407 P 32 2f413374c
SCHED-TRACE 11558 3407 I 31 182e1c
SCHED-TRACE 11559 3407 B 31 b4
SCHED-TRACE 11560 3407 P 31 2f4014f0c
SCHED-TRACE 11561 3407 R 31 2f4014f0c
SCHED-TRACE 11562 3408 U 4 182e96
SCHED-TRACE 11563 3408 V 4 182ebd
SCHED-TRACE 11564 3408 O 0 0
SCHED-TRACE 11565 3408 P 31 2f414a71c
SCHED-TRACE 11566 3409 K 32 2f413374c
SCHED-TRACE 11567 3409 P 31 2f4285118
SCHED-TRACE 11568 3410 P 31 2f431a510
SCHED-TRACE 11569 3410 I 32 183334
SCHED-TRACE 11570 3410 B 32 b4
SCHED-TRACE 11571 3410 P 32 2f4a8e979
SCHED-TRACE 11572 3410 R 32 2f4a8e979
SCHED-TRACE 11573 3411 U 4 1833ac
SCHED-TRACE 11574 3411 V 4 1833d3
SCHED-TRACE 11575 3411 O 0 0
SCHED-TRACE 11576 3411 P 32 2f4bc1062
SCHED-TRACE 11577 3412 K 31 2f431a510
SCHED-TRACE 11578 3412 P 32 2f4cfcac0
SCHED-TRACE 11579 3413 P 32 2f4d922d1
SCHED-TRACE 11580 3413 I 31 183849
SCHED-TRACE 11581 3413 B 31 b4
SCHED-TRACE 11582 3413 P 31 2f4c72616
SCHED-TRACE 11583 3413 R 31 2f4c72616
SCHED-TRACE 11584 3414 U 4 1838c2
SCHED-TRACE 11585 3414 V 4 1838ea
SCHED-TRACE 11586 3414 O 0 0
SCHED-TRACE 11587 3414 P 31 2f4da96ba
SCHED-TRACE 11588 3415 K 32 2f4d922d1
SCHED-TRACE 11589 3415 P 31 2f4ee4cff
SCHED-TRACE 11590 3416 P 31 2f4f7a0f7
SCHED-TRACE 11591 3416 I 32 183d61
SCHED-TRACE 11592 3416 B 32 b3
SCHED-TRACE 11593 3416 P 32 2f56eb852
SCHED-TRACE 11594 3416 R 32 2f56eb852
SCHED-TRACE 11595 3417 U 4 183dda
SCHED-TRACE 11596 3417 V 4 183e02
SCHED-TRACE 11597 3417 O 0 0
SCHED-TRACE 11598 3417 P 32 2f58224dd
SCHED-TRACE 11599 3418 K 31 2f4f7a0f7
SCHED-TRACE 11600 3418 P 32 2f595c6a8
SCHED-TRACE 11601 3419 P 32 2f59f1a9f
SCHED-TRACE 11602 3419 I 31 184279
SCHED-TRACE 11603 3419 B 31 b0
SCHED-TRACE 11604 3419 P 31 2f58d42c2
SCHED-TRACE 11605 3419 R 31 2f58d42c2
SCHED-TRACE 11606 3420 U 4 1842ef
SCHED-TRACE 11607 3420 V 4 184314
SCHED-TRACE 11608 3420 O 0 0
SCHED-TRACE 11609 3420 P 31 2f5a00f8f
SCHED-TRACE 11610 3421 K 32 2f59f1a9f
SCHED-TRACE 11611 3421 P 31 2f5b38c7c
SCHED-TRACE 11612 3422 P 31 2f5bce074
SCHED-TRACE 11613 3422 I 32 184789
SCHED-TRACE 11614 3422 B 32 b4
SCHED-TRACE 11615 3422 P 32 2f634c8b4
SCHED-TRACE 11616 3422 R 32 2f634c8b4
SCHED-TRACE 11617 3423 U 4 184801
SCHED-TRACE 11618 3423 V 4 184829
SCHED-TRACE 11619 3423 O 0 0
SCHED-TRACE 11620 3423 P 32 2f6482d0e
SCHED-TRACE 11621 3424 K 31 2f5bce074
SCHED-TRACE 11622 3424 P 32 2f65bd70a
SCHED-TRACE 11623 3425 P 32 2f6652f1a
SCHED-TRACE 11624 3425 I 31 184ca0
SCHED-TRACE 11625 3425 B 31 b4
SCHED-TRACE 11626 3425 P 31 2f6528658
SCHED-TRACE 11627 3425 R 31 2f6528658
SCHED-TRACE 11628 3426 U 4 184d19
SCHED-TRACE 11629 3426 V 4 184d40
SCHED-TRACE 11630 3426 O 0 0
SCHED-TRACE 11631 3426 P 31 2f665de68
SCHED-TRACE 11632 3427 K 32 2f6652f1a
SCHED-TRACE 11633 3427 P 31 2f6799095
SCHED-TRACE 11634 3428 P 31 2f682e48d
SCHED-TRACE 11635 3428 I 32 1851b7
SCHED-TRACE 11636 3428 B 32 b5
SCHED-TRACE 11637 3428 P 32 2f6fad916
SCHED-TRACE 11638 3428 R 32 2f6fad916
SCHED-TRACE 11639 3429 U 4 185230
SCHED-TRACE 11640 3429 V 4 185257
SCHED-TRACE 11641 3429 O 0 0
SCHED-TRACE 11642 3429 P 32 2f70e28f6
SCHED-TRACE 11643 3430 K 31 2f682e48d
SCHED-TRACE 11644 3430 P 32 2f721be77
SCHED-TRACE 11645 3431 P 32 2f72b0625
SCHED-TRACE 11646 3431 I 31 1856cd
SCHED-TRACE 11647 3431 B 31 b3
SCHED-TRACE 11648 3431 P 31 2f7188a70
SCHED-TRACE 11649 3431 R 31 2f7188a70
SCHED-TRACE 11650 3432 U 4 185745
SCHED-TRACE 11651 3432 V 4 18576c
SCHED-TRACE 11652 3432 O 0 0
SCHED-TRACE 11653 3432 P 31 2f72bd21e
SCHED-TRACE 11654 3433 K 32 2f72b0625
SCHED-TRACE 11655 3433 P 31 2f73f73e9
SCHED-TRACE 11656 3434 P 31 2f748c3c8
SCHED-TRACE 11657 3434 I 32 185be3
SCHED-TRACE 11658 3434 B 32 b2
SCHED-TRACE 11659 3434 P 32 2f7c0b021
SCHED-TRACE 11660 3434 R 32 2f7c0b021
SCHED-TRACE 11661 3435 U 4 185c5b
SCHED-TRACE 11662 3435 V 4 185c82
SCHED-TRACE 11663 3435 O 0 0
SCHED-TRACE 11664 3435 P 32 2f7d3f7cf
SCHED-TRACE 11665 3436 K 31 2f748c3c8
SCHED-TRACE 11666 3436 P 32 2f7e7ae14
SCHED-TRACE 11667 3437 P 32 2f7f10625
SCHED-TRACE 11668 3437 I 31 1860f9
SCHED-TRACE 11669 3437 B 31 b5
SCHED-TRACE 11670 3437 P 31 2f7de617a
SCHED-TRACE 11671 3437 R 31 2f7de617a
SCHED-TRACE 11672 3438 U 4 186172
SCHED-TRACE 11673 3438 V 4 18619a
SCHED-TRACE 11674 3438 O 0 0
SCHED-TRACE 11675 3438 P 31 2f7f1c9ed
SCHED-TRACE 11676 3439 K 32 2f7f10625
SCHED-TRACE 11677 3439 P 31 2f8058864
SCHED-TRACE 11678 3440 P 31 2f80ecbf9
SCHED-TRACE 11679 3440 I 32 186611
SCHED-TRACE 11680 3440 B 32 b4
SCHED-TRACE 11681 3440 P 32 2f886b439
SCHED-TRACE 11682 3440 R 32 2f886b439
SCHED-TRACE 11683 3441 U 4 18668a
SCHED-TRACE 11684 3441 V 4 1866b1
SCHED-TRACE 11685 3441 O 0 0
SCHED-TRACE 11686 3441 P 32 2f899f7cf
SCHED-TRACE 11687 3442 K 31 2f80ecbf9
SCHED-TRACE 11688 3442 P 32 2f8ada1ca
SCHED-TRACE 11689 3443 P 32 2f8b6f1aa
SCHED-TRACE 11690 3443 I 31 186b28
SCHED-TRACE 11691 3443 B 31 b5
SCHED-TRACE 11692 3443 P 31 2f8a48658
SCHED-TRACE 11693 3443 R 31 2f8a48658
SCHED-TRACE 11694 3444 U 4 186ba0
SCHED-TRACE 11695 3444 V 4 186bc7
SCHED-TRACE 11696 3444 O 0 0
SCHED-TRACE 11697 3444 P 31 2f8b7c1bc
SCHED-TRACE 11698 3445 K 32 2f8b6f1aa
SCHED-TRACE 11699 3445 P 31 2f8cb6fd0
SCHED-TRACE 11700 3446 P 31 2f8d4c3c8
SCHED-TRACE 11701 3446 I 32 18703e
SCHED-TRACE 11702 3446 B 32 b4
SCHED-TRACE 11703 3446 P 32 2f94c8f5c
SCHED-TRACE 11704 3446 R 32 2f94c8f5c
SCHED-TRACE 11705 3447 U 4 1870b7
SCHED-TRACE 11706 3447 V 4 1870de
SCHED-TRACE 11707 3447 O 0 0
SCHED-TRACE 11708 3447 P 32 2f95fe76c
SCHED-TRACE 11709 3448 K 31 2f8d4c3c8
SCHED-TRACE 11710 3448 P 32 2f973a5e3
SCHED-TRACE 11711 3449 P 32 2f97cf9db
SCHED-TRACE 11712 3449 I 31 187555
SCHED-TRACE 11713 3449 B 31 b6
SCHED-TRACE 11714 3449 P 31 2f96a4cff
SCHED-TRACE 11715 3449 R 31 2f96a4cff
SCHED-TRACE 11716 3450 U 4 1875ce
SCHED-TRACE 11717 3450 V 4 1875f6
SCHED-TRACE 11718 3450 O 0 0
SCHED-TRACE 11719 3450 P 31 2f97db98b
SCHED-TRACE 11720 3451 K 32 2f97cf9db
SCHED-TRACE 11721 3451 P 31 2f991679f
SCHED-TRACE 11722 3452 P 31 2f99ab366
SCHED-TRACE 11723 3452 I 32 187a6d
SCHED-TRACE 11724 3452 B 32 b5
SCHED-TRACE 11725 3452 P 32 2fa12b021
SCHED-TRACE 11726 3452 R 32 2fa12b021
SCHED-TRACE 11727 3453 U 4 187ae5
SCHED-TRACE 11728 3453 V 4 187b0c
SCHED-TRACE 11729 3453 O 0 0
SCHED-TRACE 11730 3453 P 32 2fa25e76c
SCHED-TRACE 11731 3454 K 31 2f99ab366
SCHED-TRACE 11732 3454 P 32 2fa398d50
SCHED-TRACE 11733 3455 P 32 2fa42dd2f
SCHED-TRACE 11734 3455 I 31 187f83
SCHED-TRACE 11735 3455 B 31 b4
SCHED-TRACE 11736 3455 P 31 2fa3069ab
SCHED-TRACE 11737 3455 R 31 2fa3069ab
SCHED-TRACE 11738 3456 U 4 187ffc
SCHED-TRACE 11739 3456 V 4 188024
SCHED-TRACE 11740 3456 O 0 0
SCHED-TRACE 11741 3456 P 31 2fa43e280
SCHED-TRACE 11742 3457 K 32 2fa42dd2f
SCHED-TRACE 11743 3457 P 31 2fa579cdf
SCHED-TRACE 11744 3458 P 31 2fa60f0d6
SCHED-TRACE 11745 3458 I 32 18849b
SCHED-TRACE 11746 3458 B 32 b5
SCHED-TRACE 11747 3458 P 32 2fad876c8
SCHED-TRACE 11748 3458 R 32 2fad876c8
SCHED-TRACE 11749 3459 U 4 188514
SCHED-TRACE 11750 3459 V 4 18853b
SCHED-TRACE 11751 3459 O 0 0
SCHED-TRACE 11752 3459 P 32 2faebcac0
SCHED-TRACE 11753 3460 K 31 2fa60f0d6
SCHED-TRACE 11754 3460 P 32 2faff74bc
SCHED-TRACE 11755 3461 P 32 2fb08cccd
SCHED-TRACE 11756 3461 I 31 1889b2
SCHED-TRACE 11757 3461 B 31 b3
SCHED-TRACE 11758 3461 P 31 2faf692a1
SCHED-TRACE 11759 3461 R 31 2faf692a1
SCHED-TRACE 11760 3462 U 4 188a2b
SCHED-TRACE 11761 3462 V 4 188a52
SCHED-TRACE 11762 3462 O 0 0
SCHED-TRACE 11763 3462 P 31 2fb09eab2
SCHED-TRACE 11764 3463 K 32 2fb08cccd
SCHED-TRACE 11765 3463 P 31 2fb1d94ae
SCHED-TRACE 11766 3464 P 31 2fb26dc5c
SCHED-TRACE 11767 3464 I 32 188ec9
SCHED-TRACE 11768 3464 B 32 b6
SCHED-TRACE 11769 3464 P 32 2fb9e8f5c
SCHED-TRACE 11770 3464 R 32 2fb9e8f5c
SCHED-TRACE 11771 3465 U 4 188f42
SCHED-TRACE 11772 3465 V 4 188f69
SCHED-TRACE 11773 3465 O 0 0
SCHED-TRACE 11774 3465 P 32 2fbb1df3b
SCHED-TRACE 11775 3466 K 31 2fb26dc5c
SCHED-TRACE 11776 3466 P 32 2fbc59168
SCHED-TRACE 11777 3467 P 32 2fbcee979
SCHED-TRACE 11778 3467 I 31 1893e0
SCHED-TRACE 11779 3467 B 31 b4
SCHED-TRACE 11780 3467 P 31 2fbbc823f
SCHED-TRACE 11781 3467 R 31 2fbbc823f
SCHED-TRACE 11782 3468 U 4 189458
SCHED-TRACE 11783 3468 V 4 189480
SCHED-TRACE 11784 3468 O 0 0
SCHED-TRACE 11785 3468 P 31 2fbcfe280
SCHED-TRACE 11786 3469 K 32 2fbcee979
SCHED-TRACE 11787 3469 P 31 2fbe394ae
SCHED-TRACE 11788 3470 P 31 2fbece48d
SCHED-TRACE 11789 3470 I 32 1898f6
SCHED-TRACE 11790 3470 B 32 b4
SCHED-TRACE 11791 3470 P 32 2fc647ae1
SCHED-TRACE 11792 3470 R 32 2fc647ae1
SCHED-TRACE 11793 3471 U 4 18996f
SCHED-TRACE 11794 3471 V 4 189997
SCHED-TRACE 11795 3471 O 0 0
SCHED-TRACE 11796 3471 P 32 2fc77df3b
SCHED-TRACE 11797 3472 K 31 2fbece48d
SCHED-TRACE 11798 3472 P 32 2fc8b9db2
SCHED-TRACE 11799 3473 P 32 2fc94ed91
SCHED-TRACE 11800 3473 I 31 189e0e
SCHED-TRACE 11801 3473 B 31 b5
SCHED-TRACE 11802 3473 P 31 2fc8292a1
SCHED-TRACE 11803 3473 R 31 2fc8292a1
SCHED-TRACE 11804 3474 U 4 189e88
SCHED-TRACE 11805 3474 V 4 189eaf
SCHED-TRACE 11806 3474 O 0 0
SCHED-TRACE 11807 3474 P 31 2fc95eeca
SCHED-TRACE 11808 3475 K 32 2fc94ed91
SCHED-TRACE 11809 3475 P 31 2fca998c6
SCHED-TRACE 11810 3476 P 31 2fcb2e8a5
SCHED-TRACE 11811 3476 I 32 18a326
SCHED-TRACE 11812 3476 B 32 b4
SCHED-TRACE 11813 3476 P 32 2fd2aa3d7
SCHED-TRACE 11814 3476 R 32 2fd2aa3d7
SCHED-TRACE 11815 3477 U 4 18a39d
SCHED-TRACE 11816 3477 V 4 18a3c4
SCHED-TRACE 11817 3477 O 0 0
SCHED-TRACE 11818 3477 P 32 2fd3db645
SCHED-TRACE 11819 3478 K 31 2fcb2e8a5
SCHED-TRACE 11820 3478 P 32 2fd5170a4
SCHED-TRACE 11821 3479 P 32 2fd5ac8b4
SCHED-TRACE 11822 3479 I 31 18a83a
SCHED-TRACE 11823 3479 B 31 b6
SCHED-TRACE 11824 3479 P 31 2fd48823f
SCHED-TRACE 11825 3479 R 31 2fd48823f
SCHED-TRACE 11826 3480 U 4 18a8b3
SCHED-TRACE 11827 3480 V 4 18a8db
SCHED-TRACE 11828 3480 O 0 0
SCHED-TRACE 11829 3480 P 31 2fd5beeca
SCHED-TRACE 11830 3481 K 32 2fd5ac8b4
SCHED-TRACE 11831 3481 P 31 2fd6fa0f7
SCHED-TRACE 11832 3482 P 31 2fd78f4ef
SCHED-TRACE 11833 3482 I 32 18ad52
SCHED-TRACE 11834 3482 B 32 b4
SCHED-TRACE 11835 3482 P 32 2fdf05e35
SCHED-TRACE 11836 3482 R 32 2fdf05e35
SCHED-TRACE 11837 3483 U 4 18adcb
SCHED-TRACE 11838 3483 V 4 18adf2
SCHED-TRACE 11839 3483 O 0 0
SCHED-TRACE 11840 3483 P 32 2fe03be77
SCHED-TRACE 11841 3484 K 31 2fd78f4ef
SCHED-TRACE 11842 3484 P 32 2fe176c8b
SCHED-TRACE 11843 3485 P 32 2fe20c083
SCHED-TRACE 11844 3485 I 31 18b26a
SCHED-TRACE 11845 3485 B 31 b5
SCHED-TRACE 11846 3485 P 31 2fe0eab35
SCHED-TRACE 11847 3485 R 31 2fe0eab35
SCHED-TRACE 11848 3486 U 4 18b2e2
SCHED-TRACE 11849 3486 V 4 18b309
SCHED-TRACE 11850 3486 O 0 0
SCHED-TRACE 11851 3486 P 31 2fe21de68
SCHED-TRACE 11852 3487 K 32 2fe20c083
SCHED-TRACE 11853 3487 P 31 2fe358033
SCHED-TRACE 11854 3488 P 31 2fe3ec7e1
SCHED-TRACE 11855 3488 I 32 18b77f
SCHED-TRACE 11856 3488 B 32 b5
SCHED-TRACE 11857 3488 P 32 2feb672b0
SCHED-TRACE 11858 3488 R 32 2feb672b0
SCHED-TRACE 11859 3489 U 4 18b7f8
SCHED-TRACE 11860 3489 V 4 18b820
SCHED-TRACE 11861 3489 O 0 0
SCHED-TRACE 11862 3489 P 32 2fec9eb85
SCHED-TRACE 11863 3490 K 31 2fe3ec7e1
SCHED-TRACE 11864 3490 P 32 2fedda1ca
SCHED-TRACE 11865 3491 P 32 2fee6f9db
SCHED-TRACE 11866 3491 I 31 18bc97
SCHED-TRACE 11867 3491 B 31 b4
SCHED-TRACE 11868 3491 P 31 2fed45949
SCHED-TRACE 11869 3491 R 31 2fed45949
SCHED-TRACE 11870 3492 U 4 18bd10
SCHED-TRACE 11871 3492 V 4 18bd38
SCHED-TRACE 11872 3492 O 0 0
SCHED-TRACE 11873 3492 P 31 2fee7c5d4
SCHED-TRACE 11874 3493 K 32 2fee6f9db
SCHED-TRACE 11875 3493 P 31 2fefb844b
SCHED-TRACE 11876 3494 P 31 2ff04dc5c
SCHED-TRACE 11877 3494 I 32 18c1af
SCHED-TRACE 11878 3494 B 32 b6
SCHED-TRACE 11879 3494 P 32 2ff7c9374
SCHED-TRACE 11880 3494 R 32 2ff7c9374
SCHED-TRACE 11881 3495 U 4 18c229
SCHED-TRACE 11882 3495 V 4 18c250
SCHED-TRACE 11883 3495 O 0 0
SCHED-TRACE 11884 3495 P 32 2ff8fe354
SCHED-TRACE 11885 3496 K 31 2ff04dc5c
SCHED-TRACE 11886 3496 P 32 2ffa36c8b
SCHED-TRACE 11887 3497 P 32 2ffacac08
SCHED-TRACE 11888 3497 I 31 18c6c5
SCHED-TRACE 11889 3497 B 31 b4
SCHED-TRACE 11890 3497 P 31 2ff9a8e89
SCHED-TRACE 11891 3497 R 31 2ff9a8e89
SCHED-TRACE 11892 3498 U 4 18c73e
SCHED-TRACE 11893 3498 V 4 18c765
SCHED-TRACE 11894 3498 O 0 0
SCHED-TRACE 11895 3498 P 31 2ffadda4f
SCHED-TRACE 11896 3499 K 32 2ffacac08
SCHED-TRACE 11897 3499 P 31 2ffc18c7c
SCHED-TRACE 11898 3500 P 31 2ffcae074
SCHED-TRACE 11899 3500 I 32 18cbdb
SCHED-TRACE 11900 3500 B 32 b6
SCHED-TRACE 11901 3500 P 32 3004249ba
SCHED-TRACE 11902 3500 R 32 3004249ba
SCHED-TRACE 11903 3501 U 4 18cc53
SCHED-TRACE 11904 3501 V 4 18cc7b
SCHED-TRACE 11905 3501 O 0 0
SCHED-TRACE 11906 3501 P 32 30055a5e3
SCHED-TRACE 11907 3502 K 31 2ffcae074
SCHED-TRACE 11908 3502 P 32 300695c29
SCHED-TRACE 11909 3503 P 32 30072b021
SCHED-TRACE 11910 3503 I 31 18d0f2
SCHED-TRACE 11911 3503 B 31 b5
SCHED-TRACE 11912 3503 P 31 30060823f
SCHED-TRACE 11913 3503 R 31 30060823f
SCHED-TRACE 11914 3504 U 4 18d16b
SCHED-TRACE 11915 3504 V 4 18d193
SCHED-TRACE 11916 3504 O 0 0
SCHED-TRACE 11917 3504 P 31 30073f2e3
SCHED-TRACE 11918 3505 K 32 30072b021
SCHED-TRACE 11919 3505 P 31 30087ad41
SCHED-TRACE 11920 3506 P 31 30090f4ef
SCHED-TRACE 11921 3506 I 32 18d60a
SCHED-TRACE 11922 3506 B 32 b4
SCHED-TRACE 11923 3506 P 32 301085604
SCHED-TRACE 11924 3506 R 32 301085604
SCHED-TRACE 11925 3507 U 4 18d683
SCHED-TRACE 11926 3507 V 4 18d6aa
SCHED-TRACE 11927 3507 O 0 0
SCHED-TRACE 11928 3507 P 32 3011b9db2
SCHED-TRACE 11929 3508 K 31 30090f4ef
SCHED-TRACE 11930 3508 P 32 3012f4fdf
SCHED-TRACE 11931 3509 P 32 30138a3d7
SCHED-TRACE 11932 3509 I 31 18db21
SCHED-TRACE 11933 3509 B 31 b6
SCHED-TRACE 11934 3509 P 31 301269ad2
SCHED-TRACE 11935 3509 R 31 301269ad2
SCHED-TRACE 11936 3510 U 4 18db9a
SCHED-TRACE 11937 3510 V 4 18dbc1
SCHED-TRACE 11938 3510 O 0 0
SCHED-TRACE 11939 3510 P 31 30139e699
SCHED-TRACE 11940 3511 K 32 30138a3d7
SCHED-TRACE 11941 3511 P 31 3014d98c6
SCHED-TRACE 11942 3512 P 31 30156ecbe
SCHED-TRACE 11943 3512 I 32 18e037
SCHED-TRACE 11944 3512 B 32 b2
SCHED-TRACE 11945 3512 P 32 301ce3127
SCHED-TRACE 11946 3512 R 32 301ce3127
SCHED-TRACE 11947 3513 U 4 18e0b0
SCHED-TRACE 11948 3513 V 4 18e0d8
SCHED-TRACE 11949 3513 O 0 0
SCHED-TRACE 11950 3513 P 32 301e19581
SCHED-TRACE 11951 3514 K 31 30156ecbe
SCHED-TRACE 11952 3514 P 32 301f54fdf
SCHED-TRACE 11953 3515 P 32 301fea7ef
SCHED-TRACE 11954 3515 I 31 18e54f
SCHED-TRACE 11955 3515 B 31 b4
SCHED-TRACE 11956 3515 P 31 301ec8a70
SCHED-TRACE 11957 3515 R 31 301ec8a70
SCHED-TRACE 11958 3516 U 4 18e5c8
SCHED-TRACE 11959 3516 V 4 18e5ef
SCHED-TRACE 11960 3516 O 0 0
SCHED-TRACE 11961 3516 P 31 301ffeeca
SCHED-TRACE 11962 3517 K 32 301fea7ef
SCHED-TRACE 11963 3517 P 31 3021398c6
SCHED-TRACE 11964 3518 P 31 3021ce8a5
SCHED-TRACE 11965 3518 I 32 18ea66
SCHED-TRACE 11966 3518 B 32 b4
SCHED-TRACE 11967 3518 P 32 3029445a2
SCHED-TRACE 11968 3518 R 32 3029445a2
SCHED-TRACE 11969 3519 U 4 18eade
SCHED-TRACE 11970 3519 V 4 18eb05
SCHED-TRACE 11971 3519 O 0 0
SCHED-TRACE 11972 3519 P 32 302a77ced
SCHED-TRACE 11973 3520 K 31 3021ce8a5
SCHED-TRACE 11974 3520 P 32 302bb1a9f
SCHED-TRACE 11975 3521 P 32 302c46a7f
SCHED-TRACE 11976 3521 I 31 18ef7c
SCHED-TRACE 11977 3521 B 31 b2
SCHED-TRACE 11978 3521 P 31 302b2a304
SCHED-TRACE 11979 3521 R 31 302b2a304
SCHED-TRACE 11980 3522 U 4 18eff5
SCHED-TRACE 11981 3522 V 4 18f01d
SCHED-TRACE 11982 3522 O 0 0
SCHED-TRACE 11983 3522 P 31 302c617c0
SCHED-TRACE 11984 3523 K 32 302c46a7f
SCHED-TRACE 11985 3523 P 31 302d9d21e
SCHED-TRACE 11986 3524 P 31 302e32616
SCHED-TRACE 11987 3524 I 32 18f494
SCHED-TRACE 11988 3524 B 32 b4
SCHED-TRACE 11989 3524 P 32 3035a0c49
SCHED-TRACE 11990 3524 R 32 3035a0c49
SCHED-TRACE 11991 3525 U 4 18f50d
SCHED-TRACE 11992 3525 V 4 18f535
SCHED-TRACE 11993 3525 O 0 0
SCHED-TRACE 11994 3525 P 32 3036d70a4
SCHED-TRACE 11995 3526 K 31 302e32616
SCHED-TRACE 11996 3526 P 32 303811eb8
SCHED-TRACE 11997 3527 P 32 3038a7ae1
SCHED-TRACE 11998 3527 I 31 18f9ac
SCHED-TRACE 11999 3527 B 31 b3
SCHED-TRACE 12000 3527 P 31 30378cbf9
SCHED-TRACE 12001 3527 R 31 30378cbf9
SCHED-TRACE 12002 3528 U 4 18fa25
SCHED-TRACE 12003 3528 V 4 18fa4d
SCHED-TRACE 12004 3528 O 0 0
SCHED-TRACE 12005 3528 P 31 3038c346c
SCHED-TRACE 12006 3529 K 32 3038a7ae1
SCHED-TRACE 12007 3529 P 31 3039fde68
SCHED-TRACE 12008 3530 P 31 303a92a2f
SCHED-TRACE 12009 3530 I 32 18fec3
SCHED-TRACE 12010 3530 B 32 b4
SCHED-TRACE 12011 3530 P 32 30420147b
SCHED-TRACE 12012 3530 R 32 30420147b
SCHED-TRACE 12013 3531 U 4 18ff3c
SCHED-TRACE 12014 3531 V 4 18ff63
SCHED-TRACE 12015 3531 O 0 0
SCHED-TRACE 12016 3531 P 32 3043370a4
SCHED-TRACE 12017 3532 K 31 303a92a2f
SCHED-TRACE 12018 3532 P 32 3044722d1
SCHED-TRACE 12019 3533 P 32 304507ae1
SCHED-TRACE 12020 3533 I 31 1903da
SCHED-TRACE 12021 3533 B 31 b1
SCHED-TRACE 12022 3533 P 31 3043eaf4d
SCHED-TRACE 12023 3533 R 31 3043eaf4d
SCHED-TRACE 12024 3534 U 4 190452
SCHED-TRACE 12025 3534 V 4 190479
SCHED-TRACE 12026 3534 O 0 0
SCHED-TRACE 12027 3534 P 31 3045213a7
SCHED-TRACE 12028 3535 K 32 304507ae1
SCHED-TRACE 12029 3535 P 31 30465bda3
SCHED-TRACE 12030 3536 P 31 3046f119b
SCHED-TRACE 12031 3536 I 32 1908f0
SCHED-TRACE 12032 3536 B 32 b3
SCHED-TRACE 12033 3536 P 32 304e624dd
SCHED-TRACE 12034 3536 R 32 304e624dd
SCHED-TRACE 12035 3537 U 4 190969
SCHED-TRACE 12036 3537 V 4 190990
SCHED-TRACE 12037 3537 O 0 0
SCHED-TRACE 12038 3537 P 32 304f98106
SCHED-TRACE 12039 3538 K 31 3046f119b
SCHED-TRACE 12040 3538 P 32 3050d4395
SCHED-TRACE 12041 3539 P 32 305169374
SCHED-TRACE 12042 3539 I 31 190e07
SCHED-TRACE 12043 3539 B 31 b5
SCHED-TRACE 12044 3539 P 31 305049eeb
SCHED-TRACE 12045 3539 R 31 305049eeb
SCHED-TRACE 12046 3540 U 4 190e80
SCHED-TRACE 12047 3540 V 4 190ea8
SCHED-TRACE 12048 3540 O 0 0
SCHED-TRACE 12049 3540 P 31 30517fb14
SCHED-TRACE 12050 3541 K 32 305169374
SCHED-TRACE 12051 3541 P 31 3052ba510
SCHED-TRACE 12052 3542 P 31 30534f4ef
SCHED-TRACE 12053 3542 I 32 19131f
SCHED-TRACE 12054 3542 B 32 b3
SCHED-TRACE 12055 3542 P 32 305ac49ba
SCHED-TRACE 12056 3542 R 32 305ac49ba
SCHED-TRACE 12057 3543 U 4 191397
SCHED-TRACE 12058 3543 V 4 1913bd
SCHED-TRACE 12059 3543 O 0 0
SCHED-TRACE 12060 3543 P 32 305bf74bc
SCHED-TRACE 12061 3544 K 31 30534f4ef
SCHED-TRACE 12062 3544 P 32 305d32b02
SCHED-TRACE 12063 3545 P 32 305dc8312
SCHED-TRACE 12064 3545 I 31 191834
SCHED-TRACE 12065 3545 B 31 b4
SCHED-TRACE 12066 3545 P 31 305ca8a70
SCHED-TRACE 12067 3545 R 31 305ca8a70
SCHED-TRACE 12068 3546 U 4 1918ad
SCHED-TRACE 12069 3546 V 4 1918d5
SCHED-TRACE 12070 3546 O 0 0
SCHED-TRACE 12071 3546 P 31 305ddf6fb
SCHED-TRACE 12072 3547 K 32 305dc8312
SCHED-TRACE 12073 3547 P 31 305f1a510
SCHED-TRACE 12074 3548 P 31 305faf908
SCHED-TRACE 12075 3548 I 32 191d4c
SCHED-TRACE 12076 3548 B 32 b2
SCHED-TRACE 12077 3548 P 32 30672147b
SCHED-TRACE 12078 3548 R 32 30672147b
SCHED-TRACE 12079 3549 U 4 191dc5
SCHED-TRACE 12080 3549 V 4 191dec
SCHED-TRACE 12081 3549 O 0 0
SCHED-TRACE 12082 3549 P 32 3068570a4
SCHED-TRACE 12083 3550 K 31 305faf908
SCHED-TRACE 12084 3550 P 32 306991a9f
SCHED-TRACE 12085 3551 P 32 306a272b0
SCHED-TRACE 12086 3551 I 31 192263
SCHED-TRACE 12087 3551 B 31 b3
SCHED-TRACE 12088 3551 P 31 306908658
SCHED-TRACE 12089 3551 R 31 306908658
SCHED-TRACE 12090 3552 U 4 1922db
SCHED-TRACE 12091 3552 V 4 192301
SCHED-TRACE 12092 3552 O 0 0
SCHED-TRACE 12093 3552 P 31 306a3a510
SCHED-TRACE 12094 3553 K 32 306a272b0
SCHED-TRACE 12095 3553 P 31 306b742c2
SCHED-TRACE 12096 3554 P 31 306c08a70
SCHED-TRACE 12097 3554 I 32 192777
SCHED-TRACE 12098 3554 B 32 b5
SCHED-TRACE 12099 3554 P 32 3073828f6
SCHED-TRACE 12100 3554 R 32 3073828f6
SCHED-TRACE 12101 3555 U 4 1927f0
SCHED-TRACE 12102 3555 V 4 192818
SCHED-TRACE 12103 3555 O 0 0
SCHED-TRACE 12104 3555 P 32 3074b9db2
SCHED-TRACE 12105 3556 K 31 306c08a70
SCHED-TRACE 12106 3556 P 32 3075f53f8
SCHED-TRACE 12107 3557 P 32 30768ac08
SCHED-TRACE 12108 3557 I 31 192c8f
SCHED-TRACE 12109 3557 B 31 b4
SCHED-TRACE 12110 3557 P 31 307562822
SCHED-TRACE 12111 3557 R 31 307562822
SCHED-TRACE 12112 3558 U 4 192d08
SCHED-TRACE 12113 3558 V 4 192d30
SCHED-TRACE 12114 3558 O 0 0
SCHED-TRACE 12115 3558 P 31 3076994ae
SCHED-TRACE 12116 3559 K 32 30768ac08
SCHED-TRACE 12117 3559 P 31 3077d4af3
SCHED-TRACE 12118 3560 P 31 30786a71c
SCHED-TRACE 12119 3560 I 32 1931a7
SCHED-TRACE 12120 3560 B 32 b5
SCHED-TRACE 12121 3560 P 32 307fe45a2
SCHED-TRACE 12122 3560 R 32 307fe45a2
SCHED-TRACE 12123 3561 U 4 193220
SCHED-TRACE 12124 3561 V 4 193249
SCHED-TRACE 12125 3561 O 0 0
SCHED-TRACE 12126 3561 P 32 30811be77
SCHED-TRACE 12127 3562 K 31 30786a71c
SCHED-TRACE 12128 3562 P 32 308255c29
SCHED-TRACE 12129 3563 P 32 3082ea7ef
SCHED-TRACE 12130 3563 I 31 1936bf
SCHED-TRACE 12131 3563 B 31 b2
SCHED-TRACE 12132 3563 P 31 3081c5531
SCHED-TRACE 12133 3563 R 31 3081c5531
SCHED-TRACE 12134 3564 U 4 193738
SCHED-TRACE 12135 3564 V 4 19375f
SCHED-TRACE 12136 3564 O 0 0
SCHED-TRACE 12137 3564 P 31 3082fa928
SCHED-TRACE 12138 3565 K 32 3082ea7ef
SCHED-TRACE 12139 3565 P 31 308435f6e
SCHED-TRACE 12140 3566 P 31 3084cb77e
SCHED-TRACE 12141 3566 I 32 193bd6
SCHED-TRACE 12142 3566 B 32 b5
SCHED-TRACE 12143 3566 P 32 308c445a2
SCHED-TRACE 12144 3566 R 32 308c445a2
SCHED-TRACE 12145 3567 U 4 193c4f
SCHED-TRACE 12146 3567 V 4 193c76
SCHED-TRACE 12147 3567 O 0 0
SCHED-TRACE 12148 3567 P 32 308d7b22d
SCHED-TRACE 12149 3568 K 31 3084cb77e
SCHED-TRACE 12150 3568 P 32 308eb70a4
SCHED-TRACE 12151 3569 P 32 308f4cccd
SCHED-TRACE 12152 3569 I 31 1940ee
SCHED-TRACE 12153 3569 B 31 b5
SCHED-TRACE 12154 3569 P 31 308e25531
SCHED-TRACE 12155 3569 R 31 308e25531
SCHED-TRACE 12156 3570 U 4 194168
SCHED-TRACE 12157 3570 V 4 194190
SCHED-TRACE 12158 3570 O 0 0
SCHED-TRACE 12159 3570 P 31 308f5de68
SCHED-TRACE 12160 3571 K 32 308f4cccd
SCHED-TRACE 12161 3571 P 31 30909a0f7
SCHED-TRACE 12162 3572 P 31 30912d42a
SCHED-TRACE 12163 3572 I 32 194607
SCHED-TRACE 12164 3572 B 32 b3
SCHED-TRACE 12165 3572 P 32 3098a7ae1
SCHED-TRACE 12166 3572 R 32 3098a7ae1
SCHED-TRACE 12167 3573 U 4 194680
SCHED-TRACE 12168 3573 V 4 1946a7
SCHED-TRACE 12169 3573 O 0 0
SCHED-TRACE 12170 3573 P 32 3099dae14
SCHED-TRACE 12171 3574 K 31 30912d42a
SCHED-TRACE 12172 3574 P 32 309b153f8
SCHED-TRACE 12173 3575 P 32 309baa3d7
SCHED-TRACE 12174 3575 I 31 194b1d
SCHED-TRACE 12175 3575 B 31 b5
SCHED-TRACE 12176 3575 P 31 309a88658
SCHED-TRACE 12177 3575 R 31 309a88658
SCHED-TRACE 12178 3576 U 4 194b95
SCHED-TRACE 12179 3576 V 4 194bbc
SCHED-TRACE 12180 3576 O 0 0
SCHED-TRACE 12181 3576 P 31 309bbb98b
SCHED-TRACE 12182 3577 K 32 309baa3d7
SCHED-TRACE 12183 3577 P 31 309cf5f6e
SCHED-TRACE 12184 3578 P 31 309d8af4d
SCHED-TRACE 12185 3578 I 32 195032
SCHED-TRACE 12186 3578 B 32 b2
SCHED-TRACE 12187 3578 P 32 30a504189
SCHED-TRACE 12188 3578 R 32 30a504189
SCHED-TRACE 12189 3579 U 4 1950ab
SCHED-TRACE 12190 3579 V 4 1950d2
SCHED-TRACE 12191 3579 O 0 0
SCHED-TRACE 12192 3579 P 32 30a638d50
SCHED-TRACE 12193 3580 K 31 309d8af4d
SCHED-TRACE 12194 3580 P 32 30a773f7d
SCHED-TRACE 12195 3581 P 32 30a80978d
SCHED-TRACE 12196 3581 I 31 195549
SCHED-TRACE 12197 3581 B 31 b5
SCHED-TRACE 12198 3581 P 31 30a6e5118
SCHED-TRACE 12199 3581 R 31 30a6e5118
SCHED-TRACE 12200 3582 U 4 1955c2
SCHED-TRACE 12201 3582 V 4 1955e9
SCHED-TRACE 12202 3582 O 0 0
SCHED-TRACE 12203 3582 P 31 30a81a510
SCHED-TRACE 12204 3583 K 32 30a80978d
SCHED-TRACE 12205 3583 P 31 30a954f0c
SCHED-TRACE 12206 3584 P 31 30a9e9ad2
SCHED-TRACE 12207 3584 I 32 195a60
SCHED-TRACE 12208 3584 B 32 b5
SCHED-TRACE 12209 3584 P 32 30b1649ba
SCHED-TRACE 12210 3584 R 32 30b1649ba
SCHED-TRACE 12211 3585 U 4 195ad8
SCHED-TRACE 12212 3585 V 4 195aff
SCHED-TRACE 12213 3585 O 0 0
SCHED-TRACE 12214 3585 P 32 30b297ced
SCHED-TRACE 12215 3586 K 31 30a9e9ad2
SCHED-TRACE 12216 3586 P 32 30b3d1a9f
SCHED-TRACE 12217 3587 P 32 30b466a7f
SCHED-TRACE 12218 3587 I 31 195f75
SCHED-TRACE 12219 3587 B 31 b4
SCHED-TRACE 12220 3587 P 31 30b34346c
SCHED-TRACE 12221 3587 R 31 30b34346c
SCHED-TRACE 12222 3588 U 4 195fee
SCHED-TRACE 12223 3588 V 4 196015
SCHED-TRACE 12224 3588 O 0 0
SCHED-TRACE 12225 3588 P 31 30b479cdf
SCHED-TRACE 12226 3589 K 32 30b466a7f
SCHED-TRACE 12227 3589 P 31 30b5b5324
SCHED-TRACE 12228 3590 P 31 30b64a304
SCHED-TRACE 12229 3590 I 32 19648c
SCHED-TRACE 12230 3590 B 32 b5
SCHED-TRACE 12231 3590 P 32 30bdbfbe7
SCHED-TRACE 12232 3590 R 32 30bdbfbe7
SCHED-TRACE 12233 3591 U 4 196505
SCHED-TRACE 12234 3591 V 4 19652c
SCHED-TRACE 12235 3591 O 0 0
SCHED-TRACE 12236 3591 P 32 30bef4fdf
SCHED-TRACE 12237 3592 K 31 30b64a304
SCHED-TRACE 12238 3592 P 32 30c02f5c2
SCHED-TRACE 12239 3593 P 32 30c0c51eb
SCHED-TRACE 12240 3593 I 31 1969a3
SCHED-TRACE 12241 3593 B 31 b2
SCHED-TRACE 12242 3593 P 31 30bfa44ce
SCHED-TRACE 12243 3593 R 31 30bfa44ce
SCHED-TRACE 12244 3594 U 4 196a1c
SCHED-TRACE 12245 3594 V 4 196a43
SCHED-TRACE 12246 3594 O 0 0
SCHED-TRACE 12247 3594 P 31 30c0da510
SCHED-TRACE 12248 3595 K 32 30c0c51eb
SCHED-TRACE 12249 3595 P 31 30c214af3
SCHED-TRACE 12250 3596 P 31 30c2a92a1
SCHED-TRACE 12251 3596 I 32 196eba
SCHED-TRACE 12252 3596 B 32 b5
SCHED-TRACE 12253 3596 P 32 30ca21062
SCHED-TRACE 12254 3596 R 32 30ca21062
SCHED-TRACE 12255 3597 U 4 196f33
SCHED-TRACE 12256 3597 V 4 196f5a
SCHED-TRACE 12257 3597 O 0 0
SCHED-TRACE 12258 3597 P 32 30cb55c29
SCHED-TRACE 12259 3598 K 31 30c2a92a1
SCHED-TRACE 12260 3598 P 32 30cc90625
SCHED-TRACE 12261 3599 P 32 30cd2624e
SCHED-TRACE 12262 3599 I 31 1973d1
SCHED-TRACE 12263 3599 B 31 b5
SCHED-TRACE 12264 3599 P 31 30cc044ce
SCHED-TRACE 12265 3599 R 31 30cc044ce
SCHED-TRACE 12266 3600 U 4 197449
SCHED-TRACE 12267 3600 V 4 197471
SCHED-TRACE 12268 3600 O 0 0
SCHED-TRACE 12269 3600 P 31 30cd3a0f7
SCHED-TRACE 12270 3601 K 32 30cd2624e
SCHED-TRACE 12271 3601 P 31 30ce74f0c
SCHED-TRACE 12272 3602 P 31 30cf09eeb
SCHED-TRACE 12273 3602 I 32 1978e7
SCHED-TRACE 12274 3602 B 32 b3
SCHED-TRACE 12275 3602 P 32 30d67eb85
SCHED-TRACE 12276 3602 R 32 30d67eb85
SCHED-TRACE 12277 3603 U 4 197960
SCHED-TRACE 12278 3603 V 4 197987
SCHED-TRACE 12279 3603 O 0 0
SCHED-TRACE 12280 3603 P 32 30d7b4bc6
SCHED-TRACE 12281 3604 K 31 30cf09eeb
SCHED-TRACE 12282 3604 P 32 30d8f0625
SCHED-TRACE 12283 3605 P 32 30d985604
SCHED-TRACE 12284 3605 I 31 197dfe
SCHED-TRACE 12285 3605 B 31 b5
SCHED-TRACE 12286 3605 P 31 30d863053
SCHED-TRACE 12287 3605 R 31 30d863053
SCHED-TRACE 12288 3606 U 4 197e77
SCHED-TRACE 12289 3606 V 4 197e9f
SCHED-TRACE 12290 3606 O 0 0
SCHED-TRACE 12291 3606 P 31 30d998c7c
SCHED-TRACE 12292 3607 K 32 30d985604
SCHED-TRACE 12293 3607 P 31 30dad3260
SCHED-TRACE 12294 3608 P 31 30db6823f
SCHED-TRACE 12295 3608 I 32 198316
SCHED-TRACE 12296 3608 B 32 b2
SCHED-TRACE 12297 3608 P 32 30e2e1062
SCHED-TRACE 12298 3608 R 32 30e2e1062
SCHED-TRACE 12299 3609 U 4 19838d
SCHED-TRACE 12300 3609 V 4 1983b3
SCHED-TRACE 12301 3609 O 0 0
SCHED-TRACE 12302 3609 P 32 30e410625
SCHED-TRACE 12303 3610 K 31 30db6823f
SCHED-TRACE 12304 3610 P 32 30e54c083
SCHED-TRACE 12305 3611 P 32 30e5e147b
SCHED-TRACE 12306 3611 I 31 198829
SCHED-TRACE 12307 3611 B 31 b5
SCHED-TRACE 12308 3611 P 31 30e4c240a
SCHED-TRACE 12309 3611 R 31 30e4c240a
SCHED-TRACE 12310 3612 U 4 1988a2
SCHED-TRACE 12311 3612 V 4 1988ca
SCHED-TRACE 12312 3612 O 0 0
SCHED-TRACE 12313 3612 P 31 30e5f844b
SCHED-TRACE 12314 3613 K 32 30e5e147b
SCHED-TRACE 12315 3613 P 31 30e733678
SCHED-TRACE 12316 3614 P 31 30e7c8a70
SCHED-TRACE 12317 3614 I 32 198d41
SCHED-TRACE 12318 3614 B 32 b4
SCHED-TRACE 12319 3614 P 32 30ef3c6a8
SCHED-TRACE 12320 3614 R 32 30ef3c6a8
SCHED-TRACE 12321 3615 U 4 198dba
SCHED-TRACE 12322 3615 V 4 198de1
SCHED-TRACE 12323 3615 O 0 0
SCHED-TRACE 12324 3615 P 32 30f0722d1
SCHED-TRACE 12325 3616 K 31 30e7c8a70
SCHED-TRACE 12326 3616 P 32 30f1ad4fe
SCHED-TRACE 12327 3617 P 32 30f2428f6
SCHED-TRACE 12328 3617 I 31 199258
SCHED-TRACE 12329 3617 B 31 b4
SCHED-TRACE 12330 3617 P 31 30f121ff1
SCHED-TRACE 12331 3617 R 31 30f121ff1
SCHED-TRACE 12332 3618 U 4 1992d0
SCHED-TRACE 12333 3618 V 4 1992f7
SCHED-TRACE 12334 3618 O 0 0
SCHED-TRACE 12335 3618 P 31 30f254af3
SCHED-TRACE 12336 3619 K 32 30f2428f6
SCHED-TRACE 12337 3619 P 31 30f38e8a5
SCHED-TRACE 12338 3620 P 31 30f423053
SCHED-TRACE 12339 3620 I 32 19976d
SCHED-TRACE 12340 3620 B 32 b5
SCHED-TRACE 12341 3620 P 32 30fb9ef9d
SCHED-TRACE 12342 3620 R 32 30fb9ef9d
SCHED-TRACE 12343 3621 U 4 1997e6
SCHED-TRACE 12344 3621 V 4 19980d
SCHED-TRACE 12345 3621 O 0 0
SCHED-TRACE 12346 3621 P 32 30fcd4bc6
SCHED-TRACE 12347 3622 K 31 30f423053
SCHED-TRACE 12348 3622 P 32 30fe0f9db
SCHED-TRACE 12349 3623 P 32 30fea51eb
SCHED-TRACE 12350 3623 I 31 199c84
SCHED-TRACE 12351 3623 B 31 b3
SCHED-TRACE 12352 3623 P 31 30fd7c5d4
SCHED-TRACE 12353 3623 R 31 30fd7c5d4
SCHED-TRACE 12354 3624 U 4 199cfd
SCHED-TRACE 12355 3624 V 4 199d24
SCHED-TRACE 12356 3624 O 0 0
SCHED-TRACE 12357 3624 P 31 30feb21fd
SCHED-TRACE 12358 3625 K 32 30fea51eb
SCHED-TRACE 12359 3625 P 31 30ffedc5c
SCHED-TRACE 12360 3626 P 31 31008346c
SCHED-TRACE 12361 3626 I 32 19a19b
SCHED-TRACE 12362 3626 B 32 b6
SCHED-TRACE 12363 3626 P 32 3107fe354
SCHED-TRACE 12364 3626 R 32 3107fe354
SCHED-TRACE 12365 3627 U 4 19a214
SCHED-TRACE 12366 3627 V 4 19a23c
SCHED-TRACE 12367 3627 O 0 0
SCHED-TRACE 12368 3627 P 32 31093645a
SCHED-TRACE 12369 3628 K 31 31008346c
SCHED-TRACE 12370 3628 P 32 310a6fdf3
SCHED-TRACE 12371 3629 P 32 310b045a2
SCHED-TRACE 12372 3629 I 31 19a6b3
SCHED-TRACE 12373 3629 B 31 b4
SCHED-TRACE 12374 3629 P 31 3109deab2
SCHED-TRACE 12375 3629 R 31 3109deab2
SCHED-TRACE 12376 3630 U 4 19a72c
SCHED-TRACE 12377 3630 V 4 19a753
SCHED-TRACE 12378 3630 O 0 0
SCHED-TRACE 12379 3630 P 31 310b13a91
SCHED-TRACE 12380 3631 K 32 310b045a2
SCHED-TRACE 12381 3631 P 31 310c4e48d
SCHED-TRACE 12382 3632 P 31 310ce3c9d
SCHED-TRACE 12383 3632 I 32 19abca
SCHED-TRACE 12384 3632 B 32 b4
SCHED-TRACE 12385 3632 P 32 31145f7cf
SCHED-TRACE 12386 3632 R 32 31145f7cf
SCHED-TRACE 12387 3633 U 4 19ac42
SCHED-TRACE 12388 3633 V 4 19ac6a
SCHED-TRACE 12389 3633 O 0 0
SCHED-TRACE 12390 3633 P 32 3115953f8
SCHED-TRACE 12391 3634 K 31 310ce3c9d
SCHED-TRACE 12392 3634 P 32 3116d0a3d
SCHED-TRACE 12393 3635 P 32 31176624e
SCHED-TRACE 12394 3635 I 31 19b0e1
SCHED-TRACE 12395 3635 B 31 b4
SCHED-TRACE 12396 3635 P 31 31163da4f
SCHED-TRACE 12397 3635 R 31 31163da4f
SCHED-TRACE 12398 3636 U 4 19b15a
SCHED-TRACE 12399 3636 V 4 19b182
SCHED-TRACE 12400 3636 O 0 0
SCHED-TRACE 12401 3636 P 31 311774f0c
SCHED-TRACE 12402 3637 K 32 31176624e
SCHED-TRACE 12403 3637 P 31 3118b0139
SCHED-TRACE 12404 3638 P 31 3119448e7
SCHED-TRACE 12405 3638 I 32 19b5f9
SCHED-TRACE 12406 3638 B 32 b2
SCHED-TRACE 12407 3638 P 32 3120c0831
SCHED-TRACE 12408 3638 R 32 3120c0831
SCHED-TRACE 12409 3639 U 4 19b672
SCHED-TRACE 12410 3639 V 4 19b699
SCHED-TRACE 12411 3639 O 0 0
SCHED-TRACE 12412 3639 P 32 3121f4bc6
SCHED-TRACE 12413 3640 K 31 3119448e7
SCHED-TRACE 12414 3640 P 32 31232fdf3
SCHED-TRACE 12415 3641 P 32 3123c51eb
SCHED-TRACE 12416 3641 I 31 19bb10
SCHED-TRACE 12417 3641 B 31 b4
SCHED-TRACE 12418 3641 P 31 31229eeca
SCHED-TRACE 12419 3641 R 31 31229eeca
SCHED-TRACE 12420 3642 U 4 19bb89
SCHED-TRACE 12421 3642 V 4 19bbb0
SCHED-TRACE 12422 3642 O 0 0
SCHED-TRACE 12423 3642 P 31 3123d3ea9
SCHED-TRACE 12424 3643 K 32 3123c51eb
SCHED-TRACE 12425 3643 P 31 31250f908
SCHED-TRACE 12426 3644 P 31 3125a4cff
SCHED-TRACE 12427 3644 I 32 19c027
SCHED-TRACE 12428 3644 B 32 b3
SCHED-TRACE 12429 3644 P 32 312d1fbe7
SCHED-TRACE 12430 3644 R 32 312d1fbe7
SCHED-TRACE 12431 3645 U 4 19c0a0
SCHED-TRACE 12432 3645 V 4 19c0c8
SCHED-TRACE 12433 3645 O 0 0
SCHED-TRACE 12434 3645 P 32 312e56872
SCHED-TRACE 12435 3646 K 31 3125a4cff
SCHED-TRACE 12436 3646 P 32 312f922d1
SCHED-TRACE 12437 3647 P 32 313027efa
SCHED-TRACE 12438 3647 I 31 19c53f
SCHED-TRACE 12439 3647 B 31 b4
SCHED-TRACE 12440 3647 P 31 312efc9ed
SCHED-TRACE 12441 3647 R 31 312efc9ed
SCHED-TRACE 12442 3648 U 4 19c5b8
SCHED-TRACE 12443 3648 V 4 19c5df
SCHED-TRACE 12444 3648 O 0 0
SCHED-TRACE 12445 3648 P 31 3130321fd
SCHED-TRACE 12446 3649 K 32 313027efa
SCHED-TRACE 12447 3649 P 31 31316cbf9
SCHED-TRACE 12448 3650 P 31 3132017c0
SCHED-TRACE 12449 3650 I 32 19ca56
SCHED-TRACE 12450 3650 B 32 b3
SCHED-TRACE 12451 3650 P 32 3139828f6
SCHED-TRACE 12452 3650 R 32 3139828f6
SCHED-TRACE 12453 3651 U 4 19cace
SCHED-TRACE 12454 3651 V 4 19caf5
SCHED-TRACE 12455 3651 O 0 0
SCHED-TRACE 12456 3651 P 32 313ab5c29
SCHED-TRACE 12457 3652 K 31 3132017c0
SCHED-TRACE 12458 3652 P 32 313bef5c2
SCHED-TRACE 12459 3653 P 32 313c845a2
SCHED-TRACE 12460 3653 I 31 19cf6b
SCHED-TRACE 12461 3653 B 31 b2
SCHED-TRACE 12462 3653 P 31 313b5bda3
SCHED-TRACE 12463 3653 R 31 313b5bda3
SCHED-TRACE 12464 3654 U 4 19cfe4
SCHED-TRACE 12465 3654 V 4 19d00b
SCHED-TRACE 12466 3654 O 0 0
SCHED-TRACE 12467 3654 P 31 313c915b4
SCHED-TRACE 12468 3655 K 32 313c845a2
SCHED-TRACE 12469 3655 P 31 313dccbf9
SCHED-TRACE 12470 3656 P 31 313e61ff1
SCHED-TRACE 12471 3656 I 32 19d482
SCHED-TRACE 12472 3656 B 32 b5
SCHED-TRACE 12473 3656 P 32 3145def9d
SCHED-TRACE 12474 3656 R 32 3145def9d
SCHED-TRACE 12475 3657 U 4 19d4fb
SCHED-TRACE 12476 3657 V 4 19d522
SCHED-TRACE 12477 3657 O 0 0
SCHED-TRACE 12478 3657 P 32 3147147ae
SCHED-TRACE 12479 3658 K 31 313e61ff1
SCHED-TRACE 12480 3658 P 32 31484f9db
SCHED-TRACE 12481 3659 P 32 3148e5604
SCHED-TRACE 12482 3659 I 31 19d999
SCHED-TRACE 12483 3659 B 31 b4
SCHED-TRACE 12484 3659 P 31 3147ba928
SCHED-TRACE 12485 3659 R 31 3147ba928
SCHED-TRACE 12486 3660 U 4 19da12
SCHED-TRACE 12487 3660 V 4 19da3a
SCHED-TRACE 12488 3660 O 0 0
SCHED-TRACE 12489 3660 P 31 3148f2616
SCHED-TRACE 12490 3661 K 32 3148e5604
SCHED-TRACE 12491 3661 P 31 314a2cbf9
SCHED-TRACE 12492 3662 P 31 314ac17c0
SCHED-TRACE 12493 3662 I 32 19deb1
SCHED-TRACE 12494 3662 B 32 b4
SCHED-TRACE 12495 3662 P 32 315240831
SCHED-TRACE 12496 3662 R 32 315240831
SCHED-TRACE 12497 3663 U 4 19df2a
SCHED-TRACE 12498 3663 V 4 19df51
SCHED-TRACE 12499 3663 O 0 0
SCHED-TRACE 12500 3663 P 32 315375c29
SCHED-TRACE 12501 3664 K 31 314ac17c0
SCHED-TRACE 12502 3664 P 32 3154b0625
SCHED-TRACE 12503 3665 P 32 31554624e
SCHED-TRACE 12504 3665 I 31 19e3c8
SCHED-TRACE 12505 3665 B 31 b2
SCHED-TRACE 12506 3665 P 31 31541b15a
SCHED-TRACE 12507 3665 R 31 31541b15a
SCHED-TRACE 12508 3666 U 4 19e440
SCHED-TRACE 12509 3666 V 4 19e467
SCHED-TRACE 12510 3666 O 0 0
SCHED-TRACE 12511 3666 P 31 31555119b
SCHED-TRACE 12512 3667 K 32 31554624e
SCHED-TRACE 12513 3667 P 31 31568b77e
SCHED-TRACE 12514 3668 P 31 315720b76
SCHED-TRACE 12515 3668 I 32 19e8de
SCHED-TRACE 12516 3668 B 32 b2
SCHED-TRACE 12517 3668 P 32 315ea0418
SCHED-TRACE 12518 3668 R 32 315ea0418
SCHED-TRACE 12519 3669 U 4 19e957
SCHED-TRACE 12520 3669 V 4 19e97e
SCHED-TRACE 12521 3669 O 0 0
SCHED-TRACE 12522 3669 P 32 315fd5c29
SCHED-TRACE 12523 3670 K 31 315720b76
SCHED-TRACE 12524 3670 P 32 316111a9f
SCHED-TRACE 12525 3671 P 32 3161a6a7f
SCHED-TRACE 12526 3671 I 31 19edf5
SCHED-TRACE 12527 3671 B 31 b5
SCHED-TRACE 12528 3671 P 31 31607a510
SCHED-TRACE 12529 3671 R 31 31607a510
SCHED-TRACE 12530 3672 U 4 19ee6f
SCHED-TRACE 12531 3672 V 4 19ee96
SCHED-TRACE 12532 3672 O 0 0
SCHED-TRACE 12533 3672 P 31 3161b0139
SCHED-TRACE 12534 3673 K 32 3161a6a7f
SCHED-TRACE 12535 3673 P 31 3162eaf4d
SCHED-TRACE 12536 3674 P 31 31637ff2c
SCHED-TRACE 12537 3674 I 32 19f30d
SCHED-TRACE 12538 3674 B 32 b4
SCHED-TRACE 12539 3674 P 32 316b020c4
SCHED-TRACE 12540 3674 R 32 316b020c4
SCHED-TRACE 12541 3675 U 4 19f385
SCHED-TRACE 12542 3675 V 4 19f3ac
SCHED-TRACE 12543 3675 O 0 0
SCHED-TRACE 12544 3675 P 32 316c34bc6
SCHED-TRACE 12545 3676 K 31 31637ff2c
SCHED-TRACE 12546 3676 P 32 316d70625
SCHED-TRACE 12547 3677 P 32 316e05e35
SCHED-TRACE 12548 3677 I 31 19f822
SCHED-TRACE 12549 3677 B 31 b4
SCHED-TRACE 12550 3677 P 31 316cd844b
SCHED-TRACE 12551 3677 R 31 316cd844b
SCHED-TRACE 12552 3678 U 4 19f89c
SCHED-TRACE 12553 3678 V 4 19f8c3
SCHED-TRACE 12554 3678 O 0 0
SCHED-TRACE 12555 3678 P 31 316e0f908
SCHED-TRACE 12556 3679 K 32 316e05e35
SCHED-TRACE 12557 3679 P 31 316f4ab35
SCHED-TRACE 12558 3680 P 31 316fdff2c
SCHED-TRACE 12559 3680 I 32 19fd3a
SCHED-TRACE 12560 3680 B 32 b3
SCHED-TRACE 12561 3680 P 32 31775eb85
SCHED-TRACE 12562 3680 R 32 31775eb85
SCHED-TRACE 12563 3681 U 4 19fdb3
SCHED-TRACE 12564 3681 V 4 19fddb
SCHED-TRACE 12565 3681 O 0 0
SCHED-TRACE 12566 3681 P 32 317894fdf
SCHED-TRACE 12567 3682 K 31 316fdff2c
SCHED-TRACE 12568 3682 P 32 3179d020c
SCHED-TRACE 12569 3683 P 32 317a65a1c
SCHED-TRACE 12570 3683 I 31 1a0252
SCHED-TRACE 12571 3683 B 31 b2
SCHED-TRACE 12572 3683 P 31 317939cdf
SCHED-TRACE 12573 3683 R 31 317939cdf
SCHED-TRACE 12574 3684 U 4 1a02c9
SCHED-TRACE 12575 3684 V 4 1a02ef
SCHED-TRACE 12576 3684 O 0 0
SCHED-TRACE 12577 3684 P 31 317a6a71c
SCHED-TRACE 12578 3685 K 32 317a65a1c
SCHED-TRACE 12579 3685 P 31 317ba3885
SCHED-TRACE 12580 3686 P 31 317c37c1a
SCHED-TRACE 12581 3686 I 32 1a0765
SCHED-TRACE 12582 3686 B 32 b6
SCHED-TRACE 12583 3686 P 32 3183c20c4
SCHED-TRACE 12584 3686 R 32 3183c20c4
SCHED-TRACE 12585 3687 U 4 1a07de
SCHED-TRACE 12586 3687 V 4 1a0805
SCHED-TRACE 12587 3687 O 0 0
SCHED-TRACE 12588 3687 P 32 3184f7ced
SCHED-TRACE 12589 3688 K 31 317c37c1a
SCHED-TRACE 12590 3688 P 32 318633333
SCHED-TRACE 12591 3689 P 32 3186c8b43
SCHED-TRACE 12592 3689 I 31 1a0c7c
SCHED-TRACE 12593 3689 B 31 b5
SCHED-TRACE 12594 3689 P 31 318590d83
SCHED-TRACE 12595 3689 R 31 318590d83
SCHED-TRACE 12596 3690 U 4 1a0cf5
SCHED-TRACE 12597 3690 V 4 1a0d1d
SCHED-TRACE 12598 3690 O 0 0
SCHED-TRACE 12599 3690 P 31 3186c71dd
SCHED-TRACE 12600 3691 K 31 3186c71dd
SCHED-TRACE 12601 3691 P 31 318802822
SCHED-TRACE 12602 3692 I 31 1a1194
SCHED-TRACE 12603 3692 B 31 b4
SCHED-TRACE 12604 3692 P 31 3191f1de5
SCHED-TRACE 12605 3692 R 31 3191f1de5
SCHED-TRACE 12606 3693 U 4 1a120d
SCHED-TRACE 12607 3693 V 4 1a1235
SCHED-TRACE 12608 3693 O 0 0
SCHED-TRACE 12609 3693 P 31 319329eeb
SCHED-TRACE 12610 3694 K 32 3186c8b43
SCHED-TRACE 12611 3694 P 31 319463885
SCHED-TRACE 12612 3695 P 31 3194f8033
SCHED-TRACE 12613 3695 I 32 1a16ac
SCHED-TRACE 12614 3695 B 32 b2
SCHED-TRACE 12615 3695 P 32 319023d70
SCHED-TRACE 12616 3695 R 32 319023d70
SCHED-TRACE 12617 3696 U 4 1a1724
SCHED-TRACE 12618 3696 V 4 1a174c
SCHED-TRACE 12619 3696 O 0 0
SCHED-TRACE 12620 3696 P 32 319158106
SCHED-TRACE 12621 3697 K 32 319158106
SCHED-TRACE 12622 3697 P 32 319293333
SCHED-TRACE 12623 3698 I 32 1a1bc2
SCHED-TRACE 12624 3698 B 32 b5
SCHED-TRACE 12625 3698 P 32 319c81893
SCHED-TRACE 12626 3698 R 32 319c81893
SCHED-TRACE 12627 3699 U 4 1a1c3b
SCHED-TRACE 12628 3699 V 4 1a1c63
SCHED-TRACE 12629 3699 O 0 0
SCHED-TRACE 12630 3699 P 32 319db8937
SCHED-TRACE 12631 3700 K 31 3194f8033
SCHED-TRACE 12632 3700 P 32 319ef47ae
SCHED-TRACE 12633 3701 P 32 319f89fbe
SCHED-TRACE 12634 3701 I 31 1a20da
SCHED-TRACE 12635 3701 B 31 b5
SCHED-TRACE 12636 3701 P 31 319e521fd
SCHED-TRACE 12637 3701 R 31 319e521fd
SCHED-TRACE 12638 3702 U 4 1a2154
SCHED-TRACE 12639 3702 V 4 1a217b
SCHED-TRACE 12640 3702 O 0 0
SCHED-TRACE 12641 3702 P 31 319f89eeb
SCHED-TRACE 12642 3703 K 31 319f89eeb
SCHED-TRACE 12643 3703 P 31 31a0c617a
SCHED-TRACE 12644 3704 I 31 1a25f3
SCHED-TRACE 12645 3704 B 31 b5
SCHED-TRACE 12646 3704 P 31 31aab5b55
SCHED-TRACE 12647 3704 R 31 31aab5b55
SCHED-TRACE 12648 3705 U 4 1a266c
SCHED-TRACE 12649 3705 V 4 1a2694
SCHED-TRACE 12650 3705 O 0 0
SCHED-TRACE 12651 3705 P 31 31abeab35
SCHED-TRACE 12652 3706 K 32 319f89fbe
SCHED-TRACE 12653 3706 P 31 31ad25949
SCHED-TRACE 12654 3707 P 31 31adbad41
SCHED-TRACE 12655 3707 I 32 1a2b0a
SCHED-TRACE 12656 3707 B 32 b5
SCHED-TRACE 12657 3707 P 32 31a8e3127
SCHED-TRACE 12658 3707 R 32 31a8e3127
SCHED-TRACE 12659 3708 U 4 1a2b82
SCHED-TRACE 12660 3708 V 4 1a2ba9
SCHED-TRACE 12661 3708 O 0 0
SCHED-TRACE 12662 3708 P 32 31aa16c8b
SCHED-TRACE 12663 3709 K 32 31aa16c8b
SCHED-TRACE 12664 3709 P 32 31ab522d1
SCHED-TRACE 12665 3710 I 32 1a3020
SCHED-TRACE 12666 3710 B 32 b3
SCHED-TRACE 12667 3710 P 32 31b540831
SCHED-TRACE 12668 3710 R 32 31b540831
SCHED-TRACE 12669 3711 U 4 1a3099
SCHED-TRACE 12670 3711 V 4 1a30c1
SCHED-TRACE 12671 3711 O 0 0
SCHED-TRACE 12672 3711 P 32 31b6770a4
SCHED-TRACE 12673 3712 K 31 31adbad41
SCHED-TRACE 12674 3712 P 32 31b7b3333
SCHED-TRACE 12675 3713 P 32 31b848b43
SCHED-TRACE 12676 3713 I 31 1a3538
SCHED-TRACE 12677 3713 B 31 b5
SCHED-TRACE 12678 3713 P 31 31b713260
SCHED-TRACE 12679 3713 R 31 31b713260
SCHED-TRACE 12680 3714 U 4 1a35b1
SCHED-TRACE 12681 3714 V 4 1a35d9
SCHED-TRACE 12682 3714 O 0 0
SCHED-TRACE 12683 3714 P 31 31b84a71c
SCHED-TRACE 12684 3715 K 32 31b848b43
SCHED-TRACE 12685 3715 P 31 31b98617a
SCHED-TRACE 12686 3716 P 31 31ba1b572
SCHED-TRACE 12687 3716 I 32 1a3a50
SCHED-TRACE 12688 3716 B 32 b4
SCHED-TRACE 12689 3716 P 32 31c1a1893
SCHED-TRACE 12690 3716 R 32 31c1a1893
SCHED-TRACE 12691 3717 U 4 1a3ac9
SCHED-TRACE 12692 3717 V 4 1a3af0
SCHED-TRACE 12693 3717 O 0 0
SCHED-TRACE 12694 3717 P 32 31c2d6c8b
SCHED-TRACE 12695 3718 K 31 31ba1b572
SCHED-TRACE 12696 3718 P 32 31c411eb8
SCHED-TRACE 12697 3719 P 32 31c4a6e97
SCHED-TRACE 12698 3719 I 31 1a3f67
SCHED-TRACE 12699 3719 B 31 b5
SCHED-TRACE 12700 3719 P 31 31c37679f
SCHED-TRACE 12701 3719 R 31 31c37679f
SCHED-TRACE 12702 3720 U 4 1a3fe0
SCHED-TRACE 12703 3720 V 4 1a4008
SCHED-TRACE 12704 3720 O 0 0
SCHED-TRACE 12705 3720 P 31 31c4adc5c
SCHED-TRACE 12706 3721 K 32 31c4a6e97
SCHED-TRACE 12707 3721 P 31 31c5e9eeb
SCHED-TRACE 12708 3722 P 31 31c67f6fb
SCHED-TRACE 12709 3722 I 32 1a447f
SCHED-TRACE 12710 3722 B 32 b5
SCHED-TRACE 12711 3722 P 32 31cdfef9d
SCHED-TRACE 12712 3722 R 32 31cdfef9d
SCHED-TRACE 12713 3723 U 4 1a44f8
SCHED-TRACE 12714 3723 V 4 1a451f
SCHED-TRACE 12715 3723 O 0 0
SCHED-TRACE 12716 3723 P 32 31cf34395
SCHED-TRACE 12717 3724 K 31 31c67f6fb
SCHED-TRACE 12718 3724 P 32 31d06ed91
SCHED-TRACE 12719 3725 P 32 31d1045a2
SCHED-TRACE 12720 3725 I 31 1a4996
SCHED-TRACE 12721 3725 B 31 b3
SCHED-TRACE 12722 3725 P 31 31cfd98c6
SCHED-TRACE 12723 3725 R 31 31cfd98c6
SCHED-TRACE 12724 3726 U 4 1a4a0f
SCHED-TRACE 12725 3726 V 4 1a4a37
SCHED-TRACE 12726 3726 O 0 0
SCHED-TRACE 12727 3726 P 31 31d11096a
SCHED-TRACE 12728 3727 K 32 31d1045a2
SCHED-TRACE 12729 3727 P 31 31d24b366
SCHED-TRACE 12730 3728 P 31 31d2dfb14
SCHED-TRACE 12731 3728 I 32 1a4ead
SCHED-TRACE 12732 3728 B 32 b6
SCHED-TRACE 12733 3728 P 32 31da5ef9d
SCHED-TRACE 12734 3728 R 32 31da5ef9d
SCHED-TRACE 12735 3729 U 4 1a4f26
SCHED-TRACE 12736 3729 V 4 1a4f4d
SCHED-TRACE 12737 3729 O 0 0
SCHED-TRACE 12738 3729 P 32 31db93f7d
SCHED-TRACE 12739 3730 K 31 31d2dfb14
SCHED-TRACE 12740 3730 P 32 31dcced91
SCHED-TRACE 12741 3731 P 32 31dd645a2
SCHED-TRACE 12742 3731 I 31 1a53c4
SCHED-TRACE 12743 3731 B 31 b4
SCHED-TRACE 12744 3731 P 31 31dc3a928
SCHED-TRACE 12745 3731 R 31 31dc3a928
SCHED-TRACE 12746 3732 U 4 1a543c
SCHED-TRACE 12747 3732 V 4 1a5464
SCHED-TRACE 12748 3732 O 0 0
SCHED-TRACE 12749 3732 P 31 31dd70d83
SCHED-TRACE 12750 3733 K 32 31dd645a2
SCHED-TRACE 12751 3733 P 31 31deabfb0
SCHED-TRACE 12752 3734 P 31 31df40f8f
SCHED-TRACE 12753 3734 I 32 1a58db
SCHED-TRACE 12754 3734 B 32 b5
SCHED-TRACE 12755 3734 P 32 31e6bfbe7
SCHED-TRACE 12756 3734 R 32 31e6bfbe7
SCHED-TRACE 12757 3735 U 4 1a5954
SCHED-TRACE 12758 3735 V 4 1a597c
SCHED-TRACE 12759 3735 O 0 0
SCHED-TRACE 12760 3735 P 32 31e7f5c29
SCHED-TRACE 12761 3736 K 31 31df40f8f
SCHED-TRACE 12762 3736 P 32 31e931a9f
SCHED-TRACE 12763 3737 P 32 31e9c6a7f
SCHED-TRACE 12764 3737 I 31 1a5df3
SCHED-TRACE 12765 3737 B 31 b5
SCHED-TRACE 12766 3737 P 31 31e89bda3
SCHED-TRACE 12767 3737 R 31 31e89bda3
SCHED-TRACE 12768 3738 U 4 1a5e6d
SCHED-TRACE 12769 3738 V 4 1a5e94
SCHED-TRACE 12770 3738 O 0 0
SCHED-TRACE 12771 3738 P 31 31e9d19cc
SCHED-TRACE 12772 3739 K 32 31e9c6a7f
SCHED-TRACE 12773 3739 P 31 31eb0c7e1
SCHED-TRACE 12774 3740 P 31 31eba17c0
SCHED-TRACE 12775 3740 I 32 1a630b
SCHED-TRACE 12776 3740 B 32 b3
SCHED-TRACE 12777 3740 P 32 31f321893
SCHED-TRACE 12778 3740 R 32 31f321893
SCHED-TRACE 12779 3741 U 4 1a6382
SCHED-TRACE 12780 3741 V 4 1a63a9
SCHED-TRACE 12781 3741 O 0 0
SCHED-TRACE 12782 3741 P 32 31f452b02
SCHED-TRACE 12783 3742 K 31 31eba17c0
SCHED-TRACE 12784 3742 P 32 31f58e979
SCHED-TRACE 12785 3743 P 32 31f623d70
SCHED-TRACE 12786 3743 I 31 1a681f
SCHED-TRACE 12787 3743 B 31 b6
SCHED-TRACE 12788 3743 P 31 31f4fad41
SCHED-TRACE 12789 3743 R 31 31f4fad41
SCHED-TRACE 12790 3744 U 4 1a6899
SCHED-TRACE 12791 3744 V 4 1a68c0
SCHED-TRACE 12792 3744 O 0 0
SCHED-TRACE 12793 3744 P 31 31f6319cc
SCHED-TRACE 12794 3745 K 32 31f623d70
SCHED-TRACE 12795 3745 P 31 31f76d012
SCHED-TRACE 12796 3746 P 31 31f801ff1
SCHED-TRACE 12797 3746 I 32 1a6d37
SCHED-TRACE 12798 3746 B 32 b4
SCHED-TRACE 12799 3746 P 32 31ff7d2f1
SCHED-TRACE 12800 3746 R 32 31ff7d2f1
SCHED-TRACE 12801 3747 U 4 1a6db0
SCHED-TRACE 12802 3747 V 4 1a6dd8
SCHED-TRACE 12803 3747 O 0 0
SCHED-TRACE 12804 3747 P 32 3200b374c
SCHED-TRACE 12805 3748 K 31 31f801ff1
SCHED-TRACE 12806 3748 P 32 3201ef1aa
SCHED-TRACE 12807 3749 P 32 3202845a2
SCHED-TRACE 12808 3749 I 31 1a724f
SCHED-TRACE 12809 3749 B 31 b6
SCHED-TRACE 12810 3749 P 31 32015ce06
SCHED-TRACE 12811 3749 R 31 32015ce06
SCHED-TRACE 12812 3750 U 4 1a72c7
SCHED-TRACE 12813 3750 V 4 1a72ee
SCHED-TRACE 12814 3750 O 0 0
SCHED-TRACE 12815 3750 P 31 320290551
SCHED-TRACE 12816 3751 K 32 3202845a2
SCHED-TRACE 12817 3751 P 31 3203ca304
SCHED-TRACE 12818 3752 P 31 32045eeca
SCHED-TRACE 12819 3752 I 32 1a7764
SCHED-TRACE 12820 3752 B 32 b4
SCHED-TRACE 12821 3752 P 32 320bdeb85
SCHED-TRACE 12822 3752 R 32 320bdeb85
SCHED-TRACE 12823 3753 U 4 1a77dd
SCHED-TRACE 12824 3753 V 4 1a7804
SCHED-TRACE 12825 3753 O 0 0
SCHED-TRACE 12826 3753 P 32 320d147ae
SCHED-TRACE 12827 3754 K 31 32045eeca
SCHED-TRACE 12828 3754 P 32 320e4f9db
SCHED-TRACE 12829 3755 P 32 320ee51eb
SCHED-TRACE 12830 3755 I 31 1a7c7b
SCHED-TRACE 12831 3755 B 31 b2
SCHED-TRACE 12832 3755 P 31 320db73e9
SCHED-TRACE 12833 3755 R 31 320db73e9
SCHED-TRACE 12834 3756 U 4 1a7cf4
SCHED-TRACE 12835 3756 V 4 1a7d1c
SCHED-TRACE 12836 3756 O 0 0
SCHED-TRACE 12837 3756 P 31 320eedc5c
SCHED-TRACE 12838 3757 K 32 320ee51eb
SCHED-TRACE 12839 3757 P 31 3210296ba
SCHED-TRACE 12840 3758 P 31 3210beeca
SCHED-TRACE 12841 3758 I 32 1a8193
SCHED-TRACE 12842 3758 B 32 b5
SCHED-TRACE 12843 3758 P 32 32183fbe7
SCHED-TRACE 12844 3758 R 32 32183fbe7
SCHED-TRACE 12845 3759 U 4 1a820c
SCHED-TRACE 12846 3759 V 4 1a8235
SCHED-TRACE 12847 3759 O 0 0
SCHED-TRACE 12848 3759 P 32 321978106
SCHED-TRACE 12849 3760 K 31 3210beeca
SCHED-TRACE 12850 3760 P 32 321ab0e56
SCHED-TRACE 12851 3761 P 32 321b451eb
SCHED-TRACE 12852 3761 I 31 1a86ab
SCHED-TRACE 12853 3761 B 31 b3
SCHED-TRACE 12854 3761 P 31 321a1b15a
SCHED-TRACE 12855 3761 R 31 321a1b15a
SCHED-TRACE 12856 3762 U 4 1a8724
SCHED-TRACE 12857 3762 V 4 1a874b
SCHED-TRACE 12858 3762 O 0 0
SCHED-TRACE 12859 3762 P 31 321b4fd20
SCHED-TRACE 12860 3763 K 32 321b451eb
SCHED-TRACE 12861 3763 P 31 321c8ab35
SCHED-TRACE 12862 3764 P 31 321d1ff2c
SCHED-TRACE 12863 3764 I 32 1a8bc1
SCHED-TRACE 12864 3764 B 32 b5
SCHED-TRACE 12865 3764 P 32 32249e354
SCHED-TRACE 12866 3764 R 32 32249e354
SCHED-TRACE 12867 3765 U 4 1a8c3a
SCHED-TRACE 12868 3765 V 4 1a8c61
SCHED-TRACE 12869 3765 O 0 0
SCHED-TRACE 12870 3765 P 32 3225d4fdf
SCHED-TRACE 12871 3766 K 31 321d1ff2c
SCHED-TRACE 12872 3766 P 32 322710625
SCHED-TRACE 12873 3767 P 32 3227a5e35
SCHED-TRACE 12874 3767 I 31 1a90d8
SCHED-TRACE 12875 3767 B 31 b5
SCHED-TRACE 12876 3767 P 31 3226794ae
SCHED-TRACE 12877 3767 R 31 3226794ae
SCHED-TRACE 12878 3768 U 4 1a9151
SCHED-TRACE 12879 3768 V 4 1a9179
SCHED-TRACE 12880 3768 O 0 0
SCHED-TRACE 12881 3768 P 31 3227b0551
SCHED-TRACE 12882 3769 K 32 3227a5e35
SCHED-TRACE 12883 3769 P 31 3228ebb97
SCHED-TRACE 12884 3770 P 31 32298075e
SCHED-TRACE 12885 3770 I 32 1a95f0
SCHED-TRACE 12886 3770 B 32 b3
SCHED-TRACE 12887 3770 P 32 3230ffbe7
SCHED-TRACE 12888 3770 R 32 3230ffbe7
SCHED-TRACE 12889 3771 U 4 1a9669
SCHED-TRACE 12890 3771 V 4 1a9690
SCHED-TRACE 12891 3771 O 0 0
SCHED-TRACE 12892 3771 P 32 3232347ae
SCHED-TRACE 12893 3772 K 31 32298075e
SCHED-TRACE 12894 3772 P 32 32336f9db
SCHED-TRACE 12895 3773 P 32 323404dd3
SCHED-TRACE 12896 3773 I 31 1a9b07
SCHED-TRACE 12897 3773 B 31 b5
SCHED-TRACE 12898 3773 P 31 3232da928
SCHED-TRACE 12899 3773 R 31 3232da928
SCHED-TRACE 12900 3774 U 4 1a9b80
SCHED-TRACE 12901 3774 V 4 1a9ba7
SCHED-TRACE 12902 3774 O 0 0
SCHED-TRACE 12903 3774 P 31 32340f4ef
SCHED-TRACE 12904 3775 K 32 323404dd3
SCHED-TRACE 12905 3775 P 31 32354b366
SCHED-TRACE 12906 3776 P 31 3235e075e
SCHED-TRACE 12907 3776 I 32 1aa01e
SCHED-TRACE 12908 3776 B 32 b4
SCHED-TRACE 12909 3776 P 32 323d5f3b6
SCHED-TRACE 12910 3776 R 32 323d5f3b6
SCHED-TRACE 12911 3777 U 4 1aa097
SCHED-TRACE 12912 3777 V 4 1aa0bf
SCHED-TRACE 12913 3777 O 0 0
SCHED-TRACE 12914 3777 P 32 323e96041
SCHED-TRACE 12915 3778 K 31 3235e075e
SCHED-TRACE 12916 3778 P 32 323fd1eb8
SCHED-TRACE 12917 3779 P 32 324067ae1
SCHED-TRACE 12918 3779 I 31 1aa536
SCHED-TRACE 12919 3779 B 31 b5
SCHED-TRACE 12920 3779 P 31 323f38864
SCHED-TRACE 12921 3779 R 31 323f38864
SCHED-TRACE 12922 3780 U 4 1aa5af
SCHED-TRACE 12923 3780 V 4 1aa5d7
SCHED-TRACE 12924 3780 O 0 0
SCHED-TRACE 12925 3780 P 31 32406f0d6
SCHED-TRACE 12926 3781 K 32 324067ae1
SCHED-TRACE 12927 3781 P 31 3241a96ba
SCHED-TRACE 12928 3782 P 31 32423e699
SCHED-TRACE 12929 3782 I 32 1aaa4e
SCHED-TRACE 12930 3782 B 32 b0
SCHED-TRACE 12931 3782 P 32 3249c20c4
SCHED-TRACE 12932 3782 R 32 3249c20c4
SCHED-TRACE 12933 3783 U 4 1aaac6
SCHED-TRACE 12934 3783 V 4 1aaaed
SCHED-TRACE 12935 3783 O 0 0
SCHED-TRACE 12936 3783 P 32 324af645a
SCHED-TRACE 12937 3784 K 31 32423e699
SCHED-TRACE 12938 3784 P 32 324c30625
SCHED-TRACE 12939 3785 P 32 324cc5604
SCHED-TRACE 12940 3785 I 31 1aaf64
SCHED-TRACE 12941 3785 B 31 b3
SCHED-TRACE 12942 3785 P 31 324b99cdf
SCHED-TRACE 12943 3785 R 31 324b99cdf
SCHED-TRACE 12944 3786 U 4 1aafdd
SCHED-TRACE 12945 3786 V 4 1ab004
SCHED-TRACE 12946 3786 O 0 0
SCHED-TRACE 12947 3786 P 31 324cd096a
SCHED-TRACE 12948 3787 K 32 324cc5604
SCHED-TRACE 12949 3787 P 31 324e0c7e1
SCHED-TRACE 12950 3788 P 31 324ea1ff1
SCHED-TRACE 12951 3788 I 32 1ab47c
SCHED-TRACE 12952 3788 B 32 b5
SCHED-TRACE 12953 3788 P 32 32561fbe7
SCHED-TRACE 12954 3788 R 32 32561fbe7
SCHED-TRACE 12955 3789 U 4 1ab4f5
SCHED-TRACE 12956 3789 V 4 1ab51d
SCHED-TRACE 12957 3789 O 0 0
SCHED-TRACE 12958 3789 P 32 325756872
SCHED-TRACE 12959 3790 K 31 324ea1ff1
SCHED-TRACE 12960 3790 P 32 325891eb8
SCHED-TRACE 12961 3791 P 32 325927ae1
SCHED-TRACE 12962 3791 I 31 1ab994
SCHED-TRACE 12963 3791 B 31 b4
SCHED-TRACE 12964 3791 P 31 3257fb15a
SCHED-TRACE 12965 3791 R 31 3257fb15a
SCHED-TRACE 12966 3792 U 4 1aba0e
SCHED-TRACE 12967 3792 V 4 1aba36
SCHED-TRACE 12968 3792 O 0 0
SCHED-TRACE 12969 3792 P 31 325933ea9
SCHED-TRACE 12970 3793 K 32 325927ae1
SCHED-TRACE 12971 3793 P 31 325a6ecbe
SCHED-TRACE 12972 3794 P 31 325b03c9d
SCHED-TRACE 12973 3794 I 32 1abead
SCHED-TRACE 12974 3794 B 32 b5
SCHED-TRACE 12975 3794 P 32 32628353f
SCHED-TRACE 12976 3794 R 32 32628353f
SCHED-TRACE 12977 3795 U 4 1abf26
SCHED-TRACE 12978 3795 V 4 1abf4e
SCHED-TRACE 12979 3795 O 0 0
SCHED-TRACE 12980 3795 P 32 3263b9581
SCHED-TRACE 12981 3796 K 31 325b03c9d
SCHED-TRACE 12982 3796 P 32 3264f3f7d
SCHED-TRACE 12983 3797 P 32 326589fbe
SCHED-TRACE 12984 3797 I 31 1ac3c5
SCHED-TRACE 12985 3797 B 31 b1
SCHED-TRACE 12986 3797 P 31 32645d637
SCHED-TRACE 12987 3797 R 31 32645d637
SCHED-TRACE 12988 3798 U 4 1ac43c
SCHED-TRACE 12989 3798 V 4 1ac464
SCHED-TRACE 12990 3798 O 0 0
SCHED-TRACE 12991 3798 P 31 326592e47
SCHED-TRACE 12992 3799 K 32 326589fbe
SCHED-TRACE 12993 3799 P 31 3266cd843
SCHED-TRACE 12994 3800 P 31 326762c3b
SCHED-TRACE 12995 3800 I 32 1ac8da
SCHED-TRACE 12996 3800 B 32 b3
SCHED-TRACE 12997 3800 P 32 326ee3127
SCHED-TRACE 12998 3800 R 32 326ee3127
SCHED-TRACE 12999 3801 U 4 1ac953
SCHED-TRACE 13000 3801 V 4 1ac97a
SCHED-TRACE 13001 3801 O 0 0
SCHED-TRACE 13002 3801 P 32 327019168
SCHED-TRACE 13003 3802 K 31 326762c3b
SCHED-TRACE 13004 3802 P 32 327154fdf
SCHED-TRACE 13005 3803 P 32 3271e9fbe
SCHED-TRACE 13006 3803 I 31 1acdf1
SCHED-TRACE 13007 3803 B 31 b5
SCHED-TRACE 13008 3803 P 31 3270bb572
SCHED-TRACE 13009 3803 R 31 3270bb572
SCHED-TRACE 13010 3804 U 4 1ace6b
SCHED-TRACE 13011 3804 V 4 1ace92
SCHED-TRACE 13012 3804 O 0 0
SCHED-TRACE 13013 3804 P 31 3271f119b
SCHED-TRACE 13014 3805 K 32 3271e9fbe
SCHED-TRACE 13015 3805 P 31 32732bfb0
SCHED-TRACE 13016 3806 P 31 3273c0f8f
SCHED-TRACE 13017 3806 I 32 1ad309
SCHED-TRACE 13018 3806 B 32 b4
SCHED-TRACE 13019 3806 P 32 327b44dd3
SCHED-TRACE 13020 3806 R 32 327b44dd3
SCHED-TRACE 13021 3807 U 4 1ad381
SCHED-TRACE 13022 3807 V 4 1ad3a8
SCHED-TRACE 13023 3807 O 0 0
SCHED-TRACE 13024 3807 P 32 327c77ced
SCHED-TRACE 13025 3808 K 31 3273c0f8f
SCHED-TRACE 13026 3808 P 32 327db3f7d
SCHED-TRACE 13027 3809 P 32 327e49374
SCHED-TRACE 13028 3809 I 31 1ad81e
SCHED-TRACE 13029 3809 B 31 b6
SCHED-TRACE 13030 3809 P 31 327d19cdf
SCHED-TRACE 13031 3809 R 31 327d19cdf
SCHED-TRACE 13032 3810 U 4 1ad898
SCHED-TRACE 13033 3810 V 4 1ad8bf
SCHED-TRACE 13034 3810 O 0 0
SCHED-TRACE 13035 3810 P 31 327e5119b
SCHED-TRACE 13036 3811 K 32 327e49374
SCHED-TRACE 13037 3811 P 31 327f8b77e
SCHED-TRACE 13038 3812 P 31 328020b76
SCHED-TRACE 13039 3812 I 32 1add36
SCHED-TRACE 13040 3812 B 32 b0
SCHED-TRACE 13041 3812 P 32 3287a20c4
SCHED-TRACE 13042 3812 R 32 3287a20c4
SCHED-TRACE 13043 3813 U 4 1addaf
SCHED-TRACE 13044 3813 V 4 1addd6
SCHED-TRACE 13045 3813 O 0 0
SCHED-TRACE 13046 3813 P 32 3288d74bc
SCHED-TRACE 13047 3814 K 31 328020b76
SCHED-TRACE 13048 3814 P 32 328a126e9
SCHED-TRACE 13049 3815 P 32 328aa7efa
SCHED-TRACE 13050 3815 I 31 1ae24d
SCHED-TRACE 13051 3815 B 31 b3
SCHED-TRACE 13052 3815 P 31 32897a0f7
SCHED-TRACE 13053 3815 R 31 32897a0f7
SCHED-TRACE 13054 3816 U 4 1ae2c5
SCHED-TRACE 13055 3816 V 4 1ae2eb
SCHED-TRACE 13056 3816 O 0 0
SCHED-TRACE 13057 3816 P 31 328aac3c8
SCHED-TRACE 13058 3817 K 32 328aa7efa
SCHED-TRACE 13059 3817 P 31 328be617a
SCHED-TRACE 13060 3818 P 31 328c7a928
SCHED-TRACE 13061 3818 I 32 1ae761
SCHED-TRACE 13062 3818 B 32 b5
SCHED-TRACE 13063 3818 P 32 32940353f
SCHED-TRACE 13064 3818 R 32 32940353f
SCHED-TRACE 13065 3819 U 4 1ae7da
SCHED-TRACE 13066 3819 V 4 1ae801
SCHED-TRACE 13067 3819 O 0 0
SCHED-TRACE 13068 3819 P 32 329539999
SCHED-TRACE 13069 3820 K 31 328c7a928
SCHED-TRACE 13070 3820 P 32 329674fdf
SCHED-TRACE 13071 3821 P 32 32970ac08
SCHED-TRACE 13072 3821 I 31 1aec79
SCHED-TRACE 13073 3821 B 31 b3
SCHED-TRACE 13074 3821 P 31 3295d4af3
SCHED-TRACE 13075 3821 R 31 3295d4af3
SCHED-TRACE 13076 3822 U 4 1aecf2
SCHED-TRACE 13077 3822 V 4 1aed1a
SCHED-TRACE 13078 3822 O 0 0
SCHED-TRACE 13079 3822 P 31 32970bb97
SCHED-TRACE 13080 3823 K 32 32970ac08
SCHED-TRACE 13081 3823 P 31 3298475f5
SCHED-TRACE 13082 3824 P 31 3298dce06
SCHED-TRACE 13083 3824 I 32 1af191
SCHED-TRACE 13084 3824 B 32 b5
SCHED-TRACE 13085 3824 P 32 32a0645a2
SCHED-TRACE 13086 3824 R 32 32a0645a2
SCHED-TRACE 13087 3825 U 4 1af20a
SCHED-TRACE 13088 3825 V 4 1af233
SCHED-TRACE 13089 3825 O 0 0
SCHED-TRACE 13090 3825 P 32 32a19d2f1
SCHED-TRACE 13091 3826 K 31 3298dce06
SCHED-TRACE 13092 3826 P 32 32a2d6872
SCHED-TRACE 13093 3827 P 32 32a36b852
SCHED-TRACE 13094 3827 I 31 1af6a9
SCHED-TRACE 13095 3827 B 31 b2
SCHED-TRACE 13096 3827 P 31 32a23679f
SCHED-TRACE 13097 3827 R 31 32a23679f
SCHED-TRACE 13098 3828 U 4 1af722
SCHED-TRACE 13099 3828 V 4 1af749
SCHED-TRACE 13100 3828 O 0 0
SCHED-TRACE 13101 3828 P 31 32a36bb97
SCHED-TRACE 13102 3829 K 32 32a36b852
SCHED-TRACE 13103 3829 P 31 32a4a71dd
SCHED-TRACE 13104 3830 P 31 32a53c9ed
SCHED-TRACE 13105 3830 I 32 1afbc0
SCHED-TRACE 13106 3830 B 32 b5
SCHED-TRACE 13107 3830 P 32 32acc624e
SCHED-TRACE 13108 3830 R 32 32acc624e
SCHED-TRACE 13109 3831 U 4 1afc39
SCHED-TRACE 13110 3831 V 4 1afc61
SCHED-TRACE 13111 3831 O 0 0
SCHED-TRACE 13112 3831 P 32 32adfdb23
SCHED-TRACE 13113 3832 K 31 32a53c9ed
SCHED-TRACE 13114 3832 P 32 32af39999
SCHED-TRACE 13115 3833 P 32 32afcf5c2
SCHED-TRACE 13116 3833 I 31 1b00d8
SCHED-TRACE 13117 3833 B 31 b5
SCHED-TRACE 13118 3833 P 31 32ae95324
SCHED-TRACE 13119 3833 R 31 32ae95324
SCHED-TRACE 13120 3834 U 4 1b0152
SCHED-TRACE 13121 3834 V 4 1b017a
SCHED-TRACE 13122 3834 O 0 0
SCHED-TRACE 13123 3834 P 31 32afcd843
SCHED-TRACE 13124 3835 K 31 32afcd843
SCHED-TRACE 13125 3835 P 31 32b109ad2
SCHED-TRACE 13126 3836 I 31 1b05f1
SCHED-TRACE 13127 3836 B 31 b5
SCHED-TRACE 13128 3836 P 31 32baf844b
SCHED-TRACE 13129 3836 R 31 32baf844b
SCHED-TRACE 13130 3837 U 4 1b066a
SCHED-TRACE 13131 3837 V 4 1b0692
SCHED-TRACE 13132 3837 O 0 0
SCHED-TRACE 13133 3837 P 31 32bc2d42a
SCHED-TRACE 13134 3838 K 32 32afcf5c2
SCHED-TRACE 13135 3838 P 31 32bd68658
SCHED-TRACE 13136 3839 P 31 32bdfd637
SCHED-TRACE 13137 3839 I 32 1b0b08
SCHED-TRACE 13138 3839 B 32 b5
SCHED-TRACE 13139 3839 P 32 32b928b43
SCHED-TRACE 13140 3839 R 32 32b928b43
SCHED-TRACE 13141 3840 U 4 1b0b80
SCHED-TRACE 13142 3840 V 4 1b0ba8
SCHED-TRACE 13143 3840 O 0 0
SCHED-TRACE 13144 3840 P 32 32ba5d2f1
SCHED-TRACE 13145 3841 K 32 32ba5d2f1
SCHED-TRACE 13146 3841 P 32 32bb98106
SCHED-TRACE 13147 3842 I 32 1b101e
SCHED-TRACE 13148 3842 B 32 b1
SCHED-TRACE 13149 3842 P 32 32c58624e
SCHED-TRACE 13150 3842 R 32 32c58624e
SCHED-TRACE 13151 3843 U 4 1b1097
SCHED-TRACE 13152 3843 V 4 1b10bf
SCHED-TRACE 13153 3843 O 0 0
SCHED-TRACE 13154 3843 P 32 32c6bbe77
SCHED-TRACE 13155 3844 K 31 32bdfd637
SCHED-TRACE 13156 3844 P 32 32c7f7ced
SCHED-TRACE 13157 3845 P 32 32c88d916
SCHED-TRACE 13158 3845 I 31 1b1536
SCHED-TRACE 13159 3845 B 31 b5
SCHED-TRACE 13160 3845 P 31 32c756fd0
SCHED-TRACE 13161 3845 R 31 32c756fd0
SCHED-TRACE 13162 3846 U 4 1b15af
SCHED-TRACE 13163 3846 V 4 1b15d7
SCHED-TRACE 13164 3846 O 0 0
SCHED-TRACE 13165 3846 P 31 32c88e074
SCHED-TRACE 13166 3847 K 32 32c88d916
SCHED-TRACE 13167 3847 P 31 32c9c9ad2
SCHED-TRACE 13168 3848 P 31 32ca5eab2
SCHED-TRACE 13169 3848 I 32 1b1a4e
SCHED-TRACE 13170 3848 B 32 b4
SCHED-TRACE 13171 3848 P 32 32d1e6666
SCHED-TRACE 13172 3848 R 32 32d1e6666
SCHED-TRACE 13173 3849 U 4 1b1ac7
SCHED-TRACE 13174 3849 V 4 1b1aee
SCHED-TRACE 13175 3849 O 0 0
SCHED-TRACE 13176 3849 P 32 32d31b22d
SCHED-TRACE 13177 3850 K 31 32ca5eab2
SCHED-TRACE 13178 3850 P 32 32d456041
SCHED-TRACE 13179 3851 P 32 32d4eb439
SCHED-TRACE 13180 3851 I 31 1b1f65
SCHED-TRACE 13181 3851 B 31 b4
SCHED-TRACE 13182 3851 P 31 32d3b98c6
SCHED-TRACE 13183 3851 R 31 32d3b98c6
SCHED-TRACE 13184 3852 U 4 1b1fde
SCHED-TRACE 13185 3852 V 4 1b2006
SCHED-TRACE 13186 3852 O 0 0
SCHED-TRACE 13187 3852 P 31 32d4f15b4
SCHED-TRACE 13188 3853 K 32 32d4eb439
SCHED-TRACE 13189 3853 P 31 32d62d843
SCHED-TRACE 13190 3854 P 31 32d6c3053
SCHED-TRACE 13191 3854 I 32 1b247d
SCHED-TRACE 13192 3854 B 32 b6
SCHED-TRACE 13193 3854 P 32 32de43958
SCHED-TRACE 13194 3854 R 32 32de43958
SCHED-TRACE 13195 3855 U 4 1b24f6
SCHED-TRACE 13196 3855 V 4 1b251e
SCHED-TRACE 13197 3855 O 0 0
SCHED-TRACE 13198 3855 P 32 32df7a5e3
SCHED-TRACE 13199 3856 K 31 32d6c3053
SCHED-TRACE 13200 3856 P 32 32e0b53f8
SCHED-TRACE 13201 3857 P 32 32e14b439
SCHED-TRACE 13202 3857 I 31 1b2995
SCHED-TRACE 13203 3857 B 31 b2
SCHED-TRACE 13204 3857 P 31 32e01bda3
SCHED-TRACE 13205 3857 R 31 32e01bda3
SCHED-TRACE 13206 3858 U 4 1b2a0e
SCHED-TRACE 13207 3858 V 4 1b2a36
SCHED-TRACE 13208 3858 O 0 0
SCHED-TRACE 13209 3858 P 31 32e1542c2
SCHED-TRACE 13210 3859 K 32 32e14b439
SCHED-TRACE 13211 3859 P 31 32e28f4ef
SCHED-TRACE 13212 3860 P 31 32e3240b6
SCHED-TRACE 13213 3860 I 32 1b2ead
SCHED-TRACE 13214 3860 B 32 b5
SCHED-TRACE 13215 3860 P 32 32eaa51eb
SCHED-TRACE 13216 3860 R 32 32eaa51eb
SCHED-TRACE 13217 3861 U 4 1b2f26
SCHED-TRACE 13218 3861 V 4 1b2f4e
SCHED-TRACE 13219 3861 O 0 0
SCHED-TRACE 13220 3861 P 32 32ebdba5e
SCHED-TRACE 13221 3862 K 31 32e3240b6
SCHED-TRACE 13222 3862 P 32 32ed170a4
SCHED-TRACE 13223 3863 P 32 32edad0e5
SCHED-TRACE 13224 3863 I 31 1b33c5
SCHED-TRACE 13225 3863 B 31 b5
SCHED-TRACE 13226 3863 P 31 32ec7da4f
SCHED-TRACE 13227 3863 R 31 32ec7da4f
SCHED-TRACE 13228 3864 U 4 1b343e
SCHED-TRACE 13229 3864 V 4 1b3466
SCHED-TRACE 13230 3864 O 0 0
SCHED-TRACE 13231 3864 P 31 32edb573d
SCHED-TRACE 13232 3865 K 32 32edad0e5
SCHED-TRACE 13233 3865 P 31 32eef15b4
SCHED-TRACE 13234 3866 P 31 32ef869ab
SCHED-TRACE 13235 3866 I 32 1b38dd
SCHED-TRACE 13236 3866 B 32 b5
SCHED-TRACE 13237 3866 P 32 32f706e97
SCHED-TRACE 13238 3866 R 32 32f706e97
SCHED-TRACE 13239 3867 U 4 1b3956
SCHED-TRACE 13240 3867 V 4 1b397e
SCHED-TRACE 13241 3867 O 0 0
SCHED-TRACE 13242 3867 P 32 32f83eb85
SCHED-TRACE 13243 3868 K 31 32ef869ab
SCHED-TRACE 13244 3868 P 32 32f97b645
SCHED-TRACE 13245 3869 P 32 32fa10a3d
SCHED-TRACE 13246 3869 I 31 1b3df6
SCHED-TRACE 13247 3869 B 31 b5
SCHED-TRACE 13248 3869 P 31 32f8dff2c
SCHED-TRACE 13249 3869 R 31 32f8dff2c
SCHED-TRACE 13250 3870 U 4 1b3e70
SCHED-TRACE 13251 3870 V 4 1b3e98
SCHED-TRACE 13252 3870 O 0 0
SCHED-TRACE 13253 3870 P 31 32fa17c1a
SCHED-TRACE 13254 3871 K 32 32fa10a3d
SCHED-TRACE 13255 3871 P 31 32fb51de5
SCHED-TRACE 13256 3872 P 31 32fbe75f5
SCHED-TRACE 13257 3872 I 32 1b430f
SCHED-TRACE 13258 3872 B 32 af
SCHED-TRACE 13259 3872 P 32 33036a7ef
SCHED-TRACE 13260 3872 R 32 33036a7ef
SCHED-TRACE 13261 3873 U 4 1b4384
SCHED-TRACE 13262 3873 V 4 1b43a9
SCHED-TRACE 13263 3873 O 0 0
SCHED-TRACE 13264 3873 P 32 3304947ae
SCHED-TRACE 13265 3874 K 31 32fbe75f5
SCHED-TRACE 13266 3874 P 32 3305cf9db
SCHED-TRACE 13267 3875 P 32 330664dd3
SCHED-TRACE 13268 3875 I 31 1b481e
SCHED-TRACE 13269 3875 B 31 b5
SCHED-TRACE 13270 3875 P 31 3305413a7
SCHED-TRACE 13271 3875 R 31 3305413a7
SCHED-TRACE 13272 3876 U 4 1b4897
SCHED-TRACE 13273 3876 V 4 1b48be
SCHED-TRACE 13274 3876 O 0 0
SCHED-TRACE 13275 3876 P 31 33067679f
SCHED-TRACE 13276 3877 K 32 330664dd3
SCHED-TRACE 13277 3877 P 31 3307b119b
SCHED-TRACE 13278 3878 P 31 33084617a
SCHED-TRACE 13279 3878 I 32 1b4d35
SCHED-TRACE 13280 3878 B 32 b4
SCHED-TRACE 13281 3878 P 32 330fbef9d
SCHED-TRACE 13282 3878 R 32 330fbef9d
SCHED-TRACE 13283 3879 U 4 1b4dae
SCHED-TRACE 13284 3879 V 4 1b4dd5
SCHED-TRACE 13285 3879 O 0 0
SCHED-TRACE 13286 3879 P 32 3310f3b64
SCHED-TRACE 13287 3880 K 31 33084617a
SCHED-TRACE 13288 3880 P 32 33122e979
SCHED-TRACE 13289 3881 P 32 3312c3958
SCHED-TRACE 13290 3881 I 31 1b524c
SCHED-TRACE 13291 3881 B 31 b4
SCHED-TRACE 13292 3881 P 31 3311a0f8f
SCHED-TRACE 13293 3881 R 31 3311a0f8f
SCHED-TRACE 13294 3882 U 4 1b52c4
SCHED-TRACE 13295 3882 V 4 1b52ea
SCHED-TRACE 13296 3882 O 0 0
SCHED-TRACE 13297 3882 P 31 3312d2e47
SCHED-TRACE 13298 3883 K 32 3312c3958
SCHED-TRACE 13299 3883 P 31 33140c7e1
SCHED-TRACE 13300 3884 P 31 3314a0f8f
SCHED-TRACE 13301 3884 I 32 1b5760
SCHED-TRACE 13302 3884 B 32 b5
SCHED-TRACE 13303 3884 P 32 331c1eb85
SCHED-TRACE 13304 3884 R 32 331c1eb85
SCHED-TRACE 13305 3885 U 4 1b57d8
SCHED-TRACE 13306 3885 V 4 1b5800
SCHED-TRACE 13307 3885 O 0 0
SCHED-TRACE 13308 3885 P 32 331d53b64
SCHED-TRACE 13309 3886 K 31 3314a0f8f
SCHED-TRACE 13310 3886 P 32 331e8e147
SCHED-TRACE 13311 3887 P 32 331f23958
SCHED-TRACE 13312 3887 I 31 1b5c77
SCHED-TRACE 13313 3887 B 31 b1
SCHED-TRACE 13314 3887 P 31 331dfb15a
SCHED-TRACE 13315 3887 R 31 331dfb15a
SCHED-TRACE 13316 3888 U 4 1b5cf0
SCHED-TRACE 13317 3888 V 4 1b5d17
SCHED-TRACE 13318 3888 O 0 0
SCHED-TRACE 13319 3888 P 31 331f3096a
SCHED-TRACE 13320 3889 K 32 331f23958
SCHED-TRACE 13321 3889 P 31 33206bb97
SCHED-TRACE 13322 3890 P 31 3321013a7
SCHED-TRACE 13323 3890 I 32 1b618e
SCHED-TRACE 13324 3890 B 32 b5
SCHED-TRACE 13325 3890 P 32 33287e354
SCHED-TRACE 13326 3890 R 32 33287e354
SCHED-TRACE 13327 3891 U 4 1b6207
SCHED-TRACE 13328 3891 V 4 1b622f
SCHED-TRACE 13329 3891 O 0 0
SCHED-TRACE 13330 3891 P 32 3329b6041
SCHED-TRACE 13331 3892 K 31 3321013a7
SCHED-TRACE 13332 3892 P 32 332aef5c2
SCHED-TRACE 13333 3893 P 32 332b83d70
SCHED-TRACE 13334 3893 I 31 1b66a5
SCHED-TRACE 13335 3893 B 31 b4
SCHED-TRACE 13336 3893 P 31 332a5bda3
SCHED-TRACE 13337 3893 R 31 332a5bda3
SCHED-TRACE 13338 3894 U 4 1b671e
SCHED-TRACE 13339 3894 V 4 1b6745
SCHED-TRACE 13340 3894 O 0 0
SCHED-TRACE 13341 3894 P 31 332b90551
SCHED-TRACE 13342 3895 K 32 332b83d70
SCHED-TRACE 13343 3895 P 31 332ccaf4d
SCHED-TRACE 13344 3896 P 31 332d6075e
SCHED-TRACE 13345 3896 I 32 1b6bbb
SCHED-TRACE 13346 3896 B 32 b5
SCHED-TRACE 13347 3896 P 32 3334dd70a
SCHED-TRACE 13348 3896 R 32 3334dd70a
SCHED-TRACE 13349 3897 U 4 1b6c33
SCHED-TRACE 13350 3897 V 4 1b6c5b
SCHED-TRACE 13351 3897 O 0 0
SCHED-TRACE 13352 3897 P 32 333613b64
SCHED-TRACE 13353 3898 K 31 332d6075e
SCHED-TRACE 13354 3898 P 32 33374f1aa
SCHED-TRACE 13355 3899 P 32 3337e45a2
SCHED-TRACE 13356 3899 I 31 1b70d2
SCHED-TRACE 13357 3899 B 31 b5
SCHED-TRACE 13358 3899 P 31 3336ba510
SCHED-TRACE 13359 3899 R 31 3336ba510
SCHED-TRACE 13360 3900 U 4 1b714b
SCHED-TRACE 13361 3900 V 4 1b7173
SCHED-TRACE 13362 3900 O 0 0
SCHED-TRACE 13363 3900 P 31 3337f119b
SCHED-TRACE 13364 3901 K 32 3337e45a2
SCHED-TRACE 13365 3901 P 31 33392bb97
SCHED-TRACE 13366 3902 P 31 3339c0345
SCHED-TRACE 13367 3902 I 32 1b75ea
SCHED-TRACE 13368 3902 B 32 b0
SCHED-TRACE 13369 3902 P 32 33413eb85
SCHED-TRACE 13370 3902 R 32 33413eb85
SCHED-TRACE 13371 3903 U 4 1b7663
SCHED-TRACE 13372 3903 V 4 1b7689
SCHED-TRACE 13373 3903 O 0 0
SCHED-TRACE 13374 3903 P 32 3342726e9
SCHED-TRACE 13375 3904 K 31 3339c0345
SCHED-TRACE 13376 3904 P 32 3343ad4fe
SCHED-TRACE 13377 3905 P 32 3344428f6
SCHED-TRACE 13378 3905 I 31 1b7b00
SCHED-TRACE 13379 3905 B 31 b5
SCHED-TRACE 13380 3905 P 31 33431a0f7
SCHED-TRACE 13381 3905 R 31 33431a0f7
SCHED-TRACE 13382 3906 U 4 1b7b78
SCHED-TRACE 13383 3906 V 4 1b7ba0
SCHED-TRACE 13384 3906 O 0 0
SCHED-TRACE 13385 3906 P 31 33444e8a5
SCHED-TRACE 13386 3907 K 32 3344428f6
SCHED-TRACE 13387 3907 P 31 33458a304
SCHED-TRACE 13388 3908 P 31 33461f6fb
SCHED-TRACE 13389 3908 I 32 1b8016
SCHED-TRACE 13390 3908 B 32 b4
SCHED-TRACE 13391 3908 P 32 334d9be77
SCHED-TRACE 13392 3908 R 32 334d9be77
SCHED-TRACE 13393 3909 U 4 1b808f
SCHED-TRACE 13394 3909 V 4 1b80b7
SCHED-TRACE 13395 3909 O 0 0
SCHED-TRACE 13396 3909 P 32 334ed22d1
SCHED-TRACE 13397 3910 K 31 33461f6fb
SCHED-TRACE 13398 3910 P 32 33500e147
SCHED-TRACE 13399 3911 P 32 3350a3958
SCHED-TRACE 13400 3911 I 31 1b852e
SCHED-TRACE 13401 3911 B 31 b6
SCHED-TRACE 13402 3911 P 31 334f78864
SCHED-TRACE 13403 3911 R 31 334f78864
SCHED-TRACE 13404 3912 U 4 1b85a7
SCHED-TRACE 13405 3912 V 4 1b85ce
SCHED-TRACE 13406 3912 O 0 0
SCHED-TRACE 13407 3912 P 31 3350ae074
SCHED-TRACE 13408 3913 K 32 3350a3958
SCHED-TRACE 13409 3913 P 31 3351e8e89
SCHED-TRACE 13410 3914 P 31 33527da4f
SCHED-TRACE 13411 3914 I 32 1b8a45
SCHED-TRACE 13412 3914 B 32 b4
SCHED-TRACE 13413 3914 P 32 3359fdb23
SCHED-TRACE 13414 3914 R 32 3359fdb23
SCHED-TRACE 13415 3915 U 4 1b8abd
SCHED-TRACE 13416 3915 V 4 1b8ae4
SCHED-TRACE 13417 3915 O 0 0
SCHED-TRACE 13418 3915 P 32 335b30e56
SCHED-TRACE 13419 3916 K 31 33527da4f
SCHED-TRACE 13420 3916 P 32 335c6a7ef
SCHED-TRACE 13421 3917 P 32 335cff7cf
SCHED-TRACE 13422 3917 I 31 1b8f5a
SCHED-TRACE 13423 3917 B 31 b2
SCHED-TRACE 13424 3917 P 31 335bd7c1a
SCHED-TRACE 13425 3917 R 31 335bd7c1a
SCHED-TRACE 13426 3918 U 4 1b8fd2
SCHED-TRACE 13427 3918 V 4 1b8ffa
SCHED-TRACE 13428 3918 O 0 0
SCHED-TRACE 13429 3918 P 31 335d0d012
SCHED-TRACE 13430 3919 K 32 335cff7cf
SCHED-TRACE 13431 3919 P 31 335e48a70
SCHED-TRACE 13432 3920 P 31 335edde68
SCHED-TRACE 13433 3920 I 32 1b9471
SCHED-TRACE 13434 3920 B 32 b5
SCHED-TRACE 13435 3920 P 32 33665a1ca
SCHED-TRACE 13436 3920 R 32 33665a1ca
SCHED-TRACE 13437 3921 U 4 1b94ea
SCHED-TRACE 13438 3921 V 4 1b9511
SCHED-TRACE 13439 3921 O 0 0
SCHED-TRACE 13440 3921 P 32 33679020c
SCHED-TRACE 13441 3922 K 31 335edde68
SCHED-TRACE 13442 3922 P 32 3368cb852
SCHED-TRACE 13443 3923 P 32 336961062
SCHED-TRACE 13444 3923 I 31 1b9988
SCHED-TRACE 13445 3923 B 31 b4
SCHED-TRACE 13446 3923 P 31 336836387
SCHED-TRACE 13447 3923 R 31 336836387
SCHED-TRACE 13448 3924 U 4 1b9a01
SCHED-TRACE 13449 3924 V 4 1b9a29
SCHED-TRACE 13450 3924 O 0 0
SCHED-TRACE 13451 3924 P 31 33696e8a5
SCHED-TRACE 13452 3925 K 32 336961062
SCHED-TRACE 13453 3925 P 31 336aa92a1
SCHED-TRACE 13454 3926 P 31 336b3de68
SCHED-TRACE 13455 3926 I 32 1b9ea0
SCHED-TRACE 13456 3926 B 32 b5
SCHED-TRACE 13457 3926 P 32 3372bbe77
SCHED-TRACE 13458 3926 R 32 3372bbe77
SCHED-TRACE 13459 3927 U 4 1b9f19
SCHED-TRACE 13460 3927 V 4 1b9f40
SCHED-TRACE 13461 3927 O 0 0
SCHED-TRACE 13462 3927 P 32 3373f126e
SCHED-TRACE 13463 3928 K 31 336b3de68
SCHED-TRACE 13464 3928 P 32 33752c083
SCHED-TRACE 13465 3929 P 32 3375c1cac
SCHED-TRACE 13466 3929 I 31 1ba3b7
SCHED-TRACE 13467 3929 B 31 b4
SCHED-TRACE 13468 3929 P 31 337497801
SCHED-TRACE 13469 3929 R 31 337497801
SCHED-TRACE 13470 3930 U 4 1ba42f
SCHED-TRACE 13471 3930 V 4 1ba457
SCHED-TRACE 13472 3930 O 0 0
SCHED-TRACE 13473 3930 P 31 3375cdc5c
SCHED-TRACE 13474 3931 K 32 3375c1cac
SCHED-TRACE 13475 3931 P 31 337707a0e
SCHED-TRACE 13476 3932 P 31 33779ce06
SCHED-TRACE 13477 3932 I 32 1ba8cd
SCHED-TRACE 13478 3932 B 32 b0
SCHED-TRACE 13479 3932 P 32 337f1a9fc
SCHED-TRACE 13480 3932 R 32 337f1a9fc
SCHED-TRACE 13481 3933 U 4 1ba945
SCHED-TRACE 13482 3933 V 4 1ba96d
SCHED-TRACE 13483 3933 O 0 0
SCHED-TRACE 13484 3933 P 32 33804f9db
SCHED-TRACE 13485 3934 K 31 33779ce06
SCHED-TRACE 13486 3934 P 32 33818b852
SCHED-TRACE 13487 3935 P 32 338220831
SCHED-TRACE 13488 3935 I 31 1bade4
SCHED-TRACE 13489 3935 B 31 b5
SCHED-TRACE 13490 3935 P 31 3380f7801
SCHED-TRACE 13491 3935 R 31 3380f7801
SCHED-TRACE 13492 3936 U 4 1bae5d
SCHED-TRACE 13493 3936 V 4 1bae85
SCHED-TRACE 13494 3936 O 0 0
SCHED-TRACE 13495 3936 P 31 33822d42a
SCHED-TRACE 13496 3937 K 32 338220831
SCHED-TRACE 13497 3937 P 31 33836823f
SCHED-TRACE 13498 3938 P 31 3383fd21e
SCHED-TRACE 13499 3938 I 32 1bb2fb
SCHED-TRACE 13500 3938 B 32 b5
SCHED-TRACE 13501 3938 P 32 338b7a1ca
SCHED-TRACE 13502 3938 R 32 338b7a1ca
SCHED-TRACE 13503 3939 U 4 1bb373
SCHED-TRACE 13504 3939 V 4 1bb39a
SCHED-TRACE 13505 3939 O 0 0
SCHED-TRACE 13506 3939 P 32 338cacccd
SCHED-TRACE 13507 3940 K 31 3383fd21e
SCHED-TRACE 13508 3940 P 32 338de8b43
SCHED-TRACE 13509 3941 P 32 338e7e354
SCHED-TRACE 13510 3941 I 31 1bb810
SCHED-TRACE 13511 3941 B 31 b5
SCHED-TRACE 13512 3941 P 31 338d55b55
SCHED-TRACE 13513 3941 R 31 338d55b55
SCHED-TRACE 13514 3942 U 4 1bb88a
SCHED-TRACE 13515 3942 V 4 1bb8b1
SCHED-TRACE 13516 3942 O 0 0
SCHED-TRACE 13517 3942 P 31 338e8cbf9
SCHED-TRACE 13518 3943 K 32 338e7e354
SCHED-TRACE 13519 3943 P 31 338fc7e26
SCHED-TRACE 13520 3944 P 31 33905d21e
SCHED-TRACE 13521 3944 I 32 1bbd28
SCHED-TRACE 13522 3944 B 32 b4
SCHED-TRACE 13523 3944 P 32 3397d74bc
SCHED-TRACE 13524 3944 R 32 3397d74bc
SCHED-TRACE 13525 3945 U 4 1bbda1
SCHED-TRACE 13526 3945 V 4 1bbdc9
SCHED-TRACE 13527 3945 O 0 0
SCHED-TRACE 13528 3945 P 32 33990d916
SCHED-TRACE 13529 3946 K 31 33905d21e
SCHED-TRACE 13530 3946 P 32 339a49ba6
SCHED-TRACE 13531 3947 P 32 339adef9d
SCHED-TRACE 13532 3947 I 31 1bc240
SCHED-TRACE 13533 3947 B 31 b6
SCHED-TRACE 13534 3947 P 31 3399b6bb8
SCHED-TRACE 13535 3947 R 31 3399b6bb8
SCHED-TRACE 13536 3948 U 4 1bc2b7
SCHED-TRACE 13537 3948 V 4 1bc2dd
SCHED-TRACE 13538 3948 O 0 0
SCHED-TRACE 13539 3948 P 31 339ae5531
SCHED-TRACE 13540 3949 K 32 339adef9d
SCHED-TRACE 13541 3949 P 31 339c1de68
SCHED-TRACE 13542 3950 P 31 339cb1de5
SCHED-TRACE 13543 3950 I 32 1bc752
SCHED-TRACE 13544 3950 B 32 b5
SCHED-TRACE 13545 3950 P 32 33a43ba5e
SCHED-TRACE 13546 3950 R 32 33a43ba5e
SCHED-TRACE 13547 3951 U 4 1bc7cb
SCHED-TRACE 13548 3951 V 4 1bc7f2
SCHED-TRACE 13549 3951 O 0 0
SCHED-TRACE 13550 3951 P 32 33a570625
SCHED-TRACE 13551 3952 K 31 339cb1de5
SCHED-TRACE 13552 3952 P 32 33a6ab852
SCHED-TRACE 13553 3953 P 32 33a741062
SCHED-TRACE 13554 3953 I 31 1bcc69
SCHED-TRACE 13555 3953 B 31 b5
SCHED-TRACE 13556 3953 P 31 33a60c3c8
SCHED-TRACE 13557 3953 R 31 33a60c3c8
SCHED-TRACE 13558 3954 U 4 1bcce2
SCHED-TRACE 13559 3954 V 4 1bcd09
SCHED-TRACE 13560 3954 O 0 0
SCHED-TRACE 13561 3954 P 31 33a74240a
SCHED-TRACE 13562 3955 K 32 33a741062
SCHED-TRACE 13563 3955 P 31 33a87da4f
SCHED-TRACE 13564 3956 P 31 33a912e47
SCHED-TRACE 13565 3956 I 32 1bd180
SCHED-TRACE 13566 3956 B 32 b6
SCHED-TRACE 13567 3956 P 32 33b09a9fc
SCHED-TRACE 13568 3956 R 32 33b09a9fc
SCHED-TRACE 13569 3957 U 4 1bd1f9
SCHED-TRACE 13570 3957 V 4 1bd221
SCHED-TRACE 13571 3957 O 0 0
SCHED-TRACE 13572 3957 P 32 33b1d22d1
SCHED-TRACE 13573 3958 K 31 33a912e47
SCHED-TRACE 13574 3958 P 32 33b30bc6a
SCHED-TRACE 13575 3959 P 32 33b3a0831
SCHED-TRACE 13576 3959 I 31 1bd698
SCHED-TRACE 13577 3959 B 31 b4
SCHED-TRACE 13578 3959 P 31 33b26ecbe
SCHED-TRACE 13579 3959 R 31 33b26ecbe
SCHED-TRACE 13580 3960 U 4 1bd711
SCHED-TRACE 13581 3960 V 4 1bd738
SCHED-TRACE 13582 3960 O 0 0
SCHED-TRACE 13583 3960 P 31 33b3a3885
SCHED-TRACE 13584 3961 K 32 33b3a0831
SCHED-TRACE 13585 3961 P 31 33b4deeca
SCHED-TRACE 13586 3962 P 31 33b5742c2
SCHED-TRACE 13587 3962 I 32 1bdbae
SCHED-TRACE 13588 3962 B 32 b6
SCHED-TRACE 13589 3962 P 32 33bcf9168
SCHED-TRACE 13590 3962 R 32 33bcf9168
SCHED-TRACE 13591 3963 U 4 1bdc27
SCHED-TRACE 13592 3963 V 4 1bdc4f
SCHED-TRACE 13593 3963 O 0 0
SCHED-TRACE 13594 3963 P 32 33be3020c
SCHED-TRACE 13595 3964 K 31 33b5742c2
SCHED-TRACE 13596 3964 P 32 33bf6bc6a
SCHED-TRACE 13597 3965 P 32 33c001062
SCHED-TRACE 13598 3965 I 31 1be0c6
SCHED-TRACE 13599 3965 B 31 b5
SCHED-TRACE 13600 3965 P 31 33bececbe
SCHED-TRACE 13601 3965 R 31 33bececbe
SCHED-TRACE 13602 3966 U 4 1be13f
SCHED-TRACE 13603 3966 V 4 1be167
SCHED-TRACE 13604 3966 O 0 0
SCHED-TRACE 13605 3966 P 31 33c00617a
SCHED-TRACE 13606 3967 K 32 33c001062
SCHED-TRACE 13607 3967 P 31 33c141ff1
SCHED-TRACE 13608 3968 P 31 33c1d6387
SCHED-TRACE 13609 3968 I 32 1be5de
SCHED-TRACE 13610 3968 B 32 b5
SCHED-TRACE 13611 3968 P 32 33c95b22d
SCHED-TRACE 13612 3968 R 32 33c95b22d
SCHED-TRACE 13613 3969 U 4 1be657
SCHED-TRACE 13614 3969 V 4 1be67e
SCHED-TRACE 13615 3969 O 0 0
SCHED-TRACE 13616 3969 P 32 33ca8fdf3
SCHED-TRACE 13617 3970 K 31 33c1d6387
SCHED-TRACE 13618 3970 P 32 33cbcb021
SCHED-TRACE 13619 3971 P 32 33cc60418
SCHED-TRACE 13620 3971 I 31 1beaf5
SCHED-TRACE 13621 3971 B 31 b5
SCHED-TRACE 13622 3971 P 31 33cb3119b
SCHED-TRACE 13623 3971 R 31 33cb3119b
SCHED-TRACE 13624 3972 U 4 1beb6e
SCHED-TRACE 13625 3972 V 4 1beb95
SCHED-TRACE 13626 3972 O 0 0
SCHED-TRACE 13627 3972 P 31 33cc65949
SCHED-TRACE 13628 3973 K 32 33cc60418
SCHED-TRACE 13629 3973 P 31 33cda0f8f
SCHED-TRACE 13630 3974 P 31 33ce36387
SCHED-TRACE 13631 3974 I 32 1bf00b
SCHED-TRACE 13632 3974 B 32 b4
SCHED-TRACE 13633 3974 P 32 33d5b9168
SCHED-TRACE 13634 3974 R 32 33d5b9168
SCHED-TRACE 13635 3975 U 4 1bf084
SCHED-TRACE 13636 3975 V 4 1bf0ac
SCHED-TRACE 13637 3975 O 0 0
SCHED-TRACE 13638 3975 P 32 33d6ef9db
SCHED-TRACE 13639 3976 K 31 33ce36387
SCHED-TRACE 13640 3976 P 32 33d82bc6a
SCHED-TRACE 13641 3977 P 32 33d8c147b
SCHED-TRACE 13642 3977 I 31 1bf523
SCHED-TRACE 13643 3977 B 31 b6
SCHED-TRACE 13644 3977 P 31 33d78f4ef
SCHED-TRACE 13645 3977 R 31 33d78f4ef
SCHED-TRACE 13646 3978 U 4 1bf59c
SCHED-TRACE 13647 3978 V 4 1bf5c4
SCHED-TRACE 13648 3978 O 0 0
SCHED-TRACE 13649 3978 P 31 33d8c617a
SCHED-TRACE 13650 3979 K 32 33d8c147b
SCHED-TRACE 13651 3979 P 31 33da01bd9
SCHED-TRACE 13652 3980 P 31 33da96bb8
SCHED-TRACE 13653 3980 I 32 1bfa3b
SCHED-TRACE 13654 3980 B 32 b5
SCHED-TRACE 13655 3980 P 32 33e21b22d
SCHED-TRACE 13656 3980 R 32 33e21b22d
SCHED-TRACE 13657 3981 U 4 1bfab4
SCHED-TRACE 13658 3981 V 4 1bfadb
SCHED-TRACE 13659 3981 O 0 0
SCHED-TRACE 13660 3981 P 32 33e34f5c2
SCHED-TRACE 13661 3982 K 31 33da96bb8
SCHED-TRACE 13662 3982 P 32 33e48a3d7
SCHED-TRACE 13663 3983 P 32 33e51f3b6
SCHED-TRACE 13664 3983 I 31 1bff51
SCHED-TRACE 13665 3983 B 31 b5
SCHED-TRACE 13666 3983 P 31 33e3efd20
SCHED-TRACE 13667 3983 R 31 33e3efd20
SCHED-TRACE 13668 3984 U 4 1bffca
SCHED-TRACE 13669 3984 V 4 1bfff2
SCHED-TRACE 13670 3984 O 0 0
SCHED-TRACE 13671 3984 P 31 33e526593
SCHED-TRACE 13672 3985 K 32 33e51f3b6
SCHED-TRACE 13673 3985 P 31 33e662822
SCHED-TRACE 13674 3986 P 31 33e6f7c1a
SCHED-TRACE 13675 3986 I 32 1c0469
SCHED-TRACE 13676 3986 B 32 b6
SCHED-TRACE 13677 3986 P 32 33ee78d50
SCHED-TRACE 13678 3986 R 32 33ee78d50
SCHED-TRACE 13679 3987 U 4 1c04e2
SCHED-TRACE 13680 3987 V 4 1c050a
SCHED-TRACE 13681 3987 O 0 0
SCHED-TRACE 13682 3987 P 32 33efaed91
SCHED-TRACE 13683 3988 K 31 33e6f7c1a
SCHED-TRACE 13684 3988 P 32 33f0ea3d7
SCHED-TRACE 13685 3989 P 32 33f17f7cf
SCHED-TRACE 13686 3989 I 31 1c0980
SCHED-TRACE 13687 3989 B 31 b4
SCHED-TRACE 13688 3989 P 31 33f050551
SCHED-TRACE 13689 3989 R 31 33f050551
SCHED-TRACE 13690 3990 U 4 1c09f9
SCHED-TRACE 13691 3990 V 4 1c0a21
SCHED-TRACE 13692 3990 O 0 0
SCHED-TRACE 13693 3990 P 31 33f188658
SCHED-TRACE 13694 3991 K 32 33f17f7cf
SCHED-TRACE 13695 3991 P 31 33f2c346c
SCHED-TRACE 13696 3992 P 31 33f35844b
SCHED-TRACE 13697 3992 I 32 1c0e98
SCHED-TRACE 13698 3992 B 32 b7
SCHED-TRACE 13699 3992 P 32 33fada9fc
SCHED-TRACE 13700 3992 R 32 33fada9fc
SCHED-TRACE 13701 3993 U 4 1c0f11
SCHED-TRACE 13702 3993 V 4 1c0f38
SCHED-TRACE 13703 3993 O 0 0
SCHED-TRACE 13704 3993 P 32 33fc1020c
SCHED-TRACE 13705 3994 K 31 33f35844b
SCHED-TRACE 13706 3994 P 32 33fd4ac08
SCHED-TRACE 13707 3995 P 32 33fde0831
SCHED-TRACE 13708 3995 I 31 1c13af
SCHED-TRACE 13709 3995 B 31 b3
SCHED-TRACE 13710 3995 P 31 33fcb15b4
SCHED-TRACE 13711 3995 R 31 33fcb15b4
SCHED-TRACE 13712 3996 U 4 1c1427
SCHED-TRACE 13713 3996 V 4 1c144f
SCHED-TRACE 13714 3996 O 0 0
SCHED-TRACE 13715 3996 P 31 33fde7e26
SCHED-TRACE 13716 3997 K 32 33fde0831
SCHED-TRACE 13717 3997 P 31 33ff23053
SCHED-TRACE 13718 3998 P 31 33ffb844b
SCHED-TRACE 13719 3998 I 32 1c18c6
SCHED-TRACE 13720 3998 B 32 b3
SCHED-TRACE 13721 3998 P 32 34073a5e3
SCHED-TRACE 13722 3998 R 32 34073a5e3
SCHED-TRACE 13723 3999 U 4 1c193f
SCHED-TRACE 13724 3999 V 4 1c1967
SCHED-TRACE 13725 3999 O 0 0
SCHED-TRACE 13726 3999 P 32 340870a3d
SCHED-TRACE 13727 4000 K 31 33ffb844b
SCHED-TRACE 13728 4000 P 32 3409ac8b4
SCHED-TRACE 13729 4001 P 32 340a41893
SCHED-TRACE 13730 4001 I 31 1c1dde
SCHED-TRACE 13731 4001 B 31 b4
SCHED-TRACE 13732 4001 P 31 340912616
SCHED-TRACE 13733 4001 R 31 340912616
SCHED-TRACE 13734 4002 U 4 1c1e57
SCHED-TRACE 13735 4002 V 4 1c1e7f
SCHED-TRACE 13736 4002 O 0 0
SCHED-TRACE 13737 4002 P 31 340a48a70
SCHED-TRACE 13738 4003 K 32 340a41893
SCHED-TRACE 13739 4003 P 31 340b83885
SCHED-TRACE 13740 4004 P 31 340c18864
SCHED-TRACE 13741 4004 I 32 1c22f5
SCHED-TRACE 13742 4004 B 32 b3
SCHED-TRACE 13743 4004 P 32 34139a5e3
SCHED-TRACE 13744 4004 R 32 34139a5e3
SCHED-TRACE 13745 4005 U 4 1c236c
SCHED-TRACE 13746 4005 V 4 1c2393
SCHED-TRACE 13747 4005 O 0 0
SCHED-TRACE 13748 4005 P 32 3414cb852
SCHED-TRACE 13749 4006 K 31 340c18864
SCHED-TRACE 13750 4006 P 32 3416072b0
SCHED-TRACE 13751 4007 P 32 34169cac0
SCHED-TRACE 13752 4007 I 31 1c2809
SCHED-TRACE 13753 4007 B 31 b5
SCHED-TRACE 13754 4007 P 31 34157119b
SCHED-TRACE 13755 4007 R 31 34157119b
SCHED-TRACE 13756 4008 U 4 1c2883
SCHED-TRACE 13757 4008 V 4 1c28aa
SCHED-TRACE 13758 4008 O 0 0
SCHED-TRACE 13759 4008 P 31 3416a823f
SCHED-TRACE 13760 4009 K 32 34169cac0
SCHED-TRACE 13761 4009 P 31 3417e3885
SCHED-TRACE 13762 4010 P 31 341878c7c
SCHED-TRACE 13763 4010 I 32 1c2d21
SCHED-TRACE 13764 4010 B 32 b4
SCHED-TRACE 13765 4010 P 32 341ff5810
SCHED-TRACE 13766 4010 R 32 341ff5810
SCHED-TRACE 13767 4011 U 4 1c2d9a
SCHED-TRACE 13768 4011 V 4 1c2dc2
SCHED-TRACE 13769 4011 O 0 0
SCHED-TRACE 13770 4011 P 32 34212bc6a
SCHED-TRACE 13771 4012 K 31 341878c7c
SCHED-TRACE 13772 4012 P 32 3422676c8
SCHED-TRACE 13773 4013 P 32 3422fced9
SCHED-TRACE 13774 4013 I 31 1c3239
SCHED-TRACE 13775 4013 B 31 b5
SCHED-TRACE 13776 4013 P 31 3421d2e47
SCHED-TRACE 13777 4013 R 31 3421d2e47
SCHED-TRACE 13778 4014 U 4 1c32b2
SCHED-TRACE 13779 4014 V 4 1c32d9
SCHED-TRACE 13780 4014 O 0 0
SCHED-TRACE 13781 4014 P 31 3423069ab
SCHED-TRACE 13782 4015 K 32 3422fced9
SCHED-TRACE 13783 4015 P 31 342440b76
SCHED-TRACE 13784 4016 P 31 3424d573d
SCHED-TRACE 13785 4016 I 32 1c374f
SCHED-TRACE 13786 4016 B 32 b5
SCHED-TRACE 13787 4016 P 32 342c578d5
SCHED-TRACE 13788 4016 R 32 342c578d5
SCHED-TRACE 13789 4017 U 4 1c37c8
SCHED-TRACE 13790 4017 V 4 1c37ef
SCHED-TRACE 13791 4017 O 0 0
SCHED-TRACE 13792 4017 P 32 342d8dd2f
SCHED-TRACE 13793 4018 K 31 3424d573d
SCHED-TRACE 13794 4018 P 32 342ec9374
SCHED-TRACE 13795 4019 P 32 342f5ef9d
SCHED-TRACE 13796 4019 I 31 1c3c67
SCHED-TRACE 13797 4019 B 31 b3
SCHED-TRACE 13798 4019 P 31 342e2f4ef
SCHED-TRACE 13799 4019 R 31 342e2f4ef
SCHED-TRACE 13800 4020 U 4 1c3ce0
SCHED-TRACE 13801 4020 V 4 1c3d08
SCHED-TRACE 13802 4020 O 0 0
SCHED-TRACE 13803 4020 P 31 342f669ab
SCHED-TRACE 13804 4021 K 32 342f5ef9d
SCHED-TRACE 13805 4021 P 31 3430a2822
SCHED-TRACE 13806 4022 P 31 343138033
SCHED-TRACE 13807 4022 I 32 1c417f
SCHED-TRACE 13808 4022 B 32 b5
SCHED-TRACE 13809 4022 P 32 3438b7ced
SCHED-TRACE 13810 4022 R 32 3438b7ced
SCHED-TRACE 13811 4023 U 4 1c41f9
SCHED-TRACE 13812 4023 V 4 1c4221
SCHED-TRACE 13813 4023 O 0 0
SCHED-TRACE 13814 4023 P 32 3439f0e56
SCHED-TRACE 13815 4024 K 31 343138033
SCHED-TRACE 13816 4024 P 32 343b28b43
SCHED-TRACE 13817 4025 P 32 343bbcac0
SCHED-TRACE 13818 4025 I 31 1c4697
SCHED-TRACE 13819 4025 B 31 b3
SCHED-TRACE 13820 4025 P 31 343a94af3
SCHED-TRACE 13821 4025 R 31 343a94af3
SCHED-TRACE 13822 4026 U 4 1c470f
SCHED-TRACE 13823 4026 V 4 1c4737
SCHED-TRACE 13824 4026 O 0 0
SCHED-TRACE 13825 4026 P 31 343bc8e89
SCHED-TRACE 13826 4027 K 32 343bbcac0
SCHED-TRACE 13827 4027 P 31 343d0346c
SCHED-TRACE 13828 4028 P 31 343d98864
SCHED-TRACE 13829 4028 I 32 1c4bad
SCHED-TRACE 13830 4028 B 32 b4
SCHED-TRACE 13831 4028 P 32 3445170a4
SCHED-TRACE 13832 4028 R 32 3445170a4
SCHED-TRACE 13833 4029 U 4 1c4c25
SCHED-TRACE 13834 4029 V 4 1c4c4d
SCHED-TRACE 13835 4029 O 0 0
SCHED-TRACE 13836 4029 P 32 34464d0e5
SCHED-TRACE 13837 4030 K 31 343d98864
SCHED-TRACE 13838 4030 P 32 34478872b
SCHED-TRACE 13839 4031 P 32 34481db23
SCHED-TRACE 13840 4031 I 31 1c50c4
SCHED-TRACE 13841 4031 B 31 b4
SCHED-TRACE 13842 4031 P 31 3446f2616
SCHED-TRACE 13843 4031 R 31 3446f2616
SCHED-TRACE 13844 4032 U 4 1c513d
SCHED-TRACE 13845 4032 V 4 1c5165
SCHED-TRACE 13846 4032 O 0 0
SCHED-TRACE 13847 4032 P 31 344828e89
SCHED-TRACE 13848 4033 K 32 34481db23
SCHED-TRACE 13849 4033 P 31 3449640b6
SCHED-TRACE 13850 4034 P 31 3449f8864
SCHED-TRACE 13851 4034 I 32 1c55dc
SCHED-TRACE 13852 4034 B 32 b3
SCHED-TRACE 13853 4034 P 32 345179168
SCHED-TRACE 13854 4034 R 32 345179168
SCHED-TRACE 13855 4035 U 4 1c5655
SCHED-TRACE 13856 4035 V 4 1c567c
SCHED-TRACE 13857 4035 O 0 0
SCHED-TRACE 13858 4035 P 32 3452ad4fe
SCHED-TRACE 13859 4036 K 31 3449f8864
SCHED-TRACE 13860 4036 P 32 3453e8312
SCHED-TRACE 13861 4037 P 32 34547d70a
SCHED-TRACE 13862 4037 I 31 1c5af2
SCHED-TRACE 13863 4037 B 31 b5
SCHED-TRACE 13864 4037 P 31 3453519cc
SCHED-TRACE 13865 4037 R 31 3453519cc
SCHED-TRACE 13866 4038 U 4 1c5b6b
SCHED-TRACE 13867 4038 V 4 1c5b92
SCHED-TRACE 13868 4038 O 0 0
SCHED-TRACE 13869 4038 P 31 34548617a
SCHED-TRACE 13870 4039 K 32 34547d70a
SCHED-TRACE 13871 4039 P 31 3455c1bd9
SCHED-TRACE 13872 4040 P 31 345656fd0
SCHED-TRACE 13873 4040 I 32 1c6008
SCHED-TRACE 13874 4040 B 32 b4
SCHED-TRACE 13875 4040 P 32 345dd6872
SCHED-TRACE 13876 4040 R 32 345dd6872
SCHED-TRACE 13877 4041 U 4 1c6081
SCHED-TRACE 13878 4041 V 4 1c60a9
SCHED-TRACE 13879 4041 O 0 0
SCHED-TRACE 13880 4041 P 32 345f0cccd
SCHED-TRACE 13881 4042 K 31 345656fd0
SCHED-TRACE 13882 4042 P 32 346048b43
SCHED-TRACE 13883 4043 P 32 3460de354
SCHED-TRACE 13884 4043 I 31 1c6520
SCHED-TRACE 13885 4043 B 31 b5
SCHED-TRACE 13886 4043 P 31 345fb0139
SCHED-TRACE 13887 4043 R 31 345fb0139
SCHED-TRACE 13888 4044 U 4 1c6599
SCHED-TRACE 13889 4044 V 4 1c65c1
SCHED-TRACE 13890 4044 O 0 0
SCHED-TRACE 13891 4044 P 31 3460e6593
SCHED-TRACE 13892 4045 K 32 3460de354
SCHED-TRACE 13893 4045 P 31 346220f8f
SCHED-TRACE 13894 4046 P 31 3462b5f6e
SCHED-TRACE 13895 4046 I 32 1c6a37
SCHED-TRACE 13896 4046 B 32 b2
SCHED-TRACE 13897 4046 P 32 346a378d5
SCHED-TRACE 13898 4046 R 32 346a378d5
SCHED-TRACE 13899 4047 U 4 1c6ab0
SCHED-TRACE 13900 4047 V 4 1c6ad6
SCHED-TRACE 13901 4047 O 0 0
SCHED-TRACE 13902 4047 P 32 346b6ac08
SCHED-TRACE 13903 4048 K 31 3462b5f6e
SCHED-TRACE 13904 4048 P 32 346ca51eb
SCHED-TRACE 13905 4049 P 32 346d3a1ca
SCHED-TRACE 13906 4049 I 31 1c6f4d
SCHED-TRACE 13907 4049 B 31 b3
SCHED-TRACE 13908 4049 P 31 346c10551
SCHED-TRACE 13909 4049 R 31 346c10551
SCHED-TRACE 13910 4050 U 4 1c6fc6
SCHED-TRACE 13911 4050 V 4 1c6fed
SCHED-TRACE 13912 4050 O 0 0
SCHED-TRACE 13913 4050 P 31 346d4617a
SCHED-TRACE 13914 4051 K 32 346d3a1ca
SCHED-TRACE 13915 4051 P 31 346e81ff1
SCHED-TRACE 13916 4052 P 31 346f173e9
SCHED-TRACE 13917 4052 I 32 1c7464
SCHED-TRACE 13918 4052 B 32 b6
SCHED-TRACE 13919 4052 P 32 34769374c
SCHED-TRACE 13920 4052 R 32 34769374c
SCHED-TRACE 13921 4053 U 4 1c74dd
SCHED-TRACE 13922 4053 V 4 1c7505
SCHED-TRACE 13923 4053 O 0 0
SCHED-TRACE 13924 4053 P 32 3477c9ba6
SCHED-TRACE 13925 4054 K 31 346f173e9
SCHED-TRACE 13926 4054 P 32 347904dd3
SCHED-TRACE 13927 4055 P 32 34799a5e3
SCHED-TRACE 13928 4055 I 31 1c797c
SCHED-TRACE 13929 4055 B 31 b3
SCHED-TRACE 13930 4055 P 31 3478715b4
SCHED-TRACE 13931 4055 R 31 3478715b4
SCHED-TRACE 13932 4056 U 4 1c79f5
SCHED-TRACE 13933 4056 V 4 1c7a1d
SCHED-TRACE 13934 4056 O 0 0
SCHED-TRACE 13935 4056 P 31 3479a96ba
SCHED-TRACE 13936 4057 K 32 34799a5e3
SCHED-TRACE 13937 4057 P 31 347ae40b6
SCHED-TRACE 13938 4058 P 31 347b78c7c
SCHED-TRACE 13939 4058 I 32 1c7e94
SCHED-TRACE 13940 4058 B 32 b4
SCHED-TRACE 13941 4058 P 32 3482f47ae
SCHED-TRACE 13942 4058 R 32 3482f47ae
SCHED-TRACE 13943 4059 U 4 1c7f0d
SCHED-TRACE 13944 4059 V 4 1c7f34
SCHED-TRACE 13945 4059 O 0 0
SCHED-TRACE 13946 4059 P 32 348429fbe
SCHED-TRACE 13947 4060 K 31 347b78c7c
SCHED-TRACE 13948 4060 P 32 3485649ba
SCHED-TRACE 13949 4061 P 32 3485fa5e3
SCHED-TRACE 13950 4061 I 31 1c83ab
SCHED-TRACE 13951 4061 B 31 b2
SCHED-TRACE 13952 4061 P 31 3484d15b4
SCHED-TRACE 13953 4061 R 31 3484d15b4
SCHED-TRACE 13954 4062 U 4 1c8423
SCHED-TRACE 13955 4062 V 4 1c844a
SCHED-TRACE 13956 4062 O 0 0
SCHED-TRACE 13957 4062 P 31 3486075f5
SCHED-TRACE 13958 4063 K 32 3485fa5e3
SCHED-TRACE 13959 4063 P 31 34874240a
SCHED-TRACE 13960 4064 P 31 3487d73e9
SCHED-TRACE 13961 4064 I 32 1c88c1
SCHED-TRACE 13962 4064 B 32 b3
SCHED-TRACE 13963 4064 P 32 348f54bc6
SCHED-TRACE 13964 4064 R 32 348f54bc6
SCHED-TRACE 13965 4065 U 4 1c893a
SCHED-TRACE 13966 4065 V 4 1c8961
SCHED-TRACE 13967 4065 O 0 0
SCHED-TRACE 13968 4065 P 32 34908a3d7
SCHED-TRACE 13969 4066 K 31 3487d73e9
SCHED-TRACE 13970 4066 P 32 3491c624e
SCHED-TRACE 13971 4067 P 32 34925be77
SCHED-TRACE 13972 4067 I 31 1c8dd8
SCHED-TRACE 13973 4067 B 31 b5
SCHED-TRACE 13974 4067 P 31 34912f4ef
SCHED-TRACE 13975 4067 R 31 34912f4ef
SCHED-TRACE 13976 4068 U 4 1c8e51
SCHED-TRACE 13977 4068 V 4 1c8e79
SCHED-TRACE 13978 4068 O 0 0
SCHED-TRACE 13979 4068 P 31 349265118
SCHED-TRACE 13980 4069 K 32 34925be77
SCHED-TRACE 13981 4069 P 31 34939ff2c
SCHED-TRACE 13982 4070 P 31 349434f0c
SCHED-TRACE 13983 4070 I 32 1c92ef
SCHED-TRACE 13984 4070 B 32 b4
SCHED-TRACE 13985 4070 P 32 349bb5810
SCHED-TRACE 13986 4070 R 32 349bb5810
SCHED-TRACE 13987 4071 U 4 1c9367
SCHED-TRACE 13988 4071 V 4 1c938e
SCHED-TRACE 13989 4071 O 0 0
SCHED-TRACE 13990 4071 P 32 349ce7efa
SCHED-TRACE 13991 4072 K 31 349434f0c
SCHED-TRACE 13992 4072 P 32 349e23127
SCHED-TRACE 13993 4073 P 32 349eb8937
SCHED-TRACE 13994 4073 I 31 1c9804
SCHED-TRACE 13995 4073 B 31 b5
SCHED-TRACE 13996 4073 P 31 349d8ecbe
SCHED-TRACE 13997 4073 R 31 349d8ecbe
SCHED-TRACE 13998 4074 U 4 1c987e
SCHED-TRACE 13999 4074 V 4 1c98a5
SCHED-TRACE 14000 4074 O 0 0
SCHED-TRACE 14001 4074 P 31 349ec5d62
SCHED-TRACE 14002 4075 K 32 349eb8937
SCHED-TRACE 14003 4075 P 31 34a000b76
SCHED-TRACE 14004 4076 P 31 34a096387
SCHED-TRACE 14005 4076 I 32 1c9d1c
SCHED-TRACE 14006 4076 B 32 b2
SCHED-TRACE 14007 4076 P 32 34a81126e
SCHED-TRACE 14008 4076 R 32 34a81126e
SCHED-TRACE 14009 4077 U 4 1c9d95
SCHED-TRACE 14010 4077 V 4 1c9dbc
SCHED-TRACE 14011 4077 O 0 0
SCHED-TRACE 14012 4077 P 32 34a946e97
SCHED-TRACE 14013 4078 K 31 34a096387
SCHED-TRACE 14014 4078 P 32 34aa82d0e
SCHED-TRACE 14015 4079 P 32 34ab18106
SCHED-TRACE 14016 4079 I 31 1ca234
SCHED-TRACE 14017 4079 B 31 b6
SCHED-TRACE 14018 4079 P 31 34a9f0d83
SCHED-TRACE 14019 4079 R 31 34a9f0d83
SCHED-TRACE 14020 4080 U 4 1ca2ad
SCHED-TRACE 14021 4080 V 4 1ca2d4
SCHED-TRACE 14022 4080 O 0 0
SCHED-TRACE 14023 4080 P 31 34ab23053
SCHED-TRACE 14024 4081 K 32 34ab18106
SCHED-TRACE 14025 4081 P 31 34ac5ce06
SCHED-TRACE 14026 4082 P 31 34acf15b4
SCHED-TRACE 14027 4082 I 32 1ca74a
SCHED-TRACE 14028 4082 B 32 b6
SCHED-TRACE 14029 4082 P 32 34b473f7d
SCHED-TRACE 14030 4082 R 32 34b473f7d
SCHED-TRACE 14031 4083 U 4 1ca7c3
SCHED-TRACE 14032 4083 V 4 1ca7ea
SCHED-TRACE 14033 4083 O 0 0
SCHED-TRACE 14034 4083 P 32 34b5a978d
SCHED-TRACE 14035 4084 K 31 34acf15b4
SCHED-TRACE 14036 4084 P 32 34b6e4dd3
SCHED-TRACE 14037 4085 P 32 34b77a5e3
SCHED-TRACE 14038 4085 I 31 1cac61
SCHED-TRACE 14039 4085 B 31 b4
SCHED-TRACE 14040 4085 P 31 34b649eeb
SCHED-TRACE 14041 4085 R 31 34b649eeb
SCHED-TRACE 14042 4086 U 4 1cacda
SCHED-TRACE 14043 4086 V 4 1cad02
SCHED-TRACE 14044 4086 O 0 0
SCHED-TRACE 14045 4086 P 31 34b780b76
SCHED-TRACE 14046 4087 K 32 34b77a5e3
SCHED-TRACE 14047 4087 P 31 34b8bc5d4
SCHED-TRACE 14048 4088 P 31 34b9519cc
SCHED-TRACE 14049 4088 I 32 1cb179
SCHED-TRACE 14050 4088 B 32 b5
SCHED-TRACE 14051 4088 P 32 34c0d3f7d
SCHED-TRACE 14052 4088 R 32 34c0d3f7d
SCHED-TRACE 14053 4089 U 4 1cb1f2
SCHED-TRACE 14054 4089 V 4 1cb21b
SCHED-TRACE 14055 4089 O 0 0
SCHED-TRACE 14056 4089 P 32 34c20c8b4
SCHED-TRACE 14057 4090 K 31 34b9519cc
SCHED-TRACE 14058 4090 P 32 34c346666
SCHED-TRACE 14059 4091 P 32 34c3db645
SCHED-TRACE 14060 4091 I 31 1cb691
SCHED-TRACE 14061 4091 B 31 b2
SCHED-TRACE 14062 4091 P 31 34c2aaf4d
SCHED-TRACE 14063 4091 R 31 34c2aaf4d
SCHED-TRACE 14064 4092 U 4 1cb70a
SCHED-TRACE 14065 4092 V 4 1cb731
SCHED-TRACE 14066 4092 O 0 0
SCHED-TRACE 14067 4092 P 31 34c3e075e
SCHED-TRACE 14068 4093 K 32 34c3db645
SCHED-TRACE 14069 4093 P 31 34c51bda3
SCHED-TRACE 14070 4094 P 31 34c5b15b4
SCHED-TRACE 14071 4094 I 32 1cbba8
SCHED-TRACE 14072 4094 B 32 b5
SCHED-TRACE 14073 4094 P 32 34cd34fdf
SCHED-TRACE 14074 4094 R 32 34cd34fdf
SCHED-TRACE 14075 4095 U 4 1cbc21
SCHED-TRACE 14076 4095 V 4 1cbc49
SCHED-TRACE 14077 4095 O 0 0
SCHED-TRACE 14078 4095 P 32 34ce6cccd
SCHED-TRACE 14079 4096 K 31 34c5b15b4
SCHED-TRACE 14080 4096 P 32 34cfa8f5c
SCHED-TRACE 14081 4097 P 32 34d03eb85
SCHED-TRACE 14082 4097 I 31 1cc0c0
SCHED-TRACE 14083 4097 B 31 b5
SCHED-TRACE 14084 4097 P 31 34cf09ad2
SCHED-TRACE 14085 4097 R 31 34cf09ad2
SCHED-TRACE 14086 4098 U 4 1cc13a
SCHED-TRACE 14087 4098 V 4 1cc162
SCHED-TRACE 14088 4098 O 0 0
SCHED-TRACE 14089 4098 P 31 34d041ff1
SCHED-TRACE 14090 4099 K 32 34d03eb85
SCHED-TRACE 14091 4099 P 31 34d17e280
SCHED-TRACE 14092 4100 P 31 34d2121fd
SCHED-TRACE 14093 4100 I 32 1cc5d9
SCHED-TRACE 14094 4100 B 32 b4
SCHED-TRACE 14095 4100 P 32 34d998d50
SCHED-TRACE 14096 4100 R 32 34d998d50
SCHED-TRACE 14097 4101 U 4 1cc652
SCHED-TRACE 14098 4101 V 4 1cc679
SCHED-TRACE 14099 4101 O 0 0
SCHED-TRACE 14100 4101 P 32 34dacd916
SCHED-TRACE 14101 4102 K 31 34d2121fd
SCHED-TRACE 14102 4102 P 32 34dc0872b
SCHED-TRACE 14103 4103 P 32 34dc9db23
SCHED-TRACE 14104 4103 I 31 1ccaf0
SCHED-TRACE 14105 4103 B 31 b5
SCHED-TRACE 14106 4103 P 31 34db6d42a
SCHED-TRACE 14107 4103 R 31 34db6d42a
SCHED-TRACE 14108 4104 U 4 1ccb68
SCHED-TRACE 14109 4104 V 4 1ccb90
SCHED-TRACE 14110 4104 O 0 0
SCHED-TRACE 14111 4104 P 31 34dca1bd9
SCHED-TRACE 14112 4105 K 32 34dc9db23
SCHED-TRACE 14113 4105 P 31 34dddc5d4
SCHED-TRACE 14114 4106 P 31 34de719cc
SCHED-TRACE 14115 4106 I 32 1cd006
SCHED-TRACE 14116 4106 B 32 b3
SCHED-TRACE 14117 4106 P 32 34e5f74bc
SCHED-TRACE 14118 4106 R 32 34e5f74bc
SCHED-TRACE 14119 4107 U 4 1cd07f
SCHED-TRACE 14120 4107 V 4 1cd0a7
SCHED-TRACE 14121 4107 O 0 0
SCHED-TRACE 14122 4107 P 32 34e72d4fe
SCHED-TRACE 14123 4108 K 31 34de719cc
SCHED-TRACE 14124 4108 P 32 34e869374
SCHED-TRACE 14125 4109 P 32 34e8feb85
SCHED-TRACE 14126 4109 I 31 1cd51e
SCHED-TRACE 14127 4109 B 31 b6
SCHED-TRACE 14128 4109 P 31 34e7cbb97
SCHED-TRACE 14129 4109 R 31 34e7cbb97
SCHED-TRACE 14130 4110 U 4 1cd597
SCHED-TRACE 14131 4110 V 4 1cd5bf
SCHED-TRACE 14132 4110 O 0 0
SCHED-TRACE 14133 4110 P 31 34e902822
SCHED-TRACE 14134 4111 K 32 34e8feb85
SCHED-TRACE 14135 4111 P 31 34ea3de68
SCHED-TRACE 14136 4112 P 31 34ead2e47
SCHED-TRACE 14137 4112 I 32 1cda36
SCHED-TRACE 14138 4112 B 32 b5
SCHED-TRACE 14139 4112 P 32 34f259168
SCHED-TRACE 14140 4112 R 32 34f259168
SCHED-TRACE 14141 4113 U 4 1cdaaf
SCHED-TRACE 14142 4113 V 4 1cdad6
SCHED-TRACE 14143 4113 O 0 0
SCHED-TRACE 14144 4113 P 32 34f38d4fe
SCHED-TRACE 14145 4114 K 31 34ead2e47
SCHED-TRACE 14146 4114 P 32 34f4c7ae1
SCHED-TRACE 14147 4115 P 32 34f55ced9
SCHED-TRACE 14148 4115 I 31 1cdf4d
SCHED-TRACE 14149 4115 B 31 b4
SCHED-TRACE 14150 4115 P 31 34f42dc5c
SCHED-TRACE 14151 4115 R 31 34f42dc5c
SCHED-TRACE 14152 4116 U 4 1cdfc6
SCHED-TRACE 14153 4116 V 4 1cdfed
SCHED-TRACE 14154 4116 O 0 0
SCHED-TRACE 14155 4116 P 31 34f5640b6
SCHED-TRACE 14156 4117 K 32 34f55ced9
SCHED-TRACE 14157 4117 P 31 34f69ff2c
SCHED-TRACE 14158 4118 P 31 34f735324
SCHED-TRACE 14159 4118 I 32 1ce465
SCHED-TRACE 14160 4118 B 32 b4
SCHED-TRACE 14161 4118 P 32 34feb70a4
SCHED-TRACE 14162 4118 R 32 34feb70a4
SCHED-TRACE 14163 4119 U 4 1ce4de
SCHED-TRACE 14164 4119 V 4 1ce506
SCHED-TRACE 14165 4119 O 0 0
SCHED-TRACE 14166 4119 P 32 34ffed0e5
SCHED-TRACE 14167 4120 K 31 34f735324
SCHED-TRACE 14168 4120 P 32 350127ae1
SCHED-TRACE 14169 4121 P 32 3501bd2f1
SCHED-TRACE 14170 4121 I 31 1ce97d
SCHED-TRACE 14171 4121 B 31 b2
SCHED-TRACE 14172 4121 P 31 350090139
SCHED-TRACE 14173 4121 R 31 350090139
SCHED-TRACE 14174 4122 U 4 1ce9f6
SCHED-TRACE 14175 4122 V 4 1cea1e
SCHED-TRACE 14176 4122 O 0 0
SCHED-TRACE 14177 4122 P 31 3501c823f
SCHED-TRACE 14178 4123 K 32 3501bd2f1
SCHED-TRACE 14179 4123 P 31 350302c3b
SCHED-TRACE 14180 4124 P 31 350397801
SCHED-TRACE 14181 4124 I 32 1cee95
SCHED-TRACE 14182 4124 B 32 b5
SCHED-TRACE 14183 4124 P 32 350b18937
SCHED-TRACE 14184 4124 R 32 350b18937
SCHED-TRACE 14185 4125 U 4 1cef0e
SCHED-TRACE 14186 4125 V 4 1cef35
SCHED-TRACE 14187 4125 O 0 0
SCHED-TRACE 14188 4125 P 32 350c4e560
SCHED-TRACE 14189 4126 K 31 350397801
SCHED-TRACE 14190 4126 P 32 350d8978d
SCHED-TRACE 14191 4127 P 32 350e1f3b6
SCHED-TRACE 14192 4127 I 31 1cf3ac
SCHED-TRACE 14193 4127 B 31 b4
SCHED-TRACE 14194 4127 P 31 350cf0139
SCHED-TRACE 14195 4127 R 31 350cf0139
SCHED-TRACE 14196 4128 U 4 1cf425
SCHED-TRACE 14197 4128 V 4 1cf44c
SCHED-TRACE 14198 4128 O 0 0
SCHED-TRACE 14199 4128 P 31 350e275f5
SCHED-TRACE 14200 4129 K 32 350e1f3b6
SCHED-TRACE 14201 4129 P 31 350f62c3b
SCHED-TRACE 14202 4130 P 31 350ff8033
SCHED-TRACE 14203 4130 I 32 1cf8c3
SCHED-TRACE 14204 4130 B 32 b4
SCHED-TRACE 14205 4130 P 32 3517778d5
SCHED-TRACE 14206 4130 R 32 3517778d5
SCHED-TRACE 14207 4131 U 4 1cf93c
SCHED-TRACE 14208 4131 V 4 1cf964
SCHED-TRACE 14209 4131 O 0 0
SCHED-TRACE 14210 4131 P 32 3518ae979
SCHED-TRACE 14211 4132 K 31 350ff8033
SCHED-TRACE 14212 4132 P 32 3519eb021
SCHED-TRACE 14213 4133 P 32 351a80000
SCHED-TRACE 14214 4133 I 31 1cfddb
SCHED-TRACE 14215 4133 B 31 b5
SCHED-TRACE 14216 4133 P 31 351950d83
SCHED-TRACE 14217 4133 R 31 351950d83
SCHED-TRACE 14218 4134 U 4 1cfe54
SCHED-TRACE 14219 4134 V 4 1cfe7c
SCHED-TRACE 14220 4134 O 0 0
SCHED-TRACE 14221 4134 P 31 351a875f5
SCHED-TRACE 14222 4135 K 32 351a80000
SCHED-TRACE 14223 4135 P 31 351bc1ff1
SCHED-TRACE 14224 4136 P 31 351c573e9
SCHED-TRACE 14225 4136 I 32 1d02f3
SCHED-TRACE 14226 4136 B 32 b3
SCHED-TRACE 14227 4136 P 32 3523da1ca
SCHED-TRACE 14228 4136 R 32 3523da1ca
SCHED-TRACE 14229 4137 U 4 1d036a
SCHED-TRACE 14230 4137 V 4 1d0390
SCHED-TRACE 14231 4137 O 0 0
SCHED-TRACE 14232 4137 P 32 35250a3d7
SCHED-TRACE 14233 4138 K 31 351c573e9
SCHED-TRACE 14234 4138 P 32 35264624e
SCHED-TRACE 14235 4139 P 32 3526dba5e
SCHED-TRACE 14236 4139 I 31 1d0807
SCHED-TRACE 14237 4139 B 31 b5
SCHED-TRACE 14238 4139 P 31 3525b19cc
SCHED-TRACE 14239 4139 R 31 3525b19cc
SCHED-TRACE 14240 4140 U 4 1d0881
SCHED-TRACE 14241 4140 V 4 1d08a8
SCHED-TRACE 14242 4140 O 0 0
SCHED-TRACE 14243 4140 P 31 3526e8a70
SCHED-TRACE 14244 4141 K 32 3526dba5e
SCHED-TRACE 14245 4141 P 31 3528244ce
SCHED-TRACE 14246 4142 P 31 3528b98c6
SCHED-TRACE 14247 4142 I 32 1d0d1f
SCHED-TRACE 14248 4142 B 32 b4
SCHED-TRACE 14249 4142 P 32 353033b64
SCHED-TRACE 14250 4142 R 32 353033b64
SCHED-TRACE 14251 4143 U 4 1d0d98
SCHED-TRACE 14252 4143 V 4 1d0dc0
SCHED-TRACE 14253 4143 O 0 0
SCHED-TRACE 14254 4143 P 32 35316a7ef
SCHED-TRACE 14255 4144 K 31 3528b98c6
SCHED-TRACE 14256 4144 P 32 3532a6666
SCHED-TRACE 14257 4145 P 32 35333ba5e
SCHED-TRACE 14258 4145 I 31 1d1237
SCHED-TRACE 14259 4145 B 31 b5
SCHED-TRACE 14260 4145 P 31 353213260
SCHED-TRACE 14261 4145 R 31 353213260
SCHED-TRACE 14262 4146 U 4 1d12b0
SCHED-TRACE 14263 4146 V 4 1d12d7
SCHED-TRACE 14264 4146 O 0 0
SCHED-TRACE 14265 4146 P 31 353346dc4
SCHED-TRACE 14266 4147 K 32 35333ba5e
SCHED-TRACE 14267 4147 P 31 3534813a7
SCHED-TRACE 14268 4148 P 31 353515f6e
SCHED-TRACE 14269 4148 I 32 1d174d
SCHED-TRACE 14270 4148 B 32 b5
SCHED-TRACE 14271 4148 P 32 353c95c29
SCHED-TRACE 14272 4148 R 32 353c95c29
SCHED-TRACE 14273 4149 U 4 1d17c6
SCHED-TRACE 14274 4149 V 4 1d17ed
SCHED-TRACE 14275 4149 O 0 0
SCHED-TRACE 14276 4149 P 32 353dcc083
SCHED-TRACE 14277 4150 K 31 353515f6e
SCHED-TRACE 14278 4150 P 32 353f076c8
SCHED-TRACE 14279 4151 P 32 353f9d2f1
SCHED-TRACE 14280 4151 I 31 1d1c65
SCHED-TRACE 14281 4151 B 31 b3
SCHED-TRACE 14282 4151 P 31 353e6fd20
SCHED-TRACE 14283 4151 R 31 353e6fd20
SCHED-TRACE 14284 4152 U 4 1d1cde
SCHED-TRACE 14285 4152 V 4 1d1d06
SCHED-TRACE 14286 4152 O 0 0
SCHED-TRACE 14287 4152 P 31 353fa6dc4
SCHED-TRACE 14288 4153 K 32 353f9d2f1
SCHED-TRACE 14289 4153 P 31 3540e2c3b
SCHED-TRACE 14290 4154 P 31 35417844b
SCHED-TRACE 14291 4154 I 32 1d217d
SCHED-TRACE 14292 4154 B 32 b5
SCHED-TRACE 14293 4154 P 32 3548f6872
SCHED-TRACE 14294 4154 R 32 3548f6872
SCHED-TRACE 14295 4155 U 4 1d21f7
SCHED-TRACE 14296 4155 V 4 1d221f
SCHED-TRACE 14297 4155 O 0 0
SCHED-TRACE 14298 4155 P 32 354a2f9db
SCHED-TRACE 14299 4156 K 31 35417844b
SCHED-TRACE 14300 4156 P 32 354b69ba6
SCHED-TRACE 14301 4157 P 32 354bfe76c
SCHED-TRACE 14302 4157 I 31 1d2696
SCHED-TRACE 14303 4157 B 31 b4
SCHED-TRACE 14304 4157 P 31 354ad3a91
SCHED-TRACE 14305 4157 R 31 354ad3a91
SCHED-TRACE 14306 4158 U 4 1d270f
SCHED-TRACE 14307 4158 V 4 1d2737
SCHED-TRACE 14308 4158 O 0 0
SCHED-TRACE 14309 4158 P 31 354c09ad2
SCHED-TRACE 14310 4159 K 32 354bfe76c
SCHED-TRACE 14311 4159 P 31 354d45118
SCHED-TRACE 14312 4160 P 31 354dda928
SCHED-TRACE 14313 4160 I 32 1d2bad
SCHED-TRACE 14314 4160 B 32 b5
SCHED-TRACE 14315 4160 P 32 3555570a4
SCHED-TRACE 14316 4160 R 32 3555570a4
SCHED-TRACE 14317 4161 U 4 1d2c26
SCHED-TRACE 14318 4161 V 4 1d2c4e
SCHED-TRACE 14319 4161 O 0 0
SCHED-TRACE 14320 4161 P 32 35568e979
SCHED-TRACE 14321 4162 K 31 354dda928
SCHED-TRACE 14322 4162 P 32 3557cac08
SCHED-TRACE 14323 4163 P 32 355860831
SCHED-TRACE 14324 4163 I 31 1d30c5
SCHED-TRACE 14325 4163 B 31 b5
SCHED-TRACE 14326 4163 P 31 355733678
SCHED-TRACE 14327 4163 R 31 355733678
SCHED-TRACE 14328 4164 U 4 1d313f
SCHED-TRACE 14329 4164 V 4 1d3167
SCHED-TRACE 14330 4164 O 0 0
SCHED-TRACE 14331 4164 P 31 35586bb97
SCHED-TRACE 14332 4165 K 32 355860831
SCHED-TRACE 14333 4165 P 31 3559a75f5
SCHED-TRACE 14334 4166 P 31 355a3c1bc
SCHED-TRACE 14335 4166 I 32 1d35de
SCHED-TRACE 14336 4166 B 32 b2
SCHED-TRACE 14337 4166 P 32 3561ba1ca
SCHED-TRACE 14338 4166 R 32 3561ba1ca
SCHED-TRACE 14339 4167 U 4 1d3657
SCHED-TRACE 14340 4167 V 4 1d367f
SCHED-TRACE 14341 4167 O 0 0
SCHED-TRACE 14342 4167 P 32 3562f020c
SCHED-TRACE 14343 4168 K 31 355a3c1bc
SCHED-TRACE 14344 4168 P 32 35642bc6a
SCHED-TRACE 14345 4169 P 32 3564c147b
SCHED-TRACE 14346 4169 I 31 1d3af6
SCHED-TRACE 14347 4169 B 31 b6
SCHED-TRACE 14348 4169 P 31 356396fd0
SCHED-TRACE 14349 4169 R 31 356396fd0
SCHED-TRACE 14350 4170 U 4 1d3b6f
SCHED-TRACE 14351 4170 V 4 1d3b97
SCHED-TRACE 14352 4170 O 0 0
SCHED-TRACE 14353 4170 P 31 3564cd012
SCHED-TRACE 14354 4171 K 32 3564c147b
SCHED-TRACE 14355 4171 P 31 3566096ba
SCHED-TRACE 14356 4172 P 31 35669eeca
SCHED-TRACE 14357 4172 I 32 1d400e
SCHED-TRACE 14358 4172 B 32 b5
SCHED-TRACE 14359 4172 P 32 356e1ba5e
SCHED-TRACE 14360 4172 R 32 356e1ba5e
SCHED-TRACE 14361 4173 U 4 1d4088
SCHED-TRACE 14362 4173 V 4 1d40b0
SCHED-TRACE 14363 4173 O 0 0
SCHED-TRACE 14364 4173 P 32 356f53f7d
SCHED-TRACE 14365 4174 K 31 35669eeca
SCHED-TRACE 14366 4174 P 32 35709020c
SCHED-TRACE 14367 4175 P 32 357125e35
SCHED-TRACE 14368 4175 I 31 1d4527
SCHED-TRACE 14369 4175 B 31 b5
SCHED-TRACE 14370 4175 P 31 356ff679f
SCHED-TRACE 14371 4175 R 31 356ff679f
SCHED-TRACE 14372 4176 U 4 1d45a0
SCHED-TRACE 14373 4176 V 4 1d45c7
SCHED-TRACE 14374 4176 O 0 0
SCHED-TRACE 14375 4176 P 31 35712c3c8
SCHED-TRACE 14376 4177 K 32 357125e35
SCHED-TRACE 14377 4177 P 31 357266dc4
SCHED-TRACE 14378 4178 P 31 3572fbda3
SCHED-TRACE 14379 4178 I 32 1d4a3e
SCHED-TRACE 14380 4178 B 32 b4
SCHED-TRACE 14381 4178 P 32 357a80831
SCHED-TRACE 14382 4178 R 32 357a80831
SCHED-TRACE 14383 4179 U 4 1d4ab6
SCHED-TRACE 14384 4179 V 4 1d4add
SCHED-TRACE 14385 4179 O 0 0
SCHED-TRACE 14386 4179 P 32 357bb3333
SCHED-TRACE 14387 4180 K 31 3572fbda3
SCHED-TRACE 14388 4180 P 32 357ced0e5
SCHED-TRACE 14389 4181 P 32 357d81cac
SCHED-TRACE 14390 4181 I 31 1d4f53
SCHED-TRACE 14391 4181 B 31 b3
SCHED-TRACE 14392 4181 P 31 357c55b55
SCHED-TRACE 14393 4181 R 31 357c55b55
SCHED-TRACE 14394 4182 U 4 1d4fcb
SCHED-TRACE 14395 4182 V 4 1d4ff3
SCHED-TRACE 14396 4182 O 0 0
SCHED-TRACE 14397 4182 P 31 357d8ab35
SCHED-TRACE 14398 4183 K 32 357d81cac
SCHED-TRACE 14399 4183 P 31 357ec6593
SCHED-TRACE 14400 4184 P 31 357f5b98b
SCHED-TRACE 14401 4184 I 32 1d546a
SCHED-TRACE 14402 4184 B 32 b5
SCHED-TRACE 14403 4184 P 32 3586dc6a8
SCHED-TRACE 14404 4184 R 32 3586dc6a8
SCHED-TRACE 14405 4185 U 4 1d54e3
SCHED-TRACE 14406 4185 V 4 1d550a
SCHED-TRACE 14407 4185 O 0 0
SCHED-TRACE 14408 4185 P 32 358811eb8
SCHED-TRACE 14409 4186 K 31 357f5b98b
SCHED-TRACE 14410 4186 P 32 35894d0e5
SCHED-TRACE 14411 4187 P 32 3589e24dd
SCHED-TRACE 14412 4187 I 31 1d5981
SCHED-TRACE 14413 4187 B 31 b5
SCHED-TRACE 14414 4187 P 31 3588b4f0c
SCHED-TRACE 14415 4187 R 31 3588b4f0c
SCHED-TRACE 14416 4188 U 4 1d59fa
SCHED-TRACE 14417 4188 V 4 1d5a22
SCHED-TRACE 14418 4188 O 0 0
SCHED-TRACE 14419 4188 P 31 3589ecbf9
SCHED-TRACE 14420 4189 K 32 3589e24dd
SCHED-TRACE 14421 4189 P 31 358b275f5
SCHED-TRACE 14422 4190 P 31 358bbc1bc
SCHED-TRACE 14423 4190 I 32 1d5e99
SCHED-TRACE 14424 4190 B 32 b5
SCHED-TRACE 14425 4190 P 32 35933d2f1
SCHED-TRACE 14426 4190 R 32 35933d2f1
SCHED-TRACE 14427 4191 U 4 1d5f12
SCHED-TRACE 14428 4191 V 4 1d5f39
SCHED-TRACE 14429 4191 O 0 0
SCHED-TRACE 14430 4191 P 32 3594722d1
SCHED-TRACE 14431 4192 K 31 358bbc1bc
SCHED-TRACE 14432 4192 P 32 3595ad0e5
SCHED-TRACE 14433 4193 P 32 359642d0e
SCHED-TRACE 14434 4193 I 31 1d63b0
SCHED-TRACE 14435 4193 B 31 b3
SCHED-TRACE 14436 4193 P 31 35951573d
SCHED-TRACE 14437 4193 R 31 35951573d
SCHED-TRACE 14438 4194 U 4 1d6428
SCHED-TRACE 14439 4194 V 4 1d644f
SCHED-TRACE 14440 4194 O 0 0
SCHED-TRACE 14441 4194 P 31 35964bb97
SCHED-TRACE 14442 4195 K 32 359642d0e
SCHED-TRACE 14443 4195 P 31 359786593
SCHED-TRACE 14444 4196 P 31 35981b572
SCHED-TRACE 14445 4196 I 32 1d68c6
SCHED-TRACE 14446 4196 B 32 b3
SCHED-TRACE 14447 4196 P 32 359f9c28f
SCHED-TRACE 14448 4196 R 32 359f9c28f
SCHED-TRACE 14449 4197 U 4 1d693f
SCHED-TRACE 14450 4197 V 4 1d6966
SCHED-TRACE 14451 4197 O 0 0
SCHED-TRACE 14452 4197 P 32 35a0d1a9f
SCHED-TRACE 14453 4198 K 31 35981b572
SCHED-TRACE 14454 4198 P 32 35a20dd2f
SCHED-TRACE 14455 4199 P 32 35a2a2d0e
SCHED-TRACE 14456 4199 I 31 1d6ddd
SCHED-TRACE 14457 4199 B 31 b6
SCHED-TRACE 14458 4199 P 31 35a1746db
SCHED-TRACE 14459 4199 R 31 35a1746db
SCHED-TRACE 14460 4200 U 4 1d6e56
SCHED-TRACE 14461 4200 V 4 1d6e7e
SCHED-TRACE 14462 4200 O 0 0
SCHED-TRACE 14463 4200 P 31 35a2aa304
SCHED-TRACE 14464 4201 K 32 35a2a2d0e
SCHED-TRACE 14465 4201 P 31 35a3e5531
SCHED-TRACE 14466 4202 P 31 35a47a510
SCHED-TRACE 14467 4202 I 32 1d72f4
SCHED-TRACE 14468 4202 B 32 b5
SCHED-TRACE 14469 4202 P 32 35abfc28f
SCHED-TRACE 14470 4202 R 32 35abfc28f
SCHED-TRACE 14471 4203 U 4 1d736c
SCHED-TRACE 14472 4203 V 4 1d7393
SCHED-TRACE 14473 4203 O 0 0
SCHED-TRACE 14474 4203 P 32 35ad2f5c2
SCHED-TRACE 14475 4204 K 31 35a47a510
SCHED-TRACE 14476 4204 P 32 35ae6b439
SCHED-TRACE 14477 4205 P 32 35af00c49
SCHED-TRACE 14478 4205 I 31 1d7809
SCHED-TRACE 14479 4205 B 31 b5
SCHED-TRACE 14480 4205 P 31 35add2616
SCHED-TRACE 14481 4205 R 31 35add2616
SCHED-TRACE 14482 4206 U 4 1d7883
SCHED-TRACE 14483 4206 V 4 1d78aa
SCHED-TRACE 14484 4206 O 0 0
SCHED-TRACE 14485 4206 P 31 35af096ba
SCHED-TRACE 14486 4207 K 32 35af00c49
SCHED-TRACE 14487 4207 P 31 35b0448e7
SCHED-TRACE 14488 4208 P 31 35b0d9cdf
SCHED-TRACE 14489 4208 I 32 1d7d21
SCHED-TRACE 14490 4208 B 32 b4
SCHED-TRACE 14491 4208 P 32 35b859db2
SCHED-TRACE 14492 4208 R 32 35b859db2
SCHED-TRACE 14493 4209 U 4 1d7d9a
SCHED-TRACE 14494 4209 V 4 1d7dc2
SCHED-TRACE 14495 4209 O 0 0
SCHED-TRACE 14496 4209 P 32 35b99020c
SCHED-TRACE 14497 4210 K 31 35b0d9cdf
SCHED-TRACE 14498 4210 P 32 35bacc083
SCHED-TRACE 14499 4211 P 32 35bb61893
SCHED-TRACE 14500 4211 I 31 1d8239
SCHED-TRACE 14501 4211 B 31 b5
SCHED-TRACE 14502 4211 P 31 35ba33a91
SCHED-TRACE 14503 4211 R 31 35ba33a91
SCHED-TRACE 14504 4212 U 4 1d82b2
SCHED-TRACE 14505 4212 V 4 1d82d8
SCHED-TRACE 14506 4212 O 0 0
SCHED-TRACE 14507 4212 P 31 35bb644ce
SCHED-TRACE 14508 4213 K 32 35bb61893
SCHED-TRACE 14509 4213 P 31 35bc9da4f
SCHED-TRACE 14510 4214 P 31 35bd31de5
SCHED-TRACE 14511 4214 I 32 1d874d
SCHED-TRACE 14512 4214 B 32 b6
SCHED-TRACE 14513 4214 P 32 35c4bc6a8
SCHED-TRACE 14514 4214 R 32 35c4bc6a8
SCHED-TRACE 14515 4215 U 4 1d87c6
SCHED-TRACE 14516 4215 V 4 1d87ed
SCHED-TRACE 14517 4215 O 0 0
SCHED-TRACE 14518 4215 P 32 35c5f1eb8
SCHED-TRACE 14519 4216 K 31 35bd31de5
SCHED-TRACE 14520 4216 P 32 35c72d916
SCHED-TRACE 14521 4217 P 32 35c7c2d0e
SCHED-TRACE 14522 4217 I 31 1d8c64
SCHED-TRACE 14523 4217 B 31 b5
SCHED-TRACE 14524 4217 P 31 35c68af4d
SCHED-TRACE 14525 4217 R 31 35c68af4d
SCHED-TRACE 14526 4218 U 4 1d8cdd
SCHED-TRACE 14527 4218 V 4 1d8d05
SCHED-TRACE 14528 4218 O 0 0
SCHED-TRACE 14529 4218 P 31 35c7c17c0
SCHED-TRACE 14530 4219 K 31 35c7c17c0
SCHED-TRACE 14531 4219 P 31 35c8fd21e
SCHED-TRACE 14532 4220 I 31 1d917c
SCHED-TRACE 14533 4220 B 31 b6
SCHED-TRACE 14534 4220 P 31 35d2ed012
SCHED-TRACE 14535 4220 R 31 35d2ed012
SCHED-TRACE 14536 4221 U 4 1d91f5
SCHED-TRACE 14537 4221 V 4 1d921e
SCHED-TRACE 14538 4221 O 0 0
SCHED-TRACE 14539 4221 P 31 35d425531
SCHED-TRACE 14540 4222 K 32 35c7c2d0e
SCHED-TRACE 14541 4222 P 31 35d55f2e3
SCHED-TRACE 14542 4223 P 31 35d5f3a91
SCHED-TRACE 14543 4223 I 32 1d9694
SCHED-TRACE 14544 4223 B 32 b3
SCHED-TRACE 14545 4223 P 32 35d11d2f1
SCHED-TRACE 14546 4223 R 32 35d11d2f1
SCHED-TRACE 14547 4224 U 4 1d970c
SCHED-TRACE 14548 4224 V 4 1d9734
SCHED-TRACE 14549 4224 O 0 0
SCHED-TRACE 14550 4224 P 32 35d251eb8
SCHED-TRACE 14551 4225 K 32 35d251eb8
SCHED-TRACE 14552 4225 P 32 35d38d4fe
SCHED-TRACE 14553 4226 I 32 1d9baa
SCHED-TRACE 14554 4226 B 32 b6
SCHED-TRACE 14555 4226 P 32 35dd7b645
SCHED-TRACE 14556 4226 R 32 35dd7b645
SCHED-TRACE 14557 4227 U 4 1d9c23
SCHED-TRACE 14558 4227 V 4 1d9c4b
SCHED-TRACE 14559 4227 O 0 0
SCHED-TRACE 14560 4227 P 32 35deb2f1a
SCHED-TRACE 14561 4228 K 31 35d5f3a91
SCHED-TRACE 14562 4228 P 32 35dfef1aa
SCHED-TRACE 14563 4229 P 32 35e0849ba
SCHED-TRACE 14564 4229 I 31 1da0c2
SCHED-TRACE 14565 4229 B 31 b6
SCHED-TRACE 14566 4229 P 31 35df4cbf9
SCHED-TRACE 14567 4229 R 31 35df4cbf9
SCHED-TRACE 14568 4230 U 4 1da13c
SCHED-TRACE 14569 4230 V 4 1da164
SCHED-TRACE 14570 4230 O 0 0
SCHED-TRACE 14571 4230 P 31 35e0848e7
SCHED-TRACE 14572 4231 K 31 35e0848e7
SCHED-TRACE 14573 4231 P 31 35e1c0b76
SCHED-TRACE 14574 4232 I 31 1da5db
SCHED-TRACE 14575 4232 B 31 b6
SCHED-TRACE 14576 4232 P 31 35ebb0139
SCHED-TRACE 14577 4232 R 31 35ebb0139
SCHED-TRACE 14578 4233 U 4 1da654
SCHED-TRACE 14579 4233 V 4 1da67c
SCHED-TRACE 14580 4233 O 0 0
SCHED-TRACE 14581 4233 P 31 35ece5d62
SCHED-TRACE 14582 4234 K 32 35e0849ba
SCHED-TRACE 14583 4234 P 31 35ee20b76
SCHED-TRACE 14584 4235 P 31 35eeb5b55
SCHED-TRACE 14585 4235 I 32 1daaf2
SCHED-TRACE 14586 4235 B 32 b4
SCHED-TRACE 14587 4235 P 32 35e9de354
SCHED-TRACE 14588 4235 R 32 35e9de354
SCHED-TRACE 14589 4236 U 4 1dab6a
SCHED-TRACE 14590 4236 V 4 1dab91
SCHED-TRACE 14591 4236 O 0 0
SCHED-TRACE 14592 4236 P 32 35eb11eb8
SCHED-TRACE 14593 4237 K 32 35eb11eb8
SCHED-TRACE 14594 4237 P 32 35ec4d4fe
SCHED-TRACE 14595 4238 I 32 1db008
SCHED-TRACE 14596 4238 B 32 b3
SCHED-TRACE 14597 4238 P 32 35f63ba5e
SCHED-TRACE 14598 4238 R 32 35f63ba5e
SCHED-TRACE 14599 4239 U 4 1db081
SCHED-TRACE 14600 4239 V 4 1db0a9
SCHED-TRACE 14601 4239 O 0 0
SCHED-TRACE 14602 4239 P 32 35f7722d1
SCHED-TRACE 14603 4240 K 31 35eeb5b55
SCHED-TRACE 14604 4240 P 32 35f8ae147
SCHED-TRACE 14605 4241 P 32 35f943958
SCHED-TRACE 14606 4241 I 31 1db520
SCHED-TRACE 14607 4241 B 31 b5
SCHED-TRACE 14608 4241 P 31 35f80e48d
SCHED-TRACE 14609 4241 R 31 35f80e48d
SCHED-TRACE 14610 4242 U 4 1db599
SCHED-TRACE 14611 4242 V 4 1db5c1
SCHED-TRACE 14612 4242 O 0 0
SCHED-TRACE 14613 4242 P 31 35f945949
SCHED-TRACE 14614 4243 K 32 35f943958
SCHED-TRACE 14615 4243 P 31 35fa813a7
SCHED-TRACE 14616 4244 P 31 35fb16387
SCHED-TRACE 14617 4244 I 32 1dba38
SCHED-TRACE 14618 4244 B 32 b4
SCHED-TRACE 14619 4244 P 32 36029ced9
SCHED-TRACE 14620 4244 R 32 36029ced9
SCHED-TRACE 14621 4245 U 4 1dbab1
SCHED-TRACE 14622 4245 V 4 1dbad8
SCHED-TRACE 14623 4245 O 0 0
SCHED-TRACE 14624 4245 P 32 3603d1687
SCHED-TRACE 14625 4246 K 31 35fb16387
SCHED-TRACE 14626 4246 P 32 36050c083
SCHED-TRACE 14627 4247 P 32 3605a147b
SCHED-TRACE 14628 4247 I 31 1dbf4f
SCHED-TRACE 14629 4247 B 31 b4
SCHED-TRACE 14630 4247 P 31 36047096a
SCHED-TRACE 14631 4247 R 31 36047096a
SCHED-TRACE 14632 4248 U 4 1dbfc8
SCHED-TRACE 14633 4248 V 4 1dbff0
SCHED-TRACE 14634 4248 O 0 0
SCHED-TRACE 14635 4248 P 31 3605a75f5
SCHED-TRACE 14636 4249 K 32 3605a147b
SCHED-TRACE 14637 4249 P 31 3606e3885
SCHED-TRACE 14638 4250 P 31 360779095
SCHED-TRACE 14639 4250 I 32 1dc467
SCHED-TRACE 14640 4250 B 32 b5
SCHED-TRACE 14641 4250 P 32 360ef9db2
SCHED-TRACE 14642 4250 R 32 360ef9db2
SCHED-TRACE 14643 4251 U 4 1dc4e0
SCHED-TRACE 14644 4251 V 4 1dc507
SCHED-TRACE 14645 4251 O 0 0
SCHED-TRACE 14646 4251 P 32 36102f5c2
SCHED-TRACE 14647 4252 K 31 360779095
SCHED-TRACE 14648 4252 P 32 36116a3d7
SCHED-TRACE 14649 4253 P 32 3611ff7cf
SCHED-TRACE 14650 4253 I 31 1dc97e
SCHED-TRACE 14651 4253 B 31 b3
SCHED-TRACE 14652 4253 P 31 3610d2616
SCHED-TRACE 14653 4253 R 31 3610d2616
SCHED-TRACE 14654 4254 U 4 1dc9f7
SCHED-TRACE 14655 4254 V 4 1dca1f
SCHED-TRACE 14656 4254 O 0 0
SCHED-TRACE 14657 4254 P 31 361209eeb
SCHED-TRACE 14658 4255 K 32 3611ff7cf
SCHED-TRACE 14659 4255 P 31 3613448e7
SCHED-TRACE 14660 4256 P 31 3613d94ae
SCHED-TRACE 14661 4256 I 32 1dce96
SCHED-TRACE 14662 4256 B 32 b5
SCHED-TRACE 14663 4256 P 32 361b5b22d
SCHED-TRACE 14664 4256 R 32 361b5b22d
SCHED-TRACE 14665 4257 U 4 1dcf0f
SCHED-TRACE 14666 4257 V 4 1dcf36
SCHED-TRACE 14667 4257 O 0 0
SCHED-TRACE 14668 4257 P 32 361c90625
SCHED-TRACE 14669 4258 K 31 3613d94ae
SCHED-TRACE 14670 4258 P 32 361dcb439
SCHED-TRACE 14671 4259 P 32 361e61062
SCHED-TRACE 14672 4259 I 31 1dd3ad
SCHED-TRACE 14673 4259 B 31 b4
SCHED-TRACE 14674 4259 P 31 361d32e47
SCHED-TRACE 14675 4259 R 31 361d32e47
SCHED-TRACE 14676 4260 U 4 1dd426
SCHED-TRACE 14677 4260 V 4 1dd44d
SCHED-TRACE 14678 4260 O 0 0
SCHED-TRACE 14679 4260 P 31 361e69eeb
SCHED-TRACE 14680 4261 K 32 361e61062
SCHED-TRACE 14681 4261 P 31 361fa5531
SCHED-TRACE 14682 4262 P 31 36203a928
SCHED-TRACE 14683 4262 I 32 1dd8c4
SCHED-TRACE 14684 4262 B 32 b4
SCHED-TRACE 14685 4262 P 32 3627ba9fc
SCHED-TRACE 14686 4262 R 32 3627ba9fc
SCHED-TRACE 14687 4263 U 4 1dd93d
SCHED-TRACE 14688 4263 V 4 1dd965
SCHED-TRACE 14689 4263 O 0 0
SCHED-TRACE 14690 4263 P 32 3628f126e
SCHED-TRACE 14691 4264 K 31 36203a928
SCHED-TRACE 14692 4264 P 32 362a2d0e5
SCHED-TRACE 14693 4265 P 32 362ac20c4
SCHED-TRACE 14694 4265 I 31 1ddddc
SCHED-TRACE 14695 4265 B 31 b5
SCHED-TRACE 14696 4265 P 31 3629946db
SCHED-TRACE 14697 4265 R 31 3629946db
SCHED-TRACE 14698 4266 U 4 1dde55
SCHED-TRACE 14699 4266 V 4 1dde7d
SCHED-TRACE 14700 4266 O 0 0
SCHED-TRACE 14701 4266 P 31 362aca71c
SCHED-TRACE 14702 4267 K 32 362ac20c4
SCHED-TRACE 14703 4267 P 31 362c05118
SCHED-TRACE 14704 4268 P 31 362c9a510
SCHED-TRACE 14705 4268 I 32 1de2f4
SCHED-TRACE 14706 4268 B 32 b3
SCHED-TRACE 14707 4268 P 32 36341d2f1
SCHED-TRACE 14708 4268 R 32 36341d2f1
SCHED-TRACE 14709 4269 U 4 1de36c
SCHED-TRACE 14710 4269 V 4 1de392
SCHED-TRACE 14711 4269 O 0 0
SCHED-TRACE 14712 4269 P 32 36354e560
SCHED-TRACE 14713 4270 K 31 362c9a510
SCHED-TRACE 14714 4270 P 32 36368a3d7
SCHED-TRACE 14715 4271 P 32 36371fbe7
SCHED-TRACE 14716 4271 I 31 1de808
SCHED-TRACE 14717 4271 B 31 b5
SCHED-TRACE 14718 4271 P 31 3635f2a2f
SCHED-TRACE 14719 4271 R 31 3635f2a2f
SCHED-TRACE 14720 4272 U 4 1de882
SCHED-TRACE 14721 4272 V 4 1de8a9
SCHED-TRACE 14722 4272 O 0 0
SCHED-TRACE 14723 4272 P 31 363729ad2
SCHED-TRACE 14724 4273 K 32 36371fbe7
SCHED-TRACE 14725 4273 P 31 363865118
SCHED-TRACE 14726 4274 P 31 3638fa510
SCHED-TRACE 14727 4274 I 32 1ded20
SCHED-TRACE 14728 4274 B 32 b5
SCHED-TRACE 14729 4274 P 32 364078937
SCHED-TRACE 14730 4274 R 32 364078937
SCHED-TRACE 14731 4275 U 4 1ded99
SCHED-TRACE 14732 4275 V 4 1dedc1
SCHED-TRACE 14733 4275 O 0 0
SCHED-TRACE 14734 4275 P 32 3641af1aa
SCHED-TRACE 14735 4276 K 31 3638fa510
SCHED-TRACE 14736 4276 P 32 3642eb021
SCHED-TRACE 14737 4277 P 32 364380831
SCHED-TRACE 14738 4277 I 31 1df238
SCHED-TRACE 14739 4277 B 31 b5
SCHED-TRACE 14740 4277 P 31 364253ea9
SCHED-TRACE 14741 4277 R 31 364253ea9
SCHED-TRACE 14742 4278 U 4 1df2b1
SCHED-TRACE 14743 4278 V 4 1df2d8
SCHED-TRACE 14744 4278 O 0 0
SCHED-TRACE 14745 4278 P 31 364387a0e
SCHED-TRACE 14746 4279 K 32 364380831
SCHED-TRACE 14747 4279 P 31 3644c1ff1
SCHED-TRACE 14748 4280 P 31 364556bb8
SCHED-TRACE 14749 4280 I 32 1df74e
SCHED-TRACE 14750 4280 B 32 b5
SCHED-TRACE 14751 4280 P 32 364cda5e3
SCHED-TRACE 14752 4280 R 32 364cda5e3
SCHED-TRACE 14753 4281 U 4 1df7c7
SCHED-TRACE 14754 4281 V 4 1df7ee
SCHED-TRACE 14755 4281 O 0 0
SCHED-TRACE 14756 4281 P 32 364e10a3d
SCHED-TRACE 14757 4282 K 31 364556bb8
SCHED-TRACE 14758 4282 P 32 364f4c083
SCHED-TRACE 14759 4283 P 32 364fe1cac
SCHED-TRACE 14760 4283 I 31 1dfc66
SCHED-TRACE 14761 4283 B 31 b3
SCHED-TRACE 14762 4283 P 31 364eb0551
SCHED-TRACE 14763 4283 R 31 364eb0551
SCHED-TRACE 14764 4284 U 4 1dfcdf
SCHED-TRACE 14765 4284 V 4 1dfd07
SCHED-TRACE 14766 4284 O 0 0
SCHED-TRACE 14767 4284 P 31 364fe7a0e
SCHED-TRACE 14768 4285 K 32 364fe1cac
SCHED-TRACE 14769 4285 P 31 365123885
SCHED-TRACE 14770 4286 P 31 3651b9095
SCHED-TRACE 14771 4286 I 32 1e017e
SCHED-TRACE 14772 4286 B 32 b6
SCHED-TRACE 14773 4286 P 32 36593a9fc
SCHED-TRACE 14774 4286 R 32 36593a9fc
SCHED-TRACE 14775 4287 U 4 1e01f8
SCHED-TRACE 14776 4287 V 4 1e0220
SCHED-TRACE 14777 4287 O 0 0
SCHED-TRACE 14778 4287 P 32 365a73f7d
SCHED-TRACE 14779 4288 K 31 3651b9095
SCHED-TRACE 14780 4288 P 32 365bad4fe
SCHED-TRACE 14781 4289 P 32 365c41cac
SCHED-TRACE 14782 4289 I 31 1e0697
SCHED-TRACE 14783 4289 B 31 b5
SCHED-TRACE 14784 4289 P 31 365b15f6e
SCHED-TRACE 14785 4289 R 31 365b15f6e
SCHED-TRACE 14786 4290 U 4 1e0710
SCHED-TRACE 14787 4290 V 4 1e0737
SCHED-TRACE 14788 4290 O 0 0
SCHED-TRACE 14789 4290 P 31 365c4b77e
SCHED-TRACE 14790 4291 K 32 365c41cac
SCHED-TRACE 14791 4291 P 31 365d869ab
SCHED-TRACE 14792 4292 P 31 365e1c1bc
SCHED-TRACE 14793 4292 I 32 1e0bae
SCHED-TRACE 14794 4292 B 32 b6
SCHED-TRACE 14795 4292 P 32 36659ba5e
SCHED-TRACE 14796 4292 R 32 36659ba5e
SCHED-TRACE 14797 4293 U 4 1e0c27
SCHED-TRACE 14798 4293 V 4 1e0c4f
SCHED-TRACE 14799 4293 O 0 0
SCHED-TRACE 14800 4293 P 32 3666d3333
SCHED-TRACE 14801 4294 K 31 365e1c1bc
SCHED-TRACE 14802 4294 P 32 36680ed91
SCHED-TRACE 14803 4295 P 32 3668a45a2
SCHED-TRACE 14804 4295 I 31 1e10c6
SCHED-TRACE 14805 4295 B 31 b4
SCHED-TRACE 14806 4295 P 31 366775f6e
SCHED-TRACE 14807 4295 R 31 366775f6e
SCHED-TRACE 14808 4296 U 4 1e1140
SCHED-TRACE 14809 4296 V 4 1e1167
SCHED-TRACE 14810 4296 O 0 0
SCHED-TRACE 14811 4296 P 31 3668ad843
SCHED-TRACE 14812 4297 K 32 3668a45a2
SCHED-TRACE 14813 4297 P 31 3669e92a1
SCHED-TRACE 14814 4298 P 31 366a7da4f
SCHED-TRACE 14815 4298 I 32 1e15de
SCHED-TRACE 14816 4298 B 32 b3
SCHED-TRACE 14817 4298 P 32 3671fced9
SCHED-TRACE 14818 4298 R 32 3671fced9
SCHED-TRACE 14819 4299 U 4 1e1657
SCHED-TRACE 14820 4299 V 4 1e167e
SCHED-TRACE 14821 4299 O 0 0
SCHED-TRACE 14822 4299 P 32 3673326e9
SCHED-TRACE 14823 4300 K 31 366a7da4f
SCHED-TRACE 14824 4300 P 32 36746dd2f
SCHED-TRACE 14825 4301 P 32 36750353f
SCHED-TRACE 14826 4301 I 31 1e1af5
SCHED-TRACE 14827 4301 B 31 b6
SCHED-TRACE 14828 4301 P 31 3673d73e9
SCHED-TRACE 14829 4301 R 31 3673d73e9
SCHED-TRACE 14830 4302 U 4 1e1b6e
SCHED-TRACE 14831 4302 V 4 1e1b95
SCHED-TRACE 14832 4302 O 0 0
SCHED-TRACE 14833 4302 P 31 36750cbf9
SCHED-TRACE 14834 4303 K 32 36750353f
SCHED-TRACE 14835 4303 P 31 367648a70
SCHED-TRACE 14836 4304 P 31 3676de280
SCHED-TRACE 14837 4304 I 32 1e200c
SCHED-TRACE 14838 4304 B 32 b4
SCHED-TRACE 14839 4304 P 32 367e5c6a8
SCHED-TRACE 14840 4304 R 32 367e5c6a8
SCHED-TRACE 14841 4305 U 4 1e2086
SCHED-TRACE 14842 4305 V 4 1e20ae
SCHED-TRACE 14843 4305 O 0 0
SCHED-TRACE 14844 4305 P 32 367f93f7d
SCHED-TRACE 14845 4306 K 31 3676de280
SCHED-TRACE 14846 4306 P 32 3680d020c
SCHED-TRACE 14847 4307 P 32 368165e35
SCHED-TRACE 14848 4307 I 31 1e2525
SCHED-TRACE 14849 4307 B 31 b5
SCHED-TRACE 14850 4307 P 31 368036fd0
SCHED-TRACE 14851 4307 R 31 368036fd0
SCHED-TRACE 14852 4308 U 4 1e259e
SCHED-TRACE 14853 4308 V 4 1e25c6
SCHED-TRACE 14854 4308 O 0 0
SCHED-TRACE 14855 4308 P 31 36816e48d
SCHED-TRACE 14856 4309 K 32 368165e35
SCHED-TRACE 14857 4309 P 31 3682a96ba
SCHED-TRACE 14858 4310 P 31 36833e699
SCHED-TRACE 14859 4310 I 32 1e2a3d
SCHED-TRACE 14860 4310 B 32 b2
SCHED-TRACE 14861 4310 P 32 368abeb85
SCHED-TRACE 14862 4310 R 32 368abeb85
SCHED-TRACE 14863 4311 U 4 1e2ab6
SCHED-TRACE 14864 4311 V 4 1e2add
SCHED-TRACE 14865 4311 O 0 0
SCHED-TRACE 14866 4311 P 32 368bf2b02
SCHED-TRACE 14867 4312 K 31 36833e699
SCHED-TRACE 14868 4312 P 32 368d2d4fe
SCHED-TRACE 14869 4313 P 32 368dc28f6
SCHED-TRACE 14870 4313 I 31 1e2f53
SCHED-TRACE 14871 4313 B 31 b3
SCHED-TRACE 14872 4313 P 31 368c98033
SCHED-TRACE 14873 4313 R 31 368c98033
SCHED-TRACE 14874 4314 U 4 1e2fcc
SCHED-TRACE 14875 4314 V 4 1e2ff4
SCHED-TRACE 14876 4314 O 0 0
SCHED-TRACE 14877 4314 P 31 368dcf0d6
SCHED-TRACE 14878 4315 K 32 368dc28f6
SCHED-TRACE 14879 4315 P 31 368f0b366
SCHED-TRACE 14880 4316 P 31 368fa0b76
SCHED-TRACE 14881 4316 I 32 1e346b
SCHED-TRACE 14882 4316 B 32 b6
SCHED-TRACE 14883 4316 P 32 36971be77
SCHED-TRACE 14884 4316 R 32 36971be77
SCHED-TRACE 14885 4317 U 4 1e34e4
SCHED-TRACE 14886 4317 V 4 1e350c
SCHED-TRACE 14887 4317 O 0 0
SCHED-TRACE 14888 4317 P 32 369852f1a
SCHED-TRACE 14889 4318 K 31 368fa0b76
SCHED-TRACE 14890 4318 P 32 36998ed91
SCHED-TRACE 14891 4319 P 32 369a245a2
SCHED-TRACE 14892 4319 I 31 1e3984
SCHED-TRACE 14893 4319 B 31 b5
SCHED-TRACE 14894 4319 P 31 3698fad41
SCHED-TRACE 14895 4319 R 31 3698fad41
SCHED-TRACE 14896 4320 U 4 1e39fe
SCHED-TRACE 14897 4320 V 4 1e3a26
SCHED-TRACE 14898 4320 O 0 0
SCHED-TRACE 14899 4320 P 31 369a346db
SCHED-TRACE 14900 4321 K 32 369a245a2
SCHED-TRACE 14901 4321 P 31 369b6f908
SCHED-TRACE 14902 4322 P 31 369c04cff
SCHED-TRACE 14903 4322 I 32 1e3e9d
SCHED-TRACE 14904 4322 B 32 b6
SCHED-TRACE 14905 4322 P 32 36a37e354
SCHED-TRACE 14906 4322 R 32 36a37e354
SCHED-TRACE 14907 4323 U 4 1e3f16
SCHED-TRACE 14908 4323 V 4 1e3f3e
SCHED-TRACE 14909 4323 O 0 0
SCHED-TRACE 14910 4323 P 32 36a4b53f8
SCHED-TRACE 14911 4324 K 31 369c04cff
SCHED-TRACE 14912 4324 P 32 36a5f020c
SCHED-TRACE 14913 4325 P 32 36a68624e
SCHED-TRACE 14914 4325 I 31 1e43b5
SCHED-TRACE 14915 4325 B 31 b1
SCHED-TRACE 14916 4325 P 31 36a55ce06
SCHED-TRACE 14917 4325 R 31 36a55ce06
SCHED-TRACE 14918 4326 U 4 1e442c
SCHED-TRACE 14919 4326 V 4 1e4453
SCHED-TRACE 14920 4326 O 0 0
SCHED-TRACE 14921 4326 P 31 36a692a2f
SCHED-TRACE 14922 4327 K 32 36a68624e
SCHED-TRACE 14923 4327 P 31 36a7cd843
SCHED-TRACE 14924 4328 P 31 36a862822
SCHED-TRACE 14925 4328 I 32 1e48ca
SCHED-TRACE 14926 4328 B 32 b3
SCHED-TRACE 14927 4328 P 32 36afdfbe7
SCHED-TRACE 14928 4328 R 32 36afdfbe7
SCHED-TRACE 14929 4329 U 4 1e4943
SCHED-TRACE 14930 4329 V 4 1e496a
SCHED-TRACE 14931 4329 O 0 0
SCHED-TRACE 14932 4329 P 32 36b115c29
SCHED-TRACE 14933 4330 K 31 36a862822
SCHED-TRACE 14934 4330 P 32 36b251a9f
SCHED-TRACE 14935 4331 P 32 36b2e6a7f
SCHED-TRACE 14936 4331 I 31 1e4de1
SCHED-TRACE 14937 4331 B 31 b6
SCHED-TRACE 14938 4331 P 31 36b1bb98b
SCHED-TRACE 14939 4331 R 31 36b1bb98b
SCHED-TRACE 14940 4332 U 4 1e4e5a
SCHED-TRACE 14941 4332 V 4 1e4e82
SCHED-TRACE 14942 4332 O 0 0
SCHED-TRACE 14943 4332 P 31 36b2f19cc
SCHED-TRACE 14944 4333 K 32 36b2e6a7f
SCHED-TRACE 14945 4333 P 31 36b42cbf9
SCHED-TRACE 14946 4334 P 31 36b4c1bd9
SCHED-TRACE 14947 4334 I 32 1e52f8
SCHED-TRACE 14948 4334 B 32 b5
SCHED-TRACE 14949 4334 P 32 36bc3fbe7
SCHED-TRACE 14950 4334 R 32 36bc3fbe7
SCHED-TRACE 14951 4335 U 4 1e5370
SCHED-TRACE 14952 4335 V 4 1e5397
SCHED-TRACE 14953 4335 O 0 0
SCHED-TRACE 14954 4335 P 32 36bd726e9
SCHED-TRACE 14955 4336 K 31 36b4c1bd9
SCHED-TRACE 14956 4336 P 32 36beae979
SCHED-TRACE 14957 4337 P 32 36bf44189
SCHED-TRACE 14958 4337 I 31 1e580d
SCHED-TRACE 14959 4337 B 31 b6
SCHED-TRACE 14960 4337 P 31 36be1a0f7
SCHED-TRACE 14961 4337 R 31 36be1a0f7
SCHED-TRACE 14962 4338 U 4 1e5887
SCHED-TRACE 14963 4338 V 4 1e58ae
SCHED-TRACE 14964 4338 O 0 0
SCHED-TRACE 14965 4338 P 31 36bf519cc
SCHED-TRACE 14966 4339 K 32 36bf44189
SCHED-TRACE 14967 4339 P 31 36c08c7e1
SCHED-TRACE 14968 4340 P 31 36c121bd9
SCHED-TRACE 14969 4340 I 32 1e5d25
SCHED-TRACE 14970 4340 B 32 b3
SCHED-TRACE 14971 4340 P 32 36c89ced9
SCHED-TRACE 14972 4340 R 32 36c89ced9
SCHED-TRACE 14973 4341 U 4 1e5d9e
SCHED-TRACE 14974 4341 V 4 1e5dc5
SCHED-TRACE 14975 4341 O 0 0
SCHED-TRACE 14976 4341 P 32 36c9d2f1a
SCHED-TRACE 14977 4342 K 31 36c121bd9
SCHED-TRACE 14978 4342 P 32 36cb0ed91
SCHED-TRACE 14979 4343 P 32 36cba45a2
SCHED-TRACE 14980 4343 I 31 1e623d
SCHED-TRACE 14981 4343 B 31 b6
SCHED-TRACE 14982 4343 P 31 36ca7c1bc
SCHED-TRACE 14983 4343 R 31 36ca7c1bc
SCHED-TRACE 14984 4344 U 4 1e62b5
SCHED-TRACE 14985 4344 V 4 1e62dc
SCHED-TRACE 14986 4344 O 0 0
SCHED-TRACE 14987 4344 P 31 36cbae074
SCHED-TRACE 14988 4345 K 32 36cba45a2
SCHED-TRACE 14989 4345 P 31 36cce823f
SCHED-TRACE 14990 4346 P 31 36cd7c5d4
SCHED-TRACE 14991 4346 I 32 1e6752
SCHED-TRACE 14992 4346 B 32 b6
SCHED-TRACE 14993 4346 P 32 36d500000
SCHED-TRACE 14994 4346 R 32 36d500000
SCHED-TRACE 14995 4347 U 4 1e67cb
SCHED-TRACE 14996 4347 V 4 1e67f2
SCHED-TRACE 14997 4347 O 0 0
SCHED-TRACE 14998 4347 P 32 36d636041
SCHED-TRACE 14999 4348 K 31 36cd7c5d4
SCHED-TRACE 15000 4348 P 32 36d771eb8
SCHED-TRACE 15001 4349 P 32 36d8076c8
SCHED-TRACE 15002 4349 I 31 1e6c6a
SCHED-TRACE 15003 4349 B 31 b5
SCHED-TRACE 15004 4349 P 31 36d6d679f
SCHED-TRACE 15005 4349 R 31 36d6d679f
SCHED-TRACE 15006 4350 U 4 1e6ce3
SCHED-TRACE 15007 4350 V 4 1e6d0b
SCHED-TRACE 15008 4350 O 0 0
SCHED-TRACE 15009 4350 P 31 36d80d843
SCHED-TRACE 15010 4351 K 32 36d8076c8
SCHED-TRACE 15011 4351 P 31 36d949ad2
SCHED-TRACE 15012 4352 P 31 36d9deeca
SCHED-TRACE 15013 4352 I 32 1e7182
SCHED-TRACE 15014 4352 B 32 b6
SCHED-TRACE 15015 4352 P 32 36e160831
SCHED-TRACE 15016 4352 R 32 36e160831
SCHED-TRACE 15017 4353 U 4 1e71fc
SCHED-TRACE 15018 4353 V 4 1e7224
SCHED-TRACE 15019 4353 O 0 0
SCHED-TRACE 15020 4353 P 32 36e299581
SCHED-TRACE 15021 4354 K 31 36d9deeca
SCHED-TRACE 15022 4354 P 32 36e3d22d1
SCHED-TRACE 15023 4355 P 32 36e4672b0
SCHED-TRACE 15024 4355 I 31 1e769b
SCHED-TRACE 15025 4355 B 31 af
SCHED-TRACE 15026 4355 P 31 36e33a928
SCHED-TRACE 15027 4355 R 31 36e33a928
SCHED-TRACE 15028 4356 U 4 1e7714
SCHED-TRACE 15029 4356 V 4 1e773a
SCHED-TRACE 15030 4356 O 0 0
SCHED-TRACE 15031 4356 P 31 36e46f908
SCHED-TRACE 15032 4357 K 32 36e4672b0
SCHED-TRACE 15033 4357 P 31 36e5aab35
SCHED-TRACE 15034 4358 P 31 36e640345
SCHED-TRACE 15035 4358 I 32 1e7bb1
SCHED-TRACE 15036 4358 B 32 b5
SCHED-TRACE 15037 4358 P 32 36edc0418
SCHED-TRACE 15038 4358 R 32 36edc0418
SCHED-TRACE 15039 4359 U 4 1e7c2a
SCHED-TRACE 15040 4359 V 4 1e7c52
SCHED-TRACE 15041 4359 O 0 0
SCHED-TRACE 15042 4359 P 32 36eef7ced
SCHED-TRACE 15043 4360 K 31 36e640345
SCHED-TRACE 15044 4360 P 32 36f033b64
SCHED-TRACE 15045 4361 P 32 36f0c978d
SCHED-TRACE 15046 4361 I 31 1e80c9
SCHED-TRACE 15047 4361 B 31 b5
SCHED-TRACE 15048 4361 P 31 36ef99095
SCHED-TRACE 15049 4361 R 31 36ef99095
SCHED-TRACE 15050 4362 U 4 1e8143
SCHED-TRACE 15051 4362 V 4 1e816b
SCHED-TRACE 15052 4362 O 0 0
SCHED-TRACE 15053 4362 P 31 36f0d19cc
SCHED-TRACE 15054 4363 K 32 36f0c978d
SCHED-TRACE 15055 4363 P 31 36f20a304
SCHED-TRACE 15056 4364 P 31 36f29e699
SCHED-TRACE 15057 4364 I 32 1e85e2
SCHED-TRACE 15058 4364 B 32 a7
SCHED-TRACE 15059 4364 P 32 36fa23d70
SCHED-TRACE 15060 4364 R 32 36fa23d70
SCHED-TRACE 15061 4365 U 4 1e8654
SCHED-TRACE 15062 4365 V 4 1e8678
SCHED-TRACE 15063 4365 O 0 0
SCHED-TRACE 15064 4365 P 32 36fb4a3d7
SCHED-TRACE 15065 4366 K 31 36f29e699
SCHED-TRACE 15066 4366 P 32 36fc7df3b
SCHED-TRACE 15067 4367 P 32 36fd10e56
SCHED-TRACE 15068 4367 I 31 1e8aec
SCHED-TRACE 15069 4367 B 31 ab
SCHED-TRACE 15070 4367 P 31 36fbfde68
SCHED-TRACE 15071 4367 R 31 36fbfde68
SCHED-TRACE 15072 4368 U 4 1e8b61
SCHED-TRACE 15073 4368 V 4 1e8b85
SCHED-TRACE 15074 4368 O 0 0
SCHED-TRACE 15075 4368 P 31 36fd27a0e
SCHED-TRACE 15076 4369 K 32 36fd10e56
SCHED-TRACE 15077 4369 P 31 36fe5d21e
SCHED-TRACE 15078 4370 P 31 36fef096a
SCHED-TRACE 15079 4370 I 32 1e8ffa
SCHED-TRACE 15080 4370 B 32 ae
SCHED-TRACE 15081 4370 P 32 37066f9db
SCHED-TRACE 15082 4370 R 32 37066f9db
SCHED-TRACE 15083 4371 U 4 1e906f
SCHED-TRACE 15084 4371 V 4 1e9094
SCHED-TRACE 15085 4371 O 0 0
SCHED-TRACE 15086 4371 P 32 37079a9fc
SCHED-TRACE 15087 4372 K 31 36fef096a
SCHED-TRACE 15088 4372 P 32 3708d020c
SCHED-TRACE 15089 4373 P 32 370963958
SCHED-TRACE 15090 4373 I 31 1e9509
SCHED-TRACE 15091 4373 B 31 ad
SCHED-TRACE 15092 4373 P 31 37084e48d
SCHED-TRACE 15093 4373 R 31 37084e48d
SCHED-TRACE 15094 4374 U 4 1e957e
SCHED-TRACE 15095 4374 V 4 1e95a2
SCHED-TRACE 15096 4374 O 0 0
SCHED-TRACE 15097 4374 P 31 370976fd0
SCHED-TRACE 15098 4375 K 32 370963958
SCHED-TRACE 15099 4375 P 31 370aabfb0
SCHED-TRACE 15100 4376 P 31 370b3fb14
SCHED-TRACE 15101 4376 I 32 1e9a16
SCHED-TRACE 15102 4376 B 32 ae
SCHED-TRACE 15103 4376 P 32 3712c20c4
SCHED-TRACE 15104 4376 R 32 3712c20c4
SCHED-TRACE 15105 4377 U 4 1e9a8c
SCHED-TRACE 15106 4377 V 4 1e9ab1
SCHED-TRACE 15107 4377 O 0 0
SCHED-TRACE 15108 4377 P 32 3713ee979
SCHED-TRACE 15109 4378 K 31 370b3fb14
SCHED-TRACE 15110 4378 P 32 371524189
SCHED-TRACE 15111 4379 P 32 3715b8106
SCHED-TRACE 15112 4379 I 31 1e9f26
SCHED-TRACE 15113 4379 B 31 ab
SCHED-TRACE 15114 4379 P 31 37149d637
SCHED-TRACE 15115 4379 R 31 37149d637
SCHED-TRACE 15116 4380 U 4 1e9f9c
SCHED-TRACE 15117 4380 V 4 1e9fc0
SCHED-TRACE 15118 4380 O 0 0
SCHED-TRACE 15119 4380 P 31 3715c96ba
SCHED-TRACE 15120 4381 K 32 3715b8106
SCHED-TRACE 15121 4381 P 31 37170075e
SCHED-TRACE 15122 4382 P 31 371793ea9
SCHED-TRACE 15123 4382 I 32 1ea435
SCHED-TRACE 15124 4382 B 32 b0
SCHED-TRACE 15125 4382 P 32 371f13f7d
SCHED-TRACE 15126 4382 R 32 371f13f7d
SCHED-TRACE 15127 4383 U 4 1ea4ab
SCHED-TRACE 15128 4383 V 4 1ea4cf
SCHED-TRACE 15129 4383 O 0 0
SCHED-TRACE 15130 4383 P 32 37203ba5e
SCHED-TRACE 15131 4384 K 31 371793ea9
SCHED-TRACE 15132 4384 P 32 372170625
SCHED-TRACE 15133 4385 P 32 37220353f
SCHED-TRACE 15134 4385 I 31 1ea943
SCHED-TRACE 15135 4385 B 31 ae
SCHED-TRACE 15136 4385 P 31 3720f2616
SCHED-TRACE 15137 4385 R 31 3720f2616
SCHED-TRACE 15138 4386 U 4 1ea9b9
SCHED-TRACE 15139 4386 V 4 1ea9de
SCHED-TRACE 15140 4386 O 0 0
SCHED-TRACE 15141 4386 P 31 37221eab2
SCHED-TRACE 15142 4387 K 32 37220353f
SCHED-TRACE 15143 4387 P 31 372355f6e
SCHED-TRACE 15144 4388 P 31 3723e9ad2
SCHED-TRACE 15145 4388 I 32 1eae53
SCHED-TRACE 15146 4388 B 32 af
SCHED-TRACE 15147 4388 P 32 372b60000
SCHED-TRACE 15148 4388 R 32 372b60000
SCHED-TRACE 15149 4389 U 4 1eaec9
SCHED-TRACE 15150 4389 V 4 1eaeef
SCHED-TRACE 15151 4389 O 0 0
SCHED-TRACE 15152 4389 P 32 372c8d0e5
SCHED-TRACE 15153 4390 K 31 3723e9ad2
SCHED-TRACE 15154 4390 P 32 372dc45a2
SCHED-TRACE 15155 4391 P 32 372e5851e
SCHED-TRACE 15156 4391 I 31 1eb364
SCHED-TRACE 15157 4391 B 31 b0
SCHED-TRACE 15158 4391 P 31 372d4617a
SCHED-TRACE 15159 4391 R 31 372d4617a
SCHED-TRACE 15160 4392 U 4 1eb3db
SCHED-TRACE 15161 4392 V 4 1eb400
SCHED-TRACE 15162 4392 O 0 0
SCHED-TRACE 15163 4392 P 31 372e74af3
SCHED-TRACE 15164 4393 K 32 372e5851e
SCHED-TRACE 15165 4393 P 31 372faa71c
SCHED-TRACE 15166 4394 P 31 37303da4f
SCHED-TRACE 15167 4394 I 32 1eb876
SCHED-TRACE 15168 4394 B 32 ab
SCHED-TRACE 15169 4394 P 32 3737b78d5
SCHED-TRACE 15170 4394 R 32 3737b78d5
SCHED-TRACE 15171 4395 U 4 1eb8ec
SCHED-TRACE 15172 4395 V 4 1eb911
SCHED-TRACE 15173 4395 O 0 0
SCHED-TRACE 15174 4395 P 32 3738e3127
SCHED-TRACE 15175 4396 K 31 37303da4f
SCHED-TRACE 15176 4396 P 32 373a1a1ca
SCHED-TRACE 15177 4397 P 32 373aae147
SCHED-TRACE 15178 4397 I 31 1ebd86
SCHED-TRACE 15179 4397 B 31 b0
SCHED-TRACE 15180 4397 P 31 37399a928
SCHED-TRACE 15181 4397 R 31 37399a928
SCHED-TRACE 15182 4398 U 4 1ebdfc
SCHED-TRACE 15183 4398 V 4 1ebe21
SCHED-TRACE 15184 4398 O 0 0
SCHED-TRACE 15185 4398 P 31 373ac6dc4
SCHED-TRACE 15186 4399 K 32 373aae147
SCHED-TRACE 15187 4399 P 31 373bfe699
SCHED-TRACE 15188 4400 P 31 373c92616
SCHED-TRACE 15189 4400 I 32 1ec296
SCHED-TRACE 15190 4400 B 32 af
SCHED-TRACE 15191 4400 P 32 374409fbe
SCHED-TRACE 15192 4400 R 32 374409fbe
SCHED-TRACE 15193 4401 U 4 1ec30d
SCHED-TRACE 15194 4401 V 4 1ec332
SCHED-TRACE 15195 4401 O 0 0
SCHED-TRACE 15196 4401 P 32 374538d50
SCHED-TRACE 15197 4402 K 31 373c92616
SCHED-TRACE 15198 4402 P 32 374670a3d
SCHED-TRACE 15199 4403 P 32 374704dd3
SCHED-TRACE 15200 4403 I 31 1ec7a8
SCHED-TRACE 15201 4403 B 31 b0
SCHED-TRACE 15202 4403 P 31 3745ef0d6
SCHED-TRACE 15203 4403 R 31 3745ef0d6
SCHED-TRACE 15204 4404 U 4 1ec81f
SCHED-TRACE 15205 4404 V 4 1ec844
SCHED-TRACE 15206 4404 O 0 0
SCHED-TRACE 15207 4404 P 31 37471de68
SCHED-TRACE 15208 4405 K 32 374704dd3
SCHED-TRACE 15209 4405 P 31 374854f0c
SCHED-TRACE 15210 4406 P 31 3748e8a70
SCHED-TRACE 15211 4406 I 32 1eccba
SCHED-TRACE 15212 4406 B 32 b0
SCHED-TRACE 15213 4406 P 32 375062d0e
SCHED-TRACE 15214 4406 R 32 375062d0e
SCHED-TRACE 15215 4407 U 4 1ecd30
SCHED-TRACE 15216 4407 V 4 1ecd55
SCHED-TRACE 15217 4407 O 0 0
SCHED-TRACE 15218 4407 P 32 37518f1aa
SCHED-TRACE 15219 4408 K 31 3748e8a70
SCHED-TRACE 15220 4408 P 32 3752c51eb
SCHED-TRACE 15221 4409 P 32 375359581
SCHED-TRACE 15222 4409 I 31 1ed1ca
SCHED-TRACE 15223 4409 B 31 ac
SCHED-TRACE 15224 4409 P 31 375245118
SCHED-TRACE 15225 4409 R 31 375245118
SCHED-TRACE 15226 4410 U 4 1ed240
SCHED-TRACE 15227 4410 V 4 1ed266
SCHED-TRACE 15228 4410 O 0 0
SCHED-TRACE 15229 4410 P 31 375374f0c
SCHED-TRACE 15230 4411 K 32 375359581
SCHED-TRACE 15231 4411 P 31 3754ad012
SCHED-TRACE 15232 4412 P 31 375540f8f
SCHED-TRACE 15233 4412 I 32 1ed6dc
SCHED-TRACE 15234 4412 B 32 b0
SCHED-TRACE 15235 4412 P 32 375cb6c8b
SCHED-TRACE 15236 4412 R 32 375cb6c8b
SCHED-TRACE 15237 4413 U 4 1ed753
SCHED-TRACE 15238 4413 V 4 1ed778
SCHED-TRACE 15239 4413 O 0 0
SCHED-TRACE 15240 4413 P 32 375de5a1c
SCHED-TRACE 15241 4414 K 31 375540f8f
SCHED-TRACE 15242 4414 P 32 375f1d2f1
SCHED-TRACE 15243 4415 P 32 375fb1a9f
SCHED-TRACE 15244 4415 I 31 1edbee
SCHED-TRACE 15245 4415 B 31 af
SCHED-TRACE 15246 4415 P 31 375e9d637
SCHED-TRACE 15247 4415 R 31 375e9d637
SCHED-TRACE 15248 4416 U 4 1edc65
SCHED-TRACE 15249 4416 V 4 1edc8b
SCHED-TRACE 15250 4416 O 0 0
SCHED-TRACE 15251 4416 P 31 375fcd012
SCHED-TRACE 15252 4417 K 32 375fb1a9f
SCHED-TRACE 15253 4417 P 31 376103c9d
SCHED-TRACE 15254 4418 P 31 376197801
SCHED-TRACE 15255 4418 I 32 1ee100
SCHED-TRACE 15256 4418 B 32 b0
SCHED-TRACE 15257 4418 P 32 37690f1aa
SCHED-TRACE 15258 4418 R 32 37690f1aa
SCHED-TRACE 15259 4419 U 4 1ee176
SCHED-TRACE 15260 4419 V 4 1ee19c
SCHED-TRACE 15261 4419 O 0 0
SCHED-TRACE 15262 4419 P 32 376a3d70a
SCHED-TRACE 15263 4420 K 31 376197801
SCHED-TRACE 15264 4420 P 32 376b747ae
SCHED-TRACE 15265 4421 P 32 376c09374
SCHED-TRACE 15266 4421 I 31 1ee611
SCHED-TRACE 15267 4421 B 31 af
SCHED-TRACE 15268 4421 P 31 376af21fd
SCHED-TRACE 15269 4421 R 31 376af21fd
SCHED-TRACE 15270 4422 U 4 1ee687
SCHED-TRACE 15271 4422 V 4 1ee6ac
SCHED-TRACE 15272 4422 O 0 0
SCHED-TRACE 15273 4422 P 31 376c20b76
SCHED-TRACE 15274 4423 K 32 376c09374
SCHED-TRACE 15275 4423 P 31 376d56fd0
SCHED-TRACE 15276 4424 P 31 376deaf4d
SCHED-TRACE 15277 4424 I 32 1eeb22
SCHED-TRACE 15278 4424 B 32 aa
SCHED-TRACE 15279 4424 P 32 377566a7f
SCHED-TRACE 15280 4424 R 32 377566a7f
SCHED-TRACE 15281 4425 U 4 1eeb98
SCHED-TRACE 15282 4425 V 4 1eebbd
SCHED-TRACE 15283 4425 O 0 0
SCHED-TRACE 15284 4425 P 32 377694bc6
SCHED-TRACE 15285 4426 K 31 376deaf4d
SCHED-TRACE 15286 4426 P 32 3777cd0e5
SCHED-TRACE 15287 4427 P 32 377861062
SCHED-TRACE 15288 4427 I 31 1ef033
SCHED-TRACE 15289 4427 B 31 b1
SCHED-TRACE 15290 4427 P 31 377746dc4
SCHED-TRACE 15291 4427 R 31 377746dc4
SCHED-TRACE 15292 4428 U 4 1ef0aa
SCHED-TRACE 15293 4428 V 4 1ef0d0
SCHED-TRACE 15294 4428 O 0 0
SCHED-TRACE 15295 4428 P 31 37787573d
SCHED-TRACE 15296 4429 K 32 377861062
SCHED-TRACE 15297 4429 P 31 3779acbf9
SCHED-TRACE 15298 4430 P 31 377a40b76
SCHED-TRACE 15299 4430 I 32 1ef545
SCHED-TRACE 15300 4430 B 32 b0
SCHED-TRACE 15301 4430 P 32 3781bd2f1
SCHED-TRACE 15302 4430 R 32 3781bd2f1
SCHED-TRACE 15303 4431 U 4 1ef5bb
SCHED-TRACE 15304 4431 V 4 1ef5e0
SCHED-TRACE 15305 4431 O 0 0
SCHED-TRACE 15306 4431 P 32 3782e8b43
SCHED-TRACE 15307 4432 K 31 377a40b76
SCHED-TRACE 15308 4432 P 32 37842147b
SCHED-TRACE 15309 4433 P 32 3784b5810
SCHED-TRACE 15310 4433 I 31 1efa55
SCHED-TRACE 15311 4433 B 31 b1
SCHED-TRACE 15312 4433 P 31 37839c9ed
SCHED-TRACE 15313 4433 R 31 37839c9ed
SCHED-TRACE 15314 4434 U 4 1efacc
SCHED-TRACE 15315 4434 V 4 1efaf2
SCHED-TRACE 15316 4434 O 0 0
SCHED-TRACE 15317 4434 P 31 3784ccbf9
SCHED-TRACE 15318 4435 K 32 3784b5810
SCHED-TRACE 15319 4435 P 31 3786048e7
SCHED-TRACE 15320 4436 P 31 378698c7c
SCHED-TRACE 15321 4436 I 32 1eff68
SCHED-TRACE 15322 4436 B 32 af
SCHED-TRACE 15323 4436 P 32 378e11a9f
SCHED-TRACE 15324 4436 R 32 378e11a9f
SCHED-TRACE 15325 4437 U 4 1effdf
SCHED-TRACE 15326 4437 V 4 1f0005
SCHED-TRACE 15327 4437 O 0 0
SCHED-TRACE 15328 4437 P 32 378f41062
SCHED-TRACE 15329 4438 K 31 378698c7c
SCHED-TRACE 15330 4438 P 32 379079999
SCHED-TRACE 15331 4439 P 32 37910dd2f
SCHED-TRACE 15332 4439 I 31 1f047a
SCHED-TRACE 15333 4439 B 31 b2
SCHED-TRACE 15334 4439 P 31 378ff3ea9
SCHED-TRACE 15335 4439 R 31 378ff3ea9
SCHED-TRACE 15336 4440 U 4 1f04f0
SCHED-TRACE 15337 4440 V 4 1f0514
SCHED-TRACE 15338 4440 O 0 0
SCHED-TRACE 15339 4440 P 31 37911bda3
SCHED-TRACE 15340 4441 K 32 37910dd2f
SCHED-TRACE 15341 4441 P 31 37925119b
SCHED-TRACE 15342 4442 P 31 3792e3c9d
SCHED-TRACE 15343 4442 I 32 1f0988
SCHED-TRACE 15344 4442 B 32 b1
SCHED-TRACE 15345 4442 P 32 379a6c49b
SCHED-TRACE 15346 4442 R 32 379a6c49b
SCHED-TRACE 15347 4443 U 4 1f09fe
SCHED-TRACE 15348 4443 V 4 1f0a24
SCHED-TRACE 15349 4443 O 0 0
SCHED-TRACE 15350 4443 P 32 379b9a5e3
SCHED-TRACE 15351 4444 K 31 3792e3c9d
SCHED-TRACE 15352 4444 P 32 379cd2b02
SCHED-TRACE 15353 4445 P 32 379d672b0
SCHED-TRACE 15354 4445 I 31 1f0e9a
SCHED-TRACE 15355 4445 B 31 b1
SCHED-TRACE 15356 4445 P 31 379c40345
SCHED-TRACE 15357 4445 R 31 379c40345
SCHED-TRACE 15358 4446 U 4 1f0f11
SCHED-TRACE 15359 4446 V 4 1f0f37
SCHED-TRACE 15360 4446 O 0 0
SCHED-TRACE 15361 4446 P 31 379d70139
SCHED-TRACE 15362 4447 K 32 379d672b0
SCHED-TRACE 15363 4447 P 31 379ea8658
SCHED-TRACE 15364 4448 P 31 379f3c5d4
SCHED-TRACE 15365 4448 I 32 1f13ad
SCHED-TRACE 15366 4448 B 32 b1
SCHED-TRACE 15367 4448 P 32 37a6c4189
SCHED-TRACE 15368 4448 R 32 37a6c4189
SCHED-TRACE 15369 4449 U 4 1f1424
SCHED-TRACE 15370 4449 V 4 1f144a
SCHED-TRACE 15371 4449 O 0 0
SCHED-TRACE 15372 4449 P 32 37a7f4fdf
SCHED-TRACE 15373 4450 K 31 379f3c5d4
SCHED-TRACE 15374 4450 P 32 37a92b852
SCHED-TRACE 15375 4451 P 32 37a9bf3b6
SCHED-TRACE 15376 4451 I 31 1f18c0
SCHED-TRACE 15377 4451 B 31 b0
SCHED-TRACE 15378 4451 P 31 37a8998c6
SCHED-TRACE 15379 4451 R 31 37a8998c6
SCHED-TRACE 15380 4452 U 4 1f1937
SCHED-TRACE 15381 4452 V 4 1f195c
SCHED-TRACE 15382 4452 O 0 0
SCHED-TRACE 15383 4452 P 31 37a9c8658
SCHED-TRACE 15384 4453 K 32 37a9bf3b6
SCHED-TRACE 15385 4453 P 31 37ab0075e
SCHED-TRACE 15386 4454 P 31 37ab94f0c
SCHED-TRACE 15387 4454 I 32 1f1dd2
SCHED-TRACE 15388 4454 B 32 b2
SCHED-TRACE 15389 4454 P 32 37b31be77
SCHED-TRACE 15390 4454 R 32 37b31be77
SCHED-TRACE 15391 4455 U 4 1f1e49
SCHED-TRACE 15392 4455 V 4 1f1e6f
SCHED-TRACE 15393 4455 O 0 0
SCHED-TRACE 15394 4455 P 32 37b44d4fe
SCHED-TRACE 15395 4456 K 31 37ab94f0c
SCHED-TRACE 15396 4456 P 32 37b585a1c
SCHED-TRACE 15397 4457 P 32 37b61a1ca
SCHED-TRACE 15398 4457 I 31 1f22e5
SCHED-TRACE 15399 4457 B 31 b0
SCHED-TRACE 15400 4457 P 31 37b4f096a
SCHED-TRACE 15401 4457 R 31 37b4f096a
SCHED-TRACE 15402 4458 U 4 1f235c
SCHED-TRACE 15403 4458 V 4 1f2382
SCHED-TRACE 15404 4458 O 0 0
SCHED-TRACE 15405 4458 P 31 37b6217c0
SCHED-TRACE 15406 4459 K 32 37b61a1ca
SCHED-TRACE 15407 4459 P 31 37b759cdf
SCHED-TRACE 15408 4460 P 31 37b7ee8a5
SCHED-TRACE 15409 4460 I 32 1f27f8
SCHED-TRACE 15410 4460 B 32 b0
SCHED-TRACE 15411 4460 P 32 37bf747ae
SCHED-TRACE 15412 4460 R 32 37bf747ae
SCHED-TRACE 15413 4461 U 4 1f286f
SCHED-TRACE 15414 4461 V 4 1f2895
SCHED-TRACE 15415 4461 O 0 0
SCHED-TRACE 15416 4461 P 32 37c0a45a2
SCHED-TRACE 15417 4462 K 31 37b7ee8a5
SCHED-TRACE 15418 4462 P 32 37c1dc6a8
SCHED-TRACE 15419 4463 P 32 37c270a3d
SCHED-TRACE 15420 4463 I 31 1f2d0b
SCHED-TRACE 15421 4463 B 31 b1
SCHED-TRACE 15422 4463 P 31 37c14b77e
SCHED-TRACE 15423 4463 R 31 37c14b77e
SCHED-TRACE 15424 4464 U 4 1f2d82
SCHED-TRACE 15425 4464 V 4 1f2da7
SCHED-TRACE 15426 4464 O 0 0
SCHED-TRACE 15427 4464 P 31 37c27a0f7
SCHED-TRACE 15428 4465 K 32 37c270a3d
SCHED-TRACE 15429 4465 P 31 37c3b1de5
SCHED-TRACE 15430 4466 P 31 37c44617a
SCHED-TRACE 15431 4466 I 32 1f321c
SCHED-TRACE 15432 4466 B 32 b0
SCHED-TRACE 15433 4466 P 32 37cbcbc6a
SCHED-TRACE 15434 4466 R 32 37cbcbc6a
SCHED-TRACE 15435 4467 U 4 1f3293
SCHED-TRACE 15436 4467 V 4 1f32b9
SCHED-TRACE 15437 4467 O 0 0
SCHED-TRACE 15438 4467 P 32 37ccfc6a8
SCHED-TRACE 15439 4468 K 31 37c44617a
SCHED-TRACE 15440 4468 P 32 37ce35810
SCHED-TRACE 15441 4469 P 32 37cec9fbe
SCHED-TRACE 15442 4469 I 31 1f372f
SCHED-TRACE 15443 4469 B 31 b2
SCHED-TRACE 15444 4469 P 31 37cda1bd9
SCHED-TRACE 15445 4469 R 31 37cda1bd9
SCHED-TRACE 15446 4470 U 4 1f37a6
SCHED-TRACE 15447 4470 V 4 1f37cd
SCHED-TRACE 15448 4470 O 0 0
SCHED-TRACE 15449 4470 P 31 37ced2e47
SCHED-TRACE 15450 4471 K 32 37cec9fbe
SCHED-TRACE 15451 4471 P 31 37d00b77e
SCHED-TRACE 15452 4472 P 31 37d09f6fb
SCHED-TRACE 15453 4472 I 32 1f3c42
SCHED-TRACE 15454 4472 B 32 b1
SCHED-TRACE 15455 4472 P 32 37d825604
SCHED-TRACE 15456 4472 R 32 37d825604
SCHED-TRACE 15457 4473 U 4 1f3cb9
SCHED-TRACE 15458 4473 V 4 1f3cdf
SCHED-TRACE 15459 4473 O 0 0
SCHED-TRACE 15460 4473 P 32 37d95374c
SCHED-TRACE 15461 4474 K 31 37d09f6fb
SCHED-TRACE 15462 4474 P 32 37da8b439
SCHED-TRACE 15463 4475 P 32 37db1f3b6
SCHED-TRACE 15464 4475 I 31 1f4154
SCHED-TRACE 15465 4475 B 31 b1
SCHED-TRACE 15466 4475 P 31 37d9fb15a
SCHED-TRACE 15467 4475 R 31 37d9fb15a
SCHED-TRACE 15468 4476 U 4 1f41cb
SCHED-TRACE 15469 4476 V 4 1f41f1
SCHED-TRACE 15470 4476 O 0 0
SCHED-TRACE 15471 4476 P 31 37db2b366
SCHED-TRACE 15472 4477 K 32 37db1f3b6
SCHED-TRACE 15473 4477 P 31 37dc648e7
SCHED-TRACE 15474 4478 P 31 37dcf9095
SCHED-TRACE 15475 4478 I 32 1f4667
SCHED-TRACE 15476 4478 B 32 b1
SCHED-TRACE 15477 4478 P 32 37e47a9fc
SCHED-TRACE 15478 4478 R 32 37e47a9fc
SCHED-TRACE 15479 4479 U 4 1f46de
SCHED-TRACE 15480 4479 V 4 1f4704
SCHED-TRACE 15481 4479 O 0 0
SCHED-TRACE 15482 4479 P 32 37e5aa7ef
SCHED-TRACE 15483 4480 K 31 37dcf9095
SCHED-TRACE 15484 4480 P 32 37e6e28f6
SCHED-TRACE 15485 4481 P 32 37e7770a4
SCHED-TRACE 15486 4481 I 31 1f4b7a
SCHED-TRACE 15487 4481 B 31 b0
SCHED-TRACE 15488 4481 P 31 37e654af3
SCHED-TRACE 15489 4481 R 31 37e654af3
SCHED-TRACE 15490 4482 U 4 1f4bf1
SCHED-TRACE 15491 4482 V 4 1f4c17
SCHED-TRACE 15492 4482 O 0 0
SCHED-TRACE 15493 4482 P 31 37e785531
SCHED-TRACE 15494 4483 K 32 37e7770a4
SCHED-TRACE 15495 4483 P 31 37e8bde68
SCHED-TRACE 15496 4484 P 31 37e951de5
SCHED-TRACE 15497 4484 I 32 1f508d
SCHED-TRACE 15498 4484 B 32 b2
SCHED-TRACE 15499 4484 P 32 37f0d3333
SCHED-TRACE 15500 4484 R 32 37f0d3333
SCHED-TRACE 15501 4485 U 4 1f5104
SCHED-TRACE 15502 4485 V 4 1f512a
SCHED-TRACE 15503 4485 O 0 0
SCHED-TRACE 15504 4485 P 32 37f202d0e
SCHED-TRACE 15505 4486 K 31 37e951de5
SCHED-TRACE 15506 4486 P 32 37f33ae14
SCHED-TRACE 15507 4487 P 32 37f3cf1aa
SCHED-TRACE 15508 4487 I 31 1f559f
SCHED-TRACE 15509 4487 B 31 b1
SCHED-TRACE 15510 4487 P 31 37f2ac7e1
SCHED-TRACE 15511 4487 R 31 37f2ac7e1
SCHED-TRACE 15512 4488 U 4 1f5615
SCHED-TRACE 15513 4488 V 4 1f563b
SCHED-TRACE 15514 4488 O 0 0
SCHED-TRACE 15515 4488 P 31 37f3db572
SCHED-TRACE 15516 4489 K 32 37f3cf1aa
SCHED-TRACE 15517 4489 P 31 37f513ea9
SCHED-TRACE 15518 4490 P 31 37f5a823f
SCHED-TRACE 15519 4490 I 32 1f5ab1
SCHED-TRACE 15520 4490 B 32 b2
SCHED-TRACE 15521 4490 P 32 37fd2bc6a
SCHED-TRACE 15522 4490 R 32 37fd2bc6a
SCHED-TRACE 15523 4491 U 4 1f5b28
SCHED-TRACE 15524 4491 V 4 1f5b4f
SCHED-TRACE 15525 4491 O 0 0
SCHED-TRACE 15526 4491 P 32 37fe5c6a8
SCHED-TRACE 15527 4492 K 31 37f5a823f
SCHED-TRACE 15528 4492 P 32 37ff94bc6
SCHED-TRACE 15529 4493 P 32 380029374
SCHED-TRACE 15530 4493 I 31 1f5fc4
SCHED-TRACE 15531 4493 B 31 af
SCHED-TRACE 15532 4493 P 31 37ff02822
SCHED-TRACE 15533 4493 R 31 37ff02822
SCHED-TRACE 15534 4494 U 4 1f603b
SCHED-TRACE 15535 4494 V 4 1f6062
SCHED-TRACE 15536 4494 O 0 0
SCHED-TRACE 15537 4494 P 31 380034f0c
SCHED-TRACE 15538 4495 K 32 380029374
SCHED-TRACE 15539 4495 P 31 38016d012
SCHED-TRACE 15540 4496 P 31 3802013a7
SCHED-TRACE 15541 4496 I 32 1f64d8
SCHED-TRACE 15542 4496 B 32 b0
SCHED-TRACE 15543 4496 P 32 380985e35
SCHED-TRACE 15544 4496 R 32 380985e35
SCHED-TRACE 15545 4497 U 4 1f654e
SCHED-TRACE 15546 4497 V 4 1f6573
SCHED-TRACE 15547 4497 O 0 0
SCHED-TRACE 15548 4497 P 32 380ab1687
SCHED-TRACE 15549 4498 K 31 3802013a7
SCHED-TRACE 15550 4498 P 32 380be8b43
SCHED-TRACE 15551 4499 P 32 380c7d2f1
SCHED-TRACE 15552 4499 I 31 1f69e8
SCHED-TRACE 15553 4499 B 31 b2
SCHED-TRACE 15554 4499 P 31 380b5e699
SCHED-TRACE 15555 4499 R 31 380b5e699
SCHED-TRACE 15556 4500 U 4 1f6a5f
SCHED-TRACE 15557 4500 V 4 1f6a86
SCHED-TRACE 15558 4500 O 0 0
SCHED-TRACE 15559 4500 P 31 380c9096a
SCHED-TRACE 15560 4501 K 32 380c7d2f1
SCHED-TRACE 15561 4501 P 31 380dc92a1
SCHED-TRACE 15562 4502 P 31 380e5d637
SCHED-TRACE 15563 4502 I 32 1f6efc
SCHED-TRACE 15564 4502 B 32 b0
SCHED-TRACE 15565 4502 P 32 3815d9581
SCHED-TRACE 15566 4502 R 32 3815d9581
SCHED-TRACE 15567 4503 U 4 1f6f73
SCHED-TRACE 15568 4503 V 4 1f6f99
SCHED-TRACE 15569 4503 O 0 0
SCHED-TRACE 15570 4503 P 32 38170a3d7
SCHED-TRACE 15571 4504 K 31 380e5d637
SCHED-TRACE 15572 4504 P 32 38184353f
SCHED-TRACE 15573 4505 P 32 3818d8106
SCHED-TRACE 15574 4505 I 31 1f740f
SCHED-TRACE 15575 4505 B 31 b1
SCHED-TRACE 15576 4505 P 31 3817b73e9
SCHED-TRACE 15577 4505 R 31 3817b73e9
SCHED-TRACE 15578 4506 U 4 1f7486
SCHED-TRACE 15579 4506 V 4 1f74ac
SCHED-TRACE 15580 4506 O 0 0
SCHED-TRACE 15581 4506 P 31 3818e5949
SCHED-TRACE 15582 4507 K 32 3818d8106
SCHED-TRACE 15583 4507 P 31 381a1c9ed
SCHED-TRACE 15584 4508 P 31 381ab0551
SCHED-TRACE 15585 4508 I 32 1f7921
SCHED-TRACE 15586 4508 B 32 b0
SCHED-TRACE 15587 4508 P 32 3822353f8
SCHED-TRACE 15588 4508 R 32 3822353f8
SCHED-TRACE 15589 4509 U 4 1f7998
SCHED-TRACE 15590 4509 V 4 1f79be
SCHED-TRACE 15591 4509 O 0 0
SCHED-TRACE 15592 4509 P 32 3823649ba
SCHED-TRACE 15593 4510 K 31 381ab0551
SCHED-TRACE 15594 4510 P 32 38249d2f1
SCHED-TRACE 15595 4511 P 32 382531eb8
SCHED-TRACE 15596 4511 I 31 1f7e33
SCHED-TRACE 15597 4511 B 31 b1
SCHED-TRACE 15598 4511 P 31 38240a71c
SCHED-TRACE 15599 4511 R 31 38240a71c
SCHED-TRACE 15600 4512 U 4 1f7eab
SCHED-TRACE 15601 4512 V 4 1f7ed1
SCHED-TRACE 15602 4512 O 0 0
SCHED-TRACE 15603 4512 P 31 38253bda3
SCHED-TRACE 15604 4513 K 32 382531eb8
SCHED-TRACE 15605 4513 P 31 382675324
SCHED-TRACE 15606 4514 P 31 382709ad2
SCHED-TRACE 15607 4514 I 32 1f8347
SCHED-TRACE 15608 4514 B 32 b3
SCHED-TRACE 15609 4514 P 32 382e8d916
SCHED-TRACE 15610 4514 R 32 382e8d916
SCHED-TRACE 15611 4515 U 4 1f83bf
SCHED-TRACE 15612 4515 V 4 1f83e5
SCHED-TRACE 15613 4515 O 0 0
SCHED-TRACE 15614 4515 P 32 382fbfbe7
SCHED-TRACE 15615 4516 K 31 382709ad2
SCHED-TRACE 15616 4516 P 32 3830f9999
SCHED-TRACE 15617 4517 P 32 38318c49b
SCHED-TRACE 15618 4517 I 31 1f885c
SCHED-TRACE 15619 4517 B 31 b0
SCHED-TRACE 15620 4517 P 31 383066dc4
SCHED-TRACE 15621 4517 R 31 383066dc4
SCHED-TRACE 15622 4518 U 4 1f88d4
SCHED-TRACE 15623 4518 V 4 1f88f9
SCHED-TRACE 15624 4518 O 0 0
SCHED-TRACE 15625 4518 P 31 383196fd0
SCHED-TRACE 15626 4519 K 32 38318c49b
SCHED-TRACE 15627 4519 P 31 3832cf4ef
SCHED-TRACE 15628 4520 P 31 383363885
SCHED-TRACE 15629 4520 I 32 1f8d6f
SCHED-TRACE 15630 4520 B 32 b2
SCHED-TRACE 15631 4520 P 32 383ae872b
SCHED-TRACE 15632 4520 R 32 383ae872b
SCHED-TRACE 15633 4521 U 4 1f8de6
SCHED-TRACE 15634 4521 V 4 1f8e0b
SCHED-TRACE 15635 4521 O 0 0
SCHED-TRACE 15636 4521 P 32 383c174bc
SCHED-TRACE 15637 4522 K 31 383363885
SCHED-TRACE 15638 4522 P 32 383d4fdf3
SCHED-TRACE 15639 4523 P 32 383de45a2
SCHED-TRACE 15640 4523 I 31 1f9281
SCHED-TRACE 15641 4523 B 31 af
SCHED-TRACE 15642 4523 P 31 383cbde68
SCHED-TRACE 15643 4523 R 31 383cbde68
SCHED-TRACE 15644 4524 U 4 1f92f8
SCHED-TRACE 15645 4524 V 4 1f931f
SCHED-TRACE 15646 4524 O 0 0
SCHED-TRACE 15647 4524 P 31 383def4ef
SCHED-TRACE 15648 4525 K 32 383de45a2
SCHED-TRACE 15649 4525 P 31 383f28658
SCHED-TRACE 15650 4526 P 31 383fbce06
SCHED-TRACE 15651 4526 I 32 1f9795
SCHED-TRACE 15652 4526 B 32 b2
SCHED-TRACE 15653 4526 P 32 384740c49
SCHED-TRACE 15654 4526 R 32 384740c49
SCHED-TRACE 15655 4527 U 4 1f980c
SCHED-TRACE 15656 4527 V 4 1f9833
SCHED-TRACE 15657 4527 O 0 0
SCHED-TRACE 15658 4527 P 32 3848722d1
SCHED-TRACE 15659 4528 K 31 383fbce06
SCHED-TRACE 15660 4528 P 32 3849ab021
SCHED-TRACE 15661 4529 P 32 384a3f3b6
SCHED-TRACE 15662 4529 I 31 1f9ca9
SCHED-TRACE 15663 4529 B 31 b3
SCHED-TRACE 15664 4529 P 31 384918c7c
SCHED-TRACE 15665 4529 R 31 384918c7c
SCHED-TRACE 15666 4530 U 4 1f9d20
SCHED-TRACE 15667 4530 V 4 1f9d46
SCHED-TRACE 15668 4530 O 0 0
SCHED-TRACE 15669 4530 P 31 384a48e89
SCHED-TRACE 15670 4531 K 32 384a3f3b6
SCHED-TRACE 15671 4531 P 31 384b80f8f
SCHED-TRACE 15672 4532 P 31 384c14f0c
SCHED-TRACE 15673 4532 I 32 1fa1bb
SCHED-TRACE 15674 4532 B 32 b1
SCHED-TRACE 15675 4532 P 32 38539a1ca
SCHED-TRACE 15676 4532 R 32 38539a1ca
SCHED-TRACE 15677 4533 U 4 1fa232
SCHED-TRACE 15678 4533 V 4 1fa259
SCHED-TRACE 15679 4533 O 0 0
SCHED-TRACE 15680 4533 P 32 3854ccccd
SCHED-TRACE 15681 4534 K 31 384c14f0c
SCHED-TRACE 15682 4534 P 32 385606666
SCHED-TRACE 15683 4535 P 32 38569b22d
SCHED-TRACE 15684 4535 I 31 1fa6cf
SCHED-TRACE 15685 4535 B 31 b2
SCHED-TRACE 15686 4535 P 31 38556ecbe
SCHED-TRACE 15687 4535 R 31 38556ecbe
SCHED-TRACE 15688 4536 U 4 1fa747
SCHED-TRACE 15689 4536 V 4 1fa76d
SCHED-TRACE 15690 4536 O 0 0
SCHED-TRACE 15691 4536 P 31 3856a0345
SCHED-TRACE 15692 4537 K 32 38569b22d
SCHED-TRACE 15693 4537 P 31 3857d8864
SCHED-TRACE 15694 4538 P 31 38586d42a
SCHED-TRACE 15695 4538 I 32 1fabe3
SCHED-TRACE 15696 4538 B 32 b0
SCHED-TRACE 15697 4538 P 32 385ff70a4
SCHED-TRACE 15698 4538 R 32 385ff70a4
SCHED-TRACE 15699 4539 U 4 1fac5a
SCHED-TRACE 15700 4539 V 4 1fac81
SCHED-TRACE 15701 4539 O 0 0
SCHED-TRACE 15702 4539 P 32 386128f5c
SCHED-TRACE 15703 4540 K 31 38586d42a
SCHED-TRACE 15704 4540 P 32 38626147b
SCHED-TRACE 15705 4541 P 32 3862f5810
SCHED-TRACE 15706 4541 I 31 1fb0f7
SCHED-TRACE 15707 4541 B 31 b3
SCHED-TRACE 15708 4541 P 31 3861cab35
SCHED-TRACE 15709 4541 R 31 3861cab35
SCHED-TRACE 15710 4542 U 4 1fb16f
SCHED-TRACE 15711 4542 V 4 1fb195
SCHED-TRACE 15712 4542 O 0 0
SCHED-TRACE 15713 4542 P 31 3862fc1bc
SCHED-TRACE 15714 4543 K 32 3862f5810
SCHED-TRACE 15715 4543 P 31 386434f0c
SCHED-TRACE 15716 4544 P 31 3864c9ad2
SCHED-TRACE 15717 4544 I 32 1fb60b
SCHED-TRACE 15718 4544 B 32 b2
SCHED-TRACE 15719 4544 P 32 386c51eb8
SCHED-TRACE 15720 4544 R 32 386c51eb8
SCHED-TRACE 15721 4545 U 4 1fb682
SCHED-TRACE 15722 4545 V 4 1fb6a8
SCHED-TRACE 15723 4545 O 0 0
SCHED-TRACE 15724 4545 P 32 386d83d70
SCHED-TRACE 15725 4546 K 31 3864c9ad2
SCHED-TRACE 15726 4546 P 32 386ebced9
SCHED-TRACE 15727 4547 P 32 386f51a9f
SCHED-TRACE 15728 4547 I 31 1fbb1e
SCHED-TRACE 15729 4547 B 31 b1
SCHED-TRACE 15730 4547 P 31 386e23885
SCHED-TRACE 15731 4547 R 31 386e23885
SCHED-TRACE 15732 4548 U 4 1fbb96
SCHED-TRACE 15733 4548 V 4 1fbbbc
SCHED-TRACE 15734 4548 O 0 0
SCHED-TRACE 15735 4548 P 31 386f55f6e
SCHED-TRACE 15736 4549 K 32 386f51a9f
SCHED-TRACE 15737 4549 P 31 38708f908
SCHED-TRACE 15738 4550 P 31 387123c9d
SCHED-TRACE 15739 4550 I 32 1fc032
SCHED-TRACE 15740 4550 B 32 b2
SCHED-TRACE 15741 4550 P 32 3878ac49b
SCHED-TRACE 15742 4550 R 32 3878ac49b
SCHED-TRACE 15743 4551 U 4 1fc0aa
SCHED-TRACE 15744 4551 V 4 1fc0d0
SCHED-TRACE 15745 4551 O 0 0
SCHED-TRACE 15746 4551 P 32 3879dd70a
SCHED-TRACE 15747 4552 K 31 387123c9d
SCHED-TRACE 15748 4552 P 32 387b15c29
SCHED-TRACE 15749 4553 P 32 387baa7ef
SCHED-TRACE 15750 4553 I 31 1fc546
SCHED-TRACE 15751 4553 B 31 af
SCHED-TRACE 15752 4553 P 31 387a7e280
SCHED-TRACE 15753 4553 R 31 387a7e280
SCHED-TRACE 15754 4554 U 4 1fc5bc
SCHED-TRACE 15755 4554 V 4 1fc5e1
SCHED-TRACE 15756 4554 O 0 0
SCHED-TRACE 15757 4554 P 31 387ba9eeb
SCHED-TRACE 15758 4555 K 31 387ba9eeb
SCHED-TRACE 15759 4555 P 31 387ce346c
SCHED-TRACE 15760 4556 I 31 1fca56
SCHED-TRACE 15761 4556 B 31 b2
SCHED-TRACE 15762 4556 P 31 3886d3678
SCHED-TRACE 15763 4556 R 31 3886d3678
SCHED-TRACE 15764 4557 U 4 1fcace
SCHED-TRACE 15765 4557 V 4 1fcaf4
SCHED-TRACE 15766 4557 O 0 0
SCHED-TRACE 15767 4557 P 31 388805118
SCHED-TRACE 15768 4558 K 32 387baa7ef
SCHED-TRACE 15769 4558 P 31 38893e280
SCHED-TRACE 15770 4559 P 31 3889d2a2f
SCHED-TRACE 15771 4559 I 32 1fcf6a
SCHED-TRACE 15772 4559 B 32 b1
SCHED-TRACE 15773 4559 P 32 3885049ba
SCHED-TRACE 15774 4559 R 32 3885049ba
SCHED-TRACE 15775 4560 U 4 1fcfe1
SCHED-TRACE 15776 4560 V 4 1fd008
SCHED-TRACE 15777 4560 O 0 0
SCHED-TRACE 15778 4560 P 32 388636041
SCHED-TRACE 15779 4561 K 32 388636041
SCHED-TRACE 15780 4561 P 32 38876f5c2
SCHED-TRACE 15781 4562 I 32 1fd47e
SCHED-TRACE 15782 4562 B 32 b2
SCHED-TRACE 15783 4562 P 32 38915f3b6
SCHED-TRACE 15784 4562 R 32 38915f3b6
SCHED-TRACE 15785 4563 U 4 1fd4f5
SCHED-TRACE 15786 4563 V 4 1fd51a
SCHED-TRACE 15787 4563 O 0 0
SCHED-TRACE 15788 4563 P 32 38928d4fe
SCHED-TRACE 15789 4564 K 31 3889d2a2f
SCHED-TRACE 15790 4564 P 32 3893c5604
SCHED-TRACE 15791 4565 P 32 389459581
SCHED-TRACE 15792 4565 I 31 1fd990
SCHED-TRACE 15793 4565 B 31 b2
SCHED-TRACE 15794 4565 P 31 38932f4ef
SCHED-TRACE 15795 4565 R 31 38932f4ef
SCHED-TRACE 15796 4566 U 4 1fda07
SCHED-TRACE 15797 4566 V 4 1fda2e
SCHED-TRACE 15798 4566 O 0 0
SCHED-TRACE 15799 4566 P 31 3894613a7
SCHED-TRACE 15800 4567 K 32 389459581
SCHED-TRACE 15801 4567 P 31 38959a0f7
SCHED-TRACE 15802 4568 P 31 38962e8a5
SCHED-TRACE 15803 4568 I 32 1fdea4
SCHED-TRACE 15804 4568 B 32 b0
SCHED-TRACE 15805 4568 P 32 389db47ae
SCHED-TRACE 15806 4568 R 32 389db47ae
SCHED-TRACE 15807 4569 U 4 1fdf1b
SCHED-TRACE 15808 4569 V 4 1fdf42
SCHED-TRACE 15809 4569 O 0 0
SCHED-TRACE 15810 4569 P 32 389ee5e35
SCHED-TRACE 15811 4570 K 31 38962e8a5
SCHED-TRACE 15812 4570 P 32 38a01f7cf
SCHED-TRACE 15813 4571 P 32 38a0b4395
SCHED-TRACE 15814 4571 I 31 1fe3b8
SCHED-TRACE 15815 4571 B 31 b2
SCHED-TRACE 15816 4571 P 31 389f896ba
SCHED-TRACE 15817 4571 R 31 389f896ba
SCHED-TRACE 15818 4572 U 4 1fe430
SCHED-TRACE 15819 4572 V 4 1fe457
SCHED-TRACE 15820 4572 O 0 0
SCHED-TRACE 15821 4572 P 31 38a0bde68
SCHED-TRACE 15822 4573 K 32 38a0b4395
SCHED-TRACE 15823 4573 P 31 38a1f5324
SCHED-TRACE 15824 4574 P 31 38a288e89
SCHED-TRACE 15825 4574 I 32 1fe8cd
SCHED-TRACE 15826 4574 B 32 b2
SCHED-TRACE 15827 4574 P 32 38aa10a3d
SCHED-TRACE 15828 4574 R 32 38aa10a3d
SCHED-TRACE 15829 4575 U 4 1fe944
SCHED-TRACE 15830 4575 V 4 1fe96b
SCHED-TRACE 15831 4575 O 0 0
SCHED-TRACE 15832 4575 P 32 38ab4147b
SCHED-TRACE 15833 4576 K 31 38a288e89
SCHED-TRACE 15834 4576 P 32 38ac7a1ca
SCHED-TRACE 15835 4577 P 32 38ad0f1aa
SCHED-TRACE 15836 4577 I 31 1fede0
SCHED-TRACE 15837 4577 B 31 b2
SCHED-TRACE 15838 4577 P 31 38abe2c3b
SCHED-TRACE 15839 4577 R 31 38abe2c3b
SCHED-TRACE 15840 4578 U 4 1fee57
SCHED-TRACE 15841 4578 V 4 1fee7e
SCHED-TRACE 15842 4578 O 0 0
SCHED-TRACE 15843 4578 P 31 38ad15f6e
SCHED-TRACE 15844 4579 K 32 38ad0f1aa
SCHED-TRACE 15845 4579 P 31 38ae4ecbe
SCHED-TRACE 15846 4580 P 31 38aee3885
SCHED-TRACE 15847 4580 I 32 1ff2f4
SCHED-TRACE 15848 4580 B 32 b0
SCHED-TRACE 15849 4580 P 32 38b669374
SCHED-TRACE 15850 4580 R 32 38b669374
SCHED-TRACE 15851 4581 U 4 1ff36c
SCHED-TRACE 15852 4581 V 4 1ff392
SCHED-TRACE 15853 4581 O 0 0
SCHED-TRACE 15854 4581 P 32 38b79be77
SCHED-TRACE 15855 4582 K 31 38aee3885
SCHED-TRACE 15856 4582 P 32 38b8d4fdf
SCHED-TRACE 15857 4583 P 32 38b96a3d7
SCHED-TRACE 15858 4583 I 31 1ff809
SCHED-TRACE 15859 4583 B 31 af
SCHED-TRACE 15860 4583 P 31 38b83e699
SCHED-TRACE 15861 4583 R 31 38b83e699
SCHED-TRACE 15862 4584 U 4 1ff881
SCHED-TRACE 15863 4584 V 4 1ff8a7
SCHED-TRACE 15864 4584 O 0 0
SCHED-TRACE 15865 4584 P 31 38b970139
SCHED-TRACE 15866 4585 K 32 38b96a3d7
SCHED-TRACE 15867 4585 P 31 38baa96ba
SCHED-TRACE 15868 4586 P 31 38bb3da4f
SCHED-TRACE 15869 4586 I 32 1ffd1d
SCHED-TRACE 15870 4586 B 32 b2
SCHED-TRACE 15871 4586 P 32 38c2c5e35
SCHED-TRACE 15872 4586 R 32 38c2c5e35
SCHED-TRACE 15873 4587 U 4 1ffd94
SCHED-TRACE 15874 4587 V 4 1ffdba
SCHED-TRACE 15875 4587 O 0 0
SCHED-TRACE 15876 4587 P 32 38c3f6872
SCHED-TRACE 15877 4588 K 31 38bb3da4f
SCHED-TRACE 15878 4588 P 32 38c52fdf3
SCHED-TRACE 15879 4589 P 32 38c5c49ba
SCHED-TRACE 15880 4589 I 31 200230
SCHED-TRACE 15881 4589 B 31 b2
SCHED-TRACE 15882 4589 P 31 38c497c1a
SCHED-TRACE 15883 4589 R 31 38c497c1a
SCHED-TRACE 15884 4590 U 4 2002a8
SCHED-TRACE 15885 4590 V 4 2002cf
SCHED-TRACE 15886 4590 O 0 0
SCHED-TRACE 15887 4590 P 31 38c5cb366
SCHED-TRACE 15888 4591 K 32 38c5c49ba
SCHED-TRACE 15889 4591 P 31 38c705118
SCHED-TRACE 15890 4592 P 31 38c799cdf
SCHED-TRACE 15891 4592 I 32 200746
SCHED-TRACE 15892 4592 B 32 b2
SCHED-TRACE 15893 4592 P 32 38cf20831
SCHED-TRACE 15894 4592 R 32 38cf20831
SCHED-TRACE 15895 4593 U 4 2007bd
SCHED-TRACE 15896 4593 V 4 2007e4
SCHED-TRACE 15897 4593 O 0 0
SCHED-TRACE 15898 4593 P 32 38d051eb8
SCHED-TRACE 15899 4594 K 31 38c799cdf
SCHED-TRACE 15900 4594 P 32 38d18b439
SCHED-TRACE 15901 4595 P 32 38d21fbe7
SCHED-TRACE 15902 4595 I 31 200c5a
SCHED-TRACE 15903 4595 B 31 b1
SCHED-TRACE 15904 4595 P 31 38d0f573d
SCHED-TRACE 15905 4595 R 31 38d0f573d
SCHED-TRACE 15906 4596 U 4 200cd2
SCHED-TRACE 15907 4596 V 4 200cf8
SCHED-TRACE 15908 4596 O 0 0
SCHED-TRACE 15909 4596 P 31 38d225118
SCHED-TRACE 15910 4597 K 32 38d21fbe7
SCHED-TRACE 15911 4597 P 31 38d35ce06
SCHED-TRACE 15912 4598 P 31 38d3f0d83
SCHED-TRACE 15913 4598 I 32 20116d
SCHED-TRACE 15914 4598 B 32 b0
SCHED-TRACE 15915 4598 P 32 38db7c28f
SCHED-TRACE 15916 4598 R 32 38db7c28f
SCHED-TRACE 15917 4599 U 4 2011e4
SCHED-TRACE 15918 4599 V 4 20120a
SCHED-TRACE 15919 4599 O 0 0
SCHED-TRACE 15920 4599 P 32 38dcac49b
SCHED-TRACE 15921 4600 K 31 38d3f0d83
SCHED-TRACE 15922 4600 P 32 38dde624e
SCHED-TRACE 15923 4601 P 32 38de7ae14
SCHED-TRACE 15924 4601 I 31 201680
SCHED-TRACE 15925 4601 B 31 b3
SCHED-TRACE 15926 4601 P 31 38dd4af4d
SCHED-TRACE 15927 4601 R 31 38dd4af4d
SCHED-TRACE 15928 4602 U 4 2016f8
SCHED-TRACE 15929 4602 V 4 20171e
SCHED-TRACE 15930 4602 O 0 0
SCHED-TRACE 15931 4602 P 31 38de7d637
SCHED-TRACE 15932 4603 K 32 38de7ae14
SCHED-TRACE 15933 4603 P 31 38dfb679f
SCHED-TRACE 15934 4604 P 31 38e04af4d
SCHED-TRACE 15935 4604 I 32 201b94
SCHED-TRACE 15936 4604 B 32 b2
SCHED-TRACE 15937 4604 P 32 38e7d53f8
SCHED-TRACE 15938 4604 R 32 38e7d53f8
SCHED-TRACE 15939 4605 U 4 201c0c
SCHED-TRACE 15940 4605 V 4 201c32
SCHED-TRACE 15941 4605 O 0 0
SCHED-TRACE 15942 4605 P 32 38e907ae1
SCHED-TRACE 15943 4606 K 31 38e04af4d
SCHED-TRACE 15944 4606 P 32 38ea40000
SCHED-TRACE 15945 4607 P 32 38ead47ae
SCHED-TRACE 15946 4607 I 31 2020a9
SCHED-TRACE 15947 4607 B 31 b1
SCHED-TRACE 15948 4607 P 31 38e9a75f5
SCHED-TRACE 15949 4607 R 31 38e9a75f5
SCHED-TRACE 15950 4608 U 4 202121
SCHED-TRACE 15951 4608 V 4 202147
SCHED-TRACE 15952 4608 O 0 0
SCHED-TRACE 15953 4608 P 31 38ead9095
SCHED-TRACE 15954 4609 K 32 38ead47ae
SCHED-TRACE 15955 4609 P 31 38ec119cc
SCHED-TRACE 15956 4610 P 31 38eca617a
SCHED-TRACE 15957 4610 I 32 2025bd
SCHED-TRACE 15958 4610 B 32 b0
SCHED-TRACE 15959 4610 P 32 38f430a3d
SCHED-TRACE 15960 4610 R 32 38f430a3d
SCHED-TRACE 15961 4611 U 4 202634
SCHED-TRACE 15962 4611 V 4 20265a
SCHED-TRACE 15963 4611 O 0 0
SCHED-TRACE 15964 4611 P 32 38f562d0e
SCHED-TRACE 15965 4612 K 31 38eca617a
SCHED-TRACE 15966 4612 P 32 38f69c28f
SCHED-TRACE 15967 4613 P 32 38f730e56
SCHED-TRACE 15968 4613 I 31 202ad0
SCHED-TRACE 15969 4613 B 31 b3
SCHED-TRACE 15970 4613 P 31 38f600b76
SCHED-TRACE 15971 4613 R 31 38f600b76
SCHED-TRACE 15972 4614 U 4 202b48
SCHED-TRACE 15973 4614 V 4 202b6f
SCHED-TRACE 15974 4614 O 0 0
SCHED-TRACE 15975 4614 P 31 38f733678
SCHED-TRACE 15976 4615 K 32 38f730e56
SCHED-TRACE 15977 4615 P 31 38f86cbf9
SCHED-TRACE 15978 4616 P 31 38f901bd9
SCHED-TRACE 15979 4616 I 32 202fe5
SCHED-TRACE 15980 4616 B 32 b2
SCHED-TRACE 15981 4616 P 32 39008c49b
SCHED-TRACE 15982 4616 R 32 39008c49b
SCHED-TRACE 15983 4617 U 4 20305d
SCHED-TRACE 15984 4617 V 4 203084
SCHED-TRACE 15985 4617 O 0 0
SCHED-TRACE 15986 4617 P 32 3901bfbe7
SCHED-TRACE 15987 4618 K 31 38f901bd9
SCHED-TRACE 15988 4618 P 32 3902f8d50
SCHED-TRACE 15989 4619 P 32 39038d916
SCHED-TRACE 15990 4619 I 31 2034fa
SCHED-TRACE 15991 4619 B 31 b2
SCHED-TRACE 15992 4619 P 31 39025da4f
SCHED-TRACE 15993 4619 R 31 39025da4f
SCHED-TRACE 15994 4620 U 4 203571
SCHED-TRACE 15995 4620 V 4 203597
SCHED-TRACE 15996 4620 O 0 0
SCHED-TRACE 15997 4620 P 31 39038d012
SCHED-TRACE 15998 4621 K 31 39038d012
SCHED-TRACE 15999 4621 P 31 3904c5118
SCHED-TRACE 16000 4622 I 31 203a0c
SCHED-TRACE 16001 4622 B 31 b2
SCHED-TRACE 16002 4622 P 31 390eb5324
SCHED-TRACE 16003 4622 R 31 390eb5324
SCHED-TRACE 16004 4623 U 4 203a84
SCHED-TRACE 16005 4623 V 4 203aaa
SCHED-TRACE 16006 4623 O 0 0
SCHED-TRACE 16007 4623 P 31 390fe823f
SCHED-TRACE 16008 4624 K 32 39038d916
SCHED-TRACE 16009 4624 P 31 3911217c0
SCHED-TRACE 16010 4625 P 31 3911b5f6e
SCHED-TRACE 16011 4625 I 32 203f21
SCHED-TRACE 16012 4625 B 32 b1
SCHED-TRACE 16013 4625 P 32 390ce9ba6
SCHED-TRACE 16014 4625 R 32 390ce9ba6
SCHED-TRACE 16015 4626 U 4 203f99
SCHED-TRACE 16016 4626 V 4 203fbf
SCHED-TRACE 16017 4626 O 0 0
SCHED-TRACE 16018 4626 P 32 390e1be77
SCHED-TRACE 16019 4627 K 32 390e1be77
SCHED-TRACE 16020 4627 P 32 390f55c29
SCHED-TRACE 16021 4628 I 32 204435
SCHED-TRACE 16022 4628 B 32 b2
SCHED-TRACE 16023 4628 P 32 391943d70
SCHED-TRACE 16024 4628 R 32 391943d70
SCHED-TRACE 16025 4629 U 4 2044ad
SCHED-TRACE 16026 4629 V 4 2044d2
SCHED-TRACE 16027 4629 O 0 0
SCHED-TRACE 16028 4629 P 32 391a70e56
SCHED-TRACE 16029 4630 K 31 3911b5f6e
SCHED-TRACE 16030 4630 P 32 391ba8312
SCHED-TRACE 16031 4631 P 32 391c3be77
SCHED-TRACE 16032 4631 I 31 204947
SCHED-TRACE 16033 4631 B 31 b2
SCHED-TRACE 16034 4631 P 31 391b12a2f
SCHED-TRACE 16035 4631 R 31 391b12a2f
SCHED-TRACE 16036 4632 U 4 2049be
SCHED-TRACE 16037 4632 V 4 2049e5
SCHED-TRACE 16038 4632 O 0 0
SCHED-TRACE 16039 4632 P 31 391c43885
SCHED-TRACE 16040 4633 K 32 391c3be77
SCHED-TRACE 16041 4633 P 31 391d7d637
SCHED-TRACE 16042 4634 P 31 391e11de5
SCHED-TRACE 16043 4634 I 32 204e5b
SCHED-TRACE 16044 4634 B 32 b2
SCHED-TRACE 16045 4634 P 32 392598106
SCHED-TRACE 16046 4634 R 32 392598106
SCHED-TRACE 16047 4635 U 4 204ed3
SCHED-TRACE 16048 4635 V 4 204efa
SCHED-TRACE 16049 4635 O 0 0
SCHED-TRACE 16050 4635 P 32 3926ca3d7
SCHED-TRACE 16051 4636 K 31 391e11de5
SCHED-TRACE 16052 4636 P 32 392803d70
SCHED-TRACE 16053 4637 P 32 392898937
SCHED-TRACE 16054 4637 I 31 205370
SCHED-TRACE 16055 4637 B 31 b2
SCHED-TRACE 16056 4637 P 31 39276d42a
SCHED-TRACE 16057 4637 R 31 39276d42a
SCHED-TRACE 16058 4638 U 4 2053e8
SCHED-TRACE 16059 4638 V 4 20540f
SCHED-TRACE 16060 4638 O 0 0
SCHED-TRACE 16061 4638 P 31 3928a075e
SCHED-TRACE 16062 4639 K 32 392898937
SCHED-TRACE 16063 4639 P 31 3929d94ae
SCHED-TRACE 16064 4640 P 31 392a6d012
SCHED-TRACE 16065 4640 I 32 205885
SCHED-TRACE 16066 4640 B 32 b0
SCHED-TRACE 16067 4640 P 32 3931f4395
SCHED-TRACE 16068 4640 R 32 3931f4395
SCHED-TRACE 16069 4641 U 4 2058fc
SCHED-TRACE 16070 4641 V 4 205922
SCHED-TRACE 16071 4641 O 0 0
SCHED-TRACE 16072 4641 P 32 3933251eb
SCHED-TRACE 16073 4642 K 31 392a6d012
SCHED-TRACE 16074 4642 P 32 39345e76c
SCHED-TRACE 16075 4643 P 32 3934f3333
SCHED-TRACE 16076 4643 I 31 205d98
SCHED-TRACE 16077 4643 B 31 b3
SCHED-TRACE 16078 4643 P 31 3933c71dd
SCHED-TRACE 16079 4643 R 31 3933c71dd
SCHED-TRACE 16080 4644 U 4 205e0f
SCHED-TRACE 16081 4644 V 4 205e36
SCHED-TRACE 16082 4644 O 0 0
SCHED-TRACE 16083 4644 P 31 3934f8864
SCHED-TRACE 16084 4645 K 32 3934f3333
SCHED-TRACE 16085 4645 P 31 3936321fd
SCHED-TRACE 16086 4646 P 31 3936c69ab
SCHED-TRACE 16087 4646 I 32 2062ac
SCHED-TRACE 16088 4646 B 32 b2
SCHED-TRACE 16089 4646 P 32 393e4e147
SCHED-TRACE 16090 4646 R 32 393e4e147
SCHED-TRACE 16091 4647 U 4 206324
SCHED-TRACE 16092 4647 V 4 20634b
SCHED-TRACE 16093 4647 O 0 0
SCHED-TRACE 16094 4647 P 32 393f81062
SCHED-TRACE 16095 4648 K 31 3936c69ab
SCHED-TRACE 16096 4648 P 32 3940bae14
SCHED-TRACE 16097 4649 P 32 39414fdf3
SCHED-TRACE 16098 4649 I 31 2067c1
SCHED-TRACE 16099 4649 B 31 b2
SCHED-TRACE 16100 4649 P 31 39402075e
SCHED-TRACE 16101 4649 R 31 39402075e
SCHED-TRACE 16102 4650 U 4 206839
SCHED-TRACE 16103 4650 V 4 206860
SCHED-TRACE 16104 4650 O 0 0
SCHED-TRACE 16105 4650 P 31 3941546db
SCHED-TRACE 16106 4651 K 32 39414fdf3
SCHED-TRACE 16107 4651 P 31 39428d843
SCHED-TRACE 16108 4652 P 31 394321bd9
SCHED-TRACE 16109 4652 I 32 206cd6
SCHED-TRACE 16110 4652 B 32 b2
SCHED-TRACE 16111 4652 P 32 394aab852
SCHED-TRACE 16112 4652 R 32 394aab852
SCHED-TRACE 16113 4653 U 4 206d4d
SCHED-TRACE 16114 4653 V 4 206d73
SCHED-TRACE 16115 4653 O 0 0
SCHED-TRACE 16116 4653 P 32 394bdc28f
SCHED-TRACE 16117 4654 K 31 394321bd9
SCHED-TRACE 16118 4654 P 32 394d147ae
SCHED-TRACE 16119 4655 P 32 394da9ba6
SCHED-TRACE 16120 4655 I 31 2071e9
SCHED-TRACE 16121 4655 B 31 b1
SCHED-TRACE 16122 4655 P 31 394c7c5d4
SCHED-TRACE 16123 4655 R 31 394c7c5d4
SCHED-TRACE 16124 4656 U 4 207261
SCHED-TRACE 16125 4656 V 4 207288
SCHED-TRACE 16126 4656 O 0 0
SCHED-TRACE 16127 4656 P 31 394db0551
SCHED-TRACE 16128 4657 K 32 394da9ba6
SCHED-TRACE 16129 4657 P 31 394eea71c
SCHED-TRACE 16130 4658 P 31 394f7f2e3
SCHED-TRACE 16131 4658 I 32 2076fe
SCHED-TRACE 16132 4658 B 32 b3
SCHED-TRACE 16133 4658 P 32 395704189
SCHED-TRACE 16134 4658 R 32 395704189
SCHED-TRACE 16135 4659 U 4 207776
SCHED-TRACE 16136 4659 V 4 20779d
SCHED-TRACE 16137 4659 O 0 0
SCHED-TRACE 16138 4659 P 32 3958370a4
SCHED-TRACE 16139 4660 K 31 394f7f2e3
SCHED-TRACE 16140 4660 P 32 395970e56
SCHED-TRACE 16141 4661 P 32 395a05e35
SCHED-TRACE 16142 4661 I 31 207c13
SCHED-TRACE 16143 4661 B 31 b3
SCHED-TRACE 16144 4661 P 31 3958d94ae
SCHED-TRACE 16145 4661 R 31 3958d94ae
SCHED-TRACE 16146 4662 U 4 207c8b
SCHED-TRACE 16147 4662 V 4 207cb1
SCHED-TRACE 16148 4662 O 0 0
SCHED-TRACE 16149 4662 P 31 395a0ab35
SCHED-TRACE 16150 4663 K 32 395a05e35
SCHED-TRACE 16151 4663 P 31 395b43c9d
SCHED-TRACE 16152 4664 P 31 395bd844b
SCHED-TRACE 16153 4664 I 32 208127
SCHED-TRACE 16154 4664 B 32 b3
SCHED-TRACE 16155 4664 P 32 396361062
SCHED-TRACE 16156 4664 R 32 396361062
SCHED-TRACE 16157 4665 U 4 20819f
SCHED-TRACE 16158 4665 V 4 2081c6
SCHED-TRACE 16159 4665 O 0 0
SCHED-TRACE 16160 4665 P 32 396493b64
SCHED-TRACE 16161 4666 K 31 395bd844b
SCHED-TRACE 16162 4666 P 32 3965cd916
SCHED-TRACE 16163 4667 P 32 396662d0e
SCHED-TRACE 16164 4667 I 31 20863c
SCHED-TRACE 16165 4667 B 31 b2
SCHED-TRACE 16166 4667 P 31 396532e47
SCHED-TRACE 16167 4667 R 31 396532e47
SCHED-TRACE 16168 4668 U 4 2086b4
SCHED-TRACE 16169 4668 V 4 2086da
SCHED-TRACE 16170 4668 O 0 0
SCHED-TRACE 16171 4668 P 31 396664cff
SCHED-TRACE 16172 4669 K 32 396662d0e
SCHED-TRACE 16173 4669 P 31 39679da4f
SCHED-TRACE 16174 4670 P 31 3968321fd
SCHED-TRACE 16175 4670 I 32 208b50
SCHED-TRACE 16176 4670 B 32 b1
SCHED-TRACE 16177 4670 P 32 396fbd70a
SCHED-TRACE 16178 4670 R 32 396fbd70a
SCHED-TRACE 16179 4671 U 4 208bc8
SCHED-TRACE 16180 4671 V 4 208bee
SCHED-TRACE 16181 4671 O 0 0
SCHED-TRACE 16182 4671 P 32 3970ef1aa
SCHED-TRACE 16183 4672 K 31 3968321fd
SCHED-TRACE 16184 4672 P 32 39722978d
SCHED-TRACE 16185 4673 P 32 3972bdb23
SCHED-TRACE 16186 4673 I 31 209064
SCHED-TRACE 16187 4673 B 31 b3
SCHED-TRACE 16188 4673 P 31 39718c7e1
SCHED-TRACE 16189 4673 R 31 39718c7e1
SCHED-TRACE 16190 4674 U 4 2090dc
SCHED-TRACE 16191 4674 V 4 209103
SCHED-TRACE 16192 4674 O 0 0
SCHED-TRACE 16193 4674 P 31 3972be699
SCHED-TRACE 16194 4675 K 32 3972bdb23
SCHED-TRACE 16195 4675 P 31 3973f73e9
SCHED-TRACE 16196 4676 P 31 39748bb97
SCHED-TRACE 16197 4676 I 32 209579
SCHED-TRACE 16198 4676 B 32 b2
SCHED-TRACE 16199 4676 P 32 397c1a9fc
SCHED-TRACE 16200 4676 R 32 397c1a9fc
SCHED-TRACE 16201 4677 U 4 2095f0
SCHED-TRACE 16202 4677 V 4 209615
SCHED-TRACE 16203 4677 O 0 0
SCHED-TRACE 16204 4677 P 32 397d48f5c
SCHED-TRACE 16205 4678 K 31 39748bb97
SCHED-TRACE 16206 4678 P 32 397e82d0e
SCHED-TRACE 16207 4679 P 32 397f178d5
SCHED-TRACE 16208 4679 I 31 209a8b
SCHED-TRACE 16209 4679 B 31 b3
SCHED-TRACE 16210 4679 P 31 397de5949
SCHED-TRACE 16211 4679 R 31 397de5949
SCHED-TRACE 16212 4680 U 4 209b03
SCHED-TRACE 16213 4680 V 4 209b2a
SCHED-TRACE 16214 4680 O 0 0
SCHED-TRACE 16215 4680 P 31 397f18c7c
SCHED-TRACE 16216 4681 K 32 397f178d5
SCHED-TRACE 16217 4681 P 31 3980519cc
SCHED-TRACE 16218 4682 P 31 3980e617a
SCHED-TRACE 16219 4682 I 32 209fa0
SCHED-TRACE 16220 4682 B 32 af
SCHED-TRACE 16221 4682 P 32 3988722d1
SCHED-TRACE 16222 4682 R 32 3988722d1
SCHED-TRACE 16223 4683 U 4 20a018
SCHED-TRACE 16224 4683 V 4 20a03e
SCHED-TRACE 16225 4683 O 0 0
SCHED-TRACE 16226 4683 P 32 3989a49ba
SCHED-TRACE 16227 4684 K 31 3980e617a
SCHED-TRACE 16228 4684 P 32 398addb23
SCHED-TRACE 16229 4685 P 32 398b726e9
SCHED-TRACE 16230 4685 I 31 20a4b4
SCHED-TRACE 16231 4685 B 31 b1
SCHED-TRACE 16232 4685 P 31 398a3ff2c
SCHED-TRACE 16233 4685 R 31 398a3ff2c
SCHED-TRACE 16234 4686 U 4 20a52a
SCHED-TRACE 16235 4686 V 4 20a550
SCHED-TRACE 16236 4686 O 0 0
SCHED-TRACE 16237 4686 P 31 398b6e48d
SCHED-TRACE 16238 4687 K 31 398b6e48d
SCHED-TRACE 16239 4687 P 31 398ca6593
SCHED-TRACE 16240 4688 I 31 20a9c5
SCHED-TRACE 16241 4688 B 31 b3
SCHED-TRACE 16242 4688 P 31 399696bb8
SCHED-TRACE 16243 4688 R 31 399696bb8
SCHED-TRACE 16244 4689 U 4 20aa3d
SCHED-TRACE 16245 4689 V 4 20aa64
SCHED-TRACE 16246 4689 O 0 0
SCHED-TRACE 16247 4689 P 31 3997caf4d
SCHED-TRACE 16248 4690 K 32 398b726e9
SCHED-TRACE 16249 4690 P 31 3999048e7
SCHED-TRACE 16250 4691 P 31 3999994ae
SCHED-TRACE 16251 4691 I 32 20aeda
SCHED-TRACE 16252 4691 B 32 b2
SCHED-TRACE 16253 4691 P 32 3994cd0e5
SCHED-TRACE 16254 4691 R 32 3994cd0e5
SCHED-TRACE 16255 4692 U 4 20af52
SCHED-TRACE 16256 4692 V 4 20af78
SCHED-TRACE 16257 4692 O 0 0
SCHED-TRACE 16258 4692 P 32 3995fef9d
SCHED-TRACE 16259 4693 K 32 3995fef9d
SCHED-TRACE 16260 4693 P 32 399738d50
SCHED-TRACE 16261 4694 I 32 20b3ef
SCHED-TRACE 16262 4694 B 32 b3
SCHED-TRACE 16263 4694 P 32 39a129374
SCHED-TRACE 16264 4694 R 32 39a129374
SCHED-TRACE 16265 4695 U 4 20b467
SCHED-TRACE 16266 4695 V 4 20b48e
SCHED-TRACE 16267 4695 O 0 0
SCHED-TRACE 16268 4695 P 32 39a25be77
SCHED-TRACE 16269 4696 K 31 3999994ae
SCHED-TRACE 16270 4696 P 32 39a393333
SCHED-TRACE 16271 4697 P 32 39a4276c8
SCHED-TRACE 16272 4697 I 31 20b904
SCHED-TRACE 16273 4697 B 31 af
SCHED-TRACE 16274 4697 P 31 39a2f6bb8
SCHED-TRACE 16275 4697 R 31 39a2f6bb8
SCHED-TRACE 16276 4698 U 4 20b97b
SCHED-TRACE 16277 4698 V 4 20b9a2
SCHED-TRACE 16278 4698 O 0 0
SCHED-TRACE 16279 4698 P 31 39a427a0e
SCHED-TRACE 16280 4699 K 32 39a4276c8
SCHED-TRACE 16281 4699 P 31 39a560f8f
SCHED-TRACE 16282 4700 P 31 39a5f5f6e
SCHED-TRACE 16283 4700 I 32 20be18
SCHED-TRACE 16284 4700 B 32 b3
SCHED-TRACE 16285 4700 P 32 39ad8353f
SCHED-TRACE 16286 4700 R 32 39ad8353f
SCHED-TRACE 16287 4701 U 4 20be90
SCHED-TRACE 16288 4701 V 4 20beb6
SCHED-TRACE 16289 4701 O 0 0
SCHED-TRACE 16290 4701 P 32 39aeb6041
SCHED-TRACE 16291 4702 K 31 39a5f5f6e
SCHED-TRACE 16292 4702 P 32 39aff020c
SCHED-TRACE 16293 4703 P 32 39b0851eb
SCHED-TRACE 16294 4703 I 31 20c32d
SCHED-TRACE 16295 4703 B 31 b4
SCHED-TRACE 16296 4703 P 31 39af515b4
SCHED-TRACE 16297 4703 R 31 39af515b4
SCHED-TRACE 16298 4704 U 4 20c3a5
SCHED-TRACE 16299 4704 V 4 20c3cc
SCHED-TRACE 16300 4704 O 0 0
SCHED-TRACE 16301 4704 P 31 39b085949
SCHED-TRACE 16302 4705 K 32 39b0851eb
SCHED-TRACE 16303 4705 P 31 39b1bff2c
SCHED-TRACE 16304 4706 P 31 39b253678
SCHED-TRACE 16305 4706 I 32 20c843
SCHED-TRACE 16306 4706 B 32 b2
SCHED-TRACE 16307 4706 P 32 39b9e1062
SCHED-TRACE 16308 4706 R 32 39b9e1062
SCHED-TRACE 16309 4707 U 4 20c8bb
SCHED-TRACE 16310 4707 V 4 20c8e1
SCHED-TRACE 16311 4707 O 0 0
SCHED-TRACE 16312 4707 P 32 39bb11eb8
SCHED-TRACE 16313 4708 K 31 39b253678
SCHED-TRACE 16314 4708 P 32 39bc4b439
SCHED-TRACE 16315 4709 P 32 39bcdfbe7
SCHED-TRACE 16316 4709 I 31 20cd57
SCHED-TRACE 16317 4709 B 31 b4
SCHED-TRACE 16318 4709 P 31 39bbae074
SCHED-TRACE 16319 4709 R 31 39bbae074
SCHED-TRACE 16320 4710 U 4 20cdce
SCHED-TRACE 16321 4710 V 4 20cdf5
SCHED-TRACE 16322 4710 O 0 0
SCHED-TRACE 16323 4710 P 31 39bcdf2e3
SCHED-TRACE 16324 4711 K 31 39bcdf2e3
SCHED-TRACE 16325 4711 P 31 39be1844b
SCHED-TRACE 16326 4712 I 31 20d26b
SCHED-TRACE 16327 4712 B 31 b0
SCHED-TRACE 16328 4712 P 31 39c808e89
SCHED-TRACE 16329 4712 R 31 39c808e89
SCHED-TRACE 16330 4713 U 4 20d2e3
SCHED-TRACE 16331 4713 V 4 20d30a
SCHED-TRACE 16332 4713 O 0 0
SCHED-TRACE 16333 4713 P 31 39c93b572
SCHED-TRACE 16334 4714 K 32 39bcdfbe7
SCHED-TRACE 16335 4714 P 31 39ca75324
SCHED-TRACE 16336 4715 P 31 39cb0a304
SCHED-TRACE 16337 4715 I 32 20d780
SCHED-TRACE 16338 4715 B 32 b3
SCHED-TRACE 16339 4715 P 32 39c63a5e3
SCHED-TRACE 16340 4715 R 32 39c63a5e3
SCHED-TRACE 16341 4716 U 4 20d7f8
SCHED-TRACE 16342 4716 V 4 20d81f
SCHED-TRACE 16343 4716 O 0 0
SCHED-TRACE 16344 4716 P 32 39c76d0e5
SCHED-TRACE 16345 4717 K 32 39c76d0e5
SCHED-TRACE 16346 4717 P 32 39c8a6e97
SCHED-TRACE 16347 4718 I 32 20dc95
SCHED-TRACE 16348 4718 B 32 b2
SCHED-TRACE 16349 4718 P 32 39d29645a
SCHED-TRACE 16350 4718 R 32 39d29645a
SCHED-TRACE 16351 4719 U 4 20dd0c
SCHED-TRACE 16352 4719 V 4 20dd33
SCHED-TRACE 16353 4719 O 0 0
SCHED-TRACE 16354 4719 P 32 39d3c76c8
SCHED-TRACE 16355 4720 K 31 39cb0a304
SCHED-TRACE 16356 4720 P 32 39d500418
SCHED-TRACE 16357 4721 P 32 39d594fdf
SCHED-TRACE 16358 4721 I 31 20e1a9
SCHED-TRACE 16359 4721 B 31 b2
SCHED-TRACE 16360 4721 P 31 39d466593
SCHED-TRACE 16361 4721 R 31 39d466593
SCHED-TRACE 16362 4722 U 4 20e221
SCHED-TRACE 16363 4722 V 4 20e248
SCHED-TRACE 16364 4722 O 0 0
SCHED-TRACE 16365 4722 P 31 39d59a0f7
SCHED-TRACE 16366 4723 K 32 39d594fdf
SCHED-TRACE 16367 4723 P 31 39d6d46db
SCHED-TRACE 16368 4724 P 31 39d7696ba
SCHED-TRACE 16369 4724 I 32 20e6be
SCHED-TRACE 16370 4724 B 32 b3
SCHED-TRACE 16371 4724 P 32 39deee979
SCHED-TRACE 16372 4724 R 32 39deee979
SCHED-TRACE 16373 4725 U 4 20e736
SCHED-TRACE 16374 4725 V 4 20e75d
SCHED-TRACE 16375 4725 O 0 0
SCHED-TRACE 16376 4725 P 32 39e021893
SCHED-TRACE 16377 4726 K 31 39d7696ba
SCHED-TRACE 16378 4726 P 32 39e159db2
SCHED-TRACE 16379 4727 P 32 39e1ef1aa
SCHED-TRACE 16380 4727 I 31 20ebd3
SCHED-TRACE 16381 4727 B 31 ac
SCHED-TRACE 16382 4727 P 31 39e0c346c
SCHED-TRACE 16383 4727 R 31 39e0c346c
SCHED-TRACE 16384 4728 U 4 20ec4b
SCHED-TRACE 16385 4728 V 4 20ec71
SCHED-TRACE 16386 4728 O 0 0
SCHED-TRACE 16387 4728 P 31 39e1f6bb8
SCHED-TRACE 16388 4729 K 32 39e1ef1aa
SCHED-TRACE 16389 4729 P 31 39e32f908
SCHED-TRACE 16390 4730 P 31 39e3c3c9d
SCHED-TRACE 16391 4730 I 32 20f0e7
SCHED-TRACE 16392 4730 B 32 b3
SCHED-TRACE 16393 4730 P 32 39eb49fbe
SCHED-TRACE 16394 4730 R 32 39eb49fbe
SCHED-TRACE 16395 4731 U 4 20f15f
SCHED-TRACE 16396 4731 V 4 20f185
SCHED-TRACE 16397 4731 O 0 0
SCHED-TRACE 16398 4731 P 32 39ec7c28f
SCHED-TRACE 16399 4732 K 31 39e3c3c9d
SCHED-TRACE 16400 4732 P 32 39edb5810
SCHED-TRACE 16401 4733 P 32 39ee4ac08
SCHED-TRACE 16402 4733 I 31 20f5fc
SCHED-TRACE 16403 4733 B 31 b2
SCHED-TRACE 16404 4733 P 31 39ed1f6fb
SCHED-TRACE 16405 4733 R 31 39ed1f6fb
SCHED-TRACE 16406 4734 U 4 20f673
SCHED-TRACE 16407 4734 V 4 20f69a
SCHED-TRACE 16408 4734 O 0 0
SCHED-TRACE 16409 4734 P 31 39ee53678
SCHED-TRACE 16410 4735 K 32 39ee4ac08
SCHED-TRACE 16411 4735 P 31 39ef8d012
SCHED-TRACE 16412 4736 P 31 39f021bd9
SCHED-TRACE 16413 4736 I 32 20fb11
SCHED-TRACE 16414 4736 B 32 b1
SCHED-TRACE 16415 4736 P 32 39f7a624e
SCHED-TRACE 16416 4736 R 32 39f7a624e
SCHED-TRACE 16417 4737 U 4 20fb89
SCHED-TRACE 16418 4737 V 4 20fbb0
SCHED-TRACE 16419 4737 O 0 0
SCHED-TRACE 16420 4737 P 32 39f8d9db2
SCHED-TRACE 16421 4738 K 31 39f021bd9
SCHED-TRACE 16422 4738 P 32 39fa147ae
SCHED-TRACE 16423 4739 P 32 39faa9374
SCHED-TRACE 16424 4739 I 31 210027
SCHED-TRACE 16425 4739 B 31 b3
SCHED-TRACE 16426 4739 P 31 39f97d637
SCHED-TRACE 16427 4739 R 31 39f97d637
SCHED-TRACE 16428 4740 U 4 21009f
SCHED-TRACE 16429 4740 V 4 2100c6
SCHED-TRACE 16430 4740 O 0 0
SCHED-TRACE 16431 4740 P 31 39fab0d83
SCHED-TRACE 16432 4741 K 32 39faa9374
SCHED-TRACE 16433 4741 P 31 39fbe9ad2
SCHED-TRACE 16434 4742 P 31 39fc7e699
SCHED-TRACE 16435 4742 I 32 21053c
SCHED-TRACE 16436 4742 B 32 af
SCHED-TRACE 16437 4742 P 32 3a04028f6
SCHED-TRACE 16438 4742 R 32 3a04028f6
SCHED-TRACE 16439 4743 U 4 2105b2
SCHED-TRACE 16440 4743 V 4 2105d6
SCHED-TRACE 16441 4743 O 0 0
SCHED-TRACE 16442 4743 P 32 3a052dd2f
SCHED-TRACE 16443 4744 K 31 39fc7e699
SCHED-TRACE 16444 4744 P 32 3a0667ae1
SCHED-TRACE 16445 4745 P 32 3a06fcac0
SCHED-TRACE 16446 4745 I 31 210a4c
SCHED-TRACE 16447 4745 B 31 b3
SCHED-TRACE 16448 4745 P 31 3a05d9cdf
SCHED-TRACE 16449 4745 R 31 3a05d9cdf
SCHED-TRACE 16450 4746 U 4 210ac4
SCHED-TRACE 16451 4746 V 4 210aeb
SCHED-TRACE 16452 4746 O 0 0
SCHED-TRACE 16453 4746 P 31 3a070d012
SCHED-TRACE 16454 4747 K 32 3a06fcac0
SCHED-TRACE 16455 4747 P 31 3a08469ab
SCHED-TRACE 16456 4748 P 31 3a08db572
SCHED-TRACE 16457 4748 I 32 210f61
SCHED-TRACE 16458 4748 B 32 b2
SCHED-TRACE 16459 4748 P 32 3a10570a4
SCHED-TRACE 16460 4748 R 32 3a10570a4
SCHED-TRACE 16461 4749 U 4 210fd9
SCHED-TRACE 16462 4749 V 4 211000
SCHED-TRACE 16463 4749 O 0 0
SCHED-TRACE 16464 4749 P 32 3a1189ba6
SCHED-TRACE 16465 4750 K 31 3a08db572
SCHED-TRACE 16466 4750 P 32 3a12c3d70
SCHED-TRACE 16467 4751 P 32 3a135851e
SCHED-TRACE 16468 4751 I 31 211476
SCHED-TRACE 16469 4751 B 31 b3
SCHED-TRACE 16470 4751 P 31 3a123679f
SCHED-TRACE 16471 4751 R 31 3a123679f
SCHED-TRACE 16472 4752 U 4 2114ee
SCHED-TRACE 16473 4752 V 4 211514
SCHED-TRACE 16474 4752 O 0 0
SCHED-TRACE 16475 4752 P 31 3a136617a
SCHED-TRACE 16476 4753 K 32 3a135851e
SCHED-TRACE 16477 4753 P 31 3a149eab2
SCHED-TRACE 16478 4754 P 31 3a1532a2f
SCHED-TRACE 16479 4754 I 32 211989
SCHED-TRACE 16480 4754 B 32 b3
SCHED-TRACE 16481 4754 P 32 3a1cb3b64
SCHED-TRACE 16482 4754 R 32 3a1cb3b64
SCHED-TRACE 16483 4755 U 4 211a01
SCHED-TRACE 16484 4755 V 4 211a27
SCHED-TRACE 16485 4755 O 0 0
SCHED-TRACE 16486 4755 P 32 3a1de5e35
SCHED-TRACE 16487 4756 K 31 3a1532a2f
SCHED-TRACE 16488 4756 P 32 3a1f1ef9d
SCHED-TRACE 16489 4757 P 32 3a1fb3f7d
SCHED-TRACE 16490 4757 I 31 211e9e
SCHED-TRACE 16491 4757 B 31 af
SCHED-TRACE 16492 4757 P 31 3a1e8e074
SCHED-TRACE 16493 4757 R 31 3a1e8e074
SCHED-TRACE 16494 4758 U 4 211f16
SCHED-TRACE 16495 4758 V 4 211f3c
SCHED-TRACE 16496 4758 O 0 0
SCHED-TRACE 16497 4758 P 31 3a1fc075e
SCHED-TRACE 16498 4759 K 32 3a1fb3f7d
SCHED-TRACE 16499 4759 P 31 3a20fa928
SCHED-TRACE 16500 4760 P 31 3a218f4ef
SCHED-TRACE 16501 4760 I 32 2123b3
SCHED-TRACE 16502 4760 B 32 b3
SCHED-TRACE 16503 4760 P 32 3a290f9db
SCHED-TRACE 16504 4760 R 32 3a290f9db
SCHED-TRACE 16505 4761 U 4 21242b
SCHED-TRACE 16506 4761 V 4 212452
SCHED-TRACE 16507 4761 O 0 0
SCHED-TRACE 16508 4761 P 32 3a2a445a2
SCHED-TRACE 16509 4762 K 31 3a218f4ef
SCHED-TRACE 16510 4762 P 32 3a2b7c28f
SCHED-TRACE 16511 4763 P 32 3a2c10625
SCHED-TRACE 16512 4763 I 31 2128c9
SCHED-TRACE 16513 4763 B 31 b2
SCHED-TRACE 16514 4763 P 31 3a2aebfb0
SCHED-TRACE 16515 4763 R 31 3a2aebfb0
SCHED-TRACE 16516 4764 U 4 212941
SCHED-TRACE 16517 4764 V 4 212967
SCHED-TRACE 16518 4764 O 0 0
SCHED-TRACE 16519 4764 P 31 3a2c1de68
SCHED-TRACE 16520 4765 K 32 3a2c10625
SCHED-TRACE 16521 4765 P 31 3a2d57801
SCHED-TRACE 16522 4766 P 31 3a2dec3c8
SCHED-TRACE 16523 4766 I 32 212ddd
SCHED-TRACE 16524 4766 B 32 b2
SCHED-TRACE 16525 4766 P 32 3a356a7ef
SCHED-TRACE 16526 4766 R 32 3a356a7ef
SCHED-TRACE 16527 4767 U 4 212e55
SCHED-TRACE 16528 4767 V 4 212e7c
SCHED-TRACE 16529 4767 O 0 0
SCHED-TRACE 16530 4767 P 32 3a369eb85
SCHED-TRACE 16531 4768 K 31 3a2dec3c8
SCHED-TRACE 16532 4768 P 32 3a37d851e
SCHED-TRACE 16533 4769 P 32 3a386d4fe
SCHED-TRACE 16534 4769 I 31 2132f2
SCHED-TRACE 16535 4769 B 31 b1
SCHED-TRACE 16536 4769 P 31 3a3746593
SCHED-TRACE 16537 4769 R 31 3a3746593
SCHED-TRACE 16538 4770 U 4 21336a
SCHED-TRACE 16539 4770 V 4 213391
SCHED-TRACE 16540 4770 O 0 0
SCHED-TRACE 16541 4770 P 31 3a387ad41
SCHED-TRACE 16542 4771 K 32 3a386d4fe
SCHED-TRACE 16543 4771 P 31 3a39b42c2
SCHED-TRACE 16544 4772 P 31 3a3a492a1
SCHED-TRACE 16545 4772 I 32 213808
SCHED-TRACE 16546 4772 B 32 b0
SCHED-TRACE 16547 4772 P 32 3a41c8312
SCHED-TRACE 16548 4772 R 32 3a41c8312
SCHED-TRACE 16549 4773 U 4 213880
SCHED-TRACE 16550 4773 V 4 2138a6
SCHED-TRACE 16551 4773 O 0 0
SCHED-TRACE 16552 4773 P 32 3a42fa1ca
SCHED-TRACE 16553 4774 K 31 3a3a492a1
SCHED-TRACE 16554 4774 P 32 3a4433f7d
SCHED-TRACE 16555 4775 P 32 3a44c8b43
SCHED-TRACE 16556 4775 I 31 213d1c
SCHED-TRACE 16557 4775 B 31 b3
SCHED-TRACE 16558 4775 P 31 3a43a2c3b
SCHED-TRACE 16559 4775 R 31 3a43a2c3b
SCHED-TRACE 16560 4776 U 4 213d94
SCHED-TRACE 16561 4776 V 4 213dba
SCHED-TRACE 16562 4776 O 0 0
SCHED-TRACE 16563 4776 P 31 3a44d4f0c
SCHED-TRACE 16564 4777 K 32 3a44c8b43
SCHED-TRACE 16565 4777 P 31 3a460ecbe
SCHED-TRACE 16566 4778 P 31 3a46a3885
SCHED-TRACE 16567 4778 I 32 214230
SCHED-TRACE 16568 4778 B 32 b2
SCHED-TRACE 16569 4778 P 32 3a4e228f6
SCHED-TRACE 16570 4778 R 32 3a4e228f6
SCHED-TRACE 16571 4779 U 4 2142a9
SCHED-TRACE 16572 4779 V 4 2142d0
SCHED-TRACE 16573 4779 O 0 0
SCHED-TRACE 16574 4779 P 32 3a4f56c8b
SCHED-TRACE 16575 4780 K 31 3a46a3885
SCHED-TRACE 16576 4780 P 32 3a5091687
SCHED-TRACE 16577 4781 P 32 3a5126a7f
SCHED-TRACE 16578 4781 I 31 214746
SCHED-TRACE 16579 4781 B 31 b4
SCHED-TRACE 16580 4781 P 31 3a4ffd21e
SCHED-TRACE 16581 4781 R 31 3a4ffd21e
SCHED-TRACE 16582 4782 U 4 2147be
SCHED-TRACE 16583 4782 V 4 2147e5
SCHED-TRACE 16584 4782 O 0 0
SCHED-TRACE 16585 4782 P 31 3a513096a
SCHED-TRACE 16586 4783 K 32 3a5126a7f
SCHED-TRACE 16587 4783 P 31 3a526ab35
SCHED-TRACE 16588 4784 P 31 3a52feeca
SCHED-TRACE 16589 4784 I 32 214c5b
SCHED-TRACE 16590 4784 B 32 b2
SCHED-TRACE 16591 4784 P 32 3a5a80c49
SCHED-TRACE 16592 4784 R 32 3a5a80c49
SCHED-TRACE 16593 4785 U 4 214cd3
SCHED-TRACE 16594 4785 V 4 214cf9
SCHED-TRACE 16595 4785 O 0 0
SCHED-TRACE 16596 4785 P 32 3a5bb1687
SCHED-TRACE 16597 4786 K 31 3a52feeca
SCHED-TRACE 16598 4786 P 32 3a5ce9374
SCHED-TRACE 16599 4787 P 32 3a5d7db23
SCHED-TRACE 16600 4787 I 31 21516f
SCHED-TRACE 16601 4787 B 31 ae
SCHED-TRACE 16602 4787 P 31 3a5c59cdf
SCHED-TRACE 16603 4787 R 31 3a5c59cdf
SCHED-TRACE 16604 4788 U 4 2151e6
SCHED-TRACE 16605 4788 V 4 21520d
SCHED-TRACE 16606 4788 O 0 0
SCHED-TRACE 16607 4788 P 31 3a5d8b366
SCHED-TRACE 16608 4789 K 32 3a5d7db23
SCHED-TRACE 16609 4789 P 31 3a5ec5949
SCHED-TRACE 16610 4790 P 31 3a5f5a928
SCHED-TRACE 16611 4790 I 32 215683
SCHED-TRACE 16612 4790 B 32 b3
SCHED-TRACE 16613 4790 P 32 3a66d8106
SCHED-TRACE 16614 4790 R 32 3a66d8106
SCHED-TRACE 16615 4791 U 4 2156fb
SCHED-TRACE 16616 4791 V 4 215722
SCHED-TRACE 16617 4791 O 0 0
SCHED-TRACE 16618 4791 P 32 3a680b021
SCHED-TRACE 16619 4792 K 31 3a5f5a928
SCHED-TRACE 16620 4792 P 32 3a6944dd3
SCHED-TRACE 16621 4793 P 32 3a69d9db2
SCHED-TRACE 16622 4793 I 31 215b98
SCHED-TRACE 16623 4793 B 31 b2
SCHED-TRACE 16624 4793 P 31 3a68b42c2
SCHED-TRACE 16625 4793 R 31 3a68b42c2
SCHED-TRACE 16626 4794 U 4 215c10
SCHED-TRACE 16627 4794 V 4 215c37
SCHED-TRACE 16628 4794 O 0 0
SCHED-TRACE 16629 4794 P 31 3a69e8658
SCHED-TRACE 16630 4795 K 32 3a69d9db2
SCHED-TRACE 16631 4795 P 31 3a6b21bd9
SCHED-TRACE 16632 4796 P 31 3a6bb5f6e
SCHED-TRACE 16633 4796 I 32 2160ae
SCHED-TRACE 16634 4796 B 32 b3
SCHED-TRACE 16635 4796 P 32 3a7335c29
SCHED-TRACE 16636 4796 R 32 3a7335c29
SCHED-TRACE 16637 4797 U 4 216126
SCHED-TRACE 16638 4797 V 4 21614d
SCHED-TRACE 16639 4797 O 0 0
SCHED-TRACE 16640 4797 P 32 3a746872b
SCHED-TRACE 16641 4798 K 31 3a6bb5f6e
SCHED-TRACE 16642 4798 P 32 3a75a1cac
SCHED-TRACE 16643 4799 P 32 3a7636c8b
SCHED-TRACE 16644 4799 I 31 2165c3
SCHED-TRACE 16645 4799 B 31 b1
SCHED-TRACE 16646 4799 P 31 3a7510551
SCHED-TRACE 16647 4799 R 31 3a7510551
SCHED-TRACE 16648 4800 U 4 21663a
SCHED-TRACE 16649 4800 V 4 216661
SCHED-TRACE 16650 4800 O 0 0
SCHED-TRACE 16651 4800 P 31 3a76448e7
SCHED-TRACE 16652 4801 K 32 3a7636c8b
SCHED-TRACE 16653 4801 P 31 3a777eab2
SCHED-TRACE 16654 4802 P 31 3a7813678
SCHED-TRACE 16655 4802 I 32 216ad8
SCHED-TRACE 16656 4802 B 32 b3
SCHED-TRACE 16657 4802 P 32 3a7f926e9
SCHED-TRACE 16658 4802 R 32 3a7f926e9
SCHED-TRACE 16659 4803 U 4 216b50
SCHED-TRACE 16660 4803 V 4 216b77
SCHED-TRACE 16661 4803 O 0 0
SCHED-TRACE 16662 4803 P 32 3a80c5a1c
SCHED-TRACE 16663 4804 K 31 3a7813678
SCHED-TRACE 16664 4804 P 32 3a8200000
SCHED-TRACE 16665 4805 P 32 3a82953f8
SCHED-TRACE 16666 4805 I 31 216fee
SCHED-TRACE 16667 4805 B 31 b3
SCHED-TRACE 16668 4805 P 31 3a816ecbe
SCHED-TRACE 16669 4805 R 31 3a816ecbe
SCHED-TRACE 16670 4806 U 4 217067
SCHED-TRACE 16671 4806 V 4 21708e
SCHED-TRACE 16672 4806 O 0 0
SCHED-TRACE 16673 4806 P 31 3a82a3c9d
SCHED-TRACE 16674 4807 K 32 3a82953f8
SCHED-TRACE 16675 4807 P 31 3a83dd637
SCHED-TRACE 16676 4808 P 31 3a84721fd
SCHED-TRACE 16677 4808 I 32 217504
SCHED-TRACE 16678 4808 B 32 b3
SCHED-TRACE 16679 4808 P 32 3a8bf020c
SCHED-TRACE 16680 4808 R 32 3a8bf020c
SCHED-TRACE 16681 4809 U 4 21757b
SCHED-TRACE 16682 4809 V 4 2175a1
SCHED-TRACE 16683 4809 O 0 0
SCHED-TRACE 16684 4809 P 32 3a8d20831
SCHED-TRACE 16685 4810 K 31 3a84721fd
SCHED-TRACE 16686 4810 P 32 3a8e59999
SCHED-TRACE 16687 4811 P 32 3a8eeed91
SCHED-TRACE 16688 4811 I 31 217a17
SCHED-TRACE 16689 4811 B 31 b3
SCHED-TRACE 16690 4811 P 31 3a8dccbf9
SCHED-TRACE 16691 4811 R 31 3a8dccbf9
SCHED-TRACE 16692 4812 U 4 217a8f
SCHED-TRACE 16693 4812 V 4 217ab6
SCHED-TRACE 16694 4812 O 0 0
SCHED-TRACE 16695 4812 P 31 3a8f017c0
SCHED-TRACE 16696 4813 K 32 3a8eeed91
SCHED-TRACE 16697 4813 P 31 3a903b98b
SCHED-TRACE 16698 4814 P 31 3a90d096a
SCHED-TRACE 16699 4814 I 32 217f2d
SCHED-TRACE 16700 4814 B 32 b2
SCHED-TRACE 16701 4814 P 32 3a9849374
SCHED-TRACE 16702 4814 R 32 3a9849374
SCHED-TRACE 16703 4815 U 4 217fa5
SCHED-TRACE 16704 4815 V 4 217fcc
SCHED-TRACE 16705 4815 O 0 0
SCHED-TRACE 16706 4815 P 32 3a997d2f1
SCHED-TRACE 16707 4816 K 31 3a90d096a
SCHED-TRACE 16708 4816 P 32 3a9ab851e
SCHED-TRACE 16709 4817 P 32 3a9b4d4fe
SCHED-TRACE 16710 4817 I 31 218443
SCHED-TRACE 16711 4817 B 31 b4
SCHED-TRACE 16712 4817 P 31 3a9a2ab35
SCHED-TRACE 16713 4817 R 31 3a9a2ab35
SCHED-TRACE 16714 4818 U 4 2184bb
SCHED-TRACE 16715 4818 V 4 2184e1
SCHED-TRACE 16716 4818 O 0 0
SCHED-TRACE 16717 4818 P 31 3a9b56bb8
SCHED-TRACE 16718 4819 K 32 3a9b4d4fe
SCHED-TRACE 16719 4819 P 31 3a9c8d843
SCHED-TRACE 16720 4820 P 31 3a9d2075e
SCHED-TRACE 16721 4820 I 32 218955
SCHED-TRACE 16722 4820 B 32 b2
SCHED-TRACE 16723 4820 P 32 3aa4ab021
SCHED-TRACE 16724 4820 R 32 3aa4ab021
SCHED-TRACE 16725 4821 U 4 2189cc
SCHED-TRACE 16726 4821 V 4 2189f3
SCHED-TRACE 16727 4821 O 0 0
SCHED-TRACE 16728 4821 P 32 3aa5dc28f
SCHED-TRACE 16729 4822 K 31 3a9d2075e
SCHED-TRACE 16730 4822 P 32 3aa71645a
SCHED-TRACE 16731 4823 P 32 3aa7ab021
SCHED-TRACE 16732 4823 I 31 218e69
SCHED-TRACE 16733 4823 B 31 b3
SCHED-TRACE 16734 4823 P 31 3aa67b15a
SCHED-TRACE 16735 4823 R 31 3aa67b15a
SCHED-TRACE 16736 4824 U 4 218ee1
SCHED-TRACE 16737 4824 V 4 218f08
SCHED-TRACE 16738 4824 O 0 0
SCHED-TRACE 16739 4824 P 31 3aa7ae48d
SCHED-TRACE 16740 4825 K 32 3aa7ab021
SCHED-TRACE 16741 4825 P 31 3aa8e823f
SCHED-TRACE 16742 4826 P 31 3aa97ce06
SCHED-TRACE 16743 4826 I 32 21937e
SCHED-TRACE 16744 4826 B 32 b3
SCHED-TRACE 16745 4826 P 32 3ab105604
SCHED-TRACE 16746 4826 R 32 3ab105604
SCHED-TRACE 16747 4827 U 4 2193f6
SCHED-TRACE 16748 4827 V 4 21941d
SCHED-TRACE 16749 4827 O 0 0
SCHED-TRACE 16750 4827 P 32 3ab238d50
SCHED-TRACE 16751 4828 K 31 3aa97ce06
SCHED-TRACE 16752 4828 P 32 3ab3722d1
SCHED-TRACE 16753 4829 P 32 3ab406666
SCHED-TRACE 16754 4829 I 31 219894
SCHED-TRACE 16755 4829 B 31 b2
SCHED-TRACE 16756 4829 P 31 3ab2d9cdf
SCHED-TRACE 16757 4829 R 31 3ab2d9cdf
SCHED-TRACE 16758 4830 U 4 21990c
SCHED-TRACE 16759 4830 V 4 219932
SCHED-TRACE 16760 4830 O 0 0
SCHED-TRACE 16761 4830 P 31 3ab40bb97
SCHED-TRACE 16762 4831 K 32 3ab406666
SCHED-TRACE 16763 4831 P 31 3ab545531
SCHED-TRACE 16764 4832 P 31 3ab5d9cdf
SCHED-TRACE 16765 4832 I 32 219da8
SCHED-TRACE 16766 4832 B 32 b4
SCHED-TRACE 16767 4832 P 32 3abd6147b
SCHED-TRACE 16768 4832 R 32 3abd6147b
SCHED-TRACE 16769 4833 U 4 219e1f
SCHED-TRACE 16770 4833 V 4 219e46
SCHED-TRACE 16771 4833 O 0 0
SCHED-TRACE 16772 4833 P 32 3abe93b64
SCHED-TRACE 16773 4834 K 31 3ab5d9cdf
SCHED-TRACE 16774 4834 P 32 3abfcdd2f
SCHED-TRACE 16775 4835 P 32 3ac062d0e
SCHED-TRACE 16776 4835 I 31 21a2bd
SCHED-TRACE 16777 4835 B 31 b3
SCHED-TRACE 16778 4835 P 31 3abf34f0c
SCHED-TRACE 16779 4835 R 31 3abf34f0c
SCHED-TRACE 16780 4836 U 4 21a335
SCHED-TRACE 16781 4836 V 4 21a35c
SCHED-TRACE 16782 4836 O 0 0
SCHED-TRACE 16783 4836 P 31 3ac068e89
SCHED-TRACE 16784 4837 K 32 3ac062d0e
SCHED-TRACE 16785 4837 P 31 3ac1a3053
SCHED-TRACE 16786 4838 P 31 3ac23844b
SCHED-TRACE 16787 4838 I 32 21a7d3
SCHED-TRACE 16788 4838 B 32 b3
SCHED-TRACE 16789 4838 P 32 3ac9bdb23
SCHED-TRACE 16790 4838 R 32 3ac9bdb23
SCHED-TRACE 16791 4839 U 4 21a84b
SCHED-TRACE 16792 4839 V 4 21a872
SCHED-TRACE 16793 4839 O 0 0
SCHED-TRACE 16794 4839 P 32 3acaf22d1
SCHED-TRACE 16795 4840 K 31 3ac23844b
SCHED-TRACE 16796 4840 P 32 3acc2bc6a
SCHED-TRACE 16797 4841 P 32 3accc0831
SCHED-TRACE 16798 4841 I 31 21ace8
SCHED-TRACE 16799 4841 B 31 b4
SCHED-TRACE 16800 4841 P 31 3acb92616
SCHED-TRACE 16801 4841 R 31 3acb92616
SCHED-TRACE 16802 4842 U 4 21ad60
SCHED-TRACE 16803 4842 V 4 21ad86
SCHED-TRACE 16804 4842 O 0 0
SCHED-TRACE 16805 4842 P 31 3accc40b6
SCHED-TRACE 16806 4843 K 32 3accc0831
SCHED-TRACE 16807 4843 P 31 3acdfce06
SCHED-TRACE 16808 4844 P 31 3ace91de5
SCHED-TRACE 16809 4844 I 32 21b1fc
SCHED-TRACE 16810 4844 B 32 b2
SCHED-TRACE 16811 4844 P 32 3ad61be77
SCHED-TRACE 16812 4844 R 32 3ad61be77
SCHED-TRACE 16813 4845 U 4 21b274
SCHED-TRACE 16814 4845 V 4 21b29b
SCHED-TRACE 16815 4845 O 0 0
SCHED-TRACE 16816 4845 P 32 3ad74fdf3
SCHED-TRACE 16817 4846 K 31 3ace91de5
SCHED-TRACE 16818 4846 P 32 3ad88a7ef
SCHED-TRACE 16819 4847 P 32 3ad91f7cf
SCHED-TRACE 16820 4847 I 31 21b711
SCHED-TRACE 16821 4847 B 31 b5
SCHED-TRACE 16822 4847 P 31 3ad7eaf4d
SCHED-TRACE 16823 4847 R 31 3ad7eaf4d
SCHED-TRACE 16824 4848 U 4 21b789
SCHED-TRACE 16825 4848 V 4 21b7b0
SCHED-TRACE 16826 4848 O 0 0
SCHED-TRACE 16827 4848 P 31 3ad91eeca
SCHED-TRACE 16828 4849 K 31 3ad91eeca
SCHED-TRACE 16829 4849 P 31 3ada58c7c
SCHED-TRACE 16830 4850 I 31 21bc27
SCHED-TRACE 16831 4850 B 31 b2
SCHED-TRACE 16832 4850 P 31 3ae448658
SCHED-TRACE 16833 4850 R 31 3ae448658
SCHED-TRACE 16834 4851 U 4 21bc9f
SCHED-TRACE 16835 4851 V 4 21bcc5
SCHED-TRACE 16836 4851 O 0 0
SCHED-TRACE 16837 4851 P 31 3ae579cdf
SCHED-TRACE 16838 4852 K 32 3ad91f7cf
SCHED-TRACE 16839 4852 P 31 3ae6b3260
SCHED-TRACE 16840 4853 P 31 3ae7475f5
SCHED-TRACE 16841 4853 I 32 21c13b
SCHED-TRACE 16842 4853 B 32 b3
SCHED-TRACE 16843 4853 P 32 3ae27a1ca
SCHED-TRACE 16844 4853 R 32 3ae27a1ca
SCHED-TRACE 16845 4854 U 4 21c1b3
SCHED-TRACE 16846 4854 V 4 21c1da
SCHED-TRACE 16847 4854 O 0 0
SCHED-TRACE 16848 4854 P 32 3ae3ac49b
SCHED-TRACE 16849 4855 K 32 3ae3ac49b
SCHED-TRACE 16850 4855 P 32 3ae4e72b0
SCHED-TRACE 16851 4856 I 32 21c650
SCHED-TRACE 16852 4856 B 32 b3
SCHED-TRACE 16853 4856 P 32 3aeed645a
SCHED-TRACE 16854 4856 R 32 3aeed645a
SCHED-TRACE 16855 4857 U 4 21c6c8
SCHED-TRACE 16856 4857 V 4 21c6ef
SCHED-TRACE 16857 4857 O 0 0
SCHED-TRACE 16858 4857 P 32 3af009374
SCHED-TRACE 16859 4858 K 31 3ae7475f5
SCHED-TRACE 16860 4858 P 32 3af1428f6
SCHED-TRACE 16861 4859 P 32 3af1d78d5
SCHED-TRACE 16862 4859 I 31 21cb65
SCHED-TRACE 16863 4859 B 31 b1
SCHED-TRACE 16864 4859 P 31 3af0a17c0
SCHED-TRACE 16865 4859 R 31 3af0a17c0
SCHED-TRACE 16866 4860 U 4 21cbdd
SCHED-TRACE 16867 4860 V 4 21cc04
SCHED-TRACE 16868 4860 O 0 0
SCHED-TRACE 16869 4860 P 31 3af1d4f0c
SCHED-TRACE 16870 4861 K 31 3af1d4f0c
SCHED-TRACE 16871 4861 P 31 3af30f0d6
SCHED-TRACE 16872 4862 I 31 21d07a
SCHED-TRACE 16873 4862 B 31 b4
SCHED-TRACE 16874 4862 P 31 3afcfe699
SCHED-TRACE 16875 4862 R 31 3afcfe699
SCHED-TRACE 16876 4863 U 4 21d0f2
SCHED-TRACE 16877 4863 V 4 21d119
SCHED-TRACE 16878 4863 O 0 0
SCHED-TRACE 16879 4863 P 31 3afe3119b
SCHED-TRACE 16880 4864 K 32 3af1d78d5
SCHED-TRACE 16881 4864 P 31 3aff6a71c
SCHED-TRACE 16882 4865 P 31 3affff2e3
SCHED-TRACE 16883 4865 I 32 21d58f
SCHED-TRACE 16884 4865 B 32 b2
SCHED-TRACE 16885 4865 P 32 3afb31eb8
SCHED-TRACE 16886 4865 R 32 3afb31eb8
SCHED-TRACE 16887 4866 U 4 21d606
SCHED-TRACE 16888 4866 V 4 21d62c
SCHED-TRACE 16889 4866 O 0 0
SCHED-TRACE 16890 4866 P 32 3afc61893
SCHED-TRACE 16891 4867 K 32 3afc61893
SCHED-TRACE 16892 4867 P 32 3afd9ba5e
SCHED-TRACE 16893 4868 I 32 21daa2
SCHED-TRACE 16894 4868 B 32 b3
SCHED-TRACE 16895 4868 P 32 3b078b439
SCHED-TRACE 16896 4868 R 32 3b078b439
SCHED-TRACE 16897 4869 U 4 21db1a
SCHED-TRACE 16898 4869 V 4 21db41
SCHED-TRACE 16899 4869 O 0 0
SCHED-TRACE 16900 4869 P 32 3b08bef9d
SCHED-TRACE 16901 4870 K 31 3affff2e3
SCHED-TRACE 16902 4870 P 32 3b09f8d50
SCHED-TRACE 16903 4871 P 32 3b0a8dd2f
SCHED-TRACE 16904 4871 I 31 21dfb8
SCHED-TRACE 16905 4871 B 31 b1
SCHED-TRACE 16906 4871 P 31 3b0959cdf
SCHED-TRACE 16907 4871 R 31 3b0959cdf
SCHED-TRACE 16908 4872 U 4 21e030
SCHED-TRACE 16909 4872 V 4 21e058
SCHED-TRACE 16910 4872 O 0 0
SCHED-TRACE 16911 4872 P 31 3b0a8f0d6
SCHED-TRACE 16912 4873 K 32 3b0a8dd2f
SCHED-TRACE 16913 4873 P 31 3b0bc8a70
SCHED-TRACE 16914 4874 P 31 3b0c5d637
SCHED-TRACE 16915 4874 I 32 21e4ce
SCHED-TRACE 16916 4874 B 32 b2
SCHED-TRACE 16917 4874 P 32 3b13e8f5c
SCHED-TRACE 16918 4874 R 32 3b13e8f5c
SCHED-TRACE 16919 4875 U 4 21e545
SCHED-TRACE 16920 4875 V 4 21e56a
SCHED-TRACE 16921 4875 O 0 0
SCHED-TRACE 16922 4875 P 32 3b1517ced
SCHED-TRACE 16923 4876 K 31 3b0c5d637
SCHED-TRACE 16924 4876 P 32 3b1650a3d
SCHED-TRACE 16925 4877 P 32 3b16e5a1c
SCHED-TRACE 16926 4877 I 31 21e9e0
SCHED-TRACE 16927 4877 B 31 b4
SCHED-TRACE 16928 4877 P 31 3b15b8c7c
SCHED-TRACE 16929 4877 R 31 3b15b8c7c
SCHED-TRACE 16930 4878 U 4 21ea58
SCHED-TRACE 16931 4878 V 4 21ea80
SCHED-TRACE 16932 4878 O 0 0
SCHED-TRACE 16933 4878 P 31 3b16ee48d
SCHED-TRACE 16934 4879 K 32 3b16e5a1c
SCHED-TRACE 16935 4879 P 31 3b1828658
SCHED-TRACE 16936 4880 P 31 3b18bd21e
SCHED-TRACE 16937 4880 I 32 21eef6
SCHED-TRACE 16938 4880 B 32 b2
SCHED-TRACE 16939 4880 P 32 3b2040000
SCHED-TRACE 16940 4880 R 32 3b2040000
SCHED-TRACE 16941 4881 U 4 21ef6e
SCHED-TRACE 16942 4881 V 4 21ef95
SCHED-TRACE 16943 4881 O 0 0
SCHED-TRACE 16944 4881 P 32 3b217374c
SCHED-TRACE 16945 4882 K 31 3b18bd21e
SCHED-TRACE 16946 4882 P 32 3b22add2f
SCHED-TRACE 16947 4883 P 32 3b2343127
SCHED-TRACE 16948 4883 I 31 21f40c
SCHED-TRACE 16949 4883 B 31 b3
SCHED-TRACE 16950 4883 P 31 3b2218033
SCHED-TRACE 16951 4883 R 31 3b2218033
SCHED-TRACE 16952 4884 U 4 21f484
SCHED-TRACE 16953 4884 V 4 21f4ab
SCHED-TRACE 16954 4884 O 0 0
SCHED-TRACE 16955 4884 P 31 3b2348e89
SCHED-TRACE 16956 4885 K 32 3b2343127
SCHED-TRACE 16957 4885 P 31 3b24813a7
SCHED-TRACE 16958 4886 P 31 3b251573d
SCHED-TRACE 16959 4886 I 32 21f920
SCHED-TRACE 16960 4886 B 32 b0
SCHED-TRACE 16961 4886 P 32 3b2c9e354
SCHED-TRACE 16962 4886 R 32 3b2c9e354
SCHED-TRACE 16963 4887 U 4 21f998
SCHED-TRACE 16964 4887 V 4 21f9be
SCHED-TRACE 16965 4887 O 0 0
SCHED-TRACE 16966 4887 P 32 3b2dd0625
SCHED-TRACE 16967 4888 K 31 3b251573d
SCHED-TRACE 16968 4888 P 32 3b2f0a7ef
SCHED-TRACE 16969 4889 P 32 3b2f9f7cf
SCHED-TRACE 16970 4889 I 31 21fe35
SCHED-TRACE 16971 4889 B 31 b1
SCHED-TRACE 16972 4889 P 31 3b2e70139
SCHED-TRACE 16973 4889 R 31 3b2e70139
SCHED-TRACE 16974 4890 U 4 21feae
SCHED-TRACE 16975 4890 V 4 21fed5
SCHED-TRACE 16976 4890 O 0 0
SCHED-TRACE 16977 4890 P 31 3b2fa4cff
SCHED-TRACE 16978 4891 K 32 3b2f9f7cf
SCHED-TRACE 16979 4891 P 31 3b30df6fb
SCHED-TRACE 16980 4892 P 31 3b31746db
SCHED-TRACE 16981 4892 I 32 22034b
SCHED-TRACE 16982 4892 B 32 b4
SCHED-TRACE 16983 4892 P 32 3b38f9581
SCHED-TRACE 16984 4892 R 32 3b38f9581
SCHED-TRACE 16985 4893 U 4 2203c4
SCHED-TRACE 16986 4893 V 4 2203eb
SCHED-TRACE 16987 4893 O 0 0
SCHED-TRACE 16988 4893 P 32 3b3a2e560
SCHED-TRACE 16989 4894 K 31 3b31746db
SCHED-TRACE 16990 4894 P 32 3b3b6978d
SCHED-TRACE 16991 4895 P 32 3b3bfd2f1
SCHED-TRACE 16992 4895 I 31 220862
SCHED-TRACE 16993 4895 B 31 b2
SCHED-TRACE 16994 4895 P 31 3b3acfd20
SCHED-TRACE 16995 4895 R 31 3b3acfd20
SCHED-TRACE 16996 4896 U 4 2208da
SCHED-TRACE 16997 4896 V 4 220901
SCHED-TRACE 16998 4896 O 0 0
SCHED-TRACE 16999 4896 P 31 3b3c0240a
SCHED-TRACE 17000 4897 K 32 3b3bfd2f1
SCHED-TRACE 17001 4897 P 31 3b3d3bda3
SCHED-TRACE 17002 4898 P 31 3b3dd0551
SCHED-TRACE 17003 4898 I 32 220d77
SCHED-TRACE 17004 4898 B 32 b4
SCHED-TRACE 17005 4898 P 32 3b4559168
SCHED-TRACE 17006 4898 R 32 3b4559168
SCHED-TRACE 17007 4899 U 4 220dee
SCHED-TRACE 17008 4899 V 4 220e15
SCHED-TRACE 17009 4899 O 0 0
SCHED-TRACE 17010 4899 P 32 3b468a3d7
SCHED-TRACE 17011 4900 K 31 3b3dd0551
SCHED-TRACE 17012 4900 P 32 3b47c3d70
SCHED-TRACE 17013 4901 P 32 3b4858d50
SCHED-TRACE 17014 4901 I 31 22128b
SCHED-TRACE 17015 4901 B 31 b1
SCHED-TRACE 17016 4901 P 31 3b472a304
SCHED-TRACE 17017 4901 R 31 3b472a304
SCHED-TRACE 17018 4902 U 4 221303
SCHED-TRACE 17019 4902 V 4 22132a
SCHED-TRACE 17020 4902 O 0 0
SCHED-TRACE 17021 4902 P 31 3b485de68
SCHED-TRACE 17022 4903 K 32 3b4858d50
SCHED-TRACE 17023 4903 P 31 3b499844b
SCHED-TRACE 17024 4904 P 31 3b4a2d012
SCHED-TRACE 17025 4904 I 32 2217a0
SCHED-TRACE 17026 4904 B 32 b4
SCHED-TRACE 17027 4904 P 32 3b51b26e9
SCHED-TRACE 17028 4904 R 32 3b51b26e9
SCHED-TRACE 17029 4905 U 4 221818
SCHED-TRACE 17030 4905 V 4 22183f
SCHED-TRACE 17031 4905 O 0 0
SCHED-TRACE 17032 4905 P 32 3b52e5e35
SCHED-TRACE 17033 4906 K 31 3b4a2d012
SCHED-TRACE 17034 4906 P 32 3b5420000
SCHED-TRACE 17035 4907 P 32 3b54b4bc6
SCHED-TRACE 17036 4907 U 3 222043
SCHED-TRACE 17037 4907 V 3 2220a8
SCHED-TRACE 17038 4908 P 1 3b4a2d012
SCHED-TRACE 17039 4908 W 1 3b4a2d012
SCHED-TRACE 17040 4908 U 4 2220e8
SCHED-TRACE 17041 4908 V 4 222112
SCHED-TRACE 17042 4908 I 31 22211f
SCHED-TRACE 17043 4908 B 31 b4
SCHED-TRACE 17044 4908 P 31 3b5da9eeb
SCHED-TRACE 17045 4908 R 31 3b5da9eeb
SCHED-TRACE 17046 4909 O 0 0
SCHED-TRACE 17047 4909 P 31 3b5ec8e89
SCHED-TRACE 17048 4910 K 1 3b4a2d012
SCHED-TRACE 17049 4910 P 31 3b601eab2
SCHED-TRACE 17050 4911 P 31 3b60ce8a5
SCHED-TRACE 17051 4911 U 3 2223aa
SCHED-TRACE 17052 4911 V 3 222428
SCHED-TRACE 17053 4911 P 1 3b4d1a0f8
SCHED-TRACE 17054 4911 D 1 3b4d1a0f8
SCHED-TRACE 17055 4913 K 32 3b54b4bc6
SCHED-TRACE 17056 4914 U 4 222543
SCHED-TRACE 17057 4914 V 4 222567
SCHED-TRACE 17058 4914 U 3 2229b1
SCHED-TRACE 17059 4914 V 3 222a14
SCHED-TRACE 17060 4915 P 1 3b54b4bc6
SCHED-TRACE 17061 4915 W 1 3b54b4bc6
SCHED-TRACE 17062 4915 U 4 222a54
SCHED-TRACE 17063 4915 V 4 222a7f
SCHED-TRACE 17064 4915 I 32 222a8c
SCHED-TRACE 17065 4915 B 32 b4
SCHED-TRACE 17066 4915 P 32 3b60d6c8b
SCHED-TRACE 17067 4915 R 32 3b60d6c8b
SCHED-TRACE 17068 4916 O 0 0
SCHED-TRACE 17069 4916 P 32 3b61f6041
SCHED-TRACE 17070 4917 K 1 3b54b4bc6
SCHED-TRACE 17071 4917 P 32 3b634c083
SCHED-TRACE 17072 4918 P 32 3b63fbe77
SCHED-TRACE 17073 4918 U 3 222d17
SCHED-TRACE 17074 4918 V 3 222d94
SCHED-TRACE 17075 4918 P 1 3b579eb84
SCHED-TRACE 17076 4918 D 1 3b579eb84
SCHED-TRACE 17077 4920 K 31 3b60ce8a5
SCHED-TRACE 17078 4921 U 4 222eb1
SCHED-TRACE 17079 4921 V 4 222ed6
SCHED-TRACE 17080 4921 U 3 22330e
SCHED-TRACE 17081 4921 V 3 223372
SCHED-TRACE 17082 4922 P 1 3b60ce8a5
SCHED-TRACE 17083 4922 W 1 3b60ce8a5
SCHED-TRACE 17084 4922 U 4 2233b2
SCHED-TRACE 17085 4922 V 4 2233dd
SCHED-TRACE 17086 4922 I 31 2233e9
SCHED-TRACE 17087 4922 B 31 b2
SCHED-TRACE 17088 4922 P 31 3b6cc1bd9
SCHED-TRACE 17089 4922 R 31 3b6cc1bd9
SCHED-TRACE 17090 4923 O 0 0
SCHED-TRACE 17091 4923 P 31 3b6de13a7
SCHED-TRACE 17092 4924 K 1 3b60ce8a5
SCHED-TRACE 17093 4924 P 31 3b6f3573d
SCHED-TRACE 17094 4925 P 31 3b6fe44ce
SCHED-TRACE 17095 4925 U 3 223673
SCHED-TRACE 17096 4925 V 3 2236f0
SCHED-TRACE 17097 4925 P 1 3b63b9cde
SCHED-TRACE 17098 4925 D 1 3b63b9cde
SCHED-TRACE 17099 4927 K 32 3b63fbe77
SCHED-TRACE 17100 4928 U 4 22380d
SCHED-TRACE 17101 4928 V 4 223832
SCHED-TRACE 17102 4928 T 0 2238d0
SCHED-TRACE 17103 4928 t 0 223912
SCHED-TRACE 17104 4928 U 3 225895
SCHED-TRACE 17105 4928 V 3 225911
SCHED-TRACE 17106 4928 P 32 3bb703127
SCHED-TRACE 17107 4928 D 32 3bb703127
SCHED-TRACE 17108 4930 K 31 3b6fe44ce
SCHED-TRACE 17109 4931 U 4 225a05
SCHED-TRACE 17110 4931 V 4 225a22
SCHED-TRACE 17111 4931 U 3 225e57
SCHED-TRACE 17112 4931 V 3 225eb9
SCHED-TRACE 17113 4932 P 1 3b6fe44ce
SCHED-TRACE 17114 4932 W 1 3b6fe44ce
SCHED-TRACE 17115 4932 U 4 225ef2
SCHED-TRACE 17116 4932 V 4 225f14
SCHED-TRACE 17117 4932 I 31 225f20
SCHED-TRACE 17118 4932 B 31 b4
SCHED-TRACE 17119 4932 P 31 3b7bbd21e
SCHED-TRACE 17120 4932 R 31 3b7bbd21e
SCHED-TRACE 17121 4933 O 0 0
SCHED-TRACE 17122 4933 P 31 3b7cb9095
SCHED-TRACE 17123 4934 K 1 3b6fe44ce
SCHED-TRACE 17124 4934 P 31 3b7df2a2f
SCHED-TRACE 17125 4935 P 31 3b7e8823f
SCHED-TRACE 17126 4935 U 3 226182
SCHED-TRACE 17127 4935 V 3 2261fe
SCHED-TRACE 17128 4935 P 1 3b72c823f
SCHED-TRACE 17129 4935 D 1 3b72c823f
SCHED-TRACE 17130 4937 K 31 3b7e8823f
SCHED-TRACE 17131 4938 U 4 2262f3
SCHED-TRACE 17132 4938 V 4 226310
SCHED-TRACE 17133 4938 U 3 226745
SCHED-TRACE 17134 4938 V 3 2267a7
SCHED-TRACE 17135 4939 P 1 3b7e8823f
SCHED-TRACE 17136 4939 W 1 3b7e8823f
SCHED-TRACE 17137 4939 U 4 2267e0
SCHED-TRACE 17138 4939 V 4 226802
SCHED-TRACE 17139 4939 I 31 22680f
SCHED-TRACE 17140 4939 B 31 b4
SCHED-TRACE 17141 4939 P 31 3b8a5ff2c
SCHED-TRACE 17142 4939 R 31 3b8a5ff2c
SCHED-TRACE 17143 4940 O 0 0
SCHED-TRACE 17144 4940 P 31 3b8b5b98b
SCHED-TRACE 17145 4941 K 1 3b7e8823f
SCHED-TRACE 17146 4941 P 31 3b8c946db
SCHED-TRACE 17147 4942 P 31 3b8d296ba
SCHED-TRACE 17148 4942 U 2 226b70
SCHED-TRACE 17149 4942 V 2 227114
SCHED-TRACE 17150 4942 U 3 22720a
SCHED-TRACE 17151 4942 V 3 22724b
SCHED-TRACE 17152 4943 U 3 2273b4
SCHED-TRACE 17153 4943 V 3 2273f5
SCHED-TRACE 17154 4944 I 1 22741b
SCHED-TRACE 17155 4944 B 1 b2
SCHED-TRACE 17156 4944 P 1 3b8acbb97
SCHED-TRACE 17157 4944 R 1 3b8acbb97
SCHED-TRACE 17158 4945 U 4 227493
SCHED-TRACE 17159 4945 V 4 2274b6
SCHED-TRACE 17160 4945 O 0 0
SCHED-TRACE 17161 4945 P 1 3b8bfda4f
SCHED-TRACE 17162 4946 K 1 3b8bfda4f
SCHED-TRACE 17163 4946 P 1 3b8d35324
SCHED-TRACE-END 17164 dropped 0
