
loader: Redoubt rv64 loader, boot hart 0
  1 hart(s), timebase 10000000 Hz
  ram: 0x80000000..0x90000000 (256 MiB)
  bundle: 0x88200000..0x882ba440
  devices: 14 mmio (8 dma), 10 irq, console 0x10000000
  plic: 0xc000000, S-mode context 1
  rng-seed: 32 bytes
  bundle signature ok (762880 bytes)
  PID 1: kernel -> 0xffffffffffd00000
  PID 2: sched-cluster -> 0x19576
  bundle mapped read-only at 0x20000000 (762944 bytes)
  251 MiB free, entering kernel
Kernel arguments:
    XArg (67724158, 28 bytes): 00000123 00000002 80000000 00000000 10000000 00000000 6d617273
    MREx (7845524d, 384 bytes): 10100000 00000000 00001000 00000000 632d7766 00000000 20000000 00000000 02000000 00000000 73616c66 00000000 00101000 00000000 00001000 00000000 40637472 00000000 10000000 00000000 00001000 00000000 69726573 00000000 00100000 00000000 00001000 00000000 74736574 00000000 10008000 00000000 00001000 00000000 74726976 00000000 10007000 00000000 00001000 00000000 74726976 00000000 10006000 00000000 00001000 00000000 74726976 00000000 10005000 00000000 00001000 00000000 74726976 00000000 10004000 00000000 00001000 00000000 74726976 00000000 10003000 00000000 00001000 00000000 74726976 00000000 10002000 00000000 00001000 00000000 74726976 00000000 10001000 00000000 00001000 00000000 74726976 00000000 0c000000 00000000 00600000 00000000 63696c70 00000000 02000000 00000000 00010000 00000000 6e696c63 00000000 30000000 00000000 10000000 00000000 40696370 00000000
    Ctrl (6c727443, 32 bytes): 0c000000 00000000 00600000 00000000 02000000 00000000 00010000 00000000
    Devs (73766544, 600 bytes): 00000003 00000000 00000000 00000000 00000000 00000000 00000001 10000000 00000000 00001000 00000000 00000000 00000002 0000000a 00000000 00000000 00000000 00000000 00000001 10100000 00000000 00001000 00000000 00000000 00000001 20000000 00000000 02000000 00000000 00000000 00000001 00101000 00000000 00001000 00000000 00000000 00000001 00100000 00000000 00001000 00000000 00000000 00000001 10008000 00000000 00001000 00000000 00000001 00000001 10007000 00000000 00001000 00000000 00000001 00000001 10006000 00000000 00001000 00000000 00000001 00000001 10005000 00000000 00001000 00000000 00000001 00000001 10004000 00000000 00001000 00000000 00000001 00000001 10003000 00000000 00001000 00000000 00000001 00000001 10002000 00000000 00001000 00000000 00000001 00000001 10001000 00000000 00001000 00000000 00000001 00000001 30000000 00000000 10000000 00000000 00000000 00000002 00000001 00000000 00000000 00000000 00000000 00000002 00000002 00000000 00000000 00000000 00000000 00000002 00000003 00000000 00000000 00000000 00000000 00000002 00000004 00000000 00000000 00000000 00000000 00000002 00000005 00000000 00000000 00000000 00000000 00000002 00000006 00000000 00000000 00000000 00000000 00000002 00000007 00000000 00000000 00000000 00000000 00000002 00000008 00000000 00000000 00000000 00000000 00000002 0000000b 00000000 00000000 00000000 00000000
    Plic (63696c50, 24 bytes): 0c000000 00000000 00600000 00000000 00000001 00000000
    Seed (64656553, 32 bytes): 3aa6bc93 16a2e6a8 2617d0a0 9eae6f78 4a132e1b 38d7387c 9587c886 0853f572
    Time (656d6954, 8 bytes): 00989680 00000000
asid: 16 bits
Devices: 25 objects, all held by init
Budgets: root 47307 pages (1235 kept for init), system 11517, users 34553
W^X verified: 38 executable kernel pages, none writable under any alias
Kernel RNG seeded from the loader (32 bytes)
KMAIN (clean boot): Supervisor mode started...
kernel: checks on (debug assertions, overflow checks)

[cluster] calibrated: 10 ticks/us, 24389 iterations/ms
[cluster] ok: child 0 acknowledged its isolated setup wake
CLUSTER-READY 0
[cluster] ok: child 1 acknowledged its isolated setup wake
CLUSTER-READY 1
[cluster] ok: child 2 acknowledged its isolated setup wake
CLUSTER-READY 2
[cluster] ok: child 3 acknowledged its isolated setup wake
CLUSTER-READY 3
[cluster] ok: child 4 acknowledged its isolated setup wake
CLUSTER-READY 4
[cluster] ok: child 5 acknowledged its isolated setup wake
CLUSTER-READY 5
[cluster] ok: child 6 acknowledged its isolated setup wake
CLUSTER-READY 6
[cluster] ok: child 7 acknowledged its isolated setup wake
CLUSTER-READY 7
[cluster] ok: child 8 acknowledged its isolated setup wake
CLUSTER-READY 8
[cluster] ok: child 9 acknowledged its isolated setup wake
CLUSTER-READY 9
[cluster] ok: child 10 acknowledged its isolated setup wake
CLUSTER-READY 10
[cluster] ok: child 11 acknowledged its isolated setup wake
CLUSTER-READY 11
[cluster] ok: child 12 acknowledged its isolated setup wake
CLUSTER-READY 12
[cluster] ok: child 13 acknowledged its isolated setup wake
CLUSTER-READY 13
[cluster] ok: child 14 acknowledged its isolated setup wake
CLUSTER-READY 14
[cluster] ok: child 15 acknowledged its isolated setup wake
CLUSTER-READY 15
[cluster] ok: child 16 acknowledged its isolated setup wake
CLUSTER-READY 16
[cluster] ok: child 17 acknowledged its isolated setup wake
CLUSTER-READY 17
[cluster] ok: child 18 acknowledged its isolated setup wake
CLUSTER-READY 18
CLUSTER-PLAN v3-kernel-envelope 100 300 600 850 200 80000 50000
CLUSTER-WINDOW 825495 875495 16875495
terminate_process: 20
[!] Terminating process with PID 20
terminate_process: 34
[!] Terminating process with PID 34
terminate_process: 93
[!] Terminating process with PID 93
terminate_process: 70
[!] Terminating process with PID 70
terminate_process: 292
[!] Terminating process with PID 292
terminate_process: 316
[!] Terminating process with PID 316
terminate_process: 233
[!] Terminating process with PID 233
terminate_process: 17
[!] Terminating process with PID 17
terminate_process: 307
[!] Terminating process with PID 307
terminate_process: 394
[!] Terminating process with PID 394
terminate_process: 215
[!] Terminating process with PID 215
terminate_process: 81
[!] Terminating process with PID 81
terminate_process: 136
[!] Terminating process with PID 136
terminate_process: 61
[!] Terminating process with PID 61
terminate_process: 5
[!] Terminating process with PID 5
terminate_process: 325
[!] Terminating process with PID 325
terminate_process: 107
[!] Terminating process with PID 107
[cluster] ok: spinner/server 0 ran
[cluster] ok: spinner/server 1 ran
[cluster] ok: spinner/server 2 ran
[cluster] ok: spinner/server 3 ran
[cluster] ok: spinner/server 4 ran
[cluster] ok: spinner/server 5 ran
[cluster] ok: spinner/server 6 ran
[cluster] ok: spinner/server 7 ran
[cluster] ok: spinner/server 8 ran
[cluster] ok: spinner/server 9 ran
[cluster] ok: spinner/server 10 ran
[cluster] ok: spinner/server 11 ran
[cluster] ok: spinner/server 12 ran
[cluster] ok: spinner/server 13 ran
[cluster] ok: spinner/server 14 ran
[cluster] ok: spinner/server 15 ran
[cluster] ok: spinner/server 16 ran
CLUSTER-RAW role=17 child=17 seen=1 words=80300 184488 2147549696 257 tag=1 count=1
CLUSTER-FAIL role=17 index=1 branch=2 result=0 target_us=80300 current_us=184488
[cluster] FAIL: stand-in 17 took all 200 real waits
CLUSTER-RAW role=18 child=18 seen=1 words=80300 190153 2147549696 258 tag=2 count=1
CLUSTER-FAIL role=18 index=1 branch=2 result=0 target_us=80300 current_us=190153
[cluster] FAIL: stand-in 18 took all 200 real waits
CLUSTER-WORK server go..16875495 12183808 spinners 875495..16875495 17433344
LATENCY-COUNT cluster driver_wake 1
CLUSTER-HEADER driver_wake 825495 16875495
CLUSTER-SAMPLE driver_wake 0 0 0 -186244 689251 186344 875595 1059716 1059849 1059850 1791299103611527672 1791299103797871672 1791299103982039360 184167 rtc_ns
LATENCY-SAMPLE cluster driver_wake 1059850 184255
LATENCY-COUNT cluster timer_wake 1
terminate_process: 350
[!] Terminating process with PID 350
CLUSTER-HEADER timer_wake 825495 16875495
CLUSTER-SAMPLE timer_wake 0 0 0 -165265 710230 165365 875595 0 1065521 1065522 0 0 0 0 no_rtc
LATENCY-SAMPLE cluster timer_wake 1065522 189927
system_reset: PowerOff asked for by PID 2
SCHED-TRACE 0 0 G 1 0
SCHED-TRACE 1 0 g 1 0
SCHED-TRACE 2 0 v 1 f4240000b71b0
SCHED-TRACE 3 0 f 1 0
SCHED-TRACE 4 0 N 1 0
SCHED-TRACE 5 0 n 1 0
SCHED-TRACE 6 0 G 1 0
SCHED-TRACE 7 0 g 1 0
SCHED-TRACE 8 0 v 1 b71b0000003e8
SCHED-TRACE 9 0 f 1 0
SCHED-TRACE 10 0 N 1 0
SCHED-TRACE 11 0 n 1 0
SCHED-TRACE 12 1 W 1 0
SCHED-TRACE 13 1 K 1 0
SCHED-TRACE 14 9 P 1 d75810
SCHED-TRACE 15 9 D 1 d75810
SCHED-TRACE 16 11 U 4 bcb
SCHED-TRACE 17 11 V 4 bd3
SCHED-TRACE 18 11 U 3 bd5
SCHED-TRACE 19 11 V 3 e6d
SCHED-TRACE 20 12 W 1 f56872
SCHED-TRACE 21 12 U 4 cf7e
SCHED-TRACE 22 12 V 4 cf89
SCHED-TRACE 23 13 K 1 f56872
SCHED-TRACE 24 15 I 1 f6e5
SCHED-TRACE 25 15 B 1 7a
SCHED-TRACE 26 15 P 1 7312f1a
SCHED-TRACE 27 15 R 1 7312f1a
SCHED-TRACE 28 16 U 4 f734
SCHED-TRACE 29 16 V 4 f742
SCHED-TRACE 30 16 O 0 0
SCHED-TRACE 31 16 P 1 73d5810
SCHED-TRACE 32 17 K 1 73d5810
SCHED-TRACE 33 17 P 1 74ae560
SCHED-TRACE 34 18 I 1 11eb4
SCHED-TRACE 35 18 B 1 7a
SCHED-TRACE 36 18 P 1 d8ac49b
SCHED-TRACE 37 18 R 1 d8ac49b
SCHED-TRACE 38 19 U 4 11f03
SCHED-TRACE 39 19 V 4 11f11
SCHED-TRACE 40 19 O 0 0
SCHED-TRACE 41 19 P 1 d96e978
SCHED-TRACE 42 20 K 1 d96e978
SCHED-TRACE 43 20 P 1 da476c8
SCHED-TRACE 44 21 I 1 14683
SCHED-TRACE 45 21 B 1 7a
SCHED-TRACE 46 21 P 1 13e45a1c
SCHED-TRACE 47 21 R 1 13e45a1c
SCHED-TRACE 48 22 U 4 146d2
SCHED-TRACE 49 22 V 4 146e0
SCHED-TRACE 50 22 O 0 0
SCHED-TRACE 51 22 P 1 13f0872b
SCHED-TRACE 52 23 K 1 13f0872b
SCHED-TRACE 53 23 P 1 13fe147a
SCHED-TRACE 54 24 I 1 16e52
SCHED-TRACE 55 24 B 1 7b
SCHED-TRACE 56 24 P 1 1a3df7ce
SCHED-TRACE 57 24 R 1 1a3df7ce
SCHED-TRACE 58 25 U 4 16ea1
SCHED-TRACE 59 25 V 4 16eaf
SCHED-TRACE 60 25 O 0 0
SCHED-TRACE 61 25 P 1 1a4a20c4
SCHED-TRACE 62 26 K 1 1a4a20c4
SCHED-TRACE 63 26 P 1 1a57ae14
SCHED-TRACE 64 27 I 1 19621
SCHED-TRACE 65 27 B 1 7a
SCHED-TRACE 66 27 P 1 20978d4f
SCHED-TRACE 67 27 R 1 20978d4f
SCHED-TRACE 68 28 U 4 19670
SCHED-TRACE 69 28 V 4 1967e
SCHED-TRACE 70 28 O 0 0
SCHED-TRACE 71 28 P 1 20a3b22d
SCHED-TRACE 72 29 K 1 20a3b22d
SCHED-TRACE 73 29 P 1 20b13f7c
SCHED-TRACE 74 30 I 1 1bdf0
SCHED-TRACE 75 30 B 1 7a
SCHED-TRACE 76 30 P 1 26f122d0
SCHED-TRACE 77 30 R 1 26f122d0
SCHED-TRACE 78 31 U 4 1be3f
SCHED-TRACE 79 31 V 4 1be4d
SCHED-TRACE 80 31 O 0 0
SCHED-TRACE 81 31 P 1 26fd4fdf
SCHED-TRACE 82 32 K 1 26fd4fdf
SCHED-TRACE 83 32 P 1 270ae147
SCHED-TRACE 84 33 I 1 1e5bf
SCHED-TRACE 85 33 B 1 7b
SCHED-TRACE 86 33 P 1 2d4ac49b
SCHED-TRACE 87 33 R 1 2d4ac49b
SCHED-TRACE 88 34 U 4 1e60e
SCHED-TRACE 89 34 V 4 1e61c
SCHED-TRACE 90 34 O 0 0
SCHED-TRACE 91 34 P 1 2d56ed91
SCHED-TRACE 92 35 K 1 2d56ed91
SCHED-TRACE 93 35 P 1 2d647ae1
SCHED-TRACE 94 36 I 1 20d8e
SCHED-TRACE 95 36 B 1 7a
SCHED-TRACE 96 36 P 1 33a45a1c
SCHED-TRACE 97 36 R 1 33a45a1c
SCHED-TRACE 98 37 U 4 20ddd
SCHED-TRACE 99 37 V 4 20deb
SCHED-TRACE 100 37 O 0 0
SCHED-TRACE 101 37 P 1 33b07ef9
SCHED-TRACE 102 38 K 1 33b07ef9
SCHED-TRACE 103 38 P 1 33be0c49
SCHED-TRACE 104 39 I 1 2355d
SCHED-TRACE 105 39 B 1 7a
SCHED-TRACE 106 39 P 1 39fdef9d
SCHED-TRACE 107 39 R 1 39fdef9d
SCHED-TRACE 108 40 U 4 235ac
SCHED-TRACE 109 40 V 4 235ba
SCHED-TRACE 110 40 O 0 0
SCHED-TRACE 111 40 P 1 3a0a1cac
SCHED-TRACE 112 41 K 1 3a0a1cac
SCHED-TRACE 113 41 P 1 3a17ae14
SCHED-TRACE 114 57 I 1 25d4d
SCHED-TRACE 115 57 B 1 7a
SCHED-TRACE 116 57 P 1 40596c8b
SCHED-TRACE 117 57 R 1 40596c8b
SCHED-TRACE 118 58 U 4 25d9c
SCHED-TRACE 119 58 V 4 25daa
SCHED-TRACE 120 58 O 0 0
SCHED-TRACE 121 58 P 1 40659999
SCHED-TRACE 122 59 K 1 40659999
SCHED-TRACE 123 59 P 1 40732b02
SCHED-TRACE 124 77 P 1 41ad126e
SCHED-TRACE 125 77 D 1 41ad126e
SCHED-TRACE 126 79 U 4 2660e
SCHED-TRACE 127 79 V 4 26615
SCHED-TRACE 128 79 U 3 26618
SCHED-TRACE 129 79 V 3 268b0
SCHED-TRACE 130 80 W 1 41cabc6a
SCHED-TRACE 131 81 K 1 41cabc6a
SCHED-TRACE 132 84 I 1 31ba9
SCHED-TRACE 133 84 B 1 7b
SCHED-TRACE 134 84 P 1 5e198937
SCHED-TRACE 135 84 R 1 5e198937
SCHED-TRACE 136 85 U 4 31bf9
SCHED-TRACE 137 85 V 4 31c06
SCHED-TRACE 138 85 O 0 0
SCHED-TRACE 139 85 P 1 5e25b22d
SCHED-TRACE 140 86 K 1 5e25b22d
SCHED-TRACE 141 86 P 1 5e333f7c
SCHED-TRACE 142 88 I 1 3f447
SCHED-TRACE 143 88 B 1 7a
SCHED-TRACE 144 88 P 1 80bce147
SCHED-TRACE 145 88 R 1 80bce147
SCHED-TRACE 146 89 U 4 3f496
SCHED-TRACE 147 89 V 4 3f4a4
SCHED-TRACE 148 89 O 0 0
SCHED-TRACE 149 89 P 1 80c90624
SCHED-TRACE 150 90 K 1 80c90624
SCHED-TRACE 151 90 P 1 80d69374
SCHED-TRACE 152 92 P 1 810d0e56
SCHED-TRACE 153 92 D 1 810d0e56
SCHED-TRACE 154 94 U 4 3f69c
SCHED-TRACE 155 94 V 4 3f6a4
SCHED-TRACE 156 94 U 3 3f6a6
SCHED-TRACE 157 94 V 3 3f93e
SCHED-TRACE 158 95 W 1 812ab439
SCHED-TRACE 159 96 K 1 812ab439
SCHED-TRACE 160 109 U 3 407bc
SCHED-TRACE 161 109 V 3 407de
SCHED-TRACE 162 109 P 1 8324c8b4
SCHED-TRACE 163 109 D 1 8324c8b4
SCHED-TRACE 164 111 U 4 40814
SCHED-TRACE 165 111 V 4 4081c
SCHED-TRACE 166 111 U 3 4081e
SCHED-TRACE 167 111 V 3 40aca
SCHED-TRACE 168 111 U 3 413e5
SCHED-TRACE 169 111 V 3 413f2
SCHED-TRACE 170 112 W 1 83460831
SCHED-TRACE 171 113 K 1 83460831
SCHED-TRACE 172 114 U 3 415aa
SCHED-TRACE 173 114 V 3 415cd
SCHED-TRACE 174 114 P 1 8375f7ce
SCHED-TRACE 175 114 D 1 8375f7ce
SCHED-TRACE 176 116 U 4 41603
SCHED-TRACE 177 116 V 4 4160a
SCHED-TRACE 178 116 U 3 4160d
SCHED-TRACE 179 116 V 3 418b9
SCHED-TRACE 180 116 U 3 421d4
SCHED-TRACE 181 116 V 3 421e1
SCHED-TRACE 182 117 W 1 83972f1a
SCHED-TRACE 183 118 K 1 83972f1a
SCHED-TRACE 184 119 U 3 42399
SCHED-TRACE 185 119 V 3 423bc
SCHED-TRACE 186 119 P 1 83c71a9f
SCHED-TRACE 187 119 D 1 83c71a9f
SCHED-TRACE 188 121 U 4 423f2
SCHED-TRACE 189 121 V 4 423f9
SCHED-TRACE 190 121 U 3 423fc
SCHED-TRACE 191 121 V 3 426a8
SCHED-TRACE 192 121 U 3 42fc3
SCHED-TRACE 193 121 V 3 42fd0
SCHED-TRACE 194 122 W 1 83e85e35
SCHED-TRACE 195 123 K 1 83e85e35
SCHED-TRACE 196 124 U 3 43189
SCHED-TRACE 197 124 V 3 431ab
SCHED-TRACE 198 124 P 1 84184dd2
SCHED-TRACE 199 124 D 1 84184dd2
SCHED-TRACE 200 126 U 4 431e1
SCHED-TRACE 201 126 V 4 431e8
SCHED-TRACE 202 126 U 3 431eb
SCHED-TRACE 203 126 V 3 43497
SCHED-TRACE 204 126 U 3 43db2
SCHED-TRACE 205 126 V 3 43dbf
SCHED-TRACE 206 127 W 1 84398d4f
SCHED-TRACE 207 128 K 1 84398d4f
SCHED-TRACE 208 129 U 3 43f78
SCHED-TRACE 209 129 V 3 43f9a
SCHED-TRACE 210 129 P 1 846978d4
SCHED-TRACE 211 129 D 1 846978d4
SCHED-TRACE 212 131 U 4 43fd0
SCHED-TRACE 213 131 V 4 43fd7
SCHED-TRACE 214 131 U 3 43fda
SCHED-TRACE 215 131 V 3 44286
SCHED-TRACE 216 131 U 3 44ba1
SCHED-TRACE 217 131 V 3 44bae
SCHED-TRACE 218 132 W 1 848ab439
SCHED-TRACE 219 133 K 1 848ab439
SCHED-TRACE 220 134 U 3 44d66
SCHED-TRACE 221 134 V 3 44d89
SCHED-TRACE 222 134 P 1 84baa3d7
SCHED-TRACE 223 134 D 1 84baa3d7
SCHED-TRACE 224 136 U 4 44dbf
SCHED-TRACE 225 136 V 4 44dc6
SCHED-TRACE 226 136 U 3 44dc9
SCHED-TRACE 227 136 V 3 45075
SCHED-TRACE 228 136 U 3 45990
SCHED-TRACE 229 136 V 3 4599d
SCHED-TRACE 230 137 W 1 84dbdf3b
SCHED-TRACE 231 138 K 1 84dbdf3b
SCHED-TRACE 232 139 U 3 45b56
SCHED-TRACE 233 139 V 3 45b78
SCHED-TRACE 234 139 P 1 850bced9
SCHED-TRACE 235 139 D 1 850bced9
SCHED-TRACE 236 141 U 4 45bae
SCHED-TRACE 237 141 V 4 45bb5
SCHED-TRACE 238 141 U 3 45bb8
SCHED-TRACE 239 141 V 3 45e64
SCHED-TRACE 240 141 U 3 4677f
SCHED-TRACE 241 141 V 3 4678c
SCHED-TRACE 242 142 W 1 852d1687
SCHED-TRACE 243 143 K 1 852d1687
SCHED-TRACE 244 144 U 3 46945
SCHED-TRACE 245 144 V 3 46967
SCHED-TRACE 246 144 P 1 855d0624
SCHED-TRACE 247 144 D 1 855d0624
SCHED-TRACE 248 146 U 4 4699d
SCHED-TRACE 249 146 V 4 469a4
SCHED-TRACE 250 146 U 3 469a7
SCHED-TRACE 251 146 V 3 46c53
SCHED-TRACE 252 146 U 3 4756e
SCHED-TRACE 253 146 V 3 4757b
SCHED-TRACE 254 147 W 1 857e4189
SCHED-TRACE 255 148 K 1 857e4189
SCHED-TRACE 256 149 U 3 47734
SCHED-TRACE 257 149 V 3 47756
SCHED-TRACE 258 149 P 1 85ae2d0e
SCHED-TRACE 259 149 D 1 85ae2d0e
SCHED-TRACE 260 151 U 4 4778c
SCHED-TRACE 261 151 V 4 47793
SCHED-TRACE 262 151 U 3 47796
SCHED-TRACE 263 151 V 3 47a42
SCHED-TRACE 264 151 U 3 47c46
SCHED-TRACE 265 151 V 3 47c53
SCHED-TRACE 266 152 W 1 85b64189
SCHED-TRACE 267 153 K 1 85b64189
SCHED-TRACE 268 154 U 3 47e1a
SCHED-TRACE 269 154 V 3 47e3c
SCHED-TRACE 270 154 P 1 85e70624
SCHED-TRACE 271 154 D 1 85e70624
SCHED-TRACE 272 156 U 4 47e72
SCHED-TRACE 273 156 V 4 47e7a
SCHED-TRACE 274 156 U 3 47e7c
SCHED-TRACE 275 156 V 3 48128
SCHED-TRACE 276 158 U 4 482de
SCHED-TRACE 277 158 V 4 482e5
SCHED-TRACE 278 158 U 3 482e7
SCHED-TRACE 279 158 V 3 48594
SCHED-TRACE 280 158 U 3 4ccad
SCHED-TRACE 281 158 V 3 4ccba
SCHED-TRACE 282 159 W 1 860ccccc
SCHED-TRACE 283 159 U 4 4ccde
SCHED-TRACE 284 159 V 4 4cce9
SCHED-TRACE 285 160 K 1 860ccccc
SCHED-TRACE 286 161 P 1 86568312
SCHED-TRACE 287 161 P 1 86600000
SCHED-TRACE 288 161 G 1 86600000
SCHED-TRACE 289 161 g 1 0
SCHED-TRACE 290 161 v 1 3e8000003e8
SCHED-TRACE 291 161 f 1 86600000
SCHED-TRACE 292 161 N 1 86600000
SCHED-TRACE 293 161 n 1 0
SCHED-TRACE 294 162 P 1 86ce2d0e
SCHED-TRACE 295 162 P 1 86d7a5e3
SCHED-TRACE 296 162 G 1 86d7a5e3
SCHED-TRACE 297 162 g 1 148
SCHED-TRACE 298 162 v 1 3e8000003e8
SCHED-TRACE 299 162 f 1 86d7a5e3
SCHED-TRACE 300 162 N 1 86d7a5e3
SCHED-TRACE 301 162 n 1 148
SCHED-TRACE 302 163 G 2 54b4
SCHED-TRACE 303 163 g 2 21ac0
SCHED-TRACE 304 163 v 2 3d0900003cca8
SCHED-TRACE 305 163 f 2 86d7a5e3
SCHED-TRACE 306 163 N 2 86d7a5e3
SCHED-TRACE 307 163 n 2 21ac0
SCHED-TRACE 308 167 U 2 4dbd8
SCHED-TRACE 309 167 V 2 4dd83
SCHED-TRACE 310 167 U 3 4ddf2
SCHED-TRACE 311 167 V 3 4de1f
SCHED-TRACE 312 173 I 1 4f7d9
SCHED-TRACE 313 173 B 1 7a
SCHED-TRACE 314 173 P 1 8c8ec49b
SCHED-TRACE 315 173 R 1 8c8ec49b
SCHED-TRACE 316 174 U 4 4f828
SCHED-TRACE 317 174 V 4 4f837
SCHED-TRACE 318 174 O 0 0
SCHED-TRACE 319 174 P 1 8c9af1a9
SCHED-TRACE 320 175 K 1 8c9af1a9
SCHED-TRACE 321 175 P 1 8ca8978d
SCHED-TRACE 322 180 P 33 8ca8978d
SCHED-TRACE 323 180 W 33 8ca8978d
SCHED-TRACE 324 180 U 3 502d1
SCHED-TRACE 325 180 V 3 5030f
SCHED-TRACE 326 180 P 1 8e495810
SCHED-TRACE 327 180 D 1 8e495810
SCHED-TRACE 328 182 K 33 8ca8978d
SCHED-TRACE 329 183 U 3 5083a
SCHED-TRACE 330 183 V 3 5086a
SCHED-TRACE 331 184 W 1 8e64e560
SCHED-TRACE 332 184 U 3 509ab
SCHED-TRACE 333 184 V 3 509ea
SCHED-TRACE 334 184 P 33 8d933f7c
SCHED-TRACE 335 184 D 33 8d933f7c
SCHED-TRACE 336 186 K 1 8e64e560
SCHED-TRACE 337 187 G 3 0
SCHED-TRACE 338 187 g 3 0
SCHED-TRACE 339 187 v 3 b6dc8000b6d64
SCHED-TRACE 340 187 f 3 8e64e560
SCHED-TRACE 341 187 N 3 8e64e560
SCHED-TRACE 342 187 n 3 0
SCHED-TRACE 343 191 U 2 5139a
SCHED-TRACE 344 191 V 2 51567
SCHED-TRACE 345 191 U 3 515e2
SCHED-TRACE 346 191 V 3 5163d
SCHED-TRACE 347 199 I 1 53489
SCHED-TRACE 348 199 B 1 7a
SCHED-TRACE 349 199 P 1 94c126e9
SCHED-TRACE 350 199 R 1 94c126e9
SCHED-TRACE 351 200 U 4 534d8
SCHED-TRACE 352 200 V 4 534ea
SCHED-TRACE 353 200 O 0 0
SCHED-TRACE 354 200 P 1 94cd53f7
SCHED-TRACE 355 201 K 1 94cd53f7
SCHED-TRACE 356 201 P 1 94db0e56
SCHED-TRACE 357 204 P 36 94db0e56
SCHED-TRACE 358 204 W 36 94db0e56
SCHED-TRACE 359 204 U 3 53aee
SCHED-TRACE 360 204 V 3 53b59
SCHED-TRACE 361 204 P 1 95c049ba
SCHED-TRACE 362 204 D 1 95c049ba
SCHED-TRACE 363 206 K 36 94db0e56
SCHED-TRACE 364 207 U 3 54084
SCHED-TRACE 365 207 V 3 540e1
SCHED-TRACE 366 208 W 1 95dbeb85
SCHED-TRACE 367 208 U 3 54223
SCHED-TRACE 368 208 V 3 5428f
SCHED-TRACE 369 208 P 36 9e0574bc
SCHED-TRACE 370 208 D 36 9e0574bc
SCHED-TRACE 371 210 K 1 95dbeb85
SCHED-TRACE 372 211 G 3 8e64e560
SCHED-TRACE 373 211 g 3 0
SCHED-TRACE 374 211 v 3 b6d64000b6d00
SCHED-TRACE 375 211 f 3 95dbeb85
SCHED-TRACE 376 211 N 3 95dbeb85
SCHED-TRACE 377 211 n 3 0
SCHED-TRACE 378 215 U 2 54c8b
SCHED-TRACE 379 215 V 2 54e79
SCHED-TRACE 380 215 U 3 54f01
SCHED-TRACE 381 215 V 3 54f89
SCHED-TRACE 382 222 I 1 56ce2
SCHED-TRACE 383 222 B 1 7a
SCHED-TRACE 384 222 P 1 9c1f851e
SCHED-TRACE 385 222 R 1 9c1f851e
SCHED-TRACE 386 223 U 4 56d31
SCHED-TRACE 387 223 V 4 56d45
SCHED-TRACE 388 223 O 0 0
SCHED-TRACE 389 223 P 1 9c2bae14
SCHED-TRACE 390 224 K 1 9c2bae14
SCHED-TRACE 391 224 P 1 9c397ced
SCHED-TRACE 392 228 P 39 9c397ced
SCHED-TRACE 393 228 W 39 9c397ced
SCHED-TRACE 394 228 U 3 5743c
SCHED-TRACE 395 228 V 3 574d5
SCHED-TRACE 396 228 P 1 9d456041
SCHED-TRACE 397 228 D 1 9d456041
SCHED-TRACE 398 230 K 39 9c397ced
SCHED-TRACE 399 231 U 3 57a01
SCHED-TRACE 400 231 V 3 57a8b
SCHED-TRACE 401 232 W 1 9d611a9f
SCHED-TRACE 402 232 U 3 57bcd
SCHED-TRACE 403 232 V 3 57c66
SCHED-TRACE 404 232 P 39 a5640c49
SCHED-TRACE 405 232 D 39 a5640c49
SCHED-TRACE 406 234 K 1 9d611a9f
SCHED-TRACE 407 235 G 3 95dbeb85
SCHED-TRACE 408 235 g 3 0
SCHED-TRACE 409 235 v 3 b6d00000b6c9c
SCHED-TRACE 410 235 f 3 9d611a9f
SCHED-TRACE 411 235 N 3 9d611a9f
SCHED-TRACE 412 235 n 3 0
SCHED-TRACE 413 239 U 2 58680
SCHED-TRACE 414 239 V 2 58890
SCHED-TRACE 415 239 U 3 58924
SCHED-TRACE 416 239 V 3 589d9
SCHED-TRACE 417 246 I 1 5a733
SCHED-TRACE 418 246 B 1 7b
SCHED-TRACE 419 246 P 1 a3ab5810
SCHED-TRACE 420 246 R 1 a3ab5810
SCHED-TRACE 421 247 U 4 5a782
SCHED-TRACE 422 247 V 4 5a797
SCHED-TRACE 423 247 O 0 0
SCHED-TRACE 424 247 P 1 a3b78106
SCHED-TRACE 425 248 K 1 a3b78106
SCHED-TRACE 426 248 P 1 a3c56872
SCHED-TRACE 427 252 P 42 a3c56872
SCHED-TRACE 428 252 W 42 a3c56872
SCHED-TRACE 429 252 U 3 5ae8f
SCHED-TRACE 430 252 V 3 5af56
SCHED-TRACE 431 252 P 1 a4d147ae
SCHED-TRACE 432 252 D 1 a4d147ae
SCHED-TRACE 433 254 K 42 a3c56872
SCHED-TRACE 434 255 U 3 5b481
SCHED-TRACE 435 255 V 3 5b53a
SCHED-TRACE 436 256 W 1 a4ed1687
SCHED-TRACE 437 256 U 3 5b67b
SCHED-TRACE 438 256 V 3 5b742
SCHED-TRACE 439 256 P 42 acf020c3
SCHED-TRACE 440 256 D 42 acf020c3
SCHED-TRACE 441 258 K 1 a4ed1687
SCHED-TRACE 442 259 G 3 9d611a9f
SCHED-TRACE 443 259 g 3 0
SCHED-TRACE 444 259 v 3 b6c9c000b6c38
SCHED-TRACE 445 259 f 3 a4ed1687
SCHED-TRACE 446 259 N 3 a4ed1687
SCHED-TRACE 447 259 n 3 0
SCHED-TRACE 448 263 U 2 5c18e
SCHED-TRACE 449 263 V 2 5c3bf
SCHED-TRACE 450 263 U 3 5c45f
SCHED-TRACE 451 263 V 3 5c543
SCHED-TRACE 452 270 I 1 5e29c
SCHED-TRACE 453 270 B 1 7a
SCHED-TRACE 454 270 P 1 ab4147ae
SCHED-TRACE 455 270 R 1 ab4147ae
SCHED-TRACE 456 271 U 4 5e2eb
SCHED-TRACE 457 271 V 4 5e303
SCHED-TRACE 458 271 O 0 0
SCHED-TRACE 459 271 P 1 ab4d70a3
SCHED-TRACE 460 272 K 1 ab4d70a3
SCHED-TRACE 461 272 P 1 ab5b6872
SCHED-TRACE 462 276 P 45 ab5b6872
SCHED-TRACE 463 276 W 45 ab5b6872
SCHED-TRACE 464 276 U 3 5e9fb
SCHED-TRACE 465 276 V 3 5eaef
SCHED-TRACE 466 276 P 1 ac6747ae
SCHED-TRACE 467 276 D 1 ac6747ae
SCHED-TRACE 468 278 K 45 ab5b6872
SCHED-TRACE 469 279 U 3 5f01b
SCHED-TRACE 470 279 V 3 5f101
SCHED-TRACE 471 280 W 1 ac832b02
SCHED-TRACE 472 280 U 3 5f243
SCHED-TRACE 473 280 V 3 5f337
SCHED-TRACE 474 280 P 45 b485ced8
SCHED-TRACE 475 280 D 45 b485ced8
SCHED-TRACE 476 282 K 1 ac832b02
SCHED-TRACE 477 283 G 3 a4ed1687
SCHED-TRACE 478 283 g 3 0
SCHED-TRACE 479 283 v 3 b6c38000b6bd4
SCHED-TRACE 480 283 f 3 ac832b02
SCHED-TRACE 481 283 N 3 ac832b02
SCHED-TRACE 482 283 n 3 0
SCHED-TRACE 483 287 U 2 5fdaa
SCHED-TRACE 484 287 V 2 5fffc
SCHED-TRACE 485 287 U 3 600a9
SCHED-TRACE 486 287 V 3 601b9
SCHED-TRACE 487 294 I 1 61f13
SCHED-TRACE 488 294 B 1 7a
SCHED-TRACE 489 294 P 1 b2df8106
SCHED-TRACE 490 294 R 1 b2df8106
SCHED-TRACE 491 295 U 4 61f62
SCHED-TRACE 492 295 V 4 61f7b
SCHED-TRACE 493 295 O 0 0
SCHED-TRACE 494 295 P 1 b2eba9fb
SCHED-TRACE 495 296 K 1 b2eba9fb
SCHED-TRACE 496 296 P 1 b2f9ba5e
SCHED-TRACE 497 300 P 48 b2f9ba5e
SCHED-TRACE 498 300 W 48 b2f9ba5e
SCHED-TRACE 499 300 U 3 62674
SCHED-TRACE 500 300 V 3 62795
SCHED-TRACE 501 300 P 1 b4059999
SCHED-TRACE 502 300 D 1 b4059999
SCHED-TRACE 503 302 K 48 b2f9ba5e
SCHED-TRACE 504 303 U 3 62cc2
SCHED-TRACE 505 303 V 3 62dd6
SCHED-TRACE 506 304 W 1 b4218d4f
SCHED-TRACE 507 304 U 3 62f17
SCHED-TRACE 508 304 V 3 63039
SCHED-TRACE 509 304 P 48 bc2449ba
SCHED-TRACE 510 304 D 48 bc2449ba
SCHED-TRACE 511 306 K 1 b4218d4f
SCHED-TRACE 512 307 G 3 ac832b02
SCHED-TRACE 513 307 g 3 0
SCHED-TRACE 514 307 v 3 b6bd4000b6b70
SCHED-TRACE 515 307 f 3 b4218d4f
SCHED-TRACE 516 307 N 3 b4218d4f
SCHED-TRACE 517 307 n 3 0
SCHED-TRACE 518 311 U 2 63a80
SCHED-TRACE 519 311 V 2 63cf5
SCHED-TRACE 520 311 U 3 63d12
SCHED-TRACE 521 311 V 3 63e50
SCHED-TRACE 522 318 I 1 65baa
SCHED-TRACE 523 318 B 1 7a
SCHED-TRACE 524 318 P 1 ba5fba5e
SCHED-TRACE 525 318 R 1 ba5fba5e
SCHED-TRACE 526 319 U 4 65bf9
SCHED-TRACE 527 319 V 4 65c14
SCHED-TRACE 528 319 O 0 0
SCHED-TRACE 529 319 P 1 ba6bdf3b
SCHED-TRACE 530 320 K 1 ba6bdf3b
SCHED-TRACE 531 320 P 1 ba7a0418
SCHED-TRACE 532 324 P 51 ba7a0418
SCHED-TRACE 533 324 W 51 ba7a0418
SCHED-TRACE 534 324 U 3 6630d
SCHED-TRACE 535 324 V 3 6645c
SCHED-TRACE 536 324 P 1 bb85df3b
SCHED-TRACE 537 324 D 1 bb85df3b
SCHED-TRACE 538 326 K 51 ba7a0418
SCHED-TRACE 539 327 U 3 66989
SCHED-TRACE 540 327 V 3 66aca
SCHED-TRACE 541 328 W 1 bba1eb85
SCHED-TRACE 542 328 U 3 66c0c
SCHED-TRACE 543 328 V 3 66d5b
SCHED-TRACE 544 328 P 51 c3a49374
SCHED-TRACE 545 328 D 51 c3a49374
SCHED-TRACE 546 330 K 1 bba1eb85
SCHED-TRACE 547 331 G 3 b4218d4f
SCHED-TRACE 548 331 g 3 0
SCHED-TRACE 549 331 v 3 b6b70000b6b0c
SCHED-TRACE 550 331 f 3 bba1eb85
SCHED-TRACE 551 331 N 3 bba1eb85
SCHED-TRACE 552 331 n 3 0
SCHED-TRACE 553 335 U 2 675e3
SCHED-TRACE 554 335 V 2 67879
SCHED-TRACE 555 335 U 3 678a2
SCHED-TRACE 556 335 V 3 67a0e
SCHED-TRACE 557 344 I 1 69976
SCHED-TRACE 558 344 B 1 7a
SCHED-TRACE 559 344 P 1 c1ee45a1
SCHED-TRACE 560 344 R 1 c1ee45a1
SCHED-TRACE 561 345 U 4 699c5
SCHED-TRACE 562 345 V 4 699e3
SCHED-TRACE 563 345 O 0 0
SCHED-TRACE 564 345 P 1 c1fa6e97
SCHED-TRACE 565 346 K 1 c1fa6e97
SCHED-TRACE 566 346 P 1 c208a7ef
SCHED-TRACE 567 348 P 54 c208a7ef
SCHED-TRACE 568 348 W 54 c208a7ef
SCHED-TRACE 569 348 U 3 69ecd
SCHED-TRACE 570 348 V 3 6a04a
SCHED-TRACE 571 348 P 1 c2c0b020
SCHED-TRACE 572 348 D 1 c2c0b020
SCHED-TRACE 573 350 K 54 c208a7ef
SCHED-TRACE 574 351 U 3 6a578
SCHED-TRACE 575 351 V 3 6a6e6
SCHED-TRACE 576 352 W 1 c2dcd0e5
SCHED-TRACE 577 352 U 3 6a828
SCHED-TRACE 578 352 V 3 6a9a5
SCHED-TRACE 579 352 P 54 cb33374b
SCHED-TRACE 580 352 D 54 cb33374b
SCHED-TRACE 581 354 K 1 c2dcd0e5
SCHED-TRACE 582 355 G 3 bba1eb85
SCHED-TRACE 583 355 g 3 0
SCHED-TRACE 584 355 v 3 b6b0c000b6aa8
SCHED-TRACE 585 355 f 3 c2dcd0e5
SCHED-TRACE 586 355 N 3 c2dcd0e5
SCHED-TRACE 587 355 n 3 0
SCHED-TRACE 588 359 U 2 6b24b
SCHED-TRACE 589 359 V 2 6b503
SCHED-TRACE 590 359 U 3 6b539
SCHED-TRACE 591 359 V 3 6b6d2
SCHED-TRACE 592 368 I 1 6d63a
SCHED-TRACE 593 368 B 1 7a
SCHED-TRACE 594 368 P 1 c92feb85
SCHED-TRACE 595 368 R 1 c92feb85
SCHED-TRACE 596 369 U 4 6d689
SCHED-TRACE 597 369 V 4 6d6a8
SCHED-TRACE 598 369 O 0 0
SCHED-TRACE 599 369 P 1 c93c147a
SCHED-TRACE 600 370 K 1 c93c147a
SCHED-TRACE 601 370 P 1 c94a6666
SCHED-TRACE 602 372 P 57 c94a6666
SCHED-TRACE 603 372 W 57 c94a6666
SCHED-TRACE 604 372 U 3 6db94
SCHED-TRACE 605 372 V 3 6dd3e
SCHED-TRACE 606 372 P 1 ca0272b0
SCHED-TRACE 607 372 D 1 ca0272b0
SCHED-TRACE 608 374 K 57 c94a6666
SCHED-TRACE 609 375 U 3 6e26c
SCHED-TRACE 610 375 V 3 6e408
SCHED-TRACE 611 376 W 1 ca1ea7ef
SCHED-TRACE 612 376 U 3 6e54a
SCHED-TRACE 613 376 V 3 6e6f4
SCHED-TRACE 614 376 P 57 d274f5c2
SCHED-TRACE 615 376 D 57 d274f5c2
SCHED-TRACE 616 378 K 1 ca1ea7ef
SCHED-TRACE 617 379 G 3 c2dcd0e5
SCHED-TRACE 618 379 g 3 0
SCHED-TRACE 619 379 v 3 b6aa8000b6a44
SCHED-TRACE 620 379 f 3 ca1ea7ef
SCHED-TRACE 621 379 N 3 ca1ea7ef
SCHED-TRACE 622 379 n 3 0
SCHED-TRACE 623 383 U 2 6efe5
SCHED-TRACE 624 383 V 2 6f2be
SCHED-TRACE 625 383 U 3 6f300
SCHED-TRACE 626 383 V 3 6f4c6
SCHED-TRACE 627 392 I 1 7142e
SCHED-TRACE 628 392 B 1 7a
SCHED-TRACE 629 392 P 1 d07f78d4
SCHED-TRACE 630 392 R 1 d07f78d4
SCHED-TRACE 631 393 U 4 7147e
SCHED-TRACE 632 393 V 4 7149f
SCHED-TRACE 633 393 O 0 0
SCHED-TRACE 634 393 P 1 d08ba1ca
SCHED-TRACE 635 394 K 1 d08ba1ca
SCHED-TRACE 636 394 P 1 d09a0831
SCHED-TRACE 637 396 P 60 d09a0831
SCHED-TRACE 638 396 W 60 d09a0831
SCHED-TRACE 639 396 U 3 7198b
SCHED-TRACE 640 396 V 3 71b62
SCHED-TRACE 641 396 P 1 d1521893
SCHED-TRACE 642 396 D 1 d1521893
SCHED-TRACE 643 398 K 60 d09a0831
SCHED-TRACE 644 399 U 3 72092
SCHED-TRACE 645 399 V 3 7225b
SCHED-TRACE 646 400 W 1 d16e6666
SCHED-TRACE 647 400 U 3 7239d
SCHED-TRACE 648 400 V 3 72574
SCHED-TRACE 649 400 P 60 d9c4c082
SCHED-TRACE 650 400 D 60 d9c4c082
SCHED-TRACE 651 402 K 1 d16e6666
SCHED-TRACE 652 403 G 3 ca1ea7ef
SCHED-TRACE 653 403 g 3 0
SCHED-TRACE 654 403 v 3 b6a44000b69e0
SCHED-TRACE 655 403 f 3 d16e6666
SCHED-TRACE 656 403 N 3 d16e6666
SCHED-TRACE 657 403 n 3 0
SCHED-TRACE 658 407 U 2 72e85
SCHED-TRACE 659 407 V 2 7317f
SCHED-TRACE 660 407 U 3 731cd
SCHED-TRACE 661 407 V 3 733c1
SCHED-TRACE 662 415 I 1 7520e
SCHED-TRACE 663 415 B 1 7a
SCHED-TRACE 664 415 P 1 d7a8f9db
SCHED-TRACE 665 415 R 1 d7a8f9db
SCHED-TRACE 666 416 U 4 7525d
SCHED-TRACE 667 416 V 4 75280
SCHED-TRACE 668 416 O 0 0
SCHED-TRACE 669 416 P 1 d7b526e9
SCHED-TRACE 670 417 K 1 d7b526e9
SCHED-TRACE 671 417 P 1 d7c3a5e3
SCHED-TRACE 672 420 P 63 d7c3a5e3
SCHED-TRACE 673 420 W 63 d7c3a5e3
SCHED-TRACE 674 420 U 3 75888
SCHED-TRACE 675 420 V 3 75a8e
SCHED-TRACE 676 420 P 1 d8a8dd2f
SCHED-TRACE 677 420 D 1 d8a8dd2f
SCHED-TRACE 678 422 K 63 d7c3a5e3
SCHED-TRACE 679 423 U 3 75fbd
SCHED-TRACE 680 423 V 3 761b4
SCHED-TRACE 681 424 W 1 d8c54395
SCHED-TRACE 682 424 U 3 762f6
SCHED-TRACE 683 424 V 3 764fb
SCHED-TRACE 684 424 P 63 e0ee353f
SCHED-TRACE 685 424 D 63 e0ee353f
SCHED-TRACE 686 426 K 1 d8c54395
SCHED-TRACE 687 427 G 3 d16e6666
SCHED-TRACE 688 427 g 3 0
SCHED-TRACE 689 427 v 3 b69e0000b697c
SCHED-TRACE 690 427 f 3 d8c54395
SCHED-TRACE 691 427 N 3 d8c54395
SCHED-TRACE 692 427 n 3 0
SCHED-TRACE 693 431 U 2 76e2b
SCHED-TRACE 694 431 V 2 77146
SCHED-TRACE 695 431 U 3 771a0
SCHED-TRACE 696 431 V 3 773c2
SCHED-TRACE 697 439 I 1 7920f
SCHED-TRACE 698 439 B 1 7a
SCHED-TRACE 699 439 P 1 df06ac08
SCHED-TRACE 700 439 R 1 df06ac08
SCHED-TRACE 701 440 U 4 7925e
SCHED-TRACE 702 440 V 4 79283
SCHED-TRACE 703 440 O 0 0
SCHED-TRACE 704 440 P 1 df12d4fd
SCHED-TRACE 705 441 K 1 df12d4fd
SCHED-TRACE 706 441 P 1 df216872
SCHED-TRACE 707 444 P 66 df216872
SCHED-TRACE 708 444 W 66 df216872
SCHED-TRACE 709 444 U 3 7988b
SCHED-TRACE 710 444 V 3 79abe
SCHED-TRACE 711 444 P 1 e006a3d7
SCHED-TRACE 712 444 D 1 e006a3d7
SCHED-TRACE 713 446 K 66 df216872
SCHED-TRACE 714 447 U 3 79fee
SCHED-TRACE 715 447 V 3 7a213
SCHED-TRACE 716 448 W 1 e0231eb8
SCHED-TRACE 717 448 U 3 7a354
SCHED-TRACE 718 448 V 3 7a587
SCHED-TRACE 719 448 P 66 e84bf7ce
SCHED-TRACE 720 448 D 66 e84bf7ce
SCHED-TRACE 721 450 K 1 e0231eb8
SCHED-TRACE 722 451 G 3 d8c54395
SCHED-TRACE 723 451 g 3 0
SCHED-TRACE 724 451 v 3 b697c000b6918
SCHED-TRACE 725 451 f 3 e0231eb8
SCHED-TRACE 726 451 N 3 e0231eb8
SCHED-TRACE 727 451 n 3 0
SCHED-TRACE 728 455 U 2 7aefc
SCHED-TRACE 729 455 V 2 7b239
SCHED-TRACE 730 455 U 3 7b2a0
SCHED-TRACE 731 455 V 3 7b4ef
SCHED-TRACE 732 463 I 1 7d33b
SCHED-TRACE 733 463 B 1 7a
SCHED-TRACE 734 463 P 1 e67178d4
SCHED-TRACE 735 463 R 1 e67178d4
SCHED-TRACE 736 464 U 4 7d38a
SCHED-TRACE 737 464 V 4 7d3b1
SCHED-TRACE 738 464 O 0 0
SCHED-TRACE 739 464 P 1 e67da1ca
SCHED-TRACE 740 465 K 1 e67da1ca
SCHED-TRACE 741 465 P 1 e68c49ba
SCHED-TRACE 742 468 P 69 e68c49ba
SCHED-TRACE 743 468 W 69 e68c49ba
SCHED-TRACE 744 468 U 3 7d9ba
SCHED-TRACE 745 468 V 3 7dc1b
SCHED-TRACE 746 468 P 1 e771851e
SCHED-TRACE 747 468 D 1 e771851e
SCHED-TRACE 748 470 K 69 e68c49ba
SCHED-TRACE 749 471 U 3 7e14b
SCHED-TRACE 750 471 V 3 7e39d
SCHED-TRACE 751 472 W 1 e78e147a
SCHED-TRACE 752 472 U 3 7e4df
SCHED-TRACE 753 472 V 3 7e73f
SCHED-TRACE 754 472 P 69 efb6d916
SCHED-TRACE 755 472 D 69 efb6d916
SCHED-TRACE 756 474 K 1 e78e147a
SCHED-TRACE 757 475 G 3 e0231eb8
SCHED-TRACE 758 475 g 3 0
SCHED-TRACE 759 475 v 3 b6918000b68b4
SCHED-TRACE 760 475 f 3 e78e147a
SCHED-TRACE 761 475 N 3 e78e147a
SCHED-TRACE 762 475 n 3 0
SCHED-TRACE 763 479 U 2 7f0ed
SCHED-TRACE 764 479 V 2 7f44b
SCHED-TRACE 765 479 U 3 7f4be
SCHED-TRACE 766 479 V 3 7f73b
SCHED-TRACE 767 487 I 1 81587
SCHED-TRACE 768 487 B 1 7a
SCHED-TRACE 769 487 P 1 ede78106
SCHED-TRACE 770 487 R 1 ede78106
SCHED-TRACE 771 488 U 4 815d6
SCHED-TRACE 772 488 V 4 815ff
SCHED-TRACE 773 488 O 0 0
SCHED-TRACE 774 488 P 1 edf3a9fb
SCHED-TRACE 775 489 K 1 edf3a9fb
SCHED-TRACE 776 489 P 1 ee026666
SCHED-TRACE 777 492 P 72 ee026666
SCHED-TRACE 778 492 W 72 ee026666
SCHED-TRACE 779 492 U 3 81c09
SCHED-TRACE 780 492 V 3 81e96
SCHED-TRACE 781 492 P 1 eee7a1ca
SCHED-TRACE 782 492 D 1 eee7a1ca
SCHED-TRACE 783 494 K 72 ee026666
SCHED-TRACE 784 495 U 3 823c8
SCHED-TRACE 785 495 V 3 82647
SCHED-TRACE 786 496 W 1 ef0445a1
SCHED-TRACE 787 496 U 3 82789
SCHED-TRACE 788 496 V 3 82a16
SCHED-TRACE 789 496 P 72 f72d1eb7
SCHED-TRACE 790 496 D 72 f72d1eb7
SCHED-TRACE 791 498 K 1 ef0445a1
SCHED-TRACE 792 499 G 3 e78e147a
SCHED-TRACE 793 499 g 3 0
SCHED-TRACE 794 499 v 3 b68b4000b6850
SCHED-TRACE 795 499 f 3 ef0445a1
SCHED-TRACE 796 499 N 3 ef0445a1
SCHED-TRACE 797 499 n 3 0
SCHED-TRACE 798 503 U 2 833da
SCHED-TRACE 799 503 V 2 8375a
SCHED-TRACE 800 503 U 3 837d9
SCHED-TRACE 801 503 V 3 83a83
SCHED-TRACE 802 510 I 1 857dc
SCHED-TRACE 803 510 B 1 7a
SCHED-TRACE 804 510 P 1 f53c6a7e
SCHED-TRACE 805 510 R 1 f53c6a7e
SCHED-TRACE 806 511 U 4 8582b
SCHED-TRACE 807 511 V 4 85856
SCHED-TRACE 808 511 O 0 0
SCHED-TRACE 809 511 P 1 f5489374
SCHED-TRACE 810 512 K 1 f5489374
SCHED-TRACE 811 512 P 1 f5576041
SCHED-TRACE 812 516 P 75 f5576041
SCHED-TRACE 813 516 W 75 f5576041
SCHED-TRACE 814 516 U 3 85f53
SCHED-TRACE 815 516 V 3 8620e
SCHED-TRACE 816 516 P 1 f6634395
SCHED-TRACE 817 516 D 1 f6634395
SCHED-TRACE 818 518 K 75 f5576041
SCHED-TRACE 819 519 U 3 86740
SCHED-TRACE 820 519 V 3 869ed
SCHED-TRACE 821 520 W 1 f67ffbe7
SCHED-TRACE 822 520 U 3 86b2e
SCHED-TRACE 823 520 V 3 86dea
SCHED-TRACE 824 520 P 75 fe821892
SCHED-TRACE 825 520 D 75 fe821892
SCHED-TRACE 826 522 K 1 f67ffbe7
SCHED-TRACE 827 523 G 3 ef0445a1
SCHED-TRACE 828 523 g 3 0
SCHED-TRACE 829 523 v 3 b6850000b67ec
SCHED-TRACE 830 523 f 3 f67ffbe7
SCHED-TRACE 831 523 N 3 f67ffbe7
SCHED-TRACE 832 523 n 3 0
SCHED-TRACE 833 527 U 2 877e2
SCHED-TRACE 834 527 V 2 87b83
SCHED-TRACE 835 527 U 3 87c0d
SCHED-TRACE 836 527 V 3 87ee5
SCHED-TRACE 837 534 I 1 89c3f
SCHED-TRACE 838 534 B 1 7a
SCHED-TRACE 839 534 P 1 fcc245a1
SCHED-TRACE 840 534 R 1 fcc245a1
SCHED-TRACE 841 535 U 4 89c8e
SCHED-TRACE 842 535 V 4 89cba
SCHED-TRACE 843 535 O 0 0
SCHED-TRACE 844 535 P 1 fcce6a7e
SCHED-TRACE 845 536 K 1 fcce6a7e
SCHED-TRACE 846 536 P 1 fcdd4fdf
SCHED-TRACE 847 540 P 78 fcdd4fdf
SCHED-TRACE 848 540 W 78 fcdd4fdf
SCHED-TRACE 849 540 U 3 8a3b8
SCHED-TRACE 850 540 V 3 8a6a0
SCHED-TRACE 851 540 P 1 fde92b02
SCHED-TRACE 852 540 D 1 fde92b02
SCHED-TRACE 853 542 K 78 fcdd4fdf
SCHED-TRACE 854 543 U 3 8abd3
SCHED-TRACE 855 543 V 3 8aead
SCHED-TRACE 856 544 W 1 fe05fbe7
SCHED-TRACE 857 544 U 3 8afef
SCHED-TRACE 858 544 V 3 8b2d7
SCHED-TRACE 859 544 P 78 10607b645
SCHED-TRACE 860 544 D 78 10607b645
SCHED-TRACE 861 546 K 1 fe05fbe7
SCHED-TRACE 862 547 G 3 f67ffbe7
SCHED-TRACE 863 547 g 3 0
SCHED-TRACE 864 547 v 3 b67ec000b6788
SCHED-TRACE 865 547 f 3 fe05fbe7
SCHED-TRACE 866 547 N 3 fe05fbe7
SCHED-TRACE 867 547 n 3 0
SCHED-TRACE 868 551 U 2 8bd18
SCHED-TRACE 869 551 V 2 8c0da
SCHED-TRACE 870 551 U 3 8c171
SCHED-TRACE 871 551 V 3 8c476
SCHED-TRACE 872 558 I 1 8e1d0
SCHED-TRACE 873 558 B 1 7a
SCHED-TRACE 874 558 P 1 10455b645
SCHED-TRACE 875 558 R 1 10455b645
SCHED-TRACE 876 559 U 4 8e21f
SCHED-TRACE 877 559 V 4 8e24d
SCHED-TRACE 878 559 O 0 0
SCHED-TRACE 879 559 P 1 10461db22
SCHED-TRACE 880 560 K 1 10461db22
SCHED-TRACE 881 560 P 1 10470d4fd
SCHED-TRACE 882 564 P 81 10470d4fd
SCHED-TRACE 883 564 W 81 10470d4fd
SCHED-TRACE 884 564 U 3 8e94b
SCHED-TRACE 885 564 V 3 8ec61
SCHED-TRACE 886 564 P 1 1057cb439
SCHED-TRACE 887 564 D 1 1057cb439
SCHED-TRACE 888 566 K 81 10470d4fd
SCHED-TRACE 889 567 U 3 8f194
SCHED-TRACE 890 567 V 3 8f49c
SCHED-TRACE 891 568 W 1 105999581
SCHED-TRACE 892 568 U 3 8f5dd
SCHED-TRACE 893 568 V 3 8f8f4
SCHED-TRACE 894 568 P 81 10d9b6459
SCHED-TRACE 895 568 D 81 10d9b6459
SCHED-TRACE 896 570 K 1 105999581
SCHED-TRACE 897 571 G 2 86d7a5e3
SCHED-TRACE 898 571 g 2 21ac0
SCHED-TRACE 899 571 v 2 3cca80003c8c0
SCHED-TRACE 900 571 f 2 105999581
SCHED-TRACE 901 571 N 2 105999581
SCHED-TRACE 902 571 n 2 21ac0
SCHED-TRACE 903 575 U 2 9036b
SCHED-TRACE 904 575 V 2 9074e
SCHED-TRACE 905 575 U 3 907f1
SCHED-TRACE 906 575 V 3 90b24
SCHED-TRACE 907 582 I 1 9287e
SCHED-TRACE 908 582 B 1 7b
SCHED-TRACE 909 582 P 1 10bf40418
SCHED-TRACE 910 582 R 1 10bf40418
SCHED-TRACE 911 583 U 4 928cd
SCHED-TRACE 912 583 V 4 928fd
SCHED-TRACE 913 583 O 0 0
SCHED-TRACE 914 583 P 1 10c002d0e
SCHED-TRACE 915 584 K 1 10c002d0e
SCHED-TRACE 916 584 P 1 10c0f3b64
SCHED-TRACE 917 588 P 84 10c0f3b64
SCHED-TRACE 918 588 W 84 10c0f3b64
SCHED-TRACE 919 588 U 3 9315b
SCHED-TRACE 920 588 V 3 9349f
SCHED-TRACE 921 588 P 1 10d5353f7
SCHED-TRACE 922 588 D 1 10d5353f7
SCHED-TRACE 923 590 K 84 10c0f3b64
SCHED-TRACE 924 591 U 3 939d2
SCHED-TRACE 925 591 V 3 93d08
SCHED-TRACE 926 592 W 1 10d7049ba
SCHED-TRACE 927 592 U 3 93e49
SCHED-TRACE 928 592 V 3 9418d
SCHED-TRACE 929 592 P 84 10cf9eb84
SCHED-TRACE 930 592 D 84 10cf9eb84
SCHED-TRACE 931 594 K 1 10d7049ba
SCHED-TRACE 932 595 G 2 105999581
SCHED-TRACE 933 595 g 2 21ac0
SCHED-TRACE 934 595 v 2 3c8c00003c4d8
SCHED-TRACE 935 595 f 2 10d7049ba
SCHED-TRACE 936 595 N 2 10d7049ba
SCHED-TRACE 937 595 n 2 21ac0
SCHED-TRACE 938 599 U 2 94c24
SCHED-TRACE 939 599 V 2 95029
SCHED-TRACE 940 599 U 3 950d8
SCHED-TRACE 941 599 V 3 95438
SCHED-TRACE 942 606 I 1 97192
SCHED-TRACE 943 606 B 1 7b
SCHED-TRACE 944 606 P 1 113d1be76
SCHED-TRACE 945 606 R 1 113d1be76
SCHED-TRACE 946 607 U 4 971e2
SCHED-TRACE 947 607 V 4 97214
SCHED-TRACE 948 607 O 0 0
SCHED-TRACE 949 607 P 1 113dde76c
SCHED-TRACE 950 608 K 1 113dde76c
SCHED-TRACE 951 608 P 1 113ed0a3d
SCHED-TRACE 952 612 P 87 113ed0a3d
SCHED-TRACE 953 612 W 87 113ed0a3d
SCHED-TRACE 954 612 U 3 979a4
SCHED-TRACE 955 612 V 3 97d15
SCHED-TRACE 956 612 P 1 1151028f5
SCHED-TRACE 957 612 D 1 1151028f5
SCHED-TRACE 958 614 K 87 113ed0a3d
SCHED-TRACE 959 615 U 3 98249
SCHED-TRACE 960 615 V 3 985ac
SCHED-TRACE 961 616 W 1 1152d3333
SCHED-TRACE 962 616 U 3 986ed
SCHED-TRACE 963 616 V 3 98a5f
SCHED-TRACE 964 616 P 87 114d7ba5d
SCHED-TRACE 965 616 D 87 114d7ba5d
SCHED-TRACE 966 618 K 1 1152d3333
SCHED-TRACE 967 620 U 3 98fe1
SCHED-TRACE 968 620 V 3 99344
SCHED-TRACE 969 621 P 33 1152d3333
SCHED-TRACE 970 621 W 33 1152d3333
SCHED-TRACE 971 621 U 3 997ea
SCHED-TRACE 972 621 V 3 99b3e
SCHED-TRACE 973 622 P 36 1152d3333
SCHED-TRACE 974 622 W 36 1152d3333
SCHED-TRACE 975 622 U 4 99b72
SCHED-TRACE 976 622 V 4 99bae
SCHED-TRACE 977 622 U 3 9a029
SCHED-TRACE 978 622 V 3 9a36e
SCHED-TRACE 979 623 P 39 1152d3333
SCHED-TRACE 980 623 W 39 1152d3333
SCHED-TRACE 981 623 U 3 9a821
SCHED-TRACE 982 623 V 3 9ab58
SCHED-TRACE 983 624 P 42 1152d3333
SCHED-TRACE 984 624 W 42 1152d3333
SCHED-TRACE 985 624 U 3 9b010
SCHED-TRACE 986 624 V 3 9b339
SCHED-TRACE 987 625 P 45 1152d3333
SCHED-TRACE 988 625 W 45 1152d3333
SCHED-TRACE 989 625 U 3 9b7f7
SCHED-TRACE 990 625 V 3 9bb11
SCHED-TRACE 991 626 P 48 1152d3333
SCHED-TRACE 992 626 W 48 1152d3333
SCHED-TRACE 993 626 U 3 9bfd5
SCHED-TRACE 994 626 V 3 9c2e1
SCHED-TRACE 995 627 P 51 1152d3333
SCHED-TRACE 996 627 W 51 1152d3333
SCHED-TRACE 997 627 U 4 9c333
SCHED-TRACE 998 627 V 4 9c389
SCHED-TRACE 999 627 U 3 9c804
SCHED-TRACE 1000 627 V 3 9cb01
SCHED-TRACE 1001 628 P 54 1152d3333
SCHED-TRACE 1002 628 W 54 1152d3333
SCHED-TRACE 1003 628 U 3 9cfd1
SCHED-TRACE 1004 628 V 3 9d2c0
SCHED-TRACE 1005 629 P 57 1152d3333
SCHED-TRACE 1006 629 W 57 1152d3333
SCHED-TRACE 1007 629 I 1 9d320
SCHED-TRACE 1008 629 B 1 7a
SCHED-TRACE 1009 629 P 1 11c16f5c2
SCHED-TRACE 1010 629 R 1 11c16f5c2
SCHED-TRACE 1011 630 O 0 0
SCHED-TRACE 1012 630 P 1 11c330e56
SCHED-TRACE 1013 631 K 57 1152d3333
SCHED-TRACE 1014 631 P 1 11c4f70a3
SCHED-TRACE 1015 632 P 1 11c62e978
SCHED-TRACE 1016 633 P 57 11775ae15
SCHED-TRACE 1017 633 D 57 11775ae15
SCHED-TRACE 1018 635 K 54 1152d3333
SCHED-TRACE 1019 637 P 54 1175f9999
SCHED-TRACE 1020 637 D 54 1175f9999
SCHED-TRACE 1021 639 K 51 1152d3333
SCHED-TRACE 1022 641 P 51 117515c29
SCHED-TRACE 1023 641 D 51 117515c29
SCHED-TRACE 1024 643 K 48 1152d3333
SCHED-TRACE 1025 645 P 48 117431eb9
SCHED-TRACE 1026 645 D 48 117431eb9
SCHED-TRACE 1027 647 K 45 1152d3333
SCHED-TRACE 1028 649 P 45 11734e147
SCHED-TRACE 1029 649 D 45 11734e147
SCHED-TRACE 1030 651 K 42 1152d3333
SCHED-TRACE 1031 653 P 42 117267ae1
SCHED-TRACE 1032 653 D 42 117267ae1
SCHED-TRACE 1033 655 K 39 1152d3333
SCHED-TRACE 1034 657 P 39 11717eb85
SCHED-TRACE 1035 657 D 39 11717eb85
SCHED-TRACE 1036 659 K 36 1152d3333
SCHED-TRACE 1037 661 P 36 11709ae14
SCHED-TRACE 1038 661 D 36 11709ae14
SCHED-TRACE 1039 663 K 33 1152d3333
SCHED-TRACE 1040 664 U 4 9ea6e
SCHED-TRACE 1041 664 V 4 9eaa4
SCHED-TRACE 1042 897 I 33 a1175
SCHED-TRACE 1043 897 B 33 7a
SCHED-TRACE 1044 897 P 33 11b305604
SCHED-TRACE 1045 897 R 33 11b305604
SCHED-TRACE 1046 898 U 4 a11d0
SCHED-TRACE 1047 898 V 4 a1207
SCHED-TRACE 1048 898 O 0 0
SCHED-TRACE 1049 898 P 33 11b3e7efa
SCHED-TRACE 1050 899 K 33 11b3e7efa
SCHED-TRACE 1051 899 P 33 11b4f1eb8
SCHED-TRACE 1052 1134 I 33 a398f
SCHED-TRACE 1053 1134 B 33 7a
SCHED-TRACE 1054 1134 P 33 12159ba5e
SCHED-TRACE 1055 1134 R 33 12159ba5e
SCHED-TRACE 1056 1135 U 4 a39ea
SCHED-TRACE 1057 1135 V 4 a3a21
SCHED-TRACE 1058 1135 O 0 0
SCHED-TRACE 1059 1135 P 33 12167e354
SCHED-TRACE 1060 1136 K 1 11c62e978
SCHED-TRACE 1061 1136 P 33 121788312
SCHED-TRACE 1062 1137 P 33 121808312
SCHED-TRACE 1063 1137 U 3 a3f65
SCHED-TRACE 1064 1137 V 3 a4296
SCHED-TRACE 1065 1138 P 60 11c62e978
SCHED-TRACE 1066 1138 W 60 11c62e978
SCHED-TRACE 1067 1138 U 3 a4742
SCHED-TRACE 1068 1138 V 3 a4a64
SCHED-TRACE 1069 1139 P 63 11c62e978
SCHED-TRACE 1070 1139 W 63 11c62e978
SCHED-TRACE 1071 1139 U 3 a4f17
SCHED-TRACE 1072 1139 V 3 a522b
SCHED-TRACE 1073 1140 P 66 11c62e978
SCHED-TRACE 1074 1140 W 66 11c62e978
SCHED-TRACE 1075 1140 U 3 a56e3
SCHED-TRACE 1076 1140 V 3 a59e8
SCHED-TRACE 1077 1141 P 69 11c62e978
SCHED-TRACE 1078 1141 W 69 11c62e978
SCHED-TRACE 1079 1141 U 3 a5ea7
SCHED-TRACE 1080 1141 V 3 a619e
SCHED-TRACE 1081 1142 P 72 11c62e978
SCHED-TRACE 1082 1142 W 72 11c62e978
SCHED-TRACE 1083 1142 U 4 a61e9
SCHED-TRACE 1084 1142 V 4 a623a
SCHED-TRACE 1085 1142 U 3 a66b5
SCHED-TRACE 1086 1142 V 3 a699d
SCHED-TRACE 1087 1143 P 75 11c62e978
SCHED-TRACE 1088 1143 W 75 11c62e978
SCHED-TRACE 1089 1143 U 3 a6e67
SCHED-TRACE 1090 1143 V 3 a7142
SCHED-TRACE 1091 1144 P 78 11c62e978
SCHED-TRACE 1092 1144 W 78 11c62e978
SCHED-TRACE 1093 1144 U 3 a7612
SCHED-TRACE 1094 1144 V 3 a78dd
SCHED-TRACE 1095 1145 P 81 11c62e978
SCHED-TRACE 1096 1145 W 81 11c62e978
SCHED-TRACE 1097 1145 U 3 a7db3
SCHED-TRACE 1098 1145 V 3 a8070
SCHED-TRACE 1099 1146 P 84 11c62e978
SCHED-TRACE 1100 1146 W 84 11c62e978
SCHED-TRACE 1101 1146 I 1 a80d7
SCHED-TRACE 1102 1146 B 1 7a
SCHED-TRACE 1103 1146 P 1 1234cd4fd
SCHED-TRACE 1104 1146 R 1 1234cd4fd
SCHED-TRACE 1105 1147 O 0 0
SCHED-TRACE 1106 1147 P 1 1236add2f
SCHED-TRACE 1107 1148 K 84 11c62e978
SCHED-TRACE 1108 1148 P 1 12388b851
SCHED-TRACE 1109 1149 P 1 1239d9db2
SCHED-TRACE 1110 1151 U 3 a85d0
SCHED-TRACE 1111 1151 V 3 a88a3
SCHED-TRACE 1112 1151 P 84 11cd45603
SCHED-TRACE 1113 1151 D 84 11cd45603
SCHED-TRACE 1114 1153 K 81 11c62e978
SCHED-TRACE 1115 1154 U 4 a8a96
SCHED-TRACE 1116 1154 V 4 a8af8
SCHED-TRACE 1117 1155 P 81 11ea3df3a
SCHED-TRACE 1118 1155 D 81 11ea3df3a
SCHED-TRACE 1119 1157 K 78 11c62e978
SCHED-TRACE 1120 1159 P 78 11e9578d4
SCHED-TRACE 1121 1159 D 78 11e9578d4
SCHED-TRACE 1122 1161 K 75 11c62e978
SCHED-TRACE 1123 1163 P 75 11e86e978
SCHED-TRACE 1124 1163 D 75 11e86e978
SCHED-TRACE 1125 1165 K 72 11c62e978
SCHED-TRACE 1126 1167 P 72 11e78d4fd
SCHED-TRACE 1127 1167 D 72 11e78d4fd
SCHED-TRACE 1128 1169 K 69 11c62e978
SCHED-TRACE 1129 1171 P 69 11e6a6e97
SCHED-TRACE 1130 1171 D 69 11e6a6e97
SCHED-TRACE 1131 1173 K 66 11c62e978
SCHED-TRACE 1132 1175 P 66 11e5c3126
SCHED-TRACE 1133 1175 D 66 11e5c3126
SCHED-TRACE 1134 1177 K 63 11c62e978
SCHED-TRACE 1135 1179 P 63 11e4dcabf
SCHED-TRACE 1136 1179 D 63 11e4dcabf
SCHED-TRACE 1137 1181 K 60 11c62e978
SCHED-TRACE 1138 1183 P 60 11e3f8d4f
SCHED-TRACE 1139 1183 D 60 11e3f8d4f
SCHED-TRACE 1140 1185 K 33 121808312
SCHED-TRACE 1141 1420 I 33 ac70f
SCHED-TRACE 1142 1420 B 33 7b
SCHED-TRACE 1143 1420 P 33 12786353f
SCHED-TRACE 1144 1420 R 33 12786353f
SCHED-TRACE 1145 1421 U 4 ac76a
SCHED-TRACE 1146 1421 V 4 ac7a1
SCHED-TRACE 1147 1421 O 0 0
SCHED-TRACE 1148 1421 P 33 127945a1c
SCHED-TRACE 1149 1422 K 1 1239d9db2
SCHED-TRACE 1150 1422 P 33 127a4fdf4
SCHED-TRACE 1151 1423 P 33 127acfdf4
SCHED-TRACE 1152 1423 U 3 acce5
SCHED-TRACE 1153 1423 V 3 acffa
SCHED-TRACE 1154 1424 P 87 1239d9db2
SCHED-TRACE 1155 1424 W 87 1239d9db2
SCHED-TRACE 1156 1425 U 3 ad1ed
SCHED-TRACE 1157 1425 V 3 ad51b
SCHED-TRACE 1158 1425 P 1 124a98937
SCHED-TRACE 1159 1425 D 1 124a98937
SCHED-TRACE 1160 1427 K 87 1239d9db2
SCHED-TRACE 1161 1429 P 87 123d3a5e3
SCHED-TRACE 1162 1429 D 87 123d3a5e3
SCHED-TRACE 1163 1431 K 33 127acfdf4
SCHED-TRACE 1164 1705 I 33 afefd
SCHED-TRACE 1165 1705 B 33 7a
SCHED-TRACE 1166 1705 P 33 12da5b22d
SCHED-TRACE 1167 1705 R 33 12da5b22d
SCHED-TRACE 1168 1706 U 4 aff4c
SCHED-TRACE 1169 1706 V 4 aff7e
SCHED-TRACE 1170 1706 O 0 0
SCHED-TRACE 1171 1706 P 33 12db1e76c
SCHED-TRACE 1172 1707 K 33 12db1e76c
SCHED-TRACE 1173 1707 P 33 12dc10a3d
SCHED-TRACE 1174 1981 I 33 b26fa
SCHED-TRACE 1175 1981 B 33 7a
SCHED-TRACE 1176 1981 P 33 133c3c28f
SCHED-TRACE 1177 1981 R 33 133c3c28f
SCHED-TRACE 1178 1982 U 4 b2749
SCHED-TRACE 1179 1982 V 4 b277b
SCHED-TRACE 1180 1982 O 0 0
SCHED-TRACE 1181 1982 P 33 133cff3b6
SCHED-TRACE 1182 1983 K 33 133cff3b6
SCHED-TRACE 1183 1983 P 33 133df126e
SCHED-TRACE 1184 2258 I 33 b4f0e
SCHED-TRACE 1185 2258 B 33 7a
SCHED-TRACE 1186 2258 P 33 139e54bc6
SCHED-TRACE 1187 2258 R 33 139e54bc6
SCHED-TRACE 1188 2259 U 4 b4f5d
SCHED-TRACE 1189 2259 V 4 b4f8f
SCHED-TRACE 1190 2259 O 0 0
SCHED-TRACE 1191 2259 P 33 139f18106
SCHED-TRACE 1192 2260 K 33 139f18106
SCHED-TRACE 1193 2260 P 33 13a00a3d7
SCHED-TRACE 1194 2534 I 33 b770b
SCHED-TRACE 1195 2534 B 33 7a
SCHED-TRACE 1196 2534 P 33 140034395
SCHED-TRACE 1197 2534 R 33 140034395
SCHED-TRACE 1198 2535 U 4 b775a
SCHED-TRACE 1199 2535 V 4 b778c
SCHED-TRACE 1200 2535 O 0 0
SCHED-TRACE 1201 2535 P 33 1400f74bc
SCHED-TRACE 1202 2536 K 33 1400f74bc
SCHED-TRACE 1203 2536 P 33 1401e978d
SCHED-TRACE 1204 2811 I 33 b9f20
SCHED-TRACE 1205 2811 B 33 7b
SCHED-TRACE 1206 2811 P 33 14624e979
SCHED-TRACE 1207 2811 R 33 14624e979
SCHED-TRACE 1208 2812 U 4 b9f6f
SCHED-TRACE 1209 2812 V 4 b9fa1
SCHED-TRACE 1210 2812 O 0 0
SCHED-TRACE 1211 2812 P 33 146311aa0
SCHED-TRACE 1212 2813 K 33 146311aa0
SCHED-TRACE 1213 2813 P 33 146403d70
SCHED-TRACE 1214 3087 I 33 bc71d
SCHED-TRACE 1215 3087 B 33 7a
SCHED-TRACE 1216 3087 P 33 14c42ed91
SCHED-TRACE 1217 3087 R 33 14c42ed91
SCHED-TRACE 1218 3088 U 4 bc76c
SCHED-TRACE 1219 3088 V 4 bc79e
SCHED-TRACE 1220 3088 O 0 0
SCHED-TRACE 1221 3088 P 33 14c4f22d1
SCHED-TRACE 1222 3089 K 33 14c4f22d1
SCHED-TRACE 1223 3089 P 33 14c5e45a2
SCHED-TRACE 1224 3364 I 33 bef32
SCHED-TRACE 1225 3364 B 33 7a
SCHED-TRACE 1226 3364 P 33 15264872b
SCHED-TRACE 1227 3364 R 33 15264872b
SCHED-TRACE 1228 3365 U 4 bef81
SCHED-TRACE 1229 3365 V 4 befb3
SCHED-TRACE 1230 3365 O 0 0
SCHED-TRACE 1231 3365 P 33 15270b852
SCHED-TRACE 1232 3366 K 33 15270b852
SCHED-TRACE 1233 3366 P 33 1527fd70a
SCHED-TRACE 1234 3640 I 33 c172f
SCHED-TRACE 1235 3640 B 33 7a
SCHED-TRACE 1236 3640 P 33 15882978d
SCHED-TRACE 1237 3640 R 33 15882978d
SCHED-TRACE 1238 3641 U 4 c177e
SCHED-TRACE 1239 3641 V 4 c17b0
SCHED-TRACE 1240 3641 O 0 0
SCHED-TRACE 1241 3641 P 33 1588ecccd
SCHED-TRACE 1242 3642 K 33 1588ecccd
SCHED-TRACE 1243 3642 P 33 1589def9e
SCHED-TRACE 1244 3917 I 33 c3f43
SCHED-TRACE 1245 3917 B 33 7a
SCHED-TRACE 1246 3917 P 33 15ea420c4
SCHED-TRACE 1247 3917 R 33 15ea420c4
SCHED-TRACE 1248 3918 U 4 c3f92
SCHED-TRACE 1249 3918 V 4 c3fc4
SCHED-TRACE 1250 3918 O 0 0
SCHED-TRACE 1251 3918 P 33 15eb051eb
SCHED-TRACE 1252 3919 K 33 15eb051eb
SCHED-TRACE 1253 3919 P 33 15ebf74bc
SCHED-TRACE 1254 4193 I 33 c6740
SCHED-TRACE 1255 4193 B 33 7a
SCHED-TRACE 1256 4193 P 33 164c21893
SCHED-TRACE 1257 4193 R 33 164c21893
SCHED-TRACE 1258 4194 U 4 c678f
SCHED-TRACE 1259 4194 V 4 c67c1
SCHED-TRACE 1260 4194 O 0 0
SCHED-TRACE 1261 4194 P 33 164ce4dd3
SCHED-TRACE 1262 4195 K 33 164ce4dd3
SCHED-TRACE 1263 4195 P 33 164dd70a4
SCHED-TRACE 1264 4470 I 33 c8f55
SCHED-TRACE 1265 4470 B 33 7a
SCHED-TRACE 1266 4470 P 33 16ae3ba5e
SCHED-TRACE 1267 4470 R 33 16ae3ba5e
SCHED-TRACE 1268 4471 U 4 c8fa4
SCHED-TRACE 1269 4471 V 4 c8fd6
SCHED-TRACE 1270 4471 O 0 0
SCHED-TRACE 1271 4471 P 33 16aefef9e
SCHED-TRACE 1272 4472 K 33 16aefef9e
SCHED-TRACE 1273 4472 P 33 16aff126e
SCHED-TRACE 1274 4746 I 33 cb752
SCHED-TRACE 1275 4746 B 33 7b
SCHED-TRACE 1276 4746 P 33 17101cac0
SCHED-TRACE 1277 4746 R 33 17101cac0
SCHED-TRACE 1278 4747 U 4 cb7a1
SCHED-TRACE 1279 4747 V 4 cb7d3
SCHED-TRACE 1280 4747 O 0 0
SCHED-TRACE 1281 4747 P 33 1710dfbe7
SCHED-TRACE 1282 4748 K 33 1710dfbe7
SCHED-TRACE 1283 4748 P 33 1711d1eb8
SCHED-TRACE 1284 5023 I 33 cdf66
SCHED-TRACE 1285 5023 B 33 7a
SCHED-TRACE 1286 5023 P 33 1771ef5c2
SCHED-TRACE 1287 5023 R 33 1771ef5c2
SCHED-TRACE 1288 5024 U 4 cdfb5
SCHED-TRACE 1289 5024 V 4 cdfe8
SCHED-TRACE 1290 5024 O 0 0
SCHED-TRACE 1291 5024 P 33 1772b2b02
SCHED-TRACE 1292 5025 K 33 1772b2b02
SCHED-TRACE 1293 5025 P 33 1773a4dd3
SCHED-TRACE 1294 5299 I 33 d0763
SCHED-TRACE 1295 5299 B 33 7a
SCHED-TRACE 1296 5299 P 33 17d3ce979
SCHED-TRACE 1297 5299 R 33 17d3ce979
SCHED-TRACE 1298 5300 U 4 d07b2
SCHED-TRACE 1299 5300 V 4 d07e4
SCHED-TRACE 1300 5300 O 0 0
SCHED-TRACE 1301 5300 P 33 17d491aa0
SCHED-TRACE 1302 5301 K 33 17d491aa0
SCHED-TRACE 1303 5301 P 33 17d583958
SCHED-TRACE 1304 5576 I 33 d2f78
SCHED-TRACE 1305 5576 B 33 7a
SCHED-TRACE 1306 5576 P 33 1835e8f5c
SCHED-TRACE 1307 5576 R 33 1835e8f5c
SCHED-TRACE 1308 5577 U 4 d2fc7
SCHED-TRACE 1309 5577 V 4 d2ff9
SCHED-TRACE 1310 5577 O 0 0
SCHED-TRACE 1311 5577 P 33 1836ac083
SCHED-TRACE 1312 5578 K 33 1836ac083
SCHED-TRACE 1313 5578 P 33 18379e354
SCHED-TRACE 1314 5852 I 33 d5775
SCHED-TRACE 1315 5852 B 33 7a
SCHED-TRACE 1316 5852 P 33 1897c8f5c
SCHED-TRACE 1317 5852 R 33 1897c8f5c
SCHED-TRACE 1318 5853 U 4 d57c4
SCHED-TRACE 1319 5853 V 4 d57f6
SCHED-TRACE 1320 5853 O 0 0
SCHED-TRACE 1321 5853 P 33 18988c083
SCHED-TRACE 1322 5854 K 33 18988c083
SCHED-TRACE 1323 5854 P 33 1899778d5
SCHED-TRACE 1324 5884 U 3 d5ea9
SCHED-TRACE 1325 5884 V 3 d61c8
SCHED-TRACE 1326 5885 P 84 1899778d5
SCHED-TRACE 1327 5885 W 84 1899778d5
SCHED-TRACE 1328 5885 I 33 d6209
SCHED-TRACE 1329 5885 B 36 763
SCHED-TRACE 1330 5885 B 60 754
SCHED-TRACE 1331 5885 B 63 754
SCHED-TRACE 1332 5885 B 39 754
SCHED-TRACE 1333 5885 B 66 754
SCHED-TRACE 1334 5885 B 42 754
SCHED-TRACE 1335 5885 B 45 754
SCHED-TRACE 1336 5885 B 69 754
SCHED-TRACE 1337 5885 B 48 754
SCHED-TRACE 1338 5885 B 72 754
SCHED-TRACE 1339 5885 B 75 754
SCHED-TRACE 1340 5885 B 51 754
SCHED-TRACE 1341 5885 B 78 754
SCHED-TRACE 1342 5885 B 54 754
SCHED-TRACE 1343 5885 B 57 754
SCHED-TRACE 1344 5885 B 81 755
SCHED-TRACE 1345 5885 B 87 73c
SCHED-TRACE 1346 5885 E 87 1
SCHED-TRACE 1347 5885 B 87 37
SCHED-TRACE 1348 5885 B 87 2a
SCHED-TRACE 1349 5886 P 87 1899778d5
SCHED-TRACE 1350 5886 W 87 1899778d5
SCHED-TRACE 1351 5886 P 81 1899778d5
SCHED-TRACE 1352 5886 W 81 1899778d5
SCHED-TRACE 1353 5886 P 78 1899778d5
SCHED-TRACE 1354 5886 W 78 1899778d5
SCHED-TRACE 1355 5886 P 75 1899778d5
SCHED-TRACE 1356 5886 W 75 1899778d5
SCHED-TRACE 1357 5886 P 72 1899778d5
SCHED-TRACE 1358 5886 W 72 1899778d5
SCHED-TRACE 1359 5886 P 69 1899778d5
SCHED-TRACE 1360 5886 W 69 1899778d5
SCHED-TRACE 1361 5886 P 66 1899778d5
SCHED-TRACE 1362 5886 W 66 1899778d5
SCHED-TRACE 1363 5886 P 63 1899778d5
SCHED-TRACE 1364 5886 W 63 1899778d5
SCHED-TRACE 1365 5886 P 60 1899778d5
SCHED-TRACE 1366 5886 W 60 1899778d5
SCHED-TRACE 1367 5886 P 57 1899778d5
SCHED-TRACE 1368 5886 W 57 1899778d5
SCHED-TRACE 1369 5886 P 54 1899778d5
SCHED-TRACE 1370 5886 W 54 1899778d5
SCHED-TRACE 1371 5886 P 51 1899778d5
SCHED-TRACE 1372 5886 W 51 1899778d5
SCHED-TRACE 1373 5886 P 48 1899778d5
SCHED-TRACE 1374 5886 W 48 1899778d5
SCHED-TRACE 1375 5886 P 45 1899778d5
SCHED-TRACE 1376 5886 W 45 1899778d5
SCHED-TRACE 1377 5886 P 42 1899778d5
SCHED-TRACE 1378 5886 W 42 1899778d5
SCHED-TRACE 1379 5886 P 39 1899778d5
SCHED-TRACE 1380 5886 W 39 1899778d5
SCHED-TRACE 1381 5886 P 36 1899778d5
SCHED-TRACE 1382 5886 W 36 1899778d5
SCHED-TRACE 1383 5886 B 87 1549
SCHED-TRACE 1384 5886 P 87 189eea7f0
SCHED-TRACE 1385 5886 O 0 1
SCHED-TRACE 1386 5915 I 33 d828e
SCHED-TRACE 1387 5915 B 33 7a
SCHED-TRACE 1388 5915 P 33 18ceb6873
SCHED-TRACE 1389 5915 R 33 18ceb6873
SCHED-TRACE 1390 5916 U 4 d83b4
SCHED-TRACE 1391 5916 V 4 d844c
SCHED-TRACE 1392 5916 O 0 0
SCHED-TRACE 1393 5916 P 33 18d1a0418
SCHED-TRACE 1394 5917 K 36 1899778d5
SCHED-TRACE 1395 5917 P 33 18d43a1cb
SCHED-TRACE 1396 5918 P 33 18d63fbe7
SCHED-TRACE 1397 5986 I 36 dacee
SCHED-TRACE 1398 5986 B 36 7a
SCHED-TRACE 1399 5986 P 36 1c6b01cac
SCHED-TRACE 1400 5986 R 36 1c6b01cac
SCHED-TRACE 1401 5987 U 4 dae16
SCHED-TRACE 1402 5987 V 4 daeae
SCHED-TRACE 1403 5987 O 0 0
SCHED-TRACE 1404 5987 P 36 1c8853b64
SCHED-TRACE 1405 5988 K 39 1899778d5
SCHED-TRACE 1406 5988 P 36 1ca253b64
SCHED-TRACE 1407 5989 P 36 1cb68c083
SCHED-TRACE 1408 6057 I 39 dd74d
SCHED-TRACE 1409 6057 B 39 7a
SCHED-TRACE 1410 6057 P 39 1c6acc083
SCHED-TRACE 1411 6057 R 39 1c6acc083
SCHED-TRACE 1412 6058 U 4 dd875
SCHED-TRACE 1413 6058 V 4 dd90d
SCHED-TRACE 1414 6058 O 0 0
SCHED-TRACE 1415 6058 P 39 1c881b646
SCHED-TRACE 1416 6059 K 42 1899778d5
SCHED-TRACE 1417 6059 P 39 1ca21b646
SCHED-TRACE 1418 6060 P 39 1cb65126e
SCHED-TRACE 1419 6128 I 42 e01aa
SCHED-TRACE 1420 6128 B 42 7a
SCHED-TRACE 1421 6128 P 42 1c6aa0832
SCHED-TRACE 1422 6128 R 42 1c6aa0832
SCHED-TRACE 1423 6129 U 4 e02d1
SCHED-TRACE 1424 6129 V 4 e036a
SCHED-TRACE 1425 6129 O 0 0
SCHED-TRACE 1426 6129 P 42 1c87eac09
SCHED-TRACE 1427 6130 K 45 1899778d5
SCHED-TRACE 1428 6130 P 42 1ca1eac09
SCHED-TRACE 1429 6131 P 42 1cb61df3c
SCHED-TRACE 1430 6199 I 45 e2c04
SCHED-TRACE 1431 6199 B 45 7a
SCHED-TRACE 1432 6199 P 45 1c6a58d50
SCHED-TRACE 1433 6199 R 45 1c6a58d50
SCHED-TRACE 1434 6200 U 4 e2d2c
SCHED-TRACE 1435 6200 V 4 e2dc4
SCHED-TRACE 1436 6200 O 0 0
SCHED-TRACE 1437 6200 P 45 1c879df3b
SCHED-TRACE 1438 6201 K 48 1899778d5
SCHED-TRACE 1439 6201 P 45 1ca19df3b
SCHED-TRACE 1440 6202 P 45 1cb5d126f
SCHED-TRACE 1441 6270 I 48 e565c
SCHED-TRACE 1442 6270 B 48 7a
SCHED-TRACE 1443 6270 P 48 1c6a20831
SCHED-TRACE 1444 6270 R 48 1c6a20831
SCHED-TRACE 1445 6271 U 4 e5784
SCHED-TRACE 1446 6271 V 4 e581c
SCHED-TRACE 1447 6271 O 0 0
SCHED-TRACE 1448 6271 P 48 1c8760831
SCHED-TRACE 1449 6272 K 51 1899778d5
SCHED-TRACE 1450 6272 P 48 1ca160831
SCHED-TRACE 1451 6273 P 48 1cb59126e
SCHED-TRACE 1452 6341 I 51 e80b2
SCHED-TRACE 1453 6341 B 51 7a
SCHED-TRACE 1454 6341 P 51 1c69eac08
SCHED-TRACE 1455 6341 R 51 1c69eac08
SCHED-TRACE 1456 6342 U 4 e81d9
SCHED-TRACE 1457 6342 V 4 e8271
SCHED-TRACE 1458 6342 O 0 0
SCHED-TRACE 1459 6342 P 51 1c8725a1d
SCHED-TRACE 1460 6343 K 54 1899778d5
SCHED-TRACE 1461 6343 P 51 1ca123127
SCHED-TRACE 1462 6344 P 51 1cb553b65
SCHED-TRACE 1463 6412 I 54 eab05
SCHED-TRACE 1464 6412 B 54 7a
SCHED-TRACE 1465 6412 P 54 1c69afdf4
SCHED-TRACE 1466 6412 R 54 1c69afdf4
SCHED-TRACE 1467 6413 U 4 eac2c
SCHED-TRACE 1468 6413 V 4 eacc4
SCHED-TRACE 1469 6413 O 0 0
SCHED-TRACE 1470 6413 P 54 1c86e5a1d
SCHED-TRACE 1471 6414 K 57 1899778d5
SCHED-TRACE 1472 6414 P 54 1ca0e3127
SCHED-TRACE 1473 6415 P 54 1cb513b64
SCHED-TRACE 1474 6483 I 57 ed556
SCHED-TRACE 1475 6483 B 57 7a
SCHED-TRACE 1476 6483 P 57 1c6986e98
SCHED-TRACE 1477 6483 R 57 1c6986e98
SCHED-TRACE 1478 6484 U 4 ed67c
SCHED-TRACE 1479 6484 V 4 ed714
SCHED-TRACE 1480 6484 O 0 0
SCHED-TRACE 1481 6484 P 57 1c86ba1cb
SCHED-TRACE 1482 6485 K 60 1899778d5
SCHED-TRACE 1483 6485 P 57 1ca0778d5
SCHED-TRACE 1484 6486 P 57 1cb4a5a1d
SCHED-TRACE 1485 6505 I 60 ee423
SCHED-TRACE 1486 6505 E 84 2
SCHED-TRACE 1487 6505 B 84 15d
SCHED-TRACE 1488 6505 P 84 1899d0e56
SCHED-TRACE 1489 6505 B 84 2a
SCHED-TRACE 1490 6505 P 84 1899dba5e
SCHED-TRACE 1491 6506 B 84 786
SCHED-TRACE 1492 6506 P 84 189bc8b43
SCHED-TRACE 1493 6506 O 0 1
SCHED-TRACE 1494 6552 I 60 eff73
SCHED-TRACE 1495 6552 B 60 7b
SCHED-TRACE 1496 6552 P 60 1c46445a1
SCHED-TRACE 1497 6552 R 60 1c46445a1
SCHED-TRACE 1498 6553 U 4 f009a
SCHED-TRACE 1499 6553 V 4 f0132
SCHED-TRACE 1500 6553 O 0 0
SCHED-TRACE 1501 6553 P 60 1c63726e9
SCHED-TRACE 1502 6554 K 63 1899778d5
SCHED-TRACE 1503 6554 P 60 1c7d6fdf3
SCHED-TRACE 1504 6555 P 60 1c919b645
SCHED-TRACE 1505 6623 I 63 f29bf
SCHED-TRACE 1506 6623 B 63 7a
SCHED-TRACE 1507 6623 P 63 1c690c083
SCHED-TRACE 1508 6623 R 63 1c690c083
SCHED-TRACE 1509 6624 U 4 f2ae6
SCHED-TRACE 1510 6624 V 4 f2b7e
SCHED-TRACE 1511 6624 O 0 0
SCHED-TRACE 1512 6624 P 63 1c86326e9
SCHED-TRACE 1513 6625 K 66 1899778d5
SCHED-TRACE 1514 6625 P 63 1ca02fdf4
SCHED-TRACE 1515 6626 P 63 1cb45b645
SCHED-TRACE 1516 6694 I 66 f5409
SCHED-TRACE 1517 6694 B 66 7a
SCHED-TRACE 1518 6694 P 66 1c68d3b64
SCHED-TRACE 1519 6694 R 66 1c68d3b64
SCHED-TRACE 1520 6695 U 4 f552f
SCHED-TRACE 1521 6695 V 4 f55c7
SCHED-TRACE 1522 6695 O 0 0
SCHED-TRACE 1523 6695 P 66 1c85fa1ca
SCHED-TRACE 1524 6696 K 69 1899778d5
SCHED-TRACE 1525 6696 P 66 1c9ff78d5
SCHED-TRACE 1526 6697 P 66 1cb423126
SCHED-TRACE 1527 6765 I 69 f7e4f
SCHED-TRACE 1528 6765 B 69 7b
SCHED-TRACE 1529 6765 P 69 1c6898d50
SCHED-TRACE 1530 6765 R 69 1c6898d50
SCHED-TRACE 1531 6766 U 4 f7f75
SCHED-TRACE 1532 6766 V 4 f800e
SCHED-TRACE 1533 6766 O 0 0
SCHED-TRACE 1534 6766 P 69 1c85b78d5
SCHED-TRACE 1535 6767 K 72 1899778d5
SCHED-TRACE 1536 6767 P 69 1c9fb26ea
SCHED-TRACE 1537 6768 P 69 1cb3db646
SCHED-TRACE 1538 6836 I 72 fa894
SCHED-TRACE 1539 6836 B 72 7b
SCHED-TRACE 1540 6836 P 72 1c68726ea
SCHED-TRACE 1541 6836 R 72 1c68726ea
SCHED-TRACE 1542 6837 U 4 fa9ba
SCHED-TRACE 1543 6837 V 4 faa52
SCHED-TRACE 1544 6837 O 0 0
SCHED-TRACE 1545 6837 P 72 1c858e979
SCHED-TRACE 1546 6838 K 75 1899778d5
SCHED-TRACE 1547 6838 P 72 1c9f8978e
SCHED-TRACE 1548 6839 P 72 1cb3b26ea
SCHED-TRACE 1549 6907 I 75 fd2d6
SCHED-TRACE 1550 6907 B 75 7a
SCHED-TRACE 1551 6907 P 75 1c6828313
SCHED-TRACE 1552 6907 R 75 1c6828313
SCHED-TRACE 1553 6908 U 4 fd3fb
SCHED-TRACE 1554 6908 V 4 fd494
SCHED-TRACE 1555 6908 O 0 0
SCHED-TRACE 1556 6908 P 75 1c853f3b6
SCHED-TRACE 1557 6909 K 78 1899778d5
SCHED-TRACE 1558 6909 P 75 1c9f3a1cb
SCHED-TRACE 1559 6910 P 75 1cb360831
SCHED-TRACE 1560 6978 I 78 ffd15
SCHED-TRACE 1561 6978 B 78 7a
SCHED-TRACE 1562 6978 P 78 1c67efdf4
SCHED-TRACE 1563 6978 R 78 1c67efdf4
SCHED-TRACE 1564 6979 U 4 ffe3b
SCHED-TRACE 1565 6979 V 4 ffed3
SCHED-TRACE 1566 6979 O 0 0
SCHED-TRACE 1567 6979 P 78 1c85045a2
SCHED-TRACE 1568 6980 K 81 1899778d5
SCHED-TRACE 1569 6980 P 78 1c9eff3b6
SCHED-TRACE 1570 6981 P 78 1cb323127
SCHED-TRACE 1571 7049 I 81 102752
SCHED-TRACE 1572 7049 B 81 7b
SCHED-TRACE 1573 7049 P 81 1c67ba1ca
SCHED-TRACE 1574 7049 R 81 1c67ba1ca
SCHED-TRACE 1575 7050 U 4 102878
SCHED-TRACE 1576 7050 V 4 102910
SCHED-TRACE 1577 7050 O 0 0
SCHED-TRACE 1578 7050 P 81 1c84c6e97
SCHED-TRACE 1579 7051 K 84 189bc8b43
SCHED-TRACE 1580 7051 P 81 1c9ec1cac
SCHED-TRACE 1581 7052 P 81 1cb2e8312
SCHED-TRACE 1582 7055 U 3 103173
SCHED-TRACE 1583 7055 V 3 1033d1
SCHED-TRACE 1584 7056 P 1 189bc8b43
SCHED-TRACE 1585 7056 W 1 189bc8b43
SCHED-TRACE 1586 7056 U 3 10357f
SCHED-TRACE 1587 7056 V 3 1037ec
SCHED-TRACE 1588 7056 P 84 18b03ae14
SCHED-TRACE 1589 7056 D 84 18b03ae14
SCHED-TRACE 1590 7058 K 1 189bc8b43
SCHED-TRACE 1591 7059 U 3 103c6c
SCHED-TRACE 1592 7059 V 3 103ef1
SCHED-TRACE 1593 7059 P 1 189f76041
SCHED-TRACE 1594 7059 D 1 189f76041
SCHED-TRACE 1595 7061 K 87 189eea7f0
SCHED-TRACE 1596 7064 U 3 10478e
SCHED-TRACE 1597 7064 V 3 1049fb
SCHED-TRACE 1598 7065 W 1 18a6628f5
SCHED-TRACE 1599 7065 U 3 104ba1
SCHED-TRACE 1600 7065 V 3 104e1c
SCHED-TRACE 1601 7065 P 87 18b1b0a3e
SCHED-TRACE 1602 7065 D 87 18b1b0a3e
SCHED-TRACE 1603 7067 K 1 18a6628f5
SCHED-TRACE 1604 7068 U 4 105114
SCHED-TRACE 1605 7068 V 4 1051a6
SCHED-TRACE 1606 7068 U 3 10530e
SCHED-TRACE 1607 7068 V 3 1055a1
SCHED-TRACE 1608 7068 P 1 18aa07ef9
SCHED-TRACE 1609 7068 D 1 18aa07ef9
SCHED-TRACE 1610 7070 K 33 18d63fbe7
SCHED-TRACE 1611 7146 I 33 107f36
SCHED-TRACE 1612 7146 B 33 7a
SCHED-TRACE 1613 7146 P 33 19387e354
SCHED-TRACE 1614 7146 R 33 19387e354
SCHED-TRACE 1615 7147 U 4 108043
SCHED-TRACE 1616 7147 V 4 1080cf
SCHED-TRACE 1617 7147 O 0 0
SCHED-TRACE 1618 7147 P 33 193b28312
SCHED-TRACE 1619 7148 K 33 193b28312
SCHED-TRACE 1620 7148 P 33 193d926e9
SCHED-TRACE 1621 7224 I 33 10a94a
SCHED-TRACE 1622 7224 B 33 7a
SCHED-TRACE 1623 7224 P 33 19a11ced9
SCHED-TRACE 1624 7224 R 33 19a11ced9
SCHED-TRACE 1625 7225 U 4 10aa58
SCHED-TRACE 1626 7225 V 4 10aae4
SCHED-TRACE 1627 7225 O 0 0
SCHED-TRACE 1628 7225 P 33 19a3c6e97
SCHED-TRACE 1629 7226 K 33 19a3c6e97
SCHED-TRACE 1630 7226 P 33 19a63126e
SCHED-TRACE 1631 7302 I 33 10d35f
SCHED-TRACE 1632 7302 B 33 7a
SCHED-TRACE 1633 7302 P 33 1a09bb645
SCHED-TRACE 1634 7302 R 33 1a09bb645
SCHED-TRACE 1635 7303 U 4 10d46c
SCHED-TRACE 1636 7303 V 4 10d4f9
SCHED-TRACE 1637 7303 O 0 0
SCHED-TRACE 1638 7303 P 33 1a0c65a1c
SCHED-TRACE 1639 7304 K 33 1a0c65a1c
SCHED-TRACE 1640 7304 P 33 1a0ecf9db
SCHED-TRACE 1641 7380 I 33 10fd74
SCHED-TRACE 1642 7380 B 33 7a
SCHED-TRACE 1643 7380 P 33 1a725a1cb
SCHED-TRACE 1644 7380 R 33 1a725a1cb
SCHED-TRACE 1645 7381 U 4 10fe81
SCHED-TRACE 1646 7381 V 4 10ff0d
SCHED-TRACE 1647 7381 O 0 0
SCHED-TRACE 1648 7381 P 33 1a7504189
SCHED-TRACE 1649 7382 K 33 1a7504189
SCHED-TRACE 1650 7382 P 33 1a776e560
SCHED-TRACE 1651 7458 I 33 112788
SCHED-TRACE 1652 7458 B 33 7b
SCHED-TRACE 1653 7458 P 33 1adaf8d50
SCHED-TRACE 1654 7458 R 33 1adaf8d50
SCHED-TRACE 1655 7459 U 4 112896
SCHED-TRACE 1656 7459 V 4 112922
SCHED-TRACE 1657 7459 O 0 0
SCHED-TRACE 1658 7459 P 33 1adda2d0e
SCHED-TRACE 1659 7460 K 33 1adda2d0e
SCHED-TRACE 1660 7460 P 33 1ae00d0e5
SCHED-TRACE 1661 7536 I 33 11519d
SCHED-TRACE 1662 7536 B 33 7a
SCHED-TRACE 1663 7536 P 33 1b43974bc
SCHED-TRACE 1664 7536 R 33 1b43974bc
SCHED-TRACE 1665 7537 U 4 1152aa
SCHED-TRACE 1666 7537 V 4 115337
SCHED-TRACE 1667 7537 O 0 0
SCHED-TRACE 1668 7537 P 33 1b4641893
SCHED-TRACE 1669 7538 K 33 1b4641893
SCHED-TRACE 1670 7538 P 33 1b48ab852
SCHED-TRACE 1671 7614 I 33 117bb2
SCHED-TRACE 1672 7614 B 33 7a
SCHED-TRACE 1673 7614 P 33 1bac36041
SCHED-TRACE 1674 7614 R 33 1bac36041
SCHED-TRACE 1675 7615 U 4 117cbf
SCHED-TRACE 1676 7615 V 4 117d4b
SCHED-TRACE 1677 7615 O 0 0
SCHED-TRACE 1678 7615 P 33 1baee0000
SCHED-TRACE 1679 7616 K 33 1baee0000
SCHED-TRACE 1680 7616 P 33 1bb14a3d7
SCHED-TRACE 1681 7692 I 33 11a5c6
SCHED-TRACE 1682 7692 B 33 7b
SCHED-TRACE 1683 7692 P 33 1c14d4bc6
SCHED-TRACE 1684 7692 R 33 1c14d4bc6
SCHED-TRACE 1685 7693 U 4 11a6d4
SCHED-TRACE 1686 7693 V 4 11a760
SCHED-TRACE 1687 7693 O 0 0
SCHED-TRACE 1688 7693 P 33 1c177eb85
SCHED-TRACE 1689 7694 K 33 1c177eb85
SCHED-TRACE 1690 7694 P 33 1c19e8b43
SCHED-TRACE 1691 7770 I 33 11cfdb
SCHED-TRACE 1692 7770 B 33 7a
SCHED-TRACE 1693 7770 P 33 1c7d73333
SCHED-TRACE 1694 7770 R 33 1c7d73333
SCHED-TRACE 1695 7771 U 4 11d0e8
SCHED-TRACE 1696 7771 V 4 11d175
SCHED-TRACE 1697 7771 O 0 0
SCHED-TRACE 1698 7771 P 33 1c801d2f1
SCHED-TRACE 1699 7772 K 33 1c801d2f1
SCHED-TRACE 1700 7772 P 33 1c82876c9
SCHED-TRACE 1701 7848 I 33 11f9f0
SCHED-TRACE 1702 7848 B 33 7a
SCHED-TRACE 1703 7848 P 33 1ce611eb8
SCHED-TRACE 1704 7848 R 33 1ce611eb8
SCHED-TRACE 1705 7849 U 4 11fafd
SCHED-TRACE 1706 7849 V 4 11fb8a
SCHED-TRACE 1707 7849 O 0 0
SCHED-TRACE 1708 7849 P 33 1ce8bc6a8
SCHED-TRACE 1709 7850 K 60 1c919b645
SCHED-TRACE 1710 7850 P 33 1ceb26a7f
SCHED-TRACE 1711 7851 P 33 1cecfd2f1
SCHED-TRACE 1712 7925 I 60 1223cb
SCHED-TRACE 1713 7925 B 60 7a
SCHED-TRACE 1714 7925 P 60 205d0e978
SCHED-TRACE 1715 7925 R 60 205d0e978
SCHED-TRACE 1716 7926 U 4 1224da
SCHED-TRACE 1717 7926 V 4 122566
SCHED-TRACE 1718 7926 O 0 0
SCHED-TRACE 1719 7926 P 60 2077d3b64
SCHED-TRACE 1720 7927 K 81 1cb2e8312
SCHED-TRACE 1721 7927 P 60 208ff78d5
SCHED-TRACE 1722 7928 P 60 20a258d4f
SCHED-TRACE 1723 8002 I 81 124da6
SCHED-TRACE 1724 8002 B 81 7a
SCHED-TRACE 1725 8002 P 81 207e1b645
SCHED-TRACE 1726 8002 R 81 207e1b645
SCHED-TRACE 1727 8003 U 4 124eb4
SCHED-TRACE 1728 8003 V 4 124f40
SCHED-TRACE 1729 8003 O 0 0
SCHED-TRACE 1730 8003 P 81 2098cc083
SCHED-TRACE 1731 8004 K 78 1cb323127
SCHED-TRACE 1732 8004 P 81 20b0efdf3
SCHED-TRACE 1733 8005 P 81 20c35126e
SCHED-TRACE 1734 8079 I 78 12777f
SCHED-TRACE 1735 8079 B 78 7a
SCHED-TRACE 1736 8079 P 78 207e58d50
SCHED-TRACE 1737 8079 R 78 207e58d50
SCHED-TRACE 1738 8080 U 4 12788d
SCHED-TRACE 1739 8080 V 4 12791a
SCHED-TRACE 1740 8080 O 0 0
SCHED-TRACE 1741 8080 P 78 20990c083
SCHED-TRACE 1742 8081 K 75 1cb360831
SCHED-TRACE 1743 8081 P 78 20b1326ea
SCHED-TRACE 1744 8082 P 78 20c39126f
SCHED-TRACE 1745 8156 I 75 12a159
SCHED-TRACE 1746 8156 B 75 7a
SCHED-TRACE 1747 8156 P 75 207e9645a
SCHED-TRACE 1748 8156 R 75 207e9645a
SCHED-TRACE 1749 8157 U 4 12a267
SCHED-TRACE 1750 8157 V 4 12a2f4
SCHED-TRACE 1751 8157 O 0 0
SCHED-TRACE 1752 8157 P 75 20994e979
SCHED-TRACE 1753 8158 K 72 1cb3b26ea
SCHED-TRACE 1754 8158 P 75 20b174fdf
SCHED-TRACE 1755 8159 P 75 20c3d3b65
SCHED-TRACE 1756 8233 I 72 12cb33
SCHED-TRACE 1757 8233 B 72 7a
SCHED-TRACE 1758 8233 P 72 207ee8313
SCHED-TRACE 1759 8233 R 72 207ee8313
SCHED-TRACE 1760 8234 U 4 12cc41
SCHED-TRACE 1761 8234 V 4 12ccce
SCHED-TRACE 1762 8234 O 0 0
SCHED-TRACE 1763 8234 P 72 2099a3127
SCHED-TRACE 1764 8235 K 69 1cb3db646
SCHED-TRACE 1765 8235 P 72 20b1c6e98
SCHED-TRACE 1766 8236 P 72 20c428313
SCHED-TRACE 1767 8310 I 69 12f50d
SCHED-TRACE 1768 8310 B 69 7a
SCHED-TRACE 1769 8310 P 69 207f1126f
SCHED-TRACE 1770 8310 R 69 207f1126f
SCHED-TRACE 1771 8311 U 4 12f61b
SCHED-TRACE 1772 8311 V 4 12f6a8
SCHED-TRACE 1773 8311 O 0 0
SCHED-TRACE 1774 8311 P 69 2099ce979
SCHED-TRACE 1775 8312 K 66 1cb423126
SCHED-TRACE 1776 8312 P 69 20b1f4fe0
SCHED-TRACE 1777 8313 P 69 20c453b65
SCHED-TRACE 1778 8387 I 66 131ee7
SCHED-TRACE 1779 8387 B 66 7a
SCHED-TRACE 1780 8387 P 66 207f58d4f
SCHED-TRACE 1781 8387 R 66 207f58d4f
SCHED-TRACE 1782 8388 U 4 131ff5
SCHED-TRACE 1783 8388 V 4 132082
SCHED-TRACE 1784 8388 O 0 0
SCHED-TRACE 1785 8388 P 66 209a18d4f
SCHED-TRACE 1786 8389 K 63 1cb45b645
SCHED-TRACE 1787 8389 P 66 20b23f3b6
SCHED-TRACE 1788 8390 P 66 20c49df3b
SCHED-TRACE 1789 8464 I 63 1348c1
SCHED-TRACE 1790 8464 B 63 7a
SCHED-TRACE 1791 8464 P 63 207f9126e
SCHED-TRACE 1792 8464 R 63 207f9126e
SCHED-TRACE 1793 8465 U 4 1349d0
SCHED-TRACE 1794 8465 V 4 134a5c
SCHED-TRACE 1795 8465 O 0 0
SCHED-TRACE 1796 8465 P 63 209a53b64
SCHED-TRACE 1797 8466 K 57 1cb4a5a1d
SCHED-TRACE 1798 8466 P 63 20b2778d5
SCHED-TRACE 1799 8467 P 63 20c4d8d50
SCHED-TRACE 1800 8541 I 57 13729b
SCHED-TRACE 1801 8541 B 57 7a
SCHED-TRACE 1802 8541 P 57 207fdb646
SCHED-TRACE 1803 8541 R 57 207fdb646
SCHED-TRACE 1804 8542 U 4 1373aa
SCHED-TRACE 1805 8542 V 4 137437
SCHED-TRACE 1806 8542 O 0 0
SCHED-TRACE 1807 8542 P 57 209aa3127
SCHED-TRACE 1808 8543 K 54 1cb513b64
SCHED-TRACE 1809 8543 P 57 20b2c6e98
SCHED-TRACE 1810 8544 P 57 20c528313
SCHED-TRACE 1811 8618 I 54 139c76
SCHED-TRACE 1812 8618 B 54 7a
SCHED-TRACE 1813 8618 P 54 20804978d
SCHED-TRACE 1814 8618 R 54 20804978d
SCHED-TRACE 1815 8619 U 4 139d85
SCHED-TRACE 1816 8619 V 4 139e11
SCHED-TRACE 1817 8619 O 0 0
SCHED-TRACE 1818 8619 P 54 209b13b64
SCHED-TRACE 1819 8620 K 51 1cb553b65
SCHED-TRACE 1820 8620 P 54 20b33a1cb
SCHED-TRACE 1821 8621 P 54 20c598d50
SCHED-TRACE 1822 8695 I 51 13c651
SCHED-TRACE 1823 8695 B 51 7a
SCHED-TRACE 1824 8695 P 51 20808978e
SCHED-TRACE 1825 8695 R 51 20808978e
SCHED-TRACE 1826 8696 U 4 13c75f
SCHED-TRACE 1827 8696 V 4 13c7ec
SCHED-TRACE 1828 8696 O 0 0
SCHED-TRACE 1829 8696 P 51 209b5645a
SCHED-TRACE 1830 8697 K 48 1cb59126e
SCHED-TRACE 1831 8697 P 51 20b37cac1
SCHED-TRACE 1832 8698 P 51 20c5db646
SCHED-TRACE 1833 8772 I 48 13f02b
SCHED-TRACE 1834 8772 B 48 7a
SCHED-TRACE 1835 8772 P 48 2080c978d
SCHED-TRACE 1836 8772 R 48 2080c978d
SCHED-TRACE 1837 8773 U 4 13f13a
SCHED-TRACE 1838 8773 V 4 13f1c7
SCHED-TRACE 1839 8773 O 0 0
SCHED-TRACE 1840 8773 P 48 209b9b645
SCHED-TRACE 1841 8774 K 45 1cb5d126f
SCHED-TRACE 1842 8774 P 48 20b3bf3b6
SCHED-TRACE 1843 8775 P 48 20c61df3b
SCHED-TRACE 1844 8849 I 45 141a06
SCHED-TRACE 1845 8849 B 45 7b
SCHED-TRACE 1846 8849 P 45 20810978d
SCHED-TRACE 1847 8849 R 45 20810978d
SCHED-TRACE 1848 8850 U 4 141b15
SCHED-TRACE 1849 8850 V 4 141ba2
SCHED-TRACE 1850 8850 O 0 0
SCHED-TRACE 1851 8850 P 45 209bddf3b
SCHED-TRACE 1852 8851 K 42 1cb61df3c
SCHED-TRACE 1853 8851 P 45 20b4045a2
SCHED-TRACE 1854 8852 P 45 20c663127
SCHED-TRACE 1855 8926 I 42 1443e1
SCHED-TRACE 1856 8926 B 42 7a
SCHED-TRACE 1857 8926 P 42 208153b65
SCHED-TRACE 1858 8926 R 42 208153b65
SCHED-TRACE 1859 8927 U 4 1444f0
SCHED-TRACE 1860 8927 V 4 14457d
SCHED-TRACE 1861 8927 O 0 0
SCHED-TRACE 1862 8927 P 42 209c2ac09
SCHED-TRACE 1863 8928 K 39 1cb65126e
SCHED-TRACE 1864 8928 P 42 20b45126f
SCHED-TRACE 1865 8929 P 42 20c6ad4fe
SCHED-TRACE 1866 9003 I 39 146dbb
SCHED-TRACE 1867 9003 B 39 7b
SCHED-TRACE 1868 9003 P 39 20816d4fe
SCHED-TRACE 1869 9003 R 39 20816d4fe
SCHED-TRACE 1870 9004 U 4 146ec8
SCHED-TRACE 1871 9004 V 4 146f55
SCHED-TRACE 1872 9004 O 0 0
SCHED-TRACE 1873 9004 P 39 209c18d50
SCHED-TRACE 1874 9005 K 36 1cb68c083
SCHED-TRACE 1875 9005 P 39 20b43cac0
SCHED-TRACE 1876 9006 P 39 20c69b646
SCHED-TRACE 1877 9080 I 36 149793
SCHED-TRACE 1878 9080 B 36 7a
SCHED-TRACE 1879 9080 P 36 20818978d
SCHED-TRACE 1880 9080 R 36 20818978d
SCHED-TRACE 1881 9081 U 4 1498a0
SCHED-TRACE 1882 9081 V 4 14992d
SCHED-TRACE 1883 9081 O 0 0
SCHED-TRACE 1884 9081 P 36 209c326e9
SCHED-TRACE 1885 9082 K 33 1cecfd2f1
SCHED-TRACE 1886 9082 P 36 20b45645a
SCHED-TRACE 1887 9083 P 36 20c6b26e9
SCHED-TRACE 1888 9157 I 33 14c16b
SCHED-TRACE 1889 9157 B 33 7a
SCHED-TRACE 1890 9157 P 33 1d4e19999
SCHED-TRACE 1891 9157 R 33 1d4e19999
SCHED-TRACE 1892 9158 U 4 14c278
SCHED-TRACE 1893 9158 V 4 14c305
SCHED-TRACE 1894 9158 O 0 0
SCHED-TRACE 1895 9158 P 33 1d50c3d70
SCHED-TRACE 1896 9159 K 33 1d50c3d70
SCHED-TRACE 1897 9159 P 33 1d532dd2f
SCHED-TRACE 1898 9235 I 33 14eb79
SCHED-TRACE 1899 9235 B 33 7b
SCHED-TRACE 1900 9235 P 33 1db6a8b43
SCHED-TRACE 1901 9235 R 33 1db6a8b43
SCHED-TRACE 1902 9236 U 4 14ec87
SCHED-TRACE 1903 9236 V 4 14ed13
SCHED-TRACE 1904 9236 O 0 0
SCHED-TRACE 1905 9236 P 33 1db9526e9
SCHED-TRACE 1906 9237 K 33 1db9526e9
SCHED-TRACE 1907 9237 P 33 1dbbbc6a8
SCHED-TRACE 1908 9313 I 33 15158e
SCHED-TRACE 1909 9313 B 33 7a
SCHED-TRACE 1910 9313 P 33 1e1f46e97
SCHED-TRACE 1911 9313 R 33 1e1f46e97
SCHED-TRACE 1912 9314 U 4 15169b
SCHED-TRACE 1913 9314 V 4 151728
SCHED-TRACE 1914 9314 O 0 0
SCHED-TRACE 1915 9314 P 33 1e21f0e56
SCHED-TRACE 1916 9315 K 33 1e21f0e56
SCHED-TRACE 1917 9315 P 33 1e245b22d
SCHED-TRACE 1918 9391 I 33 153fa3
SCHED-TRACE 1919 9391 B 33 7a
SCHED-TRACE 1920 9391 P 33 1e87e5a1c
SCHED-TRACE 1921 9391 R 33 1e87e5a1c
SCHED-TRACE 1922 9392 U 4 1540b0
SCHED-TRACE 1923 9392 V 4 15413c
SCHED-TRACE 1924 9392 O 0 0
SCHED-TRACE 1925 9392 P 33 1e8a8f9db
SCHED-TRACE 1926 9393 K 33 1e8a8f9db
SCHED-TRACE 1927 9393 P 33 1e8cf9db2
SCHED-TRACE 1928 9469 I 33 1569b7
SCHED-TRACE 1929 9469 B 33 7a
SCHED-TRACE 1930 9469 P 33 1ef084189
SCHED-TRACE 1931 9469 R 33 1ef084189
SCHED-TRACE 1932 9470 U 4 156ac5
SCHED-TRACE 1933 9470 V 4 156b51
SCHED-TRACE 1934 9470 O 0 0
SCHED-TRACE 1935 9470 P 33 1ef32e560
SCHED-TRACE 1936 9471 K 33 1ef32e560
SCHED-TRACE 1937 9471 P 33 1ef59851f
SCHED-TRACE 1938 9547 I 33 1593cc
SCHED-TRACE 1939 9547 B 33 7a
SCHED-TRACE 1940 9547 P 33 1f5922d0e
SCHED-TRACE 1941 9547 R 33 1f5922d0e
SCHED-TRACE 1942 9548 U 4 1594d9
SCHED-TRACE 1943 9548 V 4 159566
SCHED-TRACE 1944 9548 O 0 0
SCHED-TRACE 1945 9548 P 33 1f5bccccd
SCHED-TRACE 1946 9549 K 33 1f5bccccd
SCHED-TRACE 1947 9549 P 33 1f5e370a4
SCHED-TRACE 1948 9625 I 33 15bde1
SCHED-TRACE 1949 9625 B 33 7b
SCHED-TRACE 1950 9625 P 33 1fc1c1893
SCHED-TRACE 1951 9625 R 33 1fc1c1893
SCHED-TRACE 1952 9626 U 4 15beee
SCHED-TRACE 1953 9626 V 4 15bf7a
SCHED-TRACE 1954 9626 O 0 0
SCHED-TRACE 1955 9626 P 33 1fc46b852
SCHED-TRACE 1956 9627 K 33 1fc46b852
SCHED-TRACE 1957 9627 P 33 1fc6d5c29
SCHED-TRACE 1958 9703 I 33 15e7f5
SCHED-TRACE 1959 9703 B 33 7a
SCHED-TRACE 1960 9703 P 33 202a60000
SCHED-TRACE 1961 9703 R 33 202a60000
SCHED-TRACE 1962 9704 U 4 15e903
SCHED-TRACE 1963 9704 V 4 15e98f
SCHED-TRACE 1964 9704 O 0 0
SCHED-TRACE 1965 9704 P 33 202d0a3d7
SCHED-TRACE 1966 9705 K 33 202d0a3d7
SCHED-TRACE 1967 9705 P 33 202f74395
SCHED-TRACE 1968 9781 I 33 16120a
SCHED-TRACE 1969 9781 B 33 7a
SCHED-TRACE 1970 9781 P 33 2092feb85
SCHED-TRACE 1971 9781 R 33 2092feb85
SCHED-TRACE 1972 9782 U 4 161317
SCHED-TRACE 1973 9782 V 4 1613a4
SCHED-TRACE 1974 9782 O 0 0
SCHED-TRACE 1975 9782 P 33 2095a8b43
SCHED-TRACE 1976 9783 K 33 2095a8b43
SCHED-TRACE 1977 9783 P 33 209812f1a
SCHED-TRACE 1978 9859 I 33 163c1f
SCHED-TRACE 1979 9859 B 33 7b
SCHED-TRACE 1980 9859 P 33 20fb9d70a
SCHED-TRACE 1981 9859 R 33 20fb9d70a
SCHED-TRACE 1982 9860 U 4 163d2c
SCHED-TRACE 1983 9860 V 4 163db9
SCHED-TRACE 1984 9860 O 0 0
SCHED-TRACE 1985 9860 P 33 20fe47efa
SCHED-TRACE 1986 9861 K 60 20a258d4f
SCHED-TRACE 1987 9861 P 33 2100b22d1
SCHED-TRACE 1988 9862 P 33 21028872b
SCHED-TRACE 1989 9936 I 60 1665fb
SCHED-TRACE 1990 9936 B 60 7b
SCHED-TRACE 1991 9936 P 60 246dce978
SCHED-TRACE 1992 9936 R 60 246dce978
SCHED-TRACE 1993 9937 U 4 166709
SCHED-TRACE 1994 9937 V 4 166796
SCHED-TRACE 1995 9937 O 0 0
SCHED-TRACE 1996 9937 P 60 248893b64
SCHED-TRACE 1997 9938 K 81 20c35126e
SCHED-TRACE 1998 9938 P 60 24a0ba1ca
SCHED-TRACE 1999 9939 P 60 24b318d4f
SCHED-TRACE 2000 10013 I 81 168fd5
SCHED-TRACE 2001 10013 B 81 7a
SCHED-TRACE 2002 10013 P 81 248e86e97
SCHED-TRACE 2003 10013 R 81 248e86e97
SCHED-TRACE 2004 10014 U 4 1690e3
SCHED-TRACE 2005 10014 V 4 16916f
SCHED-TRACE 2006 10014 O 0 0
SCHED-TRACE 2007 10014 P 81 24a93a1ca
SCHED-TRACE 2008 10015 K 78 20c39126f
SCHED-TRACE 2009 10015 P 81 24c15df3b
SCHED-TRACE 2010 10016 P 81 24d3bcac0
SCHED-TRACE 2011 10090 I 78 16b9af
SCHED-TRACE 2012 10090 B 78 7b
SCHED-TRACE 2013 10090 P 78 248ec978d
SCHED-TRACE 2014 10090 R 78 248ec978d
SCHED-TRACE 2015 10091 U 4 16babc
SCHED-TRACE 2016 10091 V 4 16bb49
SCHED-TRACE 2017 10091 O 0 0
SCHED-TRACE 2018 10091 P 78 24a97cac1
SCHED-TRACE 2019 10092 K 75 20c3d3b65
SCHED-TRACE 2020 10092 P 78 24c1a0831
SCHED-TRACE 2021 10093 P 78 24d401cac
SCHED-TRACE 2022 10167 I 75 16e388
SCHED-TRACE 2023 10167 B 75 7a
SCHED-TRACE 2024 10167 P 75 248f06e98
SCHED-TRACE 2025 10167 R 75 248f06e98
SCHED-TRACE 2026 10168 U 4 16e496
SCHED-TRACE 2027 10168 V 4 16e523
SCHED-TRACE 2028 10168 O 0 0
SCHED-TRACE 2029 10168 P 75 24a9bcac1
SCHED-TRACE 2030 10169 K 72 20c428313
SCHED-TRACE 2031 10169 P 75 24c1e3127
SCHED-TRACE 2032 10170 P 75 24d441cac
SCHED-TRACE 2033 10244 I 72 170d62
SCHED-TRACE 2034 10244 B 72 7a
SCHED-TRACE 2035 10244 P 72 248f5df3c
SCHED-TRACE 2036 10244 R 72 248f5df3c
SCHED-TRACE 2037 10245 U 4 170e70
SCHED-TRACE 2038 10245 V 4 170efd
SCHED-TRACE 2039 10245 O 0 0
SCHED-TRACE 2040 10245 P 72 24aa18d50
SCHED-TRACE 2041 10246 K 69 20c453b65
SCHED-TRACE 2042 10246 P 72 24c23cac1
SCHED-TRACE 2043 10247 P 72 24d49b646
SCHED-TRACE 2044 10321 I 69 17373c
SCHED-TRACE 2045 10321 B 69 7b
SCHED-TRACE 2046 10321 P 69 248f8c084
SCHED-TRACE 2047 10321 R 69 248f8c084
SCHED-TRACE 2048 10322 U 4 17384a
SCHED-TRACE 2049 10322 V 4 1738d7
SCHED-TRACE 2050 10322 O 0 0
SCHED-TRACE 2051 10322 P 69 24aa46e98
SCHED-TRACE 2052 10323 K 66 20c49df3b
SCHED-TRACE 2053 10323 P 69 24c26d4fe
SCHED-TRACE 2054 10324 P 69 24d4cc084
SCHED-TRACE 2055 10398 I 66 176116
SCHED-TRACE 2056 10398 B 66 7a
SCHED-TRACE 2057 10398 P 66 248fd3b64
SCHED-TRACE 2058 10398 R 66 248fd3b64
SCHED-TRACE 2059 10399 U 4 176224
SCHED-TRACE 2060 10399 V 4 1762b1
SCHED-TRACE 2061 10399 O 0 0
SCHED-TRACE 2062 10399 P 66 24aa93b64
SCHED-TRACE 2063 10400 K 63 20c4d8d50
SCHED-TRACE 2064 10400 P 66 24c2b78d5
SCHED-TRACE 2065 10401 P 66 24d518d4f
SCHED-TRACE 2066 10475 I 63 178af0
SCHED-TRACE 2067 10475 B 63 7a
SCHED-TRACE 2068 10475 P 63 24900c083
SCHED-TRACE 2069 10475 R 63 24900c083
SCHED-TRACE 2070 10476 U 4 178bff
SCHED-TRACE 2071 10476 V 4 178c8b
SCHED-TRACE 2072 10476 O 0 0
SCHED-TRACE 2073 10476 P 63 24aace979
SCHED-TRACE 2074 10477 K 57 20c528313
SCHED-TRACE 2075 10477 P 63 24c2f26e9
SCHED-TRACE 2076 10478 P 63 24d55126e
SCHED-TRACE 2077 10552 I 57 17b4cb
SCHED-TRACE 2078 10552 B 57 7b
SCHED-TRACE 2079 10552 P 57 249060831
SCHED-TRACE 2080 10552 R 57 249060831
SCHED-TRACE 2081 10553 U 4 17b5d9
SCHED-TRACE 2082 10553 V 4 17b666
SCHED-TRACE 2083 10553 O 0 0
SCHED-TRACE 2084 10553 P 57 24ab28313
SCHED-TRACE 2085 10554 K 54 20c598d50
SCHED-TRACE 2086 10554 P 57 24c34c083
SCHED-TRACE 2087 10555 P 57 24d5aac08
SCHED-TRACE 2088 10629 I 54 17dea5
SCHED-TRACE 2089 10629 B 54 7b
SCHED-TRACE 2090 10629 P 54 2490d126f
SCHED-TRACE 2091 10629 R 54 2490d126f
SCHED-TRACE 2092 10630 U 4 17dfb4
SCHED-TRACE 2093 10630 V 4 17e040
SCHED-TRACE 2094 10630 O 0 0
SCHED-TRACE 2095 10630 P 54 24ab9b646
SCHED-TRACE 2096 10631 K 51 20c5db646
SCHED-TRACE 2097 10631 P 54 24c3bf3b6
SCHED-TRACE 2098 10632 P 54 24d620831
SCHED-TRACE 2099 10706 I 51 180880
SCHED-TRACE 2100 10706 B 51 7a
SCHED-TRACE 2101 10706 P 51 24910e979
SCHED-TRACE 2102 10706 R 51 24910e979
SCHED-TRACE 2103 10707 U 4 18098f
SCHED-TRACE 2104 10707 V 4 180a1b
SCHED-TRACE 2105 10707 O 0 0
SCHED-TRACE 2106 10707 P 51 24abdb646
SCHED-TRACE 2107 10708 K 48 20c61df3b
SCHED-TRACE 2108 10708 P 51 24c401cac
SCHED-TRACE 2109 10709 P 51 24d660831
SCHED-TRACE 2110 10783 I 48 18325a
SCHED-TRACE 2111 10783 B 48 7a
SCHED-TRACE 2112 10783 P 48 249153b64
SCHED-TRACE 2113 10783 R 48 249153b64
SCHED-TRACE 2114 10784 U 4 183369
SCHED-TRACE 2115 10784 V 4 1833f6
SCHED-TRACE 2116 10784 O 0 0
SCHED-TRACE 2117 10784 P 48 24ac25a1c
SCHED-TRACE 2118 10785 K 45 20c663127
SCHED-TRACE 2119 10785 P 48 24c44c083
SCHED-TRACE 2120 10786 P 48 24d6aac08
SCHED-TRACE 2121 10860 I 45 185c35
SCHED-TRACE 2122 10860 B 45 7a
SCHED-TRACE 2123 10860 P 45 249198d50
SCHED-TRACE 2124 10860 R 45 249198d50
SCHED-TRACE 2125 10861 U 4 185d44
SCHED-TRACE 2126 10861 V 4 185dd1
SCHED-TRACE 2127 10861 O 0 0
SCHED-TRACE 2128 10861 P 45 24ac6ac08
SCHED-TRACE 2129 10862 K 39 20c69b646
SCHED-TRACE 2130 10862 P 45 24c49126f
SCHED-TRACE 2131 10863 P 45 24d6ed4fe
SCHED-TRACE 2132 10937 I 39 18860f
SCHED-TRACE 2133 10937 B 39 7b
SCHED-TRACE 2134 10937 P 39 2491b78d5
SCHED-TRACE 2135 10937 R 39 2491b78d5
SCHED-TRACE 2136 10938 U 4 18871d
SCHED-TRACE 2137 10938 V 4 1887a9
SCHED-TRACE 2138 10938 O 0 0
SCHED-TRACE 2139 10938 P 39 24ac63127
SCHED-TRACE 2140 10939 K 42 20c6ad4fe
SCHED-TRACE 2141 10939 P 39 24c486e97
SCHED-TRACE 2142 10940 P 39 24d6e5a1d
SCHED-TRACE 2143 11014 I 42 18afe7
SCHED-TRACE 2144 11014 B 42 7a
SCHED-TRACE 2145 11014 P 42 2491bf3b7
SCHED-TRACE 2146 11014 R 42 2491bf3b7
SCHED-TRACE 2147 11015 U 4 18b0f6
SCHED-TRACE 2148 11015 V 4 18b182
SCHED-TRACE 2149 11015 O 0 0
SCHED-TRACE 2150 11015 P 42 24ac93b65
SCHED-TRACE 2151 11016 K 36 20c6b26e9
SCHED-TRACE 2152 11016 P 42 24c4ba1cb
SCHED-TRACE 2153 11017 P 42 24d71645a
SCHED-TRACE 2154 11091 I 36 18d9c1
SCHED-TRACE 2155 11091 B 36 7b
SCHED-TRACE 2156 11091 P 36 2491c1cac
SCHED-TRACE 2157 11091 R 36 2491c1cac
SCHED-TRACE 2158 11092 U 4 18dace
SCHED-TRACE 2159 11092 V 4 18db5b
SCHED-TRACE 2160 11092 O 0 0
SCHED-TRACE 2161 11092 P 36 24ac68312
SCHED-TRACE 2162 11093 K 33 21028872b
SCHED-TRACE 2163 11093 P 36 24c48e978
SCHED-TRACE 2164 11094 P 36 24d6e8312
SCHED-TRACE 2165 11168 I 33 190399
SCHED-TRACE 2166 11168 B 33 7b
SCHED-TRACE 2167 11168 P 33 2163a51eb
SCHED-TRACE 2168 11168 R 33 2163a51eb
SCHED-TRACE 2169 11169 U 4 1904a6
SCHED-TRACE 2170 11169 V 4 190533
SCHED-TRACE 2171 11169 O 0 0
SCHED-TRACE 2172 11169 P 33 21664f1aa
SCHED-TRACE 2173 11170 K 33 21664f1aa
SCHED-TRACE 2174 11170 P 33 2168b9581
SCHED-TRACE 2175 11246 I 33 192da7
SCHED-TRACE 2176 11246 B 33 7a
SCHED-TRACE 2177 11246 P 33 21cc33f7d
SCHED-TRACE 2178 11246 R 33 21cc33f7d
SCHED-TRACE 2179 11247 U 4 192eb5
SCHED-TRACE 2180 11247 V 4 192f41
SCHED-TRACE 2181 11247 O 0 0
SCHED-TRACE 2182 11247 P 33 21ceddf3b
SCHED-TRACE 2183 11248 K 33 21ceddf3b
SCHED-TRACE 2184 11248 P 33 21d148312
SCHED-TRACE 2185 11324 I 33 1957bc
SCHED-TRACE 2186 11324 B 33 7a
SCHED-TRACE 2187 11324 P 33 2234d26e9
SCHED-TRACE 2188 11324 R 33 2234d26e9
SCHED-TRACE 2189 11325 U 4 1958c9
SCHED-TRACE 2190 11325 V 4 195956
SCHED-TRACE 2191 11325 O 0 0
SCHED-TRACE 2192 11325 P 33 22377c6a8
SCHED-TRACE 2193 11326 K 33 22377c6a8
SCHED-TRACE 2194 11326 P 33 2239e6666
SCHED-TRACE 2195 11402 I 33 1981d1
SCHED-TRACE 2196 11402 B 33 7a
SCHED-TRACE 2197 11402 P 33 229d70e56
SCHED-TRACE 2198 11402 R 33 229d70e56
SCHED-TRACE 2199 11403 U 4 1982de
SCHED-TRACE 2200 11403 V 4 19836b
SCHED-TRACE 2201 11403 O 0 0
SCHED-TRACE 2202 11403 P 33 22a01ae14
SCHED-TRACE 2203 11404 K 33 22a01ae14
SCHED-TRACE 2204 11404 P 33 22a2851eb
SCHED-TRACE 2205 11480 I 33 19abe5
SCHED-TRACE 2206 11480 B 33 7a
SCHED-TRACE 2207 11480 P 33 23060f5c2
SCHED-TRACE 2208 11480 R 33 23060f5c2
SCHED-TRACE 2209 11481 U 4 19acf3
SCHED-TRACE 2210 11481 V 4 19ad7f
SCHED-TRACE 2211 11481 O 0 0
SCHED-TRACE 2212 11481 P 33 2308b9581
SCHED-TRACE 2213 11482 K 33 2308b9581
SCHED-TRACE 2214 11482 P 33 230b23958
SCHED-TRACE 2215 11558 I 33 19d5fa
SCHED-TRACE 2216 11558 B 33 7a
SCHED-TRACE 2217 11558 P 33 236eadd2f
SCHED-TRACE 2218 11558 R 33 236eadd2f
SCHED-TRACE 2219 11559 U 4 19d707
SCHED-TRACE 2220 11559 V 4 19d794
SCHED-TRACE 2221 11559 O 0 0
SCHED-TRACE 2222 11559 P 33 237158106
SCHED-TRACE 2223 11560 K 33 237158106
SCHED-TRACE 2224 11560 P 33 2373c20c4
SCHED-TRACE 2225 11636 I 33 1a000f
SCHED-TRACE 2226 11636 B 33 7a
SCHED-TRACE 2227 11636 P 33 23d74c8b4
SCHED-TRACE 2228 11636 R 33 23d74c8b4
SCHED-TRACE 2229 11637 U 4 1a011c
SCHED-TRACE 2230 11637 V 4 1a01a9
SCHED-TRACE 2231 11637 O 0 0
SCHED-TRACE 2232 11637 P 33 23d9f6873
SCHED-TRACE 2233 11638 K 33 23d9f6873
SCHED-TRACE 2234 11638 P 33 23dc60c4a
SCHED-TRACE 2235 11714 I 33 1a2a23
SCHED-TRACE 2236 11714 B 33 7b
SCHED-TRACE 2237 11714 P 33 243feb439
SCHED-TRACE 2238 11714 R 33 243feb439
SCHED-TRACE 2239 11715 U 4 1a2b31
SCHED-TRACE 2240 11715 V 4 1a2bbd
SCHED-TRACE 2241 11715 O 0 0
SCHED-TRACE 2242 11715 P 33 2442953f8
SCHED-TRACE 2243 11716 K 33 2442953f8
SCHED-TRACE 2244 11716 P 33 2444ff3b6
SCHED-TRACE 2245 11792 I 33 1a5438
SCHED-TRACE 2246 11792 B 33 7a
SCHED-TRACE 2247 11792 P 33 24a889ba6
SCHED-TRACE 2248 11792 R 33 24a889ba6
SCHED-TRACE 2249 11793 U 4 1a5545
SCHED-TRACE 2250 11793 V 4 1a55d2
SCHED-TRACE 2251 11793 O 0 0
SCHED-TRACE 2252 11793 P 33 24ab33b64
SCHED-TRACE 2253 11794 K 33 24ab33b64
SCHED-TRACE 2254 11794 P 33 24ad9df3b
SCHED-TRACE 2255 11870 I 33 1a7e4d
SCHED-TRACE 2256 11870 B 33 7a
SCHED-TRACE 2257 11870 P 33 25112872b
SCHED-TRACE 2258 11870 R 33 25112872b
SCHED-TRACE 2259 11871 U 4 1a7f5a
SCHED-TRACE 2260 11871 V 4 1a7fe7
SCHED-TRACE 2261 11871 O 0 0
SCHED-TRACE 2262 11871 P 33 2513d2f1a
SCHED-TRACE 2263 11872 K 60 24b318d4f
SCHED-TRACE 2264 11872 P 33 25163d2f1
SCHED-TRACE 2265 11873 P 33 251813b64
SCHED-TRACE 2266 11947 I 60 1aa829
SCHED-TRACE 2267 11947 B 60 7a
SCHED-TRACE 2268 11947 P 60 287e8c083
SCHED-TRACE 2269 11947 R 60 287e8c083
SCHED-TRACE 2270 11948 U 4 1aa937
SCHED-TRACE 2271 11948 V 4 1aa9c4
SCHED-TRACE 2272 11948 O 0 0
SCHED-TRACE 2273 11948 P 60 28995126e
SCHED-TRACE 2274 11949 K 81 24d3bcac0
SCHED-TRACE 2275 11949 P 60 28b174fdf
SCHED-TRACE 2276 11950 P 60 28c3d645a
SCHED-TRACE 2277 12024 I 81 1ad203
SCHED-TRACE 2278 12024 B 81 7a
SCHED-TRACE 2279 12024 P 81 289ef26e9
SCHED-TRACE 2280 12024 R 81 289ef26e9
SCHED-TRACE 2281 12025 U 4 1ad311
SCHED-TRACE 2282 12025 V 4 1ad39d
SCHED-TRACE 2283 12025 O 0 0
SCHED-TRACE 2284 12025 P 81 28b9a3127
SCHED-TRACE 2285 12026 K 78 24d401cac
SCHED-TRACE 2286 12026 P 81 28d1c6e97
SCHED-TRACE 2287 12027 P 81 28e428312
SCHED-TRACE 2288 12101 I 78 1afbdd
SCHED-TRACE 2289 12101 B 78 7a
SCHED-TRACE 2290 12101 P 78 289f378d5
SCHED-TRACE 2291 12101 R 78 289f378d5
SCHED-TRACE 2292 12102 U 4 1afcea
SCHED-TRACE 2293 12102 V 4 1afd77
SCHED-TRACE 2294 12102 O 0 0
SCHED-TRACE 2295 12102 P 78 28b9eac08
SCHED-TRACE 2296 12103 K 75 24d441cac
SCHED-TRACE 2297 12103 P 78 28d21126f
SCHED-TRACE 2298 12104 P 78 28e46fdf4
SCHED-TRACE 2299 12178 I 75 1b25b6
SCHED-TRACE 2300 12178 B 75 7a
SCHED-TRACE 2301 12178 P 75 289f778d5
SCHED-TRACE 2302 12178 R 75 289f778d5
SCHED-TRACE 2303 12179 U 4 1b26c4
SCHED-TRACE 2304 12179 V 4 1b2751
SCHED-TRACE 2305 12179 O 0 0
SCHED-TRACE 2306 12179 P 75 28ba2fdf4
SCHED-TRACE 2307 12180 K 72 24d49b646
SCHED-TRACE 2308 12180 P 75 28d25645a
SCHED-TRACE 2309 12181 P 75 28e4b4fdf
SCHED-TRACE 2310 12255 I 72 1b4f90
SCHED-TRACE 2311 12255 B 72 7a
SCHED-TRACE 2312 12255 P 72 289fd126f
SCHED-TRACE 2313 12255 R 72 289fd126f
SCHED-TRACE 2314 12256 U 4 1b509e
SCHED-TRACE 2315 12256 V 4 1b512b
SCHED-TRACE 2316 12256 O 0 0
SCHED-TRACE 2317 12256 P 72 28ba8c083
SCHED-TRACE 2318 12257 K 69 24d4cc084
SCHED-TRACE 2319 12257 P 72 28d2afdf4
SCHED-TRACE 2320 12258 P 72 28e51126f
SCHED-TRACE 2321 12332 I 69 1b796a
SCHED-TRACE 2322 12332 B 69 7a
SCHED-TRACE 2323 12332 P 69 28a001cad
SCHED-TRACE 2324 12332 R 69 28a001cad
SCHED-TRACE 2325 12333 U 4 1b7a78
SCHED-TRACE 2326 12333 V 4 1b7b05
SCHED-TRACE 2327 12333 O 0 0
SCHED-TRACE 2328 12333 P 69 28babf3b7
SCHED-TRACE 2329 12334 K 66 24d518d4f
SCHED-TRACE 2330 12334 P 69 28d2e5a1d
SCHED-TRACE 2331 12335 P 69 28e5445a2
SCHED-TRACE 2332 12409 I 66 1ba344
SCHED-TRACE 2333 12409 B 66 7a
SCHED-TRACE 2334 12409 P 66 28a04e978
SCHED-TRACE 2335 12409 R 66 28a04e978
SCHED-TRACE 2336 12410 U 4 1ba452
SCHED-TRACE 2337 12410 V 4 1ba4df
SCHED-TRACE 2338 12410 O 0 0
SCHED-TRACE 2339 12410 P 66 28bb0e978
SCHED-TRACE 2340 12411 K 63 24d55126e
SCHED-TRACE 2341 12411 P 66 28d334fdf
SCHED-TRACE 2342 12412 P 66 28e593b64
SCHED-TRACE 2343 12486 I 63 1bcd1e
SCHED-TRACE 2344 12486 B 63 7a
SCHED-TRACE 2345 12486 P 63 28a086e97
SCHED-TRACE 2346 12486 R 63 28a086e97
SCHED-TRACE 2347 12487 U 4 1bce2d
SCHED-TRACE 2348 12487 V 4 1bceb9
SCHED-TRACE 2349 12487 O 0 0
SCHED-TRACE 2350 12487 P 63 28bb4978d
SCHED-TRACE 2351 12488 K 57 24d5aac08
SCHED-TRACE 2352 12488 P 63 28d36d4fe
SCHED-TRACE 2353 12489 P 63 28e5ce979
SCHED-TRACE 2354 12563 I 57 1bf6f9
SCHED-TRACE 2355 12563 B 57 7a
SCHED-TRACE 2356 12563 P 57 28a0e0831
SCHED-TRACE 2357 12563 R 57 28a0e0831
SCHED-TRACE 2358 12564 U 4 1bf807
SCHED-TRACE 2359 12564 V 4 1bf894
SCHED-TRACE 2360 12564 O 0 0
SCHED-TRACE 2361 12564 P 57 28bba8313
SCHED-TRACE 2362 12565 K 54 24d620831
SCHED-TRACE 2363 12565 P 57 28d3cc083
SCHED-TRACE 2364 12566 P 57 28e62d4fe
SCHED-TRACE 2365 12640 I 54 1c20d3
SCHED-TRACE 2366 12640 B 54 7a
SCHED-TRACE 2367 12640 P 54 28a15645a
SCHED-TRACE 2368 12640 R 54 28a15645a
SCHED-TRACE 2369 12641 U 4 1c21e2
SCHED-TRACE 2370 12641 V 4 1c226e
SCHED-TRACE 2371 12641 O 0 0
SCHED-TRACE 2372 12641 P 54 28bc20831
SCHED-TRACE 2373 12642 K 51 24d660831
SCHED-TRACE 2374 12642 P 54 28d446e98
SCHED-TRACE 2375 12643 P 54 28e6a5a1d
SCHED-TRACE 2376 12717 I 51 1c4aae
SCHED-TRACE 2377 12717 B 51 7a
SCHED-TRACE 2378 12717 P 51 28a19645a
SCHED-TRACE 2379 12717 R 51 28a19645a
SCHED-TRACE 2380 12718 U 4 1c4bbd
SCHED-TRACE 2381 12718 V 4 1c4c49
SCHED-TRACE 2382 12718 O 0 0
SCHED-TRACE 2383 12718 P 51 28bc65a1d
SCHED-TRACE 2384 12719 K 48 24d6aac08
SCHED-TRACE 2385 12719 P 51 28d48c083
SCHED-TRACE 2386 12720 P 51 28e6eac08
SCHED-TRACE 2387 12794 I 48 1c7488
SCHED-TRACE 2388 12794 B 48 7a
SCHED-TRACE 2389 12794 P 48 28a1e0831
SCHED-TRACE 2390 12794 R 48 28a1e0831
SCHED-TRACE 2391 12795 U 4 1c7597
SCHED-TRACE 2392 12795 V 4 1c7624
SCHED-TRACE 2393 12795 O 0 0
SCHED-TRACE 2394 12795 P 48 28bcafdf3
SCHED-TRACE 2395 12796 K 39 24d6e5a1d
SCHED-TRACE 2396 12796 P 48 28d4d3b64
SCHED-TRACE 2397 12797 P 48 28e7326e9
SCHED-TRACE 2398 12871 I 39 1c9e62
SCHED-TRACE 2399 12871 B 39 7a
SCHED-TRACE 2400 12871 P 39 28a1fcac0
SCHED-TRACE 2401 12871 R 39 28a1fcac0
SCHED-TRACE 2402 12872 U 4 1c9f6f
SCHED-TRACE 2403 12872 V 4 1c9ffc
SCHED-TRACE 2404 12872 O 0 0
SCHED-TRACE 2405 12872 P 39 28bca8312
SCHED-TRACE 2406 12873 K 36 24d6e8312
SCHED-TRACE 2407 12873 P 39 28d4cc083
SCHED-TRACE 2408 12874 P 39 28e728312
SCHED-TRACE 2409 12948 I 36 1cc83a
SCHED-TRACE 2410 12948 B 36 7a
SCHED-TRACE 2411 12948 P 36 28a20e978
SCHED-TRACE 2412 12948 R 36 28a20e978
SCHED-TRACE 2413 12949 U 4 1cc947
SCHED-TRACE 2414 12949 V 4 1cc9d4
SCHED-TRACE 2415 12949 O 0 0
SCHED-TRACE 2416 12949 P 36 28bcb78d5
SCHED-TRACE 2417 12950 K 45 24d6ed4fe
SCHED-TRACE 2418 12950 P 36 28d4ddf3b
SCHED-TRACE 2419 12951 P 36 28e73a1ca
SCHED-TRACE 2420 13025 I 45 1cf212
SCHED-TRACE 2421 13025 B 45 7a
SCHED-TRACE 2422 13025 P 45 28a218d50
SCHED-TRACE 2423 13025 R 45 28a218d50
SCHED-TRACE 2424 13026 U 4 1cf321
SCHED-TRACE 2425 13026 V 4 1cf3ad
SCHED-TRACE 2426 13026 O 0 0
SCHED-TRACE 2427 13026 P 45 28bce8312
SCHED-TRACE 2428 13027 K 42 24d71645a
SCHED-TRACE 2429 13027 P 45 28d50c083
SCHED-TRACE 2430 13028 P 45 28e768312
SCHED-TRACE 2431 13102 I 42 1d1bec
SCHED-TRACE 2432 13102 B 42 7a
SCHED-TRACE 2433 13102 P 42 28a223127
SCHED-TRACE 2434 13102 R 42 28a223127
SCHED-TRACE 2435 13103 U 4 1d1cfb
SCHED-TRACE 2436 13103 V 4 1d1d87
SCHED-TRACE 2437 13103 O 0 0
SCHED-TRACE 2438 13103 P 42 28bcf4fe0
SCHED-TRACE 2439 13104 K 33 251813b64
SCHED-TRACE 2440 13104 P 42 28d51b646
SCHED-TRACE 2441 13105 P 42 28e7778d5
SCHED-TRACE 2442 13179 I 33 1d45c6
SCHED-TRACE 2443 13179 B 33 7a
SCHED-TRACE 2444 13179 P 33 257930e56
SCHED-TRACE 2445 13179 R 33 257930e56
SCHED-TRACE 2446 13180 U 4 1d46d3
SCHED-TRACE 2447 13180 V 4 1d4760
SCHED-TRACE 2448 13180 O 0 0
SCHED-TRACE 2449 13180 P 33 257bdae14
SCHED-TRACE 2450 13181 K 33 257bdae14
SCHED-TRACE 2451 13181 P 33 257e451eb
SCHED-TRACE 2452 13257 I 33 1d6fd4
SCHED-TRACE 2453 13257 B 33 7a
SCHED-TRACE 2454 13257 P 33 25e1bef9e
SCHED-TRACE 2455 13257 R 33 25e1bef9e
SCHED-TRACE 2456 13258 U 4 1d70e1
SCHED-TRACE 2457 13258 V 4 1d716e
SCHED-TRACE 2458 13258 O 0 0
SCHED-TRACE 2459 13258 P 33 25e468f5c
SCHED-TRACE 2460 13259 K 33 25e468f5c
SCHED-TRACE 2461 13259 P 33 25e6d3333
SCHED-TRACE 2462 13335 I 33 1d99e9
SCHED-TRACE 2463 13335 B 33 7b
SCHED-TRACE 2464 13335 P 33 264a5db23
SCHED-TRACE 2465 13335 R 33 264a5db23
SCHED-TRACE 2466 13336 U 4 1d9af6
SCHED-TRACE 2467 13336 V 4 1d9b82
SCHED-TRACE 2468 13336 O 0 0
SCHED-TRACE 2469 13336 P 33 264d07ae1
SCHED-TRACE 2470 13337 K 33 264d07ae1
SCHED-TRACE 2471 13337 P 33 264f71eb8
SCHED-TRACE 2472 13413 I 33 1dc3fd
SCHED-TRACE 2473 13413 B 33 7a
SCHED-TRACE 2474 13413 P 33 26b2fc28f
SCHED-TRACE 2475 13413 R 33 26b2fc28f
SCHED-TRACE 2476 13414 U 4 1dc50b
SCHED-TRACE 2477 13414 V 4 1dc597
SCHED-TRACE 2478 13414 O 0 0
SCHED-TRACE 2479 13414 P 33 26b5a6666
SCHED-TRACE 2480 13415 K 33 26b5a6666
SCHED-TRACE 2481 13415 P 33 26b810625
SCHED-TRACE 2482 13491 I 33 1dee12
SCHED-TRACE 2483 13491 B 33 7a
SCHED-TRACE 2484 13491 P 33 271b9ae14
SCHED-TRACE 2485 13491 R 33 271b9ae14
SCHED-TRACE 2486 13492 U 4 1def1f
SCHED-TRACE 2487 13492 V 4 1defac
SCHED-TRACE 2488 13492 O 0 0
SCHED-TRACE 2489 13492 P 33 271e44dd3
SCHED-TRACE 2490 13493 K 33 271e44dd3
SCHED-TRACE 2491 13493 P 33 2720af1aa
SCHED-TRACE 2492 13569 I 33 1e1827
SCHED-TRACE 2493 13569 B 33 7b
SCHED-TRACE 2494 13569 P 33 278439999
SCHED-TRACE 2495 13569 R 33 278439999
SCHED-TRACE 2496 13570 U 4 1e1934
SCHED-TRACE 2497 13570 V 4 1e19c0
SCHED-TRACE 2498 13570 O 0 0
SCHED-TRACE 2499 13570 P 33 2786e3958
SCHED-TRACE 2500 13571 K 33 2786e3958
SCHED-TRACE 2501 13571 P 33 27894d916
SCHED-TRACE 2502 13647 I 33 1e423b
SCHED-TRACE 2503 13647 B 33 7a
SCHED-TRACE 2504 13647 P 33 27ecd8106
SCHED-TRACE 2505 13647 R 33 27ecd8106
SCHED-TRACE 2506 13648 U 4 1e4349
SCHED-TRACE 2507 13648 V 4 1e43d5
SCHED-TRACE 2508 13648 O 0 0
SCHED-TRACE 2509 13648 P 33 27ef820c4
SCHED-TRACE 2510 13649 K 33 27ef820c4
SCHED-TRACE 2511 13649 P 33 27f1ec49b
SCHED-TRACE 2512 13725 I 33 1e6c50
SCHED-TRACE 2513 13725 B 33 7a
SCHED-TRACE 2514 13725 P 33 285576c8b
SCHED-TRACE 2515 13725 R 33 285576c8b
SCHED-TRACE 2516 13726 U 4 1e6d5d
SCHED-TRACE 2517 13726 V 4 1e6dea
SCHED-TRACE 2518 13726 O 0 0
SCHED-TRACE 2519 13726 P 33 285820c4a
SCHED-TRACE 2520 13727 K 33 285820c4a
SCHED-TRACE 2521 13727 P 33 285a8b021
SCHED-TRACE 2522 13803 I 33 1e9665
SCHED-TRACE 2523 13803 B 33 7b
SCHED-TRACE 2524 13803 P 33 28be15810
SCHED-TRACE 2525 13803 R 33 28be15810
SCHED-TRACE 2526 13804 U 4 1e9772
SCHED-TRACE 2527 13804 V 4 1e97fe
SCHED-TRACE 2528 13804 O 0 0
SCHED-TRACE 2529 13804 P 33 28c0bf7cf
SCHED-TRACE 2530 13805 K 33 28c0bf7cf
SCHED-TRACE 2531 13805 P 33 28c32978d
SCHED-TRACE 2532 13881 I 33 1ec079
SCHED-TRACE 2533 13881 B 33 7a
SCHED-TRACE 2534 13881 P 33 2926b3f7d
SCHED-TRACE 2535 13881 R 33 2926b3f7d
SCHED-TRACE 2536 13882 U 4 1ec187
SCHED-TRACE 2537 13882 V 4 1ec213
SCHED-TRACE 2538 13882 O 0 0
SCHED-TRACE 2539 13882 P 33 29295eb85
SCHED-TRACE 2540 13883 K 60 28c3d645a
SCHED-TRACE 2541 13883 P 33 292bc8b43
SCHED-TRACE 2542 13884 P 33 292d9f3b6
SCHED-TRACE 2543 13958 I 60 1eea55
SCHED-TRACE 2544 13958 B 60 7a
SCHED-TRACE 2545 13958 P 60 2c8f4978d
SCHED-TRACE 2546 13958 R 60 2c8f4978d
SCHED-TRACE 2547 13959 U 4 1eeb64
SCHED-TRACE 2548 13959 V 4 1eebf0
SCHED-TRACE 2549 13959 O 0 0
SCHED-TRACE 2550 13959 P 60 2caa0e978
SCHED-TRACE 2551 13960 K 81 28e428312
SCHED-TRACE 2552 13960 P 60 2cc234fdf
SCHED-TRACE 2553 13961 P 60 2cd493b64
SCHED-TRACE 2554 14035 I 81 1f1430
SCHED-TRACE 2555 14035 B 81 7a
SCHED-TRACE 2556 14035 P 81 2caf5df3b
SCHED-TRACE 2557 14035 R 81 2caf5df3b
SCHED-TRACE 2558 14036 U 4 1f153d
SCHED-TRACE 2559 14036 V 4 1f15ca
SCHED-TRACE 2560 14036 O 0 0
SCHED-TRACE 2561 14036 P 81 2cca0e978
SCHED-TRACE 2562 14037 K 78 28e46fdf4
SCHED-TRACE 2563 14037 P 81 2ce234fdf
SCHED-TRACE 2564 14038 P 81 2cf493b64
SCHED-TRACE 2565 14112 I 78 1f3e09
SCHED-TRACE 2566 14112 B 78 7a
SCHED-TRACE 2567 14112 P 78 2cafa5a1d
SCHED-TRACE 2568 14112 R 78 2cafa5a1d
SCHED-TRACE 2569 14113 U 4 1f3f17
SCHED-TRACE 2570 14113 V 4 1f3fa4
SCHED-TRACE 2571 14113 O 0 0
SCHED-TRACE 2572 14113 P 78 2cca58d50
SCHED-TRACE 2573 14114 K 75 28e4b4fdf
SCHED-TRACE 2574 14114 P 78 2ce27f3b6
SCHED-TRACE 2575 14115 P 78 2cf4ddf3c
SCHED-TRACE 2576 14189 I 75 1f67e3
SCHED-TRACE 2577 14189 B 75 7a
SCHED-TRACE 2578 14189 P 75 2cafed4fe
SCHED-TRACE 2579 14189 R 75 2cafed4fe
SCHED-TRACE 2580 14190 U 4 1f68f1
SCHED-TRACE 2581 14190 V 4 1f697d
SCHED-TRACE 2582 14190 O 0 0
SCHED-TRACE 2583 14190 P 75 2ccaa5a1d
SCHED-TRACE 2584 14191 K 72 28e51126f
SCHED-TRACE 2585 14191 P 75 2ce2c978d
SCHED-TRACE 2586 14192 P 75 2cf528313
SCHED-TRACE 2587 14266 I 72 1f91bd
SCHED-TRACE 2588 14266 B 72 7b
SCHED-TRACE 2589 14266 P 72 2cb04978e
SCHED-TRACE 2590 14266 R 72 2cb04978e
SCHED-TRACE 2591 14267 U 4 1f92cb
SCHED-TRACE 2592 14267 V 4 1f9357
SCHED-TRACE 2593 14267 O 0 0
SCHED-TRACE 2594 14267 P 72 2ccb01cac
SCHED-TRACE 2595 14268 K 69 28e5445a2
SCHED-TRACE 2596 14268 P 72 2ce328313
SCHED-TRACE 2597 14269 P 72 2cf586e98
SCHED-TRACE 2598 14343 I 69 1fbb97
SCHED-TRACE 2599 14343 B 69 7a
SCHED-TRACE 2600 14343 P 69 2cb07a1cb
SCHED-TRACE 2601 14343 R 69 2cb07a1cb
SCHED-TRACE 2602 14344 U 4 1fbca5
SCHED-TRACE 2603 14344 V 4 1fbd31
SCHED-TRACE 2604 14344 O 0 0
SCHED-TRACE 2605 14344 P 69 2ccb378d5
SCHED-TRACE 2606 14345 K 66 28e593b64
SCHED-TRACE 2607 14345 P 69 2ce35b646
SCHED-TRACE 2608 14346 P 69 2cf5ba1cb
SCHED-TRACE 2609 14420 I 66 1fe571
SCHED-TRACE 2610 14420 B 66 7b
SCHED-TRACE 2611 14420 P 66 2cb0cc083
SCHED-TRACE 2612 14420 R 66 2cb0cc083
SCHED-TRACE 2613 14421 U 4 1fe67f
SCHED-TRACE 2614 14421 V 4 1fe70c
SCHED-TRACE 2615 14421 O 0 0
SCHED-TRACE 2616 14421 P 66 2ccb8978d
SCHED-TRACE 2617 14422 K 63 28e5ce979
SCHED-TRACE 2618 14422 P 66 2ce3afdf3
SCHED-TRACE 2619 14423 P 66 2cf60e978
SCHED-TRACE 2620 14497 I 63 200f4b
SCHED-TRACE 2621 14497 B 63 7a
SCHED-TRACE 2622 14497 P 63 2cb106e97
SCHED-TRACE 2623 14497 R 63 2cb106e97
SCHED-TRACE 2624 14498 U 4 201059
SCHED-TRACE 2625 14498 V 4 2010e6
SCHED-TRACE 2626 14498 O 0 0
SCHED-TRACE 2627 14498 P 63 2ccbc978d
SCHED-TRACE 2628 14499 K 57 28e62d4fe
SCHED-TRACE 2629 14499 P 63 2ce3efdf4
SCHED-TRACE 2630 14500 P 63 2cf64e979
SCHED-TRACE 2631 14574 I 57 203925
SCHED-TRACE 2632 14574 B 57 7a
SCHED-TRACE 2633 14574 P 57 2cb163127
SCHED-TRACE 2634 14574 R 57 2cb163127
SCHED-TRACE 2635 14575 U 4 203a34
SCHED-TRACE 2636 14575 V 4 203ac0
SCHED-TRACE 2637 14575 O 0 0
SCHED-TRACE 2638 14575 P 57 2ccc2d4fe
SCHED-TRACE 2639 14576 K 54 28e6a5a1d
SCHED-TRACE 2640 14576 P 57 2ce453b65
SCHED-TRACE 2641 14577 P 57 2cf6b26ea
SCHED-TRACE 2642 14651 I 54 206300
SCHED-TRACE 2643 14651 B 54 7a
SCHED-TRACE 2644 14651 P 54 2cb1db646
SCHED-TRACE 2645 14651 R 54 2cb1db646
SCHED-TRACE 2646 14652 U 4 20640e
SCHED-TRACE 2647 14652 V 4 20649b
SCHED-TRACE 2648 14652 O 0 0
SCHED-TRACE 2649 14652 P 54 2ccca5a1d
SCHED-TRACE 2650 14653 K 51 28e6eac08
SCHED-TRACE 2651 14653 P 54 2ce4cc083
SCHED-TRACE 2652 14654 P 54 2cf72ac08
SCHED-TRACE 2653 14728 I 51 208cda
SCHED-TRACE 2654 14728 B 51 7a
SCHED-TRACE 2655 14728 P 51 2cb223127
SCHED-TRACE 2656 14728 R 51 2cb223127
SCHED-TRACE 2657 14729 U 4 208de9
SCHED-TRACE 2658 14729 V 4 208e76
SCHED-TRACE 2659 14729 O 0 0
SCHED-TRACE 2660 14729 P 51 2cccefdf4
SCHED-TRACE 2661 14730 K 39 28e728312
SCHED-TRACE 2662 14730 P 51 2ce513b65
SCHED-TRACE 2663 14731 P 51 2cf7726ea
SCHED-TRACE 2664 14805 I 39 20b6b4
SCHED-TRACE 2665 14805 B 39 7a
SCHED-TRACE 2666 14805 P 39 2cb2445a2
SCHED-TRACE 2667 14805 R 39 2cb2445a2
SCHED-TRACE 2668 14806 U 4 20b7c2
SCHED-TRACE 2669 14806 V 4 20b84e
SCHED-TRACE 2670 14806 O 0 0
SCHED-TRACE 2671 14806 P 39 2cccf26e9
SCHED-TRACE 2672 14807 K 48 28e7326e9
SCHED-TRACE 2673 14807 P 39 2ce518d50
SCHED-TRACE 2674 14808 P 39 2cf7778d5
SCHED-TRACE 2675 14882 I 48 20e08c
SCHED-TRACE 2676 14882 B 48 7a
SCHED-TRACE 2677 14882 P 48 2cb2445a2
SCHED-TRACE 2678 14882 R 48 2cb2445a2
SCHED-TRACE 2679 14883 U 4 20e19b
SCHED-TRACE 2680 14883 V 4 20e227
SCHED-TRACE 2681 14883 O 0 0
SCHED-TRACE 2682 14883 P 48 2ccd1126e
SCHED-TRACE 2683 14884 K 36 28e73a1ca
SCHED-TRACE 2684 14884 P 48 2ce534fdf
SCHED-TRACE 2685 14885 P 48 2cf79126e
SCHED-TRACE 2686 14960 I 36 210ada
SCHED-TRACE 2687 14960 B 36 7a
SCHED-TRACE 2688 14960 P 36 2cbdc6e97
SCHED-TRACE 2689 14960 R 36 2cbdc6e97
SCHED-TRACE 2690 14961 U 4 210be8
SCHED-TRACE 2691 14961 V 4 210c74
SCHED-TRACE 2692 14961 O 0 0
SCHED-TRACE 2693 14961 P 36 2cd86fdf3
SCHED-TRACE 2694 14962 K 45 28e768312
SCHED-TRACE 2695 14962 P 36 2cf093b64
SCHED-TRACE 2696 14963 P 36 2d02efdf3
SCHED-TRACE 2697 15037 I 45 2134b2
SCHED-TRACE 2698 15037 B 45 7a
SCHED-TRACE 2699 15037 P 45 2cb265a1d
SCHED-TRACE 2700 15037 R 45 2cb265a1d
SCHED-TRACE 2701 15038 U 4 2135c1
SCHED-TRACE 2702 15038 V 4 21364d
SCHED-TRACE 2703 15038 O 0 0
SCHED-TRACE 2704 15038 P 45 2ccd34fdf
SCHED-TRACE 2705 15039 K 42 28e7778d5
SCHED-TRACE 2706 15039 P 45 2ce558d50
SCHED-TRACE 2707 15040 P 45 2cf7b78d5
SCHED-TRACE 2708 15114 I 42 215e8c
SCHED-TRACE 2709 15114 B 42 7a
SCHED-TRACE 2710 15114 P 42 2cb2aac09
SCHED-TRACE 2711 15114 R 42 2cb2aac09
SCHED-TRACE 2712 15115 U 4 215f9b
SCHED-TRACE 2713 15115 V 4 216027
SCHED-TRACE 2714 15115 O 0 0
SCHED-TRACE 2715 15115 P 42 2ccd7cac1
SCHED-TRACE 2716 15116 K 33 292d9f3b6
SCHED-TRACE 2717 15116 P 42 2ce5a0832
SCHED-TRACE 2718 15117 P 42 2cf7fcac1
SCHED-TRACE 2719 15191 I 33 218866
SCHED-TRACE 2720 15191 B 33 7a
SCHED-TRACE 2721 15191 P 33 298ebc6a8
SCHED-TRACE 2722 15191 R 33 298ebc6a8
SCHED-TRACE 2723 15192 U 4 218973
SCHED-TRACE 2724 15192 V 4 218a00
SCHED-TRACE 2725 15192 O 0 0
SCHED-TRACE 2726 15192 P 33 299166666
SCHED-TRACE 2727 15193 K 33 299166666
SCHED-TRACE 2728 15193 P 33 2993d0a3d
SCHED-TRACE 2729 15269 I 33 21b274
SCHED-TRACE 2730 15269 B 33 7a
SCHED-TRACE 2731 15269 P 33 29f74a7ef
SCHED-TRACE 2732 15269 R 33 29f74a7ef
SCHED-TRACE 2733 15270 U 4 21b381
SCHED-TRACE 2734 15270 V 4 21b40e
SCHED-TRACE 2735 15270 O 0 0
SCHED-TRACE 2736 15270 P 33 29f9f4bc6
SCHED-TRACE 2737 15271 K 33 29f9f4bc6
SCHED-TRACE 2738 15271 P 33 29fc5eb85
SCHED-TRACE 2739 15347 I 33 21dc89
SCHED-TRACE 2740 15347 B 33 7a
SCHED-TRACE 2741 15347 P 33 2a5fe9375
SCHED-TRACE 2742 15347 R 33 2a5fe9375
SCHED-TRACE 2743 15348 U 4 21dd96
SCHED-TRACE 2744 15348 V 4 21de23
SCHED-TRACE 2745 15348 O 0 0
SCHED-TRACE 2746 15348 P 33 2a6293333
SCHED-TRACE 2747 15349 K 33 2a6293333
SCHED-TRACE 2748 15349 P 33 2a64fd70a
SCHED-TRACE 2749 15425 I 33 22069d
SCHED-TRACE 2750 15425 B 33 7b
SCHED-TRACE 2751 15425 P 33 2ac887efa
SCHED-TRACE 2752 15425 R 33 2ac887efa
SCHED-TRACE 2753 15426 U 4 2207ab
SCHED-TRACE 2754 15426 V 4 220837
SCHED-TRACE 2755 15426 O 0 0
SCHED-TRACE 2756 15426 P 33 2acb31eb8
SCHED-TRACE 2757 15427 K 33 2acb31eb8
SCHED-TRACE 2758 15427 P 33 2acd9be77
SCHED-TRACE 2759 15503 I 33 2230b2
SCHED-TRACE 2760 15503 B 33 7a
SCHED-TRACE 2761 15503 P 33 2b3126666
SCHED-TRACE 2762 15503 R 33 2b3126666
SCHED-TRACE 2763 15504 U 4 2231bf
SCHED-TRACE 2764 15504 V 4 22324c
SCHED-TRACE 2765 15504 O 0 0
SCHED-TRACE 2766 15504 P 33 2b33d0625
SCHED-TRACE 2767 15505 K 33 2b33d0625
SCHED-TRACE 2768 15505 P 33 2b363a9fc
SCHED-TRACE 2769 15581 I 33 225ac7
SCHED-TRACE 2770 15581 B 33 7a
SCHED-TRACE 2771 15581 P 33 2b99c51eb
SCHED-TRACE 2772 15581 R 33 2b99c51eb
SCHED-TRACE 2773 15582 U 4 225bd4
SCHED-TRACE 2774 15582 V 4 225c60
SCHED-TRACE 2775 15582 O 0 0
SCHED-TRACE 2776 15582 P 33 2b9c6f1aa
SCHED-TRACE 2777 15583 K 33 2b9c6f1aa
SCHED-TRACE 2778 15583 P 33 2b9ed9581
SCHED-TRACE 2779 15659 I 33 2284db
SCHED-TRACE 2780 15659 B 33 7b
SCHED-TRACE 2781 15659 P 33 2c0263d70
SCHED-TRACE 2782 15659 R 33 2c0263d70
SCHED-TRACE 2783 15660 U 4 2285e9
SCHED-TRACE 2784 15660 V 4 228675
SCHED-TRACE 2785 15660 O 0 0
SCHED-TRACE 2786 15660 P 33 2c050dd2f
SCHED-TRACE 2787 15661 K 33 2c050dd2f
SCHED-TRACE 2788 15661 P 33 2c0777ced
SCHED-TRACE 2789 15737 I 33 22aef0
SCHED-TRACE 2790 15737 B 33 7a
SCHED-TRACE 2791 15737 P 33 2c6b024dd
SCHED-TRACE 2792 15737 R 33 2c6b024dd
SCHED-TRACE 2793 15738 U 4 22affd
SCHED-TRACE 2794 15738 V 4 22b08a
SCHED-TRACE 2795 15738 O 0 0
SCHED-TRACE 2796 15738 P 33 2c6dac49b
SCHED-TRACE 2797 15739 K 33 2c6dac49b
SCHED-TRACE 2798 15739 P 33 2c7016873
SCHED-TRACE 2799 15815 I 33 22d905
SCHED-TRACE 2800 15815 B 33 7a
SCHED-TRACE 2801 15815 P 33 2cd3a1062
SCHED-TRACE 2802 15815 R 33 2cd3a1062
SCHED-TRACE 2803 15816 U 4 22da12
SCHED-TRACE 2804 15816 V 4 22da9e
SCHED-TRACE 2805 15816 O 0 0
SCHED-TRACE 2806 15816 P 33 2cd64b021
SCHED-TRACE 2807 15817 K 60 2cd493b64
SCHED-TRACE 2808 15817 P 33 2cd8b53f8
SCHED-TRACE 2809 15818 P 33 2cda8b439
SCHED-TRACE 2810 15892 I 60 2302dd
SCHED-TRACE 2811 15892 B 60 7b
SCHED-TRACE 2812 15892 P 60 309fc6e97
SCHED-TRACE 2813 15892 R 60 309fc6e97
SCHED-TRACE 2814 15893 U 4 2303eb
SCHED-TRACE 2815 15893 V 4 230478
SCHED-TRACE 2816 15893 O 0 0
SCHED-TRACE 2817 15893 P 60 30ba86e97
SCHED-TRACE 2818 15894 K 33 2cda8b439
SCHED-TRACE 2819 15894 P 60 30d2ad4fe
SCHED-TRACE 2820 15895 P 60 30e506e97
SCHED-TRACE 2821 15969 I 33 232cb6
SCHED-TRACE 2822 15969 B 33 7b
SCHED-TRACE 2823 15969 P 33 2d3ba7efa
SCHED-TRACE 2824 15969 R 33 2d3ba7efa
SCHED-TRACE 2825 15970 U 4 232dc3
SCHED-TRACE 2826 15970 V 4 232e50
SCHED-TRACE 2827 15970 O 0 0
SCHED-TRACE 2828 15970 P 33 2d3e526e9
SCHED-TRACE 2829 15971 K 81 2cf493b64
SCHED-TRACE 2830 15971 P 33 2d40bcac0
SCHED-TRACE 2831 15972 P 33 2d4292f1a
SCHED-TRACE 2832 16046 I 81 23568f
SCHED-TRACE 2833 16046 B 81 7a
SCHED-TRACE 2834 16046 P 81 30bfc978d
SCHED-TRACE 2835 16046 R 81 30bfc978d
SCHED-TRACE 2836 16047 U 4 23579d
SCHED-TRACE 2837 16047 V 4 235829
SCHED-TRACE 2838 16047 O 0 0
SCHED-TRACE 2839 16047 P 81 30da7cac0
SCHED-TRACE 2840 16048 K 78 2cf4ddf3c
SCHED-TRACE 2841 16048 P 81 30f2a0831
SCHED-TRACE 2842 16049 P 81 3104ff3b6
SCHED-TRACE 2843 16123 I 78 238069
SCHED-TRACE 2844 16123 B 78 7b
SCHED-TRACE 2845 16123 P 78 30c01645a
SCHED-TRACE 2846 16123 R 78 30c01645a
SCHED-TRACE 2847 16124 U 4 238177
SCHED-TRACE 2848 16124 V 4 238203
SCHED-TRACE 2849 16124 O 0 0
SCHED-TRACE 2850 16124 P 78 30dac978d
SCHED-TRACE 2851 16125 K 75 2cf528313
SCHED-TRACE 2852 16125 P 78 30f2ed4fe
SCHED-TRACE 2853 16126 P 78 31054c083
SCHED-TRACE 2854 16200 I 75 23aa43
SCHED-TRACE 2855 16200 B 75 7b
SCHED-TRACE 2856 16200 P 75 30c060831
SCHED-TRACE 2857 16200 R 75 30c060831
SCHED-TRACE 2858 16201 U 4 23ab51
SCHED-TRACE 2859 16201 V 4 23abdd
SCHED-TRACE 2860 16201 O 0 0
SCHED-TRACE 2861 16201 P 75 30db1645a
SCHED-TRACE 2862 16202 K 72 2cf586e98
SCHED-TRACE 2863 16202 P 75 30f33cac1
SCHED-TRACE 2864 16203 P 75 31059b646
SCHED-TRACE 2865 16277 I 72 23d41c
SCHED-TRACE 2866 16277 B 72 7a
SCHED-TRACE 2867 16277 P 72 30c0bcac1
SCHED-TRACE 2868 16277 R 72 30c0bcac1
SCHED-TRACE 2869 16278 U 4 23d52b
SCHED-TRACE 2870 16278 V 4 23d5b7
SCHED-TRACE 2871 16278 O 0 0
SCHED-TRACE 2872 16278 P 72 30db778d5
SCHED-TRACE 2873 16279 K 69 2cf5ba1cb
SCHED-TRACE 2874 16279 P 72 30f39df3c
SCHED-TRACE 2875 16280 P 72 3105fcac1
SCHED-TRACE 2876 16354 I 69 23fdf6
SCHED-TRACE 2877 16354 B 69 7a
SCHED-TRACE 2878 16354 P 69 30c0efdf4
SCHED-TRACE 2879 16354 R 69 30c0efdf4
SCHED-TRACE 2880 16355 U 4 23ff05
SCHED-TRACE 2881 16355 V 4 23ff91
SCHED-TRACE 2882 16355 O 0 0
SCHED-TRACE 2883 16355 P 69 30dbad4fe
SCHED-TRACE 2884 16356 K 66 2cf60e978
SCHED-TRACE 2885 16356 P 69 30f3d3b65
SCHED-TRACE 2886 16357 P 69 3106326ea
SCHED-TRACE 2887 16431 I 66 2427d0
SCHED-TRACE 2888 16431 B 66 7a
SCHED-TRACE 2889 16431 P 66 30c1445a1
SCHED-TRACE 2890 16431 R 66 30c1445a1
SCHED-TRACE 2891 16432 U 4 2428df
SCHED-TRACE 2892 16432 V 4 24296b
SCHED-TRACE 2893 16432 O 0 0
SCHED-TRACE 2894 16432 P 66 30dc045a1
SCHED-TRACE 2895 16433 K 63 2cf64e979
SCHED-TRACE 2896 16433 P 66 30f428312
SCHED-TRACE 2897 16434 P 66 310686e97
SCHED-TRACE 2898 16508 I 63 2451ab
SCHED-TRACE 2899 16508 B 63 7b
SCHED-TRACE 2900 16508 P 63 30c186e97
SCHED-TRACE 2901 16508 R 63 30c186e97
SCHED-TRACE 2902 16509 U 4 2452b9
SCHED-TRACE 2903 16509 V 4 245345
SCHED-TRACE 2904 16509 O 0 0
SCHED-TRACE 2905 16509 P 63 30dc4978d
SCHED-TRACE 2906 16510 K 57 2cf6b26ea
SCHED-TRACE 2907 16510 P 63 30f46d4fe
SCHED-TRACE 2908 16511 P 63 3106cc083
SCHED-TRACE 2909 16585 I 57 247b85
SCHED-TRACE 2910 16585 B 57 7b
SCHED-TRACE 2911 16585 P 57 30c1eac08
SCHED-TRACE 2912 16585 R 57 30c1eac08
SCHED-TRACE 2913 16586 U 4 247c94
SCHED-TRACE 2914 16586 V 4 247d20
SCHED-TRACE 2915 16586 O 0 0
SCHED-TRACE 2916 16586 P 57 30dcb26ea
SCHED-TRACE 2917 16587 K 54 2cf72ac08
SCHED-TRACE 2918 16587 P 57 30f4d645a
SCHED-TRACE 2919 16588 P 57 310734fdf
SCHED-TRACE 2920 16662 I 54 24a55f
SCHED-TRACE 2921 16662 B 54 7b
SCHED-TRACE 2922 16662 P 54 30c263127
SCHED-TRACE 2923 16662 R 54 30c263127
SCHED-TRACE 2924 16663 U 4 24a66e
SCHED-TRACE 2925 16663 V 4 24a6fb
SCHED-TRACE 2926 16663 O 0 0
SCHED-TRACE 2927 16663 P 54 30dd2d4fe
SCHED-TRACE 2928 16664 K 51 2cf7726ea
SCHED-TRACE 2929 16664 P 54 30f55126f
SCHED-TRACE 2930 16665 P 54 3107afdf4
SCHED-TRACE 2931 16739 I 51 24cf3a
SCHED-TRACE 2932 16739 B 51 7b
SCHED-TRACE 2933 16739 P 51 30c2aac08
SCHED-TRACE 2934 16739 R 51 30c2aac08
SCHED-TRACE 2935 16740 U 4 24d049
SCHED-TRACE 2936 16740 V 4 24d0d5
SCHED-TRACE 2937 16740 O 0 0
SCHED-TRACE 2938 16740 P 51 30dd778d5
SCHED-TRACE 2939 16741 K 39 2cf7778d5
SCHED-TRACE 2940 16741 P 51 30f59df3c
SCHED-TRACE 2941 16742 P 51 3107fa1cb
SCHED-TRACE 2942 16816 I 39 24f914
SCHED-TRACE 2943 16816 B 39 7b
SCHED-TRACE 2944 16816 P 39 30c2a0831
SCHED-TRACE 2945 16816 R 39 30c2a0831
SCHED-TRACE 2946 16817 U 4 24fa22
SCHED-TRACE 2947 16817 V 4 24faae
SCHED-TRACE 2948 16817 O 0 0
SCHED-TRACE 2949 16817 P 39 30dd4c083
SCHED-TRACE 2950 16818 K 48 2cf79126e
SCHED-TRACE 2951 16818 P 39 30f56fdf4
SCHED-TRACE 2952 16819 P 39 3107ce979
SCHED-TRACE 2953 16893 I 48 2522ec
SCHED-TRACE 2954 16893 B 48 7a
SCHED-TRACE 2955 16893 P 48 30c2a3127
SCHED-TRACE 2956 16893 R 48 30c2a3127
SCHED-TRACE 2957 16894 U 4 2523fb
SCHED-TRACE 2958 16894 V 4 252487
SCHED-TRACE 2959 16894 O 0 0
SCHED-TRACE 2960 16894 P 48 30dd726e9
SCHED-TRACE 2961 16895 K 45 2cf7b78d5
SCHED-TRACE 2962 16895 P 48 30f59645a
SCHED-TRACE 2963 16896 P 48 3107f4fdf
SCHED-TRACE 2964 16970 I 45 254cc6
SCHED-TRACE 2965 16970 B 45 7a
SCHED-TRACE 2966 16970 P 45 30c2db646
SCHED-TRACE 2967 16970 R 45 30c2db646
SCHED-TRACE 2968 16971 U 4 254dd5
SCHED-TRACE 2969 16971 V 4 254e61
SCHED-TRACE 2970 16971 O 0 0
SCHED-TRACE 2971 16971 P 45 30ddafdf4
SCHED-TRACE 2972 16972 K 42 2cf7fcac1
SCHED-TRACE 2973 16972 P 45 30f5d645a
SCHED-TRACE 2974 16973 P 45 3108326ea
SCHED-TRACE 2975 17047 I 42 2576a0
SCHED-TRACE 2976 17047 B 42 7a
SCHED-TRACE 2977 17047 P 42 30c31df3c
SCHED-TRACE 2978 17047 R 42 30c31df3c
SCHED-TRACE 2979 17048 U 4 2577af
SCHED-TRACE 2980 17048 V 4 25783c
SCHED-TRACE 2981 17048 O 0 0
SCHED-TRACE 2982 17048 P 42 30ddf26ea
SCHED-TRACE 2983 17049 K 36 2d02efdf3
SCHED-TRACE 2984 17049 P 42 30f61645a
SCHED-TRACE 2985 17050 P 42 3108726ea
SCHED-TRACE 2986 17124 I 36 25a07a
SCHED-TRACE 2987 17124 B 36 7a
SCHED-TRACE 2988 17124 P 36 30cdfa1ca
SCHED-TRACE 2989 17124 R 36 30cdfa1ca
SCHED-TRACE 2990 17125 U 4 25a187
SCHED-TRACE 2991 17125 V 4 25a214
SCHED-TRACE 2992 17125 O 0 0
SCHED-TRACE 2993 17125 P 36 30e8a0831
SCHED-TRACE 2994 17126 K 33 2d4292f1a
SCHED-TRACE 2995 17126 P 36 3100c6e97
SCHED-TRACE 2996 17127 P 36 311323127
SCHED-TRACE 2997 17202 I 33 25cac9
SCHED-TRACE 2998 17202 B 33 7a
SCHED-TRACE 2999 17202 P 33 2da4dced9
SCHED-TRACE 3000 17202 R 33 2da4dced9
SCHED-TRACE 3001 17203 U 4 25cbd6
SCHED-TRACE 3002 17203 V 4 25cc63
SCHED-TRACE 3003 17203 O 0 0
SCHED-TRACE 3004 17203 P 33 2da786e97
SCHED-TRACE 3005 17204 K 33 2da786e97
SCHED-TRACE 3006 17204 P 33 2da9f126e
SCHED-TRACE 3007 17280 I 33 25f4de
SCHED-TRACE 3008 17280 B 33 7a
SCHED-TRACE 3009 17280 P 33 2e0d7b645
SCHED-TRACE 3010 17280 R 33 2e0d7b645
SCHED-TRACE 3011 17281 U 4 25f5eb
SCHED-TRACE 3012 17281 V 4 25f677
SCHED-TRACE 3013 17281 O 0 0
SCHED-TRACE 3014 17281 P 33 2e1025604
SCHED-TRACE 3015 17282 K 33 2e1025604
SCHED-TRACE 3016 17282 P 33 2e128f5c2
SCHED-TRACE 3017 17358 I 33 261ef2
SCHED-TRACE 3018 17358 B 33 7a
SCHED-TRACE 3019 17358 P 33 2e7619db2
SCHED-TRACE 3020 17358 R 33 2e7619db2
SCHED-TRACE 3021 17359 U 4 262000
SCHED-TRACE 3022 17359 V 4 26208c
SCHED-TRACE 3023 17359 O 0 0
SCHED-TRACE 3024 17359 P 33 2e78c3d70
SCHED-TRACE 3025 17360 K 33 2e78c3d70
SCHED-TRACE 3026 17360 P 33 2e7b2e148
SCHED-TRACE 3027 17436 I 33 264907
SCHED-TRACE 3028 17436 B 33 7a
SCHED-TRACE 3029 17436 P 33 2edeb851f
SCHED-TRACE 3030 17436 R 33 2edeb851f
SCHED-TRACE 3031 17437 U 4 264a14
SCHED-TRACE 3032 17437 V 4 264aa1
SCHED-TRACE 3033 17437 O 0 0
SCHED-TRACE 3034 17437 P 33 2ee1624dd
SCHED-TRACE 3035 17438 K 33 2ee1624dd
SCHED-TRACE 3036 17438 P 33 2ee3cc8b4
SCHED-TRACE 3037 17514 I 33 26731c
SCHED-TRACE 3038 17514 B 33 7a
SCHED-TRACE 3039 17514 P 33 2f4756c8b
SCHED-TRACE 3040 17514 R 33 2f4756c8b
SCHED-TRACE 3041 17515 U 4 267429
SCHED-TRACE 3042 17515 V 4 2674b5
SCHED-TRACE 3043 17515 O 0 0
SCHED-TRACE 3044 17515 P 33 2f4a01062
SCHED-TRACE 3045 17516 K 33 2f4a01062
SCHED-TRACE 3046 17516 P 33 2f4c6b021
SCHED-TRACE 3047 17592 I 33 269d30
SCHED-TRACE 3048 17592 B 33 7a
SCHED-TRACE 3049 17592 P 33 2faff5810
SCHED-TRACE 3050 17592 R 33 2faff5810
SCHED-TRACE 3051 17593 U 4 269e3e
SCHED-TRACE 3052 17593 V 4 269eca
SCHED-TRACE 3053 17593 O 0 0
SCHED-TRACE 3054 17593 P 33 2fb29f7cf
SCHED-TRACE 3055 17594 K 33 2fb29f7cf
SCHED-TRACE 3056 17594 P 33 2fb509ba6
SCHED-TRACE 3057 17670 I 33 26c745
SCHED-TRACE 3058 17670 B 33 7b
SCHED-TRACE 3059 17670 P 33 301894395
SCHED-TRACE 3060 17670 R 33 301894395
SCHED-TRACE 3061 17671 U 4 26c852
SCHED-TRACE 3062 17671 V 4 26c8df
SCHED-TRACE 3063 17671 O 0 0
SCHED-TRACE 3064 17671 P 33 301b3e354
SCHED-TRACE 3065 17672 K 33 301b3e354
SCHED-TRACE 3066 17672 P 33 301da8312
SCHED-TRACE 3067 17748 I 33 26f15a
SCHED-TRACE 3068 17748 B 33 7a
SCHED-TRACE 3069 17748 P 33 308132b02
SCHED-TRACE 3070 17748 R 33 308132b02
SCHED-TRACE 3071 17749 U 4 26f267
SCHED-TRACE 3072 17749 V 4 26f2f3
SCHED-TRACE 3073 17749 O 0 0
SCHED-TRACE 3074 17749 P 33 3083dcac0
SCHED-TRACE 3075 17750 K 33 3083dcac0
SCHED-TRACE 3076 17750 P 33 308646e97
SCHED-TRACE 3077 17826 I 33 271b6e
SCHED-TRACE 3078 17826 B 33 7a
SCHED-TRACE 3079 17826 P 33 30e9d1687
SCHED-TRACE 3080 17826 R 33 30e9d1687
SCHED-TRACE 3081 17827 U 4 271c7c
SCHED-TRACE 3082 17827 V 4 271d08
SCHED-TRACE 3083 17827 O 0 0
SCHED-TRACE 3084 17827 P 33 30ec7ba5e
SCHED-TRACE 3085 17828 K 60 30e506e97
SCHED-TRACE 3086 17828 P 33 30eee5a1c
SCHED-TRACE 3087 17829 P 33 30f0bbe77
SCHED-TRACE 3088 17903 I 60 274546
SCHED-TRACE 3089 17903 B 60 7a
SCHED-TRACE 3090 17903 P 60 34afff3b6
SCHED-TRACE 3091 17903 R 60 34afff3b6
SCHED-TRACE 3092 17904 U 4 274654
SCHED-TRACE 3093 17904 V 4 2746e1
SCHED-TRACE 3094 17904 O 0 0
SCHED-TRACE 3095 17904 P 60 34cac1cac
SCHED-TRACE 3096 17905 K 33 30f0bbe77
SCHED-TRACE 3097 17905 P 60 34e2e8312
SCHED-TRACE 3098 17906 P 60 34f541cac
SCHED-TRACE 3099 17980 I 33 276f1f
SCHED-TRACE 3100 17980 B 33 7b
SCHED-TRACE 3101 17980 P 33 3151d8937
SCHED-TRACE 3102 17980 R 33 3151d8937
SCHED-TRACE 3103 17981 U 4 27702c
SCHED-TRACE 3104 17981 V 4 2770b9
SCHED-TRACE 3105 17981 O 0 0
SCHED-TRACE 3106 17981 P 33 315483127
SCHED-TRACE 3107 17982 K 81 3104ff3b6
SCHED-TRACE 3108 17982 P 33 3156ed4fe
SCHED-TRACE 3109 17983 P 33 3158c3958
SCHED-TRACE 3110 18057 I 81 2798f8
SCHED-TRACE 3111 18057 B 81 7a
SCHED-TRACE 3112 18057 P 81 34d034fdf
SCHED-TRACE 3113 18057 R 81 34d034fdf
SCHED-TRACE 3114 18058 U 4 279a06
SCHED-TRACE 3115 18058 V 4 279a92
SCHED-TRACE 3116 18058 O 0 0
SCHED-TRACE 3117 18058 P 81 34eae8312
SCHED-TRACE 3118 18059 K 78 31054c083
SCHED-TRACE 3119 18059 P 81 35030e978
SCHED-TRACE 3120 18060 P 81 35156d4fe
SCHED-TRACE 3121 18134 I 78 27c2d2
SCHED-TRACE 3122 18134 B 78 7a
SCHED-TRACE 3123 18134 P 78 34d081cac
SCHED-TRACE 3124 18134 R 78 34d081cac
SCHED-TRACE 3125 18135 U 4 27c3e0
SCHED-TRACE 3126 18135 V 4 27c46c
SCHED-TRACE 3127 18135 O 0 0
SCHED-TRACE 3128 18135 P 78 34eb378d5
SCHED-TRACE 3129 18136 K 75 31059b646
SCHED-TRACE 3130 18136 P 78 35035b646
SCHED-TRACE 3131 18137 P 78 3515ba1cb
SCHED-TRACE 3132 18211 I 75 27ecac
SCHED-TRACE 3133 18211 B 75 7b
SCHED-TRACE 3134 18211 P 75 34d0d3b65
SCHED-TRACE 3135 18211 R 75 34d0d3b65
SCHED-TRACE 3136 18212 U 4 27edba
SCHED-TRACE 3137 18212 V 4 27ee46
SCHED-TRACE 3138 18212 O 0 0
SCHED-TRACE 3139 18212 P 75 34eb8978d
SCHED-TRACE 3140 18213 K 72 3105fcac1
SCHED-TRACE 3141 18213 P 75 3503afdf4
SCHED-TRACE 3142 18214 P 75 35160e979
SCHED-TRACE 3143 18288 I 72 281685
SCHED-TRACE 3144 18288 B 72 7a
SCHED-TRACE 3145 18288 P 72 34d1326ea
SCHED-TRACE 3146 18288 R 72 34d1326ea
SCHED-TRACE 3147 18289 U 4 281793
SCHED-TRACE 3148 18289 V 4 281820
SCHED-TRACE 3149 18289 O 0 0
SCHED-TRACE 3150 18289 P 72 34ebed4fe
SCHED-TRACE 3151 18290 K 69 3106326ea
SCHED-TRACE 3152 18290 P 72 350413b65
SCHED-TRACE 3153 18291 P 72 3516726ea
SCHED-TRACE 3154 18365 I 69 28405f
SCHED-TRACE 3155 18365 B 69 7a
SCHED-TRACE 3156 18365 P 69 34d168313
SCHED-TRACE 3157 18365 R 69 34d168313
SCHED-TRACE 3158 18366 U 4 28416e
SCHED-TRACE 3159 18366 V 4 2841fa
SCHED-TRACE 3160 18366 O 0 0
SCHED-TRACE 3161 18366 P 69 34ec25a1d
SCHED-TRACE 3162 18367 K 66 310686e97
SCHED-TRACE 3163 18367 P 69 35044c084
SCHED-TRACE 3164 18368 P 69 3516aac09
SCHED-TRACE 3165 18442 I 66 286a39
SCHED-TRACE 3166 18442 B 66 7a
SCHED-TRACE 3167 18442 P 66 34d1bcac0
SCHED-TRACE 3168 18442 R 66 34d1bcac0
SCHED-TRACE 3169 18443 U 4 286b48
SCHED-TRACE 3170 18443 V 4 286bd4
SCHED-TRACE 3171 18443 O 0 0
SCHED-TRACE 3172 18443 P 66 34ec7cac0
SCHED-TRACE 3173 18444 K 63 3106cc083
SCHED-TRACE 3174 18444 P 66 3504a0831
SCHED-TRACE 3175 18445 P 66 3516ff3b6
SCHED-TRACE 3176 18519 I 63 289414
SCHED-TRACE 3177 18519 B 63 7b
SCHED-TRACE 3178 18519 P 63 34d2045a2
SCHED-TRACE 3179 18519 R 63 34d2045a2
SCHED-TRACE 3180 18520 U 4 289522
SCHED-TRACE 3181 18520 V 4 2895ae
SCHED-TRACE 3182 18520 O 0 0
SCHED-TRACE 3183 18520 P 63 34ecc6e97
SCHED-TRACE 3184 18521 K 57 310734fdf
SCHED-TRACE 3185 18521 P 63 3504ed4fe
SCHED-TRACE 3186 18522 P 63 35174c083
SCHED-TRACE 3187 18596 I 57 28bdee
SCHED-TRACE 3188 18596 B 57 7a
SCHED-TRACE 3189 18596 P 57 34d26ac08
SCHED-TRACE 3190 18596 R 57 34d26ac08
SCHED-TRACE 3191 18597 U 4 28befd
SCHED-TRACE 3192 18597 V 4 28bf89
SCHED-TRACE 3193 18597 O 0 0
SCHED-TRACE 3194 18597 P 57 34ed34fdf
SCHED-TRACE 3195 18598 K 54 3107afdf4
SCHED-TRACE 3196 18598 P 57 35055b646
SCHED-TRACE 3197 18599 P 57 3517ba1cb
SCHED-TRACE 3198 18673 I 54 28e7c8
SCHED-TRACE 3199 18673 B 54 7a
SCHED-TRACE 3200 18673 P 54 34d2e5a1d
SCHED-TRACE 3201 18673 R 54 34d2e5a1d
SCHED-TRACE 3202 18674 U 4 28e8d7
SCHED-TRACE 3203 18674 V 4 28e964
SCHED-TRACE 3204 18674 O 0 0
SCHED-TRACE 3205 18674 P 54 34edafdf4
SCHED-TRACE 3206 18675 K 39 3107ce979
SCHED-TRACE 3207 18675 P 54 3505d3b64
SCHED-TRACE 3208 18676 P 54 3518326e9
SCHED-TRACE 3209 18750 I 39 2911a2
SCHED-TRACE 3210 18750 B 39 7a
SCHED-TRACE 3211 18750 P 39 34d2ed4fe
SCHED-TRACE 3212 18750 R 39 34d2ed4fe
SCHED-TRACE 3213 18751 U 4 2912b0
SCHED-TRACE 3214 18751 V 4 29133c
SCHED-TRACE 3215 18751 O 0 0
SCHED-TRACE 3216 18751 P 39 34ed9b646
SCHED-TRACE 3217 18752 K 48 3107f4fdf
SCHED-TRACE 3218 18752 P 39 3505c1cac
SCHED-TRACE 3219 18753 P 39 351820831
SCHED-TRACE 3220 18827 I 48 293b7a
SCHED-TRACE 3221 18827 B 48 7a
SCHED-TRACE 3222 18827 P 48 34d3045a2
SCHED-TRACE 3223 18827 R 48 34d3045a2
SCHED-TRACE 3224 18828 U 4 293c89
SCHED-TRACE 3225 18828 V 4 293d15
SCHED-TRACE 3226 18828 O 0 0
SCHED-TRACE 3227 18828 P 48 34edd3b64
SCHED-TRACE 3228 18829 K 51 3107fa1cb
SCHED-TRACE 3229 18829 P 48 3505fa1cb
SCHED-TRACE 3230 18830 P 48 351858d50
SCHED-TRACE 3231 18904 I 51 296554
SCHED-TRACE 3232 18904 B 51 7a
SCHED-TRACE 3233 18904 P 51 34d31df3c
SCHED-TRACE 3234 18904 R 51 34d31df3c
SCHED-TRACE 3235 18905 U 4 296663
SCHED-TRACE 3236 18905 V 4 2966ef
SCHED-TRACE 3237 18905 O 0 0
SCHED-TRACE 3238 18905 P 51 34edeac08
SCHED-TRACE 3239 18906 K 45 3108326ea
SCHED-TRACE 3240 18906 P 51 35061126f
SCHED-TRACE 3241 18907 P 51 35186fdf4
SCHED-TRACE 3242 18981 I 45 298f2d
SCHED-TRACE 3243 18981 B 45 7a
SCHED-TRACE 3244 18981 P 45 34d33f3b6
SCHED-TRACE 3245 18981 R 45 34d33f3b6
SCHED-TRACE 3246 18982 U 4 29903c
SCHED-TRACE 3247 18982 V 4 2990c8
SCHED-TRACE 3248 18982 O 0 0
SCHED-TRACE 3249 18982 P 45 34ee1126f
SCHED-TRACE 3250 18983 K 42 3108726ea
SCHED-TRACE 3251 18983 P 45 350634fdf
SCHED-TRACE 3252 18984 P 45 351893b64
SCHED-TRACE 3253 19059 I 42 29b97e
SCHED-TRACE 3254 19059 B 42 7b
SCHED-TRACE 3255 19059 P 42 34df5df3c
SCHED-TRACE 3256 19059 R 42 34df5df3c
SCHED-TRACE 3257 19060 U 4 29ba8d
SCHED-TRACE 3258 19060 V 4 29bb1a
SCHED-TRACE 3259 19060 O 0 0
SCHED-TRACE 3260 19060 P 42 34fa2fdf4
SCHED-TRACE 3261 19061 K 36 311323127
SCHED-TRACE 3262 19061 P 42 351253b65
SCHED-TRACE 3263 19062 P 42 3524afdf4
SCHED-TRACE 3264 19136 I 36 29e358
SCHED-TRACE 3265 19136 B 36 7a
SCHED-TRACE 3266 19136 P 36 34de28312
SCHED-TRACE 3267 19136 R 36 34de28312
SCHED-TRACE 3268 19137 U 4 29e465
SCHED-TRACE 3269 19137 V 4 29e4f2
SCHED-TRACE 3270 19137 O 0 0
SCHED-TRACE 3271 19137 P 36 34f8ce978
SCHED-TRACE 3272 19138 K 33 3158c3958
SCHED-TRACE 3273 19138 P 36 3510f26e9
SCHED-TRACE 3274 19139 P 36 35234e978
SCHED-TRACE 3275 19214 I 33 2a0da7
SCHED-TRACE 3276 19214 B 33 7a
SCHED-TRACE 3277 19214 P 33 31bb0d916
SCHED-TRACE 3278 19214 R 33 31bb0d916
SCHED-TRACE 3279 19215 U 4 2a0eb4
SCHED-TRACE 3280 19215 V 4 2a0f41
SCHED-TRACE 3281 19215 O 0 0
SCHED-TRACE 3282 19215 P 33 31bdb78d5
SCHED-TRACE 3283 19216 K 33 31bdb78d5
SCHED-TRACE 3284 19216 P 33 31c021cac
SCHED-TRACE 3285 19292 I 33 2a37bc
SCHED-TRACE 3286 19292 B 33 7b
SCHED-TRACE 3287 19292 P 33 3223ac49b
SCHED-TRACE 3288 19292 R 33 3223ac49b
SCHED-TRACE 3289 19293 U 4 2a38c9
SCHED-TRACE 3290 19293 V 4 2a3955
SCHED-TRACE 3291 19293 O 0 0
SCHED-TRACE 3292 19293 P 33 32265645a
SCHED-TRACE 3293 19294 K 33 32265645a
SCHED-TRACE 3294 19294 P 33 3228c0418
SCHED-TRACE 3295 19370 I 33 2a61d0
SCHED-TRACE 3296 19370 B 33 7a
SCHED-TRACE 3297 19370 P 33 328c4ac08
SCHED-TRACE 3298 19370 R 33 328c4ac08
SCHED-TRACE 3299 19371 U 4 2a62de
SCHED-TRACE 3300 19371 V 4 2a636a
SCHED-TRACE 3301 19371 O 0 0
SCHED-TRACE 3302 19371 P 33 328ef4bc6
SCHED-TRACE 3303 19372 K 33 328ef4bc6
SCHED-TRACE 3304 19372 P 33 32915ef9e
SCHED-TRACE 3305 19448 I 33 2a8be5
SCHED-TRACE 3306 19448 B 33 7a
SCHED-TRACE 3307 19448 P 33 32f4e978d
SCHED-TRACE 3308 19448 R 33 32f4e978d
SCHED-TRACE 3309 19449 U 4 2a8cf2
SCHED-TRACE 3310 19449 V 4 2a8d7f
SCHED-TRACE 3311 19449 O 0 0
SCHED-TRACE 3312 19449 P 33 32f79374c
SCHED-TRACE 3313 19450 K 33 32f79374c
SCHED-TRACE 3314 19450 P 33 32f9fdb23
SCHED-TRACE 3315 19526 I 33 2ab5fa
SCHED-TRACE 3316 19526 B 33 7b
SCHED-TRACE 3317 19526 P 33 335d88312
SCHED-TRACE 3318 19526 R 33 335d88312
SCHED-TRACE 3319 19527 U 4 2ab707
SCHED-TRACE 3320 19527 V 4 2ab793
SCHED-TRACE 3321 19527 O 0 0
SCHED-TRACE 3322 19527 P 33 3360322d1
SCHED-TRACE 3323 19528 K 33 3360322d1
SCHED-TRACE 3324 19528 P 33 33629c28f
SCHED-TRACE 3325 19604 I 33 2ae00e
SCHED-TRACE 3326 19604 B 33 7a
SCHED-TRACE 3327 19604 P 33 33c626a7f
SCHED-TRACE 3328 19604 R 33 33c626a7f
SCHED-TRACE 3329 19605 U 4 2ae11c
SCHED-TRACE 3330 19605 V 4 2ae1a8
SCHED-TRACE 3331 19605 O 0 0
SCHED-TRACE 3332 19605 P 33 33c8d0a3d
SCHED-TRACE 3333 19606 K 33 33c8d0a3d
SCHED-TRACE 3334 19606 P 33 33cb3ae14
SCHED-TRACE 3335 19682 I 33 2b0a23
SCHED-TRACE 3336 19682 B 33 7a
SCHED-TRACE 3337 19682 P 33 342ec5604
SCHED-TRACE 3338 19682 R 33 342ec5604
SCHED-TRACE 3339 19683 U 4 2b0b30
SCHED-TRACE 3340 19683 V 4 2b0bbd
SCHED-TRACE 3341 19683 O 0 0
SCHED-TRACE 3342 19683 P 33 34316f5c2
SCHED-TRACE 3343 19684 K 33 34316f5c2
SCHED-TRACE 3344 19684 P 33 3433d9999
SCHED-TRACE 3345 19760 I 33 2b3438
SCHED-TRACE 3346 19760 B 33 7a
SCHED-TRACE 3347 19760 P 33 349763d70
SCHED-TRACE 3348 19760 R 33 349763d70
SCHED-TRACE 3349 19761 U 4 2b3545
SCHED-TRACE 3350 19761 V 4 2b35d1
SCHED-TRACE 3351 19761 O 0 0
SCHED-TRACE 3352 19761 P 33 349a0dd2f
SCHED-TRACE 3353 19762 K 33 349a0dd2f
SCHED-TRACE 3354 19762 P 33 349c77ced
SCHED-TRACE 3355 19838 I 33 2b5e4c
SCHED-TRACE 3356 19838 B 33 7a
SCHED-TRACE 3357 19838 P 33 3500024dd
SCHED-TRACE 3358 19838 R 33 3500024dd
SCHED-TRACE 3359 19839 U 4 2b5f5a
SCHED-TRACE 3360 19839 V 4 2b5fe6
SCHED-TRACE 3361 19839 O 0 0
SCHED-TRACE 3362 19839 P 33 3502ac8b4
SCHED-TRACE 3363 19840 K 60 34f541cac
SCHED-TRACE 3364 19840 P 33 350516c8b
SCHED-TRACE 3365 19841 P 33 3506ecccd
SCHED-TRACE 3366 19915 I 60 2b8824
SCHED-TRACE 3367 19915 B 60 7b
SCHED-TRACE 3368 19915 P 60 38c03cac0
SCHED-TRACE 3369 19915 R 60 38c03cac0
SCHED-TRACE 3370 19916 U 4 2b8932
SCHED-TRACE 3371 19916 V 4 2b89bf
SCHED-TRACE 3372 19916 O 0 0
SCHED-TRACE 3373 19916 P 60 38dafcac0
SCHED-TRACE 3374 19917 K 33 3506ecccd
SCHED-TRACE 3375 19917 P 60 38f323127
SCHED-TRACE 3376 19918 P 60 39057f3b6
SCHED-TRACE 3377 19992 I 33 2bb1fd
SCHED-TRACE 3378 19992 B 33 7a
SCHED-TRACE 3379 19992 P 33 35680978d
SCHED-TRACE 3380 19992 R 33 35680978d
SCHED-TRACE 3381 19993 U 4 2bb30a
SCHED-TRACE 3382 19993 V 4 2bb397
SCHED-TRACE 3383 19993 O 0 0
SCHED-TRACE 3384 19993 P 33 356ab3f7d
SCHED-TRACE 3385 19994 K 81 35156d4fe
SCHED-TRACE 3386 19994 P 33 356d1df3b
SCHED-TRACE 3387 19995 P 33 356ef4395
SCHED-TRACE 3388 20069 I 81 2bdbd6
SCHED-TRACE 3389 20069 B 81 7b
SCHED-TRACE 3390 20069 P 81 38e0a5a1c
SCHED-TRACE 3391 20069 R 81 38e0a5a1c
SCHED-TRACE 3392 20070 U 4 2bdce4
SCHED-TRACE 3393 20070 V 4 2bdd70
SCHED-TRACE 3394 20070 O 0 0
SCHED-TRACE 3395 20070 P 81 38fb5645a
SCHED-TRACE 3396 20071 K 78 3515ba1cb
SCHED-TRACE 3397 20071 P 81 39137a1ca
SCHED-TRACE 3398 20072 P 81 3925d8d4f
SCHED-TRACE 3399 20146 I 78 2c05b0
SCHED-TRACE 3400 20146 B 78 7b
SCHED-TRACE 3401 20146 P 78 38e0f26ea
SCHED-TRACE 3402 20146 R 78 38e0f26ea
SCHED-TRACE 3403 20147 U 4 2c06be
SCHED-TRACE 3404 20147 V 4 2c074a
SCHED-TRACE 3405 20147 O 0 0
SCHED-TRACE 3406 20147 P 78 38fba5a1d
SCHED-TRACE 3407 20148 K 75 35160e979
SCHED-TRACE 3408 20148 P 78 3913c978d
SCHED-TRACE 3409 20149 P 78 39262ac08
SCHED-TRACE 3410 20223 I 75 2c2f8a
SCHED-TRACE 3411 20223 B 75 7a
SCHED-TRACE 3412 20223 P 75 38e1445a2
SCHED-TRACE 3413 20223 R 75 38e1445a2
SCHED-TRACE 3414 20224 U 4 2c3098
SCHED-TRACE 3415 20224 V 4 2c3124
SCHED-TRACE 3416 20224 O 0 0
SCHED-TRACE 3417 20224 P 75 38fbfa1cb
SCHED-TRACE 3418 20225 K 72 3516726ea
SCHED-TRACE 3419 20225 P 75 391420831
SCHED-TRACE 3420 20226 P 75 39267f3b6
SCHED-TRACE 3421 20300 I 72 2c5963
SCHED-TRACE 3422 20300 B 72 7a
SCHED-TRACE 3423 20300 P 72 38e1a8313
SCHED-TRACE 3424 20300 R 72 38e1a8313
SCHED-TRACE 3425 20301 U 4 2c5a72
SCHED-TRACE 3426 20301 V 4 2c5afe
SCHED-TRACE 3427 20301 O 0 0
SCHED-TRACE 3428 20301 P 72 38fc63127
SCHED-TRACE 3429 20302 K 69 3516aac09
SCHED-TRACE 3430 20302 P 72 391486e98
SCHED-TRACE 3431 20303 P 72 3926e5a1d
SCHED-TRACE 3432 20377 I 69 2c833d
SCHED-TRACE 3433 20377 B 69 7b
SCHED-TRACE 3434 20377 P 69 38e1e3127
SCHED-TRACE 3435 20377 R 69 38e1e3127
SCHED-TRACE 3436 20378 U 4 2c844c
SCHED-TRACE 3437 20378 V 4 2c84d8
SCHED-TRACE 3438 20378 O 0 0
SCHED-TRACE 3439 20378 P 69 38fc9df3c
SCHED-TRACE 3440 20379 K 66 3516ff3b6
SCHED-TRACE 3441 20379 P 69 3914c45a2
SCHED-TRACE 3442 20380 P 69 392723127
SCHED-TRACE 3443 20454 I 66 2cad17
SCHED-TRACE 3444 20454 B 66 7a
SCHED-TRACE 3445 20454 P 66 38e234fdf
SCHED-TRACE 3446 20454 R 66 38e234fdf
SCHED-TRACE 3447 20455 U 4 2cae26
SCHED-TRACE 3448 20455 V 4 2caeb2
SCHED-TRACE 3449 20455 O 0 0
SCHED-TRACE 3450 20455 P 66 38fcf4fdf
SCHED-TRACE 3451 20456 K 63 35174c083
SCHED-TRACE 3452 20456 P 66 391518d4f
SCHED-TRACE 3453 20457 P 66 39277a1ca
SCHED-TRACE 3454 20531 I 63 2cd6f2
SCHED-TRACE 3455 20531 B 63 7a
SCHED-TRACE 3456 20531 P 63 38e281cac
SCHED-TRACE 3457 20531 R 63 38e281cac
SCHED-TRACE 3458 20532 U 4 2cd800
SCHED-TRACE 3459 20532 V 4 2cd88c
SCHED-TRACE 3460 20532 O 0 0
SCHED-TRACE 3461 20532 P 63 38fd445a2
SCHED-TRACE 3462 20533 K 57 3517ba1cb
SCHED-TRACE 3463 20533 P 63 391568312
SCHED-TRACE 3464 20534 P 63 3927c6e97
SCHED-TRACE 3465 20608 I 57 2d00cc
SCHED-TRACE 3466 20608 B 57 7b
SCHED-TRACE 3467 20608 P 57 38e2f26ea
SCHED-TRACE 3468 20608 R 57 38e2f26ea
SCHED-TRACE 3469 20609 U 4 2d01da
SCHED-TRACE 3470 20609 V 4 2d0267
SCHED-TRACE 3471 20609 O 0 0
SCHED-TRACE 3472 20609 P 57 38fdb78d5
SCHED-TRACE 3473 20610 K 39 351820831
SCHED-TRACE 3474 20610 P 57 3915db646
SCHED-TRACE 3475 20611 P 57 39283a1cb
SCHED-TRACE 3476 20685 I 39 2d2aa5
SCHED-TRACE 3477 20685 B 39 7a
SCHED-TRACE 3478 20685 P 39 38e3378d5
SCHED-TRACE 3479 20685 R 39 38e3378d5
SCHED-TRACE 3480 20686 U 4 2d2bb3
SCHED-TRACE 3481 20686 V 4 2d2c3f
SCHED-TRACE 3482 20686 O 0 0
SCHED-TRACE 3483 20686 P 39 38fde5a1d
SCHED-TRACE 3484 20687 K 54 3518326e9
SCHED-TRACE 3485 20687 P 39 39160c083
SCHED-TRACE 3486 20688 P 39 39286ac08
SCHED-TRACE 3487 20762 I 54 2d547d
SCHED-TRACE 3488 20762 B 54 7a
SCHED-TRACE 3489 20762 P 54 38e3445a2
SCHED-TRACE 3490 20762 R 54 38e3445a2
SCHED-TRACE 3491 20763 U 4 2d558c
SCHED-TRACE 3492 20763 V 4 2d5618
SCHED-TRACE 3493 20763 O 0 0
SCHED-TRACE 3494 20763 P 54 38fe0e979
SCHED-TRACE 3495 20764 K 48 351858d50
SCHED-TRACE 3496 20764 P 54 391634fdf
SCHED-TRACE 3497 20765 P 54 392893b64
SCHED-TRACE 3498 20839 I 48 2d7e57
SCHED-TRACE 3499 20839 B 48 7a
SCHED-TRACE 3500 20839 P 48 38e3845a2
SCHED-TRACE 3501 20839 R 48 38e3845a2
SCHED-TRACE 3502 20840 U 4 2d7f66
SCHED-TRACE 3503 20840 V 4 2d7ff2
SCHED-TRACE 3504 20840 O 0 0
SCHED-TRACE 3505 20840 P 48 38fe53b64
SCHED-TRACE 3506 20841 K 51 35186fdf4
SCHED-TRACE 3507 20841 P 48 39167a1cb
SCHED-TRACE 3508 20842 P 48 3928d8d50
SCHED-TRACE 3509 20916 I 51 2da831
SCHED-TRACE 3510 20916 B 51 7a
SCHED-TRACE 3511 20916 P 51 38e38e979
SCHED-TRACE 3512 20916 R 51 38e38e979
SCHED-TRACE 3513 20917 U 4 2da940
SCHED-TRACE 3514 20917 V 4 2da9cc
SCHED-TRACE 3515 20917 O 0 0
SCHED-TRACE 3516 20917 P 51 38fe5b646
SCHED-TRACE 3517 20918 K 45 351893b64
SCHED-TRACE 3518 20918 P 51 391681cac
SCHED-TRACE 3519 20919 P 51 3928e0831
SCHED-TRACE 3520 20993 I 45 2dd20a
SCHED-TRACE 3521 20993 B 45 7a
SCHED-TRACE 3522 20993 P 45 38e3a0831
SCHED-TRACE 3523 20993 R 45 38e3a0831
SCHED-TRACE 3524 20994 U 4 2dd319
SCHED-TRACE 3525 20994 V 4 2dd3a5
SCHED-TRACE 3526 20994 O 0 0
SCHED-TRACE 3527 20994 P 45 38fe6fdf4
SCHED-TRACE 3528 20995 K 36 35234e978
SCHED-TRACE 3529 20995 P 45 391693b64
SCHED-TRACE 3530 20996 P 45 3928efdf4
SCHED-TRACE 3531 21070 I 36 2dfbe4
SCHED-TRACE 3532 21070 B 36 7a
SCHED-TRACE 3533 21070 P 36 38ee845a1
SCHED-TRACE 3534 21070 R 36 38ee845a1
SCHED-TRACE 3535 21071 U 4 2dfcf1
SCHED-TRACE 3536 21071 V 4 2dfd7e
SCHED-TRACE 3537 21071 O 0 0
SCHED-TRACE 3538 21071 P 36 39092d4fe
SCHED-TRACE 3539 21072 K 42 3524afdf4
SCHED-TRACE 3540 21072 P 36 392153b64
SCHED-TRACE 3541 21073 P 36 3933afdf3
SCHED-TRACE 3542 21147 I 42 2e25bc
SCHED-TRACE 3543 21147 B 42 7a
SCHED-TRACE 3544 21147 P 42 38efdb646
SCHED-TRACE 3545 21147 R 42 38efdb646
SCHED-TRACE 3546 21148 U 4 2e26cb
SCHED-TRACE 3547 21148 V 4 2e2757
SCHED-TRACE 3548 21148 O 0 0
SCHED-TRACE 3549 21148 P 42 390aad4fe
SCHED-TRACE 3550 21149 K 33 356ef4395
SCHED-TRACE 3551 21149 P 42 3922d3b65
SCHED-TRACE 3552 21150 P 42 39352d4fe
SCHED-TRACE 3553 21225 I 33 2e500d
SCHED-TRACE 3554 21225 B 33 7b
SCHED-TRACE 3555 21225 P 33 35d13e76c
SCHED-TRACE 3556 21225 R 33 35d13e76c
SCHED-TRACE 3557 21226 U 4 2e511a
SCHED-TRACE 3558 21226 V 4 2e51a7
SCHED-TRACE 3559 21226 O 0 0
SCHED-TRACE 3560 21226 P 33 35d3e8312
SCHED-TRACE 3561 21227 K 33 35d3e8312
SCHED-TRACE 3562 21227 P 33 35d6522d1
SCHED-TRACE 3563 21303 I 33 2e7a22
SCHED-TRACE 3564 21303 B 33 7a
SCHED-TRACE 3565 21303 P 33 3639dcac0
SCHED-TRACE 3566 21303 R 33 3639dcac0
SCHED-TRACE 3567 21304 U 4 2e7b2f
SCHED-TRACE 3568 21304 V 4 2e7bbb
SCHED-TRACE 3569 21304 O 0 0
SCHED-TRACE 3570 21304 P 33 363c86a7f
SCHED-TRACE 3571 21305 K 33 363c86a7f
SCHED-TRACE 3572 21305 P 33 363ef0e56
SCHED-TRACE 3573 21381 I 33 2ea436
SCHED-TRACE 3574 21381 B 33 7a
SCHED-TRACE 3575 21381 P 33 36a27b645
SCHED-TRACE 3576 21381 R 33 36a27b645
SCHED-TRACE 3577 21382 U 4 2ea543
SCHED-TRACE 3578 21382 V 4 2ea5d0
SCHED-TRACE 3579 21382 O 0 0
SCHED-TRACE 3580 21382 P 33 36a525604
SCHED-TRACE 3581 21383 K 33 36a525604
SCHED-TRACE 3582 21383 P 33 36a78f9db
SCHED-TRACE 3583 21459 I 33 2ece4b
SCHED-TRACE 3584 21459 B 33 7a
SCHED-TRACE 3585 21459 P 33 370b19db2
SCHED-TRACE 3586 21459 R 33 370b19db2
SCHED-TRACE 3587 21460 U 4 2ecf58
SCHED-TRACE 3588 21460 V 4 2ecfe5
SCHED-TRACE 3589 21460 O 0 0
SCHED-TRACE 3590 21460 P 33 370dc4189
SCHED-TRACE 3591 21461 K 33 370dc4189
SCHED-TRACE 3592 21461 P 33 37102e148
SCHED-TRACE 3593 21537 I 33 2ef860
SCHED-TRACE 3594 21537 B 33 7a
SCHED-TRACE 3595 21537 P 33 3773b8937
SCHED-TRACE 3596 21537 R 33 3773b8937
SCHED-TRACE 3597 21538 U 4 2ef96d
SCHED-TRACE 3598 21538 V 4 2ef9f9
SCHED-TRACE 3599 21538 O 0 0
SCHED-TRACE 3600 21538 P 33 3776628f6
SCHED-TRACE 3601 21539 K 33 3776628f6
SCHED-TRACE 3602 21539 P 33 3778ccccd
SCHED-TRACE 3603 21615 I 33 2f2274
SCHED-TRACE 3604 21615 B 33 7b
SCHED-TRACE 3605 21615 P 33 37dc574bc
SCHED-TRACE 3606 21615 R 33 37dc574bc
SCHED-TRACE 3607 21616 U 4 2f2381
SCHED-TRACE 3608 21616 V 4 2f240e
SCHED-TRACE 3609 21616 O 0 0
SCHED-TRACE 3610 21616 P 33 37df0147b
SCHED-TRACE 3611 21617 K 33 37df0147b
SCHED-TRACE 3612 21617 P 33 37e16b852
SCHED-TRACE 3613 21693 I 33 2f4c89
SCHED-TRACE 3614 21693 B 33 7a
SCHED-TRACE 3615 21693 P 33 3844f5c29
SCHED-TRACE 3616 21693 R 33 3844f5c29
SCHED-TRACE 3617 21694 U 4 2f4d96
SCHED-TRACE 3618 21694 V 4 2f4e23
SCHED-TRACE 3619 21694 O 0 0
SCHED-TRACE 3620 21694 P 33 3847a0000
SCHED-TRACE 3621 21695 K 33 3847a0000
SCHED-TRACE 3622 21695 P 33 384a09fbe
SCHED-TRACE 3623 21771 I 33 2f769e
SCHED-TRACE 3624 21771 B 33 7a
SCHED-TRACE 3625 21771 P 33 38ad947ae
SCHED-TRACE 3626 21771 R 33 38ad947ae
SCHED-TRACE 3627 21772 U 4 2f77ab
SCHED-TRACE 3628 21772 V 4 2f7837
SCHED-TRACE 3629 21772 O 0 0
SCHED-TRACE 3630 21772 P 33 38b03e76c
SCHED-TRACE 3631 21773 K 33 38b03e76c
SCHED-TRACE 3632 21773 P 33 38b2a8b43
SCHED-TRACE 3633 21849 I 33 2fa0b2
SCHED-TRACE 3634 21849 B 33 7b
SCHED-TRACE 3635 21849 P 33 391633333
SCHED-TRACE 3636 21849 R 33 391633333
SCHED-TRACE 3637 21850 U 4 2fa1bf
SCHED-TRACE 3638 21850 V 4 2fa24c
SCHED-TRACE 3639 21850 O 0 0
SCHED-TRACE 3640 21850 P 33 3918dd2f1
SCHED-TRACE 3641 21851 K 60 39057f3b6
SCHED-TRACE 3642 21851 P 33 391b472b0
SCHED-TRACE 3643 21852 P 33 391d1d2f1
SCHED-TRACE 3644 21927 I 60 2fcaff
SCHED-TRACE 3645 21927 B 60 7b
SCHED-TRACE 3646 21927 P 60 3cdc3f3b6
SCHED-TRACE 3647 21927 R 60 3cdc3f3b6
SCHED-TRACE 3648 21928 U 4 2fcc0e
SCHED-TRACE 3649 21928 V 4 2fcc9a
SCHED-TRACE 3650 21928 O 0 0
SCHED-TRACE 3651 21928 P 60 3cf6ff3b6
SCHED-TRACE 3652 21929 K 33 391d1d2f1
SCHED-TRACE 3653 21929 P 60 3d0f25a1c
SCHED-TRACE 3654 21930 P 60 3d2181cac
SCHED-TRACE 3655 22004 I 33 2ff4d8
SCHED-TRACE 3656 22004 B 33 7b
SCHED-TRACE 3657 22004 P 33 397e38d50
SCHED-TRACE 3658 22004 R 33 397e38d50
SCHED-TRACE 3659 22005 U 4 2ff5e5
SCHED-TRACE 3660 22005 V 4 2ff672
SCHED-TRACE 3661 22005 O 0 0
SCHED-TRACE 3662 22005 P 33 3980e353f
SCHED-TRACE 3663 22006 K 81 3925d8d4f
SCHED-TRACE 3664 22006 P 33 39834d916
SCHED-TRACE 3665 22007 P 33 398523d70
SCHED-TRACE 3666 22081 I 81 301eb1
SCHED-TRACE 3667 22081 B 81 7a
SCHED-TRACE 3668 22081 P 81 3cf10e978
SCHED-TRACE 3669 22081 R 81 3cf10e978
SCHED-TRACE 3670 22082 U 4 301fbf
SCHED-TRACE 3671 22082 V 4 30204b
SCHED-TRACE 3672 22082 O 0 0
SCHED-TRACE 3673 22082 P 81 3d0bc1cac
SCHED-TRACE 3674 22083 K 78 39262ac08
SCHED-TRACE 3675 22083 P 81 3d23e5a1c
SCHED-TRACE 3676 22084 P 81 3d36445a1
SCHED-TRACE 3677 22158 I 78 30488b
SCHED-TRACE 3678 22158 B 78 7b
SCHED-TRACE 3679 22158 P 78 3cf163127
SCHED-TRACE 3680 22158 R 78 3cf163127
SCHED-TRACE 3681 22159 U 4 304999
SCHED-TRACE 3682 22159 V 4 304a25
SCHED-TRACE 3683 22159 O 0 0
SCHED-TRACE 3684 22159 P 78 3d0c1645a
SCHED-TRACE 3685 22160 K 75 39267f3b6
SCHED-TRACE 3686 22160 P 78 3d243a1cb
SCHED-TRACE 3687 22161 P 78 3d3698d50
SCHED-TRACE 3688 22235 I 75 307265
SCHED-TRACE 3689 22235 B 75 7b
SCHED-TRACE 3690 22235 P 75 3cf1b78d5
SCHED-TRACE 3691 22235 R 75 3cf1b78d5
SCHED-TRACE 3692 22236 U 4 307373
SCHED-TRACE 3693 22236 V 4 3073ff
SCHED-TRACE 3694 22236 O 0 0
SCHED-TRACE 3695 22236 P 75 3d0c6d4fe
SCHED-TRACE 3696 22237 K 72 3926e5a1d
SCHED-TRACE 3697 22237 P 75 3d2493b65
SCHED-TRACE 3698 22238 P 75 3d36f26ea
SCHED-TRACE 3699 22312 I 72 309c3e
SCHED-TRACE 3700 22312 B 72 7a
SCHED-TRACE 3701 22312 P 72 3cf21b646
SCHED-TRACE 3702 22312 R 72 3cf21b646
SCHED-TRACE 3703 22313 U 4 309d4d
SCHED-TRACE 3704 22313 V 4 309dd9
SCHED-TRACE 3705 22313 O 0 0
SCHED-TRACE 3706 22313 P 72 3d0cd645a
SCHED-TRACE 3707 22314 K 69 392723127
SCHED-TRACE 3708 22314 P 72 3d24fcac1
SCHED-TRACE 3709 22315 P 72 3d375b646
SCHED-TRACE 3710 22389 I 69 30c618
SCHED-TRACE 3711 22389 B 69 7a
SCHED-TRACE 3712 22389 P 69 3cf258d50
SCHED-TRACE 3713 22389 R 69 3cf258d50
SCHED-TRACE 3714 22390 U 4 30c727
SCHED-TRACE 3715 22390 V 4 30c7b3
SCHED-TRACE 3716 22390 O 0 0
SCHED-TRACE 3717 22390 P 69 3d0d1645b
SCHED-TRACE 3718 22391 K 66 39277a1ca
SCHED-TRACE 3719 22391 P 69 3d253cac1
SCHED-TRACE 3720 22392 P 69 3d379b646
SCHED-TRACE 3721 22466 I 66 30eff2
SCHED-TRACE 3722 22466 B 66 7a
SCHED-TRACE 3723 22466 P 66 3cf2afdf3
SCHED-TRACE 3724 22466 R 66 3cf2afdf3
SCHED-TRACE 3725 22467 U 4 30f101
SCHED-TRACE 3726 22467 V 4 30f18d
SCHED-TRACE 3727 22467 O 0 0
SCHED-TRACE 3728 22467 P 66 3d0d6fdf3
SCHED-TRACE 3729 22468 K 63 3927c6e97
SCHED-TRACE 3730 22468 P 66 3d2593b64
SCHED-TRACE 3731 22469 P 66 3d37f26e9
SCHED-TRACE 3732 22543 I 63 3119cd
SCHED-TRACE 3733 22543 B 63 7b
SCHED-TRACE 3734 22543 P 63 3cf2ff3b6
SCHED-TRACE 3735 22543 R 63 3cf2ff3b6
SCHED-TRACE 3736 22544 U 4 311adb
SCHED-TRACE 3737 22544 V 4 311b67
SCHED-TRACE 3738 22544 O 0 0
SCHED-TRACE 3739 22544 P 63 3d0dc1cac
SCHED-TRACE 3740 22545 K 57 39283a1cb
SCHED-TRACE 3741 22545 P 63 3d25e5a1c
SCHED-TRACE 3742 22546 P 63 3d38445a2
SCHED-TRACE 3743 22620 I 57 3143a7
SCHED-TRACE 3744 22620 B 57 7b
SCHED-TRACE 3745 22620 P 57 3cf3726ea
SCHED-TRACE 3746 22620 R 57 3cf3726ea
SCHED-TRACE 3747 22621 U 4 3144b5
SCHED-TRACE 3748 22621 V 4 314542
SCHED-TRACE 3749 22621 O 0 0
SCHED-TRACE 3750 22621 P 57 3d0e378d5
SCHED-TRACE 3751 22622 K 39 39286ac08
SCHED-TRACE 3752 22622 P 57 3d265b646
SCHED-TRACE 3753 22623 P 57 3d38ba1cb
SCHED-TRACE 3754 22697 I 39 316d80
SCHED-TRACE 3755 22697 B 39 7a
SCHED-TRACE 3756 22697 P 39 3cf381cac
SCHED-TRACE 3757 22697 R 39 3cf381cac
SCHED-TRACE 3758 22698 U 4 316e8e
SCHED-TRACE 3759 22698 V 4 316f1a
SCHED-TRACE 3760 22698 O 0 0
SCHED-TRACE 3761 22698 P 39 3d0e2fdf4
SCHED-TRACE 3762 22699 K 54 392893b64
SCHED-TRACE 3763 22699 P 39 3d265645a
SCHED-TRACE 3764 22700 P 39 3d38b4fdf
SCHED-TRACE 3765 22774 I 54 319758
SCHED-TRACE 3766 22774 B 54 7a
SCHED-TRACE 3767 22774 P 54 3cf3a5a1d
SCHED-TRACE 3768 22774 R 54 3cf3a5a1d
SCHED-TRACE 3769 22775 U 4 319867
SCHED-TRACE 3770 22775 V 4 3198f3
SCHED-TRACE 3771 22775 O 0 0
SCHED-TRACE 3772 22775 P 54 3d0e6fdf4
SCHED-TRACE 3773 22776 K 48 3928d8d50
SCHED-TRACE 3774 22776 P 54 3d269645a
SCHED-TRACE 3775 22777 P 54 3d38f4fdf
SCHED-TRACE 3776 22851 I 48 31c133
SCHED-TRACE 3777 22851 B 48 7a
SCHED-TRACE 3778 22851 P 48 3cf40e979
SCHED-TRACE 3779 22851 R 48 3cf40e979
SCHED-TRACE 3780 22852 U 4 31c241
SCHED-TRACE 3781 22852 V 4 31c2ce
SCHED-TRACE 3782 22852 O 0 0
SCHED-TRACE 3783 22852 P 48 3d0eddf3b
SCHED-TRACE 3784 22853 K 51 3928e0831
SCHED-TRACE 3785 22853 P 48 3d2701cac
SCHED-TRACE 3786 22854 P 48 3d3960831
SCHED-TRACE 3787 22928 I 51 31eb0c
SCHED-TRACE 3788 22928 B 51 7a
SCHED-TRACE 3789 22928 P 51 3cf3f4fdf
SCHED-TRACE 3790 22928 R 51 3cf3f4fdf
SCHED-TRACE 3791 22929 U 4 31ec1b
SCHED-TRACE 3792 22929 V 4 31eca7
SCHED-TRACE 3793 22929 O 0 0
SCHED-TRACE 3794 22929 P 51 3d0ec1cac
SCHED-TRACE 3795 22930 K 45 3928efdf4
SCHED-TRACE 3796 22930 P 51 3d26e5a1d
SCHED-TRACE 3797 22931 P 51 3d39445a2
SCHED-TRACE 3798 23005 I 45 3214e5
SCHED-TRACE 3799 23005 B 45 7a
SCHED-TRACE 3800 23005 P 45 3cf3fcac1
SCHED-TRACE 3801 23005 R 45 3cf3fcac1
SCHED-TRACE 3802 23006 U 4 3215f4
SCHED-TRACE 3803 23006 V 4 321680
SCHED-TRACE 3804 23006 O 0 0
SCHED-TRACE 3805 23006 P 45 3d0ece979
SCHED-TRACE 3806 23007 K 36 3933afdf3
SCHED-TRACE 3807 23007 P 45 3d26f26ea
SCHED-TRACE 3808 23008 P 45 3d395126f
SCHED-TRACE 3809 23083 I 36 323f33
SCHED-TRACE 3810 23083 B 36 7b
SCHED-TRACE 3811 23083 P 36 3d0a2ac08
SCHED-TRACE 3812 23083 R 36 3d0a2ac08
SCHED-TRACE 3813 23084 U 4 324040
SCHED-TRACE 3814 23084 V 4 3240cc
SCHED-TRACE 3815 23084 O 0 0
SCHED-TRACE 3816 23084 P 36 3d24d126e
SCHED-TRACE 3817 23085 K 42 39352d4fe
SCHED-TRACE 3818 23085 P 36 3d3cf4fdf
SCHED-TRACE 3819 23086 P 36 3d4f53b64
SCHED-TRACE 3820 23160 I 42 32690b
SCHED-TRACE 3821 23160 B 42 7a
SCHED-TRACE 3822 23160 P 42 3d005df3c
SCHED-TRACE 3823 23160 R 42 3d005df3c
SCHED-TRACE 3824 23161 U 4 326a1a
SCHED-TRACE 3825 23161 V 4 326aa6
SCHED-TRACE 3826 23161 O 0 0
SCHED-TRACE 3827 23161 P 42 3d1b2fdf4
SCHED-TRACE 3828 23162 K 33 398523d70
SCHED-TRACE 3829 23162 P 42 3d3353b65
SCHED-TRACE 3830 23163 P 42 3d45afdf4
SCHED-TRACE 3831 23238 I 33 32935c
SCHED-TRACE 3832 23238 B 33 7a
SCHED-TRACE 3833 23238 P 33 39e76e979
SCHED-TRACE 3834 23238 R 33 39e76e979
SCHED-TRACE 3835 23239 U 4 329469
SCHED-TRACE 3836 23239 V 4 3294f6
SCHED-TRACE 3837 23239 O 0 0
SCHED-TRACE 3838 23239 P 33 39ea18937
SCHED-TRACE 3839 23240 K 33 39ea18937
SCHED-TRACE 3840 23240 P 33 39ec82d0e
SCHED-TRACE 3841 23316 I 33 32bd71
SCHED-TRACE 3842 23316 B 33 7b
SCHED-TRACE 3843 23316 P 33 3a500d4fe
SCHED-TRACE 3844 23316 R 33 3a500d4fe
SCHED-TRACE 3845 23317 U 4 32be7e
SCHED-TRACE 3846 23317 V 4 32bf0a
SCHED-TRACE 3847 23317 O 0 0
SCHED-TRACE 3848 23317 P 33 3a52b74bc
SCHED-TRACE 3849 23318 K 33 3a52b74bc
SCHED-TRACE 3850 23318 P 33 3a5521893
SCHED-TRACE 3851 23394 I 33 32e785
SCHED-TRACE 3852 23394 B 33 7a
SCHED-TRACE 3853 23394 P 33 3ab8abc6a
SCHED-TRACE 3854 23394 R 33 3ab8abc6a
SCHED-TRACE 3855 23395 U 4 32e893
SCHED-TRACE 3856 23395 V 4 32e91f
SCHED-TRACE 3857 23395 O 0 0
SCHED-TRACE 3858 23395 P 33 3abb56041
SCHED-TRACE 3859 23396 K 33 3abb56041
SCHED-TRACE 3860 23396 P 33 3abdc0000
SCHED-TRACE 3861 23472 I 33 33119a
SCHED-TRACE 3862 23472 B 33 7a
SCHED-TRACE 3863 23472 P 33 3b214a7ef
SCHED-TRACE 3864 23472 R 33 3b214a7ef
SCHED-TRACE 3865 23473 U 4 3312a7
SCHED-TRACE 3866 23473 V 4 331334
SCHED-TRACE 3867 23473 O 0 0
SCHED-TRACE 3868 23473 P 33 3b23f47ae
SCHED-TRACE 3869 23474 K 33 3b23f47ae
SCHED-TRACE 3870 23474 P 33 3b265eb85
SCHED-TRACE 3871 23550 I 33 333baf
SCHED-TRACE 3872 23550 B 33 7b
SCHED-TRACE 3873 23550 P 33 3b89e9375
SCHED-TRACE 3874 23550 R 33 3b89e9375
SCHED-TRACE 3875 23551 U 4 333cbc
SCHED-TRACE 3876 23551 V 4 333d48
SCHED-TRACE 3877 23551 O 0 0
SCHED-TRACE 3878 23551 P 33 3b8c93333
SCHED-TRACE 3879 23552 K 33 3b8c93333
SCHED-TRACE 3880 23552 P 33 3b8efd2f1
SCHED-TRACE 3881 23628 I 33 3365c3
SCHED-TRACE 3882 23628 B 33 7a
SCHED-TRACE 3883 23628 P 33 3bf287ae1
SCHED-TRACE 3884 23628 R 33 3bf287ae1
SCHED-TRACE 3885 23629 U 4 3366d1
SCHED-TRACE 3886 23629 V 4 33675d
SCHED-TRACE 3887 23629 O 0 0
SCHED-TRACE 3888 23629 P 33 3bf531aa0
SCHED-TRACE 3889 23630 K 33 3bf531aa0
SCHED-TRACE 3890 23630 P 33 3bf79be77
SCHED-TRACE 3891 23706 I 33 338fd8
SCHED-TRACE 3892 23706 B 33 7a
SCHED-TRACE 3893 23706 P 33 3c5b26666
SCHED-TRACE 3894 23706 R 33 3c5b26666
SCHED-TRACE 3895 23707 U 4 3390e5
SCHED-TRACE 3896 23707 V 4 339172
SCHED-TRACE 3897 23707 O 0 0
SCHED-TRACE 3898 23707 P 33 3c5dd0625
SCHED-TRACE 3899 23708 K 33 3c5dd0625
SCHED-TRACE 3900 23708 P 33 3c603a9fc
SCHED-TRACE 3901 23784 I 33 33b9ed
SCHED-TRACE 3902 23784 B 33 7b
SCHED-TRACE 3903 23784 P 33 3cc3c51eb
SCHED-TRACE 3904 23784 R 33 3cc3c51eb
SCHED-TRACE 3905 23785 U 4 33bafa
SCHED-TRACE 3906 23785 V 4 33bb86
SCHED-TRACE 3907 23785 O 0 0
SCHED-TRACE 3908 23785 P 33 3cc66f1aa
SCHED-TRACE 3909 23786 K 33 3cc66f1aa
SCHED-TRACE 3910 23786 P 33 3cc8d9168
SCHED-TRACE 3911 23862 I 33 33e401
SCHED-TRACE 3912 23862 B 33 7a
SCHED-TRACE 3913 23862 P 33 3d2c63958
SCHED-TRACE 3914 23862 R 33 3d2c63958
SCHED-TRACE 3915 23863 U 4 33e50f
SCHED-TRACE 3916 23863 V 4 33e59b
SCHED-TRACE 3917 23863 O 0 0
SCHED-TRACE 3918 23863 P 33 3d2f0dd2f
SCHED-TRACE 3919 23864 K 60 3d2181cac
SCHED-TRACE 3920 23864 P 33 3d3178106
SCHED-TRACE 3921 23865 P 33 3d334e148
SCHED-TRACE 3922 23939 I 60 340dd9
SCHED-TRACE 3923 23939 B 60 7b
SCHED-TRACE 3924 23939 P 60 40ec7cac0
SCHED-TRACE 3925 23939 R 60 40ec7cac0
SCHED-TRACE 3926 23940 U 4 340ee7
SCHED-TRACE 3927 23940 V 4 340f74
SCHED-TRACE 3928 23940 O 0 0
SCHED-TRACE 3929 23940 P 60 41073cac0
SCHED-TRACE 3930 23941 K 33 3d334e148
SCHED-TRACE 3931 23941 P 60 411f63127
SCHED-TRACE 3932 23942 P 60 4131bf3b6
SCHED-TRACE 3933 24016 I 33 3437b2
SCHED-TRACE 3934 24016 B 33 7a
SCHED-TRACE 3935 24016 P 33 3d946a3d7
SCHED-TRACE 3936 24016 R 33 3d946a3d7
SCHED-TRACE 3937 24017 U 4 3438bf
SCHED-TRACE 3938 24017 V 4 34394c
SCHED-TRACE 3939 24017 O 0 0
SCHED-TRACE 3940 24017 P 33 3d9714bc6
SCHED-TRACE 3941 24018 K 81 3d36445a1
SCHED-TRACE 3942 24018 P 33 3d997eb85
SCHED-TRACE 3943 24019 P 33 3d9b54fdf
SCHED-TRACE 3944 24093 I 81 34618b
SCHED-TRACE 3945 24093 B 81 7b
SCHED-TRACE 3946 24093 P 81 41017cac0
SCHED-TRACE 3947 24093 R 81 41017cac0
SCHED-TRACE 3948 24094 U 4 346299
SCHED-TRACE 3949 24094 V 4 346325
SCHED-TRACE 3950 24094 O 0 0
SCHED-TRACE 3951 24094 P 81 411c2d4fe
SCHED-TRACE 3952 24095 K 78 3d3698d50
SCHED-TRACE 3953 24095 P 81 41345126e
SCHED-TRACE 3954 24096 P 81 4146afdf3
SCHED-TRACE 3955 24170 I 78 348b65
SCHED-TRACE 3956 24170 B 78 7b
SCHED-TRACE 3957 24170 P 78 4101d126f
SCHED-TRACE 3958 24170 R 78 4101d126f
SCHED-TRACE 3959 24171 U 4 348c73
SCHED-TRACE 3960 24171 V 4 348cff
SCHED-TRACE 3961 24171 O 0 0
SCHED-TRACE 3962 24171 P 78 411c845a2
SCHED-TRACE 3963 24172 K 75 3d36f26ea
SCHED-TRACE 3964 24172 P 78 4134a8313
SCHED-TRACE 3965 24173 P 78 41470978d
SCHED-TRACE 3966 24247 I 75 34b53e
SCHED-TRACE 3967 24247 B 75 7a
SCHED-TRACE 3968 24247 P 75 410228313
SCHED-TRACE 3969 24247 R 75 410228313
SCHED-TRACE 3970 24248 U 4 34b64c
SCHED-TRACE 3971 24248 V 4 34b6d9
SCHED-TRACE 3972 24248 O 0 0
SCHED-TRACE 3973 24248 P 75 411ce0831
SCHED-TRACE 3974 24249 K 72 3d375b646
SCHED-TRACE 3975 24249 P 75 413506e98
SCHED-TRACE 3976 24250 P 75 414765a1d
SCHED-TRACE 3977 24324 I 72 34df18
SCHED-TRACE 3978 24324 B 72 7a
SCHED-TRACE 3979 24324 P 72 41029126f
SCHED-TRACE 3980 24324 R 72 41029126f
SCHED-TRACE 3981 24325 U 4 34e026
SCHED-TRACE 3982 24325 V 4 34e0b3
SCHED-TRACE 3983 24325 O 0 0
SCHED-TRACE 3984 24325 P 72 411d4c083
SCHED-TRACE 3985 24326 K 69 3d379b646
SCHED-TRACE 3986 24326 P 72 41356fdf4
SCHED-TRACE 3987 24327 P 72 4147ce979
SCHED-TRACE 3988 24401 I 69 3508f2
SCHED-TRACE 3989 24401 B 69 7b
SCHED-TRACE 3990 24401 P 69 4102d3b65
SCHED-TRACE 3991 24401 R 69 4102d3b65
SCHED-TRACE 3992 24402 U 4 350a00
SCHED-TRACE 3993 24402 V 4 350a8d
SCHED-TRACE 3994 24402 O 0 0
SCHED-TRACE 3995 24402 P 69 411d9126f
SCHED-TRACE 3996 24403 K 66 3d37f26e9
SCHED-TRACE 3997 24403 P 69 4135b78d5
SCHED-TRACE 3998 24404 P 69 41481645b
SCHED-TRACE 3999 24478 I 66 3532cc
SCHED-TRACE 4000 24478 B 66 7a
SCHED-TRACE 4001 24478 P 66 410328312
SCHED-TRACE 4002 24478 R 66 410328312
SCHED-TRACE 4003 24479 U 4 3533db
SCHED-TRACE 4004 24479 V 4 353467
SCHED-TRACE 4005 24479 O 0 0
SCHED-TRACE 4006 24479 P 66 411de8312
SCHED-TRACE 4007 24480 K 63 3d38445a2
SCHED-TRACE 4008 24480 P 66 41360c083
SCHED-TRACE 4009 24481 P 66 41486d4fd
SCHED-TRACE 4010 24555 I 63 355ca6
SCHED-TRACE 4011 24555 B 63 7a
SCHED-TRACE 4012 24555 P 63 41037a1cb
SCHED-TRACE 4013 24555 R 63 41037a1cb
SCHED-TRACE 4014 24556 U 4 355db5
SCHED-TRACE 4015 24556 V 4 355e41
SCHED-TRACE 4016 24556 O 0 0
SCHED-TRACE 4017 24556 P 63 411e3a1cb
SCHED-TRACE 4018 24557 K 39 3d38b4fdf
SCHED-TRACE 4019 24557 P 63 41365df3b
SCHED-TRACE 4020 24558 P 63 4148bcac0
SCHED-TRACE 4021 24633 I 39 3586f7
SCHED-TRACE 4022 24633 B 39 7a
SCHED-TRACE 4023 24633 P 39 410fa3127
SCHED-TRACE 4024 24633 R 39 410fa3127
SCHED-TRACE 4025 24634 U 4 358805
SCHED-TRACE 4026 24634 V 4 358891
SCHED-TRACE 4027 24634 O 0 0
SCHED-TRACE 4028 24634 P 39 412a5126e
SCHED-TRACE 4029 24635 K 57 3d38ba1cb
SCHED-TRACE 4030 24635 P 39 4142778d5
SCHED-TRACE 4031 24636 P 39 4154d3b64
SCHED-TRACE 4032 24710 I 57 35b0d0
SCHED-TRACE 4033 24710 B 57 7b
SCHED-TRACE 4034 24710 P 57 4103e3127
SCHED-TRACE 4035 24710 R 57 4103e3127
SCHED-TRACE 4036 24711 U 4 35b1df
SCHED-TRACE 4037 24711 V 4 35b26b
SCHED-TRACE 4038 24711 O 0 0
SCHED-TRACE 4039 24711 P 57 411ea8313
SCHED-TRACE 4040 24712 K 54 3d38f4fdf
SCHED-TRACE 4041 24712 P 57 4136cc083
SCHED-TRACE 4042 24713 P 57 41492ac08
SCHED-TRACE 4043 24787 I 54 35daa9
SCHED-TRACE 4044 24787 B 54 7a
SCHED-TRACE 4045 24787 P 54 410406e98
SCHED-TRACE 4046 24787 R 54 410406e98
SCHED-TRACE 4047 24788 U 4 35dbb8
SCHED-TRACE 4048 24788 V 4 35dc44
SCHED-TRACE 4049 24788 O 0 0
SCHED-TRACE 4050 24788 P 54 411ed126f
SCHED-TRACE 4051 24789 K 51 3d39445a2
SCHED-TRACE 4052 24789 P 54 4136f4fdf
SCHED-TRACE 4053 24790 P 54 414953b64
SCHED-TRACE 4054 24864 I 51 360482
SCHED-TRACE 4055 24864 B 51 7a
SCHED-TRACE 4056 24864 P 51 410453b65
SCHED-TRACE 4057 24864 R 51 410453b65
SCHED-TRACE 4058 24865 U 4 360591
SCHED-TRACE 4059 24865 V 4 36061d
SCHED-TRACE 4060 24865 O 0 0
SCHED-TRACE 4061 24865 P 51 411f23127
SCHED-TRACE 4062 24866 K 45 3d395126f
SCHED-TRACE 4063 24866 P 51 41374978e
SCHED-TRACE 4064 24867 P 51 4149a8313
SCHED-TRACE 4065 24941 I 45 362e5c
SCHED-TRACE 4066 24941 B 45 7a
SCHED-TRACE 4067 24941 P 45 410474fdf
SCHED-TRACE 4068 24941 R 45 410474fdf
SCHED-TRACE 4069 24942 U 4 362f6b
SCHED-TRACE 4070 24942 V 4 362ff7
SCHED-TRACE 4071 24942 O 0 0
SCHED-TRACE 4072 24942 P 45 411f46e98
SCHED-TRACE 4073 24943 K 48 3d3960831
SCHED-TRACE 4074 24943 P 45 41376ac08
SCHED-TRACE 4075 24944 P 45 4149c978d
SCHED-TRACE 4076 25018 I 48 365836
SCHED-TRACE 4077 25018 B 48 7a
SCHED-TRACE 4078 25018 P 48 4104845a2
SCHED-TRACE 4079 25018 R 48 4104845a2
SCHED-TRACE 4080 25019 U 4 365945
SCHED-TRACE 4081 25019 V 4 3659d1
SCHED-TRACE 4082 25019 O 0 0
SCHED-TRACE 4083 25019 P 48 411f53b64
SCHED-TRACE 4084 25020 K 42 3d45afdf4
SCHED-TRACE 4085 25020 P 48 4137778d5
SCHED-TRACE 4086 25021 P 48 4149d645a
SCHED-TRACE 4087 25095 I 42 368210
SCHED-TRACE 4088 25095 B 42 7a
SCHED-TRACE 4089 25095 P 42 4110d3b65
SCHED-TRACE 4090 25095 R 42 4110d3b65
SCHED-TRACE 4091 25096 U 4 36831f
SCHED-TRACE 4092 25096 V 4 3683ab
SCHED-TRACE 4093 25096 O 0 0
SCHED-TRACE 4094 25096 P 42 412ba8313
SCHED-TRACE 4095 25097 K 36 3d4f53b64
SCHED-TRACE 4096 25097 P 42 4143ce979
SCHED-TRACE 4097 25098 P 42 41562ac09
SCHED-TRACE 4098 25172 I 36 36abea
SCHED-TRACE 4099 25172 B 36 7b
SCHED-TRACE 4100 25172 P 36 411a60831
SCHED-TRACE 4101 25172 R 36 411a60831
SCHED-TRACE 4102 25173 U 4 36acf7
SCHED-TRACE 4103 25173 V 4 36ad84
SCHED-TRACE 4104 25173 O 0 0
SCHED-TRACE 4105 25173 P 36 413506e97
SCHED-TRACE 4106 25174 K 33 3d9b54fdf
SCHED-TRACE 4107 25174 P 36 414d2d4fe
SCHED-TRACE 4108 25175 P 36 415f86e97
SCHED-TRACE 4109 25250 I 33 36d639
SCHED-TRACE 4110 25250 B 33 7b
SCHED-TRACE 4111 25250 P 33 3dfd9f7cf
SCHED-TRACE 4112 25250 R 33 3dfd9f7cf
SCHED-TRACE 4113 25251 U 4 36d746
SCHED-TRACE 4114 25251 V 4 36d7d3
SCHED-TRACE 4115 25251 O 0 0
SCHED-TRACE 4116 25251 P 33 3e004978d
SCHED-TRACE 4117 25252 K 33 3e004978d
SCHED-TRACE 4118 25252 P 33 3e02b374c
SCHED-TRACE 4119 25328 I 33 37004e
SCHED-TRACE 4120 25328 B 33 7a
SCHED-TRACE 4121 25328 P 33 3e663df3b
SCHED-TRACE 4122 25328 R 33 3e663df3b
SCHED-TRACE 4123 25329 U 4 37015b
SCHED-TRACE 4124 25329 V 4 3701e8
SCHED-TRACE 4125 25329 O 0 0
SCHED-TRACE 4126 25329 P 33 3e68e7efa
SCHED-TRACE 4127 25330 K 33 3e68e7efa
SCHED-TRACE 4128 25330 P 33 3e6b522d1
SCHED-TRACE 4129 25406 I 33 372a63
SCHED-TRACE 4130 25406 B 33 7a
SCHED-TRACE 4131 25406 P 33 3ecedcac0
SCHED-TRACE 4132 25406 R 33 3ecedcac0
SCHED-TRACE 4133 25407 U 4 372b70
SCHED-TRACE 4134 25407 V 4 372bfc
SCHED-TRACE 4135 25407 O 0 0
SCHED-TRACE 4136 25407 P 33 3ed186a7f
SCHED-TRACE 4137 25408 K 33 3ed186a7f
SCHED-TRACE 4138 25408 P 33 3ed3f0e56
SCHED-TRACE 4139 25484 I 33 375477
SCHED-TRACE 4140 25484 B 33 7b
SCHED-TRACE 4141 25484 P 33 3f377b645
SCHED-TRACE 4142 25484 R 33 3f377b645
SCHED-TRACE 4143 25485 U 4 375584
SCHED-TRACE 4144 25485 V 4 375611
SCHED-TRACE 4145 25485 O 0 0
SCHED-TRACE 4146 25485 P 33 3f3a251eb
SCHED-TRACE 4147 25486 K 33 3f3a251eb
SCHED-TRACE 4148 25486 P 33 3f3c8f1aa
SCHED-TRACE 4149 25562 I 33 377e8c
SCHED-TRACE 4150 25562 B 33 7a
SCHED-TRACE 4151 25562 P 33 3fa019999
SCHED-TRACE 4152 25562 R 33 3fa019999
SCHED-TRACE 4153 25563 U 4 377f99
SCHED-TRACE 4154 25563 V 4 378026
SCHED-TRACE 4155 25563 O 0 0
SCHED-TRACE 4156 25563 P 33 3fa2c3958
SCHED-TRACE 4157 25564 K 33 3fa2c3958
SCHED-TRACE 4158 25564 P 33 3fa52dd2f
SCHED-TRACE 4159 25640 I 33 37a8a1
SCHED-TRACE 4160 25640 B 33 7a
SCHED-TRACE 4161 25640 P 33 4008b851f
SCHED-TRACE 4162 25640 R 33 4008b851f
SCHED-TRACE 4163 25641 U 4 37a9ae
SCHED-TRACE 4164 25641 V 4 37aa3a
SCHED-TRACE 4165 25641 O 0 0
SCHED-TRACE 4166 25641 P 33 400b624dd
SCHED-TRACE 4167 25642 K 33 400b624dd
SCHED-TRACE 4168 25642 P 33 400dcc8b4
SCHED-TRACE 4169 25718 I 33 37d2b5
SCHED-TRACE 4170 25718 B 33 7a
SCHED-TRACE 4171 25718 P 33 407156c8b
SCHED-TRACE 4172 25718 R 33 407156c8b
SCHED-TRACE 4173 25719 U 4 37d3c2
SCHED-TRACE 4174 25719 V 4 37d44f
SCHED-TRACE 4175 25719 O 0 0
SCHED-TRACE 4176 25719 P 33 407401062
SCHED-TRACE 4177 25720 K 33 407401062
SCHED-TRACE 4178 25720 P 33 40766b021
SCHED-TRACE 4179 25796 I 33 37fcca
SCHED-TRACE 4180 25796 B 33 7a
SCHED-TRACE 4181 25796 P 33 40d9f5810
SCHED-TRACE 4182 25796 R 33 40d9f5810
SCHED-TRACE 4183 25797 U 4 37fdd7
SCHED-TRACE 4184 25797 V 4 37fe64
SCHED-TRACE 4185 25797 O 0 0
SCHED-TRACE 4186 25797 P 33 40dc9f7cf
SCHED-TRACE 4187 25798 K 33 40dc9f7cf
SCHED-TRACE 4188 25798 P 33 40df09ba6
SCHED-TRACE 4189 25874 I 33 3826df
SCHED-TRACE 4190 25874 B 33 7b
SCHED-TRACE 4191 25874 P 33 414294395
SCHED-TRACE 4192 25874 R 33 414294395
SCHED-TRACE 4193 25875 U 4 3827ec
SCHED-TRACE 4194 25875 V 4 382878
SCHED-TRACE 4195 25875 O 0 0
SCHED-TRACE 4196 25875 P 33 41453e76c
SCHED-TRACE 4197 25876 K 60 4131bf3b6
SCHED-TRACE 4198 25876 P 33 4147a872b
SCHED-TRACE 4199 25877 P 33 41497eb85
SCHED-TRACE 4200 25951 I 60 3850b7
SCHED-TRACE 4201 25951 B 60 7a
SCHED-TRACE 4202 25951 P 60 44fce3127
SCHED-TRACE 4203 25951 R 60 44fce3127
SCHED-TRACE 4204 25952 U 4 3851c5
SCHED-TRACE 4205 25952 V 4 385252
SCHED-TRACE 4206 25952 O 0 0
SCHED-TRACE 4207 25952 P 60 4517a5a1c
SCHED-TRACE 4208 25953 K 81 4146afdf3
SCHED-TRACE 4209 25953 P 60 452fc978d
SCHED-TRACE 4210 25954 P 60 454225a1c
SCHED-TRACE 4211 26028 I 81 387a90
SCHED-TRACE 4212 26028 B 81 7a
SCHED-TRACE 4213 26028 P 81 4511d8d4f
SCHED-TRACE 4214 26028 R 81 4511d8d4f
SCHED-TRACE 4215 26029 U 4 387b9e
SCHED-TRACE 4216 26029 V 4 387c2a
SCHED-TRACE 4217 26029 O 0 0
SCHED-TRACE 4218 26029 P 81 452c86e97
SCHED-TRACE 4219 26030 K 78 41470978d
SCHED-TRACE 4220 26030 P 81 4544ad4fe
SCHED-TRACE 4221 26031 P 81 45570978d
SCHED-TRACE 4222 26105 I 78 38a468
SCHED-TRACE 4223 26105 B 78 7a
SCHED-TRACE 4224 26105 P 78 45122fdf4
SCHED-TRACE 4225 26105 R 78 45122fdf4
SCHED-TRACE 4226 26106 U 4 38a576
SCHED-TRACE 4227 26106 V 4 38a602
SCHED-TRACE 4228 26106 O 0 0
SCHED-TRACE 4229 26106 P 78 452ce0831
SCHED-TRACE 4230 26107 K 75 414765a1d
SCHED-TRACE 4231 26107 P 78 454506e98
SCHED-TRACE 4232 26108 P 78 455763127
SCHED-TRACE 4233 26182 I 75 38ce40
SCHED-TRACE 4234 26182 B 75 7a
SCHED-TRACE 4235 26182 P 75 451286e98
SCHED-TRACE 4236 26182 R 75 451286e98
SCHED-TRACE 4237 26183 U 4 38cf4e
SCHED-TRACE 4238 26183 V 4 38cfda
SCHED-TRACE 4239 26183 O 0 0
SCHED-TRACE 4240 26183 P 75 452d3a1cb
SCHED-TRACE 4241 26184 K 72 4147ce979
SCHED-TRACE 4242 26184 P 75 45455df3c
SCHED-TRACE 4243 26185 P 75 4557ba1cb
SCHED-TRACE 4244 26259 I 72 38f819
SCHED-TRACE 4245 26259 B 72 7a
SCHED-TRACE 4246 26259 P 72 4512ddf3c
SCHED-TRACE 4247 26259 R 72 4512ddf3c
SCHED-TRACE 4248 26260 U 4 38f927
SCHED-TRACE 4249 26260 V 4 38f9b3
SCHED-TRACE 4250 26260 O 0 0
SCHED-TRACE 4251 26260 P 72 452d93b65
SCHED-TRACE 4252 26261 K 69 41481645b
SCHED-TRACE 4253 26261 P 72 4545b78d5
SCHED-TRACE 4254 26262 P 72 455813b65
SCHED-TRACE 4255 26336 I 69 3921f2
SCHED-TRACE 4256 26336 B 69 7a
SCHED-TRACE 4257 26336 P 69 45134c084
SCHED-TRACE 4258 26336 R 69 45134c084
SCHED-TRACE 4259 26337 U 4 392300
SCHED-TRACE 4260 26337 V 4 39238c
SCHED-TRACE 4261 26337 O 0 0
SCHED-TRACE 4262 26337 P 69 452e06e98
SCHED-TRACE 4263 26338 K 66 41486d4fd
SCHED-TRACE 4264 26338 P 69 45462d4fe
SCHED-TRACE 4265 26339 P 69 45588978e
SCHED-TRACE 4266 26413 I 66 394bcb
SCHED-TRACE 4267 26413 B 66 7a
SCHED-TRACE 4268 26413 P 66 45137a1ca
SCHED-TRACE 4269 26413 R 66 45137a1ca
SCHED-TRACE 4270 26414 U 4 394cd9
SCHED-TRACE 4271 26414 V 4 394d66
SCHED-TRACE 4272 26414 O 0 0
SCHED-TRACE 4273 26414 P 66 452e378d5
SCHED-TRACE 4274 26415 K 63 4148bcac0
SCHED-TRACE 4275 26415 P 66 45465b645
SCHED-TRACE 4276 26416 P 66 4558b78d5
SCHED-TRACE 4277 26490 I 63 3975a4
SCHED-TRACE 4278 26490 B 63 7a
SCHED-TRACE 4279 26490 P 63 4513eac08
SCHED-TRACE 4280 26490 R 63 4513eac08
SCHED-TRACE 4281 26491 U 4 3976b2
SCHED-TRACE 4282 26491 V 4 39773f
SCHED-TRACE 4283 26491 O 0 0
SCHED-TRACE 4284 26491 P 63 452eaac08
SCHED-TRACE 4285 26492 K 57 41492ac08
SCHED-TRACE 4286 26492 P 63 4546d126e
SCHED-TRACE 4287 26493 P 63 45592d4fe
SCHED-TRACE 4288 26567 I 57 399f7d
SCHED-TRACE 4289 26567 B 57 7a
SCHED-TRACE 4290 26567 P 57 45142fdf4
SCHED-TRACE 4291 26567 R 57 45142fdf4
SCHED-TRACE 4292 26568 U 4 39a08b
SCHED-TRACE 4293 26568 V 4 39a118
SCHED-TRACE 4294 26568 O 0 0
SCHED-TRACE 4295 26568 P 57 452ef78d5
SCHED-TRACE 4296 26569 K 54 414953b64
SCHED-TRACE 4297 26569 P 57 45471b646
SCHED-TRACE 4298 26570 P 57 45597a1cb
SCHED-TRACE 4299 26644 I 54 39c956
SCHED-TRACE 4300 26644 B 54 7a
SCHED-TRACE 4301 26644 P 54 4514778d5
SCHED-TRACE 4302 26644 R 54 4514778d5
SCHED-TRACE 4303 26645 U 4 39ca65
SCHED-TRACE 4304 26645 V 4 39caf1
SCHED-TRACE 4305 26645 O 0 0
SCHED-TRACE 4306 26645 P 54 452f3f3b6
SCHED-TRACE 4307 26646 K 33 41497eb85
SCHED-TRACE 4308 26646 P 54 454765a1d
SCHED-TRACE 4309 26647 P 54 4559bf3b6
SCHED-TRACE 4310 26721 I 33 39f32f
SCHED-TRACE 4311 26721 B 33 7b
SCHED-TRACE 4312 26721 P 33 41aa9ae14
SCHED-TRACE 4313 26721 R 33 41aa9ae14
SCHED-TRACE 4314 26722 U 4 39f43c
SCHED-TRACE 4315 26722 V 4 39f4c9
SCHED-TRACE 4316 26722 O 0 0
SCHED-TRACE 4317 26722 P 33 41ad45604
SCHED-TRACE 4318 26723 K 51 4149a8313
SCHED-TRACE 4319 26723 P 33 41afaf9db
SCHED-TRACE 4320 26724 P 33 41b185e35
SCHED-TRACE 4321 26798 I 51 3a1d07
SCHED-TRACE 4322 26798 B 51 7a
SCHED-TRACE 4323 26798 P 51 4514bcac1
SCHED-TRACE 4324 26798 R 51 4514bcac1
SCHED-TRACE 4325 26799 U 4 3a1e16
SCHED-TRACE 4326 26799 V 4 3a1ea2
SCHED-TRACE 4327 26799 O 0 0
SCHED-TRACE 4328 26799 P 51 452f8c083
SCHED-TRACE 4329 26800 K 45 4149c978d
SCHED-TRACE 4330 26800 P 51 4547b26ea
SCHED-TRACE 4331 26801 P 51 455a1126f
SCHED-TRACE 4332 26875 I 45 3a46e1
SCHED-TRACE 4333 26875 B 45 7b
SCHED-TRACE 4334 26875 P 45 4514ed4fe
SCHED-TRACE 4335 26875 R 45 4514ed4fe
SCHED-TRACE 4336 26876 U 4 3a47f0
SCHED-TRACE 4337 26876 V 4 3a487d
SCHED-TRACE 4338 26876 O 0 0
SCHED-TRACE 4339 26876 P 45 452fc1cac
SCHED-TRACE 4340 26877 K 48 4149d645a
SCHED-TRACE 4341 26877 P 45 4547e8312
SCHED-TRACE 4342 26878 P 45 455a46e98
SCHED-TRACE 4343 26952 I 48 3a70bb
SCHED-TRACE 4344 26952 B 48 7a
SCHED-TRACE 4345 26952 P 48 4514f4fdf
SCHED-TRACE 4346 26952 R 48 4514f4fdf
SCHED-TRACE 4347 26953 U 4 3a71ca
SCHED-TRACE 4348 26953 V 4 3a7256
SCHED-TRACE 4349 26953 O 0 0
SCHED-TRACE 4350 26953 P 48 452fc45a2
SCHED-TRACE 4351 26954 K 39 4154d3b64
SCHED-TRACE 4352 26954 P 48 4547eac08
SCHED-TRACE 4353 26955 P 48 455a4978d
SCHED-TRACE 4354 27029 I 39 3a9a95
SCHED-TRACE 4355 27029 B 39 7a
SCHED-TRACE 4356 27029 P 39 451ff4fdf
SCHED-TRACE 4357 27029 R 39 451ff4fdf
SCHED-TRACE 4358 27030 U 4 3a9ba2
SCHED-TRACE 4359 27030 V 4 3a9c2f
SCHED-TRACE 4360 27030 O 0 0
SCHED-TRACE 4361 27030 P 39 453aa3127
SCHED-TRACE 4362 27031 K 42 41562ac09
SCHED-TRACE 4363 27031 P 39 4552c6e97
SCHED-TRACE 4364 27032 P 39 456525a1d
SCHED-TRACE 4365 27106 I 42 3ac46d
SCHED-TRACE 4366 27106 B 42 7a
SCHED-TRACE 4367 27106 P 42 45213f3b7
SCHED-TRACE 4368 27106 R 42 45213f3b7
SCHED-TRACE 4369 27107 U 4 3ac57c
SCHED-TRACE 4370 27107 V 4 3ac609
SCHED-TRACE 4371 27107 O 0 0
SCHED-TRACE 4372 27107 P 42 453c13b65
SCHED-TRACE 4373 27108 K 36 415f86e97
SCHED-TRACE 4374 27108 P 42 4554378d5
SCHED-TRACE 4375 27109 P 42 456693b65
SCHED-TRACE 4376 27183 I 36 3aee47
SCHED-TRACE 4377 27183 B 36 7a
SCHED-TRACE 4378 27183 P 36 452ab78d5
SCHED-TRACE 4379 27183 R 36 452ab78d5
SCHED-TRACE 4380 27184 U 4 3aef54
SCHED-TRACE 4381 27184 V 4 3aefe1
SCHED-TRACE 4382 27184 O 0 0
SCHED-TRACE 4383 27184 P 36 45455df3b
SCHED-TRACE 4384 27185 K 33 41b185e35
SCHED-TRACE 4385 27185 P 36 455d845a1
SCHED-TRACE 4386 27186 P 36 456fe0831
SCHED-TRACE 4387 27261 I 33 3b1896
SCHED-TRACE 4388 27261 B 33 7a
SCHED-TRACE 4389 27261 P 33 4213d0625
SCHED-TRACE 4390 27261 R 33 4213d0625
SCHED-TRACE 4391 27262 U 4 3b19a4
SCHED-TRACE 4392 27262 V 4 3b1a30
SCHED-TRACE 4393 27262 O 0 0
SCHED-TRACE 4394 27262 P 33 42167a5e3
SCHED-TRACE 4395 27263 K 33 42167a5e3
SCHED-TRACE 4396 27263 P 33 4218e49ba
SCHED-TRACE 4397 27339 I 33 3b42ab
SCHED-TRACE 4398 27339 B 33 7a
SCHED-TRACE 4399 27339 P 33 427c6ed91
SCHED-TRACE 4400 27339 R 33 427c6ed91
SCHED-TRACE 4401 27340 U 4 3b43b8
SCHED-TRACE 4402 27340 V 4 3b4445
SCHED-TRACE 4403 27340 O 0 0
SCHED-TRACE 4404 27340 P 33 427f18d50
SCHED-TRACE 4405 27341 K 33 427f18d50
SCHED-TRACE 4406 27341 P 33 428182d0e
SCHED-TRACE 4407 27417 I 33 3b6cc0
SCHED-TRACE 4408 27417 B 33 7a
SCHED-TRACE 4409 27417 P 33 42e50d4fe
SCHED-TRACE 4410 27417 R 33 42e50d4fe
SCHED-TRACE 4411 27418 U 4 3b6dcd
SCHED-TRACE 4412 27418 V 4 3b6e59
SCHED-TRACE 4413 27418 O 0 0
SCHED-TRACE 4414 27418 P 33 42e7b74bc
SCHED-TRACE 4415 27419 K 33 42e7b74bc
SCHED-TRACE 4416 27419 P 33 42ea21893
SCHED-TRACE 4417 27495 I 33 3b96d4
SCHED-TRACE 4418 27495 B 33 7a
SCHED-TRACE 4419 27495 P 33 434dabc6a
SCHED-TRACE 4420 27495 R 33 434dabc6a
SCHED-TRACE 4421 27496 U 4 3b97e2
SCHED-TRACE 4422 27496 V 4 3b986e
SCHED-TRACE 4423 27496 O 0 0
SCHED-TRACE 4424 27496 P 33 435055c29
SCHED-TRACE 4425 27497 K 33 435055c29
SCHED-TRACE 4426 27497 P 33 4352c0000
SCHED-TRACE 4427 27573 I 33 3bc0e9
SCHED-TRACE 4428 27573 B 33 7a
SCHED-TRACE 4429 27573 P 33 43b64a3d7
SCHED-TRACE 4430 27573 R 33 43b64a3d7
SCHED-TRACE 4431 27574 U 4 3bc1f6
SCHED-TRACE 4432 27574 V 4 3bc283
SCHED-TRACE 4433 27574 O 0 0
SCHED-TRACE 4434 27574 P 33 43b8f47ae
SCHED-TRACE 4435 27575 K 33 43b8f47ae
SCHED-TRACE 4436 27575 P 33 43bb5e76c
SCHED-TRACE 4437 27651 I 33 3beafe
SCHED-TRACE 4438 27651 B 33 7a
SCHED-TRACE 4439 27651 P 33 441ee8f5c
SCHED-TRACE 4440 27651 R 33 441ee8f5c
SCHED-TRACE 4441 27652 U 4 3bec0b
SCHED-TRACE 4442 27652 V 4 3bec97
SCHED-TRACE 4443 27652 O 0 0
SCHED-TRACE 4444 27652 P 33 442192f1a
SCHED-TRACE 4445 27653 K 33 442192f1a
SCHED-TRACE 4446 27653 P 33 4423fd2f1
SCHED-TRACE 4447 27729 I 33 3c1512
SCHED-TRACE 4448 27729 B 33 7b
SCHED-TRACE 4449 27729 P 33 448787ae1
SCHED-TRACE 4450 27729 R 33 448787ae1
SCHED-TRACE 4451 27730 U 4 3c1620
SCHED-TRACE 4452 27730 V 4 3c16ac
SCHED-TRACE 4453 27730 O 0 0
SCHED-TRACE 4454 27730 P 33 448a31aa0
SCHED-TRACE 4455 27731 K 33 448a31aa0
SCHED-TRACE 4456 27731 P 33 448c9ba5e
SCHED-TRACE 4457 27807 I 33 3c3f27
SCHED-TRACE 4458 27807 B 33 7a
SCHED-TRACE 4459 27807 P 33 44f02624e
SCHED-TRACE 4460 27807 R 33 44f02624e
SCHED-TRACE 4461 27808 U 4 3c4034
SCHED-TRACE 4462 27808 V 4 3c40c1
SCHED-TRACE 4463 27808 O 0 0
SCHED-TRACE 4464 27808 P 33 44f2d020c
SCHED-TRACE 4465 27809 K 33 44f2d020c
SCHED-TRACE 4466 27809 P 33 44f53a5e3
SCHED-TRACE 4467 27885 I 33 3c693c
SCHED-TRACE 4468 27885 B 33 7a
SCHED-TRACE 4469 27885 P 33 4558c4dd3
SCHED-TRACE 4470 27885 R 33 4558c4dd3
SCHED-TRACE 4471 27886 U 4 3c6a49
SCHED-TRACE 4472 27886 V 4 3c6ad5
SCHED-TRACE 4473 27886 O 0 0
SCHED-TRACE 4474 27886 P 33 455b6f1aa
SCHED-TRACE 4475 27887 K 60 454225a1c
SCHED-TRACE 4476 27887 P 33 455dd9168
SCHED-TRACE 4477 27888 P 33 455faf5c2
SCHED-TRACE 4478 27962 I 60 3c9314
SCHED-TRACE 4479 27962 B 60 7a
SCHED-TRACE 4480 27962 P 60 490d46e97
SCHED-TRACE 4481 27962 R 60 490d46e97
SCHED-TRACE 4482 27963 U 4 3c9422
SCHED-TRACE 4483 27963 V 4 3c94af
SCHED-TRACE 4484 27963 O 0 0
SCHED-TRACE 4485 27963 P 60 49280978d
SCHED-TRACE 4486 27964 K 81 45570978d
SCHED-TRACE 4487 27964 P 60 49402d4fe
SCHED-TRACE 4488 27965 P 60 49528978d
SCHED-TRACE 4489 28039 I 81 3cbced
SCHED-TRACE 4490 28039 B 81 7a
SCHED-TRACE 4491 28039 P 81 49220c083
SCHED-TRACE 4492 28039 R 81 49220c083
SCHED-TRACE 4493 28040 U 4 3cbdfb
SCHED-TRACE 4494 28040 V 4 3cbe87
SCHED-TRACE 4495 28040 O 0 0
SCHED-TRACE 4496 28040 P 81 493cba1ca
SCHED-TRACE 4497 28041 K 78 455763127
SCHED-TRACE 4498 28041 P 81 4954e0831
SCHED-TRACE 4499 28042 P 81 49673cac0
SCHED-TRACE 4500 28116 I 78 3ce6c5
SCHED-TRACE 4501 28116 B 78 7a
SCHED-TRACE 4502 28116 P 78 492260831
SCHED-TRACE 4503 28116 R 78 492260831
SCHED-TRACE 4504 28117 U 4 3ce7d3
SCHED-TRACE 4505 28117 V 4 3ce85f
SCHED-TRACE 4506 28117 O 0 0
SCHED-TRACE 4507 28117 P 78 493d1126f
SCHED-TRACE 4508 28118 K 75 4557ba1cb
SCHED-TRACE 4509 28118 P 78 4955378d5
SCHED-TRACE 4510 28119 P 78 496793b64
SCHED-TRACE 4511 28193 I 75 3d109d
SCHED-TRACE 4512 28193 B 75 7a
SCHED-TRACE 4513 28193 P 75 4922db646
SCHED-TRACE 4514 28193 R 75 4922db646
SCHED-TRACE 4515 28194 U 4 3d11ab
SCHED-TRACE 4516 28194 V 4 3d1237
SCHED-TRACE 4517 28194 O 0 0
SCHED-TRACE 4518 28194 P 75 493d8e979
SCHED-TRACE 4519 28195 K 72 455813b65
SCHED-TRACE 4520 28195 P 75 4955b26ea
SCHED-TRACE 4521 28196 P 75 49680e979
SCHED-TRACE 4522 28270 I 72 3d3a75
SCHED-TRACE 4523 28270 B 72 7a
SCHED-TRACE 4524 28270 P 72 4923326ea
SCHED-TRACE 4525 28270 R 72 4923326ea
SCHED-TRACE 4526 28271 U 4 3d3b83
SCHED-TRACE 4527 28271 V 4 3d3c0f
SCHED-TRACE 4528 28271 O 0 0
SCHED-TRACE 4529 28271 P 72 493de8313
SCHED-TRACE 4530 28272 K 69 45588978e
SCHED-TRACE 4531 28272 P 72 49560c083
SCHED-TRACE 4532 28273 P 72 496868313
SCHED-TRACE 4533 28347 I 69 3d644e
SCHED-TRACE 4534 28347 B 69 7a
SCHED-TRACE 4535 28347 P 69 4923bf3b7
SCHED-TRACE 4536 28347 R 69 4923bf3b7
SCHED-TRACE 4537 28348 U 4 3d655c
SCHED-TRACE 4538 28348 V 4 3d65e8
SCHED-TRACE 4539 28348 O 0 0
SCHED-TRACE 4540 28348 P 69 493e7a1cb
SCHED-TRACE 4541 28349 K 66 4558b78d5
SCHED-TRACE 4542 28349 P 69 4956a0832
SCHED-TRACE 4543 28350 P 69 4968fcac1
SCHED-TRACE 4544 28424 I 66 3d8e27
SCHED-TRACE 4545 28424 B 66 7a
SCHED-TRACE 4546 28424 P 66 4923e8312
SCHED-TRACE 4547 28424 R 66 4923e8312
SCHED-TRACE 4548 28425 U 4 3d8f35
SCHED-TRACE 4549 28425 V 4 3d8fc2
SCHED-TRACE 4550 28425 O 0 0
SCHED-TRACE 4551 28425 P 66 493ea5a1c
SCHED-TRACE 4552 28426 K 63 45592d4fe
SCHED-TRACE 4553 28426 P 66 4956c978d
SCHED-TRACE 4554 28427 P 66 496925a1c
SCHED-TRACE 4555 28501 I 63 3db800
SCHED-TRACE 4556 28501 B 63 7a
SCHED-TRACE 4557 28501 P 63 49245b645
SCHED-TRACE 4558 28501 R 63 49245b645
SCHED-TRACE 4559 28502 U 4 3db90e
SCHED-TRACE 4560 28502 V 4 3db99b
SCHED-TRACE 4561 28502 O 0 0
SCHED-TRACE 4562 28502 P 63 493f1b645
SCHED-TRACE 4563 28503 K 57 45597a1cb
SCHED-TRACE 4564 28503 P 63 495741cac
SCHED-TRACE 4565 28504 P 63 49699df3b
SCHED-TRACE 4566 28578 I 57 3de1d9
SCHED-TRACE 4567 28578 B 57 7a
SCHED-TRACE 4568 28578 P 57 492481cac
SCHED-TRACE 4569 28578 R 57 492481cac
SCHED-TRACE 4570 28579 U 4 3de2e7
SCHED-TRACE 4571 28579 V 4 3de374
SCHED-TRACE 4572 28579 O 0 0
SCHED-TRACE 4573 28579 P 57 493f4978d
SCHED-TRACE 4574 28580 K 54 4559bf3b6
SCHED-TRACE 4575 28580 P 57 49576d4fe
SCHED-TRACE 4576 28581 P 57 4969cc083
SCHED-TRACE 4577 28655 I 54 3e0bb2
SCHED-TRACE 4578 28655 B 54 7a
SCHED-TRACE 4579 28655 P 54 4924e3127
SCHED-TRACE 4580 28655 R 54 4924e3127
SCHED-TRACE 4581 28656 U 4 3e0cc1
SCHED-TRACE 4582 28656 V 4 3e0d4d
SCHED-TRACE 4583 28656 O 0 0
SCHED-TRACE 4584 28656 P 54 493fad4fe
SCHED-TRACE 4585 28657 K 51 455a1126f
SCHED-TRACE 4586 28657 P 54 4957d126f
SCHED-TRACE 4587 28658 P 54 496a2fdf4
SCHED-TRACE 4588 28732 I 51 3e358b
SCHED-TRACE 4589 28732 B 51 7a
SCHED-TRACE 4590 28732 P 51 4925326ea
SCHED-TRACE 4591 28732 R 51 4925326ea
SCHED-TRACE 4592 28733 U 4 3e369a
SCHED-TRACE 4593 28733 V 4 3e3726
SCHED-TRACE 4594 28733 O 0 0
SCHED-TRACE 4595 28733 P 51 493fff3b7
SCHED-TRACE 4596 28734 K 45 455a46e98
SCHED-TRACE 4597 28734 P 51 495823127
SCHED-TRACE 4598 28735 P 51 496a81cac
SCHED-TRACE 4599 28809 I 45 3e5f65
SCHED-TRACE 4600 28809 B 45 7a
SCHED-TRACE 4601 28809 P 45 49256d4fe
SCHED-TRACE 4602 28809 R 45 49256d4fe
SCHED-TRACE 4603 28810 U 4 3e6074
SCHED-TRACE 4604 28810 V 4 3e6100
SCHED-TRACE 4605 28810 O 0 0
SCHED-TRACE 4606 28810 P 45 49403f3b6
SCHED-TRACE 4607 28811 K 48 455a4978d
SCHED-TRACE 4608 28811 P 45 495863127
SCHED-TRACE 4609 28812 P 45 496ac1cac
SCHED-TRACE 4610 28886 I 48 3e893f
SCHED-TRACE 4611 28886 B 48 7a
SCHED-TRACE 4612 28886 P 48 49255645a
SCHED-TRACE 4613 28886 R 48 49255645a
SCHED-TRACE 4614 28887 U 4 3e8a4e
SCHED-TRACE 4615 28887 V 4 3e8ada
SCHED-TRACE 4616 28887 O 0 0
SCHED-TRACE 4617 28887 P 48 494023127
SCHED-TRACE 4618 28888 K 33 455faf5c2
SCHED-TRACE 4619 28888 P 48 49584978d
SCHED-TRACE 4620 28889 P 48 496aa5a1c
SCHED-TRACE 4621 28963 I 33 3eb319
SCHED-TRACE 4622 28963 B 33 7a
SCHED-TRACE 4623 28963 P 33 45c0cd0e5
SCHED-TRACE 4624 28963 R 33 45c0cd0e5
SCHED-TRACE 4625 28964 U 4 3eb426
SCHED-TRACE 4626 28964 V 4 3eb4b3
SCHED-TRACE 4627 28964 O 0 0
SCHED-TRACE 4628 28964 P 33 45c3778d5
SCHED-TRACE 4629 28965 K 39 456525a1d
SCHED-TRACE 4630 28965 P 33 45c5e1893
SCHED-TRACE 4631 28966 P 33 45c7b7ced
SCHED-TRACE 4632 29040 I 39 3edcf1
SCHED-TRACE 4633 29040 B 39 7a
SCHED-TRACE 4634 29040 P 39 49303f3b6
SCHED-TRACE 4635 29040 R 39 49303f3b6
SCHED-TRACE 4636 29041 U 4 3eddff
SCHED-TRACE 4637 29041 V 4 3ede8b
SCHED-TRACE 4638 29041 O 0 0
SCHED-TRACE 4639 29041 P 39 494aed4fe
SCHED-TRACE 4640 29042 K 42 456693b65
SCHED-TRACE 4641 29042 P 39 49631126e
SCHED-TRACE 4642 29043 P 39 49756fdf4
SCHED-TRACE 4643 29117 I 42 3f06c9
SCHED-TRACE 4644 29117 B 42 7a
SCHED-TRACE 4645 29117 P 42 4931a5a1d
SCHED-TRACE 4646 29117 R 42 4931a5a1d
SCHED-TRACE 4647 29118 U 4 3f07d8
SCHED-TRACE 4648 29118 V 4 3f0864
SCHED-TRACE 4649 29118 O 0 0
SCHED-TRACE 4650 29118 P 42 494c7a1cb
SCHED-TRACE 4651 29119 K 36 456fe0831
SCHED-TRACE 4652 29119 P 42 4964a0832
SCHED-TRACE 4653 29120 P 42 4976fcac1
SCHED-TRACE 4654 29194 I 36 3f30a3
SCHED-TRACE 4655 29194 B 36 7a
SCHED-TRACE 4656 29194 P 36 493b1126e
SCHED-TRACE 4657 29194 R 36 493b1126e
SCHED-TRACE 4658 29195 U 4 3f31b0
SCHED-TRACE 4659 29195 V 4 3f323d
SCHED-TRACE 4660 29195 O 0 0
SCHED-TRACE 4661 29195 P 36 4955ba1ca
SCHED-TRACE 4662 29196 K 33 45c7b7ced
SCHED-TRACE 4663 29196 P 36 496de0831
SCHED-TRACE 4664 29197 P 36 49803a1ca
SCHED-TRACE 4665 29272 I 33 3f5af2
SCHED-TRACE 4666 29272 B 33 7a
SCHED-TRACE 4667 29272 P 33 462a00831
SCHED-TRACE 4668 29272 R 33 462a00831
SCHED-TRACE 4669 29273 U 4 3f5bff
SCHED-TRACE 4670 29273 V 4 3f5c8b
SCHED-TRACE 4671 29273 O 0 0
SCHED-TRACE 4672 29273 P 33 462caac08
SCHED-TRACE 4673 29274 K 33 462caac08
SCHED-TRACE 4674 29274 P 33 462f14bc6
SCHED-TRACE 4675 29350 I 33 3f8506
SCHED-TRACE 4676 29350 B 33 7a
SCHED-TRACE 4677 29350 P 33 46929f3b6
SCHED-TRACE 4678 29350 R 33 46929f3b6
SCHED-TRACE 4679 29351 U 4 3f8614
SCHED-TRACE 4680 29351 V 4 3f86a0
SCHED-TRACE 4681 29351 O 0 0
SCHED-TRACE 4682 29351 P 33 469549375
SCHED-TRACE 4683 29352 K 33 469549375
SCHED-TRACE 4684 29352 P 33 4697b374c
SCHED-TRACE 4685 29428 I 33 3faf1b
SCHED-TRACE 4686 29428 B 33 7b
SCHED-TRACE 4687 29428 P 33 46fb3df3b
SCHED-TRACE 4688 29428 R 33 46fb3df3b
SCHED-TRACE 4689 29429 U 4 3fb028
SCHED-TRACE 4690 29429 V 4 3fb0b5
SCHED-TRACE 4691 29429 O 0 0
SCHED-TRACE 4692 29429 P 33 46fde7efa
SCHED-TRACE 4693 29430 K 33 46fde7efa
SCHED-TRACE 4694 29430 P 33 4700522d1
SCHED-TRACE 4695 29506 I 33 3fd930
SCHED-TRACE 4696 29506 B 33 7a
SCHED-TRACE 4697 29506 P 33 4763dc6a8
SCHED-TRACE 4698 29506 R 33 4763dc6a8
SCHED-TRACE 4699 29507 U 4 3fda3d
SCHED-TRACE 4700 29507 V 4 3fdac9
SCHED-TRACE 4701 29507 O 0 0
SCHED-TRACE 4702 29507 P 33 476686a7f
SCHED-TRACE 4703 29508 K 33 476686a7f
SCHED-TRACE 4704 29508 P 33 4768f0a3d
SCHED-TRACE 4705 29584 I 33 400344
SCHED-TRACE 4706 29584 B 33 7a
SCHED-TRACE 4707 29584 P 33 47cc7b22d
SCHED-TRACE 4708 29584 R 33 47cc7b22d
SCHED-TRACE 4709 29585 U 4 400452
SCHED-TRACE 4710 29585 V 4 4004de
SCHED-TRACE 4711 29585 O 0 0
SCHED-TRACE 4712 29585 P 33 47cf251eb
SCHED-TRACE 4713 29586 K 33 47cf251eb
SCHED-TRACE 4714 29586 P 33 47d18f5c2
SCHED-TRACE 4715 29662 I 33 402d59
SCHED-TRACE 4716 29662 B 33 7b
SCHED-TRACE 4717 29662 P 33 483519db2
SCHED-TRACE 4718 29662 R 33 483519db2
SCHED-TRACE 4719 29663 U 4 402e66
SCHED-TRACE 4720 29663 V 4 402ef3
SCHED-TRACE 4721 29663 O 0 0
SCHED-TRACE 4722 29663 P 33 4837c3d70
SCHED-TRACE 4723 29664 K 33 4837c3d70
SCHED-TRACE 4724 29664 P 33 483a2dd2f
SCHED-TRACE 4725 29740 I 33 40576e
SCHED-TRACE 4726 29740 B 33 7a
SCHED-TRACE 4727 29740 P 33 489db851f
SCHED-TRACE 4728 29740 R 33 489db851f
SCHED-TRACE 4729 29741 U 4 40587b
SCHED-TRACE 4730 29741 V 4 405907
SCHED-TRACE 4731 29741 O 0 0
SCHED-TRACE 4732 29741 P 33 48a0624dd
SCHED-TRACE 4733 29742 K 33 48a0624dd
SCHED-TRACE 4734 29742 P 33 48a2cc8b4
SCHED-TRACE 4735 29818 I 33 408182
SCHED-TRACE 4736 29818 B 33 7a
SCHED-TRACE 4737 29818 P 33 4906570a4
SCHED-TRACE 4738 29818 R 33 4906570a4
SCHED-TRACE 4739 29819 U 4 408290
SCHED-TRACE 4740 29819 V 4 40831c
SCHED-TRACE 4741 29819 O 0 0
SCHED-TRACE 4742 29819 P 33 490901062
SCHED-TRACE 4743 29820 K 33 490901062
SCHED-TRACE 4744 29820 P 33 490b6b439
SCHED-TRACE 4745 29896 I 33 40ab97
SCHED-TRACE 4746 29896 B 33 7b
SCHED-TRACE 4747 29896 P 33 496ef5c29
SCHED-TRACE 4748 29896 R 33 496ef5c29
SCHED-TRACE 4749 29897 U 4 40aca4
SCHED-TRACE 4750 29897 V 4 40ad31
SCHED-TRACE 4751 29897 O 0 0
SCHED-TRACE 4752 29897 P 33 4971a0000
SCHED-TRACE 4753 29898 K 60 49528978d
SCHED-TRACE 4754 29898 P 33 49740a3d7
SCHED-TRACE 4755 29899 P 33 4975e0831
SCHED-TRACE 4756 29973 I 60 40d56f
SCHED-TRACE 4757 29973 B 60 7a
SCHED-TRACE 4758 29973 P 60 4d1da0831
SCHED-TRACE 4759 29973 R 60 4d1da0831
SCHED-TRACE 4760 29974 U 4 40d67d
SCHED-TRACE 4761 29974 V 4 40d70a
SCHED-TRACE 4762 29974 O 0 0
SCHED-TRACE 4763 29974 P 60 4d3865a1c
SCHED-TRACE 4764 29975 K 81 49673cac0
SCHED-TRACE 4765 29975 P 60 4d508c083
SCHED-TRACE 4766 29976 P 60 4d62e8312
SCHED-TRACE 4767 30050 I 81 40ff48
SCHED-TRACE 4768 30050 B 81 7a
SCHED-TRACE 4769 30050 P 81 4d325645a
SCHED-TRACE 4770 30050 R 81 4d325645a
SCHED-TRACE 4771 30051 U 4 410056
SCHED-TRACE 4772 30051 V 4 4100e2
SCHED-TRACE 4773 30051 O 0 0
SCHED-TRACE 4774 30051 P 81 4d4d06e97
SCHED-TRACE 4775 30052 K 78 496793b64
SCHED-TRACE 4776 30052 P 81 4d652ac08
SCHED-TRACE 4777 30053 P 81 4d778978d
SCHED-TRACE 4778 30127 I 78 412920
SCHED-TRACE 4779 30127 B 78 7a
SCHED-TRACE 4780 30127 P 78 4d32a3127
SCHED-TRACE 4781 30127 R 78 4d32a3127
SCHED-TRACE 4782 30128 U 4 412a2e
SCHED-TRACE 4783 30128 V 4 412aba
SCHED-TRACE 4784 30128 O 0 0
SCHED-TRACE 4785 30128 P 78 4d4d5645a
SCHED-TRACE 4786 30129 K 75 49680e979
SCHED-TRACE 4787 30129 P 78 4d657a1cb
SCHED-TRACE 4788 30130 P 78 4d77d8d50
SCHED-TRACE 4789 30204 I 75 4152f9
SCHED-TRACE 4790 30204 B 75 7a
SCHED-TRACE 4791 30204 P 75 4d3334fdf
SCHED-TRACE 4792 30204 R 75 4d3334fdf
SCHED-TRACE 4793 30205 U 4 415407
SCHED-TRACE 4794 30205 V 4 415493
SCHED-TRACE 4795 30205 O 0 0
SCHED-TRACE 4796 30205 P 75 4d4deac08
SCHED-TRACE 4797 30206 K 72 496868313
SCHED-TRACE 4798 30206 P 75 4d660e979
SCHED-TRACE 4799 30207 P 75 4d786d4fe
SCHED-TRACE 4800 30281 I 72 417cd2
SCHED-TRACE 4801 30281 B 72 7a
SCHED-TRACE 4802 30281 P 72 4d338c083
SCHED-TRACE 4803 30281 R 72 4d338c083
SCHED-TRACE 4804 30282 U 4 417de0
SCHED-TRACE 4805 30282 V 4 417e6c
SCHED-TRACE 4806 30282 O 0 0
SCHED-TRACE 4807 30282 P 72 4d4e445a2
SCHED-TRACE 4808 30283 K 69 4968fcac1
SCHED-TRACE 4809 30283 P 72 4d6668313
SCHED-TRACE 4810 30284 P 72 4d78c6e98
SCHED-TRACE 4811 30358 I 69 41a6ab
SCHED-TRACE 4812 30358 B 69 7a
SCHED-TRACE 4813 30358 P 69 4d341df3c
SCHED-TRACE 4814 30358 R 69 4d341df3c
SCHED-TRACE 4815 30359 U 4 41a7b9
SCHED-TRACE 4816 30359 V 4 41a846
SCHED-TRACE 4817 30359 O 0 0
SCHED-TRACE 4818 30359 P 69 4d4ed8d50
SCHED-TRACE 4819 30360 K 66 496925a1c
SCHED-TRACE 4820 30360 P 69 4d66fcac1
SCHED-TRACE 4821 30361 P 69 4d795b646
SCHED-TRACE 4822 30435 I 66 41d084
SCHED-TRACE 4823 30435 B 66 7a
SCHED-TRACE 4824 30435 P 66 4d34445a1
SCHED-TRACE 4825 30435 R 66 4d34445a1
SCHED-TRACE 4826 30436 U 4 41d192
SCHED-TRACE 4827 30436 V 4 41d21f
SCHED-TRACE 4828 30436 O 0 0
SCHED-TRACE 4829 30436 P 66 4d4f045a1
SCHED-TRACE 4830 30437 K 63 49699df3b
SCHED-TRACE 4831 30437 P 66 4d672ac08
SCHED-TRACE 4832 30438 P 66 4d7986e97
SCHED-TRACE 4833 30512 I 63 41fa5d
SCHED-TRACE 4834 30512 B 63 7b
SCHED-TRACE 4835 30512 P 63 4d34bcac0
SCHED-TRACE 4836 30512 R 63 4d34bcac0
SCHED-TRACE 4837 30513 U 4 41fb6b
SCHED-TRACE 4838 30513 V 4 41fbf8
SCHED-TRACE 4839 30513 O 0 0
SCHED-TRACE 4840 30513 P 63 4d4f7cac0
SCHED-TRACE 4841 30514 K 57 4969cc083
SCHED-TRACE 4842 30514 P 63 4d67a0831
SCHED-TRACE 4843 30515 P 63 4d79ff3b6
SCHED-TRACE 4844 30589 I 57 422436
SCHED-TRACE 4845 30589 B 57 7a
SCHED-TRACE 4846 30589 P 57 4d34e3127
SCHED-TRACE 4847 30589 R 57 4d34e3127
SCHED-TRACE 4848 30590 U 4 422545
SCHED-TRACE 4849 30590 V 4 4225d1
SCHED-TRACE 4850 30590 O 0 0
SCHED-TRACE 4851 30590 P 57 4d4faac08
SCHED-TRACE 4852 30591 K 54 496a2fdf4
SCHED-TRACE 4853 30591 P 57 4d67d126f
SCHED-TRACE 4854 30592 P 57 4d7a2fdf4
SCHED-TRACE 4855 30666 I 54 424e0f
SCHED-TRACE 4856 30666 B 54 7a
SCHED-TRACE 4857 30666 P 54 4d3541cac
SCHED-TRACE 4858 30666 R 54 4d3541cac
SCHED-TRACE 4859 30667 U 4 424f1e
SCHED-TRACE 4860 30667 V 4 424faa
SCHED-TRACE 4861 30667 O 0 0
SCHED-TRACE 4862 30667 P 54 4d500c083
SCHED-TRACE 4863 30668 K 51 496a81cac
SCHED-TRACE 4864 30668 P 54 4d68326e9
SCHED-TRACE 4865 30669 P 54 4d7a8e979
SCHED-TRACE 4866 30743 I 51 4277e8
SCHED-TRACE 4867 30743 B 51 7b
SCHED-TRACE 4868 30743 P 51 4d359645a
SCHED-TRACE 4869 30743 R 51 4d359645a
SCHED-TRACE 4870 30744 U 4 4278f7
SCHED-TRACE 4871 30744 V 4 427983
SCHED-TRACE 4872 30744 O 0 0
SCHED-TRACE 4873 30744 P 51 4d5060831
SCHED-TRACE 4874 30745 K 48 496aa5a1c
SCHED-TRACE 4875 30745 P 51 4d6886e98
SCHED-TRACE 4876 30746 P 51 4d7ae3127
SCHED-TRACE 4877 30820 I 48 42a1c2
SCHED-TRACE 4878 30820 B 48 7b
SCHED-TRACE 4879 30820 P 48 4d35ce979
SCHED-TRACE 4880 30820 R 48 4d35ce979
SCHED-TRACE 4881 30821 U 4 42a2d1
SCHED-TRACE 4882 30821 V 4 42a35d
SCHED-TRACE 4883 30821 O 0 0
SCHED-TRACE 4884 30821 P 48 4d509b645
SCHED-TRACE 4885 30822 K 45 496ac1cac
SCHED-TRACE 4886 30822 P 48 4d68c1cac
SCHED-TRACE 4887 30823 P 48 4d7b1df3b
SCHED-TRACE 4888 30897 I 45 42cb9c
SCHED-TRACE 4889 30897 B 45 7b
SCHED-TRACE 4890 30897 P 45 4d35e8312
SCHED-TRACE 4891 30897 R 45 4d35e8312
SCHED-TRACE 4892 30898 U 4 42ccab
SCHED-TRACE 4893 30898 V 4 42cd37
SCHED-TRACE 4894 30898 O 0 0
SCHED-TRACE 4895 30898 P 45 4d50b78d5
SCHED-TRACE 4896 30899 K 39 49756fdf4
SCHED-TRACE 4897 30899 P 45 4d68db646
SCHED-TRACE 4898 30900 P 45 4d7b378d5
SCHED-TRACE 4899 30974 I 39 42f576
SCHED-TRACE 4900 30974 B 39 7a
SCHED-TRACE 4901 30974 P 39 4d40a3127
SCHED-TRACE 4902 30974 R 39 4d40a3127
SCHED-TRACE 4903 30975 U 4 42f683
SCHED-TRACE 4904 30975 V 4 42f710
SCHED-TRACE 4905 30975 O 0 0
SCHED-TRACE 4906 30975 P 39 4d5b4c083
SCHED-TRACE 4907 30976 K 33 4975e0831
SCHED-TRACE 4908 30976 P 39 4d73726e9
SCHED-TRACE 4909 30977 P 39 4d85ce979
SCHED-TRACE 4910 31051 I 33 431f4e
SCHED-TRACE 4911 31051 B 33 7a
SCHED-TRACE 4912 31051 P 33 49d6fcac0
SCHED-TRACE 4913 31051 R 33 49d6fcac0
SCHED-TRACE 4914 31052 U 4 43205b
SCHED-TRACE 4915 31052 V 4 4320e8
SCHED-TRACE 4916 31052 O 0 0
SCHED-TRACE 4917 31052 P 33 49d9a72b0
SCHED-TRACE 4918 31053 K 42 4976fcac1
SCHED-TRACE 4919 31053 P 33 49dc1126e
SCHED-TRACE 4920 31054 P 33 49dde76c9
SCHED-TRACE 4921 31129 I 42 43499d
SCHED-TRACE 4922 31129 B 42 7a
SCHED-TRACE 4923 31129 P 42 4d4dd3b65
SCHED-TRACE 4924 31129 R 42 4d4dd3b65
SCHED-TRACE 4925 31130 U 4 434aac
SCHED-TRACE 4926 31130 V 4 434b38
SCHED-TRACE 4927 31130 O 0 0
SCHED-TRACE 4928 31130 P 42 4d68a8313
SCHED-TRACE 4929 31131 K 36 49803a1ca
SCHED-TRACE 4930 31131 P 42 4d80ce979
SCHED-TRACE 4931 31132 P 42 4d932ac09
SCHED-TRACE 4932 31207 I 36 4373ea
SCHED-TRACE 4933 31207 B 36 7a
SCHED-TRACE 4934 31207 P 36 4d56afdf3
SCHED-TRACE 4935 31207 R 36 4d56afdf3
SCHED-TRACE 4936 31208 U 4 4374f8
SCHED-TRACE 4937 31208 V 4 437584
SCHED-TRACE 4938 31208 O 0 0
SCHED-TRACE 4939 31208 P 36 4d715645a
SCHED-TRACE 4940 31209 K 33 49dde76c9
SCHED-TRACE 4941 31209 P 36 4d897a1ca
SCHED-TRACE 4942 31210 P 36 4d9bd645a
SCHED-TRACE 4943 31284 I 33 439dc2
SCHED-TRACE 4944 31284 B 33 7a
SCHED-TRACE 4945 31284 P 33 4a3f02d0e
SCHED-TRACE 4946 31284 R 33 4a3f02d0e
SCHED-TRACE 4947 31285 U 4 439ecf
SCHED-TRACE 4948 31285 V 4 439f5c
SCHED-TRACE 4949 31285 O 0 0
SCHED-TRACE 4950 31285 P 33 4a41acccd
SCHED-TRACE 4951 31286 K 33 4a41acccd
SCHED-TRACE 4952 31286 P 33 4a44170a4
SCHED-TRACE 4953 31362 I 33 43c7cb
SCHED-TRACE 4954 31362 B 33 7a
SCHED-TRACE 4955 31362 P 33 4aa78353f
SCHED-TRACE 4956 31362 R 33 4aa78353f
SCHED-TRACE 4957 31363 U 4 43c8d8
SCHED-TRACE 4958 31363 V 4 43c964
SCHED-TRACE 4959 31363 O 0 0
SCHED-TRACE 4960 31363 P 33 4aaa2d4fe
SCHED-TRACE 4961 31364 K 33 4aaa2d4fe
SCHED-TRACE 4962 31364 P 33 4aac978d5
SCHED-TRACE 4963 31440 I 33 43f1df
SCHED-TRACE 4964 31440 B 33 7a
SCHED-TRACE 4965 31440 P 33 4b1021cac
SCHED-TRACE 4966 31440 R 33 4b1021cac
SCHED-TRACE 4967 31441 U 4 43f2ed
SCHED-TRACE 4968 31441 V 4 43f379
SCHED-TRACE 4969 31441 O 0 0
SCHED-TRACE 4970 31441 P 33 4b12cc083
SCHED-TRACE 4971 31442 K 33 4b12cc083
SCHED-TRACE 4972 31442 P 33 4b1536041
SCHED-TRACE 4973 31518 I 33 441bf4
SCHED-TRACE 4974 31518 B 33 7a
SCHED-TRACE 4975 31518 P 33 4b78c0831
SCHED-TRACE 4976 31518 R 33 4b78c0831
SCHED-TRACE 4977 31519 U 4 441d01
SCHED-TRACE 4978 31519 V 4 441d8e
SCHED-TRACE 4979 31519 O 0 0
SCHED-TRACE 4980 31519 P 33 4b7b6a7ef
SCHED-TRACE 4981 31520 K 33 4b7b6a7ef
SCHED-TRACE 4982 31520 P 33 4b7dd4bc6
SCHED-TRACE 4983 31596 I 33 444609
SCHED-TRACE 4984 31596 B 33 7b
SCHED-TRACE 4985 31596 P 33 4be15f3b6
SCHED-TRACE 4986 31596 R 33 4be15f3b6
SCHED-TRACE 4987 31597 U 4 444716
SCHED-TRACE 4988 31597 V 4 4447a2
SCHED-TRACE 4989 31597 O 0 0
SCHED-TRACE 4990 31597 P 33 4be409375
SCHED-TRACE 4991 31598 K 33 4be409375
SCHED-TRACE 4992 31598 P 33 4be67374c
SCHED-TRACE 4993 31674 I 33 44701d
SCHED-TRACE 4994 31674 B 33 7a
SCHED-TRACE 4995 31674 P 33 4c49fdb23
SCHED-TRACE 4996 31674 R 33 4c49fdb23
SCHED-TRACE 4997 31675 U 4 44712b
SCHED-TRACE 4998 31675 V 4 4471b7
SCHED-TRACE 4999 31675 O 0 0
SCHED-TRACE 5000 31675 P 33 4c4ca7efa
SCHED-TRACE 5001 31676 K 33 4c4ca7efa
SCHED-TRACE 5002 31676 P 33 4c4f11eb8
SCHED-TRACE 5003 31752 I 33 449a32
SCHED-TRACE 5004 31752 B 33 7a
SCHED-TRACE 5005 31752 P 33 4cb29c6a8
SCHED-TRACE 5006 31752 R 33 4cb29c6a8
SCHED-TRACE 5007 31753 U 4 449b3f
SCHED-TRACE 5008 31753 V 4 449bcc
SCHED-TRACE 5009 31753 O 0 0
SCHED-TRACE 5010 31753 P 33 4cb546666
SCHED-TRACE 5011 31754 K 33 4cb546666
SCHED-TRACE 5012 31754 P 33 4cb7b0a3d
SCHED-TRACE 5013 31830 I 33 44c447
SCHED-TRACE 5014 31830 B 33 7b
SCHED-TRACE 5015 31830 P 33 4d1b3b22d
SCHED-TRACE 5016 31830 R 33 4d1b3b22d
SCHED-TRACE 5017 31831 U 4 44c554
SCHED-TRACE 5018 31831 V 4 44c5e0
SCHED-TRACE 5019 31831 O 0 0
SCHED-TRACE 5020 31831 P 33 4d1de51eb
SCHED-TRACE 5021 31832 K 33 4d1de51eb
SCHED-TRACE 5022 31832 P 33 4d204f1aa
SCHED-TRACE 5023 31908 I 33 44ee5b
SCHED-TRACE 5024 31908 B 33 7a
SCHED-TRACE 5025 31908 P 33 4d83d9999
SCHED-TRACE 5026 31908 R 33 4d83d9999
SCHED-TRACE 5027 31909 U 4 44ef69
SCHED-TRACE 5028 31909 V 4 44eff5
SCHED-TRACE 5029 31909 O 0 0
SCHED-TRACE 5030 31909 P 33 4d8684189
SCHED-TRACE 5031 31910 K 60 4d62e8312
SCHED-TRACE 5032 31910 P 33 4d88ee560
SCHED-TRACE 5033 31911 P 33 4d8ac49ba
SCHED-TRACE 5034 31985 I 60 451834
SCHED-TRACE 5035 31985 B 60 7a
SCHED-TRACE 5036 31985 P 60 512e0c083
SCHED-TRACE 5037 31985 R 60 512e0c083
SCHED-TRACE 5038 31986 U 4 451942
SCHED-TRACE 5039 31986 V 4 4519cf
SCHED-TRACE 5040 31986 O 0 0
SCHED-TRACE 5041 31986 P 60 5148d126e
SCHED-TRACE 5042 31987 K 81 4d778978d
SCHED-TRACE 5043 31987 P 60 5160f78d5
SCHED-TRACE 5044 31988 P 60 517353b64
SCHED-TRACE 5045 32062 I 81 45420d
SCHED-TRACE 5046 32062 B 81 7a
SCHED-TRACE 5047 32062 P 81 5142a0831
SCHED-TRACE 5048 32062 R 81 5142a0831
SCHED-TRACE 5049 32063 U 4 45431b
SCHED-TRACE 5050 32063 V 4 4543a7
SCHED-TRACE 5051 32063 O 0 0
SCHED-TRACE 5052 32063 P 81 515d5126e
SCHED-TRACE 5053 32064 K 78 4d77d8d50
SCHED-TRACE 5054 32064 P 81 517574fdf
SCHED-TRACE 5055 32065 P 81 5187d3b64
SCHED-TRACE 5056 32139 I 78 456be5
SCHED-TRACE 5057 32139 B 78 7a
SCHED-TRACE 5058 32139 P 78 5142e8313
SCHED-TRACE 5059 32139 R 78 5142e8313
SCHED-TRACE 5060 32140 U 4 456cf3
SCHED-TRACE 5061 32140 V 4 456d7f
SCHED-TRACE 5062 32140 O 0 0
SCHED-TRACE 5063 32140 P 78 515d9b646
SCHED-TRACE 5064 32141 K 75 4d786d4fe
SCHED-TRACE 5065 32141 P 78 5175bf3b6
SCHED-TRACE 5066 32142 P 78 51881df3c
SCHED-TRACE 5067 32216 I 75 4595be
SCHED-TRACE 5068 32216 B 75 7a
SCHED-TRACE 5069 32216 P 75 514393b65
SCHED-TRACE 5070 32216 R 75 514393b65
SCHED-TRACE 5071 32217 U 4 4596cc
SCHED-TRACE 5072 32217 V 4 459758
SCHED-TRACE 5073 32217 O 0 0
SCHED-TRACE 5074 32217 P 75 515e4978d
SCHED-TRACE 5075 32218 K 72 4d78c6e98
SCHED-TRACE 5076 32218 P 75 51766d4fe
SCHED-TRACE 5077 32219 P 75 5188cc083
SCHED-TRACE 5078 32293 I 72 45bf97
SCHED-TRACE 5079 32293 B 72 7a
SCHED-TRACE 5080 32293 P 72 5143eac08
SCHED-TRACE 5081 32293 R 72 5143eac08
SCHED-TRACE 5082 32294 U 4 45c0a5
SCHED-TRACE 5083 32294 V 4 45c131
SCHED-TRACE 5084 32294 O 0 0
SCHED-TRACE 5085 32294 P 72 515ea3127
SCHED-TRACE 5086 32295 K 69 4d795b646
SCHED-TRACE 5087 32295 P 72 5176c6e98
SCHED-TRACE 5088 32296 P 72 518925a1d
SCHED-TRACE 5089 32370 I 69 45e970
SCHED-TRACE 5090 32370 B 69 7a
SCHED-TRACE 5091 32370 P 69 51447cac1
SCHED-TRACE 5092 32370 R 69 51447cac1
SCHED-TRACE 5093 32371 U 4 45ea7e
SCHED-TRACE 5094 32371 V 4 45eb0b
SCHED-TRACE 5095 32371 O 0 0
SCHED-TRACE 5096 32371 P 69 515f378d5
SCHED-TRACE 5097 32372 K 66 4d7986e97
SCHED-TRACE 5098 32372 P 69 51775b646
SCHED-TRACE 5099 32373 P 69 5189ba1cb
SCHED-TRACE 5100 32447 I 66 461349
SCHED-TRACE 5101 32447 B 66 7a
SCHED-TRACE 5102 32447 P 66 5144a8312
SCHED-TRACE 5103 32447 R 66 5144a8312
SCHED-TRACE 5104 32448 U 4 461457
SCHED-TRACE 5105 32448 V 4 4614e4
SCHED-TRACE 5106 32448 O 0 0
SCHED-TRACE 5107 32448 P 66 515f68312
SCHED-TRACE 5108 32449 K 63 4d79ff3b6
SCHED-TRACE 5109 32449 P 66 51778e978
SCHED-TRACE 5110 32450 P 66 5189eac08
SCHED-TRACE 5111 32524 I 63 463d22
SCHED-TRACE 5112 32524 B 63 7b
SCHED-TRACE 5113 32524 P 63 51451df3b
SCHED-TRACE 5114 32524 R 63 51451df3b
SCHED-TRACE 5115 32525 U 4 463e30
SCHED-TRACE 5116 32525 V 4 463ebd
SCHED-TRACE 5117 32525 O 0 0
SCHED-TRACE 5118 32525 P 63 515fddf3b
SCHED-TRACE 5119 32526 K 57 4d7a2fdf4
SCHED-TRACE 5120 32526 P 63 517801cac
SCHED-TRACE 5121 32527 P 63 518a60831
SCHED-TRACE 5122 32601 I 57 4666fb
SCHED-TRACE 5123 32601 B 57 7a
SCHED-TRACE 5124 32601 P 57 51454978d
SCHED-TRACE 5125 32601 R 57 51454978d
SCHED-TRACE 5126 32602 U 4 46680a
SCHED-TRACE 5127 32602 V 4 466896
SCHED-TRACE 5128 32602 O 0 0
SCHED-TRACE 5129 32602 P 57 51601126f
SCHED-TRACE 5130 32603 K 54 4d7a8e979
SCHED-TRACE 5131 32603 P 57 5178378d5
SCHED-TRACE 5132 32604 P 57 518a9645a
SCHED-TRACE 5133 32678 I 54 4690d4
SCHED-TRACE 5134 32678 B 54 7a
SCHED-TRACE 5135 32678 P 54 5145a0831
SCHED-TRACE 5136 32678 R 54 5145a0831
SCHED-TRACE 5137 32679 U 4 4691e3
SCHED-TRACE 5138 32679 V 4 46926f
SCHED-TRACE 5139 32679 O 0 0
SCHED-TRACE 5140 32679 P 54 51606ac08
SCHED-TRACE 5141 32680 K 51 4d7ae3127
SCHED-TRACE 5142 32680 P 54 51789126f
SCHED-TRACE 5143 32681 P 54 518aed4fe
SCHED-TRACE 5144 32755 I 51 46baad
SCHED-TRACE 5145 32755 B 51 7b
SCHED-TRACE 5146 32755 P 51 5145f78d5
SCHED-TRACE 5147 32755 R 51 5145f78d5
SCHED-TRACE 5148 32756 U 4 46bbbc
SCHED-TRACE 5149 32756 V 4 46bc48
SCHED-TRACE 5150 32756 O 0 0
SCHED-TRACE 5151 32756 P 51 5160c1cac
SCHED-TRACE 5152 32757 K 48 4d7b1df3b
SCHED-TRACE 5153 32757 P 51 5178e8313
SCHED-TRACE 5154 32758 P 51 518b445a2
SCHED-TRACE 5155 32832 I 48 46e487
SCHED-TRACE 5156 32832 B 48 7b
SCHED-TRACE 5157 32832 P 48 51464978d
SCHED-TRACE 5158 32832 R 48 51464978d
SCHED-TRACE 5159 32833 U 4 46e596
SCHED-TRACE 5160 32833 V 4 46e622
SCHED-TRACE 5161 32833 O 0 0
SCHED-TRACE 5162 32833 P 48 51611645a
SCHED-TRACE 5163 32834 K 45 4d7b378d5
SCHED-TRACE 5164 32834 P 48 51793cac0
SCHED-TRACE 5165 32835 P 48 518b98d50
SCHED-TRACE 5166 32910 I 45 470ed8
SCHED-TRACE 5167 32910 B 45 7a
SCHED-TRACE 5168 32910 P 45 515223127
SCHED-TRACE 5169 32910 R 45 515223127
SCHED-TRACE 5170 32911 U 4 470fe7
SCHED-TRACE 5171 32911 V 4 471074
SCHED-TRACE 5172 32911 O 0 0
SCHED-TRACE 5173 32911 P 45 516cf4fdf
SCHED-TRACE 5174 32912 K 39 4d85ce979
SCHED-TRACE 5175 32912 P 45 518518d50
SCHED-TRACE 5176 32913 P 45 5197778d5
SCHED-TRACE 5177 32987 I 39 4738b2
SCHED-TRACE 5178 32987 B 39 7a
SCHED-TRACE 5179 32987 P 39 5150fcac0
SCHED-TRACE 5180 32987 R 39 5150fcac0
SCHED-TRACE 5181 32988 U 4 4739bf
SCHED-TRACE 5182 32988 V 4 473a4c
SCHED-TRACE 5183 32988 O 0 0
SCHED-TRACE 5184 32988 P 39 516ba8312
SCHED-TRACE 5185 32989 K 33 4d8ac49ba
SCHED-TRACE 5186 32989 P 39 5183ce979
SCHED-TRACE 5187 32990 P 39 519628312
SCHED-TRACE 5188 33064 I 33 47628a
SCHED-TRACE 5189 33064 B 33 7a
SCHED-TRACE 5190 33064 P 33 4debe0c4a
SCHED-TRACE 5191 33064 R 33 4debe0c4a
SCHED-TRACE 5192 33065 U 4 476397
SCHED-TRACE 5193 33065 V 4 476424
SCHED-TRACE 5194 33065 O 0 0
SCHED-TRACE 5195 33065 P 33 4dee8b439
SCHED-TRACE 5196 33066 K 42 4d932ac09
SCHED-TRACE 5197 33066 P 33 4df0f5810
SCHED-TRACE 5198 33067 P 33 4df2cbc6a
SCHED-TRACE 5199 33141 I 42 478c62
SCHED-TRACE 5200 33141 B 42 7a
SCHED-TRACE 5201 33141 P 42 515e41cac
SCHED-TRACE 5202 33141 R 42 515e41cac
SCHED-TRACE 5203 33142 U 4 478d71
SCHED-TRACE 5204 33142 V 4 478dfd
SCHED-TRACE 5205 33142 O 0 0
SCHED-TRACE 5206 33142 P 42 51791645a
SCHED-TRACE 5207 33143 K 36 4d9bd645a
SCHED-TRACE 5208 33143 P 42 51913a1cb
SCHED-TRACE 5209 33144 P 42 51a398d50
SCHED-TRACE 5210 33218 I 36 47b63c
SCHED-TRACE 5211 33218 B 36 7a
SCHED-TRACE 5212 33218 P 36 5166e0831
SCHED-TRACE 5213 33218 R 36 5166e0831
SCHED-TRACE 5214 33219 U 4 47b749
SCHED-TRACE 5215 33219 V 4 47b7d6
SCHED-TRACE 5216 33219 O 0 0
SCHED-TRACE 5217 33219 P 36 51818978d
SCHED-TRACE 5218 33220 K 33 4df2cbc6a
SCHED-TRACE 5219 33220 P 36 5199ad4fe
SCHED-TRACE 5220 33221 P 36 51ac0978d
SCHED-TRACE 5221 33296 I 33 47e08b
SCHED-TRACE 5222 33296 B 33 7a
SCHED-TRACE 5223 33296 P 33 4e5516041
SCHED-TRACE 5224 33296 R 33 4e5516041
SCHED-TRACE 5225 33297 U 4 47e198
SCHED-TRACE 5226 33297 V 4 47e225
SCHED-TRACE 5227 33297 O 0 0
SCHED-TRACE 5228 33297 P 33 4e57c0000
SCHED-TRACE 5229 33298 K 33 4e57c0000
SCHED-TRACE 5230 33298 P 33 4e5a2a3d7
SCHED-TRACE 5231 33374 I 33 480aa0
SCHED-TRACE 5232 33374 B 33 7a
SCHED-TRACE 5233 33374 P 33 4ebdb4bc6
SCHED-TRACE 5234 33374 R 33 4ebdb4bc6
SCHED-TRACE 5235 33375 U 4 480bad
SCHED-TRACE 5236 33375 V 4 480c3a
SCHED-TRACE 5237 33375 O 0 0
SCHED-TRACE 5238 33375 P 33 4ec05eb85
SCHED-TRACE 5239 33376 K 33 4ec05eb85
SCHED-TRACE 5240 33376 P 33 4ec2c8f5c
SCHED-TRACE 5241 33452 I 33 4834b5
SCHED-TRACE 5242 33452 B 33 7a
SCHED-TRACE 5243 33452 P 33 4f2653333
SCHED-TRACE 5244 33452 R 33 4f2653333
SCHED-TRACE 5245 33453 U 4 4835c2
SCHED-TRACE 5246 33453 V 4 48364e
SCHED-TRACE 5247 33453 O 0 0
SCHED-TRACE 5248 33453 P 33 4f28fd2f1
SCHED-TRACE 5249 33454 K 33 4f28fd2f1
SCHED-TRACE 5250 33454 P 33 4f2b672b0
SCHED-TRACE 5251 33530 I 33 485ec9
SCHED-TRACE 5252 33530 B 33 7a
SCHED-TRACE 5253 33530 P 33 4f8ef1aa0
SCHED-TRACE 5254 33530 R 33 4f8ef1aa0
SCHED-TRACE 5255 33531 U 4 485fd6
SCHED-TRACE 5256 33531 V 4 486063
SCHED-TRACE 5257 33531 O 0 0
SCHED-TRACE 5258 33531 P 33 4f919ba5e
SCHED-TRACE 5259 33532 K 33 4f919ba5e
SCHED-TRACE 5260 33532 P 33 4f9405e35
SCHED-TRACE 5261 33608 I 33 4888de
SCHED-TRACE 5262 33608 B 33 7a
SCHED-TRACE 5263 33608 P 33 4ff79020c
SCHED-TRACE 5264 33608 R 33 4ff79020c
SCHED-TRACE 5265 33609 U 4 4889eb
SCHED-TRACE 5266 33609 V 4 488a78
SCHED-TRACE 5267 33609 O 0 0
SCHED-TRACE 5268 33609 P 33 4ffa3a1cb
SCHED-TRACE 5269 33610 K 33 4ffa3a1cb
SCHED-TRACE 5270 33610 P 33 4ffca45a2
SCHED-TRACE 5271 33686 I 33 48b2f3
SCHED-TRACE 5272 33686 B 33 7a
SCHED-TRACE 5273 33686 P 33 50602e979
SCHED-TRACE 5274 33686 R 33 50602e979
SCHED-TRACE 5275 33687 U 4 48b400
SCHED-TRACE 5276 33687 V 4 48b48c
SCHED-TRACE 5277 33687 O 0 0
SCHED-TRACE 5278 33687 P 33 5062d8d50
SCHED-TRACE 5279 33688 K 33 5062d8d50
SCHED-TRACE 5280 33688 P 33 506542d0e
SCHED-TRACE 5281 33764 I 33 48dd07
SCHED-TRACE 5282 33764 B 33 7a
SCHED-TRACE 5283 33764 P 33 50c8cd4fe
SCHED-TRACE 5284 33764 R 33 50c8cd4fe
SCHED-TRACE 5285 33765 U 4 48de14
SCHED-TRACE 5286 33765 V 4 48dea1
SCHED-TRACE 5287 33765 O 0 0
SCHED-TRACE 5288 33765 P 33 50cb774bc
SCHED-TRACE 5289 33766 K 33 50cb774bc
SCHED-TRACE 5290 33766 P 33 50cde1893
SCHED-TRACE 5291 33842 I 33 49071c
SCHED-TRACE 5292 33842 B 33 7b
SCHED-TRACE 5293 33842 P 33 51316c083
SCHED-TRACE 5294 33842 R 33 51316c083
SCHED-TRACE 5295 33843 U 4 490829
SCHED-TRACE 5296 33843 V 4 4908b6
SCHED-TRACE 5297 33843 O 0 0
SCHED-TRACE 5298 33843 P 33 513416041
SCHED-TRACE 5299 33844 K 33 513416041
SCHED-TRACE 5300 33844 P 33 513680000
SCHED-TRACE 5301 33920 I 33 493131
SCHED-TRACE 5302 33920 B 33 7a
SCHED-TRACE 5303 33920 P 33 519a0a7ef
SCHED-TRACE 5304 33920 R 33 519a0a7ef
SCHED-TRACE 5305 33921 U 4 49323e
SCHED-TRACE 5306 33921 V 4 4932ca
SCHED-TRACE 5307 33921 O 0 0
SCHED-TRACE 5308 33921 P 33 519cb4fdf
SCHED-TRACE 5309 33922 K 60 517353b64
SCHED-TRACE 5310 33922 P 33 519f1f3b6
SCHED-TRACE 5311 33923 P 33 51a0f5810
SCHED-TRACE 5312 33997 I 60 495b09
SCHED-TRACE 5313 33997 B 60 7b
SCHED-TRACE 5314 33997 P 60 553e74fdf
SCHED-TRACE 5315 33997 R 60 553e74fdf
SCHED-TRACE 5316 33998 U 4 495c17
SCHED-TRACE 5317 33998 V 4 495ca4
SCHED-TRACE 5318 33998 O 0 0
SCHED-TRACE 5319 33998 P 60 5559378d5
SCHED-TRACE 5320 33999 K 81 5187d3b64
SCHED-TRACE 5321 33999 P 60 55715b645
SCHED-TRACE 5322 34000 P 60 5583ba1ca
SCHED-TRACE 5323 34074 I 81 4984e2
SCHED-TRACE 5324 34074 B 81 7a
SCHED-TRACE 5325 34074 P 81 5552eac08
SCHED-TRACE 5326 34074 R 81 5552eac08
SCHED-TRACE 5327 34075 U 4 4985f0
SCHED-TRACE 5328 34075 V 4 49867c
SCHED-TRACE 5329 34075 O 0 0
SCHED-TRACE 5330 34075 P 81 556d9b645
SCHED-TRACE 5331 34076 K 78 51881df3c
SCHED-TRACE 5332 34076 P 81 5585c1cac
SCHED-TRACE 5333 34077 P 81 559820831
SCHED-TRACE 5334 34151 I 78 49aeba
SCHED-TRACE 5335 34151 B 78 7a
SCHED-TRACE 5336 34151 P 78 55532d4fe
SCHED-TRACE 5337 34151 R 78 55532d4fe
SCHED-TRACE 5338 34152 U 4 49afc8
SCHED-TRACE 5339 34152 V 4 49b054
SCHED-TRACE 5340 34152 O 0 0
SCHED-TRACE 5341 34152 P 78 556de0831
SCHED-TRACE 5342 34153 K 75 5188cc083
SCHED-TRACE 5343 34153 P 78 558606e98
SCHED-TRACE 5344 34154 P 78 559865a1d
SCHED-TRACE 5345 34228 I 75 49d892
SCHED-TRACE 5346 34228 B 75 7a
SCHED-TRACE 5347 34228 P 75 5553db646
SCHED-TRACE 5348 34228 R 75 5553db646
SCHED-TRACE 5349 34229 U 4 49d9a0
SCHED-TRACE 5350 34229 V 4 49da2c
SCHED-TRACE 5351 34229 O 0 0
SCHED-TRACE 5352 34229 P 75 556e9126f
SCHED-TRACE 5353 34230 K 72 518925a1d
SCHED-TRACE 5354 34230 P 75 5586b78d5
SCHED-TRACE 5355 34231 P 75 55991645a
SCHED-TRACE 5356 34306 I 72 4a02e2
SCHED-TRACE 5357 34306 B 72 7a
SCHED-TRACE 5358 34306 P 72 55600e979
SCHED-TRACE 5359 34306 R 72 55600e979
SCHED-TRACE 5360 34307 U 4 4a03f0
SCHED-TRACE 5361 34307 V 4 4a047d
SCHED-TRACE 5362 34307 O 0 0
SCHED-TRACE 5363 34307 P 72 557ac6e98
SCHED-TRACE 5364 34308 K 69 5189ba1cb
SCHED-TRACE 5365 34308 P 72 5592eac08
SCHED-TRACE 5366 34309 P 72 55a54978e
SCHED-TRACE 5367 34384 I 69 4a2d32
SCHED-TRACE 5368 34384 B 69 7a
SCHED-TRACE 5369 34384 P 69 556093b65
SCHED-TRACE 5370 34384 R 69 556093b65
SCHED-TRACE 5371 34385 U 4 4a2e40
SCHED-TRACE 5372 34385 V 4 4a2ecc
SCHED-TRACE 5373 34385 O 0 0
SCHED-TRACE 5374 34385 P 69 557b4e979
SCHED-TRACE 5375 34386 K 66 5189eac08
SCHED-TRACE 5376 34386 P 69 5593726ea
SCHED-TRACE 5377 34387 P 69 55a5d126f
SCHED-TRACE 5378 34462 I 66 4a5782
SCHED-TRACE 5379 34462 B 66 7a
SCHED-TRACE 5380 34462 P 66 5560ce978
SCHED-TRACE 5381 34462 R 66 5560ce978
SCHED-TRACE 5382 34463 U 4 4a5890
SCHED-TRACE 5383 34463 V 4 4a591d
SCHED-TRACE 5384 34463 O 0 0
SCHED-TRACE 5385 34463 P 66 557b8c083
SCHED-TRACE 5386 34464 K 63 518a60831
SCHED-TRACE 5387 34464 P 66 5593afdf3
SCHED-TRACE 5388 34465 P 66 55a60e978
SCHED-TRACE 5389 34539 I 63 4a815b
SCHED-TRACE 5390 34539 B 63 7a
SCHED-TRACE 5391 34539 P 63 555581cac
SCHED-TRACE 5392 34539 R 63 555581cac
SCHED-TRACE 5393 34540 U 4 4a8269
SCHED-TRACE 5394 34540 V 4 4a82f6
SCHED-TRACE 5395 34540 O 0 0
SCHED-TRACE 5396 34540 P 63 557041cac
SCHED-TRACE 5397 34541 K 57 518a9645a
SCHED-TRACE 5398 34541 P 63 558868312
SCHED-TRACE 5399 34542 P 63 559ac45a2
SCHED-TRACE 5400 34617 I 57 4aabaa
SCHED-TRACE 5401 34617 B 57 7a
SCHED-TRACE 5402 34617 P 57 556165a1d
SCHED-TRACE 5403 34617 R 57 556165a1d
SCHED-TRACE 5404 34618 U 4 4aacb9
SCHED-TRACE 5405 34618 V 4 4aad46
SCHED-TRACE 5406 34618 O 0 0
SCHED-TRACE 5407 34618 P 57 557c2d4fe
SCHED-TRACE 5408 34619 K 54 518aed4fe
SCHED-TRACE 5409 34619 P 57 55945126f
SCHED-TRACE 5410 34620 P 57 55a6afdf4
SCHED-TRACE 5411 34695 I 54 4ad5fa
SCHED-TRACE 5412 34695 B 54 7a
SCHED-TRACE 5413 34695 P 54 5561b78d5
SCHED-TRACE 5414 34695 R 54 5561b78d5
SCHED-TRACE 5415 34696 U 4 4ad709
SCHED-TRACE 5416 34696 V 4 4ad795
SCHED-TRACE 5417 34696 O 0 0
SCHED-TRACE 5418 34696 P 54 557c81cac
SCHED-TRACE 5419 34697 K 51 518b445a2
SCHED-TRACE 5420 34697 P 54 5594a5a1d
SCHED-TRACE 5421 34698 P 54 55a7045a2
SCHED-TRACE 5422 34772 I 51 4affd3
SCHED-TRACE 5423 34772 B 51 7a
SCHED-TRACE 5424 34772 P 51 55565126f
SCHED-TRACE 5425 34772 R 51 55565126f
SCHED-TRACE 5426 34773 U 4 4b00e2
SCHED-TRACE 5427 34773 V 4 4b016e
SCHED-TRACE 5428 34773 O 0 0
SCHED-TRACE 5429 34773 P 51 55711df3c
SCHED-TRACE 5430 34774 K 48 518b98d50
SCHED-TRACE 5431 34774 P 51 5589445a2
SCHED-TRACE 5432 34775 P 51 559ba3127
SCHED-TRACE 5433 34849 I 48 4b29ac
SCHED-TRACE 5434 34849 B 48 7a
SCHED-TRACE 5435 34849 P 48 5556a5a1c
SCHED-TRACE 5436 34849 R 48 5556a5a1c
SCHED-TRACE 5437 34850 U 4 4b2abb
SCHED-TRACE 5438 34850 V 4 4b2b47
SCHED-TRACE 5439 34850 O 0 0
SCHED-TRACE 5440 34850 P 48 5571726e9
SCHED-TRACE 5441 34851 K 39 519628312
SCHED-TRACE 5442 34851 P 48 55899645a
SCHED-TRACE 5443 34852 P 48 559bf26e9
SCHED-TRACE 5444 34927 I 39 4b53fa
SCHED-TRACE 5445 34927 B 39 7a
SCHED-TRACE 5446 34927 P 39 556ce3127
SCHED-TRACE 5447 34927 R 39 556ce3127
SCHED-TRACE 5448 34928 U 4 4b5508
SCHED-TRACE 5449 34928 V 4 4b5594
SCHED-TRACE 5450 34928 O 0 0
SCHED-TRACE 5451 34928 P 39 55878e979
SCHED-TRACE 5452 34929 K 45 5197778d5
SCHED-TRACE 5453 34929 P 39 559fb4fdf
SCHED-TRACE 5454 34930 P 39 55b21126e
SCHED-TRACE 5455 35004 I 45 4b7dd3
SCHED-TRACE 5456 35004 B 45 7a
SCHED-TRACE 5457 35004 P 45 5562ad4fe
SCHED-TRACE 5458 35004 R 45 5562ad4fe
SCHED-TRACE 5459 35005 U 4 4b7ee2
SCHED-TRACE 5460 35005 V 4 4b7f6e
SCHED-TRACE 5461 35005 O 0 0
SCHED-TRACE 5462 35005 P 45 557d7cac1
SCHED-TRACE 5463 35006 K 33 51a0f5810
SCHED-TRACE 5464 35006 P 45 5595a3127
SCHED-TRACE 5465 35007 P 45 55a7fcac1
SCHED-TRACE 5466 35081 I 33 4ba7ad
SCHED-TRACE 5467 35081 B 33 7b
SCHED-TRACE 5468 35081 P 33 520213333
SCHED-TRACE 5469 35081 R 33 520213333
SCHED-TRACE 5470 35082 U 4 4ba8ba
SCHED-TRACE 5471 35082 V 4 4ba947
SCHED-TRACE 5472 35082 O 0 0
SCHED-TRACE 5473 35082 P 33 5204bd70a
SCHED-TRACE 5474 35083 K 42 51a398d50
SCHED-TRACE 5475 35083 P 33 520727ae1
SCHED-TRACE 5476 35084 P 33 5208fdf3b
SCHED-TRACE 5477 35158 I 42 4bd185
SCHED-TRACE 5478 35158 B 42 7a
SCHED-TRACE 5479 35158 P 42 556eafdf4
SCHED-TRACE 5480 35158 R 42 556eafdf4
SCHED-TRACE 5481 35159 U 4 4bd294
SCHED-TRACE 5482 35159 V 4 4bd320
SCHED-TRACE 5483 35159 O 0 0
SCHED-TRACE 5484 35159 P 42 558981cac
SCHED-TRACE 5485 35160 K 36 51ac0978d
SCHED-TRACE 5486 35160 P 42 55a1a5a1d
SCHED-TRACE 5487 35161 P 42 55b4045a2
SCHED-TRACE 5488 35235 I 36 4bfb5f
SCHED-TRACE 5489 35235 B 36 7a
SCHED-TRACE 5490 35235 P 36 55773a1ca
SCHED-TRACE 5491 35235 R 36 55773a1ca
SCHED-TRACE 5492 35236 U 4 4bfc6c
SCHED-TRACE 5493 35236 V 4 4bfcf9
SCHED-TRACE 5494 35236 O 0 0
SCHED-TRACE 5495 35236 P 36 5591e3127
SCHED-TRACE 5496 35237 K 33 5208fdf3b
SCHED-TRACE 5497 35237 P 36 55aa06e97
SCHED-TRACE 5498 35238 P 36 55bc63127
SCHED-TRACE 5499 35313 I 33 4c25ae
SCHED-TRACE 5500 35313 B 33 7a
SCHED-TRACE 5501 35313 P 33 526b46e97
SCHED-TRACE 5502 35313 R 33 526b46e97
SCHED-TRACE 5503 35314 U 4 4c26bb
SCHED-TRACE 5504 35314 V 4 4c2747
SCHED-TRACE 5505 35314 O 0 0
SCHED-TRACE 5506 35314 P 33 526df0e56
SCHED-TRACE 5507 35315 K 33 526df0e56
SCHED-TRACE 5508 35315 P 33 52705b22d
SCHED-TRACE 5509 35391 I 33 4c4fc2
SCHED-TRACE 5510 35391 B 33 7a
SCHED-TRACE 5511 35391 P 33 52d3e5a1c
SCHED-TRACE 5512 35391 R 33 52d3e5a1c
SCHED-TRACE 5513 35392 U 4 4c50d0
SCHED-TRACE 5514 35392 V 4 4c515c
SCHED-TRACE 5515 35392 O 0 0
SCHED-TRACE 5516 35392 P 33 52d68f9db
SCHED-TRACE 5517 35393 K 33 52d68f9db
SCHED-TRACE 5518 35393 P 33 52d8f9db2
SCHED-TRACE 5519 35469 I 33 4c79d7
SCHED-TRACE 5520 35469 B 33 7b
SCHED-TRACE 5521 35469 P 33 533c845a2
SCHED-TRACE 5522 35469 R 33 533c845a2
SCHED-TRACE 5523 35470 U 4 4c7ae4
SCHED-TRACE 5524 35470 V 4 4c7b71
SCHED-TRACE 5525 35470 O 0 0
SCHED-TRACE 5526 35470 P 33 533f2e148
SCHED-TRACE 5527 35471 K 33 533f2e148
SCHED-TRACE 5528 35471 P 33 534198106
SCHED-TRACE 5529 35547 I 33 4ca3ec
SCHED-TRACE 5530 35547 B 33 7a
SCHED-TRACE 5531 35547 P 33 53a5228f6
SCHED-TRACE 5532 35547 R 33 53a5228f6
SCHED-TRACE 5533 35548 U 4 4ca4f9
SCHED-TRACE 5534 35548 V 4 4ca585
SCHED-TRACE 5535 35548 O 0 0
SCHED-TRACE 5536 35548 P 33 53a7cc8b4
SCHED-TRACE 5537 35549 K 33 53a7cc8b4
SCHED-TRACE 5538 35549 P 33 53aa36c8b
SCHED-TRACE 5539 35625 I 33 4cce00
SCHED-TRACE 5540 35625 B 33 7a
SCHED-TRACE 5541 35625 P 33 540dc147b
SCHED-TRACE 5542 35625 R 33 540dc147b
SCHED-TRACE 5543 35626 U 4 4ccf0e
SCHED-TRACE 5544 35626 V 4 4ccf9a
SCHED-TRACE 5545 35626 O 0 0
SCHED-TRACE 5546 35626 P 33 54106b439
SCHED-TRACE 5547 35627 K 33 54106b439
SCHED-TRACE 5548 35627 P 33 5412d5810
SCHED-TRACE 5549 35703 I 33 4cf815
SCHED-TRACE 5550 35703 B 33 7a
SCHED-TRACE 5551 35703 P 33 54765fbe7
SCHED-TRACE 5552 35703 R 33 54765fbe7
SCHED-TRACE 5553 35704 U 4 4cf922
SCHED-TRACE 5554 35704 V 4 4cf9af
SCHED-TRACE 5555 35704 O 0 0
SCHED-TRACE 5556 35704 P 33 547909fbe
SCHED-TRACE 5557 35705 K 33 547909fbe
SCHED-TRACE 5558 35705 P 33 547b73f7d
SCHED-TRACE 5559 35781 I 33 4d222a
SCHED-TRACE 5560 35781 B 33 7a
SCHED-TRACE 5561 35781 P 33 54defe76c
SCHED-TRACE 5562 35781 R 33 54defe76c
SCHED-TRACE 5563 35782 U 4 4d2337
SCHED-TRACE 5564 35782 V 4 4d23c3
SCHED-TRACE 5565 35782 O 0 0
SCHED-TRACE 5566 35782 P 33 54e1a872b
SCHED-TRACE 5567 35783 K 33 54e1a872b
SCHED-TRACE 5568 35783 P 33 54e412b02
SCHED-TRACE 5569 35859 I 33 4d4c3e
SCHED-TRACE 5570 35859 B 33 7b
SCHED-TRACE 5571 35859 P 33 55479d2f1
SCHED-TRACE 5572 35859 R 33 55479d2f1
SCHED-TRACE 5573 35860 U 4 4d4d4c
SCHED-TRACE 5574 35860 V 4 4d4dd8
SCHED-TRACE 5575 35860 O 0 0
SCHED-TRACE 5576 35860 P 33 554a472b0
SCHED-TRACE 5577 35861 K 33 554a472b0
SCHED-TRACE 5578 35861 P 33 554cb1687
SCHED-TRACE 5579 35937 I 33 4d7653
SCHED-TRACE 5580 35937 B 33 7a
SCHED-TRACE 5581 35937 P 33 55b03ba5e
SCHED-TRACE 5582 35937 R 33 55b03ba5e
SCHED-TRACE 5583 35938 U 4 4d7760
SCHED-TRACE 5584 35938 V 4 4d77ed
SCHED-TRACE 5585 35938 O 0 0
SCHED-TRACE 5586 35938 P 33 55b2e624e
SCHED-TRACE 5587 35939 K 60 5583ba1ca
SCHED-TRACE 5588 35939 P 33 55b550625
SCHED-TRACE 5589 35940 P 33 55b726a7f
SCHED-TRACE 5590 36014 I 60 4da02b
SCHED-TRACE 5591 36014 B 60 7a
SCHED-TRACE 5592 36014 P 60 594ece978
SCHED-TRACE 5593 36014 R 60 594ece978
SCHED-TRACE 5594 36015 U 4 4da139
SCHED-TRACE 5595 36015 V 4 4da1c6
SCHED-TRACE 5596 36015 O 0 0
SCHED-TRACE 5597 36015 P 60 59699126e
SCHED-TRACE 5598 36016 K 81 559820831
SCHED-TRACE 5599 36016 P 60 5981b78d5
SCHED-TRACE 5600 36017 P 60 599413b64
SCHED-TRACE 5601 36091 I 81 4dca04
SCHED-TRACE 5602 36091 B 81 7b
SCHED-TRACE 5603 36091 P 81 59633a1ca
SCHED-TRACE 5604 36091 R 81 59633a1ca
SCHED-TRACE 5605 36092 U 4 4dcb12
SCHED-TRACE 5606 36092 V 4 4dcb9e
SCHED-TRACE 5607 36092 O 0 0
SCHED-TRACE 5608 36092 P 81 597de8312
SCHED-TRACE 5609 36093 K 78 559865a1d
SCHED-TRACE 5610 36093 P 81 59960c083
SCHED-TRACE 5611 36094 P 81 59a86ac08
SCHED-TRACE 5612 36168 I 78 4df3dc
SCHED-TRACE 5613 36168 B 78 7a
SCHED-TRACE 5614 36168 P 78 596374fdf
SCHED-TRACE 5615 36168 R 78 596374fdf
SCHED-TRACE 5616 36169 U 4 4df4ea
SCHED-TRACE 5617 36169 V 4 4df576
SCHED-TRACE 5618 36169 O 0 0
SCHED-TRACE 5619 36169 P 78 597e28313
SCHED-TRACE 5620 36170 K 75 55991645a
SCHED-TRACE 5621 36170 P 78 59964c083
SCHED-TRACE 5622 36171 P 78 59a8aac08
SCHED-TRACE 5623 36246 I 75 4e1e2c
SCHED-TRACE 5624 36246 B 75 7a
SCHED-TRACE 5625 36246 P 75 596ff78d5
SCHED-TRACE 5626 36246 R 75 596ff78d5
SCHED-TRACE 5627 36247 U 4 4e1f3a
SCHED-TRACE 5628 36247 V 4 4e1fc6
SCHED-TRACE 5629 36247 O 0 0
SCHED-TRACE 5630 36247 P 75 598aafdf4
SCHED-TRACE 5631 36248 K 63 559ac45a2
SCHED-TRACE 5632 36248 P 75 59a2d645a
SCHED-TRACE 5633 36249 P 75 59b534fdf
SCHED-TRACE 5634 36323 I 63 4e4804
SCHED-TRACE 5635 36323 B 63 7b
SCHED-TRACE 5636 36323 P 63 5965d8d50
SCHED-TRACE 5637 36323 R 63 5965d8d50
SCHED-TRACE 5638 36324 U 4 4e4912
SCHED-TRACE 5639 36324 V 4 4e499f
SCHED-TRACE 5640 36324 O 0 0
SCHED-TRACE 5641 36324 P 63 59809b645
SCHED-TRACE 5642 36325 K 51 559ba3127
SCHED-TRACE 5643 36325 P 63 5998bf3b6
SCHED-TRACE 5644 36326 P 63 59ab1df3b
SCHED-TRACE 5645 36400 I 51 4e71dd
SCHED-TRACE 5646 36400 B 51 7a
SCHED-TRACE 5647 36400 P 51 5966b78d5
SCHED-TRACE 5648 36400 R 51 5966b78d5
SCHED-TRACE 5649 36401 U 4 4e72ec
SCHED-TRACE 5650 36401 V 4 4e7378
SCHED-TRACE 5651 36401 O 0 0
SCHED-TRACE 5652 36401 P 51 598186e98
SCHED-TRACE 5653 36402 K 48 559bf26e9
SCHED-TRACE 5654 36402 P 51 5999ad4fe
SCHED-TRACE 5655 36403 P 51 59ac0c083
SCHED-TRACE 5656 36477 I 48 4e9bb7
SCHED-TRACE 5657 36477 B 48 7a
SCHED-TRACE 5658 36477 P 48 59671645a
SCHED-TRACE 5659 36477 R 48 59671645a
SCHED-TRACE 5660 36478 U 4 4e9cc6
SCHED-TRACE 5661 36478 V 4 4e9d52
SCHED-TRACE 5662 36478 O 0 0
SCHED-TRACE 5663 36478 P 48 5981e5a1c
SCHED-TRACE 5664 36479 K 72 55a54978e
SCHED-TRACE 5665 36479 P 48 599a0978d
SCHED-TRACE 5666 36480 P 48 59ac68312
SCHED-TRACE 5667 36554 I 72 4ec591
SCHED-TRACE 5668 36554 B 72 7a
SCHED-TRACE 5669 36554 P 72 59706d4fe
SCHED-TRACE 5670 36554 R 72 59706d4fe
SCHED-TRACE 5671 36555 U 4 4ec69f
SCHED-TRACE 5672 36555 V 4 4ec72b
SCHED-TRACE 5673 36555 O 0 0
SCHED-TRACE 5674 36555 P 72 598b25a1d
SCHED-TRACE 5675 36556 K 69 55a5d126f
SCHED-TRACE 5676 36556 P 72 59a34978e
SCHED-TRACE 5677 36557 P 72 59b5a8313
SCHED-TRACE 5678 36631 I 69 4eef6a
SCHED-TRACE 5679 36631 B 69 7a
SCHED-TRACE 5680 36631 P 69 5970f26ea
SCHED-TRACE 5681 36631 R 69 5970f26ea
SCHED-TRACE 5682 36632 U 4 4ef078
SCHED-TRACE 5683 36632 V 4 4ef105
SCHED-TRACE 5684 36632 O 0 0
SCHED-TRACE 5685 36632 P 69 598bad4fe
SCHED-TRACE 5686 36633 K 66 55a60e978
SCHED-TRACE 5687 36633 P 69 59a3d126f
SCHED-TRACE 5688 36634 P 69 59b62fdf4
SCHED-TRACE 5689 36708 I 66 4f1943
SCHED-TRACE 5690 36708 B 66 7a
SCHED-TRACE 5691 36708 P 66 59712d4fd
SCHED-TRACE 5692 36708 R 66 59712d4fd
SCHED-TRACE 5693 36709 U 4 4f1a51
SCHED-TRACE 5694 36709 V 4 4f1ade
SCHED-TRACE 5695 36709 O 0 0
SCHED-TRACE 5696 36709 P 66 598bed4fd
SCHED-TRACE 5697 36710 K 57 55a6afdf4
SCHED-TRACE 5698 36710 P 66 59a413b64
SCHED-TRACE 5699 36711 P 66 59b66fdf3
SCHED-TRACE 5700 36785 I 57 4f431c
SCHED-TRACE 5701 36785 B 57 7b
SCHED-TRACE 5702 36785 P 57 5971ce979
SCHED-TRACE 5703 36785 R 57 5971ce979
SCHED-TRACE 5704 36786 U 4 4f442b
SCHED-TRACE 5705 36786 V 4 4f44b7
SCHED-TRACE 5706 36786 O 0 0
SCHED-TRACE 5707 36786 P 57 598c93b65
SCHED-TRACE 5708 36787 K 54 55a7045a2
SCHED-TRACE 5709 36787 P 57 59a4b78d5
SCHED-TRACE 5710 36788 P 57 59b71645a
SCHED-TRACE 5711 36862 I 54 4f6cf5
SCHED-TRACE 5712 36862 B 54 7a
SCHED-TRACE 5713 36862 P 54 59721645a
SCHED-TRACE 5714 36862 R 54 59721645a
SCHED-TRACE 5715 36863 U 4 4f6e04
SCHED-TRACE 5716 36863 V 4 4f6e90
SCHED-TRACE 5717 36863 O 0 0
SCHED-TRACE 5718 36863 P 54 598ce0831
SCHED-TRACE 5719 36864 K 45 55a7fcac1
SCHED-TRACE 5720 36864 P 54 59a5045a2
SCHED-TRACE 5721 36865 P 54 59b763127
SCHED-TRACE 5722 36939 I 45 4f96ce
SCHED-TRACE 5723 36939 B 45 7a
SCHED-TRACE 5724 36939 P 45 59730c083
SCHED-TRACE 5725 36939 R 45 59730c083
SCHED-TRACE 5726 36940 U 4 4f97dd
SCHED-TRACE 5727 36940 V 4 4f9869
SCHED-TRACE 5728 36940 O 0 0
SCHED-TRACE 5729 36940 P 45 598dddf3b
SCHED-TRACE 5730 36941 K 39 55b21126e
SCHED-TRACE 5731 36941 P 45 59a601cac
SCHED-TRACE 5732 36942 P 45 59b860831
SCHED-TRACE 5733 37016 I 39 4fc0a8
SCHED-TRACE 5734 37016 B 39 7a
SCHED-TRACE 5735 37016 P 39 597d20831
SCHED-TRACE 5736 37016 R 39 597d20831
SCHED-TRACE 5737 37017 U 4 4fc1b5
SCHED-TRACE 5738 37017 V 4 4fc242
SCHED-TRACE 5739 37017 O 0 0
SCHED-TRACE 5740 37017 P 39 5997ce979
SCHED-TRACE 5741 37018 K 42 55b4045a2
SCHED-TRACE 5742 37018 P 39 59aff26e9
SCHED-TRACE 5743 37019 P 39 59c24e979
SCHED-TRACE 5744 37093 I 42 4fea80
SCHED-TRACE 5745 37093 B 42 7a
SCHED-TRACE 5746 37093 P 42 597f2ac09
SCHED-TRACE 5747 37093 R 42 597f2ac09
SCHED-TRACE 5748 37094 U 4 4feb8f
SCHED-TRACE 5749 37094 V 4 4fec1b
SCHED-TRACE 5750 37094 O 0 0
SCHED-TRACE 5751 37094 P 42 5999fcac1
SCHED-TRACE 5752 37095 K 33 55b726a7f
SCHED-TRACE 5753 37095 P 42 59b223127
SCHED-TRACE 5754 37096 P 42 59c47f3b7
SCHED-TRACE 5755 37170 I 33 50145a
SCHED-TRACE 5756 37170 B 33 7a
SCHED-TRACE 5757 37170 P 33 561843d70
SCHED-TRACE 5758 37170 R 33 561843d70
SCHED-TRACE 5759 37171 U 4 501567
SCHED-TRACE 5760 37171 V 4 5015f4
SCHED-TRACE 5761 37171 O 0 0
SCHED-TRACE 5762 37171 P 33 561aee148
SCHED-TRACE 5763 37172 K 36 55bc63127
SCHED-TRACE 5764 37172 P 33 561d5851f
SCHED-TRACE 5765 37173 P 33 561f2e560
SCHED-TRACE 5766 37247 I 36 503e32
SCHED-TRACE 5767 37247 B 36 7b
SCHED-TRACE 5768 37247 P 36 59876ac08
SCHED-TRACE 5769 37247 R 36 59876ac08
SCHED-TRACE 5770 37248 U 4 503f3f
SCHED-TRACE 5771 37248 V 4 503fcc
SCHED-TRACE 5772 37248 O 0 0
SCHED-TRACE 5773 37248 P 36 59a21126e
SCHED-TRACE 5774 37249 K 33 561f2e560
SCHED-TRACE 5775 37249 P 36 59ba378d5
SCHED-TRACE 5776 37250 P 36 59cc9126e
SCHED-TRACE 5777 37325 I 33 506881
SCHED-TRACE 5778 37325 B 33 7b
SCHED-TRACE 5779 37325 P 33 568177ced
SCHED-TRACE 5780 37325 R 33 568177ced
SCHED-TRACE 5781 37326 U 4 50698e
SCHED-TRACE 5782 37326 V 4 506a1b
SCHED-TRACE 5783 37326 O 0 0
SCHED-TRACE 5784 37326 P 33 568421893
SCHED-TRACE 5785 37327 K 33 568421893
SCHED-TRACE 5786 37327 P 33 56868b852
SCHED-TRACE 5787 37403 I 33 509296
SCHED-TRACE 5788 37403 B 33 7a
SCHED-TRACE 5789 37403 P 33 56ea16041
SCHED-TRACE 5790 37403 R 33 56ea16041
SCHED-TRACE 5791 37404 U 4 5093a3
SCHED-TRACE 5792 37404 V 4 50942f
SCHED-TRACE 5793 37404 O 0 0
SCHED-TRACE 5794 37404 P 33 56ecc0000
SCHED-TRACE 5795 37405 K 33 56ecc0000
SCHED-TRACE 5796 37405 P 33 56ef2a3d7
SCHED-TRACE 5797 37481 I 33 50bcaa
SCHED-TRACE 5798 37481 B 33 7a
SCHED-TRACE 5799 37481 P 33 5752b4bc6
SCHED-TRACE 5800 37481 R 33 5752b4bc6
SCHED-TRACE 5801 37482 U 4 50bdb7
SCHED-TRACE 5802 37482 V 4 50be44
SCHED-TRACE 5803 37482 O 0 0
SCHED-TRACE 5804 37482 P 33 57555eb85
SCHED-TRACE 5805 37483 K 33 57555eb85
SCHED-TRACE 5806 37483 P 33 5757c8f5c
SCHED-TRACE 5807 37559 I 33 50e6bf
SCHED-TRACE 5808 37559 B 33 7a
SCHED-TRACE 5809 37559 P 33 57bb53333
SCHED-TRACE 5810 37559 R 33 57bb53333
SCHED-TRACE 5811 37560 U 4 50e7cc
SCHED-TRACE 5812 37560 V 4 50e859
SCHED-TRACE 5813 37560 O 0 0
SCHED-TRACE 5814 37560 P 33 57bdfd70a
SCHED-TRACE 5815 37561 K 33 57bdfd70a
SCHED-TRACE 5816 37561 P 33 57c0676c9
SCHED-TRACE 5817 37637 I 33 5110d4
SCHED-TRACE 5818 37637 B 33 7a
SCHED-TRACE 5819 37637 P 33 5823f1eb8
SCHED-TRACE 5820 37637 R 33 5823f1eb8
SCHED-TRACE 5821 37638 U 4 5111e1
SCHED-TRACE 5822 37638 V 4 51126d
SCHED-TRACE 5823 37638 O 0 0
SCHED-TRACE 5824 37638 P 33 58269be77
SCHED-TRACE 5825 37639 K 33 58269be77
SCHED-TRACE 5826 37639 P 33 58290624e
SCHED-TRACE 5827 37715 I 33 513ae8
SCHED-TRACE 5828 37715 B 33 7b
SCHED-TRACE 5829 37715 P 33 588c90a3d
SCHED-TRACE 5830 37715 R 33 588c90a3d
SCHED-TRACE 5831 37716 U 4 513bf5
SCHED-TRACE 5832 37716 V 4 513c82
SCHED-TRACE 5833 37716 O 0 0
SCHED-TRACE 5834 37716 P 33 588f3a9fc
SCHED-TRACE 5835 37717 K 33 588f3a9fc
SCHED-TRACE 5836 37717 P 33 5891a4dd3
SCHED-TRACE 5837 37793 I 33 5164fd
SCHED-TRACE 5838 37793 B 33 7a
SCHED-TRACE 5839 37793 P 33 58f52f1aa
SCHED-TRACE 5840 37793 R 33 58f52f1aa
SCHED-TRACE 5841 37794 U 4 51660a
SCHED-TRACE 5842 37794 V 4 516697
SCHED-TRACE 5843 37794 O 0 0
SCHED-TRACE 5844 37794 P 33 58f7d9581
SCHED-TRACE 5845 37795 K 33 58f7d9581
SCHED-TRACE 5846 37795 P 33 58fa4353f
SCHED-TRACE 5847 37871 I 33 518f12
SCHED-TRACE 5848 37871 B 33 7a
SCHED-TRACE 5849 37871 P 33 595dcdd2f
SCHED-TRACE 5850 37871 R 33 595dcdd2f
SCHED-TRACE 5851 37872 U 4 51901f
SCHED-TRACE 5852 37872 V 4 5190ab
SCHED-TRACE 5853 37872 O 0 0
SCHED-TRACE 5854 37872 P 33 596077ced
SCHED-TRACE 5855 37873 K 33 596077ced
SCHED-TRACE 5856 37873 P 33 5962e20c4
SCHED-TRACE 5857 37949 I 33 51b926
SCHED-TRACE 5858 37949 B 33 7b
SCHED-TRACE 5859 37949 P 33 59c66c8b4
SCHED-TRACE 5860 37949 R 33 59c66c8b4
SCHED-TRACE 5861 37950 U 4 51ba34
SCHED-TRACE 5862 37950 V 4 51bac0
SCHED-TRACE 5863 37950 O 0 0
SCHED-TRACE 5864 37950 P 33 59c9170a4
SCHED-TRACE 5865 37951 K 60 599413b64
SCHED-TRACE 5866 37951 P 33 59cb8147b
SCHED-TRACE 5867 37952 P 33 59cd578d5
SCHED-TRACE 5868 38026 I 60 51e2ff
SCHED-TRACE 5869 38026 B 60 7b
SCHED-TRACE 5870 38026 P 60 5d5f4978d
SCHED-TRACE 5871 38026 R 60 5d5f4978d
SCHED-TRACE 5872 38027 U 4 51e40e
SCHED-TRACE 5873 38027 V 4 51e49a
SCHED-TRACE 5874 38027 O 0 0
SCHED-TRACE 5875 38027 P 60 5d7a0e978
SCHED-TRACE 5876 38028 K 81 59a86ac08
SCHED-TRACE 5877 38028 P 60 5d92326e9
SCHED-TRACE 5878 38029 P 60 5da49126e
SCHED-TRACE 5879 38103 I 81 520cd9
SCHED-TRACE 5880 38103 B 81 7a
SCHED-TRACE 5881 38103 P 81 5d738c083
SCHED-TRACE 5882 38103 R 81 5d738c083
SCHED-TRACE 5883 38104 U 4 520de7
SCHED-TRACE 5884 38104 V 4 520e73
SCHED-TRACE 5885 38104 O 0 0
SCHED-TRACE 5886 38104 P 81 5d8e3f3b6
SCHED-TRACE 5887 38105 K 78 59a8aac08
SCHED-TRACE 5888 38105 P 81 5da665a1c
SCHED-TRACE 5889 38106 P 81 5db8c45a1
SCHED-TRACE 5890 38180 I 78 5236b1
SCHED-TRACE 5891 38180 B 78 7b
SCHED-TRACE 5892 38180 P 78 5d73bcac1
SCHED-TRACE 5893 38180 R 78 5d73bcac1
SCHED-TRACE 5894 38181 U 4 5237bf
SCHED-TRACE 5895 38181 V 4 52384b
SCHED-TRACE 5896 38181 O 0 0
SCHED-TRACE 5897 38181 P 78 5d8e726ea
SCHED-TRACE 5898 38182 K 63 59ab1df3b
SCHED-TRACE 5899 38182 P 78 5da69645a
SCHED-TRACE 5900 38183 P 78 5db8f78d5
SCHED-TRACE 5901 38257 I 63 52608a
SCHED-TRACE 5902 38257 B 63 7a
SCHED-TRACE 5903 38257 P 63 5d763cac0
SCHED-TRACE 5904 38257 R 63 5d763cac0
SCHED-TRACE 5905 38258 U 4 526198
SCHED-TRACE 5906 38258 V 4 526225
SCHED-TRACE 5907 38258 O 0 0
SCHED-TRACE 5908 38258 P 63 5d9101cac
SCHED-TRACE 5909 38259 K 51 59ac0c083
SCHED-TRACE 5910 38259 P 63 5da928312
SCHED-TRACE 5911 38260 P 63 5dbb86e97
SCHED-TRACE 5912 38334 I 51 528a63
SCHED-TRACE 5913 38334 B 51 7b
SCHED-TRACE 5914 38334 P 51 5d7720831
SCHED-TRACE 5915 38334 R 51 5d7720831
SCHED-TRACE 5916 38335 U 4 528b72
SCHED-TRACE 5917 38335 V 4 528bfe
SCHED-TRACE 5918 38335 O 0 0
SCHED-TRACE 5919 38335 P 51 5d91efdf4
SCHED-TRACE 5920 38336 K 48 59ac68312
SCHED-TRACE 5921 38336 P 51 5daa13b65
SCHED-TRACE 5922 38337 P 51 5dbc74fdf
SCHED-TRACE 5923 38411 I 48 52b43d
SCHED-TRACE 5924 38411 B 48 7a
SCHED-TRACE 5925 38411 P 48 5d7786e97
SCHED-TRACE 5926 38411 R 48 5d7786e97
SCHED-TRACE 5927 38412 U 4 52b54c
SCHED-TRACE 5928 38412 V 4 52b5d8
SCHED-TRACE 5929 38412 O 0 0
SCHED-TRACE 5930 38412 P 48 5d9258d50
SCHED-TRACE 5931 38413 K 75 59b534fdf
SCHED-TRACE 5932 38413 P 48 5daa7cac0
SCHED-TRACE 5933 38414 P 48 5dbcdb645
SCHED-TRACE 5934 38488 I 75 52de18
SCHED-TRACE 5935 38488 B 75 7b
SCHED-TRACE 5936 38488 P 75 5d806d4fe
SCHED-TRACE 5937 38488 R 75 5d806d4fe
SCHED-TRACE 5938 38489 U 4 52df26
SCHED-TRACE 5939 38489 V 4 52dfb2
SCHED-TRACE 5940 38489 O 0 0
SCHED-TRACE 5941 38489 P 75 5d9b23127
SCHED-TRACE 5942 38490 K 72 59b5a8313
SCHED-TRACE 5943 38490 P 75 5db34978d
SCHED-TRACE 5944 38491 P 75 5dc5a8313
SCHED-TRACE 5945 38565 I 72 5307f1
SCHED-TRACE 5946 38565 B 72 7a
SCHED-TRACE 5947 38565 P 72 5d80cc083
SCHED-TRACE 5948 38565 R 72 5d80cc083
SCHED-TRACE 5949 38566 U 4 5308ff
SCHED-TRACE 5950 38566 V 4 53098c
SCHED-TRACE 5951 38566 O 0 0
SCHED-TRACE 5952 38566 P 72 5d9b86e98
SCHED-TRACE 5953 38567 K 69 59b62fdf4
SCHED-TRACE 5954 38567 P 72 5db3aac08
SCHED-TRACE 5955 38568 P 72 5dc60c083
SCHED-TRACE 5956 38642 I 69 5331ca
SCHED-TRACE 5957 38642 B 69 7a
SCHED-TRACE 5958 38642 P 69 5d814c084
SCHED-TRACE 5959 38642 R 69 5d814c084
SCHED-TRACE 5960 38643 U 4 5332d8
SCHED-TRACE 5961 38643 V 4 533365
SCHED-TRACE 5962 38643 O 0 0
SCHED-TRACE 5963 38643 P 69 5d9c0978e
SCHED-TRACE 5964 38644 K 66 59b66fdf3
SCHED-TRACE 5965 38644 P 69 5db42fdf4
SCHED-TRACE 5966 38645 P 69 5dc68e979
SCHED-TRACE 5967 38719 I 66 535ba3
SCHED-TRACE 5968 38719 B 66 7b
SCHED-TRACE 5969 38719 P 66 5d818c083
SCHED-TRACE 5970 38719 R 66 5d818c083
SCHED-TRACE 5971 38720 U 4 535cb1
SCHED-TRACE 5972 38720 V 4 535d3e
SCHED-TRACE 5973 38720 O 0 0
SCHED-TRACE 5974 38720 P 66 5d9c4c083
SCHED-TRACE 5975 38721 K 57 59b71645a
SCHED-TRACE 5976 38721 P 66 5db4726e9
SCHED-TRACE 5977 38722 P 66 5dc6d126e
SCHED-TRACE 5978 38796 I 57 53857c
SCHED-TRACE 5979 38796 B 57 7a
SCHED-TRACE 5980 38796 P 57 5d822fdf4
SCHED-TRACE 5981 38796 R 57 5d822fdf4
SCHED-TRACE 5982 38797 U 4 53868b
SCHED-TRACE 5983 38797 V 4 538717
SCHED-TRACE 5984 38797 O 0 0
SCHED-TRACE 5985 38797 P 57 5d9cf78d5
SCHED-TRACE 5986 38798 K 54 59b763127
SCHED-TRACE 5987 38798 P 57 5db51b646
SCHED-TRACE 5988 38799 P 57 5dc77cac1
SCHED-TRACE 5989 38873 I 54 53af56
SCHED-TRACE 5990 38873 B 54 7a
SCHED-TRACE 5991 38873 P 54 5d827f3b6
SCHED-TRACE 5992 38873 R 54 5d827f3b6
SCHED-TRACE 5993 38874 U 4 53b064
SCHED-TRACE 5994 38874 V 4 53b0f1
SCHED-TRACE 5995 38874 O 0 0
SCHED-TRACE 5996 38874 P 54 5d9d4c083
SCHED-TRACE 5997 38875 K 45 59b860831
SCHED-TRACE 5998 38875 P 54 5db5726e9
SCHED-TRACE 5999 38876 P 54 5dc7d126f
SCHED-TRACE 6000 38950 I 45 53d92f
SCHED-TRACE 6001 38950 B 45 7b
SCHED-TRACE 6002 38950 P 45 5d837a1cb
SCHED-TRACE 6003 38950 R 45 5d837a1cb
SCHED-TRACE 6004 38951 U 4 53da3e
SCHED-TRACE 6005 38951 V 4 53daca
SCHED-TRACE 6006 38951 O 0 0
SCHED-TRACE 6007 38951 P 45 5d9e4c083
SCHED-TRACE 6008 38952 K 39 59c24e979
SCHED-TRACE 6009 38952 P 45 5db6726ea
SCHED-TRACE 6010 38953 P 45 5dc8d126f
SCHED-TRACE 6011 39027 I 39 540309
SCHED-TRACE 6012 39027 B 39 7a
SCHED-TRACE 6013 39027 P 39 5d8d6d4fe
SCHED-TRACE 6014 39027 R 39 5d8d6d4fe
SCHED-TRACE 6015 39028 U 4 540416
SCHED-TRACE 6016 39028 V 4 5404a3
SCHED-TRACE 6017 39028 O 0 0
SCHED-TRACE 6018 39028 P 39 5da81b646
SCHED-TRACE 6019 39029 K 42 59c47f3b7
SCHED-TRACE 6020 39029 P 39 5dc041cac
SCHED-TRACE 6021 39030 P 39 5dd29df3b
SCHED-TRACE 6022 39104 I 42 542ce1
SCHED-TRACE 6023 39104 B 42 7b
SCHED-TRACE 6024 39104 P 42 5d8f9645a
SCHED-TRACE 6025 39104 R 42 5d8f9645a
SCHED-TRACE 6026 39105 U 4 542df0
SCHED-TRACE 6027 39105 V 4 542e7d
SCHED-TRACE 6028 39105 O 0 0
SCHED-TRACE 6029 39105 P 42 5daa68313
SCHED-TRACE 6030 39106 K 36 59cc9126e
SCHED-TRACE 6031 39106 P 42 5dc28c083
SCHED-TRACE 6032 39107 P 42 5dd4e8313
SCHED-TRACE 6033 39182 I 36 54572f
SCHED-TRACE 6034 39182 B 36 7b
SCHED-TRACE 6035 39182 P 36 5da30c083
SCHED-TRACE 6036 39182 R 36 5da30c083
SCHED-TRACE 6037 39183 U 4 54583c
SCHED-TRACE 6038 39183 V 4 5458c8
SCHED-TRACE 6039 39183 O 0 0
SCHED-TRACE 6040 39183 P 36 5dbdb26e9
SCHED-TRACE 6041 39184 K 33 59cd578d5
SCHED-TRACE 6042 39184 P 36 5dd5d8d4f
SCHED-TRACE 6043 39185 P 36 5de8326e9
SCHED-TRACE 6044 39259 I 33 548107
SCHED-TRACE 6045 39259 B 33 7b
SCHED-TRACE 6046 39259 P 33 5a2e74fdf
SCHED-TRACE 6047 39259 R 33 5a2e74fdf
SCHED-TRACE 6048 39260 U 4 548214
SCHED-TRACE 6049 39260 V 4 5482a1
SCHED-TRACE 6050 39260 O 0 0
SCHED-TRACE 6051 39260 P 33 5a311ef9e
SCHED-TRACE 6052 39261 K 33 5a311ef9e
SCHED-TRACE 6053 39261 P 33 5a3388f5c
SCHED-TRACE 6054 39337 I 33 54ab15
SCHED-TRACE 6055 39337 B 33 7b
SCHED-TRACE 6056 39337 P 33 5a9703127
SCHED-TRACE 6057 39337 R 33 5a9703127
SCHED-TRACE 6058 39338 U 4 54ac22
SCHED-TRACE 6059 39338 V 4 54acaf
SCHED-TRACE 6060 39338 O 0 0
SCHED-TRACE 6061 39338 P 33 5a99ad0e5
SCHED-TRACE 6062 39339 K 33 5a99ad0e5
SCHED-TRACE 6063 39339 P 33 5a9c174bc
SCHED-TRACE 6064 39415 I 33 54d52a
SCHED-TRACE 6065 39415 B 33 7a
SCHED-TRACE 6066 39415 P 33 5affa1893
SCHED-TRACE 6067 39415 R 33 5affa1893
SCHED-TRACE 6068 39416 U 4 54d637
SCHED-TRACE 6069 39416 V 4 54d6c4
SCHED-TRACE 6070 39416 O 0 0
SCHED-TRACE 6071 39416 P 33 5b024bc6a
SCHED-TRACE 6072 39417 K 33 5b024bc6a
SCHED-TRACE 6073 39417 P 33 5b04b5c29
SCHED-TRACE 6074 39493 I 33 54ff3f
SCHED-TRACE 6075 39493 B 33 7a
SCHED-TRACE 6076 39493 P 33 5b6840418
SCHED-TRACE 6077 39493 R 33 5b6840418
SCHED-TRACE 6078 39494 U 4 55004c
SCHED-TRACE 6079 39494 V 4 5500d8
SCHED-TRACE 6080 39494 O 0 0
SCHED-TRACE 6081 39494 P 33 5b6aea3d7
SCHED-TRACE 6082 39495 K 33 5b6aea3d7
SCHED-TRACE 6083 39495 P 33 5b6d547ae
SCHED-TRACE 6084 39571 I 33 552953
SCHED-TRACE 6085 39571 B 33 7b
SCHED-TRACE 6086 39571 P 33 5bd0def9e
SCHED-TRACE 6087 39571 R 33 5bd0def9e
SCHED-TRACE 6088 39572 U 4 552a60
SCHED-TRACE 6089 39572 V 4 552aed
SCHED-TRACE 6090 39572 O 0 0
SCHED-TRACE 6091 39572 P 33 5bd388f5c
SCHED-TRACE 6092 39573 K 33 5bd388f5c
SCHED-TRACE 6093 39573 P 33 5bd5f2f1a
SCHED-TRACE 6094 39649 I 33 555368
SCHED-TRACE 6095 39649 B 33 7a
SCHED-TRACE 6096 39649 P 33 5c397d70a
SCHED-TRACE 6097 39649 R 33 5c397d70a
SCHED-TRACE 6098 39650 U 4 555475
SCHED-TRACE 6099 39650 V 4 555502
SCHED-TRACE 6100 39650 O 0 0
SCHED-TRACE 6101 39650 P 33 5c3c276c9
SCHED-TRACE 6102 39651 K 33 5c3c276c9
SCHED-TRACE 6103 39651 P 33 5c3e91aa0
SCHED-TRACE 6104 39727 I 33 557d7d
SCHED-TRACE 6105 39727 B 33 7a
SCHED-TRACE 6106 39727 P 33 5ca21c28f
SCHED-TRACE 6107 39727 R 33 5ca21c28f
SCHED-TRACE 6108 39728 U 4 557e8a
SCHED-TRACE 6109 39728 V 4 557f16
SCHED-TRACE 6110 39728 O 0 0
SCHED-TRACE 6111 39728 P 33 5ca4c624e
SCHED-TRACE 6112 39729 K 33 5ca4c624e
SCHED-TRACE 6113 39729 P 33 5ca730625
SCHED-TRACE 6114 39805 I 33 55a791
SCHED-TRACE 6115 39805 B 33 7b
SCHED-TRACE 6116 39805 P 33 5d0abae14
SCHED-TRACE 6117 39805 R 33 5d0abae14
SCHED-TRACE 6118 39806 U 4 55a89e
SCHED-TRACE 6119 39806 V 4 55a92b
SCHED-TRACE 6120 39806 O 0 0
SCHED-TRACE 6121 39806 P 33 5d0d64dd3
SCHED-TRACE 6122 39807 K 33 5d0d64dd3
SCHED-TRACE 6123 39807 P 33 5d0fced91
SCHED-TRACE 6124 39883 I 33 55d1a6
SCHED-TRACE 6125 39883 B 33 7a
SCHED-TRACE 6126 39883 P 33 5d7359581
SCHED-TRACE 6127 39883 R 33 5d7359581
SCHED-TRACE 6128 39884 U 4 55d2b3
SCHED-TRACE 6129 39884 V 4 55d340
SCHED-TRACE 6130 39884 O 0 0
SCHED-TRACE 6131 39884 P 33 5d760353f
SCHED-TRACE 6132 39885 K 33 5d760353f
SCHED-TRACE 6133 39885 P 33 5d786d916
SCHED-TRACE 6134 39961 I 33 55fbba
SCHED-TRACE 6135 39961 B 33 7a
SCHED-TRACE 6136 39961 P 33 5ddbf8106
SCHED-TRACE 6137 39961 R 33 5ddbf8106
SCHED-TRACE 6138 39962 U 4 55fcc8
SCHED-TRACE 6139 39962 V 4 55fd54
SCHED-TRACE 6140 39962 O 0 0
SCHED-TRACE 6141 39962 P 33 5ddea28f6
SCHED-TRACE 6142 39963 K 60 5da49126e
SCHED-TRACE 6143 39963 P 33 5de10c8b4
SCHED-TRACE 6144 39964 P 33 5de2e2d0e
SCHED-TRACE 6145 40038 I 60 562594
SCHED-TRACE 6146 40038 B 60 7b
SCHED-TRACE 6147 40038 P 60 616fc978d
SCHED-TRACE 6148 40038 R 60 616fc978d
SCHED-TRACE 6149 40039 U 4 5626a2
SCHED-TRACE 6150 40039 V 4 56272f
SCHED-TRACE 6151 40039 O 0 0
SCHED-TRACE 6152 40039 P 60 618a8c083
SCHED-TRACE 6153 40040 K 81 5db8c45a1
SCHED-TRACE 6154 40040 P 60 61a2afdf3
SCHED-TRACE 6155 40041 P 60 61b50e978
SCHED-TRACE 6156 40116 I 81 564fe4
SCHED-TRACE 6157 40116 B 81 7b
SCHED-TRACE 6158 40116 P 81 618fa8312
SCHED-TRACE 6159 40116 R 81 618fa8312
SCHED-TRACE 6160 40117 U 4 5650f2
SCHED-TRACE 6161 40117 V 4 56517e
SCHED-TRACE 6162 40117 O 0 0
SCHED-TRACE 6163 40117 P 81 61aa5645a
SCHED-TRACE 6164 40118 K 78 5db8f78d5
SCHED-TRACE 6165 40118 P 81 61c27a1ca
SCHED-TRACE 6166 40119 P 81 61d4d8d4f
SCHED-TRACE 6167 40193 I 78 5679bd
SCHED-TRACE 6168 40193 B 78 7a
SCHED-TRACE 6169 40193 P 78 61841b646
SCHED-TRACE 6170 40193 R 78 61841b646
SCHED-TRACE 6171 40194 U 4 567acb
SCHED-TRACE 6172 40194 V 4 567b57
SCHED-TRACE 6173 40194 O 0 0
SCHED-TRACE 6174 40194 P 78 619ed126f
SCHED-TRACE 6175 40195 K 63 5dbb86e97
SCHED-TRACE 6176 40195 P 78 61b6f4fdf
SCHED-TRACE 6177 40196 P 78 61c953b64
SCHED-TRACE 6178 40270 I 63 56a396
SCHED-TRACE 6179 40270 B 63 7a
SCHED-TRACE 6180 40270 P 63 6186aac08
SCHED-TRACE 6181 40270 R 63 6186aac08
SCHED-TRACE 6182 40271 U 4 56a4a4
SCHED-TRACE 6183 40271 V 4 56a531
SCHED-TRACE 6184 40271 O 0 0
SCHED-TRACE 6185 40271 P 63 61a16d4fe
SCHED-TRACE 6186 40272 K 51 5dbc74fdf
SCHED-TRACE 6187 40272 P 63 61b99126e
SCHED-TRACE 6188 40273 P 63 61cbf26e9
SCHED-TRACE 6189 40347 I 51 56cd6f
SCHED-TRACE 6190 40347 B 51 7a
SCHED-TRACE 6191 40347 P 51 61878c083
SCHED-TRACE 6192 40347 R 51 61878c083
SCHED-TRACE 6193 40348 U 4 56ce7e
SCHED-TRACE 6194 40348 V 4 56cf0a
SCHED-TRACE 6195 40348 O 0 0
SCHED-TRACE 6196 40348 P 51 61a25b646
SCHED-TRACE 6197 40349 K 48 5dbcdb645
SCHED-TRACE 6198 40349 P 51 61ba7f3b7
SCHED-TRACE 6199 40350 P 51 61ccddf3c
SCHED-TRACE 6200 40424 I 48 56f749
SCHED-TRACE 6201 40424 B 48 7a
SCHED-TRACE 6202 40424 P 48 6187ff3b6
SCHED-TRACE 6203 40424 R 48 6187ff3b6
SCHED-TRACE 6204 40425 U 4 56f858
SCHED-TRACE 6205 40425 V 4 56f8e4
SCHED-TRACE 6206 40425 O 0 0
SCHED-TRACE 6207 40425 P 48 61a2ce979
SCHED-TRACE 6208 40426 K 75 5dc5a8313
SCHED-TRACE 6209 40426 P 48 61baf26e9
SCHED-TRACE 6210 40427 P 48 61cd5126e
SCHED-TRACE 6211 40501 I 75 572123
SCHED-TRACE 6212 40501 B 75 7a
SCHED-TRACE 6213 40501 P 75 6190cc083
SCHED-TRACE 6214 40501 R 75 6190cc083
SCHED-TRACE 6215 40502 U 4 572231
SCHED-TRACE 6216 40502 V 4 5722bd
SCHED-TRACE 6217 40502 O 0 0
SCHED-TRACE 6218 40502 P 75 61ab81cac
SCHED-TRACE 6219 40503 K 72 5dc60c083
SCHED-TRACE 6220 40503 P 75 61c3a5a1d
SCHED-TRACE 6221 40504 P 75 61d6045a2
SCHED-TRACE 6222 40578 I 72 574afc
SCHED-TRACE 6223 40578 B 72 7a
SCHED-TRACE 6224 40578 P 72 61912fdf4
SCHED-TRACE 6225 40578 R 72 61912fdf4
SCHED-TRACE 6226 40579 U 4 574c0a
SCHED-TRACE 6227 40579 V 4 574c96
SCHED-TRACE 6228 40579 O 0 0
SCHED-TRACE 6229 40579 P 72 61abe8313
SCHED-TRACE 6230 40580 K 69 5dc68e979
SCHED-TRACE 6231 40580 P 72 61c40c083
SCHED-TRACE 6232 40581 P 72 61d66ac08
SCHED-TRACE 6233 40655 I 69 5774d5
SCHED-TRACE 6234 40655 B 69 7a
SCHED-TRACE 6235 40655 P 69 6191afdf4
SCHED-TRACE 6236 40655 R 69 6191afdf4
SCHED-TRACE 6237 40656 U 4 5775e3
SCHED-TRACE 6238 40656 V 4 577670
SCHED-TRACE 6239 40656 O 0 0
SCHED-TRACE 6240 40656 P 69 61ac6ac09
SCHED-TRACE 6241 40657 K 66 5dc6d126e
SCHED-TRACE 6242 40657 P 69 61c49126f
SCHED-TRACE 6243 40658 P 69 61d6ed4fe
SCHED-TRACE 6244 40732 I 66 579eae
SCHED-TRACE 6245 40732 B 66 7b
SCHED-TRACE 6246 40732 P 66 6191f26e9
SCHED-TRACE 6247 40732 R 66 6191f26e9
SCHED-TRACE 6248 40733 U 4 579fbc
SCHED-TRACE 6249 40733 V 4 57a049
SCHED-TRACE 6250 40733 O 0 0
SCHED-TRACE 6251 40733 P 66 61acafdf3
SCHED-TRACE 6252 40734 K 57 5dc77cac1
SCHED-TRACE 6253 40734 P 66 61c4d3b64
SCHED-TRACE 6254 40735 P 66 61d7326e9
SCHED-TRACE 6255 40809 I 57 57c887
SCHED-TRACE 6256 40809 B 57 7a
SCHED-TRACE 6257 40809 P 57 61929645a
SCHED-TRACE 6258 40809 R 57 61929645a
SCHED-TRACE 6259 40810 U 4 57c995
SCHED-TRACE 6260 40810 V 4 57ca22
SCHED-TRACE 6261 40810 O 0 0
SCHED-TRACE 6262 40810 P 57 61ad5df3c
SCHED-TRACE 6263 40811 K 54 5dc7d126f
SCHED-TRACE 6264 40811 P 57 61c5845a2
SCHED-TRACE 6265 40812 P 57 61d7e0831
SCHED-TRACE 6266 40886 I 54 57f260
SCHED-TRACE 6267 40886 B 54 7b
SCHED-TRACE 6268 40886 P 54 6192e8312
SCHED-TRACE 6269 40886 R 54 6192e8312
SCHED-TRACE 6270 40887 U 4 57f36f
SCHED-TRACE 6271 40887 V 4 57f3fb
SCHED-TRACE 6272 40887 O 0 0
SCHED-TRACE 6273 40887 P 54 61adb26e9
SCHED-TRACE 6274 40888 K 45 5dc8d126f
SCHED-TRACE 6275 40888 P 54 61c5d8d50
SCHED-TRACE 6276 40889 P 54 61d834fdf
SCHED-TRACE 6277 40963 I 45 581c39
SCHED-TRACE 6278 40963 B 45 7b
SCHED-TRACE 6279 40963 P 45 6193e3127
SCHED-TRACE 6280 40963 R 45 6193e3127
SCHED-TRACE 6281 40964 U 4 581d48
SCHED-TRACE 6282 40964 V 4 581dd4
SCHED-TRACE 6283 40964 O 0 0
SCHED-TRACE 6284 40964 P 45 61aeb26ea
SCHED-TRACE 6285 40965 K 39 5dd29df3b
SCHED-TRACE 6286 40965 P 45 61c6d8d50
SCHED-TRACE 6287 40966 P 45 61d934fdf
SCHED-TRACE 6288 41040 I 39 584613
SCHED-TRACE 6289 41040 B 39 7a
SCHED-TRACE 6290 41040 P 39 619dd126e
SCHED-TRACE 6291 41040 R 39 619dd126e
SCHED-TRACE 6292 41041 U 4 584720
SCHED-TRACE 6293 41041 V 4 5847ad
SCHED-TRACE 6294 41041 O 0 0
SCHED-TRACE 6295 41041 P 39 61b87cac0
SCHED-TRACE 6296 41042 K 42 5dd4e8313
SCHED-TRACE 6297 41042 P 39 61d0a3127
SCHED-TRACE 6298 41043 P 39 61e2ff3b6
SCHED-TRACE 6299 41117 I 42 586feb
SCHED-TRACE 6300 41117 B 42 7b
SCHED-TRACE 6301 41117 P 42 61a01126f
SCHED-TRACE 6302 41117 R 42 61a01126f
SCHED-TRACE 6303 41118 U 4 5870fa
SCHED-TRACE 6304 41118 V 4 587186
SCHED-TRACE 6305 41118 O 0 0
SCHED-TRACE 6306 41118 P 42 61bae0832
SCHED-TRACE 6307 41119 K 33 5de2e2d0e
SCHED-TRACE 6308 41119 P 42 61d3045a2
SCHED-TRACE 6309 41120 P 42 61e560832
SCHED-TRACE 6310 41194 I 33 5899c5
SCHED-TRACE 6311 41194 B 33 7a
SCHED-TRACE 6312 41194 P 33 5e4400000
SCHED-TRACE 6313 41194 R 33 5e4400000
SCHED-TRACE 6314 41195 U 4 589ad2
SCHED-TRACE 6315 41195 V 4 589b5f
SCHED-TRACE 6316 41195 O 0 0
SCHED-TRACE 6317 41195 P 33 5e46aa3d7
SCHED-TRACE 6318 41196 K 36 5de8326e9
SCHED-TRACE 6319 41196 P 33 5e4914395
SCHED-TRACE 6320 41197 P 33 5e4aea3d7
SCHED-TRACE 6321 41271 I 36 58c39d
SCHED-TRACE 6322 41271 B 36 7a
SCHED-TRACE 6323 41271 P 36 61b3378d5
SCHED-TRACE 6324 41271 R 36 61b3378d5
SCHED-TRACE 6325 41272 U 4 58c4aa
SCHED-TRACE 6326 41272 V 4 58c537
SCHED-TRACE 6327 41272 O 0 0
SCHED-TRACE 6328 41272 P 36 61cdddf3b
SCHED-TRACE 6329 41273 K 33 5e4aea3d7
SCHED-TRACE 6330 41273 P 36 61e6045a1
SCHED-TRACE 6331 41274 P 36 61f860831
SCHED-TRACE 6332 41349 I 33 58edec
SCHED-TRACE 6333 41349 B 33 7a
SCHED-TRACE 6334 41349 P 33 5ead3374c
SCHED-TRACE 6335 41349 R 33 5ead3374c
SCHED-TRACE 6336 41350 U 4 58eef9
SCHED-TRACE 6337 41350 V 4 58ef85
SCHED-TRACE 6338 41350 O 0 0
SCHED-TRACE 6339 41350 P 33 5eafdd70a
SCHED-TRACE 6340 41351 K 33 5eafdd70a
SCHED-TRACE 6341 41351 P 33 5eb247ae1
SCHED-TRACE 6342 41427 I 33 591800
SCHED-TRACE 6343 41427 B 33 7b
SCHED-TRACE 6344 41427 P 33 5f15d22d1
SCHED-TRACE 6345 41427 R 33 5f15d22d1
SCHED-TRACE 6346 41428 U 4 59190e
SCHED-TRACE 6347 41428 V 4 59199a
SCHED-TRACE 6348 41428 O 0 0
SCHED-TRACE 6349 41428 P 33 5f187be77
SCHED-TRACE 6350 41429 K 33 5f187be77
SCHED-TRACE 6351 41429 P 33 5f1ae5e35
SCHED-TRACE 6352 41505 I 33 594215
SCHED-TRACE 6353 41505 B 33 7a
SCHED-TRACE 6354 41505 P 33 5f7e70625
SCHED-TRACE 6355 41505 R 33 5f7e70625
SCHED-TRACE 6356 41506 U 4 594322
SCHED-TRACE 6357 41506 V 4 5943af
SCHED-TRACE 6358 41506 O 0 0
SCHED-TRACE 6359 41506 P 33 5f811a5e3
SCHED-TRACE 6360 41507 K 33 5f811a5e3
SCHED-TRACE 6361 41507 P 33 5f83849ba
SCHED-TRACE 6362 41583 I 33 596c2a
SCHED-TRACE 6363 41583 B 33 7a
SCHED-TRACE 6364 41583 P 33 5fe70f1aa
SCHED-TRACE 6365 41583 R 33 5fe70f1aa
SCHED-TRACE 6366 41584 U 4 596d37
SCHED-TRACE 6367 41584 V 4 596dc3
SCHED-TRACE 6368 41584 O 0 0
SCHED-TRACE 6369 41584 P 33 5fe9b9168
SCHED-TRACE 6370 41585 K 33 5fe9b9168
SCHED-TRACE 6371 41585 P 33 5fec2353f
SCHED-TRACE 6372 41661 I 33 59963e
SCHED-TRACE 6373 41661 B 33 7a
SCHED-TRACE 6374 41661 P 33 604fad916
SCHED-TRACE 6375 41661 R 33 604fad916
SCHED-TRACE 6376 41662 U 4 59974c
SCHED-TRACE 6377 41662 V 4 5997d8
SCHED-TRACE 6378 41662 O 0 0
SCHED-TRACE 6379 41662 P 33 605257ced
SCHED-TRACE 6380 41663 K 33 605257ced
SCHED-TRACE 6381 41663 P 33 6054c1cac
SCHED-TRACE 6382 41739 I 33 59c053
SCHED-TRACE 6383 41739 B 33 7a
SCHED-TRACE 6384 41739 P 33 60b84c49b
SCHED-TRACE 6385 41739 R 33 60b84c49b
SCHED-TRACE 6386 41740 U 4 59c160
SCHED-TRACE 6387 41740 V 4 59c1ed
SCHED-TRACE 6388 41740 O 0 0
SCHED-TRACE 6389 41740 P 33 60baf645a
SCHED-TRACE 6390 41741 K 33 60baf645a
SCHED-TRACE 6391 41741 P 33 60bd60831
SCHED-TRACE 6392 41817 I 33 59ea68
SCHED-TRACE 6393 41817 B 33 7b
SCHED-TRACE 6394 41817 P 33 6120eb021
SCHED-TRACE 6395 41817 R 33 6120eb021
SCHED-TRACE 6396 41818 U 4 59eb75
SCHED-TRACE 6397 41818 V 4 59ec01
SCHED-TRACE 6398 41818 O 0 0
SCHED-TRACE 6399 41818 P 33 612394fdf
SCHED-TRACE 6400 41819 K 33 612394fdf
SCHED-TRACE 6401 41819 P 33 6125ff3b6
SCHED-TRACE 6402 41895 I 33 5a147c
SCHED-TRACE 6403 41895 B 33 7a
SCHED-TRACE 6404 41895 P 33 61898978d
SCHED-TRACE 6405 41895 R 33 61898978d
SCHED-TRACE 6406 41896 U 4 5a158a
SCHED-TRACE 6407 41896 V 4 5a1616
SCHED-TRACE 6408 41896 O 0 0
SCHED-TRACE 6409 41896 P 33 618c33b64
SCHED-TRACE 6410 41897 K 33 618c33b64
SCHED-TRACE 6411 41897 P 33 618e9db23
SCHED-TRACE 6412 41973 I 33 5a3e91
SCHED-TRACE 6413 41973 B 33 7a
SCHED-TRACE 6414 41973 P 33 61f228312
SCHED-TRACE 6415 41973 R 33 61f228312
SCHED-TRACE 6416 41974 U 4 5a3f9f
SCHED-TRACE 6417 41974 V 4 5a402b
SCHED-TRACE 6418 41974 O 0 0
SCHED-TRACE 6419 41974 P 33 61f4d2f1a
SCHED-TRACE 6420 41975 K 60 61b50e978
SCHED-TRACE 6421 41975 P 33 61f73ced9
SCHED-TRACE 6422 41976 P 33 61f91374c
SCHED-TRACE 6423 42050 I 60 5a686f
SCHED-TRACE 6424 42050 B 60 7a
SCHED-TRACE 6425 42050 P 60 6580bcac0
SCHED-TRACE 6426 42050 R 60 6580bcac0
SCHED-TRACE 6427 42051 U 4 5a697e
SCHED-TRACE 6428 42051 V 4 5a6a0a
SCHED-TRACE 6429 42051 O 0 0
SCHED-TRACE 6430 42051 P 60 659b81cac
SCHED-TRACE 6431 42052 K 78 61c953b64
SCHED-TRACE 6432 42052 P 60 65b3a8312
SCHED-TRACE 6433 42053 P 60 65c60978d
SCHED-TRACE 6434 42127 I 78 5a9249
SCHED-TRACE 6435 42127 B 78 7a
SCHED-TRACE 6436 42127 P 78 6594726ea
SCHED-TRACE 6437 42127 R 78 6594726ea
SCHED-TRACE 6438 42128 U 4 5a9357
SCHED-TRACE 6439 42128 V 4 5a93e3
SCHED-TRACE 6440 42128 O 0 0
SCHED-TRACE 6441 42128 P 78 65af28313
SCHED-TRACE 6442 42129 K 63 61cbf26e9
SCHED-TRACE 6443 42129 P 78 65c74e979
SCHED-TRACE 6444 42130 P 78 65d9ad4fe
SCHED-TRACE 6445 42204 I 63 5abc22
SCHED-TRACE 6446 42204 B 63 7b
SCHED-TRACE 6447 42204 P 63 659718d50
SCHED-TRACE 6448 42204 R 63 659718d50
SCHED-TRACE 6449 42205 U 4 5abd30
SCHED-TRACE 6450 42205 V 4 5abdbd
SCHED-TRACE 6451 42205 O 0 0
SCHED-TRACE 6452 42205 P 63 65b1ddf3b
SCHED-TRACE 6453 42206 K 51 61ccddf3c
SCHED-TRACE 6454 42206 P 63 65ca045a2
SCHED-TRACE 6455 42207 P 63 65dc65a1c
SCHED-TRACE 6456 42281 I 51 5ae5fb
SCHED-TRACE 6457 42281 B 51 7b
SCHED-TRACE 6458 42281 P 51 6597f4fdf
SCHED-TRACE 6459 42281 R 51 6597f4fdf
SCHED-TRACE 6460 42282 U 4 5ae70a
SCHED-TRACE 6461 42282 V 4 5ae797
SCHED-TRACE 6462 42282 O 0 0
SCHED-TRACE 6463 42282 P 51 65b2c45a2
SCHED-TRACE 6464 42283 K 48 61cd5126e
SCHED-TRACE 6465 42283 P 51 65cae8313
SCHED-TRACE 6466 42284 P 51 65dd4978e
SCHED-TRACE 6467 42358 I 48 5b0fd5
SCHED-TRACE 6468 42358 B 48 7a
SCHED-TRACE 6469 42358 P 48 65986ac08
SCHED-TRACE 6470 42358 R 48 65986ac08
SCHED-TRACE 6471 42359 U 4 5b10e4
SCHED-TRACE 6472 42359 V 4 5b1170
SCHED-TRACE 6473 42359 O 0 0
SCHED-TRACE 6474 42359 P 48 65b33cac0
SCHED-TRACE 6475 42360 K 81 61d4d8d4f
SCHED-TRACE 6476 42360 P 48 65cb60831
SCHED-TRACE 6477 42361 P 48 65ddbf3b6
SCHED-TRACE 6478 42435 I 81 5b39b0
SCHED-TRACE 6479 42435 B 81 7b
SCHED-TRACE 6480 42435 P 81 65a01126e
SCHED-TRACE 6481 42435 R 81 65a01126e
SCHED-TRACE 6482 42436 U 4 5b3abe
SCHED-TRACE 6483 42436 V 4 5b3b4a
SCHED-TRACE 6484 42436 O 0 0
SCHED-TRACE 6485 42436 P 81 65bac1cac
SCHED-TRACE 6486 42437 K 75 61d6045a2
SCHED-TRACE 6487 42437 P 81 65d2e5a1c
SCHED-TRACE 6488 42438 P 81 65e546e97
SCHED-TRACE 6489 42512 I 75 5b6388
SCHED-TRACE 6490 42512 B 75 7a
SCHED-TRACE 6491 42512 P 75 65a113b65
SCHED-TRACE 6492 42512 R 75 65a113b65
SCHED-TRACE 6493 42513 U 4 5b6496
SCHED-TRACE 6494 42513 V 4 5b6522
SCHED-TRACE 6495 42513 O 0 0
SCHED-TRACE 6496 42513 P 75 65bbcc083
SCHED-TRACE 6497 42514 K 72 61d66ac08
SCHED-TRACE 6498 42514 P 75 65d3efdf4
SCHED-TRACE 6499 42515 P 75 65e64e979
SCHED-TRACE 6500 42589 I 72 5b8d61
SCHED-TRACE 6501 42589 B 72 7a
SCHED-TRACE 6502 42589 P 72 65a18c083
SCHED-TRACE 6503 42589 R 72 65a18c083
SCHED-TRACE 6504 42590 U 4 5b8e6f
SCHED-TRACE 6505 42590 V 4 5b8efb
SCHED-TRACE 6506 42590 O 0 0
SCHED-TRACE 6507 42590 P 72 65bc46e98
SCHED-TRACE 6508 42591 K 69 61d6ed4fe
SCHED-TRACE 6509 42591 P 72 65d46ac08
SCHED-TRACE 6510 42592 P 72 65e6c978e
SCHED-TRACE 6511 42666 I 69 5bb73a
SCHED-TRACE 6512 42666 B 69 7a
SCHED-TRACE 6513 42666 P 69 65a20c084
SCHED-TRACE 6514 42666 R 69 65a20c084
SCHED-TRACE 6515 42667 U 4 5bb848
SCHED-TRACE 6516 42667 V 4 5bb8d5
SCHED-TRACE 6517 42667 O 0 0
SCHED-TRACE 6518 42667 P 69 65bcc978e
SCHED-TRACE 6519 42668 K 66 61d7326e9
SCHED-TRACE 6520 42668 P 69 65d4ed4fe
SCHED-TRACE 6521 42669 P 69 65e74c084
SCHED-TRACE 6522 42743 I 66 5be113
SCHED-TRACE 6523 42743 B 66 7a
SCHED-TRACE 6524 42743 P 66 65a24e978
SCHED-TRACE 6525 42743 R 66 65a24e978
SCHED-TRACE 6526 42744 U 4 5be221
SCHED-TRACE 6527 42744 V 4 5be2ae
SCHED-TRACE 6528 42744 O 0 0
SCHED-TRACE 6529 42744 P 66 65bd0e978
SCHED-TRACE 6530 42745 K 57 61d7e0831
SCHED-TRACE 6531 42745 P 66 65d5326e9
SCHED-TRACE 6532 42746 P 66 65e793b64
SCHED-TRACE 6533 42820 I 57 5c0aec
SCHED-TRACE 6534 42820 B 57 7a
SCHED-TRACE 6535 42820 P 57 65a2f78d5
SCHED-TRACE 6536 42820 R 57 65a2f78d5
SCHED-TRACE 6537 42821 U 4 5c0bfb
SCHED-TRACE 6538 42821 V 4 5c0c87
SCHED-TRACE 6539 42821 O 0 0
SCHED-TRACE 6540 42821 P 57 65bdc1cac
SCHED-TRACE 6541 42822 K 54 61d834fdf
SCHED-TRACE 6542 42822 P 57 65d5e5a1d
SCHED-TRACE 6543 42823 P 57 65e8445a2
SCHED-TRACE 6544 42897 I 54 5c34c5
SCHED-TRACE 6545 42897 B 54 7b
SCHED-TRACE 6546 42897 P 54 65a35126f
SCHED-TRACE 6547 42897 R 54 65a35126f
SCHED-TRACE 6548 42898 U 4 5c35d4
SCHED-TRACE 6549 42898 V 4 5c3661
SCHED-TRACE 6550 42898 O 0 0
SCHED-TRACE 6551 42898 P 54 65be1b646
SCHED-TRACE 6552 42899 K 45 61d934fdf
SCHED-TRACE 6553 42899 P 54 65d63f3b6
SCHED-TRACE 6554 42900 P 54 65e8a0831
SCHED-TRACE 6555 42974 I 45 5c5e9f
SCHED-TRACE 6556 42974 B 45 7a
SCHED-TRACE 6557 42974 P 45 65a45126f
SCHED-TRACE 6558 42974 R 45 65a45126f
SCHED-TRACE 6559 42975 U 4 5c5fae
SCHED-TRACE 6560 42975 V 4 5c603a
SCHED-TRACE 6561 42975 O 0 0
SCHED-TRACE 6562 42975 P 45 65bf25a1d
SCHED-TRACE 6563 42976 K 39 61e2ff3b6
SCHED-TRACE 6564 42976 P 45 65d74c083
SCHED-TRACE 6565 42977 P 45 65e9a8312
SCHED-TRACE 6566 43051 I 39 5c8879
SCHED-TRACE 6567 43051 B 39 7a
SCHED-TRACE 6568 43051 P 39 65ae20831
SCHED-TRACE 6569 43051 R 39 65ae20831
SCHED-TRACE 6570 43052 U 4 5c8987
SCHED-TRACE 6571 43052 V 4 5c8a13
SCHED-TRACE 6572 43052 O 0 0
SCHED-TRACE 6573 43052 P 39 65c8ce979
SCHED-TRACE 6574 43053 K 42 61e560832
SCHED-TRACE 6575 43053 P 39 65e0f26e9
SCHED-TRACE 6576 43054 P 39 65f35126e
SCHED-TRACE 6577 43128 I 42 5cb251
SCHED-TRACE 6578 43128 B 42 7a
SCHED-TRACE 6579 43128 P 42 65b074fe0
SCHED-TRACE 6580 43128 R 42 65b074fe0
SCHED-TRACE 6581 43129 U 4 5cb360
SCHED-TRACE 6582 43129 V 4 5cb3ec
SCHED-TRACE 6583 43129 O 0 0
SCHED-TRACE 6584 43129 P 42 65cb4978e
SCHED-TRACE 6585 43130 K 36 61f860831
SCHED-TRACE 6586 43130 P 42 65e36fdf4
SCHED-TRACE 6587 43131 P 42 65f5cc083
SCHED-TRACE 6588 43205 I 36 5cdc2b
SCHED-TRACE 6589 43205 B 36 7a
SCHED-TRACE 6590 43205 P 36 65c36ac08
SCHED-TRACE 6591 43205 R 36 65c36ac08
SCHED-TRACE 6592 43206 U 4 5cdd38
SCHED-TRACE 6593 43206 V 4 5cddc5
SCHED-TRACE 6594 43206 O 0 0
SCHED-TRACE 6595 43206 P 36 65de13b64
SCHED-TRACE 6596 43207 K 33 61f91374c
SCHED-TRACE 6597 43207 P 36 65f63a1ca
SCHED-TRACE 6598 43208 P 36 660893b64
SCHED-TRACE 6599 43282 I 33 5d0603
SCHED-TRACE 6600 43282 B 33 7b
SCHED-TRACE 6601 43282 P 33 625a3020c
SCHED-TRACE 6602 43282 R 33 625a3020c
SCHED-TRACE 6603 43283 U 4 5d0710
SCHED-TRACE 6604 43283 V 4 5d079d
SCHED-TRACE 6605 43283 O 0 0
SCHED-TRACE 6606 43283 P 33 625cda1cb
SCHED-TRACE 6607 43284 K 33 625cda1cb
SCHED-TRACE 6608 43284 P 33 625f44189
SCHED-TRACE 6609 43360 I 33 5d3011
SCHED-TRACE 6610 43360 B 33 7b
SCHED-TRACE 6611 43360 P 33 62c2bef9e
SCHED-TRACE 6612 43360 R 33 62c2bef9e
SCHED-TRACE 6613 43361 U 4 5d311f
SCHED-TRACE 6614 43361 V 4 5d31ab
SCHED-TRACE 6615 43361 O 0 0
SCHED-TRACE 6616 43361 P 33 62c568f5c
SCHED-TRACE 6617 43362 K 33 62c568f5c
SCHED-TRACE 6618 43362 P 33 62c7d2f1a
SCHED-TRACE 6619 43438 I 33 5d5a26
SCHED-TRACE 6620 43438 B 33 7a
SCHED-TRACE 6621 43438 P 33 632b5d70a
SCHED-TRACE 6622 43438 R 33 632b5d70a
SCHED-TRACE 6623 43439 U 4 5d5b33
SCHED-TRACE 6624 43439 V 4 5d5bc0
SCHED-TRACE 6625 43439 O 0 0
SCHED-TRACE 6626 43439 P 33 632e076c9
SCHED-TRACE 6627 43440 K 33 632e076c9
SCHED-TRACE 6628 43440 P 33 633071aa0
SCHED-TRACE 6629 43516 I 33 5d843b
SCHED-TRACE 6630 43516 B 33 7a
SCHED-TRACE 6631 43516 P 33 6393fc28f
SCHED-TRACE 6632 43516 R 33 6393fc28f
SCHED-TRACE 6633 43517 U 4 5d8548
SCHED-TRACE 6634 43517 V 4 5d85d4
SCHED-TRACE 6635 43517 O 0 0
SCHED-TRACE 6636 43517 P 33 6396a624e
SCHED-TRACE 6637 43518 K 33 6396a624e
SCHED-TRACE 6638 43518 P 33 639910625
SCHED-TRACE 6639 43594 I 33 5dae4f
SCHED-TRACE 6640 43594 B 33 7b
SCHED-TRACE 6641 43594 P 33 63fc9ae14
SCHED-TRACE 6642 43594 R 33 63fc9ae14
SCHED-TRACE 6643 43595 U 4 5daf5d
SCHED-TRACE 6644 43595 V 4 5dafe9
SCHED-TRACE 6645 43595 O 0 0
SCHED-TRACE 6646 43595 P 33 63ff44dd3
SCHED-TRACE 6647 43596 K 33 63ff44dd3
SCHED-TRACE 6648 43596 P 33 6401aed91
SCHED-TRACE 6649 43672 I 33 5dd864
SCHED-TRACE 6650 43672 B 33 7a
SCHED-TRACE 6651 43672 P 33 646539581
SCHED-TRACE 6652 43672 R 33 646539581
SCHED-TRACE 6653 43673 U 4 5dd971
SCHED-TRACE 6654 43673 V 4 5dd9fe
SCHED-TRACE 6655 43673 O 0 0
SCHED-TRACE 6656 43673 P 33 6467e353f
SCHED-TRACE 6657 43674 K 33 6467e353f
SCHED-TRACE 6658 43674 P 33 646a4d916
SCHED-TRACE 6659 43750 I 33 5e0279
SCHED-TRACE 6660 43750 B 33 7a
SCHED-TRACE 6661 43750 P 33 64cdd8106
SCHED-TRACE 6662 43750 R 33 64cdd8106
SCHED-TRACE 6663 43751 U 4 5e0386
SCHED-TRACE 6664 43751 V 4 5e0412
SCHED-TRACE 6665 43751 O 0 0
SCHED-TRACE 6666 43751 P 33 64d0820c4
SCHED-TRACE 6667 43752 K 33 64d0820c4
SCHED-TRACE 6668 43752 P 33 64d2ec49b
SCHED-TRACE 6669 43828 I 33 5e2c8d
SCHED-TRACE 6670 43828 B 33 7b
SCHED-TRACE 6671 43828 P 33 653676c8b
SCHED-TRACE 6672 43828 R 33 653676c8b
SCHED-TRACE 6673 43829 U 4 5e2d9b
SCHED-TRACE 6674 43829 V 4 5e2e27
SCHED-TRACE 6675 43829 O 0 0
SCHED-TRACE 6676 43829 P 33 653920831
SCHED-TRACE 6677 43830 K 33 653920831
SCHED-TRACE 6678 43830 P 33 653b8a7ef
SCHED-TRACE 6679 43906 I 33 5e56a2
SCHED-TRACE 6680 43906 B 33 7a
SCHED-TRACE 6681 43906 P 33 659f14fdf
SCHED-TRACE 6682 43906 R 33 659f14fdf
SCHED-TRACE 6683 43907 U 4 5e57af
SCHED-TRACE 6684 43907 V 4 5e583c
SCHED-TRACE 6685 43907 O 0 0
SCHED-TRACE 6686 43907 P 33 65a1bef9e
SCHED-TRACE 6687 43908 K 33 65a1bef9e
SCHED-TRACE 6688 43908 P 33 65a429375
SCHED-TRACE 6689 43984 I 33 5e80b7
SCHED-TRACE 6690 43984 B 33 7a
SCHED-TRACE 6691 43984 P 33 6607b3b64
SCHED-TRACE 6692 43984 R 33 6607b3b64
SCHED-TRACE 6693 43985 U 4 5e81c4
SCHED-TRACE 6694 43985 V 4 5e8251
SCHED-TRACE 6695 43985 O 0 0
SCHED-TRACE 6696 43985 P 33 660a5e76c
SCHED-TRACE 6697 43986 K 60 65c60978d
SCHED-TRACE 6698 43986 P 33 660cc8b43
SCHED-TRACE 6699 43987 P 33 660e9f3b6
SCHED-TRACE 6700 44061 I 60 5eaa95
SCHED-TRACE 6701 44061 B 60 7a
SCHED-TRACE 6702 44061 P 60 6991bcac0
SCHED-TRACE 6703 44061 R 60 6991bcac0
SCHED-TRACE 6704 44062 U 4 5eaba4
SCHED-TRACE 6705 44062 V 4 5eac30
SCHED-TRACE 6706 44062 O 0 0
SCHED-TRACE 6707 44062 P 60 69ac845a1
SCHED-TRACE 6708 44063 K 78 65d9ad4fe
SCHED-TRACE 6709 44063 P 60 69c4aac08
SCHED-TRACE 6710 44064 P 60 69d70978d
SCHED-TRACE 6711 44138 I 78 5ed46e
SCHED-TRACE 6712 44138 B 78 7b
SCHED-TRACE 6713 44138 P 78 69a4bcac1
SCHED-TRACE 6714 44138 R 78 69a4bcac1
SCHED-TRACE 6715 44139 U 4 5ed57c
SCHED-TRACE 6716 44139 V 4 5ed608
SCHED-TRACE 6717 44139 O 0 0
SCHED-TRACE 6718 44139 P 78 69bf726ea
SCHED-TRACE 6719 44140 K 63 65dc65a1c
SCHED-TRACE 6720 44140 P 78 69d79645a
SCHED-TRACE 6721 44141 P 78 69e9f78d5
SCHED-TRACE 6722 44215 I 63 5efe47
SCHED-TRACE 6723 44215 B 63 7b
SCHED-TRACE 6724 44215 P 63 69a786e97
SCHED-TRACE 6725 44215 R 63 69a786e97
SCHED-TRACE 6726 44216 U 4 5eff55
SCHED-TRACE 6727 44216 V 4 5effe2
SCHED-TRACE 6728 44216 O 0 0
SCHED-TRACE 6729 44216 P 63 69c24978d
SCHED-TRACE 6730 44217 K 51 65dd4978e
SCHED-TRACE 6731 44217 P 63 69da6fdf4
SCHED-TRACE 6732 44218 P 63 69ecd126e
SCHED-TRACE 6733 44292 I 51 5f2824
SCHED-TRACE 6734 44292 B 51 7b
SCHED-TRACE 6735 44292 P 51 69a8bcac1
SCHED-TRACE 6736 44292 R 51 69a8bcac1
SCHED-TRACE 6737 44293 U 4 5f2933
SCHED-TRACE 6738 44293 V 4 5f29bf
SCHED-TRACE 6739 44293 O 0 0
SCHED-TRACE 6740 44293 P 51 69c38c083
SCHED-TRACE 6741 44294 K 48 65ddbf3b6
SCHED-TRACE 6742 44294 P 51 69dbafdf4
SCHED-TRACE 6743 44295 P 51 69ee1126f
SCHED-TRACE 6744 44369 I 48 5f5200
SCHED-TRACE 6745 44369 B 48 7a
SCHED-TRACE 6746 44369 P 48 69a91b645
SCHED-TRACE 6747 44369 R 48 69a91b645
SCHED-TRACE 6748 44370 U 4 5f530f
SCHED-TRACE 6749 44370 V 4 5f539c
SCHED-TRACE 6750 44370 O 0 0
SCHED-TRACE 6751 44370 P 48 69c3ed4fe
SCHED-TRACE 6752 44371 K 81 65e546e97
SCHED-TRACE 6753 44371 P 48 69dc1126e
SCHED-TRACE 6754 44372 P 48 69ee726e9
SCHED-TRACE 6755 44446 I 81 5f7bdb
SCHED-TRACE 6756 44446 B 81 7a
SCHED-TRACE 6757 44446 P 81 69b07cac0
SCHED-TRACE 6758 44446 R 81 69b07cac0
SCHED-TRACE 6759 44447 U 4 5f7ce9
SCHED-TRACE 6760 44447 V 4 5f7d75
SCHED-TRACE 6761 44447 O 0 0
SCHED-TRACE 6762 44447 P 81 69cb2d4fe
SCHED-TRACE 6763 44448 K 75 65e64e979
SCHED-TRACE 6764 44448 P 81 69e353b64
SCHED-TRACE 6765 44449 P 81 69f5b26e9
SCHED-TRACE 6766 44523 I 75 5fa5b4
SCHED-TRACE 6767 44523 B 75 7b
SCHED-TRACE 6768 44523 P 75 69b17f3b6
SCHED-TRACE 6769 44523 R 75 69b17f3b6
SCHED-TRACE 6770 44524 U 4 5fa6c2
SCHED-TRACE 6771 44524 V 4 5fa74f
SCHED-TRACE 6772 44524 O 0 0
SCHED-TRACE 6773 44524 P 75 69cc34fdf
SCHED-TRACE 6774 44525 K 72 65e6c978e
SCHED-TRACE 6775 44525 P 75 69e458d50
SCHED-TRACE 6776 44526 P 75 69f6ba1cb
SCHED-TRACE 6777 44600 I 72 5fcf8d
SCHED-TRACE 6778 44600 B 72 7a
SCHED-TRACE 6779 44600 P 72 69b1ddf3c
SCHED-TRACE 6780 44600 R 72 69b1ddf3c
SCHED-TRACE 6781 44601 U 4 5fd09b
SCHED-TRACE 6782 44601 V 4 5fd128
SCHED-TRACE 6783 44601 O 0 0
SCHED-TRACE 6784 44601 P 72 69cc98d50
SCHED-TRACE 6785 44602 K 69 65e74c084
SCHED-TRACE 6786 44602 P 72 69e4bcac1
SCHED-TRACE 6787 44603 P 72 69f71df3c
SCHED-TRACE 6788 44677 I 69 5ff966
SCHED-TRACE 6789 44677 B 69 7a
SCHED-TRACE 6790 44677 P 69 69b268313
SCHED-TRACE 6791 44677 R 69 69b268313
SCHED-TRACE 6792 44678 U 4 5ffa74
SCHED-TRACE 6793 44678 V 4 5ffb01
SCHED-TRACE 6794 44678 O 0 0
SCHED-TRACE 6795 44678 P 69 69cd25a1d
SCHED-TRACE 6796 44679 K 66 65e793b64
SCHED-TRACE 6797 44679 P 69 69e54c084
SCHED-TRACE 6798 44680 P 69 69f7aac09
SCHED-TRACE 6799 44754 I 66 60233f
SCHED-TRACE 6800 44754 B 66 7a
SCHED-TRACE 6801 44754 P 66 69b2b26e9
SCHED-TRACE 6802 44754 R 66 69b2b26e9
SCHED-TRACE 6803 44755 U 4 60244d
SCHED-TRACE 6804 44755 V 4 6024da
SCHED-TRACE 6805 44755 O 0 0
SCHED-TRACE 6806 44755 P 66 69cd726e9
SCHED-TRACE 6807 44756 K 57 65e8445a2
SCHED-TRACE 6808 44756 P 66 69e59645a
SCHED-TRACE 6809 44757 P 66 69f7f78d5
SCHED-TRACE 6810 44831 I 57 604d19
SCHED-TRACE 6811 44831 B 57 7a
SCHED-TRACE 6812 44831 P 57 69b36fdf4
SCHED-TRACE 6813 44831 R 57 69b36fdf4
SCHED-TRACE 6814 44832 U 4 604e28
SCHED-TRACE 6815 44832 V 4 604eb4
SCHED-TRACE 6816 44832 O 0 0
SCHED-TRACE 6817 44832 P 57 69ce378d5
SCHED-TRACE 6818 44833 K 54 65e8a0831
SCHED-TRACE 6819 44833 P 57 69e65df3c
SCHED-TRACE 6820 44834 P 57 69f8bcac1
SCHED-TRACE 6821 44908 I 54 6076f3
SCHED-TRACE 6822 44908 B 54 7a
SCHED-TRACE 6823 44908 P 54 69b3d645a
SCHED-TRACE 6824 44908 R 54 69b3d645a
SCHED-TRACE 6825 44909 U 4 607802
SCHED-TRACE 6826 44909 V 4 60788f
SCHED-TRACE 6827 44909 O 0 0
SCHED-TRACE 6828 44909 P 54 69cea3127
SCHED-TRACE 6829 44910 K 45 65e9a8312
SCHED-TRACE 6830 44910 P 54 69e6c978d
SCHED-TRACE 6831 44911 P 54 69f928312
SCHED-TRACE 6832 44985 I 45 60a0cd
SCHED-TRACE 6833 44985 B 45 7b
SCHED-TRACE 6834 44985 P 45 69b4c45a2
SCHED-TRACE 6835 44985 R 45 69b4c45a2
SCHED-TRACE 6836 44986 U 4 60a1dc
SCHED-TRACE 6837 44986 V 4 60a268
SCHED-TRACE 6838 44986 O 0 0
SCHED-TRACE 6839 44986 P 45 69cf9645a
SCHED-TRACE 6840 44987 K 39 65f35126e
SCHED-TRACE 6841 44987 P 45 69e7bcac1
SCHED-TRACE 6842 44988 P 45 69fa1b646
SCHED-TRACE 6843 45063 I 39 60cb1e
SCHED-TRACE 6844 45063 B 39 7a
SCHED-TRACE 6845 45063 P 39 69ca2d4fe
SCHED-TRACE 6846 45063 R 39 69ca2d4fe
SCHED-TRACE 6847 45064 U 4 60cc2b
SCHED-TRACE 6848 45064 V 4 60ccb8
SCHED-TRACE 6849 45064 O 0 0
SCHED-TRACE 6850 45064 P 39 69e4db646
SCHED-TRACE 6851 45065 K 42 65f5cc083
SCHED-TRACE 6852 45065 P 39 69fcff3b6
SCHED-TRACE 6853 45066 P 39 6a0f5df3b
SCHED-TRACE 6854 45141 I 42 60f56d
SCHED-TRACE 6855 45141 B 42 7a
SCHED-TRACE 6856 45141 P 42 69cca0832
SCHED-TRACE 6857 45141 R 42 69cca0832
SCHED-TRACE 6858 45142 U 4 60f67c
SCHED-TRACE 6859 45142 V 4 60f708
SCHED-TRACE 6860 45142 O 0 0
SCHED-TRACE 6861 45142 P 42 69e774fe0
SCHED-TRACE 6862 45143 K 36 660893b64
SCHED-TRACE 6863 45143 P 42 69ff98d50
SCHED-TRACE 6864 45144 P 42 6a11f78d5
SCHED-TRACE 6865 45218 I 36 611f47
SCHED-TRACE 6866 45218 B 36 7a
SCHED-TRACE 6867 45218 P 36 69d3a3127
SCHED-TRACE 6868 45218 R 36 69d3a3127
SCHED-TRACE 6869 45219 U 4 612054
SCHED-TRACE 6870 45219 V 4 6120e1
SCHED-TRACE 6871 45219 O 0 0
SCHED-TRACE 6872 45219 P 36 69ee4978d
SCHED-TRACE 6873 45220 K 33 660e9f3b6
SCHED-TRACE 6874 45220 P 36 6a066d4fe
SCHED-TRACE 6875 45221 P 36 6a18c978d
SCHED-TRACE 6876 45295 I 33 61491f
SCHED-TRACE 6877 45295 B 33 7a
SCHED-TRACE 6878 45295 P 33 666fbba5e
SCHED-TRACE 6879 45295 R 33 666fbba5e
SCHED-TRACE 6880 45296 U 4 614a2c
SCHED-TRACE 6881 45296 V 4 614ab9
SCHED-TRACE 6882 45296 O 0 0
SCHED-TRACE 6883 45296 P 33 667265a1c
SCHED-TRACE 6884 45297 K 33 667265a1c
SCHED-TRACE 6885 45297 P 33 6674cf9db
SCHED-TRACE 6886 45373 I 33 61732d
SCHED-TRACE 6887 45373 B 33 7b
SCHED-TRACE 6888 45373 P 33 66d84a7ef
SCHED-TRACE 6889 45373 R 33 66d84a7ef
SCHED-TRACE 6890 45374 U 4 61743b
SCHED-TRACE 6891 45374 V 4 6174c7
SCHED-TRACE 6892 45374 O 0 0
SCHED-TRACE 6893 45374 P 33 66daf47ae
SCHED-TRACE 6894 45375 K 33 66daf47ae
SCHED-TRACE 6895 45375 P 33 66dd5e76c
SCHED-TRACE 6896 45451 I 33 619d42
SCHED-TRACE 6897 45451 B 33 7a
SCHED-TRACE 6898 45451 P 33 6740e8f5c
SCHED-TRACE 6899 45451 R 33 6740e8f5c
SCHED-TRACE 6900 45452 U 4 619e4f
SCHED-TRACE 6901 45452 V 4 619edc
SCHED-TRACE 6902 45452 O 0 0
SCHED-TRACE 6903 45452 P 33 674392f1a
SCHED-TRACE 6904 45453 K 33 674392f1a
SCHED-TRACE 6905 45453 P 33 6745fd2f1
SCHED-TRACE 6906 45529 I 33 61c757
SCHED-TRACE 6907 45529 B 33 7a
SCHED-TRACE 6908 45529 P 33 67a987ae1
SCHED-TRACE 6909 45529 R 33 67a987ae1
SCHED-TRACE 6910 45530 U 4 61c864
SCHED-TRACE 6911 45530 V 4 61c8f0
SCHED-TRACE 6912 45530 O 0 0
SCHED-TRACE 6913 45530 P 33 67ac31aa0
SCHED-TRACE 6914 45531 K 33 67ac31aa0
SCHED-TRACE 6915 45531 P 33 67ae9be77
SCHED-TRACE 6916 45607 I 33 61f16b
SCHED-TRACE 6917 45607 B 33 7b
SCHED-TRACE 6918 45607 P 33 681226666
SCHED-TRACE 6919 45607 R 33 681226666
SCHED-TRACE 6920 45608 U 4 61f279
SCHED-TRACE 6921 45608 V 4 61f305
SCHED-TRACE 6922 45608 O 0 0
SCHED-TRACE 6923 45608 P 33 6814d020c
SCHED-TRACE 6924 45609 K 33 6814d020c
SCHED-TRACE 6925 45609 P 33 68173a1cb
SCHED-TRACE 6926 45685 I 33 621b80
SCHED-TRACE 6927 45685 B 33 7a
SCHED-TRACE 6928 45685 P 33 687ac49ba
SCHED-TRACE 6929 45685 R 33 687ac49ba
SCHED-TRACE 6930 45686 U 4 621c8d
SCHED-TRACE 6931 45686 V 4 621d1a
SCHED-TRACE 6932 45686 O 0 0
SCHED-TRACE 6933 45686 P 33 687d6e979
SCHED-TRACE 6934 45687 K 33 687d6e979
SCHED-TRACE 6935 45687 P 33 687fd8d50
SCHED-TRACE 6936 45763 I 33 624595
SCHED-TRACE 6937 45763 B 33 7a
SCHED-TRACE 6938 45763 P 33 68e36353f
SCHED-TRACE 6939 45763 R 33 68e36353f
SCHED-TRACE 6940 45764 U 4 6246a2
SCHED-TRACE 6941 45764 V 4 62472e
SCHED-TRACE 6942 45764 O 0 0
SCHED-TRACE 6943 45764 P 33 68e60d4fe
SCHED-TRACE 6944 45765 K 33 68e60d4fe
SCHED-TRACE 6945 45765 P 33 68e8778d5
SCHED-TRACE 6946 45841 I 33 626fa9
SCHED-TRACE 6947 45841 B 33 7a
SCHED-TRACE 6948 45841 P 33 694c01cac
SCHED-TRACE 6949 45841 R 33 694c01cac
SCHED-TRACE 6950 45842 U 4 6270b7
SCHED-TRACE 6951 45842 V 4 627143
SCHED-TRACE 6952 45842 O 0 0
SCHED-TRACE 6953 45842 P 33 694eac083
SCHED-TRACE 6954 45843 K 33 694eac083
SCHED-TRACE 6955 45843 P 33 695116041
SCHED-TRACE 6956 45919 I 33 6299be
SCHED-TRACE 6957 45919 B 33 7a
SCHED-TRACE 6958 45919 P 33 69b4a0831
SCHED-TRACE 6959 45919 R 33 69b4a0831
SCHED-TRACE 6960 45920 U 4 629acb
SCHED-TRACE 6961 45920 V 4 629b58
SCHED-TRACE 6962 45920 O 0 0
SCHED-TRACE 6963 45920 P 33 69b74a7ef
SCHED-TRACE 6964 45921 K 33 69b74a7ef
SCHED-TRACE 6965 45921 P 33 69b9b4bc6
SCHED-TRACE 6966 45997 I 33 62c3d3
SCHED-TRACE 6967 45997 B 33 7b
SCHED-TRACE 6968 45997 P 33 6a1d3f3b6
SCHED-TRACE 6969 45997 R 33 6a1d3f3b6
SCHED-TRACE 6970 45998 U 4 62c4e0
SCHED-TRACE 6971 45998 V 4 62c56d
SCHED-TRACE 6972 45998 O 0 0
SCHED-TRACE 6973 45998 P 33 6a1fe9fbe
SCHED-TRACE 6974 45999 K 60 69d70978d
SCHED-TRACE 6975 45999 P 33 6a2254395
SCHED-TRACE 6976 46000 P 33 6a242ac08
SCHED-TRACE 6977 46074 I 60 62edb1
SCHED-TRACE 6978 46074 B 60 7a
SCHED-TRACE 6979 46074 P 60 6da2ba1ca
SCHED-TRACE 6980 46074 R 60 6da2ba1ca
SCHED-TRACE 6981 46075 U 4 62eec0
SCHED-TRACE 6982 46075 V 4 62ef4c
SCHED-TRACE 6983 46075 O 0 0
SCHED-TRACE 6984 46075 P 60 6dbd81cac
SCHED-TRACE 6985 46076 K 78 69e9f78d5
SCHED-TRACE 6986 46076 P 60 6dd5a5a1c
SCHED-TRACE 6987 46077 P 60 6de806e97
SCHED-TRACE 6988 46151 I 78 63178b
SCHED-TRACE 6989 46151 B 78 7a
SCHED-TRACE 6990 46151 P 78 6db51b646
SCHED-TRACE 6991 46151 R 78 6db51b646
SCHED-TRACE 6992 46152 U 4 631899
SCHED-TRACE 6993 46152 V 4 631925
SCHED-TRACE 6994 46152 O 0 0
SCHED-TRACE 6995 46152 P 78 6dcfd126f
SCHED-TRACE 6996 46153 K 63 69ecd126e
SCHED-TRACE 6997 46153 P 78 6de7f78d5
SCHED-TRACE 6998 46154 P 78 6dfa5645a
SCHED-TRACE 6999 46228 I 63 634167
SCHED-TRACE 7000 46228 B 63 7b
SCHED-TRACE 7001 46228 P 63 6db846e97
SCHED-TRACE 7002 46228 R 63 6db846e97
SCHED-TRACE 7003 46229 U 4 634276
SCHED-TRACE 7004 46229 V 4 634302
SCHED-TRACE 7005 46229 O 0 0
SCHED-TRACE 7006 46229 P 63 6dd30978d
SCHED-TRACE 7007 46230 K 51 69ee1126f
SCHED-TRACE 7008 46230 P 63 6deb2fdf4
SCHED-TRACE 7009 46231 P 63 6dfd8e979
SCHED-TRACE 7010 46305 I 51 636b44
SCHED-TRACE 7011 46305 B 51 7b
SCHED-TRACE 7012 46305 P 51 6db986e98
SCHED-TRACE 7013 46305 R 51 6db986e98
SCHED-TRACE 7014 46306 U 4 636c53
SCHED-TRACE 7015 46306 V 4 636cdf
SCHED-TRACE 7016 46306 O 0 0
SCHED-TRACE 7017 46306 P 51 6dd45645a
SCHED-TRACE 7018 46307 K 48 69ee726e9
SCHED-TRACE 7019 46307 P 51 6dec7a1cb
SCHED-TRACE 7020 46308 P 51 6dfedb646
SCHED-TRACE 7021 46382 I 48 639521
SCHED-TRACE 7022 46382 B 48 7a
SCHED-TRACE 7023 46382 P 48 6db9e5a1c
SCHED-TRACE 7024 46382 R 48 6db9e5a1c
SCHED-TRACE 7025 46383 U 4 639630
SCHED-TRACE 7026 46383 V 4 6396bd
SCHED-TRACE 7027 46383 O 0 0
SCHED-TRACE 7028 46383 P 48 6dd4b78d5
SCHED-TRACE 7029 46384 K 81 69f5b26e9
SCHED-TRACE 7030 46384 P 48 6decddf3b
SCHED-TRACE 7031 46385 P 48 6dff3cac0
SCHED-TRACE 7032 46459 I 81 63befc
SCHED-TRACE 7033 46459 B 81 7a
SCHED-TRACE 7034 46459 P 81 6dc0e8312
SCHED-TRACE 7035 46459 R 81 6dc0e8312
SCHED-TRACE 7036 46460 U 4 63c00a
SCHED-TRACE 7037 46460 V 4 63c096
SCHED-TRACE 7038 46460 O 0 0
SCHED-TRACE 7039 46460 P 81 6ddb9b645
SCHED-TRACE 7040 46461 K 75 69f6ba1cb
SCHED-TRACE 7041 46461 P 81 6df3bf3b6
SCHED-TRACE 7042 46462 P 81 6e061df3b
SCHED-TRACE 7043 46536 I 75 63e8d6
SCHED-TRACE 7044 46536 B 75 7b
SCHED-TRACE 7045 46536 P 75 6dc1f26ea
SCHED-TRACE 7046 46536 R 75 6dc1f26ea
SCHED-TRACE 7047 46537 U 4 63e9e4
SCHED-TRACE 7048 46537 V 4 63ea70
SCHED-TRACE 7049 46537 O 0 0
SCHED-TRACE 7050 46537 P 75 6ddca8313
SCHED-TRACE 7051 46538 K 72 69f71df3c
SCHED-TRACE 7052 46538 P 75 6df4cc083
SCHED-TRACE 7053 46539 P 75 6e072d4fe
SCHED-TRACE 7054 46613 I 72 6412af
SCHED-TRACE 7055 46613 B 72 7b
SCHED-TRACE 7056 46613 P 72 6dc2445a2
SCHED-TRACE 7057 46613 R 72 6dc2445a2
SCHED-TRACE 7058 46614 U 4 6413bd
SCHED-TRACE 7059 46614 V 4 641449
SCHED-TRACE 7060 46614 O 0 0
SCHED-TRACE 7061 46614 P 72 6ddcfcac1
SCHED-TRACE 7062 46615 K 69 69f7aac09
SCHED-TRACE 7063 46615 P 72 6df523127
SCHED-TRACE 7064 46616 P 72 6e0781cac
SCHED-TRACE 7065 46690 I 69 643c88
SCHED-TRACE 7066 46690 B 69 7b
SCHED-TRACE 7067 46690 P 69 6dc2d8d50
SCHED-TRACE 7068 46690 R 69 6dc2d8d50
SCHED-TRACE 7069 46691 U 4 643d97
SCHED-TRACE 7070 46691 V 4 643e23
SCHED-TRACE 7071 46691 O 0 0
SCHED-TRACE 7072 46691 P 69 6ddd9645b
SCHED-TRACE 7073 46692 K 66 69f7f78d5
SCHED-TRACE 7074 46692 P 69 6df5bcac1
SCHED-TRACE 7075 46693 P 69 6e081b646
SCHED-TRACE 7076 46767 I 66 646663
SCHED-TRACE 7077 46767 B 66 7a
SCHED-TRACE 7078 46767 P 66 6dc32d4fd
SCHED-TRACE 7079 46767 R 66 6dc32d4fd
SCHED-TRACE 7080 46768 U 4 646771
SCHED-TRACE 7081 46768 V 4 6467fd
SCHED-TRACE 7082 46768 O 0 0
SCHED-TRACE 7083 46768 P 66 6ddded4fd
SCHED-TRACE 7084 46769 K 57 69f8bcac1
SCHED-TRACE 7085 46769 P 66 6df61126e
SCHED-TRACE 7086 46770 P 66 6e08726e9
SCHED-TRACE 7087 46844 I 57 64903d
SCHED-TRACE 7088 46844 B 57 7a
SCHED-TRACE 7089 46844 P 57 6dc3f26ea
SCHED-TRACE 7090 46844 R 57 6dc3f26ea
SCHED-TRACE 7091 46845 U 4 64914b
SCHED-TRACE 7092 46845 V 4 6491d8
SCHED-TRACE 7093 46845 O 0 0
SCHED-TRACE 7094 46845 P 57 6ddeba1cb
SCHED-TRACE 7095 46846 K 54 69f928312
SCHED-TRACE 7096 46846 P 57 6df6ddf3c
SCHED-TRACE 7097 46847 P 57 6e093f3b6
SCHED-TRACE 7098 46921 I 54 64ba17
SCHED-TRACE 7099 46921 B 54 7a
SCHED-TRACE 7100 46921 P 54 6dc45df3b
SCHED-TRACE 7101 46921 R 54 6dc45df3b
SCHED-TRACE 7102 46922 U 4 64bb26
SCHED-TRACE 7103 46922 V 4 64bbb2
SCHED-TRACE 7104 46922 O 0 0
SCHED-TRACE 7105 46922 P 54 6ddf28312
SCHED-TRACE 7106 46923 K 45 69fa1b646
SCHED-TRACE 7107 46923 P 54 6df74e979
SCHED-TRACE 7108 46924 P 54 6e09ad4fe
SCHED-TRACE 7109 46998 I 45 64e3f1
SCHED-TRACE 7110 46998 B 45 7b
SCHED-TRACE 7111 46998 P 45 6dc53cac1
SCHED-TRACE 7112 46998 R 45 6dc53cac1
SCHED-TRACE 7113 46999 U 4 64e500
SCHED-TRACE 7114 46999 V 4 64e58c
SCHED-TRACE 7115 46999 O 0 0
SCHED-TRACE 7116 46999 P 45 6de00e979
SCHED-TRACE 7117 47000 K 39 6a0f5df3b
SCHED-TRACE 7118 47000 P 45 6df834fdf
SCHED-TRACE 7119 47001 P 45 6e0a9126f
SCHED-TRACE 7120 47075 I 39 650dcb
SCHED-TRACE 7121 47075 B 39 7b
SCHED-TRACE 7122 47075 P 39 6dda81cac
SCHED-TRACE 7123 47075 R 39 6dda81cac
SCHED-TRACE 7124 47076 U 4 650ed9
SCHED-TRACE 7125 47076 V 4 650f65
SCHED-TRACE 7126 47076 O 0 0
SCHED-TRACE 7127 47076 P 39 6df52d4fe
SCHED-TRACE 7128 47077 K 42 6a11f78d5
SCHED-TRACE 7129 47077 P 39 6e0d5126e
SCHED-TRACE 7130 47078 P 39 6e1fafdf4
SCHED-TRACE 7131 47152 I 42 6537a3
SCHED-TRACE 7132 47152 B 42 7a
SCHED-TRACE 7133 47152 P 42 6ddd0978e
SCHED-TRACE 7134 47152 R 42 6ddd0978e
SCHED-TRACE 7135 47153 U 4 6538b2
SCHED-TRACE 7136 47153 V 4 65393e
SCHED-TRACE 7137 47153 O 0 0
SCHED-TRACE 7138 47153 P 42 6df7ddf3c
SCHED-TRACE 7139 47154 K 36 6a18c978d
SCHED-TRACE 7140 47154 P 42 6e10045a2
SCHED-TRACE 7141 47155 P 42 6e2260832
SCHED-TRACE 7142 47230 I 36 6561f1
SCHED-TRACE 7143 47230 B 36 7a
SCHED-TRACE 7144 47230 P 36 6def65a1c
SCHED-TRACE 7145 47230 R 36 6def65a1c
SCHED-TRACE 7146 47231 U 4 6562fe
SCHED-TRACE 7147 47231 V 4 65638a
SCHED-TRACE 7148 47231 O 0 0
SCHED-TRACE 7149 47231 P 36 6e0a0e978
SCHED-TRACE 7150 47232 K 33 6a242ac08
SCHED-TRACE 7151 47232 P 36 6e22326e9
SCHED-TRACE 7152 47233 P 36 6e348e978
SCHED-TRACE 7153 47307 I 33 658bc9
SCHED-TRACE 7154 47307 B 33 7a
SCHED-TRACE 7155 47307 P 33 6a8548312
SCHED-TRACE 7156 47307 R 33 6a8548312
SCHED-TRACE 7157 47308 U 4 658cd6
SCHED-TRACE 7158 47308 V 4 658d63
SCHED-TRACE 7159 47308 O 0 0
SCHED-TRACE 7160 47308 P 33 6a87f22d1
SCHED-TRACE 7161 47309 K 33 6a87f22d1
SCHED-TRACE 7162 47309 P 33 6a8a5c6a8
SCHED-TRACE 7163 47385 I 33 65b5d7
SCHED-TRACE 7164 47385 B 33 7a
SCHED-TRACE 7165 47385 P 33 6aedd6041
SCHED-TRACE 7166 47385 R 33 6aedd6041
SCHED-TRACE 7167 47386 U 4 65b6e4
SCHED-TRACE 7168 47386 V 4 65b771
SCHED-TRACE 7169 47386 O 0 0
SCHED-TRACE 7170 47386 P 33 6af080418
SCHED-TRACE 7171 47387 K 33 6af080418
SCHED-TRACE 7172 47387 P 33 6af2ea3d7
SCHED-TRACE 7173 47463 I 33 65dfec
SCHED-TRACE 7174 47463 B 33 7a
SCHED-TRACE 7175 47463 P 33 6b5674bc6
SCHED-TRACE 7176 47463 R 33 6b5674bc6
SCHED-TRACE 7177 47464 U 4 65e0f9
SCHED-TRACE 7178 47464 V 4 65e185
SCHED-TRACE 7179 47464 O 0 0
SCHED-TRACE 7180 47464 P 33 6b591eb85
SCHED-TRACE 7181 47465 K 33 6b591eb85
SCHED-TRACE 7182 47465 P 33 6b5b88f5c
SCHED-TRACE 7183 47541 I 33 660a00
SCHED-TRACE 7184 47541 B 33 7b
SCHED-TRACE 7185 47541 P 33 6bbf1374c
SCHED-TRACE 7186 47541 R 33 6bbf1374c
SCHED-TRACE 7187 47542 U 4 660b0e
SCHED-TRACE 7188 47542 V 4 660b9a
SCHED-TRACE 7189 47542 O 0 0
SCHED-TRACE 7190 47542 P 33 6bc1bd70a
SCHED-TRACE 7191 47543 K 33 6bc1bd70a
SCHED-TRACE 7192 47543 P 33 6bc427ae1
SCHED-TRACE 7193 47619 I 33 663415
SCHED-TRACE 7194 47619 B 33 7a
SCHED-TRACE 7195 47619 P 33 6c27b1eb8
SCHED-TRACE 7196 47619 R 33 6c27b1eb8
SCHED-TRACE 7197 47620 U 4 663522
SCHED-TRACE 7198 47620 V 4 6635af
SCHED-TRACE 7199 47620 O 0 0
SCHED-TRACE 7200 47620 P 33 6c2a5c28f
SCHED-TRACE 7201 47621 K 33 6c2a5c28f
SCHED-TRACE 7202 47621 P 33 6c2cc624e
SCHED-TRACE 7203 47697 I 33 665e2a
SCHED-TRACE 7204 47697 B 33 7a
SCHED-TRACE 7205 47697 P 33 6c9050a3d
SCHED-TRACE 7206 47697 R 33 6c9050a3d
SCHED-TRACE 7207 47698 U 4 665f37
SCHED-TRACE 7208 47698 V 4 665fc3
SCHED-TRACE 7209 47698 O 0 0
SCHED-TRACE 7210 47698 P 33 6c92fa9fc
SCHED-TRACE 7211 47699 K 33 6c92fa9fc
SCHED-TRACE 7212 47699 P 33 6c9564dd3
SCHED-TRACE 7213 47775 I 33 66883e
SCHED-TRACE 7214 47775 B 33 7b
SCHED-TRACE 7215 47775 P 33 6cf8ef5c2
SCHED-TRACE 7216 47775 R 33 6cf8ef5c2
SCHED-TRACE 7217 47776 U 4 66894c
SCHED-TRACE 7218 47776 V 4 6689d8
SCHED-TRACE 7219 47776 O 0 0
SCHED-TRACE 7220 47776 P 33 6cfb99581
SCHED-TRACE 7221 47777 K 33 6cfb99581
SCHED-TRACE 7222 47777 P 33 6cfe0353f
SCHED-TRACE 7223 47853 I 33 66b253
SCHED-TRACE 7224 47853 B 33 7a
SCHED-TRACE 7225 47853 P 33 6d618dd2f
SCHED-TRACE 7226 47853 R 33 6d618dd2f
SCHED-TRACE 7227 47854 U 4 66b360
SCHED-TRACE 7228 47854 V 4 66b3ed
SCHED-TRACE 7229 47854 O 0 0
SCHED-TRACE 7230 47854 P 33 6d6437ced
SCHED-TRACE 7231 47855 K 33 6d6437ced
SCHED-TRACE 7232 47855 P 33 6d66a20c4
SCHED-TRACE 7233 47931 I 33 66dc68
SCHED-TRACE 7234 47931 B 33 7a
SCHED-TRACE 7235 47931 P 33 6dca2c8b4
SCHED-TRACE 7236 47931 R 33 6dca2c8b4
SCHED-TRACE 7237 47932 U 4 66dd75
SCHED-TRACE 7238 47932 V 4 66de01
SCHED-TRACE 7239 47932 O 0 0
SCHED-TRACE 7240 47932 P 33 6dccd6873
SCHED-TRACE 7241 47933 K 33 6dccd6873
SCHED-TRACE 7242 47933 P 33 6dcf40c4a
SCHED-TRACE 7243 48009 I 33 67067c
SCHED-TRACE 7244 48009 B 33 7b
SCHED-TRACE 7245 48009 P 33 6e32cb439
SCHED-TRACE 7246 48009 R 33 6e32cb439
SCHED-TRACE 7247 48010 U 4 67078a
SCHED-TRACE 7248 48010 V 4 670816
SCHED-TRACE 7249 48010 O 0 0
SCHED-TRACE 7250 48010 P 33 6e3575c29
SCHED-TRACE 7251 48011 K 60 6de806e97
SCHED-TRACE 7252 48011 P 33 6e37e0000
SCHED-TRACE 7253 48012 P 33 6e39b6873
SCHED-TRACE 7254 48086 I 60 67305b
SCHED-TRACE 7255 48086 B 60 7a
SCHED-TRACE 7256 48086 P 60 71b3b78d5
SCHED-TRACE 7257 48086 R 60 71b3b78d5
SCHED-TRACE 7258 48087 U 4 673169
SCHED-TRACE 7259 48087 V 4 6731f6
SCHED-TRACE 7260 48087 O 0 0
SCHED-TRACE 7261 48087 P 60 71ce7f3b6
SCHED-TRACE 7262 48088 K 78 6dfa5645a
SCHED-TRACE 7263 48088 P 60 71e6a3127
SCHED-TRACE 7264 48089 P 60 71f9045a1
SCHED-TRACE 7265 48163 I 78 675a37
SCHED-TRACE 7266 48163 B 78 7a
SCHED-TRACE 7267 48163 P 78 71c5c1cac
SCHED-TRACE 7268 48163 R 78 71c5c1cac
SCHED-TRACE 7269 48164 U 4 675b45
SCHED-TRACE 7270 48164 V 4 675bd2
SCHED-TRACE 7271 48164 O 0 0
SCHED-TRACE 7272 48164 P 78 71e0778d5
SCHED-TRACE 7273 48165 K 63 6dfd8e979
SCHED-TRACE 7274 48165 P 78 71f89df3c
SCHED-TRACE 7275 48166 P 78 720aff3b6
SCHED-TRACE 7276 48240 I 63 678413
SCHED-TRACE 7277 48240 B 63 7b
SCHED-TRACE 7278 48240 P 63 71c901cac
SCHED-TRACE 7279 48240 R 63 71c901cac
SCHED-TRACE 7280 48241 U 4 678522
SCHED-TRACE 7281 48241 V 4 6785ae
SCHED-TRACE 7282 48241 O 0 0
SCHED-TRACE 7283 48241 P 63 71e3c45a2
SCHED-TRACE 7284 48242 K 51 6dfedb646
SCHED-TRACE 7285 48242 P 63 71fbeac08
SCHED-TRACE 7286 48243 P 63 720e4c083
SCHED-TRACE 7287 48317 I 51 67adf0
SCHED-TRACE 7288 48317 B 51 7b
SCHED-TRACE 7289 48317 P 51 71ca4e979
SCHED-TRACE 7290 48317 R 51 71ca4e979
SCHED-TRACE 7291 48318 U 4 67aeff
SCHED-TRACE 7292 48318 V 4 67af8c
SCHED-TRACE 7293 48318 O 0 0
SCHED-TRACE 7294 48318 P 51 71e51df3c
SCHED-TRACE 7295 48319 K 48 6dff3cac0
SCHED-TRACE 7296 48319 P 51 71fd41cac
SCHED-TRACE 7297 48320 P 51 720fa3127
SCHED-TRACE 7298 48394 I 48 67d7ce
SCHED-TRACE 7299 48394 B 48 7a
SCHED-TRACE 7300 48394 P 48 71caafdf3
SCHED-TRACE 7301 48394 R 48 71caafdf3
SCHED-TRACE 7302 48395 U 4 67d8dd
SCHED-TRACE 7303 48395 V 4 67d969
SCHED-TRACE 7304 48395 O 0 0
SCHED-TRACE 7305 48395 P 48 71e581cac
SCHED-TRACE 7306 48396 K 81 6e061df3b
SCHED-TRACE 7307 48396 P 48 71fda8312
SCHED-TRACE 7308 48397 P 48 721006e97
SCHED-TRACE 7309 48471 I 81 6801a8
SCHED-TRACE 7310 48471 B 81 7a
SCHED-TRACE 7311 48471 P 81 71d153b64
SCHED-TRACE 7312 48471 R 81 71d153b64
SCHED-TRACE 7313 48472 U 4 6802b6
SCHED-TRACE 7314 48472 V 4 680343
SCHED-TRACE 7315 48472 O 0 0
SCHED-TRACE 7316 48472 P 81 71ec06e97
SCHED-TRACE 7317 48473 K 75 6e072d4fe
SCHED-TRACE 7318 48473 P 81 72042ac08
SCHED-TRACE 7319 48474 P 81 72168978d
SCHED-TRACE 7320 48548 I 75 682b82
SCHED-TRACE 7321 48548 B 75 7b
SCHED-TRACE 7322 48548 P 75 71d265a1d
SCHED-TRACE 7323 48548 R 75 71d265a1d
SCHED-TRACE 7324 48549 U 4 682c90
SCHED-TRACE 7325 48549 V 4 682d1c
SCHED-TRACE 7326 48549 O 0 0
SCHED-TRACE 7327 48549 P 75 71ed1b646
SCHED-TRACE 7328 48550 K 72 6e0781cac
SCHED-TRACE 7329 48550 P 75 72053f3b6
SCHED-TRACE 7330 48551 P 75 7217a0831
SCHED-TRACE 7331 48625 I 72 68555c
SCHED-TRACE 7332 48625 B 72 7a
SCHED-TRACE 7333 48625 P 72 71d2b78d5
SCHED-TRACE 7334 48625 R 72 71d2b78d5
SCHED-TRACE 7335 48626 U 4 68566a
SCHED-TRACE 7336 48626 V 4 6856f6
SCHED-TRACE 7337 48626 O 0 0
SCHED-TRACE 7338 48626 P 72 71ed6fdf4
SCHED-TRACE 7339 48627 K 69 6e081b646
SCHED-TRACE 7340 48627 P 72 72059645a
SCHED-TRACE 7341 48628 P 72 7217f4fdf
SCHED-TRACE 7342 48702 I 69 687f36
SCHED-TRACE 7343 48702 B 69 7a
SCHED-TRACE 7344 48702 P 69 71d353b65
SCHED-TRACE 7345 48702 R 69 71d353b65
SCHED-TRACE 7346 48703 U 4 688044
SCHED-TRACE 7347 48703 V 4 6880d0
SCHED-TRACE 7348 48703 O 0 0
SCHED-TRACE 7349 48703 P 69 71ee1126f
SCHED-TRACE 7350 48704 K 66 6e08726e9
SCHED-TRACE 7351 48704 P 69 720634fe0
SCHED-TRACE 7352 48705 P 69 72189645b
SCHED-TRACE 7353 48779 I 66 68a910
SCHED-TRACE 7354 48779 B 66 7a
SCHED-TRACE 7355 48779 P 66 71d3a8312
SCHED-TRACE 7356 48779 R 66 71d3a8312
SCHED-TRACE 7357 48780 U 4 68aa1e
SCHED-TRACE 7358 48780 V 4 68aaab
SCHED-TRACE 7359 48780 O 0 0
SCHED-TRACE 7360 48780 P 66 71ee68312
SCHED-TRACE 7361 48781 K 57 6e093f3b6
SCHED-TRACE 7362 48781 P 66 72068c083
SCHED-TRACE 7363 48782 P 66 7218eac08
SCHED-TRACE 7364 48856 I 57 68d2ea
SCHED-TRACE 7365 48856 B 57 7b
SCHED-TRACE 7366 48856 P 57 71d4778d5
SCHED-TRACE 7367 48856 R 57 71d4778d5
SCHED-TRACE 7368 48857 U 4 68d3f9
SCHED-TRACE 7369 48857 V 4 68d485
SCHED-TRACE 7370 48857 O 0 0
SCHED-TRACE 7371 48857 P 57 71ef3f3b6
SCHED-TRACE 7372 48858 K 54 6e09ad4fe
SCHED-TRACE 7373 48858 P 57 720763127
SCHED-TRACE 7374 48859 P 57 7219c1cac
SCHED-TRACE 7375 48933 I 54 68fcc4
SCHED-TRACE 7376 48933 B 54 7b
SCHED-TRACE 7377 48933 P 54 71d4e5a1d
SCHED-TRACE 7378 48933 R 54 71d4e5a1d
SCHED-TRACE 7379 48934 U 4 68fdd3
SCHED-TRACE 7380 48934 V 4 68fe60
SCHED-TRACE 7381 48934 O 0 0
SCHED-TRACE 7382 48934 P 54 71efafdf4
SCHED-TRACE 7383 48935 K 45 6e0a9126f
SCHED-TRACE 7384 48935 P 54 7207d3b64
SCHED-TRACE 7385 48936 P 54 721a34fdf
SCHED-TRACE 7386 49010 I 45 69269e
SCHED-TRACE 7387 49010 B 45 7a
SCHED-TRACE 7388 49010 P 45 71d5a8312
SCHED-TRACE 7389 49010 R 45 71d5a8312
SCHED-TRACE 7390 49011 U 4 6927ad
SCHED-TRACE 7391 49011 V 4 692839
SCHED-TRACE 7392 49011 O 0 0
SCHED-TRACE 7393 49011 P 45 71f07cac1
SCHED-TRACE 7394 49012 K 39 6e1fafdf4
SCHED-TRACE 7395 49012 P 45 7208a3127
SCHED-TRACE 7396 49013 P 45 721aff3b6
SCHED-TRACE 7397 49087 I 39 695078
SCHED-TRACE 7398 49087 B 39 7a
SCHED-TRACE 7399 49087 P 39 71ead126e
SCHED-TRACE 7400 49087 R 39 71ead126e
SCHED-TRACE 7401 49088 U 4 695186
SCHED-TRACE 7402 49088 V 4 695212
SCHED-TRACE 7403 49088 O 0 0
SCHED-TRACE 7404 49088 P 39 72057f3b6
SCHED-TRACE 7405 49089 K 42 6e2260832
SCHED-TRACE 7406 49089 P 39 721da3127
SCHED-TRACE 7407 49090 P 39 723001cac
SCHED-TRACE 7408 49164 I 42 697a50
SCHED-TRACE 7409 49164 B 42 7a
SCHED-TRACE 7410 49164 P 42 71ed726ea
SCHED-TRACE 7411 49164 R 42 71ed726ea
SCHED-TRACE 7412 49165 U 4 697b5f
SCHED-TRACE 7413 49165 V 4 697beb
SCHED-TRACE 7414 49165 O 0 0
SCHED-TRACE 7415 49165 P 42 720846e98
SCHED-TRACE 7416 49166 K 36 6e348e978
SCHED-TRACE 7417 49166 P 42 72206d4fe
SCHED-TRACE 7418 49167 P 42 7232c978e
SCHED-TRACE 7419 49241 I 36 69a42a
SCHED-TRACE 7420 49241 B 36 7a
SCHED-TRACE 7421 49241 P 36 71ff9b645
SCHED-TRACE 7422 49241 R 36 71ff9b645
SCHED-TRACE 7423 49242 U 4 69a537
SCHED-TRACE 7424 49242 V 4 69a5c4
SCHED-TRACE 7425 49242 O 0 0
SCHED-TRACE 7426 49242 P 36 721a445a1
SCHED-TRACE 7427 49243 K 33 6e39b6873
SCHED-TRACE 7428 49243 P 36 72326ac08
SCHED-TRACE 7429 49244 P 36 7244c45a1
SCHED-TRACE 7430 49318 I 33 69ce02
SCHED-TRACE 7431 49318 B 33 7b
SCHED-TRACE 7432 49318 P 33 6e9ad3333
SCHED-TRACE 7433 49318 R 33 6e9ad3333
SCHED-TRACE 7434 49319 U 4 69cf0f
SCHED-TRACE 7435 49319 V 4 69cf9c
SCHED-TRACE 7436 49319 O 0 0
SCHED-TRACE 7437 49319 P 33 6e9d7d2f1
SCHED-TRACE 7438 49320 K 33 6e9d7d2f1
SCHED-TRACE 7439 49320 P 33 6e9fe72b0
SCHED-TRACE 7440 49396 I 33 69f810
SCHED-TRACE 7441 49396 B 33 7b
SCHED-TRACE 7442 49396 P 33 6f03620c4
SCHED-TRACE 7443 49396 R 33 6f03620c4
SCHED-TRACE 7444 49397 U 4 69f91e
SCHED-TRACE 7445 49397 V 4 69f9aa
SCHED-TRACE 7446 49397 O 0 0
SCHED-TRACE 7447 49397 P 33 6f060c083
SCHED-TRACE 7448 49398 K 33 6f060c083
SCHED-TRACE 7449 49398 P 33 6f0876041
SCHED-TRACE 7450 49474 I 33 6a2225
SCHED-TRACE 7451 49474 B 33 7a
SCHED-TRACE 7452 49474 P 33 6f6c00831
SCHED-TRACE 7453 49474 R 33 6f6c00831
SCHED-TRACE 7454 49475 U 4 6a2332
SCHED-TRACE 7455 49475 V 4 6a23bf
SCHED-TRACE 7456 49475 O 0 0
SCHED-TRACE 7457 49475 P 33 6f6eaa7ef
SCHED-TRACE 7458 49476 K 33 6f6eaa7ef
SCHED-TRACE 7459 49476 P 33 6f7114bc6
SCHED-TRACE 7460 49552 I 33 6a4c3a
SCHED-TRACE 7461 49552 B 33 7a
SCHED-TRACE 7462 49552 P 33 6fd49f3b6
SCHED-TRACE 7463 49552 R 33 6fd49f3b6
SCHED-TRACE 7464 49553 U 4 6a4d47
SCHED-TRACE 7465 49553 V 4 6a4dd3
SCHED-TRACE 7466 49553 O 0 0
SCHED-TRACE 7467 49553 P 33 6fd749375
SCHED-TRACE 7468 49554 K 33 6fd749375
SCHED-TRACE 7469 49554 P 33 6fd9b374c
SCHED-TRACE 7470 49630 I 33 6a764e
SCHED-TRACE 7471 49630 B 33 7b
SCHED-TRACE 7472 49630 P 33 703d3df3b
SCHED-TRACE 7473 49630 R 33 703d3df3b
SCHED-TRACE 7474 49631 U 4 6a775c
SCHED-TRACE 7475 49631 V 4 6a77e8
SCHED-TRACE 7476 49631 O 0 0
SCHED-TRACE 7477 49631 P 33 703fe7efa
SCHED-TRACE 7478 49632 K 33 703fe7efa
SCHED-TRACE 7479 49632 P 33 704251eb8
SCHED-TRACE 7480 49708 I 33 6aa063
SCHED-TRACE 7481 49708 B 33 7a
SCHED-TRACE 7482 49708 P 33 70a5dc6a8
SCHED-TRACE 7483 49708 R 33 70a5dc6a8
SCHED-TRACE 7484 49709 U 4 6aa170
SCHED-TRACE 7485 49709 V 4 6aa1fd
SCHED-TRACE 7486 49709 O 0 0
SCHED-TRACE 7487 49709 P 33 70a886666
SCHED-TRACE 7488 49710 K 33 70a886666
SCHED-TRACE 7489 49710 P 33 70aaf0a3d
SCHED-TRACE 7490 49786 I 33 6aca78
SCHED-TRACE 7491 49786 B 33 7a
SCHED-TRACE 7492 49786 P 33 710e7b22d
SCHED-TRACE 7493 49786 R 33 710e7b22d
SCHED-TRACE 7494 49787 U 4 6acb85
SCHED-TRACE 7495 49787 V 4 6acc11
SCHED-TRACE 7496 49787 O 0 0
SCHED-TRACE 7497 49787 P 33 7111251eb
SCHED-TRACE 7498 49788 K 33 7111251eb
SCHED-TRACE 7499 49788 P 33 71138f5c2
SCHED-TRACE 7500 49864 I 33 6af48c
SCHED-TRACE 7501 49864 B 33 7b
SCHED-TRACE 7502 49864 P 33 717719db2
SCHED-TRACE 7503 49864 R 33 717719db2
SCHED-TRACE 7504 49865 U 4 6af59a
SCHED-TRACE 7505 49865 V 4 6af626
SCHED-TRACE 7506 49865 O 0 0
SCHED-TRACE 7507 49865 P 33 7179c3958
SCHED-TRACE 7508 49866 K 33 7179c3958
SCHED-TRACE 7509 49866 P 33 717c2d916
SCHED-TRACE 7510 49942 I 33 6b1ea1
SCHED-TRACE 7511 49942 B 33 7a
SCHED-TRACE 7512 49942 P 33 71dfb8106
SCHED-TRACE 7513 49942 R 33 71dfb8106
SCHED-TRACE 7514 49943 U 4 6b1fae
SCHED-TRACE 7515 49943 V 4 6b203b
SCHED-TRACE 7516 49943 O 0 0
SCHED-TRACE 7517 49943 P 33 71e2620c4
SCHED-TRACE 7518 49944 K 33 71e2620c4
SCHED-TRACE 7519 49944 P 33 71e4cc49b
SCHED-TRACE 7520 50020 I 33 6b48b6
SCHED-TRACE 7521 50020 B 33 7a
SCHED-TRACE 7522 50020 P 33 724856c8b
SCHED-TRACE 7523 50020 R 33 724856c8b
SCHED-TRACE 7524 50021 U 4 6b49c3
SCHED-TRACE 7525 50021 V 4 6b4a50
SCHED-TRACE 7526 50021 O 0 0
SCHED-TRACE 7527 50021 P 33 724b01893
SCHED-TRACE 7528 50022 K 60 71f9045a1
SCHED-TRACE 7529 50022 P 33 724d6bc6a
SCHED-TRACE 7530 50023 P 33 724f424dd
SCHED-TRACE 7531 50097 I 60 6b7294
SCHED-TRACE 7532 50097 B 60 7a
SCHED-TRACE 7533 50097 P 60 75c4b4fdf
SCHED-TRACE 7534 50097 R 60 75c4b4fdf
SCHED-TRACE 7535 50098 U 4 6b73a3
SCHED-TRACE 7536 50098 V 4 6b742f
SCHED-TRACE 7537 50098 O 0 0
SCHED-TRACE 7538 50098 P 60 75df7cac0
SCHED-TRACE 7539 50099 K 78 720aff3b6
SCHED-TRACE 7540 50099 P 60 75f7a0831
SCHED-TRACE 7541 50100 P 60 760a01cac
SCHED-TRACE 7542 50174 I 78 6b9c71
SCHED-TRACE 7543 50174 B 78 7a
SCHED-TRACE 7544 50174 P 78 75d6726ea
SCHED-TRACE 7545 50174 R 78 75d6726ea
SCHED-TRACE 7546 50175 U 4 6b9d7f
SCHED-TRACE 7547 50175 V 4 6b9e0b
SCHED-TRACE 7548 50175 O 0 0
SCHED-TRACE 7549 50175 P 78 75f128313
SCHED-TRACE 7550 50176 K 63 720e4c083
SCHED-TRACE 7551 50176 P 78 76094e979
SCHED-TRACE 7552 50177 P 78 761bad4fe
SCHED-TRACE 7553 50251 I 63 6bc64d
SCHED-TRACE 7554 50251 B 63 7a
SCHED-TRACE 7555 50251 P 63 75d9bf3b6
SCHED-TRACE 7556 50251 R 63 75d9bf3b6
SCHED-TRACE 7557 50252 U 4 6bc75c
SCHED-TRACE 7558 50252 V 4 6bc7e8
SCHED-TRACE 7559 50252 O 0 0
SCHED-TRACE 7560 50252 P 63 75f4845a2
SCHED-TRACE 7561 50253 K 51 720fa3127
SCHED-TRACE 7562 50253 P 63 760caac08
SCHED-TRACE 7563 50254 P 63 761f0978d
SCHED-TRACE 7564 50328 I 51 6bf02a
SCHED-TRACE 7565 50328 B 51 7a
SCHED-TRACE 7566 50328 P 51 75db1645a
SCHED-TRACE 7567 50328 R 51 75db1645a
SCHED-TRACE 7568 50329 U 4 6bf139
SCHED-TRACE 7569 50329 V 4 6bf1c5
SCHED-TRACE 7570 50329 O 0 0
SCHED-TRACE 7571 50329 P 51 75f5e8313
SCHED-TRACE 7572 50330 K 48 721006e97
SCHED-TRACE 7573 50330 P 51 760e0c083
SCHED-TRACE 7574 50331 P 51 76206d4fe
SCHED-TRACE 7575 50405 I 48 6c1a07
SCHED-TRACE 7576 50405 B 48 7a
SCHED-TRACE 7577 50405 P 48 75db7a1cb
SCHED-TRACE 7578 50405 R 48 75db7a1cb
SCHED-TRACE 7579 50406 U 4 6c1b16
SCHED-TRACE 7580 50406 V 4 6c1ba3
SCHED-TRACE 7581 50406 O 0 0
SCHED-TRACE 7582 50406 P 48 75f64978d
SCHED-TRACE 7583 50407 K 81 72168978d
SCHED-TRACE 7584 50407 P 48 760e6fdf3
SCHED-TRACE 7585 50408 P 48 7620ce979
SCHED-TRACE 7586 50482 I 81 6c43e2
SCHED-TRACE 7587 50482 B 81 7a
SCHED-TRACE 7588 50482 P 81 75e1c1cac
SCHED-TRACE 7589 50482 R 81 75e1c1cac
SCHED-TRACE 7590 50483 U 4 6c44f0
SCHED-TRACE 7591 50483 V 4 6c457c
SCHED-TRACE 7592 50483 O 0 0
SCHED-TRACE 7593 50483 P 81 75fc74fdf
SCHED-TRACE 7594 50484 K 75 7217a0831
SCHED-TRACE 7595 50484 P 81 76149b645
SCHED-TRACE 7596 50485 P 81 7626fa1ca
SCHED-TRACE 7597 50559 I 75 6c6dbc
SCHED-TRACE 7598 50559 B 75 7a
SCHED-TRACE 7599 50559 P 75 75e2d645a
SCHED-TRACE 7600 50559 R 75 75e2d645a
SCHED-TRACE 7601 50560 U 4 6c6eca
SCHED-TRACE 7602 50560 V 4 6c6f56
SCHED-TRACE 7603 50560 O 0 0
SCHED-TRACE 7604 50560 P 75 75fd8e979
SCHED-TRACE 7605 50561 K 72 7217f4fdf
SCHED-TRACE 7606 50561 P 75 7615b26ea
SCHED-TRACE 7607 50562 P 75 76281126f
SCHED-TRACE 7608 50636 I 72 6c9796
SCHED-TRACE 7609 50636 B 72 7b
SCHED-TRACE 7610 50636 P 72 75e32d4fe
SCHED-TRACE 7611 50636 R 72 75e32d4fe
SCHED-TRACE 7612 50637 U 4 6c98a4
SCHED-TRACE 7613 50637 V 4 6c9930
SCHED-TRACE 7614 50637 O 0 0
SCHED-TRACE 7615 50637 P 72 75fde8313
SCHED-TRACE 7616 50638 K 69 72189645b
SCHED-TRACE 7617 50638 P 72 76160e979
SCHED-TRACE 7618 50639 P 72 76286d4fe
SCHED-TRACE 7619 50713 I 69 6cc170
SCHED-TRACE 7620 50713 B 69 7a
SCHED-TRACE 7621 50713 P 69 75e3cc084
SCHED-TRACE 7622 50713 R 69 75e3cc084
SCHED-TRACE 7623 50714 U 4 6cc27e
SCHED-TRACE 7624 50714 V 4 6cc30a
SCHED-TRACE 7625 50714 O 0 0
SCHED-TRACE 7626 50714 P 69 75fe8978e
SCHED-TRACE 7627 50715 K 66 7218eac08
SCHED-TRACE 7628 50715 P 69 7616ad4fe
SCHED-TRACE 7629 50716 P 69 76290c084
SCHED-TRACE 7630 50790 I 66 6ceb4a
SCHED-TRACE 7631 50790 B 66 7b
SCHED-TRACE 7632 50790 P 66 75e423126
SCHED-TRACE 7633 50790 R 66 75e423126
SCHED-TRACE 7634 50791 U 4 6cec58
SCHED-TRACE 7635 50791 V 4 6cece4
SCHED-TRACE 7636 50791 O 0 0
SCHED-TRACE 7637 50791 P 66 75fee3126
SCHED-TRACE 7638 50792 K 57 7219c1cac
SCHED-TRACE 7639 50792 P 66 76170978d
SCHED-TRACE 7640 50793 P 66 762968312
SCHED-TRACE 7641 50867 I 57 6d1524
SCHED-TRACE 7642 50867 B 57 7a
SCHED-TRACE 7643 50867 P 57 75e4f78d5
SCHED-TRACE 7644 50867 R 57 75e4f78d5
SCHED-TRACE 7645 50868 U 4 6d1632
SCHED-TRACE 7646 50868 V 4 6d16bf
SCHED-TRACE 7647 50868 O 0 0
SCHED-TRACE 7648 50868 P 57 75ffc1cac
SCHED-TRACE 7649 50869 K 54 721a34fdf
SCHED-TRACE 7650 50869 P 57 7617e8313
SCHED-TRACE 7651 50870 P 57 762a46e98
SCHED-TRACE 7652 50944 I 54 6d3efe
SCHED-TRACE 7653 50944 B 54 7a
SCHED-TRACE 7654 50944 P 54 75e56ac08
SCHED-TRACE 7655 50944 R 54 75e56ac08
SCHED-TRACE 7656 50945 U 4 6d400d
SCHED-TRACE 7657 50945 V 4 6d4099
SCHED-TRACE 7658 50945 O 0 0
SCHED-TRACE 7659 50945 P 54 7600378d5
SCHED-TRACE 7660 50946 K 45 721aff3b6
SCHED-TRACE 7661 50946 P 54 76185b646
SCHED-TRACE 7662 50947 P 54 762aba1cb
SCHED-TRACE 7663 51021 I 45 6d68d8
SCHED-TRACE 7664 51021 B 45 7a
SCHED-TRACE 7665 51021 P 45 75e625a1d
SCHED-TRACE 7666 51021 R 45 75e625a1d
SCHED-TRACE 7667 51022 U 4 6d69e7
SCHED-TRACE 7668 51022 V 4 6d6a74
SCHED-TRACE 7669 51022 O 0 0
SCHED-TRACE 7670 51022 P 45 7600f78d5
SCHED-TRACE 7671 51023 K 39 723001cac
SCHED-TRACE 7672 51023 P 45 76191b646
SCHED-TRACE 7673 51024 P 45 762b7a1cb
SCHED-TRACE 7674 51098 I 39 6d92b2
SCHED-TRACE 7675 51098 B 39 7a
SCHED-TRACE 7676 51098 P 39 75fb1b646
SCHED-TRACE 7677 51098 R 39 75fb1b646
SCHED-TRACE 7678 51099 U 4 6d93c0
SCHED-TRACE 7679 51099 V 4 6d944c
SCHED-TRACE 7680 51099 O 0 0
SCHED-TRACE 7681 51099 P 39 7615c978d
SCHED-TRACE 7682 51100 K 42 7232c978e
SCHED-TRACE 7683 51100 P 39 762defdf4
SCHED-TRACE 7684 51101 P 39 76404e979
SCHED-TRACE 7685 51175 I 42 6dbc8a
SCHED-TRACE 7686 51175 B 42 7a
SCHED-TRACE 7687 51175 P 42 75fdddf3c
SCHED-TRACE 7688 51175 R 42 75fdddf3c
SCHED-TRACE 7689 51176 U 4 6dbd99
SCHED-TRACE 7690 51176 V 4 6dbe26
SCHED-TRACE 7691 51176 O 0 0
SCHED-TRACE 7692 51176 P 42 7618b26ea
SCHED-TRACE 7693 51177 K 36 7244c45a1
SCHED-TRACE 7694 51177 P 42 7630d645a
SCHED-TRACE 7695 51178 P 42 7643326ea
SCHED-TRACE 7696 51252 I 36 6de664
SCHED-TRACE 7697 51252 B 36 7a
SCHED-TRACE 7698 51252 P 36 760fce978
SCHED-TRACE 7699 51252 R 36 760fce978
SCHED-TRACE 7700 51253 U 4 6de771
SCHED-TRACE 7701 51253 V 4 6de7fe
SCHED-TRACE 7702 51253 O 0 0
SCHED-TRACE 7703 51253 P 36 762a778d5
SCHED-TRACE 7704 51254 K 33 724f424dd
SCHED-TRACE 7705 51254 P 36 76429b645
SCHED-TRACE 7706 51255 P 36 7654f78d5
SCHED-TRACE 7707 51329 I 33 6e103c
SCHED-TRACE 7708 51329 B 33 7a
SCHED-TRACE 7709 51329 P 33 72b05eb85
SCHED-TRACE 7710 51329 R 33 72b05eb85
SCHED-TRACE 7711 51330 U 4 6e1149
SCHED-TRACE 7712 51330 V 4 6e11d6
SCHED-TRACE 7713 51330 O 0 0
SCHED-TRACE 7714 51330 P 33 72b308b43
SCHED-TRACE 7715 51331 K 33 72b308b43
SCHED-TRACE 7716 51331 P 33 72b572f1a
SCHED-TRACE 7717 51407 I 33 6e3a4a
SCHED-TRACE 7718 51407 B 33 7a
SCHED-TRACE 7719 51407 P 33 7318ed916
SCHED-TRACE 7720 51407 R 33 7318ed916
SCHED-TRACE 7721 51408 U 4 6e3b58
SCHED-TRACE 7722 51408 V 4 6e3be4
SCHED-TRACE 7723 51408 O 0 0
SCHED-TRACE 7724 51408 P 33 731b97ced
SCHED-TRACE 7725 51409 K 33 731b97ced
SCHED-TRACE 7726 51409 P 33 731e01cac
SCHED-TRACE 7727 51485 I 33 6e645f
SCHED-TRACE 7728 51485 B 33 7a
SCHED-TRACE 7729 51485 P 33 73818c49b
SCHED-TRACE 7730 51485 R 33 73818c49b
SCHED-TRACE 7731 51486 U 4 6e656c
SCHED-TRACE 7732 51486 V 4 6e65f9
SCHED-TRACE 7733 51486 O 0 0
SCHED-TRACE 7734 51486 P 33 73843645a
SCHED-TRACE 7735 51487 K 33 73843645a
SCHED-TRACE 7736 51487 P 33 7386a0831
SCHED-TRACE 7737 51563 I 33 6e8e74
SCHED-TRACE 7738 51563 B 33 7b
SCHED-TRACE 7739 51563 P 33 73ea2b021
SCHED-TRACE 7740 51563 R 33 73ea2b021
SCHED-TRACE 7741 51564 U 4 6e8f81
SCHED-TRACE 7742 51564 V 4 6e900d
SCHED-TRACE 7743 51564 O 0 0
SCHED-TRACE 7744 51564 P 33 73ecd4fdf
SCHED-TRACE 7745 51565 K 33 73ecd4fdf
SCHED-TRACE 7746 51565 P 33 73ef3f3b6
SCHED-TRACE 7747 51641 I 33 6eb888
SCHED-TRACE 7748 51641 B 33 7a
SCHED-TRACE 7749 51641 P 33 7452c978d
SCHED-TRACE 7750 51641 R 33 7452c978d
SCHED-TRACE 7751 51642 U 4 6eb996
SCHED-TRACE 7752 51642 V 4 6eba22
SCHED-TRACE 7753 51642 O 0 0
SCHED-TRACE 7754 51642 P 33 745573b64
SCHED-TRACE 7755 51643 K 33 745573b64
SCHED-TRACE 7756 51643 P 33 7457ddb23
SCHED-TRACE 7757 51719 I 33 6ee29d
SCHED-TRACE 7758 51719 B 33 7a
SCHED-TRACE 7759 51719 P 33 74bb68312
SCHED-TRACE 7760 51719 R 33 74bb68312
SCHED-TRACE 7761 51720 U 4 6ee3aa
SCHED-TRACE 7762 51720 V 4 6ee437
SCHED-TRACE 7763 51720 O 0 0
SCHED-TRACE 7764 51720 P 33 74be122d1
SCHED-TRACE 7765 51721 K 33 74be122d1
SCHED-TRACE 7766 51721 P 33 74c07c6a8
SCHED-TRACE 7767 51797 I 33 6f0cb2
SCHED-TRACE 7768 51797 B 33 7b
SCHED-TRACE 7769 51797 P 33 752406e97
SCHED-TRACE 7770 51797 R 33 752406e97
SCHED-TRACE 7771 51798 U 4 6f0dbf
SCHED-TRACE 7772 51798 V 4 6f0e4b
SCHED-TRACE 7773 51798 O 0 0
SCHED-TRACE 7774 51798 P 33 7526b0e56
SCHED-TRACE 7775 51799 K 33 7526b0e56
SCHED-TRACE 7776 51799 P 33 75291ae14
SCHED-TRACE 7777 51875 I 33 6f36c6
SCHED-TRACE 7778 51875 B 33 7a
SCHED-TRACE 7779 51875 P 33 758ca5604
SCHED-TRACE 7780 51875 R 33 758ca5604
SCHED-TRACE 7781 51876 U 4 6f37d4
SCHED-TRACE 7782 51876 V 4 6f3860
SCHED-TRACE 7783 51876 O 0 0
SCHED-TRACE 7784 51876 P 33 758f4f5c2
SCHED-TRACE 7785 51877 K 33 758f4f5c2
SCHED-TRACE 7786 51877 P 33 7591b9999
SCHED-TRACE 7787 51953 I 33 6f60db
SCHED-TRACE 7788 51953 B 33 7a
SCHED-TRACE 7789 51953 P 33 75f544189
SCHED-TRACE 7790 51953 R 33 75f544189
SCHED-TRACE 7791 51954 U 4 6f61e8
SCHED-TRACE 7792 51954 V 4 6f6275
SCHED-TRACE 7793 51954 O 0 0
SCHED-TRACE 7794 51954 P 33 75f7ee148
SCHED-TRACE 7795 51955 K 33 75f7ee148
SCHED-TRACE 7796 51955 P 33 75fa5851f
SCHED-TRACE 7797 52031 I 33 6f8af0
SCHED-TRACE 7798 52031 B 33 7b
SCHED-TRACE 7799 52031 P 33 765de2d0e
SCHED-TRACE 7800 52031 R 33 765de2d0e
SCHED-TRACE 7801 52032 U 4 6f8bfd
SCHED-TRACE 7802 52032 V 4 6f8c8a
SCHED-TRACE 7803 52032 O 0 0
SCHED-TRACE 7804 52032 P 33 76608d916
SCHED-TRACE 7805 52033 K 60 760a01cac
SCHED-TRACE 7806 52033 P 33 7662f7ced
SCHED-TRACE 7807 52034 P 33 7664ce560
SCHED-TRACE 7808 52108 I 60 6fb4ce
SCHED-TRACE 7809 52108 B 60 7b
SCHED-TRACE 7810 52108 P 60 79d5b26e9
SCHED-TRACE 7811 52108 R 60 79d5b26e9
SCHED-TRACE 7812 52109 U 4 6fb5dd
SCHED-TRACE 7813 52109 V 4 6fb669
SCHED-TRACE 7814 52109 O 0 0
SCHED-TRACE 7815 52109 P 60 79f07a1ca
SCHED-TRACE 7816 52110 K 78 761bad4fe
SCHED-TRACE 7817 52110 P 60 7a08a0831
SCHED-TRACE 7818 52111 P 60 7a1b01cac
SCHED-TRACE 7819 52185 I 78 6fdeab
SCHED-TRACE 7820 52185 B 78 7a
SCHED-TRACE 7821 52185 P 78 79e720831
SCHED-TRACE 7822 52185 R 78 79e720831
SCHED-TRACE 7823 52186 U 4 6fdfb9
SCHED-TRACE 7824 52186 V 4 6fe045
SCHED-TRACE 7825 52186 O 0 0
SCHED-TRACE 7826 52186 P 78 7a01d645a
SCHED-TRACE 7827 52187 K 63 761f0978d
SCHED-TRACE 7828 52187 P 78 7a19fa1cb
SCHED-TRACE 7829 52188 P 78 7a2c5b646
SCHED-TRACE 7830 52262 I 63 700887
SCHED-TRACE 7831 52262 B 63 7a
SCHED-TRACE 7832 52262 P 63 79ea7cac0
SCHED-TRACE 7833 52262 R 63 79ea7cac0
SCHED-TRACE 7834 52263 U 4 700996
SCHED-TRACE 7835 52263 V 4 700a22
SCHED-TRACE 7836 52263 O 0 0
SCHED-TRACE 7837 52263 P 63 7a0541cac
SCHED-TRACE 7838 52264 K 51 76206d4fe
SCHED-TRACE 7839 52264 P 63 7a1d65a1c
SCHED-TRACE 7840 52265 P 63 7a2fc6e97
SCHED-TRACE 7841 52339 I 51 703264
SCHED-TRACE 7842 52339 B 51 7a
SCHED-TRACE 7843 52339 P 51 79ebe0831
SCHED-TRACE 7844 52339 R 51 79ebe0831
SCHED-TRACE 7845 52340 U 4 703373
SCHED-TRACE 7846 52340 V 4 7033ff
SCHED-TRACE 7847 52340 O 0 0
SCHED-TRACE 7848 52340 P 51 7a06afdf4
SCHED-TRACE 7849 52341 K 48 7620ce979
SCHED-TRACE 7850 52341 P 51 7a1ed645a
SCHED-TRACE 7851 52342 P 51 7a31378d5
SCHED-TRACE 7852 52416 I 48 705c41
SCHED-TRACE 7853 52416 B 48 7b
SCHED-TRACE 7854 52416 P 48 79ec41cac
SCHED-TRACE 7855 52416 R 48 79ec41cac
SCHED-TRACE 7856 52417 U 4 705d50
SCHED-TRACE 7857 52417 V 4 705ddd
SCHED-TRACE 7858 52417 O 0 0
SCHED-TRACE 7859 52417 P 48 7a071126e
SCHED-TRACE 7860 52418 K 81 7626fa1ca
SCHED-TRACE 7861 52418 P 48 7a1f378d5
SCHED-TRACE 7862 52419 P 48 7a319645a
SCHED-TRACE 7863 52493 I 81 70861c
SCHED-TRACE 7864 52493 B 81 7a
SCHED-TRACE 7865 52493 P 81 79f22fdf3
SCHED-TRACE 7866 52493 R 81 79f22fdf3
SCHED-TRACE 7867 52494 U 4 70872a
SCHED-TRACE 7868 52494 V 4 7087b6
SCHED-TRACE 7869 52494 O 0 0
SCHED-TRACE 7870 52494 P 81 7a0ce3127
SCHED-TRACE 7871 52495 K 75 76281126f
SCHED-TRACE 7872 52495 P 81 7a250978d
SCHED-TRACE 7873 52496 P 81 7a3768312
SCHED-TRACE 7874 52570 I 75 70aff6
SCHED-TRACE 7875 52570 B 75 7a
SCHED-TRACE 7876 52570 P 75 79f346e98
SCHED-TRACE 7877 52570 R 75 79f346e98
SCHED-TRACE 7878 52571 U 4 70b104
SCHED-TRACE 7879 52571 V 4 70b190
SCHED-TRACE 7880 52571 O 0 0
SCHED-TRACE 7881 52571 P 75 7a0dff3b6
SCHED-TRACE 7882 52572 K 72 76286d4fe
SCHED-TRACE 7883 52572 P 75 7a2625a1d
SCHED-TRACE 7884 52573 P 75 7a38845a2
SCHED-TRACE 7885 52647 I 72 70d9d0
SCHED-TRACE 7886 52647 B 72 7a
SCHED-TRACE 7887 52647 P 72 79f3a3127
SCHED-TRACE 7888 52647 R 72 79f3a3127
SCHED-TRACE 7889 52648 U 4 70dade
SCHED-TRACE 7890 52648 V 4 70db6a
SCHED-TRACE 7891 52648 O 0 0
SCHED-TRACE 7892 52648 P 72 7a0e5df3c
SCHED-TRACE 7893 52649 K 69 76290c084
SCHED-TRACE 7894 52649 P 72 7a2681cac
SCHED-TRACE 7895 52650 P 72 7a38e3127
SCHED-TRACE 7896 52724 I 69 7103aa
SCHED-TRACE 7897 52724 B 69 7a
SCHED-TRACE 7898 52724 P 69 79f441cad
SCHED-TRACE 7899 52724 R 69 79f441cad
SCHED-TRACE 7900 52725 U 4 7104b8
SCHED-TRACE 7901 52725 V 4 710544
SCHED-TRACE 7902 52725 O 0 0
SCHED-TRACE 7903 52725 P 69 7a0eff3b7
SCHED-TRACE 7904 52726 K 66 762968312
SCHED-TRACE 7905 52726 P 69 7a2725a1d
SCHED-TRACE 7906 52727 P 69 7a39845a2
SCHED-TRACE 7907 52801 I 66 712d84
SCHED-TRACE 7908 52801 B 66 7a
SCHED-TRACE 7909 52801 P 66 79f49df3b
SCHED-TRACE 7910 52801 R 66 79f49df3b
SCHED-TRACE 7911 52802 U 4 712e92
SCHED-TRACE 7912 52802 V 4 712f1e
SCHED-TRACE 7913 52802 O 0 0
SCHED-TRACE 7914 52802 P 66 7a0f60831
SCHED-TRACE 7915 52803 K 57 762a46e98
SCHED-TRACE 7916 52803 P 66 7a2786e97
SCHED-TRACE 7917 52804 P 66 7a39e5a1c
SCHED-TRACE 7918 52878 I 57 71575e
SCHED-TRACE 7919 52878 B 57 7a
SCHED-TRACE 7920 52878 P 57 79f57cac1
SCHED-TRACE 7921 52878 R 57 79f57cac1
SCHED-TRACE 7922 52879 U 4 71586c
SCHED-TRACE 7923 52879 V 4 7158f9
SCHED-TRACE 7924 52879 O 0 0
SCHED-TRACE 7925 52879 P 57 7a1046e98
SCHED-TRACE 7926 52880 K 54 762aba1cb
SCHED-TRACE 7927 52880 P 57 7a286d4fe
SCHED-TRACE 7928 52881 P 57 7a3acc083
SCHED-TRACE 7929 52955 I 54 718138
SCHED-TRACE 7930 52955 B 54 7a
SCHED-TRACE 7931 52955 P 54 79f5efdf4
SCHED-TRACE 7932 52955 R 54 79f5efdf4
SCHED-TRACE 7933 52956 U 4 718247
SCHED-TRACE 7934 52956 V 4 7182d3
SCHED-TRACE 7935 52956 O 0 0
SCHED-TRACE 7936 52956 P 54 7a10bcac0
SCHED-TRACE 7937 52957 K 45 762b7a1cb
SCHED-TRACE 7938 52957 P 54 7a28e3127
SCHED-TRACE 7939 52958 P 54 7a3b41cac
SCHED-TRACE 7940 53032 I 45 71ab13
SCHED-TRACE 7941 53032 B 45 7a
SCHED-TRACE 7942 53032 P 45 79f6afdf4
SCHED-TRACE 7943 53032 R 45 79f6afdf4
SCHED-TRACE 7944 53033 U 4 71ac22
SCHED-TRACE 7945 53033 V 4 71acae
SCHED-TRACE 7946 53033 O 0 0
SCHED-TRACE 7947 53033 P 45 7a11845a2
SCHED-TRACE 7948 53034 K 39 76404e979
SCHED-TRACE 7949 53034 P 45 7a29aac08
SCHED-TRACE 7950 53035 P 45 7a3c06e98
SCHED-TRACE 7951 53109 I 39 71d4ed
SCHED-TRACE 7952 53109 B 39 7b
SCHED-TRACE 7953 53109 P 39 7a0b74fdf
SCHED-TRACE 7954 53109 R 39 7a0b74fdf
SCHED-TRACE 7955 53110 U 4 71d5fb
SCHED-TRACE 7956 53110 V 4 71d687
SCHED-TRACE 7957 53110 O 0 0
SCHED-TRACE 7958 53110 P 39 7a2620831
SCHED-TRACE 7959 53111 K 42 7643326ea
SCHED-TRACE 7960 53111 P 39 7a3e445a2
SCHED-TRACE 7961 53112 P 39 7a50a3127
SCHED-TRACE 7962 53186 I 42 71fec5
SCHED-TRACE 7963 53186 B 42 7a
SCHED-TRACE 7964 53186 P 42 7a0e445a2
SCHED-TRACE 7965 53186 R 42 7a0e445a2
SCHED-TRACE 7966 53187 U 4 71ffd4
SCHED-TRACE 7967 53187 V 4 720060
SCHED-TRACE 7968 53187 O 0 0
SCHED-TRACE 7969 53187 P 42 7a2918d50
SCHED-TRACE 7970 53188 K 36 7654f78d5
SCHED-TRACE 7971 53188 P 42 7a413f3b7
SCHED-TRACE 7972 53189 P 42 7a539b646
SCHED-TRACE 7973 53263 I 36 72289f
SCHED-TRACE 7974 53263 B 36 7b
SCHED-TRACE 7975 53263 P 36 7a202ac08
SCHED-TRACE 7976 53263 R 36 7a202ac08
SCHED-TRACE 7977 53264 U 4 7229ac
SCHED-TRACE 7978 53264 V 4 722a39
SCHED-TRACE 7979 53264 O 0 0
SCHED-TRACE 7980 53264 P 36 7a3ad126e
SCHED-TRACE 7981 53265 K 33 7664ce560
SCHED-TRACE 7982 53265 P 36 7a52f78d5
SCHED-TRACE 7983 53266 P 36 7a655126e
SCHED-TRACE 7984 53340 I 33 725277
SCHED-TRACE 7985 53340 B 33 7b
SCHED-TRACE 7986 53340 P 33 76c5eb021
SCHED-TRACE 7987 53340 R 33 76c5eb021
SCHED-TRACE 7988 53341 U 4 725384
SCHED-TRACE 7989 53341 V 4 725411
SCHED-TRACE 7990 53341 O 0 0
SCHED-TRACE 7991 53341 P 33 76c894fdf
SCHED-TRACE 7992 53342 K 33 76c894fdf
SCHED-TRACE 7993 53342 P 33 76cafef9e
SCHED-TRACE 7994 53418 I 33 727c85
SCHED-TRACE 7995 53418 B 33 7a
SCHED-TRACE 7996 53418 P 33 772e79999
SCHED-TRACE 7997 53418 R 33 772e79999
SCHED-TRACE 7998 53419 U 4 727d93
SCHED-TRACE 7999 53419 V 4 727e1f
SCHED-TRACE 8000 53419 O 0 0
SCHED-TRACE 8001 53419 P 33 773123958
SCHED-TRACE 8002 53420 K 33 773123958
SCHED-TRACE 8003 53420 P 33 77338dd2f
SCHED-TRACE 8004 53496 I 33 72a69a
SCHED-TRACE 8005 53496 B 33 7a
SCHED-TRACE 8006 53496 P 33 779718106
SCHED-TRACE 8007 53496 R 33 779718106
SCHED-TRACE 8008 53497 U 4 72a7a7
SCHED-TRACE 8009 53497 V 4 72a834
SCHED-TRACE 8010 53497 O 0 0
SCHED-TRACE 8011 53497 P 33 7799c24dd
SCHED-TRACE 8012 53498 K 33 7799c24dd
SCHED-TRACE 8013 53498 P 33 779c2c49b
SCHED-TRACE 8014 53574 I 33 72d0af
SCHED-TRACE 8015 53574 B 33 7a
SCHED-TRACE 8016 53574 P 33 77ffb6c8b
SCHED-TRACE 8017 53574 R 33 77ffb6c8b
SCHED-TRACE 8018 53575 U 4 72d1bc
SCHED-TRACE 8019 53575 V 4 72d249
SCHED-TRACE 8020 53575 O 0 0
SCHED-TRACE 8021 53575 P 33 780260c4a
SCHED-TRACE 8022 53576 K 33 780260c4a
SCHED-TRACE 8023 53576 P 33 7804cb021
SCHED-TRACE 8024 53652 I 33 72fac3
SCHED-TRACE 8025 53652 B 33 7b
SCHED-TRACE 8026 53652 P 33 786855810
SCHED-TRACE 8027 53652 R 33 786855810
SCHED-TRACE 8028 53653 U 4 72fbd1
SCHED-TRACE 8029 53653 V 4 72fc5d
SCHED-TRACE 8030 53653 O 0 0
SCHED-TRACE 8031 53653 P 33 786aff7cf
SCHED-TRACE 8032 53654 K 33 786aff7cf
SCHED-TRACE 8033 53654 P 33 786d6978d
SCHED-TRACE 8034 53730 I 33 7324d8
SCHED-TRACE 8035 53730 B 33 7a
SCHED-TRACE 8036 53730 P 33 78d0f3f7d
SCHED-TRACE 8037 53730 R 33 78d0f3f7d
SCHED-TRACE 8038 53731 U 4 7325e5
SCHED-TRACE 8039 53731 V 4 732672
SCHED-TRACE 8040 53731 O 0 0
SCHED-TRACE 8041 53731 P 33 78d39df3b
SCHED-TRACE 8042 53732 K 33 78d39df3b
SCHED-TRACE 8043 53732 P 33 78d608312
SCHED-TRACE 8044 53808 I 33 734eed
SCHED-TRACE 8045 53808 B 33 7a
SCHED-TRACE 8046 53808 P 33 793992b02
SCHED-TRACE 8047 53808 R 33 793992b02
SCHED-TRACE 8048 53809 U 4 734ffa
SCHED-TRACE 8049 53809 V 4 735086
SCHED-TRACE 8050 53809 O 0 0
SCHED-TRACE 8051 53809 P 33 793c3cac0
SCHED-TRACE 8052 53810 K 33 793c3cac0
SCHED-TRACE 8053 53810 P 33 793ea6e97
SCHED-TRACE 8054 53886 I 33 737901
SCHED-TRACE 8055 53886 B 33 7b
SCHED-TRACE 8056 53886 P 33 79a231687
SCHED-TRACE 8057 53886 R 33 79a231687
SCHED-TRACE 8058 53887 U 4 737a0f
SCHED-TRACE 8059 53887 V 4 737a9b
SCHED-TRACE 8060 53887 O 0 0
SCHED-TRACE 8061 53887 P 33 79a4db645
SCHED-TRACE 8062 53888 K 33 79a4db645
SCHED-TRACE 8063 53888 P 33 79a745604
SCHED-TRACE 8064 53964 I 33 73a316
SCHED-TRACE 8065 53964 B 33 7a
SCHED-TRACE 8066 53964 P 33 7a0acfdf4
SCHED-TRACE 8067 53964 R 33 7a0acfdf4
SCHED-TRACE 8068 53965 U 4 73a423
SCHED-TRACE 8069 53965 V 4 73a4b0
SCHED-TRACE 8070 53965 O 0 0
SCHED-TRACE 8071 53965 P 33 7a0d79db2
SCHED-TRACE 8072 53966 K 33 7a0d79db2
SCHED-TRACE 8073 53966 P 33 7a0fe4189
SCHED-TRACE 8074 54042 I 33 73cd2b
SCHED-TRACE 8075 54042 B 33 7a
SCHED-TRACE 8076 54042 P 33 7a736e979
SCHED-TRACE 8077 54042 R 33 7a736e979
SCHED-TRACE 8078 54043 U 4 73ce38
SCHED-TRACE 8079 54043 V 4 73cec5
SCHED-TRACE 8080 54043 O 0 0
SCHED-TRACE 8081 54043 P 33 7a7619581
SCHED-TRACE 8082 54044 K 60 7a1b01cac
SCHED-TRACE 8083 54044 P 33 7a7883958
SCHED-TRACE 8084 54045 P 33 7a7a5a1cb
SCHED-TRACE 8085 54119 I 60 73f709
SCHED-TRACE 8086 54119 B 60 7a
SCHED-TRACE 8087 54119 P 60 7de6b26e9
SCHED-TRACE 8088 54119 R 60 7de6b26e9
SCHED-TRACE 8089 54120 U 4 73f818
SCHED-TRACE 8090 54120 V 4 73f8a4
SCHED-TRACE 8091 54120 O 0 0
SCHED-TRACE 8092 54120 P 60 7e017a1ca
SCHED-TRACE 8093 54121 K 78 7a2c5b646
SCHED-TRACE 8094 54121 P 60 7e199df3b
SCHED-TRACE 8095 54122 P 60 7e2bff3b6
SCHED-TRACE 8096 54196 I 78 7420e6
SCHED-TRACE 8097 54196 B 78 7a
SCHED-TRACE 8098 54196 P 78 7df7ce979
SCHED-TRACE 8099 54196 R 78 7df7ce979
SCHED-TRACE 8100 54197 U 4 7421f4
SCHED-TRACE 8101 54197 V 4 742280
SCHED-TRACE 8102 54197 O 0 0
SCHED-TRACE 8103 54197 P 78 7e12845a2
SCHED-TRACE 8104 54198 K 63 7a2fc6e97
SCHED-TRACE 8105 54198 P 78 7e2aaac08
SCHED-TRACE 8106 54199 P 78 7e3d0978d
SCHED-TRACE 8107 54273 I 63 744ac2
SCHED-TRACE 8108 54273 B 63 7b
SCHED-TRACE 8109 54273 P 63 7dfb3cac0
SCHED-TRACE 8110 54273 R 63 7dfb3cac0
SCHED-TRACE 8111 54274 U 4 744bd1
SCHED-TRACE 8112 54274 V 4 744c5d
SCHED-TRACE 8113 54274 O 0 0
SCHED-TRACE 8114 54274 P 63 7e15ff3b6
SCHED-TRACE 8115 54275 K 51 7a31378d5
SCHED-TRACE 8116 54275 P 63 7e2e25a1c
SCHED-TRACE 8117 54276 P 63 7e40845a2
SCHED-TRACE 8118 54350 I 51 74749f
SCHED-TRACE 8119 54350 B 51 7b
SCHED-TRACE 8120 54350 P 51 7dfcad4fe
SCHED-TRACE 8121 54350 R 51 7dfcad4fe
SCHED-TRACE 8122 54351 U 4 7475ae
SCHED-TRACE 8123 54351 V 4 74763a
SCHED-TRACE 8124 54351 O 0 0
SCHED-TRACE 8125 54351 P 51 7e177cac1
SCHED-TRACE 8126 54352 K 48 7a319645a
SCHED-TRACE 8127 54352 P 51 7e2fa0831
SCHED-TRACE 8128 54353 P 51 7e4201cac
SCHED-TRACE 8129 54427 I 48 749e7c
SCHED-TRACE 8130 54427 B 48 7a
SCHED-TRACE 8131 54427 P 48 7dfd0978d
SCHED-TRACE 8132 54427 R 48 7dfd0978d
SCHED-TRACE 8133 54428 U 4 749f8b
SCHED-TRACE 8134 54428 V 4 74a018
SCHED-TRACE 8135 54428 O 0 0
SCHED-TRACE 8136 54428 P 48 7e17db645
SCHED-TRACE 8137 54429 K 81 7a3768312
SCHED-TRACE 8138 54429 P 48 7e3001cac
SCHED-TRACE 8139 54430 P 48 7e4260831
SCHED-TRACE 8140 54504 I 81 74c857
SCHED-TRACE 8141 54504 B 81 7a
SCHED-TRACE 8142 54504 P 81 7e029df3b
SCHED-TRACE 8143 54504 R 81 7e029df3b
SCHED-TRACE 8144 54505 U 4 74c965
SCHED-TRACE 8145 54505 V 4 74c9f1
SCHED-TRACE 8146 54505 O 0 0
SCHED-TRACE 8147 54505 P 81 7e1d5126e
SCHED-TRACE 8148 54506 K 75 7a38845a2
SCHED-TRACE 8149 54506 P 81 7e35778d5
SCHED-TRACE 8150 54507 P 81 7e47d645a
SCHED-TRACE 8151 54581 I 75 74f231
SCHED-TRACE 8152 54581 B 75 7a
SCHED-TRACE 8153 54581 P 75 7e03ba1cb
SCHED-TRACE 8154 54581 R 75 7e03ba1cb
SCHED-TRACE 8155 54582 U 4 74f33f
SCHED-TRACE 8156 54582 V 4 74f3cb
SCHED-TRACE 8157 54582 O 0 0
SCHED-TRACE 8158 54582 P 75 7e1e726ea
SCHED-TRACE 8159 54583 K 72 7a38e3127
SCHED-TRACE 8160 54583 P 75 7e369645a
SCHED-TRACE 8161 54584 P 75 7e48f78d5
SCHED-TRACE 8162 54658 I 72 751c0b
SCHED-TRACE 8163 54658 B 72 7a
SCHED-TRACE 8164 54658 P 72 7e0418d50
SCHED-TRACE 8165 54658 R 72 7e0418d50
SCHED-TRACE 8166 54659 U 4 751d19
SCHED-TRACE 8167 54659 V 4 751da5
SCHED-TRACE 8168 54659 O 0 0
SCHED-TRACE 8169 54659 P 72 7e1ed3b65
SCHED-TRACE 8170 54660 K 69 7a39845a2
SCHED-TRACE 8171 54660 P 72 7e36fa1cb
SCHED-TRACE 8172 54661 P 72 7e4958d50
SCHED-TRACE 8173 54735 I 69 7545e5
SCHED-TRACE 8174 54735 B 69 7a
SCHED-TRACE 8175 54735 P 69 7e04ba1cb
SCHED-TRACE 8176 54735 R 69 7e04ba1cb
SCHED-TRACE 8177 54736 U 4 7546f3
SCHED-TRACE 8178 54736 V 4 75477f
SCHED-TRACE 8179 54736 O 0 0
SCHED-TRACE 8180 54736 P 69 7e1f778d5
SCHED-TRACE 8181 54737 K 66 7a39e5a1c
SCHED-TRACE 8182 54737 P 69 7e379b646
SCHED-TRACE 8183 54738 P 69 7e49fcac1
SCHED-TRACE 8184 54812 I 66 756fbf
SCHED-TRACE 8185 54812 B 66 7a
SCHED-TRACE 8186 54812 P 66 7e051b645
SCHED-TRACE 8187 54812 R 66 7e051b645
SCHED-TRACE 8188 54813 U 4 7570cd
SCHED-TRACE 8189 54813 V 4 757159
SCHED-TRACE 8190 54813 O 0 0
SCHED-TRACE 8191 54813 P 66 7e1fdb645
SCHED-TRACE 8192 54814 K 57 7a3acc083
SCHED-TRACE 8193 54814 P 66 7e3801cac
SCHED-TRACE 8194 54815 P 66 7e4a60831
SCHED-TRACE 8195 54889 I 57 759999
SCHED-TRACE 8196 54889 B 57 7a
SCHED-TRACE 8197 54889 P 57 7e0601cac
SCHED-TRACE 8198 54889 R 57 7e0601cac
SCHED-TRACE 8199 54890 U 4 759aa7
SCHED-TRACE 8200 54890 V 4 759b34
SCHED-TRACE 8201 54890 O 0 0
SCHED-TRACE 8202 54890 P 57 7e20cc083
SCHED-TRACE 8203 54891 K 54 7a3b41cac
SCHED-TRACE 8204 54891 P 57 7e38efdf4
SCHED-TRACE 8205 54892 P 57 7e4b4e979
SCHED-TRACE 8206 54966 I 54 75c373
SCHED-TRACE 8207 54966 B 54 7b
SCHED-TRACE 8208 54966 P 54 7e067a1cb
SCHED-TRACE 8209 54966 R 54 7e067a1cb
SCHED-TRACE 8210 54967 U 4 75c482
SCHED-TRACE 8211 54967 V 4 75c50e
SCHED-TRACE 8212 54967 O 0 0
SCHED-TRACE 8213 54967 P 54 7e21445a2
SCHED-TRACE 8214 54968 K 45 7a3c06e98
SCHED-TRACE 8215 54968 P 54 7e3968312
SCHED-TRACE 8216 54969 P 54 7e4bc6e98
SCHED-TRACE 8217 55043 I 45 75ed4e
SCHED-TRACE 8218 55043 B 45 7b
SCHED-TRACE 8219 55043 P 45 7e073f3b6
SCHED-TRACE 8220 55043 R 45 7e073f3b6
SCHED-TRACE 8221 55044 U 4 75ee5d
SCHED-TRACE 8222 55044 V 4 75eee9
SCHED-TRACE 8223 55044 O 0 0
SCHED-TRACE 8224 55044 P 45 7e221126f
SCHED-TRACE 8225 55045 K 39 7a50a3127
SCHED-TRACE 8226 55045 P 45 7e3a378d5
SCHED-TRACE 8227 55046 P 45 7e4c9645a
SCHED-TRACE 8228 55120 I 39 761728
SCHED-TRACE 8229 55120 B 39 7a
SCHED-TRACE 8230 55120 P 39 7e1bc45a2
SCHED-TRACE 8231 55120 R 39 7e1bc45a2
SCHED-TRACE 8232 55121 U 4 761835
SCHED-TRACE 8233 55121 V 4 7618c2
SCHED-TRACE 8234 55121 O 0 0
SCHED-TRACE 8235 55121 P 39 7e36726e9
SCHED-TRACE 8236 55122 K 42 7a539b646
SCHED-TRACE 8237 55122 P 39 7e4e9645a
SCHED-TRACE 8238 55123 P 39 7e60f4fdf
SCHED-TRACE 8239 55197 I 42 764100
SCHED-TRACE 8240 55197 B 42 7a
SCHED-TRACE 8241 55197 P 42 7e1eafdf4
SCHED-TRACE 8242 55197 R 42 7e1eafdf4
SCHED-TRACE 8243 55198 U 4 76420f
SCHED-TRACE 8244 55198 V 4 76429c
SCHED-TRACE 8245 55198 O 0 0
SCHED-TRACE 8246 55198 P 42 7e39845a2
SCHED-TRACE 8247 55199 K 36 7a655126e
SCHED-TRACE 8248 55199 P 42 7e51a8313
SCHED-TRACE 8249 55200 P 42 7e64045a2
SCHED-TRACE 8250 55275 I 36 766b4e
SCHED-TRACE 8251 55275 B 36 7a
SCHED-TRACE 8252 55275 P 36 7e3bed4fe
SCHED-TRACE 8253 55275 R 36 7e3bed4fe
SCHED-TRACE 8254 55276 U 4 766c5b
SCHED-TRACE 8255 55276 V 4 766ce7
SCHED-TRACE 8256 55276 O 0 0
SCHED-TRACE 8257 55276 P 36 7e5693b64
SCHED-TRACE 8258 55277 K 33 7a7a5a1cb
SCHED-TRACE 8259 55277 P 36 7e6eb78d5
SCHED-TRACE 8260 55278 P 36 7e8113b64
SCHED-TRACE 8261 55352 I 33 769526
SCHED-TRACE 8262 55352 B 33 7a
SCHED-TRACE 8263 55352 P 33 7adb778d5
SCHED-TRACE 8264 55352 R 33 7adb778d5
SCHED-TRACE 8265 55353 U 4 769633
SCHED-TRACE 8266 55353 V 4 7696c0
SCHED-TRACE 8267 55353 O 0 0
SCHED-TRACE 8268 55353 P 33 7ade21893
SCHED-TRACE 8269 55354 K 33 7ade21893
SCHED-TRACE 8270 55354 P 33 7ae08b852
SCHED-TRACE 8271 55430 I 33 76bf34
SCHED-TRACE 8272 55430 B 33 7b
SCHED-TRACE 8273 55430 P 33 7b4405604
SCHED-TRACE 8274 55430 R 33 7b4405604
SCHED-TRACE 8275 55431 U 4 76c041
SCHED-TRACE 8276 55431 V 4 76c0ce
SCHED-TRACE 8277 55431 O 0 0
SCHED-TRACE 8278 55431 P 33 7b46af5c2
SCHED-TRACE 8279 55432 K 33 7b46af5c2
SCHED-TRACE 8280 55432 P 33 7b4919581
SCHED-TRACE 8281 55508 I 33 76e949
SCHED-TRACE 8282 55508 B 33 7a
SCHED-TRACE 8283 55508 P 33 7baca3d70
SCHED-TRACE 8284 55508 R 33 7baca3d70
SCHED-TRACE 8285 55509 U 4 76ea56
SCHED-TRACE 8286 55509 V 4 76eae2
SCHED-TRACE 8287 55509 O 0 0
SCHED-TRACE 8288 55509 P 33 7baf4dd2f
SCHED-TRACE 8289 55510 K 33 7baf4dd2f
SCHED-TRACE 8290 55510 P 33 7bb1b8106
SCHED-TRACE 8291 55586 I 33 77135d
SCHED-TRACE 8292 55586 B 33 7a
SCHED-TRACE 8293 55586 P 33 7c15428f6
SCHED-TRACE 8294 55586 R 33 7c15428f6
SCHED-TRACE 8295 55587 U 4 77146b
SCHED-TRACE 8296 55587 V 4 7714f7
SCHED-TRACE 8297 55587 O 0 0
SCHED-TRACE 8298 55587 P 33 7c17ec8b4
SCHED-TRACE 8299 55588 K 33 7c17ec8b4
SCHED-TRACE 8300 55588 P 33 7c1a56c8b
SCHED-TRACE 8301 55664 I 33 773d72
SCHED-TRACE 8302 55664 B 33 7b
SCHED-TRACE 8303 55664 P 33 7c7de147b
SCHED-TRACE 8304 55664 R 33 7c7de147b
SCHED-TRACE 8305 55665 U 4 773e7f
SCHED-TRACE 8306 55665 V 4 773f0c
SCHED-TRACE 8307 55665 O 0 0
SCHED-TRACE 8308 55665 P 33 7c808b021
SCHED-TRACE 8309 55666 K 33 7c808b021
SCHED-TRACE 8310 55666 P 33 7c82f4fdf
SCHED-TRACE 8311 55742 I 33 776787
SCHED-TRACE 8312 55742 B 33 7a
SCHED-TRACE 8313 55742 P 33 7ce67f7cf
SCHED-TRACE 8314 55742 R 33 7ce67f7cf
SCHED-TRACE 8315 55743 U 4 776894
SCHED-TRACE 8316 55743 V 4 776920
SCHED-TRACE 8317 55743 O 0 0
SCHED-TRACE 8318 55743 P 33 7ce92978d
SCHED-TRACE 8319 55744 K 33 7ce92978d
SCHED-TRACE 8320 55744 P 33 7ceb93b64
SCHED-TRACE 8321 55820 I 33 77919b
SCHED-TRACE 8322 55820 B 33 7a
SCHED-TRACE 8323 55820 P 33 7d4f1e354
SCHED-TRACE 8324 55820 R 33 7d4f1e354
SCHED-TRACE 8325 55821 U 4 7792a9
SCHED-TRACE 8326 55821 V 4 779335
SCHED-TRACE 8327 55821 O 0 0
SCHED-TRACE 8328 55821 P 33 7d51c8312
SCHED-TRACE 8329 55822 K 33 7d51c8312
SCHED-TRACE 8330 55822 P 33 7d54326e9
SCHED-TRACE 8331 55898 I 33 77bbb0
SCHED-TRACE 8332 55898 B 33 7a
SCHED-TRACE 8333 55898 P 33 7db7bcac0
SCHED-TRACE 8334 55898 R 33 7db7bcac0
SCHED-TRACE 8335 55899 U 4 77bcbd
SCHED-TRACE 8336 55899 V 4 77bd4a
SCHED-TRACE 8337 55899 O 0 0
SCHED-TRACE 8338 55899 P 33 7dba66e97
SCHED-TRACE 8339 55900 K 33 7dba66e97
SCHED-TRACE 8340 55900 P 33 7dbcd0e56
SCHED-TRACE 8341 55976 I 33 77e5c5
SCHED-TRACE 8342 55976 B 33 7a
SCHED-TRACE 8343 55976 P 33 7e205b645
SCHED-TRACE 8344 55976 R 33 7e205b645
SCHED-TRACE 8345 55977 U 4 77e6d2
SCHED-TRACE 8346 55977 V 4 77e75e
SCHED-TRACE 8347 55977 O 0 0
SCHED-TRACE 8348 55977 P 33 7e2305604
SCHED-TRACE 8349 55978 K 33 7e2305604
SCHED-TRACE 8350 55978 P 33 7e256f9db
SCHED-TRACE 8351 56054 I 33 780fd9
SCHED-TRACE 8352 56054 B 33 7b
SCHED-TRACE 8353 56054 P 33 7e88fa1cb
SCHED-TRACE 8354 56054 R 33 7e88fa1cb
SCHED-TRACE 8355 56055 U 4 7810e7
SCHED-TRACE 8356 56055 V 4 781173
SCHED-TRACE 8357 56055 O 0 0
SCHED-TRACE 8358 56055 P 33 7e8ba4dd3
SCHED-TRACE 8359 56056 K 60 7e2bff3b6
SCHED-TRACE 8360 56056 P 33 7e8e0f1aa
SCHED-TRACE 8361 56057 P 33 7e8fe5a1c
SCHED-TRACE 8362 56131 I 60 7839b8
SCHED-TRACE 8363 56131 B 60 7a
SCHED-TRACE 8364 56131 P 60 81f7afdf3
SCHED-TRACE 8365 56131 R 60 81f7afdf3
SCHED-TRACE 8366 56132 U 4 783ac6
SCHED-TRACE 8367 56132 V 4 783b53
SCHED-TRACE 8368 56132 O 0 0
SCHED-TRACE 8369 56132 P 60 8212778d5
SCHED-TRACE 8370 56133 K 78 7e3d0978d
SCHED-TRACE 8371 56133 P 60 822a9b645
SCHED-TRACE 8372 56134 P 60 823cfcac0
SCHED-TRACE 8373 56208 I 78 786395
SCHED-TRACE 8374 56208 B 78 7a
SCHED-TRACE 8375 56208 P 78 82087cac1
SCHED-TRACE 8376 56208 R 78 82087cac1
SCHED-TRACE 8377 56209 U 4 7864a3
SCHED-TRACE 8378 56209 V 4 78652f
SCHED-TRACE 8379 56209 O 0 0
SCHED-TRACE 8380 56209 P 78 8223326ea
SCHED-TRACE 8381 56210 K 63 7e40845a2
SCHED-TRACE 8382 56210 P 78 823b58d50
SCHED-TRACE 8383 56211 P 78 824db78d5
SCHED-TRACE 8384 56285 I 63 788d71
SCHED-TRACE 8385 56285 B 63 7a
SCHED-TRACE 8386 56285 P 63 820bf78d5
SCHED-TRACE 8387 56285 R 63 820bf78d5
SCHED-TRACE 8388 56286 U 4 788e7f
SCHED-TRACE 8389 56286 V 4 788f0c
SCHED-TRACE 8390 56286 O 0 0
SCHED-TRACE 8391 56286 P 63 8226bcac0
SCHED-TRACE 8392 56287 K 51 7e4201cac
SCHED-TRACE 8393 56287 P 63 823ee3127
SCHED-TRACE 8394 56288 P 63 825141cac
SCHED-TRACE 8395 56362 I 51 78b74e
SCHED-TRACE 8396 56362 B 51 7a
SCHED-TRACE 8397 56362 P 51 820d74fdf
SCHED-TRACE 8398 56362 R 51 820d74fdf
SCHED-TRACE 8399 56363 U 4 78b85d
SCHED-TRACE 8400 56363 V 4 78b8e9
SCHED-TRACE 8401 56363 O 0 0
SCHED-TRACE 8402 56363 P 51 8228445a2
SCHED-TRACE 8403 56364 K 48 7e4260831
SCHED-TRACE 8404 56364 P 51 82406ac08
SCHED-TRACE 8405 56365 P 51 8252cc083
SCHED-TRACE 8406 56439 I 48 78e12b
SCHED-TRACE 8407 56439 B 48 7a
SCHED-TRACE 8408 56439 P 48 820dd3b64
SCHED-TRACE 8409 56439 R 48 820dd3b64
SCHED-TRACE 8410 56440 U 4 78e23a
SCHED-TRACE 8411 56440 V 4 78e2c6
SCHED-TRACE 8412 56440 O 0 0
SCHED-TRACE 8413 56440 P 48 8228a5a1c
SCHED-TRACE 8414 56441 K 81 7e47d645a
SCHED-TRACE 8415 56441 P 48 8240cc083
SCHED-TRACE 8416 56442 P 48 82532ac08
SCHED-TRACE 8417 56516 I 81 790b06
SCHED-TRACE 8418 56516 B 81 7a
SCHED-TRACE 8419 56516 P 81 82130c083
SCHED-TRACE 8420 56516 R 81 82130c083
SCHED-TRACE 8421 56517 U 4 790c13
SCHED-TRACE 8422 56517 V 4 790ca0
SCHED-TRACE 8423 56517 O 0 0
SCHED-TRACE 8424 56517 P 81 822dbcac0
SCHED-TRACE 8425 56518 K 75 7e48f78d5
SCHED-TRACE 8426 56518 P 81 8245e3127
SCHED-TRACE 8427 56519 P 81 825841cac
SCHED-TRACE 8428 56593 I 75 7934df
SCHED-TRACE 8429 56593 B 75 7a
SCHED-TRACE 8430 56593 P 75 82142fdf4
SCHED-TRACE 8431 56593 R 75 82142fdf4
SCHED-TRACE 8432 56594 U 4 7935ed
SCHED-TRACE 8433 56594 V 4 79367a
SCHED-TRACE 8434 56594 O 0 0
SCHED-TRACE 8435 56594 P 75 822ee8313
SCHED-TRACE 8436 56595 K 72 7e4958d50
SCHED-TRACE 8437 56595 P 75 82470c083
SCHED-TRACE 8438 56596 P 75 82596ac08
SCHED-TRACE 8439 56670 I 72 795eb9
SCHED-TRACE 8440 56670 B 72 7b
SCHED-TRACE 8441 56670 P 72 82149126f
SCHED-TRACE 8442 56670 R 72 82149126f
SCHED-TRACE 8443 56671 U 4 795fc7
SCHED-TRACE 8444 56671 V 4 796054
SCHED-TRACE 8445 56671 O 0 0
SCHED-TRACE 8446 56671 P 72 822f4978e
SCHED-TRACE 8447 56672 K 69 7e49fcac1
SCHED-TRACE 8448 56672 P 72 82476fdf4
SCHED-TRACE 8449 56673 P 72 8259ce979
SCHED-TRACE 8450 56747 I 69 798893
SCHED-TRACE 8451 56747 B 69 7a
SCHED-TRACE 8452 56747 P 69 8215326ea
SCHED-TRACE 8453 56747 R 69 8215326ea
SCHED-TRACE 8454 56748 U 4 7989a1
SCHED-TRACE 8455 56748 V 4 798a2e
SCHED-TRACE 8456 56748 O 0 0
SCHED-TRACE 8457 56748 P 69 822fefdf4
SCHED-TRACE 8458 56749 K 66 7e4a60831
SCHED-TRACE 8459 56749 P 69 824813b65
SCHED-TRACE 8460 56750 P 69 825a726ea
SCHED-TRACE 8461 56824 I 66 79b26d
SCHED-TRACE 8462 56824 B 66 7b
SCHED-TRACE 8463 56824 P 66 821598d4f
SCHED-TRACE 8464 56824 R 66 821598d4f
SCHED-TRACE 8465 56825 U 4 79b37b
SCHED-TRACE 8466 56825 V 4 79b408
SCHED-TRACE 8467 56825 O 0 0
SCHED-TRACE 8468 56825 P 66 82305645a
SCHED-TRACE 8469 56826 K 57 7e4b4e979
SCHED-TRACE 8470 56826 P 66 82487cac0
SCHED-TRACE 8471 56827 P 66 825adb645
SCHED-TRACE 8472 56901 I 57 79dc47
SCHED-TRACE 8473 56901 B 57 7a
SCHED-TRACE 8474 56901 P 57 821686e98
SCHED-TRACE 8475 56901 R 57 821686e98
SCHED-TRACE 8476 56902 U 4 79dd56
SCHED-TRACE 8477 56902 V 4 79dde2
SCHED-TRACE 8478 56902 O 0 0
SCHED-TRACE 8479 56902 P 57 82315126f
SCHED-TRACE 8480 56903 K 54 7e4bc6e98
SCHED-TRACE 8481 56903 P 57 8249778d5
SCHED-TRACE 8482 56904 P 57 825bd645a
SCHED-TRACE 8483 56978 I 54 7a0622
SCHED-TRACE 8484 56978 B 54 7a
SCHED-TRACE 8485 56978 P 54 8216fcac0
SCHED-TRACE 8486 56978 R 54 8216fcac0
SCHED-TRACE 8487 56979 U 4 7a0731
SCHED-TRACE 8488 56979 V 4 7a07bd
SCHED-TRACE 8489 56979 O 0 0
SCHED-TRACE 8490 56979 P 54 8231c978d
SCHED-TRACE 8491 56980 K 45 7e4c9645a
SCHED-TRACE 8492 56980 P 54 8249ed4fe
SCHED-TRACE 8493 56981 P 54 825c4c083
SCHED-TRACE 8494 57055 I 45 7a2ffc
SCHED-TRACE 8495 57055 B 45 7b
SCHED-TRACE 8496 57055 P 45 8217ce979
SCHED-TRACE 8497 57055 R 45 8217ce979
SCHED-TRACE 8498 57056 U 4 7a310b
SCHED-TRACE 8499 57056 V 4 7a3198
SCHED-TRACE 8500 57056 O 0 0
SCHED-TRACE 8501 57056 P 45 8232a0831
SCHED-TRACE 8502 57057 K 39 7e60f4fdf
SCHED-TRACE 8503 57057 P 45 824ac6e98
SCHED-TRACE 8504 57058 P 45 825d23127
SCHED-TRACE 8505 57132 I 39 7a59d6
SCHED-TRACE 8506 57132 B 39 7b
SCHED-TRACE 8507 57132 P 39 822c0c083
SCHED-TRACE 8508 57132 R 39 822c0c083
SCHED-TRACE 8509 57133 U 4 7a5ae4
SCHED-TRACE 8510 57133 V 4 7a5b70
SCHED-TRACE 8511 57133 O 0 0
SCHED-TRACE 8512 57133 P 39 8246b78d5
SCHED-TRACE 8513 57134 K 42 7e64045a2
SCHED-TRACE 8514 57134 P 39 825edb646
SCHED-TRACE 8515 57135 P 39 82713a1cb
SCHED-TRACE 8516 57209 I 42 7a83ae
SCHED-TRACE 8517 57209 B 42 7a
SCHED-TRACE 8518 57209 P 42 822f1645a
SCHED-TRACE 8519 57209 R 42 822f1645a
SCHED-TRACE 8520 57210 U 4 7a84bd
SCHED-TRACE 8521 57210 V 4 7a8549
SCHED-TRACE 8522 57210 O 0 0
SCHED-TRACE 8523 57210 P 42 8249eac09
SCHED-TRACE 8524 57211 K 36 7e8113b64
SCHED-TRACE 8525 57211 P 42 82621126f
SCHED-TRACE 8526 57212 P 42 82746d4fe
SCHED-TRACE 8527 57286 I 36 7aad88
SCHED-TRACE 8528 57286 B 36 7b
SCHED-TRACE 8529 57286 P 36 824c46e97
SCHED-TRACE 8530 57286 R 36 824c46e97
SCHED-TRACE 8531 57287 U 4 7aae95
SCHED-TRACE 8532 57287 V 4 7aaf22
SCHED-TRACE 8533 57287 O 0 0
SCHED-TRACE 8534 57287 P 36 8266ed4fe
SCHED-TRACE 8535 57288 K 33 7e8fe5a1c
SCHED-TRACE 8536 57288 P 36 827f13b64
SCHED-TRACE 8537 57289 P 36 82916fdf3
SCHED-TRACE 8538 57363 I 33 7ad760
SCHED-TRACE 8539 57363 B 33 7a
SCHED-TRACE 8540 57363 P 33 7ef1024dd
SCHED-TRACE 8541 57363 R 33 7ef1024dd
SCHED-TRACE 8542 57364 U 4 7ad86d
SCHED-TRACE 8543 57364 V 4 7ad8fa
SCHED-TRACE 8544 57364 O 0 0
SCHED-TRACE 8545 57364 P 33 7ef3ac49b
SCHED-TRACE 8546 57365 K 33 7ef3ac49b
SCHED-TRACE 8547 57365 P 33 7ef616873
SCHED-TRACE 8548 57441 I 33 7b016f
SCHED-TRACE 8549 57441 B 33 7a
SCHED-TRACE 8550 57441 P 33 7f599126e
SCHED-TRACE 8551 57441 R 33 7f599126e
SCHED-TRACE 8552 57442 U 4 7b027c
SCHED-TRACE 8553 57442 V 4 7b0308
SCHED-TRACE 8554 57442 O 0 0
SCHED-TRACE 8555 57442 P 33 7f5c3b22d
SCHED-TRACE 8556 57443 K 33 7f5c3b22d
SCHED-TRACE 8557 57443 P 33 7f5ea5604
SCHED-TRACE 8558 57519 I 33 7b2b83
SCHED-TRACE 8559 57519 B 33 7b
SCHED-TRACE 8560 57519 P 33 7fc22fdf4
SCHED-TRACE 8561 57519 R 33 7fc22fdf4
SCHED-TRACE 8562 57520 U 4 7b2c90
SCHED-TRACE 8563 57520 V 4 7b2d1d
SCHED-TRACE 8564 57520 O 0 0
SCHED-TRACE 8565 57520 P 33 7fc4d9db2
SCHED-TRACE 8566 57521 K 33 7fc4d9db2
SCHED-TRACE 8567 57521 P 33 7fc743d70
SCHED-TRACE 8568 57597 I 33 7b5598
SCHED-TRACE 8569 57597 B 33 7a
SCHED-TRACE 8570 57597 P 33 802ace560
SCHED-TRACE 8571 57597 R 33 802ace560
SCHED-TRACE 8572 57598 U 4 7b56a5
SCHED-TRACE 8573 57598 V 4 7b5732
SCHED-TRACE 8574 57598 O 0 0
SCHED-TRACE 8575 57598 P 33 802d7851f
SCHED-TRACE 8576 57599 K 33 802d7851f
SCHED-TRACE 8577 57599 P 33 802fe28f6
SCHED-TRACE 8578 57675 I 33 7b7fac
SCHED-TRACE 8579 57675 B 33 7a
SCHED-TRACE 8580 57675 P 33 80936d0e5
SCHED-TRACE 8581 57675 R 33 80936d0e5
SCHED-TRACE 8582 57676 U 4 7b80ba
SCHED-TRACE 8583 57676 V 4 7b8146
SCHED-TRACE 8584 57676 O 0 0
SCHED-TRACE 8585 57676 P 33 8096170a4
SCHED-TRACE 8586 57677 K 33 8096170a4
SCHED-TRACE 8587 57677 P 33 80988147b
SCHED-TRACE 8588 57753 I 33 7ba9c1
SCHED-TRACE 8589 57753 B 33 7a
SCHED-TRACE 8590 57753 P 33 80fc0b852
SCHED-TRACE 8591 57753 R 33 80fc0b852
SCHED-TRACE 8592 57754 U 4 7baace
SCHED-TRACE 8593 57754 V 4 7bab5b
SCHED-TRACE 8594 57754 O 0 0
SCHED-TRACE 8595 57754 P 33 80feb5810
SCHED-TRACE 8596 57755 K 33 80feb5810
SCHED-TRACE 8597 57755 P 33 81011f7cf
SCHED-TRACE 8598 57831 I 33 7bd3d6
SCHED-TRACE 8599 57831 B 33 7a
SCHED-TRACE 8600 57831 P 33 8164a9fbe
SCHED-TRACE 8601 57831 R 33 8164a9fbe
SCHED-TRACE 8602 57832 U 4 7bd4e3
SCHED-TRACE 8603 57832 V 4 7bd570
SCHED-TRACE 8604 57832 O 0 0
SCHED-TRACE 8605 57832 P 33 816753f7d
SCHED-TRACE 8606 57833 K 33 816753f7d
SCHED-TRACE 8607 57833 P 33 8169be354
SCHED-TRACE 8608 57909 I 33 7bfdea
SCHED-TRACE 8609 57909 B 33 7a
SCHED-TRACE 8610 57909 P 33 81cd4872b
SCHED-TRACE 8611 57909 R 33 81cd4872b
SCHED-TRACE 8612 57910 U 4 7bfef8
SCHED-TRACE 8613 57910 V 4 7bff84
SCHED-TRACE 8614 57910 O 0 0
SCHED-TRACE 8615 57910 P 33 81cff26e9
SCHED-TRACE 8616 57911 K 33 81cff26e9
SCHED-TRACE 8617 57911 P 33 81d25cac0
SCHED-TRACE 8618 57987 I 33 7c27ff
SCHED-TRACE 8619 57987 B 33 7a
SCHED-TRACE 8620 57987 P 33 8235e6e97
SCHED-TRACE 8621 57987 R 33 8235e6e97
SCHED-TRACE 8622 57988 U 4 7c290c
SCHED-TRACE 8623 57988 V 4 7c2999
SCHED-TRACE 8624 57988 O 0 0
SCHED-TRACE 8625 57988 P 33 82389126e
SCHED-TRACE 8626 57989 K 33 82389126e
SCHED-TRACE 8627 57989 P 33 823afb22d
SCHED-TRACE 8628 58065 I 33 7c5214
SCHED-TRACE 8629 58065 B 33 7a
SCHED-TRACE 8630 58065 P 33 829e85a1c
SCHED-TRACE 8631 58065 R 33 829e85a1c
SCHED-TRACE 8632 58066 U 4 7c5321
SCHED-TRACE 8633 58066 V 4 7c53ae
SCHED-TRACE 8634 58066 O 0 0
SCHED-TRACE 8635 58066 P 33 82a130625
SCHED-TRACE 8636 58067 K 60 823cfcac0
SCHED-TRACE 8637 58067 P 33 82a39a9fc
SCHED-TRACE 8638 58068 P 33 82a57126e
SCHED-TRACE 8639 58142 I 60 7c7bf2
SCHED-TRACE 8640 58142 B 60 7a
SCHED-TRACE 8641 58142 P 60 8608ad4fe
SCHED-TRACE 8642 58142 R 60 8608ad4fe
SCHED-TRACE 8643 58143 U 4 7c7d01
SCHED-TRACE 8644 58143 V 4 7c7d8d
SCHED-TRACE 8645 58143 O 0 0
SCHED-TRACE 8646 58143 P 60 862374fdf
SCHED-TRACE 8647 58144 K 78 824db78d5
SCHED-TRACE 8648 58144 P 60 863b9b645
SCHED-TRACE 8649 58145 P 60 864dfa1ca
SCHED-TRACE 8650 58219 I 78 7ca5cf
SCHED-TRACE 8651 58219 B 78 7a
SCHED-TRACE 8652 58219 P 78 86192d4fe
SCHED-TRACE 8653 58219 R 78 86192d4fe
SCHED-TRACE 8654 58220 U 4 7ca6dd
SCHED-TRACE 8655 58220 V 4 7ca769
SCHED-TRACE 8656 58220 O 0 0
SCHED-TRACE 8657 58220 P 78 8633e3127
SCHED-TRACE 8658 58221 K 63 825141cac
SCHED-TRACE 8659 58221 P 78 864c0978d
SCHED-TRACE 8660 58222 P 78 865e6ac08
SCHED-TRACE 8661 58296 I 63 7ccfab
SCHED-TRACE 8662 58296 B 63 7b
SCHED-TRACE 8663 58296 P 63 861cb4fdf
SCHED-TRACE 8664 58296 R 63 861cb4fdf
SCHED-TRACE 8665 58297 U 4 7cd0ba
SCHED-TRACE 8666 58297 V 4 7cd146
SCHED-TRACE 8667 58297 O 0 0
SCHED-TRACE 8668 58297 P 63 8637778d5
SCHED-TRACE 8669 58298 K 51 8252cc083
SCHED-TRACE 8670 58298 P 63 864f9df3b
SCHED-TRACE 8671 58299 P 63 8661ff3b6
SCHED-TRACE 8672 58373 I 51 7cf988
SCHED-TRACE 8673 58373 B 51 7b
SCHED-TRACE 8674 58373 P 51 861e3f3b7
SCHED-TRACE 8675 58373 R 51 861e3f3b7
SCHED-TRACE 8676 58374 U 4 7cfa97
SCHED-TRACE 8677 58374 V 4 7cfb23
SCHED-TRACE 8678 58374 O 0 0
SCHED-TRACE 8679 58374 P 51 86390e979
SCHED-TRACE 8680 58375 K 48 82532ac08
SCHED-TRACE 8681 58375 P 51 8651326ea
SCHED-TRACE 8682 58376 P 51 866393b65
SCHED-TRACE 8683 58450 I 48 7d2365
SCHED-TRACE 8684 58450 B 48 7a
SCHED-TRACE 8685 58450 P 48 861e9df3b
SCHED-TRACE 8686 58450 R 48 861e9df3b
SCHED-TRACE 8687 58451 U 4 7d2474
SCHED-TRACE 8688 58451 V 4 7d2501
SCHED-TRACE 8689 58451 O 0 0
SCHED-TRACE 8690 58451 P 48 86396fdf3
SCHED-TRACE 8691 58452 K 81 825841cac
SCHED-TRACE 8692 58452 P 48 865193b64
SCHED-TRACE 8693 58453 P 48 8663f26e9
SCHED-TRACE 8694 58527 I 81 7d4d40
SCHED-TRACE 8695 58527 B 81 7b
SCHED-TRACE 8696 58527 P 81 86237a1ca
SCHED-TRACE 8697 58527 R 81 86237a1ca
SCHED-TRACE 8698 58528 U 4 7d4e4e
SCHED-TRACE 8699 58528 V 4 7d4eda
SCHED-TRACE 8700 58528 O 0 0
SCHED-TRACE 8701 58528 P 81 863e2ac08
SCHED-TRACE 8702 58529 K 75 82596ac08
SCHED-TRACE 8703 58529 P 81 86564e978
SCHED-TRACE 8704 58530 P 81 8668ad4fe
SCHED-TRACE 8705 58604 I 75 7d771a
SCHED-TRACE 8706 58604 B 75 7b
SCHED-TRACE 8707 58604 P 75 8624a3127
SCHED-TRACE 8708 58604 R 75 8624a3127
SCHED-TRACE 8709 58605 U 4 7d7828
SCHED-TRACE 8710 58605 V 4 7d78b4
SCHED-TRACE 8711 58605 O 0 0
SCHED-TRACE 8712 58605 P 75 863f58d50
SCHED-TRACE 8713 58606 K 72 8259ce979
SCHED-TRACE 8714 58606 P 75 86577f3b6
SCHED-TRACE 8715 58607 P 75 8669ddf3c
SCHED-TRACE 8716 58681 I 72 7da0f4
SCHED-TRACE 8717 58681 B 72 7a
SCHED-TRACE 8718 58681 P 72 8625045a2
SCHED-TRACE 8719 58681 R 72 8625045a2
SCHED-TRACE 8720 58682 U 4 7da202
SCHED-TRACE 8721 58682 V 4 7da28e
SCHED-TRACE 8722 58682 O 0 0
SCHED-TRACE 8723 58682 P 72 863fbf3b6
SCHED-TRACE 8724 58683 K 69 825a726ea
SCHED-TRACE 8725 58683 P 72 8657e5a1d
SCHED-TRACE 8726 58684 P 72 866a445a2
SCHED-TRACE 8727 58758 I 69 7dcace
SCHED-TRACE 8728 58758 B 69 7a
SCHED-TRACE 8729 58758 P 69 8625a8313
SCHED-TRACE 8730 58758 R 69 8625a8313
SCHED-TRACE 8731 58759 U 4 7dcbdc
SCHED-TRACE 8732 58759 V 4 7dcc68
SCHED-TRACE 8733 58759 O 0 0
SCHED-TRACE 8734 58759 P 69 864065a1d
SCHED-TRACE 8735 58760 K 66 825adb645
SCHED-TRACE 8736 58760 P 69 86588c084
SCHED-TRACE 8737 58761 P 69 866aeac09
SCHED-TRACE 8738 58835 I 66 7df4a8
SCHED-TRACE 8739 58835 B 66 7a
SCHED-TRACE 8740 58835 P 66 86261126e
SCHED-TRACE 8741 58835 R 66 86261126e
SCHED-TRACE 8742 58836 U 4 7df5b6
SCHED-TRACE 8743 58836 V 4 7df642
SCHED-TRACE 8744 58836 O 0 0
SCHED-TRACE 8745 58836 P 66 8640d126e
SCHED-TRACE 8746 58837 K 57 825bd645a
SCHED-TRACE 8747 58837 P 66 8658f4fdf
SCHED-TRACE 8748 58838 P 66 866b53b64
SCHED-TRACE 8749 58912 I 57 7e1e82
SCHED-TRACE 8750 58912 B 57 7b
SCHED-TRACE 8751 58912 P 57 86270e979
SCHED-TRACE 8752 58912 R 57 86270e979
SCHED-TRACE 8753 58913 U 4 7e1f90
SCHED-TRACE 8754 58913 V 4 7e201d
SCHED-TRACE 8755 58913 O 0 0
SCHED-TRACE 8756 58913 P 57 8641d645a
SCHED-TRACE 8757 58914 K 54 825c4c083
SCHED-TRACE 8758 58914 P 57 8659fa1cb
SCHED-TRACE 8759 58915 P 57 866c58d50
SCHED-TRACE 8760 58989 I 54 7e485c
SCHED-TRACE 8761 58989 B 54 7b
SCHED-TRACE 8762 58989 P 54 8627845a2
SCHED-TRACE 8763 58989 R 54 8627845a2
SCHED-TRACE 8764 58990 U 4 7e496b
SCHED-TRACE 8765 58990 V 4 7e49f8
SCHED-TRACE 8766 58990 O 0 0
SCHED-TRACE 8767 58990 P 54 86424e979
SCHED-TRACE 8768 58991 K 45 825d23127
SCHED-TRACE 8769 58991 P 54 865a726e9
SCHED-TRACE 8770 58992 P 54 866cd3b64
SCHED-TRACE 8771 59066 I 45 7e7237
SCHED-TRACE 8772 59066 B 45 7a
SCHED-TRACE 8773 59066 P 45 862858d50
SCHED-TRACE 8774 59066 R 45 862858d50
SCHED-TRACE 8775 59067 U 4 7e7346
SCHED-TRACE 8776 59067 V 4 7e73d2
SCHED-TRACE 8777 59067 O 0 0
SCHED-TRACE 8778 59067 P 45 86432ac08
SCHED-TRACE 8779 59068 K 39 82713a1cb
SCHED-TRACE 8780 59068 P 45 865b4e979
SCHED-TRACE 8781 59069 P 45 866dad4fe
SCHED-TRACE 8782 59143 I 39 7e9c11
SCHED-TRACE 8783 59143 B 39 7a
SCHED-TRACE 8784 59143 P 39 863c5b646
SCHED-TRACE 8785 59143 R 39 863c5b646
SCHED-TRACE 8786 59144 U 4 7e9d1e
SCHED-TRACE 8787 59144 V 4 7e9dab
SCHED-TRACE 8788 59144 O 0 0
SCHED-TRACE 8789 59144 P 39 865706e97
SCHED-TRACE 8790 59145 K 42 82746d4fe
SCHED-TRACE 8791 59145 P 39 866f2d4fe
SCHED-TRACE 8792 59146 P 39 86818978d
SCHED-TRACE 8793 59220 I 42 7ec5e9
SCHED-TRACE 8794 59220 B 42 7b
SCHED-TRACE 8795 59220 P 42 863f845a2
SCHED-TRACE 8796 59220 R 42 863f845a2
SCHED-TRACE 8797 59221 U 4 7ec6f8
SCHED-TRACE 8798 59221 V 4 7ec785
SCHED-TRACE 8799 59221 O 0 0
SCHED-TRACE 8800 59221 P 42 865a5645a
SCHED-TRACE 8801 59222 K 36 82916fdf3
SCHED-TRACE 8802 59222 P 42 86727a1cb
SCHED-TRACE 8803 59223 P 42 8684d645a
SCHED-TRACE 8804 59297 I 36 7eefc3
SCHED-TRACE 8805 59297 B 36 7a
SCHED-TRACE 8806 59297 P 36 865c7a1ca
SCHED-TRACE 8807 59297 R 36 865c7a1ca
SCHED-TRACE 8808 59298 U 4 7ef0d0
SCHED-TRACE 8809 59298 V 4 7ef15d
SCHED-TRACE 8810 59298 O 0 0
SCHED-TRACE 8811 59298 P 36 867720831
SCHED-TRACE 8812 59299 K 33 82a57126e
SCHED-TRACE 8813 59299 P 36 868f445a1
SCHED-TRACE 8814 59300 P 36 86a1a0831
SCHED-TRACE 8815 59374 I 33 7f199b
SCHED-TRACE 8816 59374 B 33 7a
SCHED-TRACE 8817 59374 P 33 83068d916
SCHED-TRACE 8818 59374 R 33 83068d916
SCHED-TRACE 8819 59375 U 4 7f1aa8
SCHED-TRACE 8820 59375 V 4 7f1b35
SCHED-TRACE 8821 59375 O 0 0
SCHED-TRACE 8822 59375 P 33 8309378d5
SCHED-TRACE 8823 59376 K 33 8309378d5
SCHED-TRACE 8824 59376 P 33 830ba1cac
SCHED-TRACE 8825 59452 I 33 7f43a9
SCHED-TRACE 8826 59452 B 33 7a
SCHED-TRACE 8827 59452 P 33 836f1c6a8
SCHED-TRACE 8828 59452 R 33 836f1c6a8
SCHED-TRACE 8829 59453 U 4 7f44b7
SCHED-TRACE 8830 59453 V 4 7f4543
SCHED-TRACE 8831 59453 O 0 0
SCHED-TRACE 8832 59453 P 33 8371c6666
SCHED-TRACE 8833 59454 K 33 8371c6666
SCHED-TRACE 8834 59454 P 33 837430a3d
SCHED-TRACE 8835 59530 I 33 7f6dbe
SCHED-TRACE 8836 59530 B 33 7a
SCHED-TRACE 8837 59530 P 33 83d7bb22d
SCHED-TRACE 8838 59530 R 33 83d7bb22d
SCHED-TRACE 8839 59531 U 4 7f6ecb
SCHED-TRACE 8840 59531 V 4 7f6f58
SCHED-TRACE 8841 59531 O 0 0
SCHED-TRACE 8842 59531 P 33 83da651eb
SCHED-TRACE 8843 59532 K 33 83da651eb
SCHED-TRACE 8844 59532 P 33 83dccf5c2
SCHED-TRACE 8845 59608 I 33 7f97d3
SCHED-TRACE 8846 59608 B 33 7b
SCHED-TRACE 8847 59608 P 33 844059db2
SCHED-TRACE 8848 59608 R 33 844059db2
SCHED-TRACE 8849 59609 U 4 7f98e0
SCHED-TRACE 8850 59609 V 4 7f996c
SCHED-TRACE 8851 59609 O 0 0
SCHED-TRACE 8852 59609 P 33 844303d70
SCHED-TRACE 8853 59610 K 33 844303d70
SCHED-TRACE 8854 59610 P 33 84456dd2f
SCHED-TRACE 8855 59686 I 33 7fc1e7
SCHED-TRACE 8856 59686 B 33 7a
SCHED-TRACE 8857 59686 P 33 84a8f851f
SCHED-TRACE 8858 59686 R 33 84a8f851f
SCHED-TRACE 8859 59687 U 4 7fc2f5
SCHED-TRACE 8860 59687 V 4 7fc381
SCHED-TRACE 8861 59687 O 0 0
SCHED-TRACE 8862 59687 P 33 84aba24dd
SCHED-TRACE 8863 59688 K 33 84aba24dd
SCHED-TRACE 8864 59688 P 33 84ae0c8b4
SCHED-TRACE 8865 59764 I 33 7febfc
SCHED-TRACE 8866 59764 B 33 7a
SCHED-TRACE 8867 59764 P 33 8511970a4
SCHED-TRACE 8868 59764 R 33 8511970a4
SCHED-TRACE 8869 59765 U 4 7fed09
SCHED-TRACE 8870 59765 V 4 7fed96
SCHED-TRACE 8871 59765 O 0 0
SCHED-TRACE 8872 59765 P 33 851441062
SCHED-TRACE 8873 59766 K 33 851441062
SCHED-TRACE 8874 59766 P 33 8516ab439
SCHED-TRACE 8875 59842 I 33 801611
SCHED-TRACE 8876 59842 B 33 7a
SCHED-TRACE 8877 59842 P 33 857a35810
SCHED-TRACE 8878 59842 R 33 857a35810
SCHED-TRACE 8879 59843 U 4 80171e
SCHED-TRACE 8880 59843 V 4 8017aa
SCHED-TRACE 8881 59843 O 0 0
SCHED-TRACE 8882 59843 P 33 857cdf7cf
SCHED-TRACE 8883 59844 K 33 857cdf7cf
SCHED-TRACE 8884 59844 P 33 857f4978d
SCHED-TRACE 8885 59920 I 33 804025
SCHED-TRACE 8886 59920 B 33 7a
SCHED-TRACE 8887 59920 P 33 85e2d3f7d
SCHED-TRACE 8888 59920 R 33 85e2d3f7d
SCHED-TRACE 8889 59921 U 4 804133
SCHED-TRACE 8890 59921 V 4 8041bf
SCHED-TRACE 8891 59921 O 0 0
SCHED-TRACE 8892 59921 P 33 85e57df3b
SCHED-TRACE 8893 59922 K 33 85e57df3b
SCHED-TRACE 8894 59922 P 33 85e7e8312
SCHED-TRACE 8895 59998 I 33 806a3a
SCHED-TRACE 8896 59998 B 33 7a
SCHED-TRACE 8897 59998 P 33 864b726e9
SCHED-TRACE 8898 59998 R 33 864b726e9
SCHED-TRACE 8899 59999 U 4 806b47
SCHED-TRACE 8900 59999 V 4 806bd4
SCHED-TRACE 8901 59999 O 0 0
SCHED-TRACE 8902 59999 P 33 864e1c6a8
SCHED-TRACE 8903 60000 K 60 864dfa1ca
SCHED-TRACE 8904 60000 P 33 865086666
SCHED-TRACE 8905 60001 P 33 86525cac0
SCHED-TRACE 8906 60075 I 60 809412
SCHED-TRACE 8907 60075 B 60 7a
SCHED-TRACE 8908 60075 P 60 8a18ff3b6
SCHED-TRACE 8909 60075 R 60 8a18ff3b6
SCHED-TRACE 8910 60076 U 4 809520
SCHED-TRACE 8911 60076 V 4 8095ad
SCHED-TRACE 8912 60076 O 0 0
SCHED-TRACE 8913 60076 P 60 8a33c1cac
SCHED-TRACE 8914 60077 K 33 86525cac0
SCHED-TRACE 8915 60077 P 60 8a4be8312
SCHED-TRACE 8916 60078 P 60 8a5e41cac
SCHED-TRACE 8917 60152 I 33 80bdeb
SCHED-TRACE 8918 60152 B 33 7b
SCHED-TRACE 8919 60152 P 33 86b379581
SCHED-TRACE 8920 60152 R 33 86b379581
SCHED-TRACE 8921 60153 U 4 80bef8
SCHED-TRACE 8922 60153 V 4 80bf85
SCHED-TRACE 8923 60153 O 0 0
SCHED-TRACE 8924 60153 P 33 86b623d70
SCHED-TRACE 8925 60154 K 78 865e6ac08
SCHED-TRACE 8926 60154 P 33 86b88e148
SCHED-TRACE 8927 60155 P 33 86ba645a2
SCHED-TRACE 8928 60229 I 78 80e7c7
SCHED-TRACE 8929 60229 B 78 7b
SCHED-TRACE 8930 60229 P 78 8a29e0831
SCHED-TRACE 8931 60229 R 78 8a29e0831
SCHED-TRACE 8932 60230 U 4 80e8d5
SCHED-TRACE 8933 60230 V 4 80e961
SCHED-TRACE 8934 60230 O 0 0
SCHED-TRACE 8935 60230 P 78 8a449645a
SCHED-TRACE 8936 60231 K 63 8661ff3b6
SCHED-TRACE 8937 60231 P 78 8a5cba1cb
SCHED-TRACE 8938 60232 P 78 8a6f1b646
SCHED-TRACE 8939 60306 I 63 8111a3
SCHED-TRACE 8940 60306 B 63 7a
SCHED-TRACE 8941 60306 P 63 8a2d726e9
SCHED-TRACE 8942 60306 R 63 8a2d726e9
SCHED-TRACE 8943 60307 U 4 8112b1
SCHED-TRACE 8944 60307 V 4 81133e
SCHED-TRACE 8945 60307 O 0 0
SCHED-TRACE 8946 60307 P 63 8a48378d5
SCHED-TRACE 8947 60308 K 51 866393b65
SCHED-TRACE 8948 60308 P 63 8a605b645
SCHED-TRACE 8949 60309 P 63 8a72bcac0
SCHED-TRACE 8950 60383 I 51 813b80
SCHED-TRACE 8951 60383 B 51 7a
SCHED-TRACE 8952 60383 P 51 8a2f06e98
SCHED-TRACE 8953 60383 R 51 8a2f06e98
SCHED-TRACE 8954 60384 U 4 813c8f
SCHED-TRACE 8955 60384 V 4 813d1b
SCHED-TRACE 8956 60384 O 0 0
SCHED-TRACE 8957 60384 P 51 8a49d645a
SCHED-TRACE 8958 60385 K 48 8663f26e9
SCHED-TRACE 8959 60385 P 51 8a61fcac1
SCHED-TRACE 8960 60386 P 51 8a745b646
SCHED-TRACE 8961 60460 I 48 81655d
SCHED-TRACE 8962 60460 B 48 7a
SCHED-TRACE 8963 60460 P 48 8a2f65a1c
SCHED-TRACE 8964 60460 R 48 8a2f65a1c
SCHED-TRACE 8965 60461 U 4 81666c
SCHED-TRACE 8966 60461 V 4 8166f9
SCHED-TRACE 8967 60461 O 0 0
SCHED-TRACE 8968 60461 P 48 8a4a378d5
SCHED-TRACE 8969 60462 K 81 8668ad4fe
SCHED-TRACE 8970 60462 P 48 8a625b645
SCHED-TRACE 8971 60463 P 48 8a74bcac0
SCHED-TRACE 8972 60537 I 81 818f38
SCHED-TRACE 8973 60537 B 81 7a
SCHED-TRACE 8974 60537 P 81 8a33e3127
SCHED-TRACE 8975 60537 R 81 8a33e3127
SCHED-TRACE 8976 60538 U 4 819046
SCHED-TRACE 8977 60538 V 4 8190d2
SCHED-TRACE 8978 60538 O 0 0
SCHED-TRACE 8979 60538 P 81 8a4e93b64
SCHED-TRACE 8980 60539 K 75 8669ddf3c
SCHED-TRACE 8981 60539 P 81 8a66b78d5
SCHED-TRACE 8982 60540 P 81 8a7918d4f
SCHED-TRACE 8983 60614 I 75 81b912
SCHED-TRACE 8984 60614 B 75 7a
SCHED-TRACE 8985 60614 P 75 8a3513b65
SCHED-TRACE 8986 60614 R 75 8a3513b65
SCHED-TRACE 8987 60615 U 4 81ba1f
SCHED-TRACE 8988 60615 V 4 81baac
SCHED-TRACE 8989 60615 O 0 0
SCHED-TRACE 8990 60615 P 75 8a4fcc083
SCHED-TRACE 8991 60616 K 72 866a445a2
SCHED-TRACE 8992 60616 P 75 8a67f26ea
SCHED-TRACE 8993 60617 P 75 8a7a5126f
SCHED-TRACE 8994 60691 I 72 81e2eb
SCHED-TRACE 8995 60691 B 72 7a
SCHED-TRACE 8996 60691 P 72 8a357a1cb
SCHED-TRACE 8997 60691 R 72 8a357a1cb
SCHED-TRACE 8998 60692 U 4 81e3f9
SCHED-TRACE 8999 60692 V 4 81e486
SCHED-TRACE 9000 60692 O 0 0
SCHED-TRACE 9001 60692 P 72 8a5034fdf
SCHED-TRACE 9002 60693 K 69 866aeac09
SCHED-TRACE 9003 60693 P 72 8a6858d50
SCHED-TRACE 9004 60694 P 72 8a7ab78d5
SCHED-TRACE 9005 60768 I 69 820cc5
SCHED-TRACE 9006 60768 B 69 7b
SCHED-TRACE 9007 60768 P 69 8a3623127
SCHED-TRACE 9008 60768 R 69 8a3623127
SCHED-TRACE 9009 60769 U 4 820dd3
SCHED-TRACE 9010 60769 V 4 820e60
SCHED-TRACE 9011 60769 O 0 0
SCHED-TRACE 9012 60769 P 69 8a50e0832
SCHED-TRACE 9013 60770 K 66 866b53b64
SCHED-TRACE 9014 60770 P 69 8a6906e98
SCHED-TRACE 9015 60771 P 69 8a7b65a1d
SCHED-TRACE 9016 60845 I 66 82369f
SCHED-TRACE 9017 60845 B 66 7a
SCHED-TRACE 9018 60845 P 66 8a368978d
SCHED-TRACE 9019 60845 R 66 8a368978d
SCHED-TRACE 9020 60846 U 4 8237ae
SCHED-TRACE 9021 60846 V 4 82383a
SCHED-TRACE 9022 60846 O 0 0
SCHED-TRACE 9023 60846 P 66 8a514978d
SCHED-TRACE 9024 60847 K 57 866c58d50
SCHED-TRACE 9025 60847 P 66 8a696d4fd
SCHED-TRACE 9026 60848 P 66 8a7bce978
SCHED-TRACE 9027 60922 I 57 82607a
SCHED-TRACE 9028 60922 B 57 7a
SCHED-TRACE 9029 60922 P 57 8a378e979
SCHED-TRACE 9030 60922 R 57 8a378e979
SCHED-TRACE 9031 60923 U 4 826188
SCHED-TRACE 9032 60923 V 4 826215
SCHED-TRACE 9033 60923 O 0 0
SCHED-TRACE 9034 60923 P 57 8a525645a
SCHED-TRACE 9035 60924 K 54 866cd3b64
SCHED-TRACE 9036 60924 P 57 8a6a7cac1
SCHED-TRACE 9037 60925 P 57 8a7cdb646
SCHED-TRACE 9038 60999 I 54 828a54
SCHED-TRACE 9039 60999 B 54 7a
SCHED-TRACE 9040 60999 P 54 8a380978d
SCHED-TRACE 9041 60999 R 54 8a380978d
SCHED-TRACE 9042 61000 U 4 828b63
SCHED-TRACE 9043 61000 V 4 828bef
SCHED-TRACE 9044 61000 O 0 0
SCHED-TRACE 9045 61000 P 54 8a52d3b64
SCHED-TRACE 9046 61001 K 45 866dad4fe
SCHED-TRACE 9047 61001 P 54 8a6afa1cb
SCHED-TRACE 9048 61002 P 54 8a7d58d50
SCHED-TRACE 9049 61076 I 45 82b42f
SCHED-TRACE 9050 61076 B 45 7a
SCHED-TRACE 9051 61076 P 45 8a38e3127
SCHED-TRACE 9052 61076 R 45 8a38e3127
SCHED-TRACE 9053 61077 U 4 82b53e
SCHED-TRACE 9054 61077 V 4 82b5ca
SCHED-TRACE 9055 61077 O 0 0
SCHED-TRACE 9056 61077 P 45 8a53b4fdf
SCHED-TRACE 9057 61078 K 39 86818978d
SCHED-TRACE 9058 61078 P 45 8a6bd8d50
SCHED-TRACE 9059 61079 P 45 8a7e378d5
SCHED-TRACE 9060 61153 I 39 82de08
SCHED-TRACE 9061 61153 B 39 7a
SCHED-TRACE 9062 61153 P 39 8a4c98d50
SCHED-TRACE 9063 61153 R 39 8a4c98d50
SCHED-TRACE 9064 61154 U 4 82df16
SCHED-TRACE 9065 61154 V 4 82dfa2
SCHED-TRACE 9066 61154 O 0 0
SCHED-TRACE 9067 61154 P 39 8a6746e97
SCHED-TRACE 9068 61155 K 42 8684d645a
SCHED-TRACE 9069 61155 P 39 8a7f6d4fe
SCHED-TRACE 9070 61156 P 39 8a91cc083
SCHED-TRACE 9071 61230 I 42 8307e0
SCHED-TRACE 9072 61230 B 42 7a
SCHED-TRACE 9073 61230 P 42 8a4fe8313
SCHED-TRACE 9074 61230 R 42 8a4fe8313
SCHED-TRACE 9075 61231 U 4 8308ef
SCHED-TRACE 9076 61231 V 4 83097b
SCHED-TRACE 9077 61231 O 0 0
SCHED-TRACE 9078 61231 P 42 8a6aba1cb
SCHED-TRACE 9079 61232 K 36 86a1a0831
SCHED-TRACE 9080 61232 P 42 8a82ddf3c
SCHED-TRACE 9081 61233 P 42 8a953cac1
SCHED-TRACE 9082 61307 I 36 8331ba
SCHED-TRACE 9083 61307 B 36 7a
SCHED-TRACE 9084 61307 P 36 8a6cd126e
SCHED-TRACE 9085 61307 R 36 8a6cd126e
SCHED-TRACE 9086 61308 U 4 8332c7
SCHED-TRACE 9087 61308 V 4 833354
SCHED-TRACE 9088 61308 O 0 0
SCHED-TRACE 9089 61308 P 36 8a877a1ca
SCHED-TRACE 9090 61309 K 33 86ba645a2
SCHED-TRACE 9091 61309 P 36 8a9f9df3b
SCHED-TRACE 9092 61310 P 36 8ab1fa1ca
SCHED-TRACE 9093 61385 I 33 835c09
SCHED-TRACE 9094 61385 B 33 7a
SCHED-TRACE 9095 61385 P 33 871cae560
SCHED-TRACE 9096 61385 R 33 871cae560
SCHED-TRACE 9097 61386 U 4 835d16
SCHED-TRACE 9098 61386 V 4 835da3
SCHED-TRACE 9099 61386 O 0 0
SCHED-TRACE 9100 61386 P 33 871f5851f
SCHED-TRACE 9101 61387 K 33 871f5851f
SCHED-TRACE 9102 61387 P 33 8721c28f6
SCHED-TRACE 9103 61463 I 33 83861e
SCHED-TRACE 9104 61463 B 33 7a
SCHED-TRACE 9105 61463 P 33 87854d0e5
SCHED-TRACE 9106 61463 R 33 87854d0e5
SCHED-TRACE 9107 61464 U 4 83872b
SCHED-TRACE 9108 61464 V 4 8387b7
SCHED-TRACE 9109 61464 O 0 0
SCHED-TRACE 9110 61464 P 33 8787f70a4
SCHED-TRACE 9111 61465 K 33 8787f70a4
SCHED-TRACE 9112 61465 P 33 878a6147b
SCHED-TRACE 9113 61541 I 33 83b032
SCHED-TRACE 9114 61541 B 33 7b
SCHED-TRACE 9115 61541 P 33 87edebc6a
SCHED-TRACE 9116 61541 R 33 87edebc6a
SCHED-TRACE 9117 61542 U 4 83b140
SCHED-TRACE 9118 61542 V 4 83b1cc
SCHED-TRACE 9119 61542 O 0 0
SCHED-TRACE 9120 61542 P 33 87f095810
SCHED-TRACE 9121 61543 K 33 87f095810
SCHED-TRACE 9122 61543 P 33 87f2ff7cf
SCHED-TRACE 9123 61619 I 33 83da47
SCHED-TRACE 9124 61619 B 33 7a
SCHED-TRACE 9125 61619 P 33 885689fbe
SCHED-TRACE 9126 61619 R 33 885689fbe
SCHED-TRACE 9127 61620 U 4 83db54
SCHED-TRACE 9128 61620 V 4 83dbe1
SCHED-TRACE 9129 61620 O 0 0
SCHED-TRACE 9130 61620 P 33 885933f7d
SCHED-TRACE 9131 61621 K 33 885933f7d
SCHED-TRACE 9132 61621 P 33 885b9e354
SCHED-TRACE 9133 61697 I 33 84045c
SCHED-TRACE 9134 61697 B 33 7a
SCHED-TRACE 9135 61697 P 33 88bf28b43
SCHED-TRACE 9136 61697 R 33 88bf28b43
SCHED-TRACE 9137 61698 U 4 840569
SCHED-TRACE 9138 61698 V 4 8405f5
SCHED-TRACE 9139 61698 O 0 0
SCHED-TRACE 9140 61698 P 33 88c1d2b02
SCHED-TRACE 9141 61699 K 33 88c1d2b02
SCHED-TRACE 9142 61699 P 33 88c43ced9
SCHED-TRACE 9143 61775 I 33 842e70
SCHED-TRACE 9144 61775 B 33 7a
SCHED-TRACE 9145 61775 P 33 8927c72b0
SCHED-TRACE 9146 61775 R 33 8927c72b0
SCHED-TRACE 9147 61776 U 4 842f7e
SCHED-TRACE 9148 61776 V 4 84300a
SCHED-TRACE 9149 61776 O 0 0
SCHED-TRACE 9150 61776 P 33 892a71687
SCHED-TRACE 9151 61777 K 33 892a71687
SCHED-TRACE 9152 61777 P 33 892cdb645
SCHED-TRACE 9153 61853 I 33 845885
SCHED-TRACE 9154 61853 B 33 7a
SCHED-TRACE 9155 61853 P 33 899065e35
SCHED-TRACE 9156 61853 R 33 899065e35
SCHED-TRACE 9157 61854 U 4 845992
SCHED-TRACE 9158 61854 V 4 845a1f
SCHED-TRACE 9159 61854 O 0 0
SCHED-TRACE 9160 61854 P 33 89930fdf4
SCHED-TRACE 9161 61855 K 33 89930fdf4
SCHED-TRACE 9162 61855 P 33 89957a1cb
SCHED-TRACE 9163 61931 I 33 84829a
SCHED-TRACE 9164 61931 B 33 7b
SCHED-TRACE 9165 61931 P 33 89f9049ba
SCHED-TRACE 9166 61931 R 33 89f9049ba
SCHED-TRACE 9167 61932 U 4 8483a7
SCHED-TRACE 9168 61932 V 4 848433
SCHED-TRACE 9169 61932 O 0 0
SCHED-TRACE 9170 61932 P 33 89fbae979
SCHED-TRACE 9171 61933 K 33 89fbae979
SCHED-TRACE 9172 61933 P 33 89fe18d50
SCHED-TRACE 9173 62009 I 33 84acae
SCHED-TRACE 9174 62009 B 33 7a
SCHED-TRACE 9175 62009 P 33 8a61a3127
SCHED-TRACE 9176 62009 R 33 8a61a3127
SCHED-TRACE 9177 62010 U 4 84adbc
SCHED-TRACE 9178 62010 V 4 84ae48
SCHED-TRACE 9179 62010 O 0 0
SCHED-TRACE 9180 62010 P 33 8a644d4fe
SCHED-TRACE 9181 62011 K 60 8a5e41cac
SCHED-TRACE 9182 62011 P 33 8a66b78d5
SCHED-TRACE 9183 62012 P 33 8a688d916
SCHED-TRACE 9184 62086 I 60 84d686
SCHED-TRACE 9185 62086 B 60 7a
SCHED-TRACE 9186 62086 P 60 8e293a1ca
SCHED-TRACE 9187 62086 R 60 8e293a1ca
SCHED-TRACE 9188 62087 U 4 84d794
SCHED-TRACE 9189 62087 V 4 84d821
SCHED-TRACE 9190 62087 O 0 0
SCHED-TRACE 9191 62087 P 60 8e43fa1ca
SCHED-TRACE 9192 62088 K 33 8a688d916
SCHED-TRACE 9193 62088 P 60 8e5c20831
SCHED-TRACE 9194 62089 P 60 8e6e7cac0
SCHED-TRACE 9195 62163 I 33 85005f
SCHED-TRACE 9196 62163 B 33 7a
SCHED-TRACE 9197 62163 P 33 8ac9a9fbe
SCHED-TRACE 9198 62163 R 33 8ac9a9fbe
SCHED-TRACE 9199 62164 U 4 85016c
SCHED-TRACE 9200 62164 V 4 8501f9
SCHED-TRACE 9201 62164 O 0 0
SCHED-TRACE 9202 62164 P 33 8acc54bc6
SCHED-TRACE 9203 62165 K 78 8a6f1b646
SCHED-TRACE 9204 62165 P 33 8acebeb85
SCHED-TRACE 9205 62166 P 33 8ad0953f8
SCHED-TRACE 9206 62240 I 78 852a3b
SCHED-TRACE 9207 62240 B 78 7a
SCHED-TRACE 9208 62240 P 78 8e3a8e979
SCHED-TRACE 9209 62240 R 78 8e3a8e979
SCHED-TRACE 9210 62241 U 4 852b49
SCHED-TRACE 9211 62241 V 4 852bd5
SCHED-TRACE 9212 62241 O 0 0
SCHED-TRACE 9213 62241 P 78 8e55445a2
SCHED-TRACE 9214 62242 K 63 8a72bcac0
SCHED-TRACE 9215 62242 P 78 8e6d6ac08
SCHED-TRACE 9216 62243 P 78 8e7fc978d
SCHED-TRACE 9217 62317 I 63 855417
SCHED-TRACE 9218 62317 B 63 7a
SCHED-TRACE 9219 62317 P 63 8e3e326e9
SCHED-TRACE 9220 62317 R 63 8e3e326e9
SCHED-TRACE 9221 62318 U 4 855525
SCHED-TRACE 9222 62318 V 4 8555b2
SCHED-TRACE 9223 62318 O 0 0
SCHED-TRACE 9224 62318 P 63 8e58f78d5
SCHED-TRACE 9225 62319 K 51 8a745b646
SCHED-TRACE 9226 62319 P 63 8e711df3b
SCHED-TRACE 9227 62320 P 63 8e837cac0
SCHED-TRACE 9228 62394 I 51 857df4
SCHED-TRACE 9229 62394 B 51 7a
SCHED-TRACE 9230 62394 P 51 8e3fd126f
SCHED-TRACE 9231 62394 R 51 8e3fd126f
SCHED-TRACE 9232 62395 U 4 857f03
SCHED-TRACE 9233 62395 V 4 857f8f
SCHED-TRACE 9234 62395 O 0 0
SCHED-TRACE 9235 62395 P 51 8e5aa3127
SCHED-TRACE 9236 62396 K 48 8a74bcac0
SCHED-TRACE 9237 62396 P 51 8e72c978e
SCHED-TRACE 9238 62397 P 51 8e852ac08
SCHED-TRACE 9239 62471 I 48 85a7d1
SCHED-TRACE 9240 62471 B 48 7a
SCHED-TRACE 9241 62471 P 48 8e402fdf3
SCHED-TRACE 9242 62471 R 48 8e402fdf3
SCHED-TRACE 9243 62472 U 4 85a8e0
SCHED-TRACE 9244 62472 V 4 85a96c
SCHED-TRACE 9245 62472 O 0 0
SCHED-TRACE 9246 62472 P 48 8e5b01cac
SCHED-TRACE 9247 62473 K 81 8a7918d4f
SCHED-TRACE 9248 62473 P 48 8e7328312
SCHED-TRACE 9249 62474 P 48 8e8586e97
SCHED-TRACE 9250 62548 I 81 85d1ac
SCHED-TRACE 9251 62548 B 81 7a
SCHED-TRACE 9252 62548 P 81 8e444e978
SCHED-TRACE 9253 62548 R 81 8e444e978
SCHED-TRACE 9254 62549 U 4 85d2ba
SCHED-TRACE 9255 62549 V 4 85d346
SCHED-TRACE 9256 62549 O 0 0
SCHED-TRACE 9257 62549 P 81 8e5eff3b6
SCHED-TRACE 9258 62550 K 75 8a7a5126f
SCHED-TRACE 9259 62550 P 81 8e7725a1c
SCHED-TRACE 9260 62551 P 81 8e89845a1
SCHED-TRACE 9261 62625 I 75 85fb85
SCHED-TRACE 9262 62625 B 75 7a
SCHED-TRACE 9263 62625 P 75 8e458978d
SCHED-TRACE 9264 62625 R 75 8e458978d
SCHED-TRACE 9265 62626 U 4 85fc93
SCHED-TRACE 9266 62626 V 4 85fd20
SCHED-TRACE 9267 62626 O 0 0
SCHED-TRACE 9268 62626 P 75 8e6041cac
SCHED-TRACE 9269 62627 K 72 8a7ab78d5
SCHED-TRACE 9270 62627 P 75 8e7865a1d
SCHED-TRACE 9271 62628 P 75 8e8ac45a2
SCHED-TRACE 9272 62702 I 72 86255f
SCHED-TRACE 9273 62702 B 72 7b
SCHED-TRACE 9274 62702 P 72 8e45efdf4
SCHED-TRACE 9275 62702 R 72 8e45efdf4
SCHED-TRACE 9276 62703 U 4 86266d
SCHED-TRACE 9277 62703 V 4 8626fa
SCHED-TRACE 9278 62703 O 0 0
SCHED-TRACE 9279 62703 P 72 8e60a8313
SCHED-TRACE 9280 62704 K 69 8a7b65a1d
SCHED-TRACE 9281 62704 P 72 8e78ce979
SCHED-TRACE 9282 62705 P 72 8e8b2d4fe
SCHED-TRACE 9283 62779 I 69 864f39
SCHED-TRACE 9284 62779 B 69 7a
SCHED-TRACE 9285 62779 P 69 8e469b646
SCHED-TRACE 9286 62779 R 69 8e469b646
SCHED-TRACE 9287 62780 U 4 865047
SCHED-TRACE 9288 62780 V 4 8650d4
SCHED-TRACE 9289 62780 O 0 0
SCHED-TRACE 9290 62780 P 69 8e6158d50
SCHED-TRACE 9291 62781 K 66 8a7bce978
SCHED-TRACE 9292 62781 P 69 8e797cac1
SCHED-TRACE 9293 62782 P 69 8e8bdb646
SCHED-TRACE 9294 62856 I 66 867913
SCHED-TRACE 9295 62856 B 66 7b
SCHED-TRACE 9296 62856 P 66 8e4706e97
SCHED-TRACE 9297 62856 R 66 8e4706e97
SCHED-TRACE 9298 62857 U 4 867a22
SCHED-TRACE 9299 62857 V 4 867aae
SCHED-TRACE 9300 62857 O 0 0
SCHED-TRACE 9301 62857 P 66 8e61c45a1
SCHED-TRACE 9302 62858 K 57 8a7cdb646
SCHED-TRACE 9303 62858 P 66 8e79eac08
SCHED-TRACE 9304 62859 P 66 8e8c4978d
SCHED-TRACE 9305 62933 I 57 86a2ed
SCHED-TRACE 9306 62933 B 57 7a
SCHED-TRACE 9307 62933 P 57 8e4813b65
SCHED-TRACE 9308 62933 R 57 8e4813b65
SCHED-TRACE 9309 62934 U 4 86a3fc
SCHED-TRACE 9310 62934 V 4 86a489
SCHED-TRACE 9311 62934 O 0 0
SCHED-TRACE 9312 62934 P 57 8e62db646
SCHED-TRACE 9313 62935 K 54 8a7d58d50
SCHED-TRACE 9314 62935 P 57 8e7b01cac
SCHED-TRACE 9315 62936 P 57 8e8d60831
SCHED-TRACE 9316 63010 I 54 86ccc8
SCHED-TRACE 9317 63010 B 54 7a
SCHED-TRACE 9318 63010 P 54 8e489126f
SCHED-TRACE 9319 63010 R 54 8e489126f
SCHED-TRACE 9320 63011 U 4 86cdd7
SCHED-TRACE 9321 63011 V 4 86ce63
SCHED-TRACE 9322 63011 O 0 0
SCHED-TRACE 9323 63011 P 54 8e635df3b
SCHED-TRACE 9324 63012 K 45 8a7e378d5
SCHED-TRACE 9325 63012 P 54 8e7b845a2
SCHED-TRACE 9326 63013 P 54 8e8de3127
SCHED-TRACE 9327 63087 I 45 86f6a3
SCHED-TRACE 9328 63087 B 45 7a
SCHED-TRACE 9329 63087 P 45 8e496d4fe
SCHED-TRACE 9330 63087 R 45 8e496d4fe
SCHED-TRACE 9331 63088 U 4 86f7b2
SCHED-TRACE 9332 63088 V 4 86f83e
SCHED-TRACE 9333 63088 O 0 0
SCHED-TRACE 9334 63088 P 45 8e6441cac
SCHED-TRACE 9335 63089 K 39 8a91cc083
SCHED-TRACE 9336 63089 P 45 8e7c68312
SCHED-TRACE 9337 63090 P 45 8e8ec45a2
SCHED-TRACE 9338 63165 I 39 8720f3
SCHED-TRACE 9339 63165 B 39 7a
SCHED-TRACE 9340 63165 P 39 8e68a8312
SCHED-TRACE 9341 63165 R 39 8e68a8312
SCHED-TRACE 9342 63166 U 4 872201
SCHED-TRACE 9343 63166 V 4 87228d
SCHED-TRACE 9344 63166 O 0 0
SCHED-TRACE 9345 63166 P 39 8e835645a
SCHED-TRACE 9346 63167 K 42 8a953cac1
SCHED-TRACE 9347 63167 P 39 8e9b7a1cb
SCHED-TRACE 9348 63168 P 39 8eadd8d50
SCHED-TRACE 9349 63242 I 42 874acc
SCHED-TRACE 9350 63242 B 42 7a
SCHED-TRACE 9351 63242 P 42 8e6060832
SCHED-TRACE 9352 63242 R 42 8e6060832
SCHED-TRACE 9353 63243 U 4 874bdb
SCHED-TRACE 9354 63243 V 4 874c67
SCHED-TRACE 9355 63243 O 0 0
SCHED-TRACE 9356 63243 P 42 8e7b34fe0
SCHED-TRACE 9357 63244 K 36 8ab1fa1ca
SCHED-TRACE 9358 63244 P 42 8e935b646
SCHED-TRACE 9359 63245 P 42 8ea5b78d5
SCHED-TRACE 9360 63320 I 36 87751a
SCHED-TRACE 9361 63320 B 36 7a
SCHED-TRACE 9362 63320 P 36 8e889645a
SCHED-TRACE 9363 63320 R 36 8e889645a
SCHED-TRACE 9364 63321 U 4 877627
SCHED-TRACE 9365 63321 V 4 8776b3
SCHED-TRACE 9366 63321 O 0 0
SCHED-TRACE 9367 63321 P 36 8ea33cac0
SCHED-TRACE 9368 63322 K 33 8ad0953f8
SCHED-TRACE 9369 63322 P 36 8ebb63127
SCHED-TRACE 9370 63323 P 36 8ecdbf3b6
SCHED-TRACE 9371 63398 I 33 879f69
SCHED-TRACE 9372 63398 B 33 7a
SCHED-TRACE 9373 63398 P 33 8b32df3b6
SCHED-TRACE 9374 63398 R 33 8b32df3b6
SCHED-TRACE 9375 63399 U 4 87a076
SCHED-TRACE 9376 63399 V 4 87a102
SCHED-TRACE 9377 63399 O 0 0
SCHED-TRACE 9378 63399 P 33 8b3589375
SCHED-TRACE 9379 63400 K 33 8b3589375
SCHED-TRACE 9380 63400 P 33 8b37f374c
SCHED-TRACE 9381 63476 I 33 87c97d
SCHED-TRACE 9382 63476 B 33 7b
SCHED-TRACE 9383 63476 P 33 8b9b7df3b
SCHED-TRACE 9384 63476 R 33 8b9b7df3b
SCHED-TRACE 9385 63477 U 4 87ca8b
SCHED-TRACE 9386 63477 V 4 87cb17
SCHED-TRACE 9387 63477 O 0 0
SCHED-TRACE 9388 63477 P 33 8b9e27efa
SCHED-TRACE 9389 63478 K 33 8b9e27efa
SCHED-TRACE 9390 63478 P 33 8ba091eb8
SCHED-TRACE 9391 63554 I 33 87f392
SCHED-TRACE 9392 63554 B 33 7a
SCHED-TRACE 9393 63554 P 33 8c041c6a8
SCHED-TRACE 9394 63554 R 33 8c041c6a8
SCHED-TRACE 9395 63555 U 4 87f49f
SCHED-TRACE 9396 63555 V 4 87f52c
SCHED-TRACE 9397 63555 O 0 0
SCHED-TRACE 9398 63555 P 33 8c06c6666
SCHED-TRACE 9399 63556 K 33 8c06c6666
SCHED-TRACE 9400 63556 P 33 8c0930a3d
SCHED-TRACE 9401 63632 I 33 881da7
SCHED-TRACE 9402 63632 B 33 7a
SCHED-TRACE 9403 63632 P 33 8c6cbb22d
SCHED-TRACE 9404 63632 R 33 8c6cbb22d
SCHED-TRACE 9405 63633 U 4 881eb4
SCHED-TRACE 9406 63633 V 4 881f40
SCHED-TRACE 9407 63633 O 0 0
SCHED-TRACE 9408 63633 P 33 8c6f651eb
SCHED-TRACE 9409 63634 K 33 8c6f651eb
SCHED-TRACE 9410 63634 P 33 8c71cf5c2
SCHED-TRACE 9411 63710 I 33 8847bb
SCHED-TRACE 9412 63710 B 33 7a
SCHED-TRACE 9413 63710 P 33 8cd559999
SCHED-TRACE 9414 63710 R 33 8cd559999
SCHED-TRACE 9415 63711 U 4 8848c9
SCHED-TRACE 9416 63711 V 4 884955
SCHED-TRACE 9417 63711 O 0 0
SCHED-TRACE 9418 63711 P 33 8cd803958
SCHED-TRACE 9419 63712 K 33 8cd803958
SCHED-TRACE 9420 63712 P 33 8cda6d916
SCHED-TRACE 9421 63788 I 33 8871d0
SCHED-TRACE 9422 63788 B 33 7a
SCHED-TRACE 9423 63788 P 33 8d3df8106
SCHED-TRACE 9424 63788 R 33 8d3df8106
SCHED-TRACE 9425 63789 U 4 8872dd
SCHED-TRACE 9426 63789 V 4 88736a
SCHED-TRACE 9427 63789 O 0 0
SCHED-TRACE 9428 63789 P 33 8d40a20c4
SCHED-TRACE 9429 63790 K 33 8d40a20c4
SCHED-TRACE 9430 63790 P 33 8d430c49b
SCHED-TRACE 9431 63866 I 33 889be5
SCHED-TRACE 9432 63866 B 33 7a
SCHED-TRACE 9433 63866 P 33 8da696873
SCHED-TRACE 9434 63866 R 33 8da696873
SCHED-TRACE 9435 63867 U 4 889cf2
SCHED-TRACE 9436 63867 V 4 889d7e
SCHED-TRACE 9437 63867 O 0 0
SCHED-TRACE 9438 63867 P 33 8da940831
SCHED-TRACE 9439 63868 K 33 8da940831
SCHED-TRACE 9440 63868 P 33 8dabaac08
SCHED-TRACE 9441 63944 I 33 88c5f9
SCHED-TRACE 9442 63944 B 33 7a
SCHED-TRACE 9443 63944 P 33 8e0f34fdf
SCHED-TRACE 9444 63944 R 33 8e0f34fdf
SCHED-TRACE 9445 63945 U 4 88c707
SCHED-TRACE 9446 63945 V 4 88c793
SCHED-TRACE 9447 63945 O 0 0
SCHED-TRACE 9448 63945 P 33 8e11df3b6
SCHED-TRACE 9449 63946 K 33 8e11df3b6
SCHED-TRACE 9450 63946 P 33 8e1449375
SCHED-TRACE 9451 64022 I 33 88f00e
SCHED-TRACE 9452 64022 B 33 7a
SCHED-TRACE 9453 64022 P 33 8e77d3b64
SCHED-TRACE 9454 64022 R 33 8e77d3b64
SCHED-TRACE 9455 64023 U 4 88f11b
SCHED-TRACE 9456 64023 V 4 88f1a8
SCHED-TRACE 9457 64023 O 0 0
SCHED-TRACE 9458 64023 P 33 8e7a7df3b
SCHED-TRACE 9459 64024 K 60 8e6e7cac0
SCHED-TRACE 9460 64024 P 33 8e7ce8312
SCHED-TRACE 9461 64025 P 33 8e7ebe354
SCHED-TRACE 9462 64099 I 60 8919e6
SCHED-TRACE 9463 64099 B 60 7b
SCHED-TRACE 9464 64099 P 60 9239a8312
SCHED-TRACE 9465 64099 R 60 9239a8312
SCHED-TRACE 9466 64100 U 4 891af4
SCHED-TRACE 9467 64100 V 4 891b81
SCHED-TRACE 9468 64100 O 0 0
SCHED-TRACE 9469 64100 P 60 925468312
SCHED-TRACE 9470 64101 K 33 8e7ebe354
SCHED-TRACE 9471 64101 P 60 926c8e978
SCHED-TRACE 9472 64102 P 60 927ee8312
SCHED-TRACE 9473 64176 I 33 8943bf
SCHED-TRACE 9474 64176 B 33 7b
SCHED-TRACE 9475 64176 P 33 8edfdae14
SCHED-TRACE 9476 64176 R 33 8edfdae14
SCHED-TRACE 9477 64177 U 4 8944cc
SCHED-TRACE 9478 64177 V 4 894559
SCHED-TRACE 9479 64177 O 0 0
SCHED-TRACE 9480 64177 P 33 8ee285604
SCHED-TRACE 9481 64178 K 78 8e7fc978d
SCHED-TRACE 9482 64178 P 33 8ee4ef9db
SCHED-TRACE 9483 64179 P 33 8ee6c624e
SCHED-TRACE 9484 64253 I 78 896d9b
SCHED-TRACE 9485 64253 B 78 7b
SCHED-TRACE 9486 64253 P 78 924b3cac1
SCHED-TRACE 9487 64253 R 78 924b3cac1
SCHED-TRACE 9488 64254 U 4 896ea9
SCHED-TRACE 9489 64254 V 4 896f35
SCHED-TRACE 9490 64254 O 0 0
SCHED-TRACE 9491 64254 P 78 9265f26ea
SCHED-TRACE 9492 64255 K 63 8e837cac0
SCHED-TRACE 9493 64255 P 78 927e1645a
SCHED-TRACE 9494 64256 P 78 9290778d5
SCHED-TRACE 9495 64330 I 63 899777
SCHED-TRACE 9496 64330 B 63 7a
SCHED-TRACE 9497 64330 P 63 924eefdf4
SCHED-TRACE 9498 64330 R 63 924eefdf4
SCHED-TRACE 9499 64331 U 4 899886
SCHED-TRACE 9500 64331 V 4 899912
SCHED-TRACE 9501 64331 O 0 0
SCHED-TRACE 9502 64331 P 63 9269b4fdf
SCHED-TRACE 9503 64332 K 51 8e852ac08
SCHED-TRACE 9504 64332 P 63 9281d8d50
SCHED-TRACE 9505 64333 P 63 92943a1cb
SCHED-TRACE 9506 64407 I 51 89c154
SCHED-TRACE 9507 64407 B 51 7a
SCHED-TRACE 9508 64407 P 51 92509df3c
SCHED-TRACE 9509 64407 R 51 92509df3c
SCHED-TRACE 9510 64408 U 4 89c263
SCHED-TRACE 9511 64408 V 4 89c2ef
SCHED-TRACE 9512 64408 O 0 0
SCHED-TRACE 9513 64408 P 51 926b6d4fe
SCHED-TRACE 9514 64409 K 48 8e8586e97
SCHED-TRACE 9515 64409 P 51 928393b65
SCHED-TRACE 9516 64410 P 51 9295f26ea
SCHED-TRACE 9517 64484 I 48 89eb31
SCHED-TRACE 9518 64484 B 48 7b
SCHED-TRACE 9519 64484 P 48 9250fcac0
SCHED-TRACE 9520 64484 R 48 9250fcac0
SCHED-TRACE 9521 64485 U 4 89ec40
SCHED-TRACE 9522 64485 V 4 89eccd
SCHED-TRACE 9523 64485 O 0 0
SCHED-TRACE 9524 64485 P 48 926bcc083
SCHED-TRACE 9525 64486 K 81 8e89845a1
SCHED-TRACE 9526 64486 P 48 9283efdf3
SCHED-TRACE 9527 64487 P 48 92965126e
SCHED-TRACE 9528 64561 I 81 8a150c
SCHED-TRACE 9529 64561 B 81 7a
SCHED-TRACE 9530 64561 P 81 9254ba1ca
SCHED-TRACE 9531 64561 R 81 9254ba1ca
SCHED-TRACE 9532 64562 U 4 8a161a
SCHED-TRACE 9533 64562 V 4 8a16a6
SCHED-TRACE 9534 64562 O 0 0
SCHED-TRACE 9535 64562 P 81 926f6ac08
SCHED-TRACE 9536 64563 K 75 8e8ac45a2
SCHED-TRACE 9537 64563 P 81 92879126e
SCHED-TRACE 9538 64564 P 81 9299efdf3
SCHED-TRACE 9539 64638 I 75 8a3ee6
SCHED-TRACE 9540 64638 B 75 7a
SCHED-TRACE 9541 64638 P 75 9255fa1cb
SCHED-TRACE 9542 64638 R 75 9255fa1cb
SCHED-TRACE 9543 64639 U 4 8a3ff3
SCHED-TRACE 9544 64639 V 4 8a4080
SCHED-TRACE 9545 64639 O 0 0
SCHED-TRACE 9546 64639 P 75 9270afdf4
SCHED-TRACE 9547 64640 K 72 8e8b2d4fe
SCHED-TRACE 9548 64640 P 75 9288d645a
SCHED-TRACE 9549 64641 P 75 929b34fdf
SCHED-TRACE 9550 64715 I 72 8a68bf
SCHED-TRACE 9551 64715 B 72 7a
SCHED-TRACE 9552 64715 P 72 925665a1d
SCHED-TRACE 9553 64715 R 72 925665a1d
SCHED-TRACE 9554 64716 U 4 8a69cd
SCHED-TRACE 9555 64716 V 4 8a6a5a
SCHED-TRACE 9556 64716 O 0 0
SCHED-TRACE 9557 64716 P 72 927120831
SCHED-TRACE 9558 64717 K 69 8e8bdb646
SCHED-TRACE 9559 64717 P 72 9289445a2
SCHED-TRACE 9560 64718 P 72 929ba5a1d
SCHED-TRACE 9561 64792 I 69 8a9299
SCHED-TRACE 9562 64792 B 69 7a
SCHED-TRACE 9563 64792 P 69 92570e979
SCHED-TRACE 9564 64792 R 69 92570e979
SCHED-TRACE 9565 64793 U 4 8a93a7
SCHED-TRACE 9566 64793 V 4 8a9434
SCHED-TRACE 9567 64793 O 0 0
SCHED-TRACE 9568 64793 P 69 9271c978e
SCHED-TRACE 9569 64794 K 66 8e8c4978d
SCHED-TRACE 9570 64794 P 69 9289efdf4
SCHED-TRACE 9571 64795 P 69 929c4e979
SCHED-TRACE 9572 64869 I 66 8abc73
SCHED-TRACE 9573 64869 B 66 7a
SCHED-TRACE 9574 64869 P 66 925781cac
SCHED-TRACE 9575 64869 R 66 925781cac
SCHED-TRACE 9576 64870 U 4 8abd82
SCHED-TRACE 9577 64870 V 4 8abe0e
SCHED-TRACE 9578 64870 O 0 0
SCHED-TRACE 9579 64870 P 66 927241cac
SCHED-TRACE 9580 64871 K 57 8e8d60831
SCHED-TRACE 9581 64871 P 66 928a68312
SCHED-TRACE 9582 64872 P 66 929cc6e97
SCHED-TRACE 9583 64946 I 57 8ae64e
SCHED-TRACE 9584 64946 B 57 7a
SCHED-TRACE 9585 64946 P 57 92589645a
SCHED-TRACE 9586 64946 R 57 92589645a
SCHED-TRACE 9587 64947 U 4 8ae75c
SCHED-TRACE 9588 64947 V 4 8ae7e9
SCHED-TRACE 9589 64947 O 0 0
SCHED-TRACE 9590 64947 P 57 92735df3c
SCHED-TRACE 9591 64948 K 54 8e8de3127
SCHED-TRACE 9592 64948 P 57 928b845a2
SCHED-TRACE 9593 64949 P 57 929de3127
SCHED-TRACE 9594 65023 I 54 8b1028
SCHED-TRACE 9595 65023 B 54 7a
SCHED-TRACE 9596 65023 P 54 925918d50
SCHED-TRACE 9597 65023 R 54 925918d50
SCHED-TRACE 9598 65024 U 4 8b1137
SCHED-TRACE 9599 65024 V 4 8b11c3
SCHED-TRACE 9600 65024 O 0 0
SCHED-TRACE 9601 65024 P 54 9273e5a1d
SCHED-TRACE 9602 65025 K 45 8e8ec45a2
SCHED-TRACE 9603 65025 P 54 928c0c083
SCHED-TRACE 9604 65026 P 54 929e6ac08
SCHED-TRACE 9605 65100 I 45 8b3a03
SCHED-TRACE 9606 65100 B 45 7a
SCHED-TRACE 9607 65100 P 45 9259fa1cb
SCHED-TRACE 9608 65100 R 45 9259fa1cb
SCHED-TRACE 9609 65101 U 4 8b3b12
SCHED-TRACE 9610 65101 V 4 8b3b9e
SCHED-TRACE 9611 65101 O 0 0
SCHED-TRACE 9612 65101 P 45 9274ce979
SCHED-TRACE 9613 65102 K 42 8ea5b78d5
SCHED-TRACE 9614 65102 P 45 928cf26ea
SCHED-TRACE 9615 65103 P 45 929f5126f
SCHED-TRACE 9616 65177 I 42 8b63dd
SCHED-TRACE 9617 65177 B 42 7a
SCHED-TRACE 9618 65177 P 42 9270ddf3c
SCHED-TRACE 9619 65177 R 42 9270ddf3c
SCHED-TRACE 9620 65178 U 4 8b64ec
SCHED-TRACE 9621 65178 V 4 8b6579
SCHED-TRACE 9622 65178 O 0 0
SCHED-TRACE 9623 65178 P 42 928bb4fe0
SCHED-TRACE 9624 65179 K 39 8eadd8d50
SCHED-TRACE 9625 65179 P 42 92a3db646
SCHED-TRACE 9626 65180 P 42 92b6378d5
SCHED-TRACE 9627 65254 I 39 8b8db7
SCHED-TRACE 9628 65254 B 39 7b
SCHED-TRACE 9629 65254 P 39 9278fa1cb
SCHED-TRACE 9630 65254 R 39 9278fa1cb
SCHED-TRACE 9631 65255 U 4 8b8ec4
SCHED-TRACE 9632 65255 V 4 8b8f51
SCHED-TRACE 9633 65255 O 0 0
SCHED-TRACE 9634 65255 P 39 9293a5a1d
SCHED-TRACE 9635 65256 K 36 8ecdbf3b6
SCHED-TRACE 9636 65256 P 39 92abc978d
SCHED-TRACE 9637 65257 P 39 92be28312
SCHED-TRACE 9638 65331 I 36 8bb78f
SCHED-TRACE 9639 65331 B 36 7a
SCHED-TRACE 9640 65331 P 36 9298bcac0
SCHED-TRACE 9641 65331 R 36 9298bcac0
SCHED-TRACE 9642 65332 U 4 8bb89c
SCHED-TRACE 9643 65332 V 4 8bb929
SCHED-TRACE 9644 65332 O 0 0
SCHED-TRACE 9645 65332 P 36 92b365a1c
SCHED-TRACE 9646 65333 K 33 8ee6c624e
SCHED-TRACE 9647 65333 P 36 92cb8978d
SCHED-TRACE 9648 65334 P 36 92dde5a1c
SCHED-TRACE 9649 65409 I 33 8be1de
SCHED-TRACE 9650 65409 B 33 7a
SCHED-TRACE 9651 65409 P 33 8f491020c
SCHED-TRACE 9652 65409 R 33 8f491020c
SCHED-TRACE 9653 65410 U 4 8be2eb
SCHED-TRACE 9654 65410 V 4 8be378
SCHED-TRACE 9655 65410 O 0 0
SCHED-TRACE 9656 65410 P 33 8f4bba1cb
SCHED-TRACE 9657 65411 K 33 8f4bba1cb
SCHED-TRACE 9658 65411 P 33 8f4e245a2
SCHED-TRACE 9659 65487 I 33 8c0bf3
SCHED-TRACE 9660 65487 B 33 7a
SCHED-TRACE 9661 65487 P 33 8fb1aed91
SCHED-TRACE 9662 65487 R 33 8fb1aed91
SCHED-TRACE 9663 65488 U 4 8c0d00
SCHED-TRACE 9664 65488 V 4 8c0d8c
SCHED-TRACE 9665 65488 O 0 0
SCHED-TRACE 9666 65488 P 33 8fb458d50
SCHED-TRACE 9667 65489 K 33 8fb458d50
SCHED-TRACE 9668 65489 P 33 8fb6c3127
SCHED-TRACE 9669 65565 I 33 8c3607
SCHED-TRACE 9670 65565 B 33 7b
SCHED-TRACE 9671 65565 P 33 901a4d916
SCHED-TRACE 9672 65565 R 33 901a4d916
SCHED-TRACE 9673 65566 U 4 8c3715
SCHED-TRACE 9674 65566 V 4 8c37a1
SCHED-TRACE 9675 65566 O 0 0
SCHED-TRACE 9676 65566 P 33 901cf74bc
SCHED-TRACE 9677 65567 K 33 901cf74bc
SCHED-TRACE 9678 65567 P 33 901f6147b
SCHED-TRACE 9679 65643 I 33 8c601c
SCHED-TRACE 9680 65643 B 33 7a
SCHED-TRACE 9681 65643 P 33 9082ebc6a
SCHED-TRACE 9682 65643 R 33 9082ebc6a
SCHED-TRACE 9683 65644 U 4 8c6129
SCHED-TRACE 9684 65644 V 4 8c61b6
SCHED-TRACE 9685 65644 O 0 0
SCHED-TRACE 9686 65644 P 33 908595c29
SCHED-TRACE 9687 65645 K 33 908595c29
SCHED-TRACE 9688 65645 P 33 908800000
SCHED-TRACE 9689 65721 I 33 8c8a31
SCHED-TRACE 9690 65721 B 33 7a
SCHED-TRACE 9691 65721 P 33 90eb8a7ef
SCHED-TRACE 9692 65721 R 33 90eb8a7ef
SCHED-TRACE 9693 65722 U 4 8c8b3e
SCHED-TRACE 9694 65722 V 4 8c8bca
SCHED-TRACE 9695 65722 O 0 0
SCHED-TRACE 9696 65722 P 33 90ee347ae
SCHED-TRACE 9697 65723 K 33 90ee347ae
SCHED-TRACE 9698 65723 P 33 90f09eb85
SCHED-TRACE 9699 65799 I 33 8cb445
SCHED-TRACE 9700 65799 B 33 7a
SCHED-TRACE 9701 65799 P 33 915428f5c
SCHED-TRACE 9702 65799 R 33 915428f5c
SCHED-TRACE 9703 65800 U 4 8cb553
SCHED-TRACE 9704 65800 V 4 8cb5df
SCHED-TRACE 9705 65800 O 0 0
SCHED-TRACE 9706 65800 P 33 9156d3333
SCHED-TRACE 9707 65801 K 33 9156d3333
SCHED-TRACE 9708 65801 P 33 91593d2f1
SCHED-TRACE 9709 65877 I 33 8cde5a
SCHED-TRACE 9710 65877 B 33 7a
SCHED-TRACE 9711 65877 P 33 91bcc7ae1
SCHED-TRACE 9712 65877 R 33 91bcc7ae1
SCHED-TRACE 9713 65878 U 4 8cdf67
SCHED-TRACE 9714 65878 V 4 8cdff4
SCHED-TRACE 9715 65878 O 0 0
SCHED-TRACE 9716 65878 P 33 91bf71aa0
SCHED-TRACE 9717 65879 K 33 91bf71aa0
SCHED-TRACE 9718 65879 P 33 91c1dbe77
SCHED-TRACE 9719 65955 I 33 8d086f
SCHED-TRACE 9720 65955 B 33 7b
SCHED-TRACE 9721 65955 P 33 922566666
SCHED-TRACE 9722 65955 R 33 922566666
SCHED-TRACE 9723 65956 U 4 8d097c
SCHED-TRACE 9724 65956 V 4 8d0a08
SCHED-TRACE 9725 65956 O 0 0
SCHED-TRACE 9726 65956 P 33 922810625
SCHED-TRACE 9727 65957 K 33 922810625
SCHED-TRACE 9728 65957 P 33 922a7a9fc
SCHED-TRACE 9729 66033 I 33 8d3283
SCHED-TRACE 9730 66033 B 33 7a
SCHED-TRACE 9731 66033 P 33 928e04dd3
SCHED-TRACE 9732 66033 R 33 928e04dd3
SCHED-TRACE 9733 66034 U 4 8d3391
SCHED-TRACE 9734 66034 V 4 8d341d
SCHED-TRACE 9735 66034 O 0 0
SCHED-TRACE 9736 66034 P 33 9290af1aa
SCHED-TRACE 9737 66035 K 60 927ee8312
SCHED-TRACE 9738 66035 P 33 929319168
SCHED-TRACE 9739 66036 P 33 9294ef5c2
SCHED-TRACE 9740 66111 I 60 8d5cd3
SCHED-TRACE 9741 66111 B 60 7a
SCHED-TRACE 9742 66111 P 60 9655d3b64
SCHED-TRACE 9743 66111 R 60 9655d3b64
SCHED-TRACE 9744 66112 U 4 8d5de1
SCHED-TRACE 9745 66112 V 4 8d5e6e
SCHED-TRACE 9746 66112 O 0 0
SCHED-TRACE 9747 66112 P 60 96709645a
SCHED-TRACE 9748 66113 K 78 9290778d5
SCHED-TRACE 9749 66113 P 60 9688ba1ca
SCHED-TRACE 9750 66114 P 60 969b1645a
SCHED-TRACE 9751 66188 I 78 8d86ac
SCHED-TRACE 9752 66188 B 78 7a
SCHED-TRACE 9753 66188 P 78 965b778d5
SCHED-TRACE 9754 66188 R 78 965b778d5
SCHED-TRACE 9755 66189 U 4 8d87ba
SCHED-TRACE 9756 66189 V 4 8d8846
SCHED-TRACE 9757 66189 O 0 0
SCHED-TRACE 9758 66189 P 78 967628313
SCHED-TRACE 9759 66190 K 63 92943a1cb
SCHED-TRACE 9760 66190 P 78 968e4c083
SCHED-TRACE 9761 66191 P 78 96a0a8313
SCHED-TRACE 9762 66265 I 63 8db084
SCHED-TRACE 9763 66265 B 63 7a
SCHED-TRACE 9764 66265 P 63 965f34fdf
SCHED-TRACE 9765 66265 R 63 965f34fdf
SCHED-TRACE 9766 66266 U 4 8db192
SCHED-TRACE 9767 66266 V 4 8db21f
SCHED-TRACE 9768 66266 O 0 0
SCHED-TRACE 9769 66266 P 63 9679f26e9
SCHED-TRACE 9770 66267 K 33 9294ef5c2
SCHED-TRACE 9771 66267 P 63 969218d50
SCHED-TRACE 9772 66268 P 63 96a474fdf
SCHED-TRACE 9773 66342 I 33 8dda5d
SCHED-TRACE 9774 66342 B 33 7a
SCHED-TRACE 9775 66342 P 33 92f60c083
SCHED-TRACE 9776 66342 R 33 92f60c083
SCHED-TRACE 9777 66343 U 4 8ddb6a
SCHED-TRACE 9778 66343 V 4 8ddbf7
SCHED-TRACE 9779 66343 O 0 0
SCHED-TRACE 9780 66343 P 33 92f8b6873
SCHED-TRACE 9781 66344 K 51 9295f26ea
SCHED-TRACE 9782 66344 P 33 92fb20c4a
SCHED-TRACE 9783 66345 P 33 92fcf74bc
SCHED-TRACE 9784 66419 I 51 8e0439
SCHED-TRACE 9785 66419 B 51 7a
SCHED-TRACE 9786 66419 P 51 966165a1d
SCHED-TRACE 9787 66419 R 51 966165a1d
SCHED-TRACE 9788 66420 U 4 8e0548
SCHED-TRACE 9789 66420 V 4 8e05d4
SCHED-TRACE 9790 66420 O 0 0
SCHED-TRACE 9791 66420 P 51 967c34fdf
SCHED-TRACE 9792 66421 K 48 92965126e
SCHED-TRACE 9793 66421 P 51 96945b646
SCHED-TRACE 9794 66422 P 51 96a6ba1cb
SCHED-TRACE 9795 66496 I 48 8e2e16
SCHED-TRACE 9796 66496 B 48 7a
SCHED-TRACE 9797 66496 P 48 9661c6e97
SCHED-TRACE 9798 66496 R 48 9661c6e97
SCHED-TRACE 9799 66497 U 4 8e2f25
SCHED-TRACE 9800 66497 V 4 8e2fb1
SCHED-TRACE 9801 66497 O 0 0
SCHED-TRACE 9802 66497 P 48 967c98d50
SCHED-TRACE 9803 66498 K 81 9299efdf3
SCHED-TRACE 9804 66498 P 48 9694bcac0
SCHED-TRACE 9805 66499 P 48 96a71b645
SCHED-TRACE 9806 66573 I 81 8e57f1
SCHED-TRACE 9807 66573 B 81 7b
SCHED-TRACE 9808 66573 P 81 966528312
SCHED-TRACE 9809 66573 R 81 966528312
SCHED-TRACE 9810 66574 U 4 8e58ff
SCHED-TRACE 9811 66574 V 4 8e598b
SCHED-TRACE 9812 66574 O 0 0
SCHED-TRACE 9813 66574 P 81 967fd8d4f
SCHED-TRACE 9814 66575 K 75 929b34fdf
SCHED-TRACE 9815 66575 P 81 9697fcac0
SCHED-TRACE 9816 66576 P 81 96aa5df3b
SCHED-TRACE 9817 66650 I 75 8e81ca
SCHED-TRACE 9818 66650 B 75 7a
SCHED-TRACE 9819 66650 P 75 96666ac08
SCHED-TRACE 9820 66650 R 75 96666ac08
SCHED-TRACE 9821 66651 U 4 8e82d8
SCHED-TRACE 9822 66651 V 4 8e8365
SCHED-TRACE 9823 66651 O 0 0
SCHED-TRACE 9824 66651 P 75 968120831
SCHED-TRACE 9825 66652 K 72 929ba5a1d
SCHED-TRACE 9826 66652 P 75 969946e98
SCHED-TRACE 9827 66653 P 75 96aba5a1d
SCHED-TRACE 9828 66727 I 72 8eaba4
SCHED-TRACE 9829 66727 B 72 7a
SCHED-TRACE 9830 66727 P 72 9666db646
SCHED-TRACE 9831 66727 R 72 9666db646
SCHED-TRACE 9832 66728 U 4 8eacb2
SCHED-TRACE 9833 66728 V 4 8ead3f
SCHED-TRACE 9834 66728 O 0 0
SCHED-TRACE 9835 66728 P 72 96819645a
SCHED-TRACE 9836 66729 K 69 929c4e979
SCHED-TRACE 9837 66729 P 72 9699ba1cb
SCHED-TRACE 9838 66730 P 72 96ac18d50
SCHED-TRACE 9839 66804 I 69 8ed57e
SCHED-TRACE 9840 66804 B 69 7b
SCHED-TRACE 9841 66804 P 69 966786e98
SCHED-TRACE 9842 66804 R 69 966786e98
SCHED-TRACE 9843 66805 U 4 8ed68c
SCHED-TRACE 9844 66805 V 4 8ed719
SCHED-TRACE 9845 66805 O 0 0
SCHED-TRACE 9846 66805 P 69 968241cad
SCHED-TRACE 9847 66806 K 66 929cc6e97
SCHED-TRACE 9848 66806 P 69 969a68313
SCHED-TRACE 9849 66807 P 69 96acc6e98
SCHED-TRACE 9850 66881 I 66 8eff58
SCHED-TRACE 9851 66881 B 66 7a
SCHED-TRACE 9852 66881 P 66 9667fcac0
SCHED-TRACE 9853 66881 R 66 9667fcac0
SCHED-TRACE 9854 66882 U 4 8f0067
SCHED-TRACE 9855 66882 V 4 8f00f3
SCHED-TRACE 9856 66882 O 0 0
SCHED-TRACE 9857 66882 P 66 9682bcac0
SCHED-TRACE 9858 66883 K 57 929de3127
SCHED-TRACE 9859 66883 P 66 969ae0831
SCHED-TRACE 9860 66884 P 66 96ad41cac
SCHED-TRACE 9861 66958 I 57 8f2932
SCHED-TRACE 9862 66958 B 57 7a
SCHED-TRACE 9863 66958 P 57 966918d50
SCHED-TRACE 9864 66958 R 57 966918d50
SCHED-TRACE 9865 66959 U 4 8f2a41
SCHED-TRACE 9866 66959 V 4 8f2ace
SCHED-TRACE 9867 66959 O 0 0
SCHED-TRACE 9868 66959 P 57 9683e0831
SCHED-TRACE 9869 66960 K 54 929e6ac08
SCHED-TRACE 9870 66960 P 57 969c045a2
SCHED-TRACE 9871 66961 P 57 96ae65a1d
SCHED-TRACE 9872 67035 I 54 8f530d
SCHED-TRACE 9873 67035 B 54 7a
SCHED-TRACE 9874 67035 P 54 9669a0831
SCHED-TRACE 9875 67035 R 54 9669a0831
SCHED-TRACE 9876 67036 U 4 8f541c
SCHED-TRACE 9877 67036 V 4 8f54a8
SCHED-TRACE 9878 67036 O 0 0
SCHED-TRACE 9879 67036 P 54 96846ac08
SCHED-TRACE 9880 67037 K 45 929f5126f
SCHED-TRACE 9881 67037 P 54 969c9126f
SCHED-TRACE 9882 67038 P 54 96aeefdf4
SCHED-TRACE 9883 67112 I 45 8f7ce8
SCHED-TRACE 9884 67112 B 45 7a
SCHED-TRACE 9885 67112 P 45 966a86e98
SCHED-TRACE 9886 67112 R 45 966a86e98
SCHED-TRACE 9887 67113 U 4 8f7df7
SCHED-TRACE 9888 67113 V 4 8f7e83
SCHED-TRACE 9889 67113 O 0 0
SCHED-TRACE 9890 67113 P 45 96855b646
SCHED-TRACE 9891 67114 K 42 92b6378d5
SCHED-TRACE 9892 67114 P 45 969d7f3b6
SCHED-TRACE 9893 67115 P 45 96afddf3b
SCHED-TRACE 9894 67189 I 42 8fa6c1
SCHED-TRACE 9895 67189 B 42 7a
SCHED-TRACE 9896 67189 P 42 96814978e
SCHED-TRACE 9897 67189 R 42 96814978e
SCHED-TRACE 9898 67190 U 4 8fa7d0
SCHED-TRACE 9899 67190 V 4 8fa85d
SCHED-TRACE 9900 67190 O 0 0
SCHED-TRACE 9901 67190 P 42 969c1df3c
SCHED-TRACE 9902 67191 K 39 92be28312
SCHED-TRACE 9903 67191 P 42 96b441cac
SCHED-TRACE 9904 67192 P 42 96c6a0832
SCHED-TRACE 9905 67266 I 39 8fd09b
SCHED-TRACE 9906 67266 B 39 7a
SCHED-TRACE 9907 67266 P 39 968946e97
SCHED-TRACE 9908 67266 R 39 968946e97
SCHED-TRACE 9909 67267 U 4 8fd1a8
SCHED-TRACE 9910 67267 V 4 8fd235
SCHED-TRACE 9911 67267 O 0 0
SCHED-TRACE 9912 67267 P 39 96a3f26e9
SCHED-TRACE 9913 67268 K 36 92dde5a1c
SCHED-TRACE 9914 67268 P 39 96bc1645a
SCHED-TRACE 9915 67269 P 39 96ce726e9
SCHED-TRACE 9916 67343 I 36 8ffa73
SCHED-TRACE 9917 67343 B 36 7a
SCHED-TRACE 9918 67343 P 36 96a90c083
SCHED-TRACE 9919 67343 R 36 96a90c083
SCHED-TRACE 9920 67344 U 4 8ffb80
SCHED-TRACE 9921 67344 V 4 8ffc0d
SCHED-TRACE 9922 67344 O 0 0
SCHED-TRACE 9923 67344 P 36 96c3b26e9
SCHED-TRACE 9924 67345 K 33 92fcf74bc
SCHED-TRACE 9925 67345 P 36 96dbd645a
SCHED-TRACE 9926 67346 P 36 96ee326e9
SCHED-TRACE 9927 67421 I 33 9024c2
SCHED-TRACE 9928 67421 B 33 7a
SCHED-TRACE 9929 67421 P 33 935f41062
SCHED-TRACE 9930 67421 R 33 935f41062
SCHED-TRACE 9931 67422 U 4 9025cf
SCHED-TRACE 9932 67422 V 4 90265c
SCHED-TRACE 9933 67422 O 0 0
SCHED-TRACE 9934 67422 P 33 9361eb021
SCHED-TRACE 9935 67423 K 33 9361eb021
SCHED-TRACE 9936 67423 P 33 9364553f8
SCHED-TRACE 9937 67499 I 33 904ed7
SCHED-TRACE 9938 67499 B 33 7a
SCHED-TRACE 9939 67499 P 33 93c7df7cf
SCHED-TRACE 9940 67499 R 33 93c7df7cf
SCHED-TRACE 9941 67500 U 4 904fe4
SCHED-TRACE 9942 67500 V 4 905070
SCHED-TRACE 9943 67500 O 0 0
SCHED-TRACE 9944 67500 P 33 93ca8978d
SCHED-TRACE 9945 67501 K 33 93ca8978d
SCHED-TRACE 9946 67501 P 33 93ccf3b64
SCHED-TRACE 9947 67577 I 33 9078eb
SCHED-TRACE 9948 67577 B 33 7a
SCHED-TRACE 9949 67577 P 33 94307df3b
SCHED-TRACE 9950 67577 R 33 94307df3b
SCHED-TRACE 9951 67578 U 4 9079f9
SCHED-TRACE 9952 67578 V 4 907a85
SCHED-TRACE 9953 67578 O 0 0
SCHED-TRACE 9954 67578 P 33 943328312
SCHED-TRACE 9955 67579 K 33 943328312
SCHED-TRACE 9956 67579 P 33 9435922d1
SCHED-TRACE 9957 67655 I 33 90a300
SCHED-TRACE 9958 67655 B 33 7a
SCHED-TRACE 9959 67655 P 33 94991cac0
SCHED-TRACE 9960 67655 R 33 94991cac0
SCHED-TRACE 9961 67656 U 4 90a40d
SCHED-TRACE 9962 67656 V 4 90a49a
SCHED-TRACE 9963 67656 O 0 0
SCHED-TRACE 9964 67656 P 33 949bc6a7f
SCHED-TRACE 9965 67657 K 33 949bc6a7f
SCHED-TRACE 9966 67657 P 33 949e30e56
SCHED-TRACE 9967 67733 I 33 90cd15
SCHED-TRACE 9968 67733 B 33 7b
SCHED-TRACE 9969 67733 P 33 9501bb645
SCHED-TRACE 9970 67733 R 33 9501bb645
SCHED-TRACE 9971 67734 U 4 90ce22
SCHED-TRACE 9972 67734 V 4 90ceae
SCHED-TRACE 9973 67734 O 0 0
SCHED-TRACE 9974 67734 P 33 950465604
SCHED-TRACE 9975 67735 K 33 950465604
SCHED-TRACE 9976 67735 P 33 9506cf5c2
SCHED-TRACE 9977 67811 I 33 90f729
SCHED-TRACE 9978 67811 B 33 7a
SCHED-TRACE 9979 67811 P 33 956a59db2
SCHED-TRACE 9980 67811 R 33 956a59db2
SCHED-TRACE 9981 67812 U 4 90f837
SCHED-TRACE 9982 67812 V 4 90f8c3
SCHED-TRACE 9983 67812 O 0 0
SCHED-TRACE 9984 67812 P 33 956d03d70
SCHED-TRACE 9985 67813 K 33 956d03d70
SCHED-TRACE 9986 67813 P 33 956f6e148
SCHED-TRACE 9987 67889 I 33 91213e
SCHED-TRACE 9988 67889 B 33 7a
SCHED-TRACE 9989 67889 P 33 95d2f8937
SCHED-TRACE 9990 67889 R 33 95d2f8937
SCHED-TRACE 9991 67890 U 4 91224b
SCHED-TRACE 9992 67890 V 4 9122d8
SCHED-TRACE 9993 67890 O 0 0
SCHED-TRACE 9994 67890 P 33 95d5a28f6
SCHED-TRACE 9995 67891 K 33 95d5a28f6
SCHED-TRACE 9996 67891 P 33 95d80cccd
SCHED-TRACE 9997 67967 I 33 914b53
SCHED-TRACE 9998 67967 B 33 7b
SCHED-TRACE 9999 67967 P 33 963b974bc
SCHED-TRACE 10000 67967 R 33 963b974bc
SCHED-TRACE 10001 67968 U 4 914c60
SCHED-TRACE 10002 67968 V 4 914cec
SCHED-TRACE 10003 67968 O 0 0
SCHED-TRACE 10004 67968 P 33 963e4147b
SCHED-TRACE 10005 67969 K 33 963e4147b
SCHED-TRACE 10006 67969 P 33 9640ab439
SCHED-TRACE 10007 68045 I 33 917567
SCHED-TRACE 10008 68045 B 33 7a
SCHED-TRACE 10009 68045 P 33 96a435c29
SCHED-TRACE 10010 68045 R 33 96a435c29
SCHED-TRACE 10011 68046 U 4 917675
SCHED-TRACE 10012 68046 V 4 917701
SCHED-TRACE 10013 68046 O 0 0
SCHED-TRACE 10014 68046 P 33 96a6e0000
SCHED-TRACE 10015 68047 K 60 969b1645a
SCHED-TRACE 10016 68047 P 33 96a94a3d7
SCHED-TRACE 10017 68048 P 33 96ab20418
SCHED-TRACE 10018 68122 I 60 919f40
SCHED-TRACE 10019 68122 B 60 7b
SCHED-TRACE 10020 68122 P 60 9a664e978
SCHED-TRACE 10021 68122 R 60 9a664e978
SCHED-TRACE 10022 68123 U 4 91a04f
SCHED-TRACE 10023 68123 V 4 91a0db
SCHED-TRACE 10024 68123 O 0 0
SCHED-TRACE 10025 68123 P 60 9a811126e
SCHED-TRACE 10026 68124 K 78 96a0a8313
SCHED-TRACE 10027 68124 P 60 9a9934fdf
SCHED-TRACE 10028 68125 P 60 9aab93b64
SCHED-TRACE 10029 68199 I 78 91c91a
SCHED-TRACE 10030 68199 B 78 7a
SCHED-TRACE 10031 68199 P 78 9a6bc978d
SCHED-TRACE 10032 68199 R 78 9a6bc978d
SCHED-TRACE 10033 68200 U 4 91ca28
SCHED-TRACE 10034 68200 V 4 91cab4
SCHED-TRACE 10035 68200 O 0 0
SCHED-TRACE 10036 68200 P 78 9a867cac1
SCHED-TRACE 10037 68201 K 63 96a474fdf
SCHED-TRACE 10038 68201 P 78 9a9ea0831
SCHED-TRACE 10039 68202 P 78 9ab0ff3b6
SCHED-TRACE 10040 68276 I 63 91f2f2
SCHED-TRACE 10041 68276 B 63 7a
SCHED-TRACE 10042 68276 P 63 9a6f81cac
SCHED-TRACE 10043 68276 R 63 9a6f81cac
SCHED-TRACE 10044 68277 U 4 91f400
SCHED-TRACE 10045 68277 V 4 91f48d
SCHED-TRACE 10046 68277 O 0 0
SCHED-TRACE 10047 68277 P 63 9a8a445a2
SCHED-TRACE 10048 68278 K 51 96a6ba1cb
SCHED-TRACE 10049 68278 P 63 9aa268312
SCHED-TRACE 10050 68279 P 63 9ab4c6e97
SCHED-TRACE 10051 68353 I 51 921ccb
SCHED-TRACE 10052 68353 B 51 7a
SCHED-TRACE 10053 68353 P 51 9a71d3b65
SCHED-TRACE 10054 68353 R 51 9a71d3b65
SCHED-TRACE 10055 68354 U 4 921dda
SCHED-TRACE 10056 68354 V 4 921e66
SCHED-TRACE 10057 68354 O 0 0
SCHED-TRACE 10058 68354 P 51 9a8ca0831
SCHED-TRACE 10059 68355 K 48 96a71b645
SCHED-TRACE 10060 68355 P 51 9aa4c45a2
SCHED-TRACE 10061 68356 P 51 9ab723127
SCHED-TRACE 10062 68430 I 48 9246a5
SCHED-TRACE 10063 68430 B 48 7a
SCHED-TRACE 10064 68430 P 48 9a7241cac
SCHED-TRACE 10065 68430 R 48 9a7241cac
SCHED-TRACE 10066 68431 U 4 9247b4
SCHED-TRACE 10067 68431 V 4 924840
SCHED-TRACE 10068 68431 O 0 0
SCHED-TRACE 10069 68431 P 48 9a8d1126e
SCHED-TRACE 10070 68432 K 81 96aa5df3b
SCHED-TRACE 10071 68432 P 48 9aa5378d5
SCHED-TRACE 10072 68433 P 48 9ab793b64
SCHED-TRACE 10073 68507 I 81 92707f
SCHED-TRACE 10074 68507 B 81 7b
SCHED-TRACE 10075 68507 P 81 9a759645a
SCHED-TRACE 10076 68507 R 81 9a759645a
SCHED-TRACE 10077 68508 U 4 92718d
SCHED-TRACE 10078 68508 V 4 927219
SCHED-TRACE 10079 68508 O 0 0
SCHED-TRACE 10080 68508 P 81 9a9041cac
SCHED-TRACE 10081 68509 K 33 96ab20418
SCHED-TRACE 10082 68509 P 81 9aa868312
SCHED-TRACE 10083 68510 P 81 9abac45a1
SCHED-TRACE 10084 68584 I 33 929a57
SCHED-TRACE 10085 68584 B 33 7a
SCHED-TRACE 10086 68584 P 33 970c3be77
SCHED-TRACE 10087 68584 R 33 970c3be77
SCHED-TRACE 10088 68585 U 4 929b64
SCHED-TRACE 10089 68585 V 4 929bf1
SCHED-TRACE 10090 68585 O 0 0
SCHED-TRACE 10091 68585 P 33 970ee6666
SCHED-TRACE 10092 68586 K 75 96aba5a1d
SCHED-TRACE 10093 68586 P 33 971150625
SCHED-TRACE 10094 68587 P 33 971326a7f
SCHED-TRACE 10095 68661 I 75 92c430
SCHED-TRACE 10096 68661 B 75 7b
SCHED-TRACE 10097 68661 P 75 9a76ddf3c
SCHED-TRACE 10098 68661 R 75 9a76ddf3c
SCHED-TRACE 10099 68662 U 4 92c53e
SCHED-TRACE 10100 68662 V 4 92c5cb
SCHED-TRACE 10101 68662 O 0 0
SCHED-TRACE 10102 68662 P 75 9a9193b65
SCHED-TRACE 10103 68663 K 72 96ac18d50
SCHED-TRACE 10104 68663 P 75 9aa9b78d5
SCHED-TRACE 10105 68664 P 75 9abc18d50
SCHED-TRACE 10106 68738 I 72 92ee0a
SCHED-TRACE 10107 68738 B 72 7a
SCHED-TRACE 10108 68738 P 72 9a774e979
SCHED-TRACE 10109 68738 R 72 9a774e979
SCHED-TRACE 10110 68739 U 4 92ef18
SCHED-TRACE 10111 68739 V 4 92efa5
SCHED-TRACE 10112 68739 O 0 0
SCHED-TRACE 10113 68739 P 72 9a9206e98
SCHED-TRACE 10114 68740 K 69 96acc6e98
SCHED-TRACE 10115 68740 P 72 9aaa2d4fe
SCHED-TRACE 10116 68741 P 72 9abc8c083
SCHED-TRACE 10117 68815 I 69 9317e4
SCHED-TRACE 10118 68815 B 69 7a
SCHED-TRACE 10119 68815 P 69 9a77ff3b7
SCHED-TRACE 10120 68815 R 69 9a77ff3b7
SCHED-TRACE 10121 68816 U 4 9318f2
SCHED-TRACE 10122 68816 V 4 93197f
SCHED-TRACE 10123 68816 O 0 0
SCHED-TRACE 10124 68816 P 69 9a92bcac1
SCHED-TRACE 10125 68817 K 66 96ad41cac
SCHED-TRACE 10126 68817 P 69 9aaae0832
SCHED-TRACE 10127 68818 P 69 9abd41cad
SCHED-TRACE 10128 68892 I 66 9341be
SCHED-TRACE 10129 68892 B 66 7a
SCHED-TRACE 10130 68892 P 66 9a78778d5
SCHED-TRACE 10131 68892 R 66 9a78778d5
SCHED-TRACE 10132 68893 U 4 9342cc
SCHED-TRACE 10133 68893 V 4 934359
SCHED-TRACE 10134 68893 O 0 0
SCHED-TRACE 10135 68893 P 66 9a93378d5
SCHED-TRACE 10136 68894 K 57 96ae65a1d
SCHED-TRACE 10137 68894 P 66 9aab5b645
SCHED-TRACE 10138 68895 P 66 9abdba1ca
SCHED-TRACE 10139 68969 I 57 936b98
SCHED-TRACE 10140 68969 B 57 7b
SCHED-TRACE 10141 68969 P 57 9a799df3c
SCHED-TRACE 10142 68969 R 57 9a799df3c
SCHED-TRACE 10143 68970 U 4 936ca7
SCHED-TRACE 10144 68970 V 4 936d33
SCHED-TRACE 10145 68970 O 0 0
SCHED-TRACE 10146 68970 P 57 9a9465a1d
SCHED-TRACE 10147 68971 K 54 96aeefdf4
SCHED-TRACE 10148 68971 P 57 9aac8978d
SCHED-TRACE 10149 68972 P 57 9abee8313
SCHED-TRACE 10150 69046 I 54 939573
SCHED-TRACE 10151 69046 B 54 7b
SCHED-TRACE 10152 69046 P 54 9a7a28312
SCHED-TRACE 10153 69046 R 54 9a7a28312
SCHED-TRACE 10154 69047 U 4 939681
SCHED-TRACE 10155 69047 V 4 93970e
SCHED-TRACE 10156 69047 O 0 0
SCHED-TRACE 10157 69047 P 54 9a94f26e9
SCHED-TRACE 10158 69048 K 45 96afddf3b
SCHED-TRACE 10159 69048 P 54 9aad1645a
SCHED-TRACE 10160 69049 P 54 9abf778d5
SCHED-TRACE 10161 69123 I 45 93bf4d
SCHED-TRACE 10162 69123 B 45 7a
SCHED-TRACE 10163 69123 P 45 9a7b1126f
SCHED-TRACE 10164 69123 R 45 9a7b1126f
SCHED-TRACE 10165 69124 U 4 93c05c
SCHED-TRACE 10166 69124 V 4 93c0e9
SCHED-TRACE 10167 69124 O 0 0
SCHED-TRACE 10168 69124 P 45 9a95e3127
SCHED-TRACE 10169 69125 K 42 96c6a0832
SCHED-TRACE 10170 69125 P 45 9aae0978d
SCHED-TRACE 10171 69126 P 45 9ac068312
SCHED-TRACE 10172 69200 I 42 93e927
SCHED-TRACE 10173 69200 B 42 7a
SCHED-TRACE 10174 69200 P 42 9a91b4fe0
SCHED-TRACE 10175 69200 R 42 9a91b4fe0
SCHED-TRACE 10176 69201 U 4 93ea36
SCHED-TRACE 10177 69201 V 4 93eac3
SCHED-TRACE 10178 69201 O 0 0
SCHED-TRACE 10179 69201 P 42 9aac8978e
SCHED-TRACE 10180 69202 K 39 96ce726e9
SCHED-TRACE 10181 69202 P 42 9ac4ad4fe
SCHED-TRACE 10182 69203 P 42 9ad70c083
SCHED-TRACE 10183 69277 I 39 941301
SCHED-TRACE 10184 69277 B 39 7a
SCHED-TRACE 10185 69277 P 39 9a999126e
SCHED-TRACE 10186 69277 R 39 9a999126e
SCHED-TRACE 10187 69278 U 4 94140e
SCHED-TRACE 10188 69278 V 4 94149b
SCHED-TRACE 10189 69278 O 0 0
SCHED-TRACE 10190 69278 P 39 9ab43cac0
SCHED-TRACE 10191 69279 K 36 96ee326e9
SCHED-TRACE 10192 69279 P 39 9acc60831
SCHED-TRACE 10193 69280 P 39 9adebcac0
SCHED-TRACE 10194 69354 I 36 943cd9
SCHED-TRACE 10195 69354 B 36 7a
SCHED-TRACE 10196 69354 P 36 9ab934fdf
SCHED-TRACE 10197 69354 R 36 9ab934fdf
SCHED-TRACE 10198 69355 U 4 943de6
SCHED-TRACE 10199 69355 V 4 943e73
SCHED-TRACE 10200 69355 O 0 0
SCHED-TRACE 10201 69355 P 36 9ad3db645
SCHED-TRACE 10202 69356 K 33 971326a7f
SCHED-TRACE 10203 69356 P 36 9aec01cac
SCHED-TRACE 10204 69357 P 36 9afe5df3b
SCHED-TRACE 10205 69431 I 33 9466b1
SCHED-TRACE 10206 69431 B 33 7a
SCHED-TRACE 10207 69431 P 33 977443127
SCHED-TRACE 10208 69431 R 33 977443127
SCHED-TRACE 10209 69432 U 4 9467be
SCHED-TRACE 10210 69432 V 4 94684b
SCHED-TRACE 10211 69432 O 0 0
SCHED-TRACE 10212 69432 P 33 9776ed0e5
SCHED-TRACE 10213 69433 K 33 9776ed0e5
SCHED-TRACE 10214 69433 P 33 9779574bc
SCHED-TRACE 10215 69509 I 33 9490ba
SCHED-TRACE 10216 69509 B 33 7b
SCHED-TRACE 10217 69509 P 33 97dcc3127
SCHED-TRACE 10218 69509 R 33 97dcc3127
SCHED-TRACE 10219 69510 U 4 9491c7
SCHED-TRACE 10220 69510 V 4 949253
SCHED-TRACE 10221 69510 O 0 0
SCHED-TRACE 10222 69510 P 33 97df6d0e5
SCHED-TRACE 10223 69511 K 33 97df6d0e5
SCHED-TRACE 10224 69511 P 33 97e1d70a4
SCHED-TRACE 10225 69587 I 33 94bace
SCHED-TRACE 10226 69587 B 33 7a
SCHED-TRACE 10227 69587 P 33 984561893
SCHED-TRACE 10228 69587 R 33 984561893
SCHED-TRACE 10229 69588 U 4 94bbdb
SCHED-TRACE 10230 69588 V 4 94bc68
SCHED-TRACE 10231 69588 O 0 0
SCHED-TRACE 10232 69588 P 33 98480b852
SCHED-TRACE 10233 69589 K 33 98480b852
SCHED-TRACE 10234 69589 P 33 984a75c29
SCHED-TRACE 10235 69665 I 33 94e4e3
SCHED-TRACE 10236 69665 B 33 7a
SCHED-TRACE 10237 69665 P 33 98ae00418
SCHED-TRACE 10238 69665 R 33 98ae00418
SCHED-TRACE 10239 69666 U 4 94e5f0
SCHED-TRACE 10240 69666 V 4 94e67d
SCHED-TRACE 10241 69666 O 0 0
SCHED-TRACE 10242 69666 P 33 98b0aa3d7
SCHED-TRACE 10243 69667 K 33 98b0aa3d7
SCHED-TRACE 10244 69667 P 33 98b3147ae
SCHED-TRACE 10245 69743 I 33 950ef8
SCHED-TRACE 10246 69743 B 33 7b
SCHED-TRACE 10247 69743 P 33 99169ef9e
SCHED-TRACE 10248 69743 R 33 99169ef9e
SCHED-TRACE 10249 69744 U 4 951005
SCHED-TRACE 10250 69744 V 4 951091
SCHED-TRACE 10251 69744 O 0 0
SCHED-TRACE 10252 69744 P 33 991948f5c
SCHED-TRACE 10253 69745 K 33 991948f5c
SCHED-TRACE 10254 69745 P 33 991bb2f1a
SCHED-TRACE 10255 69821 I 33 95390c
SCHED-TRACE 10256 69821 B 33 7a
SCHED-TRACE 10257 69821 P 33 997f3d70a
SCHED-TRACE 10258 69821 R 33 997f3d70a
SCHED-TRACE 10259 69822 U 4 953a19
SCHED-TRACE 10260 69822 V 4 953aa6
SCHED-TRACE 10261 69822 O 0 0
SCHED-TRACE 10262 69822 P 33 9981e76c9
SCHED-TRACE 10263 69823 K 33 9981e76c9
SCHED-TRACE 10264 69823 P 33 998451aa0
SCHED-TRACE 10265 69899 I 33 956321
SCHED-TRACE 10266 69899 B 33 7a
SCHED-TRACE 10267 69899 P 33 99e7dc28f
SCHED-TRACE 10268 69899 R 33 99e7dc28f
SCHED-TRACE 10269 69900 U 4 95642e
SCHED-TRACE 10270 69900 V 4 9564bb
SCHED-TRACE 10271 69900 O 0 0
SCHED-TRACE 10272 69900 P 33 99ea8624e
SCHED-TRACE 10273 69901 K 33 99ea8624e
SCHED-TRACE 10274 69901 P 33 99ecf0625
SCHED-TRACE 10275 69977 I 33 958d36
SCHED-TRACE 10276 69977 B 33 7a
SCHED-TRACE 10277 69977 P 33 9a507a9fc
SCHED-TRACE 10278 69977 R 33 9a507a9fc
SCHED-TRACE 10279 69978 U 4 958e43
SCHED-TRACE 10280 69978 V 4 958ecf
SCHED-TRACE 10281 69978 O 0 0
SCHED-TRACE 10282 69978 P 33 9a53249ba
SCHED-TRACE 10283 69979 K 33 9a53249ba
SCHED-TRACE 10284 69979 P 33 9a558e979
SCHED-TRACE 10285 70055 I 33 95b74a
SCHED-TRACE 10286 70055 B 33 7a
SCHED-TRACE 10287 70055 P 33 9ab919168
SCHED-TRACE 10288 70055 R 33 9ab919168
SCHED-TRACE 10289 70056 U 4 95b858
SCHED-TRACE 10290 70056 V 4 95b8e4
SCHED-TRACE 10291 70056 O 0 0
SCHED-TRACE 10292 70056 P 33 9abbc3958
SCHED-TRACE 10293 70057 K 60 9aab93b64
SCHED-TRACE 10294 70057 P 33 9abe2dd2f
SCHED-TRACE 10295 70058 P 33 9ac004189
SCHED-TRACE 10296 70132 I 60 95e123
SCHED-TRACE 10297 70132 B 60 7a
SCHED-TRACE 10298 70132 P 60 9e76c978d
SCHED-TRACE 10299 70132 R 60 9e76c978d
SCHED-TRACE 10300 70133 U 4 95e232
SCHED-TRACE 10301 70133 V 4 95e2be
SCHED-TRACE 10302 70133 O 0 0
SCHED-TRACE 10303 70133 P 60 9e918e978
SCHED-TRACE 10304 70134 K 78 9ab0ff3b6
SCHED-TRACE 10305 70134 P 60 9ea9b4fdf
SCHED-TRACE 10306 70135 P 60 9ebc13b64
SCHED-TRACE 10307 70209 I 78 960afd
SCHED-TRACE 10308 70209 B 78 7a
SCHED-TRACE 10309 70209 P 78 9e7c23127
SCHED-TRACE 10310 70209 R 78 9e7c23127
SCHED-TRACE 10311 70210 U 4 960c0b
SCHED-TRACE 10312 70210 V 4 960c97
SCHED-TRACE 10313 70210 O 0 0
SCHED-TRACE 10314 70210 P 78 9e96d645a
SCHED-TRACE 10315 70211 K 63 9ab4c6e97
SCHED-TRACE 10316 70211 P 78 9eaefcac1
SCHED-TRACE 10317 70212 P 78 9ec158d50
SCHED-TRACE 10318 70286 I 63 9634d6
SCHED-TRACE 10319 70286 B 63 7b
SCHED-TRACE 10320 70286 P 63 9e7fefdf4
SCHED-TRACE 10321 70286 R 63 9e7fefdf4
SCHED-TRACE 10322 70287 U 4 9635e4
SCHED-TRACE 10323 70287 V 4 963671
SCHED-TRACE 10324 70287 O 0 0
SCHED-TRACE 10325 70287 P 63 9e9aafdf4
SCHED-TRACE 10326 70288 K 51 9ab723127
SCHED-TRACE 10327 70288 P 63 9eb2d3b64
SCHED-TRACE 10328 70289 P 63 9ec5326e9
SCHED-TRACE 10329 70363 I 51 965eaf
SCHED-TRACE 10330 70363 B 51 7a
SCHED-TRACE 10331 70363 P 51 9e823a1cb
SCHED-TRACE 10332 70363 R 51 9e823a1cb
SCHED-TRACE 10333 70364 U 4 965fbe
SCHED-TRACE 10334 70364 V 4 96604a
SCHED-TRACE 10335 70364 O 0 0
SCHED-TRACE 10336 70364 P 51 9e9d06e98
SCHED-TRACE 10337 70365 K 48 9ab793b64
SCHED-TRACE 10338 70365 P 51 9eb52ac08
SCHED-TRACE 10339 70366 P 51 9ec78978e
SCHED-TRACE 10340 70440 I 48 968888
SCHED-TRACE 10341 70440 B 48 7a
SCHED-TRACE 10342 70440 P 48 9e82a3127
SCHED-TRACE 10343 70440 R 48 9e82a3127
SCHED-TRACE 10344 70441 U 4 968997
SCHED-TRACE 10345 70441 V 4 968a23
SCHED-TRACE 10346 70441 O 0 0
SCHED-TRACE 10347 70441 P 48 9e9d6fdf3
SCHED-TRACE 10348 70442 K 81 9abac45a1
SCHED-TRACE 10349 70442 P 48 9eb593b64
SCHED-TRACE 10350 70443 P 48 9ec7efdf3
SCHED-TRACE 10351 70517 I 81 96b262
SCHED-TRACE 10352 70517 B 81 7a
SCHED-TRACE 10353 70517 P 81 9e85fcac0
SCHED-TRACE 10354 70517 R 81 9e85fcac0
SCHED-TRACE 10355 70518 U 4 96b370
SCHED-TRACE 10356 70518 V 4 96b3fc
SCHED-TRACE 10357 70518 O 0 0
SCHED-TRACE 10358 70518 P 81 9ea0aac08
SCHED-TRACE 10359 70519 K 75 9abc18d50
SCHED-TRACE 10360 70519 P 81 9eb8ce978
SCHED-TRACE 10361 70520 P 81 9ecb2ac08
SCHED-TRACE 10362 70594 I 75 96dc3a
SCHED-TRACE 10363 70594 B 75 7a
SCHED-TRACE 10364 70594 P 75 9e873cac1
SCHED-TRACE 10365 70594 R 75 9e873cac1
SCHED-TRACE 10366 70595 U 4 96dd48
SCHED-TRACE 10367 70595 V 4 96ddd4
SCHED-TRACE 10368 70595 O 0 0
SCHED-TRACE 10369 70595 P 75 9ea1efdf4
SCHED-TRACE 10370 70596 K 72 9abc8c083
SCHED-TRACE 10371 70596 P 75 9eba13b65
SCHED-TRACE 10372 70597 P 75 9ecc6fdf4
SCHED-TRACE 10373 70671 I 72 970613
SCHED-TRACE 10374 70671 B 72 7a
SCHED-TRACE 10375 70671 P 72 9e879df3c
SCHED-TRACE 10376 70671 R 72 9e879df3c
SCHED-TRACE 10377 70672 U 4 970721
SCHED-TRACE 10378 70672 V 4 9707ad
SCHED-TRACE 10379 70672 O 0 0
SCHED-TRACE 10380 70672 P 72 9ea25645a
SCHED-TRACE 10381 70673 K 69 9abd41cad
SCHED-TRACE 10382 70673 P 72 9eba7a1cb
SCHED-TRACE 10383 70674 P 72 9eccd8d50
SCHED-TRACE 10384 70748 I 69 972fec
SCHED-TRACE 10385 70748 B 69 7a
SCHED-TRACE 10386 70748 P 69 9e884e979
SCHED-TRACE 10387 70748 R 69 9e884e979
SCHED-TRACE 10388 70749 U 4 9730fa
SCHED-TRACE 10389 70749 V 4 973186
SCHED-TRACE 10390 70749 O 0 0
SCHED-TRACE 10391 70749 P 69 9ea30978e
SCHED-TRACE 10392 70750 K 66 9abdba1ca
SCHED-TRACE 10393 70750 P 69 9ebb2fdf4
SCHED-TRACE 10394 70751 P 69 9ecd8c084
SCHED-TRACE 10395 70825 I 66 9759c5
SCHED-TRACE 10396 70825 B 66 7b
SCHED-TRACE 10397 70825 P 66 9e88c6e97
SCHED-TRACE 10398 70825 R 66 9e88c6e97
SCHED-TRACE 10399 70826 U 4 975ad3
SCHED-TRACE 10400 70826 V 4 975b60
SCHED-TRACE 10401 70826 O 0 0
SCHED-TRACE 10402 70826 P 66 9ea381cac
SCHED-TRACE 10403 70827 K 57 9abee8313
SCHED-TRACE 10404 70827 P 66 9ebba5a1c
SCHED-TRACE 10405 70828 P 66 9ece01cac
SCHED-TRACE 10406 70902 I 57 97839e
SCHED-TRACE 10407 70902 B 57 7a
SCHED-TRACE 10408 70902 P 57 9e89efdf4
SCHED-TRACE 10409 70902 R 57 9e89efdf4
SCHED-TRACE 10410 70903 U 4 9784ac
SCHED-TRACE 10411 70903 V 4 978539
SCHED-TRACE 10412 70903 O 0 0
SCHED-TRACE 10413 70903 P 57 9ea4b4fdf
SCHED-TRACE 10414 70904 K 54 9abf778d5
SCHED-TRACE 10415 70904 P 57 9ebcd8d50
SCHED-TRACE 10416 70905 P 57 9ecf34fdf
SCHED-TRACE 10417 70979 I 54 97ad77
SCHED-TRACE 10418 70979 B 54 7a
SCHED-TRACE 10419 70979 P 54 9e8a778d5
SCHED-TRACE 10420 70979 R 54 9e8a778d5
SCHED-TRACE 10421 70980 U 4 97ae85
SCHED-TRACE 10422 70980 V 4 97af12
SCHED-TRACE 10423 70980 O 0 0
SCHED-TRACE 10424 70980 P 54 9ea53f3b6
SCHED-TRACE 10425 70981 K 33 9ac004189
SCHED-TRACE 10426 70981 P 54 9ebd63127
SCHED-TRACE 10427 70982 P 54 9ecfbf3b6
SCHED-TRACE 10428 71056 I 33 97d750
SCHED-TRACE 10429 71056 B 33 7a
SCHED-TRACE 10430 71056 P 33 9b2120000
SCHED-TRACE 10431 71056 R 33 9b2120000
SCHED-TRACE 10432 71057 U 4 97d85d
SCHED-TRACE 10433 71057 V 4 97d8ea
SCHED-TRACE 10434 71057 O 0 0
SCHED-TRACE 10435 71057 P 33 9b23ca7ef
SCHED-TRACE 10436 71058 K 45 9ac068312
SCHED-TRACE 10437 71058 P 33 9b2634bc6
SCHED-TRACE 10438 71059 P 33 9b280b021
SCHED-TRACE 10439 71133 I 45 980129
SCHED-TRACE 10440 71133 B 45 7a
SCHED-TRACE 10441 71133 P 45 9e8b9df3b
SCHED-TRACE 10442 71133 R 45 9e8b9df3b
SCHED-TRACE 10443 71134 U 4 980238
SCHED-TRACE 10444 71134 V 4 9802c5
SCHED-TRACE 10445 71134 O 0 0
SCHED-TRACE 10446 71134 P 45 9ea6726ea
SCHED-TRACE 10447 71135 K 42 9ad70c083
SCHED-TRACE 10448 71135 P 45 9ebe9645a
SCHED-TRACE 10449 71136 P 45 9ed0f4fdf
SCHED-TRACE 10450 71210 I 42 982b03
SCHED-TRACE 10451 71210 B 42 7a
SCHED-TRACE 10452 71210 P 42 9ea223127
SCHED-TRACE 10453 71210 R 42 9ea223127
SCHED-TRACE 10454 71211 U 4 982c12
SCHED-TRACE 10455 71211 V 4 982c9f
SCHED-TRACE 10456 71211 O 0 0
SCHED-TRACE 10457 71211 P 42 9ebcf78d5
SCHED-TRACE 10458 71212 K 39 9adebcac0
SCHED-TRACE 10459 71212 P 42 9ed51b646
SCHED-TRACE 10460 71213 P 42 9ee77a1cb
SCHED-TRACE 10461 71287 I 39 9854dd
SCHED-TRACE 10462 71287 B 39 7a
SCHED-TRACE 10463 71287 P 39 9ea9db646
SCHED-TRACE 10464 71287 R 39 9ea9db646
SCHED-TRACE 10465 71288 U 4 9855ea
SCHED-TRACE 10466 71288 V 4 985677
SCHED-TRACE 10467 71288 O 0 0
SCHED-TRACE 10468 71288 P 39 9ec486e97
SCHED-TRACE 10469 71289 K 36 9afe5df3b
SCHED-TRACE 10470 71289 P 39 9edcaac08
SCHED-TRACE 10471 71290 P 39 9eef06e97
SCHED-TRACE 10472 71365 I 36 987f2a
SCHED-TRACE 10473 71365 B 36 7b
SCHED-TRACE 10474 71365 P 36 9ed520831
SCHED-TRACE 10475 71365 R 36 9ed520831
SCHED-TRACE 10476 71366 U 4 988038
SCHED-TRACE 10477 71366 V 4 9880c4
SCHED-TRACE 10478 71366 O 0 0
SCHED-TRACE 10479 71366 P 36 9eefc6e97
SCHED-TRACE 10480 71367 K 33 9b280b021
SCHED-TRACE 10481 71367 P 36 9f07ed4fe
SCHED-TRACE 10482 71368 P 36 9f1a46e97
SCHED-TRACE 10483 71442 I 33 98a902
SCHED-TRACE 10484 71442 B 33 7b
SCHED-TRACE 10485 71442 P 33 9b8926a7f
SCHED-TRACE 10486 71442 R 33 9b8926a7f
SCHED-TRACE 10487 71443 U 4 98aa0f
SCHED-TRACE 10488 71443 V 4 98aa9c
SCHED-TRACE 10489 71443 O 0 0
SCHED-TRACE 10490 71443 P 33 9b8bd0a3d
SCHED-TRACE 10491 71444 K 33 9b8bd0a3d
SCHED-TRACE 10492 71444 P 33 9b8e3a9fc
SCHED-TRACE 10493 71520 I 33 98d30b
SCHED-TRACE 10494 71520 B 33 7a
SCHED-TRACE 10495 71520 P 33 9bf1a72b0
SCHED-TRACE 10496 71520 R 33 9bf1a72b0
SCHED-TRACE 10497 71521 U 4 98d418
SCHED-TRACE 10498 71521 V 4 98d4a5
SCHED-TRACE 10499 71521 O 0 0
SCHED-TRACE 10500 71521 P 33 9bf45126e
SCHED-TRACE 10501 71522 K 33 9bf45126e
SCHED-TRACE 10502 71522 P 33 9bf6bb645
SCHED-TRACE 10503 71598 I 33 98fd20
SCHED-TRACE 10504 71598 B 33 7a
SCHED-TRACE 10505 71598 P 33 9c5a45e35
SCHED-TRACE 10506 71598 R 33 9c5a45e35
SCHED-TRACE 10507 71599 U 4 98fe2d
SCHED-TRACE 10508 71599 V 4 98feb9
SCHED-TRACE 10509 71599 O 0 0
SCHED-TRACE 10510 71599 P 33 9c5cefdf4
SCHED-TRACE 10511 71600 K 33 9c5cefdf4
SCHED-TRACE 10512 71600 P 33 9c5f5a1cb
SCHED-TRACE 10513 71676 I 33 992734
SCHED-TRACE 10514 71676 B 33 7b
SCHED-TRACE 10515 71676 P 33 9cc2e49ba
SCHED-TRACE 10516 71676 R 33 9cc2e49ba
SCHED-TRACE 10517 71677 U 4 992841
SCHED-TRACE 10518 71677 V 4 9928ce
SCHED-TRACE 10519 71677 O 0 0
SCHED-TRACE 10520 71677 P 33 9cc58e560
SCHED-TRACE 10521 71678 K 33 9cc58e560
SCHED-TRACE 10522 71678 P 33 9cc7f851f
SCHED-TRACE 10523 71754 I 33 995149
SCHED-TRACE 10524 71754 B 33 7a
SCHED-TRACE 10525 71754 P 33 9d2b82d0e
SCHED-TRACE 10526 71754 R 33 9d2b82d0e
SCHED-TRACE 10527 71755 U 4 995256
SCHED-TRACE 10528 71755 V 4 9952e3
SCHED-TRACE 10529 71755 O 0 0
SCHED-TRACE 10530 71755 P 33 9d2e2cccd
SCHED-TRACE 10531 71756 K 33 9d2e2cccd
SCHED-TRACE 10532 71756 P 33 9d30970a4
SCHED-TRACE 10533 71832 I 33 997b5e
SCHED-TRACE 10534 71832 B 33 7a
SCHED-TRACE 10535 71832 P 33 9d9421893
SCHED-TRACE 10536 71832 R 33 9d9421893
SCHED-TRACE 10537 71833 U 4 997c6b
SCHED-TRACE 10538 71833 V 4 997cf7
SCHED-TRACE 10539 71833 O 0 0
SCHED-TRACE 10540 71833 P 33 9d96cb852
SCHED-TRACE 10541 71834 K 33 9d96cb852
SCHED-TRACE 10542 71834 P 33 9d9935c29
SCHED-TRACE 10543 71910 I 33 99a572
SCHED-TRACE 10544 71910 B 33 7a
SCHED-TRACE 10545 71910 P 33 9dfcc0000
SCHED-TRACE 10546 71910 R 33 9dfcc0000
SCHED-TRACE 10547 71911 U 4 99a67f
SCHED-TRACE 10548 71911 V 4 99a70c
SCHED-TRACE 10549 71911 O 0 0
SCHED-TRACE 10550 71911 P 33 9dff6a3d7
SCHED-TRACE 10551 71912 K 33 9dff6a3d7
SCHED-TRACE 10552 71912 P 33 9e01d4395
SCHED-TRACE 10553 71988 I 33 99cf87
SCHED-TRACE 10554 71988 B 33 7a
SCHED-TRACE 10555 71988 P 33 9e655eb85
SCHED-TRACE 10556 71988 R 33 9e655eb85
SCHED-TRACE 10557 71989 U 4 99d094
SCHED-TRACE 10558 71989 V 4 99d121
SCHED-TRACE 10559 71989 O 0 0
SCHED-TRACE 10560 71989 P 33 9e6808b43
SCHED-TRACE 10561 71990 K 33 9e6808b43
SCHED-TRACE 10562 71990 P 33 9e6a72f1a
SCHED-TRACE 10563 72066 I 33 99f99c
SCHED-TRACE 10564 72066 B 33 7b
SCHED-TRACE 10565 72066 P 33 9ecdfd70a
SCHED-TRACE 10566 72066 R 33 9ecdfd70a
SCHED-TRACE 10567 72067 U 4 99faa9
SCHED-TRACE 10568 72067 V 4 99fb35
SCHED-TRACE 10569 72067 O 0 0
SCHED-TRACE 10570 72067 P 33 9ed0a7efa
SCHED-TRACE 10571 72068 K 60 9ebc13b64
SCHED-TRACE 10572 72068 P 33 9ed3122d1
SCHED-TRACE 10573 72069 P 33 9ed4e872b
SCHED-TRACE 10574 72143 I 60 9a2375
SCHED-TRACE 10575 72143 B 60 7a
SCHED-TRACE 10576 72143 P 60 a2874978d
SCHED-TRACE 10577 72143 R 60 a2874978d
SCHED-TRACE 10578 72144 U 4 9a2483
SCHED-TRACE 10579 72144 V 4 9a2510
SCHED-TRACE 10580 72144 O 0 0
SCHED-TRACE 10581 72144 P 60 a2a20e978
SCHED-TRACE 10582 72145 K 78 9ec158d50
SCHED-TRACE 10583 72145 P 60 a2ba326e9
SCHED-TRACE 10584 72146 P 60 a2cc9126e
SCHED-TRACE 10585 72220 I 78 9a4d4e
SCHED-TRACE 10586 72220 B 78 7a
SCHED-TRACE 10587 72220 P 78 a28c6fdf4
SCHED-TRACE 10588 72220 R 78 a28c6fdf4
SCHED-TRACE 10589 72221 U 4 9a4e5c
SCHED-TRACE 10590 72221 V 4 9a4ee8
SCHED-TRACE 10591 72221 O 0 0
SCHED-TRACE 10592 72221 P 78 a2a723127
SCHED-TRACE 10593 72222 K 63 9ec5326e9
SCHED-TRACE 10594 72222 P 78 a2bf4978d
SCHED-TRACE 10595 72223 P 78 a2d1a8313
SCHED-TRACE 10596 72297 I 63 9a7726
SCHED-TRACE 10597 72297 B 63 7a
SCHED-TRACE 10598 72297 P 63 a2903f3b6
SCHED-TRACE 10599 72297 R 63 a2903f3b6
SCHED-TRACE 10600 72298 U 4 9a7834
SCHED-TRACE 10601 72298 V 4 9a78c1
SCHED-TRACE 10602 72298 O 0 0
SCHED-TRACE 10603 72298 P 63 a2aaff3b6
SCHED-TRACE 10604 72299 K 51 9ec78978e
SCHED-TRACE 10605 72299 P 63 a2c323127
SCHED-TRACE 10606 72300 P 63 a2d581cac
SCHED-TRACE 10607 72374 I 51 9aa0ff
SCHED-TRACE 10608 72374 B 51 7a
SCHED-TRACE 10609 72374 P 51 a292a3127
SCHED-TRACE 10610 72374 R 51 a292a3127
SCHED-TRACE 10611 72375 U 4 9aa20e
SCHED-TRACE 10612 72375 V 4 9aa29a
SCHED-TRACE 10613 72375 O 0 0
SCHED-TRACE 10614 72375 P 51 a2ad6fdf4
SCHED-TRACE 10615 72376 K 48 9ec7efdf3
SCHED-TRACE 10616 72376 P 51 a2c593b65
SCHED-TRACE 10617 72377 P 51 a2d7f26ea
SCHED-TRACE 10618 72451 I 48 9acad9
SCHED-TRACE 10619 72451 B 48 7a
SCHED-TRACE 10620 72451 P 48 a2931645a
SCHED-TRACE 10621 72451 R 48 a2931645a
SCHED-TRACE 10622 72452 U 4 9acbe8
SCHED-TRACE 10623 72452 V 4 9acc74
SCHED-TRACE 10624 72452 O 0 0
SCHED-TRACE 10625 72452 P 48 a2ade5a1c
SCHED-TRACE 10626 72453 K 81 9ecb2ac08
SCHED-TRACE 10627 72453 P 48 a2c60978d
SCHED-TRACE 10628 72454 P 48 a2d868312
SCHED-TRACE 10629 72529 I 81 9af52a
SCHED-TRACE 10630 72529 B 81 7a
SCHED-TRACE 10631 72529 P 81 a2a1fa1ca
SCHED-TRACE 10632 72529 R 81 a2a1fa1ca
SCHED-TRACE 10633 72530 U 4 9af637
SCHED-TRACE 10634 72530 V 4 9af6c4
SCHED-TRACE 10635 72530 O 0 0
SCHED-TRACE 10636 72530 P 81 a2bca8312
SCHED-TRACE 10637 72531 K 75 9ecc6fdf4
SCHED-TRACE 10638 72531 P 81 a2d4cc083
SCHED-TRACE 10639 72532 P 81 a2e728312
SCHED-TRACE 10640 72606 I 75 9b1f02
SCHED-TRACE 10641 72606 B 75 7a
SCHED-TRACE 10642 72606 P 75 a2979645a
SCHED-TRACE 10643 72606 R 75 a2979645a
SCHED-TRACE 10644 72607 U 4 9b2010
SCHED-TRACE 10645 72607 V 4 9b209c
SCHED-TRACE 10646 72607 O 0 0
SCHED-TRACE 10647 72607 P 75 a2b24978d
SCHED-TRACE 10648 72608 K 72 9eccd8d50
SCHED-TRACE 10649 72608 P 75 a2ca6d4fe
SCHED-TRACE 10650 72609 P 75 a2dcc978d
SCHED-TRACE 10651 72683 I 72 9b48db
SCHED-TRACE 10652 72683 B 72 7a
SCHED-TRACE 10653 72683 P 72 a2981126f
SCHED-TRACE 10654 72683 R 72 a2981126f
SCHED-TRACE 10655 72684 U 4 9b49e9
SCHED-TRACE 10656 72684 V 4 9b4a75
SCHED-TRACE 10657 72684 O 0 0
SCHED-TRACE 10658 72684 P 72 a2b2c978e
SCHED-TRACE 10659 72685 K 69 9ecd8c084
SCHED-TRACE 10660 72685 P 72 a2caed4fe
SCHED-TRACE 10661 72686 P 72 a2dd4c083
SCHED-TRACE 10662 72760 I 69 9b72b4
SCHED-TRACE 10663 72760 B 69 7a
SCHED-TRACE 10664 72760 P 69 a29898d50
SCHED-TRACE 10665 72760 R 69 a29898d50
SCHED-TRACE 10666 72761 U 4 9b73c2
SCHED-TRACE 10667 72761 V 4 9b744e
SCHED-TRACE 10668 72761 O 0 0
SCHED-TRACE 10669 72761 P 69 a2b353b65
SCHED-TRACE 10670 72762 K 66 9ece01cac
SCHED-TRACE 10671 72762 P 69 a2cb7a1cb
SCHED-TRACE 10672 72763 P 69 a2ddd645b
SCHED-TRACE 10673 72837 I 66 9b9c8d
SCHED-TRACE 10674 72837 B 66 7b
SCHED-TRACE 10675 72837 P 66 a2991126e
SCHED-TRACE 10676 72837 R 66 a2991126e
SCHED-TRACE 10677 72838 U 4 9b9d9b
SCHED-TRACE 10678 72838 V 4 9b9e28
SCHED-TRACE 10679 72838 O 0 0
SCHED-TRACE 10680 72838 P 66 a2b3cc083
SCHED-TRACE 10681 72839 K 57 9ecf34fdf
SCHED-TRACE 10682 72839 P 66 a2cbefdf3
SCHED-TRACE 10683 72840 P 66 a2de4c083
SCHED-TRACE 10684 72914 I 57 9bc666
SCHED-TRACE 10685 72914 B 57 7a
SCHED-TRACE 10686 72914 P 57 a29a63127
SCHED-TRACE 10687 72914 R 57 a29a63127
SCHED-TRACE 10688 72915 U 4 9bc774
SCHED-TRACE 10689 72915 V 4 9bc801
SCHED-TRACE 10690 72915 O 0 0
SCHED-TRACE 10691 72915 P 57 a2b528313
SCHED-TRACE 10692 72916 K 54 9ecfbf3b6
SCHED-TRACE 10693 72916 P 57 a2cd4c083
SCHED-TRACE 10694 72917 P 57 a2dfa8313
SCHED-TRACE 10695 72991 I 54 9bf03f
SCHED-TRACE 10696 72991 B 54 7a
SCHED-TRACE 10697 72991 P 54 a29abf3b6
SCHED-TRACE 10698 72991 R 54 a29abf3b6
SCHED-TRACE 10699 72992 U 4 9bf14e
SCHED-TRACE 10700 72992 V 4 9bf1da
SCHED-TRACE 10701 72992 O 0 0
SCHED-TRACE 10702 72992 P 54 a2b586e98
SCHED-TRACE 10703 72993 K 45 9ed0f4fdf
SCHED-TRACE 10704 72993 P 54 a2cdad4fe
SCHED-TRACE 10705 72994 P 54 a2e00978d
SCHED-TRACE 10706 73068 I 45 9c1a18
SCHED-TRACE 10707 73068 B 45 7a
SCHED-TRACE 10708 73068 P 45 a29bf26ea
SCHED-TRACE 10709 73068 R 45 a29bf26ea
SCHED-TRACE 10710 73069 U 4 9c1b27
SCHED-TRACE 10711 73069 V 4 9c1bb3
SCHED-TRACE 10712 73069 O 0 0
SCHED-TRACE 10713 73069 P 45 a2b6c1cac
SCHED-TRACE 10714 73070 K 33 9ed4e872b
SCHED-TRACE 10715 73070 P 45 a2cee8312
SCHED-TRACE 10716 73071 P 45 a2e141cac
SCHED-TRACE 10717 73145 I 33 9c43f2
SCHED-TRACE 10718 73145 B 33 7b
SCHED-TRACE 10719 73145 P 33 9f3606666
SCHED-TRACE 10720 73145 R 33 9f3606666
SCHED-TRACE 10721 73146 U 4 9c44ff
SCHED-TRACE 10722 73146 V 4 9c458c
SCHED-TRACE 10723 73146 O 0 0
SCHED-TRACE 10724 73146 P 33 9f38b0a3d
SCHED-TRACE 10725 73147 K 42 9ee77a1cb
SCHED-TRACE 10726 73147 P 33 9f3b1ae14
SCHED-TRACE 10727 73148 P 33 9f3cf126e
SCHED-TRACE 10728 73222 I 42 9c6dca
SCHED-TRACE 10729 73222 B 42 7a
SCHED-TRACE 10730 73222 P 42 a2b28e979
SCHED-TRACE 10731 73222 R 42 a2b28e979
SCHED-TRACE 10732 73223 U 4 9c6ed9
SCHED-TRACE 10733 73223 V 4 9c6f66
SCHED-TRACE 10734 73223 O 0 0
SCHED-TRACE 10735 73223 P 42 a2cd63127
SCHED-TRACE 10736 73224 K 39 9eef06e97
SCHED-TRACE 10737 73224 P 42 a2e586e98
SCHED-TRACE 10738 73225 P 42 a2f7e5a1d
SCHED-TRACE 10739 73299 I 39 9c97a4
SCHED-TRACE 10740 73299 B 39 7a
SCHED-TRACE 10741 73299 P 39 a2ba25a1d
SCHED-TRACE 10742 73299 R 39 a2ba25a1d
SCHED-TRACE 10743 73300 U 4 9c98b1
SCHED-TRACE 10744 73300 V 4 9c993e
SCHED-TRACE 10745 73300 O 0 0
SCHED-TRACE 10746 73300 P 39 a2d4d126e
SCHED-TRACE 10747 73301 K 36 9f1a46e97
SCHED-TRACE 10748 73301 P 39 a2ecf4fdf
SCHED-TRACE 10749 73302 P 39 a2ff5126e
SCHED-TRACE 10750 73376 I 36 9cc17c
SCHED-TRACE 10751 73376 B 36 7a
SCHED-TRACE 10752 73376 P 36 a2e546e97
SCHED-TRACE 10753 73376 R 36 a2e546e97
SCHED-TRACE 10754 73377 U 4 9cc289
SCHED-TRACE 10755 73377 V 4 9cc316
SCHED-TRACE 10756 73377 O 0 0
SCHED-TRACE 10757 73377 P 36 a2ffed4fe
SCHED-TRACE 10758 73378 K 33 9f3cf126e
SCHED-TRACE 10759 73378 P 36 a31813b64
SCHED-TRACE 10760 73379 P 36 a32a6fdf3
SCHED-TRACE 10761 73454 I 33 9cebcb
SCHED-TRACE 10762 73454 B 33 7a
SCHED-TRACE 10763 73454 P 33 9f9f39db2
SCHED-TRACE 10764 73454 R 33 9f9f39db2
SCHED-TRACE 10765 73455 U 4 9cecd8
SCHED-TRACE 10766 73455 V 4 9ced64
SCHED-TRACE 10767 73455 O 0 0
SCHED-TRACE 10768 73455 P 33 9fa1e3d70
SCHED-TRACE 10769 73456 K 33 9fa1e3d70
SCHED-TRACE 10770 73456 P 33 9fa44e148
SCHED-TRACE 10771 73532 I 33 9d15df
SCHED-TRACE 10772 73532 B 33 7b
SCHED-TRACE 10773 73532 P 33 a007d8937
SCHED-TRACE 10774 73532 R 33 a007d8937
SCHED-TRACE 10775 73533 U 4 9d16ec
SCHED-TRACE 10776 73533 V 4 9d1779
SCHED-TRACE 10777 73533 O 0 0
SCHED-TRACE 10778 73533 P 33 a00a824dd
SCHED-TRACE 10779 73534 K 33 a00a824dd
SCHED-TRACE 10780 73534 P 33 a00cec49b
SCHED-TRACE 10781 73610 I 33 9d3ff4
SCHED-TRACE 10782 73610 B 33 7a
SCHED-TRACE 10783 73610 P 33 a07076c8b
SCHED-TRACE 10784 73610 R 33 a07076c8b
SCHED-TRACE 10785 73611 U 4 9d4101
SCHED-TRACE 10786 73611 V 4 9d418e
SCHED-TRACE 10787 73611 O 0 0
SCHED-TRACE 10788 73611 P 33 a07320c4a
SCHED-TRACE 10789 73612 K 33 a07320c4a
SCHED-TRACE 10790 73612 P 33 a0758b021
SCHED-TRACE 10791 73688 I 33 9d6a09
SCHED-TRACE 10792 73688 B 33 7a
SCHED-TRACE 10793 73688 P 33 a0d915810
SCHED-TRACE 10794 73688 R 33 a0d915810
SCHED-TRACE 10795 73689 U 4 9d6b16
SCHED-TRACE 10796 73689 V 4 9d6ba2
SCHED-TRACE 10797 73689 O 0 0
SCHED-TRACE 10798 73689 P 33 a0dbbf7cf
SCHED-TRACE 10799 73690 K 33 a0dbbf7cf
SCHED-TRACE 10800 73690 P 33 a0de29ba6
SCHED-TRACE 10801 73766 I 33 9d941d
SCHED-TRACE 10802 73766 B 33 7a
SCHED-TRACE 10803 73766 P 33 a141b3f7d
SCHED-TRACE 10804 73766 R 33 a141b3f7d
SCHED-TRACE 10805 73767 U 4 9d952a
SCHED-TRACE 10806 73767 V 4 9d95b7
SCHED-TRACE 10807 73767 O 0 0
SCHED-TRACE 10808 73767 P 33 a1445e354
SCHED-TRACE 10809 73768 K 33 a1445e354
SCHED-TRACE 10810 73768 P 33 a146c8312
SCHED-TRACE 10811 73844 I 33 9dbe32
SCHED-TRACE 10812 73844 B 33 7a
SCHED-TRACE 10813 73844 P 33 a1aa52b02
SCHED-TRACE 10814 73844 R 33 a1aa52b02
SCHED-TRACE 10815 73845 U 4 9dbf3f
SCHED-TRACE 10816 73845 V 4 9dbfcc
SCHED-TRACE 10817 73845 O 0 0
SCHED-TRACE 10818 73845 P 33 a1acfcac0
SCHED-TRACE 10819 73846 K 33 a1acfcac0
SCHED-TRACE 10820 73846 P 33 a1af66e97
SCHED-TRACE 10821 73922 I 33 9de847
SCHED-TRACE 10822 73922 B 33 7b
SCHED-TRACE 10823 73922 P 33 a212f1687
SCHED-TRACE 10824 73922 R 33 a212f1687
SCHED-TRACE 10825 73923 U 4 9de954
SCHED-TRACE 10826 73923 V 4 9de9e0
SCHED-TRACE 10827 73923 O 0 0
SCHED-TRACE 10828 73923 P 33 a2159b645
SCHED-TRACE 10829 73924 K 33 a2159b645
SCHED-TRACE 10830 73924 P 33 a21805a1c
SCHED-TRACE 10831 74000 I 33 9e125b
SCHED-TRACE 10832 74000 B 33 7a
SCHED-TRACE 10833 74000 P 33 a27b8fdf4
SCHED-TRACE 10834 74000 R 33 a27b8fdf4
SCHED-TRACE 10835 74001 U 4 9e1368
SCHED-TRACE 10836 74001 V 4 9e13f5
SCHED-TRACE 10837 74001 O 0 0
SCHED-TRACE 10838 74001 P 33 a27e3a1cb
SCHED-TRACE 10839 74002 K 33 a27e3a1cb
SCHED-TRACE 10840 74002 P 33 a280a4189
SCHED-TRACE 10841 74078 I 33 9e3c70
SCHED-TRACE 10842 74078 B 33 7a
SCHED-TRACE 10843 74078 P 33 a2e42e979
SCHED-TRACE 10844 74078 R 33 a2e42e979
SCHED-TRACE 10845 74079 U 4 9e3d7d
SCHED-TRACE 10846 74079 V 4 9e3e0a
SCHED-TRACE 10847 74079 O 0 0
SCHED-TRACE 10848 74079 P 33 a2e6d8d50
SCHED-TRACE 10849 74080 K 60 a2cc9126e
SCHED-TRACE 10850 74080 P 33 a2e942d0e
SCHED-TRACE 10851 74081 P 33 a2eb19581
SCHED-TRACE 10852 74155 I 60 9e6649
SCHED-TRACE 10853 74155 B 60 7a
SCHED-TRACE 10854 74155 P 60 a697c6e97
SCHED-TRACE 10855 74155 R 60 a697c6e97
SCHED-TRACE 10856 74156 U 4 9e6758
SCHED-TRACE 10857 74156 V 4 9e67e4
SCHED-TRACE 10858 74156 O 0 0
SCHED-TRACE 10859 74156 P 60 a6b28978d
SCHED-TRACE 10860 74157 K 78 a2d1a8313
SCHED-TRACE 10861 74157 P 60 a6caad4fe
SCHED-TRACE 10862 74158 P 60 a6dd0c083
SCHED-TRACE 10863 74232 I 78 9e9022
SCHED-TRACE 10864 74232 B 78 7a
SCHED-TRACE 10865 74232 P 78 a69cba1cb
SCHED-TRACE 10866 74232 R 78 a69cba1cb
SCHED-TRACE 10867 74233 U 4 9e9130
SCHED-TRACE 10868 74233 V 4 9e91bc
SCHED-TRACE 10869 74233 O 0 0
SCHED-TRACE 10870 74233 P 78 a6b76fdf4
SCHED-TRACE 10871 74234 K 63 a2d581cac
SCHED-TRACE 10872 74234 P 78 a6cf93b64
SCHED-TRACE 10873 74235 P 78 a6e1f26ea
SCHED-TRACE 10874 74309 I 63 9eb9fb
SCHED-TRACE 10875 74309 B 63 7a
SCHED-TRACE 10876 74309 P 63 a6a0a5a1c
SCHED-TRACE 10877 74309 R 63 a6a0a5a1c
SCHED-TRACE 10878 74310 U 4 9ebb09
SCHED-TRACE 10879 74310 V 4 9ebb96
SCHED-TRACE 10880 74310 O 0 0
SCHED-TRACE 10881 74310 P 63 a6bb68312
SCHED-TRACE 10882 74311 K 51 a2d7f26ea
SCHED-TRACE 10883 74311 P 63 a6d38e979
SCHED-TRACE 10884 74312 P 63 a6e5ed4fe
SCHED-TRACE 10885 74386 I 51 9ee3d4
SCHED-TRACE 10886 74386 B 51 7a
SCHED-TRACE 10887 74386 P 51 a6a306e98
SCHED-TRACE 10888 74386 R 51 a6a306e98
SCHED-TRACE 10889 74387 U 4 9ee4e3
SCHED-TRACE 10890 74387 V 4 9ee56f
SCHED-TRACE 10891 74387 O 0 0
SCHED-TRACE 10892 74387 P 51 a6bdd645a
SCHED-TRACE 10893 74388 K 48 a2d868312
SCHED-TRACE 10894 74388 P 51 a6d5fa1cb
SCHED-TRACE 10895 74389 P 51 a6e85b646
SCHED-TRACE 10896 74463 I 48 9f0dae
SCHED-TRACE 10897 74463 B 48 7a
SCHED-TRACE 10898 74463 P 48 a6a38978d
SCHED-TRACE 10899 74463 R 48 a6a38978d
SCHED-TRACE 10900 74464 U 4 9f0ebd
SCHED-TRACE 10901 74464 V 4 9f0f49
SCHED-TRACE 10902 74464 O 0 0
SCHED-TRACE 10903 74464 P 48 a6be58d50
SCHED-TRACE 10904 74465 K 75 a2dcc978d
SCHED-TRACE 10905 74465 P 48 a6d67cac0
SCHED-TRACE 10906 74466 P 48 a6e8db645
SCHED-TRACE 10907 74540 I 75 9f3788
SCHED-TRACE 10908 74540 B 75 7a
SCHED-TRACE 10909 74540 P 75 a6a7ed4fe
SCHED-TRACE 10910 74540 R 75 a6a7ed4fe
SCHED-TRACE 10911 74541 U 4 9f3896
SCHED-TRACE 10912 74541 V 4 9f3922
SCHED-TRACE 10913 74541 O 0 0
SCHED-TRACE 10914 74541 P 75 a6c2a3127
SCHED-TRACE 10915 74542 K 72 a2dd4c083
SCHED-TRACE 10916 74542 P 75 a6dac6e98
SCHED-TRACE 10917 74543 P 75 a6ed25a1d
SCHED-TRACE 10918 74617 I 72 9f6161
SCHED-TRACE 10919 74617 B 72 7a
SCHED-TRACE 10920 74617 P 72 a6a86fdf4
SCHED-TRACE 10921 74617 R 72 a6a86fdf4
SCHED-TRACE 10922 74618 U 4 9f626f
SCHED-TRACE 10923 74618 V 4 9f62fb
SCHED-TRACE 10924 74618 O 0 0
SCHED-TRACE 10925 74618 P 72 a6c32ac08
SCHED-TRACE 10926 74619 K 69 a2ddd645b
SCHED-TRACE 10927 74619 P 72 a6db5126f
SCHED-TRACE 10928 74620 P 72 a6edad4fe
SCHED-TRACE 10929 74694 I 69 9f8b3a
SCHED-TRACE 10930 74694 B 69 7a
SCHED-TRACE 10931 74694 P 69 a6a8f78d5
SCHED-TRACE 10932 74694 R 69 a6a8f78d5
SCHED-TRACE 10933 74695 U 4 9f8c48
SCHED-TRACE 10934 74695 V 4 9f8cd5
SCHED-TRACE 10935 74695 O 0 0
SCHED-TRACE 10936 74695 P 69 a6c3b4fe0
SCHED-TRACE 10937 74696 K 66 a2de4c083
SCHED-TRACE 10938 74696 P 69 a6dbdb646
SCHED-TRACE 10939 74697 P 69 a6ee378d5
SCHED-TRACE 10940 74771 I 66 9fb513
SCHED-TRACE 10941 74771 B 66 7b
SCHED-TRACE 10942 74771 P 66 a6a96d4fd
SCHED-TRACE 10943 74771 R 66 a6a96d4fd
SCHED-TRACE 10944 74772 U 4 9fb621
SCHED-TRACE 10945 74772 V 4 9fb6ae
SCHED-TRACE 10946 74772 O 0 0
SCHED-TRACE 10947 74772 P 66 a6c42ac08
SCHED-TRACE 10948 74773 K 57 a2dfa8313
SCHED-TRACE 10949 74773 P 66 a6dc4e978
SCHED-TRACE 10950 74774 P 66 a6eead4fd
SCHED-TRACE 10951 74848 I 57 9fdeec
SCHED-TRACE 10952 74848 B 57 7a
SCHED-TRACE 10953 74848 P 57 a6aac1cac
SCHED-TRACE 10954 74848 R 57 a6aac1cac
SCHED-TRACE 10955 74849 U 4 9fdffb
SCHED-TRACE 10956 74849 V 4 9fe087
SCHED-TRACE 10957 74849 O 0 0
SCHED-TRACE 10958 74849 P 57 a6c58978d
SCHED-TRACE 10959 74850 K 54 a2e00978d
SCHED-TRACE 10960 74850 P 57 a6ddafdf4
SCHED-TRACE 10961 74851 P 57 a6f00e979
SCHED-TRACE 10962 74925 I 54 a008c5
SCHED-TRACE 10963 74925 B 54 7a
SCHED-TRACE 10964 74925 P 54 a6ab1df3b
SCHED-TRACE 10965 74925 R 54 a6ab1df3b
SCHED-TRACE 10966 74926 U 4 a009d4
SCHED-TRACE 10967 74926 V 4 a00a60
SCHED-TRACE 10968 74926 O 0 0
SCHED-TRACE 10969 74926 P 54 a6c5e5a1d
SCHED-TRACE 10970 74927 K 45 a2e141cac
SCHED-TRACE 10971 74927 P 54 a6de0c083
SCHED-TRACE 10972 74928 P 54 a6f068312
SCHED-TRACE 10973 75002 I 45 a0329e
SCHED-TRACE 10974 75002 B 45 7b
SCHED-TRACE 10975 75002 P 45 a6ac53b64
SCHED-TRACE 10976 75002 R 45 a6ac53b64
SCHED-TRACE 10977 75003 U 4 a033ad
SCHED-TRACE 10978 75003 V 4 a03439
SCHED-TRACE 10979 75003 O 0 0
SCHED-TRACE 10980 75003 P 45 a6c723127
SCHED-TRACE 10981 75004 K 81 a2e728312
SCHED-TRACE 10982 75004 P 45 a6df46e98
SCHED-TRACE 10983 75005 P 45 a6f1a3127
SCHED-TRACE 10984 75079 I 81 a05c78
SCHED-TRACE 10985 75079 B 81 7a
SCHED-TRACE 10986 75079 P 81 a6b25b645
SCHED-TRACE 10987 75079 R 81 a6b25b645
SCHED-TRACE 10988 75080 U 4 a05d85
SCHED-TRACE 10989 75080 V 4 a05e12
SCHED-TRACE 10990 75080 O 0 0
SCHED-TRACE 10991 75080 P 81 a6cd06e97
SCHED-TRACE 10992 75081 K 33 a2eb19581
SCHED-TRACE 10993 75081 P 81 a6e52ac08
SCHED-TRACE 10994 75082 P 81 a6f786e97
SCHED-TRACE 10995 75156 I 33 a08650
SCHED-TRACE 10996 75156 B 33 7a
SCHED-TRACE 10997 75156 P 33 a34c353f8
SCHED-TRACE 10998 75156 R 33 a34c353f8
SCHED-TRACE 10999 75157 U 4 a0875d
SCHED-TRACE 11000 75157 V 4 a087ea
SCHED-TRACE 11001 75157 O 0 0
SCHED-TRACE 11002 75157 P 33 a34edfbe7
SCHED-TRACE 11003 75158 K 42 a2f7e5a1d
SCHED-TRACE 11004 75158 P 33 a35149fbe
SCHED-TRACE 11005 75159 P 33 a35320418
SCHED-TRACE 11006 75233 I 42 a0b028
SCHED-TRACE 11007 75233 B 42 7a
SCHED-TRACE 11008 75233 P 42 a6c2fa1cb
SCHED-TRACE 11009 75233 R 42 a6c2fa1cb
SCHED-TRACE 11010 75234 U 4 a0b137
SCHED-TRACE 11011 75234 V 4 a0b1c4
SCHED-TRACE 11012 75234 O 0 0
SCHED-TRACE 11013 75234 P 42 a6ddd126f
SCHED-TRACE 11014 75235 K 39 a2ff5126e
SCHED-TRACE 11015 75235 P 42 a6f5f78d5
SCHED-TRACE 11016 75236 P 42 a7085645a
SCHED-TRACE 11017 75310 I 39 a0da02
SCHED-TRACE 11018 75310 B 39 7a
SCHED-TRACE 11019 75310 P 39 a6ca6fdf4
SCHED-TRACE 11020 75310 R 39 a6ca6fdf4
SCHED-TRACE 11021 75311 U 4 a0db10
SCHED-TRACE 11022 75311 V 4 a0db9c
SCHED-TRACE 11023 75311 O 0 0
SCHED-TRACE 11024 75311 P 39 a6e51b646
SCHED-TRACE 11025 75312 K 36 a32a6fdf3
SCHED-TRACE 11026 75312 P 39 a6fd41cac
SCHED-TRACE 11027 75313 P 39 a70f9df3b
SCHED-TRACE 11028 75387 I 36 a103da
SCHED-TRACE 11029 75387 B 36 7b
SCHED-TRACE 11030 75387 P 36 a6f59645a
SCHED-TRACE 11031 75387 R 36 a6f59645a
SCHED-TRACE 11032 75388 U 4 a104e7
SCHED-TRACE 11033 75388 V 4 a10574
SCHED-TRACE 11034 75388 O 0 0
SCHED-TRACE 11035 75388 P 36 a7103cac0
SCHED-TRACE 11036 75389 K 33 a35320418
SCHED-TRACE 11037 75389 P 36 a72863127
SCHED-TRACE 11038 75390 P 36 a73abcac0
SCHED-TRACE 11039 75465 I 33 a12e29
SCHED-TRACE 11040 75465 B 33 7a
SCHED-TRACE 11041 75465 P 33 a3b56ac08
SCHED-TRACE 11042 75465 R 33 a3b56ac08
SCHED-TRACE 11043 75466 U 4 a12f37
SCHED-TRACE 11044 75466 V 4 a12fc3
SCHED-TRACE 11045 75466 O 0 0
SCHED-TRACE 11046 75466 P 33 a3b814bc6
SCHED-TRACE 11047 75467 K 33 a3b814bc6
SCHED-TRACE 11048 75467 P 33 a3ba7eb85
SCHED-TRACE 11049 75543 I 33 a1583e
SCHED-TRACE 11050 75543 B 33 7a
SCHED-TRACE 11051 75543 P 33 a41e09375
SCHED-TRACE 11052 75543 R 33 a41e09375
SCHED-TRACE 11053 75544 U 4 a1594b
SCHED-TRACE 11054 75544 V 4 a159d8
SCHED-TRACE 11055 75544 O 0 0
SCHED-TRACE 11056 75544 P 33 a420b3333
SCHED-TRACE 11057 75545 K 33 a420b3333
SCHED-TRACE 11058 75545 P 33 a4231d70a
SCHED-TRACE 11059 75621 I 33 a18253
SCHED-TRACE 11060 75621 B 33 7a
SCHED-TRACE 11061 75621 P 33 a486a7ae1
SCHED-TRACE 11062 75621 R 33 a486a7ae1
SCHED-TRACE 11063 75622 U 4 a18360
SCHED-TRACE 11064 75622 V 4 a183ec
SCHED-TRACE 11065 75622 O 0 0
SCHED-TRACE 11066 75622 P 33 a48951aa0
SCHED-TRACE 11067 75623 K 33 a48951aa0
SCHED-TRACE 11068 75623 P 33 a48bbbe77
SCHED-TRACE 11069 75699 I 33 a1ac67
SCHED-TRACE 11070 75699 B 33 7a
SCHED-TRACE 11071 75699 P 33 a4ef4624e
SCHED-TRACE 11072 75699 R 33 a4ef4624e
SCHED-TRACE 11073 75700 U 4 a1ad75
SCHED-TRACE 11074 75700 V 4 a1ae01
SCHED-TRACE 11075 75700 O 0 0
SCHED-TRACE 11076 75700 P 33 a4f1f0625
SCHED-TRACE 11077 75701 K 33 a4f1f0625
SCHED-TRACE 11078 75701 P 33 a4f45a5e3
SCHED-TRACE 11079 75777 I 33 a1d67c
SCHED-TRACE 11080 75777 B 33 7a
SCHED-TRACE 11081 75777 P 33 a557e4dd3
SCHED-TRACE 11082 75777 R 33 a557e4dd3
SCHED-TRACE 11083 75778 U 4 a1d789
SCHED-TRACE 11084 75778 V 4 a1d816
SCHED-TRACE 11085 75778 O 0 0
SCHED-TRACE 11086 75778 P 33 a55a8ed91
SCHED-TRACE 11087 75779 K 33 a55a8ed91
SCHED-TRACE 11088 75779 P 33 a55cf9168
SCHED-TRACE 11089 75855 I 33 a20091
SCHED-TRACE 11090 75855 B 33 7b
SCHED-TRACE 11091 75855 P 33 a5c083958
SCHED-TRACE 11092 75855 R 33 a5c083958
SCHED-TRACE 11093 75856 U 4 a2019e
SCHED-TRACE 11094 75856 V 4 a2022a
SCHED-TRACE 11095 75856 O 0 0
SCHED-TRACE 11096 75856 P 33 a5c32d916
SCHED-TRACE 11097 75857 K 33 a5c32d916
SCHED-TRACE 11098 75857 P 33 a5c5978d5
SCHED-TRACE 11099 75933 I 33 a22aa5
SCHED-TRACE 11100 75933 B 33 7a
SCHED-TRACE 11101 75933 P 33 a629220c4
SCHED-TRACE 11102 75933 R 33 a629220c4
SCHED-TRACE 11103 75934 U 4 a22bb3
SCHED-TRACE 11104 75934 V 4 a22c3f
SCHED-TRACE 11105 75934 O 0 0
SCHED-TRACE 11106 75934 P 33 a62bcc083
SCHED-TRACE 11107 75935 K 33 a62bcc083
SCHED-TRACE 11108 75935 P 33 a62e3645a
SCHED-TRACE 11109 76011 I 33 a254ba
SCHED-TRACE 11110 76011 B 33 7a
SCHED-TRACE 11111 76011 P 33 a691c0c4a
SCHED-TRACE 11112 76011 R 33 a691c0c4a
SCHED-TRACE 11113 76012 U 4 a255c7
SCHED-TRACE 11114 76012 V 4 a25654
SCHED-TRACE 11115 76012 O 0 0
SCHED-TRACE 11116 76012 P 33 a6946ac08
SCHED-TRACE 11117 76013 K 33 a6946ac08
SCHED-TRACE 11118 76013 P 33 a696d4fdf
SCHED-TRACE 11119 76089 I 33 a27ecf
SCHED-TRACE 11120 76089 B 33 7b
SCHED-TRACE 11121 76089 P 33 a6fa5f7cf
SCHED-TRACE 11122 76089 R 33 a6fa5f7cf
SCHED-TRACE 11123 76090 U 4 a27fdc
SCHED-TRACE 11124 76090 V 4 a28069
SCHED-TRACE 11125 76090 O 0 0
SCHED-TRACE 11126 76090 P 33 a6fd09ba6
SCHED-TRACE 11127 76091 K 60 a6dd0c083
SCHED-TRACE 11128 76091 P 33 a6ff73f7d
SCHED-TRACE 11129 76092 P 33 a7014a3d7
SCHED-TRACE 11130 76166 I 60 a2a8a8
SCHED-TRACE 11131 76166 B 60 7a
SCHED-TRACE 11132 76166 P 60 aaa8445a1
SCHED-TRACE 11133 76166 R 60 aaa8445a1
SCHED-TRACE 11134 76167 U 4 a2a9b6
SCHED-TRACE 11135 76167 V 4 a2aa43
SCHED-TRACE 11136 76167 O 0 0
SCHED-TRACE 11137 76167 P 60 aac30978d
SCHED-TRACE 11138 76168 K 78 a6e1f26ea
SCHED-TRACE 11139 76168 P 60 aadb2fdf3
SCHED-TRACE 11140 76169 P 60 aaed8e978
SCHED-TRACE 11141 76243 I 78 a2d281
SCHED-TRACE 11142 76243 B 78 7a
SCHED-TRACE 11143 76243 P 78 aaad06e98
SCHED-TRACE 11144 76243 R 78 aaad06e98
SCHED-TRACE 11145 76244 U 4 a2d38f
SCHED-TRACE 11146 76244 V 4 a2d41b
SCHED-TRACE 11147 76244 O 0 0
SCHED-TRACE 11148 76244 P 78 aac7ba1cb
SCHED-TRACE 11149 76245 K 63 a6e5ed4fe
SCHED-TRACE 11150 76245 P 78 aadfe0831
SCHED-TRACE 11151 76246 P 78 aaf23f3b6
SCHED-TRACE 11152 76320 I 63 a2fc5a
SCHED-TRACE 11153 76320 B 63 7b
SCHED-TRACE 11154 76320 P 63 aab113b64
SCHED-TRACE 11155 76320 R 63 aab113b64
SCHED-TRACE 11156 76321 U 4 a2fd68
SCHED-TRACE 11157 76321 V 4 a2fdf5
SCHED-TRACE 11158 76321 O 0 0
SCHED-TRACE 11159 76321 P 63 aacbd645a
SCHED-TRACE 11160 76322 K 51 a6e85b646
SCHED-TRACE 11161 76322 P 63 aae3fcac0
SCHED-TRACE 11162 76323 P 63 aaf65b645
SCHED-TRACE 11163 76397 I 51 a32633
SCHED-TRACE 11164 76397 B 51 7a
SCHED-TRACE 11165 76397 P 51 aab3726ea
SCHED-TRACE 11166 76397 R 51 aab3726ea
SCHED-TRACE 11167 76398 U 4 a32742
SCHED-TRACE 11168 76398 V 4 a327ce
SCHED-TRACE 11169 76398 O 0 0
SCHED-TRACE 11170 76398 P 51 aace3f3b7
SCHED-TRACE 11171 76399 K 48 a6e8db645
SCHED-TRACE 11172 76399 P 51 aae665a1d
SCHED-TRACE 11173 76400 P 51 aaf8c45a2
SCHED-TRACE 11174 76474 I 48 a3500d
SCHED-TRACE 11175 76474 B 48 7a
SCHED-TRACE 11176 76474 P 48 aab3ff3b6
SCHED-TRACE 11177 76474 R 48 aab3ff3b6
SCHED-TRACE 11178 76475 U 4 a3511c
SCHED-TRACE 11179 76475 V 4 a351a8
SCHED-TRACE 11180 76475 O 0 0
SCHED-TRACE 11181 76475 P 48 aacece979
SCHED-TRACE 11182 76476 K 75 a6ed25a1d
SCHED-TRACE 11183 76476 P 48 aae6f4fdf
SCHED-TRACE 11184 76477 P 48 aaf953b64
SCHED-TRACE 11185 76551 I 75 a379e7
SCHED-TRACE 11186 76551 B 75 7a
SCHED-TRACE 11187 76551 P 75 aab84978d
SCHED-TRACE 11188 76551 R 75 aab84978d
SCHED-TRACE 11189 76552 U 4 a37af5
SCHED-TRACE 11190 76552 V 4 a37b81
SCHED-TRACE 11191 76552 O 0 0
SCHED-TRACE 11192 76552 P 75 aad2ff3b6
SCHED-TRACE 11193 76553 K 72 a6edad4fe
SCHED-TRACE 11194 76553 P 75 aaeb25a1d
SCHED-TRACE 11195 76554 P 75 aafd845a2
SCHED-TRACE 11196 76628 I 72 a3a3c0
SCHED-TRACE 11197 76628 B 72 7a
SCHED-TRACE 11198 76628 P 72 aab8d126f
SCHED-TRACE 11199 76628 R 72 aab8d126f
SCHED-TRACE 11200 76629 U 4 a3a4ce
SCHED-TRACE 11201 76629 V 4 a3a55a
SCHED-TRACE 11202 76629 O 0 0
SCHED-TRACE 11203 76629 P 72 aad38978e
SCHED-TRACE 11204 76630 K 69 a6ee378d5
SCHED-TRACE 11205 76630 P 72 aaebad4fe
SCHED-TRACE 11206 76631 P 72 aafe0c083
SCHED-TRACE 11207 76705 I 69 a3cd99
SCHED-TRACE 11208 76705 B 69 7a
SCHED-TRACE 11209 76705 P 69 aab958d50
SCHED-TRACE 11210 76705 R 69 aab958d50
SCHED-TRACE 11211 76706 U 4 a3cea7
SCHED-TRACE 11212 76706 V 4 a3cf34
SCHED-TRACE 11213 76706 O 0 0
SCHED-TRACE 11214 76706 P 69 aad413b65
SCHED-TRACE 11215 76707 K 66 a6eead4fd
SCHED-TRACE 11216 76707 P 69 aaec378d5
SCHED-TRACE 11217 76708 P 69 aafe9645b
SCHED-TRACE 11218 76782 I 66 a3f772
SCHED-TRACE 11219 76782 B 66 7a
SCHED-TRACE 11220 76782 P 66 aab9cc083
SCHED-TRACE 11221 76782 R 66 aab9cc083
SCHED-TRACE 11222 76783 U 4 a3f880
SCHED-TRACE 11223 76783 V 4 a3f90d
SCHED-TRACE 11224 76783 O 0 0
SCHED-TRACE 11225 76783 P 66 aad48978d
SCHED-TRACE 11226 76784 K 57 a6f00e979
SCHED-TRACE 11227 76784 P 66 aaecafdf3
SCHED-TRACE 11228 76785 P 66 aaff0c083
SCHED-TRACE 11229 76859 I 57 a4214b
SCHED-TRACE 11230 76859 B 57 7b
SCHED-TRACE 11231 76859 P 57 aabb2d4fe
SCHED-TRACE 11232 76859 R 57 aabb2d4fe
SCHED-TRACE 11233 76860 U 4 a4225a
SCHED-TRACE 11234 76860 V 4 a422e6
SCHED-TRACE 11235 76860 O 0 0
SCHED-TRACE 11236 76860 P 57 aad5f26ea
SCHED-TRACE 11237 76861 K 54 a6f068312
SCHED-TRACE 11238 76861 P 57 aaee1645a
SCHED-TRACE 11239 76862 P 57 ab0074fdf
SCHED-TRACE 11240 76936 I 54 a44b24
SCHED-TRACE 11241 76936 B 54 7a
SCHED-TRACE 11242 76936 P 54 aabb7a1cb
SCHED-TRACE 11243 76936 R 54 aabb7a1cb
SCHED-TRACE 11244 76937 U 4 a44c33
SCHED-TRACE 11245 76937 V 4 a44cbf
SCHED-TRACE 11246 76937 O 0 0
SCHED-TRACE 11247 76937 P 54 aad6445a2
SCHED-TRACE 11248 76938 K 45 a6f1a3127
SCHED-TRACE 11249 76938 P 54 aaee68312
SCHED-TRACE 11250 76939 P 54 ab00c6e98
SCHED-TRACE 11251 77013 I 45 a474fd
SCHED-TRACE 11252 77013 B 45 7a
SCHED-TRACE 11253 77013 P 45 aabcb26ea
SCHED-TRACE 11254 77013 R 45 aabcb26ea
SCHED-TRACE 11255 77014 U 4 a4760c
SCHED-TRACE 11256 77014 V 4 a47698
SCHED-TRACE 11257 77014 O 0 0
SCHED-TRACE 11258 77014 P 45 aad781cac
SCHED-TRACE 11259 77015 K 81 a6f786e97
SCHED-TRACE 11260 77015 P 45 aaefa5a1d
SCHED-TRACE 11261 77016 P 45 ab02045a2
SCHED-TRACE 11262 77090 I 81 a49ed7
SCHED-TRACE 11263 77090 B 81 7a
SCHED-TRACE 11264 77090 P 81 aac2ba1ca
SCHED-TRACE 11265 77090 R 81 aac2ba1ca
SCHED-TRACE 11266 77091 U 4 a49fe5
SCHED-TRACE 11267 77091 V 4 a4a071
SCHED-TRACE 11268 77091 O 0 0
SCHED-TRACE 11269 77091 P 81 aadd68312
SCHED-TRACE 11270 77092 K 33 a7014a3d7
SCHED-TRACE 11271 77092 P 81 aaf58e978
SCHED-TRACE 11272 77093 P 81 ab07e8312
SCHED-TRACE 11273 77167 I 33 a4c8af
SCHED-TRACE 11274 77167 B 33 7b
SCHED-TRACE 11275 77167 P 33 a76266666
SCHED-TRACE 11276 77167 R 33 a76266666
SCHED-TRACE 11277 77168 U 4 a4c9bc
SCHED-TRACE 11278 77168 V 4 a4ca49
SCHED-TRACE 11279 77168 O 0 0
SCHED-TRACE 11280 77168 P 33 a76510e56
SCHED-TRACE 11281 77169 K 42 a7085645a
SCHED-TRACE 11282 77169 P 33 a7677b22d
SCHED-TRACE 11283 77170 P 33 a76951687
SCHED-TRACE 11284 77244 I 42 a4f287
SCHED-TRACE 11285 77244 B 42 7a
SCHED-TRACE 11286 77244 P 42 aad36ac09
SCHED-TRACE 11287 77244 R 42 aad36ac09
SCHED-TRACE 11288 77245 U 4 a4f396
SCHED-TRACE 11289 77245 V 4 a4f423
SCHED-TRACE 11290 77245 O 0 0
SCHED-TRACE 11291 77245 P 42 aaee3f3b7
SCHED-TRACE 11292 77246 K 39 a70f9df3b
SCHED-TRACE 11293 77246 P 42 ab0663127
SCHED-TRACE 11294 77247 P 42 ab18c1cac
SCHED-TRACE 11295 77321 I 39 a51c61
SCHED-TRACE 11296 77321 B 39 7a
SCHED-TRACE 11297 77321 P 39 aadabcac0
SCHED-TRACE 11298 77321 R 39 aadabcac0
SCHED-TRACE 11299 77322 U 4 a51d6e
SCHED-TRACE 11300 77322 V 4 a51dfb
SCHED-TRACE 11301 77322 O 0 0
SCHED-TRACE 11302 77322 P 39 aaf568312
SCHED-TRACE 11303 77323 K 36 a73abcac0
SCHED-TRACE 11304 77323 P 39 ab0d8c083
SCHED-TRACE 11305 77324 P 39 ab1fe8312
SCHED-TRACE 11306 77398 I 36 a54639
SCHED-TRACE 11307 77398 B 36 7a
SCHED-TRACE 11308 77398 P 36 ab05bcac0
SCHED-TRACE 11309 77398 R 36 ab05bcac0
SCHED-TRACE 11310 77399 U 4 a54746
SCHED-TRACE 11311 77399 V 4 a547d3
SCHED-TRACE 11312 77399 O 0 0
SCHED-TRACE 11313 77399 P 36 ab2063127
SCHED-TRACE 11314 77400 K 33 a76951687
SCHED-TRACE 11315 77400 P 36 ab3886e97
SCHED-TRACE 11316 77401 P 36 ab4ae3127
SCHED-TRACE 11317 77476 I 33 a57088
SCHED-TRACE 11318 77476 B 33 7a
SCHED-TRACE 11319 77476 P 33 a7cb9be77
SCHED-TRACE 11320 77476 R 33 a7cb9be77
SCHED-TRACE 11321 77477 U 4 a57196
SCHED-TRACE 11322 77477 V 4 a57222
SCHED-TRACE 11323 77477 O 0 0
SCHED-TRACE 11324 77477 P 33 a7ce45e35
SCHED-TRACE 11325 77478 K 33 a7ce45e35
SCHED-TRACE 11326 77478 P 33 a7d0b020c
SCHED-TRACE 11327 77554 I 33 a59a9d
SCHED-TRACE 11328 77554 B 33 7b
SCHED-TRACE 11329 77554 P 33 a8343a9fc
SCHED-TRACE 11330 77554 R 33 a8343a9fc
SCHED-TRACE 11331 77555 U 4 a59baa
SCHED-TRACE 11332 77555 V 4 a59c37
SCHED-TRACE 11333 77555 O 0 0
SCHED-TRACE 11334 77555 P 33 a836e49ba
SCHED-TRACE 11335 77556 K 33 a836e49ba
SCHED-TRACE 11336 77556 P 33 a8394e979
SCHED-TRACE 11337 77632 I 33 a5c4b2
SCHED-TRACE 11338 77632 B 33 7a
SCHED-TRACE 11339 77632 P 33 a89cd9168
SCHED-TRACE 11340 77632 R 33 a89cd9168
SCHED-TRACE 11341 77633 U 4 a5c5bf
SCHED-TRACE 11342 77633 V 4 a5c64b
SCHED-TRACE 11343 77633 O 0 0
SCHED-TRACE 11344 77633 P 33 a89f83127
SCHED-TRACE 11345 77634 K 33 a89f83127
SCHED-TRACE 11346 77634 P 33 a8a1ed4fe
SCHED-TRACE 11347 77710 I 33 a5eec6
SCHED-TRACE 11348 77710 B 33 7a
SCHED-TRACE 11349 77710 P 33 a90577ced
SCHED-TRACE 11350 77710 R 33 a90577ced
SCHED-TRACE 11351 77711 U 4 a5efd4
SCHED-TRACE 11352 77711 V 4 a5f060
SCHED-TRACE 11353 77711 O 0 0
SCHED-TRACE 11354 77711 P 33 a90821cac
SCHED-TRACE 11355 77712 K 33 a90821cac
SCHED-TRACE 11356 77712 P 33 a90a8c083
SCHED-TRACE 11357 77788 I 33 a618db
SCHED-TRACE 11358 77788 B 33 7b
SCHED-TRACE 11359 77788 P 33 a96e16873
SCHED-TRACE 11360 77788 R 33 a96e16873
SCHED-TRACE 11361 77789 U 4 a619e8
SCHED-TRACE 11362 77789 V 4 a61a75
SCHED-TRACE 11363 77789 O 0 0
SCHED-TRACE 11364 77789 P 33 a970c0831
SCHED-TRACE 11365 77790 K 33 a970c0831
SCHED-TRACE 11366 77790 P 33 a9732a7ef
SCHED-TRACE 11367 77866 I 33 a642f0
SCHED-TRACE 11368 77866 B 33 7a
SCHED-TRACE 11369 77866 P 33 a9d6b4fdf
SCHED-TRACE 11370 77866 R 33 a9d6b4fdf
SCHED-TRACE 11371 77867 U 4 a643fd
SCHED-TRACE 11372 77867 V 4 a64489
SCHED-TRACE 11373 77867 O 0 0
SCHED-TRACE 11374 77867 P 33 a9d95ef9e
SCHED-TRACE 11375 77868 K 33 a9d95ef9e
SCHED-TRACE 11376 77868 P 33 a9dbc9375
SCHED-TRACE 11377 77944 I 33 a66d04
SCHED-TRACE 11378 77944 B 33 7a
SCHED-TRACE 11379 77944 P 33 aa3f53b64
SCHED-TRACE 11380 77944 R 33 aa3f53b64
SCHED-TRACE 11381 77945 U 4 a66e12
SCHED-TRACE 11382 77945 V 4 a66e9e
SCHED-TRACE 11383 77945 O 0 0
SCHED-TRACE 11384 77945 P 33 aa41fdb23
SCHED-TRACE 11385 77946 K 33 aa41fdb23
SCHED-TRACE 11386 77946 P 33 aa4467efa
SCHED-TRACE 11387 78022 I 33 a69719
SCHED-TRACE 11388 78022 B 33 7a
SCHED-TRACE 11389 78022 P 33 aaa7f22d1
SCHED-TRACE 11390 78022 R 33 aaa7f22d1
SCHED-TRACE 11391 78023 U 4 a69826
SCHED-TRACE 11392 78023 V 4 a698b3
SCHED-TRACE 11393 78023 O 0 0
SCHED-TRACE 11394 78023 P 33 aaaa9c28f
SCHED-TRACE 11395 78024 K 33 aaaa9c28f
SCHED-TRACE 11396 78024 P 33 aaad0624e
SCHED-TRACE 11397 78100 I 33 a6c12e
SCHED-TRACE 11398 78100 B 33 7a
SCHED-TRACE 11399 78100 P 33 ab1090a3d
SCHED-TRACE 11400 78100 R 33 ab1090a3d
SCHED-TRACE 11401 78101 U 4 a6c23b
SCHED-TRACE 11402 78101 V 4 a6c2c8
SCHED-TRACE 11403 78101 O 0 0
SCHED-TRACE 11404 78101 P 33 ab133b22d
SCHED-TRACE 11405 78102 K 60 aaed8e978
SCHED-TRACE 11406 78102 P 33 ab15a51eb
SCHED-TRACE 11407 78103 P 33 ab177ba5e
SCHED-TRACE 11408 78177 I 60 a6eb07
SCHED-TRACE 11409 78177 B 60 7a
SCHED-TRACE 11410 78177 P 60 aeb8c45a1
SCHED-TRACE 11411 78177 R 60 aeb8c45a1
SCHED-TRACE 11412 78178 U 4 a6ec15
SCHED-TRACE 11413 78178 V 4 a6eca2
SCHED-TRACE 11414 78178 O 0 0
SCHED-TRACE 11415 78178 P 60 aed386e97
SCHED-TRACE 11416 78179 K 78 aaf23f3b6
SCHED-TRACE 11417 78179 P 60 aeebaac08
SCHED-TRACE 11418 78180 P 60 aefe0978d
SCHED-TRACE 11419 78254 I 78 a714e0
SCHED-TRACE 11420 78254 B 78 7a
SCHED-TRACE 11421 78254 P 78 aebd5645a
SCHED-TRACE 11422 78254 R 78 aebd5645a
SCHED-TRACE 11423 78255 U 4 a715ee
SCHED-TRACE 11424 78255 V 4 a7167a
SCHED-TRACE 11425 78255 O 0 0
SCHED-TRACE 11426 78255 P 78 aed80c083
SCHED-TRACE 11427 78256 K 63 aaf65b645
SCHED-TRACE 11428 78256 P 78 aef02fdf4
SCHED-TRACE 11429 78257 P 78 af028e979
SCHED-TRACE 11430 78331 I 63 a73eb9
SCHED-TRACE 11431 78331 B 63 7a
SCHED-TRACE 11432 78331 P 63 aec17f3b6
SCHED-TRACE 11433 78331 R 63 aec17f3b6
SCHED-TRACE 11434 78332 U 4 a73fc7
SCHED-TRACE 11435 78332 V 4 a74054
SCHED-TRACE 11436 78332 O 0 0
SCHED-TRACE 11437 78332 P 63 aedc41cac
SCHED-TRACE 11438 78333 K 51 aaf8c45a2
SCHED-TRACE 11439 78333 P 63 aef468312
SCHED-TRACE 11440 78334 P 63 af06c6e97
SCHED-TRACE 11441 78408 I 51 a76892
SCHED-TRACE 11442 78408 B 51 7a
SCHED-TRACE 11443 78408 P 51 aec3ddf3c
SCHED-TRACE 11444 78408 R 51 aec3ddf3c
SCHED-TRACE 11445 78409 U 4 a769a1
SCHED-TRACE 11446 78409 V 4 a76a2d
SCHED-TRACE 11447 78409 O 0 0
SCHED-TRACE 11448 78409 P 51 aedead4fe
SCHED-TRACE 11449 78410 K 48 aaf953b64
SCHED-TRACE 11450 78410 P 51 aef6d126f
SCHED-TRACE 11451 78411 P 51 af092fdf4
SCHED-TRACE 11452 78485 I 48 a7926c
SCHED-TRACE 11453 78485 B 48 7a
SCHED-TRACE 11454 78485 P 48 aec474fdf
SCHED-TRACE 11455 78485 R 48 aec474fdf
SCHED-TRACE 11456 78486 U 4 a7937b
SCHED-TRACE 11457 78486 V 4 a79407
SCHED-TRACE 11458 78486 O 0 0
SCHED-TRACE 11459 78486 P 48 aedf445a2
SCHED-TRACE 11460 78487 K 75 aafd845a2
SCHED-TRACE 11461 78487 P 48 aef768312
SCHED-TRACE 11462 78488 P 48 af09c6e97
SCHED-TRACE 11463 78562 I 75 a7bc46
SCHED-TRACE 11464 78562 B 75 7a
SCHED-TRACE 11465 78562 P 75 aec8a8313
SCHED-TRACE 11466 78562 R 75 aec8a8313
SCHED-TRACE 11467 78563 U 4 a7bd54
SCHED-TRACE 11468 78563 V 4 a7bde0
SCHED-TRACE 11469 78563 O 0 0
SCHED-TRACE 11470 78563 P 75 aee35df3c
SCHED-TRACE 11471 78564 K 72 aafe0c083
SCHED-TRACE 11472 78564 P 75 aefb81cac
SCHED-TRACE 11473 78565 P 75 af0de0831
SCHED-TRACE 11474 78640 I 72 a7e695
SCHED-TRACE 11475 78640 B 72 7b
SCHED-TRACE 11476 78640 P 72 aed4db646
SCHED-TRACE 11477 78640 R 72 aed4db646
SCHED-TRACE 11478 78641 U 4 a7e7a3
SCHED-TRACE 11479 78641 V 4 a7e82f
SCHED-TRACE 11480 78641 O 0 0
SCHED-TRACE 11481 78641 P 72 aeef93b65
SCHED-TRACE 11482 78642 K 69 aafe9645b
SCHED-TRACE 11483 78642 P 72 af07ba1cb
SCHED-TRACE 11484 78643 P 72 af1a18d50
SCHED-TRACE 11485 78718 I 69 a810e5
SCHED-TRACE 11486 78718 B 69 7a
SCHED-TRACE 11487 78718 P 69 aed56d4fe
SCHED-TRACE 11488 78718 R 69 aed56d4fe
SCHED-TRACE 11489 78719 U 4 a811f3
SCHED-TRACE 11490 78719 V 4 a8127f
SCHED-TRACE 11491 78719 O 0 0
SCHED-TRACE 11492 78719 P 69 aef028313
SCHED-TRACE 11493 78720 K 66 aaff0c083
SCHED-TRACE 11494 78720 P 69 af084e979
SCHED-TRACE 11495 78721 P 69 af1aaac09
SCHED-TRACE 11496 78795 I 66 a83abd
SCHED-TRACE 11497 78795 B 66 7b
SCHED-TRACE 11498 78795 P 66 aeca1df3b
SCHED-TRACE 11499 78795 R 66 aeca1df3b
SCHED-TRACE 11500 78796 U 4 a83bcb
SCHED-TRACE 11501 78796 V 4 a83c58
SCHED-TRACE 11502 78796 O 0 0
SCHED-TRACE 11503 78796 P 66 aee4db645
SCHED-TRACE 11504 78797 K 57 ab0074fdf
SCHED-TRACE 11505 78797 P 66 aefcff3b6
SCHED-TRACE 11506 78798 P 66 af0f5df3b
SCHED-TRACE 11507 78872 I 57 a86496
SCHED-TRACE 11508 78872 B 57 7a
SCHED-TRACE 11509 78872 P 57 aecb8e979
SCHED-TRACE 11510 78872 R 57 aecb8e979
SCHED-TRACE 11511 78873 U 4 a865a4
SCHED-TRACE 11512 78873 V 4 a86631
SCHED-TRACE 11513 78873 O 0 0
SCHED-TRACE 11514 78873 P 57 aee65645a
SCHED-TRACE 11515 78874 K 54 ab00c6e98
SCHED-TRACE 11516 78874 P 57 aefe7cac1
SCHED-TRACE 11517 78875 P 57 af10d8d50
SCHED-TRACE 11518 78949 I 54 a88e6f
SCHED-TRACE 11519 78949 B 54 7b
SCHED-TRACE 11520 78949 P 54 aecbddf3b
SCHED-TRACE 11521 78949 R 54 aecbddf3b
SCHED-TRACE 11522 78950 U 4 a88f7e
SCHED-TRACE 11523 78950 V 4 a8900a
SCHED-TRACE 11524 78950 O 0 0
SCHED-TRACE 11525 78950 P 54 aee6a8312
SCHED-TRACE 11526 78951 K 45 ab02045a2
SCHED-TRACE 11527 78951 P 54 aefece979
SCHED-TRACE 11528 78952 P 54 af112ac08
SCHED-TRACE 11529 79026 I 45 a8b848
SCHED-TRACE 11530 79026 B 45 7b
SCHED-TRACE 11531 79026 P 45 aecd1645a
SCHED-TRACE 11532 79026 R 45 aecd1645a
SCHED-TRACE 11533 79027 U 4 a8b957
SCHED-TRACE 11534 79027 V 4 a8b9e3
SCHED-TRACE 11535 79027 O 0 0
SCHED-TRACE 11536 79027 P 45 aee7e5a1d
SCHED-TRACE 11537 79028 K 81 ab07e8312
SCHED-TRACE 11538 79028 P 45 af000c083
SCHED-TRACE 11539 79029 P 45 af1268312
SCHED-TRACE 11540 79104 I 81 a8e299
SCHED-TRACE 11541 79104 B 81 7b
SCHED-TRACE 11542 79104 P 81 aedec1cac
SCHED-TRACE 11543 79104 R 81 aedec1cac
SCHED-TRACE 11544 79105 U 4 a8e3a7
SCHED-TRACE 11545 79105 V 4 a8e433
SCHED-TRACE 11546 79105 O 0 0
SCHED-TRACE 11547 79105 P 81 aef96d4fe
SCHED-TRACE 11548 79106 K 33 ab177ba5e
SCHED-TRACE 11549 79106 P 81 af1193b64
SCHED-TRACE 11550 79107 P 81 af23efdf3
SCHED-TRACE 11551 79181 I 33 a90c72
SCHED-TRACE 11552 79181 B 33 7a
SCHED-TRACE 11553 79181 P 33 ab7899581
SCHED-TRACE 11554 79181 R 33 ab7899581
SCHED-TRACE 11555 79182 U 4 a90d7f
SCHED-TRACE 11556 79182 V 4 a90e0c
SCHED-TRACE 11557 79182 O 0 0
SCHED-TRACE 11558 79182 P 33 ab7b43d70
SCHED-TRACE 11559 79183 K 42 ab18c1cac
SCHED-TRACE 11560 79183 P 33 ab7dadd2f
SCHED-TRACE 11561 79184 P 33 ab7f84189
SCHED-TRACE 11562 79258 I 42 a9364a
SCHED-TRACE 11563 79258 B 42 7a
SCHED-TRACE 11564 79258 P 42 aee3db646
SCHED-TRACE 11565 79258 R 42 aee3db646
SCHED-TRACE 11566 79259 U 4 a93759
SCHED-TRACE 11567 79259 V 4 a937e6
SCHED-TRACE 11568 79259 O 0 0
SCHED-TRACE 11569 79259 P 42 aefeafdf4
SCHED-TRACE 11570 79260 K 39 ab1fe8312
SCHED-TRACE 11571 79260 P 42 af16d3b65
SCHED-TRACE 11572 79261 P 42 af29326ea
SCHED-TRACE 11573 79335 I 39 a96024
SCHED-TRACE 11574 79335 B 39 7a
SCHED-TRACE 11575 79335 P 39 aeeb06e97
SCHED-TRACE 11576 79335 R 39 aeeb06e97
SCHED-TRACE 11577 79336 U 4 a96131
SCHED-TRACE 11578 79336 V 4 a961be
SCHED-TRACE 11579 79336 O 0 0
SCHED-TRACE 11580 79336 P 39 af05b26e9
SCHED-TRACE 11581 79337 K 36 ab4ae3127
SCHED-TRACE 11582 79337 P 39 af1dd645a
SCHED-TRACE 11583 79338 P 39 af30326e9
SCHED-TRACE 11584 79413 I 36 a98a71
SCHED-TRACE 11585 79413 B 36 7a
SCHED-TRACE 11586 79413 P 36 af217cac0
SCHED-TRACE 11587 79413 R 36 af217cac0
SCHED-TRACE 11588 79414 U 4 a98b7f
SCHED-TRACE 11589 79414 V 4 a98c0b
SCHED-TRACE 11590 79414 O 0 0
SCHED-TRACE 11591 79414 P 36 af3c25a1c
SCHED-TRACE 11592 79415 K 33 ab7f84189
SCHED-TRACE 11593 79415 P 36 af544c083
SCHED-TRACE 11594 79416 P 36 af66a5a1c
SCHED-TRACE 11595 79491 I 33 a9b4c0
SCHED-TRACE 11596 79491 B 33 7a
SCHED-TRACE 11597 79491 P 33 abe1cd0e5
SCHED-TRACE 11598 79491 R 33 abe1cd0e5
SCHED-TRACE 11599 79492 U 4 a9b5cd
SCHED-TRACE 11600 79492 V 4 a9b65a
SCHED-TRACE 11601 79492 O 0 0
SCHED-TRACE 11602 79492 P 33 abe4774bc
SCHED-TRACE 11603 79493 K 33 abe4774bc
SCHED-TRACE 11604 79493 P 33 abe6e147b
SCHED-TRACE 11605 79569 I 33 a9ded5
SCHED-TRACE 11606 79569 B 33 7a
SCHED-TRACE 11607 79569 P 33 ac4a6bc6a
SCHED-TRACE 11608 79569 R 33 ac4a6bc6a
SCHED-TRACE 11609 79570 U 4 a9dfe2
SCHED-TRACE 11610 79570 V 4 a9e06f
SCHED-TRACE 11611 79570 O 0 0
SCHED-TRACE 11612 79570 P 33 ac4d15c29
SCHED-TRACE 11613 79571 K 33 ac4d15c29
SCHED-TRACE 11614 79571 P 33 ac4f80000
SCHED-TRACE 11615 79647 I 33 aa08e9
SCHED-TRACE 11616 79647 B 33 7b
SCHED-TRACE 11617 79647 P 33 acb30a7ef
SCHED-TRACE 11618 79647 R 33 acb30a7ef
SCHED-TRACE 11619 79648 U 4 aa09f7
SCHED-TRACE 11620 79648 V 4 aa0a83
SCHED-TRACE 11621 79648 O 0 0
SCHED-TRACE 11622 79648 P 33 acb5b47ae
SCHED-TRACE 11623 79649 K 33 acb5b47ae
SCHED-TRACE 11624 79649 P 33 acb81e76c
SCHED-TRACE 11625 79725 I 33 aa32fe
SCHED-TRACE 11626 79725 B 33 7a
SCHED-TRACE 11627 79725 P 33 ad1ba8f5c
SCHED-TRACE 11628 79725 R 33 ad1ba8f5c
SCHED-TRACE 11629 79726 U 4 aa340b
SCHED-TRACE 11630 79726 V 4 aa3498
SCHED-TRACE 11631 79726 O 0 0
SCHED-TRACE 11632 79726 P 33 ad1e52f1a
SCHED-TRACE 11633 79727 K 33 ad1e52f1a
SCHED-TRACE 11634 79727 P 33 ad20bd2f1
SCHED-TRACE 11635 79803 I 33 aa5d13
SCHED-TRACE 11636 79803 B 33 7a
SCHED-TRACE 11637 79803 P 33 ad8447ae1
SCHED-TRACE 11638 79803 R 33 ad8447ae1
SCHED-TRACE 11639 79804 U 4 aa5e20
SCHED-TRACE 11640 79804 V 4 aa5eac
SCHED-TRACE 11641 79804 O 0 0
SCHED-TRACE 11642 79804 P 33 ad86f1aa0
SCHED-TRACE 11643 79805 K 33 ad86f1aa0
SCHED-TRACE 11644 79805 P 33 ad895be77
SCHED-TRACE 11645 79881 I 33 aa8727
SCHED-TRACE 11646 79881 B 33 7b
SCHED-TRACE 11647 79881 P 33 adece6666
SCHED-TRACE 11648 79881 R 33 adece6666
SCHED-TRACE 11649 79882 U 4 aa8835
SCHED-TRACE 11650 79882 V 4 aa88c1
SCHED-TRACE 11651 79882 O 0 0
SCHED-TRACE 11652 79882 P 33 adef90625
SCHED-TRACE 11653 79883 K 33 adef90625
SCHED-TRACE 11654 79883 P 33 adf1fa5e3
SCHED-TRACE 11655 79959 I 33 aab13c
SCHED-TRACE 11656 79959 B 33 7a
SCHED-TRACE 11657 79959 P 33 ae5584dd3
SCHED-TRACE 11658 79959 R 33 ae5584dd3
SCHED-TRACE 11659 79960 U 4 aab249
SCHED-TRACE 11660 79960 V 4 aab2d6
SCHED-TRACE 11661 79960 O 0 0
SCHED-TRACE 11662 79960 P 33 ae582ed91
SCHED-TRACE 11663 79961 K 33 ae582ed91
SCHED-TRACE 11664 79961 P 33 ae5a99168
SCHED-TRACE 11665 80037 I 33 aadb51
SCHED-TRACE 11666 80037 B 33 7a
SCHED-TRACE 11667 80037 P 33 aebe23958
SCHED-TRACE 11668 80037 R 33 aebe23958
SCHED-TRACE 11669 80038 U 4 aadc5e
SCHED-TRACE 11670 80038 V 4 aadcea
SCHED-TRACE 11671 80038 O 0 0
SCHED-TRACE 11672 80038 P 33 aec0cd916
SCHED-TRACE 11673 80039 K 33 aec0cd916
SCHED-TRACE 11674 80039 P 33 aec337ced
SCHED-TRACE 11675 80115 I 33 ab0565
SCHED-TRACE 11676 80115 B 33 7b
SCHED-TRACE 11677 80115 P 33 af26c24dd
SCHED-TRACE 11678 80115 R 33 af26c24dd
SCHED-TRACE 11679 80116 U 4 ab0673
SCHED-TRACE 11680 80116 V 4 ab06ff
SCHED-TRACE 11681 80116 O 0 0
SCHED-TRACE 11682 80116 P 33 af296cccd
SCHED-TRACE 11683 80117 K 60 aefe0978d
SCHED-TRACE 11684 80117 P 33 af2bd70a4
SCHED-TRACE 11685 80118 P 33 af2dad4fe
SCHED-TRACE 11686 80192 I 60 ab2f3f
SCHED-TRACE 11687 80192 B 60 7a
SCHED-TRACE 11688 80192 P 60 b2c93f3b6
SCHED-TRACE 11689 80192 R 60 b2c93f3b6
SCHED-TRACE 11690 80193 U 4 ab304d
SCHED-TRACE 11691 80193 V 4 ab30da
SCHED-TRACE 11692 80193 O 0 0
SCHED-TRACE 11693 80193 P 60 b2e4045a1
SCHED-TRACE 11694 80194 K 78 af028e979
SCHED-TRACE 11695 80194 P 60 b2fc2ac08
SCHED-TRACE 11696 80195 P 60 b30e8978d
SCHED-TRACE 11697 80270 I 78 ab598f
SCHED-TRACE 11698 80270 B 78 7a
SCHED-TRACE 11699 80270 P 78 b2d96ac08
SCHED-TRACE 11700 80270 R 78 b2d96ac08
SCHED-TRACE 11701 80271 U 4 ab5a9d
SCHED-TRACE 11702 80271 V 4 ab5b29
SCHED-TRACE 11703 80271 O 0 0
SCHED-TRACE 11704 80271 P 78 b2f420831
SCHED-TRACE 11705 80272 K 63 af06c6e97
SCHED-TRACE 11706 80272 P 78 b30c46e98
SCHED-TRACE 11707 80273 P 78 b31ea5a1d
SCHED-TRACE 11708 80347 I 63 ab8368
SCHED-TRACE 11709 80347 B 63 7a
SCHED-TRACE 11710 80347 P 63 b2d1eac08
SCHED-TRACE 11711 80347 R 63 b2d1eac08
SCHED-TRACE 11712 80348 U 4 ab8476
SCHED-TRACE 11713 80348 V 4 ab8503
SCHED-TRACE 11714 80348 O 0 0
SCHED-TRACE 11715 80348 P 63 b2ecad4fe
SCHED-TRACE 11716 80349 K 51 af092fdf4
SCHED-TRACE 11717 80349 P 63 b304d126e
SCHED-TRACE 11718 80350 P 63 b3172fdf4
SCHED-TRACE 11719 80424 I 51 abad42
SCHED-TRACE 11720 80424 B 51 7b
SCHED-TRACE 11721 80424 P 51 b2d468313
SCHED-TRACE 11722 80424 R 51 b2d468313
SCHED-TRACE 11723 80425 U 4 abae51
SCHED-TRACE 11724 80425 V 4 abaede
SCHED-TRACE 11725 80425 O 0 0
SCHED-TRACE 11726 80425 P 51 b2ef34fdf
SCHED-TRACE 11727 80426 K 48 af09c6e97
SCHED-TRACE 11728 80426 P 51 b3075b646
SCHED-TRACE 11729 80427 P 51 b319ba1cb
SCHED-TRACE 11730 80501 I 48 abd71c
SCHED-TRACE 11731 80501 B 48 7b
SCHED-TRACE 11732 80501 P 48 b2d4e5a1c
SCHED-TRACE 11733 80501 R 48 b2d4e5a1c
SCHED-TRACE 11734 80502 U 4 abd82b
SCHED-TRACE 11735 80502 V 4 abd8b7
SCHED-TRACE 11736 80502 O 0 0
SCHED-TRACE 11737 80502 P 48 b2efb26e9
SCHED-TRACE 11738 80503 K 75 af0de0831
SCHED-TRACE 11739 80503 P 48 b307d8d50
SCHED-TRACE 11740 80504 P 48 b31a34fdf
SCHED-TRACE 11741 80579 I 75 ac016c
SCHED-TRACE 11742 80579 B 75 7a
SCHED-TRACE 11743 80579 P 75 b2e4aac08
SCHED-TRACE 11744 80579 R 75 b2e4aac08
SCHED-TRACE 11745 80580 U 4 ac027a
SCHED-TRACE 11746 80580 V 4 ac0306
SCHED-TRACE 11747 80580 O 0 0
SCHED-TRACE 11748 80580 P 75 b2ff63127
SCHED-TRACE 11749 80581 K 66 af0f5df3b
SCHED-TRACE 11750 80581 P 75 b31786e98
SCHED-TRACE 11751 80582 P 75 b329e5a1d
SCHED-TRACE 11752 80656 I 66 ac2b45
SCHED-TRACE 11753 80656 B 66 7a
SCHED-TRACE 11754 80656 P 66 b2da81cac
SCHED-TRACE 11755 80656 R 66 b2da81cac
SCHED-TRACE 11756 80657 U 4 ac2c53
SCHED-TRACE 11757 80657 V 4 ac2ce0
SCHED-TRACE 11758 80657 O 0 0
SCHED-TRACE 11759 80657 P 66 b2f541cac
SCHED-TRACE 11760 80658 K 57 af10d8d50
SCHED-TRACE 11761 80658 P 66 b30d65a1c
SCHED-TRACE 11762 80659 P 66 b31fc6e97
SCHED-TRACE 11763 80733 I 57 ac551e
SCHED-TRACE 11764 80733 B 57 7a
SCHED-TRACE 11765 80733 P 57 b2dbefdf4
SCHED-TRACE 11766 80733 R 57 b2dbefdf4
SCHED-TRACE 11767 80734 U 4 ac562d
SCHED-TRACE 11768 80734 V 4 ac56b9
SCHED-TRACE 11769 80734 O 0 0
SCHED-TRACE 11770 80734 P 57 b2f6ba1cb
SCHED-TRACE 11771 80735 K 54 af112ac08
SCHED-TRACE 11772 80735 P 57 b30ee0831
SCHED-TRACE 11773 80736 P 57 b3213f3b6
SCHED-TRACE 11774 80810 I 54 ac7ef7
SCHED-TRACE 11775 80810 B 54 7a
SCHED-TRACE 11776 80810 P 54 b2dc3a1cb
SCHED-TRACE 11777 80810 R 54 b2dc3a1cb
SCHED-TRACE 11778 80811 U 4 ac8006
SCHED-TRACE 11779 80811 V 4 ac8092
SCHED-TRACE 11780 80811 O 0 0
SCHED-TRACE 11781 80811 P 54 b2f706e98
SCHED-TRACE 11782 80812 K 45 af1268312
SCHED-TRACE 11783 80812 P 54 b30f2d4fe
SCHED-TRACE 11784 80813 P 54 b3218c083
SCHED-TRACE 11785 80887 I 45 aca8d0
SCHED-TRACE 11786 80887 B 45 7b
SCHED-TRACE 11787 80887 P 45 b2dd778d5
SCHED-TRACE 11788 80887 R 45 b2dd778d5
SCHED-TRACE 11789 80888 U 4 aca9df
SCHED-TRACE 11790 80888 V 4 acaa6b
SCHED-TRACE 11791 80888 O 0 0
SCHED-TRACE 11792 80888 P 45 b2f84978d
SCHED-TRACE 11793 80889 K 72 af1a18d50
SCHED-TRACE 11794 80889 P 45 b3106fdf4
SCHED-TRACE 11795 80890 P 45 b322ce979
SCHED-TRACE 11796 80964 I 72 acd2aa
SCHED-TRACE 11797 80964 B 72 7a
SCHED-TRACE 11798 80964 P 72 b2e5378d5
SCHED-TRACE 11799 80964 R 72 b2e5378d5
SCHED-TRACE 11800 80965 U 4 acd3b8
SCHED-TRACE 11801 80965 V 4 acd444
SCHED-TRACE 11802 80965 O 0 0
SCHED-TRACE 11803 80965 P 72 b2ffefdf4
SCHED-TRACE 11804 80966 K 69 af1aaac09
SCHED-TRACE 11805 80966 P 72 b31813b65
SCHED-TRACE 11806 80967 P 72 b32a726ea
SCHED-TRACE 11807 81041 I 69 acfc83
SCHED-TRACE 11808 81041 B 69 7a
SCHED-TRACE 11809 81041 P 69 b2e5cc084
SCHED-TRACE 11810 81041 R 69 b2e5cc084
SCHED-TRACE 11811 81042 U 4 acfd91
SCHED-TRACE 11812 81042 V 4 acfe1d
SCHED-TRACE 11813 81042 O 0 0
SCHED-TRACE 11814 81042 P 69 b300845a2
SCHED-TRACE 11815 81043 K 81 af23efdf3
SCHED-TRACE 11816 81043 P 69 b318a8313
SCHED-TRACE 11817 81044 P 69 b32b06e98
SCHED-TRACE 11818 81118 I 81 ad265c
SCHED-TRACE 11819 81118 B 81 7a
SCHED-TRACE 11820 81118 P 81 b2ef20831
SCHED-TRACE 11821 81118 R 81 b2ef20831
SCHED-TRACE 11822 81119 U 4 ad276a
SCHED-TRACE 11823 81119 V 4 ad27f6
SCHED-TRACE 11824 81119 O 0 0
SCHED-TRACE 11825 81119 P 81 b309ce978
SCHED-TRACE 11826 81120 K 42 af29326ea
SCHED-TRACE 11827 81120 P 81 b321f26e9
SCHED-TRACE 11828 81121 P 81 b3344e978
SCHED-TRACE 11829 81195 I 42 ad5034
SCHED-TRACE 11830 81195 B 42 7a
SCHED-TRACE 11831 81195 P 42 b2f45645a
SCHED-TRACE 11832 81195 R 42 b2f45645a
SCHED-TRACE 11833 81196 U 4 ad5143
SCHED-TRACE 11834 81196 V 4 ad51cf
SCHED-TRACE 11835 81196 O 0 0
SCHED-TRACE 11836 81196 P 42 b30f28313
SCHED-TRACE 11837 81197 K 33 af2dad4fe
SCHED-TRACE 11838 81197 P 42 b3274e979
SCHED-TRACE 11839 81198 P 42 b339aac09
SCHED-TRACE 11840 81272 I 33 ad7a0e
SCHED-TRACE 11841 81272 B 33 7a
SCHED-TRACE 11842 81272 P 33 af8eca7ef
SCHED-TRACE 11843 81272 R 33 af8eca7ef
SCHED-TRACE 11844 81273 U 4 ad7b1b
SCHED-TRACE 11845 81273 V 4 ad7ba8
SCHED-TRACE 11846 81273 O 0 0
SCHED-TRACE 11847 81273 P 33 af9174bc6
SCHED-TRACE 11848 81274 K 39 af30326e9
SCHED-TRACE 11849 81274 P 33 af93deb85
SCHED-TRACE 11850 81275 P 33 af95b4fdf
SCHED-TRACE 11851 81350 I 39 ada45c
SCHED-TRACE 11852 81350 B 39 7a
SCHED-TRACE 11853 81350 P 39 b30701cac
SCHED-TRACE 11854 81350 R 39 b30701cac
SCHED-TRACE 11855 81351 U 4 ada56a
SCHED-TRACE 11856 81351 V 4 ada5f6
SCHED-TRACE 11857 81351 O 0 0
SCHED-TRACE 11858 81351 P 39 b321ad4fe
SCHED-TRACE 11859 81352 K 36 af66a5a1c
SCHED-TRACE 11860 81352 P 39 b339d3b64
SCHED-TRACE 11861 81353 P 39 b34c2fdf4
SCHED-TRACE 11862 81427 I 36 adce35
SCHED-TRACE 11863 81427 B 36 7a
SCHED-TRACE 11864 81427 P 36 b331db645
SCHED-TRACE 11865 81427 R 36 b331db645
SCHED-TRACE 11866 81428 U 4 adcf42
SCHED-TRACE 11867 81428 V 4 adcfcf
SCHED-TRACE 11868 81428 O 0 0
SCHED-TRACE 11869 81428 P 36 b34c81cac
SCHED-TRACE 11870 81429 K 33 af95b4fdf
SCHED-TRACE 11871 81429 P 36 b364a8312
SCHED-TRACE 11872 81430 P 36 b377045a1
SCHED-TRACE 11873 81505 I 33 adf884
SCHED-TRACE 11874 81505 B 33 7a
SCHED-TRACE 11875 81505 P 33 aff7fdf3b
SCHED-TRACE 11876 81505 R 33 aff7fdf3b
SCHED-TRACE 11877 81506 U 4 adf991
SCHED-TRACE 11878 81506 V 4 adfa1e
SCHED-TRACE 11879 81506 O 0 0
SCHED-TRACE 11880 81506 P 33 affaa7efa
SCHED-TRACE 11881 81507 K 33 affaa7efa
SCHED-TRACE 11882 81507 P 33 affd122d1
SCHED-TRACE 11883 81583 I 33 ae2299
SCHED-TRACE 11884 81583 B 33 7a
SCHED-TRACE 11885 81583 P 33 b0609c6a8
SCHED-TRACE 11886 81583 R 33 b0609c6a8
SCHED-TRACE 11887 81584 U 4 ae23a6
SCHED-TRACE 11888 81584 V 4 ae2432
SCHED-TRACE 11889 81584 O 0 0
SCHED-TRACE 11890 81584 P 33 b06346a7f
SCHED-TRACE 11891 81585 K 33 b06346a7f
SCHED-TRACE 11892 81585 P 33 b065b0a3d
SCHED-TRACE 11893 81661 I 33 ae4cad
SCHED-TRACE 11894 81661 B 33 7a
SCHED-TRACE 11895 81661 P 33 b0c93b22d
SCHED-TRACE 11896 81661 R 33 b0c93b22d
SCHED-TRACE 11897 81662 U 4 ae4dba
SCHED-TRACE 11898 81662 V 4 ae4e47
SCHED-TRACE 11899 81662 O 0 0
SCHED-TRACE 11900 81662 P 33 b0cbe51eb
SCHED-TRACE 11901 81663 K 33 b0cbe51eb
SCHED-TRACE 11902 81663 P 33 b0ce4f5c2
SCHED-TRACE 11903 81739 I 33 ae76c2
SCHED-TRACE 11904 81739 B 33 7b
SCHED-TRACE 11905 81739 P 33 b131d9db2
SCHED-TRACE 11906 81739 R 33 b131d9db2
SCHED-TRACE 11907 81740 U 4 ae77cf
SCHED-TRACE 11908 81740 V 4 ae785c
SCHED-TRACE 11909 81740 O 0 0
SCHED-TRACE 11910 81740 P 33 b13483d70
SCHED-TRACE 11911 81741 K 33 b13483d70
SCHED-TRACE 11912 81741 P 33 b136edd2f
SCHED-TRACE 11913 81817 I 33 aea0d7
SCHED-TRACE 11914 81817 B 33 7a
SCHED-TRACE 11915 81817 P 33 b19a7851f
SCHED-TRACE 11916 81817 R 33 b19a7851f
SCHED-TRACE 11917 81818 U 4 aea1e4
SCHED-TRACE 11918 81818 V 4 aea270
SCHED-TRACE 11919 81818 O 0 0
SCHED-TRACE 11920 81818 P 33 b19d224dd
SCHED-TRACE 11921 81819 K 33 b19d224dd
SCHED-TRACE 11922 81819 P 33 b19f8c8b4
SCHED-TRACE 11923 81895 I 33 aecaeb
SCHED-TRACE 11924 81895 B 33 7a
SCHED-TRACE 11925 81895 P 33 b203170a4
SCHED-TRACE 11926 81895 R 33 b203170a4
SCHED-TRACE 11927 81896 U 4 aecbf8
SCHED-TRACE 11928 81896 V 4 aecc85
SCHED-TRACE 11929 81896 O 0 0
SCHED-TRACE 11930 81896 P 33 b205c1062
SCHED-TRACE 11931 81897 K 33 b205c1062
SCHED-TRACE 11932 81897 P 33 b2082b439
SCHED-TRACE 11933 81973 I 33 aef500
SCHED-TRACE 11934 81973 B 33 7b
SCHED-TRACE 11935 81973 P 33 b26bb5c29
SCHED-TRACE 11936 81973 R 33 b26bb5c29
SCHED-TRACE 11937 81974 U 4 aef60d
SCHED-TRACE 11938 81974 V 4 aef69a
SCHED-TRACE 11939 81974 O 0 0
SCHED-TRACE 11940 81974 P 33 b26e5fbe7
SCHED-TRACE 11941 81975 K 33 b26e5fbe7
SCHED-TRACE 11942 81975 P 33 b270c9ba6
SCHED-TRACE 11943 82051 I 33 af1f15
SCHED-TRACE 11944 82051 B 33 7a
SCHED-TRACE 11945 82051 P 33 b2d454395
SCHED-TRACE 11946 82051 R 33 b2d454395
SCHED-TRACE 11947 82052 U 4 af2022
SCHED-TRACE 11948 82052 V 4 af20ae
SCHED-TRACE 11949 82052 O 0 0
SCHED-TRACE 11950 82052 P 33 b2d6fe354
SCHED-TRACE 11951 82053 K 33 b2d6fe354
SCHED-TRACE 11952 82053 P 33 b2d96872b
SCHED-TRACE 11953 82129 I 33 af4929
SCHED-TRACE 11954 82129 B 33 7a
SCHED-TRACE 11955 82129 P 33 b33cf2f1a
SCHED-TRACE 11956 82129 R 33 b33cf2f1a
SCHED-TRACE 11957 82130 U 4 af4a37
SCHED-TRACE 11958 82130 V 4 af4ac3
SCHED-TRACE 11959 82130 O 0 0
SCHED-TRACE 11960 82130 P 33 b33f9db23
SCHED-TRACE 11961 82131 K 60 b30e8978d
SCHED-TRACE 11962 82131 P 33 b34207efa
SCHED-TRACE 11963 82132 P 33 b343de76c
SCHED-TRACE 11964 82206 I 60 af7305
SCHED-TRACE 11965 82206 B 60 7a
SCHED-TRACE 11966 82206 P 60 b6d9fcac0
SCHED-TRACE 11967 82206 R 60 b6d9fcac0
SCHED-TRACE 11968 82207 U 4 af7414
SCHED-TRACE 11969 82207 V 4 af74a0
SCHED-TRACE 11970 82207 O 0 0
SCHED-TRACE 11971 82207 P 60 b6f4c1cac
SCHED-TRACE 11972 82208 K 63 b3172fdf4
SCHED-TRACE 11973 82208 P 60 b70ce5a1c
SCHED-TRACE 11974 82209 P 60 b71f445a1
SCHED-TRACE 11975 82283 I 63 af9cde
SCHED-TRACE 11976 82283 B 63 7a
SCHED-TRACE 11977 82283 P 63 b6e241cac
SCHED-TRACE 11978 82283 R 63 b6e241cac
SCHED-TRACE 11979 82284 U 4 af9dec
SCHED-TRACE 11980 82284 V 4 af9e79
SCHED-TRACE 11981 82284 O 0 0
SCHED-TRACE 11982 82284 P 63 b6fd045a2
SCHED-TRACE 11983 82285 K 51 b319ba1cb
SCHED-TRACE 11984 82285 P 63 b7152ac08
SCHED-TRACE 11985 82286 P 63 b7278978d
SCHED-TRACE 11986 82360 I 51 afc6b8
SCHED-TRACE 11987 82360 B 51 7a
SCHED-TRACE 11988 82360 P 51 b6e4efdf4
SCHED-TRACE 11989 82360 R 51 b6e4efdf4
SCHED-TRACE 11990 82361 U 4 afc7c7
SCHED-TRACE 11991 82361 V 4 afc854
SCHED-TRACE 11992 82361 O 0 0
SCHED-TRACE 11993 82361 P 51 b6ffbcac1
SCHED-TRACE 11994 82362 K 48 b31a34fdf
SCHED-TRACE 11995 82362 P 51 b717e3127
SCHED-TRACE 11996 82363 P 51 b72a41cac
SCHED-TRACE 11997 82437 I 48 aff092
SCHED-TRACE 11998 82437 B 48 7a
SCHED-TRACE 11999 82437 P 48 b6e55126e
SCHED-TRACE 12000 82437 R 48 b6e55126e
SCHED-TRACE 12001 82438 U 4 aff1a1
SCHED-TRACE 12002 82438 V 4 aff22d
SCHED-TRACE 12003 82438 O 0 0
SCHED-TRACE 12004 82438 P 48 b70020831
SCHED-TRACE 12005 82439 K 78 b31ea5a1d
SCHED-TRACE 12006 82439 P 48 b71846e97
SCHED-TRACE 12007 82440 P 48 b72aa5a1c
SCHED-TRACE 12008 82514 I 78 b01a6c
SCHED-TRACE 12009 82514 B 78 7a
SCHED-TRACE 12010 82514 P 78 b6e9c978d
SCHED-TRACE 12011 82514 R 78 b6e9c978d
SCHED-TRACE 12012 82515 U 4 b01b7a
SCHED-TRACE 12013 82515 V 4 b01c06
SCHED-TRACE 12014 82515 O 0 0
SCHED-TRACE 12015 82515 P 78 b7047cac1
SCHED-TRACE 12016 82516 K 66 b31fc6e97
SCHED-TRACE 12017 82516 P 78 b71ca3127
SCHED-TRACE 12018 82517 P 78 b72f01cac
SCHED-TRACE 12019 82591 I 66 b04445
SCHED-TRACE 12020 82591 B 66 7b
SCHED-TRACE 12021 82591 P 66 b6eaed4fd
SCHED-TRACE 12022 82591 R 66 b6eaed4fd
SCHED-TRACE 12023 82592 U 4 b04553
SCHED-TRACE 12024 82592 V 4 b045e0
SCHED-TRACE 12025 82592 O 0 0
SCHED-TRACE 12026 82592 P 66 b705aac08
SCHED-TRACE 12027 82593 K 57 b3213f3b6
SCHED-TRACE 12028 82593 P 66 b71dd126e
SCHED-TRACE 12029 82594 P 66 b7302fdf3
SCHED-TRACE 12030 82668 I 57 b06e1e
SCHED-TRACE 12031 82668 B 57 7a
SCHED-TRACE 12032 82668 P 57 b6ec5645a
SCHED-TRACE 12033 82668 R 57 b6ec5645a
SCHED-TRACE 12034 82669 U 4 b06f2d
SCHED-TRACE 12035 82669 V 4 b06fb9
SCHED-TRACE 12036 82669 O 0 0
SCHED-TRACE 12037 82669 P 57 b7071df3c
SCHED-TRACE 12038 82670 K 54 b3218c083
SCHED-TRACE 12039 82670 P 57 b71f41cac
SCHED-TRACE 12040 82671 P 57 b731a3127
SCHED-TRACE 12041 82745 I 54 b097f7
SCHED-TRACE 12042 82745 B 54 7a
SCHED-TRACE 12043 82745 P 54 b6ec9df3b
SCHED-TRACE 12044 82745 R 54 b6ec9df3b
SCHED-TRACE 12045 82746 U 4 b09906
SCHED-TRACE 12046 82746 V 4 b09992
SCHED-TRACE 12047 82746 O 0 0
SCHED-TRACE 12048 82746 P 54 b7076ac08
SCHED-TRACE 12049 82747 K 45 b322ce979
SCHED-TRACE 12050 82747 P 54 b71f8e979
SCHED-TRACE 12051 82748 P 54 b731ed4fe
SCHED-TRACE 12052 82822 I 45 b0c1d1
SCHED-TRACE 12053 82822 B 45 7a
SCHED-TRACE 12054 82822 P 45 b6edf4fdf
SCHED-TRACE 12055 82822 R 45 b6edf4fdf
SCHED-TRACE 12056 82823 U 4 b0c2e0
SCHED-TRACE 12057 82823 V 4 b0c36c
SCHED-TRACE 12058 82823 O 0 0
SCHED-TRACE 12059 82823 P 45 b708c6e98
SCHED-TRACE 12060 82824 K 75 b329e5a1d
SCHED-TRACE 12061 82824 P 45 b720eac08
SCHED-TRACE 12062 82825 P 45 b7334978d
SCHED-TRACE 12063 82899 I 75 b0ebab
SCHED-TRACE 12064 82899 B 75 7a
SCHED-TRACE 12065 82899 P 75 b6f506e98
SCHED-TRACE 12066 82899 R 75 b6f506e98
SCHED-TRACE 12067 82900 U 4 b0ecb9
SCHED-TRACE 12068 82900 V 4 b0ed45
SCHED-TRACE 12069 82900 O 0 0
SCHED-TRACE 12070 82900 P 75 b70fbcac1
SCHED-TRACE 12071 82901 K 72 b32a726ea
SCHED-TRACE 12072 82901 P 75 b727e0831
SCHED-TRACE 12073 82902 P 75 b73a3f3b6
SCHED-TRACE 12074 82976 I 72 b11584
SCHED-TRACE 12075 82976 B 72 7a
SCHED-TRACE 12076 82976 P 72 b6f59645a
SCHED-TRACE 12077 82976 R 72 b6f59645a
SCHED-TRACE 12078 82977 U 4 b11692
SCHED-TRACE 12079 82977 V 4 b1171e
SCHED-TRACE 12080 82977 O 0 0
SCHED-TRACE 12081 82977 P 72 b7104e979
SCHED-TRACE 12082 82978 K 69 b32b06e98
SCHED-TRACE 12083 82978 P 72 b728726ea
SCHED-TRACE 12084 82979 P 72 b73ad126f
SCHED-TRACE 12085 83053 I 69 b13f5d
SCHED-TRACE 12086 83053 B 69 7a
SCHED-TRACE 12087 83053 P 69 b6f628313
SCHED-TRACE 12088 83053 R 69 b6f628313
SCHED-TRACE 12089 83054 U 4 b1406b
SCHED-TRACE 12090 83054 V 4 b140f7
SCHED-TRACE 12091 83054 O 0 0
SCHED-TRACE 12092 83054 P 69 b710e3127
SCHED-TRACE 12093 83055 K 81 b3344e978
SCHED-TRACE 12094 83055 P 69 b7290978e
SCHED-TRACE 12095 83056 P 69 b73b65a1d
SCHED-TRACE 12096 83130 I 81 b16936
SCHED-TRACE 12097 83130 B 81 7b
SCHED-TRACE 12098 83130 P 81 b6ff5df3b
SCHED-TRACE 12099 83130 R 81 b6ff5df3b
SCHED-TRACE 12100 83131 U 4 b16a44
SCHED-TRACE 12101 83131 V 4 b16ad0
SCHED-TRACE 12102 83131 O 0 0
SCHED-TRACE 12103 83131 P 81 b71a0c083
SCHED-TRACE 12104 83132 K 42 b339aac09
SCHED-TRACE 12105 83132 P 81 b732326e9
SCHED-TRACE 12106 83133 P 81 b7448e978
SCHED-TRACE 12107 83207 I 42 b1930e
SCHED-TRACE 12108 83207 B 42 7a
SCHED-TRACE 12109 83207 P 42 b704cc083
SCHED-TRACE 12110 83207 R 42 b704cc083
SCHED-TRACE 12111 83208 U 4 b1941d
SCHED-TRACE 12112 83208 V 4 b194a9
SCHED-TRACE 12113 83208 O 0 0
SCHED-TRACE 12114 83208 P 42 b71fa0832
SCHED-TRACE 12115 83209 K 33 b343de76c
SCHED-TRACE 12116 83209 P 42 b737c45a2
SCHED-TRACE 12117 83210 P 42 b74a20832
SCHED-TRACE 12118 83284 I 33 b1bce8
SCHED-TRACE 12119 83284 B 33 7a
SCHED-TRACE 12120 83284 P 33 b3a4fba5e
SCHED-TRACE 12121 83284 R 33 b3a4fba5e
SCHED-TRACE 12122 83285 U 4 b1bdf5
SCHED-TRACE 12123 83285 V 4 b1be82
SCHED-TRACE 12124 83285 O 0 0
SCHED-TRACE 12125 83285 P 33 b3a7a624e
SCHED-TRACE 12126 83286 K 39 b34c2fdf4
SCHED-TRACE 12127 83286 P 33 b3aa10625
SCHED-TRACE 12128 83287 P 33 b3abe6666
SCHED-TRACE 12129 83361 I 39 b1e6c0
SCHED-TRACE 12130 83361 B 39 7b
SCHED-TRACE 12131 83361 P 39 b7174c083
SCHED-TRACE 12132 83361 R 39 b7174c083
SCHED-TRACE 12133 83362 U 4 b1e7cd
SCHED-TRACE 12134 83362 V 4 b1e85a
SCHED-TRACE 12135 83362 O 0 0
SCHED-TRACE 12136 83362 P 39 b731f78d5
SCHED-TRACE 12137 83363 K 36 b377045a1
SCHED-TRACE 12138 83363 P 39 b74a1b646
SCHED-TRACE 12139 83364 P 39 b75c7a1cb
SCHED-TRACE 12140 83438 I 36 b21098
SCHED-TRACE 12141 83438 B 36 7a
SCHED-TRACE 12142 83438 P 36 b74201cac
SCHED-TRACE 12143 83438 R 36 b74201cac
SCHED-TRACE 12144 83439 U 4 b211a5
SCHED-TRACE 12145 83439 V 4 b21232
SCHED-TRACE 12146 83439 O 0 0
SCHED-TRACE 12147 83439 P 36 b75caac08
SCHED-TRACE 12148 83440 K 33 b3abe6666
SCHED-TRACE 12149 83440 P 36 b774d126e
SCHED-TRACE 12150 83441 P 36 b7872ac08
SCHED-TRACE 12151 83516 I 33 b23ae7
SCHED-TRACE 12152 83516 B 33 7a
SCHED-TRACE 12153 83516 P 33 b40e2f9db
SCHED-TRACE 12154 83516 R 33 b40e2f9db
SCHED-TRACE 12155 83517 U 4 b23bf4
SCHED-TRACE 12156 83517 V 4 b23c81
SCHED-TRACE 12157 83517 O 0 0
SCHED-TRACE 12158 83517 P 33 b410d9db2
SCHED-TRACE 12159 83518 K 33 b410d9db2
SCHED-TRACE 12160 83518 P 33 b41343d70
SCHED-TRACE 12161 83594 I 33 b264fc
SCHED-TRACE 12162 83594 B 33 7a
SCHED-TRACE 12163 83594 P 33 b476ce560
SCHED-TRACE 12164 83594 R 33 b476ce560
SCHED-TRACE 12165 83595 U 4 b26609
SCHED-TRACE 12166 83595 V 4 b26695
SCHED-TRACE 12167 83595 O 0 0
SCHED-TRACE 12168 83595 P 33 b4797851f
SCHED-TRACE 12169 83596 K 33 b4797851f
SCHED-TRACE 12170 83596 P 33 b47be28f6
SCHED-TRACE 12171 83672 I 33 b28f10
SCHED-TRACE 12172 83672 B 33 7b
SCHED-TRACE 12173 83672 P 33 b4df6d0e5
SCHED-TRACE 12174 83672 R 33 b4df6d0e5
SCHED-TRACE 12175 83673 U 4 b2901d
SCHED-TRACE 12176 83673 V 4 b290aa
SCHED-TRACE 12177 83673 O 0 0
SCHED-TRACE 12178 83673 P 33 b4e2170a4
SCHED-TRACE 12179 83674 K 33 b4e2170a4
SCHED-TRACE 12180 83674 P 33 b4e48147b
SCHED-TRACE 12181 83750 I 33 b2b925
SCHED-TRACE 12182 83750 B 33 7a
SCHED-TRACE 12183 83750 P 33 b5480b852
SCHED-TRACE 12184 83750 R 33 b5480b852
SCHED-TRACE 12185 83751 U 4 b2ba32
SCHED-TRACE 12186 83751 V 4 b2babf
SCHED-TRACE 12187 83751 O 0 0
SCHED-TRACE 12188 83751 P 33 b54ab5c29
SCHED-TRACE 12189 83752 K 33 b54ab5c29
SCHED-TRACE 12190 83752 P 33 b54d1fbe7
SCHED-TRACE 12191 83828 I 33 b2e33a
SCHED-TRACE 12192 83828 B 33 7a
SCHED-TRACE 12193 83828 P 33 b5b0aa3d7
SCHED-TRACE 12194 83828 R 33 b5b0aa3d7
SCHED-TRACE 12195 83829 U 4 b2e447
SCHED-TRACE 12196 83829 V 4 b2e4d3
SCHED-TRACE 12197 83829 O 0 0
SCHED-TRACE 12198 83829 P 33 b5b354395
SCHED-TRACE 12199 83830 K 33 b5b354395
SCHED-TRACE 12200 83830 P 33 b5b5be76c
SCHED-TRACE 12201 83906 I 33 b30d4e
SCHED-TRACE 12202 83906 B 33 7b
SCHED-TRACE 12203 83906 P 33 b61948f5c
SCHED-TRACE 12204 83906 R 33 b61948f5c
SCHED-TRACE 12205 83907 U 4 b30e5b
SCHED-TRACE 12206 83907 V 4 b30ee8
SCHED-TRACE 12207 83907 O 0 0
SCHED-TRACE 12208 83907 P 33 b61bf2f1a
SCHED-TRACE 12209 83908 K 33 b61bf2f1a
SCHED-TRACE 12210 83908 P 33 b61e5ced9
SCHED-TRACE 12211 83984 I 33 b33763
SCHED-TRACE 12212 83984 B 33 7a
SCHED-TRACE 12213 83984 P 33 b681e76c9
SCHED-TRACE 12214 83984 R 33 b681e76c9
SCHED-TRACE 12215 83985 U 4 b33870
SCHED-TRACE 12216 83985 V 4 b338fd
SCHED-TRACE 12217 83985 O 0 0
SCHED-TRACE 12218 83985 P 33 b68491687
SCHED-TRACE 12219 83986 K 33 b68491687
SCHED-TRACE 12220 83986 P 33 b686fba5e
SCHED-TRACE 12221 84062 I 33 b36178
SCHED-TRACE 12222 84062 B 33 7a
SCHED-TRACE 12223 84062 P 33 b6ea8624e
SCHED-TRACE 12224 84062 R 33 b6ea8624e
SCHED-TRACE 12225 84063 U 4 b36285
SCHED-TRACE 12226 84063 V 4 b36311
SCHED-TRACE 12227 84063 O 0 0
SCHED-TRACE 12228 84063 P 33 b6ed3020c
SCHED-TRACE 12229 84064 K 33 b6ed3020c
SCHED-TRACE 12230 84064 P 33 b6ef9a5e3
SCHED-TRACE 12231 84140 I 33 b38b8c
SCHED-TRACE 12232 84140 B 33 7b
SCHED-TRACE 12233 84140 P 33 b75324dd3
SCHED-TRACE 12234 84140 R 33 b75324dd3
SCHED-TRACE 12235 84141 U 4 b38c9a
SCHED-TRACE 12236 84141 V 4 b38d26
SCHED-TRACE 12237 84141 O 0 0
SCHED-TRACE 12238 84141 P 33 b755cf5c2
SCHED-TRACE 12239 84142 K 60 b71f445a1
SCHED-TRACE 12240 84142 P 33 b75839999
SCHED-TRACE 12241 84143 P 33 b75a0fdf4
SCHED-TRACE 12242 84217 I 60 b3b568
SCHED-TRACE 12243 84217 B 60 7a
SCHED-TRACE 12244 84217 P 60 baeab78d5
SCHED-TRACE 12245 84217 R 60 baeab78d5
SCHED-TRACE 12246 84218 U 4 b3b676
SCHED-TRACE 12247 84218 V 4 b3b703
SCHED-TRACE 12248 84218 O 0 0
SCHED-TRACE 12249 84218 P 60 bb057f3b6
SCHED-TRACE 12250 84219 K 63 b7278978d
SCHED-TRACE 12251 84219 P 60 bb1da5a1c
SCHED-TRACE 12252 84220 P 60 bb30045a1
SCHED-TRACE 12253 84294 I 63 b3df41
SCHED-TRACE 12254 84294 B 63 7a
SCHED-TRACE 12255 84294 P 63 baf29b645
SCHED-TRACE 12256 84294 R 63 baf29b645
SCHED-TRACE 12257 84295 U 4 b3e04f
SCHED-TRACE 12258 84295 V 4 b3e0dc
SCHED-TRACE 12259 84295 O 0 0
SCHED-TRACE 12260 84295 P 63 bb0d5df3b
SCHED-TRACE 12261 84296 K 51 b72a41cac
SCHED-TRACE 12262 84296 P 63 bb2581cac
SCHED-TRACE 12263 84297 P 63 bb37e0831
SCHED-TRACE 12264 84371 I 51 b4091b
SCHED-TRACE 12265 84371 B 51 7b
SCHED-TRACE 12266 84371 P 51 baf57a1cb
SCHED-TRACE 12267 84371 R 51 baf57a1cb
SCHED-TRACE 12268 84372 U 4 b40a2a
SCHED-TRACE 12269 84372 V 4 b40ab7
SCHED-TRACE 12270 84372 O 0 0
SCHED-TRACE 12271 84372 P 51 bb1046e98
SCHED-TRACE 12272 84373 K 48 b72aa5a1c
SCHED-TRACE 12273 84373 P 51 bb286d4fe
SCHED-TRACE 12274 84374 P 51 bb3acc083
SCHED-TRACE 12275 84448 I 48 b432f6
SCHED-TRACE 12276 84448 B 48 7a
SCHED-TRACE 12277 84448 P 48 baf5d8d50
SCHED-TRACE 12278 84448 R 48 baf5d8d50
SCHED-TRACE 12279 84449 U 4 b43405
SCHED-TRACE 12280 84449 V 4 b43491
SCHED-TRACE 12281 84449 O 0 0
SCHED-TRACE 12282 84449 P 48 bb10a8312
SCHED-TRACE 12283 84450 K 78 b72f01cac
SCHED-TRACE 12284 84450 P 48 bb28ce979
SCHED-TRACE 12285 84451 P 48 bb3b2d4fe
SCHED-TRACE 12286 84525 I 78 b45cd0
SCHED-TRACE 12287 84525 B 78 7a
SCHED-TRACE 12288 84525 P 78 bafa25a1d
SCHED-TRACE 12289 84525 R 78 bafa25a1d
SCHED-TRACE 12290 84526 U 4 b45dde
SCHED-TRACE 12291 84526 V 4 b45e6a
SCHED-TRACE 12292 84526 O 0 0
SCHED-TRACE 12293 84526 P 78 bb14d8d50
SCHED-TRACE 12294 84527 K 66 b7302fdf3
SCHED-TRACE 12295 84527 P 78 bb2cff3b6
SCHED-TRACE 12296 84528 P 78 bb3f5df3c
SCHED-TRACE 12297 84602 I 66 b486a9
SCHED-TRACE 12298 84602 B 66 7b
SCHED-TRACE 12299 84602 P 66 bafb5645a
SCHED-TRACE 12300 84602 R 66 bafb5645a
SCHED-TRACE 12301 84603 U 4 b487b7
SCHED-TRACE 12302 84603 V 4 b48844
SCHED-TRACE 12303 84603 O 0 0
SCHED-TRACE 12304 84603 P 66 bb161645a
SCHED-TRACE 12305 84604 K 57 b731a3127
SCHED-TRACE 12306 84604 P 66 bb2e3cac0
SCHED-TRACE 12307 84605 P 66 bb409b645
SCHED-TRACE 12308 84679 I 57 b4b082
SCHED-TRACE 12309 84679 B 57 7a
SCHED-TRACE 12310 84679 P 57 bafcbcac1
SCHED-TRACE 12311 84679 R 57 bafcbcac1
SCHED-TRACE 12312 84680 U 4 b4b191
SCHED-TRACE 12313 84680 V 4 b4b21d
SCHED-TRACE 12314 84680 O 0 0
SCHED-TRACE 12315 84680 P 57 bb17845a2
SCHED-TRACE 12316 84681 K 54 b731ed4fe
SCHED-TRACE 12317 84681 P 57 bb2fa8313
SCHED-TRACE 12318 84682 P 57 bb420978d
SCHED-TRACE 12319 84756 I 54 b4da5b
SCHED-TRACE 12320 84756 B 54 7a
SCHED-TRACE 12321 84756 P 54 bafcfa1cb
SCHED-TRACE 12322 84756 R 54 bafcfa1cb
SCHED-TRACE 12323 84757 U 4 b4db6a
SCHED-TRACE 12324 84757 V 4 b4dbf6
SCHED-TRACE 12325 84757 O 0 0
SCHED-TRACE 12326 84757 P 54 bb17c6e98
SCHED-TRACE 12327 84758 K 45 b7334978d
SCHED-TRACE 12328 84758 P 54 bb2feac08
SCHED-TRACE 12329 84759 P 54 bb424978d
SCHED-TRACE 12330 84833 I 45 b50435
SCHED-TRACE 12331 84833 B 45 7a
SCHED-TRACE 12332 84833 P 45 bafe6fdf4
SCHED-TRACE 12333 84833 R 45 bafe6fdf4
SCHED-TRACE 12334 84834 U 4 b50544
SCHED-TRACE 12335 84834 V 4 b505d0
SCHED-TRACE 12336 84834 O 0 0
SCHED-TRACE 12337 84834 P 45 bb1941cac
SCHED-TRACE 12338 84835 K 75 b73a3f3b6
SCHED-TRACE 12339 84835 P 45 bb3165a1d
SCHED-TRACE 12340 84836 P 45 bb43c45a2
SCHED-TRACE 12341 84910 I 75 b52e0f
SCHED-TRACE 12342 84910 B 75 7a
SCHED-TRACE 12343 84910 P 75 bb0560831
SCHED-TRACE 12344 84910 R 75 bb0560831
SCHED-TRACE 12345 84911 U 4 b52f1d
SCHED-TRACE 12346 84911 V 4 b52fa9
SCHED-TRACE 12347 84911 O 0 0
SCHED-TRACE 12348 84911 P 75 bb201645a
SCHED-TRACE 12349 84912 K 72 b73ad126f
SCHED-TRACE 12350 84912 P 75 bb383a1cb
SCHED-TRACE 12351 84913 P 75 bb4a98d50
SCHED-TRACE 12352 84987 I 72 b557e8
SCHED-TRACE 12353 84987 B 72 7a
SCHED-TRACE 12354 84987 P 72 bb05f4fdf
SCHED-TRACE 12355 84987 R 72 bb05f4fdf
SCHED-TRACE 12356 84988 U 4 b558f6
SCHED-TRACE 12357 84988 V 4 b55982
SCHED-TRACE 12358 84988 O 0 0
SCHED-TRACE 12359 84988 P 72 bb20ad4fe
SCHED-TRACE 12360 84989 K 69 b73b65a1d
SCHED-TRACE 12361 84989 P 72 bb38d126f
SCHED-TRACE 12362 84990 P 72 bb4b2fdf4
SCHED-TRACE 12363 85064 I 69 b581c1
SCHED-TRACE 12364 85064 B 69 7a
SCHED-TRACE 12365 85064 P 69 bb0686e98
SCHED-TRACE 12366 85064 R 69 bb0686e98
SCHED-TRACE 12367 85065 U 4 b582cf
SCHED-TRACE 12368 85065 V 4 b5835b
SCHED-TRACE 12369 85065 O 0 0
SCHED-TRACE 12370 85065 P 69 bb2141cad
SCHED-TRACE 12371 85066 K 81 b7448e978
SCHED-TRACE 12372 85066 P 69 bb3968313
SCHED-TRACE 12373 85067 P 69 bb4bc45a2
SCHED-TRACE 12374 85142 I 81 b5ac11
SCHED-TRACE 12375 85142 B 81 7a
SCHED-TRACE 12376 85142 P 81 bb1b8e978
SCHED-TRACE 12377 85142 R 81 bb1b8e978
SCHED-TRACE 12378 85143 U 4 b5ad1f
SCHED-TRACE 12379 85143 V 4 b5adac
SCHED-TRACE 12380 85143 O 0 0
SCHED-TRACE 12381 85143 P 81 bb363f3b6
SCHED-TRACE 12382 85144 K 42 b74a20832
SCHED-TRACE 12383 85144 P 81 bb4e63127
SCHED-TRACE 12384 85145 P 81 bb60bf3b6
SCHED-TRACE 12385 85219 I 42 b5d5ea
SCHED-TRACE 12386 85219 B 42 7a
SCHED-TRACE 12387 85219 P 42 bb152ac09
SCHED-TRACE 12388 85219 R 42 bb152ac09
SCHED-TRACE 12389 85220 U 4 b5d6f9
SCHED-TRACE 12390 85220 V 4 b5d785
SCHED-TRACE 12391 85220 O 0 0
SCHED-TRACE 12392 85220 P 42 bb2ffcac1
SCHED-TRACE 12393 85221 K 33 b75a0fdf4
SCHED-TRACE 12394 85221 P 42 bb4823127
SCHED-TRACE 12395 85222 P 42 bb5a7f3b7
SCHED-TRACE 12396 85296 I 33 b5ffc4
SCHED-TRACE 12397 85296 B 33 7a
SCHED-TRACE 12398 85296 P 33 b7bb2d0e5
SCHED-TRACE 12399 85296 R 33 b7bb2d0e5
SCHED-TRACE 12400 85297 U 4 b600d1
SCHED-TRACE 12401 85297 V 4 b6015e
SCHED-TRACE 12402 85297 O 0 0
SCHED-TRACE 12403 85297 P 33 b7bdd78d5
SCHED-TRACE 12404 85298 K 39 b75c7a1cb
SCHED-TRACE 12405 85298 P 33 b7c041893
SCHED-TRACE 12406 85299 P 33 b7c217ced
SCHED-TRACE 12407 85373 I 39 b6299c
SCHED-TRACE 12408 85373 B 39 7a
SCHED-TRACE 12409 85373 P 39 bb2793b64
SCHED-TRACE 12410 85373 R 39 bb2793b64
SCHED-TRACE 12411 85374 U 4 b62aa9
SCHED-TRACE 12412 85374 V 4 b62b36
SCHED-TRACE 12413 85374 O 0 0
SCHED-TRACE 12414 85374 P 39 bb4241cac
SCHED-TRACE 12415 85375 K 36 b7872ac08
SCHED-TRACE 12416 85375 P 39 bb5a65a1d
SCHED-TRACE 12417 85376 P 39 bb6cc1cac
SCHED-TRACE 12418 85450 I 36 b65374
SCHED-TRACE 12419 85450 B 36 7a
SCHED-TRACE 12420 85450 P 36 bb525126e
SCHED-TRACE 12421 85450 R 36 bb525126e
SCHED-TRACE 12422 85451 U 4 b65481
SCHED-TRACE 12423 85451 V 4 b6550e
SCHED-TRACE 12424 85451 O 0 0
SCHED-TRACE 12425 85451 P 36 bb6cfa1ca
SCHED-TRACE 12426 85452 K 33 b7c217ced
SCHED-TRACE 12427 85452 P 36 bb851df3b
SCHED-TRACE 12428 85453 P 36 bb977a1ca
SCHED-TRACE 12429 85528 I 33 b67dc3
SCHED-TRACE 12430 85528 B 33 7a
SCHED-TRACE 12431 85528 P 33 b82461062
SCHED-TRACE 12432 85528 R 33 b82461062
SCHED-TRACE 12433 85529 U 4 b67ed0
SCHED-TRACE 12434 85529 V 4 b67f5d
SCHED-TRACE 12435 85529 O 0 0
SCHED-TRACE 12436 85529 P 33 b8270b021
SCHED-TRACE 12437 85530 K 33 b8270b021
SCHED-TRACE 12438 85530 P 33 b829753f8
SCHED-TRACE 12439 85606 I 33 b6a7d7
SCHED-TRACE 12440 85606 B 33 7a
SCHED-TRACE 12441 85606 P 33 b88cffbe7
SCHED-TRACE 12442 85606 R 33 b88cffbe7
SCHED-TRACE 12443 85607 U 4 b6a8e5
SCHED-TRACE 12444 85607 V 4 b6a971
SCHED-TRACE 12445 85607 O 0 0
SCHED-TRACE 12446 85607 P 33 b88fa9ba6
SCHED-TRACE 12447 85608 K 33 b88fa9ba6
SCHED-TRACE 12448 85608 P 33 b89213f7d
SCHED-TRACE 12449 85684 I 33 b6d1ec
SCHED-TRACE 12450 85684 B 33 7a
SCHED-TRACE 12451 85684 P 33 b8f59e354
SCHED-TRACE 12452 85684 R 33 b8f59e354
SCHED-TRACE 12453 85685 U 4 b6d2f9
SCHED-TRACE 12454 85685 V 4 b6d386
SCHED-TRACE 12455 85685 O 0 0
SCHED-TRACE 12456 85685 P 33 b8f848312
SCHED-TRACE 12457 85686 K 33 b8f848312
SCHED-TRACE 12458 85686 P 33 b8fab22d1
SCHED-TRACE 12459 85762 I 33 b6fc01
SCHED-TRACE 12460 85762 B 33 7a
SCHED-TRACE 12461 85762 P 33 b95e3cac0
SCHED-TRACE 12462 85762 R 33 b95e3cac0
SCHED-TRACE 12463 85763 U 4 b6fd0e
SCHED-TRACE 12464 85763 V 4 b6fd9b
SCHED-TRACE 12465 85763 O 0 0
SCHED-TRACE 12466 85763 P 33 b960e6a7f
SCHED-TRACE 12467 85764 K 33 b960e6a7f
SCHED-TRACE 12468 85764 P 33 b96350e56
SCHED-TRACE 12469 85840 I 33 b72615
SCHED-TRACE 12470 85840 B 33 7a
SCHED-TRACE 12471 85840 P 33 b9c6db22d
SCHED-TRACE 12472 85840 R 33 b9c6db22d
SCHED-TRACE 12473 85841 U 4 b72723
SCHED-TRACE 12474 85841 V 4 b727af
SCHED-TRACE 12475 85841 O 0 0
SCHED-TRACE 12476 85841 P 33 b9c9851eb
SCHED-TRACE 12477 85842 K 33 b9c9851eb
SCHED-TRACE 12478 85842 P 33 b9cbef5c2
SCHED-TRACE 12479 85918 I 33 b7502a
SCHED-TRACE 12480 85918 B 33 7a
SCHED-TRACE 12481 85918 P 33 ba2f79999
SCHED-TRACE 12482 85918 R 33 ba2f79999
SCHED-TRACE 12483 85919 U 4 b75137
SCHED-TRACE 12484 85919 V 4 b751c4
SCHED-TRACE 12485 85919 O 0 0
SCHED-TRACE 12486 85919 P 33 ba3223d70
SCHED-TRACE 12487 85920 K 33 ba3223d70
SCHED-TRACE 12488 85920 P 33 ba348dd2f
SCHED-TRACE 12489 85996 I 33 b77a3f
SCHED-TRACE 12490 85996 B 33 7a
SCHED-TRACE 12491 85996 P 33 ba981851f
SCHED-TRACE 12492 85996 R 33 ba981851f
SCHED-TRACE 12493 85997 U 4 b77b4c
SCHED-TRACE 12494 85997 V 4 b77bd9
SCHED-TRACE 12495 85997 O 0 0
SCHED-TRACE 12496 85997 P 33 ba9ac24dd
SCHED-TRACE 12497 85998 K 33 ba9ac24dd
SCHED-TRACE 12498 85998 P 33 ba9d2c8b4
SCHED-TRACE 12499 86074 I 33 b7a453
SCHED-TRACE 12500 86074 B 33 7b
SCHED-TRACE 12501 86074 P 33 bb00b70a4
SCHED-TRACE 12502 86074 R 33 bb00b70a4
SCHED-TRACE 12503 86075 U 4 b7a561
SCHED-TRACE 12504 86075 V 4 b7a5ed
SCHED-TRACE 12505 86075 O 0 0
SCHED-TRACE 12506 86075 P 33 bb0361062
SCHED-TRACE 12507 86076 K 33 bb0361062
SCHED-TRACE 12508 86076 P 33 bb05cb021
SCHED-TRACE 12509 86152 I 33 b7ce68
SCHED-TRACE 12510 86152 B 33 7a
SCHED-TRACE 12511 86152 P 33 bb6955810
SCHED-TRACE 12512 86152 R 33 bb6955810
SCHED-TRACE 12513 86153 U 4 b7cf76
SCHED-TRACE 12514 86153 V 4 b7d002
SCHED-TRACE 12515 86153 O 0 0
SCHED-TRACE 12516 86153 P 33 bb6c00418
SCHED-TRACE 12517 86154 K 60 bb30045a1
SCHED-TRACE 12518 86154 P 33 bb6e6a3d7
SCHED-TRACE 12519 86155 P 33 bb7041062
SCHED-TRACE 12520 86229 I 60 b7f846
SCHED-TRACE 12521 86229 B 60 7b
SCHED-TRACE 12522 86229 P 60 befbb4fdf
SCHED-TRACE 12523 86229 R 60 befbb4fdf
SCHED-TRACE 12524 86230 U 4 b7f955
SCHED-TRACE 12525 86230 V 4 b7f9e1
SCHED-TRACE 12526 86230 O 0 0
SCHED-TRACE 12527 86230 P 60 bf167a1ca
SCHED-TRACE 12528 86231 K 63 bb37e0831
SCHED-TRACE 12529 86231 P 60 bf2ea0831
SCHED-TRACE 12530 86232 P 60 bf4101cac
SCHED-TRACE 12531 86306 I 63 b82222
SCHED-TRACE 12532 86306 B 63 7b
SCHED-TRACE 12533 86306 P 63 bf033cac0
SCHED-TRACE 12534 86306 R 63 bf033cac0
SCHED-TRACE 12535 86307 U 4 b82331
SCHED-TRACE 12536 86307 V 4 b823bd
SCHED-TRACE 12537 86307 O 0 0
SCHED-TRACE 12538 86307 P 63 bf1e01cac
SCHED-TRACE 12539 86308 K 51 bb3acc083
SCHED-TRACE 12540 86308 P 63 bf3628312
SCHED-TRACE 12541 86309 P 63 bf488978d
SCHED-TRACE 12542 86383 I 51 b84bff
SCHED-TRACE 12543 86383 B 51 7b
SCHED-TRACE 12544 86383 P 51 bf063f3b7
SCHED-TRACE 12545 86383 R 51 bf063f3b7
SCHED-TRACE 12546 86384 U 4 b84d0e
SCHED-TRACE 12547 86384 V 4 b84d9b
SCHED-TRACE 12548 86384 O 0 0
SCHED-TRACE 12549 86384 P 51 bf210e979
SCHED-TRACE 12550 86385 K 48 bb3b2d4fe
SCHED-TRACE 12551 86385 P 51 bf39326ea
SCHED-TRACE 12552 86386 P 51 bf4b93b65
SCHED-TRACE 12553 86460 I 48 b875dc
SCHED-TRACE 12554 86460 B 48 7a
SCHED-TRACE 12555 86460 P 48 bf06a0831
SCHED-TRACE 12556 86460 R 48 bf06a0831
SCHED-TRACE 12557 86461 U 4 b876eb
SCHED-TRACE 12558 86461 V 4 b87778
SCHED-TRACE 12559 86461 O 0 0
SCHED-TRACE 12560 86461 P 48 bf21726e9
SCHED-TRACE 12561 86462 K 78 bb3f5df3c
SCHED-TRACE 12562 86462 P 48 bf399645a
SCHED-TRACE 12563 86463 P 48 bf4bf4fdf
SCHED-TRACE 12564 86537 I 78 b89fb6
SCHED-TRACE 12565 86537 B 78 7a
SCHED-TRACE 12566 86537 P 78 bf0a726ea
SCHED-TRACE 12567 86537 R 78 bf0a726ea
SCHED-TRACE 12568 86538 U 4 b8a0c4
SCHED-TRACE 12569 86538 V 4 b8a150
SCHED-TRACE 12570 86538 O 0 0
SCHED-TRACE 12571 86538 P 78 bf2528313
SCHED-TRACE 12572 86539 K 66 bb409b645
SCHED-TRACE 12573 86539 P 78 bf3d4e979
SCHED-TRACE 12574 86540 P 78 bf4fad4fe
SCHED-TRACE 12575 86614 I 66 b8c98f
SCHED-TRACE 12576 86614 B 66 7a
SCHED-TRACE 12577 86614 P 66 bf0bbf3b6
SCHED-TRACE 12578 86614 R 66 bf0bbf3b6
SCHED-TRACE 12579 86615 U 4 b8ca9d
SCHED-TRACE 12580 86615 V 4 b8cb2a
SCHED-TRACE 12581 86615 O 0 0
SCHED-TRACE 12582 86615 P 66 bf267f3b6
SCHED-TRACE 12583 86616 K 57 bb420978d
SCHED-TRACE 12584 86616 P 66 bf3ea5a1c
SCHED-TRACE 12585 86617 P 66 bf5106e97
SCHED-TRACE 12586 86691 I 57 b8f368
SCHED-TRACE 12587 86691 B 57 7a
SCHED-TRACE 12588 86691 P 57 bf0d1b646
SCHED-TRACE 12589 86691 R 57 bf0d1b646
SCHED-TRACE 12590 86692 U 4 b8f477
SCHED-TRACE 12591 86692 V 4 b8f503
SCHED-TRACE 12592 86692 O 0 0
SCHED-TRACE 12593 86692 P 57 bf27e5a1d
SCHED-TRACE 12594 86693 K 54 bb424978d
SCHED-TRACE 12595 86693 P 57 bf400978d
SCHED-TRACE 12596 86694 P 57 bf526ac08
SCHED-TRACE 12597 86768 I 54 b91d41
SCHED-TRACE 12598 86768 B 54 7a
SCHED-TRACE 12599 86768 P 54 bf0d5645a
SCHED-TRACE 12600 86768 R 54 bf0d5645a
SCHED-TRACE 12601 86769 U 4 b91e50
SCHED-TRACE 12602 86769 V 4 b91edc
SCHED-TRACE 12603 86769 O 0 0
SCHED-TRACE 12604 86769 P 54 bf2825a1d
SCHED-TRACE 12605 86770 K 45 bb43c45a2
SCHED-TRACE 12606 86770 P 54 bf404c083
SCHED-TRACE 12607 86771 P 54 bf52ad4fe
SCHED-TRACE 12608 86845 I 45 b9471b
SCHED-TRACE 12609 86845 B 45 7a
SCHED-TRACE 12610 86845 P 45 bf0ee5a1d
SCHED-TRACE 12611 86845 R 45 bf0ee5a1d
SCHED-TRACE 12612 86846 U 4 b9482a
SCHED-TRACE 12613 86846 V 4 b948b6
SCHED-TRACE 12614 86846 O 0 0
SCHED-TRACE 12615 86846 P 45 bf29ba1cb
SCHED-TRACE 12616 86847 K 75 bb4a98d50
SCHED-TRACE 12617 86847 P 45 bf41ddf3b
SCHED-TRACE 12618 86848 P 45 bf543cac1
SCHED-TRACE 12619 86922 I 75 b970f5
SCHED-TRACE 12620 86922 B 75 7a
SCHED-TRACE 12621 86922 P 75 bf15b78d5
SCHED-TRACE 12622 86922 R 75 bf15b78d5
SCHED-TRACE 12623 86923 U 4 b97203
SCHED-TRACE 12624 86923 V 4 b9728f
SCHED-TRACE 12625 86923 O 0 0
SCHED-TRACE 12626 86923 P 75 bf306fdf4
SCHED-TRACE 12627 86924 K 72 bb4b2fdf4
SCHED-TRACE 12628 86924 P 75 bf489645a
SCHED-TRACE 12629 86925 P 75 bf5af4fdf
SCHED-TRACE 12630 86999 I 72 b99ace
SCHED-TRACE 12631 86999 B 72 7a
SCHED-TRACE 12632 86999 P 72 bf165126f
SCHED-TRACE 12633 86999 R 72 bf165126f
SCHED-TRACE 12634 87000 U 4 b99bdc
SCHED-TRACE 12635 87000 V 4 b99c68
SCHED-TRACE 12636 87000 O 0 0
SCHED-TRACE 12637 87000 P 72 bf310c083
SCHED-TRACE 12638 87001 K 69 bb4bc45a2
SCHED-TRACE 12639 87001 P 72 bf49326ea
SCHED-TRACE 12640 87002 P 72 bf5b9126f
SCHED-TRACE 12641 87076 I 69 b9c4a7
SCHED-TRACE 12642 87076 B 69 7a
SCHED-TRACE 12643 87076 P 69 bf16e3127
SCHED-TRACE 12644 87076 R 69 bf16e3127
SCHED-TRACE 12645 87077 U 4 b9c5b5
SCHED-TRACE 12646 87077 V 4 b9c642
SCHED-TRACE 12647 87077 O 0 0
SCHED-TRACE 12648 87077 P 69 bf31a0832
SCHED-TRACE 12649 87078 K 42 bb5a7f3b7
SCHED-TRACE 12650 87078 P 69 bf49c6e98
SCHED-TRACE 12651 87079 P 69 bf5c25a1d
SCHED-TRACE 12652 87153 I 42 b9ee80
SCHED-TRACE 12653 87153 B 42 7a
SCHED-TRACE 12654 87153 P 42 bf259b646
SCHED-TRACE 12655 87153 R 42 bf259b646
SCHED-TRACE 12656 87154 U 4 b9ef8f
SCHED-TRACE 12657 87154 V 4 b9f01c
SCHED-TRACE 12658 87154 O 0 0
SCHED-TRACE 12659 87154 P 42 bf406fdf4
SCHED-TRACE 12660 87155 K 81 bb60bf3b6
SCHED-TRACE 12661 87155 P 42 bf5893b65
SCHED-TRACE 12662 87156 P 42 bf6af26ea
SCHED-TRACE 12663 87230 I 81 ba185a
SCHED-TRACE 12664 87230 B 81 7a
SCHED-TRACE 12665 87230 P 81 bf2bddf3b
SCHED-TRACE 12666 87230 R 81 bf2bddf3b
SCHED-TRACE 12667 87231 U 4 ba1968
SCHED-TRACE 12668 87231 V 4 ba19f4
SCHED-TRACE 12669 87231 O 0 0
SCHED-TRACE 12670 87231 P 81 bf468c083
SCHED-TRACE 12671 87232 K 39 bb6cc1cac
SCHED-TRACE 12672 87232 P 81 bf5eafdf3
SCHED-TRACE 12673 87233 P 81 bf710c083
SCHED-TRACE 12674 87307 I 39 ba4232
SCHED-TRACE 12675 87307 B 39 7a
SCHED-TRACE 12676 87307 P 39 bf37e5a1d
SCHED-TRACE 12677 87307 R 39 bf37e5a1d
SCHED-TRACE 12678 87308 U 4 ba433f
SCHED-TRACE 12679 87308 V 4 ba43cc
SCHED-TRACE 12680 87308 O 0 0
SCHED-TRACE 12681 87308 P 39 bf529126e
SCHED-TRACE 12682 87309 K 33 bb7041062
SCHED-TRACE 12683 87309 P 39 bf6ab4fdf
SCHED-TRACE 12684 87310 P 39 bf7d1126e
SCHED-TRACE 12685 87384 I 33 ba6c0a
SCHED-TRACE 12686 87384 B 33 7a
SCHED-TRACE 12687 87384 P 33 bbd15d2f1
SCHED-TRACE 12688 87384 R 33 bbd15d2f1
SCHED-TRACE 12689 87385 U 4 ba6d17
SCHED-TRACE 12690 87385 V 4 ba6da4
SCHED-TRACE 12691 87385 O 0 0
SCHED-TRACE 12692 87385 P 33 bbd4076c9
SCHED-TRACE 12693 87386 K 36 bb977a1ca
SCHED-TRACE 12694 87386 P 33 bbd671aa0
SCHED-TRACE 12695 87387 P 33 bbd847ae1
SCHED-TRACE 12696 87462 I 36 ba9657
SCHED-TRACE 12697 87462 B 36 7a
SCHED-TRACE 12698 87462 P 36 bf6e2ac08
SCHED-TRACE 12699 87462 R 36 bf6e2ac08
SCHED-TRACE 12700 87463 U 4 ba9764
SCHED-TRACE 12701 87463 V 4 ba97f0
SCHED-TRACE 12702 87463 O 0 0
SCHED-TRACE 12703 87463 P 36 bf88d3b64
SCHED-TRACE 12704 87464 K 33 bbd847ae1
SCHED-TRACE 12705 87464 P 36 bfa0f78d5
SCHED-TRACE 12706 87465 P 36 bfb353b64
SCHED-TRACE 12707 87540 I 33 bac0a6
SCHED-TRACE 12708 87540 B 33 7a
SCHED-TRACE 12709 87540 P 33 bc3a91eb8
SCHED-TRACE 12710 87540 R 33 bc3a91eb8
SCHED-TRACE 12711 87541 U 4 bac1b3
SCHED-TRACE 12712 87541 V 4 bac240
SCHED-TRACE 12713 87541 O 0 0
SCHED-TRACE 12714 87541 P 33 bc3d3be77
SCHED-TRACE 12715 87542 K 33 bc3d3be77
SCHED-TRACE 12716 87542 P 33 bc3fa624e
SCHED-TRACE 12717 87618 I 33 baeaba
SCHED-TRACE 12718 87618 B 33 7a
SCHED-TRACE 12719 87618 P 33 bca330a3d
SCHED-TRACE 12720 87618 R 33 bca330a3d
SCHED-TRACE 12721 87619 U 4 baebc8
SCHED-TRACE 12722 87619 V 4 baec54
SCHED-TRACE 12723 87619 O 0 0
SCHED-TRACE 12724 87619 P 33 bca5da9fc
SCHED-TRACE 12725 87620 K 33 bca5da9fc
SCHED-TRACE 12726 87620 P 33 bca844dd3
SCHED-TRACE 12727 87696 I 33 bb14cf
SCHED-TRACE 12728 87696 B 33 7a
SCHED-TRACE 12729 87696 P 33 bd0bcf1aa
SCHED-TRACE 12730 87696 R 33 bd0bcf1aa
SCHED-TRACE 12731 87697 U 4 bb15dc
SCHED-TRACE 12732 87697 V 4 bb1669
SCHED-TRACE 12733 87697 O 0 0
SCHED-TRACE 12734 87697 P 33 bd0e79168
SCHED-TRACE 12735 87698 K 33 bd0e79168
SCHED-TRACE 12736 87698 P 33 bd10e3127
SCHED-TRACE 12737 87774 I 33 bb3ee4
SCHED-TRACE 12738 87774 B 33 7a
SCHED-TRACE 12739 87774 P 33 bd746d916
SCHED-TRACE 12740 87774 R 33 bd746d916
SCHED-TRACE 12741 87775 U 4 bb3ff1
SCHED-TRACE 12742 87775 V 4 bb407e
SCHED-TRACE 12743 87775 O 0 0
SCHED-TRACE 12744 87775 P 33 bd77178d5
SCHED-TRACE 12745 87776 K 33 bd77178d5
SCHED-TRACE 12746 87776 P 33 bd7981cac
SCHED-TRACE 12747 87852 I 33 bb68f8
SCHED-TRACE 12748 87852 B 33 7a
SCHED-TRACE 12749 87852 P 33 bddd0c083
SCHED-TRACE 12750 87852 R 33 bddd0c083
SCHED-TRACE 12751 87853 U 4 bb6a06
SCHED-TRACE 12752 87853 V 4 bb6a92
SCHED-TRACE 12753 87853 O 0 0
SCHED-TRACE 12754 87853 P 33 bddfb6041
SCHED-TRACE 12755 87854 K 33 bddfb6041
SCHED-TRACE 12756 87854 P 33 bde220418
SCHED-TRACE 12757 87930 I 33 bb930d
SCHED-TRACE 12758 87930 B 33 7a
SCHED-TRACE 12759 87930 P 33 be45aa7ef
SCHED-TRACE 12760 87930 R 33 be45aa7ef
SCHED-TRACE 12761 87931 U 4 bb941a
SCHED-TRACE 12762 87931 V 4 bb94a7
SCHED-TRACE 12763 87931 O 0 0
SCHED-TRACE 12764 87931 P 33 be4854bc6
SCHED-TRACE 12765 87932 K 33 be4854bc6
SCHED-TRACE 12766 87932 P 33 be4abeb85
SCHED-TRACE 12767 88008 I 33 bbbd22
SCHED-TRACE 12768 88008 B 33 7a
SCHED-TRACE 12769 88008 P 33 beae49375
SCHED-TRACE 12770 88008 R 33 beae49375
SCHED-TRACE 12771 88009 U 4 bbbe2f
SCHED-TRACE 12772 88009 V 4 bbbebc
SCHED-TRACE 12773 88009 O 0 0
SCHED-TRACE 12774 88009 P 33 beb0f3333
SCHED-TRACE 12775 88010 K 33 beb0f3333
SCHED-TRACE 12776 88010 P 33 beb35d70a
SCHED-TRACE 12777 88086 I 33 bbe736
SCHED-TRACE 12778 88086 B 33 7b
SCHED-TRACE 12779 88086 P 33 bf16e7efa
SCHED-TRACE 12780 88086 R 33 bf16e7efa
SCHED-TRACE 12781 88087 U 4 bbe844
SCHED-TRACE 12782 88087 V 4 bbe8d0
SCHED-TRACE 12783 88087 O 0 0
SCHED-TRACE 12784 88087 P 33 bf1991eb8
SCHED-TRACE 12785 88088 K 33 bf1991eb8
SCHED-TRACE 12786 88088 P 33 bf1bfbe77
SCHED-TRACE 12787 88164 I 33 bc114b
SCHED-TRACE 12788 88164 B 33 7a
SCHED-TRACE 12789 88164 P 33 bf7f86666
SCHED-TRACE 12790 88164 R 33 bf7f86666
SCHED-TRACE 12791 88165 U 4 bc1259
SCHED-TRACE 12792 88165 V 4 bc12e5
SCHED-TRACE 12793 88165 O 0 0
SCHED-TRACE 12794 88165 P 33 bf823126e
SCHED-TRACE 12795 88166 K 60 bf4101cac
SCHED-TRACE 12796 88166 P 33 bf849b22d
SCHED-TRACE 12797 88167 P 33 bf8671eb8
SCHED-TRACE 12798 88241 I 60 bc3b29
SCHED-TRACE 12799 88241 B 60 7a
SCHED-TRACE 12800 88241 P 60 c30cafdf3
SCHED-TRACE 12801 88241 R 60 c30cafdf3
SCHED-TRACE 12802 88242 U 4 bc3c38
SCHED-TRACE 12803 88242 V 4 bc3cc5
SCHED-TRACE 12804 88242 O 0 0
SCHED-TRACE 12805 88242 P 60 c327778d5
SCHED-TRACE 12806 88243 K 63 bf488978d
SCHED-TRACE 12807 88243 P 60 c33f9df3b
SCHED-TRACE 12808 88244 P 60 c351fcac0
SCHED-TRACE 12809 88318 I 63 bc6506
SCHED-TRACE 12810 88318 B 63 7b
SCHED-TRACE 12811 88318 P 63 c313ff3b6
SCHED-TRACE 12812 88318 R 63 c313ff3b6
SCHED-TRACE 12813 88319 U 4 bc6615
SCHED-TRACE 12814 88319 V 4 bc66a1
SCHED-TRACE 12815 88319 O 0 0
SCHED-TRACE 12816 88319 P 63 c32ec1cac
SCHED-TRACE 12817 88320 K 51 bf4b93b65
SCHED-TRACE 12818 88320 P 63 c346e8312
SCHED-TRACE 12819 88321 P 63 c35946e97
SCHED-TRACE 12820 88395 I 51 bc8ee3
SCHED-TRACE 12821 88395 B 51 7b
SCHED-TRACE 12822 88395 P 51 c3170978e
SCHED-TRACE 12823 88395 R 51 c3170978e
SCHED-TRACE 12824 88396 U 4 bc8ff2
SCHED-TRACE 12825 88396 V 4 bc907f
SCHED-TRACE 12826 88396 O 0 0
SCHED-TRACE 12827 88396 P 51 c331d8d50
SCHED-TRACE 12828 88397 K 48 bf4bf4fdf
SCHED-TRACE 12829 88397 P 51 c349fcac1
SCHED-TRACE 12830 88398 P 51 c35c5df3c
SCHED-TRACE 12831 88472 I 48 bcb8c0
SCHED-TRACE 12832 88472 B 48 7a
SCHED-TRACE 12833 88472 P 48 c31768312
SCHED-TRACE 12834 88472 R 48 c31768312
SCHED-TRACE 12835 88473 U 4 bcb9cf
SCHED-TRACE 12836 88473 V 4 bcba5c
SCHED-TRACE 12837 88473 O 0 0
SCHED-TRACE 12838 88473 P 48 c3323a1cb
SCHED-TRACE 12839 88474 K 78 bf4fad4fe
SCHED-TRACE 12840 88474 P 48 c34a60831
SCHED-TRACE 12841 88475 P 48 c35cbf3b6
SCHED-TRACE 12842 88549 I 78 bce29a
SCHED-TRACE 12843 88549 B 78 7a
SCHED-TRACE 12844 88549 P 78 c31ac1cac
SCHED-TRACE 12845 88549 R 78 c31ac1cac
SCHED-TRACE 12846 88550 U 4 bce3a8
SCHED-TRACE 12847 88550 V 4 bce434
SCHED-TRACE 12848 88550 O 0 0
SCHED-TRACE 12849 88550 P 78 c335778d5
SCHED-TRACE 12850 88551 K 66 bf5106e97
SCHED-TRACE 12851 88551 P 78 c34d9df3c
SCHED-TRACE 12852 88552 P 78 c35ffcac1
SCHED-TRACE 12853 88626 I 66 bd0c73
SCHED-TRACE 12854 88626 B 66 7b
SCHED-TRACE 12855 88626 P 66 c31c2ac08
SCHED-TRACE 12856 88626 R 66 c31c2ac08
SCHED-TRACE 12857 88627 U 4 bd0d81
SCHED-TRACE 12858 88627 V 4 bd0e0e
SCHED-TRACE 12859 88627 O 0 0
SCHED-TRACE 12860 88627 P 66 c336eac08
SCHED-TRACE 12861 88628 K 57 bf526ac08
SCHED-TRACE 12862 88628 P 66 c34f1126e
SCHED-TRACE 12863 88629 P 66 c3616fdf3
SCHED-TRACE 12864 88703 I 57 bd364c
SCHED-TRACE 12865 88703 B 57 7b
SCHED-TRACE 12866 88703 P 57 c31d81cac
SCHED-TRACE 12867 88703 R 57 c31d81cac
SCHED-TRACE 12868 88704 U 4 bd375b
SCHED-TRACE 12869 88704 V 4 bd37e7
SCHED-TRACE 12870 88704 O 0 0
SCHED-TRACE 12871 88704 P 57 c3384c083
SCHED-TRACE 12872 88705 K 54 bf52ad4fe
SCHED-TRACE 12873 88705 P 57 c3506fdf4
SCHED-TRACE 12874 88706 P 57 c362d126f
SCHED-TRACE 12875 88780 I 54 bd6027
SCHED-TRACE 12876 88780 B 54 7a
SCHED-TRACE 12877 88780 P 54 c31df4fdf
SCHED-TRACE 12878 88780 R 54 c31df4fdf
SCHED-TRACE 12879 88781 U 4 bd6136
SCHED-TRACE 12880 88781 V 4 bd61c3
SCHED-TRACE 12881 88781 O 0 0
SCHED-TRACE 12882 88781 P 54 c338c1cac
SCHED-TRACE 12883 88782 K 45 bf543cac1
SCHED-TRACE 12884 88782 P 54 c350e8312
SCHED-TRACE 12885 88783 P 54 c36346e98
SCHED-TRACE 12886 88857 I 45 bd8a04
SCHED-TRACE 12887 88857 B 45 7a
SCHED-TRACE 12888 88857 P 45 c31fafdf4
SCHED-TRACE 12889 88857 R 45 c31fafdf4
SCHED-TRACE 12890 88858 U 4 bd8b13
SCHED-TRACE 12891 88858 V 4 bd8ba0
SCHED-TRACE 12892 88858 O 0 0
SCHED-TRACE 12893 88858 P 45 c33a81cac
SCHED-TRACE 12894 88859 K 75 bf5af4fdf
SCHED-TRACE 12895 88859 P 45 c352a8312
SCHED-TRACE 12896 88860 P 45 c36506e98
SCHED-TRACE 12897 88934 I 75 bdb3de
SCHED-TRACE 12898 88934 B 75 7a
SCHED-TRACE 12899 88934 P 75 c32606e98
SCHED-TRACE 12900 88934 R 75 c32606e98
SCHED-TRACE 12901 88935 U 4 bdb4ec
SCHED-TRACE 12902 88935 V 4 bdb578
SCHED-TRACE 12903 88935 O 0 0
SCHED-TRACE 12904 88935 P 75 c340bf3b6
SCHED-TRACE 12905 88936 K 72 bf5b9126f
SCHED-TRACE 12906 88936 P 75 c358e5a1d
SCHED-TRACE 12907 88937 P 75 c36b445a2
SCHED-TRACE 12908 89011 I 72 bdddb7
SCHED-TRACE 12909 89011 B 72 7b
SCHED-TRACE 12910 89011 P 72 c326b4fdf
SCHED-TRACE 12911 89011 R 72 c326b4fdf
SCHED-TRACE 12912 89012 U 4 bddec5
SCHED-TRACE 12913 89012 V 4 bddf52
SCHED-TRACE 12914 89012 O 0 0
SCHED-TRACE 12915 89012 P 72 c3416fdf4
SCHED-TRACE 12916 89013 K 69 bf5c25a1d
SCHED-TRACE 12917 89013 P 72 c3599645a
SCHED-TRACE 12918 89014 P 72 c36bf4fdf
SCHED-TRACE 12919 89088 I 69 be0790
SCHED-TRACE 12920 89088 B 69 7b
SCHED-TRACE 12921 89088 P 69 c327445a2
SCHED-TRACE 12922 89088 R 69 c327445a2
SCHED-TRACE 12923 89089 U 4 be089e
SCHED-TRACE 12924 89089 V 4 be092b
SCHED-TRACE 12925 89089 O 0 0
SCHED-TRACE 12926 89089 P 69 c341ff3b7
SCHED-TRACE 12927 89090 K 42 bf6af26ea
SCHED-TRACE 12928 89090 P 69 c35a25a1d
SCHED-TRACE 12929 89091 P 69 c36c845a2
SCHED-TRACE 12930 89165 I 42 be3169
SCHED-TRACE 12931 89165 B 42 7a
SCHED-TRACE 12932 89165 P 42 c3360c083
SCHED-TRACE 12933 89165 R 42 c3360c083
SCHED-TRACE 12934 89166 U 4 be3278
SCHED-TRACE 12935 89166 V 4 be3305
SCHED-TRACE 12936 89166 O 0 0
SCHED-TRACE 12937 89166 P 42 c350e0832
SCHED-TRACE 12938 89167 K 81 bf710c083
SCHED-TRACE 12939 89167 P 42 c369045a2
SCHED-TRACE 12940 89168 P 42 c37b63127
SCHED-TRACE 12941 89242 I 81 be5b43
SCHED-TRACE 12942 89242 B 81 7a
SCHED-TRACE 12943 89242 P 81 c33c2ac08
SCHED-TRACE 12944 89242 R 81 c33c2ac08
SCHED-TRACE 12945 89243 U 4 be5c51
SCHED-TRACE 12946 89243 V 4 be5cdd
SCHED-TRACE 12947 89243 O 0 0
SCHED-TRACE 12948 89243 P 81 c356d8d4f
SCHED-TRACE 12949 89244 K 39 bf7d1126e
SCHED-TRACE 12950 89244 P 81 c36efcac0
SCHED-TRACE 12951 89245 P 81 c38158d4f
SCHED-TRACE 12952 89319 I 39 be851b
SCHED-TRACE 12953 89319 B 39 7a
SCHED-TRACE 12954 89319 P 39 c3480e979
SCHED-TRACE 12955 89319 R 39 c3480e979
SCHED-TRACE 12956 89320 U 4 be8628
SCHED-TRACE 12957 89320 V 4 be86b5
SCHED-TRACE 12958 89320 O 0 0
SCHED-TRACE 12959 89320 P 39 c362b78d5
SCHED-TRACE 12960 89321 K 33 bf8671eb8
SCHED-TRACE 12961 89321 P 39 c37adb646
SCHED-TRACE 12962 89322 P 39 c38d378d5
SCHED-TRACE 12963 89396 I 33 beaef3
SCHED-TRACE 12964 89396 B 33 7a
SCHED-TRACE 12965 89396 P 33 bfe78e148
SCHED-TRACE 12966 89396 R 33 bfe78e148
SCHED-TRACE 12967 89397 U 4 beb000
SCHED-TRACE 12968 89397 V 4 beb08d
SCHED-TRACE 12969 89397 O 0 0
SCHED-TRACE 12970 89397 P 33 bfea3851f
SCHED-TRACE 12971 89398 K 36 bfb353b64
SCHED-TRACE 12972 89398 P 33 bfeca28f6
SCHED-TRACE 12973 89399 P 33 bfee78937
SCHED-TRACE 12974 89473 I 36 bed8cb
SCHED-TRACE 12975 89473 B 36 7b
SCHED-TRACE 12976 89473 P 36 c37e5b645
SCHED-TRACE 12977 89473 R 36 c37e5b645
SCHED-TRACE 12978 89474 U 4 bed9d8
SCHED-TRACE 12979 89474 V 4 beda65
SCHED-TRACE 12980 89474 O 0 0
SCHED-TRACE 12981 89474 P 36 c39901cac
SCHED-TRACE 12982 89475 K 33 bfee78937
SCHED-TRACE 12983 89475 P 36 c3b128312
SCHED-TRACE 12984 89476 P 36 c3c381cac
SCHED-TRACE 12985 89551 I 33 bf031a
SCHED-TRACE 12986 89551 B 33 7b
SCHED-TRACE 12987 89551 P 33 c050c3127
SCHED-TRACE 12988 89551 R 33 c050c3127
SCHED-TRACE 12989 89552 U 4 bf0427
SCHED-TRACE 12990 89552 V 4 bf04b4
SCHED-TRACE 12991 89552 O 0 0
SCHED-TRACE 12992 89552 P 33 c0536d0e5
SCHED-TRACE 12993 89553 K 33 c0536d0e5
SCHED-TRACE 12994 89553 P 33 c055d70a4
SCHED-TRACE 12995 89629 I 33 bf2d2f
SCHED-TRACE 12996 89629 B 33 7a
SCHED-TRACE 12997 89629 P 33 c0b961893
SCHED-TRACE 12998 89629 R 33 c0b961893
SCHED-TRACE 12999 89630 U 4 bf2e3c
SCHED-TRACE 13000 89630 V 4 bf2ec9
SCHED-TRACE 13001 89630 O 0 0
SCHED-TRACE 13002 89630 P 33 c0bc0b852
SCHED-TRACE 13003 89631 K 33 c0bc0b852
SCHED-TRACE 13004 89631 P 33 c0be75c29
SCHED-TRACE 13005 89707 I 33 bf5744
SCHED-TRACE 13006 89707 B 33 7a
SCHED-TRACE 13007 89707 P 33 c12200418
SCHED-TRACE 13008 89707 R 33 c12200418
SCHED-TRACE 13009 89708 U 4 bf5851
SCHED-TRACE 13010 89708 V 4 bf58dd
SCHED-TRACE 13011 89708 O 0 0
SCHED-TRACE 13012 89708 P 33 c124aa3d7
SCHED-TRACE 13013 89709 K 33 c124aa3d7
SCHED-TRACE 13014 89709 P 33 c127147ae
SCHED-TRACE 13015 89785 I 33 bf8158
SCHED-TRACE 13016 89785 B 33 7b
SCHED-TRACE 13017 89785 P 33 c18a9ef9e
SCHED-TRACE 13018 89785 R 33 c18a9ef9e
SCHED-TRACE 13019 89786 U 4 bf8265
SCHED-TRACE 13020 89786 V 4 bf82f2
SCHED-TRACE 13021 89786 O 0 0
SCHED-TRACE 13022 89786 P 33 c18d48b43
SCHED-TRACE 13023 89787 K 33 c18d48b43
SCHED-TRACE 13024 89787 P 33 c18fb2b02
SCHED-TRACE 13025 89863 I 33 bfab6d
SCHED-TRACE 13026 89863 B 33 7a
SCHED-TRACE 13027 89863 P 33 c1f33d2f1
SCHED-TRACE 13028 89863 R 33 c1f33d2f1
SCHED-TRACE 13029 89864 U 4 bfac7a
SCHED-TRACE 13030 89864 V 4 bfad07
SCHED-TRACE 13031 89864 O 0 0
SCHED-TRACE 13032 89864 P 33 c1f5e72b0
SCHED-TRACE 13033 89865 K 33 c1f5e72b0
SCHED-TRACE 13034 89865 P 33 c1f851687
SCHED-TRACE 13035 89941 I 33 bfd582
SCHED-TRACE 13036 89941 B 33 7a
SCHED-TRACE 13037 89941 P 33 c25bdbe77
SCHED-TRACE 13038 89941 R 33 c25bdbe77
SCHED-TRACE 13039 89942 U 4 bfd68f
SCHED-TRACE 13040 89942 V 4 bfd71b
SCHED-TRACE 13041 89942 O 0 0
SCHED-TRACE 13042 89942 P 33 c25e85e35
SCHED-TRACE 13043 89943 K 33 c25e85e35
SCHED-TRACE 13044 89943 P 33 c260f020c
SCHED-TRACE 13045 90019 I 33 bfff96
SCHED-TRACE 13046 90019 B 33 7a
SCHED-TRACE 13047 90019 P 33 c2c47a5e3
SCHED-TRACE 13048 90019 R 33 c2c47a5e3
SCHED-TRACE 13049 90020 U 4 c000a3
SCHED-TRACE 13050 90020 V 4 c00130
SCHED-TRACE 13051 90020 O 0 0
SCHED-TRACE 13052 90020 P 33 c2c7249ba
SCHED-TRACE 13053 90021 K 33 c2c7249ba
SCHED-TRACE 13054 90021 P 33 c2c98e979
SCHED-TRACE 13055 90097 I 33 c029ab
SCHED-TRACE 13056 90097 B 33 7a
SCHED-TRACE 13057 90097 P 33 c32d19168
SCHED-TRACE 13058 90097 R 33 c32d19168
SCHED-TRACE 13059 90098 U 4 c02ab8
SCHED-TRACE 13060 90098 V 4 c02b45
SCHED-TRACE 13061 90098 O 0 0
SCHED-TRACE 13062 90098 P 33 c32fc3127
SCHED-TRACE 13063 90099 K 33 c32fc3127
SCHED-TRACE 13064 90099 P 33 c3322d4fe
SCHED-TRACE 13065 90175 I 33 c053c0
SCHED-TRACE 13066 90175 B 33 7b
SCHED-TRACE 13067 90175 P 33 c395b7ced
SCHED-TRACE 13068 90175 R 33 c395b7ced
SCHED-TRACE 13069 90176 U 4 c054cd
SCHED-TRACE 13070 90176 V 4 c0555a
SCHED-TRACE 13071 90176 O 0 0
SCHED-TRACE 13072 90176 P 33 c398628f6
SCHED-TRACE 13073 90177 K 60 c351fcac0
SCHED-TRACE 13074 90177 P 33 c39accccd
SCHED-TRACE 13075 90178 P 33 c39ca353f
SCHED-TRACE 13076 90252 I 60 c07d9e
SCHED-TRACE 13077 90252 B 60 7a
SCHED-TRACE 13078 90252 P 60 c71dad4fe
SCHED-TRACE 13079 90252 R 60 c71dad4fe
SCHED-TRACE 13080 90253 U 4 c07eac
SCHED-TRACE 13081 90253 V 4 c07f39
SCHED-TRACE 13082 90253 O 0 0
SCHED-TRACE 13083 90253 P 60 c73874fdf
SCHED-TRACE 13084 90254 K 63 c35946e97
SCHED-TRACE 13085 90254 P 60 c75098d4f
SCHED-TRACE 13086 90255 P 60 c762fa1ca
SCHED-TRACE 13087 90329 I 63 c0a77b
SCHED-TRACE 13088 90329 B 63 7a
SCHED-TRACE 13089 90329 P 63 c724ba1cb
SCHED-TRACE 13090 90329 R 63 c724ba1cb
SCHED-TRACE 13091 90330 U 4 c0a889
SCHED-TRACE 13092 90330 V 4 c0a916
SCHED-TRACE 13093 90330 O 0 0
SCHED-TRACE 13094 90330 P 63 c73f7f3b6
SCHED-TRACE 13095 90331 K 51 c35c5df3c
SCHED-TRACE 13096 90331 P 63 c757a3127
SCHED-TRACE 13097 90332 P 63 c76a045a2
SCHED-TRACE 13098 90406 I 51 c0d158
SCHED-TRACE 13099 90406 B 51 7a
SCHED-TRACE 13100 90406 P 51 c727d126f
SCHED-TRACE 13101 90406 R 51 c727d126f
SCHED-TRACE 13102 90407 U 4 c0d267
SCHED-TRACE 13103 90407 V 4 c0d2f3
SCHED-TRACE 13104 90407 O 0 0
SCHED-TRACE 13105 90407 P 51 c742a0831
SCHED-TRACE 13106 90408 K 48 c35cbf3b6
SCHED-TRACE 13107 90408 P 51 c75ac6e98
SCHED-TRACE 13108 90409 P 51 c76d25a1d
SCHED-TRACE 13109 90483 I 48 c0fb35
SCHED-TRACE 13110 90483 B 48 7a
SCHED-TRACE 13111 90483 P 48 c728326e9
SCHED-TRACE 13112 90483 R 48 c728326e9
SCHED-TRACE 13113 90484 U 4 c0fc44
SCHED-TRACE 13114 90484 V 4 c0fcd0
SCHED-TRACE 13115 90484 O 0 0
SCHED-TRACE 13116 90484 P 48 c743045a2
SCHED-TRACE 13117 90485 K 78 c35ffcac1
SCHED-TRACE 13118 90485 P 48 c75b28312
SCHED-TRACE 13119 90486 P 48 c76d8978d
SCHED-TRACE 13120 90560 I 78 c1250f
SCHED-TRACE 13121 90560 B 78 7a
SCHED-TRACE 13122 90560 P 78 c72b20831
SCHED-TRACE 13123 90560 R 78 c72b20831
SCHED-TRACE 13124 90561 U 4 c1261d
SCHED-TRACE 13125 90561 V 4 c126a9
SCHED-TRACE 13126 90561 O 0 0
SCHED-TRACE 13127 90561 P 78 c745d645a
SCHED-TRACE 13128 90562 K 66 c3616fdf3
SCHED-TRACE 13129 90562 P 78 c75dfcac1
SCHED-TRACE 13130 90563 P 78 c7705b646
SCHED-TRACE 13131 90637 I 66 c14ee8
SCHED-TRACE 13132 90637 B 66 7b
SCHED-TRACE 13133 90637 P 66 c72c93b64
SCHED-TRACE 13134 90637 R 66 c72c93b64
SCHED-TRACE 13135 90638 U 4 c14ff6
SCHED-TRACE 13136 90638 V 4 c15083
SCHED-TRACE 13137 90638 O 0 0
SCHED-TRACE 13138 90638 P 66 c74753b64
SCHED-TRACE 13139 90639 K 57 c362d126f
SCHED-TRACE 13140 90639 P 66 c75f7a1ca
SCHED-TRACE 13141 90640 P 66 c771d8d4f
SCHED-TRACE 13142 90714 I 57 c178c4
SCHED-TRACE 13143 90714 B 57 7a
SCHED-TRACE 13144 90714 P 57 c72e34fdf
SCHED-TRACE 13145 90714 R 57 c72e34fdf
SCHED-TRACE 13146 90715 U 4 c179d3
SCHED-TRACE 13147 90715 V 4 c17a5f
SCHED-TRACE 13148 90715 O 0 0
SCHED-TRACE 13149 90715 P 57 c748ff3b6
SCHED-TRACE 13150 90716 K 54 c36346e98
SCHED-TRACE 13151 90716 P 57 c76125a1d
SCHED-TRACE 13152 90717 P 57 c77386e98
SCHED-TRACE 13153 90791 I 54 c1a2a1
SCHED-TRACE 13154 90791 B 54 7b
SCHED-TRACE 13155 90791 P 54 c72eba1cb
SCHED-TRACE 13156 90791 R 54 c72eba1cb
SCHED-TRACE 13157 90792 U 4 c1a3b0
SCHED-TRACE 13158 90792 V 4 c1a43c
SCHED-TRACE 13159 90792 O 0 0
SCHED-TRACE 13160 90792 P 54 c74986e98
SCHED-TRACE 13161 90793 K 45 c36506e98
SCHED-TRACE 13162 90793 P 54 c761aac08
SCHED-TRACE 13163 90794 P 54 c7740c083
SCHED-TRACE 13164 90868 I 45 c1cc7e
SCHED-TRACE 13165 90868 B 45 7a
SCHED-TRACE 13166 90868 P 45 c7307a1cb
SCHED-TRACE 13167 90868 R 45 c7307a1cb
SCHED-TRACE 13168 90869 U 4 c1cd8d
SCHED-TRACE 13169 90869 V 4 c1ce1a
SCHED-TRACE 13170 90869 O 0 0
SCHED-TRACE 13171 90869 P 45 c74b4e979
SCHED-TRACE 13172 90870 K 75 c36b445a2
SCHED-TRACE 13173 90870 P 45 c763726ea
SCHED-TRACE 13174 90871 P 45 c775d126f
SCHED-TRACE 13175 90945 I 75 c1f658
SCHED-TRACE 13176 90945 B 75 7a
SCHED-TRACE 13177 90945 P 75 c73668313
SCHED-TRACE 13178 90945 R 75 c73668313
SCHED-TRACE 13179 90946 U 4 c1f766
SCHED-TRACE 13180 90946 V 4 c1f7f3
SCHED-TRACE 13181 90946 O 0 0
SCHED-TRACE 13182 90946 P 75 c7511df3c
SCHED-TRACE 13183 90947 K 72 c36bf4fdf
SCHED-TRACE 13184 90947 P 75 c769445a2
SCHED-TRACE 13185 90948 P 75 c77ba3127
SCHED-TRACE 13186 91022 I 72 c22031
SCHED-TRACE 13187 91022 B 72 7b
SCHED-TRACE 13188 91022 P 72 c7370c083
SCHED-TRACE 13189 91022 R 72 c7370c083
SCHED-TRACE 13190 91023 U 4 c2213f
SCHED-TRACE 13191 91023 V 4 c221cc
SCHED-TRACE 13192 91023 O 0 0
SCHED-TRACE 13193 91023 P 72 c751c45a2
SCHED-TRACE 13194 91024 K 69 c36c845a2
SCHED-TRACE 13195 91024 P 72 c769eac08
SCHED-TRACE 13196 91025 P 72 c77c4978e
SCHED-TRACE 13197 91099 I 69 c24a0a
SCHED-TRACE 13198 91099 B 69 7b
SCHED-TRACE 13199 91099 P 69 c737a3127
SCHED-TRACE 13200 91099 R 69 c737a3127
SCHED-TRACE 13201 91100 U 4 c24b18
SCHED-TRACE 13202 91100 V 4 c24ba5
SCHED-TRACE 13203 91100 O 0 0
SCHED-TRACE 13204 91100 P 69 c75260832
SCHED-TRACE 13205 91101 K 42 c37b63127
SCHED-TRACE 13206 91101 P 69 c76a86e98
SCHED-TRACE 13207 91102 P 69 c77ce5a1d
SCHED-TRACE 13208 91176 I 42 c273e3
SCHED-TRACE 13209 91176 B 42 7b
SCHED-TRACE 13210 91176 P 42 c7467f3b7
SCHED-TRACE 13211 91176 R 42 c7467f3b7
SCHED-TRACE 13212 91177 U 4 c274f2
SCHED-TRACE 13213 91177 V 4 c2757f
SCHED-TRACE 13214 91177 O 0 0
SCHED-TRACE 13215 91177 P 42 c76153b65
SCHED-TRACE 13216 91178 K 81 c38158d4f
SCHED-TRACE 13217 91178 P 42 c779778d5
SCHED-TRACE 13218 91179 P 42 c78bd645a
SCHED-TRACE 13219 91253 I 81 c29dbd
SCHED-TRACE 13220 91253 B 81 7a
SCHED-TRACE 13221 91253 P 81 c74c74fdf
SCHED-TRACE 13222 91253 R 81 c74c74fdf
SCHED-TRACE 13223 91254 U 4 c29ecb
SCHED-TRACE 13224 91254 V 4 c29f57
SCHED-TRACE 13225 91254 O 0 0
SCHED-TRACE 13226 91254 P 81 c76723127
SCHED-TRACE 13227 91255 K 39 c38d378d5
SCHED-TRACE 13228 91255 P 81 c77f4978d
SCHED-TRACE 13229 91256 P 81 c791a5a1c
SCHED-TRACE 13230 91331 I 39 c2c80c
SCHED-TRACE 13231 91331 B 39 7a
SCHED-TRACE 13232 91331 P 39 c7641645a
SCHED-TRACE 13233 91331 R 39 c7641645a
SCHED-TRACE 13234 91332 U 4 c2c919
SCHED-TRACE 13235 91332 V 4 c2c9a6
SCHED-TRACE 13236 91332 O 0 0
SCHED-TRACE 13237 91332 P 39 c77ebf3b6
SCHED-TRACE 13238 91333 K 33 c39ca353f
SCHED-TRACE 13239 91333 P 39 c796e5a1d
SCHED-TRACE 13240 91334 P 39 c7a941cac
SCHED-TRACE 13241 91408 I 33 c2f1e4
SCHED-TRACE 13242 91408 B 33 7a
SCHED-TRACE 13243 91408 P 33 c3fdc0418
SCHED-TRACE 13244 91408 R 33 c3fdc0418
SCHED-TRACE 13245 91409 U 4 c2f2f1
SCHED-TRACE 13246 91409 V 4 c2f37e
SCHED-TRACE 13247 91409 O 0 0
SCHED-TRACE 13248 91409 P 33 c4006a7ef
SCHED-TRACE 13249 91410 K 36 c3c381cac
SCHED-TRACE 13250 91410 P 33 c402d4bc6
SCHED-TRACE 13251 91411 P 33 c404aac08
SCHED-TRACE 13252 91485 I 36 c31bbc
SCHED-TRACE 13253 91485 B 36 7a
SCHED-TRACE 13254 91485 P 36 c78ead4fe
SCHED-TRACE 13255 91485 R 36 c78ead4fe
SCHED-TRACE 13256 91486 U 4 c31cc9
SCHED-TRACE 13257 91486 V 4 c31d56
SCHED-TRACE 13258 91486 O 0 0
SCHED-TRACE 13259 91486 P 36 c7a95645a
SCHED-TRACE 13260 91487 K 33 c404aac08
SCHED-TRACE 13261 91487 P 36 c7c17cac0
SCHED-TRACE 13262 91488 P 36 c7d3d645a
SCHED-TRACE 13263 91563 I 33 c3460b
SCHED-TRACE 13264 91563 B 33 7a
SCHED-TRACE 13265 91563 P 33 c466f4395
SCHED-TRACE 13266 91563 R 33 c466f4395
SCHED-TRACE 13267 91564 U 4 c34718
SCHED-TRACE 13268 91564 V 4 c347a5
SCHED-TRACE 13269 91564 O 0 0
SCHED-TRACE 13270 91564 P 33 c4699e76c
SCHED-TRACE 13271 91565 K 33 c4699e76c
SCHED-TRACE 13272 91565 P 33 c46c0872b
SCHED-TRACE 13273 91641 I 33 c37020
SCHED-TRACE 13274 91641 B 33 7a
SCHED-TRACE 13275 91641 P 33 c4cf92f1a
SCHED-TRACE 13276 91641 R 33 c4cf92f1a
SCHED-TRACE 13277 91642 U 4 c3712d
SCHED-TRACE 13278 91642 V 4 c371b9
SCHED-TRACE 13279 91642 O 0 0
SCHED-TRACE 13280 91642 P 33 c4d23ced9
SCHED-TRACE 13281 91643 K 33 c4d23ced9
SCHED-TRACE 13282 91643 P 33 c4d4a72b0
SCHED-TRACE 13283 91719 I 33 c39a34
SCHED-TRACE 13284 91719 B 33 7b
SCHED-TRACE 13285 91719 P 33 c53831aa0
SCHED-TRACE 13286 91719 R 33 c53831aa0
SCHED-TRACE 13287 91720 U 4 c39b42
SCHED-TRACE 13288 91720 V 4 c39bce
SCHED-TRACE 13289 91720 O 0 0
SCHED-TRACE 13290 91720 P 33 c53adba5e
SCHED-TRACE 13291 91721 K 33 c53adba5e
SCHED-TRACE 13292 91721 P 33 c53d45a1c
SCHED-TRACE 13293 91797 I 33 c3c449
SCHED-TRACE 13294 91797 B 33 7a
SCHED-TRACE 13295 91797 P 33 c5a0d020c
SCHED-TRACE 13296 91797 R 33 c5a0d020c
SCHED-TRACE 13297 91798 U 4 c3c556
SCHED-TRACE 13298 91798 V 4 c3c5e3
SCHED-TRACE 13299 91798 O 0 0
SCHED-TRACE 13300 91798 P 33 c5a37a1cb
SCHED-TRACE 13301 91799 K 33 c5a37a1cb
SCHED-TRACE 13302 91799 P 33 c5a5e45a2
SCHED-TRACE 13303 91875 I 33 c3ee5e
SCHED-TRACE 13304 91875 B 33 7a
SCHED-TRACE 13305 91875 P 33 c6096ed91
SCHED-TRACE 13306 91875 R 33 c6096ed91
SCHED-TRACE 13307 91876 U 4 c3ef6b
SCHED-TRACE 13308 91876 V 4 c3eff7
SCHED-TRACE 13309 91876 O 0 0
SCHED-TRACE 13310 91876 P 33 c60c18d50
SCHED-TRACE 13311 91877 K 33 c60c18d50
SCHED-TRACE 13312 91877 P 33 c60e83127
SCHED-TRACE 13313 91953 I 33 c41872
SCHED-TRACE 13314 91953 B 33 7b
SCHED-TRACE 13315 91953 P 33 c6720d916
SCHED-TRACE 13316 91953 R 33 c6720d916
SCHED-TRACE 13317 91954 U 4 c4197f
SCHED-TRACE 13318 91954 V 4 c41a0c
SCHED-TRACE 13319 91954 O 0 0
SCHED-TRACE 13320 91954 P 33 c674b78d5
SCHED-TRACE 13321 91955 K 33 c674b78d5
SCHED-TRACE 13322 91955 P 33 c67721893
SCHED-TRACE 13323 92031 I 33 c44287
SCHED-TRACE 13324 92031 B 33 7a
SCHED-TRACE 13325 92031 P 33 c6daac083
SCHED-TRACE 13326 92031 R 33 c6daac083
SCHED-TRACE 13327 92032 U 4 c44394
SCHED-TRACE 13328 92032 V 4 c44421
SCHED-TRACE 13329 92032 O 0 0
SCHED-TRACE 13330 92032 P 33 c6dd56041
SCHED-TRACE 13331 92033 K 33 c6dd56041
SCHED-TRACE 13332 92033 P 33 c6dfc0418
SCHED-TRACE 13333 92109 I 33 c46c9c
SCHED-TRACE 13334 92109 B 33 7a
SCHED-TRACE 13335 92109 P 33 c7434ac08
SCHED-TRACE 13336 92109 R 33 c7434ac08
SCHED-TRACE 13337 92110 U 4 c46da9
SCHED-TRACE 13338 92110 V 4 c46e35
SCHED-TRACE 13339 92110 O 0 0
SCHED-TRACE 13340 92110 P 33 c745f4bc6
SCHED-TRACE 13341 92111 K 33 c745f4bc6
SCHED-TRACE 13342 92111 P 33 c7485ef9e
SCHED-TRACE 13343 92187 I 33 c496b0
SCHED-TRACE 13344 92187 B 33 7b
SCHED-TRACE 13345 92187 P 33 c7abe978d
SCHED-TRACE 13346 92187 R 33 c7abe978d
SCHED-TRACE 13347 92188 U 4 c497be
SCHED-TRACE 13348 92188 V 4 c4984a
SCHED-TRACE 13349 92188 O 0 0
SCHED-TRACE 13350 92188 P 33 c7ae94395
SCHED-TRACE 13351 92189 K 60 c762fa1ca
SCHED-TRACE 13352 92189 P 33 c7b0fe76c
SCHED-TRACE 13353 92190 P 33 c7b2d4fdf
SCHED-TRACE 13354 92264 I 60 c4c08f
SCHED-TRACE 13355 92264 B 60 7b
SCHED-TRACE 13356 92264 P 60 cb2eaac08
SCHED-TRACE 13357 92264 R 60 cb2eaac08
SCHED-TRACE 13358 92265 U 4 c4c19d
SCHED-TRACE 13359 92265 V 4 c4c22a
SCHED-TRACE 13360 92265 O 0 0
SCHED-TRACE 13361 92265 P 60 cb49726e9
SCHED-TRACE 13362 92266 K 63 c76a045a2
SCHED-TRACE 13363 92266 P 60 cb6198d4f
SCHED-TRACE 13364 92267 P 60 cb73fa1ca
SCHED-TRACE 13365 92341 I 63 c4ea6b
SCHED-TRACE 13366 92341 B 63 7a
SCHED-TRACE 13367 92341 P 63 cb3574fdf
SCHED-TRACE 13368 92341 R 63 cb3574fdf
SCHED-TRACE 13369 92342 U 4 c4eb7a
SCHED-TRACE 13370 92342 V 4 c4ec06
SCHED-TRACE 13371 92342 O 0 0
SCHED-TRACE 13372 92342 P 63 cb503a1cb
SCHED-TRACE 13373 92343 K 51 c76d25a1d
SCHED-TRACE 13374 92343 P 63 cb6860831
SCHED-TRACE 13375 92344 P 63 cb7ac1cac
SCHED-TRACE 13376 92418 I 51 c51448
SCHED-TRACE 13377 92418 B 51 7a
SCHED-TRACE 13378 92418 P 51 cb389645a
SCHED-TRACE 13379 92418 R 51 cb389645a
SCHED-TRACE 13380 92419 U 4 c51557
SCHED-TRACE 13381 92419 V 4 c515e4
SCHED-TRACE 13382 92419 O 0 0
SCHED-TRACE 13383 92419 P 51 cb5365a1d
SCHED-TRACE 13384 92420 K 48 c76d8978d
SCHED-TRACE 13385 92420 P 51 cb6b8978e
SCHED-TRACE 13386 92421 P 51 cb7deac08
SCHED-TRACE 13387 92495 I 48 c53e26
SCHED-TRACE 13388 92495 B 48 7a
SCHED-TRACE 13389 92495 P 48 cb38fcac0
SCHED-TRACE 13390 92495 R 48 cb38fcac0
SCHED-TRACE 13391 92496 U 4 c53f35
SCHED-TRACE 13392 92496 V 4 c53fc1
SCHED-TRACE 13393 92496 O 0 0
SCHED-TRACE 13394 92496 P 48 cb53ce979
SCHED-TRACE 13395 92497 K 78 c7705b646
SCHED-TRACE 13396 92497 P 48 cb6bf26e9
SCHED-TRACE 13397 92498 P 48 cb7e5126e
SCHED-TRACE 13398 92572 I 78 c56800
SCHED-TRACE 13399 92572 B 78 7b
SCHED-TRACE 13400 92572 P 78 cb3b93b64
SCHED-TRACE 13401 92572 R 78 cb3b93b64
SCHED-TRACE 13402 92573 U 4 c5690e
SCHED-TRACE 13403 92573 V 4 c5699b
SCHED-TRACE 13404 92573 O 0 0
SCHED-TRACE 13405 92573 P 78 cb564978d
SCHED-TRACE 13406 92574 K 66 c771d8d4f
SCHED-TRACE 13407 92574 P 78 cb6e6d4fe
SCHED-TRACE 13408 92575 P 78 cb80ce979
SCHED-TRACE 13409 92649 I 66 c591dc
SCHED-TRACE 13410 92649 B 66 7a
SCHED-TRACE 13411 92649 P 66 cb3d46e97
SCHED-TRACE 13412 92649 R 66 cb3d46e97
SCHED-TRACE 13413 92650 U 4 c592eb
SCHED-TRACE 13414 92650 V 4 c59377
SCHED-TRACE 13415 92650 O 0 0
SCHED-TRACE 13416 92650 P 66 cb5806e97
SCHED-TRACE 13417 92651 K 57 c77386e98
SCHED-TRACE 13418 92651 P 66 cb702d4fd
SCHED-TRACE 13419 92652 P 66 cb828e978
SCHED-TRACE 13420 92726 I 57 c5bbb9
SCHED-TRACE 13421 92726 B 57 7b
SCHED-TRACE 13422 92726 P 57 cb3efa1cb
SCHED-TRACE 13423 92726 R 57 cb3efa1cb
SCHED-TRACE 13424 92727 U 4 c5bcc8
SCHED-TRACE 13425 92727 V 4 c5bd54
SCHED-TRACE 13426 92727 O 0 0
SCHED-TRACE 13427 92727 P 57 cb59c45a2
SCHED-TRACE 13428 92728 K 54 c7740c083
SCHED-TRACE 13429 92728 P 57 cb71e8313
SCHED-TRACE 13430 92729 P 57 cb844978d
SCHED-TRACE 13431 92803 I 54 c5e596
SCHED-TRACE 13432 92803 B 54 7a
SCHED-TRACE 13433 92803 P 54 cb3f7f3b6
SCHED-TRACE 13434 92803 R 54 cb3f7f3b6
SCHED-TRACE 13435 92804 U 4 c5e6a5
SCHED-TRACE 13436 92804 V 4 c5e731
SCHED-TRACE 13437 92804 O 0 0
SCHED-TRACE 13438 92804 P 54 cb5a4c083
SCHED-TRACE 13439 92805 K 45 c775d126f
SCHED-TRACE 13440 92805 P 54 cb72726e9
SCHED-TRACE 13441 92806 P 54 cb84d126f
SCHED-TRACE 13442 92880 I 45 c60f73
SCHED-TRACE 13443 92880 B 45 7a
SCHED-TRACE 13444 92880 P 45 cb4146e98
SCHED-TRACE 13445 92880 R 45 cb4146e98
SCHED-TRACE 13446 92881 U 4 c61082
SCHED-TRACE 13447 92881 V 4 c6110f
SCHED-TRACE 13448 92881 O 0 0
SCHED-TRACE 13449 92881 P 45 cb5c1b646
SCHED-TRACE 13450 92882 K 75 c77ba3127
SCHED-TRACE 13451 92882 P 45 cb743f3b6
SCHED-TRACE 13452 92883 P 45 cb86a0831
SCHED-TRACE 13453 92957 I 75 c6394e
SCHED-TRACE 13454 92957 B 75 7a
SCHED-TRACE 13455 92957 P 75 cb46d8d50
SCHED-TRACE 13456 92957 R 75 cb46d8d50
SCHED-TRACE 13457 92958 U 4 c63a5c
SCHED-TRACE 13458 92958 V 4 c63ae9
SCHED-TRACE 13459 92958 O 0 0
SCHED-TRACE 13460 92958 P 75 cb618e979
SCHED-TRACE 13461 92959 K 72 c77c4978e
SCHED-TRACE 13462 92959 P 75 cb79b4fdf
SCHED-TRACE 13463 92960 P 75 cb8c13b65
SCHED-TRACE 13464 93034 I 72 c66327
SCHED-TRACE 13465 93034 B 72 7b
SCHED-TRACE 13466 93034 P 72 cb4765a1d
SCHED-TRACE 13467 93034 R 72 cb4765a1d
SCHED-TRACE 13468 93035 U 4 c66435
SCHED-TRACE 13469 93035 V 4 c664c2
SCHED-TRACE 13470 93035 O 0 0
SCHED-TRACE 13471 93035 P 72 cb621df3c
SCHED-TRACE 13472 93036 K 69 c77ce5a1d
SCHED-TRACE 13473 93036 P 72 cb7a445a2
SCHED-TRACE 13474 93037 P 72 cb8ca3127
SCHED-TRACE 13475 93111 I 69 c68d00
SCHED-TRACE 13476 93111 B 69 7b
SCHED-TRACE 13477 93111 P 69 cb48045a2
SCHED-TRACE 13478 93111 R 69 cb48045a2
SCHED-TRACE 13479 93112 U 4 c68e0e
SCHED-TRACE 13480 93112 V 4 c68e9b
SCHED-TRACE 13481 93112 O 0 0
SCHED-TRACE 13482 93112 P 69 cb62c1cad
SCHED-TRACE 13483 93113 K 42 c78bd645a
SCHED-TRACE 13484 93113 P 69 cb7ae8313
SCHED-TRACE 13485 93114 P 69 cb8d46e98
SCHED-TRACE 13486 93188 I 42 c6b6d9
SCHED-TRACE 13487 93188 B 42 7b
SCHED-TRACE 13488 93188 P 42 cb56f26ea
SCHED-TRACE 13489 93188 R 42 cb56f26ea
SCHED-TRACE 13490 93189 U 4 c6b7e8
SCHED-TRACE 13491 93189 V 4 c6b875
SCHED-TRACE 13492 93189 O 0 0
SCHED-TRACE 13493 93189 P 42 cb71c6e98
SCHED-TRACE 13494 93190 K 81 c791a5a1c
SCHED-TRACE 13495 93190 P 42 cb89eac09
SCHED-TRACE 13496 93191 P 42 cb9c4978e
SCHED-TRACE 13497 93265 I 81 c6e0b3
SCHED-TRACE 13498 93265 B 81 7a
SCHED-TRACE 13499 93265 P 81 cb5cc1cac
SCHED-TRACE 13500 93265 R 81 cb5cc1cac
SCHED-TRACE 13501 93266 U 4 c6e1c1
SCHED-TRACE 13502 93266 V 4 c6e24d
SCHED-TRACE 13503 93266 O 0 0
SCHED-TRACE 13504 93266 P 81 cb776fdf3
SCHED-TRACE 13505 93267 K 39 c7a941cac
SCHED-TRACE 13506 93267 P 81 cb8f9645a
SCHED-TRACE 13507 93268 P 81 cba1f26e9
SCHED-TRACE 13508 93342 I 39 c70a8b
SCHED-TRACE 13509 93342 B 39 7a
SCHED-TRACE 13510 93342 P 39 cb743f3b6
SCHED-TRACE 13511 93342 R 39 cb743f3b6
SCHED-TRACE 13512 93343 U 4 c70b98
SCHED-TRACE 13513 93343 V 4 c70c25
SCHED-TRACE 13514 93343 O 0 0
SCHED-TRACE 13515 93343 P 39 cb8ee8312
SCHED-TRACE 13516 93344 K 33 c7b2d4fdf
SCHED-TRACE 13517 93344 P 39 cba70e979
SCHED-TRACE 13518 93345 P 39 cbb96ac08
SCHED-TRACE 13519 93419 I 33 c73463
SCHED-TRACE 13520 93419 B 33 7a
SCHED-TRACE 13521 93419 P 33 c813f126e
SCHED-TRACE 13522 93419 R 33 c813f126e
SCHED-TRACE 13523 93420 U 4 c73570
SCHED-TRACE 13524 93420 V 4 c735fd
SCHED-TRACE 13525 93420 O 0 0
SCHED-TRACE 13526 93420 P 33 c8169b645
SCHED-TRACE 13527 93421 K 36 c7d3d645a
SCHED-TRACE 13528 93421 P 33 c81905a1c
SCHED-TRACE 13529 93422 P 33 c81adba5e
SCHED-TRACE 13530 93496 I 36 c75e3b
SCHED-TRACE 13531 93496 B 36 7a
SCHED-TRACE 13532 93496 P 36 cb9f01cac
SCHED-TRACE 13533 93496 R 36 cb9f01cac
SCHED-TRACE 13534 93497 U 4 c75f48
SCHED-TRACE 13535 93497 V 4 c75fd5
SCHED-TRACE 13536 93497 O 0 0
SCHED-TRACE 13537 93497 P 36 cbb9aac08
SCHED-TRACE 13538 93498 K 33 c81adba5e
SCHED-TRACE 13539 93498 P 36 cbd1d126e
SCHED-TRACE 13540 93499 P 36 cbe42ac08
SCHED-TRACE 13541 93574 I 33 c7888a
SCHED-TRACE 13542 93574 B 33 7a
SCHED-TRACE 13543 93574 P 33 c87d25e35
SCHED-TRACE 13544 93574 R 33 c87d25e35
SCHED-TRACE 13545 93575 U 4 c78997
SCHED-TRACE 13546 93575 V 4 c78a24
SCHED-TRACE 13547 93575 O 0 0
SCHED-TRACE 13548 93575 P 33 c87fd020c
SCHED-TRACE 13549 93576 K 33 c87fd020c
SCHED-TRACE 13550 93576 P 33 c8823a1cb
SCHED-TRACE 13551 93652 I 33 c7b29f
SCHED-TRACE 13552 93652 B 33 7a
SCHED-TRACE 13553 93652 P 33 c8e5c49ba
SCHED-TRACE 13554 93652 R 33 c8e5c49ba
SCHED-TRACE 13555 93653 U 4 c7b3ac
SCHED-TRACE 13556 93653 V 4 c7b439
SCHED-TRACE 13557 93653 O 0 0
SCHED-TRACE 13558 93653 P 33 c8e86e979
SCHED-TRACE 13559 93654 K 33 c8e86e979
SCHED-TRACE 13560 93654 P 33 c8ead8d50
SCHED-TRACE 13561 93730 I 33 c7dcb4
SCHED-TRACE 13562 93730 B 33 7b
SCHED-TRACE 13563 93730 P 33 c94e6353f
SCHED-TRACE 13564 93730 R 33 c94e6353f
SCHED-TRACE 13565 93731 U 4 c7ddc1
SCHED-TRACE 13566 93731 V 4 c7de4d
SCHED-TRACE 13567 93731 O 0 0
SCHED-TRACE 13568 93731 P 33 c9510d4fe
SCHED-TRACE 13569 93732 K 33 c9510d4fe
SCHED-TRACE 13570 93732 P 33 c953778d5
SCHED-TRACE 13571 93808 I 33 c806c8
SCHED-TRACE 13572 93808 B 33 7a
SCHED-TRACE 13573 93808 P 33 c9b701cac
SCHED-TRACE 13574 93808 R 33 c9b701cac
SCHED-TRACE 13575 93809 U 4 c807d5
SCHED-TRACE 13576 93809 V 4 c80862
SCHED-TRACE 13577 93809 O 0 0
SCHED-TRACE 13578 93809 P 33 c9b9ac083
SCHED-TRACE 13579 93810 K 33 c9b9ac083
SCHED-TRACE 13580 93810 P 33 c9bc16041
SCHED-TRACE 13581 93886 I 33 c830dd
SCHED-TRACE 13582 93886 B 33 7a
SCHED-TRACE 13583 93886 P 33 ca1fa0831
SCHED-TRACE 13584 93886 R 33 ca1fa0831
SCHED-TRACE 13585 93887 U 4 c831ea
SCHED-TRACE 13586 93887 V 4 c83277
SCHED-TRACE 13587 93887 O 0 0
SCHED-TRACE 13588 93887 P 33 ca224a7ef
SCHED-TRACE 13589 93888 K 33 ca224a7ef
SCHED-TRACE 13590 93888 P 33 ca24b4bc6
SCHED-TRACE 13591 93964 I 33 c85af2
SCHED-TRACE 13592 93964 B 33 7b
SCHED-TRACE 13593 93964 P 33 ca883f3b6
SCHED-TRACE 13594 93964 R 33 ca883f3b6
SCHED-TRACE 13595 93965 U 4 c85bff
SCHED-TRACE 13596 93965 V 4 c85c8b
SCHED-TRACE 13597 93965 O 0 0
SCHED-TRACE 13598 93965 P 33 ca8ae9375
SCHED-TRACE 13599 93966 K 33 ca8ae9375
SCHED-TRACE 13600 93966 P 33 ca8d53333
SCHED-TRACE 13601 94042 I 33 c88506
SCHED-TRACE 13602 94042 B 33 7a
SCHED-TRACE 13603 94042 P 33 caf0ddb23
SCHED-TRACE 13604 94042 R 33 caf0ddb23
SCHED-TRACE 13605 94043 U 4 c88613
SCHED-TRACE 13606 94043 V 4 c886a0
SCHED-TRACE 13607 94043 O 0 0
SCHED-TRACE 13608 94043 P 33 caf387ae1
SCHED-TRACE 13609 94044 K 33 caf387ae1
SCHED-TRACE 13610 94044 P 33 caf5f1eb8
SCHED-TRACE 13611 94120 I 33 c8af1b
SCHED-TRACE 13612 94120 B 33 7a
SCHED-TRACE 13613 94120 P 33 cb597c6a8
SCHED-TRACE 13614 94120 R 33 cb597c6a8
SCHED-TRACE 13615 94121 U 4 c8b028
SCHED-TRACE 13616 94121 V 4 c8b0b5
SCHED-TRACE 13617 94121 O 0 0
SCHED-TRACE 13618 94121 P 33 cb5c26666
SCHED-TRACE 13619 94122 K 33 cb5c26666
SCHED-TRACE 13620 94122 P 33 cb5e90a3d
SCHED-TRACE 13621 94198 I 33 c8d930
SCHED-TRACE 13622 94198 B 33 7b
SCHED-TRACE 13623 94198 P 33 cbc21b22d
SCHED-TRACE 13624 94198 R 33 cbc21b22d
SCHED-TRACE 13625 94199 U 4 c8da3d
SCHED-TRACE 13626 94199 V 4 c8daca
SCHED-TRACE 13627 94199 O 0 0
SCHED-TRACE 13628 94199 P 33 cbc4c5e35
SCHED-TRACE 13629 94200 K 60 cb73fa1ca
SCHED-TRACE 13630 94200 P 33 cbc73020c
SCHED-TRACE 13631 94201 P 33 cbc906a7f
SCHED-TRACE 13632 94275 I 60 c9030e
SCHED-TRACE 13633 94275 B 60 7b
SCHED-TRACE 13634 94275 P 60 cf3faac08
SCHED-TRACE 13635 94275 R 60 cf3faac08
SCHED-TRACE 13636 94276 U 4 c9041c
SCHED-TRACE 13637 94276 V 4 c904a9
SCHED-TRACE 13638 94276 O 0 0
SCHED-TRACE 13639 94276 P 60 cf5a726e9
SCHED-TRACE 13640 94277 K 63 cb7ac1cac
SCHED-TRACE 13641 94277 P 60 cf7298d4f
SCHED-TRACE 13642 94278 P 60 cf84fa1ca
SCHED-TRACE 13643 94352 I 63 c92ceb
SCHED-TRACE 13644 94352 B 63 7a
SCHED-TRACE 13645 94352 P 63 cf4634fdf
SCHED-TRACE 13646 94352 R 63 cf4634fdf
SCHED-TRACE 13647 94353 U 4 c92df9
SCHED-TRACE 13648 94353 V 4 c92e86
SCHED-TRACE 13649 94353 O 0 0
SCHED-TRACE 13650 94353 P 63 cf60fa1cb
SCHED-TRACE 13651 94354 K 51 cb7deac08
SCHED-TRACE 13652 94354 P 63 cf7920831
SCHED-TRACE 13653 94355 P 63 cf8b81cac
SCHED-TRACE 13654 94429 I 51 c956c8
SCHED-TRACE 13655 94429 B 51 7a
SCHED-TRACE 13656 94429 P 51 cf495df3c
SCHED-TRACE 13657 94429 R 51 cf495df3c
SCHED-TRACE 13658 94430 U 4 c957d7
SCHED-TRACE 13659 94430 V 4 c95863
SCHED-TRACE 13660 94430 O 0 0
SCHED-TRACE 13661 94430 P 51 cf642d4fe
SCHED-TRACE 13662 94431 K 48 cb7e5126e
SCHED-TRACE 13663 94431 P 51 cf7c53b65
SCHED-TRACE 13664 94432 P 51 cf8eb26ea
SCHED-TRACE 13665 94506 I 48 c980a5
SCHED-TRACE 13666 94506 B 48 7a
SCHED-TRACE 13667 94506 P 48 cf49c6e97
SCHED-TRACE 13668 94506 R 48 cf49c6e97
SCHED-TRACE 13669 94507 U 4 c981b4
SCHED-TRACE 13670 94507 V 4 c98240
SCHED-TRACE 13671 94507 O 0 0
SCHED-TRACE 13672 94507 P 48 cf6498d50
SCHED-TRACE 13673 94508 K 78 cb80ce979
SCHED-TRACE 13674 94508 P 48 cf7cbcac0
SCHED-TRACE 13675 94509 P 48 cf8f1b645
SCHED-TRACE 13676 94583 I 78 c9aa80
SCHED-TRACE 13677 94583 B 78 7b
SCHED-TRACE 13678 94583 P 78 cf4c06e98
SCHED-TRACE 13679 94583 R 78 cf4c06e98
SCHED-TRACE 13680 94584 U 4 c9ab8e
SCHED-TRACE 13681 94584 V 4 c9ac1a
SCHED-TRACE 13682 94584 O 0 0
SCHED-TRACE 13683 94584 P 78 cf66bcac1
SCHED-TRACE 13684 94585 K 66 cb828e978
SCHED-TRACE 13685 94585 P 78 cf7ee0831
SCHED-TRACE 13686 94586 P 78 cf9141cac
SCHED-TRACE 13687 94660 I 66 c9d45c
SCHED-TRACE 13688 94660 B 66 7a
SCHED-TRACE 13689 94660 P 66 cf4e01cac
SCHED-TRACE 13690 94660 R 66 cf4e01cac
SCHED-TRACE 13691 94661 U 4 c9d56a
SCHED-TRACE 13692 94661 V 4 c9d5f7
SCHED-TRACE 13693 94661 O 0 0
SCHED-TRACE 13694 94661 P 66 cf68c45a1
SCHED-TRACE 13695 94662 K 57 cb844978d
SCHED-TRACE 13696 94662 P 66 cf80e8312
SCHED-TRACE 13697 94663 P 66 cf934978d
SCHED-TRACE 13698 94737 I 57 c9fe39
SCHED-TRACE 13699 94737 B 57 7a
SCHED-TRACE 13700 94737 P 57 cf4fbcac1
SCHED-TRACE 13701 94737 R 57 cf4fbcac1
SCHED-TRACE 13702 94738 U 4 c9ff47
SCHED-TRACE 13703 94738 V 4 c9ffd4
SCHED-TRACE 13704 94738 O 0 0
SCHED-TRACE 13705 94738 P 57 cf6a86e98
SCHED-TRACE 13706 94739 K 54 cb84d126f
SCHED-TRACE 13707 94739 P 57 cf82aac08
SCHED-TRACE 13708 94740 P 57 cf950c083
SCHED-TRACE 13709 94814 I 54 ca2816
SCHED-TRACE 13710 94814 B 54 7a
SCHED-TRACE 13711 94814 P 54 cf50445a2
SCHED-TRACE 13712 94814 R 54 cf50445a2
SCHED-TRACE 13713 94815 U 4 ca2924
SCHED-TRACE 13714 94815 V 4 ca29b1
SCHED-TRACE 13715 94815 O 0 0
SCHED-TRACE 13716 94815 P 54 cf6b1126f
SCHED-TRACE 13717 94816 K 45 cb86a0831
SCHED-TRACE 13718 94816 P 54 cf83378d5
SCHED-TRACE 13719 94817 P 54 cf959645a
SCHED-TRACE 13720 94891 I 45 ca51f3
SCHED-TRACE 13721 94891 B 45 7b
SCHED-TRACE 13722 94891 P 45 cf521645a
SCHED-TRACE 13723 94891 R 45 cf521645a
SCHED-TRACE 13724 94892 U 4 ca5302
SCHED-TRACE 13725 94892 V 4 ca538e
SCHED-TRACE 13726 94892 O 0 0
SCHED-TRACE 13727 94892 P 45 cf6ce8312
SCHED-TRACE 13728 94893 K 75 cb8c13b65
SCHED-TRACE 13729 94893 P 45 cf850e979
SCHED-TRACE 13730 94894 P 45 cf976d4fe
SCHED-TRACE 13731 94968 I 75 ca7bce
SCHED-TRACE 13732 94968 B 75 7a
SCHED-TRACE 13733 94968 P 75 cf574978d
SCHED-TRACE 13734 94968 R 75 cf574978d
SCHED-TRACE 13735 94969 U 4 ca7cdc
SCHED-TRACE 13736 94969 V 4 ca7d68
SCHED-TRACE 13737 94969 O 0 0
SCHED-TRACE 13738 94969 P 75 cf7201cac
SCHED-TRACE 13739 94970 K 72 cb8ca3127
SCHED-TRACE 13740 94970 P 75 cf8a28313
SCHED-TRACE 13741 94971 P 75 cf9c86e98
SCHED-TRACE 13742 95045 I 72 caa5a7
SCHED-TRACE 13743 95045 B 72 7b
SCHED-TRACE 13744 95045 P 72 cf57c1cac
SCHED-TRACE 13745 95045 R 72 cf57c1cac
SCHED-TRACE 13746 95046 U 4 caa6b5
SCHED-TRACE 13747 95046 V 4 caa741
SCHED-TRACE 13748 95046 O 0 0
SCHED-TRACE 13749 95046 P 72 cf727a1cb
SCHED-TRACE 13750 95047 K 69 cb8d46e98
SCHED-TRACE 13751 95047 P 72 cf8aa0831
SCHED-TRACE 13752 95048 P 72 cf9cff3b6
SCHED-TRACE 13753 95122 I 69 cacf80
SCHED-TRACE 13754 95122 B 69 7a
SCHED-TRACE 13755 95122 P 69 cf5865a1d
SCHED-TRACE 13756 95122 R 69 cf5865a1d
SCHED-TRACE 13757 95123 U 4 cad08e
SCHED-TRACE 13758 95123 V 4 cad11a
SCHED-TRACE 13759 95123 O 0 0
SCHED-TRACE 13760 95123 P 69 cf7323127
SCHED-TRACE 13761 95124 K 42 cb9c4978e
SCHED-TRACE 13762 95124 P 69 cf8b46e98
SCHED-TRACE 13763 95125 P 69 cf9da8313
SCHED-TRACE 13764 95199 I 42 caf959
SCHED-TRACE 13765 95199 B 42 7a
SCHED-TRACE 13766 95199 P 42 cf676d4fe
SCHED-TRACE 13767 95199 R 42 cf676d4fe
SCHED-TRACE 13768 95200 U 4 cafa68
SCHED-TRACE 13769 95200 V 4 cafaf5
SCHED-TRACE 13770 95200 O 0 0
SCHED-TRACE 13771 95200 P 42 cf82445a2
SCHED-TRACE 13772 95201 K 81 cba1f26e9
SCHED-TRACE 13773 95201 P 42 cf9a6ac09
SCHED-TRACE 13774 95202 P 42 cfacc6e98
SCHED-TRACE 13775 95276 I 81 cb2333
SCHED-TRACE 13776 95276 B 81 7b
SCHED-TRACE 13777 95276 P 81 cf6d13b64
SCHED-TRACE 13778 95276 R 81 cf6d13b64
SCHED-TRACE 13779 95277 U 4 cb2441
SCHED-TRACE 13780 95277 V 4 cb24cd
SCHED-TRACE 13781 95277 O 0 0
SCHED-TRACE 13782 95277 P 81 cf87c1cac
SCHED-TRACE 13783 95278 K 39 cbb96ac08
SCHED-TRACE 13784 95278 P 81 cf9fe8312
SCHED-TRACE 13785 95279 P 81 cfb2445a1
SCHED-TRACE 13786 95353 I 39 cb4d0b
SCHED-TRACE 13787 95353 B 39 7b
SCHED-TRACE 13788 95353 P 39 cf848e979
SCHED-TRACE 13789 95353 R 39 cf848e979
SCHED-TRACE 13790 95354 U 4 cb4e18
SCHED-TRACE 13791 95354 V 4 cb4ea5
SCHED-TRACE 13792 95354 O 0 0
SCHED-TRACE 13793 95354 P 39 cf9f378d5
SCHED-TRACE 13794 95355 K 33 cbc906a7f
SCHED-TRACE 13795 95355 P 39 cfb75df3b
SCHED-TRACE 13796 95356 P 39 cfc9ba1cb
SCHED-TRACE 13797 95430 I 33 cb76e3
SCHED-TRACE 13798 95430 B 33 7b
SCHED-TRACE 13799 95430 P 33 cc2a22d0e
SCHED-TRACE 13800 95430 R 33 cc2a22d0e
SCHED-TRACE 13801 95431 U 4 cb77f0
SCHED-TRACE 13802 95431 V 4 cb787d
SCHED-TRACE 13803 95431 O 0 0
SCHED-TRACE 13804 95431 P 33 cc2ccd0e5
SCHED-TRACE 13805 95432 K 36 cbe42ac08
SCHED-TRACE 13806 95432 P 33 cc2f370a4
SCHED-TRACE 13807 95433 P 33 cc310d0e5
SCHED-TRACE 13808 95508 I 36 cba12f
SCHED-TRACE 13809 95508 B 36 7a
SCHED-TRACE 13810 95508 P 36 cfbad3b64
SCHED-TRACE 13811 95508 R 36 cfbad3b64
SCHED-TRACE 13812 95509 U 4 cba23d
SCHED-TRACE 13813 95509 V 4 cba2c9
SCHED-TRACE 13814 95509 O 0 0
SCHED-TRACE 13815 95509 P 36 cfd57a1ca
SCHED-TRACE 13816 95510 K 33 cc310d0e5
SCHED-TRACE 13817 95510 P 36 cfeda0831
SCHED-TRACE 13818 95511 P 36 cffffcac0
SCHED-TRACE 13819 95585 I 33 cbcb07
SCHED-TRACE 13820 95585 B 33 7a
SCHED-TRACE 13821 95585 P 33 cc922872b
SCHED-TRACE 13822 95585 R 33 cc922872b
SCHED-TRACE 13823 95586 U 4 cbcc14
SCHED-TRACE 13824 95586 V 4 cbcca1
SCHED-TRACE 13825 95586 O 0 0
SCHED-TRACE 13826 95586 P 33 cc94d26e9
SCHED-TRACE 13827 95587 K 33 cc94d26e9
SCHED-TRACE 13828 95587 P 33 cc973cac0
SCHED-TRACE 13829 95663 I 33 cbf510
SCHED-TRACE 13830 95663 B 33 7a
SCHED-TRACE 13831 95663 P 33 ccfaa8b43
SCHED-TRACE 13832 95663 R 33 ccfaa8b43
SCHED-TRACE 13833 95664 U 4 cbf61d
SCHED-TRACE 13834 95664 V 4 cbf6a9
SCHED-TRACE 13835 95664 O 0 0
SCHED-TRACE 13836 95664 P 33 ccfd52b02
SCHED-TRACE 13837 95665 K 33 ccfd52b02
SCHED-TRACE 13838 95665 P 33 ccffbcac0
SCHED-TRACE 13839 95741 I 33 cc1f24
SCHED-TRACE 13840 95741 B 33 7a
SCHED-TRACE 13841 95741 P 33 cd63472b0
SCHED-TRACE 13842 95741 R 33 cd63472b0
SCHED-TRACE 13843 95742 U 4 cc2032
SCHED-TRACE 13844 95742 V 4 cc20be
SCHED-TRACE 13845 95742 O 0 0
SCHED-TRACE 13846 95742 P 33 cd65f126e
SCHED-TRACE 13847 95743 K 33 cd65f126e
SCHED-TRACE 13848 95743 P 33 cd685b645
SCHED-TRACE 13849 95819 I 33 cc4939
SCHED-TRACE 13850 95819 B 33 7a
SCHED-TRACE 13851 95819 P 33 cdcbe5a1c
SCHED-TRACE 13852 95819 R 33 cdcbe5a1c
SCHED-TRACE 13853 95820 U 4 cc4a46
SCHED-TRACE 13854 95820 V 4 cc4ad3
SCHED-TRACE 13855 95820 O 0 0
SCHED-TRACE 13856 95820 P 33 cdce8f9db
SCHED-TRACE 13857 95821 K 33 cdce8f9db
SCHED-TRACE 13858 95821 P 33 cdd0f9db2
SCHED-TRACE 13859 95897 I 33 cc734e
SCHED-TRACE 13860 95897 B 33 7a
SCHED-TRACE 13861 95897 P 33 ce3484189
SCHED-TRACE 13862 95897 R 33 ce3484189
SCHED-TRACE 13863 95898 U 4 cc745b
SCHED-TRACE 13864 95898 V 4 cc74e7
SCHED-TRACE 13865 95898 O 0 0
SCHED-TRACE 13866 95898 P 33 ce372e560
SCHED-TRACE 13867 95899 K 33 ce372e560
SCHED-TRACE 13868 95899 P 33 ce399851f
SCHED-TRACE 13869 95975 I 33 cc9d62
SCHED-TRACE 13870 95975 B 33 7a
SCHED-TRACE 13871 95975 P 33 ce9d22d0e
SCHED-TRACE 13872 95975 R 33 ce9d22d0e
SCHED-TRACE 13873 95976 U 4 cc9e70
SCHED-TRACE 13874 95976 V 4 cc9efc
SCHED-TRACE 13875 95976 O 0 0
SCHED-TRACE 13876 95976 P 33 ce9fccccd
SCHED-TRACE 13877 95977 K 33 ce9fccccd
SCHED-TRACE 13878 95977 P 33 cea2370a4
SCHED-TRACE 13879 96053 I 33 ccc777
SCHED-TRACE 13880 96053 B 33 7b
SCHED-TRACE 13881 96053 P 33 cf05c1893
SCHED-TRACE 13882 96053 R 33 cf05c1893
SCHED-TRACE 13883 96054 U 4 ccc884
SCHED-TRACE 13884 96054 V 4 ccc911
SCHED-TRACE 13885 96054 O 0 0
SCHED-TRACE 13886 96054 P 33 cf086b852
SCHED-TRACE 13887 96055 K 33 cf086b852
SCHED-TRACE 13888 96055 P 33 cf0ad5810
SCHED-TRACE 13889 96131 I 33 ccf18c
SCHED-TRACE 13890 96131 B 33 7a
SCHED-TRACE 13891 96131 P 33 cf6e60000
SCHED-TRACE 13892 96131 R 33 cf6e60000
SCHED-TRACE 13893 96132 U 4 ccf299
SCHED-TRACE 13894 96132 V 4 ccf325
SCHED-TRACE 13895 96132 O 0 0
SCHED-TRACE 13896 96132 P 33 cf7109fbe
SCHED-TRACE 13897 96133 K 33 cf7109fbe
SCHED-TRACE 13898 96133 P 33 cf7374395
SCHED-TRACE 13899 96209 I 33 cd1ba0
SCHED-TRACE 13900 96209 B 33 7a
SCHED-TRACE 13901 96209 P 33 cfd6feb85
SCHED-TRACE 13902 96209 R 33 cfd6feb85
SCHED-TRACE 13903 96210 U 4 cd1cae
SCHED-TRACE 13904 96210 V 4 cd1d3a
SCHED-TRACE 13905 96210 O 0 0
SCHED-TRACE 13906 96210 P 33 cfd9a978d
SCHED-TRACE 13907 96211 K 60 cf84fa1ca
SCHED-TRACE 13908 96211 P 33 cfdc13b64
SCHED-TRACE 13909 96212 P 33 cfddea3d7
SCHED-TRACE 13910 96286 I 60 cd457f
SCHED-TRACE 13911 96286 B 60 7a
SCHED-TRACE 13912 96286 P 60 d350aac08
SCHED-TRACE 13913 96286 R 60 d350aac08
SCHED-TRACE 13914 96287 U 4 cd468d
SCHED-TRACE 13915 96287 V 4 cd471a
SCHED-TRACE 13916 96287 O 0 0
SCHED-TRACE 13917 96287 P 60 d36b726e9
SCHED-TRACE 13918 96288 K 63 cf8b81cac
SCHED-TRACE 13919 96288 P 60 d3839645a
SCHED-TRACE 13920 96289 P 60 d395f78d5
SCHED-TRACE 13921 96363 I 63 cd6f5c
SCHED-TRACE 13922 96363 B 63 7a
SCHED-TRACE 13923 96363 P 63 d356f4fdf
SCHED-TRACE 13924 96363 R 63 d356f4fdf
SCHED-TRACE 13925 96364 U 4 cd706a
SCHED-TRACE 13926 96364 V 4 cd70f7
SCHED-TRACE 13927 96364 O 0 0
SCHED-TRACE 13928 96364 P 63 d371ba1cb
SCHED-TRACE 13929 96365 K 51 cf8eb26ea
SCHED-TRACE 13930 96365 P 63 d389ddf3b
SCHED-TRACE 13931 96366 P 63 d39c3f3b6
SCHED-TRACE 13932 96440 I 51 cd9938
SCHED-TRACE 13933 96440 B 51 7a
SCHED-TRACE 13934 96440 P 51 d35a25a1d
SCHED-TRACE 13935 96440 R 51 d35a25a1d
SCHED-TRACE 13936 96441 U 4 cd9a47
SCHED-TRACE 13937 96441 V 4 cd9ad4
SCHED-TRACE 13938 96441 O 0 0
SCHED-TRACE 13939 96441 P 51 d374f4fdf
SCHED-TRACE 13940 96442 K 48 cf8f1b645
SCHED-TRACE 13941 96442 P 51 d38d1b646
SCHED-TRACE 13942 96443 P 51 d39f7cac1
SCHED-TRACE 13943 96517 I 48 cdc316
SCHED-TRACE 13944 96517 B 48 7b
SCHED-TRACE 13945 96517 P 48 d35a8e979
SCHED-TRACE 13946 96517 R 48 d35a8e979
SCHED-TRACE 13947 96518 U 4 cdc425
SCHED-TRACE 13948 96518 V 4 cdc4b1
SCHED-TRACE 13949 96518 O 0 0
SCHED-TRACE 13950 96518 P 48 d3755df3b
SCHED-TRACE 13951 96519 K 78 cf9141cac
SCHED-TRACE 13952 96519 P 48 d38d845a2
SCHED-TRACE 13953 96520 P 48 d39fe3127
SCHED-TRACE 13954 96594 I 78 cdecf1
SCHED-TRACE 13955 96594 B 78 7a
SCHED-TRACE 13956 96594 P 78 d35c778d5
SCHED-TRACE 13957 96594 R 78 d35c778d5
SCHED-TRACE 13958 96595 U 4 cdedfe
SCHED-TRACE 13959 96595 V 4 cdee8b
SCHED-TRACE 13960 96595 O 0 0
SCHED-TRACE 13961 96595 P 78 d3772d4fe
SCHED-TRACE 13962 96596 K 66 cf934978d
SCHED-TRACE 13963 96596 P 78 d38f53b64
SCHED-TRACE 13964 96597 P 78 d3a1b26ea
SCHED-TRACE 13965 96671 I 66 ce16cd
SCHED-TRACE 13966 96671 B 66 7a
SCHED-TRACE 13967 96671 P 66 d35ebcac0
SCHED-TRACE 13968 96671 R 66 d35ebcac0
SCHED-TRACE 13969 96672 U 4 ce17db
SCHED-TRACE 13970 96672 V 4 ce1868
SCHED-TRACE 13971 96672 O 0 0
SCHED-TRACE 13972 96672 P 66 d3797f3b6
SCHED-TRACE 13973 96673 K 57 cf950c083
SCHED-TRACE 13974 96673 P 66 d391a5a1c
SCHED-TRACE 13975 96674 P 66 d3a4045a1
SCHED-TRACE 13976 96748 I 57 ce40a9
SCHED-TRACE 13977 96748 B 57 7a
SCHED-TRACE 13978 96748 P 57 d3607f3b6
SCHED-TRACE 13979 96748 R 57 d3607f3b6
SCHED-TRACE 13980 96749 U 4 ce41b8
SCHED-TRACE 13981 96749 V 4 ce4245
SCHED-TRACE 13982 96749 O 0 0
SCHED-TRACE 13983 96749 P 57 d37b4978d
SCHED-TRACE 13984 96750 K 54 cf959645a
SCHED-TRACE 13985 96750 P 57 d3936fdf4
SCHED-TRACE 13986 96751 P 57 d3a5d126f
SCHED-TRACE 13987 96825 I 54 ce6a86
SCHED-TRACE 13988 96825 B 54 7b
SCHED-TRACE 13989 96825 P 54 d3610978d
SCHED-TRACE 13990 96825 R 54 d3610978d
SCHED-TRACE 13991 96826 U 4 ce6b95
SCHED-TRACE 13992 96826 V 4 ce6c22
SCHED-TRACE 13993 96826 O 0 0
SCHED-TRACE 13994 96826 P 54 d37bd645a
SCHED-TRACE 13995 96827 K 45 cf976d4fe
SCHED-TRACE 13996 96827 P 54 d393fa1cb
SCHED-TRACE 13997 96828 P 54 d3a65b646
SCHED-TRACE 13998 96902 I 45 ce9464
SCHED-TRACE 13999 96902 B 45 7a
SCHED-TRACE 14000 96902 P 45 d362e0831
SCHED-TRACE 14001 96902 R 45 d362e0831
SCHED-TRACE 14002 96903 U 4 ce9573
SCHED-TRACE 14003 96903 V 4 ce95ff
SCHED-TRACE 14004 96903 O 0 0
SCHED-TRACE 14005 96903 P 45 d37db4fdf
SCHED-TRACE 14006 96904 K 75 cf9c86e98
SCHED-TRACE 14007 96904 P 45 d395db646
SCHED-TRACE 14008 96905 P 45 d3a83a1cb
SCHED-TRACE 14009 96979 I 75 cebe3f
SCHED-TRACE 14010 96979 B 75 7a
SCHED-TRACE 14011 96979 P 75 d367bcac1
SCHED-TRACE 14012 96979 R 75 d367bcac1
SCHED-TRACE 14013 96980 U 4 cebf4d
SCHED-TRACE 14014 96980 V 4 cebfd9
SCHED-TRACE 14015 96980 O 0 0
SCHED-TRACE 14016 96980 P 75 d38274fdf
SCHED-TRACE 14017 96981 K 72 cf9cff3b6
SCHED-TRACE 14018 96981 P 75 d39a98d50
SCHED-TRACE 14019 96982 P 75 d3acfa1cb
SCHED-TRACE 14020 97056 I 72 cee818
SCHED-TRACE 14021 97056 B 72 7a
SCHED-TRACE 14022 97056 P 72 d36834fdf
SCHED-TRACE 14023 97056 R 72 d36834fdf
SCHED-TRACE 14024 97057 U 4 cee926
SCHED-TRACE 14025 97057 V 4 cee9b3
SCHED-TRACE 14026 97057 O 0 0
SCHED-TRACE 14027 97057 P 72 d382efdf4
SCHED-TRACE 14028 97058 K 69 cf9da8313
SCHED-TRACE 14029 97058 P 72 d39b1645a
SCHED-TRACE 14030 97059 P 72 d3ad74fdf
SCHED-TRACE 14031 97133 I 69 cf11f2
SCHED-TRACE 14032 97133 B 69 7a
SCHED-TRACE 14033 97133 P 69 d368ddf3c
SCHED-TRACE 14034 97133 R 69 d368ddf3c
SCHED-TRACE 14035 97134 U 4 cf1301
SCHED-TRACE 14036 97134 V 4 cf138d
SCHED-TRACE 14037 97134 O 0 0
SCHED-TRACE 14038 97134 P 69 d3839b646
SCHED-TRACE 14039 97135 K 42 cfacc6e98
SCHED-TRACE 14040 97135 P 69 d39bbf3b7
SCHED-TRACE 14041 97136 P 69 d3ae20832
SCHED-TRACE 14042 97210 I 42 cf3bcb
SCHED-TRACE 14043 97210 B 42 7a
SCHED-TRACE 14044 97210 P 42 d377d645a
SCHED-TRACE 14045 97210 R 42 d377d645a
SCHED-TRACE 14046 97211 U 4 cf3cda
SCHED-TRACE 14047 97211 V 4 cf3d67
SCHED-TRACE 14048 97211 O 0 0
SCHED-TRACE 14049 97211 P 42 d392aac09
SCHED-TRACE 14050 97212 K 81 cfb2445a1
SCHED-TRACE 14051 97212 P 42 d3aad126f
SCHED-TRACE 14052 97213 P 42 d3bd2d4fe
SCHED-TRACE 14053 97287 I 81 cf65a5
SCHED-TRACE 14054 97287 B 81 7b
SCHED-TRACE 14055 97287 P 81 d37d65a1c
SCHED-TRACE 14056 97287 R 81 d37d65a1c
SCHED-TRACE 14057 97288 U 4 cf66b3
SCHED-TRACE 14058 97288 V 4 cf673f
SCHED-TRACE 14059 97288 O 0 0
SCHED-TRACE 14060 97288 P 81 d39813b64
SCHED-TRACE 14061 97289 K 39 cfc9ba1cb
SCHED-TRACE 14062 97289 P 81 d3b03a1ca
SCHED-TRACE 14063 97290 P 81 d3c29645a
SCHED-TRACE 14064 97364 I 39 cf8f7d
SCHED-TRACE 14065 97364 B 39 7a
SCHED-TRACE 14066 97364 P 39 d394db646
SCHED-TRACE 14067 97364 R 39 d394db646
SCHED-TRACE 14068 97365 U 4 cf908a
SCHED-TRACE 14069 97365 V 4 cf9117
SCHED-TRACE 14070 97365 O 0 0
SCHED-TRACE 14071 97365 P 39 d3af86e97
SCHED-TRACE 14072 97366 K 33 cfddea3d7
SCHED-TRACE 14073 97366 P 39 d3c7ad4fe
SCHED-TRACE 14074 97367 P 39 d3da06e97
SCHED-TRACE 14075 97441 I 33 cfb955
SCHED-TRACE 14076 97441 B 33 7b
SCHED-TRACE 14077 97441 P 33 d03f06a7f
SCHED-TRACE 14078 97441 R 33 d03f06a7f
SCHED-TRACE 14079 97442 U 4 cfba62
SCHED-TRACE 14080 97442 V 4 cfbaef
SCHED-TRACE 14081 97442 O 0 0
SCHED-TRACE 14082 97442 P 33 d041b0a3d
SCHED-TRACE 14083 97443 K 36 cffffcac0
SCHED-TRACE 14084 97443 P 33 d0441a9fc
SCHED-TRACE 14085 97444 P 33 d045f0a3d
SCHED-TRACE 14086 97518 I 36 cfe32d
SCHED-TRACE 14087 97518 B 36 7a
SCHED-TRACE 14088 97518 P 36 d3cb28312
SCHED-TRACE 14089 97518 R 36 d3cb28312
SCHED-TRACE 14090 97519 U 4 cfe43a
SCHED-TRACE 14091 97519 V 4 cfe4c7
SCHED-TRACE 14092 97519 O 0 0
SCHED-TRACE 14093 97519 P 36 d3e5ce978
SCHED-TRACE 14094 97520 K 33 d045f0a3d
SCHED-TRACE 14095 97520 P 36 d3fdf26e9
SCHED-TRACE 14096 97521 P 36 d4104e978
SCHED-TRACE 14097 97596 I 33 d00d7c
SCHED-TRACE 14098 97596 B 33 7a
SCHED-TRACE 14099 97596 P 33 d0a83ae14
SCHED-TRACE 14100 97596 R 33 d0a83ae14
SCHED-TRACE 14101 97597 U 4 d00e89
SCHED-TRACE 14102 97597 V 4 d00f16
SCHED-TRACE 14103 97597 O 0 0
SCHED-TRACE 14104 97597 P 33 d0aae4dd3
SCHED-TRACE 14105 97598 K 33 d0aae4dd3
SCHED-TRACE 14106 97598 P 33 d0ad4f1aa
SCHED-TRACE 14107 97674 I 33 d03791
SCHED-TRACE 14108 97674 B 33 7a
SCHED-TRACE 14109 97674 P 33 d110d9581
SCHED-TRACE 14110 97674 R 33 d110d9581
SCHED-TRACE 14111 97675 U 4 d0389e
SCHED-TRACE 14112 97675 V 4 d0392b
SCHED-TRACE 14113 97675 O 0 0
SCHED-TRACE 14114 97675 P 33 d1138353f
SCHED-TRACE 14115 97676 K 33 d1138353f
SCHED-TRACE 14116 97676 P 33 d115ed916
SCHED-TRACE 14117 97752 I 33 d061a6
SCHED-TRACE 14118 97752 B 33 7a
SCHED-TRACE 14119 97752 P 33 d17977ced
SCHED-TRACE 14120 97752 R 33 d17977ced
SCHED-TRACE 14121 97753 U 4 d062b3
SCHED-TRACE 14122 97753 V 4 d0633f
SCHED-TRACE 14123 97753 O 0 0
SCHED-TRACE 14124 97753 P 33 d17c220c4
SCHED-TRACE 14125 97754 K 33 d17c220c4
SCHED-TRACE 14126 97754 P 33 d17e8c083
SCHED-TRACE 14127 97830 I 33 d08bba
SCHED-TRACE 14128 97830 B 33 7a
SCHED-TRACE 14129 97830 P 33 d1e216873
SCHED-TRACE 14130 97830 R 33 d1e216873
SCHED-TRACE 14131 97831 U 4 d08cc7
SCHED-TRACE 14132 97831 V 4 d08d54
SCHED-TRACE 14133 97831 O 0 0
SCHED-TRACE 14134 97831 P 33 d1e4c0831
SCHED-TRACE 14135 97832 K 33 d1e4c0831
SCHED-TRACE 14136 97832 P 33 d1e72ac08
SCHED-TRACE 14137 97908 I 33 d0b5cf
SCHED-TRACE 14138 97908 B 33 7b
SCHED-TRACE 14139 97908 P 33 d24ab53f8
SCHED-TRACE 14140 97908 R 33 d24ab53f8
SCHED-TRACE 14141 97909 U 4 d0b6dc
SCHED-TRACE 14142 97909 V 4 d0b769
SCHED-TRACE 14143 97909 O 0 0
SCHED-TRACE 14144 97909 P 33 d24d5f3b6
SCHED-TRACE 14145 97910 K 33 d24d5f3b6
SCHED-TRACE 14146 97910 P 33 d24fc9375
SCHED-TRACE 14147 97986 I 33 d0dfe4
SCHED-TRACE 14148 97986 B 33 7a
SCHED-TRACE 14149 97986 P 33 d2b353b64
SCHED-TRACE 14150 97986 R 33 d2b353b64
SCHED-TRACE 14151 97987 U 4 d0e0f1
SCHED-TRACE 14152 97987 V 4 d0e17d
SCHED-TRACE 14153 97987 O 0 0
SCHED-TRACE 14154 97987 P 33 d2b5fdb23
SCHED-TRACE 14155 97988 K 33 d2b5fdb23
SCHED-TRACE 14156 97988 P 33 d2b867efa
SCHED-TRACE 14157 98064 I 33 d109f8
SCHED-TRACE 14158 98064 B 33 7a
SCHED-TRACE 14159 98064 P 33 d31bf26e9
SCHED-TRACE 14160 98064 R 33 d31bf26e9
SCHED-TRACE 14161 98065 U 4 d10b05
SCHED-TRACE 14162 98065 V 4 d10b92
SCHED-TRACE 14163 98065 O 0 0
SCHED-TRACE 14164 98065 P 33 d31e9c6a8
SCHED-TRACE 14165 98066 K 33 d31e9c6a8
SCHED-TRACE 14166 98066 P 33 d32106a7f
SCHED-TRACE 14167 98142 I 33 d1340d
SCHED-TRACE 14168 98142 B 33 7b
SCHED-TRACE 14169 98142 P 33 d3849126e
SCHED-TRACE 14170 98142 R 33 d3849126e
SCHED-TRACE 14171 98143 U 4 d1351a
SCHED-TRACE 14172 98143 V 4 d135a7
SCHED-TRACE 14173 98143 O 0 0
SCHED-TRACE 14174 98143 P 33 d3873b22d
SCHED-TRACE 14175 98144 K 33 d3873b22d
SCHED-TRACE 14176 98144 P 33 d389a51eb
SCHED-TRACE 14177 98220 I 33 d15e22
SCHED-TRACE 14178 98220 B 33 7a
SCHED-TRACE 14179 98220 P 33 d3ed2f9db
SCHED-TRACE 14180 98220 R 33 d3ed2f9db
SCHED-TRACE 14181 98221 U 4 d15f2f
SCHED-TRACE 14182 98221 V 4 d15fbc
SCHED-TRACE 14183 98221 O 0 0
SCHED-TRACE 14184 98221 P 33 d3efda9fc
SCHED-TRACE 14185 98222 K 60 d395f78d5
SCHED-TRACE 14186 98222 P 33 d3f2449ba
SCHED-TRACE 14187 98223 P 33 d3f41b22d
SCHED-TRACE 14188 98297 I 60 d18800
SCHED-TRACE 14189 98297 B 60 7a
SCHED-TRACE 14190 98297 P 60 d761a8312
SCHED-TRACE 14191 98297 R 60 d761a8312
SCHED-TRACE 14192 98298 U 4 d1890e
SCHED-TRACE 14193 98298 V 4 d1899b
SCHED-TRACE 14194 98298 O 0 0
SCHED-TRACE 14195 98298 P 60 d77c6fdf3
SCHED-TRACE 14196 98299 K 63 d39c3f3b6
SCHED-TRACE 14197 98299 P 60 d7949645a
SCHED-TRACE 14198 98300 P 60 d7a6f4fdf
SCHED-TRACE 14199 98374 I 63 d1b1dd
SCHED-TRACE 14200 98374 B 63 7a
SCHED-TRACE 14201 98374 P 63 d767b26e9
SCHED-TRACE 14202 98374 R 63 d767b26e9
SCHED-TRACE 14203 98375 U 4 d1b2eb
SCHED-TRACE 14204 98375 V 4 d1b378
SCHED-TRACE 14205 98375 O 0 0
SCHED-TRACE 14206 98375 P 63 d782778d5
SCHED-TRACE 14207 98376 K 51 d39f7cac1
SCHED-TRACE 14208 98376 P 63 d79a9df3b
SCHED-TRACE 14209 98377 P 63 d7acfcac0
SCHED-TRACE 14210 98451 I 51 d1dbba
SCHED-TRACE 14211 98451 B 51 7a
SCHED-TRACE 14212 98451 P 51 d76aefdf4
SCHED-TRACE 14213 98451 R 51 d76aefdf4
SCHED-TRACE 14214 98452 U 4 d1dcc8
SCHED-TRACE 14215 98452 V 4 d1dd55
SCHED-TRACE 14216 98452 O 0 0
SCHED-TRACE 14217 98452 P 51 d785c1cac
SCHED-TRACE 14218 98453 K 48 d39fe3127
SCHED-TRACE 14219 98453 P 51 d79de5a1d
SCHED-TRACE 14220 98454 P 51 d7b046e98
SCHED-TRACE 14221 98528 I 48 d20597
SCHED-TRACE 14222 98528 B 48 7a
SCHED-TRACE 14223 98528 P 48 d76b5645a
SCHED-TRACE 14224 98528 R 48 d76b5645a
SCHED-TRACE 14225 98529 U 4 d206a6
SCHED-TRACE 14226 98529 V 4 d20732
SCHED-TRACE 14227 98529 O 0 0
SCHED-TRACE 14228 98529 P 48 d78628312
SCHED-TRACE 14229 98530 K 78 d3a1b26ea
SCHED-TRACE 14230 98530 P 48 d79e4e979
SCHED-TRACE 14231 98531 P 48 d7b0ad4fe
SCHED-TRACE 14232 98605 I 78 d22f72
SCHED-TRACE 14233 98605 B 78 7a
SCHED-TRACE 14234 98605 P 78 d76ce8313
SCHED-TRACE 14235 98605 R 78 d76ce8313
SCHED-TRACE 14236 98606 U 4 d23080
SCHED-TRACE 14237 98606 V 4 d2310c
SCHED-TRACE 14238 98606 O 0 0
SCHED-TRACE 14239 98606 P 78 d787a0831
SCHED-TRACE 14240 98607 K 66 d3a4045a1
SCHED-TRACE 14241 98607 P 78 d79fc6e98
SCHED-TRACE 14242 98608 P 78 d7b228313
SCHED-TRACE 14243 98682 I 66 d2594e
SCHED-TRACE 14244 98682 B 66 7a
SCHED-TRACE 14245 98682 P 66 d76f74fdf
SCHED-TRACE 14246 98682 R 66 d76f74fdf
SCHED-TRACE 14247 98683 U 4 d25a5c
SCHED-TRACE 14248 98683 V 4 d25ae9
SCHED-TRACE 14249 98683 O 0 0
SCHED-TRACE 14250 98683 P 66 d78a34fdf
SCHED-TRACE 14251 98684 K 57 d3a5d126f
SCHED-TRACE 14252 98684 P 66 d7a25b645
SCHED-TRACE 14253 98685 P 66 d7b4bcac0
SCHED-TRACE 14254 98759 I 57 d2832b
SCHED-TRACE 14255 98759 B 57 7b
SCHED-TRACE 14256 98759 P 57 d771445a2
SCHED-TRACE 14257 98759 R 57 d771445a2
SCHED-TRACE 14258 98760 U 4 d28439
SCHED-TRACE 14259 98760 V 4 d284c6
SCHED-TRACE 14260 98760 O 0 0
SCHED-TRACE 14261 98760 P 57 d78c0c083
SCHED-TRACE 14262 98761 K 54 d3a65b646
SCHED-TRACE 14263 98761 P 57 d7a4326ea
SCHED-TRACE 14264 98762 P 57 d7b693b65
SCHED-TRACE 14265 98836 I 54 d2ad08
SCHED-TRACE 14266 98836 B 54 7a
SCHED-TRACE 14267 98836 P 54 d771ce979
SCHED-TRACE 14268 98836 R 54 d771ce979
SCHED-TRACE 14269 98837 U 4 d2ae16
SCHED-TRACE 14270 98837 V 4 d2aea3
SCHED-TRACE 14271 98837 O 0 0
SCHED-TRACE 14272 98837 P 54 d78c9b646
SCHED-TRACE 14273 98838 K 45 d3a83a1cb
SCHED-TRACE 14274 98838 P 54 d7a4bf3b6
SCHED-TRACE 14275 98839 P 54 d7b720831
SCHED-TRACE 14276 98913 I 45 d2d6e5
SCHED-TRACE 14277 98913 B 45 7a
SCHED-TRACE 14278 98913 P 45 d773ad4fe
SCHED-TRACE 14279 98913 R 45 d773ad4fe
SCHED-TRACE 14280 98914 U 4 d2d7f4
SCHED-TRACE 14281 98914 V 4 d2d880
SCHED-TRACE 14282 98914 O 0 0
SCHED-TRACE 14283 98914 P 45 d78e81cac
SCHED-TRACE 14284 98915 K 75 d3acfa1cb
SCHED-TRACE 14285 98915 P 45 d7a6a5a1d
SCHED-TRACE 14286 98916 P 45 d7b906e98
SCHED-TRACE 14287 98990 I 75 d300c0
SCHED-TRACE 14288 98990 B 75 7a
SCHED-TRACE 14289 98990 P 75 d7782d4fe
SCHED-TRACE 14290 98990 R 75 d7782d4fe
SCHED-TRACE 14291 98991 U 4 d301ce
SCHED-TRACE 14292 98991 V 4 d3025a
SCHED-TRACE 14293 98991 O 0 0
SCHED-TRACE 14294 98991 P 75 d792e3127
SCHED-TRACE 14295 98992 K 72 d3ad74fdf
SCHED-TRACE 14296 98992 P 75 d7ab0978d
SCHED-TRACE 14297 98993 P 75 d7bd68313
SCHED-TRACE 14298 99067 I 72 d32a9a
SCHED-TRACE 14299 99067 B 72 7a
SCHED-TRACE 14300 99067 P 72 d778aac08
SCHED-TRACE 14301 99067 R 72 d778aac08
SCHED-TRACE 14302 99068 U 4 d32ba8
SCHED-TRACE 14303 99068 V 4 d32c34
SCHED-TRACE 14304 99068 O 0 0
SCHED-TRACE 14305 99068 P 72 d79365a1d
SCHED-TRACE 14306 99069 K 69 d3ae20832
SCHED-TRACE 14307 99069 P 72 d7ab8978e
SCHED-TRACE 14308 99070 P 72 d7bde8313
SCHED-TRACE 14309 99144 I 69 d35473
SCHED-TRACE 14310 99144 B 69 7b
SCHED-TRACE 14311 99144 P 69 d77958d50
SCHED-TRACE 14312 99144 R 69 d77958d50
SCHED-TRACE 14313 99145 U 4 d35582
SCHED-TRACE 14314 99145 V 4 d3560e
SCHED-TRACE 14315 99145 O 0 0
SCHED-TRACE 14316 99145 P 69 d79413b65
SCHED-TRACE 14317 99146 K 42 d3bd2d4fe
SCHED-TRACE 14318 99146 P 69 d7ac3a1cb
SCHED-TRACE 14319 99147 P 69 d7be98d50
SCHED-TRACE 14320 99221 I 42 d37e4c
SCHED-TRACE 14321 99221 B 42 7b
SCHED-TRACE 14322 99221 P 42 d7883cac1
SCHED-TRACE 14323 99221 R 42 d7883cac1
SCHED-TRACE 14324 99222 U 4 d37f5b
SCHED-TRACE 14325 99222 V 4 d37fe8
SCHED-TRACE 14326 99222 O 0 0
SCHED-TRACE 14327 99222 P 42 d7a31126f
SCHED-TRACE 14328 99223 K 81 d3c29645a
SCHED-TRACE 14329 99223 P 42 d7bb378d5
SCHED-TRACE 14330 99224 P 42 d7cd9645a
SCHED-TRACE 14331 99298 I 81 d3a826
SCHED-TRACE 14332 99298 B 81 7a
SCHED-TRACE 14333 99298 P 81 d78db26e9
SCHED-TRACE 14334 99298 R 81 d78db26e9
SCHED-TRACE 14335 99299 U 4 d3a934
SCHED-TRACE 14336 99299 V 4 d3a9c0
SCHED-TRACE 14337 99299 O 0 0
SCHED-TRACE 14338 99299 P 81 d7a860831
SCHED-TRACE 14339 99300 K 39 d3da06e97
SCHED-TRACE 14340 99300 P 81 d7c086e97
SCHED-TRACE 14341 99301 P 81 d7d2e3127
SCHED-TRACE 14342 99376 I 39 d3d274
SCHED-TRACE 14343 99376 B 39 7a
SCHED-TRACE 14344 99376 P 39 d7b0a8312
SCHED-TRACE 14345 99376 R 39 d7b0a8312
SCHED-TRACE 14346 99377 U 4 d3d381
SCHED-TRACE 14347 99377 V 4 d3d40e
SCHED-TRACE 14348 99377 O 0 0
SCHED-TRACE 14349 99377 P 39 d7cb53b64
SCHED-TRACE 14350 99378 K 33 d3f41b22d
SCHED-TRACE 14351 99378 P 39 d7e37a1cb
SCHED-TRACE 14352 99379 P 39 d7f5d3b64
SCHED-TRACE 14353 99453 I 33 d3fc4c
SCHED-TRACE 14354 99453 B 33 7a
SCHED-TRACE 14355 99453 P 33 d45537ced
SCHED-TRACE 14356 99453 R 33 d45537ced
SCHED-TRACE 14357 99454 U 4 d3fd59
SCHED-TRACE 14358 99454 V 4 d3fde6
SCHED-TRACE 14359 99454 O 0 0
SCHED-TRACE 14360 99454 P 33 d457e20c4
SCHED-TRACE 14361 99455 K 36 d4104e978
SCHED-TRACE 14362 99455 P 33 d45a4c083
SCHED-TRACE 14363 99456 P 33 d45c220c4
SCHED-TRACE 14364 99530 I 36 d42624
SCHED-TRACE 14365 99530 B 36 7a
SCHED-TRACE 14366 99530 P 36 d7db7a1ca
SCHED-TRACE 14367 99530 R 36 d7db7a1ca
SCHED-TRACE 14368 99531 U 4 d42731
SCHED-TRACE 14369 99531 V 4 d427be
SCHED-TRACE 14370 99531 O 0 0
SCHED-TRACE 14371 99531 P 36 d7f620831
SCHED-TRACE 14372 99532 K 33 d45c220c4
SCHED-TRACE 14373 99532 P 36 d80e46e97
SCHED-TRACE 14374 99533 P 36 d820a3127
SCHED-TRACE 14375 99608 I 33 d45073
SCHED-TRACE 14376 99608 B 33 7a
SCHED-TRACE 14377 99608 P 33 d4be6bc6a
SCHED-TRACE 14378 99608 R 33 d4be6bc6a
SCHED-TRACE 14379 99609 U 4 d45180
SCHED-TRACE 14380 99609 V 4 d4520d
SCHED-TRACE 14381 99609 O 0 0
SCHED-TRACE 14382 99609 P 33 d4c115c29
SCHED-TRACE 14383 99610 K 33 d4c115c29
SCHED-TRACE 14384 99610 P 33 d4c380000
SCHED-TRACE 14385 99686 I 33 d47a88
SCHED-TRACE 14386 99686 B 33 7b
SCHED-TRACE 14387 99686 P 33 d5270a7ef
SCHED-TRACE 14388 99686 R 33 d5270a7ef
SCHED-TRACE 14389 99687 U 4 d47b95
SCHED-TRACE 14390 99687 V 4 d47c21
SCHED-TRACE 14391 99687 O 0 0
SCHED-TRACE 14392 99687 P 33 d529b47ae
SCHED-TRACE 14393 99688 K 33 d529b47ae
SCHED-TRACE 14394 99688 P 33 d52c1e76c
SCHED-TRACE 14395 99764 I 33 d4a49c
SCHED-TRACE 14396 99764 B 33 7a
SCHED-TRACE 14397 99764 P 33 d58fa8f5c
SCHED-TRACE 14398 99764 R 33 d58fa8f5c
SCHED-TRACE 14399 99765 U 4 d4a5aa
SCHED-TRACE 14400 99765 V 4 d4a636
SCHED-TRACE 14401 99765 O 0 0
SCHED-TRACE 14402 99765 P 33 d59252f1a
SCHED-TRACE 14403 99766 K 33 d59252f1a
SCHED-TRACE 14404 99766 P 33 d594bd2f1
SCHED-TRACE 14405 99842 I 33 d4ceb1
SCHED-TRACE 14406 99842 B 33 7a
SCHED-TRACE 14407 99842 P 33 d5f847ae1
SCHED-TRACE 14408 99842 R 33 d5f847ae1
SCHED-TRACE 14409 99843 U 4 d4cfbe
SCHED-TRACE 14410 99843 V 4 d4d04b
SCHED-TRACE 14411 99843 O 0 0
SCHED-TRACE 14412 99843 P 33 d5faf1aa0
SCHED-TRACE 14413 99844 K 33 d5faf1aa0
SCHED-TRACE 14414 99844 P 33 d5fd5be77
SCHED-TRACE 14415 99920 I 33 d4f8c6
SCHED-TRACE 14416 99920 B 33 7b
SCHED-TRACE 14417 99920 P 33 d660e6666
SCHED-TRACE 14418 99920 R 33 d660e6666
SCHED-TRACE 14419 99921 U 4 d4f9d3
SCHED-TRACE 14420 99921 V 4 d4fa5f
SCHED-TRACE 14421 99921 O 0 0
SCHED-TRACE 14422 99921 P 33 d6639020c
SCHED-TRACE 14423 99922 K 33 d6639020c
SCHED-TRACE 14424 99922 P 33 d665fa1cb
SCHED-TRACE 14425 99998 I 33 d522da
SCHED-TRACE 14426 99998 B 33 7a
SCHED-TRACE 14427 99998 P 33 d6c9849ba
SCHED-TRACE 14428 99998 R 33 d6c9849ba
SCHED-TRACE 14429 99999 U 4 d523e8
SCHED-TRACE 14430 99999 V 4 d52474
SCHED-TRACE 14431 99999 O 0 0
SCHED-TRACE 14432 99999 P 33 d6cc2e979
SCHED-TRACE 14433 100000 K 33 d6cc2e979
SCHED-TRACE 14434 100000 P 33 d6ce98d50
SCHED-TRACE 14435 100076 I 33 d54cef
SCHED-TRACE 14436 100076 B 33 7a
SCHED-TRACE 14437 100076 P 33 d7322353f
SCHED-TRACE 14438 100076 R 33 d7322353f
SCHED-TRACE 14439 100077 U 4 d54dfc
SCHED-TRACE 14440 100077 V 4 d54e89
SCHED-TRACE 14441 100077 O 0 0
SCHED-TRACE 14442 100077 P 33 d734cd4fe
SCHED-TRACE 14443 100078 K 33 d734cd4fe
SCHED-TRACE 14444 100078 P 33 d737378d5
SCHED-TRACE 14445 100154 I 33 d57704
SCHED-TRACE 14446 100154 B 33 7a
SCHED-TRACE 14447 100154 P 33 d79ac1cac
SCHED-TRACE 14448 100154 R 33 d79ac1cac
SCHED-TRACE 14449 100155 U 4 d57811
SCHED-TRACE 14450 100155 V 4 d5789d
SCHED-TRACE 14451 100155 O 0 0
SCHED-TRACE 14452 100155 P 33 d79d6c083
SCHED-TRACE 14453 100156 K 33 d79d6c083
SCHED-TRACE 14454 100156 P 33 d79fd6041
SCHED-TRACE 14455 100232 I 33 d5a118
SCHED-TRACE 14456 100232 B 33 7a
SCHED-TRACE 14457 100232 P 33 d80360831
SCHED-TRACE 14458 100232 R 33 d80360831
SCHED-TRACE 14459 100233 U 4 d5a226
SCHED-TRACE 14460 100233 V 4 d5a2b2
SCHED-TRACE 14461 100233 O 0 0
SCHED-TRACE 14462 100233 P 33 d8060b439
SCHED-TRACE 14463 100234 K 60 d7a6f4fdf
SCHED-TRACE 14464 100234 P 33 d80875810
SCHED-TRACE 14465 100235 P 33 d80a4c083
SCHED-TRACE 14466 100309 I 60 d5caf7
SCHED-TRACE 14467 100309 B 60 7a
SCHED-TRACE 14468 100309 P 60 db72a5a1c
SCHED-TRACE 14469 100309 R 60 db72a5a1c
SCHED-TRACE 14470 100310 U 4 d5cc05
SCHED-TRACE 14471 100310 V 4 d5cc92
SCHED-TRACE 14472 100310 O 0 0
SCHED-TRACE 14473 100310 P 60 db8d6d4fe
SCHED-TRACE 14474 100311 K 63 d7acfcac0
SCHED-TRACE 14475 100311 P 60 dba593b64
SCHED-TRACE 14476 100312 P 60 dbb7f26e9
SCHED-TRACE 14477 100386 I 63 d5f4d4
SCHED-TRACE 14478 100386 B 63 7a
SCHED-TRACE 14479 100386 P 63 db78726e9
SCHED-TRACE 14480 100386 R 63 db78726e9
SCHED-TRACE 14481 100387 U 4 d5f5e2
SCHED-TRACE 14482 100387 V 4 d5f66e
SCHED-TRACE 14483 100387 O 0 0
SCHED-TRACE 14484 100387 P 63 db93378d5
SCHED-TRACE 14485 100388 K 51 d7b046e98
SCHED-TRACE 14486 100388 P 63 dbab5df3b
SCHED-TRACE 14487 100389 P 63 dbbdbcac0
SCHED-TRACE 14488 100463 I 51 d61eb0
SCHED-TRACE 14489 100463 B 51 7a
SCHED-TRACE 14490 100463 P 51 db7bbcac1
SCHED-TRACE 14491 100463 R 51 db7bbcac1
SCHED-TRACE 14492 100464 U 4 d61fbf
SCHED-TRACE 14493 100464 V 4 d6204c
SCHED-TRACE 14494 100464 O 0 0
SCHED-TRACE 14495 100464 P 51 db968e979
SCHED-TRACE 14496 100465 K 48 d7b0ad4fe
SCHED-TRACE 14497 100465 P 51 dbaeb4fdf
SCHED-TRACE 14498 100466 P 51 dbc11645a
SCHED-TRACE 14499 100540 I 48 d6488e
SCHED-TRACE 14500 100540 B 48 7a
SCHED-TRACE 14501 100540 P 48 db7c20831
SCHED-TRACE 14502 100540 R 48 db7c20831
SCHED-TRACE 14503 100541 U 4 d6499d
SCHED-TRACE 14504 100541 V 4 d64a29
SCHED-TRACE 14505 100541 O 0 0
SCHED-TRACE 14506 100541 P 48 db96f26e9
SCHED-TRACE 14507 100542 K 78 d7b228313
SCHED-TRACE 14508 100542 P 48 dbaf18d50
SCHED-TRACE 14509 100543 P 48 dbc1778d5
SCHED-TRACE 14510 100617 I 78 d67268
SCHED-TRACE 14511 100617 B 78 7a
SCHED-TRACE 14512 100617 P 78 db7d5df3c
SCHED-TRACE 14513 100617 R 78 db7d5df3c
SCHED-TRACE 14514 100618 U 4 d67376
SCHED-TRACE 14515 100618 V 4 d67403
SCHED-TRACE 14516 100618 O 0 0
SCHED-TRACE 14517 100618 P 78 db9813b64
SCHED-TRACE 14518 100619 K 66 d7b4bcac0
SCHED-TRACE 14519 100619 P 78 dbb03a1cb
SCHED-TRACE 14520 100620 P 78 dbc29b646
SCHED-TRACE 14521 100694 I 66 d69c45
SCHED-TRACE 14522 100694 B 66 7b
SCHED-TRACE 14523 100694 P 66 db802fdf3
SCHED-TRACE 14524 100694 R 66 db802fdf3
SCHED-TRACE 14525 100695 U 4 d69d53
SCHED-TRACE 14526 100695 V 4 d69de0
SCHED-TRACE 14527 100695 O 0 0
SCHED-TRACE 14528 100695 P 66 db9aefdf3
SCHED-TRACE 14529 100696 K 57 d7b693b65
SCHED-TRACE 14530 100696 P 66 dbb31645a
SCHED-TRACE 14531 100697 P 66 dbc574fdf
SCHED-TRACE 14532 100771 I 57 d6c621
SCHED-TRACE 14533 100771 B 57 7a
SCHED-TRACE 14534 100771 P 57 db8206e98
SCHED-TRACE 14535 100771 R 57 db8206e98
SCHED-TRACE 14536 100772 U 4 d6c730
SCHED-TRACE 14537 100772 V 4 d6c7bd
SCHED-TRACE 14538 100772 O 0 0
SCHED-TRACE 14539 100772 P 57 db9cd3b65
SCHED-TRACE 14540 100773 K 54 d7b720831
SCHED-TRACE 14541 100773 P 57 dbb4fa1cb
SCHED-TRACE 14542 100774 P 57 dbc75b646
SCHED-TRACE 14543 100848 I 54 d6effe
SCHED-TRACE 14544 100848 B 54 7b
SCHED-TRACE 14545 100848 P 54 db8293b64
SCHED-TRACE 14546 100848 R 54 db8293b64
SCHED-TRACE 14547 100849 U 4 d6f10d
SCHED-TRACE 14548 100849 V 4 d6f19a
SCHED-TRACE 14549 100849 O 0 0
SCHED-TRACE 14550 100849 P 54 db9d60831
SCHED-TRACE 14551 100850 K 45 d7b906e98
SCHED-TRACE 14552 100850 P 54 dbb5845a2
SCHED-TRACE 14553 100851 P 54 dbc7e5a1d
SCHED-TRACE 14554 100925 I 45 d719dc
SCHED-TRACE 14555 100925 B 45 7a
SCHED-TRACE 14556 100925 P 45 db847a1cb
SCHED-TRACE 14557 100925 R 45 db847a1cb
SCHED-TRACE 14558 100926 U 4 d71aeb
SCHED-TRACE 14559 100926 V 4 d71b77
SCHED-TRACE 14560 100926 O 0 0
SCHED-TRACE 14561 100926 P 45 db9f4e979
SCHED-TRACE 14562 100927 K 75 d7bd68313
SCHED-TRACE 14563 100927 P 45 dbb7726ea
SCHED-TRACE 14564 100928 P 45 dbc9d126f
SCHED-TRACE 14565 101002 I 75 d743b6
SCHED-TRACE 14566 101002 B 75 7b
SCHED-TRACE 14567 101002 P 75 db88a0831
SCHED-TRACE 14568 101002 R 75 db88a0831
SCHED-TRACE 14569 101003 U 4 d744c4
SCHED-TRACE 14570 101003 V 4 d74551
SCHED-TRACE 14571 101003 O 0 0
SCHED-TRACE 14572 101003 P 75 dba35645a
SCHED-TRACE 14573 101004 K 72 d7bde8313
SCHED-TRACE 14574 101004 P 75 dbbb7a1cb
SCHED-TRACE 14575 101005 P 75 dbcddb646
SCHED-TRACE 14576 101079 I 72 d76d90
SCHED-TRACE 14577 101079 B 72 7a
SCHED-TRACE 14578 101079 P 72 db891df3c
SCHED-TRACE 14579 101079 R 72 db891df3c
SCHED-TRACE 14580 101080 U 4 d76e9e
SCHED-TRACE 14581 101080 V 4 d76f2b
SCHED-TRACE 14582 101080 O 0 0
SCHED-TRACE 14583 101080 P 72 dba3d8d50
SCHED-TRACE 14584 101081 K 69 d7be98d50
SCHED-TRACE 14585 101081 P 72 dbbbff3b6
SCHED-TRACE 14586 101082 P 72 dbce5df3c
SCHED-TRACE 14587 101156 I 69 d7976a
SCHED-TRACE 14588 101156 B 69 7a
SCHED-TRACE 14589 101156 P 69 db89ce979
SCHED-TRACE 14590 101156 R 69 db89ce979
SCHED-TRACE 14591 101157 U 4 d79878
SCHED-TRACE 14592 101157 V 4 d79905
SCHED-TRACE 14593 101157 O 0 0
SCHED-TRACE 14594 101157 P 69 dba48c084
SCHED-TRACE 14595 101158 K 42 d7cd9645a
SCHED-TRACE 14596 101158 P 69 dbbcafdf4
SCHED-TRACE 14597 101159 P 69 dbcf1126f
SCHED-TRACE 14598 101233 I 42 d7c143
SCHED-TRACE 14599 101233 B 42 7a
SCHED-TRACE 14600 101233 P 42 db98a8313
SCHED-TRACE 14601 101233 R 42 db98a8313
SCHED-TRACE 14602 101234 U 4 d7c252
SCHED-TRACE 14603 101234 V 4 d7c2df
SCHED-TRACE 14604 101234 O 0 0
SCHED-TRACE 14605 101234 P 42 dbb37f3b7
SCHED-TRACE 14606 101235 K 81 d7d2e3127
SCHED-TRACE 14607 101235 P 42 dbcba5a1d
SCHED-TRACE 14608 101236 P 42 dbde045a2
SCHED-TRACE 14609 101310 I 81 d7eb1d
SCHED-TRACE 14610 101310 B 81 7a
SCHED-TRACE 14611 101310 P 81 db9e01cac
SCHED-TRACE 14612 101310 R 81 db9e01cac
SCHED-TRACE 14613 101311 U 4 d7ec2b
SCHED-TRACE 14614 101311 V 4 d7ecb7
SCHED-TRACE 14615 101311 O 0 0
SCHED-TRACE 14616 101311 P 81 dbb8afdf3
SCHED-TRACE 14617 101312 K 39 d7f5d3b64
SCHED-TRACE 14618 101312 P 81 dbd0d645a
SCHED-TRACE 14619 101313 P 81 dbe3326e9
SCHED-TRACE 14620 101387 I 39 d814f5
SCHED-TRACE 14621 101387 B 39 7b
SCHED-TRACE 14622 101387 P 39 dbc0d126e
SCHED-TRACE 14623 101387 R 39 dbc0d126e
SCHED-TRACE 14624 101388 U 4 d81602
SCHED-TRACE 14625 101388 V 4 d8168f
SCHED-TRACE 14626 101388 O 0 0
SCHED-TRACE 14627 101388 P 39 dbdb7a1cb
SCHED-TRACE 14628 101389 K 33 d80a4c083
SCHED-TRACE 14629 101389 P 39 dbf3a0831
SCHED-TRACE 14630 101390 P 39 dc05fcac0
SCHED-TRACE 14631 101464 I 33 d83ecd
SCHED-TRACE 14632 101464 B 33 7a
SCHED-TRACE 14633 101464 P 33 d86b68312
SCHED-TRACE 14634 101464 R 33 d86b68312
SCHED-TRACE 14635 101465 U 4 d83fda
SCHED-TRACE 14636 101465 V 4 d84067
SCHED-TRACE 14637 101465 O 0 0
SCHED-TRACE 14638 101465 P 33 d86e122d1
SCHED-TRACE 14639 101466 K 36 d820a3127
SCHED-TRACE 14640 101466 P 33 d8707c28f
SCHED-TRACE 14641 101467 P 33 d872526e9
SCHED-TRACE 14642 101541 I 36 d868a5
SCHED-TRACE 14643 101541 B 36 7a
SCHED-TRACE 14644 101541 P 36 dbebce978
SCHED-TRACE 14645 101541 R 36 dbebce978
SCHED-TRACE 14646 101542 U 4 d869b2
SCHED-TRACE 14647 101542 V 4 d86a3f
SCHED-TRACE 14648 101542 O 0 0
SCHED-TRACE 14649 101542 P 36 dc06778d5
SCHED-TRACE 14650 101543 K 33 d872526e9
SCHED-TRACE 14651 101543 P 36 dc1e9b645
SCHED-TRACE 14652 101544 P 36 dc30f78d5
SCHED-TRACE 14653 101619 I 33 d892f4
SCHED-TRACE 14654 101619 B 33 7a
SCHED-TRACE 14655 101619 P 33 d8d49ced9
SCHED-TRACE 14656 101619 R 33 d8d49ced9
SCHED-TRACE 14657 101620 U 4 d89402
SCHED-TRACE 14658 101620 V 4 d8948e
SCHED-TRACE 14659 101620 O 0 0
SCHED-TRACE 14660 101620 P 33 d8d746e97
SCHED-TRACE 14661 101621 K 33 d8d746e97
SCHED-TRACE 14662 101621 P 33 d8d9b126e
SCHED-TRACE 14663 101697 I 33 d8bd09
SCHED-TRACE 14664 101697 B 33 7a
SCHED-TRACE 14665 101697 P 33 d93d3ba5e
SCHED-TRACE 14666 101697 R 33 d93d3ba5e
SCHED-TRACE 14667 101698 U 4 d8be16
SCHED-TRACE 14668 101698 V 4 d8bea3
SCHED-TRACE 14669 101698 O 0 0
SCHED-TRACE 14670 101698 P 33 d93fe5a1c
SCHED-TRACE 14671 101699 K 33 d93fe5a1c
SCHED-TRACE 14672 101699 P 33 d9424fdf4
SCHED-TRACE 14673 101775 I 33 d8e71e
SCHED-TRACE 14674 101775 B 33 7b
SCHED-TRACE 14675 101775 P 33 d9a5da5e3
SCHED-TRACE 14676 101775 R 33 d9a5da5e3
SCHED-TRACE 14677 101776 U 4 d8e82b
SCHED-TRACE 14678 101776 V 4 d8e8b7
SCHED-TRACE 14679 101776 O 0 0
SCHED-TRACE 14680 101776 P 33 d9a884189
SCHED-TRACE 14681 101777 K 33 d9a884189
SCHED-TRACE 14682 101777 P 33 d9aaee148
SCHED-TRACE 14683 101853 I 33 d91132
SCHED-TRACE 14684 101853 B 33 7a
SCHED-TRACE 14685 101853 P 33 da0e78937
SCHED-TRACE 14686 101853 R 33 da0e78937
SCHED-TRACE 14687 101854 U 4 d91240
SCHED-TRACE 14688 101854 V 4 d912cc
SCHED-TRACE 14689 101854 O 0 0
SCHED-TRACE 14690 101854 P 33 da11228f6
SCHED-TRACE 14691 101855 K 33 da11228f6
SCHED-TRACE 14692 101855 P 33 da138cccd
SCHED-TRACE 14693 101931 I 33 d93b47
SCHED-TRACE 14694 101931 B 33 7a
SCHED-TRACE 14695 101931 P 33 da77174bc
SCHED-TRACE 14696 101931 R 33 da77174bc
SCHED-TRACE 14697 101932 U 4 d93c54
SCHED-TRACE 14698 101932 V 4 d93ce1
SCHED-TRACE 14699 101932 O 0 0
SCHED-TRACE 14700 101932 P 33 da79c147b
SCHED-TRACE 14701 101933 K 33 da79c147b
SCHED-TRACE 14702 101933 P 33 da7c2b852
SCHED-TRACE 14703 102009 I 33 d9655c
SCHED-TRACE 14704 102009 B 33 7a
SCHED-TRACE 14705 102009 P 33 dadfb5c29
SCHED-TRACE 14706 102009 R 33 dadfb5c29
SCHED-TRACE 14707 102010 U 4 d96669
SCHED-TRACE 14708 102010 V 4 d966f5
SCHED-TRACE 14709 102010 O 0 0
SCHED-TRACE 14710 102010 P 33 dae260000
SCHED-TRACE 14711 102011 K 33 dae260000
SCHED-TRACE 14712 102011 P 33 dae4c9fbe
SCHED-TRACE 14713 102087 I 33 d98f70
SCHED-TRACE 14714 102087 B 33 7a
SCHED-TRACE 14715 102087 P 33 db48547ae
SCHED-TRACE 14716 102087 R 33 db48547ae
SCHED-TRACE 14717 102088 U 4 d9907e
SCHED-TRACE 14718 102088 V 4 d9910a
SCHED-TRACE 14719 102088 O 0 0
SCHED-TRACE 14720 102088 P 33 db4afe76c
SCHED-TRACE 14721 102089 K 33 db4afe76c
SCHED-TRACE 14722 102089 P 33 db4d68b43
SCHED-TRACE 14723 102165 I 33 d9b985
SCHED-TRACE 14724 102165 B 33 7b
SCHED-TRACE 14725 102165 P 33 dbb0f3333
SCHED-TRACE 14726 102165 R 33 dbb0f3333
SCHED-TRACE 14727 102166 U 4 d9ba92
SCHED-TRACE 14728 102166 V 4 d9bb1f
SCHED-TRACE 14729 102166 O 0 0
SCHED-TRACE 14730 102166 P 33 dbb39d2f1
SCHED-TRACE 14731 102167 K 33 dbb39d2f1
SCHED-TRACE 14732 102167 P 33 dbb6076c9
SCHED-TRACE 14733 102243 I 33 d9e39a
SCHED-TRACE 14734 102243 B 33 7a
SCHED-TRACE 14735 102243 P 33 dc1991aa0
SCHED-TRACE 14736 102243 R 33 dc1991aa0
SCHED-TRACE 14737 102244 U 4 d9e4a7
SCHED-TRACE 14738 102244 V 4 d9e534
SCHED-TRACE 14739 102244 O 0 0
SCHED-TRACE 14740 102244 P 33 dc1c3cac0
SCHED-TRACE 14741 102245 K 60 dbb7f26e9
SCHED-TRACE 14742 102245 P 33 dc1ea6a7f
SCHED-TRACE 14743 102246 P 33 dc207d70a
SCHED-TRACE 14744 102320 I 60 da0d78
SCHED-TRACE 14745 102320 B 60 7a
SCHED-TRACE 14746 102320 P 60 df83a0831
SCHED-TRACE 14747 102320 R 60 df83a0831
SCHED-TRACE 14748 102321 U 4 da0e87
SCHED-TRACE 14749 102321 V 4 da0f13
SCHED-TRACE 14750 102321 O 0 0
SCHED-TRACE 14751 102321 P 60 df9e68312
SCHED-TRACE 14752 102322 K 63 dbbdbcac0
SCHED-TRACE 14753 102322 P 60 dfb68e978
SCHED-TRACE 14754 102323 P 60 dfc8efdf3
SCHED-TRACE 14755 102397 I 63 da3755
SCHED-TRACE 14756 102397 B 63 7b
SCHED-TRACE 14757 102397 P 63 df892fdf4
SCHED-TRACE 14758 102397 R 63 df892fdf4
SCHED-TRACE 14759 102398 U 4 da3863
SCHED-TRACE 14760 102398 V 4 da38f0
SCHED-TRACE 14761 102398 O 0 0
SCHED-TRACE 14762 102398 P 63 dfa3f26e9
SCHED-TRACE 14763 102399 K 51 dbc11645a
SCHED-TRACE 14764 102399 P 63 dfbc18d50
SCHED-TRACE 14765 102400 P 63 dfce7a1cb
SCHED-TRACE 14766 102474 I 51 da6132
SCHED-TRACE 14767 102474 B 51 7b
SCHED-TRACE 14768 102474 P 51 df8c8978e
SCHED-TRACE 14769 102474 R 51 df8c8978e
SCHED-TRACE 14770 102475 U 4 da6241
SCHED-TRACE 14771 102475 V 4 da62cd
SCHED-TRACE 14772 102475 O 0 0
SCHED-TRACE 14773 102475 P 51 dfa758d50
SCHED-TRACE 14774 102476 K 48 dbc1778d5
SCHED-TRACE 14775 102476 P 51 dfbf7cac1
SCHED-TRACE 14776 102477 P 51 dfd1ddf3c
SCHED-TRACE 14777 102551 I 48 da8b0f
SCHED-TRACE 14778 102551 B 48 7a
SCHED-TRACE 14779 102551 P 48 df8ceac08
SCHED-TRACE 14780 102551 R 48 df8ceac08
SCHED-TRACE 14781 102552 U 4 da8c1e
SCHED-TRACE 14782 102552 V 4 da8caa
SCHED-TRACE 14783 102552 O 0 0
SCHED-TRACE 14784 102552 P 48 dfa7bcac0
SCHED-TRACE 14785 102553 K 78 dbc29b646
SCHED-TRACE 14786 102553 P 48 dfbfe3127
SCHED-TRACE 14787 102554 P 48 dfd241cac
SCHED-TRACE 14788 102628 I 78 dab4ea
SCHED-TRACE 14789 102628 B 78 7a
SCHED-TRACE 14790 102628 P 78 df8dd126f
SCHED-TRACE 14791 102628 R 78 df8dd126f
SCHED-TRACE 14792 102629 U 4 dab5f8
SCHED-TRACE 14793 102629 V 4 dab684
SCHED-TRACE 14794 102629 O 0 0
SCHED-TRACE 14795 102629 P 78 dfa886e98
SCHED-TRACE 14796 102630 K 66 dbc574fdf
SCHED-TRACE 14797 102630 P 78 dfc0ad4fe
SCHED-TRACE 14798 102631 P 78 dfd30e979
SCHED-TRACE 14799 102705 I 66 dadec6
SCHED-TRACE 14800 102705 B 66 7a
SCHED-TRACE 14801 102705 P 66 df90e8312
SCHED-TRACE 14802 102705 R 66 df90e8312
SCHED-TRACE 14803 102706 U 4 dadfd4
SCHED-TRACE 14804 102706 V 4 dae061
SCHED-TRACE 14805 102706 O 0 0
SCHED-TRACE 14806 102706 P 66 dfabaac08
SCHED-TRACE 14807 102707 K 57 dbc75b646
SCHED-TRACE 14808 102707 P 66 dfc3d126e
SCHED-TRACE 14809 102708 P 66 dfd6326e9
SCHED-TRACE 14810 102782 I 57 db08a3
SCHED-TRACE 14811 102782 B 57 7a
SCHED-TRACE 14812 102782 P 57 df92cc083
SCHED-TRACE 14813 102782 R 57 df92cc083
SCHED-TRACE 14814 102783 U 4 db09b1
SCHED-TRACE 14815 102783 V 4 db0a3e
SCHED-TRACE 14816 102783 O 0 0
SCHED-TRACE 14817 102783 P 57 dfad9645a
SCHED-TRACE 14818 102784 K 54 dbc7e5a1d
SCHED-TRACE 14819 102784 P 57 dfc5ba1cb
SCHED-TRACE 14820 102785 P 57 dfd81b646
SCHED-TRACE 14821 102859 I 54 db3280
SCHED-TRACE 14822 102859 B 54 7a
SCHED-TRACE 14823 102859 P 54 df9358d50
SCHED-TRACE 14824 102859 R 54 df9358d50
SCHED-TRACE 14825 102860 U 4 db338f
SCHED-TRACE 14826 102860 V 4 db341b
SCHED-TRACE 14827 102860 O 0 0
SCHED-TRACE 14828 102860 P 54 dfae25a1d
SCHED-TRACE 14829 102861 K 45 dbc9d126f
SCHED-TRACE 14830 102861 P 54 dfc64c083
SCHED-TRACE 14831 102862 P 54 dfd8aac08
SCHED-TRACE 14832 102936 I 45 db5c5d
SCHED-TRACE 14833 102936 B 45 7a
SCHED-TRACE 14834 102936 P 45 df95445a2
SCHED-TRACE 14835 102936 R 45 df95445a2
SCHED-TRACE 14836 102937 U 4 db5d6c
SCHED-TRACE 14837 102937 V 4 db5df8
SCHED-TRACE 14838 102937 O 0 0
SCHED-TRACE 14839 102937 P 45 dfb018d50
SCHED-TRACE 14840 102938 K 75 dbcddb646
SCHED-TRACE 14841 102938 P 45 dfc83cac1
SCHED-TRACE 14842 102939 P 45 dfda9df3b
SCHED-TRACE 14843 103013 I 75 db8638
SCHED-TRACE 14844 103013 B 75 7a
SCHED-TRACE 14845 103013 P 75 df991126f
SCHED-TRACE 14846 103013 R 75 df991126f
SCHED-TRACE 14847 103014 U 4 db8746
SCHED-TRACE 14848 103014 V 4 db87d2
SCHED-TRACE 14849 103014 O 0 0
SCHED-TRACE 14850 103014 P 75 dfb3c978d
SCHED-TRACE 14851 103015 K 72 dbce5df3c
SCHED-TRACE 14852 103015 P 75 dfcbefdf4
SCHED-TRACE 14853 103016 P 75 dfde4e979
SCHED-TRACE 14854 103090 I 72 dbb012
SCHED-TRACE 14855 103090 B 72 7a
SCHED-TRACE 14856 103090 P 72 df9993b65
SCHED-TRACE 14857 103090 R 72 df9993b65
SCHED-TRACE 14858 103091 U 4 dbb120
SCHED-TRACE 14859 103091 V 4 dbb1ac
SCHED-TRACE 14860 103091 O 0 0
SCHED-TRACE 14861 103091 P 72 dfb44e979
SCHED-TRACE 14862 103092 K 69 dbcf1126f
SCHED-TRACE 14863 103092 P 72 dfcc726ea
SCHED-TRACE 14864 103093 P 72 dfded126f
SCHED-TRACE 14865 103167 I 69 dbd9ec
SCHED-TRACE 14866 103167 B 69 7b
SCHED-TRACE 14867 103167 P 69 df9a4978e
SCHED-TRACE 14868 103167 R 69 df9a4978e
SCHED-TRACE 14869 103168 U 4 dbdafa
SCHED-TRACE 14870 103168 V 4 dbdb86
SCHED-TRACE 14871 103168 O 0 0
SCHED-TRACE 14872 103168 P 69 dfb506e98
SCHED-TRACE 14873 103169 K 42 dbde045a2
SCHED-TRACE 14874 103169 P 69 dfcd2d4fe
SCHED-TRACE 14875 103170 P 69 dfdf8c084
SCHED-TRACE 14876 103244 I 42 dc03c5
SCHED-TRACE 14877 103244 B 42 7b
SCHED-TRACE 14878 103244 P 42 dfa92ac09
SCHED-TRACE 14879 103244 R 42 dfa92ac09
SCHED-TRACE 14880 103245 U 4 dc04d4
SCHED-TRACE 14881 103245 V 4 dc0561
SCHED-TRACE 14882 103245 O 0 0
SCHED-TRACE 14883 103245 P 42 dfc3ff3b7
SCHED-TRACE 14884 103246 K 81 dbe3326e9
SCHED-TRACE 14885 103246 P 42 dfdc23127
SCHED-TRACE 14886 103247 P 42 dfee81cac
SCHED-TRACE 14887 103322 I 81 dc2e15
SCHED-TRACE 14888 103322 B 81 7a
SCHED-TRACE 14889 103322 P 81 dfba045a1
SCHED-TRACE 14890 103322 R 81 dfba045a1
SCHED-TRACE 14891 103323 U 4 dc2f23
SCHED-TRACE 14892 103323 V 4 dc2fb0
SCHED-TRACE 14893 103323 O 0 0
SCHED-TRACE 14894 103323 P 81 dfd4b26e9
SCHED-TRACE 14895 103324 K 39 dc05fcac0
SCHED-TRACE 14896 103324 P 81 dfecd8d4f
SCHED-TRACE 14897 103325 P 81 dfff34fdf
SCHED-TRACE 14898 103399 I 39 dc57ee
SCHED-TRACE 14899 103399 B 39 7b
SCHED-TRACE 14900 103399 P 39 dfd10978d
SCHED-TRACE 14901 103399 R 39 dfd10978d
SCHED-TRACE 14902 103400 U 4 dc58fb
SCHED-TRACE 14903 103400 V 4 dc5988
SCHED-TRACE 14904 103400 O 0 0
SCHED-TRACE 14905 103400 P 39 dfebb26e9
SCHED-TRACE 14906 103401 K 33 dc207d70a
SCHED-TRACE 14907 103401 P 39 e003d8d50
SCHED-TRACE 14908 103402 P 39 e01634fdf
SCHED-TRACE 14909 103476 I 33 dc81c6
SCHED-TRACE 14910 103476 B 33 7a
SCHED-TRACE 14911 103476 P 33 dc8199999
SCHED-TRACE 14912 103476 R 33 dc8199999
SCHED-TRACE 14913 103477 U 4 dc82d3
SCHED-TRACE 14914 103477 V 4 dc8360
SCHED-TRACE 14915 103477 O 0 0
SCHED-TRACE 14916 103477 P 33 dc8443958
SCHED-TRACE 14917 103478 K 36 dc30f78d5
SCHED-TRACE 14918 103478 P 33 dc86ad916
SCHED-TRACE 14919 103479 P 33 dc8883d70
SCHED-TRACE 14920 103554 I 36 dcac12
SCHED-TRACE 14921 103554 B 36 7a
SCHED-TRACE 14922 103554 P 36 e007a5a1c
SCHED-TRACE 14923 103554 R 36 e007a5a1c
SCHED-TRACE 14924 103555 U 4 dcad20
SCHED-TRACE 14925 103555 V 4 dcadac
SCHED-TRACE 14926 103555 O 0 0
SCHED-TRACE 14927 103555 P 36 e0224c083
SCHED-TRACE 14928 103556 K 33 dc8883d70
SCHED-TRACE 14929 103556 P 36 e03a726e9
SCHED-TRACE 14930 103557 P 36 e04cce978
SCHED-TRACE 14931 103631 I 33 dcd5ea
SCHED-TRACE 14932 103631 B 33 7a
SCHED-TRACE 14933 103631 P 33 dce99ef9e
SCHED-TRACE 14934 103631 R 33 dce99ef9e
SCHED-TRACE 14935 103632 U 4 dcd6f7
SCHED-TRACE 14936 103632 V 4 dcd784
SCHED-TRACE 14937 103632 O 0 0
SCHED-TRACE 14938 103632 P 33 dcec48f5c
SCHED-TRACE 14939 103633 K 33 dcec48f5c
SCHED-TRACE 14940 103633 P 33 dceeb3333
SCHED-TRACE 14941 103709 I 33 dcfff3
SCHED-TRACE 14942 103709 B 33 7a
SCHED-TRACE 14943 103709 P 33 dd521fbe7
SCHED-TRACE 14944 103709 R 33 dd521fbe7
SCHED-TRACE 14945 103710 U 4 dd0100
SCHED-TRACE 14946 103710 V 4 dd018d
SCHED-TRACE 14947 103710 O 0 0
SCHED-TRACE 14948 103710 P 33 dd54c9ba6
SCHED-TRACE 14949 103711 K 33 dd54c9ba6
SCHED-TRACE 14950 103711 P 33 dd5733b64
SCHED-TRACE 14951 103787 I 33 dd2a08
SCHED-TRACE 14952 103787 B 33 7a
SCHED-TRACE 14953 103787 P 33 ddbabe354
SCHED-TRACE 14954 103787 R 33 ddbabe354
SCHED-TRACE 14955 103788 U 4 dd2b15
SCHED-TRACE 14956 103788 V 4 dd2ba1
SCHED-TRACE 14957 103788 O 0 0
SCHED-TRACE 14958 103788 P 33 ddbd68312
SCHED-TRACE 14959 103789 K 33 ddbd68312
SCHED-TRACE 14960 103789 P 33 ddbfd26e9
SCHED-TRACE 14961 103865 I 33 dd541c
SCHED-TRACE 14962 103865 B 33 7a
SCHED-TRACE 14963 103865 P 33 de235cac0
SCHED-TRACE 14964 103865 R 33 de235cac0
SCHED-TRACE 14965 103866 U 4 dd552a
SCHED-TRACE 14966 103866 V 4 dd55b6
SCHED-TRACE 14967 103866 O 0 0
SCHED-TRACE 14968 103866 P 33 de2606a7f
SCHED-TRACE 14969 103867 K 33 de2606a7f
SCHED-TRACE 14970 103867 P 33 de2870e56
SCHED-TRACE 14971 103943 I 33 dd7e31
SCHED-TRACE 14972 103943 B 33 7a
SCHED-TRACE 14973 103943 P 33 de8bfb22d
SCHED-TRACE 14974 103943 R 33 de8bfb22d
SCHED-TRACE 14975 103944 U 4 dd7f3e
SCHED-TRACE 14976 103944 V 4 dd7fcb
SCHED-TRACE 14977 103944 O 0 0
SCHED-TRACE 14978 103944 P 33 de8ea5604
SCHED-TRACE 14979 103945 K 33 de8ea5604
SCHED-TRACE 14980 103945 P 33 de910f5c2
SCHED-TRACE 14981 104021 I 33 dda846
SCHED-TRACE 14982 104021 B 33 7a
SCHED-TRACE 14983 104021 P 33 def499db2
SCHED-TRACE 14984 104021 R 33 def499db2
SCHED-TRACE 14985 104022 U 4 dda953
SCHED-TRACE 14986 104022 V 4 dda9df
SCHED-TRACE 14987 104022 O 0 0
SCHED-TRACE 14988 104022 P 33 def743d70
SCHED-TRACE 14989 104023 K 33 def743d70
SCHED-TRACE 14990 104023 P 33 def9ae148
SCHED-TRACE 14991 104099 I 33 ddd25a
SCHED-TRACE 14992 104099 B 33 7b
SCHED-TRACE 14993 104099 P 33 df5d38937
SCHED-TRACE 14994 104099 R 33 df5d38937
SCHED-TRACE 14995 104100 U 4 ddd368
SCHED-TRACE 14996 104100 V 4 ddd3f4
SCHED-TRACE 14997 104100 O 0 0
SCHED-TRACE 14998 104100 P 33 df5fe28f6
SCHED-TRACE 14999 104101 K 33 df5fe28f6
SCHED-TRACE 15000 104101 P 33 df624c8b4
SCHED-TRACE 15001 104177 I 33 ddfc6f
SCHED-TRACE 15002 104177 B 33 7a
SCHED-TRACE 15003 104177 P 33 dfc5d70a4
SCHED-TRACE 15004 104177 R 33 dfc5d70a4
SCHED-TRACE 15005 104178 U 4 ddfd7c
SCHED-TRACE 15006 104178 V 4 ddfe09
SCHED-TRACE 15007 104178 O 0 0
SCHED-TRACE 15008 104178 P 33 dfc881062
SCHED-TRACE 15009 104179 K 33 dfc881062
SCHED-TRACE 15010 104179 P 33 dfcaeb439
SCHED-TRACE 15011 104255 I 33 de2686
SCHED-TRACE 15012 104255 B 33 7a
SCHED-TRACE 15013 104255 P 33 e02e7d70a
SCHED-TRACE 15014 104255 R 33 e02e7d70a
SCHED-TRACE 15015 104256 U 4 de2794
SCHED-TRACE 15016 104256 V 4 de2820
SCHED-TRACE 15017 104256 O 0 0
SCHED-TRACE 15018 104256 P 33 e0312872b
SCHED-TRACE 15019 104257 K 60 dfc8efdf3
SCHED-TRACE 15020 104257 P 33 e03392b02
SCHED-TRACE 15021 104258 P 33 e03569375
SCHED-TRACE 15022 104332 I 60 de5064
SCHED-TRACE 15023 104332 B 60 7b
SCHED-TRACE 15024 104332 P 60 e394a0831
SCHED-TRACE 15025 104332 R 60 e394a0831
SCHED-TRACE 15026 104333 U 4 de5173
SCHED-TRACE 15027 104333 V 4 de51ff
SCHED-TRACE 15028 104333 O 0 0
SCHED-TRACE 15029 104333 P 60 e3af65a1c
SCHED-TRACE 15030 104334 K 63 dfce7a1cb
SCHED-TRACE 15031 104334 P 60 e3c78c083
SCHED-TRACE 15032 104335 P 60 e3d9ed4fe
SCHED-TRACE 15033 104409 I 63 de7a41
SCHED-TRACE 15034 104409 B 63 7a
SCHED-TRACE 15035 104409 P 63 e399ed4fe
SCHED-TRACE 15036 104409 R 63 e399ed4fe
SCHED-TRACE 15037 104410 U 4 de7b50
SCHED-TRACE 15038 104410 V 4 de7bdc
SCHED-TRACE 15039 104410 O 0 0
SCHED-TRACE 15040 104410 P 63 e3b4afdf4
SCHED-TRACE 15041 104411 K 51 dfd1ddf3c
SCHED-TRACE 15042 104411 P 63 e3ccd645a
SCHED-TRACE 15043 104412 P 63 e3df378d5
SCHED-TRACE 15044 104486 I 51 dea41e
SCHED-TRACE 15045 104486 B 51 7a
SCHED-TRACE 15046 104486 P 51 e39d5126f
SCHED-TRACE 15047 104486 R 51 e39d5126f
SCHED-TRACE 15048 104487 U 4 dea52d
SCHED-TRACE 15049 104487 V 4 dea5b9
SCHED-TRACE 15050 104487 O 0 0
SCHED-TRACE 15051 104487 P 51 e3b820831
SCHED-TRACE 15052 104488 K 48 dfd241cac
SCHED-TRACE 15053 104488 P 51 e3d046e98
SCHED-TRACE 15054 104489 P 51 e3e2a5a1d
SCHED-TRACE 15055 104563 I 48 decdfb
SCHED-TRACE 15056 104563 B 48 7a
SCHED-TRACE 15057 104563 P 48 e39db78d5
SCHED-TRACE 15058 104563 R 48 e39db78d5
SCHED-TRACE 15059 104564 U 4 decf0a
SCHED-TRACE 15060 104564 V 4 decf97
SCHED-TRACE 15061 104564 O 0 0
SCHED-TRACE 15062 104564 P 48 e3b88978d
SCHED-TRACE 15063 104565 K 78 dfd30e979
SCHED-TRACE 15064 104565 P 48 e3d0ad4fe
SCHED-TRACE 15065 104566 P 48 e3e30c083
SCHED-TRACE 15066 104640 I 78 def7d6
SCHED-TRACE 15067 104640 B 78 7b
SCHED-TRACE 15068 104640 P 78 e39e46e98
SCHED-TRACE 15069 104640 R 78 e39e46e98
SCHED-TRACE 15070 104641 U 4 def8e4
SCHED-TRACE 15071 104641 V 4 def971
SCHED-TRACE 15072 104641 O 0 0
SCHED-TRACE 15073 104641 P 78 e3b8fcac1
SCHED-TRACE 15074 104642 K 66 dfd6326e9
SCHED-TRACE 15075 104642 P 78 e3d120831
SCHED-TRACE 15076 104643 P 78 e3e381cac
SCHED-TRACE 15077 104717 I 66 df21b2
SCHED-TRACE 15078 104717 B 66 7a
SCHED-TRACE 15079 104717 P 66 e3a1a5a1c
SCHED-TRACE 15080 104717 R 66 e3a1a5a1c
SCHED-TRACE 15081 104718 U 4 df22c1
SCHED-TRACE 15082 104718 V 4 df234d
SCHED-TRACE 15083 104718 O 0 0
SCHED-TRACE 15084 104718 P 66 e3bc68312
SCHED-TRACE 15085 104719 K 57 dfd81b646
SCHED-TRACE 15086 104719 P 66 e3d48c083
SCHED-TRACE 15087 104720 P 66 e3e6ed4fd
SCHED-TRACE 15088 104794 I 57 df4b8f
SCHED-TRACE 15089 104794 B 57 7a
SCHED-TRACE 15090 104794 P 57 e3a38e979
SCHED-TRACE 15091 104794 R 57 e3a38e979
SCHED-TRACE 15092 104795 U 4 df4c9e
SCHED-TRACE 15093 104795 V 4 df4d2a
SCHED-TRACE 15094 104795 O 0 0
SCHED-TRACE 15095 104795 P 57 e3be58d50
SCHED-TRACE 15096 104796 K 54 dfd8aac08
SCHED-TRACE 15097 104796 P 57 e3d67cac1
SCHED-TRACE 15098 104797 P 57 e3e8ddf3c
SCHED-TRACE 15099 104871 I 54 df756c
SCHED-TRACE 15100 104871 B 54 7a
SCHED-TRACE 15101 104871 P 54 e3a41df3b
SCHED-TRACE 15102 104871 R 54 e3a41df3b
SCHED-TRACE 15103 104872 U 4 df767b
SCHED-TRACE 15104 104872 V 4 df7707
SCHED-TRACE 15105 104872 O 0 0
SCHED-TRACE 15106 104872 P 54 e3beeac08
SCHED-TRACE 15107 104873 K 45 dfda9df3b
SCHED-TRACE 15108 104873 P 54 e3d71126f
SCHED-TRACE 15109 104874 P 54 e3e9726e9
SCHED-TRACE 15110 104948 I 45 df9f49
SCHED-TRACE 15111 104948 B 45 7b
SCHED-TRACE 15112 104948 P 45 e3a61126f
SCHED-TRACE 15113 104948 R 45 e3a61126f
SCHED-TRACE 15114 104949 U 4 dfa058
SCHED-TRACE 15115 104949 V 4 dfa0e5
SCHED-TRACE 15116 104949 O 0 0
SCHED-TRACE 15117 104949 P 45 e3c0e3127
SCHED-TRACE 15118 104950 K 75 dfde4e979
SCHED-TRACE 15119 104950 P 45 e3d90978d
SCHED-TRACE 15120 104951 P 45 e3eb68312
SCHED-TRACE 15121 105025 I 75 dfc924
SCHED-TRACE 15122 105025 B 75 7a
SCHED-TRACE 15123 105025 P 75 e3a9845a2
SCHED-TRACE 15124 105025 R 75 e3a9845a2
SCHED-TRACE 15125 105026 U 4 dfca32
SCHED-TRACE 15126 105026 V 4 dfcabf
SCHED-TRACE 15127 105026 O 0 0
SCHED-TRACE 15128 105026 P 75 e3c43cac1
SCHED-TRACE 15129 105027 K 72 dfded126f
SCHED-TRACE 15130 105027 P 75 e3dc63127
SCHED-TRACE 15131 105028 P 75 e3eec1cac
SCHED-TRACE 15132 105102 I 72 dff2fe
SCHED-TRACE 15133 105102 B 72 7a
SCHED-TRACE 15134 105102 P 72 e3aa06e98
SCHED-TRACE 15135 105102 R 72 e3aa06e98
SCHED-TRACE 15136 105103 U 4 dff40c
SCHED-TRACE 15137 105103 V 4 dff499
SCHED-TRACE 15138 105103 O 0 0
SCHED-TRACE 15139 105103 P 72 e3c4c1cac
SCHED-TRACE 15140 105104 K 69 dfdf8c084
SCHED-TRACE 15141 105104 P 72 e3dce5a1d
SCHED-TRACE 15142 105105 P 72 e3ef46e98
SCHED-TRACE 15143 105179 I 69 e01cd8
SCHED-TRACE 15144 105179 B 69 7a
SCHED-TRACE 15145 105179 P 69 e3aac1cad
SCHED-TRACE 15146 105179 R 69 e3aac1cad
SCHED-TRACE 15147 105180 U 4 e01de6
SCHED-TRACE 15148 105180 V 4 e01e73
SCHED-TRACE 15149 105180 O 0 0
SCHED-TRACE 15150 105180 P 69 e3c57f3b7
SCHED-TRACE 15151 105181 K 42 dfee81cac
SCHED-TRACE 15152 105181 P 69 e3dda5a1d
SCHED-TRACE 15153 105182 P 69 e3f0045a2
SCHED-TRACE 15154 105256 I 42 e046b1
SCHED-TRACE 15155 105256 B 42 7a
SCHED-TRACE 15156 105256 P 42 e3b9a3127
SCHED-TRACE 15157 105256 R 42 e3b9a3127
SCHED-TRACE 15158 105257 U 4 e047c0
SCHED-TRACE 15159 105257 V 4 e0484d
SCHED-TRACE 15160 105257 O 0 0
SCHED-TRACE 15161 105257 P 42 e3d4778d5
SCHED-TRACE 15162 105258 K 81 dfff34fdf
SCHED-TRACE 15163 105258 P 42 e3ec9b646
SCHED-TRACE 15164 105259 P 42 e3fefa1cb
SCHED-TRACE 15165 105333 I 81 e0708b
SCHED-TRACE 15166 105333 B 81 7a
SCHED-TRACE 15167 105333 P 81 e3ca4c083
SCHED-TRACE 15168 105333 R 81 e3ca4c083
SCHED-TRACE 15169 105334 U 4 e07199
SCHED-TRACE 15170 105334 V 4 e07225
SCHED-TRACE 15171 105334 O 0 0
SCHED-TRACE 15172 105334 P 81 e3e4fcac0
SCHED-TRACE 15173 105335 K 39 e01634fdf
SCHED-TRACE 15174 105335 P 81 e3fd20831
SCHED-TRACE 15175 105336 P 81 e40f7f3b6
SCHED-TRACE 15176 105410 I 39 e09a63
SCHED-TRACE 15177 105410 B 39 7a
SCHED-TRACE 15178 105410 P 39 e3e12fdf4
SCHED-TRACE 15179 105410 R 39 e3e12fdf4
SCHED-TRACE 15180 105411 U 4 e09b70
SCHED-TRACE 15181 105411 V 4 e09bfd
SCHED-TRACE 15182 105411 O 0 0
SCHED-TRACE 15183 105411 P 39 e3fbd8d50
SCHED-TRACE 15184 105412 K 33 e03569375
SCHED-TRACE 15185 105412 P 39 e413fcac0
SCHED-TRACE 15186 105413 P 39 e42658d50
SCHED-TRACE 15187 105487 I 33 e0c43b
SCHED-TRACE 15188 105487 B 33 7a
SCHED-TRACE 15189 105487 P 33 e09685604
SCHED-TRACE 15190 105487 R 33 e09685604
SCHED-TRACE 15191 105488 U 4 e0c548
SCHED-TRACE 15192 105488 V 4 e0c5d5
SCHED-TRACE 15193 105488 O 0 0
SCHED-TRACE 15194 105488 P 33 e0992f9db
SCHED-TRACE 15195 105489 K 36 e04cce978
SCHED-TRACE 15196 105489 P 33 e09b99999
SCHED-TRACE 15197 105490 P 33 e09d6f9db
SCHED-TRACE 15198 105564 I 36 e0ee13
SCHED-TRACE 15199 105564 B 36 7a
SCHED-TRACE 15200 105564 P 36 e417d3b64
SCHED-TRACE 15201 105564 R 36 e417d3b64
SCHED-TRACE 15202 105565 U 4 e0ef20
SCHED-TRACE 15203 105565 V 4 e0efad
SCHED-TRACE 15204 105565 O 0 0
SCHED-TRACE 15205 105565 P 36 e4327a1ca
SCHED-TRACE 15206 105566 K 33 e09d6f9db
SCHED-TRACE 15207 105566 P 36 e44aa0831
SCHED-TRACE 15208 105567 P 36 e45cfcac0
SCHED-TRACE 15209 105642 I 33 e11862
SCHED-TRACE 15210 105642 B 33 7a
SCHED-TRACE 15211 105642 P 33 e0ffb9db2
SCHED-TRACE 15212 105642 R 33 e0ffb9db2
SCHED-TRACE 15213 105643 U 4 e1196f
SCHED-TRACE 15214 105643 V 4 e119fc
SCHED-TRACE 15215 105643 O 0 0
SCHED-TRACE 15216 105643 P 33 e10263d70
SCHED-TRACE 15217 105644 K 33 e10263d70
SCHED-TRACE 15218 105644 P 33 e104ce148
SCHED-TRACE 15219 105720 I 33 e14277
SCHED-TRACE 15220 105720 B 33 7b
SCHED-TRACE 15221 105720 P 33 e16858937
SCHED-TRACE 15222 105720 R 33 e16858937
SCHED-TRACE 15223 105721 U 4 e14384
SCHED-TRACE 15224 105721 V 4 e14411
SCHED-TRACE 15225 105721 O 0 0
SCHED-TRACE 15226 105721 P 33 e16b024dd
SCHED-TRACE 15227 105722 K 33 e16b024dd
SCHED-TRACE 15228 105722 P 33 e16d6c49b
SCHED-TRACE 15229 105798 I 33 e16c8c
SCHED-TRACE 15230 105798 B 33 7a
SCHED-TRACE 15231 105798 P 33 e1d0f6c8b
SCHED-TRACE 15232 105798 R 33 e1d0f6c8b
SCHED-TRACE 15233 105799 U 4 e16d99
SCHED-TRACE 15234 105799 V 4 e16e25
SCHED-TRACE 15235 105799 O 0 0
SCHED-TRACE 15236 105799 P 33 e1d3a0c4a
SCHED-TRACE 15237 105800 K 33 e1d3a0c4a
SCHED-TRACE 15238 105800 P 33 e1d60b021
SCHED-TRACE 15239 105876 I 33 e196a0
SCHED-TRACE 15240 105876 B 33 7a
SCHED-TRACE 15241 105876 P 33 e23995810
SCHED-TRACE 15242 105876 R 33 e23995810
SCHED-TRACE 15243 105877 U 4 e197ad
SCHED-TRACE 15244 105877 V 4 e1983a
SCHED-TRACE 15245 105877 O 0 0
SCHED-TRACE 15246 105877 P 33 e23c3f7cf
SCHED-TRACE 15247 105878 K 33 e23c3f7cf
SCHED-TRACE 15248 105878 P 33 e23ea9ba6
SCHED-TRACE 15249 105954 I 33 e1c0b5
SCHED-TRACE 15250 105954 B 33 7a
SCHED-TRACE 15251 105954 P 33 e2a233f7d
SCHED-TRACE 15252 105954 R 33 e2a233f7d
SCHED-TRACE 15253 105955 U 4 e1c1c2
SCHED-TRACE 15254 105955 V 4 e1c24f
SCHED-TRACE 15255 105955 O 0 0
SCHED-TRACE 15256 105955 P 33 e2a4de354
SCHED-TRACE 15257 105956 K 33 e2a4de354
SCHED-TRACE 15258 105956 P 33 e2a748312
SCHED-TRACE 15259 106032 I 33 e1eaca
SCHED-TRACE 15260 106032 B 33 7a
SCHED-TRACE 15261 106032 P 33 e30ad2b02
SCHED-TRACE 15262 106032 R 33 e30ad2b02
SCHED-TRACE 15263 106033 U 4 e1ebd7
SCHED-TRACE 15264 106033 V 4 e1ec63
SCHED-TRACE 15265 106033 O 0 0
SCHED-TRACE 15266 106033 P 33 e30d7cac0
SCHED-TRACE 15267 106034 K 33 e30d7cac0
SCHED-TRACE 15268 106034 P 33 e30fe6e97
SCHED-TRACE 15269 106110 I 33 e214de
SCHED-TRACE 15270 106110 B 33 7b
SCHED-TRACE 15271 106110 P 33 e37371687
SCHED-TRACE 15272 106110 R 33 e37371687
SCHED-TRACE 15273 106111 U 4 e215eb
SCHED-TRACE 15274 106111 V 4 e21678
SCHED-TRACE 15275 106111 O 0 0
SCHED-TRACE 15276 106111 P 33 e3761b645
SCHED-TRACE 15277 106112 K 33 e3761b645
SCHED-TRACE 15278 106112 P 33 e37885a1c
SCHED-TRACE 15279 106188 I 33 e23ef3
SCHED-TRACE 15280 106188 B 33 7a
SCHED-TRACE 15281 106188 P 33 e3dc0fdf4
SCHED-TRACE 15282 106188 R 33 e3dc0fdf4
SCHED-TRACE 15283 106189 U 4 e24000
SCHED-TRACE 15284 106189 V 4 e2408d
SCHED-TRACE 15285 106189 O 0 0
SCHED-TRACE 15286 106189 P 33 e3deba1cb
SCHED-TRACE 15287 106190 K 60 e3d9ed4fe
SCHED-TRACE 15288 106190 P 33 e3e1245a2
SCHED-TRACE 15289 106191 P 33 e3e2fa9fc
SCHED-TRACE 15290 106265 I 60 e268cb
SCHED-TRACE 15291 106265 B 60 7a
SCHED-TRACE 15292 106265 P 60 e7a50978d
SCHED-TRACE 15293 106265 R 60 e7a50978d
SCHED-TRACE 15294 106266 U 4 e269d9
SCHED-TRACE 15295 106266 V 4 e26a66
SCHED-TRACE 15296 106266 O 0 0
SCHED-TRACE 15297 106266 P 60 e7bfcc083
SCHED-TRACE 15298 106267 K 63 e3df378d5
SCHED-TRACE 15299 106267 P 60 e7d7f26e9
SCHED-TRACE 15300 106268 P 60 e7ea4e978
SCHED-TRACE 15301 106342 I 63 e292a4
SCHED-TRACE 15302 106342 B 63 7b
SCHED-TRACE 15303 106342 P 63 e7aa63127
SCHED-TRACE 15304 106342 R 63 e7aa63127
SCHED-TRACE 15305 106343 U 4 e293b2
SCHED-TRACE 15306 106343 V 4 e2943f
SCHED-TRACE 15307 106343 O 0 0
SCHED-TRACE 15308 106343 P 63 e7c520831
SCHED-TRACE 15309 106344 K 51 e3e2a5a1d
SCHED-TRACE 15310 106344 P 63 e7dd445a2
SCHED-TRACE 15311 106345 P 63 e7efa0831
SCHED-TRACE 15312 106419 I 51 e2bc7d
SCHED-TRACE 15313 106419 B 51 7a
SCHED-TRACE 15314 106419 P 51 e7add126f
SCHED-TRACE 15315 106419 R 51 e7add126f
SCHED-TRACE 15316 106420 U 4 e2bd8c
SCHED-TRACE 15317 106420 V 4 e2be18
SCHED-TRACE 15318 106420 O 0 0
SCHED-TRACE 15319 106420 P 51 e7c89b646
SCHED-TRACE 15320 106421 K 33 e3e2fa9fc
SCHED-TRACE 15321 106421 P 51 e7e0c1cac
SCHED-TRACE 15322 106422 P 51 e7f31b646
SCHED-TRACE 15323 106496 I 33 e2e656
SCHED-TRACE 15324 106496 B 33 7b
SCHED-TRACE 15325 106496 P 33 e44416873
SCHED-TRACE 15326 106496 R 33 e44416873
SCHED-TRACE 15327 106497 U 4 e2e763
SCHED-TRACE 15328 106497 V 4 e2e7f0
SCHED-TRACE 15329 106497 O 0 0
SCHED-TRACE 15330 106497 P 33 e446c1062
SCHED-TRACE 15331 106498 K 48 e3e30c083
SCHED-TRACE 15332 106498 P 33 e4492b439
SCHED-TRACE 15333 106499 P 33 e44b01893
SCHED-TRACE 15334 106573 I 48 e31032
SCHED-TRACE 15335 106573 B 48 7b
SCHED-TRACE 15336 106573 P 48 e7ae81cac
SCHED-TRACE 15337 106573 R 48 e7ae81cac
SCHED-TRACE 15338 106574 U 4 e31141
SCHED-TRACE 15339 106574 V 4 e311cd
SCHED-TRACE 15340 106574 O 0 0
SCHED-TRACE 15341 106574 P 48 e7c95126e
SCHED-TRACE 15342 106575 K 78 e3e381cac
SCHED-TRACE 15343 106575 P 48 e7e1778d5
SCHED-TRACE 15344 106576 P 48 e7f3d645a
SCHED-TRACE 15345 106650 I 78 e33a0d
SCHED-TRACE 15346 106650 B 78 7a
SCHED-TRACE 15347 106650 P 78 e7aeb78d5
SCHED-TRACE 15348 106650 R 78 e7aeb78d5
SCHED-TRACE 15349 106651 U 4 e33b1b
SCHED-TRACE 15350 106651 V 4 e33ba7
SCHED-TRACE 15351 106651 O 0 0
SCHED-TRACE 15352 106651 P 78 e7c96d4fe
SCHED-TRACE 15353 106652 K 66 e3e6ed4fd
SCHED-TRACE 15354 106652 P 78 e7e193b64
SCHED-TRACE 15355 106653 P 78 e7f3f26ea
SCHED-TRACE 15356 106727 I 66 e363e9
SCHED-TRACE 15357 106727 B 66 7a
SCHED-TRACE 15358 106727 P 66 e7b260831
SCHED-TRACE 15359 106727 R 66 e7b260831
SCHED-TRACE 15360 106728 U 4 e364f7
SCHED-TRACE 15361 106728 V 4 e36584
SCHED-TRACE 15362 106728 O 0 0
SCHED-TRACE 15363 106728 P 66 e7cd23126
SCHED-TRACE 15364 106729 K 57 e3e8ddf3c
SCHED-TRACE 15365 106729 P 66 e7e546e97
SCHED-TRACE 15366 106730 P 66 e7f7a8312
SCHED-TRACE 15367 106804 I 57 e38dc6
SCHED-TRACE 15368 106804 B 57 7a
SCHED-TRACE 15369 106804 P 57 e7b45126f
SCHED-TRACE 15370 106804 R 57 e7b45126f
SCHED-TRACE 15371 106805 U 4 e38ed4
SCHED-TRACE 15372 106805 V 4 e38f61
SCHED-TRACE 15373 106805 O 0 0
SCHED-TRACE 15374 106805 P 57 e7cf1b646
SCHED-TRACE 15375 106806 K 54 e3e9726e9
SCHED-TRACE 15376 106806 P 57 e7e741cac
SCHED-TRACE 15377 106807 P 57 e7f9a0831
SCHED-TRACE 15378 106881 I 54 e3b7a3
SCHED-TRACE 15379 106881 B 54 7a
SCHED-TRACE 15380 106881 P 54 e7b4e5a1d
SCHED-TRACE 15381 106881 R 54 e7b4e5a1d
SCHED-TRACE 15382 106882 U 4 e3b8b1
SCHED-TRACE 15383 106882 V 4 e3b93e
SCHED-TRACE 15384 106882 O 0 0
SCHED-TRACE 15385 106882 P 54 e7cfb26e9
SCHED-TRACE 15386 106883 K 45 e3eb68312
SCHED-TRACE 15387 106883 P 54 e7e7d8d50
SCHED-TRACE 15388 106884 P 54 e7fa3a1cb
SCHED-TRACE 15389 106958 I 45 e3e180
SCHED-TRACE 15390 106958 B 45 7a
SCHED-TRACE 15391 106958 P 45 e7b6db646
SCHED-TRACE 15392 106958 R 45 e7b6db646
SCHED-TRACE 15393 106959 U 4 e3e28f
SCHED-TRACE 15394 106959 V 4 e3e31b
SCHED-TRACE 15395 106959 O 0 0
SCHED-TRACE 15396 106959 P 45 e7d1afdf4
SCHED-TRACE 15397 106960 K 75 e3eec1cac
SCHED-TRACE 15398 106960 P 45 e7e9d645a
SCHED-TRACE 15399 106961 P 45 e7fc34fdf
SCHED-TRACE 15400 107035 I 75 e40b5b
SCHED-TRACE 15401 107035 B 75 7a
SCHED-TRACE 15402 107035 P 75 e7b9f78d5
SCHED-TRACE 15403 107035 R 75 e7b9f78d5
SCHED-TRACE 15404 107036 U 4 e40c69
SCHED-TRACE 15405 107036 V 4 e40cf5
SCHED-TRACE 15406 107036 O 0 0
SCHED-TRACE 15407 107036 P 75 e7d4afdf4
SCHED-TRACE 15408 107037 K 72 e3ef46e98
SCHED-TRACE 15409 107037 P 75 e7ecd3b65
SCHED-TRACE 15410 107038 P 75 e7ff326ea
SCHED-TRACE 15411 107112 I 72 e43534
SCHED-TRACE 15412 107112 B 72 7b
SCHED-TRACE 15413 107112 P 72 e7ba7f3b6
SCHED-TRACE 15414 107112 R 72 e7ba7f3b6
SCHED-TRACE 15415 107113 U 4 e43643
SCHED-TRACE 15416 107113 V 4 e436cf
SCHED-TRACE 15417 107113 O 0 0
SCHED-TRACE 15418 107113 P 72 e7d5378d5
SCHED-TRACE 15419 107114 K 69 e3f0045a2
SCHED-TRACE 15420 107114 P 72 e7ed5df3c
SCHED-TRACE 15421 107115 P 72 e7ffbcac1
SCHED-TRACE 15422 107189 I 69 e45f0e
SCHED-TRACE 15423 107189 B 69 7a
SCHED-TRACE 15424 107189 P 69 e7bb3a1cb
SCHED-TRACE 15425 107189 R 69 e7bb3a1cb
SCHED-TRACE 15426 107190 U 4 e4601d
SCHED-TRACE 15427 107190 V 4 e460a9
SCHED-TRACE 15428 107190 O 0 0
SCHED-TRACE 15429 107190 P 69 e7d5f78d5
SCHED-TRACE 15430 107191 K 42 e3fefa1cb
SCHED-TRACE 15431 107191 P 69 e7ee1b646
SCHED-TRACE 15432 107192 P 69 e8007a1cb
SCHED-TRACE 15433 107266 I 42 e488e8
SCHED-TRACE 15434 107266 B 42 7b
SCHED-TRACE 15435 107266 P 42 e7ca326ea
SCHED-TRACE 15436 107266 R 42 e7ca326ea
SCHED-TRACE 15437 107267 U 4 e489f8
SCHED-TRACE 15438 107267 V 4 e48a84
SCHED-TRACE 15439 107267 O 0 0
SCHED-TRACE 15440 107267 P 42 e7e506e98
SCHED-TRACE 15441 107268 K 81 e40f7f3b6
SCHED-TRACE 15442 107268 P 42 e7fd2ac09
SCHED-TRACE 15443 107269 P 42 e80f8978e
SCHED-TRACE 15444 107343 I 81 e4b2c2
SCHED-TRACE 15445 107343 B 81 7a
SCHED-TRACE 15446 107343 P 81 e7da9126e
SCHED-TRACE 15447 107343 R 81 e7da9126e
SCHED-TRACE 15448 107344 U 4 e4b3d0
SCHED-TRACE 15449 107344 V 4 e4b45c
SCHED-TRACE 15450 107344 O 0 0
SCHED-TRACE 15451 107344 P 81 e7f53f3b6
SCHED-TRACE 15452 107345 K 39 e42658d50
SCHED-TRACE 15453 107345 P 81 e80d65a1c
SCHED-TRACE 15454 107346 P 81 e81fc1cac
SCHED-TRACE 15455 107421 I 39 e4dd0f
SCHED-TRACE 15456 107421 B 39 7a
SCHED-TRACE 15457 107421 P 39 e7fd13b64
SCHED-TRACE 15458 107421 R 39 e7fd13b64
SCHED-TRACE 15459 107422 U 4 e4de1d
SCHED-TRACE 15460 107422 V 4 e4dea9
SCHED-TRACE 15461 107422 O 0 0
SCHED-TRACE 15462 107422 P 39 e817bf3b6
SCHED-TRACE 15463 107423 K 33 e44b01893
SCHED-TRACE 15464 107423 P 39 e82fe5a1d
SCHED-TRACE 15465 107424 P 39 e8423f3b6
SCHED-TRACE 15466 107498 I 33 e506e7
SCHED-TRACE 15467 107498 B 33 7b
SCHED-TRACE 15468 107498 P 33 e4ac1d2f1
SCHED-TRACE 15469 107498 R 33 e4ac1d2f1
SCHED-TRACE 15470 107499 U 4 e507f4
SCHED-TRACE 15471 107499 V 4 e50881
SCHED-TRACE 15472 107499 O 0 0
SCHED-TRACE 15473 107499 P 33 e4aec72b0
SCHED-TRACE 15474 107500 K 36 e45cfcac0
SCHED-TRACE 15475 107500 P 33 e4b13126e
SCHED-TRACE 15476 107501 P 33 e4b3072b0
SCHED-TRACE 15477 107575 I 36 e530bf
SCHED-TRACE 15478 107575 B 36 7a
SCHED-TRACE 15479 107575 P 36 e82801cac
SCHED-TRACE 15480 107575 R 36 e82801cac
SCHED-TRACE 15481 107576 U 4 e531cc
SCHED-TRACE 15482 107576 V 4 e53259
SCHED-TRACE 15483 107576 O 0 0
SCHED-TRACE 15484 107576 P 36 e842a8312
SCHED-TRACE 15485 107577 K 33 e4b3072b0
SCHED-TRACE 15486 107577 P 36 e85acc083
SCHED-TRACE 15487 107578 P 36 e86d28312
SCHED-TRACE 15488 107653 I 33 e55b09
SCHED-TRACE 15489 107653 B 33 7b
SCHED-TRACE 15490 107653 P 33 e5154353f
SCHED-TRACE 15491 107653 R 33 e5154353f
SCHED-TRACE 15492 107654 U 4 e55c16
SCHED-TRACE 15493 107654 V 4 e55ca2
SCHED-TRACE 15494 107654 O 0 0
SCHED-TRACE 15495 107654 P 33 e517ed0e5
SCHED-TRACE 15496 107655 K 33 e517ed0e5
SCHED-TRACE 15497 107655 P 33 e51a570a4
SCHED-TRACE 15498 107731 I 33 e5851d
SCHED-TRACE 15499 107731 B 33 7a
SCHED-TRACE 15500 107731 P 33 e57de1893
SCHED-TRACE 15501 107731 R 33 e57de1893
SCHED-TRACE 15502 107732 U 4 e5862b
SCHED-TRACE 15503 107732 V 4 e586b7
SCHED-TRACE 15504 107732 O 0 0
SCHED-TRACE 15505 107732 P 33 e5808b852
SCHED-TRACE 15506 107733 K 33 e5808b852
SCHED-TRACE 15507 107733 P 33 e582f5c29
SCHED-TRACE 15508 107809 I 33 e5af32
SCHED-TRACE 15509 107809 B 33 7a
SCHED-TRACE 15510 107809 P 33 e5e680418
SCHED-TRACE 15511 107809 R 33 e5e680418
SCHED-TRACE 15512 107810 U 4 e5b03f
SCHED-TRACE 15513 107810 V 4 e5b0cc
SCHED-TRACE 15514 107810 O 0 0
SCHED-TRACE 15515 107810 P 33 e5e92a3d7
SCHED-TRACE 15516 107811 K 33 e5e92a3d7
SCHED-TRACE 15517 107811 P 33 e5eb947ae
SCHED-TRACE 15518 107887 I 33 e5d947
SCHED-TRACE 15519 107887 B 33 7a
SCHED-TRACE 15520 107887 P 33 e64f1eb85
SCHED-TRACE 15521 107887 R 33 e64f1eb85
SCHED-TRACE 15522 107888 U 4 e5da54
SCHED-TRACE 15523 107888 V 4 e5dae0
SCHED-TRACE 15524 107888 O 0 0
SCHED-TRACE 15525 107888 P 33 e651c8f5c
SCHED-TRACE 15526 107889 K 33 e651c8f5c
SCHED-TRACE 15527 107889 P 33 e65432f1a
SCHED-TRACE 15528 107965 I 33 e6035b
SCHED-TRACE 15529 107965 B 33 7a
SCHED-TRACE 15530 107965 P 33 e6b7bd70a
SCHED-TRACE 15531 107965 R 33 e6b7bd70a
SCHED-TRACE 15532 107966 U 4 e60469
SCHED-TRACE 15533 107966 V 4 e604f5
SCHED-TRACE 15534 107966 O 0 0
SCHED-TRACE 15535 107966 P 33 e6ba676c9
SCHED-TRACE 15536 107967 K 33 e6ba676c9
SCHED-TRACE 15537 107967 P 33 e6bcd1aa0
SCHED-TRACE 15538 108043 I 33 e62d70
SCHED-TRACE 15539 108043 B 33 7b
SCHED-TRACE 15540 108043 P 33 e7205c28f
SCHED-TRACE 15541 108043 R 33 e7205c28f
SCHED-TRACE 15542 108044 U 4 e62e7d
SCHED-TRACE 15543 108044 V 4 e62f0a
SCHED-TRACE 15544 108044 O 0 0
SCHED-TRACE 15545 108044 P 33 e7230624e
SCHED-TRACE 15546 108045 K 33 e7230624e
SCHED-TRACE 15547 108045 P 33 e72570625
SCHED-TRACE 15548 108121 I 33 e65785
SCHED-TRACE 15549 108121 B 33 7a
SCHED-TRACE 15550 108121 P 33 e788fa9fc
SCHED-TRACE 15551 108121 R 33 e788fa9fc
SCHED-TRACE 15552 108122 U 4 e65892
SCHED-TRACE 15553 108122 V 4 e6591e
SCHED-TRACE 15554 108122 O 0 0
SCHED-TRACE 15555 108122 P 33 e78ba4dd3
SCHED-TRACE 15556 108123 K 33 e78ba4dd3
SCHED-TRACE 15557 108123 P 33 e78e0ed91
SCHED-TRACE 15558 108199 I 33 e68199
SCHED-TRACE 15559 108199 B 33 7a
SCHED-TRACE 15560 108199 P 33 e7f199581
SCHED-TRACE 15561 108199 R 33 e7f199581
SCHED-TRACE 15562 108200 U 4 e682a7
SCHED-TRACE 15563 108200 V 4 e68333
SCHED-TRACE 15564 108200 O 0 0
SCHED-TRACE 15565 108200 P 33 e7f443958
SCHED-TRACE 15566 108201 K 60 e7ea4e978
SCHED-TRACE 15567 108201 P 33 e7f6add2f
SCHED-TRACE 15568 108202 P 33 e7f884189
SCHED-TRACE 15569 108276 I 60 e6ab71
SCHED-TRACE 15570 108276 B 60 7a
SCHED-TRACE 15571 108276 P 60 ebb560831
SCHED-TRACE 15572 108276 R 60 ebb560831
SCHED-TRACE 15573 108277 U 4 e6ac80
SCHED-TRACE 15574 108277 V 4 e6ad0c
SCHED-TRACE 15575 108277 O 0 0
SCHED-TRACE 15576 108277 P 60 ebd025a1c
SCHED-TRACE 15577 108278 K 63 e7efa0831
SCHED-TRACE 15578 108278 P 60 ebe84c083
SCHED-TRACE 15579 108279 P 60 ebfaaac08
SCHED-TRACE 15580 108353 I 63 e6d54a
SCHED-TRACE 15581 108353 B 63 7a
SCHED-TRACE 15582 108353 P 63 ebbaafdf4
SCHED-TRACE 15583 108353 R 63 ebbaafdf4
SCHED-TRACE 15584 108354 U 4 e6d658
SCHED-TRACE 15585 108354 V 4 e6d6e5
SCHED-TRACE 15586 108354 O 0 0
SCHED-TRACE 15587 108354 P 63 ebd56fdf4
SCHED-TRACE 15588 108355 K 51 e7f31b646
SCHED-TRACE 15589 108355 P 63 ebed93b64
SCHED-TRACE 15590 108356 P 63 ebfff26e9
SCHED-TRACE 15591 108430 I 51 e6ff23
SCHED-TRACE 15592 108430 B 51 7a
SCHED-TRACE 15593 108430 P 51 ebbe34fdf
SCHED-TRACE 15594 108430 R 51 ebbe34fdf
SCHED-TRACE 15595 108431 U 4 e70032
SCHED-TRACE 15596 108431 V 4 e700be
SCHED-TRACE 15597 108431 O 0 0
SCHED-TRACE 15598 108431 P 51 ebd901cac
SCHED-TRACE 15599 108432 K 48 e7f3d645a
SCHED-TRACE 15600 108432 P 51 ebf125a1d
SCHED-TRACE 15601 108433 P 51 ec03845a2
SCHED-TRACE 15602 108507 I 48 e728fd
SCHED-TRACE 15603 108507 B 48 7a
SCHED-TRACE 15604 108507 P 48 ebbefcac0
SCHED-TRACE 15605 108507 R 48 ebbefcac0
SCHED-TRACE 15606 108508 U 4 e72a0c
SCHED-TRACE 15607 108508 V 4 e72a98
SCHED-TRACE 15608 108508 O 0 0
SCHED-TRACE 15609 108508 P 48 ebd9cc083
SCHED-TRACE 15610 108509 K 78 e7f3f26ea
SCHED-TRACE 15611 108509 P 48 ebf1efdf3
SCHED-TRACE 15612 108510 P 48 ec044e979
SCHED-TRACE 15613 108584 I 78 e752d7
SCHED-TRACE 15614 108584 B 78 7a
SCHED-TRACE 15615 108584 P 78 ebbf28313
SCHED-TRACE 15616 108584 R 78 ebbf28313
SCHED-TRACE 15617 108585 U 4 e753e5
SCHED-TRACE 15618 108585 V 4 e75471
SCHED-TRACE 15619 108585 O 0 0
SCHED-TRACE 15620 108585 P 78 ebd9d8d50
SCHED-TRACE 15621 108586 K 66 e7f7a8312
SCHED-TRACE 15622 108586 P 78 ebf1fcac1
SCHED-TRACE 15623 108587 P 78 ec045b646
SCHED-TRACE 15624 108661 I 66 e77caf
SCHED-TRACE 15625 108661 B 66 7a
SCHED-TRACE 15626 108661 P 66 ebc2c6e97
SCHED-TRACE 15627 108661 R 66 ebc2c6e97
SCHED-TRACE 15628 108662 U 4 e77dbd
SCHED-TRACE 15629 108662 V 4 e77e4a
SCHED-TRACE 15630 108662 O 0 0
SCHED-TRACE 15631 108662 P 66 ebdd845a1
SCHED-TRACE 15632 108663 K 33 e7f884189
SCHED-TRACE 15633 108663 P 66 ebf5a8312
SCHED-TRACE 15634 108664 P 66 ec08045a1
SCHED-TRACE 15635 108738 I 33 e7a688
SCHED-TRACE 15636 108738 B 33 7a
SCHED-TRACE 15637 108738 P 33 e859a1062
SCHED-TRACE 15638 108738 R 33 e859a1062
SCHED-TRACE 15639 108739 U 4 e7a795
SCHED-TRACE 15640 108739 V 4 e7a822
SCHED-TRACE 15641 108739 O 0 0
SCHED-TRACE 15642 108739 P 33 e85c4bc6a
SCHED-TRACE 15643 108740 K 57 e7f9a0831
SCHED-TRACE 15644 108740 P 33 e85eb5c29
SCHED-TRACE 15645 108741 P 33 e8608c49b
SCHED-TRACE 15646 108815 I 57 e7d064
SCHED-TRACE 15647 108815 B 57 7a
SCHED-TRACE 15648 108815 P 57 ebc513b65
SCHED-TRACE 15649 108815 R 57 ebc513b65
SCHED-TRACE 15650 108816 U 4 e7d172
SCHED-TRACE 15651 108816 V 4 e7d1ff
SCHED-TRACE 15652 108816 O 0 0
SCHED-TRACE 15653 108816 P 57 ebdfddf3c
SCHED-TRACE 15654 108817 K 54 e7fa3a1cb
SCHED-TRACE 15655 108817 P 57 ebf8045a2
SCHED-TRACE 15656 108818 P 57 ec0a63127
SCHED-TRACE 15657 108892 I 54 e7fa41
SCHED-TRACE 15658 108892 B 54 7a
SCHED-TRACE 15659 108892 P 54 ebc5ad4fe
SCHED-TRACE 15660 108892 R 54 ebc5ad4fe
SCHED-TRACE 15661 108893 U 4 e7fb50
SCHED-TRACE 15662 108893 V 4 e7fbdc
SCHED-TRACE 15663 108893 O 0 0
SCHED-TRACE 15664 108893 P 54 ebe07a1cb
SCHED-TRACE 15665 108894 K 45 e7fc34fdf
SCHED-TRACE 15666 108894 P 54 ebf8a0831
SCHED-TRACE 15667 108895 P 54 ec0b01cac
SCHED-TRACE 15668 108969 I 45 e8241e
SCHED-TRACE 15669 108969 B 45 7a
SCHED-TRACE 15670 108969 P 45 ebc7a8312
SCHED-TRACE 15671 108969 R 45 ebc7a8312
SCHED-TRACE 15672 108970 U 4 e8252d
SCHED-TRACE 15673 108970 V 4 e825b9
SCHED-TRACE 15674 108970 O 0 0
SCHED-TRACE 15675 108970 P 45 ebe27cac1
SCHED-TRACE 15676 108971 K 75 e7ff326ea
SCHED-TRACE 15677 108971 P 45 ebfaa3127
SCHED-TRACE 15678 108972 P 45 ec0d01cac
SCHED-TRACE 15679 109046 I 75 e84df9
SCHED-TRACE 15680 109046 B 75 7a
SCHED-TRACE 15681 109046 P 75 ebca68313
SCHED-TRACE 15682 109046 R 75 ebca68313
SCHED-TRACE 15683 109047 U 4 e84f07
SCHED-TRACE 15684 109047 V 4 e84f93
SCHED-TRACE 15685 109047 O 0 0
SCHED-TRACE 15686 109047 P 75 ebe520831
SCHED-TRACE 15687 109048 K 72 e7ffbcac1
SCHED-TRACE 15688 109048 P 75 ebfd445a2
SCHED-TRACE 15689 109049 P 75 ec0fa3127
SCHED-TRACE 15690 109123 I 72 e877d3
SCHED-TRACE 15691 109123 B 72 7b
SCHED-TRACE 15692 109123 P 72 ebcaf4fdf
SCHED-TRACE 15693 109123 R 72 ebcaf4fdf
SCHED-TRACE 15694 109124 U 4 e878e1
SCHED-TRACE 15695 109124 V 4 e8796d
SCHED-TRACE 15696 109124 O 0 0
SCHED-TRACE 15697 109124 P 72 ebe5ad4fe
SCHED-TRACE 15698 109125 K 69 e8007a1cb
SCHED-TRACE 15699 109125 P 72 ebfdd3b65
SCHED-TRACE 15700 109126 P 72 ec10326ea
SCHED-TRACE 15701 109200 I 69 e8a1ad
SCHED-TRACE 15702 109200 B 69 7a
SCHED-TRACE 15703 109200 P 69 ebcbafdf4
SCHED-TRACE 15704 109200 R 69 ebcbafdf4
SCHED-TRACE 15705 109201 U 4 e8a2bb
SCHED-TRACE 15706 109201 V 4 e8a347
SCHED-TRACE 15707 109201 O 0 0
SCHED-TRACE 15708 109201 P 69 ebe66d4fe
SCHED-TRACE 15709 109202 K 42 e80f8978e
SCHED-TRACE 15710 109202 P 69 ebfe9126f
SCHED-TRACE 15711 109203 P 69 ec10efdf4
SCHED-TRACE 15712 109277 I 42 e8cb87
SCHED-TRACE 15713 109277 B 42 7b
SCHED-TRACE 15714 109277 P 42 ebdac1cac
SCHED-TRACE 15715 109277 R 42 ebdac1cac
SCHED-TRACE 15716 109278 U 4 e8cc96
SCHED-TRACE 15717 109278 V 4 e8cd22
SCHED-TRACE 15718 109278 O 0 0
SCHED-TRACE 15719 109278 P 42 ebf59645a
SCHED-TRACE 15720 109279 K 81 e81fc1cac
SCHED-TRACE 15721 109279 P 42 ec0dba1cb
SCHED-TRACE 15722 109280 P 42 ec2018d50
SCHED-TRACE 15723 109354 I 81 e8f561
SCHED-TRACE 15724 109354 B 81 7a
SCHED-TRACE 15725 109354 P 81 ebeae5a1c
SCHED-TRACE 15726 109354 R 81 ebeae5a1c
SCHED-TRACE 15727 109355 U 4 e8f66f
SCHED-TRACE 15728 109355 V 4 e8f6fb
SCHED-TRACE 15729 109355 O 0 0
SCHED-TRACE 15730 109355 P 81 ec0593b64
SCHED-TRACE 15731 109356 K 39 e8423f3b6
SCHED-TRACE 15732 109356 P 81 ec1dba1ca
SCHED-TRACE 15733 109357 P 81 ec301645a
SCHED-TRACE 15734 109431 I 39 e91f39
SCHED-TRACE 15735 109431 B 39 7a
SCHED-TRACE 15736 109431 P 39 ec0d3cac0
SCHED-TRACE 15737 109431 R 39 ec0d3cac0
SCHED-TRACE 15738 109432 U 4 e92046
SCHED-TRACE 15739 109432 V 4 e920d3
SCHED-TRACE 15740 109432 O 0 0
SCHED-TRACE 15741 109432 P 39 ec27e5a1d
SCHED-TRACE 15742 109433 K 33 e8608c49b
SCHED-TRACE 15743 109433 P 39 ec400c083
SCHED-TRACE 15744 109434 P 39 ec5268312
SCHED-TRACE 15745 109509 I 33 e94988
SCHED-TRACE 15746 109509 B 33 7a
SCHED-TRACE 15747 109509 P 33 e8c2d5c29
SCHED-TRACE 15748 109509 R 33 e8c2d5c29
SCHED-TRACE 15749 109510 U 4 e94a95
SCHED-TRACE 15750 109510 V 4 e94b22
SCHED-TRACE 15751 109510 O 0 0
SCHED-TRACE 15752 109510 P 33 e8c57fbe7
SCHED-TRACE 15753 109511 K 36 e86d28312
SCHED-TRACE 15754 109511 P 33 e8c7e9ba6
SCHED-TRACE 15755 109512 P 33 e8c9c0000
SCHED-TRACE 15756 109586 I 36 e97360
SCHED-TRACE 15757 109586 B 36 7a
SCHED-TRACE 15758 109586 P 36 ec385126e
SCHED-TRACE 15759 109586 R 36 ec385126e
SCHED-TRACE 15760 109587 U 4 e9746d
SCHED-TRACE 15761 109587 V 4 e974fa
SCHED-TRACE 15762 109587 O 0 0
SCHED-TRACE 15763 109587 P 36 ec52f78d5
SCHED-TRACE 15764 109588 K 33 e8c9c0000
SCHED-TRACE 15765 109588 P 36 ec6b1b645
SCHED-TRACE 15766 109589 P 36 ec7d778d5
SCHED-TRACE 15767 109663 I 33 e99d38
SCHED-TRACE 15768 109663 B 33 7a
SCHED-TRACE 15769 109663 P 33 e92adc6a8
SCHED-TRACE 15770 109663 R 33 e92adc6a8
SCHED-TRACE 15771 109664 U 4 e99e45
SCHED-TRACE 15772 109664 V 4 e99ed2
SCHED-TRACE 15773 109664 O 0 0
SCHED-TRACE 15774 109664 P 33 e92d86666
SCHED-TRACE 15775 109665 K 33 e92d86666
SCHED-TRACE 15776 109665 P 33 e92ff0625
SCHED-TRACE 15777 109741 I 33 e9c746
SCHED-TRACE 15778 109741 B 33 7b
SCHED-TRACE 15779 109741 P 33 e9936b439
SCHED-TRACE 15780 109741 R 33 e9936b439
SCHED-TRACE 15781 109742 U 4 e9c854
SCHED-TRACE 15782 109742 V 4 e9c8e0
SCHED-TRACE 15783 109742 O 0 0
SCHED-TRACE 15784 109742 P 33 e996153f8
SCHED-TRACE 15785 109743 K 33 e996153f8
SCHED-TRACE 15786 109743 P 33 e9987f3b6
SCHED-TRACE 15787 109819 I 33 e9f15b
SCHED-TRACE 15788 109819 B 33 7a
SCHED-TRACE 15789 109819 P 33 e9fc09ba6
SCHED-TRACE 15790 109819 R 33 e9fc09ba6
SCHED-TRACE 15791 109820 U 4 e9f268
SCHED-TRACE 15792 109820 V 4 e9f2f5
SCHED-TRACE 15793 109820 O 0 0
SCHED-TRACE 15794 109820 P 33 e9feb3b64
SCHED-TRACE 15795 109821 K 33 e9feb3b64
SCHED-TRACE 15796 109821 P 33 ea011df3b
SCHED-TRACE 15797 109897 I 33 ea1b70
SCHED-TRACE 15798 109897 B 33 7a
SCHED-TRACE 15799 109897 P 33 ea64a872b
SCHED-TRACE 15800 109897 R 33 ea64a872b
SCHED-TRACE 15801 109898 U 4 ea1c7d
SCHED-TRACE 15802 109898 V 4 ea1d09
SCHED-TRACE 15803 109898 O 0 0
SCHED-TRACE 15804 109898 P 33 ea67526e9
SCHED-TRACE 15805 109899 K 33 ea67526e9
SCHED-TRACE 15806 109899 P 33 ea69bcac0
SCHED-TRACE 15807 109975 I 33 ea4584
SCHED-TRACE 15808 109975 B 33 7b
SCHED-TRACE 15809 109975 P 33 eacd472b0
SCHED-TRACE 15810 109975 R 33 eacd472b0
SCHED-TRACE 15811 109976 U 4 ea4692
SCHED-TRACE 15812 109976 V 4 ea471e
SCHED-TRACE 15813 109976 O 0 0
SCHED-TRACE 15814 109976 P 33 eacff0e56
SCHED-TRACE 15815 109977 K 33 eacff0e56
SCHED-TRACE 15816 109977 P 33 ead25ae14
SCHED-TRACE 15817 110053 I 33 ea6f99
SCHED-TRACE 15818 110053 B 33 7a
SCHED-TRACE 15819 110053 P 33 eb35e5604
SCHED-TRACE 15820 110053 R 33 eb35e5604
SCHED-TRACE 15821 110054 U 4 ea70a6
SCHED-TRACE 15822 110054 V 4 ea7133
SCHED-TRACE 15823 110054 O 0 0
SCHED-TRACE 15824 110054 P 33 eb388f5c2
SCHED-TRACE 15825 110055 K 33 eb388f5c2
SCHED-TRACE 15826 110055 P 33 eb3af9999
SCHED-TRACE 15827 110131 I 33 ea99ae
SCHED-TRACE 15828 110131 B 33 7a
SCHED-TRACE 15829 110131 P 33 eb9e84189
SCHED-TRACE 15830 110131 R 33 eb9e84189
SCHED-TRACE 15831 110132 U 4 ea9abb
SCHED-TRACE 15832 110132 V 4 ea9b47
SCHED-TRACE 15833 110132 O 0 0
SCHED-TRACE 15834 110132 P 33 eba12e148
SCHED-TRACE 15835 110133 K 33 eba12e148
SCHED-TRACE 15836 110133 P 33 eba39851f
SCHED-TRACE 15837 110209 I 33 eac3c2
SCHED-TRACE 15838 110209 B 33 7a
SCHED-TRACE 15839 110209 P 33 ec07228f6
SCHED-TRACE 15840 110209 R 33 ec07228f6
SCHED-TRACE 15841 110210 U 4 eac4d0
SCHED-TRACE 15842 110210 V 4 eac55c
SCHED-TRACE 15843 110210 O 0 0
SCHED-TRACE 15844 110210 P 33 ec09cd4fe
SCHED-TRACE 15845 110211 K 60 ebfaaac08
SCHED-TRACE 15846 110211 P 33 ec0c378d5
SCHED-TRACE 15847 110212 P 33 ec0e0dd2f
SCHED-TRACE 15848 110286 I 60 eaed9c
SCHED-TRACE 15849 110286 B 60 7a
SCHED-TRACE 15850 110286 P 60 efc5e0831
SCHED-TRACE 15851 110286 R 60 efc5e0831
SCHED-TRACE 15852 110287 U 4 eaeeaa
SCHED-TRACE 15853 110287 V 4 eaef37
SCHED-TRACE 15854 110287 O 0 0
SCHED-TRACE 15855 110287 P 60 efe0a5a1c
SCHED-TRACE 15856 110288 K 63 ebfff26e9
SCHED-TRACE 15857 110288 P 60 eff8cc083
SCHED-TRACE 15858 110289 P 60 f00b28312
SCHED-TRACE 15859 110363 I 63 eb1775
SCHED-TRACE 15860 110363 B 63 7b
SCHED-TRACE 15861 110363 P 63 efcb1126e
SCHED-TRACE 15862 110363 R 63 efcb1126e
SCHED-TRACE 15863 110364 U 4 eb1883
SCHED-TRACE 15864 110364 V 4 eb1910
SCHED-TRACE 15865 110364 O 0 0
SCHED-TRACE 15866 110364 P 63 efe5d126e
SCHED-TRACE 15867 110365 K 51 ec03845a2
SCHED-TRACE 15868 110365 P 63 effdf4fdf
SCHED-TRACE 15869 110366 P 63 f01053b64
SCHED-TRACE 15870 110440 I 51 eb414e
SCHED-TRACE 15871 110440 B 51 7a
SCHED-TRACE 15872 110440 P 51 efce9b646
SCHED-TRACE 15873 110440 R 51 efce9b646
SCHED-TRACE 15874 110441 U 4 eb425d
SCHED-TRACE 15875 110441 V 4 eb42e9
SCHED-TRACE 15876 110441 O 0 0
SCHED-TRACE 15877 110441 P 51 efe968313
SCHED-TRACE 15878 110442 K 48 ec044e979
SCHED-TRACE 15879 110442 P 51 f0018c083
SCHED-TRACE 15880 110443 P 51 f013eac08
SCHED-TRACE 15881 110517 I 48 eb6b28
SCHED-TRACE 15882 110517 B 48 7a
SCHED-TRACE 15883 110517 P 48 efcf74fdf
SCHED-TRACE 15884 110517 R 48 efcf74fdf
SCHED-TRACE 15885 110518 U 4 eb6c37
SCHED-TRACE 15886 110518 V 4 eb6cc3
SCHED-TRACE 15887 110518 O 0 0
SCHED-TRACE 15888 110518 P 48 efea445a2
SCHED-TRACE 15889 110519 K 78 ec045b646
SCHED-TRACE 15890 110519 P 48 f00268312
SCHED-TRACE 15891 110520 P 48 f014c6e97
SCHED-TRACE 15892 110594 I 78 eb9502
SCHED-TRACE 15893 110594 B 78 7a
SCHED-TRACE 15894 110594 P 78 efcf6ac08
SCHED-TRACE 15895 110594 R 78 efcf6ac08
SCHED-TRACE 15896 110595 U 4 eb9610
SCHED-TRACE 15897 110595 V 4 eb969c
SCHED-TRACE 15898 110595 O 0 0
SCHED-TRACE 15899 110595 P 78 efea1df3c
SCHED-TRACE 15900 110596 K 66 ec08045a1
SCHED-TRACE 15901 110596 P 78 f00241cac
SCHED-TRACE 15902 110597 P 78 f0149df3c
SCHED-TRACE 15903 110671 I 66 ebbeda
SCHED-TRACE 15904 110671 B 66 7a
SCHED-TRACE 15905 110671 P 66 efd325a1c
SCHED-TRACE 15906 110671 R 66 efd325a1c
SCHED-TRACE 15907 110672 U 4 ebbfe8
SCHED-TRACE 15908 110672 V 4 ebc075
SCHED-TRACE 15909 110672 O 0 0
SCHED-TRACE 15910 110672 P 66 efede3126
SCHED-TRACE 15911 110673 K 57 ec0a63127
SCHED-TRACE 15912 110673 P 66 f0060978d
SCHED-TRACE 15913 110674 P 66 f01865a1c
SCHED-TRACE 15914 110748 I 57 ebe8b3
SCHED-TRACE 15915 110748 B 57 7b
SCHED-TRACE 15916 110748 P 57 efd56d4fe
SCHED-TRACE 15917 110748 R 57 efd56d4fe
SCHED-TRACE 15918 110749 U 4 ebe9c2
SCHED-TRACE 15919 110749 V 4 ebea4e
SCHED-TRACE 15920 110749 O 0 0
SCHED-TRACE 15921 110749 P 57 eff0326ea
SCHED-TRACE 15922 110750 K 54 ec0b01cac
SCHED-TRACE 15923 110750 P 57 f00858d50
SCHED-TRACE 15924 110751 P 57 f01ab4fdf
SCHED-TRACE 15925 110825 I 54 ec128c
SCHED-TRACE 15926 110825 B 54 7b
SCHED-TRACE 15927 110825 P 54 efd628312
SCHED-TRACE 15928 110825 R 54 efd628312
SCHED-TRACE 15929 110826 U 4 ec139b
SCHED-TRACE 15930 110826 V 4 ec1427
SCHED-TRACE 15931 110826 O 0 0
SCHED-TRACE 15932 110826 P 54 eff0efdf4
SCHED-TRACE 15933 110827 K 45 ec0d01cac
SCHED-TRACE 15934 110827 P 54 f0091645a
SCHED-TRACE 15935 110828 P 54 f01b726e9
SCHED-TRACE 15936 110902 I 45 ec3c65
SCHED-TRACE 15937 110902 B 45 7a
SCHED-TRACE 15938 110902 P 45 efd7ff3b6
SCHED-TRACE 15939 110902 R 45 efd7ff3b6
SCHED-TRACE 15940 110903 U 4 ec3d74
SCHED-TRACE 15941 110903 V 4 ec3e00
SCHED-TRACE 15942 110903 O 0 0
SCHED-TRACE 15943 110903 P 45 eff2ce979
SCHED-TRACE 15944 110904 K 33 ec0e0dd2f
SCHED-TRACE 15945 110904 P 45 f00af26ea
SCHED-TRACE 15946 110905 P 45 f01d4e979
SCHED-TRACE 15947 110979 I 33 ec663f
SCHED-TRACE 15948 110979 B 33 7a
SCHED-TRACE 15949 110979 P 33 ec6f2b439
SCHED-TRACE 15950 110979 R 33 ec6f2b439
SCHED-TRACE 15951 110980 U 4 ec674c
SCHED-TRACE 15952 110980 V 4 ec67d9
SCHED-TRACE 15953 110980 O 0 0
SCHED-TRACE 15954 110980 P 33 ec71d5c29
SCHED-TRACE 15955 110981 K 75 ec0fa3127
SCHED-TRACE 15956 110981 P 33 ec7440000
SCHED-TRACE 15957 110982 P 33 ec761645a
SCHED-TRACE 15958 111056 I 75 ec9018
SCHED-TRACE 15959 111056 B 75 7a
SCHED-TRACE 15960 111056 P 75 efdad8d50
SCHED-TRACE 15961 111056 R 75 efdad8d50
SCHED-TRACE 15962 111057 U 4 ec9126
SCHED-TRACE 15963 111057 V 4 ec91b3
SCHED-TRACE 15964 111057 O 0 0
SCHED-TRACE 15965 111057 P 75 eff58e979
SCHED-TRACE 15966 111058 K 72 ec10326ea
SCHED-TRACE 15967 111058 P 75 f00db4fdf
SCHED-TRACE 15968 111059 P 75 f02013b65
SCHED-TRACE 15969 111133 I 72 ecb9f2
SCHED-TRACE 15970 111133 B 72 7a
SCHED-TRACE 15971 111133 P 72 efdb6ac08
SCHED-TRACE 15972 111133 R 72 efdb6ac08
SCHED-TRACE 15973 111134 U 4 ecbb00
SCHED-TRACE 15974 111134 V 4 ecbb8d
SCHED-TRACE 15975 111134 O 0 0
SCHED-TRACE 15976 111134 P 72 eff625a1d
SCHED-TRACE 15977 111135 K 69 ec10efdf4
SCHED-TRACE 15978 111135 P 72 f00e4978e
SCHED-TRACE 15979 111136 P 72 f020a8313
SCHED-TRACE 15980 111210 I 69 ece3cc
SCHED-TRACE 15981 111210 B 69 7b
SCHED-TRACE 15982 111210 P 69 efdc28313
SCHED-TRACE 15983 111210 R 69 efdc28313
SCHED-TRACE 15984 111211 U 4 ece4da
SCHED-TRACE 15985 111211 V 4 ece567
SCHED-TRACE 15986 111211 O 0 0
SCHED-TRACE 15987 111211 P 69 eff6e3127
SCHED-TRACE 15988 111212 K 42 ec2018d50
SCHED-TRACE 15989 111212 P 69 f00f0978e
SCHED-TRACE 15990 111213 P 69 f02168313
SCHED-TRACE 15991 111287 I 42 ed0da6
SCHED-TRACE 15992 111287 B 42 7a
SCHED-TRACE 15993 111287 P 42 efeb5126f
SCHED-TRACE 15994 111287 R 42 efeb5126f
SCHED-TRACE 15995 111288 U 4 ed0eb5
SCHED-TRACE 15996 111288 V 4 ed0f42
SCHED-TRACE 15997 111288 O 0 0
SCHED-TRACE 15998 111288 P 42 f00625a1d
SCHED-TRACE 15999 111289 K 81 ec301645a
SCHED-TRACE 16000 111289 P 42 f01e4c083
SCHED-TRACE 16001 111290 P 42 f030a8313
SCHED-TRACE 16002 111364 I 81 ed3780
SCHED-TRACE 16003 111364 B 81 7b
SCHED-TRACE 16004 111364 P 81 effb34fdf
SCHED-TRACE 16005 111364 R 81 effb34fdf
SCHED-TRACE 16006 111365 U 4 ed388e
SCHED-TRACE 16007 111365 V 4 ed391a
SCHED-TRACE 16008 111365 O 0 0
SCHED-TRACE 16009 111365 P 81 f015e3127
SCHED-TRACE 16010 111366 K 39 ec5268312
SCHED-TRACE 16011 111366 P 81 f02e06e97
SCHED-TRACE 16012 111367 P 81 f04065a1c
SCHED-TRACE 16013 111441 I 39 ed6158
SCHED-TRACE 16014 111441 B 39 7a
SCHED-TRACE 16015 111441 P 39 f01d63127
SCHED-TRACE 16016 111441 R 39 f01d63127
SCHED-TRACE 16017 111442 U 4 ed6265
SCHED-TRACE 16018 111442 V 4 ed62f2
SCHED-TRACE 16019 111442 O 0 0
SCHED-TRACE 16020 111442 P 39 f0380e979
SCHED-TRACE 16021 111443 K 33 ec761645a
SCHED-TRACE 16022 111443 P 39 f05034fdf
SCHED-TRACE 16023 111444 P 39 f0628e979
SCHED-TRACE 16024 111519 I 33 ed8ba7
SCHED-TRACE 16025 111519 B 33 7a
SCHED-TRACE 16026 111519 P 33 ecd85f3b6
SCHED-TRACE 16027 111519 R 33 ecd85f3b6
SCHED-TRACE 16028 111520 U 4 ed8cb4
SCHED-TRACE 16029 111520 V 4 ed8d41
SCHED-TRACE 16030 111520 O 0 0
SCHED-TRACE 16031 111520 P 33 ecdb0978d
SCHED-TRACE 16032 111521 K 36 ec7d778d5
SCHED-TRACE 16033 111521 P 33 ecdd7374c
SCHED-TRACE 16034 111522 P 33 ecdf4978d
SCHED-TRACE 16035 111597 I 36 edb5f3
SCHED-TRACE 16036 111597 B 36 7a
SCHED-TRACE 16037 111597 P 36 f05428312
SCHED-TRACE 16038 111597 R 36 f05428312
SCHED-TRACE 16039 111598 U 4 edb701
SCHED-TRACE 16040 111598 V 4 edb78d
SCHED-TRACE 16041 111598 O 0 0
SCHED-TRACE 16042 111598 P 36 f06ece978
SCHED-TRACE 16043 111599 K 33 ecdf4978d
SCHED-TRACE 16044 111599 P 36 f086f26e9
SCHED-TRACE 16045 111600 P 36 f0994e978
SCHED-TRACE 16046 111674 I 33 eddfcc
SCHED-TRACE 16047 111674 B 33 7a
SCHED-TRACE 16048 111674 P 33 ed40672b0
SCHED-TRACE 16049 111674 R 33 ed40672b0
SCHED-TRACE 16050 111675 U 4 ede0d9
SCHED-TRACE 16051 111675 V 4 ede166
SCHED-TRACE 16052 111675 O 0 0
SCHED-TRACE 16053 111675 P 33 ed4311687
SCHED-TRACE 16054 111676 K 33 ed4311687
SCHED-TRACE 16055 111676 P 33 ed457b645
SCHED-TRACE 16056 111752 I 33 ee09da
SCHED-TRACE 16057 111752 B 33 7b
SCHED-TRACE 16058 111752 P 33 eda8f4fdf
SCHED-TRACE 16059 111752 R 33 eda8f4fdf
SCHED-TRACE 16060 111753 U 4 ee0ae7
SCHED-TRACE 16061 111753 V 4 ee0b74
SCHED-TRACE 16062 111753 O 0 0
SCHED-TRACE 16063 111753 P 33 edab9ef9e
SCHED-TRACE 16064 111754 K 33 edab9ef9e
SCHED-TRACE 16065 111754 P 33 edae08f5c
SCHED-TRACE 16066 111830 I 33 ee33ef
SCHED-TRACE 16067 111830 B 33 7a
SCHED-TRACE 16068 111830 P 33 ee119374c
SCHED-TRACE 16069 111830 R 33 ee119374c
SCHED-TRACE 16070 111831 U 4 ee34fc
SCHED-TRACE 16071 111831 V 4 ee3588
SCHED-TRACE 16072 111831 O 0 0
SCHED-TRACE 16073 111831 P 33 ee143d70a
SCHED-TRACE 16074 111832 K 33 ee143d70a
SCHED-TRACE 16075 111832 P 33 ee16a7ae1
SCHED-TRACE 16076 111908 I 33 ee5e03
SCHED-TRACE 16077 111908 B 33 7a
SCHED-TRACE 16078 111908 P 33 ee7a322d1
SCHED-TRACE 16079 111908 R 33 ee7a322d1
SCHED-TRACE 16080 111909 U 4 ee5f11
SCHED-TRACE 16081 111909 V 4 ee5f9d
SCHED-TRACE 16082 111909 O 0 0
SCHED-TRACE 16083 111909 P 33 ee7cdc28f
SCHED-TRACE 16084 111910 K 33 ee7cdc28f
SCHED-TRACE 16085 111910 P 33 ee7f46666
SCHED-TRACE 16086 111986 I 33 ee8818
SCHED-TRACE 16087 111986 B 33 7a
SCHED-TRACE 16088 111986 P 33 eee2d0a3d
SCHED-TRACE 16089 111986 R 33 eee2d0a3d
SCHED-TRACE 16090 111987 U 4 ee8925
SCHED-TRACE 16091 111987 V 4 ee89b2
SCHED-TRACE 16092 111987 O 0 0
SCHED-TRACE 16093 111987 P 33 eee57a9fc
SCHED-TRACE 16094 111988 K 33 eee57a9fc
SCHED-TRACE 16095 111988 P 33 eee7e49ba
SCHED-TRACE 16096 112064 I 33 eeb22d
SCHED-TRACE 16097 112064 B 33 7a
SCHED-TRACE 16098 112064 P 33 ef4b6f1aa
SCHED-TRACE 16099 112064 R 33 ef4b6f1aa
SCHED-TRACE 16100 112065 U 4 eeb33a
SCHED-TRACE 16101 112065 V 4 eeb3c6
SCHED-TRACE 16102 112065 O 0 0
SCHED-TRACE 16103 112065 P 33 ef4e19168
SCHED-TRACE 16104 112066 K 33 ef4e19168
SCHED-TRACE 16105 112066 P 33 ef508353f
SCHED-TRACE 16106 112142 I 33 eedc41
SCHED-TRACE 16107 112142 B 33 7a
SCHED-TRACE 16108 112142 P 33 efb40d916
SCHED-TRACE 16109 112142 R 33 efb40d916
SCHED-TRACE 16110 112143 U 4 eedd4f
SCHED-TRACE 16111 112143 V 4 eedddb
SCHED-TRACE 16112 112143 O 0 0
SCHED-TRACE 16113 112143 P 33 efb6b78d5
SCHED-TRACE 16114 112144 K 33 efb6b78d5
SCHED-TRACE 16115 112144 P 33 efb921cac
SCHED-TRACE 16116 112220 I 33 ef0656
SCHED-TRACE 16117 112220 B 33 7a
SCHED-TRACE 16118 112220 P 33 f01cac083
SCHED-TRACE 16119 112220 R 33 f01cac083
SCHED-TRACE 16120 112221 U 4 ef0763
SCHED-TRACE 16121 112221 V 4 ef07f0
SCHED-TRACE 16122 112221 O 0 0
SCHED-TRACE 16123 112221 P 33 f01f56873
SCHED-TRACE 16124 112222 K 60 f00b28312
SCHED-TRACE 16125 112222 P 33 f021c0c4a
SCHED-TRACE 16126 112223 P 33 f023970a4
SCHED-TRACE 16127 112297 I 60 ef302f
SCHED-TRACE 16128 112297 B 60 7a
SCHED-TRACE 16129 112297 P 60 f3d65df3b
SCHED-TRACE 16130 112297 R 60 f3d65df3b
SCHED-TRACE 16131 112298 U 4 ef313e
SCHED-TRACE 16132 112298 V 4 ef31ca
SCHED-TRACE 16133 112298 O 0 0
SCHED-TRACE 16134 112298 P 60 f3f123127
SCHED-TRACE 16135 112299 K 63 f01053b64
SCHED-TRACE 16136 112299 P 60 f4094978d
SCHED-TRACE 16137 112300 P 60 f41ba5a1c
SCHED-TRACE 16138 112374 I 63 ef5a08
SCHED-TRACE 16139 112374 B 63 7b
SCHED-TRACE 16140 112374 P 63 f3db65a1c
SCHED-TRACE 16141 112374 R 63 f3db65a1c
SCHED-TRACE 16142 112375 U 4 ef5b16
SCHED-TRACE 16143 112375 V 4 ef5ba3
SCHED-TRACE 16144 112375 O 0 0
SCHED-TRACE 16145 112375 P 63 f3f625a1c
SCHED-TRACE 16146 112376 K 51 f013eac08
SCHED-TRACE 16147 112376 P 63 f40e4978d
SCHED-TRACE 16148 112377 P 63 f420a8312
SCHED-TRACE 16149 112451 I 51 ef83e1
SCHED-TRACE 16150 112451 B 51 7a
SCHED-TRACE 16151 112451 P 51 f3df01cac
SCHED-TRACE 16152 112451 R 51 f3df01cac
SCHED-TRACE 16153 112452 U 4 ef84f0
SCHED-TRACE 16154 112452 V 4 ef857c
SCHED-TRACE 16155 112452 O 0 0
SCHED-TRACE 16156 112452 P 51 f3f9ce979
SCHED-TRACE 16157 112453 K 78 f0149df3c
SCHED-TRACE 16158 112453 P 51 f411f26ea
SCHED-TRACE 16159 112454 P 51 f4244e979
SCHED-TRACE 16160 112528 I 78 efadba
SCHED-TRACE 16161 112528 B 78 7a
SCHED-TRACE 16162 112528 P 78 f3df98d50
SCHED-TRACE 16163 112528 R 78 f3df98d50
SCHED-TRACE 16164 112529 U 4 efaec8
SCHED-TRACE 16165 112529 V 4 efaf54
SCHED-TRACE 16166 112529 O 0 0
SCHED-TRACE 16167 112529 P 78 f3fa4e979
SCHED-TRACE 16168 112530 K 48 f014c6e97
SCHED-TRACE 16169 112530 P 78 f41274fdf
SCHED-TRACE 16170 112531 P 78 f424d3b64
SCHED-TRACE 16171 112605 I 48 efd793
SCHED-TRACE 16172 112605 B 48 7a
SCHED-TRACE 16173 112605 P 48 f3dfeac08
SCHED-TRACE 16174 112605 R 48 f3dfeac08
SCHED-TRACE 16175 112606 U 4 efd8a2
SCHED-TRACE 16176 112606 V 4 efd92e
SCHED-TRACE 16177 112606 O 0 0
SCHED-TRACE 16178 112606 P 48 f3faba1cb
SCHED-TRACE 16179 112607 K 66 f01865a1c
SCHED-TRACE 16180 112607 P 48 f412ddf3b
SCHED-TRACE 16181 112608 P 48 f4253cac0
SCHED-TRACE 16182 112682 I 66 f0016d
SCHED-TRACE 16183 112682 B 66 7a
SCHED-TRACE 16184 112682 P 66 f3e38978d
SCHED-TRACE 16185 112682 R 66 f3e38978d
SCHED-TRACE 16186 112683 U 4 f0027b
SCHED-TRACE 16187 112683 V 4 f00308
SCHED-TRACE 16188 112683 O 0 0
SCHED-TRACE 16189 112683 P 66 f3fe46e97
SCHED-TRACE 16190 112684 K 57 f01ab4fdf
SCHED-TRACE 16191 112684 P 66 f4166ac08
SCHED-TRACE 16192 112685 P 66 f428c978d
SCHED-TRACE 16193 112759 I 57 f02b46
SCHED-TRACE 16194 112759 B 57 7a
SCHED-TRACE 16195 112759 P 57 f3e5d126f
SCHED-TRACE 16196 112759 R 57 f3e5d126f
SCHED-TRACE 16197 112760 U 4 f02c55
SCHED-TRACE 16198 112760 V 4 f02ce1
SCHED-TRACE 16199 112760 O 0 0
SCHED-TRACE 16200 112760 P 57 f40098d50
SCHED-TRACE 16201 112761 K 54 f01b726e9
SCHED-TRACE 16202 112761 P 57 f418bcac1
SCHED-TRACE 16203 112762 P 57 f42b1b646
SCHED-TRACE 16204 112836 I 54 f0551f
SCHED-TRACE 16205 112836 B 54 7a
SCHED-TRACE 16206 112836 P 54 f3e6845a2
SCHED-TRACE 16207 112836 R 54 f3e6845a2
SCHED-TRACE 16208 112837 U 4 f0562e
SCHED-TRACE 16209 112837 V 4 f056ba
SCHED-TRACE 16210 112837 O 0 0
SCHED-TRACE 16211 112837 P 54 f4014e979
SCHED-TRACE 16212 112838 K 45 f01d4e979
SCHED-TRACE 16213 112838 P 54 f41974fdf
SCHED-TRACE 16214 112839 P 54 f42bd3b64
SCHED-TRACE 16215 112913 I 45 f07ef8
SCHED-TRACE 16216 112913 B 45 7a
SCHED-TRACE 16217 112913 P 45 f3e85df3b
SCHED-TRACE 16218 112913 R 45 f3e85df3b
SCHED-TRACE 16219 112914 U 4 f08007
SCHED-TRACE 16220 112914 V 4 f08093
SCHED-TRACE 16221 112914 O 0 0
SCHED-TRACE 16222 112914 P 45 f4032fdf4
SCHED-TRACE 16223 112915 K 75 f02013b65
SCHED-TRACE 16224 112915 P 45 f41b53b64
SCHED-TRACE 16225 112916 P 45 f42dafdf4
SCHED-TRACE 16226 112990 I 75 f0a8d2
SCHED-TRACE 16227 112990 B 75 7a
SCHED-TRACE 16228 112990 P 75 f3eb4978d
SCHED-TRACE 16229 112990 R 75 f3eb4978d
SCHED-TRACE 16230 112991 U 4 f0a9e0
SCHED-TRACE 16231 112991 V 4 f0aa6c
SCHED-TRACE 16232 112991 O 0 0
SCHED-TRACE 16233 112991 P 75 f405fcac1
SCHED-TRACE 16234 112992 K 72 f020a8313
SCHED-TRACE 16235 112992 P 75 f41e20831
SCHED-TRACE 16236 112993 P 75 f4307f3b6
SCHED-TRACE 16237 113067 I 72 f0d2ab
SCHED-TRACE 16238 113067 B 72 7a
SCHED-TRACE 16239 113067 P 72 f3ebddf3c
SCHED-TRACE 16240 113067 R 72 f3ebddf3c
SCHED-TRACE 16241 113068 U 4 f0d3b9
SCHED-TRACE 16242 113068 V 4 f0d445
SCHED-TRACE 16243 113068 O 0 0
SCHED-TRACE 16244 113068 P 72 f4069645a
SCHED-TRACE 16245 113069 K 69 f02168313
SCHED-TRACE 16246 113069 P 72 f41ebcac1
SCHED-TRACE 16247 113070 P 72 f43118d50
SCHED-TRACE 16248 113144 I 69 f0fc84
SCHED-TRACE 16249 113144 B 69 7b
SCHED-TRACE 16250 113144 P 69 f3ec9df3c
SCHED-TRACE 16251 113144 R 69 f3ec9df3c
SCHED-TRACE 16252 113145 U 4 f0fd92
SCHED-TRACE 16253 113145 V 4 f0fe1e
SCHED-TRACE 16254 113145 O 0 0
SCHED-TRACE 16255 113145 P 69 f4075645b
SCHED-TRACE 16256 113146 K 33 f023970a4
SCHED-TRACE 16257 113146 P 69 f41f7a1cb
SCHED-TRACE 16258 113147 P 69 f431d645b
SCHED-TRACE 16259 113221 I 33 f1265d
SCHED-TRACE 16260 113221 B 33 7a
SCHED-TRACE 16261 113221 P 33 f084b4395
SCHED-TRACE 16262 113221 R 33 f084b4395
SCHED-TRACE 16263 113222 U 4 f1276a
SCHED-TRACE 16264 113222 V 4 f127f7
SCHED-TRACE 16265 113222 O 0 0
SCHED-TRACE 16266 113222 P 33 f0875eb85
SCHED-TRACE 16267 113223 K 42 f030a8313
SCHED-TRACE 16268 113223 P 33 f089c8f5c
SCHED-TRACE 16269 113224 P 33 f08b9f3b6
SCHED-TRACE 16270 113298 I 42 f15036
SCHED-TRACE 16271 113298 B 42 7a
SCHED-TRACE 16272 113298 P 42 f3fbddf3c
SCHED-TRACE 16273 113298 R 42 f3fbddf3c
SCHED-TRACE 16274 113299 U 4 f15145
SCHED-TRACE 16275 113299 V 4 f151d2
SCHED-TRACE 16276 113299 O 0 0
SCHED-TRACE 16277 113299 P 42 f416b26ea
SCHED-TRACE 16278 113300 K 81 f04065a1c
SCHED-TRACE 16279 113300 P 42 f42ed645a
SCHED-TRACE 16280 113301 P 42 f44134fe0
SCHED-TRACE 16281 113375 I 81 f17a10
SCHED-TRACE 16282 113375 B 81 7a
SCHED-TRACE 16283 113375 P 81 f40b7cac0
SCHED-TRACE 16284 113375 R 81 f40b7cac0
SCHED-TRACE 16285 113376 U 4 f17b1e
SCHED-TRACE 16286 113376 V 4 f17baa
SCHED-TRACE 16287 113376 O 0 0
SCHED-TRACE 16288 113376 P 81 f4262ac08
SCHED-TRACE 16289 113377 K 39 f0628e979
SCHED-TRACE 16290 113377 P 81 f43e4e978
SCHED-TRACE 16291 113378 P 81 f450aac08
SCHED-TRACE 16292 113452 I 39 f1a3e8
SCHED-TRACE 16293 113452 B 39 7a
SCHED-TRACE 16294 113452 P 39 f42d8c083
SCHED-TRACE 16295 113452 R 39 f42d8c083
SCHED-TRACE 16296 113453 U 4 f1a4f5
SCHED-TRACE 16297 113453 V 4 f1a582
SCHED-TRACE 16298 113453 O 0 0
SCHED-TRACE 16299 113453 P 39 f448378d5
SCHED-TRACE 16300 113454 K 33 f08b9f3b6
SCHED-TRACE 16301 113454 P 39 f4605b646
SCHED-TRACE 16302 113455 P 39 f472b78d5
SCHED-TRACE 16303 113530 I 33 f1ce37
SCHED-TRACE 16304 113530 B 33 7a
SCHED-TRACE 16305 113530 P 33 f0ede872b
SCHED-TRACE 16306 113530 R 33 f0ede872b
SCHED-TRACE 16307 113531 U 4 f1cf44
SCHED-TRACE 16308 113531 V 4 f1cfd1
SCHED-TRACE 16309 113531 O 0 0
SCHED-TRACE 16310 113531 P 33 f0f092b02
SCHED-TRACE 16311 113532 K 36 f0994e978
SCHED-TRACE 16312 113532 P 33 f0f2fced9
SCHED-TRACE 16313 113533 P 33 f0f4d2f1a
SCHED-TRACE 16314 113607 I 36 f1f80f
SCHED-TRACE 16315 113607 B 36 7b
SCHED-TRACE 16316 113607 P 36 f4647cac0
SCHED-TRACE 16317 113607 R 36 f4647cac0
SCHED-TRACE 16318 113608 U 4 f1f91c
SCHED-TRACE 16319 113608 V 4 f1f9a9
SCHED-TRACE 16320 113608 O 0 0
SCHED-TRACE 16321 113608 P 36 f47f23127
SCHED-TRACE 16322 113609 K 33 f0f4d2f1a
SCHED-TRACE 16323 113609 P 36 f4974978d
SCHED-TRACE 16324 113610 P 36 f4a9a5a1c
SCHED-TRACE 16325 113684 I 33 f221e7
SCHED-TRACE 16326 113684 B 33 7a
SCHED-TRACE 16327 113684 P 33 f155ef9db
SCHED-TRACE 16328 113684 R 33 f155ef9db
SCHED-TRACE 16329 113685 U 4 f222f4
SCHED-TRACE 16330 113685 V 4 f22381
SCHED-TRACE 16331 113685 O 0 0
SCHED-TRACE 16332 113685 P 33 f15899999
SCHED-TRACE 16333 113686 K 33 f15899999
SCHED-TRACE 16334 113686 P 33 f15b03d70
SCHED-TRACE 16335 113762 I 33 f24bf6
SCHED-TRACE 16336 113762 B 33 7a
SCHED-TRACE 16337 113762 P 33 f1be7e76c
SCHED-TRACE 16338 113762 R 33 f1be7e76c
SCHED-TRACE 16339 113763 U 4 f24d03
SCHED-TRACE 16340 113763 V 4 f24d8f
SCHED-TRACE 16341 113763 O 0 0
SCHED-TRACE 16342 113763 P 33 f1c12872b
SCHED-TRACE 16343 113764 K 33 f1c12872b
SCHED-TRACE 16344 113764 P 33 f1c392b02
SCHED-TRACE 16345 113840 I 33 f2760a
SCHED-TRACE 16346 113840 B 33 7b
SCHED-TRACE 16347 113840 P 33 f2271d2f1
SCHED-TRACE 16348 113840 R 33 f2271d2f1
SCHED-TRACE 16349 113841 U 4 f27717
SCHED-TRACE 16350 113841 V 4 f277a4
SCHED-TRACE 16351 113841 O 0 0
SCHED-TRACE 16352 113841 P 33 f229c72b0
SCHED-TRACE 16353 113842 K 33 f229c72b0
SCHED-TRACE 16354 113842 P 33 f22c3126e
SCHED-TRACE 16355 113918 I 33 f2a01f
SCHED-TRACE 16356 113918 B 33 7a
SCHED-TRACE 16357 113918 P 33 f28fbba5e
SCHED-TRACE 16358 113918 R 33 f28fbba5e
SCHED-TRACE 16359 113919 U 4 f2a12c
SCHED-TRACE 16360 113919 V 4 f2a1b9
SCHED-TRACE 16361 113919 O 0 0
SCHED-TRACE 16362 113919 P 33 f29265a1c
SCHED-TRACE 16363 113920 K 33 f29265a1c
SCHED-TRACE 16364 113920 P 33 f294cfdf4
SCHED-TRACE 16365 113996 I 33 f2ca33
SCHED-TRACE 16366 113996 B 33 7a
SCHED-TRACE 16367 113996 P 33 f2f85a5e3
SCHED-TRACE 16368 113996 R 33 f2f85a5e3
SCHED-TRACE 16369 113997 U 4 f2cb41
SCHED-TRACE 16370 113997 V 4 f2cbcd
SCHED-TRACE 16371 113997 O 0 0
SCHED-TRACE 16372 113997 P 33 f2fb045a2
SCHED-TRACE 16373 113998 K 33 f2fb045a2
SCHED-TRACE 16374 113998 P 33 f2fd6e979
SCHED-TRACE 16375 114074 I 33 f2f448
SCHED-TRACE 16376 114074 B 33 7a
SCHED-TRACE 16377 114074 P 33 f360f8d50
SCHED-TRACE 16378 114074 R 33 f360f8d50
SCHED-TRACE 16379 114075 U 4 f2f555
SCHED-TRACE 16380 114075 V 4 f2f5e2
SCHED-TRACE 16381 114075 O 0 0
SCHED-TRACE 16382 114075 P 33 f363a2d0e
SCHED-TRACE 16383 114076 K 33 f363a2d0e
SCHED-TRACE 16384 114076 P 33 f3660cccd
SCHED-TRACE 16385 114152 I 33 f31e5d
SCHED-TRACE 16386 114152 B 33 7a
SCHED-TRACE 16387 114152 P 33 f3c9974bc
SCHED-TRACE 16388 114152 R 33 f3c9974bc
SCHED-TRACE 16389 114153 U 4 f31f6a
SCHED-TRACE 16390 114153 V 4 f31ff7
SCHED-TRACE 16391 114153 O 0 0
SCHED-TRACE 16392 114153 P 33 f3cc4147b
SCHED-TRACE 16393 114154 K 33 f3cc4147b
SCHED-TRACE 16394 114154 P 33 f3ceab852
SCHED-TRACE 16395 114230 I 33 f34871
SCHED-TRACE 16396 114230 B 33 7a
SCHED-TRACE 16397 114230 P 33 f43235c29
SCHED-TRACE 16398 114230 R 33 f43235c29
SCHED-TRACE 16399 114231 U 4 f3497f
SCHED-TRACE 16400 114231 V 4 f34a0b
SCHED-TRACE 16401 114231 O 0 0
SCHED-TRACE 16402 114231 P 33 f434e0418
SCHED-TRACE 16403 114232 K 60 f41ba5a1c
SCHED-TRACE 16404 114232 P 33 f4374a7ef
SCHED-TRACE 16405 114233 P 33 f43920c4a
SCHED-TRACE 16406 114307 I 60 f3724b
SCHED-TRACE 16407 114307 B 60 7a
SCHED-TRACE 16408 114307 P 60 f7e6db645
SCHED-TRACE 16409 114307 R 60 f7e6db645
SCHED-TRACE 16410 114308 U 4 f37359
SCHED-TRACE 16411 114308 V 4 f373e6
SCHED-TRACE 16412 114308 O 0 0
SCHED-TRACE 16413 114308 P 60 f801a0831
SCHED-TRACE 16414 114309 K 63 f420a8312
SCHED-TRACE 16415 114309 P 60 f819c45a1
SCHED-TRACE 16416 114310 P 60 f82c23127
SCHED-TRACE 16417 114384 I 63 f39c24
SCHED-TRACE 16418 114384 B 63 7a
SCHED-TRACE 16419 114384 P 63 f7ebc1cac
SCHED-TRACE 16420 114384 R 63 f7ebc1cac
SCHED-TRACE 16421 114385 U 4 f39d32
SCHED-TRACE 16422 114385 V 4 f39dbf
SCHED-TRACE 16423 114385 O 0 0
SCHED-TRACE 16424 114385 P 63 f806845a2
SCHED-TRACE 16425 114386 K 51 f4244e979
SCHED-TRACE 16426 114386 P 63 f81eaac08
SCHED-TRACE 16427 114387 P 63 f83106e97
SCHED-TRACE 16428 114461 I 51 f3c5fd
SCHED-TRACE 16429 114461 B 51 7b
SCHED-TRACE 16430 114461 P 51 f7ef6ac08
SCHED-TRACE 16431 114461 R 51 f7ef6ac08
SCHED-TRACE 16432 114462 U 4 f3c70c
SCHED-TRACE 16433 114462 V 4 f3c798
SCHED-TRACE 16434 114462 O 0 0
SCHED-TRACE 16435 114462 P 51 f80a34fdf
SCHED-TRACE 16436 114463 K 78 f424d3b64
SCHED-TRACE 16437 114463 P 51 f8225b646
SCHED-TRACE 16438 114464 P 51 f834b78d5
SCHED-TRACE 16439 114539 I 78 f3f04a
SCHED-TRACE 16440 114539 B 78 7a
SCHED-TRACE 16441 114539 P 78 f7fb4e979
SCHED-TRACE 16442 114539 R 78 f7fb4e979
SCHED-TRACE 16443 114540 U 4 f3f158
SCHED-TRACE 16444 114540 V 4 f3f1e5
SCHED-TRACE 16445 114540 O 0 0
SCHED-TRACE 16446 114540 P 78 f81601cac
SCHED-TRACE 16447 114541 K 48 f4253cac0
SCHED-TRACE 16448 114541 P 78 f82e28313
SCHED-TRACE 16449 114542 P 78 f84086e98
SCHED-TRACE 16450 114616 I 48 f41a23
SCHED-TRACE 16451 114616 B 48 7a
SCHED-TRACE 16452 114616 P 48 f7f053b64
SCHED-TRACE 16453 114616 R 48 f7f053b64
SCHED-TRACE 16454 114617 U 4 f41b32
SCHED-TRACE 16455 114617 V 4 f41bbe
SCHED-TRACE 16456 114617 O 0 0
SCHED-TRACE 16457 114617 P 48 f80b23127
SCHED-TRACE 16458 114618 K 66 f428c978d
SCHED-TRACE 16459 114618 P 48 f8234978d
SCHED-TRACE 16460 114619 P 48 f835a8312
SCHED-TRACE 16461 114693 I 66 f443fd
SCHED-TRACE 16462 114693 B 66 7a
SCHED-TRACE 16463 114693 P 66 f7f3ed4fd
SCHED-TRACE 16464 114693 R 66 f7f3ed4fd
SCHED-TRACE 16465 114694 U 4 f4450b
SCHED-TRACE 16466 114694 V 4 f44598
SCHED-TRACE 16467 114694 O 0 0
SCHED-TRACE 16468 114694 P 66 f80eaac08
SCHED-TRACE 16469 114695 K 57 f42b1b646
SCHED-TRACE 16470 114695 P 66 f826ce978
SCHED-TRACE 16471 114696 P 66 f8392d4fd
SCHED-TRACE 16472 114770 I 57 f46dd6
SCHED-TRACE 16473 114770 B 57 7a
SCHED-TRACE 16474 114770 P 57 f7f6378d5
SCHED-TRACE 16475 114770 R 57 f7f6378d5
SCHED-TRACE 16476 114771 U 4 f46ee5
SCHED-TRACE 16477 114771 V 4 f46f71
SCHED-TRACE 16478 114771 O 0 0
SCHED-TRACE 16479 114771 P 57 f810ff3b6
SCHED-TRACE 16480 114772 K 54 f42bd3b64
SCHED-TRACE 16481 114772 P 57 f82925a1d
SCHED-TRACE 16482 114773 P 57 f83b845a2
SCHED-TRACE 16483 114847 I 54 f497af
SCHED-TRACE 16484 114847 B 54 7a
SCHED-TRACE 16485 114847 P 54 f7f6e5a1d
SCHED-TRACE 16486 114847 R 54 f7f6e5a1d
SCHED-TRACE 16487 114848 U 4 f498be
SCHED-TRACE 16488 114848 V 4 f4994a
SCHED-TRACE 16489 114848 O 0 0
SCHED-TRACE 16490 114848 P 54 f811afdf4
SCHED-TRACE 16491 114849 K 45 f42dafdf4
SCHED-TRACE 16492 114849 P 54 f829d645a
SCHED-TRACE 16493 114850 P 54 f83c326e9
SCHED-TRACE 16494 114924 I 45 f4c188
SCHED-TRACE 16495 114924 B 45 7b
SCHED-TRACE 16496 114924 P 45 f7f8c45a2
SCHED-TRACE 16497 114924 R 45 f7f8c45a2
SCHED-TRACE 16498 114925 U 4 f4c297
SCHED-TRACE 16499 114925 V 4 f4c323
SCHED-TRACE 16500 114925 O 0 0
SCHED-TRACE 16501 114925 P 45 f81393b64
SCHED-TRACE 16502 114926 K 75 f4307f3b6
SCHED-TRACE 16503 114926 P 45 f82bb78d5
SCHED-TRACE 16504 114927 P 45 f83e13b64
SCHED-TRACE 16505 115001 I 75 f4eb62
SCHED-TRACE 16506 115001 B 75 7a
SCHED-TRACE 16507 115001 P 75 f7fbb26ea
SCHED-TRACE 16508 115001 R 75 f7fbb26ea
SCHED-TRACE 16509 115002 U 4 f4ec70
SCHED-TRACE 16510 115002 V 4 f4ecfc
SCHED-TRACE 16511 115002 O 0 0
SCHED-TRACE 16512 115002 P 75 f81665a1d
SCHED-TRACE 16513 115003 K 72 f43118d50
SCHED-TRACE 16514 115003 P 75 f82e8978d
SCHED-TRACE 16515 115004 P 75 f840e5a1d
SCHED-TRACE 16516 115078 I 72 f5153b
SCHED-TRACE 16517 115078 B 72 7a
SCHED-TRACE 16518 115078 P 72 f7fc5126f
SCHED-TRACE 16519 115078 R 72 f7fc5126f
SCHED-TRACE 16520 115079 U 4 f51649
SCHED-TRACE 16521 115079 V 4 f516d5
SCHED-TRACE 16522 115079 O 0 0
SCHED-TRACE 16523 115079 P 72 f8170978e
SCHED-TRACE 16524 115080 K 69 f431d645b
SCHED-TRACE 16525 115080 P 72 f82f2d4fe
SCHED-TRACE 16526 115081 P 72 f8418c083
SCHED-TRACE 16527 115155 I 69 f53f14
SCHED-TRACE 16528 115155 B 69 7a
SCHED-TRACE 16529 115155 P 69 f7fce3127
SCHED-TRACE 16530 115155 R 69 f7fce3127
SCHED-TRACE 16531 115156 U 4 f54022
SCHED-TRACE 16532 115156 V 4 f540ae
SCHED-TRACE 16533 115156 O 0 0
SCHED-TRACE 16534 115156 P 69 f8179b646
SCHED-TRACE 16535 115157 K 33 f43920c4a
SCHED-TRACE 16536 115157 P 69 f82fc1cad
SCHED-TRACE 16537 115158 P 69 f8421df3c
SCHED-TRACE 16538 115232 I 33 f568ed
SCHED-TRACE 16539 115232 B 33 7a
SCHED-TRACE 16540 115232 P 33 f49a3df3b
SCHED-TRACE 16541 115232 R 33 f49a3df3b
SCHED-TRACE 16542 115233 U 4 f569fa
SCHED-TRACE 16543 115233 V 4 f56a87
SCHED-TRACE 16544 115233 O 0 0
SCHED-TRACE 16545 115233 P 33 f49ce872b
SCHED-TRACE 16546 115234 K 42 f44134fe0
SCHED-TRACE 16547 115234 P 33 f49f526e9
SCHED-TRACE 16548 115235 P 33 f4a128f5c
SCHED-TRACE 16549 115309 I 42 f592c6
SCHED-TRACE 16550 115309 B 42 7a
SCHED-TRACE 16551 115309 P 42 f80c6ac09
SCHED-TRACE 16552 115309 R 42 f80c6ac09
SCHED-TRACE 16553 115310 U 4 f593d5
SCHED-TRACE 16554 115310 V 4 f59462
SCHED-TRACE 16555 115310 O 0 0
SCHED-TRACE 16556 115310 P 42 f8273f3b7
SCHED-TRACE 16557 115311 K 81 f450aac08
SCHED-TRACE 16558 115311 P 42 f83f63127
SCHED-TRACE 16559 115312 P 42 f851c1cac
SCHED-TRACE 16560 115386 I 81 f5bca0
SCHED-TRACE 16561 115386 B 81 7a
SCHED-TRACE 16562 115386 P 81 f81bc1cac
SCHED-TRACE 16563 115386 R 81 f81bc1cac
SCHED-TRACE 16564 115387 U 4 f5bdae
SCHED-TRACE 16565 115387 V 4 f5be3a
SCHED-TRACE 16566 115387 O 0 0
SCHED-TRACE 16567 115387 P 81 f8366fdf3
SCHED-TRACE 16568 115388 K 39 f472b78d5
SCHED-TRACE 16569 115388 P 81 f84e93b64
SCHED-TRACE 16570 115389 P 81 f860efdf3
SCHED-TRACE 16571 115464 I 39 f5e6ee
SCHED-TRACE 16572 115464 B 39 7a
SCHED-TRACE 16573 115464 P 39 f84958d50
SCHED-TRACE 16574 115464 R 39 f84958d50
SCHED-TRACE 16575 115465 U 4 f5e7fb
SCHED-TRACE 16576 115465 V 4 f5e888
SCHED-TRACE 16577 115465 O 0 0
SCHED-TRACE 16578 115465 P 39 f864045a2
SCHED-TRACE 16579 115466 K 33 f4a128f5c
SCHED-TRACE 16580 115466 P 39 f87c2ac08
SCHED-TRACE 16581 115467 P 39 f88e845a2
SCHED-TRACE 16582 115542 I 33 f6113d
SCHED-TRACE 16583 115542 B 33 7b
SCHED-TRACE 16584 115542 P 33 f503726e9
SCHED-TRACE 16585 115542 R 33 f503726e9
SCHED-TRACE 16586 115543 U 4 f6124a
SCHED-TRACE 16587 115543 V 4 f612d7
SCHED-TRACE 16588 115543 O 0 0
SCHED-TRACE 16589 115543 P 33 f5061c6a8
SCHED-TRACE 16590 115544 K 36 f4a9a5a1c
SCHED-TRACE 16591 115544 P 33 f50886666
SCHED-TRACE 16592 115545 P 33 f50a5c6a8
SCHED-TRACE 16593 115619 I 36 f63b15
SCHED-TRACE 16594 115619 B 36 7a
SCHED-TRACE 16595 115619 P 36 f874afdf3
SCHED-TRACE 16596 115619 R 36 f874afdf3
SCHED-TRACE 16597 115620 U 4 f63c22
SCHED-TRACE 16598 115620 V 4 f63caf
SCHED-TRACE 16599 115620 O 0 0
SCHED-TRACE 16600 115620 P 36 f88f5645a
SCHED-TRACE 16601 115621 K 33 f50a5c6a8
SCHED-TRACE 16602 115621 P 36 f8a77a1ca
SCHED-TRACE 16603 115622 P 36 f8b9d645a
SCHED-TRACE 16604 115696 I 33 f664ed
SCHED-TRACE 16605 115696 B 33 7a
SCHED-TRACE 16606 115696 P 33 f56b78d50
SCHED-TRACE 16607 115696 R 33 f56b78d50
SCHED-TRACE 16608 115697 U 4 f665fa
SCHED-TRACE 16609 115697 V 4 f66687
SCHED-TRACE 16610 115697 O 0 0
SCHED-TRACE 16611 115697 P 33 f56e22d0e
SCHED-TRACE 16612 115698 K 33 f56e22d0e
SCHED-TRACE 16613 115698 P 33 f5708d0e5
SCHED-TRACE 16614 115774 I 33 f68efb
SCHED-TRACE 16615 115774 B 33 7a
SCHED-TRACE 16616 115774 P 33 f5d407ae1
SCHED-TRACE 16617 115774 R 33 f5d407ae1
SCHED-TRACE 16618 115775 U 4 f69009
SCHED-TRACE 16619 115775 V 4 f69095
SCHED-TRACE 16620 115775 O 0 0
SCHED-TRACE 16621 115775 P 33 f5d6b1aa0
SCHED-TRACE 16622 115776 K 33 f5d6b1aa0
SCHED-TRACE 16623 115776 P 33 f5d91be77
SCHED-TRACE 16624 115852 I 33 f6b910
SCHED-TRACE 16625 115852 B 33 7a
SCHED-TRACE 16626 115852 P 33 f63ca6666
SCHED-TRACE 16627 115852 R 33 f63ca6666
SCHED-TRACE 16628 115853 U 4 f6ba1d
SCHED-TRACE 16629 115853 V 4 f6baaa
SCHED-TRACE 16630 115853 O 0 0
SCHED-TRACE 16631 115853 P 33 f63f50625
SCHED-TRACE 16632 115854 K 33 f63f50625
SCHED-TRACE 16633 115854 P 33 f641ba9fc
SCHED-TRACE 16634 115930 I 33 f6e325
SCHED-TRACE 16635 115930 B 33 7b
SCHED-TRACE 16636 115930 P 33 f6a5451eb
SCHED-TRACE 16637 115930 R 33 f6a5451eb
SCHED-TRACE 16638 115931 U 4 f6e432
SCHED-TRACE 16639 115931 V 4 f6e4be
SCHED-TRACE 16640 115931 O 0 0
SCHED-TRACE 16641 115931 P 33 f6a7ef1aa
SCHED-TRACE 16642 115932 K 33 f6a7ef1aa
SCHED-TRACE 16643 115932 P 33 f6aa59168
SCHED-TRACE 16644 116008 I 33 f70d39
SCHED-TRACE 16645 116008 B 33 7a
SCHED-TRACE 16646 116008 P 33 f70de3958
SCHED-TRACE 16647 116008 R 33 f70de3958
SCHED-TRACE 16648 116009 U 4 f70e47
SCHED-TRACE 16649 116009 V 4 f70ed3
SCHED-TRACE 16650 116009 O 0 0
SCHED-TRACE 16651 116009 P 33 f7108d916
SCHED-TRACE 16652 116010 K 33 f7108d916
SCHED-TRACE 16653 116010 P 33 f712f7ced
SCHED-TRACE 16654 116086 I 33 f7374e
SCHED-TRACE 16655 116086 B 33 7a
SCHED-TRACE 16656 116086 P 33 f776824dd
SCHED-TRACE 16657 116086 R 33 f776824dd
SCHED-TRACE 16658 116087 U 4 f7385b
SCHED-TRACE 16659 116087 V 4 f738e8
SCHED-TRACE 16660 116087 O 0 0
SCHED-TRACE 16661 116087 P 33 f7792c49b
SCHED-TRACE 16662 116088 K 33 f7792c49b
SCHED-TRACE 16663 116088 P 33 f77b96873
SCHED-TRACE 16664 116164 I 33 f76163
SCHED-TRACE 16665 116164 B 33 7a
SCHED-TRACE 16666 116164 P 33 f7df20c4a
SCHED-TRACE 16667 116164 R 33 f7df20c4a
SCHED-TRACE 16668 116165 U 4 f76270
SCHED-TRACE 16669 116165 V 4 f762fc
SCHED-TRACE 16670 116165 O 0 0
SCHED-TRACE 16671 116165 P 33 f7e1cac08
SCHED-TRACE 16672 116166 K 33 f7e1cac08
SCHED-TRACE 16673 116166 P 33 f7e434bc6
SCHED-TRACE 16674 116242 I 33 f78b77
SCHED-TRACE 16675 116242 B 33 7a
SCHED-TRACE 16676 116242 P 33 f847bf3b6
SCHED-TRACE 16677 116242 R 33 f847bf3b6
SCHED-TRACE 16678 116243 U 4 f78c85
SCHED-TRACE 16679 116243 V 4 f78d11
SCHED-TRACE 16680 116243 O 0 0
SCHED-TRACE 16681 116243 P 33 f84a69fbe
SCHED-TRACE 16682 116244 K 60 f82c23127
SCHED-TRACE 16683 116244 P 33 f84cd3f7d
SCHED-TRACE 16684 116245 P 33 f84eaa7ef
SCHED-TRACE 16685 116319 I 60 f7b553
SCHED-TRACE 16686 116319 B 60 7a
SCHED-TRACE 16687 116319 P 60 fbf79645a
SCHED-TRACE 16688 116319 R 60 fbf79645a
SCHED-TRACE 16689 116320 U 4 f7b662
SCHED-TRACE 16690 116320 V 4 f7b6ee
SCHED-TRACE 16691 116320 O 0 0
SCHED-TRACE 16692 116320 P 60 fc125b645
SCHED-TRACE 16693 116321 K 63 f83106e97
SCHED-TRACE 16694 116321 P 60 fc2a81cac
SCHED-TRACE 16695 116322 P 60 fc3ce0831
SCHED-TRACE 16696 116396 I 63 f7df2d
SCHED-TRACE 16697 116396 B 63 7a
SCHED-TRACE 16698 116396 P 63 fbfc2d4fe
SCHED-TRACE 16699 116396 R 63 fbfc2d4fe
SCHED-TRACE 16700 116397 U 4 f7e03b
SCHED-TRACE 16701 116397 V 4 f7e0c8
SCHED-TRACE 16702 116397 O 0 0
SCHED-TRACE 16703 116397 P 63 fc16efdf4
SCHED-TRACE 16704 116398 K 51 f834b78d5
SCHED-TRACE 16705 116398 P 63 fc2f1645a
SCHED-TRACE 16706 116399 P 63 fc4174fdf
SCHED-TRACE 16707 116473 I 51 f80906
SCHED-TRACE 16708 116473 B 51 7a
SCHED-TRACE 16709 116473 P 51 fbffcc083
SCHED-TRACE 16710 116473 R 51 fbffcc083
SCHED-TRACE 16711 116474 U 4 f80a15
SCHED-TRACE 16712 116474 V 4 f80aa1
SCHED-TRACE 16713 116474 O 0 0
SCHED-TRACE 16714 116474 P 51 fc1a98d50
SCHED-TRACE 16715 116475 K 48 f835a8312
SCHED-TRACE 16716 116475 P 51 fc32bf3b7
SCHED-TRACE 16717 116476 P 51 fc451df3c
SCHED-TRACE 16718 116550 I 48 f832e0
SCHED-TRACE 16719 116550 B 48 7b
SCHED-TRACE 16720 116550 P 48 fc00ce979
SCHED-TRACE 16721 116550 R 48 fc00ce979
SCHED-TRACE 16722 116551 U 4 f833ef
SCHED-TRACE 16723 116551 V 4 f8347b
SCHED-TRACE 16724 116551 O 0 0
SCHED-TRACE 16725 116551 P 48 fc1b9df3b
SCHED-TRACE 16726 116552 K 66 f8392d4fd
SCHED-TRACE 16727 116552 P 48 fc33c45a2
SCHED-TRACE 16728 116553 P 48 fc4620831
SCHED-TRACE 16729 116627 I 66 f85cba
SCHED-TRACE 16730 116627 B 66 7b
SCHED-TRACE 16731 116627 P 66 fc0453b64
SCHED-TRACE 16732 116627 R 66 fc0453b64
SCHED-TRACE 16733 116628 U 4 f85dc8
SCHED-TRACE 16734 116628 V 4 f85e55
SCHED-TRACE 16735 116628 O 0 0
SCHED-TRACE 16736 116628 P 66 fc1f1126e
SCHED-TRACE 16737 116629 K 57 f83b845a2
SCHED-TRACE 16738 116629 P 66 fc3734fdf
SCHED-TRACE 16739 116630 P 66 fc4993b64
SCHED-TRACE 16740 116704 I 57 f88693
SCHED-TRACE 16741 116704 B 57 7a
SCHED-TRACE 16742 116704 P 57 fc06a0831
SCHED-TRACE 16743 116704 R 57 fc06a0831
SCHED-TRACE 16744 116705 U 4 f887a2
SCHED-TRACE 16745 116705 V 4 f8882e
SCHED-TRACE 16746 116705 O 0 0
SCHED-TRACE 16747 116705 P 57 fc2168313
SCHED-TRACE 16748 116706 K 54 f83c326e9
SCHED-TRACE 16749 116706 P 57 fc398e979
SCHED-TRACE 16750 116707 P 57 fc4bed4fe
SCHED-TRACE 16751 116781 I 54 f8b06c
SCHED-TRACE 16752 116781 B 54 7a
SCHED-TRACE 16753 116781 P 54 fc0746e98
SCHED-TRACE 16754 116781 R 54 fc0746e98
SCHED-TRACE 16755 116782 U 4 f8b17b
SCHED-TRACE 16756 116782 V 4 f8b207
SCHED-TRACE 16757 116782 O 0 0
SCHED-TRACE 16758 116782 P 54 fc220e979
SCHED-TRACE 16759 116783 K 45 f83e13b64
SCHED-TRACE 16760 116783 P 54 fc3a34fdf
SCHED-TRACE 16761 116784 P 54 fc4c9126f
SCHED-TRACE 16762 116858 I 45 f8da45
SCHED-TRACE 16763 116858 B 45 7b
SCHED-TRACE 16764 116858 P 45 fc0925a1d
SCHED-TRACE 16765 116858 R 45 fc0925a1d
SCHED-TRACE 16766 116859 U 4 f8db54
SCHED-TRACE 16767 116859 V 4 f8dbe0
SCHED-TRACE 16768 116859 O 0 0
SCHED-TRACE 16769 116859 P 45 fc23f4fdf
SCHED-TRACE 16770 116860 K 78 f84086e98
SCHED-TRACE 16771 116860 P 45 fc3c18d50
SCHED-TRACE 16772 116861 P 45 fc4e74fdf
SCHED-TRACE 16773 116935 I 78 f9041f
SCHED-TRACE 16774 116935 B 78 7a
SCHED-TRACE 16775 116935 P 78 fc0bba1cb
SCHED-TRACE 16776 116935 R 78 fc0bba1cb
SCHED-TRACE 16777 116936 U 4 f9052d
SCHED-TRACE 16778 116936 V 4 f905b9
SCHED-TRACE 16779 116936 O 0 0
SCHED-TRACE 16780 116936 P 78 fc266ac08
SCHED-TRACE 16781 116937 K 75 f840e5a1d
SCHED-TRACE 16782 116937 P 78 fc3e8e979
SCHED-TRACE 16783 116938 P 78 fc50eac08
SCHED-TRACE 16784 117012 I 75 f92df7
SCHED-TRACE 16785 117012 B 75 7a
SCHED-TRACE 16786 117012 P 75 fc0c06e98
SCHED-TRACE 16787 117012 R 75 fc0c06e98
SCHED-TRACE 16788 117013 U 4 f92f05
SCHED-TRACE 16789 117013 V 4 f92f91
SCHED-TRACE 16790 117013 O 0 0
SCHED-TRACE 16791 117013 P 75 fc26ba1cb
SCHED-TRACE 16792 117014 K 72 f8418c083
SCHED-TRACE 16793 117014 P 75 fc3eddf3c
SCHED-TRACE 16794 117015 P 75 fc513a1cb
SCHED-TRACE 16795 117089 I 72 f957cf
SCHED-TRACE 16796 117089 B 72 7a
SCHED-TRACE 16797 117089 P 72 fc0c845a2
SCHED-TRACE 16798 117089 R 72 fc0c845a2
SCHED-TRACE 16799 117090 U 4 f958dd
SCHED-TRACE 16800 117090 V 4 f95969
SCHED-TRACE 16801 117090 O 0 0
SCHED-TRACE 16802 117090 P 72 fc273cac1
SCHED-TRACE 16803 117091 K 69 f8421df3c
SCHED-TRACE 16804 117091 P 72 fc3f60831
SCHED-TRACE 16805 117092 P 72 fc51bcac1
SCHED-TRACE 16806 117167 I 69 f9821f
SCHED-TRACE 16807 117167 B 69 7a
SCHED-TRACE 16808 117167 P 69 fc191b646
SCHED-TRACE 16809 117167 R 69 fc191b646
SCHED-TRACE 16810 117168 U 4 f9832d
SCHED-TRACE 16811 117168 V 4 f983ba
SCHED-TRACE 16812 117168 O 0 0
SCHED-TRACE 16813 117168 P 69 fc33d3b65
SCHED-TRACE 16814 117169 K 33 f84eaa7ef
SCHED-TRACE 16815 117169 P 69 fc4bfa1cb
SCHED-TRACE 16816 117170 P 69 fc5e53b65
SCHED-TRACE 16817 117244 I 33 f9abf8
SCHED-TRACE 16818 117244 B 33 7b
SCHED-TRACE 16819 117244 P 33 f8afc7ae1
SCHED-TRACE 16820 117244 R 33 f8afc7ae1
SCHED-TRACE 16821 117245 U 4 f9ad05
SCHED-TRACE 16822 117245 V 4 f9ad92
SCHED-TRACE 16823 117245 O 0 0
SCHED-TRACE 16824 117245 P 33 f8b2722d1
SCHED-TRACE 16825 117246 K 42 f851c1cac
SCHED-TRACE 16826 117246 P 33 f8b4dc6a8
SCHED-TRACE 16827 117247 P 33 f8b6b2b02
SCHED-TRACE 16828 117321 I 42 f9d5d1
SCHED-TRACE 16829 117321 B 42 7a
SCHED-TRACE 16830 117321 P 42 fc1cf78d5
SCHED-TRACE 16831 117321 R 42 fc1cf78d5
SCHED-TRACE 16832 117322 U 4 f9d6e0
SCHED-TRACE 16833 117322 V 4 f9d76d
SCHED-TRACE 16834 117322 O 0 0
SCHED-TRACE 16835 117322 P 42 fc37ce979
SCHED-TRACE 16836 117323 K 81 f860efdf3
SCHED-TRACE 16837 117323 P 42 fc4ff4fe0
SCHED-TRACE 16838 117324 P 42 fc625126f
SCHED-TRACE 16839 117398 I 81 f9ffab
SCHED-TRACE 16840 117398 B 81 7b
SCHED-TRACE 16841 117398 P 81 fc2c0978d
SCHED-TRACE 16842 117398 R 81 fc2c0978d
SCHED-TRACE 16843 117399 U 4 fa00b9
SCHED-TRACE 16844 117399 V 4 fa0145
SCHED-TRACE 16845 117399 O 0 0
SCHED-TRACE 16846 117399 P 81 fc46b78d5
SCHED-TRACE 16847 117400 K 39 f88e845a2
SCHED-TRACE 16848 117400 P 81 fc5eddf3b
SCHED-TRACE 16849 117401 P 81 fc713a1ca
SCHED-TRACE 16850 117475 I 39 fa2983
SCHED-TRACE 16851 117475 B 39 7a
SCHED-TRACE 16852 117475 P 39 fc5981cac
SCHED-TRACE 16853 117475 R 39 fc5981cac
SCHED-TRACE 16854 117476 U 4 fa2a90
SCHED-TRACE 16855 117476 V 4 fa2b1d
SCHED-TRACE 16856 117476 O 0 0
SCHED-TRACE 16857 117476 P 39 fc742d4fe
SCHED-TRACE 16858 117477 K 33 f8b6b2b02
SCHED-TRACE 16859 117477 P 39 fc8c53b64
SCHED-TRACE 16860 117478 P 39 fc9ead4fe
SCHED-TRACE 16861 117553 I 33 fa53d2
SCHED-TRACE 16862 117553 B 33 7b
SCHED-TRACE 16863 117553 P 33 f918fc6a8
SCHED-TRACE 16864 117553 R 33 f918fc6a8
SCHED-TRACE 16865 117554 U 4 fa54df
SCHED-TRACE 16866 117554 V 4 fa556c
SCHED-TRACE 16867 117554 O 0 0
SCHED-TRACE 16868 117554 P 33 f91ba6666
SCHED-TRACE 16869 117555 K 36 f8b9d645a
SCHED-TRACE 16870 117555 P 33 f91e10625
SCHED-TRACE 16871 117556 P 33 f91fe6666
SCHED-TRACE 16872 117630 I 36 fa7daa
SCHED-TRACE 16873 117630 B 36 7a
SCHED-TRACE 16874 117630 P 36 fc84d8d4f
SCHED-TRACE 16875 117630 R 36 fc84d8d4f
SCHED-TRACE 16876 117631 U 4 fa7eb7
SCHED-TRACE 16877 117631 V 4 fa7f44
SCHED-TRACE 16878 117631 O 0 0
SCHED-TRACE 16879 117631 P 36 fc9f7f3b6
SCHED-TRACE 16880 117632 K 33 f91fe6666
SCHED-TRACE 16881 117632 P 36 fcb7a5a1c
SCHED-TRACE 16882 117633 P 36 fcca01cac
SCHED-TRACE 16883 117707 I 33 faa782
SCHED-TRACE 16884 117707 B 33 7a
SCHED-TRACE 16885 117707 P 33 f98102d0e
SCHED-TRACE 16886 117707 R 33 f98102d0e
SCHED-TRACE 16887 117708 U 4 faa88f
SCHED-TRACE 16888 117708 V 4 faa91c
SCHED-TRACE 16889 117708 O 0 0
SCHED-TRACE 16890 117708 P 33 f983acccd
SCHED-TRACE 16891 117709 K 33 f983acccd
SCHED-TRACE 16892 117709 P 33 f986170a4
SCHED-TRACE 16893 117785 I 33 fad190
SCHED-TRACE 16894 117785 B 33 7a
SCHED-TRACE 16895 117785 P 33 f9e991aa0
SCHED-TRACE 16896 117785 R 33 f9e991aa0
SCHED-TRACE 16897 117786 U 4 fad29e
SCHED-TRACE 16898 117786 V 4 fad32a
SCHED-TRACE 16899 117786 O 0 0
SCHED-TRACE 16900 117786 P 33 f9ec3ba5e
SCHED-TRACE 16901 117787 K 33 f9ec3ba5e
SCHED-TRACE 16902 117787 P 33 f9eea5e35
SCHED-TRACE 16903 117863 I 33 fafba5
SCHED-TRACE 16904 117863 B 33 7a
SCHED-TRACE 16905 117863 P 33 fa5230625
SCHED-TRACE 16906 117863 R 33 fa5230625
SCHED-TRACE 16907 117864 U 4 fafcb2
SCHED-TRACE 16908 117864 V 4 fafd3f
SCHED-TRACE 16909 117864 O 0 0
SCHED-TRACE 16910 117864 P 33 fa54da5e3
SCHED-TRACE 16911 117865 K 33 fa54da5e3
SCHED-TRACE 16912 117865 P 33 fa57449ba
SCHED-TRACE 16913 117941 I 33 fb25ba
SCHED-TRACE 16914 117941 B 33 7a
SCHED-TRACE 16915 117941 P 33 fabaced91
SCHED-TRACE 16916 117941 R 33 fabaced91
SCHED-TRACE 16917 117942 U 4 fb26c7
SCHED-TRACE 16918 117942 V 4 fb2753
SCHED-TRACE 16919 117942 O 0 0
SCHED-TRACE 16920 117942 P 33 fabd78d50
SCHED-TRACE 16921 117943 K 33 fabd78d50
SCHED-TRACE 16922 117943 P 33 fabfe2d0e
SCHED-TRACE 16923 118019 I 33 fb4fce
SCHED-TRACE 16924 118019 B 33 7a
SCHED-TRACE 16925 118019 P 33 fb236d4fe
SCHED-TRACE 16926 118019 R 33 fb236d4fe
SCHED-TRACE 16927 118020 U 4 fb50dc
SCHED-TRACE 16928 118020 V 4 fb5168
SCHED-TRACE 16929 118020 O 0 0
SCHED-TRACE 16930 118020 P 33 fb26174bc
SCHED-TRACE 16931 118021 K 33 fb26174bc
SCHED-TRACE 16932 118021 P 33 fb2881893
SCHED-TRACE 16933 118097 I 33 fb79e3
SCHED-TRACE 16934 118097 B 33 7a
SCHED-TRACE 16935 118097 P 33 fb8c0bc6a
SCHED-TRACE 16936 118097 R 33 fb8c0bc6a
SCHED-TRACE 16937 118098 U 4 fb7af0
SCHED-TRACE 16938 118098 V 4 fb7b7d
SCHED-TRACE 16939 118098 O 0 0
SCHED-TRACE 16940 118098 P 33 fb8eb5c29
SCHED-TRACE 16941 118099 K 33 fb8eb5c29
SCHED-TRACE 16942 118099 P 33 fb9120000
SCHED-TRACE 16943 118175 I 33 fba3f8
SCHED-TRACE 16944 118175 B 33 7a
SCHED-TRACE 16945 118175 P 33 fbf4aa3d7
SCHED-TRACE 16946 118175 R 33 fbf4aa3d7
SCHED-TRACE 16947 118176 U 4 fba505
SCHED-TRACE 16948 118176 V 4 fba591
SCHED-TRACE 16949 118176 O 0 0
SCHED-TRACE 16950 118176 P 33 fbf7547ae
SCHED-TRACE 16951 118177 K 33 fbf7547ae
SCHED-TRACE 16952 118177 P 33 fbf9be76c
SCHED-TRACE 16953 118253 I 33 fbce0c
SCHED-TRACE 16954 118253 B 33 7a
SCHED-TRACE 16955 118253 P 33 fc5d48f5c
SCHED-TRACE 16956 118253 R 33 fc5d48f5c
SCHED-TRACE 16957 118254 U 4 fbcf1a
SCHED-TRACE 16958 118254 V 4 fbcfa6
SCHED-TRACE 16959 118254 O 0 0
SCHED-TRACE 16960 118254 P 33 fc5ff3b64
SCHED-TRACE 16961 118255 K 60 fc3ce0831
SCHED-TRACE 16962 118255 P 33 fc625db23
SCHED-TRACE 16963 118256 P 33 fc6434395
SCHED-TRACE 16964 118330 I 60 fbf7e8
SCHED-TRACE 16965 118330 B 60 7a
SCHED-TRACE 16966 118330 P 60 1000853b64
SCHED-TRACE 16967 118330 R 60 1000853b64
SCHED-TRACE 16968 118331 U 4 fbf8f7
SCHED-TRACE 16969 118331 V 4 fbf983
SCHED-TRACE 16970 118331 O 0 0
SCHED-TRACE 16971 118331 P 60 1002318d4f
SCHED-TRACE 16972 118332 K 63 fc4174fdf
SCHED-TRACE 16973 118332 P 60 1003b3cac0
SCHED-TRACE 16974 118333 P 60 1004d9df3b
SCHED-TRACE 16975 118407 I 63 fc21c2
SCHED-TRACE 16976 118407 B 63 7a
SCHED-TRACE 16977 118407 P 63 1000c98d50
SCHED-TRACE 16978 118407 R 63 1000c98d50
SCHED-TRACE 16979 118408 U 4 fc22d0
SCHED-TRACE 16980 118408 V 4 fc235d
SCHED-TRACE 16981 118408 O 0 0
SCHED-TRACE 16982 118408 P 63 100275df3b
SCHED-TRACE 16983 118409 K 51 fc451df3c
SCHED-TRACE 16984 118409 P 63 1003f845a2
SCHED-TRACE 16985 118410 P 63 10051e3127
SCHED-TRACE 16986 118484 I 51 fc4b9b
SCHED-TRACE 16987 118484 B 51 7b
SCHED-TRACE 16988 118484 P 51 1001034fdf
SCHED-TRACE 16989 118484 R 51 1001034fdf
SCHED-TRACE 16990 118485 U 4 fc4caa
SCHED-TRACE 16991 118485 V 4 fc4d36
SCHED-TRACE 16992 118485 O 0 0
SCHED-TRACE 16993 118485 P 51 1002b01cac
SCHED-TRACE 16994 118486 K 48 fc4620831
SCHED-TRACE 16995 118486 P 51 1004328313
SCHED-TRACE 16996 118487 P 51 1005586e98
SCHED-TRACE 16997 118561 I 48 fc7575
SCHED-TRACE 16998 118561 B 48 7b
SCHED-TRACE 16999 118561 P 48 10011445a2
SCHED-TRACE 17000 118561 R 48 10011445a2
SCHED-TRACE 17001 118562 U 4 fc7684
SCHED-TRACE 17002 118562 V 4 fc7710
SCHED-TRACE 17003 118562 O 0 0
SCHED-TRACE 17004 118562 P 48 1002c1126e
SCHED-TRACE 17005 118563 K 66 fc4993b64
SCHED-TRACE 17006 118563 P 48 10044378d5
SCHED-TRACE 17007 118564 P 48 1005693b64
SCHED-TRACE 17008 118639 I 66 fc9fc5
SCHED-TRACE 17009 118639 B 66 7a
SCHED-TRACE 17010 118639 P 66 1002065a1c
SCHED-TRACE 17011 118639 R 66 1002065a1c
SCHED-TRACE 17012 118640 U 4 fca0d3
SCHED-TRACE 17013 118640 V 4 fca160
SCHED-TRACE 17014 118640 O 0 0
SCHED-TRACE 17015 118640 P 66 1003b23126
SCHED-TRACE 17016 118641 K 57 fc4bed4fe
SCHED-TRACE 17017 118641 P 66 100534978d
SCHED-TRACE 17018 118642 P 66 10065a5a1c
SCHED-TRACE 17019 118716 I 57 fcc99e
SCHED-TRACE 17020 118716 B 57 7b
SCHED-TRACE 17021 118716 P 57 1001706e98
SCHED-TRACE 17022 118716 R 57 1001706e98
SCHED-TRACE 17023 118717 U 4 fccaad
SCHED-TRACE 17024 118717 V 4 fccb39
SCHED-TRACE 17025 118717 O 0 0
SCHED-TRACE 17026 118717 P 57 10031cc083
SCHED-TRACE 17027 118718 K 54 fc4c9126f
SCHED-TRACE 17028 118718 P 57 10049efdf4
SCHED-TRACE 17029 118719 P 57 1005c4e979
SCHED-TRACE 17030 118793 I 54 fcf377
SCHED-TRACE 17031 118793 B 54 7a
SCHED-TRACE 17032 118793 P 54 10017a3127
SCHED-TRACE 17033 118793 R 54 10017a3127
SCHED-TRACE 17034 118794 U 4 fcf486
SCHED-TRACE 17035 118794 V 4 fcf512
SCHED-TRACE 17036 118794 O 0 0
SCHED-TRACE 17037 118794 P 54 100326d4fe
SCHED-TRACE 17038 118795 K 45 fc4e74fdf
SCHED-TRACE 17039 118795 P 54 1004a9126f
SCHED-TRACE 17040 118796 P 54 1005cefdf4
SCHED-TRACE 17041 118870 I 45 fd1d50
SCHED-TRACE 17042 118870 B 45 7a
SCHED-TRACE 17043 118870 P 45 10019845a2
SCHED-TRACE 17044 118870 R 45 10019845a2
SCHED-TRACE 17045 118871 U 4 fd1e5f
SCHED-TRACE 17046 118871 V 4 fd1eeb
SCHED-TRACE 17047 118871 O 0 0
SCHED-TRACE 17048 118871 P 45 1003453b64
SCHED-TRACE 17049 118872 K 78 fc50eac08
SCHED-TRACE 17050 118872 P 45 1004c778d5
SCHED-TRACE 17051 118873 P 45 1005ed645a
SCHED-TRACE 17052 118947 I 78 fd472a
SCHED-TRACE 17053 118947 B 78 7a
SCHED-TRACE 17054 118947 P 78 1001c1df3c
SCHED-TRACE 17055 118947 R 78 1001c1df3c
SCHED-TRACE 17056 118948 U 4 fd4838
SCHED-TRACE 17057 118948 V 4 fd48c4
SCHED-TRACE 17058 118948 O 0 0
SCHED-TRACE 17059 118948 P 78 10036ce979
SCHED-TRACE 17060 118949 K 75 fc513a1cb
SCHED-TRACE 17061 118949 P 78 1004ef26ea
SCHED-TRACE 17062 118950 P 78 100615126f
SCHED-TRACE 17063 119025 I 75 fd7177
SCHED-TRACE 17064 119025 B 75 7a
SCHED-TRACE 17065 119025 P 75 10027e3127
SCHED-TRACE 17066 119025 R 75 10027e3127
SCHED-TRACE 17067 119026 U 4 fd7285
SCHED-TRACE 17068 119026 V 4 fd7311
SCHED-TRACE 17069 119026 O 0 0
SCHED-TRACE 17070 119026 P 75 100429645a
SCHED-TRACE 17071 119027 K 72 fc51bcac1
SCHED-TRACE 17072 119027 P 75 1005aba1cb
SCHED-TRACE 17073 119028 P 75 1006d1645a
SCHED-TRACE 17074 119103 I 72 fd9bc3
SCHED-TRACE 17075 119103 B 72 7a
SCHED-TRACE 17076 119103 P 72 100283a1cb
SCHED-TRACE 17077 119103 R 72 100283a1cb
SCHED-TRACE 17078 119104 U 4 fd9cd1
SCHED-TRACE 17079 119104 V 4 fd9d5e
SCHED-TRACE 17080 119104 O 0 0
SCHED-TRACE 17081 119104 P 72 10042f26ea
SCHED-TRACE 17082 119105 K 69 fc5e53b65
SCHED-TRACE 17083 119105 P 72 1005b18d50
SCHED-TRACE 17084 119106 P 72 1006d74fdf
SCHED-TRACE 17085 119180 I 69 fdc59c
SCHED-TRACE 17086 119180 B 69 7b
SCHED-TRACE 17087 119180 P 69 1002958d50
SCHED-TRACE 17088 119180 R 69 1002958d50
SCHED-TRACE 17089 119181 U 4 fdc6aa
SCHED-TRACE 17090 119181 V 4 fdc737
SCHED-TRACE 17091 119181 O 0 0
SCHED-TRACE 17092 119181 P 69 100441126f
SCHED-TRACE 17093 119182 K 42 fc625126f
SCHED-TRACE 17094 119182 P 69 1005c34fe0
SCHED-TRACE 17095 119183 P 69 1006e9126f
SCHED-TRACE 17096 119257 I 42 fdef75
SCHED-TRACE 17097 119257 B 42 7a
SCHED-TRACE 17098 119257 P 42 1002d5b646
SCHED-TRACE 17099 119257 R 42 1002d5b646
SCHED-TRACE 17100 119258 U 4 fdf084
SCHED-TRACE 17101 119258 V 4 fdf110
SCHED-TRACE 17102 119258 O 0 0
SCHED-TRACE 17103 119258 P 42 100482d4fe
SCHED-TRACE 17104 119259 K 33 fc6434395
SCHED-TRACE 17105 119259 P 42 1006053b65
SCHED-TRACE 17106 119260 P 42 10072afdf4
SCHED-TRACE 17107 119334 I 33 fe194f
SCHED-TRACE 17108 119334 B 33 7a
SCHED-TRACE 17109 119334 P 33 fcc551687
SCHED-TRACE 17110 119334 R 33 fcc551687
SCHED-TRACE 17111 119335 U 4 fe1a5c
SCHED-TRACE 17112 119335 V 4 fe1ae9
SCHED-TRACE 17113 119335 O 0 0
SCHED-TRACE 17114 119335 P 33 fcc7fba5e
SCHED-TRACE 17115 119336 K 81 fc713a1ca
SCHED-TRACE 17116 119336 P 33 fcca65a1c
SCHED-TRACE 17117 119337 P 33 fccc3c28f
SCHED-TRACE 17118 119411 I 81 fe4327
SCHED-TRACE 17119 119411 B 81 7a
SCHED-TRACE 17120 119411 P 81 1003c5126e
SCHED-TRACE 17121 119411 R 81 1003c5126e
SCHED-TRACE 17122 119412 U 4 fe4435
SCHED-TRACE 17123 119412 V 4 fe44c1
SCHED-TRACE 17124 119412 O 0 0
SCHED-TRACE 17125 119412 P 81 1005701cac
SCHED-TRACE 17126 119413 K 39 fc9ead4fe
SCHED-TRACE 17127 119413 P 81 1006f25a1c
SCHED-TRACE 17128 119414 P 81 10081845a1
SCHED-TRACE 17129 119488 I 39 fe6cff
SCHED-TRACE 17130 119488 B 39 7a
SCHED-TRACE 17131 119488 P 39 10069bcac0
SCHED-TRACE 17132 119488 R 39 10069bcac0
SCHED-TRACE 17133 119489 U 4 fe6e0c
SCHED-TRACE 17134 119489 V 4 fe6e99
SCHED-TRACE 17135 119489 O 0 0
SCHED-TRACE 17136 119489 P 39 1008468312
SCHED-TRACE 17137 119490 K 36 fcca01cac
SCHED-TRACE 17138 119490 P 39 1009c8e979
SCHED-TRACE 17139 119491 P 39 100aeeac08
SCHED-TRACE 17140 119566 I 36 fe974c
SCHED-TRACE 17141 119566 B 36 7a
SCHED-TRACE 17142 119566 P 36 100a086e97
SCHED-TRACE 17143 119566 R 36 100a086e97
SCHED-TRACE 17144 119567 U 4 fe9859
SCHED-TRACE 17145 119567 V 4 fe98e5
SCHED-TRACE 17146 119567 O 0 0
SCHED-TRACE 17147 119567 P 36 100bb2fdf3
SCHED-TRACE 17148 119568 K 33 fccc3c28f
SCHED-TRACE 17149 119568 P 36 100d353b64
SCHED-TRACE 17150 119569 P 36 100e5afdf3
SCHED-TRACE 17151 119644 I 33 fec19a
SCHED-TRACE 17152 119644 B 33 7a
SCHED-TRACE 17153 119644 P 33 fd2e85604
SCHED-TRACE 17154 119644 R 33 fd2e85604
SCHED-TRACE 17155 119645 U 4 fec2a8
SCHED-TRACE 17156 119645 V 4 fec334
SCHED-TRACE 17157 119645 O 0 0
SCHED-TRACE 17158 119645 P 33 fd312f5c2
SCHED-TRACE 17159 119646 K 33 fd312f5c2
SCHED-TRACE 17160 119646 P 33 fd3399999
SCHED-TRACE 17161 119722 I 33 feebaf
SCHED-TRACE 17162 119722 B 33 7a
SCHED-TRACE 17163 119722 P 33 fd9724189
SCHED-TRACE 17164 119722 R 33 fd9724189
SCHED-TRACE 17165 119723 U 4 feecbc
SCHED-TRACE 17166 119723 V 4 feed49
SCHED-TRACE 17167 119723 O 0 0
SCHED-TRACE 17168 119723 P 33 fd99ce148
SCHED-TRACE 17169 119724 K 33 fd99ce148
SCHED-TRACE 17170 119724 P 33 fd9c3851f
SCHED-TRACE 17171 119800 I 33 ff15c4
SCHED-TRACE 17172 119800 B 33 7b
SCHED-TRACE 17173 119800 P 33 fdffc2d0e
SCHED-TRACE 17174 119800 R 33 fdffc2d0e
SCHED-TRACE 17175 119801 U 4 ff16d1
SCHED-TRACE 17176 119801 V 4 ff175d
SCHED-TRACE 17177 119801 O 0 0
SCHED-TRACE 17178 119801 P 33 fe026cccd
SCHED-TRACE 17179 119802 K 33 fe026cccd
SCHED-TRACE 17180 119802 P 33 fe04d6c8b
SCHED-TRACE 17181 119878 I 33 ff3fd8
SCHED-TRACE 17182 119878 B 33 7a
SCHED-TRACE 17183 119878 P 33 fe686147b
SCHED-TRACE 17184 119878 R 33 fe686147b
SCHED-TRACE 17185 119879 U 4 ff40e6
SCHED-TRACE 17186 119879 V 4 ff4172
SCHED-TRACE 17187 119879 O 0 0
SCHED-TRACE 17188 119879 P 33 fe6b0b439
SCHED-TRACE 17189 119880 K 33 fe6b0b439
SCHED-TRACE 17190 119880 P 33 fe6d75810
SCHED-TRACE 17191 119956 I 33 ff69ed
SCHED-TRACE 17192 119956 B 33 7a
SCHED-TRACE 17193 119956 P 33 fed100000
SCHED-TRACE 17194 119956 R 33 fed100000
SCHED-TRACE 17195 119957 U 4 ff6afa
SCHED-TRACE 17196 119957 V 4 ff6b87
SCHED-TRACE 17197 119957 O 0 0
SCHED-TRACE 17198 119957 P 33 fed3a9fbe
SCHED-TRACE 17199 119958 K 33 fed3a9fbe
SCHED-TRACE 17200 119958 P 33 fed614395
SCHED-TRACE 17201 120034 I 33 ff9402
SCHED-TRACE 17202 120034 B 33 7a
SCHED-TRACE 17203 120034 P 33 ff399e76c
SCHED-TRACE 17204 120034 R 33 ff399e76c
SCHED-TRACE 17205 120035 U 4 ff950f
SCHED-TRACE 17206 120035 V 4 ff959b
SCHED-TRACE 17207 120035 O 0 0
SCHED-TRACE 17208 120035 P 33 ff3c4872b
SCHED-TRACE 17209 120036 K 33 ff3c4872b
SCHED-TRACE 17210 120036 P 33 ff3eb26e9
SCHED-TRACE 17211 120112 I 33 ffbe16
SCHED-TRACE 17212 120112 B 33 7a
SCHED-TRACE 17213 120112 P 33 ffa23ced9
SCHED-TRACE 17214 120112 R 33 ffa23ced9
SCHED-TRACE 17215 120113 U 4 ffbf24
SCHED-TRACE 17216 120113 V 4 ffbfb0
SCHED-TRACE 17217 120113 O 0 0
SCHED-TRACE 17218 120113 P 33 ffa4e6e97
SCHED-TRACE 17219 120114 K 33 ffa4e6e97
SCHED-TRACE 17220 120114 P 33 ffa75126e
SCHED-TRACE 17221 120190 I 33 ffe82b
SCHED-TRACE 17222 120190 B 33 7a
SCHED-TRACE 17223 120190 P 33 1000adb645
SCHED-TRACE 17224 120190 R 33 1000adb645
SCHED-TRACE 17225 120191 U 4 ffe938
SCHED-TRACE 17226 120191 V 4 ffe9c5
SCHED-TRACE 17227 120191 O 0 0
SCHED-TRACE 17228 120191 P 33 1000d85604
SCHED-TRACE 17229 120192 K 33 1000d85604
SCHED-TRACE 17230 120192 P 33 1000fef9db
SCHED-TRACE 17231 120268 I 33 1001240
SCHED-TRACE 17232 120268 B 33 7a
SCHED-TRACE 17233 120268 P 33 1007379db2
SCHED-TRACE 17234 120268 R 33 1007379db2
SCHED-TRACE 17235 120269 U 4 100134d
SCHED-TRACE 17236 120269 V 4 10013da
SCHED-TRACE 17237 120269 O 0 0
SCHED-TRACE 17238 120269 P 33 10076245a2
SCHED-TRACE 17239 120270 K 60 1004d9df3b
SCHED-TRACE 17240 120270 P 33 100788e979
SCHED-TRACE 17241 120271 P 33 1007a64dd3
SCHED-TRACE 17242 120345 I 60 1003c19
SCHED-TRACE 17243 120345 B 60 7a
SCHED-TRACE 17244 120345 P 60 10418d3b64
SCHED-TRACE 17245 120345 R 60 10418d3b64
SCHED-TRACE 17246 120346 U 4 1003d27
SCHED-TRACE 17247 120346 V 4 1003db4
SCHED-TRACE 17248 120346 O 0 0
SCHED-TRACE 17249 120346 P 60 1043398d4f
SCHED-TRACE 17250 120347 K 63 10051e3127
SCHED-TRACE 17251 120347 P 60 1044bbf3b6
SCHED-TRACE 17252 120348 P 60 1045e1b645
SCHED-TRACE 17253 120422 I 63 10065f2
SCHED-TRACE 17254 120422 B 63 7b
SCHED-TRACE 17255 120422 P 63 1041cfa1cb
SCHED-TRACE 17256 120422 R 63 1041cfa1cb
SCHED-TRACE 17257 120423 U 4 1006700
SCHED-TRACE 17258 120423 V 4 100678d
SCHED-TRACE 17259 120423 O 0 0
SCHED-TRACE 17260 120423 P 63 10437bcac0
SCHED-TRACE 17261 120424 K 51 1005586e98
SCHED-TRACE 17262 120424 P 63 1044fe0831
SCHED-TRACE 17263 120425 P 63 104623f3b6
SCHED-TRACE 17264 120499 I 51 1008fcb
SCHED-TRACE 17265 120499 B 51 7a
SCHED-TRACE 17266 120499 P 51 104209b646
SCHED-TRACE 17267 120499 R 51 104209b646
SCHED-TRACE 17268 120500 U 4 10090da
SCHED-TRACE 17269 120500 V 4 1009166
SCHED-TRACE 17270 120500 O 0 0
SCHED-TRACE 17271 120500 P 51 1043b6ac08
SCHED-TRACE 17272 120501 K 48 1005693b64
SCHED-TRACE 17273 120501 P 51 104539126f
SCHED-TRACE 17274 120502 P 51 10465efdf4
SCHED-TRACE 17275 120576 I 48 100b9a5
SCHED-TRACE 17276 120576 B 48 7b
SCHED-TRACE 17277 120576 P 48 10421c6e97
SCHED-TRACE 17278 120576 R 48 10421c6e97
SCHED-TRACE 17279 120577 U 4 100bab4
SCHED-TRACE 17280 120577 V 4 100bb41
SCHED-TRACE 17281 120577 O 0 0
SCHED-TRACE 17282 120577 P 48 1043c93b64
SCHED-TRACE 17283 120578 K 57 1005c4e979
SCHED-TRACE 17284 120578 P 48 10454ba1cb
SCHED-TRACE 17285 120579 P 48 104671645a
SCHED-TRACE 17286 120653 I 57 100e37f
SCHED-TRACE 17287 120653 B 57 7b
SCHED-TRACE 17288 120653 P 57 1042768313
SCHED-TRACE 17289 120653 R 57 1042768313
SCHED-TRACE 17290 120654 U 4 100e48e
SCHED-TRACE 17291 120654 V 4 100e51a
SCHED-TRACE 17292 120654 O 0 0
SCHED-TRACE 17293 120654 P 57 104422d4fe
SCHED-TRACE 17294 120655 K 54 1005cefdf4
SCHED-TRACE 17295 120655 P 57 1045a5126f
SCHED-TRACE 17296 120656 P 57 1046cafdf4
SCHED-TRACE 17297 120730 I 54 1010d58
SCHED-TRACE 17298 120730 B 54 7a
SCHED-TRACE 17299 120730 P 54 1042801cac
SCHED-TRACE 17300 120730 R 54 1042801cac
SCHED-TRACE 17301 120731 U 4 1010e67
SCHED-TRACE 17302 120731 V 4 1010ef3
SCHED-TRACE 17303 120731 O 0 0
SCHED-TRACE 17304 120731 P 54 10442cc083
SCHED-TRACE 17305 120732 K 45 1005ed645a
SCHED-TRACE 17306 120732 P 54 1045aefdf4
SCHED-TRACE 17307 120733 P 54 1046d4e979
SCHED-TRACE 17308 120807 I 45 1013731
SCHED-TRACE 17309 120807 B 45 7a
SCHED-TRACE 17310 120807 P 45 10429e5a1d
SCHED-TRACE 17311 120807 R 45 10429e5a1d
SCHED-TRACE 17312 120808 U 4 1013840
SCHED-TRACE 17313 120808 V 4 10138cc
SCHED-TRACE 17314 120808 O 0 0
SCHED-TRACE 17315 120808 P 45 10444b4fdf
SCHED-TRACE 17316 120809 K 78 100615126f
SCHED-TRACE 17317 120809 P 45 1045cd8d50
SCHED-TRACE 17318 120810 P 45 1046f378d5
SCHED-TRACE 17319 120885 I 78 1016182
SCHED-TRACE 17320 120885 B 78 7a
SCHED-TRACE 17321 120885 P 78 104384e979
SCHED-TRACE 17322 120885 R 78 104384e979
SCHED-TRACE 17323 120886 U 4 1016290
SCHED-TRACE 17324 120886 V 4 101631c
SCHED-TRACE 17325 120886 O 0 0
SCHED-TRACE 17326 120886 P 78 1045301cac
SCHED-TRACE 17327 120887 K 66 10065a5a1c
SCHED-TRACE 17328 120887 P 78 1046b28313
SCHED-TRACE 17329 120888 P 78 1047d86e98
SCHED-TRACE 17330 120941 U 3 10184f3
SCHED-TRACE 17331 120941 V 3 101876e
SCHED-TRACE 17332 120942 P 1 10065a5a1c
SCHED-TRACE 17333 120942 W 1 10065a5a1c
SCHED-TRACE 17334 120942 T 0 1018869
SCHED-TRACE 17335 120942 t 0 10188a4
SCHED-TRACE 17336 120942 U 3 101a863
SCHED-TRACE 17337 120942 V 3 101aadd
SCHED-TRACE 17338 120942 P 66 106db7a1ca
SCHED-TRACE 17339 120942 D 66 106db7a1ca
SCHED-TRACE 17340 120944 K 1 10065a5a1c
SCHED-TRACE 17341 120945 U 4 101adb4
SCHED-TRACE 17342 120945 V 4 101ae3b
SCHED-TRACE 17343 120945 U 3 101afa0
SCHED-TRACE 17344 120945 V 3 101b231
SCHED-TRACE 17345 120945 P 1 1006943957
SCHED-TRACE 17346 120945 D 1 1006943957
SCHED-TRACE 17347 120947 K 75 1006d1645a
SCHED-TRACE 17348 120949 U 3 101ba06
SCHED-TRACE 17349 120949 V 3 101bc7f
SCHED-TRACE 17350 120950 W 1 1006f978d4
SCHED-TRACE 17351 120950 T 0 101bd72
SCHED-TRACE 17352 120950 t 0 101bdad
SCHED-TRACE 17353 120950 U 3 101dd6b
SCHED-TRACE 17354 120950 V 3 101dfe1
SCHED-TRACE 17355 120950 P 75 1043be3127
SCHED-TRACE 17356 120950 D 75 1043be3127
SCHED-TRACE 17357 120952 K 72 1006d74fdf
SCHED-TRACE 17358 120953 U 4 101e296
SCHED-TRACE 17359 120953 V 4 101e315
SCHED-TRACE 17360 120954 U 3 101e521
SCHED-TRACE 17361 120954 V 3 101e7ec
SCHED-TRACE 17362 120954 P 72 100a24e979
SCHED-TRACE 17363 120954 D 72 100a24e979
SCHED-TRACE 17364 120956 K 69 1006e9126f
SCHED-TRACE 17365 120958 U 3 101ecb3
SCHED-TRACE 17366 120958 V 3 101efca
SCHED-TRACE 17367 120958 P 69 100a765a1d
SCHED-TRACE 17368 120958 D 69 100a765a1d
SCHED-TRACE 17369 120960 K 1 1006f978d4
SCHED-TRACE 17370 120961 U 3 101f6ba
SCHED-TRACE 17371 120961 V 3 101f984
SCHED-TRACE 17372 120962 W 72 100de86e98
SCHED-TRACE 17373 120962 U 3 101fe38
SCHED-TRACE 17374 120962 V 3 10200ae
SCHED-TRACE 17375 120963 W 69 100e0a0832
SCHED-TRACE 17376 120963 U 3 1020253
SCHED-TRACE 17377 120963 V 3 10204e1
SCHED-TRACE 17378 120963 P 1 1008b7b22c
SCHED-TRACE 17379 120963 D 1 1008b7b22c
SCHED-TRACE 17380 120965 K 42 10072afdf4
SCHED-TRACE 17381 120967 U 3 1020c86
SCHED-TRACE 17382 120967 V 3 1020efc
SCHED-TRACE 17383 120968 W 1 100917ffff
SCHED-TRACE 17384 120968 U 4 1020f7b
SCHED-TRACE 17385 120968 V 4 1020ff9
SCHED-TRACE 17386 120968 T 0 1021069
SCHED-TRACE 17387 120968 t 0 10210a5
SCHED-TRACE 17388 120968 U 3 1023062
SCHED-TRACE 17389 120968 V 3 10232d3
SCHED-TRACE 17390 120968 P 42 104405b646
SCHED-TRACE 17391 120968 D 42 104405b646
SCHED-TRACE 17392 120970 K 33 1007a64dd3
SCHED-TRACE 17393 120972 U 3 1023769
SCHED-TRACE 17394 120972 V 3 1023a2f
SCHED-TRACE 17395 120972 P 33 1007f96873
SCHED-TRACE 17396 120972 D 33 1007f96873
SCHED-TRACE 17397 120974 K 81 10081845a1
SCHED-TRACE 17398 120975 U 4 1023ca2
SCHED-TRACE 17399 120975 V 4 1023d14
SCHED-TRACE 17400 120976 U 3 1023f3c
SCHED-TRACE 17401 120976 V 3 102424f
SCHED-TRACE 17402 120976 P 81 100b913b64
SCHED-TRACE 17403 120976 D 81 100b913b64
SCHED-TRACE 17404 120978 K 1 100917ffff
SCHED-TRACE 17405 120979 U 3 102491a
SCHED-TRACE 17406 120979 V 3 1024be0
SCHED-TRACE 17407 120980 P 33 100917ffff
SCHED-TRACE 17408 120980 W 33 100917ffff
SCHED-TRACE 17409 120980 U 3 1025090
SCHED-TRACE 17410 120980 V 3 1025302
SCHED-TRACE 17411 120981 W 81 100ef3a1ca
SCHED-TRACE 17412 120981 U 3 10254a1
SCHED-TRACE 17413 120981 V 3 102572b
SCHED-TRACE 17414 120981 P 1 100ad428f5
SCHED-TRACE 17415 120981 D 1 100ad428f5
SCHED-TRACE 17416 120983 K 33 100917ffff
SCHED-TRACE 17417 120984 T 0 1025a3f
SCHED-TRACE 17418 120984 t 0 1025a7a
SCHED-TRACE 17419 120984 U 3 1027a36
SCHED-TRACE 17420 120984 V 3 1027cbb
SCHED-TRACE 17421 120984 P 33 100e5024dc
SCHED-TRACE 17422 120984 D 33 100e5024dc
SCHED-TRACE 17423 120986 K 39 100aeeac08
SCHED-TRACE 17424 120987 U 4 1027f0e
SCHED-TRACE 17425 120987 V 4 1027f78
SCHED-TRACE 17426 120988 U 3 1028479
SCHED-TRACE 17427 120988 V 3 10286e6
SCHED-TRACE 17428 120989 W 1 100b2fae14
SCHED-TRACE 17429 120989 T 0 10287ca
SCHED-TRACE 17430 120989 t 0 1028805
SCHED-TRACE 17431 120989 U 3 102a7c3
SCHED-TRACE 17432 120989 V 3 102aa2c
SCHED-TRACE 17433 120989 P 39 104791126e
SCHED-TRACE 17434 120989 D 39 104791126e
SCHED-TRACE 17435 120991 K 1 100b2fae14
SCHED-TRACE 17436 120992 U 4 102ac7d
SCHED-TRACE 17437 120992 V 4 102ace5
SCHED-TRACE 17438 120992 U 3 102ae3e
SCHED-TRACE 17439 120992 V 3 102b0bf
SCHED-TRACE 17440 120992 P 1 100b67a1ca
SCHED-TRACE 17441 120992 D 1 100b67a1ca
SCHED-TRACE 17442 120994 K 72 100de86e98
SCHED-TRACE 17443 120995 T 0 102b38d
SCHED-TRACE 17444 120995 t 0 102b3c8
SCHED-TRACE 17445 120995 U 3 102d385
SCHED-TRACE 17446 120995 V 3 102d602
SCHED-TRACE 17447 120995 P 72 1042163127
SCHED-TRACE 17448 120995 D 72 1042163127
SCHED-TRACE 17449 120997 K 69 100e0a0832
SCHED-TRACE 17450 120998 U 4 102d810
SCHED-TRACE 17451 120998 V 4 102d86c
SCHED-TRACE 17452 120998 T 0 102d908
SCHED-TRACE 17453 120998 t 0 102d943
SCHED-TRACE 17454 120998 U 3 102f8ff
SCHED-TRACE 17455 120998 V 3 102fb79
SCHED-TRACE 17456 120998 P 69 1042318d50
SCHED-TRACE 17457 120998 D 69 1042318d50
SCHED-TRACE 17458 121000 K 36 100e5afdf3
SCHED-TRACE 17459 121002 U 3 103024e
SCHED-TRACE 17460 121002 V 3 10304b0
SCHED-TRACE 17461 121003 P 1 100e5afdf3
SCHED-TRACE 17462 121003 W 1 100e5afdf3
SCHED-TRACE 17463 121003 U 4 1030513
SCHED-TRACE 17464 121003 V 4 103056c
SCHED-TRACE 17465 121003 T 0 10305dd
SCHED-TRACE 17466 121003 t 0 1030618
SCHED-TRACE 17467 121003 U 3 10325cf
SCHED-TRACE 17468 121003 V 3 103282c
SCHED-TRACE 17469 121003 P 36 104abe8312
SCHED-TRACE 17470 121003 D 36 104abe8312
SCHED-TRACE 17471 121005 K 1 100e5afdf3
SCHED-TRACE 17472 121006 U 3 1032b66
SCHED-TRACE 17473 121006 V 3 1032ddc
SCHED-TRACE 17474 121006 P 1 100e91851e
SCHED-TRACE 17475 121006 D 1 100e91851e
SCHED-TRACE 17476 121008 K 81 100ef3a1ca
SCHED-TRACE 17477 121009 U 4 1032fa8
SCHED-TRACE 17478 121009 V 4 1032ff4
SCHED-TRACE 17479 121009 T 0 103308a
SCHED-TRACE 17480 121009 t 0 10330c5
SCHED-TRACE 17481 121009 U 3 1035080
SCHED-TRACE 17482 121009 V 3 10352f1
SCHED-TRACE 17483 121009 P 81 10430ed4fe
SCHED-TRACE 17484 121009 D 81 10430ed4fe
SCHED-TRACE 17485 121011 K 60 1045e1b645
SCHED-TRACE 17486 121013 U 3 1035972
SCHED-TRACE 17487 121013 V 3 1035bcc
SCHED-TRACE 17488 121014 P 1 1045e1b645
SCHED-TRACE 17489 121014 W 1 1045e1b645
SCHED-TRACE 17490 121014 U 4 1035c23
SCHED-TRACE 17491 121014 V 4 1035c6d
SCHED-TRACE 17492 121014 T 0 1035ce0
SCHED-TRACE 17493 121014 t 0 1035d1b
SCHED-TRACE 17494 121014 U 3 1037cd4
SCHED-TRACE 17495 121014 V 3 1037f29
SCHED-TRACE 17496 121014 P 60 10821cc083
SCHED-TRACE 17497 121014 D 60 10821cc083
SCHED-TRACE 17498 121016 K 1 1045e1b645
SCHED-TRACE 17499 121017 U 3 103821a
SCHED-TRACE 17500 121017 V 3 1038488
SCHED-TRACE 17501 121017 P 1 1046174fdf
SCHED-TRACE 17502 121017 D 1 1046174fdf
SCHED-TRACE 17503 121019 K 63 104623f3b6
SCHED-TRACE 17504 121020 U 4 1038611
SCHED-TRACE 17505 121020 V 4 103864f
SCHED-TRACE 17506 121021 U 3 1038b17
SCHED-TRACE 17507 121021 V 3 1038d6c
SCHED-TRACE 17508 121022 W 1 104651ef9d
SCHED-TRACE 17509 121022 T 0 1038e2c
SCHED-TRACE 17510 121022 t 0 1038e67
SCHED-TRACE 17511 121022 U 3 103ae1f
SCHED-TRACE 17512 121022 V 3 103b070
SCHED-TRACE 17513 121022 P 63 108228978d
SCHED-TRACE 17514 121022 D 63 108228978d
SCHED-TRACE 17515 121024 K 1 104651ef9d
SCHED-TRACE 17516 121025 U 4 103b1f8
SCHED-TRACE 17517 121025 V 4 103b234
SCHED-TRACE 17518 121025 U 3 103b37b
SCHED-TRACE 17519 121025 V 3 103b5e4
SCHED-TRACE 17520 121025 P 1 1046870a3d
SCHED-TRACE 17521 121025 D 1 1046870a3d
SCHED-TRACE 17522 121027 K 51 10465efdf4
SCHED-TRACE 17523 121029 U 3 103bc0b
SCHED-TRACE 17524 121029 V 3 103be5c
SCHED-TRACE 17525 121030 W 1 1046bb6872
SCHED-TRACE 17526 121030 T 0 103bf14
SCHED-TRACE 17527 121030 t 0 103bf4f
SCHED-TRACE 17528 121030 U 3 103df04
SCHED-TRACE 17529 121030 V 3 103e151
SCHED-TRACE 17530 121030 P 51 1082481cac
SCHED-TRACE 17531 121030 D 51 1082481cac
SCHED-TRACE 17532 121032 K 48 104671645a
SCHED-TRACE 17533 121033 U 4 103e2b8
SCHED-TRACE 17534 121033 V 4 103e2ec
SCHED-TRACE 17535 121034 U 3 103e4a0
SCHED-TRACE 17536 121034 V 3 103e742
SCHED-TRACE 17537 121034 P 48 1049306e97
SCHED-TRACE 17538 121034 D 48 1049306e97
SCHED-TRACE 17539 121036 K 1 1046bb6872
SCHED-TRACE 17540 121037 U 3 103ecdb
SCHED-TRACE 17541 121037 V 3 103ef28
SCHED-TRACE 17542 121038 W 48 104b0c45a2
SCHED-TRACE 17543 121038 U 3 103f092
SCHED-TRACE 17544 121038 V 3 103f2f7
SCHED-TRACE 17545 121038 P 1 1047a849ba
SCHED-TRACE 17546 121038 D 1 1047a849ba
SCHED-TRACE 17547 121040 K 57 1046cafdf4
SCHED-TRACE 17548 121042 U 3 103f8ef
SCHED-TRACE 17549 121042 V 3 103fb3c
SCHED-TRACE 17550 121043 W 1 1047d7ced9
SCHED-TRACE 17551 121043 T 0 103fbf0
SCHED-TRACE 17552 121043 t 0 103fc2b
SCHED-TRACE 17553 121043 U 3 1041be1
SCHED-TRACE 17554 121043 V 3 1041e2a
SCHED-TRACE 17555 121043 P 57 108299126f
SCHED-TRACE 17556 121043 D 57 108299126f
SCHED-TRACE 17557 121045 K 54 1046d4e979
SCHED-TRACE 17558 121046 U 4 1041f6f
SCHED-TRACE 17559 121046 V 4 1041f9c
SCHED-TRACE 17560 121047 U 3 104213e
SCHED-TRACE 17561 121047 V 3 10423dc
SCHED-TRACE 17562 121047 P 54 104977f3b6
SCHED-TRACE 17563 121047 D 54 104977f3b6
SCHED-TRACE 17564 121049 K 45 1046f378d5
SCHED-TRACE 17565 121051 U 3 10426cd
SCHED-TRACE 17566 121051 V 3 10429b8
SCHED-TRACE 17567 121051 P 45 1049dd3b64
SCHED-TRACE 17568 121051 D 45 1049dd3b64
SCHED-TRACE 17569 121053 K 1 1047d7ced9
SCHED-TRACE 17570 121054 U 3 1042f16
SCHED-TRACE 17571 121054 V 3 10431b4
SCHED-TRACE 17572 121055 W 54 104b228312
SCHED-TRACE 17573 121055 U 3 1043627
SCHED-TRACE 17574 121055 V 3 1043870
SCHED-TRACE 17575 121056 W 45 104b5778d5
SCHED-TRACE 17576 121056 U 3 10439d4
SCHED-TRACE 17577 121056 V 3 1043c35
SCHED-TRACE 17578 121056 P 1 10497bdf3b
SCHED-TRACE 17579 121056 D 1 10497bdf3b
SCHED-TRACE 17580 121058 K 78 1047d86e98
SCHED-TRACE 17581 121060 U 3 104420c
SCHED-TRACE 17582 121060 V 3 1044455
SCHED-TRACE 17583 121061 W 1 1049a67ef9
SCHED-TRACE 17584 121061 T 0 1044501
SCHED-TRACE 17585 121061 t 0 104453c
SCHED-TRACE 17586 121061 U 3 10464ef
SCHED-TRACE 17587 121061 V 3 1046734
SCHED-TRACE 17588 121061 P 78 1083965a1d
SCHED-TRACE 17589 121061 D 78 1083965a1d
SCHED-TRACE 17590 121063 K 1 1049a67ef9
SCHED-TRACE 17591 121064 U 4 1046858
SCHED-TRACE 17592 121064 V 4 104687e
SCHED-TRACE 17593 121064 U 3 1046a08
SCHED-TRACE 17594 121064 V 3 1046c4c
SCHED-TRACE 17595 121065 U 2 1046ec8
SCHED-TRACE 17596 121065 V 2 1047d89
SCHED-TRACE 17597 121065 U 3 1047ec7
SCHED-TRACE 17598 121065 V 3 10480f1
SCHED-TRACE 17599 121066 U 2 1048375
SCHED-TRACE 17600 121066 V 2 1049200
SCHED-TRACE 17601 121066 U 3 104933e
SCHED-TRACE 17602 121066 V 3 104954d
SCHED-TRACE 17603 121067 U 2 10497d1
SCHED-TRACE 17604 121067 V 2 104a627
SCHED-TRACE 17605 121067 U 3 104a765
SCHED-TRACE 17606 121067 V 3 104a959
SCHED-TRACE 17607 121068 U 2 104abdd
SCHED-TRACE 17608 121068 V 2 104b9fd
SCHED-TRACE 17609 121068 U 3 104bb3b
SCHED-TRACE 17610 121068 V 3 104bd14
SCHED-TRACE 17611 121069 U 2 104bf98
SCHED-TRACE 17612 121069 V 2 104cd83
SCHED-TRACE 17613 121069 U 3 104cec0
SCHED-TRACE 17614 121069 V 3 104d07f
SCHED-TRACE 17615 121070 U 2 104d302
SCHED-TRACE 17616 121070 V 2 104e0b7
SCHED-TRACE 17617 121070 U 3 104e1f5
SCHED-TRACE 17618 121070 V 3 104e398
SCHED-TRACE 17619 121071 U 2 104e61c
SCHED-TRACE 17620 121071 V 2 104f39c
SCHED-TRACE 17621 121071 U 3 104f4d9
SCHED-TRACE 17622 121071 V 3 104f662
SCHED-TRACE 17623 121072 U 2 104f8e5
SCHED-TRACE 17624 121072 V 2 105062f
SCHED-TRACE 17625 121072 U 3 105076d
SCHED-TRACE 17626 121072 V 3 10508da
SCHED-TRACE 17627 121073 U 2 1050b5e
SCHED-TRACE 17628 121073 V 2 1051872
SCHED-TRACE 17629 121073 U 3 10519b0
SCHED-TRACE 17630 121073 V 3 1051b02
SCHED-TRACE 17631 121074 U 2 1051d86
SCHED-TRACE 17632 121074 V 2 1052a64
SCHED-TRACE 17633 121074 U 3 1052ba2
SCHED-TRACE 17634 121074 V 3 1052cda
SCHED-TRACE 17635 121075 I 1 1052cff
SCHED-TRACE 17636 121075 B 1 7a
SCHED-TRACE 17637 121075 P 1 104ffe9374
SCHED-TRACE 17638 121075 R 1 104ffe9374
SCHED-TRACE 17639 121076 U 4 1052d72
SCHED-TRACE 17640 121076 V 4 1052d98
SCHED-TRACE 17641 121076 O 0 0
SCHED-TRACE 17642 121076 P 1 1050108f5c
SCHED-TRACE 17643 121077 K 48 104b0c45a2
SCHED-TRACE 17644 121077 P 1 105022f9db
SCHED-TRACE 17645 121078 P 1 10502dd70a
SCHED-TRACE 17646 121078 T 0 1052ef7
SCHED-TRACE 17647 121078 t 0 1052f32
SCHED-TRACE 17648 121078 U 3 1054ee2
SCHED-TRACE 17649 121078 V 3 1055015
SCHED-TRACE 17650 121078 P 48 107efe0831
SCHED-TRACE 17651 121078 D 48 107efe0831
SCHED-TRACE 17652 121080 K 54 104b228312
SCHED-TRACE 17653 121081 T 0 105519a
SCHED-TRACE 17654 121081 t 0 10551d5
SCHED-TRACE 17655 121081 U 3 1057188
SCHED-TRACE 17656 121081 V 3 10572b7
SCHED-TRACE 17657 121081 P 54 107f163127
SCHED-TRACE 17658 121081 D 54 107f163127
SCHED-TRACE 17659 121083 K 45 104b5778d5
SCHED-TRACE 17660 121084 U 4 1057398
SCHED-TRACE 17661 121084 V 4 10573b1
SCHED-TRACE 17662 121084 T 0 1057433
SCHED-TRACE 17663 121084 t 0 105746e
SCHED-TRACE 17664 121084 U 3 105941f
SCHED-TRACE 17665 121084 V 3 105954a
SCHED-TRACE 17666 121084 P 45 107f4326ea
SCHED-TRACE 17667 121084 D 45 107f4326ea
SCHED-TRACE 17668 121086 K 1 10502dd70a
SCHED-TRACE 17669 121087 U 2 1059876
SCHED-TRACE 17670 121087 V 2 105a50d
SCHED-TRACE 17671 121087 U 3 105a64b
SCHED-TRACE 17672 121087 V 3 105a75b
SCHED-TRACE 17673 121088 U 2 105a9cd
SCHED-TRACE 17674 121088 V 2 105b62d
SCHED-TRACE 17675 121088 U 3 105b76b
SCHED-TRACE 17676 121088 V 3 105b860
SCHED-TRACE 17677 121089 U 2 105bad2
SCHED-TRACE 17678 121089 V 2 105c6fd
SCHED-TRACE 17679 121089 U 3 105c83b
SCHED-TRACE 17680 121089 V 3 105c915
SCHED-TRACE 17681 121090 U 2 105cb87
SCHED-TRACE 17682 121090 V 2 105d77d
SCHED-TRACE 17683 121090 U 3 105d8ba
SCHED-TRACE 17684 121090 V 3 105d97a
SCHED-TRACE 17685 121091 U 2 105dbec
SCHED-TRACE 17686 121091 V 2 105e7ab
SCHED-TRACE 17687 121091 U 3 105e8e9
SCHED-TRACE 17688 121091 V 3 105e98d
SCHED-TRACE 17689 121092 U 2 105ebff
SCHED-TRACE 17690 121092 V 2 105f789
SCHED-TRACE 17691 121092 U 3 105f8c7
SCHED-TRACE 17692 121092 V 3 105f951
SCHED-TRACE 17693 121093 U 2 105fbc2
SCHED-TRACE 17694 121093 V 2 1060714
SCHED-TRACE 17695 121093 U 3 1060843
SCHED-TRACE 17696 121093 V 3 10608af
SCHED-TRACE 17697 121094 U 3 1060a30
SCHED-TRACE 17698 121094 V 3 1060a9c
SCHED-TRACE 17699 121096 U 3 10610db
SCHED-TRACE 17700 121096 V 3 1061138
SCHED-TRACE 17701 121097 P 84 10502dd70a
SCHED-TRACE 17702 121097 W 84 10502dd70a
SCHED-TRACE 17703 121097 U 4 1061166
SCHED-TRACE 17704 121097 V 4 106117c
SCHED-TRACE 17705 121097 U 3 106129b
SCHED-TRACE 17706 121097 V 3 1061311
SCHED-TRACE 17707 121097 P 1 1055cc9374
SCHED-TRACE 17708 121097 D 1 1055cc9374
SCHED-TRACE 17709 121099 K 84 10502dd70a
SCHED-TRACE 17710 121100 U 3 106184c
SCHED-TRACE 17711 121100 V 3 10618aa
SCHED-TRACE 17712 121101 W 1 1055e8624d
SCHED-TRACE 17713 121101 U 3 1061a29
SCHED-TRACE 17714 121101 V 3 1061adc
SCHED-TRACE 17715 121101 P 84 105124ed91
SCHED-TRACE 17716 121101 D 84 105124ed91
SCHED-TRACE 17717 121103 K 1 1055e8624d
SCHED-TRACE 17718 121104 U 3 1061fec
SCHED-TRACE 17719 121104 V 3 1062049
SCHED-TRACE 17720 121105 P 84 1055e8624d
SCHED-TRACE 17721 121105 W 84 1055e8624d
SCHED-TRACE 17722 121105 U 3 106219e
SCHED-TRACE 17723 121105 V 3 1062213
SCHED-TRACE 17724 121105 P 1 1056d18d4f
SCHED-TRACE 17725 121105 D 1 1056d18d4f
SCHED-TRACE 17726 121107 K 84 1055e8624d
SCHED-TRACE 17727 121108 U 3 1062745
SCHED-TRACE 17728 121108 V 3 10627a2
SCHED-TRACE 17729 121109 W 1 1056ed5c28
SCHED-TRACE 17730 121109 U 3 1062922
SCHED-TRACE 17731 121109 V 3 10629d4
SCHED-TRACE 17732 121109 P 84 1056dde354
SCHED-TRACE 17733 121109 D 84 1056dde354
SCHED-TRACE 17734 121111 K 1 1056ed5c28
SCHED-TRACE 17735 121112 U 3 1062eda
SCHED-TRACE 17736 121112 V 3 1062f37
SCHED-TRACE 17737 121113 W 84 1056f9ae14
SCHED-TRACE 17738 121113 U 3 1063089
SCHED-TRACE 17739 121113 V 3 10630ff
SCHED-TRACE 17740 121113 P 1 1057d49374
SCHED-TRACE 17741 121113 D 1 1057d49374
SCHED-TRACE 17742 121115 K 84 1056f9ae14
SCHED-TRACE 17743 121116 U 3 1063631
SCHED-TRACE 17744 121116 V 3 106368e
SCHED-TRACE 17745 121117 W 1 1057f05e35
SCHED-TRACE 17746 121117 U 3 106380e
SCHED-TRACE 17747 121117 V 3 10638c0
SCHED-TRACE 17748 121117 P 84 1057ef2b02
SCHED-TRACE 17749 121117 D 84 1057ef2b02
SCHED-TRACE 17750 121119 K 1 1057f05e35
SCHED-TRACE 17751 121120 U 4 106397f
SCHED-TRACE 17752 121120 V 4 1063991
SCHED-TRACE 17753 121120 U 3 1063ddb
SCHED-TRACE 17754 121120 V 3 1063e38
SCHED-TRACE 17755 121121 W 84 10580c45a1
SCHED-TRACE 17756 121121 U 3 1063f8a
SCHED-TRACE 17757 121121 V 3 1064000
SCHED-TRACE 17758 121121 P 1 1058d78d4f
SCHED-TRACE 17759 121121 D 1 1058d78d4f
SCHED-TRACE 17760 121123 K 84 10580c45a1
SCHED-TRACE 17761 121124 U 3 1064532
SCHED-TRACE 17762 121124 V 3 106458f
SCHED-TRACE 17763 121125 W 1 1058f35c28
SCHED-TRACE 17764 121125 U 3 106470e
SCHED-TRACE 17765 121125 V 3 10647c1
SCHED-TRACE 17766 121125 P 84 105901c28f
SCHED-TRACE 17767 121125 D 84 105901c28f
SCHED-TRACE 17768 121127 K 1 1058f35c28
SCHED-TRACE 17769 121128 U 3 1064d05
SCHED-TRACE 17770 121128 V 3 1064d62
SCHED-TRACE 17771 121129 W 84 10591d8d50
SCHED-TRACE 17772 121129 U 3 1065219
SCHED-TRACE 17773 121129 V 3 1065268
SCHED-TRACE 17774 121130 P 87 1058f35c28
SCHED-TRACE 17775 121130 W 87 1058f35c28
SCHED-TRACE 17776 121130 U 3 10653b9
SCHED-TRACE 17777 121130 V 3 1065420
SCHED-TRACE 17778 121130 P 1 105aa61062
SCHED-TRACE 17779 121130 D 1 105aa61062
SCHED-TRACE 17780 121132 K 87 1058f35c28
SCHED-TRACE 17781 121133 U 3 1065980
SCHED-TRACE 17782 121133 V 3 10659ce
SCHED-TRACE 17783 121134 W 1 105ac6c083
SCHED-TRACE 17784 121134 U 3 1065b54
SCHED-TRACE 17785 121134 V 3 1065bf8
SCHED-TRACE 17786 121134 P 87 1059ebdf3a
SCHED-TRACE 17787 121134 D 87 1059ebdf3a
SCHED-TRACE 17788 121136 K 84 10591d8d50
SCHED-TRACE 17789 121137 T 0 1065d58
SCHED-TRACE 17790 121137 t 0 1065d94
SCHED-TRACE 17791 121137 U 3 1067e8b
SCHED-TRACE 17792 121137 V 3 1067f2e
SCHED-TRACE 17793 121137 P 84 105e82fdf3
SCHED-TRACE 17794 121137 D 84 105e82fdf3
SCHED-TRACE 17795 121139 K 1 105ac6c083
SCHED-TRACE 17796 121140 U 4 1067fec
SCHED-TRACE 17797 121140 V 4 1067ffc
SCHED-TRACE 17798 121140 U 3 1068450
SCHED-TRACE 17799 121140 V 3 106849d
SCHED-TRACE 17800 121141 P 87 105ac6c083
SCHED-TRACE 17801 121141 W 87 105ac6c083
SCHED-TRACE 17802 121141 U 3 10685f2
SCHED-TRACE 17803 121141 V 3 1068657
SCHED-TRACE 17804 121141 P 1 105bafeb85
SCHED-TRACE 17805 121141 D 1 105bafeb85
SCHED-TRACE 17806 121143 K 87 105ac6c083
SCHED-TRACE 17807 121144 U 3 1068b89
SCHED-TRACE 17808 121144 V 3 1068bd6
SCHED-TRACE 17809 121145 W 1 105bcba1ca
SCHED-TRACE 17810 121145 U 3 1068d55
SCHED-TRACE 17811 121145 V 3 1068df8
SCHED-TRACE 17812 121145 P 87 105bbc3d70
SCHED-TRACE 17813 121145 D 87 105bbc3d70
SCHED-TRACE 17814 121147 K 1 105bcba1ca
SCHED-TRACE 17815 121148 U 3 10692fd
SCHED-TRACE 17816 121148 V 3 106934a
SCHED-TRACE 17817 121149 W 87 105bd7f3b6
SCHED-TRACE 17818 121149 U 3 106949d
SCHED-TRACE 17819 121149 V 3 1069502
SCHED-TRACE 17820 121149 P 1 105cb2d0e5
SCHED-TRACE 17821 121149 D 1 105cb2d0e5
SCHED-TRACE 17822 121151 K 87 105bd7f3b6
SCHED-TRACE 17823 121152 U 3 1069a34
SCHED-TRACE 17824 121152 V 3 1069a81
SCHED-TRACE 17825 121153 W 1 105cce872b
SCHED-TRACE 17826 121153 U 3 1069c01
SCHED-TRACE 17827 121153 V 3 1069ca3
SCHED-TRACE 17828 121153 P 87 105ccd74bc
SCHED-TRACE 17829 121153 D 87 105ccd74bc
SCHED-TRACE 17830 121155 K 1 105cce872b
SCHED-TRACE 17831 121156 U 3 106a1a8
SCHED-TRACE 17832 121156 V 3 106a1f6
SCHED-TRACE 17833 121157 W 87 105ce92b02
SCHED-TRACE 17834 121157 U 3 106a348
SCHED-TRACE 17835 121157 V 3 106a3ad
SCHED-TRACE 17836 121157 P 1 105db5b645
SCHED-TRACE 17837 121157 D 1 105db5b645
SCHED-TRACE 17838 121159 K 87 105ce92b02
SCHED-TRACE 17839 121160 U 3 106a8df
SCHED-TRACE 17840 121160 V 3 106a92c
SCHED-TRACE 17841 121161 W 1 105dd16c8b
SCHED-TRACE 17842 121161 U 4 106a958
SCHED-TRACE 17843 121161 V 4 106a96d
SCHED-TRACE 17844 121161 U 3 106aac3
SCHED-TRACE 17845 121161 V 3 106ab65
SCHED-TRACE 17846 121161 P 87 105ddff7ce
SCHED-TRACE 17847 121161 D 87 105ddff7ce
SCHED-TRACE 17848 121163 K 1 105dd16c8b
SCHED-TRACE 17849 121164 U 3 106b09e
SCHED-TRACE 17850 121164 V 3 106b0eb
SCHED-TRACE 17851 121165 W 87 105dfbae14
SCHED-TRACE-END 17852 dropped 0
