
loader: Redoubt rv32 loader, boot hart 0
  1 hart(s), timebase 10000000 Hz
  ram: 0x80000000..0x90000000 (256 MiB)
  bundle: 0x88200000..0x88298040
  devices: 14 mmio (8 dma), 10 irq, console 0x10000000
  plic: 0xc000000, S-mode context 1
  rng-seed: 32 bytes
  bundle signature ok (622592 bytes)
  PID 1: kernel -> 0xffd00000
  PID 2: sched-debt-lift -> 0x18bb6
  bundle mapped read-only at 0x20000000 (622656 bytes)
  252 MiB free, entering kernel
Kernel arguments:
    XArg (67724158, 28 bytes): 00000123 00000002 80000000 00000000 10000000 00000000 6d617273
    MREx (7845524d, 384 bytes): 10100000 00000000 00001000 00000000 632d7766 00000000 20000000 00000000 02000000 00000000 73616c66 00000000 00101000 00000000 00001000 00000000 40637472 00000000 10000000 00000000 00001000 00000000 69726573 00000000 00100000 00000000 00001000 00000000 74736574 00000000 10008000 00000000 00001000 00000000 74726976 00000000 10007000 00000000 00001000 00000000 74726976 00000000 10006000 00000000 00001000 00000000 74726976 00000000 10005000 00000000 00001000 00000000 74726976 00000000 10004000 00000000 00001000 00000000 74726976 00000000 10003000 00000000 00001000 00000000 74726976 00000000 10002000 00000000 00001000 00000000 74726976 00000000 10001000 00000000 00001000 00000000 74726976 00000000 0c000000 00000000 00600000 00000000 63696c70 00000000 02000000 00000000 00010000 00000000 6e696c63 00000000 30000000 00000000 10000000 00000000 40696370 00000000
    Ctrl (6c727443, 32 bytes): 0c000000 00000000 00600000 00000000 02000000 00000000 00010000 00000000
    Devs (73766544, 600 bytes): 00000003 00000000 00000000 00000000 00000000 00000000 00000001 10000000 00000000 00001000 00000000 00000000 00000002 0000000a 00000000 00000000 00000000 00000000 00000001 10100000 00000000 00001000 00000000 00000000 00000001 20000000 00000000 02000000 00000000 00000000 00000001 00101000 00000000 00001000 00000000 00000000 00000001 00100000 00000000 00001000 00000000 00000000 00000001 10008000 00000000 00001000 00000000 00000001 00000001 10007000 00000000 00001000 00000000 00000001 00000001 10006000 00000000 00001000 00000000 00000001 00000001 10005000 00000000 00001000 00000000 00000001 00000001 10004000 00000000 00001000 00000000 00000001 00000001 10003000 00000000 00001000 00000000 00000001 00000001 10002000 00000000 00001000 00000000 00000001 00000001 10001000 00000000 00001000 00000000 00000001 00000001 30000000 00000000 10000000 00000000 00000000 00000002 00000001 00000000 00000000 00000000 00000000 00000002 00000002 00000000 00000000 00000000 00000000 00000002 00000003 00000000 00000000 00000000 00000000 00000002 00000004 00000000 00000000 00000000 00000000 00000002 00000005 00000000 00000000 00000000 00000000 00000002 00000006 00000000 00000000 00000000 00000000 00000002 00000007 00000000 00000000 00000000 00000000 00000002 00000008 00000000 00000000 00000000 00000000 00000002 0000000b 00000000 00000000 00000000 00000000
    Plic (63696c50, 24 bytes): 0c000000 00000000 00600000 00000000 00000001 00000000
    Seed (64656553, 32 bytes): 2b1d8179 32f25188 9e2a567a d7ab2468 d6e4b6f8 2fc0b686 7b239865 328c6bde
    Time (656d6954, 8 bytes): 00989680 00000000
asid: 9 bits
Devices: 25 objects, all held by init
Budgets: root 47328 pages (1198 kept for init), system 11532, users 34596
W^X verified: 44 executable kernel pages, none writable under any alias
Kernel RNG seeded from the loader (32 bytes)
KMAIN (clean boot): Supervisor mode started...
kernel: checks on (debug assertions, overflow checks)

[debt-lift] calibrated: 10 ticks/us, 6566 iterations/ms
[!] Terminating process with PID 284
[!] Terminating process with PID 238
terminate_process: 158
[!] Terminating process with PID 158
terminate_process: 3
[!] Terminating process with PID 3
terminate_process: 462
[!] Terminating process with PID 462
terminate_process: 510
[!] Terminating process with PID 510
terminate_process: 335
[!] Terminating process with PID 335
terminate_process: 283
[!] Terminating process with PID 283
terminate_process: 45
[!] Terminating process with PID 45
terminate_process: 313
[!] Terminating process with PID 313
terminate_process: 331
[!] Terminating process with PID 331
terminate_process: 279
[!] Terminating process with PID 279
terminate_process: 446
[!] Terminating process with PID 446
terminate_process: 127
[!] Terminating process with PID 127
terminate_process: 124
[!] Terminating process with PID 124
terminate_process: 168
[!] Terminating process with PID 168
terminate_process: 469
[!] Terminating process with PID 469
terminate_process: 98
[!] Terminating process with PID 98
terminate_process: 82
[!] Terminating process with PID 82
[debt-lift] ok: the sibling ran (its round is the oracle's)
[debt-lift] the sibling first ran 5564 us after creation
SCHED-DEBT-LIFT TEST PASSED
system_reset: PowerOff asked for by PID 2
SCHED-TRACE 0 0 G 1 0
SCHED-TRACE 1 0 g 1 0
SCHED-TRACE 2 0 v 1 f4240000b71b0
SCHED-TRACE 3 0 f 1 0
SCHED-TRACE 4 0 N 1 0
SCHED-TRACE 5 0 n 1 0
SCHED-TRACE 6 0 G 1 0
SCHED-TRACE 7 0 g 1 0
SCHED-TRACE 8 0 v 1 b71b0000003e8
SCHED-TRACE 9 0 f 1 0
SCHED-TRACE 10 0 N 1 0
SCHED-TRACE 11 0 n 1 0
SCHED-TRACE 12 1 W 1 0
SCHED-TRACE 13 1 K 1 0
SCHED-TRACE 14 5 I 1 7b8
SCHED-TRACE 15 5 B 1 eb
SCHED-TRACE 16 5 P 1 a46a7e
SCHED-TRACE 17 5 R 1 a46a7e
SCHED-TRACE 18 6 U 4 823
SCHED-TRACE 19 6 V 4 839
SCHED-TRACE 20 6 O 0 0
SCHED-TRACE 21 6 P 1 b3ba5e
SCHED-TRACE 22 7 K 1 b3ba5e
SCHED-TRACE 23 7 P 1 c4e147
SCHED-TRACE 24 9 P 1 ee3d70
SCHED-TRACE 25 9 D 1 ee3d70
SCHED-TRACE 26 11 U 4 a12
SCHED-TRACE 27 11 V 4 a21
SCHED-TRACE 28 11 U 3 a25
SCHED-TRACE 29 11 V 3 cd8
SCHED-TRACE 30 12 W 1 112d4fd
SCHED-TRACE 31 12 U 4 cdc3
SCHED-TRACE 32 12 V 4 cdd8
SCHED-TRACE 33 13 K 1 112d4fd
SCHED-TRACE 34 15 I 1 d21d
SCHED-TRACE 35 15 B 1 f1
SCHED-TRACE 36 15 P 1 1ad22d0
SCHED-TRACE 37 15 R 1 1ad22d0
SCHED-TRACE 38 16 U 4 d28b
SCHED-TRACE 39 16 V 4 d2a3
SCHED-TRACE 40 16 O 0 0
SCHED-TRACE 41 16 P 1 1bd0a3d
SCHED-TRACE 42 17 K 1 1bd0a3d
SCHED-TRACE 43 17 P 1 1ce6a7e
SCHED-TRACE 44 18 I 1 d701
SCHED-TRACE 45 18 B 1 f0
SCHED-TRACE 46 18 P 1 26e49ba
SCHED-TRACE 47 18 R 1 26e49ba
SCHED-TRACE 48 19 U 4 d76f
SCHED-TRACE 49 19 V 4 d787
SCHED-TRACE 50 19 O 0 0
SCHED-TRACE 51 19 P 1 27e353f
SCHED-TRACE 52 20 K 1 27e353f
SCHED-TRACE 53 20 P 1 28fa5e3
SCHED-TRACE 54 21 I 1 dbe5
SCHED-TRACE 55 21 B 1 f1
SCHED-TRACE 56 21 P 1 32f6872
SCHED-TRACE 57 21 R 1 32f6872
SCHED-TRACE 58 22 U 4 dc53
SCHED-TRACE 59 22 V 4 dc6c
SCHED-TRACE 60 22 O 0 0
SCHED-TRACE 61 22 P 1 33f4395
SCHED-TRACE 62 23 K 1 33f4395
SCHED-TRACE 63 23 P 1 3509fbe
SCHED-TRACE 64 24 I 1 e0c9
SCHED-TRACE 65 24 B 1 ef
SCHED-TRACE 66 24 P 1 3f06e97
SCHED-TRACE 67 24 R 1 3f06e97
SCHED-TRACE 68 25 U 4 e135
SCHED-TRACE 69 25 V 4 e14d
SCHED-TRACE 70 25 O 0 0
SCHED-TRACE 71 25 P 1 4000831
SCHED-TRACE 72 26 K 1 4000831
SCHED-TRACE 73 26 P 1 411645a
SCHED-TRACE 74 27 I 1 e5a9
SCHED-TRACE 75 27 B 1 f2
SCHED-TRACE 76 27 P 1 4b12f1a
SCHED-TRACE 77 27 R 1 4b12f1a
SCHED-TRACE 78 28 U 4 e617
SCHED-TRACE 79 28 V 4 e630
SCHED-TRACE 80 28 O 0 0
SCHED-TRACE 81 28 P 1 4c122d0
SCHED-TRACE 82 29 K 1 4c122d0
SCHED-TRACE 83 29 P 1 4d28312
SCHED-TRACE 84 30 I 1 ea8d
SCHED-TRACE 85 30 B 1 f0
SCHED-TRACE 86 30 P 1 57245a1
SCHED-TRACE 87 30 R 1 57245a1
SCHED-TRACE 88 31 U 4 eafb
SCHED-TRACE 89 31 V 4 eb13
SCHED-TRACE 90 31 O 0 0
SCHED-TRACE 91 31 P 1 5823126
SCHED-TRACE 92 32 K 1 5823126
SCHED-TRACE 93 32 P 1 5939999
SCHED-TRACE 94 33 I 1 ef71
SCHED-TRACE 95 33 B 1 f1
SCHED-TRACE 96 33 P 1 6336872
SCHED-TRACE 97 33 R 1 6336872
SCHED-TRACE 98 34 U 4 efdf
SCHED-TRACE 99 34 V 4 eff8
SCHED-TRACE 100 34 O 0 0
SCHED-TRACE 101 34 P 1 64378d4
SCHED-TRACE 102 35 K 1 64378d4
SCHED-TRACE 103 35 P 1 654bc6a
SCHED-TRACE 104 36 I 1 f455
SCHED-TRACE 105 36 B 1 ef
SCHED-TRACE 106 36 P 1 6f47ef9
SCHED-TRACE 107 36 R 1 6f47ef9
SCHED-TRACE 108 37 U 4 f4c2
SCHED-TRACE 109 37 V 4 f4db
SCHED-TRACE 110 37 O 0 0
SCHED-TRACE 111 37 P 1 70451eb
SCHED-TRACE 112 38 K 1 70451eb
SCHED-TRACE 113 38 P 1 715b645
SCHED-TRACE 114 39 I 1 f938
SCHED-TRACE 115 39 B 1 f1
SCHED-TRACE 116 39 P 1 7b58937
SCHED-TRACE 117 39 R 1 7b58937
SCHED-TRACE 118 40 U 4 f9a5
SCHED-TRACE 119 40 V 4 f9be
SCHED-TRACE 120 40 O 0 0
SCHED-TRACE 121 40 P 1 7c574bc
SCHED-TRACE 122 41 K 1 7c574bc
SCHED-TRACE 123 41 P 1 7d6dd2f
SCHED-TRACE 124 42 I 1 fe1c
SCHED-TRACE 125 42 B 1 f1
SCHED-TRACE 126 42 P 1 876b439
SCHED-TRACE 127 42 R 1 876b439
SCHED-TRACE 128 43 U 4 fe8a
SCHED-TRACE 129 43 V 4 fea3
SCHED-TRACE 130 43 O 0 0
SCHED-TRACE 131 43 P 1 886b020
SCHED-TRACE 132 44 K 1 886b020
SCHED-TRACE 133 44 P 1 8981cac
SCHED-TRACE 134 45 I 1 10301
SCHED-TRACE 135 45 B 1 f1
SCHED-TRACE 136 45 P 1 937eb85
SCHED-TRACE 137 45 R 1 937eb85
SCHED-TRACE 138 46 U 4 1036f
SCHED-TRACE 139 46 V 4 10387
SCHED-TRACE 140 46 O 0 0
SCHED-TRACE 141 46 P 1 947d2f1
SCHED-TRACE 142 47 K 1 947d2f1
SCHED-TRACE 143 47 P 1 959374b
SCHED-TRACE 144 48 I 1 107e5
SCHED-TRACE 145 48 B 1 ef
SCHED-TRACE 146 48 P 1 9f90624
SCHED-TRACE 147 48 R 1 9f90624
SCHED-TRACE 148 49 U 4 10853
SCHED-TRACE 149 49 V 4 1086b
SCHED-TRACE 150 49 O 0 0
SCHED-TRACE 151 49 P 1 a08c8b4
SCHED-TRACE 152 50 K 1 a08c8b4
SCHED-TRACE 153 50 P 1 a1a20c4
SCHED-TRACE 154 51 I 1 10cc8
SCHED-TRACE 155 51 B 1 f2
SCHED-TRACE 156 51 P 1 ab9f7ce
SCHED-TRACE 157 51 R 1 ab9f7ce
SCHED-TRACE 158 52 U 4 10d36
SCHED-TRACE 159 52 V 4 10d4e
SCHED-TRACE 160 52 O 0 0
SCHED-TRACE 161 52 P 1 ac9cac0
SCHED-TRACE 162 53 K 1 ac9cac0
SCHED-TRACE 163 53 P 1 adb2f1a
SCHED-TRACE 164 54 I 1 111ab
SCHED-TRACE 165 54 B 1 f1
SCHED-TRACE 166 54 P 1 b7aed91
SCHED-TRACE 167 54 R 1 b7aed91
SCHED-TRACE 168 55 U 4 11219
SCHED-TRACE 169 55 V 4 11231
SCHED-TRACE 170 55 O 0 0
SCHED-TRACE 171 55 P 1 b8ae147
SCHED-TRACE 172 56 K 1 b8ae147
SCHED-TRACE 173 56 P 1 b9c45a1
SCHED-TRACE 174 57 I 1 1168f
SCHED-TRACE 175 57 B 1 f1
SCHED-TRACE 176 57 P 1 c3c1062
SCHED-TRACE 177 57 R 1 c3c1062
SCHED-TRACE 178 58 U 4 116fd
SCHED-TRACE 179 58 V 4 11716
SCHED-TRACE 180 58 O 0 0
SCHED-TRACE 181 58 P 1 c4c0418
SCHED-TRACE 182 59 K 1 c4c0418
SCHED-TRACE 183 59 P 1 c5d6c8b
SCHED-TRACE 184 60 I 1 11b73
SCHED-TRACE 185 60 B 1 f1
SCHED-TRACE 186 60 P 1 cfd22d0
SCHED-TRACE 187 60 R 1 cfd22d0
SCHED-TRACE 188 61 U 4 11be1
SCHED-TRACE 189 61 V 4 11bfa
SCHED-TRACE 190 61 O 0 0
SCHED-TRACE 191 61 P 1 d0d3333
SCHED-TRACE 192 62 K 1 d0d3333
SCHED-TRACE 193 62 P 1 d1e8f5c
SCHED-TRACE 194 63 I 1 12058
SCHED-TRACE 195 63 B 1 f0
SCHED-TRACE 196 63 P 1 dbe5a1c
SCHED-TRACE 197 63 R 1 dbe5a1c
SCHED-TRACE 198 64 U 4 120c4
SCHED-TRACE 199 64 V 4 120dc
SCHED-TRACE 200 64 O 0 0
SCHED-TRACE 201 64 P 1 dce0000
SCHED-TRACE 202 65 K 1 dce0000
SCHED-TRACE 203 65 P 1 ddf4fdf
SCHED-TRACE 204 66 I 1 12539
SCHED-TRACE 205 66 B 1 f2
SCHED-TRACE 206 66 P 1 e7f374b
SCHED-TRACE 207 66 R 1 e7f374b
SCHED-TRACE 208 67 U 4 125a7
SCHED-TRACE 209 67 V 4 125bf
SCHED-TRACE 210 67 O 0 0
SCHED-TRACE 211 67 P 1 e8f2f1a
SCHED-TRACE 212 68 K 1 e8f2f1a
SCHED-TRACE 213 68 P 1 ea0978d
SCHED-TRACE 214 69 I 1 12a1d
SCHED-TRACE 215 69 B 1 f1
SCHED-TRACE 216 69 P 1 f405604
SCHED-TRACE 217 69 R 1 f405604
SCHED-TRACE 218 70 U 4 12a8b
SCHED-TRACE 219 70 V 4 12aa4
SCHED-TRACE 220 70 O 0 0
SCHED-TRACE 221 70 P 1 f5049ba
SCHED-TRACE 222 71 K 1 f5049ba
SCHED-TRACE 223 71 P 1 f61b645
SCHED-TRACE 224 72 I 1 12f01
SCHED-TRACE 225 72 B 1 f1
SCHED-TRACE 226 72 P 1 10016872
SCHED-TRACE 227 72 R 1 10016872
SCHED-TRACE 228 73 U 4 12f6f
SCHED-TRACE 229 73 V 4 12f88
SCHED-TRACE 230 73 O 0 0
SCHED-TRACE 231 73 P 1 101170a3
SCHED-TRACE 232 74 K 1 101170a3
SCHED-TRACE 233 74 P 1 1022d0e5
SCHED-TRACE 234 75 I 1 133e6
SCHED-TRACE 235 75 B 1 ec
SCHED-TRACE 236 75 P 1 10c2872b
SCHED-TRACE 237 75 R 1 10c2872b
SCHED-TRACE 238 76 U 4 13454
SCHED-TRACE 239 76 V 4 1346c
SCHED-TRACE 240 76 O 0 0
SCHED-TRACE 241 76 P 1 10d25a1c
SCHED-TRACE 242 77 K 1 10d25a1c
SCHED-TRACE 243 77 P 1 10e3be76
SCHED-TRACE 244 78 I 1 138c9
SCHED-TRACE 245 78 B 1 f1
SCHED-TRACE 246 78 P 1 11837ced
SCHED-TRACE 247 78 R 1 11837ced
SCHED-TRACE 248 79 U 4 13936
SCHED-TRACE 249 79 V 4 1394f
SCHED-TRACE 250 79 O 0 0
SCHED-TRACE 251 79 P 1 11935810
SCHED-TRACE 252 80 K 1 11935810
SCHED-TRACE 253 80 P 1 11a4bc6a
SCHED-TRACE 254 81 I 1 13dac
SCHED-TRACE 255 81 B 1 f0
SCHED-TRACE 256 81 P 1 124476c8
SCHED-TRACE 257 81 R 1 124476c8
SCHED-TRACE 258 82 U 4 13e1a
SCHED-TRACE 259 82 V 4 13e33
SCHED-TRACE 260 82 O 0 0
SCHED-TRACE 261 82 P 1 12547ae1
SCHED-TRACE 262 83 K 1 12547ae1
SCHED-TRACE 263 83 P 1 1265eb85
SCHED-TRACE 264 84 I 1 14291
SCHED-TRACE 265 84 B 1 f1
SCHED-TRACE 266 84 P 1 1305a5e3
SCHED-TRACE 267 84 R 1 1305a5e3
SCHED-TRACE 268 85 U 4 142ff
SCHED-TRACE 269 85 V 4 14318
SCHED-TRACE 270 85 O 0 0
SCHED-TRACE 271 85 P 1 13159581
SCHED-TRACE 272 86 K 1 13159581
SCHED-TRACE 273 86 P 1 1326f5c2
SCHED-TRACE 274 87 I 1 14775
SCHED-TRACE 275 87 B 1 f0
SCHED-TRACE 276 87 P 1 13c6bc6a
SCHED-TRACE 277 87 R 1 13c6bc6a
SCHED-TRACE 278 88 U 4 147e3
SCHED-TRACE 279 88 V 4 147fc
SCHED-TRACE 280 88 O 0 0
SCHED-TRACE 281 88 P 1 13d6c8b4
SCHED-TRACE 282 89 K 1 13d6c8b4
SCHED-TRACE 283 89 P 1 13e824dd
SCHED-TRACE 284 90 I 1 14c59
SCHED-TRACE 285 90 B 1 f1
SCHED-TRACE 286 90 P 1 1487df3b
SCHED-TRACE 287 90 R 1 1487df3b
SCHED-TRACE 288 91 U 4 14cc7
SCHED-TRACE 289 91 V 4 14ce0
SCHED-TRACE 290 91 O 0 0
SCHED-TRACE 291 91 P 1 1497ced9
SCHED-TRACE 292 92 K 1 1497ced9
SCHED-TRACE 293 92 P 1 14a92f1a
SCHED-TRACE 294 93 I 1 1513d
SCHED-TRACE 295 93 B 1 f1
SCHED-TRACE 296 93 P 1 1548f9db
SCHED-TRACE 297 93 R 1 1548f9db
SCHED-TRACE 298 94 U 4 151aa
SCHED-TRACE 299 94 V 4 151c3
SCHED-TRACE 300 94 O 0 0
SCHED-TRACE 301 94 P 1 1558e147
SCHED-TRACE 302 95 K 1 1558e147
SCHED-TRACE 303 95 P 1 156a4dd2
SCHED-TRACE 304 96 I 1 15620
SCHED-TRACE 305 96 B 1 f1
SCHED-TRACE 306 96 P 1 160a0418
SCHED-TRACE 307 96 R 1 160a0418
SCHED-TRACE 308 97 U 4 1568e
SCHED-TRACE 309 97 V 4 156a7
SCHED-TRACE 310 97 O 0 0
SCHED-TRACE 311 97 P 1 161a0418
SCHED-TRACE 312 98 K 1 161a0418
SCHED-TRACE 313 98 P 1 162b6872
SCHED-TRACE 314 99 I 1 15b05
SCHED-TRACE 315 99 B 1 ef
SCHED-TRACE 316 99 P 1 16cb2f1a
SCHED-TRACE 317 99 R 1 16cb2f1a
SCHED-TRACE 318 100 U 4 15b73
SCHED-TRACE 319 100 V 4 15b8c
SCHED-TRACE 320 100 O 0 0
SCHED-TRACE 321 100 P 1 16db22d0
SCHED-TRACE 322 101 K 1 16db22d0
SCHED-TRACE 323 101 P 1 16ec978d
SCHED-TRACE 324 102 I 1 15fea
SCHED-TRACE 325 102 B 1 f2
SCHED-TRACE 326 102 P 1 178c6e97
SCHED-TRACE 327 102 R 1 178c6e97
SCHED-TRACE 328 103 U 4 16058
SCHED-TRACE 329 103 V 4 16070
SCHED-TRACE 330 103 O 0 0
SCHED-TRACE 331 103 P 1 179c24dd
SCHED-TRACE 332 104 K 1 179c24dd
SCHED-TRACE 333 104 P 1 17ad74bc
SCHED-TRACE 334 105 I 1 164cd
SCHED-TRACE 335 105 B 1 f1
SCHED-TRACE 336 105 P 1 184d47ae
SCHED-TRACE 337 105 R 1 184d47ae
SCHED-TRACE 338 106 U 4 1653b
SCHED-TRACE 339 106 V 4 16553
SCHED-TRACE 340 106 O 0 0
SCHED-TRACE 341 106 P 1 185d2f1a
SCHED-TRACE 342 107 K 1 185d2f1a
SCHED-TRACE 343 107 P 1 186e978d
SCHED-TRACE 344 108 I 1 169b1
SCHED-TRACE 345 108 B 1 f0
SCHED-TRACE 346 108 P 1 190e624d
SCHED-TRACE 347 108 R 1 190e624d
SCHED-TRACE 348 109 U 4 16a1f
SCHED-TRACE 349 109 V 4 16a38
SCHED-TRACE 350 109 O 0 0
SCHED-TRACE 351 109 P 1 191e624d
SCHED-TRACE 352 110 K 1 191e624d
SCHED-TRACE 353 110 P 1 192fd2f1
SCHED-TRACE 354 111 I 1 16e96
SCHED-TRACE 355 111 B 1 f1
SCHED-TRACE 356 111 P 1 19cf9581
SCHED-TRACE 357 111 R 1 19cf9581
SCHED-TRACE 358 112 U 4 16f04
SCHED-TRACE 359 112 V 4 16f1e
SCHED-TRACE 360 112 O 0 0
SCHED-TRACE 361 112 P 1 19dfa1ca
SCHED-TRACE 362 113 K 1 19dfa1ca
SCHED-TRACE 363 113 P 1 19f10a3d
SCHED-TRACE 364 114 I 1 1737b
SCHED-TRACE 365 114 B 1 ef
SCHED-TRACE 366 114 P 1 1a90b851
SCHED-TRACE 367 114 R 1 1a90b851
SCHED-TRACE 368 115 U 4 173e9
SCHED-TRACE 369 115 V 4 17402
SCHED-TRACE 370 115 O 0 0
SCHED-TRACE 371 115 P 1 1aa0c49b
SCHED-TRACE 372 116 K 1 1aa0c49b
SCHED-TRACE 373 116 P 1 1ab22d0e
SCHED-TRACE 374 117 I 1 17860
SCHED-TRACE 375 117 B 1 f2
SCHED-TRACE 376 117 P 1 1b520000
SCHED-TRACE 377 117 R 1 1b520000
SCHED-TRACE 378 118 U 4 178ce
SCHED-TRACE 379 118 V 4 178e6
SCHED-TRACE 380 118 O 0 0
SCHED-TRACE 381 118 P 1 1b61e353
SCHED-TRACE 382 119 K 1 1b61e353
SCHED-TRACE 383 119 P 1 1b734395
SCHED-TRACE 384 120 I 1 17d44
SCHED-TRACE 385 120 B 1 f1
SCHED-TRACE 386 120 P 1 1c131eb8
SCHED-TRACE 387 120 R 1 1c131eb8
SCHED-TRACE 388 121 U 4 17db2
SCHED-TRACE 389 121 V 4 17dcc
SCHED-TRACE 390 121 O 0 0
SCHED-TRACE 391 121 P 1 1c233b64
SCHED-TRACE 392 122 K 1 1c233b64
SCHED-TRACE 393 122 P 1 1c34b020
SCHED-TRACE 394 123 I 1 1822a
SCHED-TRACE 395 123 B 1 f2
SCHED-TRACE 396 123 P 1 1cd47ae1
SCHED-TRACE 397 123 R 1 1cd47ae1
SCHED-TRACE 398 124 U 4 18298
SCHED-TRACE 399 124 V 4 182b1
SCHED-TRACE 400 124 O 0 0
SCHED-TRACE 401 124 P 1 1ce46e97
SCHED-TRACE 402 125 K 1 1ce46e97
SCHED-TRACE 403 125 P 1 1cf5d2f1
SCHED-TRACE 404 126 I 1 1870e
SCHED-TRACE 405 126 B 1 f0
SCHED-TRACE 406 126 P 1 1d959168
SCHED-TRACE 407 126 R 1 1d959168
SCHED-TRACE 408 127 U 4 1877c
SCHED-TRACE 409 127 V 4 18795
SCHED-TRACE 410 127 O 0 0
SCHED-TRACE 411 127 P 1 1da5851e
SCHED-TRACE 412 128 K 1 1da5851e
SCHED-TRACE 413 128 P 1 1db6f1a9
SCHED-TRACE 414 129 I 1 18bf3
SCHED-TRACE 415 129 B 1 f2
SCHED-TRACE 416 129 P 1 1e56cccc
SCHED-TRACE 417 129 R 1 1e56cccc
SCHED-TRACE 418 130 U 4 18c61
SCHED-TRACE 419 130 V 4 18c7a
SCHED-TRACE 420 130 O 0 0
SCHED-TRACE 421 130 P 1 1e66b851
SCHED-TRACE 422 131 K 1 1e66b851
SCHED-TRACE 423 131 P 1 1e781cac
SCHED-TRACE 424 132 I 1 190d8
SCHED-TRACE 425 132 B 1 f1
SCHED-TRACE 426 132 P 1 1f17f7ce
SCHED-TRACE 427 132 R 1 1f17f7ce
SCHED-TRACE 428 133 U 4 19145
SCHED-TRACE 429 133 V 4 1915d
SCHED-TRACE 430 133 O 0 0
SCHED-TRACE 431 133 P 1 1f27be76
SCHED-TRACE 432 134 K 1 1f27be76
SCHED-TRACE 433 134 P 1 1f3926e9
SCHED-TRACE 434 135 I 1 195ba
SCHED-TRACE 435 135 B 1 f2
SCHED-TRACE 436 135 P 1 1fd8e978
SCHED-TRACE 437 135 R 1 1fd8e978
SCHED-TRACE 438 136 U 4 19628
SCHED-TRACE 439 136 V 4 19642
SCHED-TRACE 440 136 O 0 0
SCHED-TRACE 441 136 P 1 1fe8ed91
SCHED-TRACE 442 137 K 1 1fe8ed91
SCHED-TRACE 443 137 P 1 1ffa3d70
SCHED-TRACE 444 138 I 1 19a9f
SCHED-TRACE 445 138 B 1 ea
SCHED-TRACE 446 138 P 1 2099ef9d
SCHED-TRACE 447 138 R 1 2099ef9d
SCHED-TRACE 448 139 U 4 19b0c
SCHED-TRACE 449 139 V 4 19b25
SCHED-TRACE 450 139 O 0 0
SCHED-TRACE 451 139 P 1 20a9d70a
SCHED-TRACE 452 140 K 1 20a9d70a
SCHED-TRACE 453 140 P 1 20bb4395
SCHED-TRACE 454 141 I 1 19f83
SCHED-TRACE 455 141 B 1 f1
SCHED-TRACE 456 141 P 1 215b1a9f
SCHED-TRACE 457 141 R 1 215b1a9f
SCHED-TRACE 458 142 U 4 19ff1
SCHED-TRACE 459 142 V 4 1a00a
SCHED-TRACE 460 142 O 0 0
SCHED-TRACE 461 142 P 1 216b126e
SCHED-TRACE 462 143 K 1 216b126e
SCHED-TRACE 463 143 P 1 217c5e35
SCHED-TRACE 464 144 I 1 1a467
SCHED-TRACE 465 144 B 1 f0
SCHED-TRACE 466 144 P 1 221c2d0e
SCHED-TRACE 467 144 R 1 221c2d0e
SCHED-TRACE 468 145 U 4 1a4d5
SCHED-TRACE 469 145 V 4 1a4ed
SCHED-TRACE 470 145 O 0 0
SCHED-TRACE 471 145 P 1 222c1893
SCHED-TRACE 472 146 K 1 222c1893
SCHED-TRACE 473 146 P 1 223d7ced
SCHED-TRACE 474 147 I 1 1a94b
SCHED-TRACE 475 147 B 1 f2
SCHED-TRACE 476 147 P 1 22dd5810
SCHED-TRACE 477 147 R 1 22dd5810
SCHED-TRACE 478 148 U 4 1a9b9
SCHED-TRACE 479 148 V 4 1a9d2
SCHED-TRACE 480 148 O 0 0
SCHED-TRACE 481 148 P 1 22ed6872
SCHED-TRACE 482 149 K 1 22ed6872
SCHED-TRACE 483 149 P 1 22fed0e5
SCHED-TRACE 484 150 I 1 1ae30
SCHED-TRACE 485 150 B 1 f0
SCHED-TRACE 486 150 P 1 239e9ba5
SCHED-TRACE 487 150 R 1 239e9ba5
SCHED-TRACE 488 151 U 4 1ae9e
SCHED-TRACE 489 151 V 4 1aeb7
SCHED-TRACE 490 151 O 0 0
SCHED-TRACE 491 151 P 1 23ae9ba5
SCHED-TRACE 492 152 K 1 23ae9ba5
SCHED-TRACE 493 152 P 1 23c01062
SCHED-TRACE 494 153 I 1 1b315
SCHED-TRACE 495 153 B 1 f2
SCHED-TRACE 496 153 P 1 245fced9
SCHED-TRACE 497 153 R 1 245fced9
SCHED-TRACE 498 154 U 4 1b383
SCHED-TRACE 499 154 V 4 1b39c
SCHED-TRACE 500 154 O 0 0
SCHED-TRACE 501 154 P 1 246fd2f1
SCHED-TRACE 502 155 K 1 246fd2f1
SCHED-TRACE 503 155 P 1 24814395
SCHED-TRACE 504 156 I 1 1b7fa
SCHED-TRACE 505 156 B 1 f0
SCHED-TRACE 506 156 P 1 2520f5c2
SCHED-TRACE 507 156 R 1 2520f5c2
SCHED-TRACE 508 157 U 4 1b868
SCHED-TRACE 509 157 V 4 1b881
SCHED-TRACE 510 157 O 0 0
SCHED-TRACE 511 157 P 1 2530d4fd
SCHED-TRACE 512 158 K 1 2530d4fd
SCHED-TRACE 513 158 P 1 2542353f
SCHED-TRACE 514 159 I 1 1bcde
SCHED-TRACE 515 159 B 1 f1
SCHED-TRACE 516 159 P 1 25e20000
SCHED-TRACE 517 159 R 1 25e20000
SCHED-TRACE 518 160 U 4 1bd4c
SCHED-TRACE 519 160 V 4 1bd65
SCHED-TRACE 520 160 O 0 0
SCHED-TRACE 521 160 P 1 25f1fbe7
SCHED-TRACE 522 161 K 1 25f1fbe7
SCHED-TRACE 523 161 P 1 260370a3
SCHED-TRACE 524 162 I 1 1c1c3
SCHED-TRACE 525 162 B 1 f1
SCHED-TRACE 526 162 P 1 26a33f7c
SCHED-TRACE 527 162 R 1 26a33f7c
SCHED-TRACE 528 163 U 4 1c231
SCHED-TRACE 529 163 V 4 1c24a
SCHED-TRACE 530 163 O 0 0
SCHED-TRACE 531 163 P 1 26b33f7c
SCHED-TRACE 532 164 K 1 26b33f7c
SCHED-TRACE 533 164 P 1 26c4a7ef
SCHED-TRACE 534 165 I 1 1c6a8
SCHED-TRACE 535 165 B 1 f0
SCHED-TRACE 536 165 P 1 276472b0
SCHED-TRACE 537 165 R 1 276472b0
SCHED-TRACE 538 166 U 4 1c716
SCHED-TRACE 539 166 V 4 1c72f
SCHED-TRACE 540 166 O 0 0
SCHED-TRACE 541 166 P 1 27746e97
SCHED-TRACE 542 167 K 1 27746e97
SCHED-TRACE 543 167 P 1 2785df3b
SCHED-TRACE 544 168 I 1 1cb8d
SCHED-TRACE 545 168 B 1 f3
SCHED-TRACE 546 168 P 1 2825ae14
SCHED-TRACE 547 168 R 1 2825ae14
SCHED-TRACE 548 169 U 4 1cbfb
SCHED-TRACE 549 169 V 4 1cc15
SCHED-TRACE 550 169 O 0 0
SCHED-TRACE 551 169 P 1 2835b22d
SCHED-TRACE 552 170 K 1 2835b22d
SCHED-TRACE 553 170 P 1 28471a9f
SCHED-TRACE 554 171 I 1 1d072
SCHED-TRACE 555 171 B 1 f0
SCHED-TRACE 556 171 P 1 28e6d916
SCHED-TRACE 557 171 R 1 28e6d916
SCHED-TRACE 558 172 U 4 1d0df
SCHED-TRACE 559 172 V 4 1d0f7
SCHED-TRACE 560 172 O 0 0
SCHED-TRACE 561 172 P 1 28f6a7ef
SCHED-TRACE 562 173 K 1 28f6a7ef
SCHED-TRACE 563 173 P 1 29080418
SCHED-TRACE 564 174 I 1 1d554
SCHED-TRACE 565 174 B 1 f2
SCHED-TRACE 566 174 P 1 29a7cac0
SCHED-TRACE 567 174 R 1 29a7cac0
SCHED-TRACE 568 175 U 4 1d5c2
SCHED-TRACE 569 175 V 4 1d5dc
SCHED-TRACE 570 175 O 0 0
SCHED-TRACE 571 175 P 1 29b7e76c
SCHED-TRACE 572 176 K 1 29b7e76c
SCHED-TRACE 573 176 P 1 29c94fdf
SCHED-TRACE 574 177 I 1 1da3a
SCHED-TRACE 575 177 B 1 ef
SCHED-TRACE 576 177 P 1 2a6922d0
SCHED-TRACE 577 177 R 1 2a6922d0
SCHED-TRACE 578 178 U 4 1daa8
SCHED-TRACE 579 178 V 4 1dac1
SCHED-TRACE 580 178 O 0 0
SCHED-TRACE 581 178 P 1 2a7926e9
SCHED-TRACE 582 179 K 1 2a7926e9
SCHED-TRACE 583 179 P 1 2a8a9fbe
SCHED-TRACE 584 180 I 1 1df1f
SCHED-TRACE 585 180 B 1 f2
SCHED-TRACE 586 180 P 1 2b2a624d
SCHED-TRACE 587 180 R 1 2b2a624d
SCHED-TRACE 588 181 U 4 1df8e
SCHED-TRACE 589 181 V 4 1dfa7
SCHED-TRACE 590 181 O 0 0
SCHED-TRACE 591 181 P 1 2b3a7ae1
SCHED-TRACE 592 182 K 1 2b3a7ae1
SCHED-TRACE 593 182 P 1 2b4be76c
SCHED-TRACE 594 183 I 1 1e405
SCHED-TRACE 595 183 B 1 f2
SCHED-TRACE 596 183 P 1 2bebb22d
SCHED-TRACE 597 183 R 1 2bebb22d
SCHED-TRACE 598 184 U 4 1e473
SCHED-TRACE 599 184 V 4 1e48c
SCHED-TRACE 600 184 O 0 0
SCHED-TRACE 601 184 P 1 2bfba5e3
SCHED-TRACE 602 185 K 1 2bfba5e3
SCHED-TRACE 603 185 P 1 2c0d126e
SCHED-TRACE 604 186 I 1 1e8e9
SCHED-TRACE 605 186 B 1 f2
SCHED-TRACE 606 186 P 1 2cacd0e5
SCHED-TRACE 607 186 R 1 2cacd0e5
SCHED-TRACE 608 187 U 4 1e957
SCHED-TRACE 609 187 V 4 1e96f
SCHED-TRACE 610 187 O 0 0
SCHED-TRACE 611 187 P 1 2cbcb439
SCHED-TRACE 612 188 K 1 2cbcb439
SCHED-TRACE 613 188 P 1 2cce28f5
SCHED-TRACE 614 189 I 1 1edcd
SCHED-TRACE 615 189 B 1 f0
SCHED-TRACE 616 189 P 1 2d6deb85
SCHED-TRACE 617 189 R 1 2d6deb85
SCHED-TRACE 618 190 U 4 1ee3c
SCHED-TRACE 619 190 V 4 1ee55
SCHED-TRACE 620 190 O 0 0
SCHED-TRACE 621 190 P 1 2d7dfbe7
SCHED-TRACE 622 191 K 1 2d7dfbe7
SCHED-TRACE 623 191 P 1 2d8f78d4
SCHED-TRACE 624 192 I 1 1f2b3
SCHED-TRACE 625 192 B 1 f2
SCHED-TRACE 626 192 P 1 2e2f4395
SCHED-TRACE 627 192 R 1 2e2f4395
SCHED-TRACE 628 193 U 4 1f321
SCHED-TRACE 629 193 V 4 1f33b
SCHED-TRACE 630 193 O 0 0
SCHED-TRACE 631 193 P 1 2e3f4fdf
SCHED-TRACE 632 194 K 1 2e3f4fdf
SCHED-TRACE 633 194 P 1 2e50c49b
SCHED-TRACE 634 195 I 1 1f799
SCHED-TRACE 635 195 B 1 f2
SCHED-TRACE 636 195 P 1 2ef09374
SCHED-TRACE 637 195 R 1 2ef09374
SCHED-TRACE 638 196 U 4 1f807
SCHED-TRACE 639 196 V 4 1f820
SCHED-TRACE 640 196 O 0 0
SCHED-TRACE 641 196 P 1 2f007ef9
SCHED-TRACE 642 197 K 1 2f007ef9
SCHED-TRACE 643 197 P 1 2f11eb85
SCHED-TRACE 644 198 I 1 1fc7e
SCHED-TRACE 645 198 B 1 f3
SCHED-TRACE 646 198 P 1 2fb1ced9
SCHED-TRACE 647 198 R 1 2fb1ced9
SCHED-TRACE 648 199 U 4 1fcec
SCHED-TRACE 649 199 V 4 1fd06
SCHED-TRACE 650 199 O 0 0
SCHED-TRACE 651 199 P 1 2fc1d2f1
SCHED-TRACE 652 200 K 1 2fc1d2f1
SCHED-TRACE 653 200 P 1 2fd32f1a
SCHED-TRACE 654 201 I 1 20163
SCHED-TRACE 655 201 B 1 ec
SCHED-TRACE 656 201 P 1 3072e560
SCHED-TRACE 657 201 R 1 3072e560
SCHED-TRACE 658 202 U 4 201cf
SCHED-TRACE 659 202 V 4 201e7
SCHED-TRACE 660 202 O 0 0
SCHED-TRACE 661 202 P 1 3082d916
SCHED-TRACE 662 203 K 1 3082d916
SCHED-TRACE 663 203 P 1 309445a1
SCHED-TRACE 664 204 I 1 20645
SCHED-TRACE 665 204 B 1 f2
SCHED-TRACE 666 204 P 1 31340831
SCHED-TRACE 667 204 R 1 31340831
SCHED-TRACE 668 205 U 4 206b3
SCHED-TRACE 669 205 V 4 206cc
SCHED-TRACE 670 205 O 0 0
SCHED-TRACE 671 205 P 1 31440c49
SCHED-TRACE 672 206 K 1 31440c49
SCHED-TRACE 673 206 P 1 315578d4
SCHED-TRACE 674 207 I 1 20b2a
SCHED-TRACE 675 207 B 1 f1
SCHED-TRACE 676 207 P 1 31f53f7c
SCHED-TRACE 677 207 R 1 31f53f7c
SCHED-TRACE 678 208 U 4 20b98
SCHED-TRACE 679 208 V 4 20bb1
SCHED-TRACE 680 208 O 0 0
SCHED-TRACE 681 208 P 1 32053f7c
SCHED-TRACE 682 209 K 1 32053f7c
SCHED-TRACE 683 209 P 1 3216b020
SCHED-TRACE 684 210 I 1 2100f
SCHED-TRACE 685 210 B 1 f0
SCHED-TRACE 686 210 P 1 32b66e97
SCHED-TRACE 687 210 R 1 32b66e97
SCHED-TRACE 688 211 U 4 2107c
SCHED-TRACE 689 211 V 4 21094
SCHED-TRACE 690 211 O 0 0
SCHED-TRACE 691 211 P 1 32c63d70
SCHED-TRACE 692 212 K 1 32c63d70
SCHED-TRACE 693 212 P 1 32d79999
SCHED-TRACE 694 213 I 1 214f1
SCHED-TRACE 695 213 B 1 f2
SCHED-TRACE 696 213 P 1 33775c28
SCHED-TRACE 697 213 R 1 33775c28
SCHED-TRACE 698 214 U 4 2155f
SCHED-TRACE 699 214 V 4 21578
SCHED-TRACE 700 214 O 0 0
SCHED-TRACE 701 214 P 1 33874fdf
SCHED-TRACE 702 215 K 1 33874fdf
SCHED-TRACE 703 215 P 1 3398b851
SCHED-TRACE 704 216 I 1 219d6
SCHED-TRACE 705 216 B 1 ef
SCHED-TRACE 706 216 P 1 34388f5c
SCHED-TRACE 707 216 R 1 34388f5c
SCHED-TRACE 708 217 U 4 21a44
SCHED-TRACE 709 217 V 4 21a5d
SCHED-TRACE 710 217 O 0 0
SCHED-TRACE 711 217 P 1 34488b43
SCHED-TRACE 712 218 K 1 34488b43
SCHED-TRACE 713 218 P 1 345a0000
SCHED-TRACE 714 219 I 1 21ebb
SCHED-TRACE 715 219 B 1 f2
SCHED-TRACE 716 219 P 1 34f9c28f
SCHED-TRACE 717 219 R 1 34f9c28f
SCHED-TRACE 718 220 U 4 21f2a
SCHED-TRACE 719 220 V 4 21f43
SCHED-TRACE 720 220 O 0 0
SCHED-TRACE 721 220 P 1 3509d70a
SCHED-TRACE 722 221 K 1 3509d70a
SCHED-TRACE 723 221 P 1 351b4fdf
SCHED-TRACE 724 222 I 1 223a1
SCHED-TRACE 725 222 B 1 f2
SCHED-TRACE 726 222 P 1 35bb1687
SCHED-TRACE 727 222 R 1 35bb1687
SCHED-TRACE 728 223 U 4 2240f
SCHED-TRACE 729 223 V 4 22428
SCHED-TRACE 730 223 O 0 0
SCHED-TRACE 731 223 P 1 35cb0624
SCHED-TRACE 732 224 K 1 35cb0624
SCHED-TRACE 733 224 P 1 35dc6e97
SCHED-TRACE 734 225 I 1 22885
SCHED-TRACE 735 225 B 1 f2
SCHED-TRACE 736 225 P 1 367c24dd
SCHED-TRACE 737 225 R 1 367c24dd
SCHED-TRACE 738 226 U 4 228f3
SCHED-TRACE 739 226 V 4 2290b
SCHED-TRACE 740 226 O 0 0
SCHED-TRACE 741 226 P 1 368c0831
SCHED-TRACE 742 227 K 1 368c0831
SCHED-TRACE 743 227 P 1 369d6872
SCHED-TRACE 744 228 I 1 22d69
SCHED-TRACE 745 228 B 1 f0
SCHED-TRACE 746 228 P 1 373d4395
SCHED-TRACE 747 228 R 1 373d4395
SCHED-TRACE 748 229 U 4 22dd7
SCHED-TRACE 749 229 V 4 22df1
SCHED-TRACE 750 229 O 0 0
SCHED-TRACE 751 229 P 1 374d645a
SCHED-TRACE 752 230 K 1 374d645a
SCHED-TRACE 753 230 P 1 375edd2f
SCHED-TRACE 754 231 I 1 2324f
SCHED-TRACE 755 231 B 1 f3
SCHED-TRACE 756 231 P 1 37feb020
SCHED-TRACE 757 231 R 1 37feb020
SCHED-TRACE 758 232 U 4 232bd
SCHED-TRACE 759 232 V 4 232d7
SCHED-TRACE 760 232 O 0 0
SCHED-TRACE 761 232 P 1 380ec083
SCHED-TRACE 762 233 K 1 380ec083
SCHED-TRACE 763 233 P 1 38203126
SCHED-TRACE 764 234 I 1 23735
SCHED-TRACE 765 234 B 1 f1
SCHED-TRACE 766 234 P 1 38c00418
SCHED-TRACE 767 234 R 1 38c00418
SCHED-TRACE 768 235 U 4 237a3
SCHED-TRACE 769 235 V 4 237bd
SCHED-TRACE 770 235 O 0 0
SCHED-TRACE 771 235 P 1 38d01cac
SCHED-TRACE 772 236 K 1 38d01cac
SCHED-TRACE 773 236 P 1 38e1851e
SCHED-TRACE 774 237 I 1 23c1b
SCHED-TRACE 775 237 B 1 f2
SCHED-TRACE 776 237 P 1 39815810
SCHED-TRACE 777 237 R 1 39815810
SCHED-TRACE 778 238 U 4 23c89
SCHED-TRACE 779 238 V 4 23ca3
SCHED-TRACE 780 238 O 0 0
SCHED-TRACE 781 238 P 1 39915c28
SCHED-TRACE 782 239 K 1 39915c28
SCHED-TRACE 783 239 P 1 39a2c083
SCHED-TRACE 784 240 I 1 24100
SCHED-TRACE 785 240 B 1 ef
SCHED-TRACE 786 240 P 1 3a427ae1
SCHED-TRACE 787 240 R 1 3a427ae1
SCHED-TRACE 788 241 U 4 2416c
SCHED-TRACE 789 241 V 4 24184
SCHED-TRACE 790 241 O 0 0
SCHED-TRACE 791 241 P 1 3a5224dd
SCHED-TRACE 792 242 K 1 3a5224dd
SCHED-TRACE 793 242 P 1 3a639db2
SCHED-TRACE 794 243 I 1 245e1
SCHED-TRACE 795 243 B 1 f2
SCHED-TRACE 796 243 P 1 3b036041
SCHED-TRACE 797 243 R 1 3b036041
SCHED-TRACE 798 244 U 4 24650
SCHED-TRACE 799 244 V 4 24669
SCHED-TRACE 800 244 O 0 0
SCHED-TRACE 801 244 P 1 3b1370a3
SCHED-TRACE 802 245 K 1 3b1370a3
SCHED-TRACE 803 245 P 1 3b24e147
SCHED-TRACE 804 246 I 1 24ac7
SCHED-TRACE 805 246 B 1 f2
SCHED-TRACE 806 246 P 1 3bc4ac08
SCHED-TRACE 807 246 R 1 3bc4ac08
SCHED-TRACE 808 247 U 4 24b35
SCHED-TRACE 809 247 V 4 24b4f
SCHED-TRACE 810 247 O 0 0
SCHED-TRACE 811 247 P 1 3bd4b851
SCHED-TRACE 812 248 K 1 3bd4b851
SCHED-TRACE 813 248 P 1 3be63126
SCHED-TRACE 814 249 I 1 24fac
SCHED-TRACE 815 249 B 1 f2
SCHED-TRACE 816 249 P 1 3c85e353
SCHED-TRACE 817 249 R 1 3c85e353
SCHED-TRACE 818 250 U 4 2501a
SCHED-TRACE 819 250 V 4 25033
SCHED-TRACE 820 250 O 0 0
SCHED-TRACE 821 250 P 1 3c95ba5e
SCHED-TRACE 822 251 K 1 3c95ba5e
SCHED-TRACE 823 251 P 1 3ca7126e
SCHED-TRACE 824 252 I 1 25490
SCHED-TRACE 825 252 B 1 f0
SCHED-TRACE 826 252 P 1 3d46dd2f
SCHED-TRACE 827 252 R 1 3d46dd2f
SCHED-TRACE 828 253 U 4 254fe
SCHED-TRACE 829 253 V 4 25517
SCHED-TRACE 830 253 O 0 0
SCHED-TRACE 831 253 P 1 3d56d916
SCHED-TRACE 832 254 K 1 3d56d916
SCHED-TRACE 833 254 P 1 3d6849ba
SCHED-TRACE 834 255 G 3 0
SCHED-TRACE 835 255 g 3 0
SCHED-TRACE 836 255 v 3 b6dc8000b6d64
SCHED-TRACE 837 255 f 3 3d6849ba
SCHED-TRACE 838 255 N 3 3d6849ba
SCHED-TRACE 839 255 n 3 0
SCHED-TRACE 840 257 I 1 2597f
SCHED-TRACE 841 257 B 1 f3
SCHED-TRACE 842 257 P 1 3e085a1c
SCHED-TRACE 843 257 R 1 3e085a1c
SCHED-TRACE 844 258 U 4 259ed
SCHED-TRACE 845 258 V 4 25a06
SCHED-TRACE 846 258 O 0 0
SCHED-TRACE 847 258 P 1 3e187ae1
SCHED-TRACE 848 259 K 1 3e187ae1
SCHED-TRACE 849 259 P 1 3e29ef9d
SCHED-TRACE 850 262 U 2 260e4
SCHED-TRACE 851 262 V 2 2629d
SCHED-TRACE 852 262 U 3 26312
SCHED-TRACE 853 262 V 3 2634e
SCHED-TRACE 854 263 I 1 2636b
SCHED-TRACE 855 263 B 1 f1
SCHED-TRACE 856 263 P 1 3f49df3b
SCHED-TRACE 857 263 R 1 3f49df3b
SCHED-TRACE 858 264 U 4 263d9
SCHED-TRACE 859 264 V 4 263f6
SCHED-TRACE 860 264 O 0 0
SCHED-TRACE 861 264 P 1 3f59fbe7
SCHED-TRACE 862 265 K 1 3f59fbe7
SCHED-TRACE 863 265 P 1 3f6b8106
SCHED-TRACE 864 267 I 1 270d0
SCHED-TRACE 865 267 B 1 f1
SCHED-TRACE 866 267 P 1 41661893
SCHED-TRACE 867 267 R 1 41661893
SCHED-TRACE 868 268 U 4 2713e
SCHED-TRACE 869 268 V 4 27159
SCHED-TRACE 870 268 O 0 0
SCHED-TRACE 871 268 P 1 4175fbe7
SCHED-TRACE 872 269 K 1 4175fbe7
SCHED-TRACE 873 269 P 1 4187851e
SCHED-TRACE 874 272 I 1 2797e
SCHED-TRACE 875 272 B 1 f1
SCHED-TRACE 876 272 P 1 42c09ba5
SCHED-TRACE 877 272 R 1 42c09ba5
SCHED-TRACE 878 273 U 4 279ec
SCHED-TRACE 879 273 V 4 27a09
SCHED-TRACE 880 273 O 0 0
SCHED-TRACE 881 273 P 1 42d0c49b
SCHED-TRACE 882 274 K 1 42d0c49b
SCHED-TRACE 883 274 P 1 42e25a1c
SCHED-TRACE 884 277 I 1 2834a
SCHED-TRACE 885 277 B 1 f1
SCHED-TRACE 886 277 P 1 4448d0e5
SCHED-TRACE 887 277 R 1 4448d0e5
SCHED-TRACE 888 278 U 4 283b9
SCHED-TRACE 889 278 V 4 283d5
SCHED-TRACE 890 278 O 0 0
SCHED-TRACE 891 278 P 1 4458f1a9
SCHED-TRACE 892 279 K 1 4458f1a9
SCHED-TRACE 893 279 P 1 446a7ae1
SCHED-TRACE 894 281 I 1 28868
SCHED-TRACE 895 281 B 1 f2
SCHED-TRACE 896 281 P 1 4511f3b6
SCHED-TRACE 897 281 R 1 4511f3b6
SCHED-TRACE 898 282 U 4 288d6
SCHED-TRACE 899 282 V 4 288f1
SCHED-TRACE 900 282 O 0 0
SCHED-TRACE 901 282 P 1 4521db22
SCHED-TRACE 902 283 K 1 4521db22
SCHED-TRACE 903 283 P 1 45334fdf
SCHED-TRACE 904 288 P 31 45334fdf
SCHED-TRACE 905 288 W 31 45334fdf
SCHED-TRACE 906 288 U 4 2901d
SCHED-TRACE 907 288 V 4 2903e
SCHED-TRACE 908 288 I 1 29046
SCHED-TRACE 909 288 B 1 f0
SCHED-TRACE 910 288 P 1 4646cccc
SCHED-TRACE 911 288 R 1 4646cccc
SCHED-TRACE 912 289 O 0 0
SCHED-TRACE 913 289 P 1 4655d70a
SCHED-TRACE 914 290 K 31 45334fdf
SCHED-TRACE 915 290 P 1 4668e560
SCHED-TRACE 916 291 P 1 46727ef9
SCHED-TRACE 917 291 U 3 29292
SCHED-TRACE 918 291 V 3 292e1
SCHED-TRACE 919 291 P 31 46e4e978
SCHED-TRACE 920 291 D 31 46e4e978
SCHED-TRACE 921 293 K 1 46727ef9
SCHED-TRACE 922 294 G 3 3d6849ba
SCHED-TRACE 923 294 g 3 0
SCHED-TRACE 924 294 v 3 b6d64000b6d00
SCHED-TRACE 925 294 f 3 46727ef9
SCHED-TRACE 926 294 N 3 46727ef9
SCHED-TRACE 927 294 n 3 0
SCHED-TRACE 928 296 I 1 2977e
SCHED-TRACE 929 296 B 1 f2
SCHED-TRACE 930 296 P 1 470b5c28
SCHED-TRACE 931 296 R 1 470b5c28
SCHED-TRACE 932 297 U 4 297ec
SCHED-TRACE 933 297 V 4 29809
SCHED-TRACE 934 297 O 0 0
SCHED-TRACE 935 297 P 1 471b78d4
SCHED-TRACE 936 298 K 1 471b78d4
SCHED-TRACE 937 298 P 1 472cf9db
SCHED-TRACE 938 301 U 2 29efb
SCHED-TRACE 939 301 V 2 2a0d6
SCHED-TRACE 940 301 U 3 2a159
SCHED-TRACE 941 301 V 3 2a1c7
SCHED-TRACE 942 302 I 1 2a1e4
SCHED-TRACE 943 302 B 1 f2
SCHED-TRACE 944 302 P 1 4852624d
SCHED-TRACE 945 302 R 1 4852624d
SCHED-TRACE 946 303 U 4 2a252
SCHED-TRACE 947 303 V 4 2a272
SCHED-TRACE 948 303 O 0 0
SCHED-TRACE 949 303 P 1 48626e97
SCHED-TRACE 950 304 K 1 48626e97
SCHED-TRACE 951 304 P 1 48740c49
SCHED-TRACE 952 306 I 1 2af4b
SCHED-TRACE 953 306 B 1 f0
SCHED-TRACE 954 306 P 1 4a6e5604
SCHED-TRACE 955 306 R 1 4a6e5604
SCHED-TRACE 956 307 U 4 2afb9
SCHED-TRACE 957 307 V 4 2afd9
SCHED-TRACE 958 307 O 0 0
SCHED-TRACE 959 307 P 1 4a7e872b
SCHED-TRACE 960 308 K 1 4a7e872b
SCHED-TRACE 961 308 P 1 4a900c49
SCHED-TRACE 962 311 I 1 2b7ff
SCHED-TRACE 963 311 B 1 ef
SCHED-TRACE 964 311 P 1 4bc91eb8
SCHED-TRACE 965 311 R 1 4bc91eb8
SCHED-TRACE 966 312 U 4 2b86d
SCHED-TRACE 967 312 V 4 2b88c
SCHED-TRACE 968 312 O 0 0
SCHED-TRACE 969 312 P 1 4bd90624
SCHED-TRACE 970 313 K 1 4bd90624
SCHED-TRACE 971 313 P 1 4beaa3d7
SCHED-TRACE 972 316 I 1 2c1cc
SCHED-TRACE 973 316 B 1 f1
SCHED-TRACE 974 316 P 1 4d510624
SCHED-TRACE 975 316 R 1 4d510624
SCHED-TRACE 976 317 U 4 2c23b
SCHED-TRACE 977 317 V 4 2c25a
SCHED-TRACE 978 317 O 0 0
SCHED-TRACE 979 317 P 1 4d611687
SCHED-TRACE 980 318 K 1 4d611687
SCHED-TRACE 981 318 P 1 4d72b851
SCHED-TRACE 982 320 I 1 2c6ee
SCHED-TRACE 983 320 B 1 f1
SCHED-TRACE 984 320 P 1 4e1a3d70
SCHED-TRACE 985 320 R 1 4e1a3d70
SCHED-TRACE 986 321 U 4 2c75c
SCHED-TRACE 987 321 V 4 2c77b
SCHED-TRACE 988 321 O 0 0
SCHED-TRACE 989 321 P 1 4e2a4dd2
SCHED-TRACE 990 322 K 1 4e2a4dd2
SCHED-TRACE 991 322 P 1 4e3c0831
SCHED-TRACE 992 326 P 34 4e3c0831
SCHED-TRACE 993 326 W 34 4e3c0831
SCHED-TRACE 994 326 U 4 2ce4a
SCHED-TRACE 995 326 V 4 2ce6f
SCHED-TRACE 996 326 I 1 2ce77
SCHED-TRACE 997 326 B 1 f3
SCHED-TRACE 998 326 P 1 4f4126e9
SCHED-TRACE 999 326 R 1 4f4126e9
SCHED-TRACE 1000 327 O 0 0
SCHED-TRACE 1001 327 P 1 4f503958
SCHED-TRACE 1002 328 K 34 4e3c0831
SCHED-TRACE 1003 328 P 1 4f6370a3
SCHED-TRACE 1004 329 P 1 4f6d1eb8
SCHED-TRACE 1005 329 U 3 2d0c6
SCHED-TRACE 1006 329 V 3 2d146
SCHED-TRACE 1007 329 P 34 4feb3b64
SCHED-TRACE 1008 329 D 34 4feb3b64
SCHED-TRACE 1009 331 K 1 4f6d1eb8
SCHED-TRACE 1010 332 U 4 2d237
SCHED-TRACE 1011 332 V 4 2d257
SCHED-TRACE 1012 332 G 3 46727ef9
SCHED-TRACE 1013 332 g 3 0
SCHED-TRACE 1014 332 v 3 b6d00000b6c9c
SCHED-TRACE 1015 332 f 3 4f6d1eb8
SCHED-TRACE 1016 332 N 3 4f6d1eb8
SCHED-TRACE 1017 332 n 3 0
SCHED-TRACE 1018 334 I 1 2d622
SCHED-TRACE 1019 334 B 1 f2
SCHED-TRACE 1020 334 P 1 500a147a
SCHED-TRACE 1021 334 R 1 500a147a
SCHED-TRACE 1022 335 U 4 2d690
SCHED-TRACE 1023 335 V 4 2d6b0
SCHED-TRACE 1024 335 O 0 0
SCHED-TRACE 1025 335 P 1 501a3126
SCHED-TRACE 1026 336 K 1 501a3126
SCHED-TRACE 1027 336 P 1 502bd2f1
SCHED-TRACE 1028 339 U 2 2ddd4
SCHED-TRACE 1029 339 V 2 2dfd1
SCHED-TRACE 1030 339 U 3 2e061
SCHED-TRACE 1031 339 V 3 2e101
SCHED-TRACE 1032 340 I 1 2e11d
SCHED-TRACE 1033 340 B 1 f1
SCHED-TRACE 1034 340 P 1 515b1687
SCHED-TRACE 1035 340 R 1 515b1687
SCHED-TRACE 1036 341 U 4 2e18a
SCHED-TRACE 1037 341 V 4 2e1ac
SCHED-TRACE 1038 341 O 0 0
SCHED-TRACE 1039 341 P 1 516ae978
SCHED-TRACE 1040 342 K 1 516ae978
SCHED-TRACE 1041 342 P 1 517cb439
SCHED-TRACE 1042 344 I 1 2ee86
SCHED-TRACE 1043 344 B 1 f3
SCHED-TRACE 1044 344 P 1 53771687
SCHED-TRACE 1045 344 R 1 53771687
SCHED-TRACE 1046 345 U 4 2eef5
SCHED-TRACE 1047 345 V 4 2ef18
SCHED-TRACE 1048 345 O 0 0
SCHED-TRACE 1049 345 P 1 538747ae
SCHED-TRACE 1050 346 K 1 538747ae
SCHED-TRACE 1051 346 P 1 53990a3d
SCHED-TRACE 1052 349 I 1 2f73f
SCHED-TRACE 1053 349 B 1 f0
SCHED-TRACE 1054 349 P 1 54d23126
SCHED-TRACE 1055 349 R 1 54d23126
SCHED-TRACE 1056 350 U 4 2f7ae
SCHED-TRACE 1057 350 V 4 2f7d1
SCHED-TRACE 1058 350 O 0 0
SCHED-TRACE 1059 350 P 1 54e25a1c
SCHED-TRACE 1060 351 K 1 54e25a1c
SCHED-TRACE 1061 351 P 1 54f41893
SCHED-TRACE 1062 354 I 1 30112
SCHED-TRACE 1063 354 B 1 f3
SCHED-TRACE 1064 354 P 1 565a6e97
SCHED-TRACE 1065 354 R 1 565a6e97
SCHED-TRACE 1066 355 U 4 3017e
SCHED-TRACE 1067 355 V 4 3019f
SCHED-TRACE 1068 355 O 0 0
SCHED-TRACE 1069 355 P 1 566a0c49
SCHED-TRACE 1070 356 K 1 566a0c49
SCHED-TRACE 1071 356 P 1 567bced9
SCHED-TRACE 1072 358 I 1 30633
SCHED-TRACE 1073 358 B 1 f2
SCHED-TRACE 1074 358 P 1 572353f7
SCHED-TRACE 1075 358 R 1 572353f7
SCHED-TRACE 1076 359 U 4 306a1
SCHED-TRACE 1077 359 V 4 306c4
SCHED-TRACE 1078 359 O 0 0
SCHED-TRACE 1079 359 P 1 57336041
SCHED-TRACE 1080 360 K 1 57336041
SCHED-TRACE 1081 360 P 1 574522d0
SCHED-TRACE 1082 364 P 37 574522d0
SCHED-TRACE 1083 364 W 37 574522d0
SCHED-TRACE 1084 364 U 4 30d92
SCHED-TRACE 1085 364 V 4 30dba
SCHED-TRACE 1086 364 I 1 30dc2
SCHED-TRACE 1087 364 B 1 f1
SCHED-TRACE 1088 364 P 1 584a2d0e
SCHED-TRACE 1089 364 R 1 584a2d0e
SCHED-TRACE 1090 365 O 0 0
SCHED-TRACE 1091 365 P 1 58594395
SCHED-TRACE 1092 366 K 37 574522d0
SCHED-TRACE 1093 366 P 1 586c9ba5
SCHED-TRACE 1094 367 P 1 58764189
SCHED-TRACE 1095 367 U 3 31013
SCHED-TRACE 1096 367 V 3 310c5
SCHED-TRACE 1097 367 P 37 58f5c6a7
SCHED-TRACE 1098 367 D 37 58f5c6a7
SCHED-TRACE 1099 369 K 1 58764189
SCHED-TRACE 1100 370 U 4 311b5
SCHED-TRACE 1101 370 V 4 311d9
SCHED-TRACE 1102 370 G 3 4f6d1eb8
SCHED-TRACE 1103 370 g 3 0
SCHED-TRACE 1104 370 v 3 b6c9c000b6c38
SCHED-TRACE 1105 370 f 3 58764189
SCHED-TRACE 1106 370 N 3 58764189
SCHED-TRACE 1107 370 n 3 0
SCHED-TRACE 1108 372 I 1 315bd
SCHED-TRACE 1109 372 B 1 f3
SCHED-TRACE 1110 372 P 1 591753f7
SCHED-TRACE 1111 372 R 1 591753f7
SCHED-TRACE 1112 373 U 4 3162c
SCHED-TRACE 1113 373 V 4 3164f
SCHED-TRACE 1114 373 O 0 0
SCHED-TRACE 1115 373 P 1 59276c8b
SCHED-TRACE 1116 374 K 1 59276c8b
SCHED-TRACE 1117 374 P 1 593926e9
SCHED-TRACE 1118 377 U 2 31d9e
SCHED-TRACE 1119 377 V 2 31fbc
SCHED-TRACE 1120 377 U 3 32059
SCHED-TRACE 1121 377 V 3 3212b
SCHED-TRACE 1122 378 I 1 32147
SCHED-TRACE 1123 378 B 1 f1
SCHED-TRACE 1124 378 P 1 5a714fdf
SCHED-TRACE 1125 378 R 1 5a714fdf
SCHED-TRACE 1126 379 U 4 321b4
SCHED-TRACE 1127 379 V 4 321da
SCHED-TRACE 1128 379 O 0 0
SCHED-TRACE 1129 379 P 1 5a816c8b
SCHED-TRACE 1130 380 K 1 5a816c8b
SCHED-TRACE 1131 380 P 1 5a934bc6
SCHED-TRACE 1132 382 I 1 32eb5
SCHED-TRACE 1133 382 B 1 f4
SCHED-TRACE 1134 382 P 1 5c8da5e3
SCHED-TRACE 1135 382 R 1 5c8da5e3
SCHED-TRACE 1136 383 U 4 32f24
SCHED-TRACE 1137 383 V 4 32f4a
SCHED-TRACE 1138 383 O 0 0
SCHED-TRACE 1139 383 P 1 5c9dced9
SCHED-TRACE 1140 384 K 1 5c9dced9
SCHED-TRACE 1141 384 P 1 5caf9581
SCHED-TRACE 1142 387 I 1 33770
SCHED-TRACE 1143 387 B 1 ea
SCHED-TRACE 1144 387 P 1 5de88f5c
SCHED-TRACE 1145 387 R 1 5de88f5c
SCHED-TRACE 1146 388 U 4 337de
SCHED-TRACE 1147 388 V 4 33803
SCHED-TRACE 1148 388 O 0 0
SCHED-TRACE 1149 388 P 1 5df89374
SCHED-TRACE 1150 389 K 1 5df89374
SCHED-TRACE 1151 389 P 1 5e0a6666
SCHED-TRACE 1152 392 I 1 34145
SCHED-TRACE 1153 392 B 1 f2
SCHED-TRACE 1154 392 P 1 5f70b851
SCHED-TRACE 1155 392 R 1 5f70b851
SCHED-TRACE 1156 393 U 4 341b2
SCHED-TRACE 1157 393 V 4 341d8
SCHED-TRACE 1158 393 O 0 0
SCHED-TRACE 1159 393 P 1 5f80d916
SCHED-TRACE 1160 394 K 1 5f80d916
SCHED-TRACE 1161 394 P 1 5f92b851
SCHED-TRACE 1162 396 I 1 3466d
SCHED-TRACE 1163 396 B 1 f2
SCHED-TRACE 1164 396 P 1 603a4189
SCHED-TRACE 1165 396 R 1 603a4189
SCHED-TRACE 1166 397 U 4 346dc
SCHED-TRACE 1167 397 V 4 34701
SCHED-TRACE 1168 397 O 0 0
SCHED-TRACE 1169 397 P 1 604a5604
SCHED-TRACE 1170 398 K 1 604a5604
SCHED-TRACE 1171 398 P 1 605c3958
SCHED-TRACE 1172 402 P 40 605c3958
SCHED-TRACE 1173 402 W 40 605c3958
SCHED-TRACE 1174 402 U 4 34dd1
SCHED-TRACE 1175 402 V 4 34dfd
SCHED-TRACE 1176 402 I 1 34e05
SCHED-TRACE 1177 402 B 1 f3
SCHED-TRACE 1178 402 P 1 616174bc
SCHED-TRACE 1179 402 R 1 616174bc
SCHED-TRACE 1180 403 O 0 0
SCHED-TRACE 1181 403 P 1 6170872b
SCHED-TRACE 1182 404 K 40 605c3958
SCHED-TRACE 1183 404 P 1 6183f7ce
SCHED-TRACE 1184 405 P 1 618da1ca
SCHED-TRACE 1185 405 U 3 35056
SCHED-TRACE 1186 405 V 3 3513a
SCHED-TRACE 1187 405 P 40 620b6c8b
SCHED-TRACE 1188 405 D 40 620b6c8b
SCHED-TRACE 1189 407 K 1 618da1ca
SCHED-TRACE 1190 408 U 4 3522c
SCHED-TRACE 1191 408 V 4 35252
SCHED-TRACE 1192 408 G 3 58764189
SCHED-TRACE 1193 408 g 3 0
SCHED-TRACE 1194 408 v 3 b6c38000b6bd4
SCHED-TRACE 1195 408 f 3 618da1ca
SCHED-TRACE 1196 408 N 3 618da1ca
SCHED-TRACE 1197 408 n 3 0
SCHED-TRACE 1198 410 I 1 35651
SCHED-TRACE 1199 410 B 1 f2
SCHED-TRACE 1200 410 P 1 6232c8b4
SCHED-TRACE 1201 410 R 1 6232c8b4
SCHED-TRACE 1202 411 U 4 356bf
SCHED-TRACE 1203 411 V 4 356e5
SCHED-TRACE 1204 411 O 0 0
SCHED-TRACE 1205 411 P 1 6242e560
SCHED-TRACE 1206 412 K 1 6242e560
SCHED-TRACE 1207 412 P 1 6254bc6a
SCHED-TRACE 1208 415 U 2 35e43
SCHED-TRACE 1209 415 V 2 36081
SCHED-TRACE 1210 415 U 3 3612a
SCHED-TRACE 1211 415 V 3 3622f
SCHED-TRACE 1212 416 I 1 3624c
SCHED-TRACE 1213 416 B 1 f2
SCHED-TRACE 1214 416 P 1 639122d0
SCHED-TRACE 1215 416 R 1 639122d0
SCHED-TRACE 1216 417 U 4 362ba
SCHED-TRACE 1217 417 V 4 362e3
SCHED-TRACE 1218 417 O 0 0
SCHED-TRACE 1219 417 P 1 63a13b64
SCHED-TRACE 1220 418 K 1 63a13b64
SCHED-TRACE 1221 418 P 1 63b322d0
SCHED-TRACE 1222 420 I 1 36fbf
SCHED-TRACE 1223 420 B 1 ee
SCHED-TRACE 1224 420 P 1 65ad74bc
SCHED-TRACE 1225 420 R 1 65ad74bc
SCHED-TRACE 1226 421 U 4 3702d
SCHED-TRACE 1227 421 V 4 37055
SCHED-TRACE 1228 421 O 0 0
SCHED-TRACE 1229 421 P 1 65bd53f7
SCHED-TRACE 1230 422 K 1 65bd53f7
SCHED-TRACE 1231 422 P 1 65cf3333
SCHED-TRACE 1232 425 I 1 3787c
SCHED-TRACE 1233 425 B 1 f0
SCHED-TRACE 1234 425 P 1 67083d70
SCHED-TRACE 1235 425 R 1 67083d70
SCHED-TRACE 1236 426 U 4 378ea
SCHED-TRACE 1237 426 V 4 37912
SCHED-TRACE 1238 426 O 0 0
SCHED-TRACE 1239 426 P 1 6718353f
SCHED-TRACE 1240 427 K 1 6718353f
SCHED-TRACE 1241 427 P 1 672a24dd
SCHED-TRACE 1242 430 I 1 38255
SCHED-TRACE 1243 430 B 1 f2
SCHED-TRACE 1244 430 P 1 68909ba5
SCHED-TRACE 1245 430 R 1 68909ba5
SCHED-TRACE 1246 431 U 4 382c4
SCHED-TRACE 1247 431 V 4 382ec
SCHED-TRACE 1248 431 O 0 0
SCHED-TRACE 1249 431 P 1 68a0b020
SCHED-TRACE 1250 432 K 1 68a0b020
SCHED-TRACE 1251 432 P 1 68b2a3d7
SCHED-TRACE 1252 434 I 1 38782
SCHED-TRACE 1253 434 B 1 f0
SCHED-TRACE 1254 434 P 1 695a28f5
SCHED-TRACE 1255 434 R 1 695a28f5
SCHED-TRACE 1256 435 U 4 387f1
SCHED-TRACE 1257 435 V 4 3881a
SCHED-TRACE 1258 435 O 0 0
SCHED-TRACE 1259 435 P 1 696a3d70
SCHED-TRACE 1260 436 K 1 696a3d70
SCHED-TRACE 1261 436 P 1 697c28f5
SCHED-TRACE 1262 440 P 43 697c28f5
SCHED-TRACE 1263 440 W 43 697c28f5
SCHED-TRACE 1264 440 U 4 38ee9
SCHED-TRACE 1265 440 V 4 38f17
SCHED-TRACE 1266 440 I 1 38f20
SCHED-TRACE 1267 440 B 1 f3
SCHED-TRACE 1268 440 P 1 6a815810
SCHED-TRACE 1269 440 R 1 6a815810
SCHED-TRACE 1270 441 O 0 0
SCHED-TRACE 1271 441 P 1 6a906e97
SCHED-TRACE 1272 442 K 43 697c28f5
SCHED-TRACE 1273 442 P 1 6aa3ef9d
SCHED-TRACE 1274 443 P 1 6aad8d4f
SCHED-TRACE 1275 443 U 3 39170
SCHED-TRACE 1276 443 V 3 39287
SCHED-TRACE 1277 443 P 43 6b2ca3d6
SCHED-TRACE 1278 443 D 43 6b2ca3d6
SCHED-TRACE 1279 445 K 1 6aad8d4f
SCHED-TRACE 1280 446 U 4 3937b
SCHED-TRACE 1281 446 V 4 393a4
SCHED-TRACE 1282 446 G 3 618da1ca
SCHED-TRACE 1283 446 g 3 0
SCHED-TRACE 1284 446 v 3 b6bd4000b6b70
SCHED-TRACE 1285 446 f 3 6aad8d4f
SCHED-TRACE 1286 446 N 3 6aad8d4f
SCHED-TRACE 1287 446 n 3 0
SCHED-TRACE 1288 448 I 1 397bc
SCHED-TRACE 1289 448 B 1 f3
SCHED-TRACE 1290 448 P 1 6b56e147
SCHED-TRACE 1291 448 R 1 6b56e147
SCHED-TRACE 1292 449 U 4 3982b
SCHED-TRACE 1293 449 V 4 39853
SCHED-TRACE 1294 449 O 0 0
SCHED-TRACE 1295 449 P 1 6b66d916
SCHED-TRACE 1296 450 K 1 6b66d916
SCHED-TRACE 1297 450 P 1 6b78c49b
SCHED-TRACE 1298 453 U 2 39fc6
SCHED-TRACE 1299 453 V 2 3a226
SCHED-TRACE 1300 453 U 3 3a2dc
SCHED-TRACE 1301 453 V 3 3a414
SCHED-TRACE 1302 454 I 1 3a431
SCHED-TRACE 1303 454 B 1 f0
SCHED-TRACE 1304 454 P 1 6cbab851
SCHED-TRACE 1305 454 R 1 6cbab851
SCHED-TRACE 1306 455 U 4 3a49f
SCHED-TRACE 1307 455 V 4 3a4ca
SCHED-TRACE 1308 455 O 0 0
SCHED-TRACE 1309 455 P 1 6ccabc6a
SCHED-TRACE 1310 456 K 1 6ccabc6a
SCHED-TRACE 1311 456 P 1 6cdcc8b4
SCHED-TRACE 1312 458 I 1 3b1a6
SCHED-TRACE 1313 458 B 1 f3
SCHED-TRACE 1314 458 P 1 6ed71687
SCHED-TRACE 1315 458 R 1 6ed71687
SCHED-TRACE 1316 459 U 4 3b214
SCHED-TRACE 1317 459 V 4 3b240
SCHED-TRACE 1318 459 O 0 0
SCHED-TRACE 1319 459 P 1 6ee73f7c
SCHED-TRACE 1320 460 K 1 6ee73f7c
SCHED-TRACE 1321 460 P 1 6ef94fdf
SCHED-TRACE 1322 463 I 1 3ba69
SCHED-TRACE 1323 463 B 1 f1
SCHED-TRACE 1324 463 P 1 703276c8
SCHED-TRACE 1325 463 R 1 703276c8
SCHED-TRACE 1326 464 U 4 3bad8
SCHED-TRACE 1327 464 V 4 3bb04
SCHED-TRACE 1328 464 O 0 0
SCHED-TRACE 1329 464 P 1 70429ba5
SCHED-TRACE 1330 465 K 1 70429ba5
SCHED-TRACE 1331 465 P 1 7054b851
SCHED-TRACE 1332 468 I 1 3c448
SCHED-TRACE 1333 468 B 1 f3
SCHED-TRACE 1334 468 P 1 71bb26e9
SCHED-TRACE 1335 468 R 1 71bb26e9
SCHED-TRACE 1336 469 U 4 3c4b7
SCHED-TRACE 1337 469 V 4 3c4e2
SCHED-TRACE 1338 469 O 0 0
SCHED-TRACE 1339 469 P 1 71cb374b
SCHED-TRACE 1340 470 K 1 71cb374b
SCHED-TRACE 1341 470 P 1 71dd47ae
SCHED-TRACE 1342 472 I 1 3c979
SCHED-TRACE 1343 472 B 1 f3
SCHED-TRACE 1344 472 P 1 7284cccc
SCHED-TRACE 1345 472 R 1 7284cccc
SCHED-TRACE 1346 473 U 4 3c9e7
SCHED-TRACE 1347 473 V 4 3ca13
SCHED-TRACE 1348 473 O 0 0
SCHED-TRACE 1349 473 P 1 7294f9db
SCHED-TRACE 1350 474 K 1 7294f9db
SCHED-TRACE 1351 474 P 1 72a7020c
SCHED-TRACE 1352 478 P 46 72a7020c
SCHED-TRACE 1353 478 W 46 72a7020c
SCHED-TRACE 1354 478 U 4 3d0e4
SCHED-TRACE 1355 478 V 4 3d114
SCHED-TRACE 1356 478 I 1 3d11c
SCHED-TRACE 1357 478 B 1 f2
SCHED-TRACE 1358 478 P 1 73abfbe7
SCHED-TRACE 1359 478 R 1 73abfbe7
SCHED-TRACE 1360 479 O 0 0
SCHED-TRACE 1361 479 P 1 73bb0624
SCHED-TRACE 1362 480 K 46 72a7020c
SCHED-TRACE 1363 480 P 1 73ceb020
SCHED-TRACE 1364 481 P 1 73d85a1c
SCHED-TRACE 1365 481 U 3 3d36e
SCHED-TRACE 1366 481 V 3 3d4b8
SCHED-TRACE 1367 481 P 46 74591686
SCHED-TRACE 1368 481 D 46 74591686
SCHED-TRACE 1369 483 K 1 73d85a1c
SCHED-TRACE 1370 484 U 4 3d5ac
SCHED-TRACE 1371 484 V 4 3d5d8
SCHED-TRACE 1372 484 G 3 6aad8d4f
SCHED-TRACE 1373 484 g 3 0
SCHED-TRACE 1374 484 v 3 b6b70000b6b0c
SCHED-TRACE 1375 484 f 3 73d85a1c
SCHED-TRACE 1376 484 N 3 73d85a1c
SCHED-TRACE 1377 484 n 3 0
SCHED-TRACE 1378 486 I 1 3da0a
SCHED-TRACE 1379 486 B 1 f3
SCHED-TRACE 1380 486 P 1 7485be76
SCHED-TRACE 1381 486 R 1 7485be76
SCHED-TRACE 1382 487 U 4 3da79
SCHED-TRACE 1383 487 V 4 3daa5
SCHED-TRACE 1384 487 O 0 0
SCHED-TRACE 1385 487 P 1 7495e76c
SCHED-TRACE 1386 488 K 1 7495e76c
SCHED-TRACE 1387 488 P 1 74a80418
SCHED-TRACE 1388 491 U 2 3e244
SCHED-TRACE 1389 491 V 2 3e4c5
SCHED-TRACE 1390 491 U 3 3e5cb
SCHED-TRACE 1391 491 V 3 3e735
SCHED-TRACE 1392 492 I 1 3e752
SCHED-TRACE 1393 492 B 1 f3
SCHED-TRACE 1394 492 P 1 75fdb22d
SCHED-TRACE 1395 492 R 1 75fdb22d
SCHED-TRACE 1396 493 U 4 3e7c1
SCHED-TRACE 1397 493 V 4 3e7f1
SCHED-TRACE 1398 493 O 0 0
SCHED-TRACE 1399 493 P 1 760dfbe7
SCHED-TRACE 1400 494 K 1 760dfbe7
SCHED-TRACE 1401 494 P 1 762020c4
SCHED-TRACE 1402 496 I 1 3f4cd
SCHED-TRACE 1403 496 B 1 f3
SCHED-TRACE 1404 496 P 1 781a7ef9
SCHED-TRACE 1405 496 R 1 781a7ef9
SCHED-TRACE 1406 497 U 4 3f53c
SCHED-TRACE 1407 497 V 4 3f56b
SCHED-TRACE 1408 497 O 0 0
SCHED-TRACE 1409 497 P 1 782aa7ef
SCHED-TRACE 1410 498 K 1 782aa7ef
SCHED-TRACE 1411 498 P 1 783ce147
SCHED-TRACE 1412 501 I 1 3fd95
SCHED-TRACE 1413 501 B 1 f2
SCHED-TRACE 1414 501 P 1 79761062
SCHED-TRACE 1415 501 R 1 79761062
SCHED-TRACE 1416 502 U 4 3fe04
SCHED-TRACE 1417 502 V 4 3fe33
SCHED-TRACE 1418 502 O 0 0
SCHED-TRACE 1419 502 P 1 79864189
SCHED-TRACE 1420 503 K 1 79864189
SCHED-TRACE 1421 503 P 1 799876c8
SCHED-TRACE 1422 506 I 1 40778
SCHED-TRACE 1423 506 B 1 f2
SCHED-TRACE 1424 506 P 1 7afeed91
SCHED-TRACE 1425 506 R 1 7afeed91
SCHED-TRACE 1426 507 U 4 407e6
SCHED-TRACE 1427 507 V 4 40815
SCHED-TRACE 1428 507 O 0 0
SCHED-TRACE 1429 507 P 1 7b0f0624
SCHED-TRACE 1430 508 K 1 7b0f0624
SCHED-TRACE 1431 508 P 1 7b2122d0
SCHED-TRACE 1432 510 I 1 40cab
SCHED-TRACE 1433 510 B 1 f3
SCHED-TRACE 1434 510 P 1 7bc8a7ef
SCHED-TRACE 1435 510 R 1 7bc8a7ef
SCHED-TRACE 1436 511 U 4 40d19
SCHED-TRACE 1437 511 V 4 40d48
SCHED-TRACE 1438 511 O 0 0
SCHED-TRACE 1439 511 P 1 7bd8b439
SCHED-TRACE 1440 512 K 1 7bd8b439
SCHED-TRACE 1441 512 P 1 7beadd2f
SCHED-TRACE 1442 516 P 49 7beadd2f
SCHED-TRACE 1443 516 W 49 7beadd2f
SCHED-TRACE 1444 516 U 4 41419
SCHED-TRACE 1445 516 V 4 4144c
SCHED-TRACE 1446 516 I 1 41455
SCHED-TRACE 1447 516 B 1 f3
SCHED-TRACE 1448 516 P 1 7cefe76c
SCHED-TRACE 1449 516 R 1 7cefe76c
SCHED-TRACE 1450 517 O 0 0
SCHED-TRACE 1451 517 P 1 7cfef5c2
SCHED-TRACE 1452 518 K 49 7beadd2f
SCHED-TRACE 1453 518 P 1 7d12ac08
SCHED-TRACE 1454 519 P 1 7d1c4dd2
SCHED-TRACE 1455 519 U 3 416a7
SCHED-TRACE 1456 519 V 3 41822
SCHED-TRACE 1457 519 P 49 7d9c24dd
SCHED-TRACE 1458 519 D 49 7d9c24dd
SCHED-TRACE 1459 521 K 1 7d1c4dd2
SCHED-TRACE 1460 522 U 4 41916
SCHED-TRACE 1461 522 V 4 41945
SCHED-TRACE 1462 522 G 3 73d85a1c
SCHED-TRACE 1463 522 g 3 0
SCHED-TRACE 1464 522 v 3 b6b0c000b6aa8
SCHED-TRACE 1465 522 f 3 7d1c4dd2
SCHED-TRACE 1466 522 N 3 7d1c4dd2
SCHED-TRACE 1467 522 n 3 0
SCHED-TRACE 1468 525 I 1 41da7
SCHED-TRACE 1469 525 B 1 f2
SCHED-TRACE 1470 525 P 1 7dd0d0e5
SCHED-TRACE 1471 525 R 1 7dd0d0e5
SCHED-TRACE 1472 526 U 4 41e15
SCHED-TRACE 1473 526 V 4 41e44
SCHED-TRACE 1474 526 O 0 0
SCHED-TRACE 1475 526 P 1 7de0f1a9
SCHED-TRACE 1476 527 K 1 7de0f1a9
SCHED-TRACE 1477 527 P 1 7df322d0
SCHED-TRACE 1478 529 U 2 4233b
SCHED-TRACE 1479 529 V 2 425df
SCHED-TRACE 1480 529 U 3 4260b
SCHED-TRACE 1481 529 V 3 427a7
SCHED-TRACE 1482 530 I 1 427c4
SCHED-TRACE 1483 530 B 1 f0
SCHED-TRACE 1484 530 P 1 7eb99581
SCHED-TRACE 1485 530 R 1 7eb99581
SCHED-TRACE 1486 531 U 4 42832
SCHED-TRACE 1487 531 V 4 42864
SCHED-TRACE 1488 531 O 0 0
SCHED-TRACE 1489 531 P 1 7ec9851e
SCHED-TRACE 1490 532 K 1 7ec9851e
SCHED-TRACE 1491 532 P 1 7edbbe76
SCHED-TRACE 1492 534 I 1 43540
SCHED-TRACE 1493 534 B 1 f3
SCHED-TRACE 1494 534 P 1 80d61062
SCHED-TRACE 1495 534 R 1 80d61062
SCHED-TRACE 1496 535 U 4 435af
SCHED-TRACE 1497 535 V 4 435e1
SCHED-TRACE 1498 535 O 0 0
SCHED-TRACE 1499 535 P 1 80e64189
SCHED-TRACE 1500 536 K 1 80e64189
SCHED-TRACE 1501 536 P 1 80f8872b
SCHED-TRACE 1502 539 I 1 43e0c
SCHED-TRACE 1503 539 B 1 f1
SCHED-TRACE 1504 539 P 1 8231b22d
SCHED-TRACE 1505 539 R 1 8231b22d
SCHED-TRACE 1506 540 U 4 43e7a
SCHED-TRACE 1507 540 V 4 43eac
SCHED-TRACE 1508 540 O 0 0
SCHED-TRACE 1509 540 P 1 8241d70a
SCHED-TRACE 1510 541 K 1 8241d70a
SCHED-TRACE 1511 541 P 1 825424dd
SCHED-TRACE 1512 544 I 1 447f1
SCHED-TRACE 1513 544 B 1 f3
SCHED-TRACE 1514 544 P 1 83ba8f5c
SCHED-TRACE 1515 544 R 1 83ba8f5c
SCHED-TRACE 1516 545 U 4 44860
SCHED-TRACE 1517 545 V 4 44892
SCHED-TRACE 1518 545 O 0 0
SCHED-TRACE 1519 545 P 1 83ca9374
SCHED-TRACE 1520 546 K 1 83ca9374
SCHED-TRACE 1521 546 P 1 83dcbc6a
SCHED-TRACE 1522 548 I 1 44d29
SCHED-TRACE 1523 548 B 1 ef
SCHED-TRACE 1524 548 P 1 84843958
SCHED-TRACE 1525 548 R 1 84843958
SCHED-TRACE 1526 549 U 4 44d96
SCHED-TRACE 1527 549 V 4 44dc8
SCHED-TRACE 1528 549 O 0 0
SCHED-TRACE 1529 549 P 1 849449ba
SCHED-TRACE 1530 550 K 1 849449ba
SCHED-TRACE 1531 550 P 1 84a6978d
SCHED-TRACE 1532 554 P 52 84a6978d
SCHED-TRACE 1533 554 W 52 84a6978d
SCHED-TRACE 1534 554 U 4 4549b
SCHED-TRACE 1535 554 V 4 454d2
SCHED-TRACE 1536 554 I 1 454da
SCHED-TRACE 1537 554 B 1 f3
SCHED-TRACE 1538 554 P 1 85abb645
SCHED-TRACE 1539 554 R 1 85abb645
SCHED-TRACE 1540 555 O 0 0
SCHED-TRACE 1541 555 P 1 85bac8b4
SCHED-TRACE 1542 556 K 52 84a6978d
SCHED-TRACE 1543 556 P 1 85ce9ba5
SCHED-TRACE 1544 557 P 1 85d845a1
SCHED-TRACE 1545 557 U 3 4572d
SCHED-TRACE 1546 557 V 3 458dc
SCHED-TRACE 1547 557 P 52 8658d4fd
SCHED-TRACE 1548 557 D 52 8658d4fd
SCHED-TRACE 1549 559 K 1 85d845a1
SCHED-TRACE 1550 560 U 4 459d0
SCHED-TRACE 1551 560 V 4 45a03
SCHED-TRACE 1552 560 G 3 7d1c4dd2
SCHED-TRACE 1553 560 g 3 0
SCHED-TRACE 1554 560 v 3 b6aa8000b6a44
SCHED-TRACE 1555 560 f 3 85d845a1
SCHED-TRACE 1556 560 N 3 85d845a1
SCHED-TRACE 1557 560 n 3 0
SCHED-TRACE 1558 563 I 1 45e8c
SCHED-TRACE 1559 563 B 1 f3
SCHED-TRACE 1560 563 P 1 8692f1a9
SCHED-TRACE 1561 563 R 1 8692f1a9
SCHED-TRACE 1562 564 U 4 45efb
SCHED-TRACE 1563 564 V 4 45f2d
SCHED-TRACE 1564 564 O 0 0
SCHED-TRACE 1565 564 P 1 86a31a9f
SCHED-TRACE 1566 565 K 1 86a31a9f
SCHED-TRACE 1567 565 P 1 86b56c8b
SCHED-TRACE 1568 567 U 2 46452
SCHED-TRACE 1569 567 V 2 46717
SCHED-TRACE 1570 567 U 3 4674f
SCHED-TRACE 1571 567 V 3 4691d
SCHED-TRACE 1572 568 I 1 4693a
SCHED-TRACE 1573 568 B 1 ed
SCHED-TRACE 1574 568 P 1 87850624
SCHED-TRACE 1575 568 R 1 87850624
SCHED-TRACE 1576 569 U 4 469a8
SCHED-TRACE 1577 569 V 4 469dd
SCHED-TRACE 1578 569 O 0 0
SCHED-TRACE 1579 569 P 1 87951eb8
SCHED-TRACE 1580 570 K 1 87951eb8
SCHED-TRACE 1581 570 P 1 87a77ced
SCHED-TRACE 1582 572 I 1 476bb
SCHED-TRACE 1583 572 B 1 f1
SCHED-TRACE 1584 572 P 1 89a1e353
SCHED-TRACE 1585 572 R 1 89a1e353
SCHED-TRACE 1586 573 U 4 4772a
SCHED-TRACE 1587 573 V 4 4775f
SCHED-TRACE 1588 573 O 0 0
SCHED-TRACE 1589 573 P 1 89b21062
SCHED-TRACE 1590 574 K 1 89b21062
SCHED-TRACE 1591 574 P 1 89c47ef9
SCHED-TRACE 1592 577 I 1 47f8b
SCHED-TRACE 1593 577 B 1 f3
SCHED-TRACE 1594 577 P 1 8afda9fb
SCHED-TRACE 1595 577 R 1 8afda9fb
SCHED-TRACE 1596 578 U 4 47ffa
SCHED-TRACE 1597 578 V 4 4802f
SCHED-TRACE 1598 578 O 0 0
SCHED-TRACE 1599 578 P 1 8b0dba5e
SCHED-TRACE 1600 579 K 1 8b0dba5e
SCHED-TRACE 1601 579 P 1 8b1fef9d
SCHED-TRACE 1602 582 I 1 48972
SCHED-TRACE 1603 582 B 1 f2
SCHED-TRACE 1604 582 P 1 8c863958
SCHED-TRACE 1605 582 R 1 8c863958
SCHED-TRACE 1606 583 U 4 489e0
SCHED-TRACE 1607 583 V 4 48a15
SCHED-TRACE 1608 583 O 0 0
SCHED-TRACE 1609 583 P 1 8c966666
SCHED-TRACE 1610 584 K 1 8c966666
SCHED-TRACE 1611 584 P 1 8ca8bc6a
SCHED-TRACE 1612 586 I 1 48eae
SCHED-TRACE 1613 586 B 1 f1
SCHED-TRACE 1614 586 P 1 8d5045a1
SCHED-TRACE 1615 586 R 1 8d5045a1
SCHED-TRACE 1616 587 U 4 48f1c
SCHED-TRACE 1617 587 V 4 48f51
SCHED-TRACE 1618 587 O 0 0
SCHED-TRACE 1619 587 P 1 8d606a7e
SCHED-TRACE 1620 588 K 1 8d606a7e
SCHED-TRACE 1621 588 P 1 8d72d0e5
SCHED-TRACE 1622 592 P 55 8d72d0e5
SCHED-TRACE 1623 592 W 55 8d72d0e5
SCHED-TRACE 1624 592 U 4 49624
SCHED-TRACE 1625 592 V 4 4965e
SCHED-TRACE 1626 592 I 1 49667
SCHED-TRACE 1627 592 B 1 f1
SCHED-TRACE 1628 592 P 1 8e77eb85
SCHED-TRACE 1629 592 R 1 8e77eb85
SCHED-TRACE 1630 593 O 0 0
SCHED-TRACE 1631 593 P 1 8e87020c
SCHED-TRACE 1632 594 K 55 8d72d0e5
SCHED-TRACE 1633 594 P 1 8e9af5c2
SCHED-TRACE 1634 595 P 1 8ea4a3d7
SCHED-TRACE 1635 595 U 3 498bb
SCHED-TRACE 1636 595 V 3 49a9b
SCHED-TRACE 1637 595 P 55 8f249374
SCHED-TRACE 1638 595 D 55 8f249374
SCHED-TRACE 1639 597 K 1 8ea4a3d7
SCHED-TRACE 1640 598 U 4 49b91
SCHED-TRACE 1641 598 V 4 49bc7
SCHED-TRACE 1642 598 G 3 85d845a1
SCHED-TRACE 1643 598 g 3 0
SCHED-TRACE 1644 598 v 3 b6a44000b69e0
SCHED-TRACE 1645 598 f 3 8ea4a3d7
SCHED-TRACE 1646 598 N 3 8ea4a3d7
SCHED-TRACE 1647 598 n 3 0
SCHED-TRACE 1648 601 I 1 4a077
SCHED-TRACE 1649 601 B 1 f3
SCHED-TRACE 1650 601 P 1 8f656872
SCHED-TRACE 1651 601 R 1 8f656872
SCHED-TRACE 1652 602 U 4 4a0e4
SCHED-TRACE 1653 602 V 4 4a118
SCHED-TRACE 1654 602 O 0 0
SCHED-TRACE 1655 602 P 1 8f754395
SCHED-TRACE 1656 603 K 1 8f754395
SCHED-TRACE 1657 603 P 1 8f878d4f
SCHED-TRACE 1658 605 U 2 4a625
SCHED-TRACE 1659 605 V 2 4a90a
SCHED-TRACE 1660 605 U 3 4a950
SCHED-TRACE 1661 605 V 3 4ab50
SCHED-TRACE 1662 606 I 1 4ab6d
SCHED-TRACE 1663 606 B 1 f3
SCHED-TRACE 1664 606 P 1 90559581
SCHED-TRACE 1665 606 R 1 90559581
SCHED-TRACE 1666 607 U 4 4abdc
SCHED-TRACE 1667 607 V 4 4ac14
SCHED-TRACE 1668 607 O 0 0
SCHED-TRACE 1669 607 P 1 9065c28f
SCHED-TRACE 1670 608 K 1 9065c28f
SCHED-TRACE 1671 608 P 1 90783958
SCHED-TRACE 1672 610 I 1 4b8f3
SCHED-TRACE 1673 610 B 1 f3
SCHED-TRACE 1674 610 P 1 92728f5c
SCHED-TRACE 1675 610 R 1 92728f5c
SCHED-TRACE 1676 611 U 4 4b961
SCHED-TRACE 1677 611 V 4 4b999
SCHED-TRACE 1678 611 O 0 0
SCHED-TRACE 1679 611 P 1 92829fbe
SCHED-TRACE 1680 612 K 1 92829fbe
SCHED-TRACE 1681 612 P 1 929522d0
SCHED-TRACE 1682 615 I 1 4c1c5
SCHED-TRACE 1683 615 B 1 f3
SCHED-TRACE 1684 615 P 1 93ce51eb
SCHED-TRACE 1685 615 R 1 93ce51eb
SCHED-TRACE 1686 616 U 4 4c234
SCHED-TRACE 1687 616 V 4 4c26c
SCHED-TRACE 1688 616 O 0 0
SCHED-TRACE 1689 616 P 1 93de6e97
SCHED-TRACE 1690 617 K 1 93de6e97
SCHED-TRACE 1691 617 P 1 93f0e560
SCHED-TRACE 1692 620 I 1 4cbb3
SCHED-TRACE 1693 620 B 1 f2
SCHED-TRACE 1694 620 P 1 95574fdf
SCHED-TRACE 1695 620 R 1 95574fdf
SCHED-TRACE 1696 621 U 4 4cc22
SCHED-TRACE 1697 621 V 4 4cc5a
SCHED-TRACE 1698 621 O 0 0
SCHED-TRACE 1699 621 P 1 95676c8b
SCHED-TRACE 1700 622 K 1 95676c8b
SCHED-TRACE 1701 622 P 1 9579db22
SCHED-TRACE 1702 624 I 1 4d0f2
SCHED-TRACE 1703 624 B 1 f1
SCHED-TRACE 1704 624 P 1 96215c28
SCHED-TRACE 1705 624 R 1 96215c28
SCHED-TRACE 1706 625 U 4 4d160
SCHED-TRACE 1707 625 V 4 4d197
SCHED-TRACE 1708 625 O 0 0
SCHED-TRACE 1709 625 P 1 963147ae
SCHED-TRACE 1710 626 K 1 963147ae
SCHED-TRACE 1711 626 P 1 9643c28f
SCHED-TRACE 1712 630 P 58 9643c28f
SCHED-TRACE 1713 630 W 58 9643c28f
SCHED-TRACE 1714 630 U 4 4d86b
SCHED-TRACE 1715 630 V 4 4d8a8
SCHED-TRACE 1716 630 I 1 4d8b0
SCHED-TRACE 1717 630 B 1 f3
SCHED-TRACE 1718 630 P 1 9748e147
SCHED-TRACE 1719 630 R 1 9748e147
SCHED-TRACE 1720 631 O 0 0
SCHED-TRACE 1721 631 P 1 9757ef9d
SCHED-TRACE 1722 632 K 58 9643c28f
SCHED-TRACE 1723 632 P 1 976bf3b6
SCHED-TRACE 1724 633 P 1 97759db2
SCHED-TRACE 1725 633 U 3 4db05
SCHED-TRACE 1726 633 V 3 4dd18
SCHED-TRACE 1727 633 P 58 97f6f5c2
SCHED-TRACE 1728 633 D 58 97f6f5c2
SCHED-TRACE 1729 635 K 1 97759db2
SCHED-TRACE 1730 636 U 4 4de0f
SCHED-TRACE 1731 636 V 4 4de47
SCHED-TRACE 1732 636 G 3 8ea4a3d7
SCHED-TRACE 1733 636 g 3 0
SCHED-TRACE 1734 636 v 3 b69e0000b697c
SCHED-TRACE 1735 636 f 3 97759db2
SCHED-TRACE 1736 636 N 3 97759db2
SCHED-TRACE 1737 636 n 3 0
SCHED-TRACE 1738 639 I 1 4e31c
SCHED-TRACE 1739 639 B 1 f3
SCHED-TRACE 1740 639 P 1 983c872b
SCHED-TRACE 1741 639 R 1 983c872b
SCHED-TRACE 1742 640 U 4 4e38b
SCHED-TRACE 1743 640 V 4 4e3c4
SCHED-TRACE 1744 640 O 0 0
SCHED-TRACE 1745 640 P 1 984cbc6a
SCHED-TRACE 1746 641 K 1 984cbc6a
SCHED-TRACE 1747 641 P 1 985f3333
SCHED-TRACE 1748 643 U 2 4e8fd
SCHED-TRACE 1749 643 V 2 4ec04
SCHED-TRACE 1750 643 U 3 4ec56
SCHED-TRACE 1751 643 V 3 4ee89
SCHED-TRACE 1752 644 I 1 4eea6
SCHED-TRACE 1753 644 B 1 f1
SCHED-TRACE 1754 644 P 1 993645a1
SCHED-TRACE 1755 644 R 1 993645a1
SCHED-TRACE 1756 645 U 4 4ef15
SCHED-TRACE 1757 645 V 4 4ef51
SCHED-TRACE 1758 645 O 0 0
SCHED-TRACE 1759 645 P 1 994676c8
SCHED-TRACE 1760 646 K 1 994676c8
SCHED-TRACE 1761 646 P 1 99590e56
SCHED-TRACE 1762 648 I 1 4fc31
SCHED-TRACE 1763 648 B 1 f0
SCHED-TRACE 1764 648 P 1 9b53645a
SCHED-TRACE 1765 648 R 1 9b53645a
SCHED-TRACE 1766 649 U 4 4fc9f
SCHED-TRACE 1767 649 V 4 4fcda
SCHED-TRACE 1768 649 O 0 0
SCHED-TRACE 1769 649 P 1 9b638937
SCHED-TRACE 1770 650 K 1 9b638937
SCHED-TRACE 1771 650 P 1 9b760c49
SCHED-TRACE 1772 653 I 1 50505
SCHED-TRACE 1773 653 B 1 ee
SCHED-TRACE 1774 653 P 1 9caf020c
SCHED-TRACE 1775 653 R 1 9caf020c
SCHED-TRACE 1776 654 U 4 50573
SCHED-TRACE 1777 654 V 4 505ad
SCHED-TRACE 1778 654 O 0 0
SCHED-TRACE 1779 654 P 1 9cbefdf3
SCHED-TRACE 1780 655 K 1 9cbefdf3
SCHED-TRACE 1781 655 P 1 9cd19168
SCHED-TRACE 1782 658 I 1 50ef5
SCHED-TRACE 1783 658 B 1 f2
SCHED-TRACE 1784 658 P 1 9e37fbe7
SCHED-TRACE 1785 658 R 1 9e37fbe7
SCHED-TRACE 1786 659 U 4 50f63
SCHED-TRACE 1787 659 V 4 50f9f
SCHED-TRACE 1788 659 O 0 0
SCHED-TRACE 1789 659 P 1 9e4824dd
SCHED-TRACE 1790 660 K 1 9e4824dd
SCHED-TRACE 1791 660 P 1 9e5aac08
SCHED-TRACE 1792 662 I 1 51438
SCHED-TRACE 1793 662 B 1 f1
SCHED-TRACE 1794 662 P 1 9f0228f5
SCHED-TRACE 1795 662 R 1 9f0228f5
SCHED-TRACE 1796 663 U 4 514a6
SCHED-TRACE 1797 663 V 4 514e1
SCHED-TRACE 1798 663 O 0 0
SCHED-TRACE 1799 663 P 1 9f123126
SCHED-TRACE 1800 664 K 1 9f123126
SCHED-TRACE 1801 664 P 1 9f24c49b
SCHED-TRACE 1802 668 P 61 9f24c49b
SCHED-TRACE 1803 668 W 61 9f24c49b
SCHED-TRACE 1804 668 U 4 51bb5
SCHED-TRACE 1805 668 V 4 51bf6
SCHED-TRACE 1806 668 I 1 51bff
SCHED-TRACE 1807 668 B 1 f4
SCHED-TRACE 1808 668 P 1 a02a1893
SCHED-TRACE 1809 668 R 1 a02a1893
SCHED-TRACE 1810 669 O 0 0
SCHED-TRACE 1811 669 P 1 a0392b02
SCHED-TRACE 1812 670 K 61 9f24c49b
SCHED-TRACE 1813 670 P 1 a04d47ae
SCHED-TRACE 1814 671 P 1 a056ed91
SCHED-TRACE 1815 671 U 3 51e54
SCHED-TRACE 1816 671 V 3 52099
SCHED-TRACE 1817 671 P 61 a0d6b020
SCHED-TRACE 1818 671 D 61 a0d6b020
SCHED-TRACE 1819 673 K 1 a056ed91
SCHED-TRACE 1820 674 U 4 5218f
SCHED-TRACE 1821 674 V 4 521ca
SCHED-TRACE 1822 674 G 3 97759db2
SCHED-TRACE 1823 674 g 3 0
SCHED-TRACE 1824 674 v 3 b697c000b6918
SCHED-TRACE 1825 674 f 3 a056ed91
SCHED-TRACE 1826 674 N 3 a056ed91
SCHED-TRACE 1827 674 n 3 0
SCHED-TRACE 1828 677 I 1 526c6
SCHED-TRACE 1829 677 B 1 f4
SCHED-TRACE 1830 677 P 1 a1240831
SCHED-TRACE 1831 677 R 1 a1240831
SCHED-TRACE 1832 678 U 4 52735
SCHED-TRACE 1833 678 V 4 52770
SCHED-TRACE 1834 678 O 0 0
SCHED-TRACE 1835 678 P 1 a134353f
SCHED-TRACE 1836 679 K 1 a134353f
SCHED-TRACE 1837 679 P 1 a146d916
SCHED-TRACE 1838 681 U 2 52c94
SCHED-TRACE 1839 681 V 2 52fbc
SCHED-TRACE 1840 681 U 3 5301b
SCHED-TRACE 1841 681 V 3 53280
SCHED-TRACE 1842 682 I 1 5329d
SCHED-TRACE 1843 682 B 1 f2
SCHED-TRACE 1844 682 P 1 a21c6666
SCHED-TRACE 1845 682 R 1 a21c6666
SCHED-TRACE 1846 683 U 4 5330c
SCHED-TRACE 1847 683 V 4 5334a
SCHED-TRACE 1848 683 O 0 0
SCHED-TRACE 1849 683 P 1 a22c9374
SCHED-TRACE 1850 684 K 1 a22c9374
SCHED-TRACE 1851 684 P 1 a23f4395
SCHED-TRACE 1852 686 I 1 5402a
SCHED-TRACE 1853 686 B 1 f2
SCHED-TRACE 1854 686 P 1 a4398937
SCHED-TRACE 1855 686 R 1 a4398937
SCHED-TRACE 1856 687 U 4 54097
SCHED-TRACE 1857 687 V 4 540d4
SCHED-TRACE 1858 687 O 0 0
SCHED-TRACE 1859 687 P 1 a4495c28
SCHED-TRACE 1860 688 K 1 a4495c28
SCHED-TRACE 1861 688 P 1 a45be76c
SCHED-TRACE 1862 691 I 1 548ff
SCHED-TRACE 1863 691 B 1 f3
SCHED-TRACE 1864 691 P 1 a594f9db
SCHED-TRACE 1865 691 R 1 a594f9db
SCHED-TRACE 1866 692 U 4 5496d
SCHED-TRACE 1867 692 V 4 549aa
SCHED-TRACE 1868 692 O 0 0
SCHED-TRACE 1869 692 P 1 a5a4f9db
SCHED-TRACE 1870 693 K 1 a5a4f9db
SCHED-TRACE 1871 693 P 1 a5b79db2
SCHED-TRACE 1872 696 I 1 552f2
SCHED-TRACE 1873 696 B 1 f0
SCHED-TRACE 1874 696 P 1 a71e0831
SCHED-TRACE 1875 696 R 1 a71e0831
SCHED-TRACE 1876 697 U 4 55361
SCHED-TRACE 1877 697 V 4 5539f
SCHED-TRACE 1878 697 O 0 0
SCHED-TRACE 1879 697 P 1 a72e24dd
SCHED-TRACE 1880 698 K 1 a72e24dd
SCHED-TRACE 1881 698 P 1 a740d0e5
SCHED-TRACE 1882 700 I 1 5583a
SCHED-TRACE 1883 700 B 1 f3
SCHED-TRACE 1884 700 P 1 a7e85e35
SCHED-TRACE 1885 700 R 1 a7e85e35
SCHED-TRACE 1886 701 U 4 558a8
SCHED-TRACE 1887 701 V 4 558e6
SCHED-TRACE 1888 701 O 0 0
SCHED-TRACE 1889 701 P 1 a7f86666
SCHED-TRACE 1890 702 K 1 a7f86666
SCHED-TRACE 1891 702 P 1 a80b0a3d
SCHED-TRACE 1892 706 P 64 a80b0a3d
SCHED-TRACE 1893 706 W 64 a80b0a3d
SCHED-TRACE 1894 706 U 4 55fbb
SCHED-TRACE 1895 706 V 4 55fff
SCHED-TRACE 1896 706 I 1 56007
SCHED-TRACE 1897 706 B 1 f2
SCHED-TRACE 1898 706 P 1 a9105e35
SCHED-TRACE 1899 706 R 1 a9105e35
SCHED-TRACE 1900 707 O 0 0
SCHED-TRACE 1901 707 P 1 a91f6872
SCHED-TRACE 1902 708 K 64 a80b0a3d
SCHED-TRACE 1903 708 P 1 a9339168
SCHED-TRACE 1904 709 P 1 a93d2b02
SCHED-TRACE 1905 709 U 3 5625b
SCHED-TRACE 1906 709 V 3 564d2
SCHED-TRACE 1907 709 P 64 a9bd47ad
SCHED-TRACE 1908 709 D 64 a9bd47ad
SCHED-TRACE 1909 711 K 1 a93d2b02
SCHED-TRACE 1910 712 U 4 565ca
SCHED-TRACE 1911 712 V 4 56608
SCHED-TRACE 1912 712 G 3 a056ed91
SCHED-TRACE 1913 712 g 3 0
SCHED-TRACE 1914 712 v 3 b6918000b68b4
SCHED-TRACE 1915 712 f 3 a93d2b02
SCHED-TRACE 1916 712 N 3 a93d2b02
SCHED-TRACE 1917 712 n 3 0
SCHED-TRACE 1918 715 I 1 56b2b
SCHED-TRACE 1919 715 B 1 f2
SCHED-TRACE 1920 715 P 1 aa1072b0
SCHED-TRACE 1921 715 R 1 aa1072b0
SCHED-TRACE 1922 716 U 4 56b9a
SCHED-TRACE 1923 716 V 4 56bd8
SCHED-TRACE 1924 716 O 0 0
SCHED-TRACE 1925 716 P 1 aa20a7ef
SCHED-TRACE 1926 717 K 1 aa20a7ef
SCHED-TRACE 1927 717 P 1 aa3353f7
SCHED-TRACE 1928 719 U 2 57122
SCHED-TRACE 1929 719 V 2 5746b
SCHED-TRACE 1930 719 U 3 574d7
SCHED-TRACE 1931 719 V 3 5776e
SCHED-TRACE 1932 720 I 1 5778b
SCHED-TRACE 1933 720 B 1 f3
SCHED-TRACE 1934 720 P 1 ab10d0e5
SCHED-TRACE 1935 720 R 1 ab10d0e5
SCHED-TRACE 1936 721 U 4 577fb
SCHED-TRACE 1937 721 V 4 5783c
SCHED-TRACE 1938 721 O 0 0
SCHED-TRACE 1939 721 P 1 ab210a3d
SCHED-TRACE 1940 722 K 1 ab210a3d
SCHED-TRACE 1941 722 P 1 ab33cac0
SCHED-TRACE 1942 724 I 1 5851d
SCHED-TRACE 1943 724 B 1 f3
SCHED-TRACE 1944 724 P 1 ad2e2d0e
SCHED-TRACE 1945 724 R 1 ad2e2d0e
SCHED-TRACE 1946 725 U 4 5858b
SCHED-TRACE 1947 725 V 4 585cd
SCHED-TRACE 1948 725 O 0 0
SCHED-TRACE 1949 725 P 1 ad3e5604
SCHED-TRACE 1950 726 K 1 ad3e5604
SCHED-TRACE 1951 726 P 1 ad511a9f
SCHED-TRACE 1952 729 I 1 58dfa
SCHED-TRACE 1953 729 B 1 f3
SCHED-TRACE 1954 729 P 1 ae8a4189
SCHED-TRACE 1955 729 R 1 ae8a4189
SCHED-TRACE 1956 730 U 4 58e69
SCHED-TRACE 1957 730 V 4 58eab
SCHED-TRACE 1958 730 O 0 0
SCHED-TRACE 1959 730 P 1 ae9a6e97
SCHED-TRACE 1960 731 K 1 ae9a6e97
SCHED-TRACE 1961 731 P 1 aead3b64
SCHED-TRACE 1962 734 I 1 597f3
SCHED-TRACE 1963 734 B 1 f3
SCHED-TRACE 1964 734 P 1 b013a9fb
SCHED-TRACE 1965 734 R 1 b013a9fb
SCHED-TRACE 1966 735 U 4 59863
SCHED-TRACE 1967 735 V 4 598a3
SCHED-TRACE 1968 735 O 0 0
SCHED-TRACE 1969 735 P 1 b023ba5e
SCHED-TRACE 1970 736 K 1 b023ba5e
SCHED-TRACE 1971 736 P 1 b0366e97
SCHED-TRACE 1972 738 I 1 59d3e
SCHED-TRACE 1973 738 B 1 f2
SCHED-TRACE 1974 738 P 1 b0ddf7ce
SCHED-TRACE 1975 738 R 1 b0ddf7ce
SCHED-TRACE 1976 739 U 4 59dac
SCHED-TRACE 1977 739 V 4 59dee
SCHED-TRACE 1978 739 O 0 0
SCHED-TRACE 1979 739 P 1 b0ee28f5
SCHED-TRACE 1980 740 K 1 b0ee28f5
SCHED-TRACE 1981 740 P 1 b100f5c2
SCHED-TRACE 1982 744 P 67 b100f5c2
SCHED-TRACE 1983 744 W 67 b100f5c2
SCHED-TRACE 1984 744 U 4 5a4c4
SCHED-TRACE 1985 744 V 4 5a50a
SCHED-TRACE 1986 744 I 1 5a513
SCHED-TRACE 1987 744 B 1 f3
SCHED-TRACE 1988 744 P 1 b20620c4
SCHED-TRACE 1989 744 R 1 b20620c4
SCHED-TRACE 1990 745 O 0 0
SCHED-TRACE 1991 745 P 1 b2153333
SCHED-TRACE 1992 746 K 67 b100f5c2
SCHED-TRACE 1993 746 P 1 b2298937
SCHED-TRACE 1994 747 P 1 b233374b
SCHED-TRACE 1995 747 U 3 5a769
SCHED-TRACE 1996 747 V 3 5aa13
SCHED-TRACE 1997 747 P 67 b2b451ea
SCHED-TRACE 1998 747 D 67 b2b451ea
SCHED-TRACE 1999 749 K 1 b233374b
SCHED-TRACE 2000 750 U 4 5ab0c
SCHED-TRACE 2001 750 V 4 5ab4e
SCHED-TRACE 2002 750 G 3 a93d2b02
SCHED-TRACE 2003 750 g 3 0
SCHED-TRACE 2004 750 v 3 b68b4000b6850
SCHED-TRACE 2005 750 f 3 b233374b
SCHED-TRACE 2006 750 N 3 b233374b
SCHED-TRACE 2007 750 n 3 0
SCHED-TRACE 2008 752 I 1 5aeec
SCHED-TRACE 2009 752 B 1 f4
SCHED-TRACE 2010 752 P 1 b2c8ed91
SCHED-TRACE 2011 752 R 1 b2c8ed91
SCHED-TRACE 2012 753 U 4 5af5b
SCHED-TRACE 2013 753 V 4 5af9d
SCHED-TRACE 2014 753 O 0 0
SCHED-TRACE 2015 753 P 1 b2d926e9
SCHED-TRACE 2016 754 K 1 b2d926e9
SCHED-TRACE 2017 754 P 1 b2ebdf3b
SCHED-TRACE 2018 757 U 2 5b69d
SCHED-TRACE 2019 757 V 2 5ba08
SCHED-TRACE 2020 757 U 3 5ba81
SCHED-TRACE 2021 757 V 3 5bd4a
SCHED-TRACE 2022 758 I 1 5bd68
SCHED-TRACE 2023 758 B 1 f2
SCHED-TRACE 2024 758 P 1 b4111a9f
SCHED-TRACE 2025 758 R 1 b4111a9f
SCHED-TRACE 2026 759 U 4 5bdd6
SCHED-TRACE 2027 759 V 4 5be1b
SCHED-TRACE 2028 759 O 0 0
SCHED-TRACE 2029 759 P 1 b4215c28
SCHED-TRACE 2030 760 K 1 b4215c28
SCHED-TRACE 2031 760 P 1 b43445a1
SCHED-TRACE 2032 762 I 1 5cafd
SCHED-TRACE 2033 762 B 1 f3
SCHED-TRACE 2034 762 P 1 b62eac08
SCHED-TRACE 2035 762 R 1 b62eac08
SCHED-TRACE 2036 763 U 4 5cb6d
SCHED-TRACE 2037 763 V 4 5cbb1
SCHED-TRACE 2038 763 O 0 0
SCHED-TRACE 2039 763 P 1 b63ee978
SCHED-TRACE 2040 764 K 1 b63ee978
SCHED-TRACE 2041 764 P 1 b651c28f
SCHED-TRACE 2042 767 I 1 5d3e0
SCHED-TRACE 2043 767 B 1 f2
SCHED-TRACE 2044 767 P 1 b78af1a9
SCHED-TRACE 2045 767 R 1 b78af1a9
SCHED-TRACE 2046 768 U 4 5d44f
SCHED-TRACE 2047 768 V 4 5d493
SCHED-TRACE 2048 768 O 0 0
SCHED-TRACE 2049 768 P 1 b79b0e56
SCHED-TRACE 2050 769 K 1 b79b0e56
SCHED-TRACE 2051 769 P 1 b7adeb85
SCHED-TRACE 2052 772 I 1 5dddd
SCHED-TRACE 2053 772 B 1 f4
SCHED-TRACE 2054 772 P 1 b9146a7e
SCHED-TRACE 2055 772 R 1 b9146a7e
SCHED-TRACE 2056 773 U 4 5de4c
SCHED-TRACE 2057 773 V 4 5de91
SCHED-TRACE 2058 773 O 0 0
SCHED-TRACE 2059 773 P 1 b924b439
SCHED-TRACE 2060 774 K 1 b924b439
SCHED-TRACE 2061 774 P 1 b9379db2
SCHED-TRACE 2062 776 I 1 5e32e
SCHED-TRACE 2063 776 B 1 f3
SCHED-TRACE 2064 776 P 1 b9df3333
SCHED-TRACE 2065 776 R 1 b9df3333
SCHED-TRACE 2066 777 U 4 5e39d
SCHED-TRACE 2067 777 V 4 5e3e1
SCHED-TRACE 2068 777 O 0 0
SCHED-TRACE 2069 777 P 1 b9ef6c8b
SCHED-TRACE 2070 778 K 1 b9ef6c8b
SCHED-TRACE 2071 778 P 1 ba0245a1
SCHED-TRACE 2072 782 P 70 ba0245a1
SCHED-TRACE 2073 782 W 70 ba0245a1
SCHED-TRACE 2074 782 U 4 5eab9
SCHED-TRACE 2075 782 V 4 5eb02
SCHED-TRACE 2076 782 I 1 5eb0b
SCHED-TRACE 2077 782 B 1 f3
SCHED-TRACE 2078 782 P 1 bb07a1ca
SCHED-TRACE 2079 782 R 1 bb07a1ca
SCHED-TRACE 2080 783 O 0 0
SCHED-TRACE 2081 783 P 1 bb16bc6a
SCHED-TRACE 2082 784 K 70 ba0245a1
SCHED-TRACE 2083 784 P 1 bb2b374b
SCHED-TRACE 2084 785 P 1 bb34e147
SCHED-TRACE 2085 785 U 3 5ed63
SCHED-TRACE 2086 785 V 3 5f03f
SCHED-TRACE 2087 785 P 70 bbb4d4fd
SCHED-TRACE 2088 785 D 70 bbb4d4fd
SCHED-TRACE 2089 787 K 1 bb34e147
SCHED-TRACE 2090 788 U 4 5f137
SCHED-TRACE 2091 788 V 4 5f17b
SCHED-TRACE 2092 788 G 3 b233374b
SCHED-TRACE 2093 788 g 3 0
SCHED-TRACE 2094 788 v 3 b6850000b67ec
SCHED-TRACE 2095 788 f 3 bb34e147
SCHED-TRACE 2096 788 N 3 bb34e147
SCHED-TRACE 2097 788 n 3 0
SCHED-TRACE 2098 790 I 1 5f532
SCHED-TRACE 2099 790 B 1 f4
SCHED-TRACE 2100 790 P 1 bbceb439
SCHED-TRACE 2101 790 R 1 bbceb439
SCHED-TRACE 2102 791 U 4 5f5a1
SCHED-TRACE 2103 791 V 4 5f5e6
SCHED-TRACE 2104 791 O 0 0
SCHED-TRACE 2105 791 P 1 bbdeed91
SCHED-TRACE 2106 792 K 1 bbdeed91
SCHED-TRACE 2107 792 P 1 bbf1ced9
SCHED-TRACE 2108 795 U 2 5fcf0
SCHED-TRACE 2109 795 V 2 6007a
SCHED-TRACE 2110 795 U 3 600ff
SCHED-TRACE 2111 795 V 3 603f9
SCHED-TRACE 2112 796 I 1 60416
SCHED-TRACE 2113 796 B 1 ee
SCHED-TRACE 2114 796 P 1 bd19b22d
SCHED-TRACE 2115 796 R 1 bd19b22d
SCHED-TRACE 2116 797 U 4 60484
SCHED-TRACE 2117 797 V 4 604ca
SCHED-TRACE 2118 797 O 0 0
SCHED-TRACE 2119 797 P 1 bd29a9fb
SCHED-TRACE 2120 798 K 1 bd29a9fb
SCHED-TRACE 2121 798 P 1 bd3c978d
SCHED-TRACE 2122 800 I 1 611ac
SCHED-TRACE 2123 800 B 1 f3
SCHED-TRACE 2124 800 P 1 bf36f1a9
SCHED-TRACE 2125 800 R 1 bf36f1a9
SCHED-TRACE 2126 801 U 4 6121a
SCHED-TRACE 2127 801 V 4 61261
SCHED-TRACE 2128 801 O 0 0
SCHED-TRACE 2129 801 P 1 bf471a9f
SCHED-TRACE 2130 802 K 1 bf471a9f
SCHED-TRACE 2131 802 P 1 bf5a0c49
SCHED-TRACE 2132 805 I 1 61a90
SCHED-TRACE 2133 805 B 1 f3
SCHED-TRACE 2134 805 P 1 c0933b64
SCHED-TRACE 2135 805 R 1 c0933b64
SCHED-TRACE 2136 806 U 4 61aff
SCHED-TRACE 2137 806 V 4 61b46
SCHED-TRACE 2138 806 O 0 0
SCHED-TRACE 2139 806 P 1 c0a36041
SCHED-TRACE 2140 807 K 1 c0a36041
SCHED-TRACE 2141 807 P 1 c0b65a1c
SCHED-TRACE 2142 810 I 1 62490
SCHED-TRACE 2143 810 B 1 f3
SCHED-TRACE 2144 810 P 1 c21cc49b
SCHED-TRACE 2145 810 R 1 c21cc49b
SCHED-TRACE 2146 811 U 4 624fe
SCHED-TRACE 2147 811 V 4 62545
SCHED-TRACE 2148 811 O 0 0
SCHED-TRACE 2149 811 P 1 c22ce147
SCHED-TRACE 2150 812 K 1 c22ce147
SCHED-TRACE 2151 812 P 1 c23fd2f1
SCHED-TRACE 2152 814 I 1 629e2
SCHED-TRACE 2153 814 B 1 f3
SCHED-TRACE 2154 814 P 1 c2e76c8b
SCHED-TRACE 2155 814 R 1 c2e76c8b
SCHED-TRACE 2156 815 U 4 62a51
SCHED-TRACE 2157 815 V 4 62a98
SCHED-TRACE 2158 815 O 0 0
SCHED-TRACE 2159 815 P 1 c2f78d4f
SCHED-TRACE 2160 816 K 1 c2f78d4f
SCHED-TRACE 2161 816 P 1 c30a872b
SCHED-TRACE 2162 820 P 73 c30a872b
SCHED-TRACE 2163 820 W 73 c30a872b
SCHED-TRACE 2164 820 U 4 6316f
SCHED-TRACE 2165 820 V 4 631bb
SCHED-TRACE 2166 820 I 1 631c4
SCHED-TRACE 2167 820 B 1 f4
SCHED-TRACE 2168 820 P 1 c40fae14
SCHED-TRACE 2169 820 R 1 c40fae14
SCHED-TRACE 2170 821 O 0 0
SCHED-TRACE 2171 821 P 1 c41ec49b
SCHED-TRACE 2172 822 K 73 c30a872b
SCHED-TRACE 2173 822 P 1 c43347ae
SCHED-TRACE 2174 823 P 1 c43cf1a9
SCHED-TRACE 2175 823 U 3 6341c
SCHED-TRACE 2176 823 V 3 6372a
SCHED-TRACE 2177 823 P 73 c4bd3f7c
SCHED-TRACE 2178 823 D 73 c4bd3f7c
SCHED-TRACE 2179 825 K 1 c43cf1a9
SCHED-TRACE 2180 826 U 4 63824
SCHED-TRACE 2181 826 V 4 6386c
SCHED-TRACE 2182 826 G 3 bb34e147
SCHED-TRACE 2183 826 g 3 0
SCHED-TRACE 2184 826 v 3 b67ec000b6788
SCHED-TRACE 2185 826 f 3 c43cf1a9
SCHED-TRACE 2186 826 N 3 c43cf1a9
SCHED-TRACE 2187 826 n 3 0
SCHED-TRACE 2188 828 I 1 63c3c
SCHED-TRACE 2189 828 B 1 f4
SCHED-TRACE 2190 828 P 1 c4dad916
SCHED-TRACE 2191 828 R 1 c4dad916
SCHED-TRACE 2192 829 U 4 63cab
SCHED-TRACE 2193 829 V 4 63cf2
SCHED-TRACE 2194 829 O 0 0
SCHED-TRACE 2195 829 P 1 c4eaf5c2
SCHED-TRACE 2196 830 K 1 c4eaf5c2
SCHED-TRACE 2197 830 P 1 c4fde353
SCHED-TRACE 2198 833 U 2 64409
SCHED-TRACE 2199 833 V 2 647b6
SCHED-TRACE 2200 833 U 3 64848
SCHED-TRACE 2201 833 V 3 64b76
SCHED-TRACE 2202 834 I 1 64b93
SCHED-TRACE 2203 834 B 1 f4
SCHED-TRACE 2204 834 P 1 c62a978d
SCHED-TRACE 2205 834 R 1 c62a978d
SCHED-TRACE 2206 835 U 4 64c02
SCHED-TRACE 2207 835 V 4 64c4c
SCHED-TRACE 2208 835 O 0 0
SCHED-TRACE 2209 835 P 1 c63ab851
SCHED-TRACE 2210 836 K 1 c63ab851
SCHED-TRACE 2211 836 P 1 c64dbe76
SCHED-TRACE 2212 838 I 1 6592f
SCHED-TRACE 2213 838 B 1 f3
SCHED-TRACE 2214 838 P 1 c848147a
SCHED-TRACE 2215 838 R 1 c848147a
SCHED-TRACE 2216 839 U 4 6599d
SCHED-TRACE 2217 839 V 4 659e7
SCHED-TRACE 2218 839 O 0 0
SCHED-TRACE 2219 839 P 1 c8583d70
SCHED-TRACE 2220 840 K 1 c8583d70
SCHED-TRACE 2221 840 P 1 c86b4bc6
SCHED-TRACE 2222 843 I 1 66217
SCHED-TRACE 2223 843 B 1 f3
SCHED-TRACE 2224 843 P 1 c9a4872b
SCHED-TRACE 2225 843 R 1 c9a4872b
SCHED-TRACE 2226 844 U 4 66286
SCHED-TRACE 2227 844 V 4 662d0
SCHED-TRACE 2228 844 O 0 0
SCHED-TRACE 2229 844 P 1 c9b4b020
SCHED-TRACE 2230 845 K 1 c9b4b020
SCHED-TRACE 2231 845 P 1 c9c79db2
SCHED-TRACE 2232 848 I 1 66c1a
SCHED-TRACE 2233 848 B 1 ea
SCHED-TRACE 2234 848 P 1 cb2deb85
SCHED-TRACE 2235 848 R 1 cb2deb85
SCHED-TRACE 2236 849 U 4 66c88
SCHED-TRACE 2237 849 V 4 66cd1
SCHED-TRACE 2238 849 O 0 0
SCHED-TRACE 2239 849 P 1 cb3df3b6
SCHED-TRACE 2240 850 K 1 cb3df3b6
SCHED-TRACE 2241 850 P 1 cb50f9db
SCHED-TRACE 2242 852 I 1 6716e
SCHED-TRACE 2243 852 B 1 f2
SCHED-TRACE 2244 852 P 1 cbf87ef9
SCHED-TRACE 2245 852 R 1 cbf87ef9
SCHED-TRACE 2246 853 U 4 671dc
SCHED-TRACE 2247 853 V 4 67226
SCHED-TRACE 2248 853 O 0 0
SCHED-TRACE 2249 853 P 1 cc08ac08
SCHED-TRACE 2250 854 K 1 cc08ac08
SCHED-TRACE 2251 854 P 1 cc1bba5e
SCHED-TRACE 2252 858 P 76 cc1bba5e
SCHED-TRACE 2253 858 W 76 cc1bba5e
SCHED-TRACE 2254 858 U 4 678fe
SCHED-TRACE 2255 858 V 4 6794d
SCHED-TRACE 2256 858 I 1 67956
SCHED-TRACE 2257 858 B 1 f2
SCHED-TRACE 2258 858 P 1 cd20e147
SCHED-TRACE 2259 858 R 1 cd20e147
SCHED-TRACE 2260 859 O 0 0
SCHED-TRACE 2261 859 P 1 cd2ffbe7
SCHED-TRACE 2262 860 K 76 cc1bba5e
SCHED-TRACE 2263 860 P 1 cd449fbe
SCHED-TRACE 2264 861 P 1 cd4e49ba
SCHED-TRACE 2265 861 U 3 67baf
SCHED-TRACE 2266 861 V 3 67eef
SCHED-TRACE 2267 861 P 76 cdcf9168
SCHED-TRACE 2268 861 D 76 cdcf9168
SCHED-TRACE 2269 863 K 1 cd4e49ba
SCHED-TRACE 2270 864 U 4 67fea
SCHED-TRACE 2271 864 V 4 68035
SCHED-TRACE 2272 864 G 3 c43cf1a9
SCHED-TRACE 2273 864 g 3 0
SCHED-TRACE 2274 864 v 3 b6788000b6724
SCHED-TRACE 2275 864 f 3 cd4e49ba
SCHED-TRACE 2276 864 N 3 cd4e49ba
SCHED-TRACE 2277 864 n 3 0
SCHED-TRACE 2278 865 G 79 cd4e49ba
SCHED-TRACE 2279 865 g 79 0
SCHED-TRACE 2280 865 v 79 6400000000
SCHED-TRACE 2281 865 f 79 cd4e49ba
SCHED-TRACE 2282 865 N 79 cd4e49ba
SCHED-TRACE 2283 865 n 79 0
SCHED-TRACE 2284 866 I 1 6866a
SCHED-TRACE 2285 866 B 1 f2
SCHED-TRACE 2286 866 P 1 ce4e45a1
SCHED-TRACE 2287 866 R 1 ce4e45a1
SCHED-TRACE 2288 867 U 4 686d9
SCHED-TRACE 2289 867 V 4 68723
SCHED-TRACE 2290 867 O 0 0
SCHED-TRACE 2291 867 P 1 ce5e6e97
SCHED-TRACE 2292 868 K 1 ce5e6e97
SCHED-TRACE 2293 868 P 1 ce717ced
SCHED-TRACE 2294 872 U 2 68f3b
SCHED-TRACE 2295 872 V 2 6930a
SCHED-TRACE 2296 872 U 3 693ac
SCHED-TRACE 2297 872 V 3 6970d
SCHED-TRACE 2298 873 I 1 6972a
SCHED-TRACE 2299 873 B 1 f3
SCHED-TRACE 2300 873 P 1 cfc90a3d
SCHED-TRACE 2301 873 R 1 cfc90a3d
SCHED-TRACE 2302 874 U 4 69799
SCHED-TRACE 2303 874 V 4 697e7
SCHED-TRACE 2304 874 O 0 0
SCHED-TRACE 2305 874 P 1 cfd94bc6
SCHED-TRACE 2306 875 K 1 cfd94bc6
SCHED-TRACE 2307 875 P 1 cfec6666
SCHED-TRACE 2308 877 I 1 6a4ca
SCHED-TRACE 2309 877 B 1 f2
SCHED-TRACE 2310 877 P 1 d1e6c49b
SCHED-TRACE 2311 877 R 1 d1e6c49b
SCHED-TRACE 2312 878 U 4 6a538
SCHED-TRACE 2313 878 V 4 6a586
SCHED-TRACE 2314 878 O 0 0
SCHED-TRACE 2315 878 P 1 d1f6e560
SCHED-TRACE 2316 879 K 1 d1f6e560
SCHED-TRACE 2317 879 P 1 d20a1062
SCHED-TRACE 2318 882 I 1 6adb6
SCHED-TRACE 2319 882 B 1 f2
SCHED-TRACE 2320 882 P 1 d3433b64
SCHED-TRACE 2321 882 R 1 d3433b64
SCHED-TRACE 2322 883 U 4 6ae25
SCHED-TRACE 2323 883 V 4 6ae73
SCHED-TRACE 2324 883 O 0 0
SCHED-TRACE 2325 883 P 1 d35370a3
SCHED-TRACE 2326 884 K 1 d35370a3
SCHED-TRACE 2327 884 P 1 d366a3d7
SCHED-TRACE 2328 887 I 1 6b7be
SCHED-TRACE 2329 887 B 1 f4
SCHED-TRACE 2330 887 P 1 d4cd1687
SCHED-TRACE 2331 887 R 1 d4cd1687
SCHED-TRACE 2332 888 U 4 6b82d
SCHED-TRACE 2333 888 V 4 6b87b
SCHED-TRACE 2334 888 O 0 0
SCHED-TRACE 2335 888 P 1 d4dd2f1a
SCHED-TRACE 2336 889 K 1 d4dd2f1a
SCHED-TRACE 2337 889 P 1 d4f049ba
SCHED-TRACE 2338 891 I 1 6bd18
SCHED-TRACE 2339 891 B 1 f2
SCHED-TRACE 2340 891 P 1 d597d70a
SCHED-TRACE 2341 891 R 1 d597d70a
SCHED-TRACE 2342 892 U 4 6bd86
SCHED-TRACE 2343 892 V 4 6bdd4
SCHED-TRACE 2344 892 O 0 0
SCHED-TRACE 2345 892 P 1 d5a81062
SCHED-TRACE 2346 893 K 1 d5a81062
SCHED-TRACE 2347 893 P 1 d5bb4395
SCHED-TRACE 2348 897 P 80 d5bb4395
SCHED-TRACE 2349 897 W 80 d5bb4395
SCHED-TRACE 2350 897 U 4 6c4f3
SCHED-TRACE 2351 897 V 4 6c545
SCHED-TRACE 2352 897 I 1 6c54e
SCHED-TRACE 2353 897 B 1 f3
SCHED-TRACE 2354 897 P 1 d6cba1ca
SCHED-TRACE 2355 897 R 1 d6cba1ca
SCHED-TRACE 2356 898 O 0 0
SCHED-TRACE 2357 898 P 1 d6dac083
SCHED-TRACE 2358 899 K 80 d5bb4395
SCHED-TRACE 2359 899 P 1 d6ef7ced
SCHED-TRACE 2360 900 P 1 d6f926e9
SCHED-TRACE 2361 900 U 3 6c7a7
SCHED-TRACE 2362 900 V 3 6cb1a
SCHED-TRACE 2363 900 P 80 d76dfbe6
SCHED-TRACE 2364 900 D 80 d76dfbe6
SCHED-TRACE 2365 902 K 1 d6f926e9
SCHED-TRACE 2366 903 U 4 6cc15
SCHED-TRACE 2367 903 V 4 6cc63
SCHED-TRACE 2368 903 G 80 d8f9580f
SCHED-TRACE 2369 903 g 80 58
SCHED-TRACE 2370 903 v 80 6400000063
SCHED-TRACE 2371 903 f 80 d6f926e9
SCHED-TRACE 2372 903 N 80 d8fe8484
SCHED-TRACE 2373 903 n 80 3f
SCHED-TRACE 2374 905 I 1 6d07c
SCHED-TRACE 2375 905 B 1 f3
SCHED-TRACE 2376 905 P 1 d7a29ba5
SCHED-TRACE 2377 905 R 1 d7a29ba5
SCHED-TRACE 2378 906 U 4 6d0ea
SCHED-TRACE 2379 906 V 4 6d136
SCHED-TRACE 2380 906 O 0 0
SCHED-TRACE 2381 906 P 1 d7b28f5c
SCHED-TRACE 2382 907 K 1 d7b28f5c
SCHED-TRACE 2383 907 P 1 d7c5b22d
SCHED-TRACE 2384 910 U 2 6d8a3
SCHED-TRACE 2385 910 V 2 6dc93
SCHED-TRACE 2386 910 U 3 6dd41
SCHED-TRACE 2387 910 V 3 6e0d4
SCHED-TRACE 2388 911 I 1 6e0f0
SCHED-TRACE 2389 911 B 1 f2
SCHED-TRACE 2390 911 P 1 d90428f5
SCHED-TRACE 2391 911 R 1 d90428f5
SCHED-TRACE 2392 912 U 4 6e15e
SCHED-TRACE 2393 912 V 4 6e1ad
SCHED-TRACE 2394 912 O 0 0
SCHED-TRACE 2395 912 P 1 d91424dd
SCHED-TRACE 2396 913 K 1 d91424dd
SCHED-TRACE 2397 913 P 1 d9276c8b
SCHED-TRACE 2398 915 I 1 6ee92
SCHED-TRACE 2399 915 B 1 f3
SCHED-TRACE 2400 915 P 1 db21db22
SCHED-TRACE 2401 915 R 1 db21db22
SCHED-TRACE 2402 916 U 4 6ef01
SCHED-TRACE 2403 916 V 4 6ef52
SCHED-TRACE 2404 916 O 0 0
SCHED-TRACE 2405 916 P 1 db3228f5
SCHED-TRACE 2406 917 K 1 db3228f5
SCHED-TRACE 2407 917 P 1 db456c8b
SCHED-TRACE 2408 920 I 1 6f783
SCHED-TRACE 2409 920 B 1 f1
SCHED-TRACE 2410 920 P 1 dc7e9374
SCHED-TRACE 2411 920 R 1 dc7e9374
SCHED-TRACE 2412 921 U 4 6f7f2
SCHED-TRACE 2413 921 V 4 6f843
SCHED-TRACE 2414 921 O 0 0
SCHED-TRACE 2415 921 P 1 dc8ec8b4
SCHED-TRACE 2416 922 K 1 dc8ec8b4
SCHED-TRACE 2417 922 P 1 dca20418
SCHED-TRACE 2418 925 I 1 7018e
SCHED-TRACE 2419 925 B 1 f4
SCHED-TRACE 2420 925 P 1 de086a7e
SCHED-TRACE 2421 925 R 1 de086a7e
SCHED-TRACE 2422 926 U 4 701fb
SCHED-TRACE 2423 926 V 4 7024c
SCHED-TRACE 2424 926 O 0 0
SCHED-TRACE 2425 926 P 1 de18978d
SCHED-TRACE 2426 927 K 1 de18978d
SCHED-TRACE 2427 927 P 1 de2bcac0
SCHED-TRACE 2428 929 I 1 706ea
SCHED-TRACE 2429 929 B 1 f1
SCHED-TRACE 2430 929 P 1 ded353f7
SCHED-TRACE 2431 929 R 1 ded353f7
SCHED-TRACE 2432 930 U 4 70758
SCHED-TRACE 2433 930 V 4 707a9
SCHED-TRACE 2434 930 O 0 0
SCHED-TRACE 2435 930 P 1 dee374bc
SCHED-TRACE 2436 931 K 1 dee374bc
SCHED-TRACE 2437 931 P 1 def6b439
SCHED-TRACE 2438 935 P 83 def6b439
SCHED-TRACE 2439 935 W 83 def6b439
SCHED-TRACE 2440 935 U 4 70f0e
SCHED-TRACE 2441 935 V 4 70f64
SCHED-TRACE 2442 935 I 1 70f6d
SCHED-TRACE 2443 935 B 1 f4
SCHED-TRACE 2444 935 P 1 e0128b43
SCHED-TRACE 2445 935 R 1 e0128b43
SCHED-TRACE 2446 936 O 0 0
SCHED-TRACE 2447 936 P 1 e021a9fb
SCHED-TRACE 2448 937 K 83 def6b439
SCHED-TRACE 2449 937 P 1 e036624d
SCHED-TRACE 2450 938 P 1 e0400000
SCHED-TRACE 2451 938 U 3 711c5
SCHED-TRACE 2452 938 V 3 7156a
SCHED-TRACE 2453 938 P 83 188b6b439
SCHED-TRACE 2454 938 D 83 188b6b439
SCHED-TRACE 2455 940 K 1 e0400000
SCHED-TRACE 2456 941 U 4 71666
SCHED-TRACE 2457 941 V 4 716b6
SCHED-TRACE 2458 942 U 3 71b11
SCHED-TRACE 2459 942 V 3 71ea6
SCHED-TRACE 2460 943 P 31 e0400000
SCHED-TRACE 2461 943 W 31 e0400000
SCHED-TRACE 2462 943 U 4 71edf
SCHED-TRACE 2463 943 V 4 71f35
SCHED-TRACE 2464 943 I 1 71f3d
SCHED-TRACE 2465 943 B 1 f2
SCHED-TRACE 2466 943 P 1 e10322d0
SCHED-TRACE 2467 943 R 1 e10322d0
SCHED-TRACE 2468 944 O 0 0
SCHED-TRACE 2469 944 P 1 e11249ba
SCHED-TRACE 2470 945 K 31 e0400000
SCHED-TRACE 2471 945 P 1 e1271eb8
SCHED-TRACE 2472 946 P 1 e130bc6a
SCHED-TRACE 2473 946 P 31 e1959999
SCHED-TRACE 2474 946 D 31 e1959999
SCHED-TRACE 2475 948 K 1 e130bc6a
SCHED-TRACE 2476 949 U 3 72694
SCHED-TRACE 2477 949 V 3 72a25
SCHED-TRACE 2478 950 P 34 e130bc6a
SCHED-TRACE 2479 950 W 34 e130bc6a
SCHED-TRACE 2480 950 U 4 72a5e
SCHED-TRACE 2481 950 V 4 72ab4
SCHED-TRACE 2482 950 I 1 72abc
SCHED-TRACE 2483 950 B 1 f3
SCHED-TRACE 2484 950 P 1 e1edb645
SCHED-TRACE 2485 950 R 1 e1edb645
SCHED-TRACE 2486 951 O 0 0
SCHED-TRACE 2487 951 P 1 e1fd2b02
SCHED-TRACE 2488 952 K 34 e130bc6a
SCHED-TRACE 2489 952 P 1 e21224dd
SCHED-TRACE 2490 953 P 1 e21bcac0
SCHED-TRACE 2491 953 P 34 e2874bc6
SCHED-TRACE 2492 953 D 34 e2874bc6
SCHED-TRACE 2493 955 K 1 e21bcac0
SCHED-TRACE 2494 956 U 3 73217
SCHED-TRACE 2495 956 V 3 735a3
SCHED-TRACE 2496 957 P 37 e21bcac0
SCHED-TRACE 2497 957 W 37 e21bcac0
SCHED-TRACE 2498 957 U 4 735dc
SCHED-TRACE 2499 957 V 4 73632
SCHED-TRACE 2500 957 I 1 7363b
SCHED-TRACE 2501 957 B 1 f3
SCHED-TRACE 2502 957 P 1 e2d8cccc
SCHED-TRACE 2503 957 R 1 e2d8cccc
SCHED-TRACE 2504 958 O 0 0
SCHED-TRACE 2505 958 P 1 e2e83d70
SCHED-TRACE 2506 959 K 37 e21bcac0
SCHED-TRACE 2507 959 P 1 e2fd2b02
SCHED-TRACE 2508 960 P 1 e306d4fd
SCHED-TRACE 2509 960 P 37 e3723126
SCHED-TRACE 2510 960 D 37 e3723126
SCHED-TRACE 2511 962 K 1 e306d4fd
SCHED-TRACE 2512 963 U 3 73d95
SCHED-TRACE 2513 963 V 3 7411c
SCHED-TRACE 2514 964 P 40 e306d4fd
SCHED-TRACE 2515 964 W 40 e306d4fd
SCHED-TRACE 2516 964 U 4 74153
SCHED-TRACE 2517 964 V 4 741a7
SCHED-TRACE 2518 964 I 1 741b0
SCHED-TRACE 2519 964 B 1 f1
SCHED-TRACE 2520 964 P 1 e3c33333
SCHED-TRACE 2521 964 R 1 e3c33333
SCHED-TRACE 2522 965 O 0 0
SCHED-TRACE 2523 965 P 1 e3d2a3d7
SCHED-TRACE 2524 966 K 40 e306d4fd
SCHED-TRACE 2525 966 P 1 e3e78d4f
SCHED-TRACE 2526 967 P 1 e3f1374b
SCHED-TRACE 2527 967 P 40 e45ddf3b
SCHED-TRACE 2528 967 D 40 e45ddf3b
SCHED-TRACE 2529 969 K 1 e3f1374b
SCHED-TRACE 2530 970 U 3 7490a
SCHED-TRACE 2531 970 V 3 74c8c
SCHED-TRACE 2532 971 P 43 e3f1374b
SCHED-TRACE 2533 971 W 43 e3f1374b
SCHED-TRACE 2534 971 U 4 74cc5
SCHED-TRACE 2535 971 V 4 74d1a
SCHED-TRACE 2536 971 I 1 74d23
SCHED-TRACE 2537 971 B 1 f3
SCHED-TRACE 2538 971 P 1 e4ae1062
SCHED-TRACE 2539 971 R 1 e4ae1062
SCHED-TRACE 2540 972 O 0 0
SCHED-TRACE 2541 972 P 1 e4bd8106
SCHED-TRACE 2542 973 K 43 e3f1374b
SCHED-TRACE 2543 973 P 1 e4d27ae1
SCHED-TRACE 2544 974 P 1 e4dc24dd
SCHED-TRACE 2545 974 P 43 e5484188
SCHED-TRACE 2546 974 D 43 e5484188
SCHED-TRACE 2547 976 K 1 e4dc24dd
SCHED-TRACE 2548 977 U 3 7547d
SCHED-TRACE 2549 977 V 3 757fc
SCHED-TRACE 2550 978 P 46 e4dc24dd
SCHED-TRACE 2551 978 W 46 e4dc24dd
SCHED-TRACE 2552 978 U 4 75834
SCHED-TRACE 2553 978 V 4 7588a
SCHED-TRACE 2554 978 I 1 75892
SCHED-TRACE 2555 978 B 1 f3
SCHED-TRACE 2556 978 P 1 e598f5c2
SCHED-TRACE 2557 978 R 1 e598f5c2
SCHED-TRACE 2558 979 O 0 0
SCHED-TRACE 2559 979 P 1 e5a85e35
SCHED-TRACE 2560 980 K 46 e4dc24dd
SCHED-TRACE 2561 980 P 1 e5bd4395
SCHED-TRACE 2562 981 P 1 e5c6f1a9
SCHED-TRACE 2563 981 P 46 e6330625
SCHED-TRACE 2564 981 D 46 e6330625
SCHED-TRACE 2565 983 K 1 e5c6f1a9
SCHED-TRACE 2566 984 U 3 75fed
SCHED-TRACE 2567 984 V 3 76367
SCHED-TRACE 2568 985 P 49 e5c6f1a9
SCHED-TRACE 2569 985 W 49 e5c6f1a9
SCHED-TRACE 2570 985 U 4 763a0
SCHED-TRACE 2571 985 V 4 763f5
SCHED-TRACE 2572 985 I 1 763fe
SCHED-TRACE 2573 985 B 1 f4
SCHED-TRACE 2574 985 P 1 e6841062
SCHED-TRACE 2575 985 R 1 e6841062
SCHED-TRACE 2576 986 O 0 0
SCHED-TRACE 2577 986 P 1 e6937ced
SCHED-TRACE 2578 987 K 49 e5c6f1a9
SCHED-TRACE 2579 987 P 1 e6a86a7e
SCHED-TRACE 2580 988 P 1 e6b21062
SCHED-TRACE 2581 988 P 49 e71dfbe6
SCHED-TRACE 2582 988 D 49 e71dfbe6
SCHED-TRACE 2583 990 K 1 e6b21062
SCHED-TRACE 2584 991 U 3 76b59
SCHED-TRACE 2585 991 V 3 76ece
SCHED-TRACE 2586 992 P 52 e6b21062
SCHED-TRACE 2587 992 W 52 e6b21062
SCHED-TRACE 2588 992 U 4 76f07
SCHED-TRACE 2589 992 V 4 76f5d
SCHED-TRACE 2590 992 I 1 76f66
SCHED-TRACE 2591 992 B 1 f3
SCHED-TRACE 2592 992 P 1 e76f1687
SCHED-TRACE 2593 992 R 1 e76f1687
SCHED-TRACE 2594 993 O 0 0
SCHED-TRACE 2595 993 P 1 e77e8f5c
SCHED-TRACE 2596 994 K 52 e6b21062
SCHED-TRACE 2597 994 P 1 e7936872
SCHED-TRACE 2598 995 P 1 e79d0a3d
SCHED-TRACE 2599 995 P 52 e80824dd
SCHED-TRACE 2600 995 D 52 e80824dd
SCHED-TRACE 2601 997 K 1 e79d0a3d
SCHED-TRACE 2602 998 U 3 776c0
SCHED-TRACE 2603 998 V 3 77a31
SCHED-TRACE 2604 999 P 55 e79d0a3d
SCHED-TRACE 2605 999 W 55 e79d0a3d
SCHED-TRACE 2606 999 U 4 77a69
SCHED-TRACE 2607 999 V 4 77abf
SCHED-TRACE 2608 999 I 1 77ac8
SCHED-TRACE 2609 999 B 1 f1
SCHED-TRACE 2610 999 P 1 e85a1893
SCHED-TRACE 2611 999 R 1 e85a1893
SCHED-TRACE 2612 1000 O 0 0
SCHED-TRACE 2613 1000 P 1 e8699168
SCHED-TRACE 2614 1001 K 55 e79d0a3d
SCHED-TRACE 2615 1001 P 1 e87e9374
SCHED-TRACE 2616 1002 P 1 e8883d70
SCHED-TRACE 2617 1002 P 55 e8f3eb85
SCHED-TRACE 2618 1002 D 55 e8f3eb85
SCHED-TRACE 2619 1004 K 1 e8883d70
SCHED-TRACE 2620 1005 U 3 78224
SCHED-TRACE 2621 1005 V 3 78590
SCHED-TRACE 2622 1006 P 58 e8883d70
SCHED-TRACE 2623 1006 W 58 e8883d70
SCHED-TRACE 2624 1006 U 4 785c8
SCHED-TRACE 2625 1006 V 4 7861e
SCHED-TRACE 2626 1006 I 1 78627
SCHED-TRACE 2627 1006 B 1 f4
SCHED-TRACE 2628 1006 P 1 e9454395
SCHED-TRACE 2629 1006 R 1 e9454395
SCHED-TRACE 2630 1007 O 0 0
SCHED-TRACE 2631 1007 P 1 e954b439
SCHED-TRACE 2632 1008 K 58 e8883d70
SCHED-TRACE 2633 1008 P 1 e969a5e3
SCHED-TRACE 2634 1009 P 1 e9734fdf
SCHED-TRACE 2635 1009 P 58 e9de7ae0
SCHED-TRACE 2636 1009 D 58 e9de7ae0
SCHED-TRACE 2637 1011 K 1 e9734fdf
SCHED-TRACE 2638 1012 U 3 78d81
SCHED-TRACE 2639 1012 V 3 790e8
SCHED-TRACE 2640 1013 P 61 e9734fdf
SCHED-TRACE 2641 1013 W 61 e9734fdf
SCHED-TRACE 2642 1013 U 4 79120
SCHED-TRACE 2643 1013 V 4 79174
SCHED-TRACE 2644 1013 I 1 7917d
SCHED-TRACE 2645 1013 B 1 f3
SCHED-TRACE 2646 1013 P 1 ea2ff7ce
SCHED-TRACE 2647 1013 R 1 ea2ff7ce
SCHED-TRACE 2648 1014 O 0 0
SCHED-TRACE 2649 1014 P 1 ea3f6c8b
SCHED-TRACE 2650 1015 K 61 e9734fdf
SCHED-TRACE 2651 1015 P 1 ea545e35
SCHED-TRACE 2652 1016 P 1 ea5e0831
SCHED-TRACE 2653 1016 P 61 eaca0831
SCHED-TRACE 2654 1016 D 61 eaca0831
SCHED-TRACE 2655 1018 K 1 ea5e0831
SCHED-TRACE 2656 1019 U 3 798d7
SCHED-TRACE 2657 1019 V 3 79c39
SCHED-TRACE 2658 1020 P 64 ea5e0831
SCHED-TRACE 2659 1020 W 64 ea5e0831
SCHED-TRACE 2660 1020 U 4 79c72
SCHED-TRACE 2661 1020 V 4 79cc8
SCHED-TRACE 2662 1020 I 1 79cd0
SCHED-TRACE 2663 1020 B 1 f3
SCHED-TRACE 2664 1020 P 1 eb1ae560
SCHED-TRACE 2665 1020 R 1 eb1ae560
SCHED-TRACE 2666 1021 O 0 0
SCHED-TRACE 2667 1021 P 1 eb2a5604
SCHED-TRACE 2668 1022 K 64 ea5e0831
SCHED-TRACE 2669 1022 P 1 eb3f4bc6
SCHED-TRACE 2670 1023 P 1 eb48f9db
SCHED-TRACE 2671 1023 P 64 ebb5126f
SCHED-TRACE 2672 1023 D 64 ebb5126f
SCHED-TRACE 2673 1025 K 1 eb48f9db
SCHED-TRACE 2674 1026 U 3 7a42b
SCHED-TRACE 2675 1026 V 3 7a789
SCHED-TRACE 2676 1027 P 67 eb48f9db
SCHED-TRACE 2677 1027 W 67 eb48f9db
SCHED-TRACE 2678 1027 U 4 7a7c2
SCHED-TRACE 2679 1027 V 4 7a817
SCHED-TRACE 2680 1027 I 1 7a820
SCHED-TRACE 2681 1027 B 1 f0
SCHED-TRACE 2682 1027 P 1 ec05c6a7
SCHED-TRACE 2683 1027 R 1 ec05c6a7
SCHED-TRACE 2684 1028 O 0 0
SCHED-TRACE 2685 1028 P 1 ec153333
SCHED-TRACE 2686 1029 K 67 eb48f9db
SCHED-TRACE 2687 1029 P 1 ec2a147a
SCHED-TRACE 2688 1030 P 1 ec33b645
SCHED-TRACE 2689 1030 P 67 ec9fdb23
SCHED-TRACE 2690 1030 D 67 ec9fdb23
SCHED-TRACE 2691 1032 K 1 ec33b645
SCHED-TRACE 2692 1033 U 3 7af7a
SCHED-TRACE 2693 1033 V 3 7b2d4
SCHED-TRACE 2694 1034 P 70 ec33b645
SCHED-TRACE 2695 1034 W 70 ec33b645
SCHED-TRACE 2696 1034 U 4 7b30c
SCHED-TRACE 2697 1034 V 4 7b362
SCHED-TRACE 2698 1034 I 1 7b36b
SCHED-TRACE 2699 1034 B 1 f4
SCHED-TRACE 2700 1034 P 1 ecf0cccc
SCHED-TRACE 2701 1034 R 1 ecf0cccc
SCHED-TRACE 2702 1035 O 0 0
SCHED-TRACE 2703 1035 P 1 ed004189
SCHED-TRACE 2704 1036 K 70 ec33b645
SCHED-TRACE 2705 1036 P 1 ed153333
SCHED-TRACE 2706 1037 P 1 ed1edd2f
SCHED-TRACE 2707 1037 P 70 ed8a6e97
SCHED-TRACE 2708 1037 D 70 ed8a6e97
SCHED-TRACE 2709 1039 K 1 ed1edd2f
SCHED-TRACE 2710 1040 U 3 7bac7
SCHED-TRACE 2711 1040 V 3 7be1c
SCHED-TRACE 2712 1041 P 73 ed1edd2f
SCHED-TRACE 2713 1041 W 73 ed1edd2f
SCHED-TRACE 2714 1041 U 4 7be54
SCHED-TRACE 2715 1041 V 4 7beab
SCHED-TRACE 2716 1041 I 1 7beb3
SCHED-TRACE 2717 1041 B 1 f3
SCHED-TRACE 2718 1041 P 1 eddbfbe7
SCHED-TRACE 2719 1041 R 1 eddbfbe7
SCHED-TRACE 2720 1042 O 0 0
SCHED-TRACE 2721 1042 P 1 edeb74bc
SCHED-TRACE 2722 1043 K 73 ed1edd2f
SCHED-TRACE 2723 1043 P 1 ee0076c8
SCHED-TRACE 2724 1044 P 1 ee0a1062
SCHED-TRACE 2725 1044 P 73 ee7476c9
SCHED-TRACE 2726 1044 D 73 ee7476c9
SCHED-TRACE 2727 1046 K 1 ee0a1062
SCHED-TRACE 2728 1047 U 3 7c60c
SCHED-TRACE 2729 1047 V 3 7c95d
SCHED-TRACE 2730 1048 P 76 ee0a1062
SCHED-TRACE 2731 1048 W 76 ee0a1062
SCHED-TRACE 2732 1048 U 4 7c995
SCHED-TRACE 2733 1048 V 4 7c9ea
SCHED-TRACE 2734 1048 I 1 7c9f3
SCHED-TRACE 2735 1048 B 1 f4
SCHED-TRACE 2736 1048 P 1 eec6fdf3
SCHED-TRACE 2737 1048 R 1 eec6fdf3
SCHED-TRACE 2738 1049 O 0 0
SCHED-TRACE 2739 1049 P 1 eed672b0
SCHED-TRACE 2740 1050 K 76 ee0a1062
SCHED-TRACE 2741 1050 P 1 eeeb6872
SCHED-TRACE 2742 1051 P 1 eef51687
SCHED-TRACE 2743 1051 P 76 ef611a9f
SCHED-TRACE 2744 1051 D 76 ef611a9f
SCHED-TRACE 2745 1053 K 1 eef51687
SCHED-TRACE 2746 1054 U 3 7d14f
SCHED-TRACE 2747 1054 V 3 7d49a
SCHED-TRACE 2748 1055 P 80 eef51687
SCHED-TRACE 2749 1055 W 80 eef51687
SCHED-TRACE 2750 1055 U 4 7d4d2
SCHED-TRACE 2751 1055 V 4 7d528
SCHED-TRACE 2752 1055 I 1 7d530
SCHED-TRACE 2753 1055 B 1 f1
SCHED-TRACE 2754 1055 P 1 efb1e353
SCHED-TRACE 2755 1055 R 1 efb1e353
SCHED-TRACE 2756 1056 O 0 0
SCHED-TRACE 2757 1056 P 1 efc153f7
SCHED-TRACE 2758 1057 K 80 eef51687
SCHED-TRACE 2759 1057 P 1 efd645a1
SCHED-TRACE 2760 1058 P 1 efdff3b6
SCHED-TRACE 2761 1058 P 80 f04f97d2
SCHED-TRACE 2762 1058 D 80 f04f97d2
SCHED-TRACE 2763 1060 K 1 efdff3b6
SCHED-TRACE 2764 1061 U 3 7dc87
SCHED-TRACE 2765 1061 V 3 7dfc9
SCHED-TRACE 2766 1062 W 83 22346b439
SCHED-TRACE 2767 1062 U 4 7e000
SCHED-TRACE 2768 1062 V 4 7e050
SCHED-TRACE 2769 1062 I 1 7e059
SCHED-TRACE 2770 1062 B 76 82f
SCHED-TRACE 2771 1062 B 64 828
SCHED-TRACE 2772 1062 B 31 828
SCHED-TRACE 2773 1062 B 73 829
SCHED-TRACE 2774 1062 B 58 828
SCHED-TRACE 2775 1062 B 52 829
SCHED-TRACE 2776 1062 B 37 828
SCHED-TRACE 2777 1062 B 46 829
SCHED-TRACE 2778 1062 B 70 828
SCHED-TRACE 2779 1062 B 43 829
SCHED-TRACE 2780 1062 B 61 828
SCHED-TRACE 2781 1062 B 49 828
SCHED-TRACE 2782 1062 B 40 829
SCHED-TRACE 2783 1062 B 55 828
SCHED-TRACE 2784 1062 B 34 829
SCHED-TRACE 2785 1062 B 80 828
SCHED-TRACE 2786 1062 B 67 80f
SCHED-TRACE 2787 1062 E 67 1
SCHED-TRACE 2788 1062 B 67 56
SCHED-TRACE 2789 1062 B 67 114
SCHED-TRACE 2790 1062 P 1 f0971a9f
SCHED-TRACE 2791 1062 R 1 f0971a9f
SCHED-TRACE 2792 1063 W 80 f30cd878
SCHED-TRACE 2793 1063 W 76 f21fa9fb
SCHED-TRACE 2794 1063 W 73 f130c8b4
SCHED-TRACE 2795 1063 P 70 f0971a9f
SCHED-TRACE 2796 1063 W 70 f0971a9f
SCHED-TRACE 2797 1063 P 67 f0971a9f
SCHED-TRACE 2798 1063 W 67 f0971a9f
SCHED-TRACE 2799 1063 P 64 f0971a9f
SCHED-TRACE 2800 1063 W 64 f0971a9f
SCHED-TRACE 2801 1063 P 61 f0971a9f
SCHED-TRACE 2802 1063 W 61 f0971a9f
SCHED-TRACE 2803 1063 P 58 f0971a9f
SCHED-TRACE 2804 1063 W 58 f0971a9f
SCHED-TRACE 2805 1063 P 55 f0971a9f
SCHED-TRACE 2806 1063 W 55 f0971a9f
SCHED-TRACE 2807 1063 P 52 f0971a9f
SCHED-TRACE 2808 1063 W 52 f0971a9f
SCHED-TRACE 2809 1063 P 49 f0971a9f
SCHED-TRACE 2810 1063 W 49 f0971a9f
SCHED-TRACE 2811 1063 P 46 f0971a9f
SCHED-TRACE 2812 1063 W 46 f0971a9f
SCHED-TRACE 2813 1063 P 43 f0971a9f
SCHED-TRACE 2814 1063 W 43 f0971a9f
SCHED-TRACE 2815 1063 P 40 f0971a9f
SCHED-TRACE 2816 1063 W 40 f0971a9f
SCHED-TRACE 2817 1063 P 37 f0971a9f
SCHED-TRACE 2818 1063 W 37 f0971a9f
SCHED-TRACE 2819 1063 P 34 f0971a9f
SCHED-TRACE 2820 1063 W 34 f0971a9f
SCHED-TRACE 2821 1063 P 31 f0971a9f
SCHED-TRACE 2822 1063 W 31 f0971a9f
SCHED-TRACE 2823 1063 U 4 7f270
SCHED-TRACE 2824 1063 V 4 7f33a
SCHED-TRACE 2825 1063 O 0 0
SCHED-TRACE 2826 1063 P 1 f1068312
SCHED-TRACE 2827 1064 K 31 f0971a9f
SCHED-TRACE 2828 1064 P 1 f137a5e3
SCHED-TRACE 2829 1065 P 1 f15c2d0e
SCHED-TRACE 2830 1065 I 31 7f89a
SCHED-TRACE 2831 1065 B 31 f4
SCHED-TRACE 2832 1065 P 31 f567be76
SCHED-TRACE 2833 1065 R 31 f567be76
SCHED-TRACE 2834 1066 U 4 7f9fa
SCHED-TRACE 2835 1066 V 4 7fac4
SCHED-TRACE 2836 1066 O 0 0
SCHED-TRACE 2837 1066 P 31 f78c1062
SCHED-TRACE 2838 1067 K 34 f0971a9f
SCHED-TRACE 2839 1067 P 31 f97624dd
SCHED-TRACE 2840 1068 P 31 fae34395
SCHED-TRACE 2841 1068 I 34 80024
SCHED-TRACE 2842 1068 B 34 ec
SCHED-TRACE 2843 1068 P 34 f5681062
SCHED-TRACE 2844 1068 R 34 f5681062
SCHED-TRACE 2845 1069 U 4 8017f
SCHED-TRACE 2846 1069 V 4 80246
SCHED-TRACE 2847 1069 O 0 0
SCHED-TRACE 2848 1069 P 34 f784b439
SCHED-TRACE 2849 1070 K 37 f0971a9f
SCHED-TRACE 2850 1070 P 34 f96f4395
SCHED-TRACE 2851 1071 P 34 fadbe76c
SCHED-TRACE 2852 1071 I 37 807a5
SCHED-TRACE 2853 1071 B 37 f1
SCHED-TRACE 2854 1071 P 37 f567be77
SCHED-TRACE 2855 1071 R 37 f567be77
SCHED-TRACE 2856 1072 U 4 80904
SCHED-TRACE 2857 1072 V 4 809cd
SCHED-TRACE 2858 1072 O 0 0
SCHED-TRACE 2859 1072 P 37 f7888b43
SCHED-TRACE 2860 1073 K 40 f0971a9f
SCHED-TRACE 2861 1073 P 37 f9734395
SCHED-TRACE 2862 1074 P 37 fadfe76c
SCHED-TRACE 2863 1074 I 40 80f2c
SCHED-TRACE 2864 1074 B 40 f3
SCHED-TRACE 2865 1074 P 40 f5688b43
SCHED-TRACE 2866 1074 R 40 f5688b43
SCHED-TRACE 2867 1075 U 4 8108a
SCHED-TRACE 2868 1075 V 4 81153
SCHED-TRACE 2869 1075 O 0 0
SCHED-TRACE 2870 1075 P 40 f7874395
SCHED-TRACE 2871 1076 K 43 f0971a9f
SCHED-TRACE 2872 1076 P 40 f971d2f1
SCHED-TRACE 2873 1077 P 40 fade76c8
SCHED-TRACE 2874 1077 I 43 816b2
SCHED-TRACE 2875 1077 B 43 f2
SCHED-TRACE 2876 1077 P 43 f568624e
SCHED-TRACE 2877 1077 R 43 f568624e
SCHED-TRACE 2878 1078 U 4 81810
SCHED-TRACE 2879 1078 V 4 818d9
SCHED-TRACE 2880 1078 O 0 0
SCHED-TRACE 2881 1078 P 43 f7876c8b
SCHED-TRACE 2882 1079 K 46 f0971a9f
SCHED-TRACE 2883 1079 P 43 f971d2f1
SCHED-TRACE 2884 1080 P 43 fade4dd3
SCHED-TRACE 2885 1080 I 46 81e38
SCHED-TRACE 2886 1080 B 46 f2
SCHED-TRACE 2887 1080 P 46 f568b438
SCHED-TRACE 2888 1080 R 46 f568b438
SCHED-TRACE 2889 1081 U 4 81f96
SCHED-TRACE 2890 1081 V 4 82060
SCHED-TRACE 2891 1081 O 0 0
SCHED-TRACE 2892 1081 P 46 f787be76
SCHED-TRACE 2893 1082 K 49 f0971a9f
SCHED-TRACE 2894 1082 P 46 f971d2f1
SCHED-TRACE 2895 1083 P 46 faddfbe6
SCHED-TRACE 2896 1083 I 49 825bd
SCHED-TRACE 2897 1083 B 49 f4
SCHED-TRACE 2898 1083 P 49 f5683958
SCHED-TRACE 2899 1083 R 49 f5683958
SCHED-TRACE 2900 1084 U 4 8271b
SCHED-TRACE 2901 1084 V 4 827e5
SCHED-TRACE 2902 1084 O 0 0
SCHED-TRACE 2903 1084 P 49 f787be76
SCHED-TRACE 2904 1085 K 52 f0971a9f
SCHED-TRACE 2905 1085 P 49 f9715810
SCHED-TRACE 2906 1086 P 49 fadd8106
SCHED-TRACE 2907 1086 I 52 82d43
SCHED-TRACE 2908 1086 B 52 f2
SCHED-TRACE 2909 1086 P 52 f5690624
SCHED-TRACE 2910 1086 R 52 f5690624
SCHED-TRACE 2911 1087 U 4 82ea0
SCHED-TRACE 2912 1087 V 4 82f6a
SCHED-TRACE 2913 1087 O 0 0
SCHED-TRACE 2914 1087 P 52 f7881061
SCHED-TRACE 2915 1088 K 55 f0971a9f
SCHED-TRACE 2916 1088 P 52 f970dd2e
SCHED-TRACE 2917 1089 P 52 fadd0624
SCHED-TRACE 2918 1089 I 55 834c8
SCHED-TRACE 2919 1089 B 55 ef
SCHED-TRACE 2920 1089 P 55 f5688b43
SCHED-TRACE 2921 1089 R 55 f5688b43
SCHED-TRACE 2922 1090 U 4 83624
SCHED-TRACE 2923 1090 V 4 836ee
SCHED-TRACE 2924 1090 O 0 0
SCHED-TRACE 2925 1090 P 55 f7876c8a
SCHED-TRACE 2926 1091 K 58 f0971a9f
SCHED-TRACE 2927 1091 P 55 f971580f
SCHED-TRACE 2928 1092 P 55 fadcdd2e
SCHED-TRACE 2929 1092 I 58 83c4d
SCHED-TRACE 2930 1092 B 58 f3
SCHED-TRACE 2931 1092 P 58 f569d2f1
SCHED-TRACE 2932 1092 R 58 f569d2f1
SCHED-TRACE 2933 1093 U 4 83daa
SCHED-TRACE 2934 1093 V 4 83e74
SCHED-TRACE 2935 1093 O 0 0
SCHED-TRACE 2936 1093 P 58 f7881062
SCHED-TRACE 2937 1094 K 61 f0971a9f
SCHED-TRACE 2938 1094 P 58 f972c8b3
SCHED-TRACE 2939 1095 P 58 fadda9fb
SCHED-TRACE 2940 1095 I 61 843d2
SCHED-TRACE 2941 1095 B 61 f3
SCHED-TRACE 2942 1095 P 61 f5695810
SCHED-TRACE 2943 1095 R 61 f5695810
SCHED-TRACE 2944 1096 U 4 8452e
SCHED-TRACE 2945 1096 V 4 845f8
SCHED-TRACE 2946 1096 O 0 0
SCHED-TRACE 2947 1096 P 61 f78676c8
SCHED-TRACE 2948 1097 K 64 f0971a9f
SCHED-TRACE 2949 1097 P 61 f970b439
SCHED-TRACE 2950 1098 P 61 fadbe76c
SCHED-TRACE 2951 1098 I 64 84b56
SCHED-TRACE 2952 1098 B 64 f4
SCHED-TRACE 2953 1098 P 64 f568dd2e
SCHED-TRACE 2954 1098 R 64 f568dd2e
SCHED-TRACE 2955 1099 U 4 84cb2
SCHED-TRACE 2956 1099 V 4 84d7c
SCHED-TRACE 2957 1099 O 0 0
SCHED-TRACE 2958 1099 P 64 f7858105
SCHED-TRACE 2959 1100 K 67 f0971a9f
SCHED-TRACE 2960 1100 P 64 f96f9580
SCHED-TRACE 2961 1101 P 64 fadb4395
SCHED-TRACE 2962 1101 I 67 852da
SCHED-TRACE 2963 1101 B 67 f4
SCHED-TRACE 2964 1101 P 67 f5692f1a
SCHED-TRACE 2965 1101 R 67 f5692f1a
SCHED-TRACE 2966 1102 U 4 85436
SCHED-TRACE 2967 1102 V 4 854ff
SCHED-TRACE 2968 1102 O 0 0
SCHED-TRACE 2969 1102 P 67 f784dd2e
SCHED-TRACE 2970 1103 K 70 f0971a9f
SCHED-TRACE 2971 1103 P 67 f96e76c8
SCHED-TRACE 2972 1104 P 67 fad9d2f1
SCHED-TRACE 2973 1104 I 70 85a5d
SCHED-TRACE 2974 1104 B 70 f2
SCHED-TRACE 2975 1104 P 70 f5692f1a
SCHED-TRACE 2976 1104 R 70 f5692f1a
SCHED-TRACE 2977 1105 U 4 85bb8
SCHED-TRACE 2978 1105 V 4 85c82
SCHED-TRACE 2979 1105 O 0 0
SCHED-TRACE 2980 1105 P 70 f7855810
SCHED-TRACE 2981 1106 K 73 f130c8b4
SCHED-TRACE 2982 1106 P 70 f96fbe76
SCHED-TRACE 2983 1107 P 70 fadaf1aa
SCHED-TRACE 2984 1107 I 73 861e0
SCHED-TRACE 2985 1107 B 73 f4
SCHED-TRACE 2986 1107 P 73 f602624e
SCHED-TRACE 2987 1107 R 73 f602624e
SCHED-TRACE 2988 1108 U 4 8633b
SCHED-TRACE 2989 1108 V 4 86405
SCHED-TRACE 2990 1108 O 0 0
SCHED-TRACE 2991 1108 P 73 f81de76d
SCHED-TRACE 2992 1109 K 1 f15c2d0e
SCHED-TRACE 2993 1109 P 73 fa078106
SCHED-TRACE 2994 1110 P 73 fb72624e
SCHED-TRACE 2995 1110 P 1 f184f9db
SCHED-TRACE 2996 1110 D 1 f184f9db
SCHED-TRACE 2997 1112 K 76 f21fa9fb
SCHED-TRACE 2998 1113 U 4 86ade
SCHED-TRACE 2999 1113 V 4 86b9f
SCHED-TRACE 3000 1113 I 76 86e8b
SCHED-TRACE 3001 1113 B 76 f4
SCHED-TRACE 3002 1113 P 76 f6e9be76
SCHED-TRACE 3003 1113 R 76 f6e9be76
SCHED-TRACE 3004 1114 U 4 86fd9
SCHED-TRACE 3005 1114 V 4 8709d
SCHED-TRACE 3006 1114 O 0 0
SCHED-TRACE 3007 1114 P 76 f8f3d2f1
SCHED-TRACE 3008 1115 K 80 f30cd878
SCHED-TRACE 3009 1115 P 76 facd6c8b
SCHED-TRACE 3010 1116 P 76 fc28c8b4
SCHED-TRACE 3011 1116 I 80 875ef
SCHED-TRACE 3012 1116 B 80 f3
SCHED-TRACE 3013 1116 P 80 f7fae7fc
SCHED-TRACE 3014 1116 R 80 f7fae7fc
SCHED-TRACE 3015 1117 U 4 8773d
SCHED-TRACE 3016 1117 V 4 87801
SCHED-TRACE 3017 1117 O 0 0
SCHED-TRACE 3018 1117 P 80 fa0a191d
SCHED-TRACE 3019 1118 K 80 fa0a191d
SCHED-TRACE 3020 1118 P 80 fbe7d5e2
SCHED-TRACE 3021 1119 I 80 87d53
SCHED-TRACE 3022 1119 B 80 f3
SCHED-TRACE 3023 1119 P 80 10234c3c8
SCHED-TRACE 3024 1119 R 80 10234c3c8
SCHED-TRACE 3025 1120 U 4 87ea1
SCHED-TRACE 3026 1120 V 4 87f65
SCHED-TRACE 3027 1120 O 0 0
SCHED-TRACE 3028 1120 P 80 10444ed27
SCHED-TRACE 3029 1121 K 67 fad9d2f1
SCHED-TRACE 3030 1121 P 80 10621358f
SCHED-TRACE 3031 1122 P 80 1078066b1
SCHED-TRACE 3032 1122 I 67 884b8
SCHED-TRACE 3033 1122 B 67 f3
SCHED-TRACE 3034 1122 P 67 ffbd2f1a
SCHED-TRACE 3035 1122 R 67 ffbd2f1a
SCHED-TRACE 3036 1123 U 4 88606
SCHED-TRACE 3037 1123 V 4 886ca
SCHED-TRACE 3038 1123 O 0 0
SCHED-TRACE 3039 1123 P 67 101c81061
SCHED-TRACE 3040 1124 K 70 fadaf1aa
SCHED-TRACE 3041 1124 P 67 103a10624
SCHED-TRACE 3042 1125 P 67 104fc1061
SCHED-TRACE 3043 1125 I 70 88c1c
SCHED-TRACE 3044 1125 B 70 f4
SCHED-TRACE 3045 1125 P 70 ffbd2f1a
SCHED-TRACE 3046 1125 R 70 ffbd2f1a
SCHED-TRACE 3047 1126 U 4 88d6a
SCHED-TRACE 3048 1126 V 4 88e2e
SCHED-TRACE 3049 1126 O 0 0
SCHED-TRACE 3050 1126 P 70 101c71a9f
SCHED-TRACE 3051 1127 K 64 fadb4395
SCHED-TRACE 3052 1127 P 70 103a08b43
SCHED-TRACE 3053 1128 P 70 104fb9581
SCHED-TRACE 3054 1128 I 64 89380
SCHED-TRACE 3055 1128 B 64 f2
SCHED-TRACE 3056 1128 P 64 ffbd0624
SCHED-TRACE 3057 1128 R 64 ffbd0624
SCHED-TRACE 3058 1129 U 4 894cf
SCHED-TRACE 3059 1129 V 4 89592
SCHED-TRACE 3060 1129 O 0 0
SCHED-TRACE 3061 1129 P 64 101c7e76c
SCHED-TRACE 3062 1130 K 34 fadbe76c
SCHED-TRACE 3063 1130 P 64 103a0dd2e
SCHED-TRACE 3064 1131 P 64 104fcdd2e
SCHED-TRACE 3065 1131 I 34 89ae5
SCHED-TRACE 3066 1131 B 34 f0
SCHED-TRACE 3067 1131 P 34 ffbda9fb
SCHED-TRACE 3068 1131 R 34 ffbda9fb
SCHED-TRACE 3069 1132 U 4 89c36
SCHED-TRACE 3070 1132 V 4 89cf9
SCHED-TRACE 3071 1132 O 0 0
SCHED-TRACE 3072 1132 P 34 101cbe76c
SCHED-TRACE 3073 1133 K 61 fadbe76c
SCHED-TRACE 3074 1133 P 34 103a5d2f1
SCHED-TRACE 3075 1134 P 34 105018106
SCHED-TRACE 3076 1134 I 61 8a24c
SCHED-TRACE 3077 1134 B 61 f3
SCHED-TRACE 3078 1134 P 61 ffbda9fb
SCHED-TRACE 3079 1134 R 61 ffbda9fb
SCHED-TRACE 3080 1135 U 4 8a39b
SCHED-TRACE 3081 1135 V 4 8a45f
SCHED-TRACE 3082 1135 O 0 0
SCHED-TRACE 3083 1135 P 61 101c95810
SCHED-TRACE 3084 1136 K 55 fadcdd2e
SCHED-TRACE 3085 1136 P 61 103a2c8b4
SCHED-TRACE 3086 1137 P 61 104fe9fbe
SCHED-TRACE 3087 1137 I 55 8a9b1
SCHED-TRACE 3088 1137 B 55 f3
SCHED-TRACE 3089 1137 P 55 ffbda9fb
SCHED-TRACE 3090 1137 R 55 ffbda9fb
SCHED-TRACE 3091 1138 U 4 8ab01
SCHED-TRACE 3092 1138 V 4 8abc5
SCHED-TRACE 3093 1138 O 0 0
SCHED-TRACE 3094 1138 P 55 101caf1a9
SCHED-TRACE 3095 1139 K 52 fadd0624
SCHED-TRACE 3096 1139 P 55 103a4624d
SCHED-TRACE 3097 1140 P 55 10500624d
SCHED-TRACE 3098 1140 I 52 8b118
SCHED-TRACE 3099 1140 B 52 f3
SCHED-TRACE 3100 1140 P 52 ffbf1a9f
SCHED-TRACE 3101 1140 R 52 ffbf1a9f
SCHED-TRACE 3102 1141 U 4 8b267
SCHED-TRACE 3103 1141 V 4 8b32b
SCHED-TRACE 3104 1141 O 0 0
SCHED-TRACE 3105 1141 P 52 101cc8b43
SCHED-TRACE 3106 1142 K 49 fadd8106
SCHED-TRACE 3107 1142 P 52 103a64dd2
SCHED-TRACE 3108 1143 P 52 10501fbe6
SCHED-TRACE 3109 1143 I 49 8b87e
SCHED-TRACE 3110 1143 B 49 f4
SCHED-TRACE 3111 1143 P 49 ffbf4395
SCHED-TRACE 3112 1143 R 49 ffbf4395
SCHED-TRACE 3113 1144 U 4 8b9ce
SCHED-TRACE 3114 1144 V 4 8ba92
SCHED-TRACE 3115 1144 O 0 0
SCHED-TRACE 3116 1144 P 49 101cd5810
SCHED-TRACE 3117 1145 K 58 fadda9fb
SCHED-TRACE 3118 1145 P 49 103a7be76
SCHED-TRACE 3119 1146 P 49 105036c8b
SCHED-TRACE 3120 1146 I 58 8bfe5
SCHED-TRACE 3121 1146 B 58 f5
SCHED-TRACE 3122 1146 P 58 ffbf1a9f
SCHED-TRACE 3123 1146 R 58 ffbf1a9f
SCHED-TRACE 3124 1147 U 4 8c135
SCHED-TRACE 3125 1147 V 4 8c1f8
SCHED-TRACE 3126 1147 O 0 0
SCHED-TRACE 3127 1147 P 58 101c92f1a
SCHED-TRACE 3128 1148 K 46 faddfbe6
SCHED-TRACE 3129 1148 P 58 103a2c8b3
SCHED-TRACE 3130 1149 P 58 104fe76c8
SCHED-TRACE 3131 1149 I 46 8c74b
SCHED-TRACE 3132 1149 B 46 f3
SCHED-TRACE 3133 1149 P 46 ffc0b438
SCHED-TRACE 3134 1149 R 46 ffc0b438
SCHED-TRACE 3135 1150 U 4 8c89b
SCHED-TRACE 3136 1150 V 4 8c95e
SCHED-TRACE 3137 1150 O 0 0
SCHED-TRACE 3138 1150 P 46 101cd0624
SCHED-TRACE 3139 1151 K 43 fade4dd3
SCHED-TRACE 3140 1151 P 46 103a6c8b3
SCHED-TRACE 3141 1152 P 46 10502f1a9
SCHED-TRACE 3142 1152 I 43 8ceb1
SCHED-TRACE 3143 1152 B 43 f3
SCHED-TRACE 3144 1152 P 43 ffbf4395
SCHED-TRACE 3145 1152 R 43 ffbf4395
SCHED-TRACE 3146 1153 U 4 8d002
SCHED-TRACE 3147 1153 V 4 8d0c5
SCHED-TRACE 3148 1153 O 0 0
SCHED-TRACE 3149 1153 P 43 101cbe76c
SCHED-TRACE 3150 1154 K 40 fade76c8
SCHED-TRACE 3151 1154 P 43 103a5d2f1
SCHED-TRACE 3152 1155 P 43 10501a9fc
SCHED-TRACE 3153 1155 I 40 8d617
SCHED-TRACE 3154 1155 B 40 f3
SCHED-TRACE 3155 1155 P 40 ffbf6c8a
SCHED-TRACE 3156 1155 R 40 ffbf6c8a
SCHED-TRACE 3157 1156 U 4 8d768
SCHED-TRACE 3158 1156 V 4 8d82c
SCHED-TRACE 3159 1156 O 0 0
SCHED-TRACE 3160 1156 P 40 101cd8105
SCHED-TRACE 3161 1157 K 37 fadfe76c
SCHED-TRACE 3162 1157 P 40 103a6c8b3
SCHED-TRACE 3163 1158 P 40 10502c8b3
SCHED-TRACE 3164 1158 I 37 8dd7e
SCHED-TRACE 3165 1158 B 37 f3
SCHED-TRACE 3166 1158 P 37 ffc15810
SCHED-TRACE 3167 1158 R 37 ffc15810
SCHED-TRACE 3168 1159 U 4 8decf
SCHED-TRACE 3169 1159 V 4 8df93
SCHED-TRACE 3170 1159 O 0 0
SCHED-TRACE 3171 1159 P 37 101d0624e
SCHED-TRACE 3172 1160 K 31 fae34395
SCHED-TRACE 3173 1160 P 37 103a95810
SCHED-TRACE 3174 1161 P 37 105055810
SCHED-TRACE 3175 1161 I 31 8e4e6
SCHED-TRACE 3176 1161 B 31 f4
SCHED-TRACE 3177 1161 P 31 ffc5a9fb
SCHED-TRACE 3178 1161 R 31 ffc5a9fb
SCHED-TRACE 3179 1162 U 4 8e634
SCHED-TRACE 3180 1162 V 4 8e6f8
SCHED-TRACE 3181 1162 O 0 0
SCHED-TRACE 3182 1162 P 31 101d0624d
SCHED-TRACE 3183 1163 K 73 fb72624e
SCHED-TRACE 3184 1163 P 31 103a9fbe7
SCHED-TRACE 3185 1164 P 31 10505d2f1
SCHED-TRACE 3186 1164 I 73 8ec4b
SCHED-TRACE 3187 1164 B 73 f4
SCHED-TRACE 3188 1164 P 73 1005424dd
SCHED-TRACE 3189 1164 R 73 1005424dd
SCHED-TRACE 3190 1165 U 4 8ed9a
SCHED-TRACE 3191 1165 V 4 8ee5e
SCHED-TRACE 3192 1165 O 0 0
SCHED-TRACE 3193 1165 P 73 1025f5811
SCHED-TRACE 3194 1166 K 76 fc28c8b4
SCHED-TRACE 3195 1166 P 73 104396c8b
SCHED-TRACE 3196 1167 P 73 105951aa0
SCHED-TRACE 3197 1167 I 76 8f3b1
SCHED-TRACE 3198 1167 B 76 f1
SCHED-TRACE 3199 1167 P 76 1010a8b43
SCHED-TRACE 3200 1167 R 76 1010a8b43
SCHED-TRACE 3201 1168 U 4 8f4ff
SCHED-TRACE 3202 1168 V 4 8f5c3
SCHED-TRACE 3203 1168 O 0 0
SCHED-TRACE 3204 1168 P 76 10314f1aa
SCHED-TRACE 3205 1169 K 76 10314f1aa
SCHED-TRACE 3206 1169 P 76 104ee624d
SCHED-TRACE 3207 1170 I 76 8fb16
SCHED-TRACE 3208 1170 B 76 f2
SCHED-TRACE 3209 1170 P 76 10b2bd2f1
SCHED-TRACE 3210 1170 R 76 10b2bd2f1
SCHED-TRACE 3211 1171 U 4 8fc64
SCHED-TRACE 3212 1171 V 4 8fd28
SCHED-TRACE 3213 1171 O 0 0
SCHED-TRACE 3214 1171 P 76 10d36624d
SCHED-TRACE 3215 1172 K 70 104fb9581
SCHED-TRACE 3216 1172 P 76 10f1024dd
SCHED-TRACE 3217 1173 P 76 1106bd2f1
SCHED-TRACE 3218 1173 I 70 9027b
SCHED-TRACE 3219 1173 B 70 f4
SCHED-TRACE 3220 1173 P 70 109dd5810
SCHED-TRACE 3221 1173 R 70 109dd5810
SCHED-TRACE 3222 1174 U 4 903c9
SCHED-TRACE 3223 1174 V 4 9048d
SCHED-TRACE 3224 1174 O 0 0
SCHED-TRACE 3225 1174 P 70 10be7be76
SCHED-TRACE 3226 1175 K 67 104fc1061
SCHED-TRACE 3227 1175 P 70 10dc12f1a
SCHED-TRACE 3228 1176 P 70 10f1c8b43
SCHED-TRACE 3229 1176 I 67 909df
SCHED-TRACE 3230 1176 B 67 f3
SCHED-TRACE 3231 1176 P 67 109dda9fb
SCHED-TRACE 3232 1176 R 67 109dda9fb
SCHED-TRACE 3233 1177 U 4 90b2e
SCHED-TRACE 3234 1177 V 4 90bf2
SCHED-TRACE 3235 1177 O 0 0
SCHED-TRACE 3236 1177 P 67 10be8b439
SCHED-TRACE 3237 1178 K 64 104fcdd2e
SCHED-TRACE 3238 1178 P 67 10dc1a9fb
SCHED-TRACE 3239 1179 P 67 10f1d2f1a
SCHED-TRACE 3240 1179 I 64 91144
SCHED-TRACE 3241 1179 B 64 f3
SCHED-TRACE 3242 1179 P 64 109def1a9
SCHED-TRACE 3243 1179 R 64 109def1a9
SCHED-TRACE 3244 1180 U 4 91292
SCHED-TRACE 3245 1180 V 4 91356
SCHED-TRACE 3246 1180 O 0 0
SCHED-TRACE 3247 1180 P 64 10bea76c8
SCHED-TRACE 3248 1181 K 58 104fe76c8
SCHED-TRACE 3249 1181 P 64 10dc3e76c
SCHED-TRACE 3250 1182 P 64 10f1f9580
SCHED-TRACE 3251 1182 I 58 918a8
SCHED-TRACE 3252 1182 B 58 f5
SCHED-TRACE 3253 1182 P 58 109dfbe76
SCHED-TRACE 3254 1182 R 58 109dfbe76
SCHED-TRACE 3255 1183 U 4 919f7
SCHED-TRACE 3256 1183 V 4 91abb
SCHED-TRACE 3257 1183 O 0 0
SCHED-TRACE 3258 1183 P 58 10bec624d
SCHED-TRACE 3259 1184 K 61 104fe9fbe
SCHED-TRACE 3260 1184 P 58 10dc5a9fb
SCHED-TRACE 3261 1185 P 58 10f210624
SCHED-TRACE 3262 1185 I 61 9200e
SCHED-TRACE 3263 1185 B 61 f2
SCHED-TRACE 3264 1185 P 61 109e15810
SCHED-TRACE 3265 1185 R 61 109e15810
SCHED-TRACE 3266 1186 U 4 9215c
SCHED-TRACE 3267 1186 V 4 9221f
SCHED-TRACE 3268 1186 O 0 0
SCHED-TRACE 3269 1186 P 61 10beb4395
SCHED-TRACE 3270 1187 K 55 10500624d
SCHED-TRACE 3271 1187 P 61 10dc43958
SCHED-TRACE 3272 1188 P 61 10f1f6c8b
SCHED-TRACE 3273 1188 I 55 92771
SCHED-TRACE 3274 1188 B 55 f2
SCHED-TRACE 3275 1188 P 55 109e2f1a9
SCHED-TRACE 3276 1188 R 55 109e2f1a9
SCHED-TRACE 3277 1189 U 4 928c0
SCHED-TRACE 3278 1189 V 4 92984
SCHED-TRACE 3279 1189 O 0 0
SCHED-TRACE 3280 1189 P 55 10bee4dd2
SCHED-TRACE 3281 1190 K 34 105018106
SCHED-TRACE 3282 1190 P 55 10dc7e76b
SCHED-TRACE 3283 1191 P 55 10f23e76b
SCHED-TRACE 3284 1191 I 34 92ed6
SCHED-TRACE 3285 1191 B 34 f4
SCHED-TRACE 3286 1191 P 34 109e24dd2
SCHED-TRACE 3287 1191 R 34 109e24dd2
SCHED-TRACE 3288 1192 U 4 93027
SCHED-TRACE 3289 1192 V 4 930ea
SCHED-TRACE 3290 1192 O 0 0
SCHED-TRACE 3291 1192 P 34 10bef1a9f
SCHED-TRACE 3292 1193 K 43 10501a9fc
SCHED-TRACE 3293 1193 P 34 10dc88b43
SCHED-TRACE 3294 1194 P 34 10f241062
SCHED-TRACE 3295 1194 I 43 9363c
SCHED-TRACE 3296 1194 B 43 f4
SCHED-TRACE 3297 1194 P 43 109e36c8b
SCHED-TRACE 3298 1194 R 43 109e36c8b
SCHED-TRACE 3299 1195 U 4 9378c
SCHED-TRACE 3300 1195 V 4 93850
SCHED-TRACE 3301 1195 O 0 0
SCHED-TRACE 3302 1195 P 43 10bf0b439
SCHED-TRACE 3303 1196 K 52 10501fbe6
SCHED-TRACE 3304 1196 P 43 10dc9fbe7
SCHED-TRACE 3305 1197 P 43 10f258106
SCHED-TRACE 3306 1197 I 52 93da2
SCHED-TRACE 3307 1197 B 52 f3
SCHED-TRACE 3308 1197 P 52 109e34395
SCHED-TRACE 3309 1197 R 52 109e34395
SCHED-TRACE 3310 1198 U 4 93ef2
SCHED-TRACE 3311 1198 V 4 93fb6
SCHED-TRACE 3312 1198 O 0 0
SCHED-TRACE 3313 1198 P 52 10bf10624
SCHED-TRACE 3314 1199 K 40 10502c8b3
SCHED-TRACE 3315 1199 P 52 10dc92f1a
SCHED-TRACE 3316 1200 P 52 10f24dd2e
SCHED-TRACE 3317 1200 I 40 94508
SCHED-TRACE 3318 1200 B 40 f4
SCHED-TRACE 3319 1200 P 40 109e58105
SCHED-TRACE 3320 1200 R 40 109e58105
SCHED-TRACE 3321 1201 U 4 94658
SCHED-TRACE 3322 1201 V 4 9471c
SCHED-TRACE 3323 1201 O 0 0
SCHED-TRACE 3324 1201 P 40 10bf3be76
SCHED-TRACE 3325 1202 K 46 10502f1a9
SCHED-TRACE 3326 1202 P 40 10dccdd2e
SCHED-TRACE 3327 1203 P 40 10f283957
SCHED-TRACE 3328 1203 I 46 94c6f
SCHED-TRACE 3329 1203 B 46 f5
SCHED-TRACE 3330 1203 P 46 109e5fbe6
SCHED-TRACE 3331 1203 R 46 109e5fbe6
SCHED-TRACE 3332 1204 U 4 94dbf
SCHED-TRACE 3333 1204 V 4 94e83
SCHED-TRACE 3334 1204 O 0 0
SCHED-TRACE 3335 1204 P 46 10bf36c8a
SCHED-TRACE 3336 1205 K 49 105036c8b
SCHED-TRACE 3337 1205 P 46 10dcd2f1a
SCHED-TRACE 3338 1206 P 46 10f281061
SCHED-TRACE 3339 1206 I 49 953d6
SCHED-TRACE 3340 1206 B 49 f2
SCHED-TRACE 3341 1206 P 49 109e5fbe7
SCHED-TRACE 3342 1206 R 49 109e5fbe7
SCHED-TRACE 3343 1207 U 4 95526
SCHED-TRACE 3344 1207 V 4 955ea
SCHED-TRACE 3345 1207 O 0 0
SCHED-TRACE 3346 1207 P 49 10bf2c8b4
SCHED-TRACE 3347 1208 K 37 105055810
SCHED-TRACE 3348 1208 P 49 10dcc1062
SCHED-TRACE 3349 1209 P 49 10f274395
SCHED-TRACE 3350 1209 I 37 95b3c
SCHED-TRACE 3351 1209 B 37 f1
SCHED-TRACE 3352 1209 P 37 109e6c8b4
SCHED-TRACE 3353 1209 R 37 109e6c8b4
SCHED-TRACE 3354 1210 U 4 95c8c
SCHED-TRACE 3355 1210 V 4 95d50
SCHED-TRACE 3356 1210 O 0 0
SCHED-TRACE 3357 1210 P 37 10bf48b43
SCHED-TRACE 3358 1211 K 31 10505d2f1
SCHED-TRACE 3359 1211 P 37 10dce76c8
SCHED-TRACE 3360 1212 P 37 10f29d2f1
SCHED-TRACE 3361 1212 I 31 962a3
SCHED-TRACE 3362 1212 B 31 f5
SCHED-TRACE 3363 1212 P 31 109e83958
SCHED-TRACE 3364 1212 R 31 109e83958
SCHED-TRACE 3365 1213 U 4 963f1
SCHED-TRACE 3366 1213 V 4 964b5
SCHED-TRACE 3367 1213 O 0 0
SCHED-TRACE 3368 1213 P 31 10bf1fbe7
SCHED-TRACE 3369 1214 K 73 105951aa0
SCHED-TRACE 3370 1214 P 31 10dcbbe76
SCHED-TRACE 3371 1215 P 31 10f274395
SCHED-TRACE 3372 1215 I 73 96a08
SCHED-TRACE 3373 1215 B 73 f3
SCHED-TRACE 3374 1215 P 73 10a778106
SCHED-TRACE 3375 1215 R 73 10a778106
SCHED-TRACE 3376 1216 U 4 96b56
SCHED-TRACE 3377 1216 V 4 96c1a
SCHED-TRACE 3378 1216 O 0 0
SCHED-TRACE 3379 1216 P 73 10c823958
SCHED-TRACE 3380 1217 K 80 1078066b1
SCHED-TRACE 3381 1217 P 73 10e5b8106
SCHED-TRACE 3382 1218 P 73 10fb70625
SCHED-TRACE 3383 1218 I 80 9716d
SCHED-TRACE 3384 1218 B 80 f3
SCHED-TRACE 3385 1218 P 80 10c6f4513
SCHED-TRACE 3386 1218 R 80 10c6f4513
SCHED-TRACE 3387 1219 U 4 972ba
SCHED-TRACE 3388 1219 V 4 9737e
SCHED-TRACE 3389 1219 O 0 0
SCHED-TRACE 3390 1219 P 80 10e7ef253
SCHED-TRACE 3391 1220 K 80 10e7ef253
SCHED-TRACE 3392 1220 P 80 1105d2b37
SCHED-TRACE 3393 1221 I 80 978d1
SCHED-TRACE 3394 1221 B 80 f4
SCHED-TRACE 3395 1221 P 80 116aa953c
SCHED-TRACE 3396 1221 R 80 116aa953c
SCHED-TRACE 3397 1222 U 4 97a1f
SCHED-TRACE 3398 1222 V 4 97ae3
SCHED-TRACE 3399 1222 O 0 0
SCHED-TRACE 3400 1222 P 80 118bae7fc
SCHED-TRACE 3401 1223 K 70 10f1c8b43
SCHED-TRACE 3402 1223 P 80 11a98ce20
SCHED-TRACE 3403 1224 P 80 11bf7ac82
SCHED-TRACE 3404 1224 I 70 98036
SCHED-TRACE 3405 1224 B 70 f1
SCHED-TRACE 3406 1224 P 70 113fef1aa
SCHED-TRACE 3407 1224 R 70 113fef1aa
SCHED-TRACE 3408 1225 U 4 98182
SCHED-TRACE 3409 1225 V 4 98245
SCHED-TRACE 3410 1225 O 0 0
SCHED-TRACE 3411 1225 P 70 116069fbe
SCHED-TRACE 3412 1226 K 67 10f1d2f1a
SCHED-TRACE 3413 1226 P 70 117e01062
SCHED-TRACE 3414 1227 P 70 1193b4395
SCHED-TRACE 3415 1227 I 67 98797
SCHED-TRACE 3416 1227 B 67 f3
SCHED-TRACE 3417 1227 P 67 113ff1a9f
SCHED-TRACE 3418 1227 R 67 113ff1a9f
SCHED-TRACE 3419 1228 U 4 988e6
SCHED-TRACE 3420 1228 V 4 989a9
SCHED-TRACE 3421 1228 O 0 0
SCHED-TRACE 3422 1228 P 67 116090624
SCHED-TRACE 3423 1229 K 61 10f1f6c8b
SCHED-TRACE 3424 1229 P 67 117e2c8b3
SCHED-TRACE 3425 1230 P 67 1193e24dc
SCHED-TRACE 3426 1230 I 61 98efb
SCHED-TRACE 3427 1230 B 61 f5
SCHED-TRACE 3428 1230 P 61 11400b439
SCHED-TRACE 3429 1230 R 61 11400b439
SCHED-TRACE 3430 1231 U 4 9904a
SCHED-TRACE 3431 1231 V 4 9910d
SCHED-TRACE 3432 1231 O 0 0
SCHED-TRACE 3433 1231 P 61 1160a76c8
SCHED-TRACE 3434 1232 K 64 10f1f9580
SCHED-TRACE 3435 1232 P 61 117e43958
SCHED-TRACE 3436 1233 P 61 1193f9581
SCHED-TRACE 3437 1233 I 64 9965f
SCHED-TRACE 3438 1233 B 64 f5
SCHED-TRACE 3439 1233 P 64 114010624
SCHED-TRACE 3440 1233 R 64 114010624
SCHED-TRACE 3441 1234 U 4 997ae
SCHED-TRACE 3442 1234 V 4 99872
SCHED-TRACE 3443 1234 O 0 0
SCHED-TRACE 3444 1234 P 64 1160cb439
SCHED-TRACE 3445 1235 K 58 10f210624
SCHED-TRACE 3446 1235 P 64 117e624dc
SCHED-TRACE 3447 1236 P 64 11941a9fb
SCHED-TRACE 3448 1236 I 58 99dc5
SCHED-TRACE 3449 1236 B 58 f2
SCHED-TRACE 3450 1236 P 58 114034395
SCHED-TRACE 3451 1236 R 58 114034395
SCHED-TRACE 3452 1237 U 4 99f15
SCHED-TRACE 3453 1237 V 4 99fd9
SCHED-TRACE 3454 1237 O 0 0
SCHED-TRACE 3455 1237 P 58 116101062
SCHED-TRACE 3456 1238 K 55 10f23e76b
SCHED-TRACE 3457 1238 P 58 117e8624d
SCHED-TRACE 3458 1239 P 58 11943e76c
SCHED-TRACE 3459 1239 I 55 9a52b
SCHED-TRACE 3460 1239 B 55 f4
SCHED-TRACE 3461 1239 P 55 11406f1a9
SCHED-TRACE 3462 1239 R 55 11406f1a9
SCHED-TRACE 3463 1240 U 4 9a67a
SCHED-TRACE 3464 1240 V 4 9a73f
SCHED-TRACE 3465 1240 O 0 0
SCHED-TRACE 3466 1240 P 55 11613be76
SCHED-TRACE 3467 1241 K 34 10f241062
SCHED-TRACE 3468 1241 P 55 117ecb438
SCHED-TRACE 3469 1242 P 55 119481061
SCHED-TRACE 3470 1242 I 34 9ac91
SCHED-TRACE 3471 1242 B 34 f3
SCHED-TRACE 3472 1242 P 34 114064dd2
SCHED-TRACE 3473 1242 R 34 114064dd2
SCHED-TRACE 3474 1243 U 4 9ade2
SCHED-TRACE 3475 1243 V 4 9aea6
SCHED-TRACE 3476 1243 O 0 0
SCHED-TRACE 3477 1243 P 34 116158106
SCHED-TRACE 3478 1244 K 52 10f24dd2e
SCHED-TRACE 3479 1244 P 34 117ee4dd2
SCHED-TRACE 3480 1245 P 34 119495810
SCHED-TRACE 3481 1245 I 52 9b3f9
SCHED-TRACE 3482 1245 B 52 f0
SCHED-TRACE 3483 1245 P 52 114081061
SCHED-TRACE 3484 1245 R 52 114081061
SCHED-TRACE 3485 1246 U 4 9b549
SCHED-TRACE 3486 1246 V 4 9b60c
SCHED-TRACE 3487 1246 O 0 0
SCHED-TRACE 3488 1246 P 52 116148b43
SCHED-TRACE 3489 1247 K 43 10f258106
SCHED-TRACE 3490 1247 P 52 117ee4dd2
SCHED-TRACE 3491 1248 P 52 11949d2f1
SCHED-TRACE 3492 1248 I 43 9bb5f
SCHED-TRACE 3493 1248 B 43 f3
SCHED-TRACE 3494 1248 P 43 114071a9f
SCHED-TRACE 3495 1248 R 43 114071a9f
SCHED-TRACE 3496 1249 U 4 9bcaf
SCHED-TRACE 3497 1249 V 4 9bd73
SCHED-TRACE 3498 1249 O 0 0
SCHED-TRACE 3499 1249 P 43 11614dd2f
SCHED-TRACE 3500 1250 K 49 10f274395
SCHED-TRACE 3501 1250 P 43 117eec8b4
SCHED-TRACE 3502 1251 P 43 1194a76c8
SCHED-TRACE 3503 1251 I 49 9c2c6
SCHED-TRACE 3504 1251 B 49 f3
SCHED-TRACE 3505 1251 P 49 114083958
SCHED-TRACE 3506 1251 R 49 114083958
SCHED-TRACE 3507 1252 U 4 9c416
SCHED-TRACE 3508 1252 V 4 9c4d9
SCHED-TRACE 3509 1252 O 0 0
SCHED-TRACE 3510 1252 P 49 11614624d
SCHED-TRACE 3511 1253 K 31 10f274395
SCHED-TRACE 3512 1253 P 49 117edd2f1
SCHED-TRACE 3513 1254 P 49 119492f1a
SCHED-TRACE 3514 1254 I 31 9ca2c
SCHED-TRACE 3515 1254 B 31 f3
SCHED-TRACE 3516 1254 P 31 11409d2f1
SCHED-TRACE 3517 1254 R 31 11409d2f1
SCHED-TRACE 3518 1255 U 4 9cb7a
SCHED-TRACE 3519 1255 V 4 9cc3e
SCHED-TRACE 3520 1255 O 0 0
SCHED-TRACE 3521 1255 P 31 116136c8b
SCHED-TRACE 3522 1256 K 46 10f281061
SCHED-TRACE 3523 1256 P 31 117ecb439
SCHED-TRACE 3524 1257 P 31 119488b43
SCHED-TRACE 3525 1257 I 46 9d190
SCHED-TRACE 3526 1257 B 46 f2
SCHED-TRACE 3527 1257 P 46 114092f1a
SCHED-TRACE 3528 1257 R 46 114092f1a
SCHED-TRACE 3529 1258 U 4 9d2e0
SCHED-TRACE 3530 1258 V 4 9d3a4
SCHED-TRACE 3531 1258 O 0 0
SCHED-TRACE 3532 1258 P 46 116171a9f
SCHED-TRACE 3533 1259 K 40 10f283957
SCHED-TRACE 3534 1259 P 46 117f08b43
SCHED-TRACE 3535 1260 P 46 1194c8b43
SCHED-TRACE 3536 1260 I 40 9d8f6
SCHED-TRACE 3537 1260 B 40 f4
SCHED-TRACE 3538 1260 P 40 114092f1a
SCHED-TRACE 3539 1260 R 40 114092f1a
SCHED-TRACE 3540 1261 U 4 9da47
SCHED-TRACE 3541 1261 V 4 9db0a
SCHED-TRACE 3542 1261 O 0 0
SCHED-TRACE 3543 1261 P 40 116179580
SCHED-TRACE 3544 1262 K 37 10f29d2f1
SCHED-TRACE 3545 1262 P 40 117f0dd2e
SCHED-TRACE 3546 1263 P 40 1194cb438
SCHED-TRACE 3547 1263 I 37 9e05d
SCHED-TRACE 3548 1263 B 37 f2
SCHED-TRACE 3549 1263 P 37 1140b1a9f
SCHED-TRACE 3550 1263 R 37 1140b1a9f
SCHED-TRACE 3551 1264 U 4 9e1ac
SCHED-TRACE 3552 1264 V 4 9e270
SCHED-TRACE 3553 1264 O 0 0
SCHED-TRACE 3554 1264 P 37 116188b43
SCHED-TRACE 3555 1265 K 73 10fb70625
SCHED-TRACE 3556 1265 P 37 117f1d2f1
SCHED-TRACE 3557 1266 P 37 1194d5810
SCHED-TRACE 3558 1266 I 73 9e7c3
SCHED-TRACE 3559 1266 B 73 f0
SCHED-TRACE 3560 1266 P 73 114991aa0
SCHED-TRACE 3561 1266 R 73 114991aa0
SCHED-TRACE 3562 1267 U 4 9e911
SCHED-TRACE 3563 1267 V 4 9e9d5
SCHED-TRACE 3564 1267 O 0 0
SCHED-TRACE 3565 1267 P 73 116a3a9fc
SCHED-TRACE 3566 1268 K 76 1106bd2f1
SCHED-TRACE 3567 1268 P 73 1187d6c8b
SCHED-TRACE 3568 1269 P 73 119d8c8b4
SCHED-TRACE 3569 1269 I 76 9ef28
SCHED-TRACE 3570 1269 B 76 f4
SCHED-TRACE 3571 1269 P 76 1154dbe76
SCHED-TRACE 3572 1269 R 76 1154dbe76
SCHED-TRACE 3573 1270 U 4 9f076
SCHED-TRACE 3574 1270 V 4 9f13a
SCHED-TRACE 3575 1270 O 0 0
SCHED-TRACE 3576 1270 P 76 117568b43
SCHED-TRACE 3577 1271 K 76 117568b43
SCHED-TRACE 3578 1271 P 76 1193024dd
SCHED-TRACE 3579 1272 I 76 9f68c
SCHED-TRACE 3580 1272 B 76 f3
SCHED-TRACE 3581 1272 P 76 11f6d6c8b
SCHED-TRACE 3582 1272 R 76 11f6d6c8b
SCHED-TRACE 3583 1273 U 4 9f7db
SCHED-TRACE 3584 1273 V 4 9f89f
SCHED-TRACE 3585 1273 O 0 0
SCHED-TRACE 3586 1273 P 76 121789fbe
SCHED-TRACE 3587 1274 K 70 1193b4395
SCHED-TRACE 3588 1274 P 76 12352b439
SCHED-TRACE 3589 1275 P 76 124ae3958
SCHED-TRACE 3590 1275 I 70 9fdf2
SCHED-TRACE 3591 1275 B 70 f3
SCHED-TRACE 3592 1275 P 70 11e1d8106
SCHED-TRACE 3593 1275 R 70 11e1d8106
SCHED-TRACE 3594 1276 U 4 9ff41
SCHED-TRACE 3595 1276 V 4 a0006
SCHED-TRACE 3596 1276 O 0 0
SCHED-TRACE 3597 1276 P 70 120288b43
SCHED-TRACE 3598 1277 K 67 1193e24dc
SCHED-TRACE 3599 1277 P 70 121ffbe76
SCHED-TRACE 3600 1278 P 70 1235b1a9f
SCHED-TRACE 3601 1278 I 67 a0556
SCHED-TRACE 3602 1278 B 67 f3
SCHED-TRACE 3603 1278 P 67 11e20b439
SCHED-TRACE 3604 1278 R 67 11e20b439
SCHED-TRACE 3605 1279 U 4 a06a4
SCHED-TRACE 3606 1279 V 4 a0768
SCHED-TRACE 3607 1279 O 0 0
SCHED-TRACE 3608 1279 P 67 1202b9580
SCHED-TRACE 3609 1280 K 61 1193f9581
SCHED-TRACE 3610 1280 P 67 12204624d
SCHED-TRACE 3611 1281 P 67 123601061
SCHED-TRACE 3612 1281 I 61 a0cba
SCHED-TRACE 3613 1281 B 61 f4
SCHED-TRACE 3614 1281 P 61 11e210624
SCHED-TRACE 3615 1281 R 61 11e210624
SCHED-TRACE 3616 1282 U 4 a0e09
SCHED-TRACE 3617 1282 V 4 a0ecd
SCHED-TRACE 3618 1282 O 0 0
SCHED-TRACE 3619 1282 P 61 1202c3958
SCHED-TRACE 3620 1283 K 64 11941a9fb
SCHED-TRACE 3621 1283 P 61 12204624d
SCHED-TRACE 3622 1284 P 61 1235f6c8b
SCHED-TRACE 3623 1284 I 64 a141f
SCHED-TRACE 3624 1284 B 64 f2
SCHED-TRACE 3625 1284 P 64 11e250624
SCHED-TRACE 3626 1284 R 64 11e250624
SCHED-TRACE 3627 1285 U 4 a156d
SCHED-TRACE 3628 1285 V 4 a1631
SCHED-TRACE 3629 1285 O 0 0
SCHED-TRACE 3630 1285 P 64 1202f9580
SCHED-TRACE 3631 1286 K 58 11943e76c
SCHED-TRACE 3632 1286 P 64 122090624
SCHED-TRACE 3633 1287 P 64 123641061
SCHED-TRACE 3634 1287 I 58 a1b83
SCHED-TRACE 3635 1287 B 58 f3
SCHED-TRACE 3636 1287 P 58 11e25d2f1
SCHED-TRACE 3637 1287 R 58 11e25d2f1
SCHED-TRACE 3638 1288 U 4 a1cd2
SCHED-TRACE 3639 1288 V 4 a1d96
SCHED-TRACE 3640 1288 O 0 0
SCHED-TRACE 3641 1288 P 58 120315810
SCHED-TRACE 3642 1289 K 55 119481061
SCHED-TRACE 3643 1289 P 58 1220b1a9f
SCHED-TRACE 3644 1290 P 58 123669fbe
SCHED-TRACE 3645 1290 I 55 a22e8
SCHED-TRACE 3646 1290 B 55 f3
SCHED-TRACE 3647 1290 P 55 11e28dd2e
SCHED-TRACE 3648 1290 R 55 11e28dd2e
SCHED-TRACE 3649 1291 U 4 a2437
SCHED-TRACE 3650 1291 V 4 a24fb
SCHED-TRACE 3651 1291 O 0 0
SCHED-TRACE 3652 1291 P 55 120341061
SCHED-TRACE 3653 1292 K 31 119488b43
SCHED-TRACE 3654 1292 P 55 1220d580f
SCHED-TRACE 3655 1293 P 55 12368b438
SCHED-TRACE 3656 1293 I 31 a2a4d
SCHED-TRACE 3657 1293 B 31 f3
SCHED-TRACE 3658 1293 P 31 11e2ac8b4
SCHED-TRACE 3659 1293 R 31 11e2ac8b4
SCHED-TRACE 3660 1294 U 4 a2b9b
SCHED-TRACE 3661 1294 V 4 a2c5f
SCHED-TRACE 3662 1294 O 0 0
SCHED-TRACE 3663 1294 P 31 120343958
SCHED-TRACE 3664 1295 K 49 119492f1a
SCHED-TRACE 3665 1295 P 31 1220e24dd
SCHED-TRACE 3666 1296 P 31 12369fbe7
SCHED-TRACE 3667 1296 I 49 a31b1
SCHED-TRACE 3668 1296 B 49 f5
SCHED-TRACE 3669 1296 P 49 11e2a4dd3
SCHED-TRACE 3670 1296 R 49 11e2a4dd3
SCHED-TRACE 3671 1297 U 4 a3302
SCHED-TRACE 3672 1297 V 4 a33c6
SCHED-TRACE 3673 1297 O 0 0
SCHED-TRACE 3674 1297 P 49 12038624d
SCHED-TRACE 3675 1298 K 34 119495810
SCHED-TRACE 3676 1298 P 49 12211d2f1
SCHED-TRACE 3677 1299 P 49 1236dd2f1
SCHED-TRACE 3678 1299 I 34 a3918
SCHED-TRACE 3679 1299 B 34 f4
SCHED-TRACE 3680 1299 P 34 11e2a76c8
SCHED-TRACE 3681 1299 R 34 11e2a76c8
SCHED-TRACE 3682 1300 U 4 a3a69
SCHED-TRACE 3683 1300 V 4 a3b2d
SCHED-TRACE 3684 1300 O 0 0
SCHED-TRACE 3685 1300 P 34 120398106
SCHED-TRACE 3686 1301 K 52 11949d2f1
SCHED-TRACE 3687 1301 P 34 1221276c8
SCHED-TRACE 3688 1302 P 34 1236e24dd
SCHED-TRACE 3689 1302 I 52 a407f
SCHED-TRACE 3690 1302 B 52 f1
SCHED-TRACE 3691 1302 P 52 11e2b4395
SCHED-TRACE 3692 1302 R 52 11e2b4395
SCHED-TRACE 3693 1303 U 4 a41ce
SCHED-TRACE 3694 1303 V 4 a4291
SCHED-TRACE 3695 1303 O 0 0
SCHED-TRACE 3696 1303 P 52 120383957
SCHED-TRACE 3697 1304 K 43 1194a76c8
SCHED-TRACE 3698 1304 P 52 12211d2f1
SCHED-TRACE 3699 1305 P 52 1236d8105
SCHED-TRACE 3700 1305 I 43 a47e4
SCHED-TRACE 3701 1305 B 43 f2
SCHED-TRACE 3702 1305 P 43 11e2c1062
SCHED-TRACE 3703 1305 R 43 11e2c1062
SCHED-TRACE 3704 1306 U 4 a4935
SCHED-TRACE 3705 1306 V 4 a49f8
SCHED-TRACE 3706 1306 O 0 0
SCHED-TRACE 3707 1306 P 43 120398106
SCHED-TRACE 3708 1307 K 46 1194c8b43
SCHED-TRACE 3709 1307 P 43 122131a9f
SCHED-TRACE 3710 1308 P 43 1236ec8b4
SCHED-TRACE 3711 1308 I 46 a4f4b
SCHED-TRACE 3712 1308 B 46 f4
SCHED-TRACE 3713 1308 P 46 11e2e9fbd
SCHED-TRACE 3714 1308 R 46 11e2e9fbd
SCHED-TRACE 3715 1309 U 4 a509b
SCHED-TRACE 3716 1309 V 4 a515e
SCHED-TRACE 3717 1309 O 0 0
SCHED-TRACE 3718 1309 P 46 1203a76c8
SCHED-TRACE 3719 1310 K 40 1194cb438
SCHED-TRACE 3720 1310 P 46 12213e76c
SCHED-TRACE 3721 1311 P 46 1236fe76c
SCHED-TRACE 3722 1311 I 40 a56b1
SCHED-TRACE 3723 1311 B 40 f3
SCHED-TRACE 3724 1311 P 40 11e2e4dd2
SCHED-TRACE 3725 1311 R 40 11e2e4dd2
SCHED-TRACE 3726 1312 U 4 a5802
SCHED-TRACE 3727 1312 V 4 a58c5
SCHED-TRACE 3728 1312 O 0 0
SCHED-TRACE 3729 1312 P 40 1203be76c
SCHED-TRACE 3730 1313 K 37 1194d5810
SCHED-TRACE 3731 1313 P 40 122158105
SCHED-TRACE 3732 1314 P 40 12371580f
SCHED-TRACE 3733 1314 I 37 a5e18
SCHED-TRACE 3734 1314 B 37 f3
SCHED-TRACE 3735 1314 P 37 11e2f4395
SCHED-TRACE 3736 1314 R 37 11e2f4395
SCHED-TRACE 3737 1315 U 4 a5f69
SCHED-TRACE 3738 1315 V 4 a602d
SCHED-TRACE 3739 1315 O 0 0
SCHED-TRACE 3740 1315 P 37 1203d2f1a
SCHED-TRACE 3741 1316 K 73 119d8c8b4
SCHED-TRACE 3742 1316 P 37 12215fbe7
SCHED-TRACE 3743 1317 P 37 123718106
SCHED-TRACE 3744 1317 I 73 a657f
SCHED-TRACE 3745 1317 B 73 f5
SCHED-TRACE 3746 1317 P 73 11ebbfbe8
SCHED-TRACE 3747 1317 R 73 11ebbfbe8
SCHED-TRACE 3748 1318 U 4 a66cd
SCHED-TRACE 3749 1318 V 4 a6792
SCHED-TRACE 3750 1318 O 0 0
SCHED-TRACE 3751 1318 P 73 120c70625
SCHED-TRACE 3752 1319 K 80 11bf7ac82
SCHED-TRACE 3753 1319 P 73 1229fa9fc
SCHED-TRACE 3754 1320 P 73 123fb5811
SCHED-TRACE 3755 1320 I 80 a6ce4
SCHED-TRACE 3756 1320 B 80 f2
SCHED-TRACE 3757 1320 P 80 120e66185
SCHED-TRACE 3758 1320 R 80 120e66185
SCHED-TRACE 3759 1321 U 4 a6e32
SCHED-TRACE 3760 1321 V 4 a6ef6
SCHED-TRACE 3761 1321 O 0 0
SCHED-TRACE 3762 1321 P 80 122f5bc06
SCHED-TRACE 3763 1322 K 80 122f5bc06
SCHED-TRACE 3764 1322 P 80 124d2d34c
SCHED-TRACE 3765 1323 I 80 a7448
SCHED-TRACE 3766 1323 B 80 f1
SCHED-TRACE 3767 1323 P 80 12b209010
SCHED-TRACE 3768 1323 R 80 12b209010
SCHED-TRACE 3769 1324 U 4 a7596
SCHED-TRACE 3770 1324 V 4 a765a
SCHED-TRACE 3771 1324 O 0 0
SCHED-TRACE 3772 1324 P 80 12d2fea91
SCHED-TRACE 3773 1325 K 70 1235b1a9f
SCHED-TRACE 3774 1325 P 80 12f0e9f94
SCHED-TRACE 3775 1326 P 80 1306d7df6
SCHED-TRACE 3776 1326 I 70 a7bac
SCHED-TRACE 3777 1326 B 70 f4
SCHED-TRACE 3778 1326 P 70 1283c8b43
SCHED-TRACE 3779 1326 R 70 1283c8b43
SCHED-TRACE 3780 1327 U 4 a7cfb
SCHED-TRACE 3781 1327 V 4 a7dbf
SCHED-TRACE 3782 1327 O 0 0
SCHED-TRACE 3783 1327 P 70 12a483958
SCHED-TRACE 3784 1328 K 61 1235f6c8b
SCHED-TRACE 3785 1328 P 70 12c21fbe7
SCHED-TRACE 3786 1329 P 70 12d7cdd2f
SCHED-TRACE 3787 1329 I 61 a8312
SCHED-TRACE 3788 1329 B 61 f3
SCHED-TRACE 3789 1329 P 61 128412f1a
SCHED-TRACE 3790 1329 R 61 128412f1a
SCHED-TRACE 3791 1330 U 4 a8461
SCHED-TRACE 3792 1330 V 4 a8524
SCHED-TRACE 3793 1330 O 0 0
SCHED-TRACE 3794 1330 P 61 12a4bbe76
SCHED-TRACE 3795 1331 K 67 123601061
SCHED-TRACE 3796 1331 P 61 12c252f1a
SCHED-TRACE 3797 1332 P 61 12d808b43
SCHED-TRACE 3798 1332 I 67 a8a77
SCHED-TRACE 3799 1332 B 67 f3
SCHED-TRACE 3800 1332 P 67 128429fbe
SCHED-TRACE 3801 1332 R 67 128429fbe
SCHED-TRACE 3802 1333 U 4 a8bc6
SCHED-TRACE 3803 1333 V 4 a8c8a
SCHED-TRACE 3804 1333 O 0 0
SCHED-TRACE 3805 1333 P 67 12a4dfbe7
SCHED-TRACE 3806 1334 K 64 123641061
SCHED-TRACE 3807 1334 P 67 12c27e76c
SCHED-TRACE 3808 1335 P 67 12d836c8a
SCHED-TRACE 3809 1335 I 64 a91dc
SCHED-TRACE 3810 1335 B 64 f4
SCHED-TRACE 3811 1335 P 64 128455810
SCHED-TRACE 3812 1335 R 64 128455810
SCHED-TRACE 3813 1336 U 4 a932b
SCHED-TRACE 3814 1336 V 4 a93ef
SCHED-TRACE 3815 1336 O 0 0
SCHED-TRACE 3816 1336 P 64 12a515810
SCHED-TRACE 3817 1337 K 58 123669fbe
SCHED-TRACE 3818 1337 P 64 12c2ac8b3
SCHED-TRACE 3819 1338 P 64 12d8624dc
SCHED-TRACE 3820 1338 I 58 a9942
SCHED-TRACE 3821 1338 B 58 f4
SCHED-TRACE 3822 1338 P 58 128490624
SCHED-TRACE 3823 1338 R 58 128490624
SCHED-TRACE 3824 1339 U 4 a9a91
SCHED-TRACE 3825 1339 V 4 a9b55
SCHED-TRACE 3826 1339 O 0 0
SCHED-TRACE 3827 1339 P 58 12a54b439
SCHED-TRACE 3828 1340 K 55 12368b438
SCHED-TRACE 3829 1340 P 58 12c2dd2f1
SCHED-TRACE 3830 1341 P 58 12d898105
SCHED-TRACE 3831 1341 I 55 aa0a7
SCHED-TRACE 3832 1341 B 55 f2
SCHED-TRACE 3833 1341 P 55 1284a24dc
SCHED-TRACE 3834 1341 R 55 1284a24dc
SCHED-TRACE 3835 1342 U 4 aa1f5
SCHED-TRACE 3836 1342 V 4 aa2b9
SCHED-TRACE 3837 1342 O 0 0
SCHED-TRACE 3838 1342 P 55 12a5676c8
SCHED-TRACE 3839 1343 K 31 12369fbe7
SCHED-TRACE 3840 1343 P 55 12c2f9580
SCHED-TRACE 3841 1344 P 55 12d8a9fbd
SCHED-TRACE 3842 1344 I 31 aa80c
SCHED-TRACE 3843 1344 B 31 f1
SCHED-TRACE 3844 1344 P 31 1284cdd2f
SCHED-TRACE 3845 1344 R 31 1284cdd2f
SCHED-TRACE 3846 1345 U 4 aa959
SCHED-TRACE 3847 1345 V 4 aaa1d
SCHED-TRACE 3848 1345 O 0 0
SCHED-TRACE 3849 1345 P 31 12a5624dd
SCHED-TRACE 3850 1346 K 52 1236d8105
SCHED-TRACE 3851 1346 P 31 12c301062
SCHED-TRACE 3852 1347 P 31 12d8bbe76
SCHED-TRACE 3853 1347 I 52 aaf6f
SCHED-TRACE 3854 1347 B 52 f4
SCHED-TRACE 3855 1347 P 52 1284e4dd2
SCHED-TRACE 3856 1347 R 52 1284e4dd2
SCHED-TRACE 3857 1348 U 4 ab0bf
SCHED-TRACE 3858 1348 V 4 ab182
SCHED-TRACE 3859 1348 O 0 0
SCHED-TRACE 3860 1348 P 52 12a59a9fb
SCHED-TRACE 3861 1349 K 49 1236dd2f1
SCHED-TRACE 3862 1349 P 52 12c334395
SCHED-TRACE 3863 1350 P 52 12d8f4395
SCHED-TRACE 3864 1350 I 49 ab6d5
SCHED-TRACE 3865 1350 B 49 f3
SCHED-TRACE 3866 1350 P 49 1284f9581
SCHED-TRACE 3867 1350 R 49 1284f9581
SCHED-TRACE 3868 1351 U 4 ab826
SCHED-TRACE 3869 1351 V 4 ab8e9
SCHED-TRACE 3870 1351 O 0 0
SCHED-TRACE 3871 1351 P 49 12a5c624d
SCHED-TRACE 3872 1352 K 34 1236e24dd
SCHED-TRACE 3873 1352 P 49 12c364dd3
SCHED-TRACE 3874 1353 P 49 12d9276c8
SCHED-TRACE 3875 1353 I 34 abe3c
SCHED-TRACE 3876 1353 B 34 f4
SCHED-TRACE 3877 1353 P 34 1284fbe76
SCHED-TRACE 3878 1353 R 34 1284fbe76
SCHED-TRACE 3879 1354 U 4 abf8e
SCHED-TRACE 3880 1354 V 4 ac052
SCHED-TRACE 3881 1354 O 0 0
SCHED-TRACE 3882 1354 P 34 12a5e4dd2
SCHED-TRACE 3883 1355 K 43 1236ec8b4
SCHED-TRACE 3884 1355 P 34 12c379580
SCHED-TRACE 3885 1356 P 34 12d936c8b
SCHED-TRACE 3886 1356 I 43 ac5a3
SCHED-TRACE 3887 1356 B 43 f5
SCHED-TRACE 3888 1356 P 43 12850624e
SCHED-TRACE 3889 1356 R 43 12850624e
SCHED-TRACE 3890 1357 U 4 ac6f3
SCHED-TRACE 3891 1357 V 4 ac7b8
SCHED-TRACE 3892 1357 O 0 0
SCHED-TRACE 3893 1357 P 43 12a5ef1aa
SCHED-TRACE 3894 1358 K 46 1236fe76c
SCHED-TRACE 3895 1358 P 43 12c371a9f
SCHED-TRACE 3896 1359 P 43 12d92f1aa
SCHED-TRACE 3897 1359 I 46 acd0a
SCHED-TRACE 3898 1359 B 46 ee
SCHED-TRACE 3899 1359 P 46 128518105
SCHED-TRACE 3900 1359 R 46 128518105
SCHED-TRACE 3901 1360 U 4 ace5a
SCHED-TRACE 3902 1360 V 4 acf1d
SCHED-TRACE 3903 1360 O 0 0
SCHED-TRACE 3904 1360 P 46 12a5f4395
SCHED-TRACE 3905 1361 K 40 12371580f
SCHED-TRACE 3906 1361 P 46 12c37be76
SCHED-TRACE 3907 1362 P 46 12d934395
SCHED-TRACE 3908 1362 I 40 ad470
SCHED-TRACE 3909 1362 B 40 f2
SCHED-TRACE 3910 1362 P 40 128539580
SCHED-TRACE 3911 1362 R 40 128539580
SCHED-TRACE 3912 1363 U 4 ad5c1
SCHED-TRACE 3913 1363 V 4 ad685
SCHED-TRACE 3914 1363 O 0 0
SCHED-TRACE 3915 1363 P 40 12a62c8b3
SCHED-TRACE 3916 1364 K 37 123718106
SCHED-TRACE 3917 1364 P 40 12c3d0624
SCHED-TRACE 3918 1365 P 40 12d988b43
SCHED-TRACE 3919 1365 I 37 adbd8
SCHED-TRACE 3920 1365 B 37 f4
SCHED-TRACE 3921 1365 P 37 128536c8b
SCHED-TRACE 3922 1365 R 37 128536c8b
SCHED-TRACE 3923 1366 U 4 add29
SCHED-TRACE 3924 1366 V 4 addee
SCHED-TRACE 3925 1366 O 0 0
SCHED-TRACE 3926 1366 P 37 12a6276c8
SCHED-TRACE 3927 1367 K 73 123fb5811
SCHED-TRACE 3928 1367 P 37 12c3c3958
SCHED-TRACE 3929 1368 P 37 12d976c8b
SCHED-TRACE 3930 1368 I 73 ae341
SCHED-TRACE 3931 1368 B 73 f3
SCHED-TRACE 3932 1368 P 73 128de1062
SCHED-TRACE 3933 1368 R 73 128de1062
SCHED-TRACE 3934 1369 U 4 ae48f
SCHED-TRACE 3935 1369 V 4 ae553
SCHED-TRACE 3936 1369 O 0 0
SCHED-TRACE 3937 1369 P 73 12ae876c9
SCHED-TRACE 3938 1370 K 76 124ae3958
SCHED-TRACE 3939 1370 P 73 12cc23958
SCHED-TRACE 3940 1371 P 73 12e1de76d
SCHED-TRACE 3941 1371 I 76 aeaa6
SCHED-TRACE 3942 1371 B 76 f3
SCHED-TRACE 3943 1371 P 76 1299024dd
SCHED-TRACE 3944 1371 R 76 1299024dd
SCHED-TRACE 3945 1372 U 4 aebf5
SCHED-TRACE 3946 1372 V 4 aecb9
SCHED-TRACE 3947 1372 O 0 0
SCHED-TRACE 3948 1372 P 76 12b9b5810
SCHED-TRACE 3949 1373 K 76 12b9b5810
SCHED-TRACE 3950 1373 P 76 12d756c8b
SCHED-TRACE 3951 1374 I 76 af20c
SCHED-TRACE 3952 1374 B 76 f4
SCHED-TRACE 3953 1374 P 76 133b35810
SCHED-TRACE 3954 1374 R 76 133b35810
SCHED-TRACE 3955 1375 U 4 af35b
SCHED-TRACE 3956 1375 V 4 af41f
SCHED-TRACE 3957 1375 O 0 0
SCHED-TRACE 3958 1375 P 76 135be624d
SCHED-TRACE 3959 1376 K 70 12d7cdd2f
SCHED-TRACE 3960 1376 P 76 13797fbe7
SCHED-TRACE 3961 1377 P 76 138f3a9fb
SCHED-TRACE 3962 1377 I 70 af971
SCHED-TRACE 3963 1377 B 70 f5
SCHED-TRACE 3964 1377 P 70 1325e24dd
SCHED-TRACE 3965 1377 R 70 1325e24dd
SCHED-TRACE 3966 1378 U 4 afac0
SCHED-TRACE 3967 1378 V 4 afb84
SCHED-TRACE 3968 1378 O 0 0
SCHED-TRACE 3969 1378 P 70 13469fbe7
SCHED-TRACE 3970 1379 K 61 12d808b43
SCHED-TRACE 3971 1379 P 70 136431a9f
SCHED-TRACE 3972 1380 P 70 1379ef1aa
SCHED-TRACE 3973 1380 I 61 b00d7
SCHED-TRACE 3974 1380 B 61 f0
SCHED-TRACE 3975 1380 P 61 1326224dd
SCHED-TRACE 3976 1380 R 61 1326224dd
SCHED-TRACE 3977 1381 U 4 b0224
SCHED-TRACE 3978 1381 V 4 b02e7
SCHED-TRACE 3979 1381 O 0 0
SCHED-TRACE 3980 1381 P 61 1346cdd2f
SCHED-TRACE 3981 1382 K 67 12d836c8a
SCHED-TRACE 3982 1382 P 61 13645fbe7
SCHED-TRACE 3983 1383 P 61 137a12f1a
SCHED-TRACE 3984 1383 I 67 b083a
SCHED-TRACE 3985 1383 B 67 f4
SCHED-TRACE 3986 1383 P 67 1326676c8
SCHED-TRACE 3987 1383 R 67 1326676c8
SCHED-TRACE 3988 1384 U 4 b0988
SCHED-TRACE 3989 1384 V 4 b0a4c
SCHED-TRACE 3990 1384 O 0 0
SCHED-TRACE 3991 1384 P 67 13470b439
SCHED-TRACE 3992 1385 K 64 12d8624dc
SCHED-TRACE 3993 1385 P 67 1364a76c8
SCHED-TRACE 3994 1386 P 67 137a5d2f1
SCHED-TRACE 3995 1386 I 64 b0f9e
SCHED-TRACE 3996 1386 B 64 f4
SCHED-TRACE 3997 1386 P 64 13267be76
SCHED-TRACE 3998 1386 R 64 13267be76
SCHED-TRACE 3999 1387 U 4 b10ed
SCHED-TRACE 4000 1387 V 4 b11b0
SCHED-TRACE 4001 1387 O 0 0
SCHED-TRACE 4002 1387 P 64 13471a9fb
SCHED-TRACE 4003 1388 K 58 12d898105
SCHED-TRACE 4004 1388 P 64 1364b1a9f
SCHED-TRACE 4005 1389 P 64 137a676c8
SCHED-TRACE 4006 1389 I 58 b1703
SCHED-TRACE 4007 1389 B 58 f3
SCHED-TRACE 4008 1389 P 58 1326c3957
SCHED-TRACE 4009 1389 R 58 1326c3957
SCHED-TRACE 4010 1390 U 4 b1852
SCHED-TRACE 4011 1390 V 4 b1916
SCHED-TRACE 4012 1390 O 0 0
SCHED-TRACE 4013 1390 P 58 134774395
SCHED-TRACE 4014 1391 K 55 12d8a9fbd
SCHED-TRACE 4015 1391 P 58 13650dd2e
SCHED-TRACE 4016 1392 P 58 137ac3957
SCHED-TRACE 4017 1392 I 55 b1e68
SCHED-TRACE 4018 1392 B 55 f4
SCHED-TRACE 4019 1392 P 55 1326c624d
SCHED-TRACE 4020 1392 R 55 1326c624d
SCHED-TRACE 4021 1393 U 4 b1fb8
SCHED-TRACE 4022 1393 V 4 b207c
SCHED-TRACE 4023 1393 O 0 0
SCHED-TRACE 4024 1393 P 55 13478b438
SCHED-TRACE 4025 1394 K 31 12d8bbe76
SCHED-TRACE 4026 1394 P 55 1365276c8
SCHED-TRACE 4027 1395 P 55 137add2f1
SCHED-TRACE 4028 1395 I 31 b25ce
SCHED-TRACE 4029 1395 B 31 f5
SCHED-TRACE 4030 1395 P 31 1326e24dd
SCHED-TRACE 4031 1395 R 31 1326e24dd
SCHED-TRACE 4032 1396 U 4 b271c
SCHED-TRACE 4033 1396 V 4 b27e0
SCHED-TRACE 4034 1396 O 0 0
SCHED-TRACE 4035 1396 P 31 134783958
SCHED-TRACE 4036 1397 K 52 12d8f4395
SCHED-TRACE 4037 1397 P 31 136512f1a
SCHED-TRACE 4038 1398 P 31 137ad0624
SCHED-TRACE 4039 1398 I 52 b2d33
SCHED-TRACE 4040 1398 B 52 f3
SCHED-TRACE 4041 1398 P 52 132718105
SCHED-TRACE 4042 1398 R 52 132718105
SCHED-TRACE 4043 1399 U 4 b2e83
SCHED-TRACE 4044 1399 V 4 b2f47
SCHED-TRACE 4045 1399 O 0 0
SCHED-TRACE 4046 1399 P 52 1347f4395
SCHED-TRACE 4047 1400 K 49 12d9276c8
SCHED-TRACE 4048 1400 P 52 136571a9f
SCHED-TRACE 4049 1401 P 52 137b276c8
SCHED-TRACE 4050 1401 I 49 b349a
SCHED-TRACE 4051 1401 B 49 ed
SCHED-TRACE 4052 1401 P 49 13275a9fb
SCHED-TRACE 4053 1401 R 49 13275a9fb
SCHED-TRACE 4054 1402 U 4 b35ea
SCHED-TRACE 4055 1402 V 4 b36ae
SCHED-TRACE 4056 1402 O 0 0
SCHED-TRACE 4057 1402 P 49 134841062
SCHED-TRACE 4058 1403 K 43 12d92f1aa
SCHED-TRACE 4059 1403 P 49 1365da9fb
SCHED-TRACE 4060 1404 P 49 137b98106
SCHED-TRACE 4061 1404 I 43 b3c01
SCHED-TRACE 4062 1404 B 43 f3
SCHED-TRACE 4063 1404 P 43 13274b439
SCHED-TRACE 4064 1404 R 43 13274b439
SCHED-TRACE 4065 1405 U 4 b3d51
SCHED-TRACE 4066 1405 V 4 b3e16
SCHED-TRACE 4067 1405 O 0 0
SCHED-TRACE 4068 1405 P 43 134831a9f
SCHED-TRACE 4069 1406 K 46 12d934395
SCHED-TRACE 4070 1406 P 43 1365cdd2f
SCHED-TRACE 4071 1407 P 43 137b81062
SCHED-TRACE 4072 1407 I 46 b4368
SCHED-TRACE 4073 1407 B 46 f2
SCHED-TRACE 4074 1407 P 46 13274624d
SCHED-TRACE 4075 1407 R 46 13274624d
SCHED-TRACE 4076 1408 U 4 b44b8
SCHED-TRACE 4077 1408 V 4 b457c
SCHED-TRACE 4078 1408 O 0 0
SCHED-TRACE 4079 1408 P 46 13481d2f1
SCHED-TRACE 4080 1409 K 34 12d936c8b
SCHED-TRACE 4081 1409 P 46 1365b6c8a
SCHED-TRACE 4082 1410 P 46 137b7be76
SCHED-TRACE 4083 1410 I 34 b4acf
SCHED-TRACE 4084 1410 B 34 f3
SCHED-TRACE 4085 1410 P 34 13274dd2f
SCHED-TRACE 4086 1410 R 34 13274dd2f
SCHED-TRACE 4087 1411 U 4 b4c20
SCHED-TRACE 4088 1411 V 4 b4ce4
SCHED-TRACE 4089 1411 O 0 0
SCHED-TRACE 4090 1411 P 34 13483e76c
SCHED-TRACE 4091 1412 K 37 12d976c8b
SCHED-TRACE 4092 1412 P 34 1365dd2f1
SCHED-TRACE 4093 1413 P 34 137b9d2f1
SCHED-TRACE 4094 1413 I 37 b5237
SCHED-TRACE 4095 1413 B 37 f4
SCHED-TRACE 4096 1413 P 37 13278dd2f
SCHED-TRACE 4097 1413 R 37 13278dd2f
SCHED-TRACE 4098 1414 U 4 b5388
SCHED-TRACE 4099 1414 V 4 b544c
SCHED-TRACE 4100 1414 O 0 0
SCHED-TRACE 4101 1414 P 37 134879581
SCHED-TRACE 4102 1415 K 40 12d988b43
SCHED-TRACE 4103 1415 P 37 13660dd2f
SCHED-TRACE 4104 1416 P 37 137bcb439
SCHED-TRACE 4105 1416 I 40 b599f
SCHED-TRACE 4106 1416 B 40 f1
SCHED-TRACE 4107 1416 P 40 1327a9fbe
SCHED-TRACE 4108 1416 R 40 1327a9fbe
SCHED-TRACE 4109 1417 U 4 b5aef
SCHED-TRACE 4110 1417 V 4 b5bb3
SCHED-TRACE 4111 1417 O 0 0
SCHED-TRACE 4112 1417 P 40 134892f1a
SCHED-TRACE 4113 1418 K 73 12e1de76d
SCHED-TRACE 4114 1418 P 40 1366276c8
SCHED-TRACE 4115 1419 P 40 137be4dd2
SCHED-TRACE 4116 1419 I 73 b6106
SCHED-TRACE 4117 1419 B 73 f2
SCHED-TRACE 4118 1419 P 73 132ffa9fc
SCHED-TRACE 4119 1419 R 73 132ffa9fc
SCHED-TRACE 4120 1420 U 4 b6253
SCHED-TRACE 4121 1420 V 4 b6317
SCHED-TRACE 4122 1420 O 0 0
SCHED-TRACE 4123 1420 P 73 1350a8b44
SCHED-TRACE 4124 1421 K 80 1306d7df6
SCHED-TRACE 4125 1421 P 73 136e3fbe8
SCHED-TRACE 4126 1422 P 73 1383f5811
SCHED-TRACE 4127 1422 I 80 b686a
SCHED-TRACE 4128 1422 B 80 f3
SCHED-TRACE 4129 1422 P 80 1355c0999
SCHED-TRACE 4130 1422 R 80 1355c0999
SCHED-TRACE 4131 1423 U 4 b69b8
SCHED-TRACE 4132 1423 V 4 b6a7c
SCHED-TRACE 4133 1423 O 0 0
SCHED-TRACE 4134 1423 P 80 1376c32f9
SCHED-TRACE 4135 1424 K 80 1376c32f9
SCHED-TRACE 4136 1424 P 80 1394b115b
SCHED-TRACE 4137 1425 I 80 b6fcf
SCHED-TRACE 4138 1425 B 80 f4
SCHED-TRACE 4139 1425 P 80 13f98a4c0
SCHED-TRACE 4140 1425 R 80 13f98a4c0
SCHED-TRACE 4141 1426 U 4 b711e
SCHED-TRACE 4142 1426 V 4 b71e1
SCHED-TRACE 4143 1426 O 0 0
SCHED-TRACE 4144 1426 P 80 141a78322
SCHED-TRACE 4145 1427 K 70 1379ef1aa
SCHED-TRACE 4146 1427 P 80 14385e566
SCHED-TRACE 4147 1428 P 80 144e4ed27
SCHED-TRACE 4148 1428 I 70 b7734
SCHED-TRACE 4149 1428 B 70 f3
SCHED-TRACE 4150 1428 P 70 13c808b43
SCHED-TRACE 4151 1428 R 70 13c808b43
SCHED-TRACE 4152 1429 U 4 b7883
SCHED-TRACE 4153 1429 V 4 b7947
SCHED-TRACE 4154 1429 O 0 0
SCHED-TRACE 4155 1429 P 70 13e8af1aa
SCHED-TRACE 4156 1430 K 61 137a12f1a
SCHED-TRACE 4157 1430 P 70 14064dd2f
SCHED-TRACE 4158 1431 P 70 141c0b439
SCHED-TRACE 4159 1431 I 61 b7e99
SCHED-TRACE 4160 1431 B 61 f4
SCHED-TRACE 4161 1431 P 61 13c824dd3
SCHED-TRACE 4162 1431 R 61 13c824dd3
SCHED-TRACE 4163 1432 U 4 b7fe9
SCHED-TRACE 4164 1432 V 4 b80ad
SCHED-TRACE 4165 1432 O 0 0
SCHED-TRACE 4166 1432 P 61 13e8dfbe7
SCHED-TRACE 4167 1433 K 67 137a5d2f1
SCHED-TRACE 4168 1433 P 61 140679581
SCHED-TRACE 4169 1434 P 61 141c31a9f
SCHED-TRACE 4170 1434 I 67 b85ff
SCHED-TRACE 4171 1434 B 67 f5
SCHED-TRACE 4172 1434 P 67 13c88624d
SCHED-TRACE 4173 1434 R 67 13c88624d
SCHED-TRACE 4174 1435 U 4 b874e
SCHED-TRACE 4175 1435 V 4 b8812
SCHED-TRACE 4176 1435 O 0 0
SCHED-TRACE 4177 1435 P 67 13e92f1a9
SCHED-TRACE 4178 1436 K 64 137a676c8
SCHED-TRACE 4179 1436 P 67 1406b9580
SCHED-TRACE 4180 1437 P 67 141c71a9f
SCHED-TRACE 4181 1437 I 64 b8d64
SCHED-TRACE 4182 1437 B 64 f1
SCHED-TRACE 4183 1437 P 64 13c88dd2e
SCHED-TRACE 4184 1437 R 64 13c88dd2e
SCHED-TRACE 4185 1438 U 4 b8eb3
SCHED-TRACE 4186 1438 V 4 b8f77
SCHED-TRACE 4187 1438 O 0 0
SCHED-TRACE 4188 1438 P 64 13e94dd2e
SCHED-TRACE 4189 1439 K 58 137ac3957
SCHED-TRACE 4190 1439 P 64 1406d8105
SCHED-TRACE 4191 1440 P 64 141c92f1a
SCHED-TRACE 4192 1440 I 58 b94c9
SCHED-TRACE 4193 1440 B 58 f3
SCHED-TRACE 4194 1440 P 58 13c8e24dc
SCHED-TRACE 4195 1440 R 58 13c8e24dc
SCHED-TRACE 4196 1441 U 4 b9618
SCHED-TRACE 4197 1441 V 4 b96dc
SCHED-TRACE 4198 1441 O 0 0
SCHED-TRACE 4199 1441 P 58 13e9ac8b3
SCHED-TRACE 4200 1442 K 31 137ad0624
SCHED-TRACE 4201 1442 P 58 14073e76c
SCHED-TRACE 4202 1443 P 58 141cef1a9
SCHED-TRACE 4203 1443 I 31 b9c2f
SCHED-TRACE 4204 1443 B 31 f3
SCHED-TRACE 4205 1443 P 31 13c8f9581
SCHED-TRACE 4206 1443 R 31 13c8f9581
SCHED-TRACE 4207 1444 U 4 b9d7d
SCHED-TRACE 4208 1444 V 4 b9e41
SCHED-TRACE 4209 1444 O 0 0
SCHED-TRACE 4210 1444 P 31 13e99a9fb
SCHED-TRACE 4211 1445 K 55 137add2f1
SCHED-TRACE 4212 1445 P 31 140736c8b
SCHED-TRACE 4213 1446 P 31 141cec8b4
SCHED-TRACE 4214 1446 I 55 ba394
SCHED-TRACE 4215 1446 B 55 f3
SCHED-TRACE 4216 1446 P 55 13c901061
SCHED-TRACE 4217 1446 R 55 13c901061
SCHED-TRACE 4218 1447 U 4 ba4e4
SCHED-TRACE 4219 1447 V 4 ba5a8
SCHED-TRACE 4220 1447 O 0 0
SCHED-TRACE 4221 1447 P 55 13e9c624d
SCHED-TRACE 4222 1448 K 52 137b276c8
SCHED-TRACE 4223 1448 P 55 1407624dc
SCHED-TRACE 4224 1449 P 55 141d1a9fb
SCHED-TRACE 4225 1449 I 52 baafa
SCHED-TRACE 4226 1449 B 52 f3
SCHED-TRACE 4227 1449 P 52 13c93e76c
SCHED-TRACE 4228 1449 R 52 13c93e76c
SCHED-TRACE 4229 1450 U 4 bac4a
SCHED-TRACE 4230 1450 V 4 bad0e
SCHED-TRACE 4231 1450 O 0 0
SCHED-TRACE 4232 1450 P 52 13ea1580f
SCHED-TRACE 4233 1451 K 46 137b7be76
SCHED-TRACE 4234 1451 P 52 1407b6c8a
SCHED-TRACE 4235 1452 P 52 141d79580
SCHED-TRACE 4236 1452 I 46 bb261
SCHED-TRACE 4237 1452 B 46 f5
SCHED-TRACE 4238 1452 P 46 13c98b438
SCHED-TRACE 4239 1452 R 46 13c98b438
SCHED-TRACE 4240 1453 U 4 bb3b2
SCHED-TRACE 4241 1453 V 4 bb476
SCHED-TRACE 4242 1453 O 0 0
SCHED-TRACE 4243 1453 P 46 13ea79580
SCHED-TRACE 4244 1454 K 43 137b81062
SCHED-TRACE 4245 1454 P 46 140818105
SCHED-TRACE 4246 1455 P 46 141dda9fb
SCHED-TRACE 4247 1455 I 43 bb9c9
SCHED-TRACE 4248 1455 B 43 f3
SCHED-TRACE 4249 1455 P 43 13c98b439
SCHED-TRACE 4250 1455 R 43 13c98b439
SCHED-TRACE 4251 1456 U 4 bbb1a
SCHED-TRACE 4252 1456 V 4 bbbde
SCHED-TRACE 4253 1456 O 0 0
SCHED-TRACE 4254 1456 P 43 13ea7e76c
SCHED-TRACE 4255 1457 K 49 137b98106
SCHED-TRACE 4256 1457 P 43 140815810
SCHED-TRACE 4257 1458 P 43 141dd5810
SCHED-TRACE 4258 1458 I 49 bc131
SCHED-TRACE 4259 1458 B 49 f1
SCHED-TRACE 4260 1458 P 49 13c9a76c8
SCHED-TRACE 4261 1458 R 49 13c9a76c8
SCHED-TRACE 4262 1459 U 4 bc280
SCHED-TRACE 4263 1459 V 4 bc344
SCHED-TRACE 4264 1459 O 0 0
SCHED-TRACE 4265 1459 P 49 13ea8b439
SCHED-TRACE 4266 1460 K 34 137b9d2f1
SCHED-TRACE 4267 1460 P 49 140824dd3
SCHED-TRACE 4268 1461 P 49 141de4dd3
SCHED-TRACE 4269 1461 I 34 bc897
SCHED-TRACE 4270 1461 B 34 f4
SCHED-TRACE 4271 1461 P 34 13c9b1a9f
SCHED-TRACE 4272 1461 R 34 13c9b1a9f
SCHED-TRACE 4273 1462 U 4 bc9e8
SCHED-TRACE 4274 1462 V 4 bcaad
SCHED-TRACE 4275 1462 O 0 0
SCHED-TRACE 4276 1462 P 34 13eab6c8b
SCHED-TRACE 4277 1463 K 37 137bcb439
SCHED-TRACE 4278 1463 P 34 140855810
SCHED-TRACE 4279 1464 P 34 141e12f1a
SCHED-TRACE 4280 1464 I 37 bd000
SCHED-TRACE 4281 1464 B 37 f4
SCHED-TRACE 4282 1464 P 37 13c9f1a9f
SCHED-TRACE 4283 1464 R 37 13c9f1a9f
SCHED-TRACE 4284 1465 U 4 bd150
SCHED-TRACE 4285 1465 V 4 bd214
SCHED-TRACE 4286 1465 O 0 0
SCHED-TRACE 4287 1465 P 37 13ead2f1a
SCHED-TRACE 4288 1466 K 40 137be4dd2
SCHED-TRACE 4289 1466 P 37 14086f1aa
SCHED-TRACE 4290 1467 P 37 141e29fbe
SCHED-TRACE 4291 1467 I 40 bd767
SCHED-TRACE 4292 1467 B 40 f3
SCHED-TRACE 4293 1467 P 40 13ca0624d
SCHED-TRACE 4294 1467 R 40 13ca0624d
SCHED-TRACE 4295 1468 U 4 bd8b8
SCHED-TRACE 4296 1468 V 4 bd97c
SCHED-TRACE 4297 1468 O 0 0
SCHED-TRACE 4298 1468 P 40 13eae24dc
SCHED-TRACE 4299 1469 K 73 1383f5811
SCHED-TRACE 4300 1469 P 40 140881061
SCHED-TRACE 4301 1470 P 40 141e41061
SCHED-TRACE 4302 1470 I 73 bdece
SCHED-TRACE 4303 1470 B 73 f4
SCHED-TRACE 4304 1470 P 73 13d1fa9fc
SCHED-TRACE 4305 1470 R 73 13d1fa9fc
SCHED-TRACE 4306 1471 U 4 be01d
SCHED-TRACE 4307 1471 V 4 be0e0
SCHED-TRACE 4308 1471 O 0 0
SCHED-TRACE 4309 1471 P 73 13f284dd3
SCHED-TRACE 4310 1472 K 76 138f3a9fb
SCHED-TRACE 4311 1472 P 73 141023958
SCHED-TRACE 4312 1473 P 73 1425de76d
SCHED-TRACE 4313 1473 I 76 be632
SCHED-TRACE 4314 1473 B 76 f5
SCHED-TRACE 4315 1473 P 76 13dd54395
SCHED-TRACE 4316 1473 R 76 13dd54395
SCHED-TRACE 4317 1474 U 4 be781
SCHED-TRACE 4318 1474 V 4 be845
SCHED-TRACE 4319 1474 O 0 0
SCHED-TRACE 4320 1474 P 76 13fdf5810
SCHED-TRACE 4321 1475 K 76 13fdf5810
SCHED-TRACE 4322 1475 P 76 141b8f1aa
SCHED-TRACE 4323 1476 I 76 bed97
SCHED-TRACE 4324 1476 B 76 f3
SCHED-TRACE 4325 1476 P 76 147f63958
SCHED-TRACE 4326 1476 R 76 147f63958
SCHED-TRACE 4327 1477 U 4 beee5
SCHED-TRACE 4328 1477 V 4 befaa
SCHED-TRACE 4329 1477 O 0 0
SCHED-TRACE 4330 1477 P 76 14a019581
SCHED-TRACE 4331 1478 K 70 141c0b439
SCHED-TRACE 4332 1478 P 76 14bdab439
SCHED-TRACE 4333 1479 P 76 14d36624d
SCHED-TRACE 4334 1479 I 70 bf4fc
SCHED-TRACE 4335 1479 B 70 f4
SCHED-TRACE 4336 1479 P 70 146a276c8
SCHED-TRACE 4337 1479 R 70 146a276c8
SCHED-TRACE 4338 1480 U 4 bf64b
SCHED-TRACE 4339 1480 V 4 bf710
SCHED-TRACE 4340 1480 O 0 0
SCHED-TRACE 4341 1480 P 70 148af1a9f
SCHED-TRACE 4342 1481 K 61 141c31a9f
SCHED-TRACE 4343 1481 P 70 14a88dd2f
SCHED-TRACE 4344 1482 P 70 14be4624d
SCHED-TRACE 4345 1482 I 61 bfc62
SCHED-TRACE 4346 1482 B 61 f5
SCHED-TRACE 4347 1482 P 61 146a4624d
SCHED-TRACE 4348 1482 R 61 146a4624d
SCHED-TRACE 4349 1483 U 4 bfdb2
SCHED-TRACE 4350 1483 V 4 bfe77
SCHED-TRACE 4351 1483 O 0 0
SCHED-TRACE 4352 1483 P 61 148b24dd3
SCHED-TRACE 4353 1484 K 67 141c71a9f
SCHED-TRACE 4354 1484 P 61 14a8cb439
SCHED-TRACE 4355 1485 P 61 14be6c8b4
SCHED-TRACE 4356 1485 I 67 c03ca
SCHED-TRACE 4357 1485 B 67 f3
SCHED-TRACE 4358 1485 P 67 146aa76c8
SCHED-TRACE 4359 1485 R 67 146aa76c8
SCHED-TRACE 4360 1486 U 4 c0519
SCHED-TRACE 4361 1486 V 4 c05dc
SCHED-TRACE 4362 1486 O 0 0
SCHED-TRACE 4363 1486 P 67 148b4b439
SCHED-TRACE 4364 1487 K 64 141c92f1a
SCHED-TRACE 4365 1487 P 67 14a8dfbe7
SCHED-TRACE 4366 1488 P 67 14be90624
SCHED-TRACE 4367 1488 I 64 c0b2f
SCHED-TRACE 4368 1488 B 64 f3
SCHED-TRACE 4369 1488 P 64 146ac624d
SCHED-TRACE 4370 1488 R 64 146ac624d
SCHED-TRACE 4371 1489 U 4 c0c7e
SCHED-TRACE 4372 1489 V 4 c0d41
SCHED-TRACE 4373 1489 O 0 0
SCHED-TRACE 4374 1489 P 64 148b6c8b3
SCHED-TRACE 4375 1490 K 31 141cec8b4
SCHED-TRACE 4376 1490 P 64 14a90624d
SCHED-TRACE 4377 1491 P 64 14beb9580
SCHED-TRACE 4378 1491 I 31 c1293
SCHED-TRACE 4379 1491 B 31 f4
SCHED-TRACE 4380 1491 P 31 146b0624d
SCHED-TRACE 4381 1491 R 31 146b0624d
SCHED-TRACE 4382 1492 U 4 c13e1
SCHED-TRACE 4383 1492 V 4 c14a5
SCHED-TRACE 4384 1492 O 0 0
SCHED-TRACE 4385 1492 P 31 148b9d2f1
SCHED-TRACE 4386 1493 K 58 141cef1a9
SCHED-TRACE 4387 1493 P 31 14a92f1a9
SCHED-TRACE 4388 1494 P 31 14beec8b4
SCHED-TRACE 4389 1494 I 58 c19f7
SCHED-TRACE 4390 1494 B 58 f0
SCHED-TRACE 4391 1494 P 58 146b03957
SCHED-TRACE 4392 1494 R 58 146b03957
SCHED-TRACE 4393 1495 U 4 c1b46
SCHED-TRACE 4394 1495 V 4 c1c0a
SCHED-TRACE 4395 1495 O 0 0
SCHED-TRACE 4396 1495 P 58 148bc3957
SCHED-TRACE 4397 1496 K 55 141d1a9fb
SCHED-TRACE 4398 1496 P 58 14a955810
SCHED-TRACE 4399 1497 P 58 14bf12f1a
SCHED-TRACE 4400 1497 I 55 c215c
SCHED-TRACE 4401 1497 B 55 f3
SCHED-TRACE 4402 1497 P 55 146b31a9f
SCHED-TRACE 4403 1497 R 55 146b31a9f
SCHED-TRACE 4404 1498 U 4 c22ab
SCHED-TRACE 4405 1498 V 4 c236e
SCHED-TRACE 4406 1498 O 0 0
SCHED-TRACE 4407 1498 P 55 148bfbe76
SCHED-TRACE 4408 1499 K 52 141d79580
SCHED-TRACE 4409 1499 P 55 14a990624
SCHED-TRACE 4410 1500 P 55 14bf4dd2e
SCHED-TRACE 4411 1500 I 52 c28c1
SCHED-TRACE 4412 1500 B 52 f5
SCHED-TRACE 4413 1500 P 52 146b98105
SCHED-TRACE 4414 1500 R 52 146b98105
SCHED-TRACE 4415 1501 U 4 c2a11
SCHED-TRACE 4416 1501 V 4 c2ad5
SCHED-TRACE 4417 1501 O 0 0
SCHED-TRACE 4418 1501 P 52 148c6f1a9
SCHED-TRACE 4419 1502 K 43 141dd5810
SCHED-TRACE 4420 1502 P 52 14aa0624d
SCHED-TRACE 4421 1503 P 52 14bfc624d
SCHED-TRACE 4422 1503 I 43 c3027
SCHED-TRACE 4423 1503 B 43 f3
SCHED-TRACE 4424 1503 P 43 146be4dd3
SCHED-TRACE 4425 1503 R 43 146be4dd3
SCHED-TRACE 4426 1504 U 4 c3177
SCHED-TRACE 4427 1504 V 4 c323a
SCHED-TRACE 4428 1504 O 0 0
SCHED-TRACE 4429 1504 P 43 148cb6c8b
SCHED-TRACE 4430 1505 K 46 141dda9fb
SCHED-TRACE 4431 1505 P 43 14aa4dd2f
SCHED-TRACE 4432 1506 P 43 14c00b439
SCHED-TRACE 4433 1506 I 46 c378d
SCHED-TRACE 4434 1506 B 46 f3
SCHED-TRACE 4435 1506 P 46 146bf9580
SCHED-TRACE 4436 1506 R 46 146bf9580
SCHED-TRACE 4437 1507 U 4 c38dd
SCHED-TRACE 4438 1507 V 4 c39a1
SCHED-TRACE 4439 1507 O 0 0
SCHED-TRACE 4440 1507 P 46 148cc624d
SCHED-TRACE 4441 1508 K 49 141de4dd3
SCHED-TRACE 4442 1508 P 46 14aa624dc
SCHED-TRACE 4443 1509 P 46 14c0224dc
SCHED-TRACE 4444 1509 I 49 c3ef3
SCHED-TRACE 4445 1509 B 49 f5
SCHED-TRACE 4446 1509 P 49 146bf1a9f
SCHED-TRACE 4447 1509 R 49 146bf1a9f
SCHED-TRACE 4448 1510 U 4 c4043
SCHED-TRACE 4449 1510 V 4 c4106
SCHED-TRACE 4450 1510 O 0 0
SCHED-TRACE 4451 1510 P 49 148c98106
SCHED-TRACE 4452 1511 K 34 141e12f1a
SCHED-TRACE 4453 1511 P 49 14aa31a9f
SCHED-TRACE 4454 1512 P 49 14bff1a9f
SCHED-TRACE 4455 1512 I 34 c4658
SCHED-TRACE 4456 1512 B 34 f4
SCHED-TRACE 4457 1512 P 34 146c2f1a9
SCHED-TRACE 4458 1512 R 34 146c2f1a9
SCHED-TRACE 4459 1513 U 4 c47a9
SCHED-TRACE 4460 1513 V 4 c486d
SCHED-TRACE 4461 1513 O 0 0
SCHED-TRACE 4462 1513 P 34 148d18106
SCHED-TRACE 4463 1514 K 37 141e29fbe
SCHED-TRACE 4464 1514 P 34 14aaa76c8
SCHED-TRACE 4465 1515 P 34 14c064dd2
SCHED-TRACE 4466 1515 I 37 c4dbf
SCHED-TRACE 4467 1515 B 37 f1
SCHED-TRACE 4468 1515 P 37 146c3e76c
SCHED-TRACE 4469 1515 R 37 146c3e76c
SCHED-TRACE 4470 1516 U 4 c4f10
SCHED-TRACE 4471 1516 V 4 c4fd4
SCHED-TRACE 4472 1516 O 0 0
SCHED-TRACE 4473 1516 P 37 148d2f1aa
SCHED-TRACE 4474 1517 K 40 141e41061
SCHED-TRACE 4475 1517 P 37 14aabbe77
SCHED-TRACE 4476 1518 P 37 14c076c8b
SCHED-TRACE 4477 1518 I 40 c5526
SCHED-TRACE 4478 1518 B 40 f5
SCHED-TRACE 4479 1518 P 40 146c624dc
SCHED-TRACE 4480 1518 R 40 146c624dc
SCHED-TRACE 4481 1519 U 4 c5677
SCHED-TRACE 4482 1519 V 4 c573b
SCHED-TRACE 4483 1519 O 0 0
SCHED-TRACE 4484 1519 P 40 148d4b438
SCHED-TRACE 4485 1520 K 73 1425de76d
SCHED-TRACE 4486 1520 P 40 14aadd2f1
SCHED-TRACE 4487 1521 P 40 14c092f1a
SCHED-TRACE 4488 1521 I 73 c5c8d
SCHED-TRACE 4489 1521 B 73 f4
SCHED-TRACE 4490 1521 P 73 1473fd2f2
SCHED-TRACE 4491 1521 R 73 1473fd2f2
SCHED-TRACE 4492 1522 U 4 c5ddb
SCHED-TRACE 4493 1522 V 4 c5ea0
SCHED-TRACE 4494 1522 O 0 0
SCHED-TRACE 4495 1522 P 73 1494b5811
SCHED-TRACE 4496 1523 K 80 144e4ed27
SCHED-TRACE 4497 1523 P 73 14b249fbf
SCHED-TRACE 4498 1524 P 73 14c7f8106
SCHED-TRACE 4499 1524 I 80 c63f3
SCHED-TRACE 4500 1524 B 80 f4
SCHED-TRACE 4501 1524 P 80 149d53fe7
SCHED-TRACE 4502 1524 R 80 149d53fe7
SCHED-TRACE 4503 1525 U 4 c6541
SCHED-TRACE 4504 1525 V 4 c6605
SCHED-TRACE 4505 1525 O 0 0
SCHED-TRACE 4506 1525 P 80 14be49a68
SCHED-TRACE 4507 1526 K 70 14be4624d
SCHED-TRACE 4508 1526 P 80 14dc2fcab
SCHED-TRACE 4509 1527 P 80 14f21b1ae
SCHED-TRACE 4510 1527 I 70 c6b58
SCHED-TRACE 4511 1527 B 70 f4
SCHED-TRACE 4512 1527 P 70 150c69fbe
SCHED-TRACE 4513 1527 R 70 150c69fbe
SCHED-TRACE 4514 1528 U 4 c6ca7
SCHED-TRACE 4515 1528 V 4 c6d6b
SCHED-TRACE 4516 1528 O 0 0
SCHED-TRACE 4517 1528 P 70 152d18106
SCHED-TRACE 4518 1529 K 61 14be6c8b4
SCHED-TRACE 4519 1529 P 70 154ab6c8b
SCHED-TRACE 4520 1530 P 70 156074395
SCHED-TRACE 4521 1530 I 61 c72bd
SCHED-TRACE 4522 1530 B 61 f4
SCHED-TRACE 4523 1530 P 61 150c79581
SCHED-TRACE 4524 1530 R 61 150c79581
SCHED-TRACE 4525 1531 U 4 c740c
SCHED-TRACE 4526 1531 V 4 c74d0
SCHED-TRACE 4527 1531 O 0 0
SCHED-TRACE 4528 1531 P 61 152d2c8b4
SCHED-TRACE 4529 1532 K 67 14be90624
SCHED-TRACE 4530 1532 P 61 154ac624d
SCHED-TRACE 4531 1533 P 61 15607e76c
SCHED-TRACE 4532 1533 I 67 c7a22
SCHED-TRACE 4533 1533 B 67 f2
SCHED-TRACE 4534 1533 P 67 150c9fbe7
SCHED-TRACE 4535 1533 R 67 150c9fbe7
SCHED-TRACE 4536 1534 U 4 c7b71
SCHED-TRACE 4537 1534 V 4 c7c35
SCHED-TRACE 4538 1534 O 0 0
SCHED-TRACE 4539 1534 P 67 152d58105
SCHED-TRACE 4540 1535 K 64 14beb9580
SCHED-TRACE 4541 1535 P 67 154ae9fbe
SCHED-TRACE 4542 1536 P 67 1560a24dc
SCHED-TRACE 4543 1536 I 64 c8187
SCHED-TRACE 4544 1536 B 64 f0
SCHED-TRACE 4545 1536 P 64 150cc624d
SCHED-TRACE 4546 1536 R 64 150cc624d
SCHED-TRACE 4547 1537 U 4 c82d4
SCHED-TRACE 4548 1537 V 4 c8398
SCHED-TRACE 4549 1537 O 0 0
SCHED-TRACE 4550 1537 P 64 152d76c8a
SCHED-TRACE 4551 1538 K 31 14beec8b4
SCHED-TRACE 4552 1538 P 64 154b0b439
SCHED-TRACE 4553 1539 P 64 1560c1061
SCHED-TRACE 4554 1539 I 31 c88ea
SCHED-TRACE 4555 1539 B 31 f5
SCHED-TRACE 4556 1539 P 31 150d0b439
SCHED-TRACE 4557 1539 R 31 150d0b439
SCHED-TRACE 4558 1540 U 4 c8a38
SCHED-TRACE 4559 1540 V 4 c8afb
SCHED-TRACE 4560 1540 O 0 0
SCHED-TRACE 4561 1540 P 31 152da9fbe
SCHED-TRACE 4562 1541 K 58 14bf12f1a
SCHED-TRACE 4563 1541 P 31 154b41062
SCHED-TRACE 4564 1542 P 31 1560fe76c
SCHED-TRACE 4565 1542 I 58 c904e
SCHED-TRACE 4566 1542 B 58 f3
SCHED-TRACE 4567 1542 P 58 150d2c8b3
SCHED-TRACE 4568 1542 R 58 150d2c8b3
SCHED-TRACE 4569 1543 U 4 c919d
SCHED-TRACE 4570 1543 V 4 c9260
SCHED-TRACE 4571 1543 O 0 0
SCHED-TRACE 4572 1543 P 58 152de76c8
SCHED-TRACE 4573 1544 K 55 14bf4dd2e
SCHED-TRACE 4574 1544 P 58 154b8624d
SCHED-TRACE 4575 1545 P 58 156143957
SCHED-TRACE 4576 1545 I 55 c97b3
SCHED-TRACE 4577 1545 B 55 f4
SCHED-TRACE 4578 1545 P 55 150d69fbd
SCHED-TRACE 4579 1545 R 55 150d69fbd
SCHED-TRACE 4580 1546 U 4 c9903
SCHED-TRACE 4581 1546 V 4 c99c7
SCHED-TRACE 4582 1546 O 0 0
SCHED-TRACE 4583 1546 P 55 152e3be76
SCHED-TRACE 4584 1547 K 52 14bfc624d
SCHED-TRACE 4585 1547 P 55 154bd8105
SCHED-TRACE 4586 1548 P 55 15619580f
SCHED-TRACE 4587 1548 I 52 c9f1a
SCHED-TRACE 4588 1548 B 52 f5
SCHED-TRACE 4589 1548 P 52 150ddd2f1
SCHED-TRACE 4590 1548 R 52 150ddd2f1
SCHED-TRACE 4591 1549 U 4 ca06a
SCHED-TRACE 4592 1549 V 4 ca12d
SCHED-TRACE 4593 1549 O 0 0
SCHED-TRACE 4594 1549 P 52 152e88b43
SCHED-TRACE 4595 1550 K 49 14bff1a9f
SCHED-TRACE 4596 1550 P 52 154c1fbe6
SCHED-TRACE 4597 1551 P 52 1561dd2f1
SCHED-TRACE 4598 1551 I 49 ca67f
SCHED-TRACE 4599 1551 B 49 f2
SCHED-TRACE 4600 1551 P 49 150e0624d
SCHED-TRACE 4601 1551 R 49 150e0624d
SCHED-TRACE 4602 1552 U 4 ca7d0
SCHED-TRACE 4603 1552 V 4 ca893
SCHED-TRACE 4604 1552 O 0 0
SCHED-TRACE 4605 1552 P 49 152ee24dd
SCHED-TRACE 4606 1553 K 43 14c00b439
SCHED-TRACE 4607 1553 P 49 154c81062
SCHED-TRACE 4608 1554 P 49 156243958
SCHED-TRACE 4609 1554 I 43 cade6
SCHED-TRACE 4610 1554 B 43 f3
SCHED-TRACE 4611 1554 P 43 150e1d2f1
SCHED-TRACE 4612 1554 R 43 150e1d2f1
SCHED-TRACE 4613 1555 U 4 caf37
SCHED-TRACE 4614 1555 V 4 caffc
SCHED-TRACE 4615 1555 O 0 0
SCHED-TRACE 4616 1555 P 43 152f15810
SCHED-TRACE 4617 1556 K 46 14c0224dc
SCHED-TRACE 4618 1556 P 43 154ca4dd3
SCHED-TRACE 4619 1557 P 43 156264dd3
SCHED-TRACE 4620 1557 I 46 cb54e
SCHED-TRACE 4621 1557 B 46 f4
SCHED-TRACE 4622 1557 P 46 150e3e76c
SCHED-TRACE 4623 1557 R 46 150e3e76c
SCHED-TRACE 4624 1558 U 4 cb69f
SCHED-TRACE 4625 1558 V 4 cb763
SCHED-TRACE 4626 1558 O 0 0
SCHED-TRACE 4627 1558 P 46 152f2f1a9
SCHED-TRACE 4628 1559 K 34 14c064dd2
SCHED-TRACE 4629 1559 P 46 154cc8b43
SCHED-TRACE 4630 1560 P 46 156290624
SCHED-TRACE 4631 1560 I 34 cbcb6
SCHED-TRACE 4632 1560 B 34 f5
SCHED-TRACE 4633 1560 P 34 150e79580
SCHED-TRACE 4634 1560 R 34 150e79580
SCHED-TRACE 4635 1561 U 4 cbe08
SCHED-TRACE 4636 1561 V 4 cbecc
SCHED-TRACE 4637 1561 O 0 0
SCHED-TRACE 4638 1561 P 34 152f7e76c
SCHED-TRACE 4639 1562 K 37 14c076c8b
SCHED-TRACE 4640 1562 P 34 154d0624d
SCHED-TRACE 4641 1563 P 34 1562bbe76
SCHED-TRACE 4642 1563 I 37 cc41f
SCHED-TRACE 4643 1563 B 37 f4
SCHED-TRACE 4644 1563 P 37 150eac8b4
SCHED-TRACE 4645 1563 R 37 150eac8b4
SCHED-TRACE 4646 1564 U 4 cc570
SCHED-TRACE 4647 1564 V 4 cc634
SCHED-TRACE 4648 1564 O 0 0
SCHED-TRACE 4649 1564 P 37 152f98106
SCHED-TRACE 4650 1565 K 40 14c092f1a
SCHED-TRACE 4651 1565 P 37 154d39581
SCHED-TRACE 4652 1566 P 37 1562f1a9f
SCHED-TRACE 4653 1566 I 40 ccb86
SCHED-TRACE 4654 1566 B 40 f6
SCHED-TRACE 4655 1566 P 40 150ea24dc
SCHED-TRACE 4656 1566 R 40 150ea24dc
SCHED-TRACE 4657 1567 U 4 cccd7
SCHED-TRACE 4658 1567 V 4 ccd9b
SCHED-TRACE 4659 1567 O 0 0
SCHED-TRACE 4660 1567 P 40 152f8b438
SCHED-TRACE 4661 1568 K 73 14c7f8106
SCHED-TRACE 4662 1568 P 40 154d276c8
SCHED-TRACE 4663 1569 P 40 1562e76c8
SCHED-TRACE 4664 1569 I 73 cd2ee
SCHED-TRACE 4665 1569 B 73 f3
SCHED-TRACE 4666 1569 P 73 15160f1aa
SCHED-TRACE 4667 1569 R 73 15160f1aa
SCHED-TRACE 4668 1570 U 4 cd43c
SCHED-TRACE 4669 1570 V 4 cd500
SCHED-TRACE 4670 1570 O 0 0
SCHED-TRACE 4671 1570 P 73 1536b0625
SCHED-TRACE 4672 1571 K 76 14d36624d
SCHED-TRACE 4673 1571 P 73 155444dd3
SCHED-TRACE 4674 1572 P 73 1569ffbe8
SCHED-TRACE 4675 1572 I 76 cda53
SCHED-TRACE 4676 1572 B 76 f1
SCHED-TRACE 4677 1572 P 76 152189fbe
SCHED-TRACE 4678 1572 R 76 152189fbe
SCHED-TRACE 4679 1573 U 4 cdba1
SCHED-TRACE 4680 1573 V 4 cdc65
SCHED-TRACE 4681 1573 O 0 0
SCHED-TRACE 4682 1573 P 76 15422dd2f
SCHED-TRACE 4683 1574 K 80 14f21b1ae
SCHED-TRACE 4684 1574 P 76 155fc9fbe
SCHED-TRACE 4685 1575 P 76 157584dd3
SCHED-TRACE 4686 1575 I 80 ce1b7
SCHED-TRACE 4687 1575 B 80 f4
SCHED-TRACE 4688 1575 P 80 1540ef253
SCHED-TRACE 4689 1575 R 80 1540ef253
SCHED-TRACE 4690 1576 U 4 ce305
SCHED-TRACE 4691 1576 V 4 ce3ca
SCHED-TRACE 4692 1576 O 0 0
SCHED-TRACE 4693 1576 P 80 1561ec8f4
SCHED-TRACE 4694 1577 K 70 156074395
SCHED-TRACE 4695 1577 P 80 157fcd878
SCHED-TRACE 4696 1578 P 80 1595be03a
SCHED-TRACE 4697 1578 I 70 ce91c
SCHED-TRACE 4698 1578 B 70 f3
SCHED-TRACE 4699 1578 P 70 15ae92f1a
SCHED-TRACE 4700 1578 R 70 15ae92f1a
SCHED-TRACE 4701 1579 U 4 cea6a
SCHED-TRACE 4702 1579 V 4 ceb2f
SCHED-TRACE 4703 1579 O 0 0
SCHED-TRACE 4704 1579 P 70 15cf4b439
SCHED-TRACE 4705 1580 K 61 15607e76c
SCHED-TRACE 4706 1580 P 70 15ece24dd
SCHED-TRACE 4707 1581 P 70 16029a9fc
SCHED-TRACE 4708 1581 I 61 cf081
SCHED-TRACE 4709 1581 B 61 f2
SCHED-TRACE 4710 1581 P 61 15ae92f1a
SCHED-TRACE 4711 1581 R 61 15ae92f1a
SCHED-TRACE 4712 1582 U 4 cf1d0
SCHED-TRACE 4713 1582 V 4 cf294
SCHED-TRACE 4714 1582 O 0 0
SCHED-TRACE 4715 1582 P 61 15cf5d2f1
SCHED-TRACE 4716 1583 K 67 1560a24dc
SCHED-TRACE 4717 1583 P 61 15ecfbe76
SCHED-TRACE 4718 1584 P 61 1602b1a9f
SCHED-TRACE 4719 1584 I 67 cf7e7
SCHED-TRACE 4720 1584 B 67 f3
SCHED-TRACE 4721 1584 P 67 15aec624d
SCHED-TRACE 4722 1584 R 67 15aec624d
SCHED-TRACE 4723 1585 U 4 cf936
SCHED-TRACE 4724 1585 V 4 cf9fa
SCHED-TRACE 4725 1585 O 0 0
SCHED-TRACE 4726 1585 P 67 15cf81061
SCHED-TRACE 4727 1586 K 64 1560c1061
SCHED-TRACE 4728 1586 P 67 15ed1fbe7
SCHED-TRACE 4729 1587 P 67 1602d8105
SCHED-TRACE 4730 1587 I 64 cff4d
SCHED-TRACE 4731 1587 B 64 f5
SCHED-TRACE 4732 1587 P 64 15aed8105
SCHED-TRACE 4733 1587 R 64 15aed8105
SCHED-TRACE 4734 1588 U 4 d009c
SCHED-TRACE 4735 1588 V 4 d015e
SCHED-TRACE 4736 1588 O 0 0
SCHED-TRACE 4737 1588 P 64 15cf34395
SCHED-TRACE 4738 1589 K 31 1560fe76c
SCHED-TRACE 4739 1589 P 64 15ecc3957
SCHED-TRACE 4740 1590 P 64 160279580
SCHED-TRACE 4741 1590 I 31 d06af
SCHED-TRACE 4742 1590 B 31 f2
SCHED-TRACE 4743 1590 P 31 15af18106
SCHED-TRACE 4744 1590 R 31 15af18106
SCHED-TRACE 4745 1591 U 4 d07fd
SCHED-TRACE 4746 1591 V 4 d08c0
SCHED-TRACE 4747 1591 O 0 0
SCHED-TRACE 4748 1591 P 31 15cfa9fbe
SCHED-TRACE 4749 1592 K 58 156143957
SCHED-TRACE 4750 1592 P 31 15ed3e76c
SCHED-TRACE 4751 1593 P 31 1602fbe76
SCHED-TRACE 4752 1593 I 58 d0e13
SCHED-TRACE 4753 1593 B 58 f1
SCHED-TRACE 4754 1593 P 58 15af624dc
SCHED-TRACE 4755 1593 R 58 15af624dc
SCHED-TRACE 4756 1594 U 4 d0f63
SCHED-TRACE 4757 1594 V 4 d1026
SCHED-TRACE 4758 1594 O 0 0
SCHED-TRACE 4759 1594 P 58 15d0224dc
SCHED-TRACE 4760 1595 K 55 15619580f
SCHED-TRACE 4761 1595 P 58 15edb1a9f
SCHED-TRACE 4762 1596 P 58 16036f1a9
SCHED-TRACE 4763 1596 I 55 d1578
SCHED-TRACE 4764 1596 B 55 f4
SCHED-TRACE 4765 1596 P 55 15afac8b3
SCHED-TRACE 4766 1596 R 55 15afac8b3
SCHED-TRACE 4767 1597 U 4 d16c8
SCHED-TRACE 4768 1597 V 4 d178c
SCHED-TRACE 4769 1597 O 0 0
SCHED-TRACE 4770 1597 P 55 15d081061
SCHED-TRACE 4771 1598 K 52 1561dd2f1
SCHED-TRACE 4772 1598 P 55 15ee12f1a
SCHED-TRACE 4773 1599 P 55 1603d2f1a
SCHED-TRACE 4774 1599 I 52 d1cdf
SCHED-TRACE 4775 1599 B 52 f3
SCHED-TRACE 4776 1599 P 52 15b001061
SCHED-TRACE 4777 1599 R 52 15b001061
SCHED-TRACE 4778 1600 U 4 d1e2f
SCHED-TRACE 4779 1600 V 4 d1ef3
SCHED-TRACE 4780 1600 O 0 0
SCHED-TRACE 4781 1600 P 52 15d0dfbe6
SCHED-TRACE 4782 1601 K 49 156243958
SCHED-TRACE 4783 1601 P 52 15ee676c8
SCHED-TRACE 4784 1602 P 52 16041fbe6
SCHED-TRACE 4785 1602 I 49 d2446
SCHED-TRACE 4786 1602 B 49 f3
SCHED-TRACE 4787 1602 P 49 15b074395
SCHED-TRACE 4788 1602 R 49 15b074395
SCHED-TRACE 4789 1603 U 4 d2596
SCHED-TRACE 4790 1603 V 4 d265a
SCHED-TRACE 4791 1603 O 0 0
SCHED-TRACE 4792 1603 P 49 15d14dd2f
SCHED-TRACE 4793 1604 K 43 156264dd3
SCHED-TRACE 4794 1604 P 49 15eeef1aa
SCHED-TRACE 4795 1605 P 49 1604a9fbe
SCHED-TRACE 4796 1605 I 43 d2bad
SCHED-TRACE 4797 1605 B 43 f4
SCHED-TRACE 4798 1605 P 43 15b07e76c
SCHED-TRACE 4799 1605 R 43 15b07e76c
SCHED-TRACE 4800 1606 U 4 d2cfe
SCHED-TRACE 4801 1606 V 4 d2dc2
SCHED-TRACE 4802 1606 O 0 0
SCHED-TRACE 4803 1606 P 43 15d1676c8
SCHED-TRACE 4804 1607 K 46 156290624
SCHED-TRACE 4805 1607 P 43 15ef08b43
SCHED-TRACE 4806 1608 P 43 1604c1062
SCHED-TRACE 4807 1608 I 46 d3315
SCHED-TRACE 4808 1608 B 46 f5
SCHED-TRACE 4809 1608 P 46 15b0a4dd2
SCHED-TRACE 4810 1608 R 46 15b0a4dd2
SCHED-TRACE 4811 1609 U 4 d3466
SCHED-TRACE 4812 1609 V 4 d3529
SCHED-TRACE 4813 1609 O 0 0
SCHED-TRACE 4814 1609 P 46 15d176c8a
SCHED-TRACE 4815 1610 K 34 1562bbe76
SCHED-TRACE 4816 1610 P 46 15ef10624
SCHED-TRACE 4817 1611 P 46 1604d2f1a
SCHED-TRACE 4818 1611 I 34 d3a7c
SCHED-TRACE 4819 1611 B 34 f2
SCHED-TRACE 4820 1611 P 34 15b0d2f1a
SCHED-TRACE 4821 1611 R 34 15b0d2f1a
SCHED-TRACE 4822 1612 U 4 d3bcd
SCHED-TRACE 4823 1612 V 4 d3c92
SCHED-TRACE 4824 1612 O 0 0
SCHED-TRACE 4825 1612 P 34 15d1d2f1a
SCHED-TRACE 4826 1613 K 40 1562e76c8
SCHED-TRACE 4827 1613 P 34 15ef76c8b
SCHED-TRACE 4828 1614 P 34 160539580
SCHED-TRACE 4829 1614 I 40 d41e4
SCHED-TRACE 4830 1614 B 40 f3
SCHED-TRACE 4831 1614 P 40 15b0e9fbe
SCHED-TRACE 4832 1614 R 40 15b0e9fbe
SCHED-TRACE 4833 1615 U 4 d4335
SCHED-TRACE 4834 1615 V 4 d43f9
SCHED-TRACE 4835 1615 O 0 0
SCHED-TRACE 4836 1615 P 40 15d1d8105
SCHED-TRACE 4837 1616 K 37 1562f1a9f
SCHED-TRACE 4838 1616 P 40 15ef6f1a9
SCHED-TRACE 4839 1617 P 40 16052c8b3
SCHED-TRACE 4840 1617 I 37 d494c
SCHED-TRACE 4841 1617 B 37 f4
SCHED-TRACE 4842 1617 P 37 15b112f1a
SCHED-TRACE 4843 1617 R 37 15b112f1a
SCHED-TRACE 4844 1618 U 4 d4a9d
SCHED-TRACE 4845 1618 V 4 d4b61
SCHED-TRACE 4846 1618 O 0 0
SCHED-TRACE 4847 1618 P 37 15d201062
SCHED-TRACE 4848 1619 K 73 1569ffbe8
SCHED-TRACE 4849 1619 P 37 15ef98106
SCHED-TRACE 4850 1620 P 37 160558106
SCHED-TRACE 4851 1620 I 73 d50b3
SCHED-TRACE 4852 1620 B 73 f3
SCHED-TRACE 4853 1620 P 73 15b80f1aa
SCHED-TRACE 4854 1620 R 73 15b80f1aa
SCHED-TRACE 4855 1621 U 4 d5201
SCHED-TRACE 4856 1621 V 4 d52c5
SCHED-TRACE 4857 1621 O 0 0
SCHED-TRACE 4858 1621 P 73 15d8bd2f2
SCHED-TRACE 4859 1622 K 76 157584dd3
SCHED-TRACE 4860 1622 P 73 15f654396
SCHED-TRACE 4861 1623 P 73 160c0c8b4
SCHED-TRACE 4862 1623 I 76 d5817
SCHED-TRACE 4863 1623 B 76 f4
SCHED-TRACE 4864 1623 P 76 15c396c8b
SCHED-TRACE 4865 1623 R 76 15c396c8b
SCHED-TRACE 4866 1624 U 4 d5965
SCHED-TRACE 4867 1624 V 4 d5a29
SCHED-TRACE 4868 1624 O 0 0
SCHED-TRACE 4869 1624 P 76 15e438106
SCHED-TRACE 4870 1625 K 80 1595be03a
SCHED-TRACE 4871 1625 P 76 1601d6c8b
SCHED-TRACE 4872 1626 P 76 16178f1aa
SCHED-TRACE 4873 1626 I 80 d5f7b
SCHED-TRACE 4874 1626 B 80 f4
SCHED-TRACE 4875 1626 P 80 15e499cfe
SCHED-TRACE 4876 1626 R 80 15e499cfe
SCHED-TRACE 4877 1627 U 4 d60c9
SCHED-TRACE 4878 1627 V 4 d618c
SCHED-TRACE 4879 1627 O 0 0
SCHED-TRACE 4880 1627 P 80 160568ae4
SCHED-TRACE 4881 1628 K 64 160279580
SCHED-TRACE 4882 1628 P 80 162347108
SCHED-TRACE 4883 1629 P 80 16393cb8a
SCHED-TRACE 4884 1629 I 64 d66de
SCHED-TRACE 4885 1629 B 64 f0
SCHED-TRACE 4886 1629 P 64 16508624d
SCHED-TRACE 4887 1629 R 64 16508624d
SCHED-TRACE 4888 1630 U 4 d682d
SCHED-TRACE 4889 1630 V 4 d68f0
SCHED-TRACE 4890 1630 O 0 0
SCHED-TRACE 4891 1630 P 64 1671276c8
SCHED-TRACE 4892 1631 K 70 16029a9fc
SCHED-TRACE 4893 1631 P 64 168ebe76c
SCHED-TRACE 4894 1632 P 64 16a476c8a
SCHED-TRACE 4895 1632 I 70 d6e42
SCHED-TRACE 4896 1632 B 70 f2
SCHED-TRACE 4897 1632 P 70 1650b1a9f
SCHED-TRACE 4898 1632 R 70 1650b1a9f
SCHED-TRACE 4899 1633 U 4 d6f91
SCHED-TRACE 4900 1633 V 4 d7055
SCHED-TRACE 4901 1633 O 0 0
SCHED-TRACE 4902 1633 P 70 1671676c8
SCHED-TRACE 4903 1634 K 61 1602b1a9f
SCHED-TRACE 4904 1634 P 70 168efe76c
SCHED-TRACE 4905 1635 P 70 16a4bbe76
SCHED-TRACE 4906 1635 I 61 d75a7
SCHED-TRACE 4907 1635 B 61 f4
SCHED-TRACE 4908 1635 P 61 1650c3958
SCHED-TRACE 4909 1635 R 61 1650c3958
SCHED-TRACE 4910 1636 U 4 d76f6
SCHED-TRACE 4911 1636 V 4 d77bb
SCHED-TRACE 4912 1636 O 0 0
SCHED-TRACE 4913 1636 P 61 167198106
SCHED-TRACE 4914 1637 K 67 1602d8105
SCHED-TRACE 4915 1637 P 61 168f2c8b4
SCHED-TRACE 4916 1638 P 61 16a4e4dd3
SCHED-TRACE 4917 1638 I 67 d7d0d
SCHED-TRACE 4918 1638 B 67 f4
SCHED-TRACE 4919 1638 P 67 1650ec8b3
SCHED-TRACE 4920 1638 R 67 1650ec8b3
SCHED-TRACE 4921 1639 U 4 d7e5c
SCHED-TRACE 4922 1639 V 4 d7f20
SCHED-TRACE 4923 1639 O 0 0
SCHED-TRACE 4924 1639 P 67 1671af1a9
SCHED-TRACE 4925 1640 K 31 1602fbe76
SCHED-TRACE 4926 1640 P 67 168f2f1a9
SCHED-TRACE 4927 1641 P 67 16a4d5810
SCHED-TRACE 4928 1641 I 31 d8473
SCHED-TRACE 4929 1641 B 31 f3
SCHED-TRACE 4930 1641 P 31 16513e76c
SCHED-TRACE 4931 1641 R 31 16513e76c
SCHED-TRACE 4932 1642 U 4 d85c1
SCHED-TRACE 4933 1642 V 4 d8685
SCHED-TRACE 4934 1642 O 0 0
SCHED-TRACE 4935 1642 P 31 1671e9fbe
SCHED-TRACE 4936 1643 K 58 16036f1a9
SCHED-TRACE 4937 1643 P 31 168f8dd2f
SCHED-TRACE 4938 1644 P 31 16a548b43
SCHED-TRACE 4939 1644 I 58 d8bd8
SCHED-TRACE 4940 1644 B 58 f5
SCHED-TRACE 4941 1644 P 58 165188b43
SCHED-TRACE 4942 1644 R 58 165188b43
SCHED-TRACE 4943 1645 U 4 d8d28
SCHED-TRACE 4944 1645 V 4 d8dec
SCHED-TRACE 4945 1645 O 0 0
SCHED-TRACE 4946 1645 P 58 16725a9fb
SCHED-TRACE 4947 1646 K 55 1603d2f1a
SCHED-TRACE 4948 1646 P 58 168ff6c8a
SCHED-TRACE 4949 1647 P 58 16a5af1a9
SCHED-TRACE 4950 1647 I 55 d933f
SCHED-TRACE 4951 1647 B 55 f3
SCHED-TRACE 4952 1647 P 55 1651e76c8
SCHED-TRACE 4953 1647 R 55 1651e76c8
SCHED-TRACE 4954 1648 U 4 d948f
SCHED-TRACE 4955 1648 V 4 d9553
SCHED-TRACE 4956 1648 O 0 0
SCHED-TRACE 4957 1648 P 55 1672af1a9
SCHED-TRACE 4958 1649 K 52 16041fbe6
SCHED-TRACE 4959 1649 P 55 16903be76
SCHED-TRACE 4960 1650 P 55 16a5fbe76
SCHED-TRACE 4961 1650 I 52 d9aa5
SCHED-TRACE 4962 1650 B 52 ee
SCHED-TRACE 4963 1650 P 52 165229fbe
SCHED-TRACE 4964 1650 R 52 165229fbe
SCHED-TRACE 4965 1651 U 4 d9bf5
SCHED-TRACE 4966 1651 V 4 d9cb9
SCHED-TRACE 4967 1651 O 0 0
SCHED-TRACE 4968 1651 P 52 16730b438
SCHED-TRACE 4969 1652 K 49 1604a9fbe
SCHED-TRACE 4970 1652 P 52 1690ac8b3
SCHED-TRACE 4971 1653 P 52 16a66f1a9
SCHED-TRACE 4972 1653 I 49 da20c
SCHED-TRACE 4973 1653 B 49 f3
SCHED-TRACE 4974 1653 P 49 1652b9581
SCHED-TRACE 4975 1653 R 49 1652b9581
SCHED-TRACE 4976 1654 U 4 da35d
SCHED-TRACE 4977 1654 V 4 da421
SCHED-TRACE 4978 1654 O 0 0
SCHED-TRACE 4979 1654 P 49 167398106
SCHED-TRACE 4980 1655 K 43 1604c1062
SCHED-TRACE 4981 1655 P 49 169131a9f
SCHED-TRACE 4982 1656 P 49 16a6f4395
SCHED-TRACE 4983 1656 I 43 da973
SCHED-TRACE 4984 1656 B 43 f4
SCHED-TRACE 4985 1656 P 43 1652d2f1a
SCHED-TRACE 4986 1656 R 43 1652d2f1a
SCHED-TRACE 4987 1657 U 4 daac3
SCHED-TRACE 4988 1657 V 4 dab88
SCHED-TRACE 4989 1657 O 0 0
SCHED-TRACE 4990 1657 P 43 1673be76c
SCHED-TRACE 4991 1658 K 46 1604d2f1a
SCHED-TRACE 4992 1658 P 43 169158106
SCHED-TRACE 4993 1659 P 43 16a71a9fc
SCHED-TRACE 4994 1659 I 46 db0da
SCHED-TRACE 4995 1659 B 46 f3
SCHED-TRACE 4996 1659 P 46 1652da9fb
SCHED-TRACE 4997 1659 R 46 1652da9fb
SCHED-TRACE 4998 1660 U 4 db22a
SCHED-TRACE 4999 1660 V 4 db2ee
SCHED-TRACE 5000 1660 O 0 0
SCHED-TRACE 5001 1660 P 46 1673c3957
SCHED-TRACE 5002 1661 K 40 16052c8b3
SCHED-TRACE 5003 1661 P 46 16915fbe6
SCHED-TRACE 5004 1662 P 46 16a71d2f1
SCHED-TRACE 5005 1662 I 40 db841
SCHED-TRACE 5006 1662 B 40 f4
SCHED-TRACE 5007 1662 P 40 165343957
SCHED-TRACE 5008 1662 R 40 165343957
SCHED-TRACE 5009 1663 U 4 db992
SCHED-TRACE 5010 1663 V 4 dba56
SCHED-TRACE 5011 1663 O 0 0
SCHED-TRACE 5012 1663 P 40 167431a9f
SCHED-TRACE 5013 1664 K 34 160539580
SCHED-TRACE 5014 1664 P 40 1691d580f
SCHED-TRACE 5015 1665 P 40 16a798105
SCHED-TRACE 5016 1665 I 34 dbfa9
SCHED-TRACE 5017 1665 B 34 f4
SCHED-TRACE 5018 1665 P 34 16534b439
SCHED-TRACE 5019 1665 R 34 16534b439
SCHED-TRACE 5020 1666 U 4 dc0fb
SCHED-TRACE 5021 1666 V 4 dc1be
SCHED-TRACE 5022 1666 O 0 0
SCHED-TRACE 5023 1666 P 34 167424dd2
SCHED-TRACE 5024 1667 K 37 160558106
SCHED-TRACE 5025 1667 P 34 1691bbe76
SCHED-TRACE 5026 1668 P 34 16a779580
SCHED-TRACE 5027 1668 I 37 dc711
SCHED-TRACE 5028 1668 B 37 f3
SCHED-TRACE 5029 1668 P 37 16537be77
SCHED-TRACE 5030 1668 R 37 16537be77
SCHED-TRACE 5031 1669 U 4 dc862
SCHED-TRACE 5032 1669 V 4 dc925
SCHED-TRACE 5033 1669 O 0 0
SCHED-TRACE 5034 1669 P 37 167455810
SCHED-TRACE 5035 1670 K 73 160c0c8b4
SCHED-TRACE 5036 1670 P 37 1691e76c8
SCHED-TRACE 5037 1671 P 37 16a7a4dd3
SCHED-TRACE 5038 1671 I 73 dce78
SCHED-TRACE 5039 1671 B 73 f0
SCHED-TRACE 5040 1671 P 73 165a2624e
SCHED-TRACE 5041 1671 R 73 165a2624e
SCHED-TRACE 5042 1672 U 4 dcfc7
SCHED-TRACE 5043 1672 V 4 dd08b
SCHED-TRACE 5044 1672 O 0 0
SCHED-TRACE 5045 1672 P 73 167adbe77
SCHED-TRACE 5046 1673 K 76 16178f1aa
SCHED-TRACE 5047 1673 P 73 16987d2f2
SCHED-TRACE 5048 1674 P 73 16ae38106
SCHED-TRACE 5049 1674 I 76 dd5dd
SCHED-TRACE 5050 1674 B 76 f4
SCHED-TRACE 5051 1674 P 76 1665a3958
SCHED-TRACE 5052 1674 R 76 1665a3958
SCHED-TRACE 5053 1675 U 4 dd72c
SCHED-TRACE 5054 1675 V 4 dd7f0
SCHED-TRACE 5055 1675 O 0 0
SCHED-TRACE 5056 1675 P 76 16865e76c
SCHED-TRACE 5057 1676 K 80 16393cb8a
SCHED-TRACE 5058 1676 P 76 16a3f0624
SCHED-TRACE 5059 1677 P 76 16b9ab439
SCHED-TRACE 5060 1677 I 80 ddd43
SCHED-TRACE 5061 1677 B 80 f4
SCHED-TRACE 5062 1677 P 80 16882808c
SCHED-TRACE 5063 1677 R 80 16882808c
SCHED-TRACE 5064 1678 U 4 dde91
SCHED-TRACE 5065 1678 V 4 ddf56
SCHED-TRACE 5066 1678 O 0 0
SCHED-TRACE 5067 1678 P 80 16a92fcab
SCHED-TRACE 5068 1679 K 64 16a476c8a
SCHED-TRACE 5069 1679 P 80 16c709010
SCHED-TRACE 5070 1680 P 80 16dcfea91
SCHED-TRACE 5071 1680 I 64 de4a8
SCHED-TRACE 5072 1680 B 64 f4
SCHED-TRACE 5073 1680 P 64 16f290624
SCHED-TRACE 5074 1680 R 64 16f290624
SCHED-TRACE 5075 1681 U 4 de5f7
SCHED-TRACE 5076 1681 V 4 de6bc
SCHED-TRACE 5077 1681 O 0 0
SCHED-TRACE 5078 1681 P 64 1713624dc
SCHED-TRACE 5079 1682 K 70 16a4bbe76
SCHED-TRACE 5080 1682 P 64 1730fe76c
SCHED-TRACE 5081 1683 P 64 1746b4395
SCHED-TRACE 5082 1683 I 70 dec0f
SCHED-TRACE 5083 1683 B 70 f5
SCHED-TRACE 5084 1683 P 70 16f2e76c8
SCHED-TRACE 5085 1683 R 70 16f2e76c8
SCHED-TRACE 5086 1684 U 4 ded5e
SCHED-TRACE 5087 1684 V 4 dee22
SCHED-TRACE 5088 1684 O 0 0
SCHED-TRACE 5089 1684 P 70 1713a24dd
SCHED-TRACE 5090 1685 K 67 16a4d5810
SCHED-TRACE 5091 1685 P 70 17313be76
SCHED-TRACE 5092 1686 P 70 1746ef1aa
SCHED-TRACE 5093 1686 I 67 df375
SCHED-TRACE 5094 1686 B 67 f2
SCHED-TRACE 5095 1686 P 67 16f2f4395
SCHED-TRACE 5096 1686 R 67 16f2f4395
SCHED-TRACE 5097 1687 U 4 df4c4
SCHED-TRACE 5098 1687 V 4 df588
SCHED-TRACE 5099 1687 O 0 0
SCHED-TRACE 5100 1687 P 67 1713a76c8
SCHED-TRACE 5101 1688 K 61 16a4e4dd3
SCHED-TRACE 5102 1688 P 67 17314624d
SCHED-TRACE 5103 1689 P 67 174703957
SCHED-TRACE 5104 1689 I 61 dfadb
SCHED-TRACE 5105 1689 B 61 f3
SCHED-TRACE 5106 1689 P 61 16f301062
SCHED-TRACE 5107 1689 R 61 16f301062
SCHED-TRACE 5108 1690 U 4 dfc2b
SCHED-TRACE 5109 1690 V 4 dfcef
SCHED-TRACE 5110 1690 O 0 0
SCHED-TRACE 5111 1690 P 61 1713c8b43
SCHED-TRACE 5112 1691 K 31 16a548b43
SCHED-TRACE 5113 1691 P 61 173169fbe
SCHED-TRACE 5114 1692 P 61 1747224dd
SCHED-TRACE 5115 1692 I 31 e0242
SCHED-TRACE 5116 1692 B 31 f4
SCHED-TRACE 5117 1692 P 31 16f36c8b4
SCHED-TRACE 5118 1692 R 31 16f36c8b4
SCHED-TRACE 5119 1693 U 4 e0390
SCHED-TRACE 5120 1693 V 4 e0454
SCHED-TRACE 5121 1693 O 0 0
SCHED-TRACE 5122 1693 P 31 171403958
SCHED-TRACE 5123 1694 K 58 16a5af1a9
SCHED-TRACE 5124 1694 P 31 17319d2f1
SCHED-TRACE 5125 1695 P 31 17475a9fb
SCHED-TRACE 5126 1695 I 58 e09a6
SCHED-TRACE 5127 1695 B 58 f3
SCHED-TRACE 5128 1695 P 58 16f3c624d
SCHED-TRACE 5129 1695 R 58 16f3c624d
SCHED-TRACE 5130 1696 U 4 e0af5
SCHED-TRACE 5131 1696 V 4 e0bb9
SCHED-TRACE 5132 1696 O 0 0
SCHED-TRACE 5133 1696 P 58 171498105
SCHED-TRACE 5134 1697 K 55 16a5fbe76
SCHED-TRACE 5135 1697 P 58 17322c8b3
SCHED-TRACE 5136 1698 P 58 1747ec8b3
SCHED-TRACE 5137 1698 I 55 e110c
SCHED-TRACE 5138 1698 B 55 f3
SCHED-TRACE 5139 1698 P 55 16f412f1a
SCHED-TRACE 5140 1698 R 55 16f412f1a
SCHED-TRACE 5141 1699 U 4 e125b
SCHED-TRACE 5142 1699 V 4 e131f
SCHED-TRACE 5143 1699 O 0 0
SCHED-TRACE 5144 1699 P 55 1714e4dd2
SCHED-TRACE 5145 1700 K 52 16a66f1a9
SCHED-TRACE 5146 1700 P 55 17327e76b
SCHED-TRACE 5147 1701 P 55 17483be76
SCHED-TRACE 5148 1701 I 52 e1872
SCHED-TRACE 5149 1701 B 52 f5
SCHED-TRACE 5150 1701 P 52 16f492f1a
SCHED-TRACE 5151 1701 R 52 16f492f1a
SCHED-TRACE 5152 1702 U 4 e19c2
SCHED-TRACE 5153 1702 V 4 e1a86
SCHED-TRACE 5154 1702 O 0 0
SCHED-TRACE 5155 1702 P 52 171574395
SCHED-TRACE 5156 1703 K 49 16a6f4395
SCHED-TRACE 5157 1703 P 52 173318105
SCHED-TRACE 5158 1704 P 52 1748d580f
SCHED-TRACE 5159 1704 I 49 e1fd9
SCHED-TRACE 5160 1704 B 49 f5
SCHED-TRACE 5161 1704 P 49 16f50b439
SCHED-TRACE 5162 1704 R 49 16f50b439
SCHED-TRACE 5163 1705 U 4 e212a
SCHED-TRACE 5164 1705 V 4 e21ed
SCHED-TRACE 5165 1705 O 0 0
SCHED-TRACE 5166 1705 P 49 1715cdd2f
SCHED-TRACE 5167 1706 K 43 16a71a9fc
SCHED-TRACE 5168 1706 P 49 1733624dd
SCHED-TRACE 5169 1707 P 49 1749224dd
SCHED-TRACE 5170 1707 I 43 e2740
SCHED-TRACE 5171 1707 B 43 f2
SCHED-TRACE 5172 1707 P 43 16f536c8b
SCHED-TRACE 5173 1707 R 43 16f536c8b
SCHED-TRACE 5174 1708 U 4 e2890
SCHED-TRACE 5175 1708 V 4 e2954
SCHED-TRACE 5176 1708 O 0 0
SCHED-TRACE 5177 1708 P 43 171603958
SCHED-TRACE 5178 1709 K 46 16a71d2f1
SCHED-TRACE 5179 1709 P 43 1733a24dd
SCHED-TRACE 5180 1710 P 43 1749624dd
SCHED-TRACE 5181 1710 I 46 e2ea6
SCHED-TRACE 5182 1710 B 46 f5
SCHED-TRACE 5183 1710 P 46 16f52c8b3
SCHED-TRACE 5184 1710 R 46 16f52c8b3
SCHED-TRACE 5185 1711 U 4 e2ff7
SCHED-TRACE 5186 1711 V 4 e30bb
SCHED-TRACE 5187 1711 O 0 0
SCHED-TRACE 5188 1711 P 46 17161580f
SCHED-TRACE 5189 1712 K 34 16a779580
SCHED-TRACE 5190 1712 P 46 1733b6c8a
SCHED-TRACE 5191 1713 P 46 174976c8a
SCHED-TRACE 5192 1713 I 34 e360e
SCHED-TRACE 5193 1713 B 34 f4
SCHED-TRACE 5194 1713 P 34 16f592f1a
SCHED-TRACE 5195 1713 R 34 16f592f1a
SCHED-TRACE 5196 1714 U 4 e3760
SCHED-TRACE 5197 1714 V 4 e3824
SCHED-TRACE 5198 1714 O 0 0
SCHED-TRACE 5199 1714 P 34 171688b43
SCHED-TRACE 5200 1715 K 40 16a798105
SCHED-TRACE 5201 1715 P 34 17341d2f1
SCHED-TRACE 5202 1716 P 34 1749dd2f1
SCHED-TRACE 5203 1716 I 40 e3d76
SCHED-TRACE 5204 1716 B 40 f3
SCHED-TRACE 5205 1716 P 40 16f5b1a9f
SCHED-TRACE 5206 1716 R 40 16f5b1a9f
SCHED-TRACE 5207 1717 U 4 e3ec7
SCHED-TRACE 5208 1717 V 4 e3f8b
SCHED-TRACE 5209 1717 O 0 0
SCHED-TRACE 5210 1717 P 40 1716ac8b3
SCHED-TRACE 5211 1718 K 37 16a7a4dd3
SCHED-TRACE 5212 1718 P 40 173431a9f
SCHED-TRACE 5213 1719 P 40 1749f1a9f
SCHED-TRACE 5214 1719 I 37 e44de
SCHED-TRACE 5215 1719 B 37 f4
SCHED-TRACE 5216 1719 P 37 16f5cb439
SCHED-TRACE 5217 1719 R 37 16f5cb439
SCHED-TRACE 5218 1720 U 4 e462f
SCHED-TRACE 5219 1720 V 4 e46f3
SCHED-TRACE 5220 1720 O 0 0
SCHED-TRACE 5221 1720 P 37 1716bbe77
SCHED-TRACE 5222 1721 K 73 16ae38106
SCHED-TRACE 5223 1721 P 37 173450625
SCHED-TRACE 5224 1722 P 37 174a08b43
SCHED-TRACE 5225 1722 I 73 e4c45
SCHED-TRACE 5226 1722 B 73 f5
SCHED-TRACE 5227 1722 P 73 16fc4c8b4
SCHED-TRACE 5228 1722 R 73 16fc4c8b4
SCHED-TRACE 5229 1723 U 4 e4d93
SCHED-TRACE 5230 1723 V 4 e4e57
SCHED-TRACE 5231 1723 O 0 0
SCHED-TRACE 5232 1723 P 73 171cf2f1b
SCHED-TRACE 5233 1724 K 76 16b9ab439
SCHED-TRACE 5234 1724 P 73 173a8f1aa
SCHED-TRACE 5235 1725 P 73 175044dd3
SCHED-TRACE 5236 1725 I 76 e53aa
SCHED-TRACE 5237 1725 B 76 f3
SCHED-TRACE 5238 1725 P 76 1707c76c8
SCHED-TRACE 5239 1725 R 76 1707c76c8
SCHED-TRACE 5240 1726 U 4 e54f8
SCHED-TRACE 5241 1726 V 4 e55bc
SCHED-TRACE 5242 1726 O 0 0
SCHED-TRACE 5243 1726 P 76 17286dd2f
SCHED-TRACE 5244 1727 K 80 16dcfea91
SCHED-TRACE 5245 1727 P 76 174604dd3
SCHED-TRACE 5246 1728 P 76 175bb8106
SCHED-TRACE 5247 1728 I 80 e5b0f
SCHED-TRACE 5248 1728 B 80 f2
SCHED-TRACE 5249 1728 P 80 172be7634
SCHED-TRACE 5250 1728 R 80 172be7634
SCHED-TRACE 5251 1729 U 4 e5c5d
SCHED-TRACE 5252 1729 V 4 e5d21
SCHED-TRACE 5253 1729 O 0 0
SCHED-TRACE 5254 1729 P 80 174cdd0b6
SCHED-TRACE 5255 1730 K 64 1746b4395
SCHED-TRACE 5256 1730 P 80 176acd878
SCHED-TRACE 5257 1731 P 80 1780c0999
SCHED-TRACE 5258 1731 I 64 e6274
SCHED-TRACE 5259 1731 B 64 f5
SCHED-TRACE 5260 1731 P 64 1794cdd2e
SCHED-TRACE 5261 1731 R 64 1794cdd2e
SCHED-TRACE 5262 1732 U 4 e63c3
SCHED-TRACE 5263 1732 V 4 e6488
SCHED-TRACE 5264 1732 O 0 0
SCHED-TRACE 5265 1732 P 64 17b592f1a
SCHED-TRACE 5266 1733 K 70 1746ef1aa
SCHED-TRACE 5267 1733 P 64 17d331a9f
SCHED-TRACE 5268 1734 P 64 17e8e9fbe
SCHED-TRACE 5269 1734 I 70 e69da
SCHED-TRACE 5270 1734 B 70 f2
SCHED-TRACE 5271 1734 P 70 1794fe76c
SCHED-TRACE 5272 1734 R 70 1794fe76c
SCHED-TRACE 5273 1735 U 4 e6b29
SCHED-TRACE 5274 1735 V 4 e6bed
SCHED-TRACE 5275 1735 O 0 0
SCHED-TRACE 5276 1735 P 70 17b5b9581
SCHED-TRACE 5277 1736 K 67 174703957
SCHED-TRACE 5278 1736 P 70 17d350624
SCHED-TRACE 5279 1737 P 70 17e90b439
SCHED-TRACE 5280 1737 I 67 e7140
SCHED-TRACE 5281 1737 B 67 f3
SCHED-TRACE 5282 1737 P 67 179524dd2
SCHED-TRACE 5283 1737 R 67 179524dd2
SCHED-TRACE 5284 1738 U 4 e728e
SCHED-TRACE 5285 1738 V 4 e7352
SCHED-TRACE 5286 1738 O 0 0
SCHED-TRACE 5287 1738 P 67 17b5e24dc
SCHED-TRACE 5288 1739 K 61 1747224dd
SCHED-TRACE 5289 1739 P 67 17d37be76
SCHED-TRACE 5290 1740 P 67 17e934395
SCHED-TRACE 5291 1740 I 61 e78a5
SCHED-TRACE 5292 1740 B 61 f4
SCHED-TRACE 5293 1740 P 61 17953e76c
SCHED-TRACE 5294 1740 R 61 17953e76c
SCHED-TRACE 5295 1741 U 4 e79f4
SCHED-TRACE 5296 1741 V 4 e7ab9
SCHED-TRACE 5297 1741 O 0 0
SCHED-TRACE 5298 1741 P 61 17b610624
SCHED-TRACE 5299 1742 K 31 17475a9fb
SCHED-TRACE 5300 1742 P 61 17d3a76c8
SCHED-TRACE 5301 1743 P 61 17e95d2f1
SCHED-TRACE 5302 1743 I 31 e800b
SCHED-TRACE 5303 1743 B 31 f1
SCHED-TRACE 5304 1743 P 31 179571a9f
SCHED-TRACE 5305 1743 R 31 179571a9f
SCHED-TRACE 5306 1744 U 4 e8157
SCHED-TRACE 5307 1744 V 4 e8219
SCHED-TRACE 5308 1744 O 0 0
SCHED-TRACE 5309 1744 P 31 17b5e24dd
SCHED-TRACE 5310 1745 K 58 1747ec8b3
SCHED-TRACE 5311 1745 P 31 17d379581
SCHED-TRACE 5312 1746 P 31 17e936c8b
SCHED-TRACE 5313 1746 I 58 e876c
SCHED-TRACE 5314 1746 B 58 f3
SCHED-TRACE 5315 1746 P 58 17960624d
SCHED-TRACE 5316 1746 R 58 17960624d
SCHED-TRACE 5317 1747 U 4 e88bc
SCHED-TRACE 5318 1747 V 4 e897f
SCHED-TRACE 5319 1747 O 0 0
SCHED-TRACE 5320 1747 P 58 17b6be76c
SCHED-TRACE 5321 1748 K 55 17483be76
SCHED-TRACE 5322 1748 P 58 17d45a9fb
SCHED-TRACE 5323 1749 P 58 17ea1d2f1
SCHED-TRACE 5324 1749 I 55 e8ed2
SCHED-TRACE 5325 1749 B 55 f4
SCHED-TRACE 5326 1749 P 55 17965580f
SCHED-TRACE 5327 1749 R 55 17965580f
SCHED-TRACE 5328 1750 U 4 e9022
SCHED-TRACE 5329 1750 V 4 e90e5
SCHED-TRACE 5330 1750 O 0 0
SCHED-TRACE 5331 1750 P 55 17b70b438
SCHED-TRACE 5332 1751 K 52 1748d580f
SCHED-TRACE 5333 1751 P 55 17d4a9fbd
SCHED-TRACE 5334 1752 P 55 17ea69fbd
SCHED-TRACE 5335 1752 I 52 e9638
SCHED-TRACE 5336 1752 B 52 f4
SCHED-TRACE 5337 1752 P 52 1796f6c8a
SCHED-TRACE 5338 1752 R 52 1796f6c8a
SCHED-TRACE 5339 1753 U 4 e9789
SCHED-TRACE 5340 1753 V 4 e984d
SCHED-TRACE 5341 1753 O 0 0
SCHED-TRACE 5342 1753 P 52 17b7cb438
SCHED-TRACE 5343 1754 K 49 1749224dd
SCHED-TRACE 5344 1754 P 52 17d564dd2
SCHED-TRACE 5345 1755 P 52 17eb24dd2
SCHED-TRACE 5346 1755 I 49 e9d9f
SCHED-TRACE 5347 1755 B 49 f3
SCHED-TRACE 5348 1755 P 49 179736c8b
SCHED-TRACE 5349 1755 R 49 179736c8b
SCHED-TRACE 5350 1756 U 4 e9eef
SCHED-TRACE 5351 1756 V 4 e9fb4
SCHED-TRACE 5352 1756 O 0 0
SCHED-TRACE 5353 1756 P 49 17b824dd3
SCHED-TRACE 5354 1757 K 43 1749624dd
SCHED-TRACE 5355 1757 P 49 17d5b1a9f
SCHED-TRACE 5356 1758 P 49 17eb71a9f
SCHED-TRACE 5357 1758 I 43 ea506
SCHED-TRACE 5358 1758 B 43 f5
SCHED-TRACE 5359 1758 P 43 179781062
SCHED-TRACE 5360 1758 R 43 179781062
SCHED-TRACE 5361 1759 U 4 ea657
SCHED-TRACE 5362 1759 V 4 ea71b
SCHED-TRACE 5363 1759 O 0 0
SCHED-TRACE 5364 1759 P 43 17b86f1aa
SCHED-TRACE 5365 1760 K 46 174976c8a
SCHED-TRACE 5366 1760 P 43 17d60624e
SCHED-TRACE 5367 1761 P 43 17ebc1062
SCHED-TRACE 5368 1761 I 46 eac6e
SCHED-TRACE 5369 1761 B 46 f4
SCHED-TRACE 5370 1761 P 46 17979d2f1
SCHED-TRACE 5371 1761 R 46 17979d2f1
SCHED-TRACE 5372 1762 U 4 eadbf
SCHED-TRACE 5373 1762 V 4 eae83
SCHED-TRACE 5374 1762 O 0 0
SCHED-TRACE 5375 1762 P 46 17b890624
SCHED-TRACE 5376 1763 K 34 1749dd2f1
SCHED-TRACE 5377 1763 P 46 17d62f1a9
SCHED-TRACE 5378 1764 P 46 17ebec8b3
SCHED-TRACE 5379 1764 I 34 eb3d6
SCHED-TRACE 5380 1764 B 34 f1
SCHED-TRACE 5381 1764 P 34 1797e76c8
SCHED-TRACE 5382 1764 R 34 1797e76c8
SCHED-TRACE 5383 1765 U 4 eb528
SCHED-TRACE 5384 1765 V 4 eb5eb
SCHED-TRACE 5385 1765 O 0 0
SCHED-TRACE 5386 1765 P 34 17b8dd2f1
SCHED-TRACE 5387 1766 K 40 1749f1a9f
SCHED-TRACE 5388 1766 P 34 17d67be76
SCHED-TRACE 5389 1767 P 34 17ec36c8b
SCHED-TRACE 5390 1767 I 40 ebb3f
SCHED-TRACE 5391 1767 B 40 f2
SCHED-TRACE 5392 1767 P 40 17981580f
SCHED-TRACE 5393 1767 R 40 17981580f
SCHED-TRACE 5394 1768 U 4 ebc90
SCHED-TRACE 5395 1768 V 4 ebd54
SCHED-TRACE 5396 1768 O 0 0
SCHED-TRACE 5397 1768 P 40 17b90624d
SCHED-TRACE 5398 1769 K 37 174a08b43
SCHED-TRACE 5399 1769 P 40 17d6a9fbe
SCHED-TRACE 5400 1770 P 40 17ec6f1a9
SCHED-TRACE 5401 1770 I 37 ec2a7
SCHED-TRACE 5402 1770 B 37 f5
SCHED-TRACE 5403 1770 P 37 17980dd2f
SCHED-TRACE 5404 1770 R 37 17980dd2f
SCHED-TRACE 5405 1771 U 4 ec3f8
SCHED-TRACE 5406 1771 V 4 ec4bd
SCHED-TRACE 5407 1771 O 0 0
SCHED-TRACE 5408 1771 P 37 17b901062
SCHED-TRACE 5409 1772 K 73 175044dd3
SCHED-TRACE 5410 1772 P 37 17d69fbe7
SCHED-TRACE 5411 1773 P 37 17ec5fbe7
SCHED-TRACE 5412 1773 I 73 eca0f
SCHED-TRACE 5413 1773 B 73 f4
SCHED-TRACE 5414 1773 P 73 179e54396
SCHED-TRACE 5415 1773 R 73 179e54396
SCHED-TRACE 5416 1774 U 4 ecb5e
SCHED-TRACE 5417 1774 V 4 ecc22
SCHED-TRACE 5418 1774 O 0 0
SCHED-TRACE 5419 1774 P 73 17bf076c9
SCHED-TRACE 5420 1775 K 76 175bb8106
SCHED-TRACE 5421 1775 P 73 17dc9e76d
SCHED-TRACE 5422 1776 P 73 17f25be77
SCHED-TRACE 5423 1776 I 76 ed175
SCHED-TRACE 5424 1776 B 76 f3
SCHED-TRACE 5425 1776 P 76 17a9de76c
SCHED-TRACE 5426 1776 R 76 17a9de76c
SCHED-TRACE 5427 1777 U 4 ed2c3
SCHED-TRACE 5428 1777 V 4 ed387
SCHED-TRACE 5429 1777 O 0 0
SCHED-TRACE 5430 1777 P 76 17ca8f1aa
SCHED-TRACE 5431 1778 K 80 1780c0999
SCHED-TRACE 5432 1778 P 76 17e828b43
SCHED-TRACE 5433 1779 P 76 17fde3958
SCHED-TRACE 5434 1779 I 80 ed8da
SCHED-TRACE 5435 1779 B 80 f5
SCHED-TRACE 5436 1779 P 80 17cfb115b
SCHED-TRACE 5437 1779 R 80 17cfb115b
SCHED-TRACE 5438 1780 U 4 eda28
SCHED-TRACE 5439 1780 V 4 edaec
SCHED-TRACE 5440 1780 O 0 0
SCHED-TRACE 5441 1780 P 80 17f0b3abb
SCHED-TRACE 5442 1781 K 64 17e8e9fbe
SCHED-TRACE 5443 1781 P 80 180e9739e
SCHED-TRACE 5444 1782 P 80 18248a4c0
SCHED-TRACE 5445 1782 I 64 ee03f
SCHED-TRACE 5446 1782 B 64 f3
SCHED-TRACE 5447 1782 P 64 183701061
SCHED-TRACE 5448 1782 R 64 183701061
SCHED-TRACE 5449 1783 U 4 ee18d
SCHED-TRACE 5450 1783 V 4 ee250
SCHED-TRACE 5451 1783 O 0 0
SCHED-TRACE 5452 1783 P 64 1857a76c8
SCHED-TRACE 5453 1784 K 70 17e90b439
SCHED-TRACE 5454 1784 P 64 18753e76c
SCHED-TRACE 5455 1785 P 64 188af4395
SCHED-TRACE 5456 1785 I 70 ee7a3
SCHED-TRACE 5457 1785 B 70 f0
SCHED-TRACE 5458 1785 P 70 1837276c8
SCHED-TRACE 5459 1785 R 70 1837276c8
SCHED-TRACE 5460 1786 U 4 ee8f2
SCHED-TRACE 5461 1786 V 4 ee9b5
SCHED-TRACE 5462 1786 O 0 0
SCHED-TRACE 5463 1786 P 70 1857d5810
SCHED-TRACE 5464 1787 K 67 17e934395
SCHED-TRACE 5465 1787 P 70 187576c8b
SCHED-TRACE 5466 1788 P 70 188b2f1aa
SCHED-TRACE 5467 1788 I 67 eef08
SCHED-TRACE 5468 1788 B 67 f4
SCHED-TRACE 5469 1788 P 67 183748b43
SCHED-TRACE 5470 1788 R 67 183748b43
SCHED-TRACE 5471 1789 U 4 ef057
SCHED-TRACE 5472 1789 V 4 ef11b
SCHED-TRACE 5473 1789 O 0 0
SCHED-TRACE 5474 1789 P 67 1857e9fbe
SCHED-TRACE 5475 1790 K 31 17e936c8b
SCHED-TRACE 5476 1790 P 67 18758624d
SCHED-TRACE 5477 1791 P 67 188b3e76c
SCHED-TRACE 5478 1791 I 31 ef66d
SCHED-TRACE 5479 1791 B 31 f4
SCHED-TRACE 5480 1791 P 31 183755810
SCHED-TRACE 5481 1791 R 31 183755810
SCHED-TRACE 5482 1792 U 4 ef7bc
SCHED-TRACE 5483 1792 V 4 ef880
SCHED-TRACE 5484 1792 O 0 0
SCHED-TRACE 5485 1792 P 31 18580624d
SCHED-TRACE 5486 1793 K 61 17e95d2f1
SCHED-TRACE 5487 1793 P 31 1875ac8b4
SCHED-TRACE 5488 1794 P 31 188b6f1a9
SCHED-TRACE 5489 1794 I 61 efdd3
SCHED-TRACE 5490 1794 B 61 f4
SCHED-TRACE 5491 1794 P 61 183769fbe
SCHED-TRACE 5492 1794 R 61 183769fbe
SCHED-TRACE 5493 1795 U 4 eff24
SCHED-TRACE 5494 1795 V 4 effe8
SCHED-TRACE 5495 1795 O 0 0
SCHED-TRACE 5496 1795 P 61 185855810
SCHED-TRACE 5497 1796 K 58 17ea1d2f1
SCHED-TRACE 5498 1796 P 61 1875d5810
SCHED-TRACE 5499 1797 P 61 188b95810
SCHED-TRACE 5500 1797 I 58 f053a
SCHED-TRACE 5501 1797 B 58 f5
SCHED-TRACE 5502 1797 P 58 18383be76
SCHED-TRACE 5503 1797 R 58 18383be76
SCHED-TRACE 5504 1798 U 4 f068a
SCHED-TRACE 5505 1798 V 4 f074e
SCHED-TRACE 5506 1798 O 0 0
SCHED-TRACE 5507 1798 P 58 18590dd2e
SCHED-TRACE 5508 1799 K 55 17ea69fbd
SCHED-TRACE 5509 1799 P 58 1876a24dc
SCHED-TRACE 5510 1800 P 58 188c5d2f1
SCHED-TRACE 5511 1800 I 55 f0ca0
SCHED-TRACE 5512 1800 B 55 f5
SCHED-TRACE 5513 1800 P 55 183883957
SCHED-TRACE 5514 1800 R 55 183883957
SCHED-TRACE 5515 1801 U 4 f0df0
SCHED-TRACE 5516 1801 V 4 f0eb4
SCHED-TRACE 5517 1801 O 0 0
SCHED-TRACE 5518 1801 P 55 18595fbe6
SCHED-TRACE 5519 1802 K 52 17eb24dd2
SCHED-TRACE 5520 1802 P 55 1876f6c8a
SCHED-TRACE 5521 1803 P 55 188caf1a9
SCHED-TRACE 5522 1803 I 52 f1407
SCHED-TRACE 5523 1803 B 52 f3
SCHED-TRACE 5524 1803 P 52 183943957
SCHED-TRACE 5525 1803 R 52 183943957
SCHED-TRACE 5526 1804 U 4 f1557
SCHED-TRACE 5527 1804 V 4 f161b
SCHED-TRACE 5528 1804 O 0 0
SCHED-TRACE 5529 1804 P 52 185a18105
SCHED-TRACE 5530 1805 K 49 17eb71a9f
SCHED-TRACE 5531 1805 P 52 1877b9580
SCHED-TRACE 5532 1806 P 52 188d74395
SCHED-TRACE 5533 1806 I 49 f1b6e
SCHED-TRACE 5534 1806 B 49 f4
SCHED-TRACE 5535 1806 P 49 183992f1a
SCHED-TRACE 5536 1806 R 49 183992f1a
SCHED-TRACE 5537 1807 U 4 f1cbf
SCHED-TRACE 5538 1807 V 4 f1d83
SCHED-TRACE 5539 1807 O 0 0
SCHED-TRACE 5540 1807 P 49 185a74395
SCHED-TRACE 5541 1808 K 43 17ebc1062
SCHED-TRACE 5542 1808 P 49 187818106
SCHED-TRACE 5543 1809 P 49 188ddd2f1
SCHED-TRACE 5544 1809 I 43 f22d6
SCHED-TRACE 5545 1809 B 43 f5
SCHED-TRACE 5546 1809 P 43 1839d5810
SCHED-TRACE 5547 1809 R 43 1839d5810
SCHED-TRACE 5548 1810 U 4 f2427
SCHED-TRACE 5549 1810 V 4 f24eb
SCHED-TRACE 5550 1810 O 0 0
SCHED-TRACE 5551 1810 P 43 185ab6c8b
SCHED-TRACE 5552 1811 K 46 17ebec8b3
SCHED-TRACE 5553 1811 P 43 187855810
SCHED-TRACE 5554 1812 P 43 188e15810
SCHED-TRACE 5555 1812 I 46 f2a3d
SCHED-TRACE 5556 1812 B 46 f4
SCHED-TRACE 5557 1812 P 46 1839f6c8a
SCHED-TRACE 5558 1812 R 46 1839f6c8a
SCHED-TRACE 5559 1813 U 4 f2b8e
SCHED-TRACE 5560 1813 V 4 f2c52
SCHED-TRACE 5561 1813 O 0 0
SCHED-TRACE 5562 1813 P 46 185ae24dc
SCHED-TRACE 5563 1814 K 34 17ec36c8b
SCHED-TRACE 5564 1814 P 46 18788624d
SCHED-TRACE 5565 1815 P 46 188e4b438
SCHED-TRACE 5566 1815 I 34 f31a5
SCHED-TRACE 5567 1815 B 34 f5
SCHED-TRACE 5568 1815 P 34 183a43958
SCHED-TRACE 5569 1815 R 34 183a43958
SCHED-TRACE 5570 1816 U 4 f32f6
SCHED-TRACE 5571 1816 V 4 f33bb
SCHED-TRACE 5572 1816 O 0 0
SCHED-TRACE 5573 1816 P 34 185b4dd2f
SCHED-TRACE 5574 1817 K 37 17ec5fbe7
SCHED-TRACE 5575 1817 P 34 1878e9fbe
SCHED-TRACE 5576 1818 P 34 188eaf1a9
SCHED-TRACE 5577 1818 I 37 f390e
SCHED-TRACE 5578 1818 B 37 f4
SCHED-TRACE 5579 1818 P 37 183a76c8b
SCHED-TRACE 5580 1818 R 37 183a76c8b
SCHED-TRACE 5581 1819 U 4 f3a5f
SCHED-TRACE 5582 1819 V 4 f3b23
SCHED-TRACE 5583 1819 O 0 0
SCHED-TRACE 5584 1819 P 37 185b6f1aa
SCHED-TRACE 5585 1820 K 40 17ec6f1a9
SCHED-TRACE 5586 1820 P 37 18790624e
SCHED-TRACE 5587 1821 P 37 188ec624e
SCHED-TRACE 5588 1821 I 40 f4076
SCHED-TRACE 5589 1821 B 40 f1
SCHED-TRACE 5590 1821 P 40 183a81061
SCHED-TRACE 5591 1821 R 40 183a81061
SCHED-TRACE 5592 1822 U 4 f41c6
SCHED-TRACE 5593 1822 V 4 f4288
SCHED-TRACE 5594 1822 O 0 0
SCHED-TRACE 5595 1822 P 40 185b1fbe7
SCHED-TRACE 5596 1823 K 73 17f25be77
SCHED-TRACE 5597 1823 P 40 187869fbe
SCHED-TRACE 5598 1824 P 40 188e0dd2e
SCHED-TRACE 5599 1824 I 73 f47d6
SCHED-TRACE 5600 1824 B 73 ec
SCHED-TRACE 5601 1824 P 73 18409be77
SCHED-TRACE 5602 1824 R 73 18409be77
SCHED-TRACE 5603 1825 U 4 f4920
SCHED-TRACE 5604 1825 V 4 f49e1
SCHED-TRACE 5605 1825 O 0 0
SCHED-TRACE 5606 1825 P 73 1860d4396
SCHED-TRACE 5607 1826 K 76 17fde3958
SCHED-TRACE 5608 1826 P 73 187e2624e
SCHED-TRACE 5609 1827 P 73 1893cf1aa
SCHED-TRACE 5610 1827 I 76 f4f31
SCHED-TRACE 5611 1827 B 76 ea
SCHED-TRACE 5612 1827 P 76 184c21062
SCHED-TRACE 5613 1827 R 76 184c21062
SCHED-TRACE 5614 1828 U 4 f507b
SCHED-TRACE 5615 1828 V 4 f513c
SCHED-TRACE 5616 1828 O 0 0
SCHED-TRACE 5617 1828 P 76 186c5be76
SCHED-TRACE 5618 1829 K 80 18248a4c0
SCHED-TRACE 5619 1829 P 76 1889add2f
SCHED-TRACE 5620 1830 P 76 189f4c8b4
SCHED-TRACE 5621 1830 I 80 f568d
SCHED-TRACE 5622 1830 B 80 ec
SCHED-TRACE 5623 1830 P 80 1873b3abb
SCHED-TRACE 5624 1830 R 80 1873b3abb
SCHED-TRACE 5625 1831 U 4 f57d7
SCHED-TRACE 5626 1831 V 4 f5899
SCHED-TRACE 5627 1831 O 0 0
SCHED-TRACE 5628 1831 P 80 189441e49
SCHED-TRACE 5629 1832 K 64 188af4395
SCHED-TRACE 5630 1832 P 80 18b1fc132
SCHED-TRACE 5631 1833 P 80 18c7da756
SCHED-TRACE 5632 1833 I 64 f5de9
SCHED-TRACE 5633 1833 B 64 ee
SCHED-TRACE 5634 1833 P 64 18d9276c8
SCHED-TRACE 5635 1833 R 64 18d9276c8
SCHED-TRACE 5636 1834 U 4 f5f35
SCHED-TRACE 5637 1834 V 4 f5ff7
SCHED-TRACE 5638 1834 O 0 0
SCHED-TRACE 5639 1834 P 64 18f983957
SCHED-TRACE 5640 1835 K 70 188b2f1aa
SCHED-TRACE 5641 1835 P 64 1916f1a9f
SCHED-TRACE 5642 1836 P 64 192c90624
SCHED-TRACE 5643 1836 I 70 f6548
SCHED-TRACE 5644 1836 B 70 ee
SCHED-TRACE 5645 1836 P 70 18d97e76c
SCHED-TRACE 5646 1836 R 70 18d97e76c
SCHED-TRACE 5647 1837 U 4 f6694
SCHED-TRACE 5648 1837 V 4 f6755
SCHED-TRACE 5649 1837 O 0 0
SCHED-TRACE 5650 1837 P 70 18f9cb439
SCHED-TRACE 5651 1838 K 67 188b3e76c
SCHED-TRACE 5652 1838 P 70 191739581
SCHED-TRACE 5653 1839 P 70 192ce24dd
SCHED-TRACE 5654 1839 I 67 f6ca6
SCHED-TRACE 5655 1839 B 67 ed
SCHED-TRACE 5656 1839 P 67 18d97be76
SCHED-TRACE 5657 1839 R 67 18d97be76
SCHED-TRACE 5658 1840 U 4 f6df2
SCHED-TRACE 5659 1840 V 4 f6eb4
SCHED-TRACE 5660 1840 O 0 0
SCHED-TRACE 5661 1840 P 67 18f9dfbe7
SCHED-TRACE 5662 1841 K 31 188b6f1a9
SCHED-TRACE 5663 1841 P 67 191755810
SCHED-TRACE 5664 1842 P 67 192cfe76c
SCHED-TRACE 5665 1842 I 31 f7405
SCHED-TRACE 5666 1842 B 31 ef
SCHED-TRACE 5667 1842 P 31 18d9ac8b4
SCHED-TRACE 5668 1842 R 31 18d9ac8b4
SCHED-TRACE 5669 1843 U 4 f7551
SCHED-TRACE 5670 1843 V 4 f7613
SCHED-TRACE 5671 1843 O 0 0
SCHED-TRACE 5672 1843 P 31 18fa03958
SCHED-TRACE 5673 1844 K 61 188b95810
SCHED-TRACE 5674 1844 P 31 191774395
SCHED-TRACE 5675 1845 P 31 192d24dd2
SCHED-TRACE 5676 1845 I 61 f7b64
SCHED-TRACE 5677 1845 B 61 ef
SCHED-TRACE 5678 1845 P 61 18d9d0624
SCHED-TRACE 5679 1845 R 61 18d9d0624
SCHED-TRACE 5680 1846 U 4 f7cb1
SCHED-TRACE 5681 1846 V 4 f7d72
SCHED-TRACE 5682 1846 O 0 0
SCHED-TRACE 5683 1846 P 61 18fa48b43
SCHED-TRACE 5684 1847 K 58 188c5d2f1
SCHED-TRACE 5685 1847 P 61 1917b4395
SCHED-TRACE 5686 1848 P 61 192d624dd
SCHED-TRACE 5687 1848 I 58 f82c4
SCHED-TRACE 5688 1848 B 58 ed
SCHED-TRACE 5689 1848 P 58 18da9fbe7
SCHED-TRACE 5690 1848 R 58 18da9fbe7
SCHED-TRACE 5691 1849 U 4 f8410
SCHED-TRACE 5692 1849 V 4 f84d2
SCHED-TRACE 5693 1849 O 0 0
SCHED-TRACE 5694 1849 P 58 18fb1fbe7
SCHED-TRACE 5695 1850 K 55 188caf1a9
SCHED-TRACE 5696 1850 P 58 191895810
SCHED-TRACE 5697 1851 P 58 192e4624d
SCHED-TRACE 5698 1851 I 55 f8a23
SCHED-TRACE 5699 1851 B 55 ed
SCHED-TRACE 5700 1851 P 55 18dae24dc
SCHED-TRACE 5701 1851 R 55 18dae24dc
SCHED-TRACE 5702 1852 U 4 f8b71
SCHED-TRACE 5703 1852 V 4 f8c33
SCHED-TRACE 5704 1852 O 0 0
SCHED-TRACE 5705 1852 P 55 18fb624dc
SCHED-TRACE 5706 1853 K 52 188d74395
SCHED-TRACE 5707 1853 P 55 1918da9fb
SCHED-TRACE 5708 1854 P 55 192e8b438
SCHED-TRACE 5709 1854 I 52 f9184
SCHED-TRACE 5710 1854 B 52 ef
SCHED-TRACE 5711 1854 P 52 18dba9fbe
SCHED-TRACE 5712 1854 R 52 18dba9fbe
SCHED-TRACE 5713 1855 U 4 f92d2
SCHED-TRACE 5714 1855 V 4 f9393
SCHED-TRACE 5715 1855 O 0 0
SCHED-TRACE 5716 1855 P 52 18fc18105
SCHED-TRACE 5717 1856 K 49 188ddd2f1
SCHED-TRACE 5718 1856 P 52 19198dd2e
SCHED-TRACE 5719 1857 P 52 192f3e76c
SCHED-TRACE 5720 1857 I 49 f98e4
SCHED-TRACE 5721 1857 B 49 ee
SCHED-TRACE 5722 1857 P 49 18dc12f1a
SCHED-TRACE 5723 1857 R 49 18dc12f1a
SCHED-TRACE 5724 1858 U 4 f9a33
SCHED-TRACE 5725 1858 V 4 f9af5
SCHED-TRACE 5726 1858 O 0 0
SCHED-TRACE 5727 1858 P 49 18fcb1a9f
SCHED-TRACE 5728 1859 K 40 188e0dd2e
SCHED-TRACE 5729 1859 P 49 191a2c8b4
SCHED-TRACE 5730 1860 P 49 192fe4dd3
SCHED-TRACE 5731 1860 I 40 fa046
SCHED-TRACE 5732 1860 B 40 ef
SCHED-TRACE 5733 1860 P 40 18dc39580
SCHED-TRACE 5734 1860 R 40 18dc39580
SCHED-TRACE 5735 1861 U 4 fa195
SCHED-TRACE 5736 1861 V 4 fa257
SCHED-TRACE 5737 1861 O 0 0
SCHED-TRACE 5738 1861 P 40 18fcd580f
SCHED-TRACE 5739 1862 K 43 188e15810
SCHED-TRACE 5740 1862 P 40 191a3e76c
SCHED-TRACE 5741 1863 P 40 192ff4395
SCHED-TRACE 5742 1863 I 43 fa7a7
SCHED-TRACE 5743 1863 B 43 f1
SCHED-TRACE 5744 1863 P 43 18dc43958
SCHED-TRACE 5745 1863 R 43 18dc43958
SCHED-TRACE 5746 1864 U 4 fa8f5
SCHED-TRACE 5747 1864 V 4 fa9b8
SCHED-TRACE 5748 1864 O 0 0
SCHED-TRACE 5749 1864 P 43 18fce76c8
SCHED-TRACE 5750 1865 K 46 188e4b438
SCHED-TRACE 5751 1865 P 43 191a58106
SCHED-TRACE 5752 1866 P 43 19300dd2f
SCHED-TRACE 5753 1866 I 46 faf09
SCHED-TRACE 5754 1866 B 46 f0
SCHED-TRACE 5755 1866 P 46 18dc7be76
SCHED-TRACE 5756 1866 R 46 18dc7be76
SCHED-TRACE 5757 1867 U 4 fb057
SCHED-TRACE 5758 1867 V 4 fb11a
SCHED-TRACE 5759 1867 O 0 0
SCHED-TRACE 5760 1867 P 46 18fd1fbe6
SCHED-TRACE 5761 1868 K 34 188eaf1a9
SCHED-TRACE 5762 1868 P 46 191a8624d
SCHED-TRACE 5763 1869 P 46 193036c8a
SCHED-TRACE 5764 1869 I 34 fb66b
SCHED-TRACE 5765 1869 B 34 ed
SCHED-TRACE 5766 1869 P 34 18dce9fbe
SCHED-TRACE 5767 1869 R 34 18dce9fbe
SCHED-TRACE 5768 1870 U 4 fb7ba
SCHED-TRACE 5769 1870 V 4 fb87c
SCHED-TRACE 5770 1870 O 0 0
SCHED-TRACE 5771 1870 P 34 18fd92f1a
SCHED-TRACE 5772 1871 K 37 188ec624e
SCHED-TRACE 5773 1871 P 34 191b10624
SCHED-TRACE 5774 1872 P 34 1930be76c
SCHED-TRACE 5775 1872 I 37 fbdcd
SCHED-TRACE 5776 1872 B 37 f0
SCHED-TRACE 5777 1872 P 37 18dcf4395
SCHED-TRACE 5778 1872 R 37 18dcf4395
SCHED-TRACE 5779 1873 U 4 fbf1c
SCHED-TRACE 5780 1873 V 4 fbfde
SCHED-TRACE 5781 1873 O 0 0
SCHED-TRACE 5782 1873 P 37 18fd9a9fc
SCHED-TRACE 5783 1874 K 73 1893cf1aa
SCHED-TRACE 5784 1874 P 37 191b18106
SCHED-TRACE 5785 1875 P 37 1930cdd2f
SCHED-TRACE 5786 1875 I 73 fc530
SCHED-TRACE 5787 1875 B 73 ef
SCHED-TRACE 5788 1875 P 73 18e1fd2f2
SCHED-TRACE 5789 1875 R 73 18e1fd2f2
SCHED-TRACE 5790 1876 U 4 fc67c
SCHED-TRACE 5791 1876 V 4 fc73e
SCHED-TRACE 5792 1876 O 0 0
SCHED-TRACE 5793 1876 P 73 190261062
SCHED-TRACE 5794 1877 K 76 189f4c8b4
SCHED-TRACE 5795 1877 P 73 191fdbe77
SCHED-TRACE 5796 1878 P 73 193589fbf
SCHED-TRACE 5797 1878 I 76 fcc90
SCHED-TRACE 5798 1878 B 76 f0
SCHED-TRACE 5799 1878 P 76 18ed89fbe
SCHED-TRACE 5800 1878 R 76 18ed89fbe
SCHED-TRACE 5801 1879 U 4 fcddc
SCHED-TRACE 5802 1879 V 4 fce9f
SCHED-TRACE 5803 1879 O 0 0
SCHED-TRACE 5804 1879 P 76 190dedd2f
SCHED-TRACE 5805 1880 K 80 18c7da756
SCHED-TRACE 5806 1880 P 76 192b6b439
SCHED-TRACE 5807 1881 P 76 194119581
SCHED-TRACE 5808 1881 I 80 fd3f0
SCHED-TRACE 5809 1881 B 80 f0
SCHED-TRACE 5810 1881 P 80 1916da756
SCHED-TRACE 5811 1881 R 80 1916da756
SCHED-TRACE 5812 1882 U 4 fd53c
SCHED-TRACE 5813 1882 V 4 fd5ff
SCHED-TRACE 5814 1882 O 0 0
SCHED-TRACE 5815 1882 P 80 19379c65e
SCHED-TRACE 5816 1883 K 64 192c90624
SCHED-TRACE 5817 1883 P 80 195563825
SCHED-TRACE 5818 1884 P 80 196b4c3c8
SCHED-TRACE 5819 1884 I 64 fdb50
SCHED-TRACE 5820 1884 B 64 f1
SCHED-TRACE 5821 1884 P 64 197abbe76
SCHED-TRACE 5822 1884 R 64 197abbe76
SCHED-TRACE 5823 1885 U 4 fdc9d
SCHED-TRACE 5824 1885 V 4 fdd5f
SCHED-TRACE 5825 1885 O 0 0
SCHED-TRACE 5826 1885 P 64 199b34395
SCHED-TRACE 5827 1886 K 70 192ce24dd
SCHED-TRACE 5828 1886 P 64 19b8a76c8
SCHED-TRACE 5829 1887 P 64 19ce55810
SCHED-TRACE 5830 1887 I 70 fe2b0
SCHED-TRACE 5831 1887 B 70 ef
SCHED-TRACE 5832 1887 P 70 197b10624
SCHED-TRACE 5833 1887 R 70 197b10624
SCHED-TRACE 5834 1888 U 4 fe3fc
SCHED-TRACE 5835 1888 V 4 fe4be
SCHED-TRACE 5836 1888 O 0 0
SCHED-TRACE 5837 1888 P 70 199b83958
SCHED-TRACE 5838 1889 K 67 192cfe76c
SCHED-TRACE 5839 1889 P 70 19b8fbe76
SCHED-TRACE 5840 1890 P 70 19cea76c8
SCHED-TRACE 5841 1890 I 67 fea0f
SCHED-TRACE 5842 1890 B 67 ed
SCHED-TRACE 5843 1890 P 67 197b24dd2
SCHED-TRACE 5844 1890 R 67 197b24dd2
SCHED-TRACE 5845 1891 U 4 feb5c
SCHED-TRACE 5846 1891 V 4 fec1e
SCHED-TRACE 5847 1891 O 0 0
SCHED-TRACE 5848 1891 P 67 199b95810
SCHED-TRACE 5849 1892 K 31 192d24dd2
SCHED-TRACE 5850 1892 P 67 19b912f1a
SCHED-TRACE 5851 1893 P 67 19cebbe76
SCHED-TRACE 5852 1893 I 31 ff16f
SCHED-TRACE 5853 1893 B 31 f0
SCHED-TRACE 5854 1893 P 31 197b4dd2f
SCHED-TRACE 5855 1893 R 31 197b4dd2f
SCHED-TRACE 5856 1894 U 4 ff2bb
SCHED-TRACE 5857 1894 V 4 ff37d
SCHED-TRACE 5858 1894 O 0 0
SCHED-TRACE 5859 1894 P 31 199b9a9fb
SCHED-TRACE 5860 1895 K 61 192d624dd
SCHED-TRACE 5861 1895 P 31 19b918106
SCHED-TRACE 5862 1896 P 31 19cecdd2f
SCHED-TRACE 5863 1896 I 61 ff8ce
SCHED-TRACE 5864 1896 B 61 ef
SCHED-TRACE 5865 1896 P 61 197b88b43
SCHED-TRACE 5866 1896 R 61 197b88b43
SCHED-TRACE 5867 1897 U 4 ffa1c
SCHED-TRACE 5868 1897 V 4 ffadf
SCHED-TRACE 5869 1897 O 0 0
SCHED-TRACE 5870 1897 P 61 199c1d2f1
SCHED-TRACE 5871 1898 K 58 192e4624d
SCHED-TRACE 5872 1898 P 61 19b99fbe7
SCHED-TRACE 5873 1899 P 61 19cf58106
SCHED-TRACE 5874 1899 I 58 100030
SCHED-TRACE 5875 1899 B 58 f0
SCHED-TRACE 5876 1899 P 58 197c69fbe
SCHED-TRACE 5877 1899 R 58 197c69fbe
SCHED-TRACE 5878 1900 U 4 10017e
SCHED-TRACE 5879 1900 V 4 100241
SCHED-TRACE 5880 1900 O 0 0
SCHED-TRACE 5881 1900 P 58 199d03957
SCHED-TRACE 5882 1901 K 55 192e8b438
SCHED-TRACE 5883 1901 P 58 19ba6c8b3
SCHED-TRACE 5884 1902 P 58 19d0224dc
SCHED-TRACE 5885 1902 I 55 100792
SCHED-TRACE 5886 1902 B 55 f1
SCHED-TRACE 5887 1902 P 55 197cc624d
SCHED-TRACE 5888 1902 R 55 197cc624d
SCHED-TRACE 5889 1903 U 4 1008e0
SCHED-TRACE 5890 1903 V 4 1009a3
SCHED-TRACE 5891 1903 O 0 0
SCHED-TRACE 5892 1903 P 55 199d624dc
SCHED-TRACE 5893 1904 P 1 192f3e76c
SCHED-TRACE 5894 1904 W 1 192f3e76c
SCHED-TRACE 5895 1904 K 1 192f3e76c
SCHED-TRACE 5896 1904 P 55 19be8624d
SCHED-TRACE 5897 1905 U 4 100d63
SCHED-TRACE 5898 1905 V 4 100e2b
SCHED-TRACE 5899 1905 P 55 19d71fbe6
SCHED-TRACE 5900 1905 G 80 196b4c3c8
SCHED-TRACE 5901 1905 g 80 1c
SCHED-TRACE 5902 1905 v 80 6300000064
SCHED-TRACE 5903 1905 f 80 192f3e76c
SCHED-TRACE 5904 1905 N 80 196ab27fa
SCHED-TRACE 5905 1905 n 80 38
SCHED-TRACE 5906 1905 P 80 196ab27fa
SCHED-TRACE 5907 1905 X 83 100fa1
SCHED-TRACE 5908 1905 Z 0 478
SCHED-TRACE 5909 1905 T 0 1010b6
SCHED-TRACE 5910 1905 t 0 1010f7
SCHED-TRACE 5911 1905 G 80 196ab27fa
SCHED-TRACE 5912 1905 g 80 38
SCHED-TRACE 5913 1905 v 80 6400000064
SCHED-TRACE 5914 1905 f 80 192f3e76c
SCHED-TRACE 5915 1905 N 80 196ab27fa
SCHED-TRACE 5916 1905 n 80 38
SCHED-TRACE 5917 1905 P 80 1981c9fc9
SCHED-TRACE 5918 1905 L 80 196ab27fa
SCHED-TRACE 5919 1905 l 83 22346b439
SCHED-TRACE 5920 1905 e 83 d8f9580f
SCHED-TRACE 5921 1905 f 0 192f3e76c
SCHED-TRACE 5922 1905 r 83 0
SCHED-TRACE 5923 1905 q 80 38
SCHED-TRACE 5924 1905 w 0 100000064
SCHED-TRACE 5925 1905 A 80 1981c9fc9
SCHED-TRACE 5926 1905 a 80 29
SCHED-TRACE 5927 1905 D 83 22346b439
SCHED-TRACE 5928 1905 Y 83 101d6b
SCHED-TRACE 5929 1905 U 1 101d6f
SCHED-TRACE 5930 1905 V 1 1096f8
SCHED-TRACE 5931 1905 U 3 1096fd
SCHED-TRACE 5932 1905 V 3 10998a
SCHED-TRACE 5933 1906 I 1 109a18
SCHED-TRACE 5934 1906 B 1 f1
SCHED-TRACE 5935 1906 P 1 195839168
SCHED-TRACE 5936 1906 R 1 195839168
SCHED-TRACE 5937 1907 U 4 109b66
SCHED-TRACE 5938 1907 V 4 109c24
SCHED-TRACE 5939 1907 O 0 0
SCHED-TRACE 5940 1907 P 1 195b7374b
SCHED-TRACE 5941 1908 K 52 192f3e76c
SCHED-TRACE 5942 1908 P 1 195e6624d
SCHED-TRACE 5943 1909 P 1 196091eb7
SCHED-TRACE 5944 1909 I 52 10a174
SCHED-TRACE 5945 1909 B 52 f2
SCHED-TRACE 5946 1909 P 52 197d6c8b3
SCHED-TRACE 5947 1909 R 52 197d6c8b3
SCHED-TRACE 5948 1910 U 4 10a2c3
SCHED-TRACE 5949 1910 V 4 10a381
SCHED-TRACE 5950 1910 O 0 0
SCHED-TRACE 5951 1910 P 52 199db9580
SCHED-TRACE 5952 1911 K 49 192fe4dd3
SCHED-TRACE 5953 1911 P 52 19bb24dd2
SCHED-TRACE 5954 1912 P 52 19d0dd2f1
SCHED-TRACE 5955 1912 I 49 10a8cf
SCHED-TRACE 5956 1912 B 49 ed
SCHED-TRACE 5957 1912 P 49 197e03958
SCHED-TRACE 5958 1912 R 49 197e03958
SCHED-TRACE 5959 1913 U 4 10aa1e
SCHED-TRACE 5960 1913 V 4 10aadd
SCHED-TRACE 5961 1913 O 0 0
SCHED-TRACE 5962 1913 P 49 199e7e76c
SCHED-TRACE 5963 1914 K 40 192ff4395
SCHED-TRACE 5964 1914 P 49 19bbf6c8b
SCHED-TRACE 5965 1915 P 49 19d1b1a9f
SCHED-TRACE 5966 1915 I 40 10b02c
SCHED-TRACE 5967 1915 B 40 ef
SCHED-TRACE 5968 1915 P 40 197e1580f
SCHED-TRACE 5969 1915 R 40 197e1580f
SCHED-TRACE 5970 1916 U 4 10b17c
SCHED-TRACE 5971 1916 V 4 10b23b
SCHED-TRACE 5972 1916 O 0 0
SCHED-TRACE 5973 1916 P 40 199eb4395
SCHED-TRACE 5974 1917 K 43 19300dd2f
SCHED-TRACE 5975 1917 P 40 19bc1fbe7
SCHED-TRACE 5976 1918 P 40 19d1da9fb
SCHED-TRACE 5977 1918 I 43 10b78a
SCHED-TRACE 5978 1918 B 43 f1
SCHED-TRACE 5979 1918 P 43 197e2c8b4
SCHED-TRACE 5980 1918 R 43 197e2c8b4
SCHED-TRACE 5981 1919 U 4 10b8d9
SCHED-TRACE 5982 1919 V 4 10b999
SCHED-TRACE 5983 1919 O 0 0
SCHED-TRACE 5984 1919 P 43 199ebbe77
SCHED-TRACE 5985 1920 K 46 193036c8a
SCHED-TRACE 5986 1920 P 43 19bc2f1aa
SCHED-TRACE 5987 1921 P 43 19d1e9fbe
SCHED-TRACE 5988 1921 I 46 10bee8
SCHED-TRACE 5989 1921 B 46 f2
SCHED-TRACE 5990 1921 P 46 197e624dc
SCHED-TRACE 5991 1921 R 46 197e624dc
SCHED-TRACE 5992 1922 U 4 10c038
SCHED-TRACE 5993 1922 V 4 10c0f7
SCHED-TRACE 5994 1922 O 0 0
SCHED-TRACE 5995 1922 P 46 199ef9580
SCHED-TRACE 5996 1923 K 34 1930be76c
SCHED-TRACE 5997 1923 P 46 19bc676c8
SCHED-TRACE 5998 1924 P 46 19d21580f
SCHED-TRACE 5999 1924 I 34 10c647
SCHED-TRACE 6000 1924 B 34 f0
SCHED-TRACE 6001 1924 P 34 197f01062
SCHED-TRACE 6002 1924 R 34 197f01062
SCHED-TRACE 6003 1925 U 4 10c796
SCHED-TRACE 6004 1925 V 4 10c855
SCHED-TRACE 6005 1925 O 0 0
SCHED-TRACE 6006 1925 P 34 199f8b439
SCHED-TRACE 6007 1926 K 37 1930cdd2f
SCHED-TRACE 6008 1926 P 34 19bd03958
SCHED-TRACE 6009 1927 P 34 19d2b6c8b
SCHED-TRACE 6010 1927 I 37 10cda4
SCHED-TRACE 6011 1927 B 37 f2
SCHED-TRACE 6012 1927 P 37 197ef1a9f
SCHED-TRACE 6013 1927 R 37 197ef1a9f
SCHED-TRACE 6014 1928 U 4 10cef4
SCHED-TRACE 6015 1928 V 4 10cfb2
SCHED-TRACE 6016 1928 O 0 0
SCHED-TRACE 6017 1928 P 37 199f79581
SCHED-TRACE 6018 1929 K 73 193589fbf
SCHED-TRACE 6019 1929 P 37 19bcf4395
SCHED-TRACE 6020 1930 P 37 19d2af1aa
SCHED-TRACE 6021 1930 I 73 10d502
SCHED-TRACE 6022 1930 B 73 f2
SCHED-TRACE 6023 1930 P 73 1983b5811
SCHED-TRACE 6024 1930 R 73 1983b5811
SCHED-TRACE 6025 1931 U 4 10d64f
SCHED-TRACE 6026 1931 V 4 10d70e
SCHED-TRACE 6027 1931 O 0 0
SCHED-TRACE 6028 1931 P 73 19a3f8106
SCHED-TRACE 6029 1932 K 76 194119581
SCHED-TRACE 6030 1932 P 73 19c15e76d
SCHED-TRACE 6031 1933 P 73 19d711aa0
SCHED-TRACE 6032 1933 I 76 10dc5d
SCHED-TRACE 6033 1933 B 76 ea
SCHED-TRACE 6034 1933 P 76 198f49fbe
SCHED-TRACE 6035 1933 R 76 198f49fbe
SCHED-TRACE 6036 1934 U 4 10dda9
SCHED-TRACE 6037 1934 V 4 10de68
SCHED-TRACE 6038 1934 O 0 0
SCHED-TRACE 6039 1934 P 76 19af7d2f1
SCHED-TRACE 6040 1935 K 1 196091eb7
SCHED-TRACE 6041 1935 P 76 19ccedd2f
SCHED-TRACE 6042 1936 P 76 19e2a1062
SCHED-TRACE 6043 1936 G 79 cd4e49ba
SCHED-TRACE 6044 1936 g 79 0
SCHED-TRACE 6045 1936 v 79 64
SCHED-TRACE 6046 1936 f 79 196091eb7
SCHED-TRACE 6047 1936 N 79 196091eb7
SCHED-TRACE 6048 1936 n 79 0
SCHED-TRACE 6049 1936 X 80 10e219
SCHED-TRACE 6050 1936 Z 0 478
SCHED-TRACE 6051 1936 T 0 10e2f6
SCHED-TRACE 6052 1936 t 0 10e337
SCHED-TRACE 6053 1936 G 79 196091eb7
SCHED-TRACE 6054 1936 g 79 0
SCHED-TRACE 6055 1936 v 79 6400000064
SCHED-TRACE 6056 1936 f 79 196091eb7
SCHED-TRACE 6057 1936 N 79 196091eb7
SCHED-TRACE 6058 1936 n 79 0
SCHED-TRACE 6059 1936 L 79 196091eb7
SCHED-TRACE 6060 1936 l 80 1981c9fc9
SCHED-TRACE 6061 1936 e 80 cd4e49ba
SCHED-TRACE 6062 1936 f 0 196091eb7
SCHED-TRACE 6063 1936 r 80 29
SCHED-TRACE 6064 1936 q 79 0
SCHED-TRACE 6065 1936 w 0 6400000064
SCHED-TRACE 6066 1936 A 79 1981c9fc9
SCHED-TRACE 6067 1936 a 79 29
SCHED-TRACE 6068 1936 D 80 1981c9fc9
SCHED-TRACE 6069 1936 Y 80 10efe7
SCHED-TRACE 6070 1936 U 1 10efec
SCHED-TRACE 6071 1936 V 1 116791
SCHED-TRACE 6072 1936 U 3 116796
SCHED-TRACE 6073 1936 V 3 116a1f
SCHED-TRACE 6074 1937 I 1 116aa6
SCHED-TRACE 6075 1937 B 1 f1
SCHED-TRACE 6076 1937 P 1 19894b020
SCHED-TRACE 6077 1937 R 1 19894b020
SCHED-TRACE 6078 1938 U 4 116be5
SCHED-TRACE 6079 1938 V 4 116c9a
SCHED-TRACE 6080 1938 O 0 0
SCHED-TRACE 6081 1938 P 1 198c63126
SCHED-TRACE 6082 1939 K 1 198c63126
SCHED-TRACE 6083 1939 P 1 198f3a5e3
SCHED-TRACE 6084 1940 G 2 0
SCHED-TRACE 6085 1940 g 2 0
SCHED-TRACE 6086 1940 v 2 3d0900003d090
SCHED-TRACE 6087 1940 f 2 198f3a5e3
SCHED-TRACE 6088 1940 N 2 198f3a5e3
SCHED-TRACE 6089 1940 n 2 0
SCHED-TRACE 6090 1941 I 1 117255
SCHED-TRACE 6091 1941 B 1 f2
SCHED-TRACE 6092 1941 P 1 199a63957
SCHED-TRACE 6093 1941 R 1 199a63957
SCHED-TRACE 6094 1942 U 4 117393
SCHED-TRACE 6095 1942 V 4 117448
SCHED-TRACE 6096 1942 O 0 0
SCHED-TRACE 6097 1942 P 1 199d7ae14
SCHED-TRACE 6098 1943 K 1 199d7ae14
SCHED-TRACE 6099 1943 P 1 19a051686
SCHED-TRACE 6100 1944 G 2 198f3a5e3
SCHED-TRACE 6101 1944 g 2 0
SCHED-TRACE 6102 1944 v 2 3d0900003d090
SCHED-TRACE 6103 1944 f 2 19a051686
SCHED-TRACE 6104 1944 N 2 19a051686
SCHED-TRACE 6105 1944 n 2 0
SCHED-TRACE 6106 1944 X 86 117794
SCHED-TRACE 6107 1944 Z 0 478
SCHED-TRACE 6108 1944 G 2 19a051686
SCHED-TRACE 6109 1944 g 2 0
SCHED-TRACE 6110 1944 v 2 3d0900003d090
SCHED-TRACE 6111 1944 f 2 19a051686
SCHED-TRACE 6112 1944 N 2 19a051686
SCHED-TRACE 6113 1944 n 2 0
SCHED-TRACE 6114 1944 L 2 19a051686
SCHED-TRACE 6115 1944 l 86 198f3a5e3
SCHED-TRACE 6116 1944 e 86 198f3a5e3
SCHED-TRACE 6117 1944 f 0 19a051686
SCHED-TRACE 6118 1944 r 86 0
SCHED-TRACE 6119 1944 q 2 0
SCHED-TRACE 6120 1944 w 0 3d090
SCHED-TRACE 6121 1944 A 2 19a051686
SCHED-TRACE 6122 1944 a 2 0
SCHED-TRACE 6123 1944 Y 86 117f43
SCHED-TRACE 6124 1944 U 1 117f47
SCHED-TRACE 6125 1944 V 1 11f6ec
SCHED-TRACE 6126 1945 I 1 11f773
SCHED-TRACE 6127 1945 B 1 f2
SCHED-TRACE 6128 1945 P 1 19ba76c8a
SCHED-TRACE 6129 1945 R 1 19ba76c8a
SCHED-TRACE 6130 1946 U 4 11f8b3
SCHED-TRACE 6131 1946 V 4 11f968
SCHED-TRACE 6132 1946 O 0 0
SCHED-TRACE 6133 1946 P 1 19bd9126e
SCHED-TRACE 6134 1947 K 1 19bd9126e
SCHED-TRACE 6135 1947 P 1 19c0676c8
SCHED-TRACE 6136 1948 G 79 1981c9fc9
SCHED-TRACE 6137 1948 g 79 29
SCHED-TRACE 6138 1948 v 79 6400000000
SCHED-TRACE 6139 1948 f 79 19c0676c8
SCHED-TRACE 6140 1948 N 79 19c0676f1
SCHED-TRACE 6141 1948 n 79 0
SCHED-TRACE 6142 1949 I 1 11ff2c
SCHED-TRACE 6143 1949 B 1 f3
SCHED-TRACE 6144 1949 P 1 19cba9fbe
SCHED-TRACE 6145 1949 R 1 19cba9fbe
SCHED-TRACE 6146 1950 U 4 12006c
SCHED-TRACE 6147 1950 V 4 120121
SCHED-TRACE 6148 1950 O 0 0
SCHED-TRACE 6149 1950 P 1 19cec45a1
SCHED-TRACE 6150 1951 K 64 19ce55810
SCHED-TRACE 6151 1951 P 1 19d198d4f
SCHED-TRACE 6152 1952 P 1 19d3aa7ef
SCHED-TRACE 6153 1952 I 64 120662
SCHED-TRACE 6154 1952 B 64 f2
SCHED-TRACE 6155 1952 P 64 1a1d8624d
SCHED-TRACE 6156 1952 R 64 1a1d8624d
SCHED-TRACE 6157 1953 U 4 1207a3
SCHED-TRACE 6158 1953 V 4 120857
SCHED-TRACE 6159 1953 O 0 0
SCHED-TRACE 6160 1953 P 64 1a3c98105
SCHED-TRACE 6161 1954 K 70 19cea76c8
SCHED-TRACE 6162 1954 P 64 1a58fe76c
SCHED-TRACE 6163 1955 P 64 1a6db1a9f
SCHED-TRACE 6164 1955 I 70 120d98
SCHED-TRACE 6165 1955 B 70 f4
SCHED-TRACE 6166 1955 P 70 1a1dcb439
SCHED-TRACE 6167 1955 R 70 1a1dcb439
SCHED-TRACE 6168 1956 U 4 120ed9
SCHED-TRACE 6169 1956 V 4 120f8d
SCHED-TRACE 6170 1956 O 0 0
SCHED-TRACE 6171 1956 P 70 1a3cd5810
SCHED-TRACE 6172 1957 K 67 19cebbe76
SCHED-TRACE 6173 1957 P 70 1a593be76
SCHED-TRACE 6174 1958 P 70 1a6df4395
SCHED-TRACE 6175 1958 I 67 1214ce
SCHED-TRACE 6176 1958 B 67 f2
SCHED-TRACE 6177 1958 P 67 1a1dd2f1a
SCHED-TRACE 6178 1958 R 67 1a1dd2f1a
SCHED-TRACE 6179 1959 U 4 12160f
SCHED-TRACE 6180 1959 V 4 1216c4
SCHED-TRACE 6181 1959 O 0 0
SCHED-TRACE 6182 1959 P 67 1a3ce9fbe
SCHED-TRACE 6183 1960 K 31 19cecdd2f
SCHED-TRACE 6184 1960 P 67 1a594dd2e
SCHED-TRACE 6185 1961 P 67 1a6e03957
SCHED-TRACE 6186 1961 I 31 121c05
SCHED-TRACE 6187 1961 B 31 f0
SCHED-TRACE 6188 1961 P 31 1a1df6c8b
SCHED-TRACE 6189 1961 R 31 1a1df6c8b
SCHED-TRACE 6190 1962 U 4 121d45
SCHED-TRACE 6191 1962 V 4 121dfa
SCHED-TRACE 6192 1962 O 0 0
SCHED-TRACE 6193 1962 P 31 1a3cf9581
SCHED-TRACE 6194 1963 K 61 19cf58106
SCHED-TRACE 6195 1963 P 31 1a595a9fb
SCHED-TRACE 6196 1964 P 31 1a6e1a9fb
SCHED-TRACE 6197 1964 I 61 12233b
SCHED-TRACE 6198 1964 B 61 f0
SCHED-TRACE 6199 1964 P 61 1a1e6c8b4
SCHED-TRACE 6200 1964 R 61 1a1e6c8b4
SCHED-TRACE 6201 1965 U 4 12247b
SCHED-TRACE 6202 1965 V 4 122530
SCHED-TRACE 6203 1965 O 0 0
SCHED-TRACE 6204 1965 P 61 1a3d90624
SCHED-TRACE 6205 1966 K 58 19d0224dc
SCHED-TRACE 6206 1966 P 61 1a59f1a9f
SCHED-TRACE 6207 1967 P 61 1a6eaf1aa
SCHED-TRACE 6208 1967 I 58 122a71
SCHED-TRACE 6209 1967 B 58 f2
SCHED-TRACE 6210 1967 P 58 1a1f3be76
SCHED-TRACE 6211 1967 R 58 1a1f3be76
SCHED-TRACE 6212 1968 U 4 122bb2
SCHED-TRACE 6213 1968 V 4 122c67
SCHED-TRACE 6214 1968 O 0 0
SCHED-TRACE 6215 1968 P 58 1a3e5fbe7
SCHED-TRACE 6216 1969 K 52 19d0dd2f1
SCHED-TRACE 6217 1969 P 58 1a5ac8b43
SCHED-TRACE 6218 1970 P 58 1a6f83957
SCHED-TRACE 6219 1970 I 52 1231a8
SCHED-TRACE 6220 1970 B 52 f3
SCHED-TRACE 6221 1970 P 52 1a1ffe76c
SCHED-TRACE 6222 1970 R 52 1a1ffe76c
SCHED-TRACE 6223 1971 U 4 1232ea
SCHED-TRACE 6224 1971 V 4 12339e
SCHED-TRACE 6225 1971 O 0 0
SCHED-TRACE 6226 1971 P 52 1a3f18105
SCHED-TRACE 6227 1972 K 49 19d1b1a9f
SCHED-TRACE 6228 1972 P 52 1a5b7e76c
SCHED-TRACE 6229 1973 P 52 1a703be76
SCHED-TRACE 6230 1973 I 49 1238df
SCHED-TRACE 6231 1973 B 49 f2
SCHED-TRACE 6232 1973 P 49 1a20c3958
SCHED-TRACE 6233 1973 R 49 1a20c3958
SCHED-TRACE 6234 1974 U 4 123a22
SCHED-TRACE 6235 1974 V 4 123ad7
SCHED-TRACE 6236 1974 O 0 0
SCHED-TRACE 6237 1974 P 49 1a400dd2f
SCHED-TRACE 6238 1975 K 40 19d1da9fb
SCHED-TRACE 6239 1975 P 49 1a5c7e76c
SCHED-TRACE 6240 1976 P 49 1a7141062
SCHED-TRACE 6241 1976 I 40 124018
SCHED-TRACE 6242 1976 B 40 f2
SCHED-TRACE 6243 1976 P 40 1a20e4dd2
SCHED-TRACE 6244 1976 R 40 1a20e4dd2
SCHED-TRACE 6245 1977 U 4 12415c
SCHED-TRACE 6246 1977 V 4 124211
SCHED-TRACE 6247 1977 O 0 0
SCHED-TRACE 6248 1977 P 40 1a404b438
SCHED-TRACE 6249 1978 K 43 19d1e9fbe
SCHED-TRACE 6250 1978 P 40 1a5c92f1a
SCHED-TRACE 6251 1979 P 40 1a7150624
SCHED-TRACE 6252 1979 I 43 124751
SCHED-TRACE 6253 1979 B 43 f2
SCHED-TRACE 6254 1979 P 43 1a210dd2f
SCHED-TRACE 6255 1979 R 43 1a210dd2f
SCHED-TRACE 6256 1980 U 4 124893
SCHED-TRACE 6257 1980 V 4 124948
SCHED-TRACE 6258 1980 O 0 0
SCHED-TRACE 6259 1980 P 43 1a4050625
SCHED-TRACE 6260 1981 K 46 19d21580f
SCHED-TRACE 6261 1981 P 43 1a5cac8b4
SCHED-TRACE 6262 1982 P 43 1a7164dd3
SCHED-TRACE 6263 1982 I 46 124e89
SCHED-TRACE 6264 1982 B 46 f3
SCHED-TRACE 6265 1982 P 46 1a2141061
SCHED-TRACE 6266 1982 R 46 1a2141061
SCHED-TRACE 6267 1983 U 4 124fcb
SCHED-TRACE 6268 1983 V 4 12507f
SCHED-TRACE 6269 1983 O 0 0
SCHED-TRACE 6270 1983 P 46 1a4071a9f
SCHED-TRACE 6271 1984 K 37 19d2af1aa
SCHED-TRACE 6272 1984 P 46 1a5cd580f
SCHED-TRACE 6273 1985 P 46 1a7188b43
SCHED-TRACE 6274 1985 I 37 1255c1
SCHED-TRACE 6275 1985 B 37 f1
SCHED-TRACE 6276 1985 P 37 1a21dd2f1
SCHED-TRACE 6277 1985 R 37 1a21dd2f1
SCHED-TRACE 6278 1986 U 4 125704
SCHED-TRACE 6279 1986 V 4 1257b8
SCHED-TRACE 6280 1986 O 0 0
SCHED-TRACE 6281 1986 P 37 1a4118106
SCHED-TRACE 6282 1987 K 34 19d2b6c8b
SCHED-TRACE 6283 1987 P 37 1a5d76c8b
SCHED-TRACE 6284 1988 P 37 1a7234395
SCHED-TRACE 6285 1988 I 34 125cf9
SCHED-TRACE 6286 1988 B 34 ef
SCHED-TRACE 6287 1988 P 34 1a21d2f1a
SCHED-TRACE 6288 1988 R 34 1a21d2f1a
SCHED-TRACE 6289 1989 U 4 125e39
SCHED-TRACE 6290 1989 V 4 125eee
SCHED-TRACE 6291 1989 O 0 0
SCHED-TRACE 6292 1989 P 34 1a40da9fb
SCHED-TRACE 6293 1990 K 1 19d3aa7ef
SCHED-TRACE 6294 1990 P 34 1a5d4624d
SCHED-TRACE 6295 1991 P 34 1a7201062
SCHED-TRACE 6296 1993 I 1 126509
SCHED-TRACE 6297 1993 B 1 f3
SCHED-TRACE 6298 1993 P 1 19ddad4fd
SCHED-TRACE 6299 1993 R 1 19ddad4fd
SCHED-TRACE 6300 1994 U 4 126649
SCHED-TRACE 6301 1994 V 4 1266fe
SCHED-TRACE 6302 1994 O 0 0
SCHED-TRACE 6303 1994 P 1 19e0c5e34
SCHED-TRACE 6304 1995 K 73 19d711aa0
SCHED-TRACE 6305 1995 P 1 19e39d2f1
SCHED-TRACE 6306 1996 P 1 19e5b020b
SCHED-TRACE 6307 1996 I 73 126c3f
SCHED-TRACE 6308 1996 B 73 f3
SCHED-TRACE 6309 1996 P 73 1a263d2f2
SCHED-TRACE 6310 1996 R 73 1a263d2f2
SCHED-TRACE 6311 1997 U 4 126d80
SCHED-TRACE 6312 1997 V 4 126e35
SCHED-TRACE 6313 1997 O 0 0
SCHED-TRACE 6314 1997 P 73 1a4554396
SCHED-TRACE 6315 1998 K 55 19d71fbe6
SCHED-TRACE 6316 1998 P 73 1a61b5811
SCHED-TRACE 6317 1999 P 73 1a7675811
SCHED-TRACE 6318 1999 I 55 127376
SCHED-TRACE 6319 1999 B 55 f2
SCHED-TRACE 6320 1999 P 55 1a263be76
SCHED-TRACE 6321 1999 R 55 1a263be76
SCHED-TRACE 6322 2000 U 4 1274b7
SCHED-TRACE 6323 2000 V 4 12756c
SCHED-TRACE 6324 2000 O 0 0
SCHED-TRACE 6325 2000 P 55 1a456f1a9
SCHED-TRACE 6326 2001 K 76 19e2a1062
SCHED-TRACE 6327 2001 P 55 1a61d0624
SCHED-TRACE 6328 2002 P 55 1a7688b43
SCHED-TRACE 6329 2002 I 76 127aad
SCHED-TRACE 6330 2002 B 76 f2
SCHED-TRACE 6331 2002 P 76 1a31c4dd3
SCHED-TRACE 6332 2002 R 76 1a31c4dd3
SCHED-TRACE 6333 2003 U 4 127bed
SCHED-TRACE 6334 2003 V 4 127ca2
SCHED-TRACE 6335 2003 O 0 0
SCHED-TRACE 6336 2003 P 76 1a50c9fbe
SCHED-TRACE 6337 2004 K 1 19e5b020b
SCHED-TRACE 6338 2004 P 76 1a6d38106
SCHED-TRACE 6339 2005 P 76 1a81edd2f
SCHED-TRACE 6340 2006 U 2 12844e
SCHED-TRACE 6341 2006 V 2 128855
SCHED-TRACE 6342 2006 U 3 12890b
SCHED-TRACE 6343 2006 V 3 128bb4
SCHED-TRACE 6344 2007 I 1 128c3a
SCHED-TRACE 6345 2007 B 1 f3
SCHED-TRACE 6346 2007 P 1 19f7276c8
SCHED-TRACE 6347 2007 R 1 19f7276c8
SCHED-TRACE 6348 2008 U 4 128d7a
SCHED-TRACE 6349 2008 V 4 128e32
SCHED-TRACE 6350 2008 O 0 0
SCHED-TRACE 6351 2008 P 1 19fa41061
SCHED-TRACE 6352 2009 K 1 19fa41061
SCHED-TRACE 6353 2009 P 1 19fd18d4f
SCHED-TRACE 6354 2011 I 1 129cf4
SCHED-TRACE 6355 2011 B 1 f2
SCHED-TRACE 6356 2011 P 1 1a1f5cac0
SCHED-TRACE 6357 2011 R 1 1a1f5cac0
SCHED-TRACE 6358 2012 U 4 129e34
SCHED-TRACE 6359 2012 V 4 129eec
SCHED-TRACE 6360 2012 O 0 0
SCHED-TRACE 6361 2012 P 1 1a22774bc
SCHED-TRACE 6362 2013 K 1 1a22774bc
SCHED-TRACE 6363 2013 P 1 1a2550a3d
SCHED-TRACE 6364 2015 I 1 12a4af
SCHED-TRACE 6365 2015 B 1 f2
SCHED-TRACE 6366 2015 P 1 1a308c49b
SCHED-TRACE 6367 2015 R 1 1a308c49b
SCHED-TRACE 6368 2016 U 4 12a5ee
SCHED-TRACE 6369 2016 V 4 12a6a7
SCHED-TRACE 6370 2016 O 0 0
SCHED-TRACE 6371 2016 P 1 1a33a6666
SCHED-TRACE 6372 2017 K 1 1a33a6666
SCHED-TRACE 6373 2017 P 1 1a367eb84
SCHED-TRACE 6374 2019 I 1 12ada0
SCHED-TRACE 6375 2019 B 1 f1
SCHED-TRACE 6376 2019 P 1 1a44d6c8a
SCHED-TRACE 6377 2019 R 1 1a44d6c8a
SCHED-TRACE 6378 2020 U 4 12aee0
SCHED-TRACE 6379 2020 V 4 12af98
SCHED-TRACE 6380 2020 O 0 0
SCHED-TRACE 6381 2020 P 1 1a47f020b
SCHED-TRACE 6382 2021 K 1 1a47f020b
SCHED-TRACE 6383 2021 P 1 1a4ac9374
SCHED-TRACE 6384 2024 I 1 12bb2a
SCHED-TRACE 6385 2024 B 1 f3
SCHED-TRACE 6386 2024 P 1 1a64d8d4f
SCHED-TRACE 6387 2024 R 1 1a64d8d4f
SCHED-TRACE 6388 2025 U 4 12bc69
SCHED-TRACE 6389 2025 V 4 12bd21
SCHED-TRACE 6390 2025 O 0 0
SCHED-TRACE 6391 2025 P 1 1a67f3332
SCHED-TRACE 6392 2026 K 1 1a67f3332
SCHED-TRACE 6393 2026 P 1 1a6acac07
SCHED-TRACE 6394 2028 I 1 12c39d
SCHED-TRACE 6395 2028 B 1 ef
SCHED-TRACE 6396 2028 P 1 1a77df3b5
SCHED-TRACE 6397 2028 R 1 1a77df3b5
SCHED-TRACE 6398 2029 U 4 12c4db
SCHED-TRACE 6399 2029 V 4 12c593
SCHED-TRACE 6400 2029 O 0 0
SCHED-TRACE 6401 2029 P 1 1a7af8105
SCHED-TRACE 6402 2030 K 64 1a6db1a9f
SCHED-TRACE 6403 2030 P 1 1a7dcfdf3
SCHED-TRACE 6404 2031 P 1 1a7fe24dc
SCHED-TRACE 6405 2031 I 64 12cad4
SCHED-TRACE 6406 2031 B 64 f2
SCHED-TRACE 6407 2031 P 64 1abcd2f1a
SCHED-TRACE 6408 2031 R 64 1abcd2f1a
SCHED-TRACE 6409 2032 U 4 12cc15
SCHED-TRACE 6410 2032 V 4 12cccd
SCHED-TRACE 6411 2032 O 0 0
SCHED-TRACE 6412 2032 P 64 1adbf6c8a
SCHED-TRACE 6413 2033 K 70 1a6df4395
SCHED-TRACE 6414 2033 P 64 1af871a9f
SCHED-TRACE 6415 2034 P 64 1b0d276c8
SCHED-TRACE 6416 2034 I 70 12d20e
SCHED-TRACE 6417 2034 B 70 f3
SCHED-TRACE 6418 2034 P 70 1abd0b439
SCHED-TRACE 6419 2034 R 70 1abd0b439
SCHED-TRACE 6420 2035 U 4 12d34f
SCHED-TRACE 6421 2035 V 4 12d406
SCHED-TRACE 6422 2035 O 0 0
SCHED-TRACE 6423 2035 P 70 1adc0b439
SCHED-TRACE 6424 2036 K 67 1a6e03957
SCHED-TRACE 6425 2036 P 70 1af881062
SCHED-TRACE 6426 2037 P 70 1b0d36c8b
SCHED-TRACE 6427 2037 I 67 12d948
SCHED-TRACE 6428 2037 B 67 f2
SCHED-TRACE 6429 2037 P 67 1abd276c8
SCHED-TRACE 6430 2037 R 67 1abd276c8
SCHED-TRACE 6431 2038 U 4 12da89
SCHED-TRACE 6432 2038 V 4 12db40
SCHED-TRACE 6433 2038 O 0 0
SCHED-TRACE 6434 2038 P 67 1adc29fbe
SCHED-TRACE 6435 2039 K 31 1a6e1a9fb
SCHED-TRACE 6436 2039 P 67 1af89a9fb
SCHED-TRACE 6437 2040 P 67 1b0d52f1a
SCHED-TRACE 6438 2040 I 31 12e082
SCHED-TRACE 6439 2040 B 31 f1
SCHED-TRACE 6440 2040 P 31 1abd4624d
SCHED-TRACE 6441 2040 R 31 1abd4624d
SCHED-TRACE 6442 2041 U 4 12e1c2
SCHED-TRACE 6443 2041 V 4 12e27a
SCHED-TRACE 6444 2041 O 0 0
SCHED-TRACE 6445 2041 P 31 1adc3e76c
SCHED-TRACE 6446 2042 K 61 1a6eaf1aa
SCHED-TRACE 6447 2042 P 31 1af8a24dd
SCHED-TRACE 6448 2043 P 31 1b0d5fbe7
SCHED-TRACE 6449 2043 I 61 12e7bb
SCHED-TRACE 6450 2043 B 61 f3
SCHED-TRACE 6451 2043 P 61 1abddd2f1
SCHED-TRACE 6452 2043 R 61 1abddd2f1
SCHED-TRACE 6453 2044 U 4 12e8fc
SCHED-TRACE 6454 2044 V 4 12e9b4
SCHED-TRACE 6455 2044 O 0 0
SCHED-TRACE 6456 2044 P 61 1add0b439
SCHED-TRACE 6457 2045 K 58 1a6f83957
SCHED-TRACE 6458 2045 P 61 1af979581
SCHED-TRACE 6459 2046 P 61 1b0e39581
SCHED-TRACE 6460 2046 I 58 12eef6
SCHED-TRACE 6461 2046 B 58 f3
SCHED-TRACE 6462 2046 P 58 1abe9d2f1
SCHED-TRACE 6463 2046 R 58 1abe9d2f1
SCHED-TRACE 6464 2047 U 4 12f038
SCHED-TRACE 6465 2047 V 4 12f0f0
SCHED-TRACE 6466 2047 O 0 0
SCHED-TRACE 6467 2047 P 58 1addd5810
SCHED-TRACE 6468 2048 K 52 1a703be76
SCHED-TRACE 6469 2048 P 58 1afa41062
SCHED-TRACE 6470 2049 P 58 1b0ef9580
SCHED-TRACE 6471 2049 I 52 12f632
SCHED-TRACE 6472 2049 B 52 ef
SCHED-TRACE 6473 2049 P 52 1abf624dc
SCHED-TRACE 6474 2049 R 52 1abf624dc
SCHED-TRACE 6475 2050 U 4 12f774
SCHED-TRACE 6476 2050 V 4 12f82c
SCHED-TRACE 6477 2050 O 0 0
SCHED-TRACE 6478 2050 P 52 1ade9580f
SCHED-TRACE 6479 2051 K 49 1a7141062
SCHED-TRACE 6480 2051 P 52 1afb0b438
SCHED-TRACE 6481 2052 P 52 1b0fc3957
SCHED-TRACE 6482 2052 I 49 12fd6e
SCHED-TRACE 6483 2052 B 49 f1
SCHED-TRACE 6484 2052 P 49 1ac0624dd
SCHED-TRACE 6485 2052 R 49 1ac0624dd
SCHED-TRACE 6486 2053 U 4 12feb1
SCHED-TRACE 6487 2053 V 4 12ff69
SCHED-TRACE 6488 2053 O 0 0
SCHED-TRACE 6489 2053 P 49 1adfa76c8
SCHED-TRACE 6490 2054 K 40 1a7150624
SCHED-TRACE 6491 2054 P 49 1afc24dd3
SCHED-TRACE 6492 2055 P 49 1b10e9fbe
SCHED-TRACE 6493 2055 I 40 1304ab
SCHED-TRACE 6494 2055 B 40 f3
SCHED-TRACE 6495 2055 P 40 1ac06f1a9
SCHED-TRACE 6496 2055 R 40 1ac06f1a9
SCHED-TRACE 6497 2056 U 4 1305ee
SCHED-TRACE 6498 2056 V 4 1306a6
SCHED-TRACE 6499 2056 O 0 0
SCHED-TRACE 6500 2056 P 40 1adfbe76c
SCHED-TRACE 6501 2057 K 43 1a7164dd3
SCHED-TRACE 6502 2057 P 40 1afc34395
SCHED-TRACE 6503 2058 P 40 1b10f4395
SCHED-TRACE 6504 2058 I 43 130be8
SCHED-TRACE 6505 2058 B 43 f3
SCHED-TRACE 6506 2058 P 43 1ac08624e
SCHED-TRACE 6507 2058 R 43 1ac08624e
SCHED-TRACE 6508 2059 U 4 130d2b
SCHED-TRACE 6509 2059 V 4 130de3
SCHED-TRACE 6510 2059 O 0 0
SCHED-TRACE 6511 2059 P 43 1adfd0625
SCHED-TRACE 6512 2060 K 46 1a7188b43
SCHED-TRACE 6513 2060 P 43 1afc43958
SCHED-TRACE 6514 2061 P 43 1b1103958
SCHED-TRACE 6515 2061 I 46 131325
SCHED-TRACE 6516 2061 B 46 f2
SCHED-TRACE 6517 2061 P 46 1ac0b1a9f
SCHED-TRACE 6518 2061 R 46 1ac0b1a9f
SCHED-TRACE 6519 2062 U 4 131467
SCHED-TRACE 6520 2062 V 4 13151f
SCHED-TRACE 6521 2062 O 0 0
SCHED-TRACE 6522 2062 P 46 1adff1a9f
SCHED-TRACE 6523 2063 K 34 1a7201062
SCHED-TRACE 6524 2063 P 46 1afc676c8
SCHED-TRACE 6525 2064 P 46 1b111fbe6
SCHED-TRACE 6526 2064 I 34 131a60
SCHED-TRACE 6527 2064 B 34 f3
SCHED-TRACE 6528 2064 P 34 1ac11a9fb
SCHED-TRACE 6529 2064 R 34 1ac11a9fb
SCHED-TRACE 6530 2065 U 4 131ba0
SCHED-TRACE 6531 2065 V 4 131c58
SCHED-TRACE 6532 2065 O 0 0
SCHED-TRACE 6533 2065 P 34 1ae0224dd
SCHED-TRACE 6534 2066 K 37 1a7234395
SCHED-TRACE 6535 2066 P 34 1afc9d2f1
SCHED-TRACE 6536 2067 P 34 1b115a9fb
SCHED-TRACE 6537 2067 I 37 13219a
SCHED-TRACE 6538 2067 B 37 f4
SCHED-TRACE 6539 2067 P 37 1ac155810
SCHED-TRACE 6540 2067 R 37 1ac155810
SCHED-TRACE 6541 2068 U 4 1322dd
SCHED-TRACE 6542 2068 V 4 132394
SCHED-TRACE 6543 2068 O 0 0
SCHED-TRACE 6544 2068 P 37 1ae079581
SCHED-TRACE 6545 2069 K 73 1a7675811
SCHED-TRACE 6546 2069 P 37 1afce9fbe
SCHED-TRACE 6547 2070 P 37 1b11a4dd3
SCHED-TRACE 6548 2070 I 73 1328d5
SCHED-TRACE 6549 2070 B 73 f0
SCHED-TRACE 6550 2070 P 73 1ac591aa0
SCHED-TRACE 6551 2070 R 73 1ac591aa0
SCHED-TRACE 6552 2071 U 4 132a16
SCHED-TRACE 6553 2071 V 4 132ace
SCHED-TRACE 6554 2071 O 0 0
SCHED-TRACE 6555 2071 P 73 1ae4a3958
SCHED-TRACE 6556 2072 K 55 1a7688b43
SCHED-TRACE 6557 2072 P 73 1b011be77
SCHED-TRACE 6558 2073 P 73 1b15d9581
SCHED-TRACE 6559 2073 I 55 13300f
SCHED-TRACE 6560 2073 B 55 f1
SCHED-TRACE 6561 2073 P 55 1ac59a9fb
SCHED-TRACE 6562 2073 R 55 1ac59a9fb
SCHED-TRACE 6563 2074 U 4 133151
SCHED-TRACE 6564 2074 V 4 13320a
SCHED-TRACE 6565 2074 O 0 0
SCHED-TRACE 6566 2074 P 55 1ae4d8105
SCHED-TRACE 6567 2075 K 1 1a7fe24dc
SCHED-TRACE 6568 2075 P 55 1b014624d
SCHED-TRACE 6569 2076 P 55 1b1601061
SCHED-TRACE 6570 2078 I 1 1337bd
SCHED-TRACE 6571 2078 B 1 f3
SCHED-TRACE 6572 2078 P 1 1a88d9580
SCHED-TRACE 6573 2078 R 1 1a88d9580
SCHED-TRACE 6574 2079 U 4 1338fd
SCHED-TRACE 6575 2079 V 4 1339b6
SCHED-TRACE 6576 2079 O 0 0
SCHED-TRACE 6577 2079 P 1 1a8bf4fde
SCHED-TRACE 6578 2080 K 76 1a81edd2f
SCHED-TRACE 6579 2080 P 1 1a8ecd4fd
SCHED-TRACE 6580 2081 P 1 1a90e0830
SCHED-TRACE 6581 2081 I 76 133ef8
SCHED-TRACE 6582 2081 B 76 f3
SCHED-TRACE 6583 2081 P 76 1ad10f1aa
SCHED-TRACE 6584 2081 R 76 1ad10f1aa
SCHED-TRACE 6585 2082 U 4 134039
SCHED-TRACE 6586 2082 V 4 1340f1
SCHED-TRACE 6587 2082 O 0 0
SCHED-TRACE 6588 2082 P 76 1af032f1a
SCHED-TRACE 6589 2083 K 1 1a90e0830
SCHED-TRACE 6590 2083 P 76 1b0c99581
SCHED-TRACE 6591 2084 P 76 1b213a9fb
SCHED-TRACE 6592 2085 P 87 1a90e0830
SCHED-TRACE 6593 2085 W 87 1a90e0830
SCHED-TRACE 6594 2085 U 4 1347de
SCHED-TRACE 6595 2085 V 4 13489d
SCHED-TRACE 6596 2085 I 1 1348a6
SCHED-TRACE 6597 2085 B 1 f1
SCHED-TRACE 6598 2085 P 1 1a9d43957
SCHED-TRACE 6599 2085 R 1 1a9d43957
SCHED-TRACE 6600 2086 O 0 0
SCHED-TRACE 6601 2086 P 1 1aa04d0e5
SCHED-TRACE 6602 2087 K 87 1a90e0830
SCHED-TRACE 6603 2087 P 1 1aa33c28f
SCHED-TRACE 6604 2088 U 4 134c46
SCHED-TRACE 6605 2088 V 4 134d03
SCHED-TRACE 6606 2088 P 1 1aa599db1
SCHED-TRACE 6607 2088 U 3 134e3c
SCHED-TRACE 6608 2088 V 3 1350f7
SCHED-TRACE 6609 2088 P 87 1ab14c081
SCHED-TRACE 6610 2088 D 87 1ab14c081
SCHED-TRACE 6611 2090 K 1 1aa599db1
SCHED-TRACE 6612 2091 U 4 13543c
SCHED-TRACE 6613 2091 V 4 1354f1
SCHED-TRACE 6614 2093 U 3 135a7a
SCHED-TRACE 6615 2093 V 3 135d26
SCHED-TRACE 6616 2094 W 87 1aff58d4e
SCHED-TRACE 6617 2094 U 4 135dc5
SCHED-TRACE 6618 2094 V 4 135e85
SCHED-TRACE 6619 2094 I 1 135e8d
SCHED-TRACE 6620 2094 B 1 f3
SCHED-TRACE 6621 2094 P 1 1ab5cd4fd
SCHED-TRACE 6622 2094 R 1 1ab5cd4fd
SCHED-TRACE 6623 2095 O 0 0
SCHED-TRACE 6624 2095 P 1 1ab8d5810
SCHED-TRACE 6625 2096 K 1 1ab8d5810
SCHED-TRACE 6626 2096 P 1 1abbc8f5b
SCHED-TRACE 6627 2097 U 4 13622f
SCHED-TRACE 6628 2097 V 4 1362ee
SCHED-TRACE 6629 2097 U 3 1363e0
SCHED-TRACE 6630 2097 V 3 1366a5
SCHED-TRACE 6631 2097 P 1 1ac0ae978
SCHED-TRACE 6632 2097 D 1 1ac0ae978
SCHED-TRACE 6633 2099 K 87 1aff58d4e
SCHED-TRACE 6634 2100 U 4 1369e9
SCHED-TRACE 6635 2100 V 4 136a9f
SCHED-TRACE 6636 2101 U 3 136f8f
SCHED-TRACE 6637 2101 V 3 13723b
SCHED-TRACE 6638 2102 P 1 1aff58d4e
SCHED-TRACE 6639 2102 W 1 1aff58d4e
SCHED-TRACE 6640 2102 U 4 1372dc
SCHED-TRACE 6641 2102 V 4 137399
SCHED-TRACE 6642 2102 I 87 1373a1
SCHED-TRACE 6643 2102 B 87 f3
SCHED-TRACE 6644 2102 P 87 1b929b644
SCHED-TRACE 6645 2102 R 87 1b929b644
SCHED-TRACE 6646 2103 O 0 0
SCHED-TRACE 6647 2103 P 87 1bb12d4fc
SCHED-TRACE 6648 2104 K 1 1aff58d4e
SCHED-TRACE 6649 2104 P 87 1bcead4fc
SCHED-TRACE 6650 2105 U 4 137744
SCHED-TRACE 6651 2105 V 4 137804
SCHED-TRACE 6652 2105 P 87 1be663125
SCHED-TRACE 6653 2105 U 3 13794d
SCHED-TRACE 6654 2105 V 3 137c13
SCHED-TRACE 6655 2105 P 1 1b02c1479
SCHED-TRACE 6656 2105 D 1 1b02c1479
SCHED-TRACE 6657 2107 K 64 1b0d276c8
SCHED-TRACE 6658 2108 U 4 137f5b
SCHED-TRACE 6659 2108 V 4 13800f
SCHED-TRACE 6660 2108 I 64 138306
SCHED-TRACE 6661 2108 B 64 f1
SCHED-TRACE 6662 2108 P 64 1b5ada9fb
SCHED-TRACE 6663 2108 R 64 1b5ada9fb
SCHED-TRACE 6664 2109 U 4 138446
SCHED-TRACE 6665 2109 V 4 1384ff
SCHED-TRACE 6666 2109 O 0 0
SCHED-TRACE 6667 2109 P 64 1b7a24dd2
SCHED-TRACE 6668 2110 K 70 1b0d36c8b
SCHED-TRACE 6669 2110 P 64 1b9698105
SCHED-TRACE 6670 2111 P 64 1bab4dd2e
SCHED-TRACE 6671 2111 I 70 138a43
SCHED-TRACE 6672 2111 B 70 f1
SCHED-TRACE 6673 2111 P 70 1b5c624dd
SCHED-TRACE 6674 2111 R 70 1b5c624dd
SCHED-TRACE 6675 2112 U 4 138b83
SCHED-TRACE 6676 2112 V 4 138c3c
SCHED-TRACE 6677 2112 O 0 0
SCHED-TRACE 6678 2112 P 70 1b7ba76c8
SCHED-TRACE 6679 2113 K 67 1b0d52f1a
SCHED-TRACE 6680 2113 P 70 1b981d2f1
SCHED-TRACE 6681 2114 P 70 1bacd5810
SCHED-TRACE 6682 2114 I 67 139180
SCHED-TRACE 6683 2114 B 67 f2
SCHED-TRACE 6684 2114 P 67 1b5c6c8b3
SCHED-TRACE 6685 2114 R 67 1b5c6c8b3
SCHED-TRACE 6686 2115 U 4 1392c1
SCHED-TRACE 6687 2115 V 4 13937a
SCHED-TRACE 6688 2115 O 0 0
SCHED-TRACE 6689 2115 P 67 1b7b9a9fb
SCHED-TRACE 6690 2116 K 31 1b0d5fbe7
SCHED-TRACE 6691 2116 P 67 1b9810624
SCHED-TRACE 6692 2117 P 67 1bacc624d
SCHED-TRACE 6693 2117 I 31 1398bd
SCHED-TRACE 6694 2117 B 31 f2
SCHED-TRACE 6695 2117 P 31 1b5c83958
SCHED-TRACE 6696 2117 R 31 1b5c83958
SCHED-TRACE 6697 2118 U 4 1399fd
SCHED-TRACE 6698 2118 V 4 139ab7
SCHED-TRACE 6699 2118 O 0 0
SCHED-TRACE 6700 2118 P 31 1b7bc1062
SCHED-TRACE 6701 2119 K 61 1b0e39581
SCHED-TRACE 6702 2119 P 31 1b9836c8b
SCHED-TRACE 6703 2120 P 31 1bacf1a9f
SCHED-TRACE 6704 2120 I 61 139ffa
SCHED-TRACE 6705 2120 B 61 f2
SCHED-TRACE 6706 2120 P 61 1b5d4624d
SCHED-TRACE 6707 2120 R 61 1b5d4624d
SCHED-TRACE 6708 2121 U 4 13a13c
SCHED-TRACE 6709 2121 V 4 13a1f6
SCHED-TRACE 6710 2121 O 0 0
SCHED-TRACE 6711 2121 P 61 1b7cb1a9f
SCHED-TRACE 6712 2122 K 58 1b0ef9580
SCHED-TRACE 6713 2122 P 61 1b991a9fb
SCHED-TRACE 6714 2123 P 61 1badd8106
SCHED-TRACE 6715 2123 I 58 13a739
SCHED-TRACE 6716 2123 B 58 f4
SCHED-TRACE 6717 2123 P 58 1b5e15810
SCHED-TRACE 6718 2123 R 58 1b5e15810
SCHED-TRACE 6719 2124 U 4 13a87b
SCHED-TRACE 6720 2124 V 4 13a934
SCHED-TRACE 6721 2124 O 0 0
SCHED-TRACE 6722 2124 P 58 1b7d81062
SCHED-TRACE 6723 2125 K 52 1b0fc3957
SCHED-TRACE 6724 2125 P 58 1b99f1a9f
SCHED-TRACE 6725 2126 P 58 1baea9fbe
SCHED-TRACE 6726 2126 I 52 13ae78
SCHED-TRACE 6727 2126 B 52 f3
SCHED-TRACE 6728 2126 P 52 1b5ee24dc
SCHED-TRACE 6729 2126 R 52 1b5ee24dc
SCHED-TRACE 6730 2127 U 4 13afba
SCHED-TRACE 6731 2127 V 4 13b073
SCHED-TRACE 6732 2127 O 0 0
SCHED-TRACE 6733 2127 P 52 1b7e4dd2e
SCHED-TRACE 6734 2128 K 49 1b10e9fbe
SCHED-TRACE 6735 2128 P 52 1b9ac3957
SCHED-TRACE 6736 2129 P 52 1baf79580
SCHED-TRACE 6737 2129 I 49 13b5b8
SCHED-TRACE 6738 2129 B 49 f0
SCHED-TRACE 6739 2129 P 49 1b6015810
SCHED-TRACE 6740 2129 R 49 1b6015810
SCHED-TRACE 6741 2130 U 4 13b6fa
SCHED-TRACE 6742 2130 V 4 13b7b4
SCHED-TRACE 6743 2130 O 0 0
SCHED-TRACE 6744 2130 P 49 1b7f83958
SCHED-TRACE 6745 2131 K 40 1b10f4395
SCHED-TRACE 6746 2131 P 49 1b9bfbe76
SCHED-TRACE 6747 2132 P 49 1bb0c1062
SCHED-TRACE 6748 2132 I 40 13bcf8
SCHED-TRACE 6749 2132 B 40 f1
SCHED-TRACE 6750 2132 P 40 1b6008b43
SCHED-TRACE 6751 2132 R 40 1b6008b43
SCHED-TRACE 6752 2133 U 4 13be3b
SCHED-TRACE 6753 2133 V 4 13bef5
SCHED-TRACE 6754 2133 O 0 0
SCHED-TRACE 6755 2133 P 40 1b7f98105
SCHED-TRACE 6756 2134 K 43 1b1103958
SCHED-TRACE 6757 2134 P 40 1b9c1580f
SCHED-TRACE 6758 2135 P 40 1bb0d8105
SCHED-TRACE 6759 2135 I 43 13c439
SCHED-TRACE 6760 2135 B 43 f2
SCHED-TRACE 6761 2135 P 43 1b600dd2f
SCHED-TRACE 6762 2135 R 43 1b600dd2f
SCHED-TRACE 6763 2136 U 4 13c57c
SCHED-TRACE 6764 2136 V 4 13c635
SCHED-TRACE 6765 2136 O 0 0
SCHED-TRACE 6766 2136 P 43 1b7f8b439
SCHED-TRACE 6767 2137 K 46 1b111fbe6
SCHED-TRACE 6768 2137 P 43 1b9bfe76c
SCHED-TRACE 6769 2138 P 43 1bb0b9581
SCHED-TRACE 6770 2138 I 46 13cb79
SCHED-TRACE 6771 2138 B 46 f3
SCHED-TRACE 6772 2138 P 46 1b6041061
SCHED-TRACE 6773 2138 R 46 1b6041061
SCHED-TRACE 6774 2139 U 4 13ccbb
SCHED-TRACE 6775 2139 V 4 13cd74
SCHED-TRACE 6776 2139 O 0 0
SCHED-TRACE 6777 2139 P 46 1b7fb4395
SCHED-TRACE 6778 2140 K 34 1b115a9fb
SCHED-TRACE 6779 2140 P 46 1b9c24dd2
SCHED-TRACE 6780 2141 P 46 1bb0dd2f1
SCHED-TRACE 6781 2141 I 34 13d2b8
SCHED-TRACE 6782 2141 B 34 f2
SCHED-TRACE 6783 2141 P 34 1b6076c8b
SCHED-TRACE 6784 2141 R 34 1b6076c8b
SCHED-TRACE 6785 2142 U 4 13d3f8
SCHED-TRACE 6786 2142 V 4 13d4b2
SCHED-TRACE 6787 2142 O 0 0
SCHED-TRACE 6788 2142 P 34 1b7fc3958
SCHED-TRACE 6789 2143 K 37 1b11a4dd3
SCHED-TRACE 6790 2143 P 34 1b9c3e76c
SCHED-TRACE 6791 2144 P 34 1bb0fbe76
SCHED-TRACE 6792 2144 I 37 13d9f6
SCHED-TRACE 6793 2144 B 37 f3
SCHED-TRACE 6794 2144 P 37 1b60c8b43
SCHED-TRACE 6795 2144 R 37 1b60c8b43
SCHED-TRACE 6796 2145 U 4 13db3a
SCHED-TRACE 6797 2145 V 4 13dbf3
SCHED-TRACE 6798 2145 O 0 0
SCHED-TRACE 6799 2145 P 37 1b804624e
SCHED-TRACE 6800 2146 K 73 1b15d9581
SCHED-TRACE 6801 2146 P 37 1b9cbe76c
SCHED-TRACE 6802 2147 P 37 1bb17e76c
SCHED-TRACE 6803 2147 I 73 13e137
SCHED-TRACE 6804 2147 B 73 f3
SCHED-TRACE 6805 2147 P 73 1b64f5811
SCHED-TRACE 6806 2147 R 73 1b64f5811
SCHED-TRACE 6807 2148 U 4 13e278
SCHED-TRACE 6808 2148 V 4 13e330
SCHED-TRACE 6809 2148 O 0 0
SCHED-TRACE 6810 2148 P 73 1b8416c8b
SCHED-TRACE 6811 2149 K 55 1b1601061
SCHED-TRACE 6812 2149 P 73 1ba08f1aa
SCHED-TRACE 6813 2150 P 73 1bb549fbf
SCHED-TRACE 6814 2150 I 55 13e874
SCHED-TRACE 6815 2150 B 55 f4
SCHED-TRACE 6816 2150 P 55 1b652c8b3
SCHED-TRACE 6817 2150 R 55 1b652c8b3
SCHED-TRACE 6818 2151 U 4 13e9b6
SCHED-TRACE 6819 2151 V 4 13ea6f
SCHED-TRACE 6820 2151 O 0 0
SCHED-TRACE 6821 2151 P 55 1b848624d
SCHED-TRACE 6822 2152 K 76 1b213a9fb
SCHED-TRACE 6823 2152 P 55 1ba0f1a9f
SCHED-TRACE 6824 2153 P 55 1bb5ac8b3
SCHED-TRACE 6825 2153 I 76 13efb3
SCHED-TRACE 6826 2153 B 76 f2
SCHED-TRACE 6827 2153 P 76 1b7063958
SCHED-TRACE 6828 2153 R 76 1b7063958
SCHED-TRACE 6829 2154 U 4 13f0f3
SCHED-TRACE 6830 2154 V 4 13f1ad
SCHED-TRACE 6831 2154 O 0 0
SCHED-TRACE 6832 2154 P 76 1b8fadd2f
SCHED-TRACE 6833 2155 K 76 1b8fadd2f
SCHED-TRACE 6834 2155 P 76 1bac11a9f
SCHED-TRACE 6835 2156 I 76 13f6f1
SCHED-TRACE 6836 2156 B 76 f0
SCHED-TRACE 6837 2156 P 76 1c0ff2f1a
SCHED-TRACE 6838 2156 R 76 1c0ff2f1a
SCHED-TRACE 6839 2157 U 4 13f832
SCHED-TRACE 6840 2157 V 4 13f8ec
SCHED-TRACE 6841 2157 O 0 0
SCHED-TRACE 6842 2157 P 76 1c2f4f1aa
SCHED-TRACE 6843 2158 K 64 1bab4dd2e
SCHED-TRACE 6844 2158 P 76 1c4bcc8b4
SCHED-TRACE 6845 2159 P 76 1c60876c8
SCHED-TRACE 6846 2159 I 64 13fe30
SCHED-TRACE 6847 2159 B 64 f3
SCHED-TRACE 6848 2159 P 64 1bfa6f1a9
SCHED-TRACE 6849 2159 R 64 1bfa6f1a9
SCHED-TRACE 6850 2160 U 4 13ff72
SCHED-TRACE 6851 2160 V 4 14002c
SCHED-TRACE 6852 2160 O 0 0
SCHED-TRACE 6853 2160 P 64 1c19d5810
SCHED-TRACE 6854 2161 K 67 1bacc624d
SCHED-TRACE 6855 2161 P 64 1c3655810
SCHED-TRACE 6856 2162 P 64 1c4b0624d
SCHED-TRACE 6857 2162 I 67 140570
SCHED-TRACE 6858 2162 B 67 f3
SCHED-TRACE 6859 2162 P 67 1bfbe4dd2
SCHED-TRACE 6860 2162 R 67 1bfbe4dd2
SCHED-TRACE 6861 2163 U 4 1406b1
SCHED-TRACE 6862 2163 V 4 14076a
SCHED-TRACE 6863 2163 O 0 0
SCHED-TRACE 6864 2163 P 67 1c1b2f1a9
SCHED-TRACE 6865 2164 K 70 1bacd5810
SCHED-TRACE 6866 2164 P 67 1c37a76c8
SCHED-TRACE 6867 2165 P 67 1c4c624dc
SCHED-TRACE 6868 2165 I 70 140cae
SCHED-TRACE 6869 2165 B 70 f4
SCHED-TRACE 6870 2165 P 70 1bfbef1aa
SCHED-TRACE 6871 2165 R 70 1bfbef1aa
SCHED-TRACE 6872 2166 U 4 140def
SCHED-TRACE 6873 2166 V 4 140ea9
SCHED-TRACE 6874 2166 O 0 0
SCHED-TRACE 6875 2166 P 70 1c1b41062
SCHED-TRACE 6876 2167 K 31 1bacf1a9f
SCHED-TRACE 6877 2167 P 70 1c37b4395
SCHED-TRACE 6878 2168 P 70 1c4c6c8b4
SCHED-TRACE 6879 2168 I 31 1413ec
SCHED-TRACE 6880 2168 B 31 f1
SCHED-TRACE 6881 2168 P 31 1bfc01062
SCHED-TRACE 6882 2168 R 31 1bfc01062
SCHED-TRACE 6883 2169 U 4 14152c
SCHED-TRACE 6884 2169 V 4 1415e6
SCHED-TRACE 6885 2169 O 0 0
SCHED-TRACE 6886 2169 P 31 1c1b41062
SCHED-TRACE 6887 2170 K 61 1badd8106
SCHED-TRACE 6888 2170 P 31 1c37b6c8b
SCHED-TRACE 6889 2171 P 31 1c4c79581
SCHED-TRACE 6890 2171 I 61 141b2a
SCHED-TRACE 6891 2171 B 61 f3
SCHED-TRACE 6892 2171 P 61 1bfcf6c8b
SCHED-TRACE 6893 2171 R 61 1bfcf6c8b
SCHED-TRACE 6894 2172 U 4 141c6c
SCHED-TRACE 6895 2172 V 4 141d25
SCHED-TRACE 6896 2172 O 0 0
SCHED-TRACE 6897 2172 P 61 1c1c624dd
SCHED-TRACE 6898 2173 K 58 1baea9fbe
SCHED-TRACE 6899 2173 P 61 1c38d5810
SCHED-TRACE 6900 2174 P 61 1c4d92f1a
SCHED-TRACE 6901 2174 I 58 142269
SCHED-TRACE 6902 2174 B 58 f1
SCHED-TRACE 6903 2174 P 58 1bfdbbe76
SCHED-TRACE 6904 2174 R 58 1bfdbbe76
SCHED-TRACE 6905 2175 U 4 1423aa
SCHED-TRACE 6906 2175 V 4 142462
SCHED-TRACE 6907 2175 O 0 0
SCHED-TRACE 6908 2175 P 58 1c1d0b439
SCHED-TRACE 6909 2176 K 52 1baf79580
SCHED-TRACE 6910 2176 P 58 1c397be76
SCHED-TRACE 6911 2177 P 58 1c4e39580
SCHED-TRACE 6912 2177 I 52 1429a7
SCHED-TRACE 6913 2177 B 52 ef
SCHED-TRACE 6914 2177 P 52 1bfe9fbe6
SCHED-TRACE 6915 2177 R 52 1bfe9fbe6
SCHED-TRACE 6916 2178 U 4 142ae9
SCHED-TRACE 6917 2178 V 4 142ba2
SCHED-TRACE 6918 2178 O 0 0
SCHED-TRACE 6919 2178 P 52 1c1dfe76c
SCHED-TRACE 6920 2179 K 43 1bb0b9581
SCHED-TRACE 6921 2179 P 52 1c3a7be76
SCHED-TRACE 6922 2180 P 52 1c4f3e76c
SCHED-TRACE 6923 2180 I 43 1430e6
SCHED-TRACE 6924 2180 B 43 f3
SCHED-TRACE 6925 2180 P 43 1bffcb439
SCHED-TRACE 6926 2180 R 43 1bffcb439
SCHED-TRACE 6927 2181 U 4 14322a
SCHED-TRACE 6928 2181 V 4 1432e3
SCHED-TRACE 6929 2181 O 0 0
SCHED-TRACE 6930 2181 P 43 1c1f52f1a
SCHED-TRACE 6931 2182 K 49 1bb0c1062
SCHED-TRACE 6932 2182 P 43 1c3bd2f1a
SCHED-TRACE 6933 2183 P 43 1c5092f1a
SCHED-TRACE 6934 2183 I 49 143827
SCHED-TRACE 6935 2183 B 49 f3
SCHED-TRACE 6936 2183 P 49 1bffd5810
SCHED-TRACE 6937 2183 R 49 1bffd5810
SCHED-TRACE 6938 2184 U 4 14396a
SCHED-TRACE 6939 2184 V 4 143a24
SCHED-TRACE 6940 2184 O 0 0
SCHED-TRACE 6941 2184 P 49 1c1f624dd
SCHED-TRACE 6942 2185 K 40 1bb0d8105
SCHED-TRACE 6943 2185 P 49 1c3bd5810
SCHED-TRACE 6944 2186 P 49 1c509a9fb
SCHED-TRACE 6945 2186 I 40 143f68
SCHED-TRACE 6946 2186 B 40 f2
SCHED-TRACE 6947 2186 P 40 1bffe24dc
SCHED-TRACE 6948 2186 R 40 1bffe24dc
SCHED-TRACE 6949 2187 U 4 1440ab
SCHED-TRACE 6950 2187 V 4 144165
SCHED-TRACE 6951 2187 O 0 0
SCHED-TRACE 6952 2187 P 40 1c1f7e76c
SCHED-TRACE 6953 2188 K 46 1bb0dd2f1
SCHED-TRACE 6954 2188 P 40 1c3bd580f
SCHED-TRACE 6955 2189 P 40 1c508624d
SCHED-TRACE 6956 2189 I 46 1446a9
SCHED-TRACE 6957 2189 B 46 f2
SCHED-TRACE 6958 2189 P 46 1c001580f
SCHED-TRACE 6959 2189 R 46 1c001580f
SCHED-TRACE 6960 2190 U 4 1447eb
SCHED-TRACE 6961 2190 V 4 1448a4
SCHED-TRACE 6962 2190 O 0 0
SCHED-TRACE 6963 2190 P 46 1c1f8b438
SCHED-TRACE 6964 2191 K 34 1bb0fbe76
SCHED-TRACE 6965 2191 P 46 1c3c0624d
SCHED-TRACE 6966 2192 P 46 1c50bbe76
SCHED-TRACE 6967 2192 I 34 144de8
SCHED-TRACE 6968 2192 B 34 f3
SCHED-TRACE 6969 2192 P 34 1c0012f1a
SCHED-TRACE 6970 2192 R 34 1c0012f1a
SCHED-TRACE 6971 2193 U 4 144f29
SCHED-TRACE 6972 2193 V 4 144fe2
SCHED-TRACE 6973 2193 O 0 0
SCHED-TRACE 6974 2193 P 34 1c1f4dd2f
SCHED-TRACE 6975 2194 K 37 1bb17e76c
SCHED-TRACE 6976 2194 P 34 1c3bc8b43
SCHED-TRACE 6977 2195 P 34 1c5088b43
SCHED-TRACE 6978 2195 I 37 145526
SCHED-TRACE 6979 2195 B 37 f3
SCHED-TRACE 6980 2195 P 37 1c0095810
SCHED-TRACE 6981 2195 R 37 1c0095810
SCHED-TRACE 6982 2196 U 4 145669
SCHED-TRACE 6983 2196 V 4 145722
SCHED-TRACE 6984 2196 O 0 0
SCHED-TRACE 6985 2196 P 37 1c2010625
SCHED-TRACE 6986 2197 K 73 1bb549fbf
SCHED-TRACE 6987 2197 P 37 1c3c81062
SCHED-TRACE 6988 2198 P 37 1c513be77
SCHED-TRACE 6989 2198 I 73 145c66
SCHED-TRACE 6990 2198 B 73 ef
SCHED-TRACE 6991 2198 P 73 1c0461062
SCHED-TRACE 6992 2198 R 73 1c0461062
SCHED-TRACE 6993 2199 U 4 145da7
SCHED-TRACE 6994 2199 V 4 145e60
SCHED-TRACE 6995 2199 O 0 0
SCHED-TRACE 6996 2199 P 73 1c23a624e
SCHED-TRACE 6997 2200 K 55 1bb5ac8b3
SCHED-TRACE 6998 2200 P 73 1c4019581
SCHED-TRACE 6999 2201 P 73 1c54d6c8b
SCHED-TRACE 7000 2201 I 55 1463a4
SCHED-TRACE 7001 2201 B 55 f1
SCHED-TRACE 7002 2201 P 55 1c04d0624
SCHED-TRACE 7003 2201 R 55 1c04d0624
SCHED-TRACE 7004 2202 U 4 1464e5
SCHED-TRACE 7005 2202 V 4 14659e
SCHED-TRACE 7006 2202 O 0 0
SCHED-TRACE 7007 2202 P 55 1c2436c8a
SCHED-TRACE 7008 2203 K 87 1be663125
SCHED-TRACE 7009 2203 P 55 1c40a9fbd
SCHED-TRACE 7010 2204 P 55 1c55624dc
SCHED-TRACE 7011 2204 T 0 1468ac
SCHED-TRACE 7012 2204 t 0 1468ed
SCHED-TRACE 7013 2204 U 3 148881
SCHED-TRACE 7014 2204 V 3 148b41
SCHED-TRACE 7015 2204 P 87 1f2aff3b5
SCHED-TRACE 7016 2204 D 87 1f2aff3b5
SCHED-TRACE 7017 2206 K 64 1c4b0624d
SCHED-TRACE 7018 2207 U 4 148e62
SCHED-TRACE 7019 2207 V 4 148f0c
SCHED-TRACE 7020 2207 I 64 14920c
SCHED-TRACE 7021 2207 B 64 f3
SCHED-TRACE 7022 2207 P 64 1c99af1a9
SCHED-TRACE 7023 2207 R 64 1c99af1a9
SCHED-TRACE 7024 2208 U 4 149341
SCHED-TRACE 7025 2208 V 4 1493ec
SCHED-TRACE 7026 2208 O 0 0
SCHED-TRACE 7027 2208 P 64 1cb79fbe7
SCHED-TRACE 7028 2209 K 67 1c4c624dc
SCHED-TRACE 7029 2209 P 64 1cd301061
SCHED-TRACE 7030 2210 P 64 1ce6c624d
SCHED-TRACE 7031 2210 I 67 149922
SCHED-TRACE 7032 2210 B 67 f2
SCHED-TRACE 7033 2210 P 67 1c9c74395
SCHED-TRACE 7034 2210 R 67 1c9c74395
SCHED-TRACE 7035 2211 U 4 149a56
SCHED-TRACE 7036 2211 V 4 149b02
SCHED-TRACE 7037 2211 O 0 0
SCHED-TRACE 7038 2211 P 67 1cba69fbe
SCHED-TRACE 7039 2212 K 70 1c4c6c8b4
SCHED-TRACE 7040 2212 P 67 1cd5d0624
SCHED-TRACE 7041 2213 P 67 1ce990624
SCHED-TRACE 7042 2213 I 70 14a038
SCHED-TRACE 7043 2213 B 70 f2
SCHED-TRACE 7044 2213 P 70 1c9c8b439
SCHED-TRACE 7045 2213 R 70 1c9c8b439
SCHED-TRACE 7046 2214 U 4 14a16c
SCHED-TRACE 7047 2214 V 4 14a219
SCHED-TRACE 7048 2214 O 0 0
SCHED-TRACE 7049 2214 P 70 1cba9fbe7
SCHED-TRACE 7050 2215 K 31 1c4c79581
SCHED-TRACE 7051 2215 P 70 1cd5f4395
SCHED-TRACE 7052 2216 P 70 1ce9af1aa
SCHED-TRACE 7053 2216 I 31 14a74f
SCHED-TRACE 7054 2216 B 31 f4
SCHED-TRACE 7055 2216 P 31 1c9cac8b4
SCHED-TRACE 7056 2216 R 31 1c9cac8b4
SCHED-TRACE 7057 2217 U 4 14a882
SCHED-TRACE 7058 2217 V 4 14a92f
SCHED-TRACE 7059 2217 O 0 0
SCHED-TRACE 7060 2217 P 31 1cbaa4dd2
SCHED-TRACE 7061 2218 K 61 1c4d92f1a
SCHED-TRACE 7062 2218 P 31 1cd603958
SCHED-TRACE 7063 2219 P 31 1ce9c3958
SCHED-TRACE 7064 2219 I 61 14ae65
SCHED-TRACE 7065 2219 B 61 f3
SCHED-TRACE 7066 2219 P 61 1c9db4395
SCHED-TRACE 7067 2219 R 61 1c9db4395
SCHED-TRACE 7068 2220 U 4 14af9a
SCHED-TRACE 7069 2220 V 4 14b046
SCHED-TRACE 7070 2220 O 0 0
SCHED-TRACE 7071 2220 P 61 1cbbd2f1a
SCHED-TRACE 7072 2221 K 58 1c4e39580
SCHED-TRACE 7073 2221 P 61 1cd734395
SCHED-TRACE 7074 2222 P 61 1ceaf4395
SCHED-TRACE 7075 2222 I 58 14b57c
SCHED-TRACE 7076 2222 B 58 f0
SCHED-TRACE 7077 2222 P 58 1c9e41062
SCHED-TRACE 7078 2222 R 58 1c9e41062
SCHED-TRACE 7079 2223 U 4 14b6b1
SCHED-TRACE 7080 2223 V 4 14b75d
SCHED-TRACE 7081 2223 O 0 0
SCHED-TRACE 7082 2223 P 58 1cbc58105
SCHED-TRACE 7083 2224 K 52 1c4f3e76c
SCHED-TRACE 7084 2224 P 58 1cd7be76c
SCHED-TRACE 7085 2225 P 58 1ceb83957
SCHED-TRACE 7086 2225 I 52 14bc93
SCHED-TRACE 7087 2225 B 52 f2
SCHED-TRACE 7088 2225 P 52 1c9f52f1a
SCHED-TRACE 7089 2225 R 52 1c9f52f1a
SCHED-TRACE 7090 2226 U 4 14bdc9
SCHED-TRACE 7091 2226 V 4 14be75
SCHED-TRACE 7092 2226 O 0 0
SCHED-TRACE 7093 2226 P 52 1cbd81061
SCHED-TRACE 7094 2227 K 40 1c508624d
SCHED-TRACE 7095 2227 P 52 1cd8dd2f1
SCHED-TRACE 7096 2228 P 52 1ceca4dd2
SCHED-TRACE 7097 2228 I 40 14c3ab
SCHED-TRACE 7098 2228 B 40 ef
SCHED-TRACE 7099 2228 P 40 1ca092f1a
SCHED-TRACE 7100 2228 R 40 1ca092f1a
SCHED-TRACE 7101 2229 U 4 14c4df
SCHED-TRACE 7102 2229 V 4 14c58c
SCHED-TRACE 7103 2229 O 0 0
SCHED-TRACE 7104 2229 P 40 1cbec8b43
SCHED-TRACE 7105 2230 K 34 1c5088b43
SCHED-TRACE 7106 2230 P 40 1cda276c8
SCHED-TRACE 7107 2231 P 40 1cede4dd2
SCHED-TRACE 7108 2231 I 34 14cac1
SCHED-TRACE 7109 2231 B 34 f3
SCHED-TRACE 7110 2231 P 34 1ca09fbe7
SCHED-TRACE 7111 2231 R 34 1ca09fbe7
SCHED-TRACE 7112 2232 U 4 14cbf4
SCHED-TRACE 7113 2232 V 4 14cca1
SCHED-TRACE 7114 2232 O 0 0
SCHED-TRACE 7115 2232 P 34 1cbea24dd
SCHED-TRACE 7116 2233 K 43 1c5092f1a
SCHED-TRACE 7117 2233 P 34 1cda0b439
SCHED-TRACE 7118 2234 P 34 1cedcb439
SCHED-TRACE 7119 2234 I 43 14d1d7
SCHED-TRACE 7120 2234 B 43 f3
SCHED-TRACE 7121 2234 P 43 1ca0a76c8
SCHED-TRACE 7122 2234 R 43 1ca0a76c8
SCHED-TRACE 7123 2235 U 4 14d30d
SCHED-TRACE 7124 2235 V 4 14d3b8
SCHED-TRACE 7125 2235 O 0 0
SCHED-TRACE 7126 2235 P 43 1cbebbe77
SCHED-TRACE 7127 2236 K 49 1c509a9fb
SCHED-TRACE 7128 2236 P 43 1cda1fbe7
SCHED-TRACE 7129 2237 P 43 1ceddfbe7
SCHED-TRACE 7130 2237 I 49 14d8ee
SCHED-TRACE 7131 2237 B 49 f3
SCHED-TRACE 7132 2237 P 49 1ca0af1aa
SCHED-TRACE 7133 2237 R 49 1ca0af1aa
SCHED-TRACE 7134 2238 U 4 14da24
SCHED-TRACE 7135 2238 V 4 14dad0
SCHED-TRACE 7136 2238 O 0 0
SCHED-TRACE 7137 2238 P 49 1cbedfbe7
SCHED-TRACE 7138 2239 K 46 1c50bbe76
SCHED-TRACE 7139 2239 P 49 1cda43958
SCHED-TRACE 7140 2240 P 49 1cee0624d
SCHED-TRACE 7141 2240 I 46 14e006
SCHED-TRACE 7142 2240 B 46 f2
SCHED-TRACE 7143 2240 P 46 1ca0cb438
SCHED-TRACE 7144 2240 R 46 1ca0cb438
SCHED-TRACE 7145 2241 U 4 14e13c
SCHED-TRACE 7146 2241 V 4 14e1e8
SCHED-TRACE 7147 2241 O 0 0
SCHED-TRACE 7148 2241 P 46 1cbefbe76
SCHED-TRACE 7149 2242 K 37 1c513be77
SCHED-TRACE 7150 2242 P 46 1cda4b438
SCHED-TRACE 7151 2243 P 46 1cee0dd2e
SCHED-TRACE 7152 2243 I 37 14e71e
SCHED-TRACE 7153 2243 B 37 f2
SCHED-TRACE 7154 2243 P 37 1ca152f1a
SCHED-TRACE 7155 2243 R 37 1ca152f1a
SCHED-TRACE 7156 2244 U 4 14e851
SCHED-TRACE 7157 2244 V 4 14e8fe
SCHED-TRACE 7158 2244 O 0 0
SCHED-TRACE 7159 2244 P 37 1cbf52f1a
SCHED-TRACE 7160 2245 K 73 1c54d6c8b
SCHED-TRACE 7161 2245 P 37 1cdab6c8b
SCHED-TRACE 7162 2246 P 37 1cee76c8b
SCHED-TRACE 7163 2246 I 73 14ee34
SCHED-TRACE 7164 2246 B 73 f3
SCHED-TRACE 7165 2246 P 73 1ca4f2f1b
SCHED-TRACE 7166 2246 R 73 1ca4f2f1b
SCHED-TRACE 7167 2247 U 4 14ef68
SCHED-TRACE 7168 2247 V 4 14f015
SCHED-TRACE 7169 2247 O 0 0
SCHED-TRACE 7170 2247 P 73 1cc2fd2f2
SCHED-TRACE 7171 2248 K 55 1c55624dc
SCHED-TRACE 7172 2248 P 73 1cde6624e
SCHED-TRACE 7173 2249 P 73 1cf22b439
SCHED-TRACE 7174 2249 I 55 14f54b
SCHED-TRACE 7175 2249 B 55 f3
SCHED-TRACE 7176 2249 P 55 1ca56c8b3
SCHED-TRACE 7177 2249 R 55 1ca56c8b3
SCHED-TRACE 7178 2250 U 4 14f680
SCHED-TRACE 7179 2250 V 4 14f72c
SCHED-TRACE 7180 2250 O 0 0
SCHED-TRACE 7181 2250 P 55 1cc37be76
SCHED-TRACE 7182 2251 K 76 1c60876c8
SCHED-TRACE 7183 2251 P 55 1cdedfbe6
SCHED-TRACE 7184 2252 P 55 1cf29fbe6
SCHED-TRACE 7185 2252 I 76 14fc62
SCHED-TRACE 7186 2252 B 76 f2
SCHED-TRACE 7187 2252 P 76 1cb0a1062
SCHED-TRACE 7188 2252 R 76 1cb0a1062
SCHED-TRACE 7189 2253 U 4 14fd96
SCHED-TRACE 7190 2253 V 4 14fe42
SCHED-TRACE 7191 2253 O 0 0
SCHED-TRACE 7192 2253 P 76 1ccea1062
SCHED-TRACE 7193 2254 K 76 1ccea1062
SCHED-TRACE 7194 2254 P 76 1ce9fd2f1
SCHED-TRACE 7195 2255 I 76 150378
SCHED-TRACE 7196 2255 B 76 f0
SCHED-TRACE 7197 2255 P 76 1d4dcc8b4
SCHED-TRACE 7198 2255 R 76 1d4dcc8b4
SCHED-TRACE 7199 2256 U 4 1504ab
SCHED-TRACE 7200 2256 V 4 150557
SCHED-TRACE 7201 2256 O 0 0
SCHED-TRACE 7202 2256 P 76 1d6bd1a9f
SCHED-TRACE 7203 2257 K 64 1ce6c624d
SCHED-TRACE 7204 2257 P 76 1d8735810
SCHED-TRACE 7205 2258 P 76 1d9af5810
SCHED-TRACE 7206 2258 I 64 150a8d
SCHED-TRACE 7207 2258 B 64 f4
SCHED-TRACE 7208 2258 P 64 1d36e24dc
SCHED-TRACE 7209 2258 R 64 1d36e24dc
SCHED-TRACE 7210 2259 U 4 150bc1
SCHED-TRACE 7211 2259 V 4 150c6d
SCHED-TRACE 7212 2259 O 0 0
SCHED-TRACE 7213 2259 P 64 1d54ec8b3
SCHED-TRACE 7214 2260 K 67 1ce990624
SCHED-TRACE 7215 2260 P 64 1d7052f1a
SCHED-TRACE 7216 2261 P 64 1d8412f1a
SCHED-TRACE 7217 2261 I 67 1511a3
SCHED-TRACE 7218 2261 B 67 f3
SCHED-TRACE 7219 2261 P 67 1d39a24dc
SCHED-TRACE 7220 2261 R 67 1d39a24dc
SCHED-TRACE 7221 2262 U 4 1512d7
SCHED-TRACE 7222 2262 V 4 151383
SCHED-TRACE 7223 2262 O 0 0
SCHED-TRACE 7224 2262 P 67 1d5790624
SCHED-TRACE 7225 2263 K 70 1ce9af1aa
SCHED-TRACE 7226 2263 P 67 1d72f1a9f
SCHED-TRACE 7227 2264 P 67 1d86b1a9f
SCHED-TRACE 7228 2264 I 70 1518b8
SCHED-TRACE 7229 2264 B 70 f2
SCHED-TRACE 7230 2264 P 70 1d39b9581
SCHED-TRACE 7231 2264 R 70 1d39b9581
SCHED-TRACE 7232 2265 U 4 1519ec
SCHED-TRACE 7233 2265 V 4 151a99
SCHED-TRACE 7234 2265 O 0 0
SCHED-TRACE 7235 2265 P 70 1d57be76c
SCHED-TRACE 7236 2266 K 31 1ce9c3958
SCHED-TRACE 7237 2266 P 70 1d731a9fc
SCHED-TRACE 7238 2267 P 70 1d86d8106
SCHED-TRACE 7239 2267 I 31 151fce
SCHED-TRACE 7240 2267 B 31 f3
SCHED-TRACE 7241 2267 P 31 1d39dfbe7
SCHED-TRACE 7242 2267 R 31 1d39dfbe7
SCHED-TRACE 7243 2268 U 4 152101
SCHED-TRACE 7244 2268 V 4 1521ae
SCHED-TRACE 7245 2268 O 0 0
SCHED-TRACE 7246 2268 P 31 1d57dfbe7
SCHED-TRACE 7247 2269 K 61 1ceaf4395
SCHED-TRACE 7248 2269 P 31 1d7334395
SCHED-TRACE 7249 2270 P 31 1d86f1a9f
SCHED-TRACE 7250 2270 I 61 1526e4
SCHED-TRACE 7251 2270 B 61 f3
SCHED-TRACE 7252 2270 P 61 1d3b12f1a
SCHED-TRACE 7253 2270 R 61 1d3b12f1a
SCHED-TRACE 7254 2271 U 4 152819
SCHED-TRACE 7255 2271 V 4 1528c6
SCHED-TRACE 7256 2271 O 0 0
SCHED-TRACE 7257 2271 P 61 1d593e76c
SCHED-TRACE 7258 2272 K 58 1ceb83957
SCHED-TRACE 7259 2272 P 61 1d74a9fbe
SCHED-TRACE 7260 2273 P 61 1d8869fbe
SCHED-TRACE 7261 2273 I 58 152dfc
SCHED-TRACE 7262 2273 B 58 f3
SCHED-TRACE 7263 2273 P 58 1d3b95810
SCHED-TRACE 7264 2273 R 58 1d3b95810
SCHED-TRACE 7265 2274 U 4 152f32
SCHED-TRACE 7266 2274 V 4 152fde
SCHED-TRACE 7267 2274 O 0 0
SCHED-TRACE 7268 2274 P 58 1d59b9580
SCHED-TRACE 7269 2275 K 52 1ceca4dd2
SCHED-TRACE 7270 2275 P 58 1d7524dd2
SCHED-TRACE 7271 2276 P 58 1d88ef1a9
SCHED-TRACE 7272 2276 I 52 153515
SCHED-TRACE 7273 2276 B 52 f4
SCHED-TRACE 7274 2276 P 52 1d3cbe76c
SCHED-TRACE 7275 2276 R 52 1d3cbe76c
SCHED-TRACE 7276 2277 U 4 15364b
SCHED-TRACE 7277 2277 V 4 1536f7
SCHED-TRACE 7278 2277 O 0 0
SCHED-TRACE 7279 2277 P 52 1d5add2f1
SCHED-TRACE 7280 2278 K 34 1cedcb439
SCHED-TRACE 7281 2278 P 52 1d764624d
SCHED-TRACE 7282 2279 P 52 1d8a0b438
SCHED-TRACE 7283 2279 I 34 153c2d
SCHED-TRACE 7284 2279 B 34 f2
SCHED-TRACE 7285 2279 P 34 1d3dda9fb
SCHED-TRACE 7286 2279 R 34 1d3dda9fb
SCHED-TRACE 7287 2280 U 4 153d61
SCHED-TRACE 7288 2280 V 4 153e0e
SCHED-TRACE 7289 2280 O 0 0
SCHED-TRACE 7290 2280 P 34 1d5be9fbe
SCHED-TRACE 7291 2281 K 43 1ceddfbe7
SCHED-TRACE 7292 2281 P 34 1d7743958
SCHED-TRACE 7293 2282 P 34 1d8b0dd2f
SCHED-TRACE 7294 2282 I 43 154344
SCHED-TRACE 7295 2282 B 43 ee
SCHED-TRACE 7296 2282 P 43 1d3de24dd
SCHED-TRACE 7297 2282 R 43 1d3de24dd
SCHED-TRACE 7298 2283 U 4 154477
SCHED-TRACE 7299 2283 V 4 154523
SCHED-TRACE 7300 2283 O 0 0
SCHED-TRACE 7301 2283 P 43 1d5c01062
SCHED-TRACE 7302 2284 K 40 1cede4dd2
SCHED-TRACE 7303 2284 P 43 1d775d2f1
SCHED-TRACE 7304 2285 P 43 1d8b1d2f1
SCHED-TRACE 7305 2285 I 40 154a59
SCHED-TRACE 7306 2285 B 40 f3
SCHED-TRACE 7307 2285 P 40 1d3e08b43
SCHED-TRACE 7308 2285 R 40 1d3e08b43
SCHED-TRACE 7309 2286 U 4 154b8e
SCHED-TRACE 7310 2286 V 4 154c3a
SCHED-TRACE 7311 2286 O 0 0
SCHED-TRACE 7312 2286 P 40 1d5c31a9f
SCHED-TRACE 7313 2287 K 49 1cee0624d
SCHED-TRACE 7314 2287 P 40 1d7792f1a
SCHED-TRACE 7315 2288 P 40 1d8b50624
SCHED-TRACE 7316 2288 I 49 155170
SCHED-TRACE 7317 2288 B 49 f3
SCHED-TRACE 7318 2288 P 49 1d3e1fbe7
SCHED-TRACE 7319 2288 R 49 1d3e1fbe7
SCHED-TRACE 7320 2289 U 4 1552a5
SCHED-TRACE 7321 2289 V 4 155351
SCHED-TRACE 7322 2289 O 0 0
SCHED-TRACE 7323 2289 P 49 1d5c24dd3
SCHED-TRACE 7324 2290 K 46 1cee0dd2e
SCHED-TRACE 7325 2290 P 49 1d7788b43
SCHED-TRACE 7326 2291 P 49 1d8b48b43
SCHED-TRACE 7327 2291 I 46 155886
SCHED-TRACE 7328 2291 B 46 f3
SCHED-TRACE 7329 2291 P 46 1d3e24dd2
SCHED-TRACE 7330 2291 R 46 1d3e24dd2
SCHED-TRACE 7331 2292 U 4 1559bc
SCHED-TRACE 7332 2292 V 4 155a68
SCHED-TRACE 7333 2292 O 0 0
SCHED-TRACE 7334 2292 P 46 1d5c48b43
SCHED-TRACE 7335 2293 K 37 1cee76c8b
SCHED-TRACE 7336 2293 P 46 1d779fbe6
SCHED-TRACE 7337 2294 P 46 1d8b5fbe6
SCHED-TRACE 7338 2294 I 37 155f9d
SCHED-TRACE 7339 2294 B 37 f3
SCHED-TRACE 7340 2294 P 37 1d3e92f1a
SCHED-TRACE 7341 2294 R 37 1d3e92f1a
SCHED-TRACE 7342 2295 U 4 1560d0
SCHED-TRACE 7343 2295 V 4 15617d
SCHED-TRACE 7344 2295 O 0 0
SCHED-TRACE 7345 2295 P 37 1d5c8b439
SCHED-TRACE 7346 2296 K 73 1cf22b439
SCHED-TRACE 7347 2296 P 37 1d77da9fc
SCHED-TRACE 7348 2297 P 37 1d8b92f1a
SCHED-TRACE 7349 2297 I 73 1566b2
SCHED-TRACE 7350 2297 B 73 f3
SCHED-TRACE 7351 2297 P 73 1d424c8b4
SCHED-TRACE 7352 2297 R 73 1d424c8b4
SCHED-TRACE 7353 2298 U 4 1567e5
SCHED-TRACE 7354 2298 V 4 156892
SCHED-TRACE 7355 2298 O 0 0
SCHED-TRACE 7356 2298 P 73 1d6049fbf
SCHED-TRACE 7357 2299 K 55 1cf29fbe6
SCHED-TRACE 7358 2299 P 73 1d7bb0625
SCHED-TRACE 7359 2300 P 73 1d8f6b439
SCHED-TRACE 7360 2300 I 55 156dc8
SCHED-TRACE 7361 2300 B 55 f4
SCHED-TRACE 7362 2300 P 55 1d42c3957
SCHED-TRACE 7363 2300 R 55 1d42c3957
SCHED-TRACE 7364 2301 U 4 156efd
SCHED-TRACE 7365 2301 V 4 156faa
SCHED-TRACE 7366 2301 O 0 0
SCHED-TRACE 7367 2301 P 55 1d60e4dd2
SCHED-TRACE 7368 2302 K 55 1d60e4dd2
SCHED-TRACE 7369 2302 P 55 1d7c4dd2e
SCHED-TRACE 7370 2303 I 55 1574e0
SCHED-TRACE 7371 2303 B 55 f4
SCHED-TRACE 7372 2303 P 55 1de029fbd
SCHED-TRACE 7373 2303 R 55 1de029fbd
SCHED-TRACE 7374 2304 U 4 157616
SCHED-TRACE 7375 2304 V 4 1576c2
SCHED-TRACE 7376 2304 O 0 0
SCHED-TRACE 7377 2304 P 55 1dfe4b438
SCHED-TRACE 7378 2305 K 64 1d8412f1a
SCHED-TRACE 7379 2305 P 55 1e19af1a9
SCHED-TRACE 7380 2306 P 55 1e2d74394
SCHED-TRACE 7381 2306 I 64 157bf7
SCHED-TRACE 7382 2306 B 64 f2
SCHED-TRACE 7383 2306 P 64 1dd415810
SCHED-TRACE 7384 2306 R 64 1dd415810
SCHED-TRACE 7385 2307 U 4 157d2c
SCHED-TRACE 7386 2307 V 4 157dd8
SCHED-TRACE 7387 2307 O 0 0
SCHED-TRACE 7388 2307 P 64 1df229fbe
SCHED-TRACE 7389 2308 K 67 1d86b1a9f
SCHED-TRACE 7390 2308 P 64 1e0d8624d
SCHED-TRACE 7391 2309 P 64 1e214b439
SCHED-TRACE 7392 2309 I 67 15830e
SCHED-TRACE 7393 2309 B 67 f1
SCHED-TRACE 7394 2309 P 67 1dd6be76c
SCHED-TRACE 7395 2309 R 67 1dd6be76c
SCHED-TRACE 7396 2310 U 4 158441
SCHED-TRACE 7397 2310 V 4 1584ed
SCHED-TRACE 7398 2310 O 0 0
SCHED-TRACE 7399 2310 P 67 1df4c1061
SCHED-TRACE 7400 2311 K 70 1d86d8106
SCHED-TRACE 7401 2311 P 67 1e1024dd2
SCHED-TRACE 7402 2312 P 67 1e23e24dc
SCHED-TRACE 7403 2312 I 70 158a23
SCHED-TRACE 7404 2312 B 70 f2
SCHED-TRACE 7405 2312 P 70 1dd6f9581
SCHED-TRACE 7406 2312 R 70 1dd6f9581
SCHED-TRACE 7407 2313 U 4 158b57
SCHED-TRACE 7408 2313 V 4 158c03
SCHED-TRACE 7409 2313 O 0 0
SCHED-TRACE 7410 2313 P 70 1df4f4395
SCHED-TRACE 7411 2314 K 31 1d86f1a9f
SCHED-TRACE 7412 2314 P 70 1e1058106
SCHED-TRACE 7413 2315 P 70 1e2418106
SCHED-TRACE 7414 2315 I 31 159139
SCHED-TRACE 7415 2315 B 31 f4
SCHED-TRACE 7416 2315 P 31 1dd70b439
SCHED-TRACE 7417 2315 R 31 1dd70b439
SCHED-TRACE 7418 2316 U 4 15926c
SCHED-TRACE 7419 2316 V 4 159318
SCHED-TRACE 7420 2316 O 0 0
SCHED-TRACE 7421 2316 P 31 1df4dd2f1
SCHED-TRACE 7422 2317 K 61 1d8869fbe
SCHED-TRACE 7423 2317 P 31 1e104624d
SCHED-TRACE 7424 2318 P 31 1e240b439
SCHED-TRACE 7425 2318 I 61 15984e
SCHED-TRACE 7426 2318 B 61 f4
SCHED-TRACE 7427 2318 P 61 1dd88b439
SCHED-TRACE 7428 2318 R 61 1dd88b439
SCHED-TRACE 7429 2319 U 4 159983
SCHED-TRACE 7430 2319 V 4 159a30
SCHED-TRACE 7431 2319 O 0 0
SCHED-TRACE 7432 2319 P 61 1df6af1aa
SCHED-TRACE 7433 2320 K 58 1d88ef1a9
SCHED-TRACE 7434 2320 P 61 1e120b439
SCHED-TRACE 7435 2321 P 61 1e25d0624
SCHED-TRACE 7436 2321 I 58 159f66
SCHED-TRACE 7437 2321 B 58 f3
SCHED-TRACE 7438 2321 P 58 1dd90dd2e
SCHED-TRACE 7439 2321 R 58 1dd90dd2e
SCHED-TRACE 7440 2322 U 4 15a09b
SCHED-TRACE 7441 2322 V 4 15a148
SCHED-TRACE 7442 2322 O 0 0
SCHED-TRACE 7443 2322 P 58 1df734395
SCHED-TRACE 7444 2323 K 52 1d8a0b438
SCHED-TRACE 7445 2323 P 58 1e1288b43
SCHED-TRACE 7446 2324 P 58 1e264624d
SCHED-TRACE 7447 2324 I 52 15a67e
SCHED-TRACE 7448 2324 B 52 f4
SCHED-TRACE 7449 2324 P 52 1dda3be76
SCHED-TRACE 7450 2324 R 52 1dda3be76
SCHED-TRACE 7451 2325 U 4 15a7b3
SCHED-TRACE 7452 2325 V 4 15a85f
SCHED-TRACE 7453 2325 O 0 0
SCHED-TRACE 7454 2325 P 52 1df85d2f1
SCHED-TRACE 7455 2326 K 34 1d8b0dd2f
SCHED-TRACE 7456 2326 P 52 1e13c1061
SCHED-TRACE 7457 2327 P 52 1e277e76c
SCHED-TRACE 7458 2327 I 34 15ad95
SCHED-TRACE 7459 2327 B 34 f3
SCHED-TRACE 7460 2327 P 34 1ddb1d2f1
SCHED-TRACE 7461 2327 R 34 1ddb1d2f1
SCHED-TRACE 7462 2328 U 4 15aec9
SCHED-TRACE 7463 2328 V 4 15af75
SCHED-TRACE 7464 2328 O 0 0
SCHED-TRACE 7465 2328 P 34 1df915810
SCHED-TRACE 7466 2329 K 43 1d8b1d2f1
SCHED-TRACE 7467 2329 P 34 1e147be76
SCHED-TRACE 7468 2330 P 34 1e2843958
SCHED-TRACE 7469 2330 I 43 15b4ab
SCHED-TRACE 7470 2330 B 43 f2
SCHED-TRACE 7471 2330 P 43 1ddb29fbe
SCHED-TRACE 7472 2330 R 43 1ddb29fbe
SCHED-TRACE 7473 2331 U 4 15b5e1
SCHED-TRACE 7474 2331 V 4 15b68e
SCHED-TRACE 7475 2331 O 0 0
SCHED-TRACE 7476 2331 P 43 1df9624dd
SCHED-TRACE 7477 2332 K 49 1d8b48b43
SCHED-TRACE 7478 2332 P 43 1e14c3958
SCHED-TRACE 7479 2333 P 43 1e2888b43
SCHED-TRACE 7480 2333 I 49 15bbc3
SCHED-TRACE 7481 2333 B 49 f2
SCHED-TRACE 7482 2333 P 49 1ddb50624
SCHED-TRACE 7483 2333 R 49 1ddb50624
SCHED-TRACE 7484 2334 U 4 15bcf8
SCHED-TRACE 7485 2334 V 4 15bda5
SCHED-TRACE 7486 2334 O 0 0
SCHED-TRACE 7487 2334 P 49 1df98624d
SCHED-TRACE 7488 2335 K 40 1d8b50624
SCHED-TRACE 7489 2335 P 49 1e14dfbe7
SCHED-TRACE 7490 2336 P 49 1e28a4dd3
SCHED-TRACE 7491 2336 I 40 15c2db
SCHED-TRACE 7492 2336 B 40 ef
SCHED-TRACE 7493 2336 P 40 1ddb5fbe7
SCHED-TRACE 7494 2336 R 40 1ddb5fbe7
SCHED-TRACE 7495 2337 U 4 15c40f
SCHED-TRACE 7496 2337 V 4 15c4bb
SCHED-TRACE 7497 2337 O 0 0
SCHED-TRACE 7498 2337 P 40 1df990624
SCHED-TRACE 7499 2338 K 46 1d8b5fbe6
SCHED-TRACE 7500 2338 P 40 1e14ef1a9
SCHED-TRACE 7501 2339 P 40 1e28af1a9
SCHED-TRACE 7502 2339 I 46 15c9f1
SCHED-TRACE 7503 2339 B 46 f1
SCHED-TRACE 7504 2339 P 46 1ddb74395
SCHED-TRACE 7505 2339 R 46 1ddb74395
SCHED-TRACE 7506 2340 U 4 15cb27
SCHED-TRACE 7507 2340 V 4 15cbd2
SCHED-TRACE 7508 2340 O 0 0
SCHED-TRACE 7509 2340 P 46 1df98624d
SCHED-TRACE 7510 2341 K 37 1d8b92f1a
SCHED-TRACE 7511 2341 P 46 1e14e76c8
SCHED-TRACE 7512 2342 P 46 1e28a9fbd
SCHED-TRACE 7513 2342 I 37 15d108
SCHED-TRACE 7514 2342 B 37 f3
SCHED-TRACE 7515 2342 P 37 1ddba76c8
SCHED-TRACE 7516 2342 R 37 1ddba76c8
SCHED-TRACE 7517 2343 U 4 15d23c
SCHED-TRACE 7518 2343 V 4 15d2e8
SCHED-TRACE 7519 2343 O 0 0
SCHED-TRACE 7520 2343 P 37 1df992f1a
SCHED-TRACE 7521 2344 K 73 1d8f6b439
SCHED-TRACE 7522 2344 P 37 1e14fbe77
SCHED-TRACE 7523 2345 P 37 1e28c1062
SCHED-TRACE 7524 2345 I 73 15d81d
SCHED-TRACE 7525 2345 B 73 f3
SCHED-TRACE 7526 2345 P 73 1ddf70625
SCHED-TRACE 7527 2345 R 73 1ddf70625
SCHED-TRACE 7528 2346 U 4 15d951
SCHED-TRACE 7529 2346 V 4 15d9fe
SCHED-TRACE 7530 2346 O 0 0
SCHED-TRACE 7531 2346 P 73 1dfd7a9fc
SCHED-TRACE 7532 2347 K 76 1d9af5810
SCHED-TRACE 7533 2347 P 73 1e18d4396
SCHED-TRACE 7534 2348 P 73 1e2c96c8b
SCHED-TRACE 7535 2348 I 76 15df34
SCHED-TRACE 7536 2348 B 76 f2
SCHED-TRACE 7537 2348 P 76 1deb1be76
SCHED-TRACE 7538 2348 R 76 1deb1be76
SCHED-TRACE 7539 2349 U 4 15e068
SCHED-TRACE 7540 2349 V 4 15e114
SCHED-TRACE 7541 2349 O 0 0
SCHED-TRACE 7542 2349 P 76 1e091e76c
SCHED-TRACE 7543 2350 K 76 1e091e76c
SCHED-TRACE 7544 2350 P 76 1e247d2f1
SCHED-TRACE 7545 2351 I 76 15e64a
SCHED-TRACE 7546 2351 B 76 f2
SCHED-TRACE 7547 2351 P 76 1e8856c8b
SCHED-TRACE 7548 2351 R 76 1e8856c8b
SCHED-TRACE 7549 2352 U 4 15e77e
SCHED-TRACE 7550 2352 V 4 15e82a
SCHED-TRACE 7551 2352 O 0 0
SCHED-TRACE 7552 2352 P 76 1ea656c8b
SCHED-TRACE 7553 2353 K 64 1e214b439
SCHED-TRACE 7554 2353 P 76 1ec1ba9fb
SCHED-TRACE 7555 2354 P 76 1ed578106
SCHED-TRACE 7556 2354 I 64 15ed60
SCHED-TRACE 7557 2354 B 64 f2
SCHED-TRACE 7558 2354 P 64 1e71676c8
SCHED-TRACE 7559 2354 R 64 1e71676c8
SCHED-TRACE 7560 2355 U 4 15ee95
SCHED-TRACE 7561 2355 V 4 15ef41
SCHED-TRACE 7562 2355 O 0 0
SCHED-TRACE 7563 2355 P 64 1e8f74395
SCHED-TRACE 7564 2356 K 67 1e23e24dc
SCHED-TRACE 7565 2356 P 64 1eaadd2f1
SCHED-TRACE 7566 2357 P 64 1ebe9d2f1
SCHED-TRACE 7567 2357 I 67 15f477
SCHED-TRACE 7568 2357 B 67 f4
SCHED-TRACE 7569 2357 P 67 1e7401061
SCHED-TRACE 7570 2357 R 67 1e7401061
SCHED-TRACE 7571 2358 U 4 15f5ab
SCHED-TRACE 7572 2358 V 4 15f658
SCHED-TRACE 7573 2358 O 0 0
SCHED-TRACE 7574 2358 P 67 1e9208b43
SCHED-TRACE 7575 2359 K 31 1e240b439
SCHED-TRACE 7576 2359 P 67 1ead69fbe
SCHED-TRACE 7577 2360 P 67 1ec129fbe
SCHED-TRACE 7578 2360 I 31 15fb8e
SCHED-TRACE 7579 2360 B 31 f3
SCHED-TRACE 7580 2360 P 31 1e742f1a9
SCHED-TRACE 7581 2360 R 31 1e742f1a9
SCHED-TRACE 7582 2361 U 4 15fcc1
SCHED-TRACE 7583 2361 V 4 15fd6e
SCHED-TRACE 7584 2361 O 0 0
SCHED-TRACE 7585 2361 P 31 1e9229fbe
SCHED-TRACE 7586 2362 K 70 1e2418106
SCHED-TRACE 7587 2362 P 31 1ead88b43
SCHED-TRACE 7588 2363 P 31 1ec14dd2f
SCHED-TRACE 7589 2363 I 70 1602a4
SCHED-TRACE 7590 2363 B 70 f1
SCHED-TRACE 7591 2363 P 70 1e7431a9f
SCHED-TRACE 7592 2363 R 70 1e7431a9f
SCHED-TRACE 7593 2364 U 4 1603d7
SCHED-TRACE 7594 2364 V 4 160482
SCHED-TRACE 7595 2364 O 0 0
SCHED-TRACE 7596 2364 P 70 1e9218106
SCHED-TRACE 7597 2365 K 61 1e25d0624
SCHED-TRACE 7598 2365 P 70 1ead79581
SCHED-TRACE 7599 2366 P 70 1ec13be76
SCHED-TRACE 7600 2366 I 61 1609b8
SCHED-TRACE 7601 2366 B 61 f2
SCHED-TRACE 7602 2366 P 61 1e75e9fbe
SCHED-TRACE 7603 2366 R 61 1e75e9fbe
SCHED-TRACE 7604 2367 U 4 160aed
SCHED-TRACE 7605 2367 V 4 160b99
SCHED-TRACE 7606 2367 O 0 0
SCHED-TRACE 7607 2367 P 61 1e93f1a9f
SCHED-TRACE 7608 2368 K 58 1e264624d
SCHED-TRACE 7609 2368 P 61 1eaf55810
SCHED-TRACE 7610 2369 P 61 1ec31a9fb
SCHED-TRACE 7611 2369 I 58 1610cf
SCHED-TRACE 7612 2369 B 58 f2
SCHED-TRACE 7613 2369 P 58 1e76624dc
SCHED-TRACE 7614 2369 R 58 1e76624dc
SCHED-TRACE 7615 2370 U 4 161204
SCHED-TRACE 7616 2370 V 4 1612b1
SCHED-TRACE 7617 2370 O 0 0
SCHED-TRACE 7618 2370 P 58 1e9483957
SCHED-TRACE 7619 2371 K 52 1e277e76c
SCHED-TRACE 7620 2371 P 58 1eafe4dd2
SCHED-TRACE 7621 2372 P 58 1ec3a9fbe
SCHED-TRACE 7622 2372 I 52 1617e6
SCHED-TRACE 7623 2372 B 52 f3
SCHED-TRACE 7624 2372 P 52 1e7788b43
SCHED-TRACE 7625 2372 R 52 1e7788b43
SCHED-TRACE 7626 2373 U 4 16191c
SCHED-TRACE 7627 2373 V 4 1619c8
SCHED-TRACE 7628 2373 O 0 0
SCHED-TRACE 7629 2373 P 52 1e95b6c8a
SCHED-TRACE 7630 2374 K 34 1e2843958
SCHED-TRACE 7631 2374 P 52 1eb112f1a
SCHED-TRACE 7632 2375 P 52 1ec4d8105
SCHED-TRACE 7633 2375 I 34 161efe
SCHED-TRACE 7634 2375 B 34 f3
SCHED-TRACE 7635 2375 P 34 1e7852f1a
SCHED-TRACE 7636 2375 R 34 1e7852f1a
SCHED-TRACE 7637 2376 U 4 162032
SCHED-TRACE 7638 2376 V 4 1620df
SCHED-TRACE 7639 2376 O 0 0
SCHED-TRACE 7640 2376 P 34 1e965fbe7
SCHED-TRACE 7641 2377 K 43 1e2888b43
SCHED-TRACE 7642 2377 P 34 1eb1d0624
SCHED-TRACE 7643 2378 P 34 1ec58b439
SCHED-TRACE 7644 2378 I 43 162615
SCHED-TRACE 7645 2378 B 43 f2
SCHED-TRACE 7646 2378 P 43 1e789a9fc
SCHED-TRACE 7647 2378 R 43 1e789a9fc
SCHED-TRACE 7648 2379 U 4 16274b
SCHED-TRACE 7649 2379 V 4 1627f8
SCHED-TRACE 7650 2379 O 0 0
SCHED-TRACE 7651 2379 P 43 1e96d5810
SCHED-TRACE 7652 2380 K 49 1e28a4dd3
SCHED-TRACE 7653 2380 P 43 1eb23be77
SCHED-TRACE 7654 2381 P 43 1ec601062
SCHED-TRACE 7655 2381 I 49 162d2e
SCHED-TRACE 7656 2381 B 49 f2
SCHED-TRACE 7657 2381 P 49 1e78b6c8b
SCHED-TRACE 7658 2381 R 49 1e78b6c8b
SCHED-TRACE 7659 2382 U 4 162e64
SCHED-TRACE 7660 2382 V 4 162f10
SCHED-TRACE 7661 2382 O 0 0
SCHED-TRACE 7662 2382 P 49 1e96e24dd
SCHED-TRACE 7663 2383 K 46 1e28a9fbd
SCHED-TRACE 7664 2383 P 49 1eb250624
SCHED-TRACE 7665 2384 P 49 1ec615810
SCHED-TRACE 7666 2384 I 46 163446
SCHED-TRACE 7667 2384 B 46 f3
SCHED-TRACE 7668 2384 P 46 1e78b1a9f
SCHED-TRACE 7669 2384 R 46 1e78b1a9f
SCHED-TRACE 7670 2385 U 4 16357c
SCHED-TRACE 7671 2385 V 4 163629
SCHED-TRACE 7672 2385 O 0 0
SCHED-TRACE 7673 2385 P 46 1e96f4395
SCHED-TRACE 7674 2386 K 40 1e28af1a9
SCHED-TRACE 7675 2386 P 46 1eb25a9fb
SCHED-TRACE 7676 2387 P 46 1ec61fbe6
SCHED-TRACE 7677 2387 I 40 163b5f
SCHED-TRACE 7678 2387 B 40 f4
SCHED-TRACE 7679 2387 P 40 1e78c1061
SCHED-TRACE 7680 2387 R 40 1e78c1061
SCHED-TRACE 7681 2388 U 4 163c95
SCHED-TRACE 7682 2388 V 4 163d42
SCHED-TRACE 7683 2388 O 0 0
SCHED-TRACE 7684 2388 P 40 1e9701061
SCHED-TRACE 7685 2389 K 37 1e28c1062
SCHED-TRACE 7686 2389 P 40 1eb25d2f1
SCHED-TRACE 7687 2390 P 40 1ec61d2f1
SCHED-TRACE 7688 2390 I 37 164278
SCHED-TRACE 7689 2390 B 37 ef
SCHED-TRACE 7690 2390 P 37 1e78da9fc
SCHED-TRACE 7691 2390 R 37 1e78da9fc
SCHED-TRACE 7692 2391 U 4 1643a9
SCHED-TRACE 7693 2391 V 4 164453
SCHED-TRACE 7694 2391 O 0 0
SCHED-TRACE 7695 2391 P 37 1e9698106
SCHED-TRACE 7696 2392 K 73 1e2c96c8b
SCHED-TRACE 7697 2392 P 37 1eb1f6c8b
SCHED-TRACE 7698 2393 P 37 1ec5b4395
SCHED-TRACE 7699 2393 I 73 164989
SCHED-TRACE 7700 2393 B 73 f1
SCHED-TRACE 7701 2393 P 73 1e7ca8b44
SCHED-TRACE 7702 2393 R 73 1e7ca8b44
SCHED-TRACE 7703 2394 U 4 164abd
SCHED-TRACE 7704 2394 V 4 164b68
SCHED-TRACE 7705 2394 O 0 0
SCHED-TRACE 7706 2394 P 73 1e9a91aa0
SCHED-TRACE 7707 2395 K 55 1e2d74394
SCHED-TRACE 7708 2395 P 73 1eb5f0625
SCHED-TRACE 7709 2396 P 73 1ec9b0625
SCHED-TRACE 7710 2396 I 55 16509e
SCHED-TRACE 7711 2396 B 55 f1
SCHED-TRACE 7712 2396 P 55 1e7d90624
SCHED-TRACE 7713 2396 R 55 1e7d90624
SCHED-TRACE 7714 2397 U 4 1651d3
SCHED-TRACE 7715 2397 V 4 165280
SCHED-TRACE 7716 2397 O 0 0
SCHED-TRACE 7717 2397 P 55 1e9bac8b3
SCHED-TRACE 7718 2398 K 55 1e9bac8b3
SCHED-TRACE 7719 2398 P 55 1eb70624d
SCHED-TRACE 7720 2399 I 55 1657b5
SCHED-TRACE 7721 2399 B 55 f3
SCHED-TRACE 7722 2399 P 55 1f1ae76c8
SCHED-TRACE 7723 2399 R 55 1f1ae76c8
SCHED-TRACE 7724 2400 U 4 1658ea
SCHED-TRACE 7725 2400 V 4 165997
SCHED-TRACE 7726 2400 O 0 0
SCHED-TRACE 7727 2400 P 55 1f391580f
SCHED-TRACE 7728 2401 K 64 1ebe9d2f1
SCHED-TRACE 7729 2401 P 55 1f5471a9f
SCHED-TRACE 7730 2402 P 55 1f6834394
SCHED-TRACE 7731 2402 I 64 165ecd
SCHED-TRACE 7732 2402 B 64 f3
SCHED-TRACE 7733 2402 P 64 1f0ebbe76
SCHED-TRACE 7734 2402 R 64 1f0ebbe76
SCHED-TRACE 7735 2403 U 4 166002
SCHED-TRACE 7736 2403 V 4 1660ae
SCHED-TRACE 7737 2403 O 0 0
SCHED-TRACE 7738 2403 P 64 1f2cdd2f1
SCHED-TRACE 7739 2404 K 67 1ec129fbe
SCHED-TRACE 7740 2404 P 64 1f484624d
SCHED-TRACE 7741 2405 P 64 1f5c01061
SCHED-TRACE 7742 2405 I 67 1665e5
SCHED-TRACE 7743 2405 B 67 f3
SCHED-TRACE 7744 2405 P 67 1f114dd2e
SCHED-TRACE 7745 2405 R 67 1f114dd2e
SCHED-TRACE 7746 2406 U 4 166719
SCHED-TRACE 7747 2406 V 4 1667c5
SCHED-TRACE 7748 2406 O 0 0
SCHED-TRACE 7749 2406 P 67 1f2f4dd2e
SCHED-TRACE 7750 2407 K 70 1ec13be76
SCHED-TRACE 7751 2407 P 67 1f4ab1a9f
SCHED-TRACE 7752 2408 P 67 1f5e76c8a
SCHED-TRACE 7753 2408 I 70 166cfb
SCHED-TRACE 7754 2408 B 70 f3
SCHED-TRACE 7755 2408 P 70 1f1143958
SCHED-TRACE 7756 2408 R 70 1f1143958
SCHED-TRACE 7757 2409 U 4 166e2f
SCHED-TRACE 7758 2409 V 4 166edc
SCHED-TRACE 7759 2409 O 0 0
SCHED-TRACE 7760 2409 P 70 1f2f50624
SCHED-TRACE 7761 2410 K 31 1ec14dd2f
SCHED-TRACE 7762 2410 P 70 1f4abe76c
SCHED-TRACE 7763 2411 P 70 1f5e7be76
SCHED-TRACE 7764 2411 I 31 167412
SCHED-TRACE 7765 2411 B 31 f5
SCHED-TRACE 7766 2411 P 31 1f11676c8
SCHED-TRACE 7767 2411 R 31 1f11676c8
SCHED-TRACE 7768 2412 U 4 167546
SCHED-TRACE 7769 2412 V 4 1675f3
SCHED-TRACE 7770 2412 O 0 0
SCHED-TRACE 7771 2412 P 31 1f2f64dd2
SCHED-TRACE 7772 2413 K 61 1ec31a9fb
SCHED-TRACE 7773 2413 P 31 1f4ac8b43
SCHED-TRACE 7774 2414 P 31 1f5e90624
SCHED-TRACE 7775 2414 I 61 167b29
SCHED-TRACE 7776 2414 B 61 f3
SCHED-TRACE 7777 2414 P 61 1f1336c8b
SCHED-TRACE 7778 2414 R 61 1f1336c8b
SCHED-TRACE 7779 2415 U 4 167c5e
SCHED-TRACE 7780 2415 V 4 167d0a
SCHED-TRACE 7781 2415 O 0 0
SCHED-TRACE 7782 2415 P 61 1f315a9fb
SCHED-TRACE 7783 2416 K 58 1ec3a9fbe
SCHED-TRACE 7784 2416 P 61 1f4cbe76c
SCHED-TRACE 7785 2417 P 61 1f6081062
SCHED-TRACE 7786 2417 I 58 168241
SCHED-TRACE 7787 2417 B 58 f0
SCHED-TRACE 7788 2417 P 58 1f13c8b43
SCHED-TRACE 7789 2417 R 58 1f13c8b43
SCHED-TRACE 7790 2418 U 4 168374
SCHED-TRACE 7791 2418 V 4 168420
SCHED-TRACE 7792 2418 O 0 0
SCHED-TRACE 7793 2418 P 58 1f31c624d
SCHED-TRACE 7794 2419 K 52 1ec4d8105
SCHED-TRACE 7795 2419 P 58 1f4d24dd2
SCHED-TRACE 7796 2420 P 58 1f60e76c8
SCHED-TRACE 7797 2420 I 52 168956
SCHED-TRACE 7798 2420 B 52 f1
SCHED-TRACE 7799 2420 P 52 1f14f4395
SCHED-TRACE 7800 2420 R 52 1f14f4395
SCHED-TRACE 7801 2421 U 4 168a8b
SCHED-TRACE 7802 2421 V 4 168b37
SCHED-TRACE 7803 2421 O 0 0
SCHED-TRACE 7804 2421 P 52 1f330624d
SCHED-TRACE 7805 2422 K 34 1ec58b439
SCHED-TRACE 7806 2422 P 52 1f4e624dc
SCHED-TRACE 7807 2423 P 52 1f6224dd2
SCHED-TRACE 7808 2423 I 34 16906d
SCHED-TRACE 7809 2423 B 34 ef
SCHED-TRACE 7810 2423 P 34 1f15a76c8
SCHED-TRACE 7811 2423 R 34 1f15a76c8
SCHED-TRACE 7812 2424 U 4 1691a0
SCHED-TRACE 7813 2424 V 4 16924d
SCHED-TRACE 7814 2424 O 0 0
SCHED-TRACE 7815 2424 P 34 1f3398106
SCHED-TRACE 7816 2425 K 37 1ec5b4395
SCHED-TRACE 7817 2425 P 34 1f4ef1a9f
SCHED-TRACE 7818 2426 P 34 1f62b1a9f
SCHED-TRACE 7819 2426 I 37 169782
SCHED-TRACE 7820 2426 B 37 f3
SCHED-TRACE 7821 2426 P 37 1f15d2f1a
SCHED-TRACE 7822 2426 R 37 1f15d2f1a
SCHED-TRACE 7823 2427 U 4 1698b6
SCHED-TRACE 7824 2427 V 4 169963
SCHED-TRACE 7825 2427 O 0 0
SCHED-TRACE 7826 2427 P 37 1f33dd2f1
SCHED-TRACE 7827 2428 K 43 1ec601062
SCHED-TRACE 7828 2428 P 37 1f4f3e76c
SCHED-TRACE 7829 2429 P 37 1f6303958
SCHED-TRACE 7830 2429 I 43 169e99
SCHED-TRACE 7831 2429 B 43 f4
SCHED-TRACE 7832 2429 P 43 1f16224dd
SCHED-TRACE 7833 2429 R 43 1f16224dd
SCHED-TRACE 7834 2430 U 4 169fcf
SCHED-TRACE 7835 2430 V 4 16a07c
SCHED-TRACE 7836 2430 O 0 0
SCHED-TRACE 7837 2430 P 43 1f345fbe7
SCHED-TRACE 7838 2431 K 49 1ec615810
SCHED-TRACE 7839 2431 P 43 1f4fcb439
SCHED-TRACE 7840 2432 P 43 1f6388b43
SCHED-TRACE 7841 2432 I 49 16a5b2
SCHED-TRACE 7842 2432 B 49 f3
SCHED-TRACE 7843 2432 P 49 1f162f1aa
SCHED-TRACE 7844 2432 R 49 1f162f1aa
SCHED-TRACE 7845 2433 U 4 16a6e8
SCHED-TRACE 7846 2433 V 4 16a794
SCHED-TRACE 7847 2433 O 0 0
SCHED-TRACE 7848 2433 P 49 1f345d2f1
SCHED-TRACE 7849 2434 K 40 1ec61d2f1
SCHED-TRACE 7850 2434 P 49 1f4fc624d
SCHED-TRACE 7851 2435 P 49 1f638dd2f
SCHED-TRACE 7852 2435 I 40 16acca
SCHED-TRACE 7853 2435 B 40 f2
SCHED-TRACE 7854 2435 P 40 1f16224dc
SCHED-TRACE 7855 2435 R 40 1f16224dc
SCHED-TRACE 7856 2436 U 4 16ae01
SCHED-TRACE 7857 2436 V 4 16aead
SCHED-TRACE 7858 2436 O 0 0
SCHED-TRACE 7859 2436 P 40 1f346f1a9
SCHED-TRACE 7860 2437 K 46 1ec61fbe6
SCHED-TRACE 7861 2437 P 40 1f4fd8105
SCHED-TRACE 7862 2438 P 40 1f639d2f1
SCHED-TRACE 7863 2438 I 46 16b3e3
SCHED-TRACE 7864 2438 B 46 f3
SCHED-TRACE 7865 2438 P 46 1f1624dd2
SCHED-TRACE 7866 2438 R 46 1f1624dd2
SCHED-TRACE 7867 2439 U 4 16b518
SCHED-TRACE 7868 2439 V 4 16b5c5
SCHED-TRACE 7869 2439 O 0 0
SCHED-TRACE 7870 2439 P 46 1f345fbe6
SCHED-TRACE 7871 2440 K 73 1ec9b0625
SCHED-TRACE 7872 2440 P 46 1f4fc624d
SCHED-TRACE 7873 2441 P 46 1f638dd2e
SCHED-TRACE 7874 2441 I 73 16bafb
SCHED-TRACE 7875 2441 B 73 f4
SCHED-TRACE 7876 2441 P 73 1f19bd2f2
SCHED-TRACE 7877 2441 R 73 1f19bd2f2
SCHED-TRACE 7878 2442 U 4 16bc2f
SCHED-TRACE 7879 2442 V 4 16bcdc
SCHED-TRACE 7880 2442 O 0 0
SCHED-TRACE 7881 2442 P 73 1f37d6c8b
SCHED-TRACE 7882 2443 K 76 1ed578106
SCHED-TRACE 7883 2443 P 73 1f5349fbf
SCHED-TRACE 7884 2444 P 73 1f6709fbf
SCHED-TRACE 7885 2444 I 76 16c212
SCHED-TRACE 7886 2444 B 76 f4
SCHED-TRACE 7887 2444 P 76 1f25824dd
SCHED-TRACE 7888 2444 R 76 1f25824dd
SCHED-TRACE 7889 2445 U 4 16c346
SCHED-TRACE 7890 2445 V 4 16c3f1
SCHED-TRACE 7891 2445 O 0 0
SCHED-TRACE 7892 2445 P 76 1f43476c8
SCHED-TRACE 7893 2446 K 76 1f43476c8
SCHED-TRACE 7894 2446 P 76 1f5ea624d
SCHED-TRACE 7895 2447 I 76 16c927
SCHED-TRACE 7896 2447 B 76 f2
SCHED-TRACE 7897 2447 P 76 1fc2876c8
SCHED-TRACE 7898 2447 R 76 1fc2876c8
SCHED-TRACE 7899 2448 U 4 16ca5b
SCHED-TRACE 7900 2448 V 4 16cb07
SCHED-TRACE 7901 2448 O 0 0
SCHED-TRACE 7902 2448 P 76 1fe078106
SCHED-TRACE 7903 2449 K 64 1f5c01061
SCHED-TRACE 7904 2449 P 76 1ffbdbe76
SCHED-TRACE 7905 2450 P 76 200f9e76c
SCHED-TRACE 7906 2450 I 64 16d03d
SCHED-TRACE 7907 2450 B 64 f1
SCHED-TRACE 7908 2450 P 64 1fac1d2f1
SCHED-TRACE 7909 2450 R 64 1fac1d2f1
SCHED-TRACE 7910 2451 U 4 16d172
SCHED-TRACE 7911 2451 V 4 16d21f
SCHED-TRACE 7912 2451 O 0 0
SCHED-TRACE 7913 2451 P 64 1fca43957
SCHED-TRACE 7914 2452 K 67 1f5e76c8a
SCHED-TRACE 7915 2452 P 64 1fe59fbe7
SCHED-TRACE 7916 2453 P 64 1ff964dd2
SCHED-TRACE 7917 2453 I 67 16d754
SCHED-TRACE 7918 2453 B 67 f4
SCHED-TRACE 7919 2453 P 67 1fae8624d
SCHED-TRACE 7920 2453 R 67 1fae8624d
SCHED-TRACE 7921 2454 U 4 16d888
SCHED-TRACE 7922 2454 V 4 16d935
SCHED-TRACE 7923 2454 O 0 0
SCHED-TRACE 7924 2454 P 67 1fcc9a9fb
SCHED-TRACE 7925 2455 K 70 1f5e7be76
SCHED-TRACE 7926 2455 P 67 1fe7f6c8a
SCHED-TRACE 7927 2456 P 67 1ffbb4395
SCHED-TRACE 7928 2456 I 70 16de6b
SCHED-TRACE 7929 2456 B 70 f3
SCHED-TRACE 7930 2456 P 70 1fae98106
SCHED-TRACE 7931 2456 R 70 1fae98106
SCHED-TRACE 7932 2457 U 4 16df9f
SCHED-TRACE 7933 2457 V 4 16e04c
SCHED-TRACE 7934 2457 O 0 0
SCHED-TRACE 7935 2457 P 70 1fcca24dd
SCHED-TRACE 7936 2458 K 31 1f5e90624
SCHED-TRACE 7937 2458 P 70 1fe80b439
SCHED-TRACE 7938 2459 P 70 1ffbc1062
SCHED-TRACE 7939 2459 I 31 16e582
SCHED-TRACE 7940 2459 B 31 f3
SCHED-TRACE 7941 2459 P 31 1faeb9581
SCHED-TRACE 7942 2459 R 31 1faeb9581
SCHED-TRACE 7943 2460 U 4 16e6b5
SCHED-TRACE 7944 2460 V 4 16e762
SCHED-TRACE 7945 2460 O 0 0
SCHED-TRACE 7946 2460 P 31 1fcca4dd2
SCHED-TRACE 7947 2461 K 61 1f6081062
SCHED-TRACE 7948 2461 P 31 1fe80dd2f
SCHED-TRACE 7949 2462 P 31 1ffbd2f1a
SCHED-TRACE 7950 2462 I 61 16ec98
SCHED-TRACE 7951 2462 B 61 f3
SCHED-TRACE 7952 2462 P 61 1fb09a9fb
SCHED-TRACE 7953 2462 R 61 1fb09a9fb
SCHED-TRACE 7954 2463 U 4 16edcd
SCHED-TRACE 7955 2463 V 4 16ee7a
SCHED-TRACE 7956 2463 O 0 0
SCHED-TRACE 7957 2463 P 61 1fcebbe76
SCHED-TRACE 7958 2464 K 58 1f60e76c8
SCHED-TRACE 7959 2464 P 61 1fea224dd
SCHED-TRACE 7960 2465 P 61 1ffde9fbe
SCHED-TRACE 7961 2465 I 58 16f3b0
SCHED-TRACE 7962 2465 B 58 f3
SCHED-TRACE 7963 2465 P 58 1fb0fe76c
SCHED-TRACE 7964 2465 R 58 1fb0fe76c
SCHED-TRACE 7965 2466 U 4 16f4e5
SCHED-TRACE 7966 2466 V 4 16f591
SCHED-TRACE 7967 2466 O 0 0
SCHED-TRACE 7968 2466 P 58 1fcf2c8b3
SCHED-TRACE 7969 2467 K 52 1f6224dd2
SCHED-TRACE 7970 2467 P 58 1fea92f1a
SCHED-TRACE 7971 2468 P 58 1ffe58105
SCHED-TRACE 7972 2468 I 52 16fac8
SCHED-TRACE 7973 2468 B 52 f4
SCHED-TRACE 7974 2468 P 52 1fb243957
SCHED-TRACE 7975 2468 R 52 1fb243957
SCHED-TRACE 7976 2469 U 4 16fbfd
SCHED-TRACE 7977 2469 V 4 16fcaa
SCHED-TRACE 7978 2469 O 0 0
SCHED-TRACE 7979 2469 P 52 1fd081061
SCHED-TRACE 7980 2470 K 34 1f62b1a9f
SCHED-TRACE 7981 2470 P 52 1febf1a9f
SCHED-TRACE 7982 2471 P 52 1fffb4395
SCHED-TRACE 7983 2471 I 34 1701e1
SCHED-TRACE 7984 2471 B 34 f4
SCHED-TRACE 7985 2471 P 34 1fb2c8b43
SCHED-TRACE 7986 2471 R 34 1fb2c8b43
SCHED-TRACE 7987 2472 U 4 170315
SCHED-TRACE 7988 2472 V 4 1703c0
SCHED-TRACE 7989 2472 O 0 0
SCHED-TRACE 7990 2472 P 34 1fd08dd2f
SCHED-TRACE 7991 2473 K 37 1f6303958
SCHED-TRACE 7992 2473 P 34 1febf1a9f
SCHED-TRACE 7993 2474 P 34 1fffb1a9f
SCHED-TRACE 7994 2474 I 37 1708f6
SCHED-TRACE 7995 2474 B 37 f2
SCHED-TRACE 7996 2474 P 37 1fb324dd3
SCHED-TRACE 7997 2474 R 37 1fb324dd3
SCHED-TRACE 7998 2475 U 4 170a2a
SCHED-TRACE 7999 2475 V 4 170ad7
SCHED-TRACE 8000 2475 O 0 0
SCHED-TRACE 8001 2475 P 37 1fd129fbe
SCHED-TRACE 8002 2476 K 43 1f6388b43
SCHED-TRACE 8003 2476 P 37 1fec8dd2f
SCHED-TRACE 8004 2477 P 37 200058106
SCHED-TRACE 8005 2477 I 43 17100d
SCHED-TRACE 8006 2477 B 43 ef
SCHED-TRACE 8007 2477 P 43 1fb395810
SCHED-TRACE 8008 2477 R 43 1fb395810
SCHED-TRACE 8009 2478 U 4 171143
SCHED-TRACE 8010 2478 V 4 1711f0
SCHED-TRACE 8011 2478 O 0 0
SCHED-TRACE 8012 2478 P 43 1fd1d8106
SCHED-TRACE 8013 2479 K 46 1f638dd2e
SCHED-TRACE 8014 2479 P 43 1fed36c8b
SCHED-TRACE 8015 2480 P 43 2000fe76c
SCHED-TRACE 8016 2480 I 46 171726
SCHED-TRACE 8017 2480 B 46 f4
SCHED-TRACE 8018 2480 P 46 1fb3a9fbd
SCHED-TRACE 8019 2480 R 46 1fb3a9fbd
SCHED-TRACE 8020 2481 U 4 17185c
SCHED-TRACE 8021 2481 V 4 171909
SCHED-TRACE 8022 2481 O 0 0
SCHED-TRACE 8023 2481 P 46 1fd1ef1a9
SCHED-TRACE 8024 2482 K 49 1f638dd2f
SCHED-TRACE 8025 2482 P 46 1fed5a9fb
SCHED-TRACE 8026 2483 P 46 20011a9fb
SCHED-TRACE 8027 2483 I 49 171e3f
SCHED-TRACE 8028 2483 B 49 f4
SCHED-TRACE 8029 2483 P 49 1fb39fbe7
SCHED-TRACE 8030 2483 R 49 1fb39fbe7
SCHED-TRACE 8031 2484 U 4 171f75
SCHED-TRACE 8032 2484 V 4 172022
SCHED-TRACE 8033 2484 O 0 0
SCHED-TRACE 8034 2484 P 49 1fd1dfbe7
SCHED-TRACE 8035 2485 K 40 1f639d2f1
SCHED-TRACE 8036 2485 P 49 1fed50624
SCHED-TRACE 8037 2486 P 49 20010dd2f
SCHED-TRACE 8038 2486 I 40 172559
SCHED-TRACE 8039 2486 B 40 f5
SCHED-TRACE 8040 2486 P 40 1fb3c3957
SCHED-TRACE 8041 2486 R 40 1fb3c3957
SCHED-TRACE 8042 2487 U 4 172690
SCHED-TRACE 8043 2487 V 4 17273c
SCHED-TRACE 8044 2487 O 0 0
SCHED-TRACE 8045 2487 P 40 1fd1fe76c
SCHED-TRACE 8046 2488 K 73 1f6709fbf
SCHED-TRACE 8047 2488 P 40 1fed6c8b3
SCHED-TRACE 8048 2489 P 40 200131a9f
SCHED-TRACE 8049 2489 I 73 172c72
SCHED-TRACE 8050 2489 B 73 f3
SCHED-TRACE 8051 2489 P 73 1fb716c8b
SCHED-TRACE 8052 2489 R 73 1fb716c8b
SCHED-TRACE 8053 2490 U 4 172da7
SCHED-TRACE 8054 2490 V 4 172e53
SCHED-TRACE 8055 2490 O 0 0
SCHED-TRACE 8056 2490 P 73 1fd52dd2f
SCHED-TRACE 8057 2491 K 55 1f6834394
SCHED-TRACE 8058 2491 P 73 1ff099581
SCHED-TRACE 8059 2492 P 73 200463958
SCHED-TRACE 8060 2492 I 55 17338a
SCHED-TRACE 8061 2492 B 55 f4
SCHED-TRACE 8062 2492 P 55 1fb84dd2e
SCHED-TRACE 8063 2492 R 55 1fb84dd2e
SCHED-TRACE 8064 2493 U 4 1734bf
SCHED-TRACE 8065 2493 V 4 17356c
SCHED-TRACE 8066 2493 O 0 0
SCHED-TRACE 8067 2493 P 55 1fd68dd2e
SCHED-TRACE 8068 2494 K 55 1fd68dd2e
SCHED-TRACE 8069 2494 P 55 1ff1fe76b
SCHED-TRACE 8070 2495 I 55 173aa3
SCHED-TRACE 8071 2495 B 55 f4
SCHED-TRACE 8072 2495 P 55 2055d580f
SCHED-TRACE 8073 2495 R 55 2055d580f
SCHED-TRACE 8074 2496 U 4 173bd9
SCHED-TRACE 8075 2496 V 4 173c85
SCHED-TRACE 8076 2496 O 0 0
SCHED-TRACE 8077 2496 P 55 20740b438
SCHED-TRACE 8078 2497 K 64 1ff964dd2
SCHED-TRACE 8079 2497 P 55 208f81061
SCHED-TRACE 8080 2498 P 55 20a34b438
SCHED-TRACE 8081 2498 I 64 1741bc
SCHED-TRACE 8082 2498 B 64 f5
SCHED-TRACE 8083 2498 P 64 20496f1a9
SCHED-TRACE 8084 2498 R 64 20496f1a9
SCHED-TRACE 8085 2499 U 4 1742f1
SCHED-TRACE 8086 2499 V 4 17439a
SCHED-TRACE 8087 2499 O 0 0
SCHED-TRACE 8088 2499 P 64 206710624
SCHED-TRACE 8089 2500 K 67 1ffbb4395
SCHED-TRACE 8090 2500 P 64 208271a9f
SCHED-TRACE 8091 2501 P 64 209636c8a
SCHED-TRACE 8092 2501 I 67 1748cf
SCHED-TRACE 8093 2501 B 67 f1
SCHED-TRACE 8094 2501 P 67 204bd0624
SCHED-TRACE 8095 2501 R 67 204bd0624
SCHED-TRACE 8096 2502 U 4 174a03
SCHED-TRACE 8097 2502 V 4 174ab0
SCHED-TRACE 8098 2502 O 0 0
SCHED-TRACE 8099 2502 P 67 2069da9fb
SCHED-TRACE 8100 2503 K 70 1ffbc1062
SCHED-TRACE 8101 2503 P 67 208539580
SCHED-TRACE 8102 2504 P 67 2098fe76c
SCHED-TRACE 8103 2504 I 70 174fe5
SCHED-TRACE 8104 2504 B 70 f0
SCHED-TRACE 8105 2504 P 70 204bc8b43
SCHED-TRACE 8106 2504 R 70 204bc8b43
SCHED-TRACE 8107 2505 U 4 175119
SCHED-TRACE 8108 2505 V 4 1751c5
SCHED-TRACE 8109 2505 O 0 0
SCHED-TRACE 8110 2505 P 70 2069d0624
SCHED-TRACE 8111 2506 K 31 1ffbd2f1a
SCHED-TRACE 8112 2506 P 70 208529fbe
SCHED-TRACE 8113 2507 P 70 2098ef1aa
SCHED-TRACE 8114 2507 I 31 1756fb
SCHED-TRACE 8115 2507 B 31 f2
SCHED-TRACE 8116 2507 P 31 204be4dd2
SCHED-TRACE 8117 2507 R 31 204be4dd2
SCHED-TRACE 8118 2508 U 4 17582e
SCHED-TRACE 8119 2508 V 4 1758db
SCHED-TRACE 8120 2508 O 0 0
SCHED-TRACE 8121 2508 P 31 2069e9fbe
SCHED-TRACE 8122 2509 K 61 1ffde9fbe
SCHED-TRACE 8123 2509 P 31 20855d2f1
SCHED-TRACE 8124 2510 P 31 2099224dd
SCHED-TRACE 8125 2510 I 61 175e12
SCHED-TRACE 8126 2510 B 61 f3
SCHED-TRACE 8127 2510 P 61 204e03958
SCHED-TRACE 8128 2510 R 61 204e03958
SCHED-TRACE 8129 2511 U 4 175f48
SCHED-TRACE 8130 2511 V 4 175ff4
SCHED-TRACE 8131 2511 O 0 0
SCHED-TRACE 8132 2511 P 61 206c24dd3
SCHED-TRACE 8133 2512 K 58 1ffe58105
SCHED-TRACE 8134 2512 P 61 208795810
SCHED-TRACE 8135 2513 P 61 209b64dd3
SCHED-TRACE 8136 2513 I 58 17652b
SCHED-TRACE 8137 2513 B 58 f3
SCHED-TRACE 8138 2513 P 58 204e69fbe
SCHED-TRACE 8139 2513 R 58 204e69fbe
SCHED-TRACE 8140 2514 U 4 176660
SCHED-TRACE 8141 2514 V 4 17670d
SCHED-TRACE 8142 2514 O 0 0
SCHED-TRACE 8143 2514 P 58 206c8624d
SCHED-TRACE 8144 2515 K 34 1fffb1a9f
SCHED-TRACE 8145 2515 P 58 2087f4395
SCHED-TRACE 8146 2516 P 58 209bbe76c
SCHED-TRACE 8147 2516 I 34 176c43
SCHED-TRACE 8148 2516 B 34 f2
SCHED-TRACE 8149 2516 P 34 204fc3958
SCHED-TRACE 8150 2516 R 34 204fc3958
SCHED-TRACE 8151 2517 U 4 176d77
SCHED-TRACE 8152 2517 V 4 176e23
SCHED-TRACE 8153 2517 O 0 0
SCHED-TRACE 8154 2517 P 34 206dcb439
SCHED-TRACE 8155 2518 K 52 1fffb4395
SCHED-TRACE 8156 2518 P 34 20892f1a9
SCHED-TRACE 8157 2519 P 34 209cf6c8b
SCHED-TRACE 8158 2519 I 52 17735a
SCHED-TRACE 8159 2519 B 52 f3
SCHED-TRACE 8160 2519 P 52 204fd2f1a
SCHED-TRACE 8161 2519 R 52 204fd2f1a
SCHED-TRACE 8162 2520 U 4 17748f
SCHED-TRACE 8163 2520 V 4 17753b
SCHED-TRACE 8164 2520 O 0 0
SCHED-TRACE 8165 2520 P 52 206dfbe76
SCHED-TRACE 8166 2521 K 37 200058106
SCHED-TRACE 8167 2521 P 52 20895d2f1
SCHED-TRACE 8168 2522 P 52 209d1d2f1
SCHED-TRACE 8169 2522 I 37 177a71
SCHED-TRACE 8170 2522 B 37 f3
SCHED-TRACE 8171 2522 P 37 20506c8b4
SCHED-TRACE 8172 2522 R 37 20506c8b4
SCHED-TRACE 8173 2523 U 4 177ba4
SCHED-TRACE 8174 2523 V 4 177c51
SCHED-TRACE 8175 2523 O 0 0
SCHED-TRACE 8176 2523 P 37 206e69fbe
SCHED-TRACE 8177 2524 K 43 2000fe76c
SCHED-TRACE 8178 2524 P 37 2089d5810
SCHED-TRACE 8179 2525 P 37 209d9d2f1
SCHED-TRACE 8180 2525 I 43 178187
SCHED-TRACE 8181 2525 B 43 f4
SCHED-TRACE 8182 2525 P 43 205110625
SCHED-TRACE 8183 2525 R 43 205110625
SCHED-TRACE 8184 2526 U 4 1782bd
SCHED-TRACE 8185 2526 V 4 178368
SCHED-TRACE 8186 2526 O 0 0
SCHED-TRACE 8187 2526 P 43 206f18106
SCHED-TRACE 8188 2527 K 49 20010dd2f
SCHED-TRACE 8189 2527 P 43 208a7be77
SCHED-TRACE 8190 2528 P 43 209e41062
SCHED-TRACE 8191 2528 I 49 17889d
SCHED-TRACE 8192 2528 B 49 f4
SCHED-TRACE 8193 2528 P 49 205115810
SCHED-TRACE 8194 2528 R 49 205115810
SCHED-TRACE 8195 2529 U 4 1789d3
SCHED-TRACE 8196 2529 V 4 178a7f
SCHED-TRACE 8197 2529 O 0 0
SCHED-TRACE 8198 2529 P 49 206f3be76
SCHED-TRACE 8199 2530 K 46 20011a9fb
SCHED-TRACE 8200 2530 P 49 208a90624
SCHED-TRACE 8201 2531 P 49 209e55810
SCHED-TRACE 8202 2531 I 46 178fb5
SCHED-TRACE 8203 2531 B 46 f0
SCHED-TRACE 8204 2531 P 46 20513e76c
SCHED-TRACE 8205 2531 R 46 20513e76c
SCHED-TRACE 8206 2532 U 4 1790eb
SCHED-TRACE 8207 2532 V 4 179197
SCHED-TRACE 8208 2532 O 0 0
SCHED-TRACE 8209 2532 P 46 206f71a9f
SCHED-TRACE 8210 2533 K 40 200131a9f
SCHED-TRACE 8211 2533 P 46 208ac624d
SCHED-TRACE 8212 2534 P 46 209e8624d
SCHED-TRACE 8213 2534 I 40 1796cd
SCHED-TRACE 8214 2534 B 40 f2
SCHED-TRACE 8215 2534 P 40 20515580f
SCHED-TRACE 8216 2534 R 40 20515580f
SCHED-TRACE 8217 2535 U 4 179803
SCHED-TRACE 8218 2535 V 4 1798b0
SCHED-TRACE 8219 2535 O 0 0
SCHED-TRACE 8220 2535 P 40 206f9d2f1
SCHED-TRACE 8221 2536 K 73 200463958
SCHED-TRACE 8222 2536 P 40 208b08b43
SCHED-TRACE 8223 2537 P 40 209ec8b43
SCHED-TRACE 8224 2537 I 73 179de6
SCHED-TRACE 8225 2537 B 73 f3
SCHED-TRACE 8226 2537 P 73 205478106
SCHED-TRACE 8227 2537 R 73 205478106
SCHED-TRACE 8228 2538 U 4 179f1a
SCHED-TRACE 8229 2538 V 4 179fc7
SCHED-TRACE 8230 2538 O 0 0
SCHED-TRACE 8231 2538 P 73 207278106
SCHED-TRACE 8232 2539 K 76 200f9e76c
SCHED-TRACE 8233 2539 P 73 208de3958
SCHED-TRACE 8234 2540 P 73 20a1a8b44
SCHED-TRACE 8235 2540 I 76 17a4fd
SCHED-TRACE 8236 2540 B 76 f4
SCHED-TRACE 8237 2540 P 76 205fb0624
SCHED-TRACE 8238 2540 R 76 205fb0624
SCHED-TRACE 8239 2541 U 4 17a631
SCHED-TRACE 8240 2541 V 4 17a6de
SCHED-TRACE 8241 2541 O 0 0
SCHED-TRACE 8242 2541 P 76 207db5810
SCHED-TRACE 8243 2542 K 76 207db5810
SCHED-TRACE 8244 2542 P 76 20991e76c
SCHED-TRACE 8245 2543 I 76 17ac14
SCHED-TRACE 8246 2543 B 76 f3
SCHED-TRACE 8247 2543 P 76 20fcffbe7
SCHED-TRACE 8248 2543 R 76 20fcffbe7
SCHED-TRACE 8249 2544 U 4 17ad48
SCHED-TRACE 8250 2544 V 4 17adf5
SCHED-TRACE 8251 2544 O 0 0
SCHED-TRACE 8252 2544 P 76 211b076c8
SCHED-TRACE 8253 2545 K 64 209636c8a
SCHED-TRACE 8254 2545 P 76 21366b439
SCHED-TRACE 8255 2546 P 76 214a30624
SCHED-TRACE 8256 2546 I 64 17b32b
SCHED-TRACE 8257 2546 B 64 f3
SCHED-TRACE 8258 2546 P 64 20e648b43
SCHED-TRACE 8259 2546 R 64 20e648b43
SCHED-TRACE 8260 2547 U 4 17b45f
SCHED-TRACE 8261 2547 V 4 17b50c
SCHED-TRACE 8262 2547 O 0 0
SCHED-TRACE 8263 2547 P 64 21045fbe7
SCHED-TRACE 8264 2548 K 70 2098ef1aa
SCHED-TRACE 8265 2548 P 64 211fc624d
SCHED-TRACE 8266 2549 P 64 21338624d
SCHED-TRACE 8267 2549 I 70 17ba42
SCHED-TRACE 8268 2549 B 70 f3
SCHED-TRACE 8269 2549 P 70 20e910624
SCHED-TRACE 8270 2549 R 70 20e910624
SCHED-TRACE 8271 2550 U 4 17bb76
SCHED-TRACE 8272 2550 V 4 17bc22
SCHED-TRACE 8273 2550 O 0 0
SCHED-TRACE 8274 2550 P 70 21071d2f1
SCHED-TRACE 8275 2551 K 67 2098fe76c
SCHED-TRACE 8276 2551 P 70 212288b43
SCHED-TRACE 8277 2552 P 70 213648b43
SCHED-TRACE 8278 2552 I 67 17c158
SCHED-TRACE 8279 2552 B 67 f4
SCHED-TRACE 8280 2552 P 67 20e90624d
SCHED-TRACE 8281 2552 R 67 20e90624d
SCHED-TRACE 8282 2553 U 4 17c28c
SCHED-TRACE 8283 2553 V 4 17c337
SCHED-TRACE 8284 2553 O 0 0
SCHED-TRACE 8285 2553 P 67 2106d2f1a
SCHED-TRACE 8286 2554 K 31 2099224dd
SCHED-TRACE 8287 2554 P 67 212234395
SCHED-TRACE 8288 2555 P 67 2135f1a9f
SCHED-TRACE 8289 2555 I 31 17c86c
SCHED-TRACE 8290 2555 B 31 f3
SCHED-TRACE 8291 2555 P 31 20e939581
SCHED-TRACE 8292 2555 R 31 20e939581
SCHED-TRACE 8293 2556 U 4 17c9a0
SCHED-TRACE 8294 2556 V 4 17ca4c
SCHED-TRACE 8295 2556 O 0 0
SCHED-TRACE 8296 2556 P 31 210724dd2
SCHED-TRACE 8297 2557 K 61 209b64dd3
SCHED-TRACE 8298 2557 P 31 21227be76
SCHED-TRACE 8299 2558 P 31 213641062
SCHED-TRACE 8300 2558 I 61 17cf81
SCHED-TRACE 8301 2558 B 61 f1
SCHED-TRACE 8302 2558 P 61 20eb74395
SCHED-TRACE 8303 2558 R 61 20eb74395
SCHED-TRACE 8304 2559 U 4 17d0b6
SCHED-TRACE 8305 2559 V 4 17d162
SCHED-TRACE 8306 2559 O 0 0
SCHED-TRACE 8307 2559 P 61 210995810
SCHED-TRACE 8308 2560 K 58 209bbe76c
SCHED-TRACE 8309 2560 P 61 2124ec8b4
SCHED-TRACE 8310 2561 P 61 2138a9fbe
SCHED-TRACE 8311 2561 I 58 17d698
SCHED-TRACE 8312 2561 B 58 f2
SCHED-TRACE 8313 2561 P 58 20ebdd2f1
SCHED-TRACE 8314 2561 R 58 20ebdd2f1
SCHED-TRACE 8315 2562 U 4 17d7cd
SCHED-TRACE 8316 2562 V 4 17d879
SCHED-TRACE 8317 2562 O 0 0
SCHED-TRACE 8318 2562 P 58 2109fbe76
SCHED-TRACE 8319 2563 K 34 209cf6c8b
SCHED-TRACE 8320 2563 P 58 212564dd2
SCHED-TRACE 8321 2564 P 58 2139224dc
SCHED-TRACE 8322 2564 I 34 17ddaf
SCHED-TRACE 8323 2564 B 34 f3
SCHED-TRACE 8324 2564 P 34 20ed03958
SCHED-TRACE 8325 2564 R 34 20ed03958
SCHED-TRACE 8326 2565 U 4 17dee3
SCHED-TRACE 8327 2565 V 4 17df8f
SCHED-TRACE 8328 2565 O 0 0
SCHED-TRACE 8329 2565 P 34 210afe76c
SCHED-TRACE 8330 2566 K 52 209d1d2f1
SCHED-TRACE 8331 2566 P 34 212669fbe
SCHED-TRACE 8332 2567 P 34 213a2f1a9
SCHED-TRACE 8333 2567 I 52 17e4c5
SCHED-TRACE 8334 2567 B 52 f4
SCHED-TRACE 8335 2567 P 52 20ed276c8
SCHED-TRACE 8336 2567 R 52 20ed276c8
SCHED-TRACE 8337 2568 U 4 17e5fb
SCHED-TRACE 8338 2568 V 4 17e6a7
SCHED-TRACE 8339 2568 O 0 0
SCHED-TRACE 8340 2568 P 52 210b52f1a
SCHED-TRACE 8341 2569 K 37 209d9d2f1
SCHED-TRACE 8342 2569 P 52 2126b9580
SCHED-TRACE 8343 2570 P 52 213a79580
SCHED-TRACE 8344 2570 I 37 17ebdd
SCHED-TRACE 8345 2570 B 37 f3
SCHED-TRACE 8346 2570 P 37 20edb1a9f
SCHED-TRACE 8347 2570 R 37 20edb1a9f
SCHED-TRACE 8348 2571 U 4 17ed10
SCHED-TRACE 8349 2571 V 4 17edbd
SCHED-TRACE 8350 2571 O 0 0
SCHED-TRACE 8351 2571 P 37 210bb6c8b
SCHED-TRACE 8352 2572 K 43 209e41062
SCHED-TRACE 8353 2572 P 37 21271d2f1
SCHED-TRACE 8354 2573 P 37 213ae24dd
SCHED-TRACE 8355 2573 I 43 17f2f3
SCHED-TRACE 8356 2573 B 43 f4
SCHED-TRACE 8357 2573 P 43 20ee4dd2f
SCHED-TRACE 8358 2573 R 43 20ee4dd2f
SCHED-TRACE 8359 2574 U 4 17f429
SCHED-TRACE 8360 2574 V 4 17f4d5
SCHED-TRACE 8361 2574 O 0 0
SCHED-TRACE 8362 2574 P 43 210c92f1a
SCHED-TRACE 8363 2575 K 49 209e55810
SCHED-TRACE 8364 2575 P 43 212801062
SCHED-TRACE 8365 2576 P 43 213bc1062
SCHED-TRACE 8366 2576 I 49 17fa0c
SCHED-TRACE 8367 2576 B 49 f3
SCHED-TRACE 8368 2576 P 49 20ee74395
SCHED-TRACE 8369 2576 R 49 20ee74395
SCHED-TRACE 8370 2577 U 4 17fb42
SCHED-TRACE 8371 2577 V 4 17fbee
SCHED-TRACE 8372 2577 O 0 0
SCHED-TRACE 8373 2577 P 49 210c9fbe7
SCHED-TRACE 8374 2578 K 46 209e8624d
SCHED-TRACE 8375 2578 P 49 21280b439
SCHED-TRACE 8376 2579 P 49 213bd2f1a
SCHED-TRACE 8377 2579 I 46 180125
SCHED-TRACE 8378 2579 B 46 f5
SCHED-TRACE 8379 2579 P 46 20ee9a9fb
SCHED-TRACE 8380 2579 R 46 20ee9a9fb
SCHED-TRACE 8381 2580 U 4 18025b
SCHED-TRACE 8382 2580 V 4 180306
SCHED-TRACE 8383 2580 O 0 0
SCHED-TRACE 8384 2580 P 46 210c9fbe6
SCHED-TRACE 8385 2581 K 40 209ec8b43
SCHED-TRACE 8386 2581 P 46 21280b438
SCHED-TRACE 8387 2582 P 46 213bcdd2e
SCHED-TRACE 8388 2582 I 40 18083c
SCHED-TRACE 8389 2582 B 40 f4
SCHED-TRACE 8390 2582 P 40 20eee4dd2
SCHED-TRACE 8391 2582 R 40 20eee4dd2
SCHED-TRACE 8392 2583 U 4 180972
SCHED-TRACE 8393 2583 V 4 180a1f
SCHED-TRACE 8394 2583 O 0 0
SCHED-TRACE 8395 2583 P 40 210d29fbe
SCHED-TRACE 8396 2584 K 73 20a1a8b44
SCHED-TRACE 8397 2584 P 40 212879580
SCHED-TRACE 8398 2585 P 40 213c39580
SCHED-TRACE 8399 2585 I 73 180f55
SCHED-TRACE 8400 2585 B 73 ed
SCHED-TRACE 8401 2585 P 73 20f1bfbe8
SCHED-TRACE 8402 2585 R 73 20f1bfbe8
SCHED-TRACE 8403 2586 U 4 181089
SCHED-TRACE 8404 2586 V 4 181135
SCHED-TRACE 8405 2586 O 0 0
SCHED-TRACE 8406 2586 P 73 210fc4dd3
SCHED-TRACE 8407 2587 K 55 20a34b438
SCHED-TRACE 8408 2587 P 73 212b1be77
SCHED-TRACE 8409 2588 P 73 213ed6c8b
SCHED-TRACE 8410 2588 I 55 18166b
SCHED-TRACE 8411 2588 B 55 f1
SCHED-TRACE 8412 2588 P 55 20f371a9f
SCHED-TRACE 8413 2588 R 55 20f371a9f
SCHED-TRACE 8414 2589 U 4 1817a0
SCHED-TRACE 8415 2589 V 4 18184d
SCHED-TRACE 8416 2589 O 0 0
SCHED-TRACE 8417 2589 P 55 21119580f
SCHED-TRACE 8418 2590 K 55 21119580f
SCHED-TRACE 8419 2590 P 55 212cf9580
SCHED-TRACE 8420 2591 I 55 181d83
SCHED-TRACE 8421 2591 B 55 f1
SCHED-TRACE 8422 2591 P 55 2190d580f
SCHED-TRACE 8423 2591 R 55 2190d580f
SCHED-TRACE 8424 2592 U 4 181eb8
SCHED-TRACE 8425 2592 V 4 181f65
SCHED-TRACE 8426 2592 O 0 0
SCHED-TRACE 8427 2592 P 55 21aefe76b
SCHED-TRACE 8428 2593 K 64 21338624d
SCHED-TRACE 8429 2593 P 55 21ca6c8b3
SCHED-TRACE 8430 2594 P 55 21de31a9f
SCHED-TRACE 8431 2594 I 64 18249b
SCHED-TRACE 8432 2594 B 64 f4
SCHED-TRACE 8433 2594 P 64 218395810
SCHED-TRACE 8434 2594 R 64 218395810
SCHED-TRACE 8435 2595 U 4 1825d0
SCHED-TRACE 8436 2595 V 4 18267c
SCHED-TRACE 8437 2595 O 0 0
SCHED-TRACE 8438 2595 P 64 21a1ac8b3
SCHED-TRACE 8439 2596 K 67 2135f1a9f
SCHED-TRACE 8440 2596 P 64 21bd10624
SCHED-TRACE 8441 2597 P 64 21d0d2f1a
SCHED-TRACE 8442 2597 I 67 182bb2
SCHED-TRACE 8443 2597 B 67 f4
SCHED-TRACE 8444 2597 P 67 218601061
SCHED-TRACE 8445 2597 R 67 218601061
SCHED-TRACE 8446 2598 U 4 182ce6
SCHED-TRACE 8447 2598 V 4 182d93
SCHED-TRACE 8448 2598 O 0 0
SCHED-TRACE 8449 2598 P 67 21a412f1a
SCHED-TRACE 8450 2599 K 31 213641062
SCHED-TRACE 8451 2599 P 67 21bf76c8a
SCHED-TRACE 8452 2600 P 67 21d334395
SCHED-TRACE 8453 2600 I 31 1832c9
SCHED-TRACE 8454 2600 B 31 f3
SCHED-TRACE 8455 2600 P 31 21865fbe7
SCHED-TRACE 8456 2600 R 31 21865fbe7
SCHED-TRACE 8457 2601 U 4 1833fc
SCHED-TRACE 8458 2601 V 4 1834a9
SCHED-TRACE 8459 2601 O 0 0
SCHED-TRACE 8460 2601 P 31 21a4676c8
SCHED-TRACE 8461 2602 K 70 213648b43
SCHED-TRACE 8462 2602 P 31 21bfd2f1a
SCHED-TRACE 8463 2603 P 31 21d398106
SCHED-TRACE 8464 2603 I 70 1839df
SCHED-TRACE 8465 2603 B 70 f3
SCHED-TRACE 8466 2603 P 70 218650624
SCHED-TRACE 8467 2603 R 70 218650624
SCHED-TRACE 8468 2604 U 4 183b14
SCHED-TRACE 8469 2604 V 4 183bc0
SCHED-TRACE 8470 2604 O 0 0
SCHED-TRACE 8471 2604 P 70 21a45a9fc
SCHED-TRACE 8472 2605 K 61 2138a9fbe
SCHED-TRACE 8473 2605 P 70 21bfc8b43
SCHED-TRACE 8474 2606 P 70 21d390624
SCHED-TRACE 8475 2606 I 61 1840f7
SCHED-TRACE 8476 2606 B 61 f5
SCHED-TRACE 8477 2606 P 61 2188c3958
SCHED-TRACE 8478 2606 R 61 2188c3958
SCHED-TRACE 8479 2607 U 4 18422d
SCHED-TRACE 8480 2607 V 4 1842da
SCHED-TRACE 8481 2607 O 0 0
SCHED-TRACE 8482 2607 P 61 21a6dd2f1
SCHED-TRACE 8483 2608 K 58 2139224dc
SCHED-TRACE 8484 2608 P 61 21c24624d
SCHED-TRACE 8485 2609 P 61 21d608b43
SCHED-TRACE 8486 2609 I 58 18480e
SCHED-TRACE 8487 2609 B 58 f4
SCHED-TRACE 8488 2609 P 58 218929fbe
SCHED-TRACE 8489 2609 R 58 218929fbe
SCHED-TRACE 8490 2610 U 4 184943
SCHED-TRACE 8491 2610 V 4 1849f0
SCHED-TRACE 8492 2610 O 0 0
SCHED-TRACE 8493 2610 P 58 21a748b43
SCHED-TRACE 8494 2611 K 34 213a2f1a9
SCHED-TRACE 8495 2611 P 58 21c29fbe7
SCHED-TRACE 8496 2612 P 58 21d6624dc
SCHED-TRACE 8497 2612 I 34 184f26
SCHED-TRACE 8498 2612 B 34 f1
SCHED-TRACE 8499 2612 P 34 218a55810
SCHED-TRACE 8500 2612 R 34 218a55810
SCHED-TRACE 8501 2613 U 4 185059
SCHED-TRACE 8502 2613 V 4 185106
SCHED-TRACE 8503 2613 O 0 0
SCHED-TRACE 8504 2613 P 34 21a855810
SCHED-TRACE 8505 2614 K 52 213a79580
SCHED-TRACE 8506 2614 P 34 21c3b6c8b
SCHED-TRACE 8507 2615 P 34 21d771a9f
SCHED-TRACE 8508 2615 I 52 18563c
SCHED-TRACE 8509 2615 B 52 f2
SCHED-TRACE 8510 2615 P 52 218a9a9fb
SCHED-TRACE 8511 2615 R 52 218a9a9fb
SCHED-TRACE 8512 2616 U 4 185771
SCHED-TRACE 8513 2616 V 4 18581e
SCHED-TRACE 8514 2616 O 0 0
SCHED-TRACE 8515 2616 P 52 21a8be76c
SCHED-TRACE 8516 2617 K 37 213ae24dd
SCHED-TRACE 8517 2617 P 52 21c41d2f1
SCHED-TRACE 8518 2618 P 52 21d7da9fb
SCHED-TRACE 8519 2618 I 37 185d54
SCHED-TRACE 8520 2618 B 37 f0
SCHED-TRACE 8521 2618 P 37 218b01062
SCHED-TRACE 8522 2618 R 37 218b01062
SCHED-TRACE 8523 2619 U 4 185e88
SCHED-TRACE 8524 2619 V 4 185f34
SCHED-TRACE 8525 2619 O 0 0
SCHED-TRACE 8526 2619 P 37 21a90624e
SCHED-TRACE 8527 2620 K 43 213bc1062
SCHED-TRACE 8528 2620 P 37 21c474395
SCHED-TRACE 8529 2621 P 37 21d843958
SCHED-TRACE 8530 2621 I 43 18646b
SCHED-TRACE 8531 2621 B 43 f4
SCHED-TRACE 8532 2621 P 43 218bd0625
SCHED-TRACE 8533 2621 R 43 218bd0625
SCHED-TRACE 8534 2622 U 4 1865a1
SCHED-TRACE 8535 2622 V 4 18664e
SCHED-TRACE 8536 2622 O 0 0
SCHED-TRACE 8537 2622 P 43 21aa0dd2f
SCHED-TRACE 8538 2623 K 46 213bcdd2e
SCHED-TRACE 8539 2623 P 43 21c574395
SCHED-TRACE 8540 2624 P 43 21d93be77
SCHED-TRACE 8541 2624 I 46 186b84
SCHED-TRACE 8542 2624 B 46 f4
SCHED-TRACE 8543 2624 P 46 218be4dd2
SCHED-TRACE 8544 2624 R 46 218be4dd2
SCHED-TRACE 8545 2625 U 4 186cba
SCHED-TRACE 8546 2625 V 4 186d66
SCHED-TRACE 8547 2625 O 0 0
SCHED-TRACE 8548 2625 P 46 21aa1fbe6
SCHED-TRACE 8549 2626 K 49 213bd2f1a
SCHED-TRACE 8550 2626 P 46 21c58624d
SCHED-TRACE 8551 2627 P 46 21d948b43
SCHED-TRACE 8552 2627 I 49 18729d
SCHED-TRACE 8553 2627 B 49 f3
SCHED-TRACE 8554 2627 P 49 218bf4395
SCHED-TRACE 8555 2627 R 49 218bf4395
SCHED-TRACE 8556 2628 U 4 1873d2
SCHED-TRACE 8557 2628 V 4 18747e
SCHED-TRACE 8558 2628 O 0 0
SCHED-TRACE 8559 2628 P 49 21aa1a9fb
SCHED-TRACE 8560 2629 K 40 213c39580
SCHED-TRACE 8561 2629 P 49 21c581062
SCHED-TRACE 8562 2630 P 49 21d94624d
SCHED-TRACE 8563 2630 I 40 1879b4
SCHED-TRACE 8564 2630 B 40 f2
SCHED-TRACE 8565 2630 P 40 218c3e76c
SCHED-TRACE 8566 2630 R 40 218c3e76c
SCHED-TRACE 8567 2631 U 4 187aea
SCHED-TRACE 8568 2631 V 4 187b96
SCHED-TRACE 8569 2631 O 0 0
SCHED-TRACE 8570 2631 P 40 21aa6c8b3
SCHED-TRACE 8571 2632 K 73 213ed6c8b
SCHED-TRACE 8572 2632 P 40 21c5da9fb
SCHED-TRACE 8573 2633 P 40 21d99d2f1
SCHED-TRACE 8574 2633 I 73 1880cc
SCHED-TRACE 8575 2633 B 73 f4
SCHED-TRACE 8576 2633 P 73 218ede76d
SCHED-TRACE 8577 2633 R 73 218ede76d
SCHED-TRACE 8578 2634 U 4 188201
SCHED-TRACE 8579 2634 V 4 1882ad
SCHED-TRACE 8580 2634 O 0 0
SCHED-TRACE 8581 2634 P 73 21ace624e
SCHED-TRACE 8582 2635 K 76 214a30624
SCHED-TRACE 8583 2635 P 73 21c844dd3
SCHED-TRACE 8584 2636 P 73 21dc04dd3
SCHED-TRACE 8585 2636 I 76 1887e2
SCHED-TRACE 8586 2636 B 76 f5
SCHED-TRACE 8587 2636 P 76 219a44dd3
SCHED-TRACE 8588 2636 R 76 219a44dd3
SCHED-TRACE 8589 2637 U 4 188916
SCHED-TRACE 8590 2637 V 4 1889c2
SCHED-TRACE 8591 2637 O 0 0
SCHED-TRACE 8592 2637 P 76 21b84c8b4
SCHED-TRACE 8593 2638 K 76 21b84c8b4
SCHED-TRACE 8594 2638 P 76 21d3add2f
SCHED-TRACE 8595 2639 I 76 188ef8
SCHED-TRACE 8596 2639 B 76 f4
SCHED-TRACE 8597 2639 P 76 22377d2f1
SCHED-TRACE 8598 2639 R 76 22377d2f1
SCHED-TRACE 8599 2640 U 4 18902c
SCHED-TRACE 8600 2640 V 4 1890d9
SCHED-TRACE 8601 2640 O 0 0
SCHED-TRACE 8602 2640 P 76 225591a9f
SCHED-TRACE 8603 2641 K 64 21d0d2f1a
SCHED-TRACE 8604 2641 P 76 2270ffbe7
SCHED-TRACE 8605 2642 P 76 2284bfbe7
SCHED-TRACE 8606 2642 I 64 18960f
SCHED-TRACE 8607 2642 B 64 f3
SCHED-TRACE 8608 2642 P 64 2220dd2f1
SCHED-TRACE 8609 2642 R 64 2220dd2f1
SCHED-TRACE 8610 2643 U 4 189744
SCHED-TRACE 8611 2643 V 4 1897f0
SCHED-TRACE 8612 2643 O 0 0
SCHED-TRACE 8613 2643 P 64 223ef1a9f
SCHED-TRACE 8614 2644 K 67 21d334395
SCHED-TRACE 8615 2644 P 64 225a58105
SCHED-TRACE 8616 2645 P 64 226e1fbe7
SCHED-TRACE 8617 2645 I 67 189d27
SCHED-TRACE 8618 2645 B 67 f2
SCHED-TRACE 8619 2645 P 67 22234b439
SCHED-TRACE 8620 2645 R 67 22234b439
SCHED-TRACE 8621 2646 U 4 189e5c
SCHED-TRACE 8622 2646 V 4 189f08
SCHED-TRACE 8623 2646 O 0 0
SCHED-TRACE 8624 2646 P 67 22415d2f1
SCHED-TRACE 8625 2647 K 70 21d390624
SCHED-TRACE 8626 2647 P 67 225ccdd2e
SCHED-TRACE 8627 2648 P 67 227090624
SCHED-TRACE 8628 2648 I 70 18a43e
SCHED-TRACE 8629 2648 B 70 f5
SCHED-TRACE 8630 2648 P 70 22239a9fc
SCHED-TRACE 8631 2648 R 70 22239a9fc
SCHED-TRACE 8632 2649 U 4 18a572
SCHED-TRACE 8633 2649 V 4 18a61f
SCHED-TRACE 8634 2649 O 0 0
SCHED-TRACE 8635 2649 P 70 2241af1aa
SCHED-TRACE 8636 2650 K 31 21d398106
SCHED-TRACE 8637 2650 P 70 225d12f1a
SCHED-TRACE 8638 2651 P 70 2270d2f1a
SCHED-TRACE 8639 2651 I 31 18ab55
SCHED-TRACE 8640 2651 B 31 f4
SCHED-TRACE 8641 2651 P 31 2223a9fbe
SCHED-TRACE 8642 2651 R 31 2223a9fbe
SCHED-TRACE 8643 2652 U 4 18ac88
SCHED-TRACE 8644 2652 V 4 18ad35
SCHED-TRACE 8645 2652 O 0 0
SCHED-TRACE 8646 2652 P 31 2241a9fbe
SCHED-TRACE 8647 2653 K 61 21d608b43
SCHED-TRACE 8648 2653 P 31 225d12f1a
SCHED-TRACE 8649 2654 P 31 2270d8106
SCHED-TRACE 8650 2654 I 61 18b26b
SCHED-TRACE 8651 2654 B 61 f4
SCHED-TRACE 8652 2654 P 61 222612f1a
SCHED-TRACE 8653 2654 R 61 222612f1a
SCHED-TRACE 8654 2655 U 4 18b39f
SCHED-TRACE 8655 2655 V 4 18b44c
SCHED-TRACE 8656 2655 O 0 0
SCHED-TRACE 8657 2655 P 61 2244276c8
SCHED-TRACE 8658 2656 K 58 21d6624dc
SCHED-TRACE 8659 2656 P 61 225f92f1a
SCHED-TRACE 8660 2657 P 61 227358106
SCHED-TRACE 8661 2657 I 58 18b982
SCHED-TRACE 8662 2657 B 58 f3
SCHED-TRACE 8663 2657 P 58 222674395
SCHED-TRACE 8664 2657 R 58 222674395
SCHED-TRACE 8665 2658 U 4 18bab7
SCHED-TRACE 8666 2658 V 4 18bb64
SCHED-TRACE 8667 2658 O 0 0
SCHED-TRACE 8668 2658 P 58 22448b439
SCHED-TRACE 8669 2659 K 34 21d771a9f
SCHED-TRACE 8670 2659 P 58 225ff6c8a
SCHED-TRACE 8671 2660 P 58 2273bbe76
SCHED-TRACE 8672 2660 I 34 18c09a
SCHED-TRACE 8673 2660 B 34 f4
SCHED-TRACE 8674 2660 P 34 22278624d
SCHED-TRACE 8675 2660 R 34 22278624d
SCHED-TRACE 8676 2661 U 4 18c1ce
SCHED-TRACE 8677 2661 V 4 18c27b
SCHED-TRACE 8678 2661 O 0 0
SCHED-TRACE 8679 2661 P 34 22457be76
SCHED-TRACE 8680 2662 K 52 21d7da9fb
SCHED-TRACE 8681 2662 P 34 2260cdd2f
SCHED-TRACE 8682 2663 P 34 227490624
SCHED-TRACE 8683 2663 I 52 18c7b0
SCHED-TRACE 8684 2663 B 52 f4
SCHED-TRACE 8685 2663 P 52 22280624d
SCHED-TRACE 8686 2663 R 52 22280624d
SCHED-TRACE 8687 2664 U 4 18c8e5
SCHED-TRACE 8688 2664 V 4 18c992
SCHED-TRACE 8689 2664 O 0 0
SCHED-TRACE 8690 2664 P 52 224634395
SCHED-TRACE 8691 2665 K 37 21d843958
SCHED-TRACE 8692 2665 P 52 226198105
SCHED-TRACE 8693 2666 P 52 227552f1a
SCHED-TRACE 8694 2666 I 37 18cec8
SCHED-TRACE 8695 2666 B 37 f5
SCHED-TRACE 8696 2666 P 37 222864dd3
SCHED-TRACE 8697 2666 R 37 222864dd3
SCHED-TRACE 8698 2667 U 4 18cffc
SCHED-TRACE 8699 2667 V 4 18d0a9
SCHED-TRACE 8700 2667 O 0 0
SCHED-TRACE 8701 2667 P 37 224671a9f
SCHED-TRACE 8702 2668 K 43 21d93be77
SCHED-TRACE 8703 2668 P 37 2261dd2f1
SCHED-TRACE 8704 2669 P 37 22759fbe7
SCHED-TRACE 8705 2669 I 43 18d5df
SCHED-TRACE 8706 2669 B 43 f3
SCHED-TRACE 8707 2669 P 43 22294624e
SCHED-TRACE 8708 2669 R 43 22294624e
SCHED-TRACE 8709 2670 U 4 18d715
SCHED-TRACE 8710 2670 V 4 18d7c2
SCHED-TRACE 8711 2670 O 0 0
SCHED-TRACE 8712 2670 P 43 224779581
SCHED-TRACE 8713 2671 K 49 21d94624d
SCHED-TRACE 8714 2671 P 43 2262d0625
SCHED-TRACE 8715 2672 P 43 227695810
SCHED-TRACE 8716 2672 I 49 18dcf8
SCHED-TRACE 8717 2672 B 49 eb
SCHED-TRACE 8718 2672 P 49 22295a9fb
SCHED-TRACE 8719 2672 R 49 22295a9fb
SCHED-TRACE 8720 2673 U 4 18de2d
SCHED-TRACE 8721 2673 V 4 18deda
SCHED-TRACE 8722 2673 O 0 0
SCHED-TRACE 8723 2673 P 49 224798106
SCHED-TRACE 8724 2674 K 46 21d948b43
SCHED-TRACE 8725 2674 P 49 22630624d
SCHED-TRACE 8726 2675 P 49 2276cb439
SCHED-TRACE 8727 2675 I 46 18e410
SCHED-TRACE 8728 2675 B 46 f3
SCHED-TRACE 8729 2675 P 46 22294dd2e
SCHED-TRACE 8730 2675 R 46 22294dd2e
SCHED-TRACE 8731 2676 U 4 18e546
SCHED-TRACE 8732 2676 V 4 18e5f3
SCHED-TRACE 8733 2676 O 0 0
SCHED-TRACE 8734 2676 P 46 224788b43
SCHED-TRACE 8735 2677 K 40 21d99d2f1
SCHED-TRACE 8736 2677 P 46 2262ec8b3
SCHED-TRACE 8737 2678 P 46 2276b1a9f
SCHED-TRACE 8738 2678 I 40 18eb29
SCHED-TRACE 8739 2678 B 40 f2
SCHED-TRACE 8740 2678 P 40 2229ac8b3
SCHED-TRACE 8741 2678 R 40 2229ac8b3
SCHED-TRACE 8742 2679 U 4 18ec5f
SCHED-TRACE 8743 2679 V 4 18ed0c
SCHED-TRACE 8744 2679 O 0 0
SCHED-TRACE 8745 2679 P 40 2247f4395
SCHED-TRACE 8746 2680 K 73 21dc04dd3
SCHED-TRACE 8747 2680 P 40 22635d2f1
SCHED-TRACE 8748 2681 P 40 22771d2f1
SCHED-TRACE 8749 2681 I 73 18f242
SCHED-TRACE 8750 2681 B 73 f2
SCHED-TRACE 8751 2681 P 73 222c1e76d
SCHED-TRACE 8752 2681 R 73 222c1e76d
SCHED-TRACE 8753 2682 U 4 18f375
SCHED-TRACE 8754 2682 V 4 18f422
SCHED-TRACE 8755 2682 O 0 0
SCHED-TRACE 8756 2682 P 73 224a21062
SCHED-TRACE 8757 2683 K 55 21de31a9f
SCHED-TRACE 8758 2683 P 73 2265876c9
SCHED-TRACE 8759 2684 P 73 227949fbf
SCHED-TRACE 8760 2684 I 55 18f958
SCHED-TRACE 8761 2684 B 55 f2
SCHED-TRACE 8762 2684 P 55 222e43957
SCHED-TRACE 8763 2684 R 55 222e43957
SCHED-TRACE 8764 2685 U 4 18fa8e
SCHED-TRACE 8765 2685 V 4 18fb3a
SCHED-TRACE 8766 2685 O 0 0
SCHED-TRACE 8767 2685 P 55 224c676c8
SCHED-TRACE 8768 2686 K 55 224c676c8
SCHED-TRACE 8769 2686 P 55 2267d2f1a
SCHED-TRACE 8770 2687 I 55 190070
SCHED-TRACE 8771 2687 B 55 f3
SCHED-TRACE 8772 2687 P 55 22cba76c8
SCHED-TRACE 8773 2687 R 55 22cba76c8
SCHED-TRACE 8774 2688 U 4 1901a6
SCHED-TRACE 8775 2688 V 4 190253
SCHED-TRACE 8776 2688 O 0 0
SCHED-TRACE 8777 2688 P 55 22e9cdd2e
SCHED-TRACE 8778 2689 K 64 226e1fbe7
SCHED-TRACE 8779 2689 P 55 2305224dc
SCHED-TRACE 8780 2690 P 55 2318e9fbd
SCHED-TRACE 8781 2690 I 64 190788
SCHED-TRACE 8782 2690 B 64 f4
SCHED-TRACE 8783 2690 P 64 22be43957
SCHED-TRACE 8784 2690 R 64 22be43957
SCHED-TRACE 8785 2691 U 4 1908bd
SCHED-TRACE 8786 2691 V 4 19096a
SCHED-TRACE 8787 2691 O 0 0
SCHED-TRACE 8788 2691 P 64 22dc64dd2
SCHED-TRACE 8789 2692 K 67 227090624
SCHED-TRACE 8790 2692 P 64 22f7c624d
SCHED-TRACE 8791 2693 P 64 230b8624d
SCHED-TRACE 8792 2693 I 67 190ea0
SCHED-TRACE 8793 2693 B 67 f4
SCHED-TRACE 8794 2693 P 67 22c0b4395
SCHED-TRACE 8795 2693 R 67 22c0b4395
SCHED-TRACE 8796 2694 U 4 190fd4
SCHED-TRACE 8797 2694 V 4 191081
SCHED-TRACE 8798 2694 O 0 0
SCHED-TRACE 8799 2694 P 67 22debbe76
SCHED-TRACE 8800 2695 K 70 2270d2f1a
SCHED-TRACE 8801 2695 P 67 22fa224dc
SCHED-TRACE 8802 2696 P 67 230ddfbe7
SCHED-TRACE 8803 2696 I 70 1915b7
SCHED-TRACE 8804 2696 B 70 f1
SCHED-TRACE 8805 2696 P 70 22c0e76c8
SCHED-TRACE 8806 2696 R 70 22c0e76c8
SCHED-TRACE 8807 2697 U 4 1916eb
SCHED-TRACE 8808 2697 V 4 191798
SCHED-TRACE 8809 2697 O 0 0
SCHED-TRACE 8810 2697 P 70 22deec8b4
SCHED-TRACE 8811 2698 K 31 2270d8106
SCHED-TRACE 8812 2698 P 70 22fa50624
SCHED-TRACE 8813 2699 P 70 230e10624
SCHED-TRACE 8814 2699 I 31 191cce
SCHED-TRACE 8815 2699 B 31 f0
SCHED-TRACE 8816 2699 P 31 22c0f6c8b
SCHED-TRACE 8817 2699 R 31 22c0f6c8b
SCHED-TRACE 8818 2700 U 4 191e02
SCHED-TRACE 8819 2700 V 4 191eaf
SCHED-TRACE 8820 2700 O 0 0
SCHED-TRACE 8821 2700 P 31 22defbe76
SCHED-TRACE 8822 2701 K 61 227358106
SCHED-TRACE 8823 2701 P 31 22fa64dd2
SCHED-TRACE 8824 2702 P 31 230e2f1a9
SCHED-TRACE 8825 2702 I 61 1923e5
SCHED-TRACE 8826 2702 B 61 f2
SCHED-TRACE 8827 2702 P 61 22c3624dd
SCHED-TRACE 8828 2702 R 61 22c3624dd
SCHED-TRACE 8829 2703 U 4 192519
SCHED-TRACE 8830 2703 V 4 1925c6
SCHED-TRACE 8831 2703 O 0 0
SCHED-TRACE 8832 2703 P 61 22e18b439
SCHED-TRACE 8833 2704 K 58 2273bbe76
SCHED-TRACE 8834 2704 P 61 22fcf1a9f
SCHED-TRACE 8835 2705 P 61 2310bbe76
SCHED-TRACE 8836 2705 I 58 192afc
SCHED-TRACE 8837 2705 B 58 f3
SCHED-TRACE 8838 2705 P 58 22c3be76c
SCHED-TRACE 8839 2705 R 58 22c3be76c
SCHED-TRACE 8840 2706 U 4 192c31
SCHED-TRACE 8841 2706 V 4 192cde
SCHED-TRACE 8842 2706 O 0 0
SCHED-TRACE 8843 2706 P 58 22e1f1a9f
SCHED-TRACE 8844 2707 K 34 227490624
SCHED-TRACE 8845 2707 P 58 22fd624dc
SCHED-TRACE 8846 2708 P 58 2311276c8
SCHED-TRACE 8847 2708 I 34 193215
SCHED-TRACE 8848 2708 B 34 f3
SCHED-TRACE 8849 2708 P 34 22c4a4dd2
SCHED-TRACE 8850 2708 R 34 22c4a4dd2
SCHED-TRACE 8851 2709 U 4 193349
SCHED-TRACE 8852 2709 V 4 1933f6
SCHED-TRACE 8853 2709 O 0 0
SCHED-TRACE 8854 2709 P 34 22e29a9fb
SCHED-TRACE 8855 2710 K 52 227552f1a
SCHED-TRACE 8856 2710 P 34 22fe0624d
SCHED-TRACE 8857 2711 P 34 2311cdd2f
SCHED-TRACE 8858 2711 I 52 19392c
SCHED-TRACE 8859 2711 B 52 f3
SCHED-TRACE 8860 2711 P 52 22c55d2f1
SCHED-TRACE 8861 2711 R 52 22c55d2f1
SCHED-TRACE 8862 2712 U 4 193a62
SCHED-TRACE 8863 2712 V 4 193b0e
SCHED-TRACE 8864 2712 O 0 0
SCHED-TRACE 8865 2712 P 52 22e37e76c
SCHED-TRACE 8866 2713 K 37 22759fbe7
SCHED-TRACE 8867 2713 P 52 22feef1a9
SCHED-TRACE 8868 2714 P 52 2312b4395
SCHED-TRACE 8869 2714 I 37 194044
SCHED-TRACE 8870 2714 B 37 f3
SCHED-TRACE 8871 2714 P 37 22c5a4dd3
SCHED-TRACE 8872 2714 R 37 22c5a4dd3
SCHED-TRACE 8873 2715 U 4 194179
SCHED-TRACE 8874 2715 V 4 194226
SCHED-TRACE 8875 2715 O 0 0
SCHED-TRACE 8876 2715 P 37 22e3d0625
SCHED-TRACE 8877 2716 K 43 227695810
SCHED-TRACE 8878 2716 P 37 22ff15810
SCHED-TRACE 8879 2717 P 37 2312e24dd
SCHED-TRACE 8880 2717 I 43 19475c
SCHED-TRACE 8881 2717 B 43 f3
SCHED-TRACE 8882 2717 P 43 22c6bbe77
SCHED-TRACE 8883 2717 R 43 22c6bbe77
SCHED-TRACE 8884 2718 U 4 194892
SCHED-TRACE 8885 2718 V 4 19493f
SCHED-TRACE 8886 2718 O 0 0
SCHED-TRACE 8887 2718 P 43 22e4fbe77
SCHED-TRACE 8888 2719 K 46 2276b1a9f
SCHED-TRACE 8889 2719 P 43 23005a9fc
SCHED-TRACE 8890 2720 P 43 23141d2f1
SCHED-TRACE 8891 2720 I 46 194e74
SCHED-TRACE 8892 2720 B 46 f3
SCHED-TRACE 8893 2720 P 46 22c6bbe76
SCHED-TRACE 8894 2720 R 46 22c6bbe76
SCHED-TRACE 8895 2721 U 4 194faa
SCHED-TRACE 8896 2721 V 4 195056
SCHED-TRACE 8897 2721 O 0 0
SCHED-TRACE 8898 2721 P 46 22e4e9fbd
SCHED-TRACE 8899 2722 K 49 2276cb439
SCHED-TRACE 8900 2722 P 46 230050624
SCHED-TRACE 8901 2723 P 46 23140dd2e
SCHED-TRACE 8902 2723 I 49 19558c
SCHED-TRACE 8903 2723 B 49 f2
SCHED-TRACE 8904 2723 P 49 22c6e24dd
SCHED-TRACE 8905 2723 R 49 22c6e24dd
SCHED-TRACE 8906 2724 U 4 1956c2
SCHED-TRACE 8907 2724 V 4 19576e
SCHED-TRACE 8908 2724 O 0 0
SCHED-TRACE 8909 2724 P 49 22e508b43
SCHED-TRACE 8910 2725 K 40 22771d2f1
SCHED-TRACE 8911 2725 P 49 2300676c8
SCHED-TRACE 8912 2726 P 49 23142f1aa
SCHED-TRACE 8913 2726 I 40 195ca4
SCHED-TRACE 8914 2726 B 40 f0
SCHED-TRACE 8915 2726 P 40 22c731a9f
SCHED-TRACE 8916 2726 R 40 22c731a9f
SCHED-TRACE 8917 2727 U 4 195dda
SCHED-TRACE 8918 2727 V 4 195e86
SCHED-TRACE 8919 2727 O 0 0
SCHED-TRACE 8920 2727 P 40 22e569fbe
SCHED-TRACE 8921 2728 K 73 227949fbf
SCHED-TRACE 8922 2728 P 40 2300c8b43
SCHED-TRACE 8923 2729 P 40 23148dd2e
SCHED-TRACE 8924 2729 I 73 1963bc
SCHED-TRACE 8925 2729 B 73 f1
SCHED-TRACE 8926 2729 P 73 22c954396
SCHED-TRACE 8927 2729 R 73 22c954396
SCHED-TRACE 8928 2730 U 4 1964ef
SCHED-TRACE 8929 2730 V 4 19659b
SCHED-TRACE 8930 2730 O 0 0
SCHED-TRACE 8931 2730 P 73 22e75be77
SCHED-TRACE 8932 2731 K 76 2284bfbe7
SCHED-TRACE 8933 2731 P 73 2302bfbe8
SCHED-TRACE 8934 2732 P 73 23167d2f2
SCHED-TRACE 8935 2732 I 76 196ad1
SCHED-TRACE 8936 2732 B 76 f3
SCHED-TRACE 8937 2732 P 76 22d4cf1aa
SCHED-TRACE 8938 2732 R 76 22d4cf1aa
SCHED-TRACE 8939 2733 U 4 196c05
SCHED-TRACE 8940 2733 V 4 196cb1
SCHED-TRACE 8941 2733 O 0 0
SCHED-TRACE 8942 2733 P 76 22f2d9581
SCHED-TRACE 8943 2734 K 76 22f2d9581
SCHED-TRACE 8944 2734 P 76 230e44dd3
SCHED-TRACE 8945 2735 I 76 1971e7
SCHED-TRACE 8946 2735 B 76 f4
SCHED-TRACE 8947 2735 P 76 23720c8b4
SCHED-TRACE 8948 2735 R 76 23720c8b4
SCHED-TRACE 8949 2736 U 4 19731b
SCHED-TRACE 8950 2736 V 4 1973c7
SCHED-TRACE 8951 2736 O 0 0
SCHED-TRACE 8952 2736 P 76 238ff8106
SCHED-TRACE 8953 2737 K 64 230b8624d
SCHED-TRACE 8954 2737 P 76 23ab5e76c
SCHED-TRACE 8955 2738 P 76 23bf28b43
SCHED-TRACE 8956 2738 I 64 1978fd
SCHED-TRACE 8957 2738 B 64 f2
SCHED-TRACE 8958 2738 P 64 235b8b439
SCHED-TRACE 8959 2738 R 64 235b8b439
SCHED-TRACE 8960 2739 U 4 197a32
SCHED-TRACE 8961 2739 V 4 197adf
SCHED-TRACE 8962 2739 O 0 0
SCHED-TRACE 8963 2739 P 64 2379ac8b3
SCHED-TRACE 8964 2740 K 67 230ddfbe7
SCHED-TRACE 8965 2740 P 64 239518105
SCHED-TRACE 8966 2741 P 64 23a8dd2f1
SCHED-TRACE 8967 2741 I 67 198015
SCHED-TRACE 8968 2741 B 67 f3
SCHED-TRACE 8969 2741 P 67 235df1a9f
SCHED-TRACE 8970 2741 R 67 235df1a9f
SCHED-TRACE 8971 2742 U 4 19814a
SCHED-TRACE 8972 2742 V 4 1981f7
SCHED-TRACE 8973 2742 O 0 0
SCHED-TRACE 8974 2742 P 67 237c12f1a
SCHED-TRACE 8975 2743 K 70 230e10624
SCHED-TRACE 8976 2743 P 67 239764dd2
SCHED-TRACE 8977 2744 P 67 23ab276c8
SCHED-TRACE 8978 2744 I 70 19872c
SCHED-TRACE 8979 2744 B 70 f4
SCHED-TRACE 8980 2744 P 70 235e276c8
SCHED-TRACE 8981 2744 R 70 235e276c8
SCHED-TRACE 8982 2745 U 4 198860
SCHED-TRACE 8983 2745 V 4 19890d
SCHED-TRACE 8984 2745 O 0 0
SCHED-TRACE 8985 2745 P 70 237c36c8b
SCHED-TRACE 8986 2746 K 31 230e2f1a9
SCHED-TRACE 8987 2746 P 70 23979fbe7
SCHED-TRACE 8988 2747 P 70 23ab58106
SCHED-TRACE 8989 2747 I 31 198e43
SCHED-TRACE 8990 2747 B 31 f4
SCHED-TRACE 8991 2747 P 31 235e55810
SCHED-TRACE 8992 2747 R 31 235e55810
SCHED-TRACE 8993 2748 U 4 198f77
SCHED-TRACE 8994 2748 V 4 199023
SCHED-TRACE 8995 2748 O 0 0
SCHED-TRACE 8996 2748 P 31 237c55810
SCHED-TRACE 8997 2749 K 61 2310bbe76
SCHED-TRACE 8998 2749 P 31 2397c3958
SCHED-TRACE 8999 2750 P 31 23ab81062
SCHED-TRACE 9000 2750 I 61 19955a
SCHED-TRACE 9001 2750 B 61 f4
SCHED-TRACE 9002 2750 P 61 2360dd2f1
SCHED-TRACE 9003 2750 R 61 2360dd2f1
SCHED-TRACE 9004 2751 U 4 19968f
SCHED-TRACE 9005 2751 V 4 19973c
SCHED-TRACE 9006 2751 O 0 0
SCHED-TRACE 9007 2751 P 61 237ef4395
SCHED-TRACE 9008 2752 K 58 2311276c8
SCHED-TRACE 9009 2752 P 61 239a5a9fb
SCHED-TRACE 9010 2753 P 61 23ae224dd
SCHED-TRACE 9011 2753 I 58 199c72
SCHED-TRACE 9012 2753 B 58 f1
SCHED-TRACE 9013 2753 P 58 23613e76c
SCHED-TRACE 9014 2753 R 58 23613e76c
SCHED-TRACE 9015 2754 U 4 199da7
SCHED-TRACE 9016 2754 V 4 199e54
SCHED-TRACE 9017 2754 O 0 0
SCHED-TRACE 9018 2754 P 58 237f5fbe7
SCHED-TRACE 9019 2755 K 34 2311cdd2f
SCHED-TRACE 9020 2755 P 58 239ac624d
SCHED-TRACE 9021 2756 P 58 23ae8b439
SCHED-TRACE 9022 2756 I 34 19a38a
SCHED-TRACE 9023 2756 B 34 f3
SCHED-TRACE 9024 2756 P 34 2361e4dd2
SCHED-TRACE 9025 2756 R 34 2361e4dd2
SCHED-TRACE 9026 2757 U 4 19a4bd
SCHED-TRACE 9027 2757 V 4 19a56a
SCHED-TRACE 9028 2757 O 0 0
SCHED-TRACE 9029 2757 P 34 237fec8b4
SCHED-TRACE 9030 2758 K 52 2312b4395
SCHED-TRACE 9031 2758 P 34 239b50624
SCHED-TRACE 9032 2759 P 34 23af12f1a
SCHED-TRACE 9033 2759 I 52 19aaa0
SCHED-TRACE 9034 2759 B 52 f3
SCHED-TRACE 9035 2759 P 52 2362d0624
SCHED-TRACE 9036 2759 R 52 2362d0624
SCHED-TRACE 9037 2760 U 4 19abd5
SCHED-TRACE 9038 2760 V 4 19ac81
SCHED-TRACE 9039 2760 O 0 0
SCHED-TRACE 9040 2760 P 52 2380f1a9f
SCHED-TRACE 9041 2761 K 37 2312e24dd
SCHED-TRACE 9042 2761 P 52 239c5a9fb
SCHED-TRACE 9043 2762 P 52 23b01a9fb
SCHED-TRACE 9044 2762 I 37 19b1b7
SCHED-TRACE 9045 2762 B 37 f3
SCHED-TRACE 9046 2762 P 37 2362ec8b4
SCHED-TRACE 9047 2762 R 37 2362ec8b4
SCHED-TRACE 9048 2763 U 4 19b2eb
SCHED-TRACE 9049 2763 V 4 19b397
SCHED-TRACE 9050 2763 O 0 0
SCHED-TRACE 9051 2763 P 37 2380d5810
SCHED-TRACE 9052 2764 K 46 23140dd2e
SCHED-TRACE 9053 2764 P 37 239c3e76c
SCHED-TRACE 9054 2765 P 37 23b008b43
SCHED-TRACE 9055 2765 I 46 19b8cd
SCHED-TRACE 9056 2765 B 46 f2
SCHED-TRACE 9057 2765 P 46 23641d2f1
SCHED-TRACE 9058 2765 R 46 23641d2f1
SCHED-TRACE 9059 2766 U 4 19ba04
SCHED-TRACE 9060 2766 V 4 19bab0
SCHED-TRACE 9061 2766 O 0 0
SCHED-TRACE 9062 2766 P 46 23825fbe6
SCHED-TRACE 9063 2767 K 43 23141d2f1
SCHED-TRACE 9064 2767 P 46 239dc8b43
SCHED-TRACE 9065 2768 P 46 23b190624
SCHED-TRACE 9066 2768 I 43 19bfe6
SCHED-TRACE 9067 2768 B 43 f3
SCHED-TRACE 9068 2768 P 43 23641fbe7
SCHED-TRACE 9069 2768 R 43 23641fbe7
SCHED-TRACE 9070 2769 U 4 19c11c
SCHED-TRACE 9071 2769 V 4 19c1ca
SCHED-TRACE 9072 2769 O 0 0
SCHED-TRACE 9073 2769 P 43 23826c8b4
SCHED-TRACE 9074 2770 K 49 23142f1aa
SCHED-TRACE 9075 2770 P 43 239db9581
SCHED-TRACE 9076 2771 P 43 23b17be77
SCHED-TRACE 9077 2771 I 49 19c6ff
SCHED-TRACE 9078 2771 B 49 f2
SCHED-TRACE 9079 2771 P 49 236441062
SCHED-TRACE 9080 2771 R 49 236441062
SCHED-TRACE 9081 2772 U 4 19c835
SCHED-TRACE 9082 2772 V 4 19c8e1
SCHED-TRACE 9083 2772 O 0 0
SCHED-TRACE 9084 2772 P 49 23827e76c
SCHED-TRACE 9085 2773 K 40 23148dd2e
SCHED-TRACE 9086 2773 P 49 239def1aa
SCHED-TRACE 9087 2774 P 49 23b1ac8b4
SCHED-TRACE 9088 2774 I 40 19ce18
SCHED-TRACE 9089 2774 B 40 f4
SCHED-TRACE 9090 2774 P 40 2364af1a9
SCHED-TRACE 9091 2774 R 40 2364af1a9
SCHED-TRACE 9092 2775 U 4 19cf4f
SCHED-TRACE 9093 2775 V 4 19cffb
SCHED-TRACE 9094 2775 O 0 0
SCHED-TRACE 9095 2775 P 40 2382f1a9f
SCHED-TRACE 9096 2776 K 73 23167d2f2
SCHED-TRACE 9097 2776 P 40 239e5d2f1
SCHED-TRACE 9098 2777 P 40 23b2224dc
SCHED-TRACE 9099 2777 I 73 19d532
SCHED-TRACE 9100 2777 B 73 f4
SCHED-TRACE 9101 2777 P 73 236696c8b
SCHED-TRACE 9102 2777 R 73 236696c8b
SCHED-TRACE 9103 2778 U 4 19d666
SCHED-TRACE 9104 2778 V 4 19d713
SCHED-TRACE 9105 2778 O 0 0
SCHED-TRACE 9106 2778 P 73 238496c8b
SCHED-TRACE 9107 2779 K 55 2318e9fbd
SCHED-TRACE 9108 2779 P 73 239ff8106
SCHED-TRACE 9109 2780 P 73 23b3bd2f2
SCHED-TRACE 9110 2780 I 55 19dc49
SCHED-TRACE 9111 2780 B 55 ef
SCHED-TRACE 9112 2780 P 55 236901061
SCHED-TRACE 9113 2780 R 55 236901061
SCHED-TRACE 9114 2781 U 4 19dd7f
SCHED-TRACE 9115 2781 V 4 19de2b
SCHED-TRACE 9116 2781 O 0 0
SCHED-TRACE 9117 2781 P 55 238734394
SCHED-TRACE 9118 2782 K 55 238734394
SCHED-TRACE 9119 2782 P 55 23a298105
SCHED-TRACE 9120 2783 I 55 19e361
SCHED-TRACE 9121 2783 B 55 f2
SCHED-TRACE 9122 2783 P 55 2406676c8
SCHED-TRACE 9123 2783 R 55 2406676c8
SCHED-TRACE 9124 2784 U 4 19e496
SCHED-TRACE 9125 2784 V 4 19e542
SCHED-TRACE 9126 2784 O 0 0
SCHED-TRACE 9127 2784 P 55 242498105
SCHED-TRACE 9128 2785 K 64 23a8dd2f1
SCHED-TRACE 9129 2785 P 55 243ffe76b
SCHED-TRACE 9130 2786 P 55 2453c3957
SCHED-TRACE 9131 2786 I 64 19ea78
SCHED-TRACE 9132 2786 B 64 f4
SCHED-TRACE 9133 2786 P 64 23f8e9fbe
SCHED-TRACE 9134 2786 R 64 23f8e9fbe
SCHED-TRACE 9135 2787 U 4 19ebac
SCHED-TRACE 9136 2787 V 4 19ec59
SCHED-TRACE 9137 2787 O 0 0
SCHED-TRACE 9138 2787 P 64 2416fbe76
SCHED-TRACE 9139 2788 K 67 23ab276c8
SCHED-TRACE 9140 2788 P 64 2432676c8
SCHED-TRACE 9141 2789 P 64 244629fbe
SCHED-TRACE 9142 2789 I 67 19f18f
SCHED-TRACE 9143 2789 B 67 f4
SCHED-TRACE 9144 2789 P 67 23fb39580
SCHED-TRACE 9145 2789 R 67 23fb39580
SCHED-TRACE 9146 2790 U 4 19f2c4
SCHED-TRACE 9147 2790 V 4 19f370
SCHED-TRACE 9148 2790 O 0 0
SCHED-TRACE 9149 2790 P 67 241934395
SCHED-TRACE 9150 2791 K 70 23ab58106
SCHED-TRACE 9151 2791 P 67 24349fbe7
SCHED-TRACE 9152 2792 P 67 2448624dc
SCHED-TRACE 9153 2792 I 70 19f8a5
SCHED-TRACE 9154 2792 B 70 f3
SCHED-TRACE 9155 2792 P 70 23fb5d2f1
SCHED-TRACE 9156 2792 R 70 23fb5d2f1
SCHED-TRACE 9157 2793 U 4 19f9da
SCHED-TRACE 9158 2793 V 4 19fa86
SCHED-TRACE 9159 2793 O 0 0
SCHED-TRACE 9160 2793 P 70 241969fbe
SCHED-TRACE 9161 2794 K 31 23ab81062
SCHED-TRACE 9162 2794 P 70 2434cb439
SCHED-TRACE 9163 2795 P 70 24488b439
SCHED-TRACE 9164 2795 I 31 19ffbc
SCHED-TRACE 9165 2795 B 31 f3
SCHED-TRACE 9166 2795 P 31 23fb98106
SCHED-TRACE 9167 2795 R 31 23fb98106
SCHED-TRACE 9168 2796 U 4 1a00f0
SCHED-TRACE 9169 2796 V 4 1a019d
SCHED-TRACE 9170 2796 O 0 0
SCHED-TRACE 9171 2796 P 31 2419a76c8
SCHED-TRACE 9172 2797 K 61 23ae224dd
SCHED-TRACE 9173 2797 P 31 2434fbe76
SCHED-TRACE 9174 2798 P 31 2448b6c8b
SCHED-TRACE 9175 2798 I 61 1a06d3
SCHED-TRACE 9176 2798 B 61 f3
SCHED-TRACE 9177 2798 P 61 23fe48b43
SCHED-TRACE 9178 2798 R 61 23fe48b43
SCHED-TRACE 9179 2799 U 4 1a0808
SCHED-TRACE 9180 2799 V 4 1a08b5
SCHED-TRACE 9181 2799 O 0 0
SCHED-TRACE 9182 2799 P 61 241c79581
SCHED-TRACE 9183 2800 K 58 23ae8b439
SCHED-TRACE 9184 2800 P 61 2437ec8b4
SCHED-TRACE 9185 2801 P 61 244baf1aa
SCHED-TRACE 9186 2801 I 58 1a0deb
SCHED-TRACE 9187 2801 B 58 f5
SCHED-TRACE 9188 2801 P 58 23fe90624
SCHED-TRACE 9189 2801 R 58 23fe90624
SCHED-TRACE 9190 2802 U 4 1a0f21
SCHED-TRACE 9191 2802 V 4 1a0fce
SCHED-TRACE 9192 2802 O 0 0
SCHED-TRACE 9193 2802 P 58 241cb4395
SCHED-TRACE 9194 2803 K 34 23af12f1a
SCHED-TRACE 9195 2803 P 58 24381fbe7
SCHED-TRACE 9196 2804 P 58 244be9fbe
SCHED-TRACE 9197 2804 I 34 1a1504
SCHED-TRACE 9198 2804 B 34 f4
SCHED-TRACE 9199 2804 P 34 23ff224dd
SCHED-TRACE 9200 2804 R 34 23ff224dd
SCHED-TRACE 9201 2805 U 4 1a1638
SCHED-TRACE 9202 2805 V 4 1a16e5
SCHED-TRACE 9203 2805 O 0 0
SCHED-TRACE 9204 2805 P 34 241d276c8
SCHED-TRACE 9205 2806 K 37 23b008b43
SCHED-TRACE 9206 2806 P 34 243890624
SCHED-TRACE 9207 2807 P 34 244c52f1a
SCHED-TRACE 9208 2807 I 37 1a1c1b
SCHED-TRACE 9209 2807 B 37 f1
SCHED-TRACE 9210 2807 P 37 240018106
SCHED-TRACE 9211 2807 R 37 240018106
SCHED-TRACE 9212 2808 U 4 1a1d4f
SCHED-TRACE 9213 2808 V 4 1a1dfc
SCHED-TRACE 9214 2808 O 0 0
SCHED-TRACE 9215 2808 P 37 241e276c8
SCHED-TRACE 9216 2809 K 52 23b01a9fb
SCHED-TRACE 9217 2809 P 37 24398dd2f
SCHED-TRACE 9218 2810 P 37 244d5a9fc
SCHED-TRACE 9219 2810 I 52 1a2333
SCHED-TRACE 9220 2810 B 52 f2
SCHED-TRACE 9221 2810 P 52 24002f1a9
SCHED-TRACE 9222 2810 R 52 24002f1a9
SCHED-TRACE 9223 2811 U 4 1a2468
SCHED-TRACE 9224 2811 V 4 1a2515
SCHED-TRACE 9225 2811 O 0 0
SCHED-TRACE 9226 2811 P 52 241e6c8b3
SCHED-TRACE 9227 2812 K 43 23b17be77
SCHED-TRACE 9228 2812 P 52 2439d0624
SCHED-TRACE 9229 2813 P 52 244d9a9fb
SCHED-TRACE 9230 2813 I 43 1a2a4b
SCHED-TRACE 9231 2813 B 43 f1
SCHED-TRACE 9232 2813 P 43 240181062
SCHED-TRACE 9233 2813 R 43 240181062
SCHED-TRACE 9234 2814 U 4 1a2b81
SCHED-TRACE 9235 2814 V 4 1a2c2d
SCHED-TRACE 9236 2814 O 0 0
SCHED-TRACE 9237 2814 P 43 241fc624e
SCHED-TRACE 9238 2815 K 46 23b190624
SCHED-TRACE 9239 2815 P 43 243b34395
SCHED-TRACE 9240 2816 P 43 244efbe77
SCHED-TRACE 9241 2816 I 46 1a3164
SCHED-TRACE 9242 2816 B 46 f4
SCHED-TRACE 9243 2816 P 46 24019fbe6
SCHED-TRACE 9244 2816 R 46 24019fbe6
SCHED-TRACE 9245 2817 U 4 1a329a
SCHED-TRACE 9246 2817 V 4 1a3347
SCHED-TRACE 9247 2817 O 0 0
SCHED-TRACE 9248 2817 P 46 241fc8b43
SCHED-TRACE 9249 2818 K 49 23b1ac8b4
SCHED-TRACE 9250 2818 P 46 243b39580
SCHED-TRACE 9251 2819 P 46 244f01061
SCHED-TRACE 9252 2819 I 49 1a387d
SCHED-TRACE 9253 2819 B 49 f4
SCHED-TRACE 9254 2819 P 49 2401c1062
SCHED-TRACE 9255 2819 R 49 2401c1062
SCHED-TRACE 9256 2820 U 4 1a39b4
SCHED-TRACE 9257 2820 V 4 1a3a60
SCHED-TRACE 9258 2820 O 0 0
SCHED-TRACE 9259 2820 P 49 241ffbe76
SCHED-TRACE 9260 2821 K 40 23b2224dc
SCHED-TRACE 9261 2821 P 49 243b624dd
SCHED-TRACE 9262 2822 P 49 244f29fbe
SCHED-TRACE 9263 2822 I 40 1a3f96
SCHED-TRACE 9264 2822 B 40 f4
SCHED-TRACE 9265 2822 P 40 2402276c8
SCHED-TRACE 9266 2822 R 40 2402276c8
SCHED-TRACE 9267 2823 U 4 1a40cd
SCHED-TRACE 9268 2823 V 4 1a417a
SCHED-TRACE 9269 2823 O 0 0
SCHED-TRACE 9270 2823 P 40 24207e76c
SCHED-TRACE 9271 2824 K 73 23b3bd2f2
SCHED-TRACE 9272 2824 P 40 243bc624d
SCHED-TRACE 9273 2825 P 40 244f7be76
SCHED-TRACE 9274 2825 I 73 1a46b0
SCHED-TRACE 9275 2825 B 73 f3
SCHED-TRACE 9276 2825 P 73 2403f2f1b
SCHED-TRACE 9277 2825 R 73 2403f2f1b
SCHED-TRACE 9278 2826 U 4 1a47e4
SCHED-TRACE 9279 2826 V 4 1a4890
SCHED-TRACE 9280 2826 O 0 0
SCHED-TRACE 9281 2826 P 73 2421f5811
SCHED-TRACE 9282 2827 K 76 23bf28b43
SCHED-TRACE 9283 2827 P 73 243d61062
SCHED-TRACE 9284 2828 P 73 24511be77
SCHED-TRACE 9285 2828 I 76 1a4dc6
SCHED-TRACE 9286 2828 B 76 f5
SCHED-TRACE 9287 2828 P 76 240f3d2f1
SCHED-TRACE 9288 2828 R 76 240f3d2f1
SCHED-TRACE 9289 2829 U 4 1a4efa
SCHED-TRACE 9290 2829 V 4 1a4fa7
SCHED-TRACE 9291 2829 O 0 0
SCHED-TRACE 9292 2829 P 76 242d3d2f1
SCHED-TRACE 9293 2830 K 76 242d3d2f1
SCHED-TRACE 9294 2830 P 76 2448a8b43
SCHED-TRACE 9295 2831 I 76 1a54dd
SCHED-TRACE 9296 2831 B 76 f5
SCHED-TRACE 9297 2831 P 76 24ac876c8
SCHED-TRACE 9298 2831 R 76 24ac876c8
SCHED-TRACE 9299 2832 U 4 1a5612
SCHED-TRACE 9300 2832 V 4 1a56be
SCHED-TRACE 9301 2832 O 0 0
SCHED-TRACE 9302 2832 P 76 24ca96c8b
SCHED-TRACE 9303 2833 K 64 244629fbe
SCHED-TRACE 9304 2833 P 76 24e5fa9fb
SCHED-TRACE 9305 2834 P 76 24f9c24dd
SCHED-TRACE 9306 2834 I 64 1a5bf4
SCHED-TRACE 9307 2834 B 64 f1
SCHED-TRACE 9308 2834 P 64 24962f1a9
SCHED-TRACE 9309 2834 R 64 24962f1a9
SCHED-TRACE 9310 2835 U 4 1a5d29
SCHED-TRACE 9311 2835 V 4 1a5dd6
SCHED-TRACE 9312 2835 O 0 0
SCHED-TRACE 9313 2835 P 64 24b448b43
SCHED-TRACE 9314 2836 K 67 2448624dc
SCHED-TRACE 9315 2836 P 64 24cfaf1a9
SCHED-TRACE 9316 2837 P 64 24e376c8a
SCHED-TRACE 9317 2837 I 67 1a630c
SCHED-TRACE 9318 2837 B 67 f3
SCHED-TRACE 9319 2837 P 67 249876c8a
SCHED-TRACE 9320 2837 R 67 249876c8a
SCHED-TRACE 9321 2838 U 4 1a6440
SCHED-TRACE 9322 2838 V 4 1a64ec
SCHED-TRACE 9323 2838 O 0 0
SCHED-TRACE 9324 2838 P 67 24b68b439
SCHED-TRACE 9325 2839 K 70 24488b439
SCHED-TRACE 9326 2839 P 67 24d1f6c8a
SCHED-TRACE 9327 2840 P 67 24e5b4395
SCHED-TRACE 9328 2840 I 70 1a6a22
SCHED-TRACE 9329 2840 B 70 f2
SCHED-TRACE 9330 2840 P 70 249898106
SCHED-TRACE 9331 2840 R 70 249898106
SCHED-TRACE 9332 2841 U 4 1a6b56
SCHED-TRACE 9333 2841 V 4 1a6c03
SCHED-TRACE 9334 2841 O 0 0
SCHED-TRACE 9335 2841 P 70 24b6a24dd
SCHED-TRACE 9336 2842 K 31 2448b6c8b
SCHED-TRACE 9337 2842 P 70 24d210624
SCHED-TRACE 9338 2843 P 70 24e5d0624
SCHED-TRACE 9339 2843 I 31 1a7139
SCHED-TRACE 9340 2843 B 31 f5
SCHED-TRACE 9341 2843 P 31 2498c3958
SCHED-TRACE 9342 2843 R 31 2498c3958
SCHED-TRACE 9343 2844 U 4 1a726d
SCHED-TRACE 9344 2844 V 4 1a7319
SCHED-TRACE 9345 2844 O 0 0
SCHED-TRACE 9346 2844 P 31 24b6a76c8
SCHED-TRACE 9347 2845 K 61 244baf1aa
SCHED-TRACE 9348 2845 P 31 24d212f1a
SCHED-TRACE 9349 2846 P 31 24e5da9fb
SCHED-TRACE 9350 2846 I 61 1a784f
SCHED-TRACE 9351 2846 B 61 f2
SCHED-TRACE 9352 2846 P 61 249bbe76c
SCHED-TRACE 9353 2846 R 61 249bbe76c
SCHED-TRACE 9354 2847 U 4 1a7985
SCHED-TRACE 9355 2847 V 4 1a7a31
SCHED-TRACE 9356 2847 O 0 0
SCHED-TRACE 9357 2847 P 61 24b9f1a9f
SCHED-TRACE 9358 2848 K 58 244be9fbe
SCHED-TRACE 9359 2848 P 61 24d552f1a
SCHED-TRACE 9360 2849 P 61 24e91a9fb
SCHED-TRACE 9361 2849 I 58 1a7f68
SCHED-TRACE 9362 2849 B 58 f2
SCHED-TRACE 9363 2849 P 58 249c0624d
SCHED-TRACE 9364 2849 R 58 249c0624d
SCHED-TRACE 9365 2850 U 4 1a809d
SCHED-TRACE 9366 2850 V 4 1a814a
SCHED-TRACE 9367 2850 O 0 0
SCHED-TRACE 9368 2850 P 58 24ba3be76
SCHED-TRACE 9369 2851 K 34 244c52f1a
SCHED-TRACE 9370 2851 P 58 24d58dd2e
SCHED-TRACE 9371 2852 P 58 24e948b43
SCHED-TRACE 9372 2852 I 34 1a8680
SCHED-TRACE 9373 2852 B 34 f2
SCHED-TRACE 9374 2852 P 34 249c6f1a9
SCHED-TRACE 9375 2852 R 34 249c6f1a9
SCHED-TRACE 9376 2853 U 4 1a87b3
SCHED-TRACE 9377 2853 V 4 1a8860
SCHED-TRACE 9378 2853 O 0 0
SCHED-TRACE 9379 2853 P 34 24ba69fbe
SCHED-TRACE 9380 2854 K 37 244d5a9fc
SCHED-TRACE 9381 2854 P 34 24d5d5810
SCHED-TRACE 9382 2855 P 34 24e992f1a
SCHED-TRACE 9383 2855 I 37 1a8d96
SCHED-TRACE 9384 2855 B 37 f4
SCHED-TRACE 9385 2855 P 37 249d71a9f
SCHED-TRACE 9386 2855 R 37 249d71a9f
SCHED-TRACE 9387 2856 U 4 1a8eca
SCHED-TRACE 9388 2856 V 4 1a8f77
SCHED-TRACE 9389 2856 O 0 0
SCHED-TRACE 9390 2856 P 37 24bb6f1aa
SCHED-TRACE 9391 2857 K 52 244d9a9fb
SCHED-TRACE 9392 2857 P 37 24d6dd2f1
SCHED-TRACE 9393 2858 P 37 24eaa4dd3
SCHED-TRACE 9394 2858 I 52 1a94ad
SCHED-TRACE 9395 2858 B 52 f4
SCHED-TRACE 9396 2858 P 52 249da76c8
SCHED-TRACE 9397 2858 R 52 249da76c8
SCHED-TRACE 9398 2859 U 4 1a95e3
SCHED-TRACE 9399 2859 V 4 1a9690
SCHED-TRACE 9400 2859 O 0 0
SCHED-TRACE 9401 2859 P 52 24bbdd2f1
SCHED-TRACE 9402 2860 K 43 244efbe77
SCHED-TRACE 9403 2860 P 52 24d74624d
SCHED-TRACE 9404 2861 P 52 24eb12f1a
SCHED-TRACE 9405 2861 I 43 1a9bc6
SCHED-TRACE 9406 2861 B 43 f4
SCHED-TRACE 9407 2861 P 43 249f0624e
SCHED-TRACE 9408 2861 R 43 249f0624e
SCHED-TRACE 9409 2862 U 4 1a9cfc
SCHED-TRACE 9410 2862 V 4 1a9da9
SCHED-TRACE 9411 2862 O 0 0
SCHED-TRACE 9412 2862 P 43 24bd4dd2f
SCHED-TRACE 9413 2863 K 46 244f01061
SCHED-TRACE 9414 2863 P 43 24d8b4395
SCHED-TRACE 9415 2864 P 43 24ec7be77
SCHED-TRACE 9416 2864 I 46 1aa2df
SCHED-TRACE 9417 2864 B 46 f2
SCHED-TRACE 9418 2864 P 46 249f0624d
SCHED-TRACE 9419 2864 R 46 249f0624d
SCHED-TRACE 9420 2865 U 4 1aa414
SCHED-TRACE 9421 2865 V 4 1aa4c1
SCHED-TRACE 9422 2865 O 0 0
SCHED-TRACE 9423 2865 P 46 24bd48b43
SCHED-TRACE 9424 2866 K 49 244f29fbe
SCHED-TRACE 9425 2866 P 46 24d8ac8b3
SCHED-TRACE 9426 2867 P 46 24ec6f1a9
SCHED-TRACE 9427 2867 I 49 1aa9f7
SCHED-TRACE 9428 2867 B 49 ef
SCHED-TRACE 9429 2867 P 49 249f34395
SCHED-TRACE 9430 2867 R 49 249f34395
SCHED-TRACE 9431 2868 U 4 1aab2d
SCHED-TRACE 9432 2868 V 4 1aabd9
SCHED-TRACE 9433 2868 O 0 0
SCHED-TRACE 9434 2868 P 49 24bd5a9fb
SCHED-TRACE 9435 2869 K 40 244f7be76
SCHED-TRACE 9436 2869 P 49 24d8c8b43
SCHED-TRACE 9437 2870 P 49 24ec90624
SCHED-TRACE 9438 2870 I 40 1ab110
SCHED-TRACE 9439 2870 B 40 f3
SCHED-TRACE 9440 2870 P 40 249f92f1a
SCHED-TRACE 9441 2870 R 40 249f92f1a
SCHED-TRACE 9442 2871 U 4 1ab247
SCHED-TRACE 9443 2871 V 4 1ab2f3
SCHED-TRACE 9444 2871 O 0 0
SCHED-TRACE 9445 2871 P 40 24bdbe76c
SCHED-TRACE 9446 2872 K 73 24511be77
SCHED-TRACE 9447 2872 P 40 24d92c8b3
SCHED-TRACE 9448 2873 P 40 24ecef1a9
SCHED-TRACE 9449 2873 I 73 1ab829
SCHED-TRACE 9450 2873 B 73 f4
SCHED-TRACE 9451 2873 P 73 24a13a9fc
SCHED-TRACE 9452 2873 R 73 24a13a9fc
SCHED-TRACE 9453 2874 U 4 1ab95e
SCHED-TRACE 9454 2874 V 4 1aba0b
SCHED-TRACE 9455 2874 O 0 0
SCHED-TRACE 9456 2874 P 73 24bf5be77
SCHED-TRACE 9457 2875 K 55 2453c3957
SCHED-TRACE 9458 2875 P 73 24dac24dd
SCHED-TRACE 9459 2876 P 73 24ee89fbf
SCHED-TRACE 9460 2876 I 55 1abf41
SCHED-TRACE 9461 2876 B 55 f4
SCHED-TRACE 9462 2876 P 55 24a3cb438
SCHED-TRACE 9463 2876 R 55 24a3cb438
SCHED-TRACE 9464 2877 U 4 1ac077
SCHED-TRACE 9465 2877 V 4 1ac124
SCHED-TRACE 9466 2877 O 0 0
SCHED-TRACE 9467 2877 P 55 24c212f1a
SCHED-TRACE 9468 2878 K 55 24c212f1a
SCHED-TRACE 9469 2878 P 55 24dd624dc
SCHED-TRACE 9470 2879 I 55 1ac65a
SCHED-TRACE 9471 2879 B 55 f3
SCHED-TRACE 9472 2879 P 55 25413e76b
SCHED-TRACE 9473 2879 R 55 25413e76b
SCHED-TRACE 9474 2880 U 4 1ac78f
SCHED-TRACE 9475 2880 V 4 1ac83c
SCHED-TRACE 9476 2880 O 0 0
SCHED-TRACE 9477 2880 P 55 255f6c8b3
SCHED-TRACE 9478 2881 K 64 24e376c8a
SCHED-TRACE 9479 2881 P 55 257ad8105
SCHED-TRACE 9480 2882 P 55 258e98105
SCHED-TRACE 9481 2882 I 64 1acd72
SCHED-TRACE 9482 2882 B 64 f3
SCHED-TRACE 9483 2882 P 64 253381061
SCHED-TRACE 9484 2882 R 64 253381061
SCHED-TRACE 9485 2883 U 4 1acea7
SCHED-TRACE 9486 2883 V 4 1acf54
SCHED-TRACE 9487 2883 O 0 0
SCHED-TRACE 9488 2883 P 64 25519a9fb
SCHED-TRACE 9489 2884 K 67 24e5b4395
SCHED-TRACE 9490 2884 P 64 256d08b43
SCHED-TRACE 9491 2885 P 64 2580cdd2e
SCHED-TRACE 9492 2885 I 67 1ad48a
SCHED-TRACE 9493 2885 B 67 f4
SCHED-TRACE 9494 2885 P 67 2535c8b43
SCHED-TRACE 9495 2885 R 67 2535c8b43
SCHED-TRACE 9496 2886 U 4 1ad5bf
SCHED-TRACE 9497 2886 V 4 1ad66c
SCHED-TRACE 9498 2886 O 0 0
SCHED-TRACE 9499 2886 P 67 2553dfbe7
SCHED-TRACE 9500 2887 K 70 24e5d0624
SCHED-TRACE 9501 2887 P 67 256f48b43
SCHED-TRACE 9502 2888 P 67 25830b439
SCHED-TRACE 9503 2888 I 70 1adba2
SCHED-TRACE 9504 2888 B 70 f4
SCHED-TRACE 9505 2888 P 70 2535e9fbe
SCHED-TRACE 9506 2888 R 70 2535e9fbe
SCHED-TRACE 9507 2889 U 4 1adcd6
SCHED-TRACE 9508 2889 V 4 1add83
SCHED-TRACE 9509 2889 O 0 0
SCHED-TRACE 9510 2889 P 70 2553f6c8b
SCHED-TRACE 9511 2890 K 31 24e5da9fb
SCHED-TRACE 9512 2890 P 70 256f5a9fc
SCHED-TRACE 9513 2891 P 70 25831a9fc
SCHED-TRACE 9514 2891 I 31 1ae2b9
SCHED-TRACE 9515 2891 B 31 f2
SCHED-TRACE 9516 2891 P 31 2535f6c8b
SCHED-TRACE 9517 2891 R 31 2535f6c8b
SCHED-TRACE 9518 2892 U 4 1ae3eb
SCHED-TRACE 9519 2892 V 4 1ae498
SCHED-TRACE 9520 2892 O 0 0
SCHED-TRACE 9521 2892 P 31 2553e4dd2
SCHED-TRACE 9522 2893 K 61 24e91a9fb
SCHED-TRACE 9523 2893 P 31 256f48b43
SCHED-TRACE 9524 2894 P 31 25830dd2f
SCHED-TRACE 9525 2894 I 61 1ae9ce
SCHED-TRACE 9526 2894 B 61 f1
SCHED-TRACE 9527 2894 P 61 253929fbe
SCHED-TRACE 9528 2894 R 61 253929fbe
SCHED-TRACE 9529 2895 U 4 1aeb03
SCHED-TRACE 9530 2895 V 4 1aebb0
SCHED-TRACE 9531 2895 O 0 0
SCHED-TRACE 9532 2895 P 61 255743958
SCHED-TRACE 9533 2896 K 58 24e948b43
SCHED-TRACE 9534 2896 P 61 2572b4395
SCHED-TRACE 9535 2897 P 61 25867be76
SCHED-TRACE 9536 2897 I 58 1af0e6
SCHED-TRACE 9537 2897 B 58 f4
SCHED-TRACE 9538 2897 P 58 25395a9fb
SCHED-TRACE 9539 2897 R 58 25395a9fb
SCHED-TRACE 9540 2898 U 4 1af21c
SCHED-TRACE 9541 2898 V 4 1af2c9
SCHED-TRACE 9542 2898 O 0 0
SCHED-TRACE 9543 2898 P 58 25578b439
SCHED-TRACE 9544 2899 K 34 24e992f1a
SCHED-TRACE 9545 2899 P 58 2572f4395
SCHED-TRACE 9546 2900 P 58 2586b9580
SCHED-TRACE 9547 2900 I 34 1af7ff
SCHED-TRACE 9548 2900 B 34 f4
SCHED-TRACE 9549 2900 P 34 2539ac8b4
SCHED-TRACE 9550 2900 R 34 2539ac8b4
SCHED-TRACE 9551 2901 U 4 1af934
SCHED-TRACE 9552 2901 V 4 1af9e1
SCHED-TRACE 9553 2901 O 0 0
SCHED-TRACE 9554 2901 P 34 2557be76c
SCHED-TRACE 9555 2902 K 37 24eaa4dd3
SCHED-TRACE 9556 2902 P 34 2573224dd
SCHED-TRACE 9557 2903 P 34 2586e9fbe
SCHED-TRACE 9558 2903 I 37 1aff17
SCHED-TRACE 9559 2903 B 37 f3
SCHED-TRACE 9560 2903 P 37 253ab4395
SCHED-TRACE 9561 2903 R 37 253ab4395
SCHED-TRACE 9562 2904 U 4 1b004b
SCHED-TRACE 9563 2904 V 4 1b00f8
SCHED-TRACE 9564 2904 O 0 0
SCHED-TRACE 9565 2904 P 37 2558cdd2f
SCHED-TRACE 9566 2905 K 52 24eb12f1a
SCHED-TRACE 9567 2905 P 37 257434395
SCHED-TRACE 9568 2906 P 37 2587f4395
SCHED-TRACE 9569 2906 I 52 1b062f
SCHED-TRACE 9570 2906 B 52 f3
SCHED-TRACE 9571 2906 P 52 253b2c8b3
SCHED-TRACE 9572 2906 R 52 253b2c8b3
SCHED-TRACE 9573 2907 U 4 1b0765
SCHED-TRACE 9574 2907 V 4 1b0812
SCHED-TRACE 9575 2907 O 0 0
SCHED-TRACE 9576 2907 P 52 2559676c8
SCHED-TRACE 9577 2908 K 46 24ec6f1a9
SCHED-TRACE 9578 2908 P 52 2574d580f
SCHED-TRACE 9579 2909 P 52 2588a24dc
SCHED-TRACE 9580 2909 I 46 1b0d49
SCHED-TRACE 9581 2909 B 46 f4
SCHED-TRACE 9582 2909 P 46 253c7e76c
SCHED-TRACE 9583 2909 R 46 253c7e76c
SCHED-TRACE 9584 2910 U 4 1b0e80
SCHED-TRACE 9585 2910 V 4 1b0f2c
SCHED-TRACE 9586 2910 O 0 0
SCHED-TRACE 9587 2910 P 46 255ac1061
SCHED-TRACE 9588 2911 K 43 24ec7be77
SCHED-TRACE 9589 2911 P 46 257634395
SCHED-TRACE 9590 2912 P 46 2589fe76c
SCHED-TRACE 9591 2912 I 43 1b1463
SCHED-TRACE 9592 2912 B 43 f4
SCHED-TRACE 9593 2912 P 43 253c8b439
SCHED-TRACE 9594 2912 R 43 253c8b439
SCHED-TRACE 9595 2913 U 4 1b159a
SCHED-TRACE 9596 2913 V 4 1b1647
SCHED-TRACE 9597 2913 O 0 0
SCHED-TRACE 9598 2913 P 43 255ad8106
SCHED-TRACE 9599 2914 K 49 24ec90624
SCHED-TRACE 9600 2914 P 43 257643958
SCHED-TRACE 9601 2915 P 43 258a0dd2f
SCHED-TRACE 9602 2915 I 49 1b1b7d
SCHED-TRACE 9603 2915 B 49 f4
SCHED-TRACE 9604 2915 P 49 253c9a9fb
SCHED-TRACE 9605 2915 R 49 253c9a9fb
SCHED-TRACE 9606 2916 U 4 1b1cb3
SCHED-TRACE 9607 2916 V 4 1b1d60
SCHED-TRACE 9608 2916 O 0 0
SCHED-TRACE 9609 2916 P 49 255adfbe7
SCHED-TRACE 9610 2917 K 40 24ecef1a9
SCHED-TRACE 9611 2917 P 49 257648b43
SCHED-TRACE 9612 2918 P 49 258a10624
SCHED-TRACE 9613 2918 I 40 1b2296
SCHED-TRACE 9614 2918 B 40 f2
SCHED-TRACE 9615 2918 P 40 253cf1a9f
SCHED-TRACE 9616 2918 R 40 253cf1a9f
SCHED-TRACE 9617 2919 U 4 1b23cb
SCHED-TRACE 9618 2919 V 4 1b2478
SCHED-TRACE 9619 2919 O 0 0
SCHED-TRACE 9620 2919 P 40 255b24dd2
SCHED-TRACE 9621 2920 K 73 24ee89fbf
SCHED-TRACE 9622 2920 P 40 25768b438
SCHED-TRACE 9623 2921 P 40 258a4dd2e
SCHED-TRACE 9624 2921 I 73 1b29ae
SCHED-TRACE 9625 2921 B 73 f0
SCHED-TRACE 9626 2921 P 73 253e9be77
SCHED-TRACE 9627 2921 R 73 253e9be77
SCHED-TRACE 9628 2922 U 4 1b2ae2
SCHED-TRACE 9629 2922 V 4 1b2b8e
SCHED-TRACE 9630 2922 O 0 0
SCHED-TRACE 9631 2922 P 73 255c99581
SCHED-TRACE 9632 2923 K 76 24f9c24dd
SCHED-TRACE 9633 2923 P 73 257809fbf
SCHED-TRACE 9634 2924 P 73 258bcc8b4
SCHED-TRACE 9635 2924 I 76 1b30c5
SCHED-TRACE 9636 2924 B 76 f4
SCHED-TRACE 9637 2924 P 76 2549de76c
SCHED-TRACE 9638 2924 R 76 2549de76c
SCHED-TRACE 9639 2925 U 4 1b31fa
SCHED-TRACE 9640 2925 V 4 1b32a7
SCHED-TRACE 9641 2925 O 0 0
SCHED-TRACE 9642 2925 P 76 2567f2f1a
SCHED-TRACE 9643 2926 K 76 2567f2f1a
SCHED-TRACE 9644 2926 P 76 25835e76c
SCHED-TRACE 9645 2927 I 76 1b37dd
SCHED-TRACE 9646 2927 B 76 f4
SCHED-TRACE 9647 2927 P 76 25e738106
SCHED-TRACE 9648 2927 R 76 25e738106
SCHED-TRACE 9649 2928 U 4 1b3912
SCHED-TRACE 9650 2928 V 4 1b39bf
SCHED-TRACE 9651 2928 O 0 0
SCHED-TRACE 9652 2928 P 76 260559581
SCHED-TRACE 9653 2929 K 64 2580cdd2e
SCHED-TRACE 9654 2929 P 76 2620c24dd
SCHED-TRACE 9655 2930 P 76 263484dd3
SCHED-TRACE 9656 2930 I 64 1b3ef5
SCHED-TRACE 9657 2930 B 64 f5
SCHED-TRACE 9658 2930 P 64 25d0d5810
SCHED-TRACE 9659 2930 R 64 25d0d5810
SCHED-TRACE 9660 2931 U 4 1b402a
SCHED-TRACE 9661 2931 V 4 1b40d8
SCHED-TRACE 9662 2931 O 0 0
SCHED-TRACE 9663 2931 P 64 25ef10624
SCHED-TRACE 9664 2932 K 67 25830b439
SCHED-TRACE 9665 2932 P 64 260a83957
SCHED-TRACE 9666 2933 P 64 261e31a9f
SCHED-TRACE 9667 2933 I 67 1b460f
SCHED-TRACE 9668 2933 B 67 f2
SCHED-TRACE 9669 2933 P 67 25d331a9f
SCHED-TRACE 9670 2933 R 67 25d331a9f
SCHED-TRACE 9671 2934 U 4 1b4743
SCHED-TRACE 9672 2934 V 4 1b47ef
SCHED-TRACE 9673 2934 O 0 0
SCHED-TRACE 9674 2934 P 67 25f131a9f
SCHED-TRACE 9675 2935 K 31 25830dd2f
SCHED-TRACE 9676 2935 P 67 260c95810
SCHED-TRACE 9677 2936 P 67 262055810
SCHED-TRACE 9678 2936 I 31 1b4d25
SCHED-TRACE 9679 2936 B 31 f3
SCHED-TRACE 9680 2936 P 31 25d31a9fb
SCHED-TRACE 9681 2936 R 31 25d31a9fb
SCHED-TRACE 9682 2937 U 4 1b4e58
SCHED-TRACE 9683 2937 V 4 1b4f05
SCHED-TRACE 9684 2937 O 0 0
SCHED-TRACE 9685 2937 P 31 25f10b439
SCHED-TRACE 9686 2938 K 70 25831a9fc
SCHED-TRACE 9687 2938 P 31 260c76c8b
SCHED-TRACE 9688 2939 P 31 26203be76
SCHED-TRACE 9689 2939 I 70 1b543b
SCHED-TRACE 9690 2939 B 70 f4
SCHED-TRACE 9691 2939 P 70 25d331a9f
SCHED-TRACE 9692 2939 R 70 25d331a9f
SCHED-TRACE 9693 2940 U 4 1b5570
SCHED-TRACE 9694 2940 V 4 1b561c
SCHED-TRACE 9695 2940 O 0 0
SCHED-TRACE 9696 2940 P 70 25f14b439
SCHED-TRACE 9697 2941 K 61 25867be76
SCHED-TRACE 9698 2941 P 70 260cb1a9f
SCHED-TRACE 9699 2942 P 70 262079581
SCHED-TRACE 9700 2942 I 61 1b5b52
SCHED-TRACE 9701 2942 B 61 f5
SCHED-TRACE 9702 2942 P 61 25d683958
SCHED-TRACE 9703 2942 R 61 25d683958
SCHED-TRACE 9704 2943 U 4 1b5c87
SCHED-TRACE 9705 2943 V 4 1b5d33
SCHED-TRACE 9706 2943 O 0 0
SCHED-TRACE 9707 2943 P 61 25f49d2f1
SCHED-TRACE 9708 2944 K 58 2586b9580
SCHED-TRACE 9709 2944 P 61 261001062
SCHED-TRACE 9710 2945 P 61 2623c3958
SCHED-TRACE 9711 2945 I 58 1b6269
SCHED-TRACE 9712 2945 B 58 f2
SCHED-TRACE 9713 2945 P 58 25d6c624d
SCHED-TRACE 9714 2945 R 58 25d6c624d
SCHED-TRACE 9715 2946 U 4 1b639d
SCHED-TRACE 9716 2946 V 4 1b6449
SCHED-TRACE 9717 2946 O 0 0
SCHED-TRACE 9718 2946 P 58 25f4cdd2e
SCHED-TRACE 9719 2947 K 34 2586e9fbe
SCHED-TRACE 9720 2947 P 58 26102f1a9
SCHED-TRACE 9721 2948 P 58 2623f1a9f
SCHED-TRACE 9722 2948 I 34 1b697f
SCHED-TRACE 9723 2948 B 34 f1
SCHED-TRACE 9724 2948 P 34 25d708b43
SCHED-TRACE 9725 2948 R 34 25d708b43
SCHED-TRACE 9726 2949 U 4 1b6ab2
SCHED-TRACE 9727 2949 V 4 1b6b5e
SCHED-TRACE 9728 2949 O 0 0
SCHED-TRACE 9729 2949 P 34 25f4ec8b4
SCHED-TRACE 9730 2950 K 37 2587f4395
SCHED-TRACE 9731 2950 P 34 261052f1a
SCHED-TRACE 9732 2951 P 34 262412f1a
SCHED-TRACE 9733 2951 I 37 1b7094
SCHED-TRACE 9734 2951 B 37 f3
SCHED-TRACE 9735 2951 P 37 25d80b439
SCHED-TRACE 9736 2951 R 37 25d80b439
SCHED-TRACE 9737 2952 U 4 1b71c8
SCHED-TRACE 9738 2952 V 4 1b7275
SCHED-TRACE 9739 2952 O 0 0
SCHED-TRACE 9740 2952 P 37 25f60624e
SCHED-TRACE 9741 2953 K 52 2588a24dc
SCHED-TRACE 9742 2953 P 37 2611624dd
SCHED-TRACE 9743 2954 P 37 2625276c8
SCHED-TRACE 9744 2954 I 52 1b77aa
SCHED-TRACE 9745 2954 B 52 f4
SCHED-TRACE 9746 2954 P 52 25d8bbe76
SCHED-TRACE 9747 2954 R 52 25d8bbe76
SCHED-TRACE 9748 2955 U 4 1b78e0
SCHED-TRACE 9749 2955 V 4 1b798d
SCHED-TRACE 9750 2955 O 0 0
SCHED-TRACE 9751 2955 P 52 25f6f4395
SCHED-TRACE 9752 2956 K 46 2589fe76c
SCHED-TRACE 9753 2956 P 52 261258105
SCHED-TRACE 9754 2957 P 52 26261a9fb
SCHED-TRACE 9755 2957 I 46 1b7ec3
SCHED-TRACE 9756 2957 B 46 f4
SCHED-TRACE 9757 2957 P 46 25da1fbe6
SCHED-TRACE 9758 2957 R 46 25da1fbe6
SCHED-TRACE 9759 2958 U 4 1b7ff9
SCHED-TRACE 9760 2958 V 4 1b80a6
SCHED-TRACE 9761 2958 O 0 0
SCHED-TRACE 9762 2958 P 46 25f86c8b3
SCHED-TRACE 9763 2959 K 43 258a0dd2f
SCHED-TRACE 9764 2959 P 46 2613dd2f1
SCHED-TRACE 9765 2960 P 46 262798105
SCHED-TRACE 9766 2960 I 43 1b85dd
SCHED-TRACE 9767 2960 B 43 f3
SCHED-TRACE 9768 2960 P 43 25da29fbe
SCHED-TRACE 9769 2960 R 43 25da29fbe
SCHED-TRACE 9770 2961 U 4 1b8713
SCHED-TRACE 9771 2961 V 4 1b87bf
SCHED-TRACE 9772 2961 O 0 0
SCHED-TRACE 9773 2961 P 43 25f85a9fc
SCHED-TRACE 9774 2962 K 49 258a10624
SCHED-TRACE 9775 2962 P 43 2613c3958
SCHED-TRACE 9776 2963 P 43 26278624e
SCHED-TRACE 9777 2963 I 49 1b8cf5
SCHED-TRACE 9778 2963 B 49 f4
SCHED-TRACE 9779 2963 P 49 25da1a9fb
SCHED-TRACE 9780 2963 R 49 25da1a9fb
SCHED-TRACE 9781 2964 U 4 1b8e2b
SCHED-TRACE 9782 2964 V 4 1b8ed8
SCHED-TRACE 9783 2964 O 0 0
SCHED-TRACE 9784 2964 P 49 25f85a9fb
SCHED-TRACE 9785 2965 K 40 258a4dd2e
SCHED-TRACE 9786 2965 P 49 2613cb439
SCHED-TRACE 9787 2966 P 49 26278dd2f
SCHED-TRACE 9788 2966 I 40 1b940e
SCHED-TRACE 9789 2966 B 40 f5
SCHED-TRACE 9790 2966 P 40 25da5a9fb
SCHED-TRACE 9791 2966 R 40 25da5a9fb
SCHED-TRACE 9792 2967 U 4 1b9545
SCHED-TRACE 9793 2967 V 4 1b95f1
SCHED-TRACE 9794 2967 O 0 0
SCHED-TRACE 9795 2967 P 40 25f89d2f1
SCHED-TRACE 9796 2968 K 73 258bcc8b4
SCHED-TRACE 9797 2968 P 40 261403957
SCHED-TRACE 9798 2969 P 40 2627c8b43
SCHED-TRACE 9799 2969 I 73 1b9b27
SCHED-TRACE 9800 2969 B 73 f5
SCHED-TRACE 9801 2969 P 73 25dbd4396
SCHED-TRACE 9802 2969 R 73 25dbd4396
SCHED-TRACE 9803 2970 U 4 1b9c5b
SCHED-TRACE 9804 2970 V 4 1b9d08
SCHED-TRACE 9805 2970 O 0 0
SCHED-TRACE 9806 2970 P 73 25f9edd2f
SCHED-TRACE 9807 2971 K 55 258e98105
SCHED-TRACE 9808 2971 P 73 26155be77
SCHED-TRACE 9809 2972 P 73 26291e76d
SCHED-TRACE 9810 2972 I 55 1ba23e
SCHED-TRACE 9811 2972 B 55 f5
SCHED-TRACE 9812 2972 P 55 25dea4dd2
SCHED-TRACE 9813 2972 R 55 25dea4dd2
SCHED-TRACE 9814 2973 U 4 1ba373
SCHED-TRACE 9815 2973 V 4 1ba41f
SCHED-TRACE 9816 2973 O 0 0
SCHED-TRACE 9817 2973 P 55 25fcb6c8a
SCHED-TRACE 9818 2974 K 55 25fcb6c8a
SCHED-TRACE 9819 2974 P 55 26181580f
SCHED-TRACE 9820 2975 I 55 1ba955
SCHED-TRACE 9821 2975 B 55 ef
SCHED-TRACE 9822 2975 P 55 267be76c8
SCHED-TRACE 9823 2975 R 55 267be76c8
SCHED-TRACE 9824 2976 U 4 1baa8a
SCHED-TRACE 9825 2976 V 4 1bab36
SCHED-TRACE 9826 2976 O 0 0
SCHED-TRACE 9827 2976 P 55 2699f4394
SCHED-TRACE 9828 2977 K 64 261e31a9f
SCHED-TRACE 9829 2977 P 55 26b55a9fb
SCHED-TRACE 9830 2978 P 55 26c91d2f1
SCHED-TRACE 9831 2978 I 64 1bb06c
SCHED-TRACE 9832 2978 B 64 f2
SCHED-TRACE 9833 2978 P 64 266e50624
SCHED-TRACE 9834 2978 R 64 266e50624
SCHED-TRACE 9835 2979 U 4 1bb1a1
SCHED-TRACE 9836 2979 V 4 1bb24e
SCHED-TRACE 9837 2979 O 0 0
SCHED-TRACE 9838 2979 P 64 268c64dd2
SCHED-TRACE 9839 2980 K 31 26203be76
SCHED-TRACE 9840 2980 P 64 26a7c3957
SCHED-TRACE 9841 2981 P 64 26bb83957
SCHED-TRACE 9842 2981 I 31 1bb783
SCHED-TRACE 9843 2981 B 31 f5
SCHED-TRACE 9844 2981 P 31 26705d2f1
SCHED-TRACE 9845 2981 R 31 26705d2f1
SCHED-TRACE 9846 2982 U 4 1bb8b7
SCHED-TRACE 9847 2982 V 4 1bb964
SCHED-TRACE 9848 2982 O 0 0
SCHED-TRACE 9849 2982 P 31 268e69fbe
SCHED-TRACE 9850 2983 K 67 262055810
SCHED-TRACE 9851 2983 P 31 26a9d0624
SCHED-TRACE 9852 2984 P 31 26bd95810
SCHED-TRACE 9853 2984 I 67 1bbe9a
SCHED-TRACE 9854 2984 B 67 f4
SCHED-TRACE 9855 2984 P 67 267064dd2
SCHED-TRACE 9856 2984 R 67 267064dd2
SCHED-TRACE 9857 2985 U 4 1bbfcf
SCHED-TRACE 9858 2985 V 4 1bc07c
SCHED-TRACE 9859 2985 O 0 0
SCHED-TRACE 9860 2985 P 67 268e8624d
SCHED-TRACE 9861 2986 K 70 262079581
SCHED-TRACE 9862 2986 P 67 26a9f4395
SCHED-TRACE 9863 2987 P 67 26bdaf1a9
SCHED-TRACE 9864 2987 I 70 1bc5b2
SCHED-TRACE 9865 2987 B 70 f3
SCHED-TRACE 9866 2987 P 70 26708624d
SCHED-TRACE 9867 2987 R 70 26708624d
SCHED-TRACE 9868 2988 U 4 1bc6e6
SCHED-TRACE 9869 2988 V 4 1bc793
SCHED-TRACE 9870 2988 O 0 0
SCHED-TRACE 9871 2988 P 70 268e8dd2f
SCHED-TRACE 9872 2989 K 61 2623c3958
SCHED-TRACE 9873 2989 P 70 26a9f6c8b
SCHED-TRACE 9874 2990 P 70 26bdbe76c
SCHED-TRACE 9875 2990 I 61 1bccc9
SCHED-TRACE 9876 2990 B 61 f3
SCHED-TRACE 9877 2990 P 61 2673d8106
SCHED-TRACE 9878 2990 R 61 2673d8106
SCHED-TRACE 9879 2991 U 4 1bcdfe
SCHED-TRACE 9880 2991 V 4 1bceab
SCHED-TRACE 9881 2991 O 0 0
SCHED-TRACE 9882 2991 P 61 269203958
SCHED-TRACE 9883 2992 K 58 2623f1a9f
SCHED-TRACE 9884 2992 P 61 26ad6c8b4
SCHED-TRACE 9885 2993 P 61 26c134395
SCHED-TRACE 9886 2993 I 58 1bd3e1
SCHED-TRACE 9887 2993 B 58 f4
SCHED-TRACE 9888 2993 P 58 2673f9580
SCHED-TRACE 9889 2993 R 58 2673f9580
SCHED-TRACE 9890 2994 U 4 1bd516
SCHED-TRACE 9891 2994 V 4 1bd5c2
SCHED-TRACE 9892 2994 O 0 0
SCHED-TRACE 9893 2994 P 58 2692224dc
SCHED-TRACE 9894 2995 K 34 262412f1a
SCHED-TRACE 9895 2995 P 58 26ad8b439
SCHED-TRACE 9896 2996 P 58 26c14dd2e
SCHED-TRACE 9897 2996 I 34 1bdaf9
SCHED-TRACE 9898 2996 B 34 f6
SCHED-TRACE 9899 2996 P 34 267436c8b
SCHED-TRACE 9900 2996 R 34 267436c8b
SCHED-TRACE 9901 2997 U 4 1bdc2d
SCHED-TRACE 9902 2997 V 4 1bdcda
SCHED-TRACE 9903 2997 O 0 0
SCHED-TRACE 9904 2997 P 34 26924624d
SCHED-TRACE 9905 2998 K 37 2625276c8
SCHED-TRACE 9906 2998 P 34 26adb9580
SCHED-TRACE 9907 2999 P 34 26c179580
SCHED-TRACE 9908 2999 I 37 1be210
SCHED-TRACE 9909 2999 B 37 f4
SCHED-TRACE 9910 2999 P 37 267536c8b
SCHED-TRACE 9911 2999 R 37 267536c8b
SCHED-TRACE 9912 3000 U 4 1be344
SCHED-TRACE 9913 3000 V 4 1be3f0
SCHED-TRACE 9914 3000 O 0 0
SCHED-TRACE 9915 3000 P 37 26931a9fc
SCHED-TRACE 9916 3001 K 52 26261a9fb
SCHED-TRACE 9917 3001 P 37 26ae81062
SCHED-TRACE 9918 3002 P 37 26c24b439
SCHED-TRACE 9919 3002 I 52 1be926
SCHED-TRACE 9920 3002 B 52 f2
SCHED-TRACE 9921 3002 P 52 26761d2f1
SCHED-TRACE 9922 3002 R 52 26761d2f1
SCHED-TRACE 9923 3003 U 4 1bea5c
SCHED-TRACE 9924 3003 V 4 1beb08
SCHED-TRACE 9925 3003 O 0 0
SCHED-TRACE 9926 3003 P 52 26943e76c
SCHED-TRACE 9927 3004 K 43 26278624e
SCHED-TRACE 9928 3004 P 52 26afa9fbe
SCHED-TRACE 9929 3005 P 52 26c374395
SCHED-TRACE 9930 3005 I 43 1bf03e
SCHED-TRACE 9931 3005 B 43 f3
SCHED-TRACE 9932 3005 P 43 267792f1a
SCHED-TRACE 9933 3005 R 43 267792f1a
SCHED-TRACE 9934 3006 U 4 1bf175
SCHED-TRACE 9935 3006 V 4 1bf222
SCHED-TRACE 9936 3006 O 0 0
SCHED-TRACE 9937 3006 P 43 2695e9fbe
SCHED-TRACE 9938 3007 K 49 26278dd2f
SCHED-TRACE 9939 3007 P 43 26b14b439
SCHED-TRACE 9940 3008 P 43 26c512f1a
SCHED-TRACE 9941 3008 I 49 1bf758
SCHED-TRACE 9942 3008 B 49 f4
SCHED-TRACE 9943 3008 P 49 2677a4dd3
SCHED-TRACE 9944 3008 R 49 2677a4dd3
SCHED-TRACE 9945 3009 U 4 1bf88e
SCHED-TRACE 9946 3009 V 4 1bf93b
SCHED-TRACE 9947 3009 O 0 0
SCHED-TRACE 9948 3009 P 49 2695ec8b4
SCHED-TRACE 9949 3010 K 46 262798105
SCHED-TRACE 9950 3010 P 49 26b155810
SCHED-TRACE 9951 3011 P 49 26c518106
SCHED-TRACE 9952 3011 I 46 1bfe71
SCHED-TRACE 9953 3011 B 46 f5
SCHED-TRACE 9954 3011 P 46 2677a4dd2
SCHED-TRACE 9955 3011 R 46 2677a4dd2
SCHED-TRACE 9956 3012 U 4 1bffa7
SCHED-TRACE 9957 3012 V 4 1c0054
SCHED-TRACE 9958 3012 O 0 0
SCHED-TRACE 9959 3012 P 46 2695ec8b3
SCHED-TRACE 9960 3013 K 40 2627c8b43
SCHED-TRACE 9961 3013 P 46 26b15d2f1
SCHED-TRACE 9962 3014 P 46 26c518105
SCHED-TRACE 9963 3014 I 40 1c058b
SCHED-TRACE 9964 3014 B 40 f5
SCHED-TRACE 9965 3014 P 40 2677e9fbe
SCHED-TRACE 9966 3014 R 40 2677e9fbe
SCHED-TRACE 9967 3015 U 4 1c06c1
SCHED-TRACE 9968 3015 V 4 1c076e
SCHED-TRACE 9969 3015 O 0 0
SCHED-TRACE 9970 3015 P 40 2696276c8
SCHED-TRACE 9971 3016 K 73 26291e76d
SCHED-TRACE 9972 3016 P 40 26b19580f
SCHED-TRACE 9973 3017 P 40 26c55a9fb
SCHED-TRACE 9974 3017 I 73 1c0ca4
SCHED-TRACE 9975 3017 B 73 f4
SCHED-TRACE 9976 3017 P 73 26792dd2f
SCHED-TRACE 9977 3017 R 73 26792dd2f
SCHED-TRACE 9978 3018 U 4 1c0dd9
SCHED-TRACE 9979 3018 V 4 1c0e85
SCHED-TRACE 9980 3018 O 0 0
SCHED-TRACE 9981 3018 P 73 26973a9fc
SCHED-TRACE 9982 3019 K 76 263484dd3
SCHED-TRACE 9983 3019 P 73 26b29e76d
SCHED-TRACE 9984 3020 P 73 26c661062
SCHED-TRACE 9985 3020 I 76 1c13bb
SCHED-TRACE 9986 3020 B 76 f2
SCHED-TRACE 9987 3020 P 76 268491a9f
SCHED-TRACE 9988 3020 R 76 268491a9f
SCHED-TRACE 9989 3021 U 4 1c14ee
SCHED-TRACE 9990 3021 V 4 1c159b
SCHED-TRACE 9991 3021 O 0 0
SCHED-TRACE 9992 3021 P 76 26a299581
SCHED-TRACE 9993 3022 K 76 26a299581
SCHED-TRACE 9994 3022 P 76 26bdffbe7
SCHED-TRACE 9995 3023 I 76 1c1ad1
SCHED-TRACE 9996 3023 B 76 f3
SCHED-TRACE 9997 3023 P 76 2721cc8b4
SCHED-TRACE 9998 3023 R 76 2721cc8b4
SCHED-TRACE 9999 3024 U 4 1c1c05
SCHED-TRACE 10000 3024 V 4 1c1cb2
SCHED-TRACE 10001 3024 O 0 0
SCHED-TRACE 10002 3024 P 76 273fe624d
SCHED-TRACE 10003 3025 K 64 26bb83957
SCHED-TRACE 10004 3025 P 76 275b56c8b
SCHED-TRACE 10005 3026 P 76 276f16c8b
SCHED-TRACE 10006 3026 I 64 1c21e8
SCHED-TRACE 10007 3026 B 64 f4
SCHED-TRACE 10008 3026 P 64 270b8dd2e
SCHED-TRACE 10009 3026 R 64 270b8dd2e
SCHED-TRACE 10010 3027 U 4 1c231d
SCHED-TRACE 10011 3027 V 4 1c23c9
SCHED-TRACE 10012 3027 O 0 0
SCHED-TRACE 10013 3027 P 64 27297be76
SCHED-TRACE 10014 3028 K 31 26bd95810
SCHED-TRACE 10015 3028 P 64 2744da9fb
SCHED-TRACE 10016 3029 P 64 27589d2f1
SCHED-TRACE 10017 3029 I 31 1c28ff
SCHED-TRACE 10018 3029 B 31 f0
SCHED-TRACE 10019 3029 P 31 270db6c8b
SCHED-TRACE 10020 3029 R 31 270db6c8b
SCHED-TRACE 10021 3030 U 4 1c2a33
SCHED-TRACE 10022 3030 V 4 1c2ae0
SCHED-TRACE 10023 3030 O 0 0
SCHED-TRACE 10024 3030 P 31 272bb6c8b
SCHED-TRACE 10025 3031 K 67 26bdaf1a9
SCHED-TRACE 10026 3031 P 31 2747224dd
SCHED-TRACE 10027 3032 P 31 275aec8b4
SCHED-TRACE 10028 3032 I 67 1c3016
SCHED-TRACE 10029 3032 B 67 f1
SCHED-TRACE 10030 3032 P 67 270dbbe76
SCHED-TRACE 10031 3032 R 67 270dbbe76
SCHED-TRACE 10032 3033 U 4 1c314b
SCHED-TRACE 10033 3033 V 4 1c31f8
SCHED-TRACE 10034 3033 O 0 0
SCHED-TRACE 10035 3033 P 67 272be9fbe
SCHED-TRACE 10036 3034 K 70 26bdbe76c
SCHED-TRACE 10037 3034 P 67 27474b439
SCHED-TRACE 10038 3035 P 67 275b12f1a
SCHED-TRACE 10039 3035 I 70 1c372e
SCHED-TRACE 10040 3035 B 70 f4
SCHED-TRACE 10041 3035 P 70 270dc624d
SCHED-TRACE 10042 3035 R 70 270dc624d
SCHED-TRACE 10043 3036 U 4 1c3863
SCHED-TRACE 10044 3036 V 4 1c3910
SCHED-TRACE 10045 3036 O 0 0
SCHED-TRACE 10046 3036 P 70 272bec8b4
SCHED-TRACE 10047 3037 K 61 26c134395
SCHED-TRACE 10048 3037 P 70 27475a9fc
SCHED-TRACE 10049 3038 P 70 275b1fbe7
SCHED-TRACE 10050 3038 I 61 1c3e47
SCHED-TRACE 10051 3038 B 61 f4
SCHED-TRACE 10052 3038 P 61 271152f1a
SCHED-TRACE 10053 3038 R 61 271152f1a
SCHED-TRACE 10054 3039 U 4 1c3f7c
SCHED-TRACE 10055 3039 V 4 1c402a
SCHED-TRACE 10056 3039 O 0 0
SCHED-TRACE 10057 3039 P 61 272f88b43
SCHED-TRACE 10058 3040 K 58 26c14dd2e
SCHED-TRACE 10059 3040 P 61 274af9581
SCHED-TRACE 10060 3041 P 61 275eaf1aa
SCHED-TRACE 10061 3041 I 58 1c4560
SCHED-TRACE 10062 3041 B 58 f3
SCHED-TRACE 10063 3041 P 58 271164dd2
SCHED-TRACE 10064 3041 R 58 271164dd2
SCHED-TRACE 10065 3042 U 4 1c4695
SCHED-TRACE 10066 3042 V 4 1c4741
SCHED-TRACE 10067 3042 O 0 0
SCHED-TRACE 10068 3042 P 58 272f79580
SCHED-TRACE 10069 3043 K 34 26c179580
SCHED-TRACE 10070 3043 P 58 274ae24dc
SCHED-TRACE 10071 3044 P 58 275ea4dd2
SCHED-TRACE 10072 3044 I 34 1c4c77
SCHED-TRACE 10073 3044 B 34 f3
SCHED-TRACE 10074 3044 P 34 271188b43
SCHED-TRACE 10075 3044 R 34 271188b43
SCHED-TRACE 10076 3045 U 4 1c4dab
SCHED-TRACE 10077 3045 V 4 1c4e57
SCHED-TRACE 10078 3045 O 0 0
SCHED-TRACE 10079 3045 P 34 272f8624d
SCHED-TRACE 10080 3046 K 37 26c24b439
SCHED-TRACE 10081 3046 P 34 274ae9fbe
SCHED-TRACE 10082 3047 P 34 275ea9fbe
SCHED-TRACE 10083 3047 I 37 1c538d
SCHED-TRACE 10084 3047 B 37 f3
SCHED-TRACE 10085 3047 P 37 27125d2f1
SCHED-TRACE 10086 3047 R 37 27125d2f1
SCHED-TRACE 10087 3048 U 4 1c54c0
SCHED-TRACE 10088 3048 V 4 1c556d
SCHED-TRACE 10089 3048 O 0 0
SCHED-TRACE 10090 3048 P 37 27305fbe7
SCHED-TRACE 10091 3049 K 52 26c374395
SCHED-TRACE 10092 3049 P 37 274bc624e
SCHED-TRACE 10093 3050 P 37 275f8b439
SCHED-TRACE 10094 3050 I 52 1c5aa3
SCHED-TRACE 10095 3050 B 52 f5
SCHED-TRACE 10096 3050 P 52 27138b438
SCHED-TRACE 10097 3050 R 52 27138b438
SCHED-TRACE 10098 3051 U 4 1c5bd8
SCHED-TRACE 10099 3051 V 4 1c5c85
SCHED-TRACE 10100 3051 O 0 0
SCHED-TRACE 10101 3051 P 52 2731bbe76
SCHED-TRACE 10102 3052 K 43 26c512f1a
SCHED-TRACE 10103 3052 P 52 274d276c8
SCHED-TRACE 10104 3053 P 52 2760ef1a9
SCHED-TRACE 10105 3053 I 43 1c61bb
SCHED-TRACE 10106 3053 B 43 f4
SCHED-TRACE 10107 3053 P 43 271518106
SCHED-TRACE 10108 3053 R 43 271518106
SCHED-TRACE 10109 3054 U 4 1c62f1
SCHED-TRACE 10110 3054 V 4 1c639d
SCHED-TRACE 10111 3054 O 0 0
SCHED-TRACE 10112 3054 P 43 27332f1aa
SCHED-TRACE 10113 3055 K 46 26c518105
SCHED-TRACE 10114 3055 P 43 274e92f1a
SCHED-TRACE 10115 3056 P 43 27625a9fc
SCHED-TRACE 10116 3056 I 46 1c68d3
SCHED-TRACE 10117 3056 B 46 f1
SCHED-TRACE 10118 3056 P 46 271529fbd
SCHED-TRACE 10119 3056 R 46 271529fbd
SCHED-TRACE 10120 3057 U 4 1c6a09
SCHED-TRACE 10121 3057 V 4 1c6ab6
SCHED-TRACE 10122 3057 O 0 0
SCHED-TRACE 10123 3057 P 46 2733624dc
SCHED-TRACE 10124 3058 K 49 26c518106
SCHED-TRACE 10125 3058 P 46 274ec8b43
SCHED-TRACE 10126 3059 P 46 27628b438
SCHED-TRACE 10127 3059 I 49 1c6feb
SCHED-TRACE 10128 3059 B 49 f2
SCHED-TRACE 10129 3059 P 49 27151a9fb
SCHED-TRACE 10130 3059 R 49 27151a9fb
SCHED-TRACE 10131 3060 U 4 1c7121
SCHED-TRACE 10132 3060 V 4 1c71ce
SCHED-TRACE 10133 3060 O 0 0
SCHED-TRACE 10134 3060 P 49 27335a9fb
SCHED-TRACE 10135 3061 K 40 26c55a9fb
SCHED-TRACE 10136 3061 P 49 274ea9fbe
SCHED-TRACE 10137 3062 P 49 276271a9f
SCHED-TRACE 10138 3062 I 40 1c7704
SCHED-TRACE 10139 3062 B 40 ee
SCHED-TRACE 10140 3062 P 40 271569fbe
SCHED-TRACE 10141 3062 R 40 271569fbe
SCHED-TRACE 10142 3063 U 4 1c783a
SCHED-TRACE 10143 3063 V 4 1c78e7
SCHED-TRACE 10144 3063 O 0 0
SCHED-TRACE 10145 3063 P 40 2733bbe76
SCHED-TRACE 10146 3064 K 73 26c661062
SCHED-TRACE 10147 3064 P 40 274f2c8b3
SCHED-TRACE 10148 3065 P 40 2762ec8b3
SCHED-TRACE 10149 3065 I 73 1c7e1d
SCHED-TRACE 10150 3065 B 73 f3
SCHED-TRACE 10151 3065 P 73 271668b44
SCHED-TRACE 10152 3065 R 73 271668b44
SCHED-TRACE 10153 3066 U 4 1c7f52
SCHED-TRACE 10154 3066 V 4 1c7fff
SCHED-TRACE 10155 3066 O 0 0
SCHED-TRACE 10156 3066 P 73 2734824dd
SCHED-TRACE 10157 3067 K 55 26c91d2f1
SCHED-TRACE 10158 3067 P 73 274ff0625
SCHED-TRACE 10159 3068 P 73 2763ba9fc
SCHED-TRACE 10160 3068 I 55 1c8535
SCHED-TRACE 10161 3068 B 55 f3
SCHED-TRACE 10162 3068 P 55 27191a9fb
SCHED-TRACE 10163 3068 R 55 27191a9fb
SCHED-TRACE 10164 3069 U 4 1c866a
SCHED-TRACE 10165 3069 V 4 1c8717
SCHED-TRACE 10166 3069 O 0 0
SCHED-TRACE 10167 3069 P 55 27373be76
SCHED-TRACE 10168 3070 K 55 27373be76
SCHED-TRACE 10169 3070 P 55 2752a76c8
SCHED-TRACE 10170 3071 I 55 1c8c4d
SCHED-TRACE 10171 3071 B 55 f3
SCHED-TRACE 10172 3071 P 55 27b681061
SCHED-TRACE 10173 3071 R 55 27b681061
SCHED-TRACE 10174 3072 U 4 1c8d83
SCHED-TRACE 10175 3072 V 4 1c8e30
SCHED-TRACE 10176 3072 O 0 0
SCHED-TRACE 10177 3072 P 55 27d4b4394
SCHED-TRACE 10178 3073 K 64 27589d2f1
SCHED-TRACE 10179 3073 P 55 27f018105
SCHED-TRACE 10180 3074 P 55 2803da9fb
SCHED-TRACE 10181 3074 I 64 1c9366
SCHED-TRACE 10182 3074 B 64 f3
SCHED-TRACE 10183 3074 P 64 27a8bbe76
SCHED-TRACE 10184 3074 R 64 27a8bbe76
SCHED-TRACE 10185 3075 U 4 1c949a
SCHED-TRACE 10186 3075 V 4 1c9547
SCHED-TRACE 10187 3075 O 0 0
SCHED-TRACE 10188 3075 P 64 27c6d5810
SCHED-TRACE 10189 3076 K 31 275aec8b4
SCHED-TRACE 10190 3076 P 64 27e23be76
SCHED-TRACE 10191 3077 P 64 27f5f9580
SCHED-TRACE 10192 3077 I 31 1c9a7d
SCHED-TRACE 10193 3077 B 31 f5
SCHED-TRACE 10194 3077 P 31 27ab0b439
SCHED-TRACE 10195 3077 R 31 27ab0b439
SCHED-TRACE 10196 3078 U 4 1c9bb1
SCHED-TRACE 10197 3078 V 4 1c9c5d
SCHED-TRACE 10198 3078 O 0 0
SCHED-TRACE 10199 3078 P 31 27c908b43
SCHED-TRACE 10200 3079 K 67 275b12f1a
SCHED-TRACE 10201 3079 P 31 27e479581
SCHED-TRACE 10202 3080 P 31 27f841062
SCHED-TRACE 10203 3080 I 67 1ca194
SCHED-TRACE 10204 3080 B 67 f4
SCHED-TRACE 10205 3080 P 67 27ab276c8
SCHED-TRACE 10206 3080 R 67 27ab276c8
SCHED-TRACE 10207 3081 U 4 1ca2c9
SCHED-TRACE 10208 3081 V 4 1ca375
SCHED-TRACE 10209 3081 O 0 0
SCHED-TRACE 10210 3081 P 67 27c91fbe7
SCHED-TRACE 10211 3082 K 70 275b1fbe7
SCHED-TRACE 10212 3082 P 67 27e481061
SCHED-TRACE 10213 3083 P 67 27f848b43
SCHED-TRACE 10214 3083 I 70 1ca8ab
SCHED-TRACE 10215 3083 B 70 f0
SCHED-TRACE 10216 3083 P 70 27ab39581
SCHED-TRACE 10217 3083 R 70 27ab39581
SCHED-TRACE 10218 3084 U 4 1ca9e0
SCHED-TRACE 10219 3084 V 4 1caa8c
SCHED-TRACE 10220 3084 O 0 0
SCHED-TRACE 10221 3084 P 70 27c943958
SCHED-TRACE 10222 3085 K 58 275ea4dd2
SCHED-TRACE 10223 3085 P 70 27e4a4dd3
SCHED-TRACE 10224 3086 P 70 27f86c8b4
SCHED-TRACE 10225 3086 I 58 1cafc2
SCHED-TRACE 10226 3086 B 58 f3
SCHED-TRACE 10227 3086 P 58 27aebe76c
SCHED-TRACE 10228 3086 R 58 27aebe76c
SCHED-TRACE 10229 3087 U 4 1cb0f7
SCHED-TRACE 10230 3087 V 4 1cb1a4
SCHED-TRACE 10231 3087 O 0 0
SCHED-TRACE 10232 3087 P 58 27ccef1a9
SCHED-TRACE 10233 3088 K 34 275ea9fbe
SCHED-TRACE 10234 3088 P 58 27e84b439
SCHED-TRACE 10235 3089 P 58 27fc08b43
SCHED-TRACE 10236 3089 I 34 1cb6db
SCHED-TRACE 10237 3089 B 34 f2
SCHED-TRACE 10238 3089 P 34 27aed5810
SCHED-TRACE 10239 3089 R 34 27aed5810
SCHED-TRACE 10240 3090 U 4 1cb80f
SCHED-TRACE 10241 3090 V 4 1cb8bc
SCHED-TRACE 10242 3090 O 0 0
SCHED-TRACE 10243 3090 P 34 27ccf1a9f
SCHED-TRACE 10244 3091 K 61 275eaf1aa
SCHED-TRACE 10245 3091 P 34 27e864dd2
SCHED-TRACE 10246 3092 P 34 27fc276c8
SCHED-TRACE 10247 3092 I 61 1cbdf3
SCHED-TRACE 10248 3092 B 61 f4
SCHED-TRACE 10249 3092 P 61 27aec3958
SCHED-TRACE 10250 3092 R 61 27aec3958
SCHED-TRACE 10251 3093 U 4 1cbf29
SCHED-TRACE 10252 3093 V 4 1cbfd6
SCHED-TRACE 10253 3093 O 0 0
SCHED-TRACE 10254 3093 P 61 27cce9fbe
SCHED-TRACE 10255 3094 K 37 275f8b439
SCHED-TRACE 10256 3094 P 61 27e85d2f1
SCHED-TRACE 10257 3095 P 61 27fc24dd3
SCHED-TRACE 10258 3095 I 37 1cc50c
SCHED-TRACE 10259 3095 B 37 f4
SCHED-TRACE 10260 3095 P 37 27af8dd2f
SCHED-TRACE 10261 3095 R 37 27af8dd2f
SCHED-TRACE 10262 3096 U 4 1cc640
SCHED-TRACE 10263 3096 V 4 1cc6ed
SCHED-TRACE 10264 3096 O 0 0
SCHED-TRACE 10265 3096 P 37 27cd90625
SCHED-TRACE 10266 3097 K 52 2760ef1a9
SCHED-TRACE 10267 3097 P 37 27e901062
SCHED-TRACE 10268 3098 P 37 27fcc8b43
SCHED-TRACE 10269 3098 I 52 1ccc23
SCHED-TRACE 10270 3098 B 52 f4
SCHED-TRACE 10271 3098 P 52 27b101061
SCHED-TRACE 10272 3098 R 52 27b101061
SCHED-TRACE 10273 3099 U 4 1ccd59
SCHED-TRACE 10274 3099 V 4 1cce06
SCHED-TRACE 10275 3099 O 0 0
SCHED-TRACE 10276 3099 P 52 27cf43957
SCHED-TRACE 10277 3100 K 43 27625a9fc
SCHED-TRACE 10278 3100 P 52 27eaac8b3
SCHED-TRACE 10279 3101 P 52 27fe79580
SCHED-TRACE 10280 3101 I 43 1cd33d
SCHED-TRACE 10281 3101 B 43 f4
SCHED-TRACE 10282 3101 P 43 27b271a9f
SCHED-TRACE 10283 3101 R 43 27b271a9f
SCHED-TRACE 10284 3102 U 4 1cd473
SCHED-TRACE 10285 3102 V 4 1cd520
SCHED-TRACE 10286 3102 O 0 0
SCHED-TRACE 10287 3102 P 43 27d0b9581
SCHED-TRACE 10288 3103 K 49 276271a9f
SCHED-TRACE 10289 3103 P 43 27ec29fbe
SCHED-TRACE 10290 3104 P 43 27ffef1aa
SCHED-TRACE 10291 3104 I 49 1cda56
SCHED-TRACE 10292 3104 B 49 f5
SCHED-TRACE 10293 3104 P 49 27b281062
SCHED-TRACE 10294 3104 R 49 27b281062
SCHED-TRACE 10295 3105 U 4 1cdb8c
SCHED-TRACE 10296 3105 V 4 1cdc39
SCHED-TRACE 10297 3105 O 0 0
SCHED-TRACE 10298 3105 P 49 27d0bbe76
SCHED-TRACE 10299 3106 K 46 27628b438
SCHED-TRACE 10300 3106 P 49 27ec276c8
SCHED-TRACE 10301 3107 P 49 27ffef1aa
SCHED-TRACE 10302 3107 I 46 1ce16f
SCHED-TRACE 10303 3107 B 46 f4
SCHED-TRACE 10304 3107 P 46 27b298105
SCHED-TRACE 10305 3107 R 46 27b298105
SCHED-TRACE 10306 3108 U 4 1ce2a5
SCHED-TRACE 10307 3108 V 4 1ce351
SCHED-TRACE 10308 3108 O 0 0
SCHED-TRACE 10309 3108 P 46 27d0b1a9f
SCHED-TRACE 10310 3109 K 40 2762ec8b3
SCHED-TRACE 10311 3109 P 46 27ec1d2f1
SCHED-TRACE 10312 3110 P 46 27ffe4dd2
SCHED-TRACE 10313 3110 I 40 1ce887
SCHED-TRACE 10314 3110 B 40 f4
SCHED-TRACE 10315 3110 P 40 27b301061
SCHED-TRACE 10316 3110 R 40 27b301061
SCHED-TRACE 10317 3111 U 4 1ce9be
SCHED-TRACE 10318 3111 V 4 1cea6a
SCHED-TRACE 10319 3111 O 0 0
SCHED-TRACE 10320 3111 P 40 27d141061
SCHED-TRACE 10321 3112 K 73 2763ba9fc
SCHED-TRACE 10322 3112 P 40 27ec9fbe7
SCHED-TRACE 10323 3113 P 40 280064dd2
SCHED-TRACE 10324 3113 I 73 1cefa0
SCHED-TRACE 10325 3113 B 73 f2
SCHED-TRACE 10326 3113 P 73 27b3cc8b4
SCHED-TRACE 10327 3113 R 73 27b3cc8b4
SCHED-TRACE 10328 3114 U 4 1cf0d4
SCHED-TRACE 10329 3114 V 4 1cf181
SCHED-TRACE 10330 3114 O 0 0
SCHED-TRACE 10331 3114 P 73 27d1e3958
SCHED-TRACE 10332 3115 K 76 276f16c8b
SCHED-TRACE 10333 3115 P 73 27ed3a9fc
SCHED-TRACE 10334 3116 P 73 2800f8106
SCHED-TRACE 10335 3116 I 76 1cf6b7
SCHED-TRACE 10336 3116 B 76 f0
SCHED-TRACE 10337 3116 P 76 27bf2b439
SCHED-TRACE 10338 3116 R 76 27bf2b439
SCHED-TRACE 10339 3117 U 4 1cf7eb
SCHED-TRACE 10340 3117 V 4 1cf898
SCHED-TRACE 10341 3117 O 0 0
SCHED-TRACE 10342 3117 P 76 27dd3d2f1
SCHED-TRACE 10343 3118 K 76 27dd3d2f1
SCHED-TRACE 10344 3118 P 76 27f8add2f
SCHED-TRACE 10345 3119 I 76 1cfdce
SCHED-TRACE 10346 3119 B 76 f4
SCHED-TRACE 10347 3119 P 76 285c7fbe7
SCHED-TRACE 10348 3119 R 76 285c7fbe7
SCHED-TRACE 10349 3120 U 4 1cff03
SCHED-TRACE 10350 3120 V 4 1cffb0
SCHED-TRACE 10351 3120 O 0 0
SCHED-TRACE 10352 3120 P 76 287a8f1aa
SCHED-TRACE 10353 3121 K 64 27f5f9580
SCHED-TRACE 10354 3121 P 76 2895ffbe7
SCHED-TRACE 10355 3122 P 76 28a9c4dd3
SCHED-TRACE 10356 3122 I 64 1d04e6
SCHED-TRACE 10357 3122 B 64 f4
SCHED-TRACE 10358 3122 P 64 28460624d
SCHED-TRACE 10359 3122 R 64 28460624d
SCHED-TRACE 10360 3123 U 4 1d061b
SCHED-TRACE 10361 3123 V 4 1d06c8
SCHED-TRACE 10362 3123 O 0 0
SCHED-TRACE 10363 3123 P 64 2864276c8
SCHED-TRACE 10364 3124 K 31 27f841062
SCHED-TRACE 10365 3124 P 64 287f92f1a
SCHED-TRACE 10366 3125 P 64 289352f1a
SCHED-TRACE 10367 3125 I 31 1d0bfe
SCHED-TRACE 10368 3125 B 31 f4
SCHED-TRACE 10369 3125 P 31 28485a9fb
SCHED-TRACE 10370 3125 R 31 28485a9fb
SCHED-TRACE 10371 3126 U 4 1d0d32
SCHED-TRACE 10372 3126 V 4 1d0ddf
SCHED-TRACE 10373 3126 O 0 0
SCHED-TRACE 10374 3126 P 31 286664dd2
SCHED-TRACE 10375 3127 K 67 27f848b43
SCHED-TRACE 10376 3127 P 31 2881cb439
SCHED-TRACE 10377 3128 P 31 28959a9fb
SCHED-TRACE 10378 3128 I 67 1d1316
SCHED-TRACE 10379 3128 B 67 f3
SCHED-TRACE 10380 3128 P 67 284852f1a
SCHED-TRACE 10381 3128 R 67 284852f1a
SCHED-TRACE 10382 3129 U 4 1d144a
SCHED-TRACE 10383 3129 V 4 1d14f7
SCHED-TRACE 10384 3129 O 0 0
SCHED-TRACE 10385 3129 P 67 286679580
SCHED-TRACE 10386 3130 K 70 27f86c8b4
SCHED-TRACE 10387 3130 P 67 2881e76c8
SCHED-TRACE 10388 3131 P 67 2895af1a9
SCHED-TRACE 10389 3131 I 70 1d1a2e
SCHED-TRACE 10390 3131 B 70 f3
SCHED-TRACE 10391 3131 P 70 284881062
SCHED-TRACE 10392 3131 R 70 284881062
SCHED-TRACE 10393 3132 U 4 1d1b63
SCHED-TRACE 10394 3132 V 4 1d1c10
SCHED-TRACE 10395 3132 O 0 0
SCHED-TRACE 10396 3132 P 70 2866a24dd
SCHED-TRACE 10397 3133 K 58 27fc08b43
SCHED-TRACE 10398 3133 P 70 288215810
SCHED-TRACE 10399 3134 P 70 2895e4dd3
SCHED-TRACE 10400 3134 I 58 1d2147
SCHED-TRACE 10401 3134 B 58 f4
SCHED-TRACE 10402 3134 P 58 284c10624
SCHED-TRACE 10403 3134 R 58 284c10624
SCHED-TRACE 10404 3135 U 4 1d227d
SCHED-TRACE 10405 3135 V 4 1d2329
SCHED-TRACE 10406 3135 O 0 0
SCHED-TRACE 10407 3135 P 58 286a1d2f1
SCHED-TRACE 10408 3136 K 61 27fc24dd3
SCHED-TRACE 10409 3136 P 58 28858dd2e
SCHED-TRACE 10410 3137 P 58 289955810
SCHED-TRACE 10411 3137 I 61 1d285f
SCHED-TRACE 10412 3137 B 61 f5
SCHED-TRACE 10413 3137 P 61 284c3e76c
SCHED-TRACE 10414 3137 R 61 284c3e76c
SCHED-TRACE 10415 3138 U 4 1d2995
SCHED-TRACE 10416 3138 V 4 1d2a42
SCHED-TRACE 10417 3138 O 0 0
SCHED-TRACE 10418 3138 P 61 286a676c8
SCHED-TRACE 10419 3139 K 34 27fc276c8
SCHED-TRACE 10420 3139 P 61 2885c8b43
SCHED-TRACE 10421 3140 P 61 289990624
SCHED-TRACE 10422 3140 I 34 1d2f78
SCHED-TRACE 10423 3140 B 34 f3
SCHED-TRACE 10424 3140 P 34 284c43958
SCHED-TRACE 10425 3140 R 34 284c43958
SCHED-TRACE 10426 3141 U 4 1d30ac
SCHED-TRACE 10427 3141 V 4 1d3159
SCHED-TRACE 10428 3141 O 0 0
SCHED-TRACE 10429 3141 P 34 286a58106
SCHED-TRACE 10430 3142 K 37 27fcc8b43
SCHED-TRACE 10431 3142 P 34 2885b6c8b
SCHED-TRACE 10432 3143 P 34 289974395
SCHED-TRACE 10433 3143 I 37 1d368f
SCHED-TRACE 10434 3143 B 37 f2
SCHED-TRACE 10435 3143 P 37 284cda9fc
SCHED-TRACE 10436 3143 R 37 284cda9fc
SCHED-TRACE 10437 3144 U 4 1d37c3
SCHED-TRACE 10438 3144 V 4 1d3870
SCHED-TRACE 10439 3144 O 0 0
SCHED-TRACE 10440 3144 P 37 286ae9fbe
SCHED-TRACE 10441 3145 K 52 27fe79580
SCHED-TRACE 10442 3145 P 37 28865d2f1
SCHED-TRACE 10443 3146 P 37 289a224dd
SCHED-TRACE 10444 3146 I 52 1d3da7
SCHED-TRACE 10445 3146 B 52 f5
SCHED-TRACE 10446 3146 P 52 284e92f1a
SCHED-TRACE 10447 3146 R 52 284e92f1a
SCHED-TRACE 10448 3147 U 4 1d3ede
SCHED-TRACE 10449 3147 V 4 1d3f8b
SCHED-TRACE 10450 3147 O 0 0
SCHED-TRACE 10451 3147 P 52 286cd2f1a
SCHED-TRACE 10452 3148 K 46 27ffe4dd2
SCHED-TRACE 10453 3148 P 52 28884624d
SCHED-TRACE 10454 3149 P 52 289c12f1a
SCHED-TRACE 10455 3149 I 46 1d44c1
SCHED-TRACE 10456 3149 B 46 f4
SCHED-TRACE 10457 3149 P 46 284fe4dd2
SCHED-TRACE 10458 3149 R 46 284fe4dd2
SCHED-TRACE 10459 3150 U 4 1d45f7
SCHED-TRACE 10460 3150 V 4 1d46a4
SCHED-TRACE 10461 3150 O 0 0
SCHED-TRACE 10462 3150 P 46 286e224dc
SCHED-TRACE 10463 3151 K 43 27ffef1aa
SCHED-TRACE 10464 3151 P 46 28898dd2e
SCHED-TRACE 10465 3152 P 46 289d52f1a
SCHED-TRACE 10466 3152 I 43 1d4bda
SCHED-TRACE 10467 3152 B 43 f4
SCHED-TRACE 10468 3152 P 43 28500624e
SCHED-TRACE 10469 3152 R 43 28500624e
SCHED-TRACE 10470 3153 U 4 1d4d10
SCHED-TRACE 10471 3153 V 4 1d4dbc
SCHED-TRACE 10472 3153 O 0 0
SCHED-TRACE 10473 3153 P 43 286e4624e
SCHED-TRACE 10474 3154 K 49 27ffef1aa
SCHED-TRACE 10475 3154 P 43 2889ac8b4
SCHED-TRACE 10476 3155 P 43 289d6c8b4
SCHED-TRACE 10477 3155 I 49 1d52f3
SCHED-TRACE 10478 3155 B 49 f3
SCHED-TRACE 10479 3155 P 49 28500dd2f
SCHED-TRACE 10480 3155 R 49 28500dd2f
SCHED-TRACE 10481 3156 U 4 1d5428
SCHED-TRACE 10482 3156 V 4 1d54d5
SCHED-TRACE 10483 3156 O 0 0
SCHED-TRACE 10484 3156 P 49 286e4b439
SCHED-TRACE 10485 3157 K 40 280064dd2
SCHED-TRACE 10486 3157 P 49 2889b9581
SCHED-TRACE 10487 3158 P 49 289d7be76
SCHED-TRACE 10488 3158 I 40 1d5a0b
SCHED-TRACE 10489 3158 B 40 f4
SCHED-TRACE 10490 3158 P 40 285071a9f
SCHED-TRACE 10491 3158 R 40 285071a9f
SCHED-TRACE 10492 3159 U 4 1d5b42
SCHED-TRACE 10493 3159 V 4 1d5bee
SCHED-TRACE 10494 3159 O 0 0
SCHED-TRACE 10495 3159 P 40 286ea9fbe
SCHED-TRACE 10496 3160 K 73 2800f8106
SCHED-TRACE 10497 3160 P 40 288a1580f
SCHED-TRACE 10498 3161 P 40 289dda9fb
SCHED-TRACE 10499 3161 I 73 1d6124
SCHED-TRACE 10500 3161 B 73 f4
SCHED-TRACE 10501 3161 P 73 2850ffbe8
SCHED-TRACE 10502 3161 R 73 2850ffbe8
SCHED-TRACE 10503 3162 U 4 1d6258
SCHED-TRACE 10504 3162 V 4 1d6304
SCHED-TRACE 10505 3162 O 0 0
SCHED-TRACE 10506 3162 P 73 286ee8b44
SCHED-TRACE 10507 3163 K 55 2803da9fb
SCHED-TRACE 10508 3163 P 73 288a56c8b
SCHED-TRACE 10509 3164 P 73 289e19581
SCHED-TRACE 10510 3164 I 55 1d683a
SCHED-TRACE 10511 3164 B 55 f5
SCHED-TRACE 10512 3164 P 55 2853f9580
SCHED-TRACE 10513 3164 R 55 2853f9580
SCHED-TRACE 10514 3165 U 4 1d6970
SCHED-TRACE 10515 3165 V 4 1d6a1d
SCHED-TRACE 10516 3165 O 0 0
SCHED-TRACE 10517 3165 P 55 28722c8b3
SCHED-TRACE 10518 3166 K 55 28722c8b3
SCHED-TRACE 10519 3166 P 55 288d8dd2e
SCHED-TRACE 10520 3167 I 55 1d6f53
SCHED-TRACE 10521 3167 B 55 f3
SCHED-TRACE 10522 3167 P 55 28f171a9f
SCHED-TRACE 10523 3167 R 55 28f171a9f
SCHED-TRACE 10524 3168 U 4 1d7088
SCHED-TRACE 10525 3168 V 4 1d7135
SCHED-TRACE 10526 3168 O 0 0
SCHED-TRACE 10527 3168 P 55 290fa4dd2
SCHED-TRACE 10528 3169 K 64 289352f1a
SCHED-TRACE 10529 3169 P 55 292af9580
SCHED-TRACE 10530 3170 P 55 293eb4394
SCHED-TRACE 10531 3170 I 64 1d766b
SCHED-TRACE 10532 3170 B 64 f0
SCHED-TRACE 10533 3170 P 64 28e36c8b3
SCHED-TRACE 10534 3170 R 64 28e36c8b3
SCHED-TRACE 10535 3171 U 4 1d779f
SCHED-TRACE 10536 3171 V 4 1d784c
SCHED-TRACE 10537 3171 O 0 0
SCHED-TRACE 10538 3171 P 64 29017be76
SCHED-TRACE 10539 3172 K 31 28959a9fb
SCHED-TRACE 10540 3172 P 64 291ce4dd2
SCHED-TRACE 10541 3173 P 64 29309fbe7
SCHED-TRACE 10542 3173 I 31 1d7d82
SCHED-TRACE 10543 3173 B 31 f3
SCHED-TRACE 10544 3173 P 31 28e5b9581
SCHED-TRACE 10545 3173 R 31 28e5b9581
SCHED-TRACE 10546 3174 U 4 1d7eb6
SCHED-TRACE 10547 3174 V 4 1d7f63
SCHED-TRACE 10548 3174 O 0 0
SCHED-TRACE 10549 3174 P 31 2903be76c
SCHED-TRACE 10550 3175 K 67 2895af1a9
SCHED-TRACE 10551 3175 P 31 291f31a9f
SCHED-TRACE 10552 3176 P 31 2932fbe76
SCHED-TRACE 10553 3176 I 67 1d8499
SCHED-TRACE 10554 3176 B 67 f5
SCHED-TRACE 10555 3176 P 67 28e5b6c8a
SCHED-TRACE 10556 3176 R 67 28e5b6c8a
SCHED-TRACE 10557 3177 U 4 1d85ce
SCHED-TRACE 10558 3177 V 4 1d867b
SCHED-TRACE 10559 3177 O 0 0
SCHED-TRACE 10560 3177 P 67 2903cdd2e
SCHED-TRACE 10561 3178 K 70 2895e4dd3
SCHED-TRACE 10562 3178 P 67 291f36c8a
SCHED-TRACE 10563 3179 P 67 2932fe76c
SCHED-TRACE 10564 3179 I 70 1d8bb1
SCHED-TRACE 10565 3179 B 70 f5
SCHED-TRACE 10566 3179 P 70 28e601062
SCHED-TRACE 10567 3179 R 70 28e601062
SCHED-TRACE 10568 3180 U 4 1d8ce5
SCHED-TRACE 10569 3180 V 4 1d8d92
SCHED-TRACE 10570 3180 O 0 0
SCHED-TRACE 10571 3180 P 70 29041fbe7
SCHED-TRACE 10572 3181 K 58 289955810
SCHED-TRACE 10573 3181 P 70 291f8624d
SCHED-TRACE 10574 3182 P 70 29334b439
SCHED-TRACE 10575 3182 I 58 1d92c9
SCHED-TRACE 10576 3182 B 58 f4
SCHED-TRACE 10577 3182 P 58 28e974395
SCHED-TRACE 10578 3182 R 58 28e974395
SCHED-TRACE 10579 3183 U 4 1d93fe
SCHED-TRACE 10580 3183 V 4 1d94ab
SCHED-TRACE 10581 3183 O 0 0
SCHED-TRACE 10582 3183 P 58 2907a76c8
SCHED-TRACE 10583 3184 K 34 289974395
SCHED-TRACE 10584 3184 P 58 292315810
SCHED-TRACE 10585 3185 P 58 2936d8105
SCHED-TRACE 10586 3185 I 34 1d99e1
SCHED-TRACE 10587 3185 B 34 f4
SCHED-TRACE 10588 3185 P 34 28e98624d
SCHED-TRACE 10589 3185 R 34 28e98624d
SCHED-TRACE 10590 3186 U 4 1d9b15
SCHED-TRACE 10591 3186 V 4 1d9bc2
SCHED-TRACE 10592 3186 O 0 0
SCHED-TRACE 10593 3186 P 34 290781062
SCHED-TRACE 10594 3187 K 61 289990624
SCHED-TRACE 10595 3187 P 34 2922f4395
SCHED-TRACE 10596 3188 P 34 2936b9580
SCHED-TRACE 10597 3188 I 61 1da0f8
SCHED-TRACE 10598 3188 B 61 f5
SCHED-TRACE 10599 3188 P 61 28e99d2f1
SCHED-TRACE 10600 3188 R 61 28e99d2f1
SCHED-TRACE 10601 3189 U 4 1da22e
SCHED-TRACE 10602 3189 V 4 1da2db
SCHED-TRACE 10603 3189 O 0 0
SCHED-TRACE 10604 3189 P 61 2907c3958
SCHED-TRACE 10605 3190 K 37 289a224dd
SCHED-TRACE 10606 3190 P 61 292336c8b
SCHED-TRACE 10607 3191 P 61 2936f9581
SCHED-TRACE 10608 3191 I 37 1da810
SCHED-TRACE 10609 3191 B 37 f6
SCHED-TRACE 10610 3191 P 37 28ea29fbe
SCHED-TRACE 10611 3191 R 37 28ea29fbe
SCHED-TRACE 10612 3192 U 4 1da945
SCHED-TRACE 10613 3192 V 4 1da9f1
SCHED-TRACE 10614 3192 O 0 0
SCHED-TRACE 10615 3192 P 37 29082c8b4
SCHED-TRACE 10616 3193 K 52 289c12f1a
SCHED-TRACE 10617 3193 P 37 29238dd2f
SCHED-TRACE 10618 3194 P 37 293758106
SCHED-TRACE 10619 3194 I 52 1daf27
SCHED-TRACE 10620 3194 B 52 f2
SCHED-TRACE 10621 3194 P 52 28ec1d2f1
SCHED-TRACE 10622 3194 R 52 28ec1d2f1
SCHED-TRACE 10623 3195 U 4 1db05d
SCHED-TRACE 10624 3195 V 4 1db10a
SCHED-TRACE 10625 3195 O 0 0
SCHED-TRACE 10626 3195 P 52 290a5d2f1
SCHED-TRACE 10627 3196 K 46 289d52f1a
SCHED-TRACE 10628 3196 P 52 2925c1061
SCHED-TRACE 10629 3197 P 52 293983957
SCHED-TRACE 10630 3197 I 46 1db640
SCHED-TRACE 10631 3197 B 46 f1
SCHED-TRACE 10632 3197 P 46 28ed5fbe6
SCHED-TRACE 10633 3197 R 46 28ed5fbe6
SCHED-TRACE 10634 3198 U 4 1db776
SCHED-TRACE 10635 3198 V 4 1db823
SCHED-TRACE 10636 3198 O 0 0
SCHED-TRACE 10637 3198 P 46 290ba24dc
SCHED-TRACE 10638 3199 K 43 289d6c8b4
SCHED-TRACE 10639 3199 P 46 292710624
SCHED-TRACE 10640 3200 P 46 293ad580f
SCHED-TRACE 10641 3200 I 43 1dbd59
SCHED-TRACE 10642 3200 B 43 f2
SCHED-TRACE 10643 3200 P 43 28ed6c8b4
SCHED-TRACE 10644 3200 R 43 28ed6c8b4
SCHED-TRACE 10645 3201 U 4 1dbe90
SCHED-TRACE 10646 3201 V 4 1dbf3d
SCHED-TRACE 10647 3201 O 0 0
SCHED-TRACE 10648 3201 P 43 290bb6c8b
SCHED-TRACE 10649 3202 K 49 289d7be76
SCHED-TRACE 10650 3202 P 43 292729fbe
SCHED-TRACE 10651 3203 P 43 293af4395
SCHED-TRACE 10652 3203 I 49 1dc473
SCHED-TRACE 10653 3203 B 49 f4
SCHED-TRACE 10654 3203 P 49 28ed8624d
SCHED-TRACE 10655 3203 R 49 28ed8624d
SCHED-TRACE 10656 3204 U 4 1dc5a9
SCHED-TRACE 10657 3204 V 4 1dc656
SCHED-TRACE 10658 3204 O 0 0
SCHED-TRACE 10659 3204 P 49 290bbbe76
SCHED-TRACE 10660 3205 K 40 289dda9fb
SCHED-TRACE 10661 3205 P 49 2927224dd
SCHED-TRACE 10662 3206 P 49 293ae9fbe
SCHED-TRACE 10663 3206 I 40 1dcb8c
SCHED-TRACE 10664 3206 B 40 f4
SCHED-TRACE 10665 3206 P 40 28edf6c8a
SCHED-TRACE 10666 3206 R 40 28edf6c8a
SCHED-TRACE 10667 3207 U 4 1dccc2
SCHED-TRACE 10668 3207 V 4 1dcd6f
SCHED-TRACE 10669 3207 O 0 0
SCHED-TRACE 10670 3207 P 40 290c41061
SCHED-TRACE 10671 3208 K 73 289e19581
SCHED-TRACE 10672 3208 P 40 2927a76c8
SCHED-TRACE 10673 3209 P 40 293b69fbe
SCHED-TRACE 10674 3209 I 73 1dd2a5
SCHED-TRACE 10675 3209 B 73 f3
SCHED-TRACE 10676 3209 P 73 28ee2b439
SCHED-TRACE 10677 3209 R 73 28ee2b439
SCHED-TRACE 10678 3210 U 4 1dd3d8
SCHED-TRACE 10679 3210 V 4 1dd485
SCHED-TRACE 10680 3210 O 0 0
SCHED-TRACE 10681 3210 P 73 290c28b44
SCHED-TRACE 10682 3211 K 76 28a9c4dd3
SCHED-TRACE 10683 3211 P 73 292794396
SCHED-TRACE 10684 3212 P 73 293b54396
SCHED-TRACE 10685 3212 I 76 1dd9bb
SCHED-TRACE 10686 3212 B 76 f3
SCHED-TRACE 10687 3212 P 76 28f9de76c
SCHED-TRACE 10688 3212 R 76 28f9de76c
SCHED-TRACE 10689 3213 U 4 1ddaef
SCHED-TRACE 10690 3213 V 4 1ddb9c
SCHED-TRACE 10691 3213 O 0 0
SCHED-TRACE 10692 3213 P 76 2917dbe76
SCHED-TRACE 10693 3214 K 76 2917dbe76
SCHED-TRACE 10694 3214 P 76 293349fbe
SCHED-TRACE 10695 3215 I 76 1de0d2
SCHED-TRACE 10696 3215 B 76 f4
SCHED-TRACE 10697 3215 P 76 299723958
SCHED-TRACE 10698 3215 R 76 299723958
SCHED-TRACE 10699 3216 U 4 1de207
SCHED-TRACE 10700 3216 V 4 1de2b4
SCHED-TRACE 10701 3216 O 0 0
SCHED-TRACE 10702 3216 P 76 29b52dd2f
SCHED-TRACE 10703 3217 K 64 29309fbe7
SCHED-TRACE 10704 3217 P 76 29d094395
SCHED-TRACE 10705 3218 P 76 29e454395
SCHED-TRACE 10706 3218 I 64 1de7e9
SCHED-TRACE 10707 3218 B 64 f4
SCHED-TRACE 10708 3218 P 64 2980b1a9f
SCHED-TRACE 10709 3218 R 64 2980b1a9f
SCHED-TRACE 10710 3219 U 4 1de91e
SCHED-TRACE 10711 3219 V 4 1de9cb
SCHED-TRACE 10712 3219 O 0 0
SCHED-TRACE 10713 3219 P 64 299ed5810
SCHED-TRACE 10714 3220 K 31 2932fbe76
SCHED-TRACE 10715 3220 P 64 29ba39580
SCHED-TRACE 10716 3221 P 64 29cdfbe76
SCHED-TRACE 10717 3221 I 31 1def01
SCHED-TRACE 10718 3221 B 31 f4
SCHED-TRACE 10719 3221 P 31 29830b439
SCHED-TRACE 10720 3221 R 31 29830b439
SCHED-TRACE 10721 3222 U 4 1df035
SCHED-TRACE 10722 3222 V 4 1df0e2
SCHED-TRACE 10723 3222 O 0 0
SCHED-TRACE 10724 3222 P 31 29a11d2f1
SCHED-TRACE 10725 3223 K 67 2932fe76c
SCHED-TRACE 10726 3223 P 31 29bc8b439
SCHED-TRACE 10727 3224 P 31 29d050624
SCHED-TRACE 10728 3224 I 67 1df619
SCHED-TRACE 10729 3224 B 67 f0
SCHED-TRACE 10730 3224 P 67 298308b43
SCHED-TRACE 10731 3224 R 67 298308b43
SCHED-TRACE 10732 3225 U 4 1df74e
SCHED-TRACE 10733 3225 V 4 1df7fb
SCHED-TRACE 10734 3225 O 0 0
SCHED-TRACE 10735 3225 P 67 29a1276c8
SCHED-TRACE 10736 3226 K 70 29334b439
SCHED-TRACE 10737 3226 P 67 29bc92f1a
SCHED-TRACE 10738 3227 P 67 29d05fbe7
SCHED-TRACE 10739 3227 I 70 1dfd31
SCHED-TRACE 10740 3227 B 70 f3
SCHED-TRACE 10741 3227 P 70 29834b439
SCHED-TRACE 10742 3227 R 70 29834b439
SCHED-TRACE 10743 3228 U 4 1dfe66
SCHED-TRACE 10744 3228 V 4 1dff13
SCHED-TRACE 10745 3228 O 0 0
SCHED-TRACE 10746 3228 P 70 29a164dd3
SCHED-TRACE 10747 3229 K 34 2936b9580
SCHED-TRACE 10748 3229 P 70 29bcd8106
SCHED-TRACE 10749 3230 P 70 29d09fbe7
SCHED-TRACE 10750 3230 I 34 1e0449
SCHED-TRACE 10751 3230 B 34 f4
SCHED-TRACE 10752 3230 P 34 2986bbe76
SCHED-TRACE 10753 3230 R 34 2986bbe76
SCHED-TRACE 10754 3231 U 4 1e057d
SCHED-TRACE 10755 3231 V 4 1e062a
SCHED-TRACE 10756 3231 O 0 0
SCHED-TRACE 10757 3231 P 34 29a4d0624
SCHED-TRACE 10758 3232 K 58 2936d8105
SCHED-TRACE 10759 3232 P 34 29c03be76
SCHED-TRACE 10760 3233 P 34 29d403958
SCHED-TRACE 10761 3233 I 58 1e0b61
SCHED-TRACE 10762 3233 B 58 f5
SCHED-TRACE 10763 3233 P 58 2986f4395
SCHED-TRACE 10764 3233 R 58 2986f4395
SCHED-TRACE 10765 3234 U 4 1e0c96
SCHED-TRACE 10766 3234 V 4 1e0d43
SCHED-TRACE 10767 3234 O 0 0
SCHED-TRACE 10768 3234 P 58 29a5276c8
SCHED-TRACE 10769 3235 K 61 2936f9581
SCHED-TRACE 10770 3235 P 58 29c090624
SCHED-TRACE 10771 3236 P 58 29d452f1a
SCHED-TRACE 10772 3236 I 61 1e127a
SCHED-TRACE 10773 3236 B 61 f3
SCHED-TRACE 10774 3236 P 61 29871a9fb
SCHED-TRACE 10775 3236 R 61 29871a9fb
SCHED-TRACE 10776 3237 U 4 1e13ae
SCHED-TRACE 10777 3237 V 4 1e145b
SCHED-TRACE 10778 3237 O 0 0
SCHED-TRACE 10779 3237 P 61 29a52c8b4
SCHED-TRACE 10780 3238 K 37 293758106
SCHED-TRACE 10781 3238 P 61 29c098106
SCHED-TRACE 10782 3239 P 61 29d458106
SCHED-TRACE 10783 3239 I 37 1e1991
SCHED-TRACE 10784 3239 B 37 f3
SCHED-TRACE 10785 3239 P 37 29876f1aa
SCHED-TRACE 10786 3239 R 37 29876f1aa
SCHED-TRACE 10787 3240 U 4 1e1ac5
SCHED-TRACE 10788 3240 V 4 1e1b72
SCHED-TRACE 10789 3240 O 0 0
SCHED-TRACE 10790 3240 P 37 29a569fbe
SCHED-TRACE 10791 3241 K 52 293983957
SCHED-TRACE 10792 3241 P 37 29c0d8106
SCHED-TRACE 10793 3242 P 37 29d4a24dd
SCHED-TRACE 10794 3242 I 52 1e20a8
SCHED-TRACE 10795 3242 B 52 f3
SCHED-TRACE 10796 3242 P 52 298990624
SCHED-TRACE 10797 3242 R 52 298990624
SCHED-TRACE 10798 3243 U 4 1e21de
SCHED-TRACE 10799 3243 V 4 1e228b
SCHED-TRACE 10800 3243 O 0 0
SCHED-TRACE 10801 3243 P 52 29a7c624d
SCHED-TRACE 10802 3244 K 46 293ad580f
SCHED-TRACE 10803 3244 P 52 29c324dd2
SCHED-TRACE 10804 3245 P 52 29d6ec8b3
SCHED-TRACE 10805 3245 I 46 1e27c1
SCHED-TRACE 10806 3245 B 46 f4
SCHED-TRACE 10807 3245 P 46 298af1a9f
SCHED-TRACE 10808 3245 R 46 298af1a9f
SCHED-TRACE 10809 3246 U 4 1e28f7
SCHED-TRACE 10810 3246 V 4 1e29a5
SCHED-TRACE 10811 3246 O 0 0
SCHED-TRACE 10812 3246 P 46 29a941061
SCHED-TRACE 10813 3247 K 49 293ae9fbe
SCHED-TRACE 10814 3247 P 46 29c4a76c8
SCHED-TRACE 10815 3248 P 46 29d869fbd
SCHED-TRACE 10816 3248 I 49 1e2edb
SCHED-TRACE 10817 3248 B 49 f4
SCHED-TRACE 10818 3248 P 49 298b01062
SCHED-TRACE 10819 3248 R 49 298b01062
SCHED-TRACE 10820 3249 U 4 1e3011
SCHED-TRACE 10821 3249 V 4 1e30bf
SCHED-TRACE 10822 3249 O 0 0
SCHED-TRACE 10823 3249 P 49 29a950624
SCHED-TRACE 10824 3250 K 43 293af4395
SCHED-TRACE 10825 3250 P 49 29c4be76c
SCHED-TRACE 10826 3251 P 49 29d87e76c
SCHED-TRACE 10827 3251 I 43 1e35f5
SCHED-TRACE 10828 3251 B 43 f2
SCHED-TRACE 10829 3251 P 43 298afe76c
SCHED-TRACE 10830 3251 R 43 298afe76c
SCHED-TRACE 10831 3252 U 4 1e372c
SCHED-TRACE 10832 3252 V 4 1e37d8
SCHED-TRACE 10833 3252 O 0 0
SCHED-TRACE 10834 3252 P 43 29a939581
SCHED-TRACE 10835 3253 K 73 293b54396
SCHED-TRACE 10836 3253 P 43 29c4a76c8
SCHED-TRACE 10837 3254 P 43 29d86f1aa
SCHED-TRACE 10838 3254 I 73 1e3d0f
SCHED-TRACE 10839 3254 B 73 f3
SCHED-TRACE 10840 3254 P 73 298b63958
SCHED-TRACE 10841 3254 R 73 298b63958
SCHED-TRACE 10842 3255 U 4 1e3e44
SCHED-TRACE 10843 3255 V 4 1e3ef1
SCHED-TRACE 10844 3255 O 0 0
SCHED-TRACE 10845 3255 P 73 29a984dd3
SCHED-TRACE 10846 3256 K 40 293b69fbe
SCHED-TRACE 10847 3256 P 73 29c4fd2f2
SCHED-TRACE 10848 3257 P 73 29d8c76c9
SCHED-TRACE 10849 3257 I 40 1e4428
SCHED-TRACE 10850 3257 B 40 f4
SCHED-TRACE 10851 3257 P 40 298b74395
SCHED-TRACE 10852 3257 R 40 298b74395
SCHED-TRACE 10853 3258 U 4 1e455f
SCHED-TRACE 10854 3258 V 4 1e460c
SCHED-TRACE 10855 3258 O 0 0
SCHED-TRACE 10856 3258 P 40 29a9c1061
SCHED-TRACE 10857 3259 K 55 293eb4394
SCHED-TRACE 10858 3259 P 40 29c5276c8
SCHED-TRACE 10859 3260 P 40 29d8ec8b3
SCHED-TRACE 10860 3260 I 55 1e4b42
SCHED-TRACE 10861 3260 B 55 f4
SCHED-TRACE 10862 3260 P 55 298ed0624
SCHED-TRACE 10863 3260 R 55 298ed0624
SCHED-TRACE 10864 3261 U 4 1e4c77
SCHED-TRACE 10865 3261 V 4 1e4d24
SCHED-TRACE 10866 3261 O 0 0
SCHED-TRACE 10867 3261 P 55 29ad01061
SCHED-TRACE 10868 3262 K 55 29ad01061
SCHED-TRACE 10869 3262 P 55 29c8676c8
SCHED-TRACE 10870 3263 I 55 1e525a
SCHED-TRACE 10871 3263 B 55 f3
SCHED-TRACE 10872 3263 P 55 2a2c39580
SCHED-TRACE 10873 3263 R 55 2a2c39580
SCHED-TRACE 10874 3264 U 4 1e538f
SCHED-TRACE 10875 3264 V 4 1e543b
SCHED-TRACE 10876 3264 O 0 0
SCHED-TRACE 10877 3264 P 55 2a4a5a9fb
SCHED-TRACE 10878 3265 K 64 29cdfbe76
SCHED-TRACE 10879 3265 P 55 2a65c624d
SCHED-TRACE 10880 3266 P 55 2a798624d
SCHED-TRACE 10881 3266 I 64 1e5971
SCHED-TRACE 10882 3266 B 64 f4
SCHED-TRACE 10883 3266 P 64 2a1e0b439
SCHED-TRACE 10884 3266 R 64 2a1e0b439
SCHED-TRACE 10885 3267 U 4 1e5aa6
SCHED-TRACE 10886 3267 V 4 1e5b52
SCHED-TRACE 10887 3267 O 0 0
SCHED-TRACE 10888 3267 P 64 2a3c15810
SCHED-TRACE 10889 3268 K 31 29d050624
SCHED-TRACE 10890 3268 P 64 2a5781061
SCHED-TRACE 10891 3269 P 64 2a6b41061
SCHED-TRACE 10892 3269 I 31 1e6088
SCHED-TRACE 10893 3269 B 31 f4
SCHED-TRACE 10894 3269 P 31 2a20624dd
SCHED-TRACE 10895 3269 R 31 2a20624dd
SCHED-TRACE 10896 3270 U 4 1e61bc
SCHED-TRACE 10897 3270 V 4 1e6269
SCHED-TRACE 10898 3270 O 0 0
SCHED-TRACE 10899 3270 P 31 2a3e624dd
SCHED-TRACE 10900 3271 K 67 29d05fbe7
SCHED-TRACE 10901 3271 P 31 2a59c1062
SCHED-TRACE 10902 3272 P 31 2a6d8b439
SCHED-TRACE 10903 3272 I 67 1e679f
SCHED-TRACE 10904 3272 B 67 f5
SCHED-TRACE 10905 3272 P 67 2a2081061
SCHED-TRACE 10906 3272 R 67 2a2081061
SCHED-TRACE 10907 3273 U 4 1e68d4
SCHED-TRACE 10908 3273 V 4 1e6981
SCHED-TRACE 10909 3273 O 0 0
SCHED-TRACE 10910 3273 P 67 2a3ea76c8
SCHED-TRACE 10911 3274 K 70 29d09fbe7
SCHED-TRACE 10912 3274 P 67 2a5a10624
SCHED-TRACE 10913 3275 P 67 2a6dd2f1a
SCHED-TRACE 10914 3275 I 70 1e6eb7
SCHED-TRACE 10915 3275 B 70 f6
SCHED-TRACE 10916 3275 P 70 2a20af1aa
SCHED-TRACE 10917 3275 R 70 2a20af1aa
SCHED-TRACE 10918 3276 U 4 1e6fec
SCHED-TRACE 10919 3276 V 4 1e7099
SCHED-TRACE 10920 3276 O 0 0
SCHED-TRACE 10921 3276 P 70 2a3ecb439
SCHED-TRACE 10922 3277 K 34 29d403958
SCHED-TRACE 10923 3277 P 70 2a5a2c8b4
SCHED-TRACE 10924 3278 P 70 2a6dec8b4
SCHED-TRACE 10925 3278 I 34 1e75cf
SCHED-TRACE 10926 3278 B 34 ee
SCHED-TRACE 10927 3278 P 34 2a2410624
SCHED-TRACE 10928 3278 R 34 2a2410624
SCHED-TRACE 10929 3279 U 4 1e7703
SCHED-TRACE 10930 3279 V 4 1e77af
SCHED-TRACE 10931 3279 O 0 0
SCHED-TRACE 10932 3279 P 34 2a420dd2f
SCHED-TRACE 10933 3280 K 58 29d452f1a
SCHED-TRACE 10934 3280 P 34 2a5d79580
SCHED-TRACE 10935 3281 P 34 2a7143958
SCHED-TRACE 10936 3281 I 58 1e7ce5
SCHED-TRACE 10937 3281 B 58 f3
SCHED-TRACE 10938 3281 P 58 2a2452f1a
SCHED-TRACE 10939 3281 R 58 2a2452f1a
SCHED-TRACE 10940 3282 U 4 1e7e1b
SCHED-TRACE 10941 3282 V 4 1e7ec8
SCHED-TRACE 10942 3282 O 0 0
SCHED-TRACE 10943 3282 P 58 2a428b439
SCHED-TRACE 10944 3283 K 61 29d458106
SCHED-TRACE 10945 3283 P 58 2a5dfbe76
SCHED-TRACE 10946 3284 P 58 2a71c3957
SCHED-TRACE 10947 3284 I 61 1e83fe
SCHED-TRACE 10948 3284 B 61 f4
SCHED-TRACE 10949 3284 P 61 2a245fbe7
SCHED-TRACE 10950 3284 R 61 2a245fbe7
SCHED-TRACE 10951 3285 U 4 1e8532
SCHED-TRACE 10952 3285 V 4 1e85d9
SCHED-TRACE 10953 3285 O 0 0
SCHED-TRACE 10954 3285 P 61 2a41a4dd3
SCHED-TRACE 10955 3286 K 37 29d4a24dd
SCHED-TRACE 10956 3286 P 61 2a5cc3958
SCHED-TRACE 10957 3287 P 61 2a706c8b4
SCHED-TRACE 10958 3287 I 37 1e8b0b
SCHED-TRACE 10959 3287 B 37 ea
SCHED-TRACE 10960 3287 P 37 2a24e24dd
SCHED-TRACE 10961 3287 R 37 2a24e24dd
SCHED-TRACE 10962 3288 U 4 1e8c3b
SCHED-TRACE 10963 3288 V 4 1e8ce5
SCHED-TRACE 10964 3288 O 0 0
SCHED-TRACE 10965 3288 P 37 2a426f1aa
SCHED-TRACE 10966 3289 K 52 29d6ec8b3
SCHED-TRACE 10967 3289 P 37 2a5d9a9fc
SCHED-TRACE 10968 3290 P 37 2a7150625
SCHED-TRACE 10969 3290 I 52 1e9218
SCHED-TRACE 10970 3290 B 52 eb
SCHED-TRACE 10971 3290 P 52 2a271a9fb
SCHED-TRACE 10972 3290 R 52 2a271a9fb
SCHED-TRACE 10973 3291 U 4 1e934a
SCHED-TRACE 10974 3291 V 4 1e93f4
SCHED-TRACE 10975 3291 O 0 0
SCHED-TRACE 10976 3291 P 52 2a44e4dd2
SCHED-TRACE 10977 3292 K 46 29d869fbd
SCHED-TRACE 10978 3292 P 52 2a6008b43
SCHED-TRACE 10979 3293 P 52 2a73b9580
SCHED-TRACE 10980 3293 I 46 1e9928
SCHED-TRACE 10981 3293 B 46 ec
SCHED-TRACE 10982 3293 P 46 2a28a9fbd
SCHED-TRACE 10983 3293 R 46 2a28a9fbd
SCHED-TRACE 10984 3294 U 4 1e9a5b
SCHED-TRACE 10985 3294 V 4 1e9b05
SCHED-TRACE 10986 3294 O 0 0
SCHED-TRACE 10987 3294 P 46 2a469580f
SCHED-TRACE 10988 3295 K 43 29d86f1aa
SCHED-TRACE 10989 3295 P 46 2a61d580f
SCHED-TRACE 10990 3296 P 46 2a758b438
SCHED-TRACE 10991 3296 I 43 1ea03a
SCHED-TRACE 10992 3296 B 43 ee
SCHED-TRACE 10993 3296 P 43 2a289fbe7
SCHED-TRACE 10994 3296 R 43 2a289fbe7
SCHED-TRACE 10995 3297 U 4 1ea16e
SCHED-TRACE 10996 3297 V 4 1ea218
SCHED-TRACE 10997 3297 O 0 0
SCHED-TRACE 10998 3297 P 43 2a4681062
SCHED-TRACE 10999 3298 K 49 29d87e76c
SCHED-TRACE 11000 3298 P 43 2a61c1062
SCHED-TRACE 11001 3299 P 43 2a757be77
SCHED-TRACE 11002 3299 I 49 1ea74c
SCHED-TRACE 11003 3299 B 49 ee
SCHED-TRACE 11004 3299 P 49 2a289d2f1
SCHED-TRACE 11005 3299 R 49 2a289d2f1
SCHED-TRACE 11006 3300 U 4 1ea87f
SCHED-TRACE 11007 3300 V 4 1ea92a
SCHED-TRACE 11008 3300 O 0 0
SCHED-TRACE 11009 3300 P 49 2a467e76c
SCHED-TRACE 11010 3301 K 73 29d8c76c9
SCHED-TRACE 11011 3301 P 49 2a61c1062
SCHED-TRACE 11012 3302 P 49 2a7576c8b
SCHED-TRACE 11013 3302 I 73 1eae5e
SCHED-TRACE 11014 3302 B 73 ee
SCHED-TRACE 11015 3302 P 73 2a28f5811
SCHED-TRACE 11016 3302 R 73 2a28f5811
SCHED-TRACE 11017 3303 U 4 1eaf90
SCHED-TRACE 11018 3303 V 4 1eb03b
SCHED-TRACE 11019 3303 O 0 0
SCHED-TRACE 11020 3303 P 73 2a46b8106
SCHED-TRACE 11021 3304 K 40 29d8ec8b3
SCHED-TRACE 11022 3304 P 73 2a61f5811
SCHED-TRACE 11023 3305 P 73 2a75add2f
SCHED-TRACE 11024 3305 I 40 1eb56f
SCHED-TRACE 11025 3305 B 40 ee
SCHED-TRACE 11026 3305 P 40 2a2918105
SCHED-TRACE 11027 3305 R 40 2a2918105
SCHED-TRACE 11028 3306 U 4 1eb6a2
SCHED-TRACE 11029 3306 V 4 1eb74d
SCHED-TRACE 11030 3306 O 0 0
SCHED-TRACE 11031 3306 P 40 2a470624d
SCHED-TRACE 11032 3307 K 76 29e454395
SCHED-TRACE 11033 3307 P 40 2a624624d
SCHED-TRACE 11034 3308 P 40 2a75f9580
SCHED-TRACE 11035 3308 I 76 1ebc81
SCHED-TRACE 11036 3308 B 76 ee
SCHED-TRACE 11037 3308 P 76 2a34824dd
SCHED-TRACE 11038 3308 R 76 2a34824dd
SCHED-TRACE 11039 3309 U 4 1ebdb2
SCHED-TRACE 11040 3309 V 4 1ebe5c
SCHED-TRACE 11041 3309 O 0 0
SCHED-TRACE 11042 3309 P 76 2a5235810
SCHED-TRACE 11043 3310 K 76 2a5235810
SCHED-TRACE 11044 3310 P 76 2a6d7a9fb
SCHED-TRACE 11045 3311 I 76 1ec391
SCHED-TRACE 11046 3311 B 76 ef
SCHED-TRACE 11047 3311 P 76 2ad15e76c
SCHED-TRACE 11048 3311 R 76 2ad15e76c
SCHED-TRACE 11049 3312 U 4 1ec4c2
SCHED-TRACE 11050 3312 V 4 1ec56c
SCHED-TRACE 11051 3312 O 0 0
SCHED-TRACE 11052 3312 P 76 2aeee3958
SCHED-TRACE 11053 3313 K 64 2a6b41061
SCHED-TRACE 11054 3313 P 76 2b0a2624d
SCHED-TRACE 11055 3314 P 76 2b1ddbe76
SCHED-TRACE 11056 3314 I 64 1eca9f
SCHED-TRACE 11057 3314 B 64 ef
SCHED-TRACE 11058 3314 P 64 2abb624dc
SCHED-TRACE 11059 3314 R 64 2abb624dc
SCHED-TRACE 11060 3315 U 4 1ecbd1
SCHED-TRACE 11061 3315 V 4 1ecc7c
SCHED-TRACE 11062 3315 O 0 0
SCHED-TRACE 11063 3315 P 64 2ad936c8a
SCHED-TRACE 11064 3316 K 31 2a6d8b439
SCHED-TRACE 11065 3316 P 64 2af469fbe
SCHED-TRACE 11066 3317 P 64 2b081d2f1
SCHED-TRACE 11067 3317 I 31 1ed1b1
SCHED-TRACE 11068 3317 B 31 eb
SCHED-TRACE 11069 3317 P 31 2abdc3958
SCHED-TRACE 11070 3317 R 31 2abdc3958
SCHED-TRACE 11071 3318 U 4 1ed2e2
SCHED-TRACE 11072 3318 V 4 1ed38d
SCHED-TRACE 11073 3318 O 0 0
SCHED-TRACE 11074 3318 P 31 2adb7e76c
SCHED-TRACE 11075 3319 K 67 2a6dd2f1a
SCHED-TRACE 11076 3319 P 31 2af6b4395
SCHED-TRACE 11077 3320 P 31 2b0a69fbe
SCHED-TRACE 11078 3320 I 67 1ed8c1
SCHED-TRACE 11079 3320 B 67 ee
SCHED-TRACE 11080 3320 P 67 2abdfe76c
SCHED-TRACE 11081 3320 R 67 2abdfe76c
SCHED-TRACE 11082 3321 U 4 1ed9f3
SCHED-TRACE 11083 3321 V 4 1eda9e
SCHED-TRACE 11084 3321 O 0 0
SCHED-TRACE 11085 3321 P 67 2adbcb439
SCHED-TRACE 11086 3322 K 70 2a6dec8b4
SCHED-TRACE 11087 3322 P 67 2af712f1a
SCHED-TRACE 11088 3323 P 67 2b0acb439
SCHED-TRACE 11089 3323 I 70 1edfd3
SCHED-TRACE 11090 3323 B 70 f0
SCHED-TRACE 11091 3323 P 70 2abe1d2f1
SCHED-TRACE 11092 3323 R 70 2abe1d2f1
SCHED-TRACE 11093 3324 U 4 1ee105
SCHED-TRACE 11094 3324 V 4 1ee1b0
SCHED-TRACE 11095 3324 O 0 0
SCHED-TRACE 11096 3324 P 70 2adbe9fbe
SCHED-TRACE 11097 3325 K 61 2a706c8b4
SCHED-TRACE 11098 3325 P 70 2af736c8b
SCHED-TRACE 11099 3326 P 70 2b0af4395
SCHED-TRACE 11100 3326 I 61 1ee6e5
SCHED-TRACE 11101 3326 B 61 f0
SCHED-TRACE 11102 3326 P 61 2ac08dd2f
SCHED-TRACE 11103 3326 R 61 2ac08dd2f
SCHED-TRACE 11104 3327 U 4 1ee818
SCHED-TRACE 11105 3327 V 4 1ee8c3
SCHED-TRACE 11106 3327 O 0 0
SCHED-TRACE 11107 3327 P 61 2ade676c8
SCHED-TRACE 11108 3328 K 34 2a7143958
SCHED-TRACE 11109 3328 P 61 2af9ac8b4
SCHED-TRACE 11110 3329 P 61 2b0d64dd3
SCHED-TRACE 11111 3329 I 34 1eedf7
SCHED-TRACE 11112 3329 B 34 ef
SCHED-TRACE 11113 3329 P 34 2ac1624dd
SCHED-TRACE 11114 3329 R 34 2ac1624dd
SCHED-TRACE 11115 3330 U 4 1eef28
SCHED-TRACE 11116 3330 V 4 1eefd3
SCHED-TRACE 11117 3330 O 0 0
SCHED-TRACE 11118 3330 P 34 2adf224dd
SCHED-TRACE 11119 3331 K 37 2a7150625
SCHED-TRACE 11120 3331 P 34 2afa676c8
SCHED-TRACE 11121 3332 P 34 2b0e1a9fb
SCHED-TRACE 11122 3332 I 37 1ef508
SCHED-TRACE 11123 3332 B 37 ef
SCHED-TRACE 11124 3332 P 37 2ac183958
SCHED-TRACE 11125 3332 R 37 2ac183958
SCHED-TRACE 11126 3333 U 4 1ef639
SCHED-TRACE 11127 3333 V 4 1ef6e4
SCHED-TRACE 11128 3333 O 0 0
SCHED-TRACE 11129 3333 P 37 2adf48b43
SCHED-TRACE 11130 3334 K 58 2a71c3957
SCHED-TRACE 11131 3334 P 37 2afa92f1a
SCHED-TRACE 11132 3335 P 37 2b0e4dd2f
SCHED-TRACE 11133 3335 I 58 1efc19
SCHED-TRACE 11134 3335 B 58 ef
SCHED-TRACE 11135 3335 P 58 2ac1e24dc
SCHED-TRACE 11136 3335 R 58 2ac1e24dc
SCHED-TRACE 11137 3336 U 4 1efd4c
SCHED-TRACE 11138 3336 V 4 1efdf7
SCHED-TRACE 11139 3336 O 0 0
SCHED-TRACE 11140 3336 P 58 2adfb9580
SCHED-TRACE 11141 3337 K 52 2a73b9580
SCHED-TRACE 11142 3337 P 58 2afb08b43
SCHED-TRACE 11143 3338 P 58 2b0ec1062
SCHED-TRACE 11144 3338 I 52 1f032c
SCHED-TRACE 11145 3338 B 52 f0
SCHED-TRACE 11146 3338 P 52 2ac3e4dd2
SCHED-TRACE 11147 3338 R 52 2ac3e4dd2
SCHED-TRACE 11148 3339 U 4 1f0460
SCHED-TRACE 11149 3339 V 4 1f050b
SCHED-TRACE 11150 3339 O 0 0
SCHED-TRACE 11151 3339 P 52 2ae1cdd2e
SCHED-TRACE 11152 3340 K 49 2a7576c8b
SCHED-TRACE 11153 3340 P 52 2afd10624
SCHED-TRACE 11154 3341 P 52 2b10c8b43
SCHED-TRACE 11155 3341 I 49 1f0a3e
SCHED-TRACE 11156 3341 B 49 f0
SCHED-TRACE 11157 3341 P 49 2ac590624
SCHED-TRACE 11158 3341 R 49 2ac590624
SCHED-TRACE 11159 3342 U 4 1f0b72
SCHED-TRACE 11160 3342 V 4 1f0c1e
SCHED-TRACE 11161 3342 O 0 0
SCHED-TRACE 11162 3342 P 49 2ae38dd2f
SCHED-TRACE 11163 3343 K 43 2a757be77
SCHED-TRACE 11164 3343 P 49 2afecb439
SCHED-TRACE 11165 3344 P 49 2b1288b43
SCHED-TRACE 11166 3344 I 43 1f1152
SCHED-TRACE 11167 3344 B 43 ee
SCHED-TRACE 11168 3344 P 43 2ac595810
SCHED-TRACE 11169 3344 R 43 2ac595810
SCHED-TRACE 11170 3345 U 4 1f1286
SCHED-TRACE 11171 3345 V 4 1f1331
SCHED-TRACE 11172 3345 O 0 0
SCHED-TRACE 11173 3345 P 43 2ae39a9fc
SCHED-TRACE 11174 3346 K 46 2a758b438
SCHED-TRACE 11175 3346 P 43 2afee9fbe
SCHED-TRACE 11176 3347 P 43 2b129d2f1
SCHED-TRACE 11177 3347 I 46 1f1866
SCHED-TRACE 11178 3347 B 46 ee
SCHED-TRACE 11179 3347 P 46 2ac5ac8b3
SCHED-TRACE 11180 3347 R 46 2ac5ac8b3
SCHED-TRACE 11181 3348 U 4 1f199a
SCHED-TRACE 11182 3348 V 4 1f1a45
SCHED-TRACE 11183 3348 O 0 0
SCHED-TRACE 11184 3348 P 46 2ae3a76c8
SCHED-TRACE 11185 3349 K 73 2a75add2f
SCHED-TRACE 11186 3349 P 46 2afee9fbd
SCHED-TRACE 11187 3350 P 46 2b12a4dd2
SCHED-TRACE 11188 3350 I 73 1f1f7a
SCHED-TRACE 11189 3350 B 73 ec
SCHED-TRACE 11190 3350 P 73 2ac5cc8b4
SCHED-TRACE 11191 3350 R 73 2ac5cc8b4
SCHED-TRACE 11192 3351 U 4 1f20ac
SCHED-TRACE 11193 3351 V 4 1f2157
SCHED-TRACE 11194 3351 O 0 0
SCHED-TRACE 11195 3351 P 73 2ae39be77
SCHED-TRACE 11196 3352 K 40 2a75f9580
SCHED-TRACE 11197 3352 P 73 2afeedd2f
SCHED-TRACE 11198 3353 P 73 2b12add2f
SCHED-TRACE 11199 3353 I 40 1f268c
SCHED-TRACE 11200 3353 B 40 f0
SCHED-TRACE 11201 3353 P 40 2ac60b438
SCHED-TRACE 11202 3353 R 40 2ac60b438
SCHED-TRACE 11203 3354 U 4 1f27c1
SCHED-TRACE 11204 3354 V 4 1f286c
SCHED-TRACE 11205 3354 O 0 0
SCHED-TRACE 11206 3354 P 40 2ae41d2f1
SCHED-TRACE 11207 3355 K 55 2a798624d
SCHED-TRACE 11208 3355 P 40 2aff64dd2
SCHED-TRACE 11209 3356 P 40 2b131fbe7
SCHED-TRACE 11210 3356 I 55 1f2da1
SCHED-TRACE 11211 3356 B 55 f0
SCHED-TRACE 11212 3356 P 55 2ac9b1a9f
SCHED-TRACE 11213 3356 R 55 2ac9b1a9f
SCHED-TRACE 11214 3357 U 4 1f2ed4
SCHED-TRACE 11215 3357 V 4 1f2f7f
SCHED-TRACE 11216 3357 O 0 0
SCHED-TRACE 11217 3357 P 55 2ae7a4dd2
SCHED-TRACE 11218 3358 K 55 2ae7a4dd2
SCHED-TRACE 11219 3358 P 55 2b02ef1a9
SCHED-TRACE 11220 3359 I 55 1f34b4
SCHED-TRACE 11221 3359 B 55 f0
SCHED-TRACE 11222 3359 P 55 2b66c624d
SCHED-TRACE 11223 3359 R 55 2b66c624d
SCHED-TRACE 11224 3360 U 4 1f35e7
SCHED-TRACE 11225 3360 V 4 1f3691
SCHED-TRACE 11226 3360 O 0 0
SCHED-TRACE 11227 3360 P 55 2b84a76c8
SCHED-TRACE 11228 3361 K 64 2b081d2f1
SCHED-TRACE 11229 3361 P 55 2b9ff4394
SCHED-TRACE 11230 3362 P 55 2bb3a9fbd
SCHED-TRACE 11231 3362 I 64 1f3bc6
SCHED-TRACE 11232 3362 B 64 ef
SCHED-TRACE 11233 3362 P 64 2b5839580
SCHED-TRACE 11234 3362 R 64 2b5839580
SCHED-TRACE 11235 3363 U 4 1f3cf9
SCHED-TRACE 11236 3363 V 4 1f3da4
SCHED-TRACE 11237 3363 O 0 0
SCHED-TRACE 11238 3363 P 64 2b7608b43
SCHED-TRACE 11239 3364 K 31 2b0a69fbe
SCHED-TRACE 11240 3364 P 64 2b9158105
SCHED-TRACE 11241 3365 P 64 2ba50dd2e
SCHED-TRACE 11242 3365 I 31 1f42d8
SCHED-TRACE 11243 3365 B 31 f0
SCHED-TRACE 11244 3365 P 31 2b5a88b43
SCHED-TRACE 11245 3365 R 31 2b5a88b43
SCHED-TRACE 11246 3366 U 4 1f440a
SCHED-TRACE 11247 3366 V 4 1f44b6
SCHED-TRACE 11248 3366 O 0 0
SCHED-TRACE 11249 3366 P 31 2b784624d
SCHED-TRACE 11250 3367 K 67 2b0acb439
SCHED-TRACE 11251 3367 P 31 2b9381062
SCHED-TRACE 11252 3368 P 31 2ba73e76c
SCHED-TRACE 11253 3368 I 67 1f49e9
SCHED-TRACE 11254 3368 B 67 f1
SCHED-TRACE 11255 3368 P 67 2b5aef1a9
SCHED-TRACE 11256 3368 R 67 2b5aef1a9
SCHED-TRACE 11257 3369 U 4 1f4b1c
SCHED-TRACE 11258 3369 V 4 1f4bc7
SCHED-TRACE 11259 3369 O 0 0
SCHED-TRACE 11260 3369 P 67 2b78d8105
SCHED-TRACE 11261 3370 K 70 2b0af4395
SCHED-TRACE 11262 3370 P 67 2b94224dc
SCHED-TRACE 11263 3371 P 67 2ba7da9fb
SCHED-TRACE 11264 3371 I 70 1f50fc
SCHED-TRACE 11265 3371 B 70 f1
SCHED-TRACE 11266 3371 P 70 2b5b18106
SCHED-TRACE 11267 3371 R 70 2b5b18106
SCHED-TRACE 11268 3372 U 4 1f522f
SCHED-TRACE 11269 3372 V 4 1f52da
SCHED-TRACE 11270 3372 O 0 0
SCHED-TRACE 11271 3372 P 70 2b78ef1aa
SCHED-TRACE 11272 3373 K 61 2b0d64dd3
SCHED-TRACE 11273 3373 P 70 2b943be76
SCHED-TRACE 11274 3374 P 70 2ba7f4395
SCHED-TRACE 11275 3374 I 61 1f580f
SCHED-TRACE 11276 3374 B 61 ef
SCHED-TRACE 11277 3374 P 61 2b5d8b439
SCHED-TRACE 11278 3374 R 61 2b5d8b439
SCHED-TRACE 11279 3375 U 4 1f5942
SCHED-TRACE 11280 3375 V 4 1f59ed
SCHED-TRACE 11281 3375 O 0 0
SCHED-TRACE 11282 3375 P 61 2b7b69fbe
SCHED-TRACE 11283 3376 K 34 2b0e1a9fb
SCHED-TRACE 11284 3376 P 61 2b96b4395
SCHED-TRACE 11285 3377 P 61 2baa71a9f
SCHED-TRACE 11286 3377 I 34 1f5f22
SCHED-TRACE 11287 3377 B 34 ee
SCHED-TRACE 11288 3377 P 34 2b5e34395
SCHED-TRACE 11289 3377 R 34 2b5e34395
SCHED-TRACE 11290 3378 U 4 1f6054
SCHED-TRACE 11291 3378 V 4 1f6100
SCHED-TRACE 11292 3378 O 0 0
SCHED-TRACE 11293 3378 P 34 2b7c01062
SCHED-TRACE 11294 3379 K 37 2b0e4dd2f
SCHED-TRACE 11295 3379 P 34 2b9752f1a
SCHED-TRACE 11296 3380 P 34 2bab0dd2f
SCHED-TRACE 11297 3380 I 37 1f6634
SCHED-TRACE 11298 3380 B 37 f1
SCHED-TRACE 11299 3380 P 37 2b5e64dd3
SCHED-TRACE 11300 3380 R 37 2b5e64dd3
SCHED-TRACE 11301 3381 U 4 1f6767
SCHED-TRACE 11302 3381 V 4 1f6812
SCHED-TRACE 11303 3381 O 0 0
SCHED-TRACE 11304 3381 P 37 2b7c39581
SCHED-TRACE 11305 3382 K 58 2b0ec1062
SCHED-TRACE 11306 3382 P 37 2b978624e
SCHED-TRACE 11307 3383 P 37 2bab48b43
SCHED-TRACE 11308 3383 I 58 1f6d47
SCHED-TRACE 11309 3383 B 58 f0
SCHED-TRACE 11310 3383 P 58 2b5ed8105
SCHED-TRACE 11311 3383 R 58 2b5ed8105
SCHED-TRACE 11312 3384 U 4 1f6e7a
SCHED-TRACE 11313 3384 V 4 1f6f26
SCHED-TRACE 11314 3384 O 0 0
SCHED-TRACE 11315 3384 P 58 2b7cda9fb
SCHED-TRACE 11316 3385 K 52 2b10c8b43
SCHED-TRACE 11317 3385 P 58 2b9831a9f
SCHED-TRACE 11318 3386 P 58 2babef1a9
SCHED-TRACE 11319 3386 I 52 1f745b
SCHED-TRACE 11320 3386 B 52 f1
SCHED-TRACE 11321 3386 P 52 2b60da9fb
SCHED-TRACE 11322 3386 R 52 2b60da9fb
SCHED-TRACE 11323 3387 U 4 1f758f
SCHED-TRACE 11324 3387 V 4 1f763b
SCHED-TRACE 11325 3387 O 0 0
SCHED-TRACE 11326 3387 P 52 2b7ecdd2e
SCHED-TRACE 11327 3388 K 49 2b1288b43
SCHED-TRACE 11328 3388 P 52 2b9a1fbe6
SCHED-TRACE 11329 3389 P 52 2bade24dc
SCHED-TRACE 11330 3389 I 49 1f7b70
SCHED-TRACE 11331 3389 B 49 f0
SCHED-TRACE 11332 3389 P 49 2b62a9fbe
SCHED-TRACE 11333 3389 R 49 2b62a9fbe
SCHED-TRACE 11334 3390 U 4 1f7ca5
SCHED-TRACE 11335 3390 V 4 1f7d50
SCHED-TRACE 11336 3390 O 0 0
SCHED-TRACE 11337 3390 P 49 2b80a24dd
SCHED-TRACE 11338 3391 K 43 2b129d2f1
SCHED-TRACE 11339 3391 P 49 2b9bf9581
SCHED-TRACE 11340 3392 P 49 2bafbbe76
SCHED-TRACE 11341 3392 I 43 1f8285
SCHED-TRACE 11342 3392 B 43 f0
SCHED-TRACE 11343 3392 P 43 2b62bbe77
SCHED-TRACE 11344 3392 R 43 2b62bbe77
SCHED-TRACE 11345 3393 U 4 1f83ba
SCHED-TRACE 11346 3393 V 4 1f8466
SCHED-TRACE 11347 3393 O 0 0
SCHED-TRACE 11348 3393 P 43 2b80e24dd
SCHED-TRACE 11349 3394 K 46 2b12a4dd2
SCHED-TRACE 11350 3394 P 43 2b9c18106
SCHED-TRACE 11351 3395 P 43 2bafd5810
SCHED-TRACE 11352 3395 I 46 1f899a
SCHED-TRACE 11353 3395 B 46 f1
SCHED-TRACE 11354 3395 P 46 2b62cdd2e
SCHED-TRACE 11355 3395 R 46 2b62cdd2e
SCHED-TRACE 11356 3396 U 4 1f8ace
SCHED-TRACE 11357 3396 V 4 1f8b7a
SCHED-TRACE 11358 3396 O 0 0
SCHED-TRACE 11359 3396 P 46 2b80da9fb
SCHED-TRACE 11360 3397 K 73 2b12add2f
SCHED-TRACE 11361 3397 P 46 2b9c24dd2
SCHED-TRACE 11362 3398 P 46 2bafdd2f1
SCHED-TRACE 11363 3398 I 73 1f90af
SCHED-TRACE 11364 3398 B 73 f1
SCHED-TRACE 11365 3398 P 73 2b62d9581
SCHED-TRACE 11366 3398 R 73 2b62d9581
SCHED-TRACE 11367 3399 U 4 1f91e2
SCHED-TRACE 11368 3399 V 4 1f928d
SCHED-TRACE 11369 3399 O 0 0
SCHED-TRACE 11370 3399 P 73 2b80b5811
SCHED-TRACE 11371 3400 K 40 2b131fbe7
SCHED-TRACE 11372 3400 P 73 2b9c076c9
SCHED-TRACE 11373 3401 P 73 2bafbd2f2
SCHED-TRACE 11374 3401 I 40 1f97c2
SCHED-TRACE 11375 3401 B 40 ef
SCHED-TRACE 11376 3401 P 40 2b633be76
SCHED-TRACE 11377 3401 R 40 2b633be76
SCHED-TRACE 11378 3402 U 4 1f98f7
SCHED-TRACE 11379 3402 V 4 1f99a2
SCHED-TRACE 11380 3402 O 0 0
SCHED-TRACE 11381 3402 P 40 2b8141061
SCHED-TRACE 11382 3403 K 76 2b1ddbe76
SCHED-TRACE 11383 3403 P 40 2b9c8b438
SCHED-TRACE 11384 3404 P 40 2bb04624d
SCHED-TRACE 11385 3404 I 76 1f9ed7
SCHED-TRACE 11386 3404 B 76 ee
SCHED-TRACE 11387 3404 P 76 2b6dffbe7
SCHED-TRACE 11388 3404 R 76 2b6dffbe7
SCHED-TRACE 11389 3405 U 4 1fa009
SCHED-TRACE 11390 3405 V 4 1fa0b5
SCHED-TRACE 11391 3405 O 0 0
SCHED-TRACE 11392 3405 P 76 2b8bd1a9f
SCHED-TRACE 11393 3406 K 76 2b8bd1a9f
SCHED-TRACE 11394 3406 P 76 2ba71e76c
SCHED-TRACE 11395 3407 I 76 1fa5ea
SCHED-TRACE 11396 3407 B 76 f0
SCHED-TRACE 11397 3407 P 76 2c0b076c8
SCHED-TRACE 11398 3407 R 76 2c0b076c8
SCHED-TRACE 11399 3408 U 4 1fa71c
SCHED-TRACE 11400 3408 V 4 1fa7c7
SCHED-TRACE 11401 3408 O 0 0
SCHED-TRACE 11402 3408 P 76 2c28e3958
SCHED-TRACE 11403 3409 K 64 2ba50dd2e
SCHED-TRACE 11404 3409 P 76 2c4432f1a
SCHED-TRACE 11405 3410 P 76 2c57e8b43
SCHED-TRACE 11406 3410 I 64 1facfc
SCHED-TRACE 11407 3410 B 64 f1
SCHED-TRACE 11408 3410 P 64 2bf531a9f
SCHED-TRACE 11409 3410 R 64 2bf531a9f
SCHED-TRACE 11410 3411 U 4 1fae2f
SCHED-TRACE 11411 3411 V 4 1faedb
SCHED-TRACE 11412 3411 O 0 0
SCHED-TRACE 11413 3411 P 64 2c13224dc
SCHED-TRACE 11414 3412 K 31 2ba73e76c
SCHED-TRACE 11415 3412 P 64 2c2e79580
SCHED-TRACE 11416 3413 P 64 2c422f1a9
SCHED-TRACE 11417 3413 I 31 1fb410
SCHED-TRACE 11418 3413 B 31 f2
SCHED-TRACE 11419 3413 P 31 2bf769fbe
SCHED-TRACE 11420 3413 R 31 2bf769fbe
SCHED-TRACE 11421 3414 U 4 1fb542
SCHED-TRACE 11422 3414 V 4 1fb5ed
SCHED-TRACE 11423 3414 O 0 0
SCHED-TRACE 11424 3414 P 31 2c1524dd2
SCHED-TRACE 11425 3415 K 67 2ba7da9fb
SCHED-TRACE 11426 3415 P 31 2c3079581
SCHED-TRACE 11427 3416 P 31 2c4439581
SCHED-TRACE 11428 3416 I 67 1fbb23
SCHED-TRACE 11429 3416 B 67 f0
SCHED-TRACE 11430 3416 P 67 2bf7fe76c
SCHED-TRACE 11431 3416 R 67 2bf7fe76c
SCHED-TRACE 11432 3417 U 4 1fbc57
SCHED-TRACE 11433 3417 V 4 1fbd02
SCHED-TRACE 11434 3417 O 0 0
SCHED-TRACE 11435 3417 P 67 2c15f4395
SCHED-TRACE 11436 3418 K 70 2ba7f4395
SCHED-TRACE 11437 3418 P 67 2c314624d
SCHED-TRACE 11438 3419 P 67 2c4508b43
SCHED-TRACE 11439 3419 I 70 1fc237
SCHED-TRACE 11440 3419 B 70 f0
SCHED-TRACE 11441 3419 P 70 2bf801062
SCHED-TRACE 11442 3419 R 70 2bf801062
SCHED-TRACE 11443 3420 U 4 1fc36b
SCHED-TRACE 11444 3420 V 4 1fc417
SCHED-TRACE 11445 3420 O 0 0
SCHED-TRACE 11446 3420 P 70 2c15f6c8b
SCHED-TRACE 11447 3421 K 61 2baa71a9f
SCHED-TRACE 11448 3421 P 70 2c3134395
SCHED-TRACE 11449 3422 P 70 2c44f4395
SCHED-TRACE 11450 3422 I 61 1fc94c
SCHED-TRACE 11451 3422 B 61 f0
SCHED-TRACE 11452 3422 P 61 2bfa9d2f1
SCHED-TRACE 11453 3422 R 61 2bfa9d2f1
SCHED-TRACE 11454 3423 U 4 1fca7f
SCHED-TRACE 11455 3423 V 4 1fcb2b
SCHED-TRACE 11456 3423 O 0 0
SCHED-TRACE 11457 3423 P 61 2c189d2f1
SCHED-TRACE 11458 3424 K 34 2bab0dd2f
SCHED-TRACE 11459 3424 P 61 2c33f9581
SCHED-TRACE 11460 3425 P 61 2c47b1a9f
SCHED-TRACE 11461 3425 I 34 1fd061
SCHED-TRACE 11462 3425 B 34 f2
SCHED-TRACE 11463 3425 P 34 2bfb36c8b
SCHED-TRACE 11464 3425 R 34 2bfb36c8b
SCHED-TRACE 11465 3426 U 4 1fd194
SCHED-TRACE 11466 3426 V 4 1fd240
SCHED-TRACE 11467 3426 O 0 0
SCHED-TRACE 11468 3426 P 34 2c1912f1a
SCHED-TRACE 11469 3427 K 37 2bab48b43
SCHED-TRACE 11470 3427 P 34 2c3469fbe
SCHED-TRACE 11471 3428 P 34 2c4829fbe
SCHED-TRACE 11472 3428 I 37 1fd775
SCHED-TRACE 11473 3428 B 37 f1
SCHED-TRACE 11474 3428 P 37 2bfb624dd
SCHED-TRACE 11475 3428 R 37 2bfb624dd
SCHED-TRACE 11476 3429 U 4 1fd8a8
SCHED-TRACE 11477 3429 V 4 1fd953
SCHED-TRACE 11478 3429 O 0 0
SCHED-TRACE 11479 3429 P 37 2c1931a9f
SCHED-TRACE 11480 3430 K 58 2babef1a9
SCHED-TRACE 11481 3430 P 37 2c3483958
SCHED-TRACE 11482 3431 P 37 2c484624e
SCHED-TRACE 11483 3431 I 58 1fde88
SCHED-TRACE 11484 3431 B 58 ef
SCHED-TRACE 11485 3431 P 58 2bfc03957
SCHED-TRACE 11486 3431 R 58 2bfc03957
SCHED-TRACE 11487 3432 U 4 1fdfbc
SCHED-TRACE 11488 3432 V 4 1fe068
SCHED-TRACE 11489 3432 O 0 0
SCHED-TRACE 11490 3432 P 58 2c1a08b43
SCHED-TRACE 11491 3433 K 52 2bade24dc
SCHED-TRACE 11492 3433 P 58 2c3558105
SCHED-TRACE 11493 3434 P 58 2c4918105
SCHED-TRACE 11494 3434 I 52 1fe59d
SCHED-TRACE 11495 3434 B 52 f0
SCHED-TRACE 11496 3434 P 52 2bfdfe76c
SCHED-TRACE 11497 3434 R 52 2bfdfe76c
SCHED-TRACE 11498 3435 U 4 1fe6d0
SCHED-TRACE 11499 3435 V 4 1fe77c
SCHED-TRACE 11500 3435 O 0 0
SCHED-TRACE 11501 3435 P 52 2c1c0b438
SCHED-TRACE 11502 3436 K 49 2bafbbe76
SCHED-TRACE 11503 3436 P 52 2c375a9fb
SCHED-TRACE 11504 3437 P 52 2c4b1580f
SCHED-TRACE 11505 3437 I 49 1fecb1
SCHED-TRACE 11506 3437 B 49 f0
SCHED-TRACE 11507 3437 P 49 2bffd5810
SCHED-TRACE 11508 3437 R 49 2bffd5810
SCHED-TRACE 11509 3438 U 4 1fede5
SCHED-TRACE 11510 3438 V 4 1fee90
SCHED-TRACE 11511 3438 O 0 0
SCHED-TRACE 11512 3438 P 49 2c1dd5810
SCHED-TRACE 11513 3439 K 73 2bafbd2f2
SCHED-TRACE 11514 3439 P 49 2c392f1aa
SCHED-TRACE 11515 3440 P 49 2c4ce76c8
SCHED-TRACE 11516 3440 I 73 1ff3c6
SCHED-TRACE 11517 3440 B 73 f1
SCHED-TRACE 11518 3440 P 73 2bffe624e
SCHED-TRACE 11519 3440 R 73 2bffe624e
SCHED-TRACE 11520 3441 U 4 1ff4f9
SCHED-TRACE 11521 3441 V 4 1ff5a4
SCHED-TRACE 11522 3441 O 0 0
SCHED-TRACE 11523 3441 P 73 2c1dba9fc
SCHED-TRACE 11524 3442 K 43 2bafd5810
SCHED-TRACE 11525 3442 P 73 2c3914396
SCHED-TRACE 11526 3443 P 73 2c4cd6c8b
SCHED-TRACE 11527 3443 I 43 1ffad9
SCHED-TRACE 11528 3443 B 43 f1
SCHED-TRACE 11529 3443 P 43 2bffe24dd
SCHED-TRACE 11530 3443 R 43 2bffe24dd
SCHED-TRACE 11531 3444 U 4 1ffc0e
SCHED-TRACE 11532 3444 V 4 1ffcba
SCHED-TRACE 11533 3444 O 0 0
SCHED-TRACE 11534 3444 P 43 2c1dfe76c
SCHED-TRACE 11535 3445 K 46 2bafdd2f1
SCHED-TRACE 11536 3445 P 43 2c3950625
SCHED-TRACE 11537 3446 P 43 2c4d10625
SCHED-TRACE 11538 3446 I 46 2001ef
SCHED-TRACE 11539 3446 B 46 f1
SCHED-TRACE 11540 3446 P 46 2bfff4395
SCHED-TRACE 11541 3446 R 46 2bfff4395
SCHED-TRACE 11542 3447 U 4 200324
SCHED-TRACE 11543 3447 V 4 2003d0
SCHED-TRACE 11544 3447 O 0 0
SCHED-TRACE 11545 3447 P 46 2c1e1d2f1
SCHED-TRACE 11546 3448 K 40 2bb04624d
SCHED-TRACE 11547 3448 P 46 2c3958105
SCHED-TRACE 11548 3449 P 46 2c4d08b43
SCHED-TRACE 11549 3449 I 40 200905
SCHED-TRACE 11550 3449 B 40 f1
SCHED-TRACE 11551 3449 P 40 2c007be76
SCHED-TRACE 11552 3449 R 40 2c007be76
SCHED-TRACE 11553 3450 U 4 200a3a
SCHED-TRACE 11554 3450 V 4 200ae6
SCHED-TRACE 11555 3450 O 0 0
SCHED-TRACE 11556 3450 P 40 2c1e9fbe7
SCHED-TRACE 11557 3451 K 55 2bb3a9fbd
SCHED-TRACE 11558 3451 P 40 2c39fbe76
SCHED-TRACE 11559 3452 P 40 2c4db1a9f
SCHED-TRACE 11560 3452 I 55 20101b
SCHED-TRACE 11561 3452 B 55 f2
SCHED-TRACE 11562 3452 P 55 2c03c8b43
SCHED-TRACE 11563 3452 R 55 2c03c8b43
SCHED-TRACE 11564 3453 U 4 20114f
SCHED-TRACE 11565 3453 V 4 2011fb
SCHED-TRACE 11566 3453 O 0 0
SCHED-TRACE 11567 3453 P 55 2c21c8b43
SCHED-TRACE 11568 3454 K 55 2c21c8b43
SCHED-TRACE 11569 3454 P 55 2c3d224dc
SCHED-TRACE 11570 3455 I 55 201730
SCHED-TRACE 11571 3455 B 55 f2
SCHED-TRACE 11572 3455 P 55 2ca0f9580
SCHED-TRACE 11573 3455 R 55 2ca0f9580
SCHED-TRACE 11574 3456 U 4 201864
SCHED-TRACE 11575 3456 V 4 201910
SCHED-TRACE 11576 3456 O 0 0
SCHED-TRACE 11577 3456 P 55 2cbefe76b
SCHED-TRACE 11578 3457 K 64 2c422f1a9
SCHED-TRACE 11579 3457 P 55 2cda4624d
SCHED-TRACE 11580 3458 P 55 2cee01061
SCHED-TRACE 11581 3458 I 64 201e45
SCHED-TRACE 11582 3458 B 64 ea
SCHED-TRACE 11583 3458 P 64 2c9243957
SCHED-TRACE 11584 3458 R 64 2c9243957
SCHED-TRACE 11585 3459 U 4 201f78
SCHED-TRACE 11586 3459 V 4 202023
SCHED-TRACE 11587 3459 O 0 0
SCHED-TRACE 11588 3459 P 64 2cb0276c8
SCHED-TRACE 11589 3460 K 31 2c4439581
SCHED-TRACE 11590 3460 P 64 2ccb74395
SCHED-TRACE 11591 3461 P 64 2cdf2f1a9
SCHED-TRACE 11592 3461 I 31 202558
SCHED-TRACE 11593 3461 B 31 ef
SCHED-TRACE 11594 3461 P 31 2c9450624
SCHED-TRACE 11595 3461 R 31 2c9450624
SCHED-TRACE 11596 3462 U 4 202689
SCHED-TRACE 11597 3462 V 4 202735
SCHED-TRACE 11598 3462 O 0 0
SCHED-TRACE 11599 3462 P 31 2cb2224dd
SCHED-TRACE 11600 3463 K 70 2c44f4395
SCHED-TRACE 11601 3463 P 31 2ccd71a9f
SCHED-TRACE 11602 3464 P 31 2ce12f1a9
SCHED-TRACE 11603 3464 I 70 202c6a
SCHED-TRACE 11604 3464 B 70 ee
SCHED-TRACE 11605 3464 P 70 2c950b439
SCHED-TRACE 11606 3464 R 70 2c950b439
SCHED-TRACE 11607 3465 U 4 202d9d
SCHED-TRACE 11608 3465 V 4 202e49
SCHED-TRACE 11609 3465 O 0 0
SCHED-TRACE 11610 3465 P 70 2cb2f6c8b
SCHED-TRACE 11611 3466 K 67 2c4508b43
SCHED-TRACE 11612 3466 P 70 2cce4dd2f
SCHED-TRACE 11613 3467 P 70 2ce212f1a
SCHED-TRACE 11614 3467 I 67 20337f
SCHED-TRACE 11615 3467 B 67 f1
SCHED-TRACE 11616 3467 P 67 2c9529fbe
SCHED-TRACE 11617 3467 R 67 2c9529fbe
SCHED-TRACE 11618 3468 U 4 2034b3
SCHED-TRACE 11619 3468 V 4 20355e
SCHED-TRACE 11620 3468 O 0 0
SCHED-TRACE 11621 3468 P 67 2cb301061
SCHED-TRACE 11622 3469 K 61 2c47b1a9f
SCHED-TRACE 11623 3469 P 67 2cce5a9fb
SCHED-TRACE 11624 3470 P 67 2ce21a9fb
SCHED-TRACE 11625 3470 I 61 203a93
SCHED-TRACE 11626 3470 B 61 f1
SCHED-TRACE 11627 3470 P 61 2c97d2f1a
SCHED-TRACE 11628 3470 R 61 2c97d2f1a
SCHED-TRACE 11629 3471 U 4 203bc7
SCHED-TRACE 11630 3471 V 4 203c73
SCHED-TRACE 11631 3471 O 0 0
SCHED-TRACE 11632 3471 P 61 2cb5dd2f1
SCHED-TRACE 11633 3472 K 34 2c4829fbe
SCHED-TRACE 11634 3472 P 61 2cd12c8b4
SCHED-TRACE 11635 3473 P 61 2ce4e9fbe
SCHED-TRACE 11636 3473 I 34 2041a8
SCHED-TRACE 11637 3473 B 34 f0
SCHED-TRACE 11638 3473 P 34 2c983be76
SCHED-TRACE 11639 3473 R 34 2c983be76
SCHED-TRACE 11640 3474 U 4 2042db
SCHED-TRACE 11641 3474 V 4 204387
SCHED-TRACE 11642 3474 O 0 0
SCHED-TRACE 11643 3474 P 34 2cb624dd2
SCHED-TRACE 11644 3475 K 37 2c484624e
SCHED-TRACE 11645 3475 P 34 2cd164dd2
SCHED-TRACE 11646 3476 P 34 2ce515810
SCHED-TRACE 11647 3476 I 37 2048bc
SCHED-TRACE 11648 3476 B 37 f1
SCHED-TRACE 11649 3476 P 37 2c9881062
SCHED-TRACE 11650 3476 R 37 2c9881062
SCHED-TRACE 11651 3477 U 4 2049ee
SCHED-TRACE 11652 3477 V 4 204a9a
SCHED-TRACE 11653 3477 O 0 0
SCHED-TRACE 11654 3477 P 37 2cb658106
SCHED-TRACE 11655 3478 K 58 2c4918105
SCHED-TRACE 11656 3478 P 37 2cd1b4395
SCHED-TRACE 11657 3479 P 37 2ce571a9f
SCHED-TRACE 11658 3479 I 58 204fd0
SCHED-TRACE 11659 3479 B 58 f2
SCHED-TRACE 11660 3479 P 58 2c9943957
SCHED-TRACE 11661 3479 R 58 2c9943957
SCHED-TRACE 11662 3480 U 4 205104
SCHED-TRACE 11663 3480 V 4 2051b0
SCHED-TRACE 11664 3480 O 0 0
SCHED-TRACE 11665 3480 P 58 2cb74624d
SCHED-TRACE 11666 3481 K 52 2c4b1580f
SCHED-TRACE 11667 3481 P 58 2cd2a24dc
SCHED-TRACE 11668 3482 P 58 2ce664dd2
SCHED-TRACE 11669 3482 I 52 2056e6
SCHED-TRACE 11670 3482 B 52 f1
SCHED-TRACE 11671 3482 P 52 2c9b39580
SCHED-TRACE 11672 3482 R 52 2c9b39580
SCHED-TRACE 11673 3483 U 4 20581b
SCHED-TRACE 11674 3483 V 4 2058c6
SCHED-TRACE 11675 3483 O 0 0
SCHED-TRACE 11676 3483 P 52 2cb94624d
SCHED-TRACE 11677 3484 K 73 2c4cd6c8b
SCHED-TRACE 11678 3484 P 52 2cd49d2f1
SCHED-TRACE 11679 3485 P 52 2ce85a9fb
SCHED-TRACE 11680 3485 I 73 205dfc
SCHED-TRACE 11681 3485 B 73 f2
SCHED-TRACE 11682 3485 P 73 2c9cffbe8
SCHED-TRACE 11683 3485 R 73 2c9cffbe8
SCHED-TRACE 11684 3486 U 4 205f2f
SCHED-TRACE 11685 3486 V 4 205fdb
SCHED-TRACE 11686 3486 O 0 0
SCHED-TRACE 11687 3486 P 73 2cbaeb439
SCHED-TRACE 11688 3487 K 49 2c4ce76c8
SCHED-TRACE 11689 3487 P 73 2cd63d2f2
SCHED-TRACE 11690 3488 P 73 2ce9fa9fc
SCHED-TRACE 11691 3488 I 49 206510
SCHED-TRACE 11692 3488 B 49 f0
SCHED-TRACE 11693 3488 P 49 2c9d01062
SCHED-TRACE 11694 3488 R 49 2c9d01062
SCHED-TRACE 11695 3489 U 4 206644
SCHED-TRACE 11696 3489 V 4 2066f0
SCHED-TRACE 11697 3489 O 0 0
SCHED-TRACE 11698 3489 P 49 2cbb15810
SCHED-TRACE 11699 3490 K 46 2c4d08b43
SCHED-TRACE 11700 3490 P 49 2cd6676c8
SCHED-TRACE 11701 3491 P 49 2cea224dd
SCHED-TRACE 11702 3491 I 46 206c25
SCHED-TRACE 11703 3491 B 46 ee
SCHED-TRACE 11704 3491 P 46 2c9d24dd2
SCHED-TRACE 11705 3491 R 46 2c9d24dd2
SCHED-TRACE 11706 3492 U 4 206d5a
SCHED-TRACE 11707 3492 V 4 206e05
SCHED-TRACE 11708 3492 O 0 0
SCHED-TRACE 11709 3492 P 46 2cbb2c8b3
SCHED-TRACE 11710 3493 K 43 2c4d10625
SCHED-TRACE 11711 3493 P 46 2cd688b43
SCHED-TRACE 11712 3494 P 46 2cea4b438
SCHED-TRACE 11713 3494 I 43 20733b
SCHED-TRACE 11714 3494 B 43 f2
SCHED-TRACE 11715 3494 P 43 2c9d31a9f
SCHED-TRACE 11716 3494 R 43 2c9d31a9f
SCHED-TRACE 11717 3495 U 4 207471
SCHED-TRACE 11718 3495 V 4 20751d
SCHED-TRACE 11719 3495 O 0 0
SCHED-TRACE 11720 3495 P 43 2cbb52f1a
SCHED-TRACE 11721 3496 K 40 2c4db1a9f
SCHED-TRACE 11722 3496 P 43 2cd6b4395
SCHED-TRACE 11723 3497 P 43 2cea71a9f
SCHED-TRACE 11724 3497 I 40 207a52
SCHED-TRACE 11725 3497 B 40 f2
SCHED-TRACE 11726 3497 P 40 2c9dcdd2e
SCHED-TRACE 11727 3497 R 40 2c9dcdd2e
SCHED-TRACE 11728 3498 U 4 207b88
SCHED-TRACE 11729 3498 V 4 207c34
SCHED-TRACE 11730 3498 O 0 0
SCHED-TRACE 11731 3498 P 40 2cbbfbe76
SCHED-TRACE 11732 3499 K 76 2c57e8b43
SCHED-TRACE 11733 3499 P 40 2cd74dd2e
SCHED-TRACE 11734 3500 P 40 2ceb0dd2e
SCHED-TRACE 11735 3500 I 76 208169
SCHED-TRACE 11736 3500 B 76 f2
SCHED-TRACE 11737 3500 P 76 2ca8024dd
SCHED-TRACE 11738 3500 R 76 2ca8024dd
SCHED-TRACE 11739 3501 U 4 20829c
SCHED-TRACE 11740 3501 V 4 208348
SCHED-TRACE 11741 3501 O 0 0
SCHED-TRACE 11742 3501 P 76 2cc5f5810
SCHED-TRACE 11743 3502 K 76 2cc5f5810
SCHED-TRACE 11744 3502 P 76 2ce13d2f1
SCHED-TRACE 11745 3503 I 76 20887e
SCHED-TRACE 11746 3503 B 76 f0
SCHED-TRACE 11747 3503 P 76 2d452624d
SCHED-TRACE 11748 3503 R 76 2d452624d
SCHED-TRACE 11749 3504 U 4 2089b1
SCHED-TRACE 11750 3504 V 4 208a5c
SCHED-TRACE 11751 3504 O 0 0
SCHED-TRACE 11752 3504 P 76 2d63076c8
SCHED-TRACE 11753 3505 K 64 2cdf2f1a9
SCHED-TRACE 11754 3505 P 76 2d7e5be76
SCHED-TRACE 11755 3506 P 76 2d9211a9f
SCHED-TRACE 11756 3506 I 64 208f92
SCHED-TRACE 11757 3506 B 64 f1
SCHED-TRACE 11758 3506 P 64 2d2f5fbe7
SCHED-TRACE 11759 3506 R 64 2d2f5fbe7
SCHED-TRACE 11760 3507 U 4 2090c5
SCHED-TRACE 11761 3507 V 4 209171
SCHED-TRACE 11762 3507 O 0 0
SCHED-TRACE 11763 3507 P 64 2d4d4b439
SCHED-TRACE 11764 3508 K 31 2ce12f1a9
SCHED-TRACE 11765 3508 P 64 2d68a4dd2
SCHED-TRACE 11766 3509 P 64 2d7c5fbe7
SCHED-TRACE 11767 3509 I 31 2096a6
SCHED-TRACE 11768 3509 B 31 f2
SCHED-TRACE 11769 3509 P 31 2d314624d
SCHED-TRACE 11770 3509 R 31 2d314624d
SCHED-TRACE 11771 3510 U 4 2097d9
SCHED-TRACE 11772 3510 V 4 209885
SCHED-TRACE 11773 3510 O 0 0
SCHED-TRACE 11774 3510 P 31 2d4f24dd2
SCHED-TRACE 11775 3511 K 70 2ce212f1a
SCHED-TRACE 11776 3511 P 31 2d6a7be76
SCHED-TRACE 11777 3512 P 31 2d7e3be76
SCHED-TRACE 11778 3512 I 70 209dba
SCHED-TRACE 11779 3512 B 70 f2
SCHED-TRACE 11780 3512 P 70 2d3234395
SCHED-TRACE 11781 3512 R 70 2d3234395
SCHED-TRACE 11782 3513 U 4 209eed
SCHED-TRACE 11783 3513 V 4 209f99
SCHED-TRACE 11784 3513 O 0 0
SCHED-TRACE 11785 3513 P 70 2d50276c8
SCHED-TRACE 11786 3514 K 67 2ce21a9fb
SCHED-TRACE 11787 3514 P 70 2d6b79581
SCHED-TRACE 11788 3515 P 70 2d7f39581
SCHED-TRACE 11789 3515 I 67 20a4ce
SCHED-TRACE 11790 3515 B 67 f0
SCHED-TRACE 11791 3515 P 67 2d322c8b3
SCHED-TRACE 11792 3515 R 67 2d322c8b3
SCHED-TRACE 11793 3516 U 4 20a600
SCHED-TRACE 11794 3516 V 4 20a6ab
SCHED-TRACE 11795 3516 O 0 0
SCHED-TRACE 11796 3516 P 67 2d5008b43
SCHED-TRACE 11797 3517 K 61 2ce4e9fbe
SCHED-TRACE 11798 3517 P 67 2d6b5d2f1
SCHED-TRACE 11799 3518 P 67 2d7f1a9fb
SCHED-TRACE 11800 3518 I 61 20abe1
SCHED-TRACE 11801 3518 B 61 ef
SCHED-TRACE 11802 3518 P 61 2d350dd2f
SCHED-TRACE 11803 3518 R 61 2d350dd2f
SCHED-TRACE 11804 3519 U 4 20ad15
SCHED-TRACE 11805 3519 V 4 20adc0
SCHED-TRACE 11806 3519 O 0 0
SCHED-TRACE 11807 3519 P 61 2d52f4395
SCHED-TRACE 11808 3520 K 34 2ce515810
SCHED-TRACE 11809 3520 P 61 2d6e4b439
SCHED-TRACE 11810 3521 P 61 2d820b439
SCHED-TRACE 11811 3521 I 34 20b2f5
SCHED-TRACE 11812 3521 B 34 f1
SCHED-TRACE 11813 3521 P 34 2d352f1a9
SCHED-TRACE 11814 3521 R 34 2d352f1a9
SCHED-TRACE 11815 3522 U 4 20b428
SCHED-TRACE 11816 3522 V 4 20b4d4
SCHED-TRACE 11817 3522 O 0 0
SCHED-TRACE 11818 3522 P 34 2d5308b43
SCHED-TRACE 11819 3523 K 37 2ce571a9f
SCHED-TRACE 11820 3523 P 34 2d6e55810
SCHED-TRACE 11821 3524 P 34 2d8210624
SCHED-TRACE 11822 3524 I 37 20ba09
SCHED-TRACE 11823 3524 B 37 f2
SCHED-TRACE 11824 3524 P 37 2d35a4dd3
SCHED-TRACE 11825 3524 R 37 2d35a4dd3
SCHED-TRACE 11826 3525 U 4 20bb3c
SCHED-TRACE 11827 3525 V 4 20bbe8
SCHED-TRACE 11828 3525 O 0 0
SCHED-TRACE 11829 3525 P 37 2d538dd2f
SCHED-TRACE 11830 3526 K 58 2ce664dd2
SCHED-TRACE 11831 3526 P 37 2d6ee24dd
SCHED-TRACE 11832 3527 P 37 2d829fbe7
SCHED-TRACE 11833 3527 I 58 20c11e
SCHED-TRACE 11834 3527 B 58 f2
SCHED-TRACE 11835 3527 P 58 2d3690624
SCHED-TRACE 11836 3527 R 58 2d3690624
SCHED-TRACE 11837 3528 U 4 20c252
SCHED-TRACE 11838 3528 V 4 20c2ff
SCHED-TRACE 11839 3528 O 0 0
SCHED-TRACE 11840 3528 P 58 2d54a9fbe
SCHED-TRACE 11841 3529 K 52 2ce85a9fb
SCHED-TRACE 11842 3529 P 58 2d700b439
SCHED-TRACE 11843 3530 P 58 2d83be76c
SCHED-TRACE 11844 3530 I 52 20c835
SCHED-TRACE 11845 3530 B 52 f1
SCHED-TRACE 11846 3530 P 52 2d388624d
SCHED-TRACE 11847 3530 R 52 2d388624d
SCHED-TRACE 11848 3531 U 4 20c96a
SCHED-TRACE 11849 3531 V 4 20ca15
SCHED-TRACE 11850 3531 O 0 0
SCHED-TRACE 11851 3531 P 52 2d5688b43
SCHED-TRACE 11852 3532 K 73 2ce9fa9fc
SCHED-TRACE 11853 3532 P 52 2d71e24dc
SCHED-TRACE 11854 3533 P 52 2d859fbe6
SCHED-TRACE 11855 3533 I 73 20cf4b
SCHED-TRACE 11856 3533 B 73 f1
SCHED-TRACE 11857 3533 P 73 2d3a1e76d
SCHED-TRACE 11858 3533 R 73 2d3a1e76d
SCHED-TRACE 11859 3534 U 4 20d07f
SCHED-TRACE 11860 3534 V 4 20d12b
SCHED-TRACE 11861 3534 O 0 0
SCHED-TRACE 11862 3534 P 73 2d5816c8b
SCHED-TRACE 11863 3535 K 49 2cea224dd
SCHED-TRACE 11864 3535 P 73 2d7378106
SCHED-TRACE 11865 3536 P 73 2d873a9fc
SCHED-TRACE 11866 3536 I 49 20d660
SCHED-TRACE 11867 3536 B 49 f3
SCHED-TRACE 11868 3536 P 49 2d3a31a9f
SCHED-TRACE 11869 3536 R 49 2d3a31a9f
SCHED-TRACE 11870 3537 U 4 20d795
SCHED-TRACE 11871 3537 V 4 20d841
SCHED-TRACE 11872 3537 O 0 0
SCHED-TRACE 11873 3537 P 49 2d5852f1a
SCHED-TRACE 11874 3538 K 46 2cea4b438
SCHED-TRACE 11875 3538 P 49 2d73ac8b4
SCHED-TRACE 11876 3539 P 49 2d8771a9f
SCHED-TRACE 11877 3539 I 46 20dd77
SCHED-TRACE 11878 3539 B 46 f3
SCHED-TRACE 11879 3539 P 46 2d3a624dc
SCHED-TRACE 11880 3539 R 46 2d3a624dc
SCHED-TRACE 11881 3540 U 4 20deac
SCHED-TRACE 11882 3540 V 4 20df58
SCHED-TRACE 11883 3540 O 0 0
SCHED-TRACE 11884 3540 P 46 2d588b438
SCHED-TRACE 11885 3541 K 43 2cea71a9f
SCHED-TRACE 11886 3541 P 46 2d73e76c8
SCHED-TRACE 11887 3542 P 46 2d87a9fbd
SCHED-TRACE 11888 3542 I 43 20e48e
SCHED-TRACE 11889 3542 B 43 f1
SCHED-TRACE 11890 3542 P 43 2d3a8b439
SCHED-TRACE 11891 3542 R 43 2d3a8b439
SCHED-TRACE 11892 3543 U 4 20e5c2
SCHED-TRACE 11893 3543 V 4 20e66d
SCHED-TRACE 11894 3543 O 0 0
SCHED-TRACE 11895 3543 P 43 2d5898106
SCHED-TRACE 11896 3544 K 40 2ceb0dd2e
SCHED-TRACE 11897 3544 P 43 2d73e4dd3
SCHED-TRACE 11898 3545 P 43 2d87a4dd3
SCHED-TRACE 11899 3545 I 40 20eba3
SCHED-TRACE 11900 3545 B 40 ec
SCHED-TRACE 11901 3545 P 40 2d3b29fbe
SCHED-TRACE 11902 3545 R 40 2d3b29fbe
SCHED-TRACE 11903 3546 U 4 20ecd8
SCHED-TRACE 11904 3546 V 4 20ed83
SCHED-TRACE 11905 3546 O 0 0
SCHED-TRACE 11906 3546 P 40 2d5931a9f
SCHED-TRACE 11907 3547 K 55 2cee01061
SCHED-TRACE 11908 3547 P 40 2d7488b43
SCHED-TRACE 11909 3548 P 40 2d8848b43
SCHED-TRACE 11910 3548 I 55 20f2b8
SCHED-TRACE 11911 3548 B 55 f0
SCHED-TRACE 11912 3548 P 55 2d3e18105
SCHED-TRACE 11913 3548 R 55 2d3e18105
SCHED-TRACE 11914 3549 U 4 20f3ed
SCHED-TRACE 11915 3549 V 4 20f499
SCHED-TRACE 11916 3549 O 0 0
SCHED-TRACE 11917 3549 P 55 2d5c224dc
SCHED-TRACE 11918 3550 K 55 2d5c224dc
SCHED-TRACE 11919 3550 P 55 2d7771a9f
SCHED-TRACE 11920 3551 I 55 20f9cd
SCHED-TRACE 11921 3551 B 55 f1
SCHED-TRACE 11922 3551 P 55 2ddb4624d
SCHED-TRACE 11923 3551 R 55 2ddb4624d
SCHED-TRACE 11924 3552 U 4 20fb02
SCHED-TRACE 11925 3552 V 4 20fbae
SCHED-TRACE 11926 3552 O 0 0
SCHED-TRACE 11927 3552 P 55 2df95fbe6
SCHED-TRACE 11928 3553 K 64 2d7c5fbe7
SCHED-TRACE 11929 3553 P 55 2e14b6c8a
SCHED-TRACE 11930 3554 P 55 2e286f1a9
SCHED-TRACE 11931 3554 I 64 2100e3
SCHED-TRACE 11932 3554 B 64 f2
SCHED-TRACE 11933 3554 P 64 2dcc7be76
SCHED-TRACE 11934 3554 R 64 2dcc7be76
SCHED-TRACE 11935 3555 U 4 210217
SCHED-TRACE 11936 3555 V 4 2102c3
SCHED-TRACE 11937 3555 O 0 0
SCHED-TRACE 11938 3555 P 64 2dea7be76
SCHED-TRACE 11939 3556 K 31 2d7e3be76
SCHED-TRACE 11940 3556 P 64 2e05d8105
SCHED-TRACE 11941 3557 P 64 2e198624d
SCHED-TRACE 11942 3557 I 31 2107f9
SCHED-TRACE 11943 3557 B 31 f1
SCHED-TRACE 11944 3557 P 31 2dce6f1a9
SCHED-TRACE 11945 3557 R 31 2dce6f1a9
SCHED-TRACE 11946 3558 U 4 21092c
SCHED-TRACE 11947 3558 V 4 2109d7
SCHED-TRACE 11948 3558 O 0 0
SCHED-TRACE 11949 3558 P 31 2dec41062
SCHED-TRACE 11950 3559 K 67 2d7f1a9fb
SCHED-TRACE 11951 3559 P 31 2e079d2f1
SCHED-TRACE 11952 3560 P 31 2e1b5fbe7
SCHED-TRACE 11953 3560 I 67 210f0d
SCHED-TRACE 11954 3560 B 67 f2
SCHED-TRACE 11955 3560 P 67 2dcf3e76c
SCHED-TRACE 11956 3560 R 67 2dcf3e76c
SCHED-TRACE 11957 3561 U 4 211041
SCHED-TRACE 11958 3561 V 4 2110ed
SCHED-TRACE 11959 3561 O 0 0
SCHED-TRACE 11960 3561 P 67 2ded41061
SCHED-TRACE 11961 3562 K 70 2d7f39581
SCHED-TRACE 11962 3562 P 67 2e089d2f1
SCHED-TRACE 11963 3563 P 67 2e1c5fbe7
SCHED-TRACE 11964 3563 I 70 211622
SCHED-TRACE 11965 3563 B 70 f1
SCHED-TRACE 11966 3563 P 70 2dcf43958
SCHED-TRACE 11967 3563 R 70 2dcf43958
SCHED-TRACE 11968 3564 U 4 211755
SCHED-TRACE 11969 3564 V 4 211801
SCHED-TRACE 11970 3564 O 0 0
SCHED-TRACE 11971 3564 P 70 2ded3e76c
SCHED-TRACE 11972 3565 K 61 2d820b439
SCHED-TRACE 11973 3565 P 70 2e0898106
SCHED-TRACE 11974 3566 P 70 2e1c58106
SCHED-TRACE 11975 3566 I 61 211d37
SCHED-TRACE 11976 3566 B 61 f2
SCHED-TRACE 11977 3566 P 61 2dd22f1aa
SCHED-TRACE 11978 3566 R 61 2dd22f1aa
SCHED-TRACE 11979 3567 U 4 211e6b
SCHED-TRACE 11980 3567 V 4 211f17
SCHED-TRACE 11981 3567 O 0 0
SCHED-TRACE 11982 3567 P 61 2df041062
SCHED-TRACE 11983 3568 K 34 2d8210624
SCHED-TRACE 11984 3568 P 61 2e0ba4dd3
SCHED-TRACE 11985 3569 P 61 2e1f624dd
SCHED-TRACE 11986 3569 I 34 21244d
SCHED-TRACE 11987 3569 B 34 f2
SCHED-TRACE 11988 3569 P 34 2dd229fbe
SCHED-TRACE 11989 3569 R 34 2dd229fbe
SCHED-TRACE 11990 3570 U 4 212580
SCHED-TRACE 11991 3570 V 4 21262b
SCHED-TRACE 11992 3570 O 0 0
SCHED-TRACE 11993 3570 P 34 2defe24dd
SCHED-TRACE 11994 3571 K 37 2d829fbe7
SCHED-TRACE 11995 3571 P 34 2e0b36c8b
SCHED-TRACE 11996 3572 P 34 2e1ef6c8b
SCHED-TRACE 11997 3572 I 37 212b60
SCHED-TRACE 11998 3572 B 37 ef
SCHED-TRACE 11999 3572 P 37 2dd2b4395
SCHED-TRACE 12000 3572 R 37 2dd2b4395
SCHED-TRACE 12001 3573 U 4 212c93
SCHED-TRACE 12002 3573 V 4 212d3e
SCHED-TRACE 12003 3573 O 0 0
SCHED-TRACE 12004 3573 P 37 2df083958
SCHED-TRACE 12005 3574 K 58 2d83be76c
SCHED-TRACE 12006 3574 P 37 2e0bdfbe7
SCHED-TRACE 12007 3575 P 37 2e1fa4dd3
SCHED-TRACE 12008 3575 I 58 213274
SCHED-TRACE 12009 3575 B 58 f0
SCHED-TRACE 12010 3575 P 58 2dd3da9fb
SCHED-TRACE 12011 3575 R 58 2dd3da9fb
SCHED-TRACE 12012 3576 U 4 2133a9
SCHED-TRACE 12013 3576 V 4 213455
SCHED-TRACE 12014 3576 O 0 0
SCHED-TRACE 12015 3576 P 58 2df1fbe76
SCHED-TRACE 12016 3577 K 52 2d859fbe6
SCHED-TRACE 12017 3577 P 58 2e0d4b439
SCHED-TRACE 12018 3578 P 58 2e2110624
SCHED-TRACE 12019 3578 I 52 21398b
SCHED-TRACE 12020 3578 B 52 f2
SCHED-TRACE 12021 3578 P 52 2dd5c3957
SCHED-TRACE 12022 3578 R 52 2dd5c3957
SCHED-TRACE 12023 3579 U 4 213ac0
SCHED-TRACE 12024 3579 V 4 213b6c
SCHED-TRACE 12025 3579 O 0 0
SCHED-TRACE 12026 3579 P 52 2df3e24dc
SCHED-TRACE 12027 3580 K 73 2d873a9fc
SCHED-TRACE 12028 3580 P 52 2e0f39580
SCHED-TRACE 12029 3581 P 52 2e22f4395
SCHED-TRACE 12030 3581 I 73 2140a2
SCHED-TRACE 12031 3581 B 73 f2
SCHED-TRACE 12032 3581 P 73 2dd768b44
SCHED-TRACE 12033 3581 R 73 2dd768b44
SCHED-TRACE 12034 3582 U 4 2141d6
SCHED-TRACE 12035 3582 V 4 214282
SCHED-TRACE 12036 3582 O 0 0
SCHED-TRACE 12037 3582 P 73 2df56624e
SCHED-TRACE 12038 3583 K 49 2d8771a9f
SCHED-TRACE 12039 3583 P 73 2e10c76c9
SCHED-TRACE 12040 3584 P 73 2e247a9fc
SCHED-TRACE 12041 3584 I 49 2147b8
SCHED-TRACE 12042 3584 B 49 f1
SCHED-TRACE 12043 3584 P 49 2dd79d2f1
SCHED-TRACE 12044 3584 R 49 2dd79d2f1
SCHED-TRACE 12045 3585 U 4 2148ed
SCHED-TRACE 12046 3585 V 4 214999
SCHED-TRACE 12047 3585 O 0 0
SCHED-TRACE 12048 3585 P 49 2df5af1aa
SCHED-TRACE 12049 3586 K 43 2d87a4dd3
SCHED-TRACE 12050 3586 P 49 2e110dd2f
SCHED-TRACE 12051 3587 P 49 2e24d0624
SCHED-TRACE 12052 3587 I 43 214ece
SCHED-TRACE 12053 3587 B 43 f2
SCHED-TRACE 12054 3587 P 43 2dd7b6c8b
SCHED-TRACE 12055 3587 R 43 2dd7b6c8b
SCHED-TRACE 12056 3588 U 4 215004
SCHED-TRACE 12057 3588 V 4 2150b0
SCHED-TRACE 12058 3588 O 0 0
SCHED-TRACE 12059 3588 P 43 2df5dd2f1
SCHED-TRACE 12060 3589 K 46 2d87a9fbd
SCHED-TRACE 12061 3589 P 43 2e1134395
SCHED-TRACE 12062 3590 P 43 2e24f4395
SCHED-TRACE 12063 3590 I 46 2155e5
SCHED-TRACE 12064 3590 B 46 f0
SCHED-TRACE 12065 3590 P 46 2dd7c3957
SCHED-TRACE 12066 3590 R 46 2dd7c3957
SCHED-TRACE 12067 3591 U 4 21571a
SCHED-TRACE 12068 3591 V 4 2157c6
SCHED-TRACE 12069 3591 O 0 0
SCHED-TRACE 12070 3591 P 46 2df5e76c8
SCHED-TRACE 12071 3592 K 40 2d8848b43
SCHED-TRACE 12072 3592 P 46 2e1141061
SCHED-TRACE 12073 3593 P 46 2e24fe76c
SCHED-TRACE 12074 3593 I 40 215cfb
SCHED-TRACE 12075 3593 B 40 f2
SCHED-TRACE 12076 3593 P 40 2dd8624dc
SCHED-TRACE 12077 3593 R 40 2dd8624dc
SCHED-TRACE 12078 3594 U 4 215e30
SCHED-TRACE 12079 3594 V 4 215edd
SCHED-TRACE 12080 3594 O 0 0
SCHED-TRACE 12081 3594 P 40 2df69a9fb
SCHED-TRACE 12082 3595 K 76 2d9211a9f
SCHED-TRACE 12083 3595 P 40 2e11f9580
SCHED-TRACE 12084 3596 P 40 2e25b6c8a
SCHED-TRACE 12085 3596 I 76 216413
SCHED-TRACE 12086 3596 B 76 f2
SCHED-TRACE 12087 3596 P 76 2de23a9fb
SCHED-TRACE 12088 3596 R 76 2de23a9fb
SCHED-TRACE 12089 3597 U 4 216546
SCHED-TRACE 12090 3597 V 4 2165f1
SCHED-TRACE 12091 3597 O 0 0
SCHED-TRACE 12092 3597 P 76 2dfffd2f1
SCHED-TRACE 12093 3598 K 76 2dfffd2f1
SCHED-TRACE 12094 3598 P 76 2e1b51a9f
SCHED-TRACE 12095 3599 I 76 216b27
SCHED-TRACE 12096 3599 B 76 ef
SCHED-TRACE 12097 3599 P 76 2e7f38106
SCHED-TRACE 12098 3599 R 76 2e7f38106
SCHED-TRACE 12099 3600 U 4 216c5a
SCHED-TRACE 12100 3600 V 4 216d06
SCHED-TRACE 12101 3600 O 0 0
SCHED-TRACE 12102 3600 P 76 2e9d2624d
SCHED-TRACE 12103 3601 K 64 2e198624d
SCHED-TRACE 12104 3601 P 76 2eb87fbe7
SCHED-TRACE 12105 3602 P 76 2ecc3d2f1
SCHED-TRACE 12106 3602 I 64 21723b
SCHED-TRACE 12107 3602 B 64 f1
SCHED-TRACE 12108 3602 P 64 2e6995810
SCHED-TRACE 12109 3602 R 64 2e6995810
SCHED-TRACE 12110 3603 U 4 21736f
SCHED-TRACE 12111 3603 V 4 21741c
SCHED-TRACE 12112 3603 O 0 0
SCHED-TRACE 12113 3603 P 64 2e879d2f1
SCHED-TRACE 12114 3604 K 31 2e1b5fbe7
SCHED-TRACE 12115 3604 P 64 2ea2e9fbe
SCHED-TRACE 12116 3605 P 64 2eb6a76c8
SCHED-TRACE 12117 3605 I 31 217951
SCHED-TRACE 12118 3605 B 31 ef
SCHED-TRACE 12119 3605 P 31 2e6b79581
SCHED-TRACE 12120 3605 R 31 2e6b79581
SCHED-TRACE 12121 3606 U 4 217a84
SCHED-TRACE 12122 3606 V 4 217b30
SCHED-TRACE 12123 3606 O 0 0
SCHED-TRACE 12124 3606 P 31 2e8969fbe
SCHED-TRACE 12125 3607 K 70 2e1c58106
SCHED-TRACE 12126 3607 P 31 2ea4d2f1a
SCHED-TRACE 12127 3608 P 31 2eb892f1a
SCHED-TRACE 12128 3608 I 70 218066
SCHED-TRACE 12129 3608 B 70 f2
SCHED-TRACE 12130 3608 P 70 2e6c676c8
SCHED-TRACE 12131 3608 R 70 2e6c676c8
SCHED-TRACE 12132 3609 U 4 21819b
SCHED-TRACE 12133 3609 V 4 218247
SCHED-TRACE 12134 3609 O 0 0
SCHED-TRACE 12135 3609 P 70 2e8a76c8b
SCHED-TRACE 12136 3610 K 67 2e1c5fbe7
SCHED-TRACE 12137 3610 P 70 2ea5da9fc
SCHED-TRACE 12138 3611 P 70 2eb9a24dd
SCHED-TRACE 12139 3611 I 67 21877d
SCHED-TRACE 12140 3611 B 67 f2
SCHED-TRACE 12141 3611 P 67 2e6c69fbe
SCHED-TRACE 12142 3611 R 67 2e6c69fbe
SCHED-TRACE 12143 3612 U 4 2188b1
SCHED-TRACE 12144 3612 V 4 21895c
SCHED-TRACE 12145 3612 O 0 0
SCHED-TRACE 12146 3612 P 67 2e8a52f1a
SCHED-TRACE 12147 3613 K 34 2e1ef6c8b
SCHED-TRACE 12148 3613 P 67 2ea5af1a9
SCHED-TRACE 12149 3614 P 67 2eb96c8b3
SCHED-TRACE 12150 3614 I 34 218e92
SCHED-TRACE 12151 3614 B 34 f1
SCHED-TRACE 12152 3614 P 34 2e6f1fbe7
SCHED-TRACE 12153 3614 R 34 2e6f1fbe7
SCHED-TRACE 12154 3615 U 4 218fc5
SCHED-TRACE 12155 3615 V 4 219071
SCHED-TRACE 12156 3615 O 0 0
SCHED-TRACE 12157 3615 P 34 2e8d10624
SCHED-TRACE 12158 3616 K 61 2e1f624dd
SCHED-TRACE 12159 3616 P 34 2ea8676c8
SCHED-TRACE 12160 3617 P 34 2ebc276c8
SCHED-TRACE 12161 3617 I 61 2195a7
SCHED-TRACE 12162 3617 B 61 f2
SCHED-TRACE 12163 3617 P 61 2e6f88b43
SCHED-TRACE 12164 3617 R 61 2e6f88b43
SCHED-TRACE 12165 3618 U 4 2196da
SCHED-TRACE 12166 3618 V 4 219786
SCHED-TRACE 12167 3618 O 0 0
SCHED-TRACE 12168 3618 P 61 2e8d8b439
SCHED-TRACE 12169 3619 K 37 2e1fa4dd3
SCHED-TRACE 12170 3619 P 61 2ea8e4dd3
SCHED-TRACE 12171 3620 P 61 2ebc9fbe7
SCHED-TRACE 12172 3620 I 37 219cbc
SCHED-TRACE 12173 3620 B 37 f3
SCHED-TRACE 12174 3620 P 37 2e6fcdd2f
SCHED-TRACE 12175 3620 R 37 2e6fcdd2f
SCHED-TRACE 12176 3621 U 4 219def
SCHED-TRACE 12177 3621 V 4 219e9a
SCHED-TRACE 12178 3621 O 0 0
SCHED-TRACE 12179 3621 P 37 2e8db1a9f
SCHED-TRACE 12180 3622 K 58 2e2110624
SCHED-TRACE 12181 3622 P 37 2ea912f1a
SCHED-TRACE 12182 3623 P 37 2ebcd2f1a
SCHED-TRACE 12183 3623 I 58 21a3d0
SCHED-TRACE 12184 3623 B 58 f2
SCHED-TRACE 12185 3623 P 58 2e71224dc
SCHED-TRACE 12186 3623 R 58 2e71224dc
SCHED-TRACE 12187 3624 U 4 21a504
SCHED-TRACE 12188 3624 V 4 21a5af
SCHED-TRACE 12189 3624 O 0 0
SCHED-TRACE 12190 3624 P 58 2e8f08b43
SCHED-TRACE 12191 3625 K 52 2e22f4395
SCHED-TRACE 12192 3625 P 58 2eaa676c8
SCHED-TRACE 12193 3626 P 58 2ebe24dd2
SCHED-TRACE 12194 3626 I 52 21aae4
SCHED-TRACE 12195 3626 B 52 f3
SCHED-TRACE 12196 3626 P 52 2e7308b43
SCHED-TRACE 12197 3626 R 52 2e7308b43
SCHED-TRACE 12198 3627 U 4 21ac19
SCHED-TRACE 12199 3627 V 4 21acc5
SCHED-TRACE 12200 3627 O 0 0
SCHED-TRACE 12201 3627 P 52 2e9112f1a
SCHED-TRACE 12202 3628 K 73 2e247a9fc
SCHED-TRACE 12203 3628 P 52 2eac624dc
SCHED-TRACE 12204 3629 P 52 2ec01fbe6
SCHED-TRACE 12205 3629 I 73 21b1fa
SCHED-TRACE 12206 3629 B 73 f2
SCHED-TRACE 12207 3629 P 73 2e74a3958
SCHED-TRACE 12208 3629 R 73 2e74a3958
SCHED-TRACE 12209 3630 U 4 21b32d
SCHED-TRACE 12210 3630 V 4 21b3da
SCHED-TRACE 12211 3630 O 0 0
SCHED-TRACE 12212 3630 P 73 2e92a1062
SCHED-TRACE 12213 3631 K 49 2e24d0624
SCHED-TRACE 12214 3631 P 73 2eadde76d
SCHED-TRACE 12215 3632 P 73 2ec19be77
SCHED-TRACE 12216 3632 I 49 21b90f
SCHED-TRACE 12217 3632 B 49 eb
SCHED-TRACE 12218 3632 P 49 2e74ef1aa
SCHED-TRACE 12219 3632 R 49 2e74ef1aa
SCHED-TRACE 12220 3633 U 4 21ba44
SCHED-TRACE 12221 3633 V 4 21baf0
SCHED-TRACE 12222 3633 O 0 0
SCHED-TRACE 12223 3633 P 49 2e931d2f1
SCHED-TRACE 12224 3634 K 43 2e24f4395
SCHED-TRACE 12225 3634 P 49 2eae7e76c
SCHED-TRACE 12226 3635 P 49 2ec241062
SCHED-TRACE 12227 3635 I 43 21c026
SCHED-TRACE 12228 3635 B 43 f1
SCHED-TRACE 12229 3635 P 43 2e750b439
SCHED-TRACE 12230 3635 R 43 2e750b439
SCHED-TRACE 12231 3636 U 4 21c15c
SCHED-TRACE 12232 3636 V 4 21c208
SCHED-TRACE 12233 3636 O 0 0
SCHED-TRACE 12234 3636 P 43 2e9334395
SCHED-TRACE 12235 3637 K 46 2e24fe76c
SCHED-TRACE 12236 3637 P 43 2eae95810
SCHED-TRACE 12237 3638 P 43 2ec25d2f1
SCHED-TRACE 12238 3638 I 46 21c73e
SCHED-TRACE 12239 3638 B 46 f2
SCHED-TRACE 12240 3638 P 46 2e751580f
SCHED-TRACE 12241 3638 R 46 2e751580f
SCHED-TRACE 12242 3639 U 4 21c873
SCHED-TRACE 12243 3639 V 4 21c91f
SCHED-TRACE 12244 3639 O 0 0
SCHED-TRACE 12245 3639 P 46 2e933be76
SCHED-TRACE 12246 3640 K 40 2e25b6c8a
SCHED-TRACE 12247 3640 P 46 2eae9d2f1
SCHED-TRACE 12248 3641 P 46 2ec25fbe6
SCHED-TRACE 12249 3641 I 40 21ce55
SCHED-TRACE 12250 3641 B 40 f1
SCHED-TRACE 12251 3641 P 40 2e75cb438
SCHED-TRACE 12252 3641 R 40 2e75cb438
SCHED-TRACE 12253 3642 U 4 21cf8b
SCHED-TRACE 12254 3642 V 4 21d037
SCHED-TRACE 12255 3642 O 0 0
SCHED-TRACE 12256 3642 P 40 2e93f9580
SCHED-TRACE 12257 3643 K 55 2e286f1a9
SCHED-TRACE 12258 3643 P 40 2eaf50624
SCHED-TRACE 12259 3644 P 40 2ec312f1a
SCHED-TRACE 12260 3644 I 55 21d56d
SCHED-TRACE 12261 3644 B 55 f1
SCHED-TRACE 12262 3644 P 55 2e7892f1a
SCHED-TRACE 12263 3644 R 55 2e7892f1a
SCHED-TRACE 12264 3645 U 4 21d6a1
SCHED-TRACE 12265 3645 V 4 21d74d
SCHED-TRACE 12266 3645 O 0 0
SCHED-TRACE 12267 3645 P 55 2e96a76c8
SCHED-TRACE 12268 3646 K 55 2e96a76c8
SCHED-TRACE 12269 3646 P 55 2eb203957
SCHED-TRACE 12270 3647 I 55 21dc83
SCHED-TRACE 12271 3647 B 55 f2
SCHED-TRACE 12272 3647 P 55 2f15e76c8
SCHED-TRACE 12273 3647 R 55 2f15e76c8
SCHED-TRACE 12274 3648 U 4 21ddb7
SCHED-TRACE 12275 3648 V 4 21de63
SCHED-TRACE 12276 3648 O 0 0
SCHED-TRACE 12277 3648 P 55 2f33f6c8a
SCHED-TRACE 12278 3649 K 64 2eb6a76c8
SCHED-TRACE 12279 3649 P 55 2f4f58105
SCHED-TRACE 12280 3650 P 55 2f631580f
SCHED-TRACE 12281 3650 I 64 21e399
SCHED-TRACE 12282 3650 B 64 f2
SCHED-TRACE 12283 3650 P 64 2f06c624d
SCHED-TRACE 12284 3650 R 64 2f06c624d
SCHED-TRACE 12285 3651 U 4 21e4cd
SCHED-TRACE 12286 3651 V 4 21e578
SCHED-TRACE 12287 3651 O 0 0
SCHED-TRACE 12288 3651 P 64 2f249fbe7
SCHED-TRACE 12289 3652 K 31 2eb892f1a
SCHED-TRACE 12290 3652 P 64 2f3ffe76c
SCHED-TRACE 12291 3653 P 64 2f53b9580
SCHED-TRACE 12292 3653 I 31 21eaad
SCHED-TRACE 12293 3653 B 31 f3
SCHED-TRACE 12294 3653 P 31 2f08b1a9f
SCHED-TRACE 12295 3653 R 31 2f08b1a9f
SCHED-TRACE 12296 3654 U 4 21ebe0
SCHED-TRACE 12297 3654 V 4 21ec8c
SCHED-TRACE 12298 3654 O 0 0
SCHED-TRACE 12299 3654 P 31 2f268dd2f
SCHED-TRACE 12300 3655 K 67 2eb96c8b3
SCHED-TRACE 12301 3655 P 31 2f41dfbe7
SCHED-TRACE 12302 3656 P 31 2f55a4dd2
SCHED-TRACE 12303 3656 I 67 21f1c1
SCHED-TRACE 12304 3656 B 67 f1
SCHED-TRACE 12305 3656 P 67 2f097e76c
SCHED-TRACE 12306 3656 R 67 2f097e76c
SCHED-TRACE 12307 3657 U 4 21f2f5
SCHED-TRACE 12308 3657 V 4 21f3a1
SCHED-TRACE 12309 3657 O 0 0
SCHED-TRACE 12310 3657 P 67 2f278624d
SCHED-TRACE 12311 3658 K 70 2eb9a24dd
SCHED-TRACE 12312 3658 P 67 2f42d2f1a
SCHED-TRACE 12313 3659 P 67 2f568dd2e
SCHED-TRACE 12314 3659 I 70 21f8d7
SCHED-TRACE 12315 3659 B 70 ef
SCHED-TRACE 12316 3659 P 70 2f09c624d
SCHED-TRACE 12317 3659 R 70 2f09c624d
SCHED-TRACE 12318 3660 U 4 21fa0a
SCHED-TRACE 12319 3660 V 4 21fab7
SCHED-TRACE 12320 3660 O 0 0
SCHED-TRACE 12321 3660 P 70 2f27c3958
SCHED-TRACE 12322 3661 K 34 2ebc276c8
SCHED-TRACE 12323 3661 P 70 2f43276c8
SCHED-TRACE 12324 3662 P 70 2f56e4dd3
SCHED-TRACE 12325 3662 I 34 21ffed
SCHED-TRACE 12326 3662 B 34 f3
SCHED-TRACE 12327 3662 P 34 2f0c50624
SCHED-TRACE 12328 3662 R 34 2f0c50624
SCHED-TRACE 12329 3663 U 4 220121
SCHED-TRACE 12330 3663 V 4 2201cd
SCHED-TRACE 12331 3663 O 0 0
SCHED-TRACE 12332 3663 P 34 2f2a3e76c
SCHED-TRACE 12333 3664 K 61 2ebc9fbe7
SCHED-TRACE 12334 3664 P 34 2f45a24dd
SCHED-TRACE 12335 3665 P 34 2f5964dd2
SCHED-TRACE 12336 3665 I 61 220703
SCHED-TRACE 12337 3665 B 61 f3
SCHED-TRACE 12338 3665 P 61 2f0cbe76c
SCHED-TRACE 12339 3665 R 61 2f0cbe76c
SCHED-TRACE 12340 3666 U 4 220837
SCHED-TRACE 12341 3666 V 4 2208e3
SCHED-TRACE 12342 3666 O 0 0
SCHED-TRACE 12343 3666 P 61 2f2ac3958
SCHED-TRACE 12344 3667 K 37 2ebcd2f1a
SCHED-TRACE 12345 3667 P 61 2f46224dd
SCHED-TRACE 12346 3668 P 61 2f59dd2f1
SCHED-TRACE 12347 3668 I 37 220e19
SCHED-TRACE 12348 3668 B 37 f3
SCHED-TRACE 12349 3668 P 37 2f0cf6c8b
SCHED-TRACE 12350 3668 R 37 2f0cf6c8b
SCHED-TRACE 12351 3669 U 4 220f4c
SCHED-TRACE 12352 3669 V 4 220ff8
SCHED-TRACE 12353 3669 O 0 0
SCHED-TRACE 12354 3669 P 37 2f2ae4dd3
SCHED-TRACE 12355 3670 K 58 2ebe24dd2
SCHED-TRACE 12356 3670 P 37 2f4641062
SCHED-TRACE 12357 3671 P 37 2f5a03958
SCHED-TRACE 12358 3671 I 58 22152e
SCHED-TRACE 12359 3671 B 58 f2
SCHED-TRACE 12360 3671 P 58 2f0e4624d
SCHED-TRACE 12361 3671 R 58 2f0e4624d
SCHED-TRACE 12362 3672 U 4 221662
SCHED-TRACE 12363 3672 V 4 22170e
SCHED-TRACE 12364 3672 O 0 0
SCHED-TRACE 12365 3672 P 58 2f2c5d2f1
SCHED-TRACE 12366 3673 K 52 2ec01fbe6
SCHED-TRACE 12367 3673 P 58 2f47be76c
SCHED-TRACE 12368 3674 P 58 2f5b7e76c
SCHED-TRACE 12369 3674 I 52 221c44
SCHED-TRACE 12370 3674 B 52 f3
SCHED-TRACE 12371 3674 P 52 2f1039580
SCHED-TRACE 12372 3674 R 52 2f1039580
SCHED-TRACE 12373 3675 U 4 221d79
SCHED-TRACE 12374 3675 V 4 221e25
SCHED-TRACE 12375 3675 O 0 0
SCHED-TRACE 12376 3675 P 52 2f2e4624d
SCHED-TRACE 12377 3676 K 73 2ec19be77
SCHED-TRACE 12378 3676 P 52 2f49a4dd2
SCHED-TRACE 12379 3677 P 52 2f5d69fbe
SCHED-TRACE 12380 3677 I 73 22235b
SCHED-TRACE 12381 3677 B 73 f2
SCHED-TRACE 12382 3677 P 73 2f11b2f1b
SCHED-TRACE 12383 3677 R 73 2f11b2f1b
SCHED-TRACE 12384 3678 U 4 22248f
SCHED-TRACE 12385 3678 V 4 22253a
SCHED-TRACE 12386 3678 O 0 0
SCHED-TRACE 12387 3678 P 73 2f2f7fbe8
SCHED-TRACE 12388 3679 K 49 2ec241062
SCHED-TRACE 12389 3679 P 73 2f4ae1062
SCHED-TRACE 12390 3680 P 73 2f5e9e76d
SCHED-TRACE 12391 3680 I 49 222a6f
SCHED-TRACE 12392 3680 B 49 f3
SCHED-TRACE 12393 3680 P 49 2f12624dd
SCHED-TRACE 12394 3680 R 49 2f12624dd
SCHED-TRACE 12395 3681 U 4 222ba5
SCHED-TRACE 12396 3681 V 4 222c51
SCHED-TRACE 12397 3681 O 0 0
SCHED-TRACE 12398 3681 P 49 2f3088b43
SCHED-TRACE 12399 3682 K 43 2ec25d2f1
SCHED-TRACE 12400 3682 P 49 2f4bdd2f1
SCHED-TRACE 12401 3683 P 49 2f5fa24dd
SCHED-TRACE 12402 3683 I 43 223186
SCHED-TRACE 12403 3683 B 43 f1
SCHED-TRACE 12404 3683 P 43 2f126c8b4
SCHED-TRACE 12405 3683 R 43 2f126c8b4
SCHED-TRACE 12406 3684 U 4 2232bb
SCHED-TRACE 12407 3684 V 4 223368
SCHED-TRACE 12408 3684 O 0 0
SCHED-TRACE 12409 3684 P 43 2f309a9fc
SCHED-TRACE 12410 3685 K 46 2ec25fbe6
SCHED-TRACE 12411 3685 P 43 2f4be4dd3
SCHED-TRACE 12412 3686 P 43 2f5f9fbe7
SCHED-TRACE 12413 3686 I 46 22389d
SCHED-TRACE 12414 3686 B 46 ef
SCHED-TRACE 12415 3686 P 46 2f127e76c
SCHED-TRACE 12416 3686 R 46 2f127e76c
SCHED-TRACE 12417 3687 U 4 2239d2
SCHED-TRACE 12418 3687 V 4 223a7e
SCHED-TRACE 12419 3687 O 0 0
SCHED-TRACE 12420 3687 P 46 2f309d2f1
SCHED-TRACE 12421 3688 K 40 2ec312f1a
SCHED-TRACE 12422 3688 P 46 2f4bfbe76
SCHED-TRACE 12423 3689 P 46 2f5fb9580
SCHED-TRACE 12424 3689 I 40 223fb4
SCHED-TRACE 12425 3689 B 40 f0
SCHED-TRACE 12426 3689 P 40 2f1331a9f
SCHED-TRACE 12427 3689 R 40 2f1331a9f
SCHED-TRACE 12428 3690 U 4 2240ea
SCHED-TRACE 12429 3690 V 4 224196
SCHED-TRACE 12430 3690 O 0 0
SCHED-TRACE 12431 3690 P 40 2f315d2f1
SCHED-TRACE 12432 3691 K 76 2ecc3d2f1
SCHED-TRACE 12433 3691 P 40 2f4cc1061
SCHED-TRACE 12434 3692 P 40 2f6083957
SCHED-TRACE 12435 3692 I 76 2246cc
SCHED-TRACE 12436 3692 B 76 f3
SCHED-TRACE 12437 3692 P 76 2f1c59581
SCHED-TRACE 12438 3692 R 76 2f1c59581
SCHED-TRACE 12439 3693 U 4 2247ff
SCHED-TRACE 12440 3693 V 4 2248ab
SCHED-TRACE 12441 3693 O 0 0
SCHED-TRACE 12442 3693 P 76 2f3a476c8
SCHED-TRACE 12443 3694 K 76 2f3a476c8
SCHED-TRACE 12444 3694 P 76 2f55a3958
SCHED-TRACE 12445 3695 I 76 224de1
SCHED-TRACE 12446 3695 B 76 f3
SCHED-TRACE 12447 3695 P 76 2fb984dd3
SCHED-TRACE 12448 3695 R 76 2fb984dd3
SCHED-TRACE 12449 3696 U 4 224f14
SCHED-TRACE 12450 3696 V 4 224fc0
SCHED-TRACE 12451 3696 O 0 0
SCHED-TRACE 12452 3696 P 76 2fd77d2f1
SCHED-TRACE 12453 3697 K 64 2f53b9580
SCHED-TRACE 12454 3697 P 76 2ff2d6c8b
SCHED-TRACE 12455 3698 P 76 300694395
SCHED-TRACE 12456 3698 I 64 2254f6
SCHED-TRACE 12457 3698 B 64 f1
SCHED-TRACE 12458 3698 P 64 2fa3d2f1a
SCHED-TRACE 12459 3698 R 64 2fa3d2f1a
SCHED-TRACE 12460 3699 U 4 225629
SCHED-TRACE 12461 3699 V 4 2256d5
SCHED-TRACE 12462 3699 O 0 0
SCHED-TRACE 12463 3699 P 64 2fc1cb439
SCHED-TRACE 12464 3700 K 31 2f55a4dd2
SCHED-TRACE 12465 3700 P 64 2fdd29fbe
SCHED-TRACE 12466 3701 P 64 2ff0e4dd2
SCHED-TRACE 12467 3701 I 31 225c0b
SCHED-TRACE 12468 3701 B 31 f2
SCHED-TRACE 12469 3701 P 31 2fa5cb439
SCHED-TRACE 12470 3701 R 31 2fa5cb439
SCHED-TRACE 12471 3702 U 4 225d3e
SCHED-TRACE 12472 3702 V 4 225dea
SCHED-TRACE 12473 3702 O 0 0
SCHED-TRACE 12474 3702 P 31 2fc3ac8b4
SCHED-TRACE 12475 3703 K 67 2f568dd2e
SCHED-TRACE 12476 3703 P 31 2fdf12f1a
SCHED-TRACE 12477 3704 P 31 2ff2d8106
SCHED-TRACE 12478 3704 I 67 226320
SCHED-TRACE 12479 3704 B 67 f3
SCHED-TRACE 12480 3704 P 67 2fa69a9fb
SCHED-TRACE 12481 3704 R 67 2fa69a9fb
SCHED-TRACE 12482 3705 U 4 226455
SCHED-TRACE 12483 3705 V 4 226501
SCHED-TRACE 12484 3705 O 0 0
SCHED-TRACE 12485 3705 P 67 2fc4a4dd2
SCHED-TRACE 12486 3706 K 70 2f56e4dd3
SCHED-TRACE 12487 3706 P 67 2fe001061
SCHED-TRACE 12488 3707 P 67 2ff3c624d
SCHED-TRACE 12489 3707 I 70 226a36
SCHED-TRACE 12490 3707 B 70 f3
SCHED-TRACE 12491 3707 P 70 2fa6f1a9f
SCHED-TRACE 12492 3707 R 70 2fa6f1a9f
SCHED-TRACE 12493 3708 U 4 226b6a
SCHED-TRACE 12494 3708 V 4 226c17
SCHED-TRACE 12495 3708 O 0 0
SCHED-TRACE 12496 3708 P 70 2fc4fe76c
SCHED-TRACE 12497 3709 K 34 2f5964dd2
SCHED-TRACE 12498 3709 P 70 2fe05a9fc
SCHED-TRACE 12499 3710 P 70 2ff41fbe7
SCHED-TRACE 12500 3710 I 34 22714d
SCHED-TRACE 12501 3710 B 34 f3
SCHED-TRACE 12502 3710 P 34 2fa981062
SCHED-TRACE 12503 3710 R 34 2fa981062
SCHED-TRACE 12504 3711 U 4 227281
SCHED-TRACE 12505 3711 V 4 22732d
SCHED-TRACE 12506 3711 O 0 0
SCHED-TRACE 12507 3711 P 34 2fc781062
SCHED-TRACE 12508 3712 K 61 2f59dd2f1
SCHED-TRACE 12509 3712 P 34 2fe2e76c8
SCHED-TRACE 12510 3713 P 34 2ff6a24dd
SCHED-TRACE 12511 3713 I 61 227863
SCHED-TRACE 12512 3713 B 61 f0
SCHED-TRACE 12513 3713 P 61 2fa9f1a9f
SCHED-TRACE 12514 3713 R 61 2fa9f1a9f
SCHED-TRACE 12515 3714 U 4 227998
SCHED-TRACE 12516 3714 V 4 227a44
SCHED-TRACE 12517 3714 O 0 0
SCHED-TRACE 12518 3714 P 61 2fc803958
SCHED-TRACE 12519 3715 K 37 2f5a03958
SCHED-TRACE 12520 3715 P 61 2fe364dd3
SCHED-TRACE 12521 3716 P 61 2ff729fbe
SCHED-TRACE 12522 3716 I 37 227f7a
SCHED-TRACE 12523 3716 B 37 f2
SCHED-TRACE 12524 3716 P 37 2faa15810
SCHED-TRACE 12525 3716 R 37 2faa15810
SCHED-TRACE 12526 3717 U 4 2280ae
SCHED-TRACE 12527 3717 V 4 22815a
SCHED-TRACE 12528 3717 O 0 0
SCHED-TRACE 12529 3717 P 37 2fc808b43
SCHED-TRACE 12530 3718 K 58 2f5b7e76c
SCHED-TRACE 12531 3718 P 37 2fe371a9f
SCHED-TRACE 12532 3719 P 37 2ff739581
SCHED-TRACE 12533 3719 I 58 228690
SCHED-TRACE 12534 3719 B 58 f1
SCHED-TRACE 12535 3719 P 58 2fab8b439
SCHED-TRACE 12536 3719 R 58 2fab8b439
SCHED-TRACE 12537 3720 U 4 2287c4
SCHED-TRACE 12538 3720 V 4 228871
SCHED-TRACE 12539 3720 O 0 0
SCHED-TRACE 12540 3720 P 58 2fc99a9fb
SCHED-TRACE 12541 3721 K 52 2f5d69fbe
SCHED-TRACE 12542 3721 P 58 2fe4f4395
SCHED-TRACE 12543 3722 P 58 2ff8b4395
SCHED-TRACE 12544 3722 I 52 228da6
SCHED-TRACE 12545 3722 B 52 f2
SCHED-TRACE 12546 3722 P 52 2fad8624d
SCHED-TRACE 12547 3722 R 52 2fad8624d
SCHED-TRACE 12548 3723 U 4 228eda
SCHED-TRACE 12549 3723 V 4 228f86
SCHED-TRACE 12550 3723 O 0 0
SCHED-TRACE 12551 3723 P 52 2fcb9a9fb
SCHED-TRACE 12552 3724 K 73 2f5e9e76d
SCHED-TRACE 12553 3724 P 52 2fe6f1a9f
SCHED-TRACE 12554 3725 P 52 2ffaac8b3
SCHED-TRACE 12555 3725 I 73 2294bc
SCHED-TRACE 12556 3725 B 73 f2
SCHED-TRACE 12557 3725 P 73 2faec4dd3
SCHED-TRACE 12558 3725 R 73 2faec4dd3
SCHED-TRACE 12559 3726 U 4 2295ef
SCHED-TRACE 12560 3726 V 4 22969a
SCHED-TRACE 12561 3726 O 0 0
SCHED-TRACE 12562 3726 P 73 2fccab439
SCHED-TRACE 12563 3727 K 43 2f5f9fbe7
SCHED-TRACE 12564 3727 P 73 2fe809fbf
SCHED-TRACE 12565 3728 P 73 2ffbcc8b4
SCHED-TRACE 12566 3728 I 43 229bd0
SCHED-TRACE 12567 3728 B 43 f2
SCHED-TRACE 12568 3728 P 43 2fafb4395
SCHED-TRACE 12569 3728 R 43 2fafb4395
SCHED-TRACE 12570 3729 U 4 229d06
SCHED-TRACE 12571 3729 V 4 229db1
SCHED-TRACE 12572 3729 O 0 0
SCHED-TRACE 12573 3729 P 43 2fcdcb439
SCHED-TRACE 12574 3730 K 49 2f5fa24dd
SCHED-TRACE 12575 3730 P 43 2fe929fbe
SCHED-TRACE 12576 3731 P 43 2ffcef1aa
SCHED-TRACE 12577 3731 I 49 22a2e7
SCHED-TRACE 12578 3731 B 49 f2
SCHED-TRACE 12579 3731 P 49 2fafbe76c
SCHED-TRACE 12580 3731 R 49 2fafbe76c
SCHED-TRACE 12581 3732 U 4 22a41d
SCHED-TRACE 12582 3732 V 4 22a4c9
SCHED-TRACE 12583 3732 O 0 0
SCHED-TRACE 12584 3732 P 49 2fcdd8106
SCHED-TRACE 12585 3733 K 46 2f5fb9580
SCHED-TRACE 12586 3733 P 49 2fe9276c8
SCHED-TRACE 12587 3734 P 49 2ffce9fbe
SCHED-TRACE 12588 3734 I 46 22a9fd
SCHED-TRACE 12589 3734 B 46 f3
SCHED-TRACE 12590 3734 P 46 2fafd0624
SCHED-TRACE 12591 3734 R 46 2fafd0624
SCHED-TRACE 12592 3735 U 4 22ab32
SCHED-TRACE 12593 3735 V 4 22abdf
SCHED-TRACE 12594 3735 O 0 0
SCHED-TRACE 12595 3735 P 46 2fcdfe76c
SCHED-TRACE 12596 3736 K 40 2f6083957
SCHED-TRACE 12597 3736 P 46 2fe958105
SCHED-TRACE 12598 3737 P 46 2ffd1580f
SCHED-TRACE 12599 3737 I 40 22b114
SCHED-TRACE 12600 3737 B 40 f3
SCHED-TRACE 12601 3737 P 40 2fb09580f
SCHED-TRACE 12602 3737 R 40 2fb09580f
SCHED-TRACE 12603 3738 U 4 22b24a
SCHED-TRACE 12604 3738 V 4 22b2f6
SCHED-TRACE 12605 3738 O 0 0
SCHED-TRACE 12606 3738 P 40 2fced2f1a
SCHED-TRACE 12607 3739 K 55 2f631580f
SCHED-TRACE 12608 3739 P 40 2fea2c8b3
SCHED-TRACE 12609 3740 P 40 2ffde76c8
SCHED-TRACE 12610 3740 I 55 22b82c
SCHED-TRACE 12611 3740 B 55 ee
SCHED-TRACE 12612 3740 P 55 2fb329fbd
SCHED-TRACE 12613 3740 R 55 2fb329fbd
SCHED-TRACE 12614 3741 U 4 22b961
SCHED-TRACE 12615 3741 V 4 22ba0c
SCHED-TRACE 12616 3741 O 0 0
SCHED-TRACE 12617 3741 P 55 2fd131a9f
SCHED-TRACE 12618 3742 K 55 2fd131a9f
SCHED-TRACE 12619 3742 P 55 2fec90624
SCHED-TRACE 12620 3743 I 55 22bf42
SCHED-TRACE 12621 3743 B 55 f0
SCHED-TRACE 12622 3743 P 55 3050624dc
SCHED-TRACE 12623 3743 R 55 3050624dc
SCHED-TRACE 12624 3744 U 4 22c077
SCHED-TRACE 12625 3744 V 4 22c124
SCHED-TRACE 12626 3744 O 0 0
SCHED-TRACE 12627 3744 P 55 306e88b43
SCHED-TRACE 12628 3745 K 64 2ff0e4dd2
SCHED-TRACE 12629 3745 P 55 3089f1a9f
SCHED-TRACE 12630 3746 P 55 309db4394
SCHED-TRACE 12631 3746 I 64 22c659
SCHED-TRACE 12632 3746 B 64 f3
SCHED-TRACE 12633 3746 P 64 3040ec8b3
SCHED-TRACE 12634 3746 R 64 3040ec8b3
SCHED-TRACE 12635 3747 U 4 22c78d
SCHED-TRACE 12636 3747 V 4 22c83a
SCHED-TRACE 12637 3747 O 0 0
SCHED-TRACE 12638 3747 P 64 305ef6c8a
SCHED-TRACE 12639 3748 K 31 2ff2d8106
SCHED-TRACE 12640 3748 P 64 307a52f1a
SCHED-TRACE 12641 3749 P 64 308e12f1a
SCHED-TRACE 12642 3749 I 31 22cd6f
SCHED-TRACE 12643 3749 B 31 f3
SCHED-TRACE 12644 3749 P 31 3042f1a9f
SCHED-TRACE 12645 3749 R 31 3042f1a9f
SCHED-TRACE 12646 3750 U 4 22cea2
SCHED-TRACE 12647 3750 V 4 22cf4e
SCHED-TRACE 12648 3750 O 0 0
SCHED-TRACE 12649 3750 P 31 3060e76c8
SCHED-TRACE 12650 3751 K 67 2ff3c624d
SCHED-TRACE 12651 3751 P 31 307c4b439
SCHED-TRACE 12652 3752 P 31 309010624
SCHED-TRACE 12653 3752 I 67 22d484
SCHED-TRACE 12654 3752 B 67 f2
SCHED-TRACE 12655 3752 P 67 3043d0624
SCHED-TRACE 12656 3752 R 67 3043d0624
SCHED-TRACE 12657 3753 U 4 22d5b7
SCHED-TRACE 12658 3753 V 4 22d663
SCHED-TRACE 12659 3753 O 0 0
SCHED-TRACE 12660 3753 P 67 3061cdd2e
SCHED-TRACE 12661 3754 K 70 2ff41fbe7
SCHED-TRACE 12662 3754 P 67 307d31a9f
SCHED-TRACE 12663 3755 P 67 3090f6c8a
SCHED-TRACE 12664 3755 I 70 22db99
SCHED-TRACE 12665 3755 B 70 f3
SCHED-TRACE 12666 3755 P 70 304431a9f
SCHED-TRACE 12667 3755 R 70 304431a9f
SCHED-TRACE 12668 3756 U 4 22dccd
SCHED-TRACE 12669 3756 V 4 22dd79
SCHED-TRACE 12670 3756 O 0 0
SCHED-TRACE 12671 3756 P 70 306224dd3
SCHED-TRACE 12672 3757 K 34 2ff6a24dd
SCHED-TRACE 12673 3757 P 70 307d88b43
SCHED-TRACE 12674 3758 P 70 30914dd2f
SCHED-TRACE 12675 3758 I 34 22e2af
SCHED-TRACE 12676 3758 B 34 f2
SCHED-TRACE 12677 3758 P 34 3046bbe76
SCHED-TRACE 12678 3758 R 34 3046bbe76
SCHED-TRACE 12679 3759 U 4 22e3e3
SCHED-TRACE 12680 3759 V 4 22e48f
SCHED-TRACE 12681 3759 O 0 0
SCHED-TRACE 12682 3759 P 34 3064af1a9
SCHED-TRACE 12683 3760 K 61 2ff729fbe
SCHED-TRACE 12684 3760 P 34 30800624d
SCHED-TRACE 12685 3761 P 34 3093cb439
SCHED-TRACE 12686 3761 I 61 22e9c4
SCHED-TRACE 12687 3761 B 61 f4
SCHED-TRACE 12688 3761 P 61 304743958
SCHED-TRACE 12689 3761 R 61 304743958
SCHED-TRACE 12690 3762 U 4 22eaf9
SCHED-TRACE 12691 3762 V 4 22eba5
SCHED-TRACE 12692 3762 O 0 0
SCHED-TRACE 12693 3762 P 61 30655fbe7
SCHED-TRACE 12694 3763 K 37 2ff739581
SCHED-TRACE 12695 3763 P 61 3080bbe76
SCHED-TRACE 12696 3764 P 61 30947be76
SCHED-TRACE 12697 3764 I 37 22f0db
SCHED-TRACE 12698 3764 B 37 f3
SCHED-TRACE 12699 3764 P 37 304755810
SCHED-TRACE 12700 3764 R 37 304755810
SCHED-TRACE 12701 3765 U 4 22f20f
SCHED-TRACE 12702 3765 V 4 22f2bb
SCHED-TRACE 12703 3765 O 0 0
SCHED-TRACE 12704 3765 P 37 30654dd2f
SCHED-TRACE 12705 3766 K 58 2ff8b4395
SCHED-TRACE 12706 3766 P 37 3080b1a9f
SCHED-TRACE 12707 3767 P 37 309476c8b
SCHED-TRACE 12708 3767 I 58 22f7f1
SCHED-TRACE 12709 3767 B 58 f0
SCHED-TRACE 12710 3767 P 58 3048c8b43
SCHED-TRACE 12711 3767 R 58 3048c8b43
SCHED-TRACE 12712 3768 U 4 22f926
SCHED-TRACE 12713 3768 V 4 22f9d2
SCHED-TRACE 12714 3768 O 0 0
SCHED-TRACE 12715 3768 P 58 3066dd2f1
SCHED-TRACE 12716 3769 K 52 2ffaac8b3
SCHED-TRACE 12717 3769 P 58 308243957
SCHED-TRACE 12718 3770 P 58 30960b439
SCHED-TRACE 12719 3770 I 52 22ff08
SCHED-TRACE 12720 3770 B 52 f1
SCHED-TRACE 12721 3770 P 52 304abbe76
SCHED-TRACE 12722 3770 R 52 304abbe76
SCHED-TRACE 12723 3771 U 4 23003e
SCHED-TRACE 12724 3771 V 4 2300ea
SCHED-TRACE 12725 3771 O 0 0
SCHED-TRACE 12726 3771 P 52 3068ef1a9
SCHED-TRACE 12727 3772 K 73 2ffbcc8b4
SCHED-TRACE 12728 3772 P 52 308452f1a
SCHED-TRACE 12729 3773 P 52 30981a9fb
SCHED-TRACE 12730 3773 I 73 230620
SCHED-TRACE 12731 3773 B 73 f0
SCHED-TRACE 12732 3773 P 73 304bd4396
SCHED-TRACE 12733 3773 R 73 304bd4396
SCHED-TRACE 12734 3774 U 4 230752
SCHED-TRACE 12735 3774 V 4 2307fe
SCHED-TRACE 12736 3774 O 0 0
SCHED-TRACE 12737 3774 P 73 3069cf1aa
SCHED-TRACE 12738 3775 K 49 2ffce9fbe
SCHED-TRACE 12739 3775 P 73 30852b439
SCHED-TRACE 12740 3776 P 73 3098e8b44
SCHED-TRACE 12741 3776 I 49 230d34
SCHED-TRACE 12742 3776 B 49 f3
SCHED-TRACE 12743 3776 P 49 304d0dd2f
SCHED-TRACE 12744 3776 R 49 304d0dd2f
SCHED-TRACE 12745 3777 U 4 230e69
SCHED-TRACE 12746 3777 V 4 230f16
SCHED-TRACE 12747 3777 O 0 0
SCHED-TRACE 12748 3777 P 49 306b3be76
SCHED-TRACE 12749 3778 K 43 2ffcef1aa
SCHED-TRACE 12750 3778 P 49 3086a4dd3
SCHED-TRACE 12751 3779 P 49 309a676c8
SCHED-TRACE 12752 3779 I 43 23144c
SCHED-TRACE 12753 3779 B 43 f3
SCHED-TRACE 12754 3779 P 43 304d10625
SCHED-TRACE 12755 3779 R 43 304d10625
SCHED-TRACE 12756 3780 U 4 231582
SCHED-TRACE 12757 3780 V 4 23162e
SCHED-TRACE 12758 3780 O 0 0
SCHED-TRACE 12759 3780 P 43 306b276c8
SCHED-TRACE 12760 3781 K 46 2ffd1580f
SCHED-TRACE 12761 3781 P 43 308688b43
SCHED-TRACE 12762 3782 P 43 309a4dd2f
SCHED-TRACE 12763 3782 I 46 231b63
SCHED-TRACE 12764 3782 B 46 f3
SCHED-TRACE 12765 3782 P 46 304d1fbe6
SCHED-TRACE 12766 3782 R 46 304d1fbe6
SCHED-TRACE 12767 3783 U 4 231c99
SCHED-TRACE 12768 3783 V 4 231d44
SCHED-TRACE 12769 3783 O 0 0
SCHED-TRACE 12770 3783 P 46 306b36c8a
SCHED-TRACE 12771 3784 K 40 2ffde76c8
SCHED-TRACE 12772 3784 P 46 30869a9fb
SCHED-TRACE 12773 3785 P 46 309a5d2f1
SCHED-TRACE 12774 3785 I 40 23227a
SCHED-TRACE 12775 3785 B 40 f1
SCHED-TRACE 12776 3785 P 40 304df9580
SCHED-TRACE 12777 3785 R 40 304df9580
SCHED-TRACE 12778 3786 U 4 2323b0
SCHED-TRACE 12779 3786 V 4 23245d
SCHED-TRACE 12780 3786 O 0 0
SCHED-TRACE 12781 3786 P 40 306c3e76c
SCHED-TRACE 12782 3787 K 76 300694395
SCHED-TRACE 12783 3787 P 40 308790624
SCHED-TRACE 12784 3788 P 40 309b4dd2e
SCHED-TRACE 12785 3788 I 76 232992
SCHED-TRACE 12786 3788 B 76 f3
SCHED-TRACE 12787 3788 P 76 3056b5810
SCHED-TRACE 12788 3788 R 76 3056b5810
SCHED-TRACE 12789 3789 U 4 232ac5
SCHED-TRACE 12790 3789 V 4 232b72
SCHED-TRACE 12791 3789 O 0 0
SCHED-TRACE 12792 3789 P 76 3074b0624
SCHED-TRACE 12793 3790 K 76 3074b0624
SCHED-TRACE 12794 3790 P 76 30900c8b4
SCHED-TRACE 12795 3791 I 76 2330a8
SCHED-TRACE 12796 3791 B 76 f3
SCHED-TRACE 12797 3791 P 76 30f3f5810
SCHED-TRACE 12798 3791 R 76 30f3f5810
SCHED-TRACE 12799 3792 U 4 2331dc
SCHED-TRACE 12800 3792 V 4 233288
SCHED-TRACE 12801 3792 O 0 0
SCHED-TRACE 12802 3792 P 76 3111f5810
SCHED-TRACE 12803 3793 K 64 308e12f1a
SCHED-TRACE 12804 3793 P 76 312d51a9f
SCHED-TRACE 12805 3794 P 76 314109fbe
SCHED-TRACE 12806 3794 I 64 2337be
SCHED-TRACE 12807 3794 B 64 f0
SCHED-TRACE 12808 3794 P 64 30de34395
SCHED-TRACE 12809 3794 R 64 30de34395
SCHED-TRACE 12810 3795 U 4 2338f2
SCHED-TRACE 12811 3795 V 4 23399e
SCHED-TRACE 12812 3795 O 0 0
SCHED-TRACE 12813 3795 P 64 30fc2f1a9
SCHED-TRACE 12814 3796 K 31 309010624
SCHED-TRACE 12815 3796 P 64 311790624
SCHED-TRACE 12816 3797 P 64 312b4dd2e
SCHED-TRACE 12817 3797 I 31 233ed4
SCHED-TRACE 12818 3797 B 31 f1
SCHED-TRACE 12819 3797 P 31 30e034395
SCHED-TRACE 12820 3797 R 31 30e034395
SCHED-TRACE 12821 3798 U 4 234007
SCHED-TRACE 12822 3798 V 4 2340b4
SCHED-TRACE 12823 3798 O 0 0
SCHED-TRACE 12824 3798 P 31 30fe276c8
SCHED-TRACE 12825 3799 K 67 3090f6c8a
SCHED-TRACE 12826 3799 P 31 31198624d
SCHED-TRACE 12827 3800 P 31 312d4dd2f
SCHED-TRACE 12828 3800 I 67 2345ea
SCHED-TRACE 12829 3800 B 67 f1
SCHED-TRACE 12830 3800 P 67 30e110624
SCHED-TRACE 12831 3800 R 67 30e110624
SCHED-TRACE 12832 3801 U 4 23471d
SCHED-TRACE 12833 3801 V 4 2347c9
SCHED-TRACE 12834 3801 O 0 0
SCHED-TRACE 12835 3801 P 67 30ff1a9fb
SCHED-TRACE 12836 3802 K 70 30914dd2f
SCHED-TRACE 12837 3802 P 67 311a79580
SCHED-TRACE 12838 3803 P 67 312e3be76
SCHED-TRACE 12839 3803 I 70 234cff
SCHED-TRACE 12840 3803 B 70 f4
SCHED-TRACE 12841 3803 P 70 30e164dd3
SCHED-TRACE 12842 3803 R 70 30e164dd3
SCHED-TRACE 12843 3804 U 4 234e33
SCHED-TRACE 12844 3804 V 4 234edf
SCHED-TRACE 12845 3804 O 0 0
SCHED-TRACE 12846 3804 P 70 30ff76c8b
SCHED-TRACE 12847 3805 K 34 3093cb439
SCHED-TRACE 12848 3805 P 70 311ad8106
SCHED-TRACE 12849 3806 P 70 312e98106
SCHED-TRACE 12850 3806 I 34 235415
SCHED-TRACE 12851 3806 B 34 f1
SCHED-TRACE 12852 3806 P 34 30e3d8106
SCHED-TRACE 12853 3806 R 34 30e3d8106
SCHED-TRACE 12854 3807 U 4 235548
SCHED-TRACE 12855 3807 V 4 2355f4
SCHED-TRACE 12856 3807 O 0 0
SCHED-TRACE 12857 3807 P 34 3101a76c8
SCHED-TRACE 12858 3808 K 37 309476c8b
SCHED-TRACE 12859 3808 P 34 311d0624d
SCHED-TRACE 12860 3809 P 34 3130c3958
SCHED-TRACE 12861 3809 I 37 235b29
SCHED-TRACE 12862 3809 B 37 f2
SCHED-TRACE 12863 3809 P 37 30e48b439
SCHED-TRACE 12864 3809 R 37 30e48b439
SCHED-TRACE 12865 3810 U 4 235c5d
SCHED-TRACE 12866 3810 V 4 235d09
SCHED-TRACE 12867 3810 O 0 0
SCHED-TRACE 12868 3810 P 37 310283958
SCHED-TRACE 12869 3811 K 61 30947be76
SCHED-TRACE 12870 3811 P 37 311de24dd
SCHED-TRACE 12871 3812 P 37 3131a76c8
SCHED-TRACE 12872 3812 I 61 23623f
SCHED-TRACE 12873 3812 B 61 f1
SCHED-TRACE 12874 3812 P 61 30e492f1a
SCHED-TRACE 12875 3812 R 61 30e492f1a
SCHED-TRACE 12876 3813 U 4 236374
SCHED-TRACE 12877 3813 V 4 236421
SCHED-TRACE 12878 3813 O 0 0
SCHED-TRACE 12879 3813 P 61 3102b1a9f
SCHED-TRACE 12880 3814 K 58 30960b439
SCHED-TRACE 12881 3814 P 61 311e01062
SCHED-TRACE 12882 3815 P 61 3131c624d
SCHED-TRACE 12883 3815 I 58 236956
SCHED-TRACE 12884 3815 B 58 f2
SCHED-TRACE 12885 3815 P 58 30e61a9fb
SCHED-TRACE 12886 3815 R 58 30e61a9fb
SCHED-TRACE 12887 3816 U 4 236a8b
SCHED-TRACE 12888 3816 V 4 236b37
SCHED-TRACE 12889 3816 O 0 0
SCHED-TRACE 12890 3816 P 58 31043e76c
SCHED-TRACE 12891 3817 K 52 30981a9fb
SCHED-TRACE 12892 3817 P 58 311fa24dc
SCHED-TRACE 12893 3818 P 58 31335fbe7
SCHED-TRACE 12894 3818 I 52 23706d
SCHED-TRACE 12895 3818 B 52 f3
SCHED-TRACE 12896 3818 P 52 30e82f1a9
SCHED-TRACE 12897 3818 R 52 30e82f1a9
SCHED-TRACE 12898 3819 U 4 2371a3
SCHED-TRACE 12899 3819 V 4 23724f
SCHED-TRACE 12900 3819 O 0 0
SCHED-TRACE 12901 3819 P 52 310658105
SCHED-TRACE 12902 3820 K 73 3098e8b44
SCHED-TRACE 12903 3820 P 52 3121be76c
SCHED-TRACE 12904 3821 P 52 313583957
SCHED-TRACE 12905 3821 I 73 237785
SCHED-TRACE 12906 3821 B 73 f3
SCHED-TRACE 12907 3821 P 73 30e8f2f1b
SCHED-TRACE 12908 3821 R 73 30e8f2f1b
SCHED-TRACE 12909 3822 U 4 2378b9
SCHED-TRACE 12910 3822 V 4 237965
SCHED-TRACE 12911 3822 O 0 0
SCHED-TRACE 12912 3822 P 73 3106f2f1b
SCHED-TRACE 12913 3823 K 43 309a4dd2f
SCHED-TRACE 12914 3823 P 73 312259581
SCHED-TRACE 12915 3824 P 73 313623958
SCHED-TRACE 12916 3824 I 43 237e9c
SCHED-TRACE 12917 3824 B 43 f1
SCHED-TRACE 12918 3824 P 43 30ea624dd
SCHED-TRACE 12919 3824 R 43 30ea624dd
SCHED-TRACE 12920 3825 U 4 237fd2
SCHED-TRACE 12921 3825 V 4 23807f
SCHED-TRACE 12922 3825 O 0 0
SCHED-TRACE 12923 3825 P 43 3108a9fbe
SCHED-TRACE 12924 3826 K 46 309a5d2f1
SCHED-TRACE 12925 3826 P 43 312403958
SCHED-TRACE 12926 3827 P 43 3137cb439
SCHED-TRACE 12927 3827 I 46 2385b5
SCHED-TRACE 12928 3827 B 46 ee
SCHED-TRACE 12929 3827 P 46 30ea69fbd
SCHED-TRACE 12930 3827 R 46 30ea69fbd
SCHED-TRACE 12931 3828 U 4 2386e8
SCHED-TRACE 12932 3828 V 4 238795
SCHED-TRACE 12933 3828 O 0 0
SCHED-TRACE 12934 3828 P 46 310892f1a
SCHED-TRACE 12935 3829 K 49 309a676c8
SCHED-TRACE 12936 3829 P 46 3123ef1a9
SCHED-TRACE 12937 3830 P 46 3137af1a9
SCHED-TRACE 12938 3830 I 49 238cca
SCHED-TRACE 12939 3830 B 49 f3
SCHED-TRACE 12940 3830 P 49 30ea81062
SCHED-TRACE 12941 3830 R 49 30ea81062
SCHED-TRACE 12942 3831 U 4 238dff
SCHED-TRACE 12943 3831 V 4 238eab
SCHED-TRACE 12944 3831 O 0 0
SCHED-TRACE 12945 3831 P 49 31089d2f1
SCHED-TRACE 12946 3832 K 40 309b4dd2e
SCHED-TRACE 12947 3832 P 49 3123fe76c
SCHED-TRACE 12948 3833 P 49 3137c1062
SCHED-TRACE 12949 3833 I 40 2393e1
SCHED-TRACE 12950 3833 B 40 f2
SCHED-TRACE 12951 3833 P 40 30eb6f1a9
SCHED-TRACE 12952 3833 R 40 30eb6f1a9
SCHED-TRACE 12953 3834 U 4 239517
SCHED-TRACE 12954 3834 V 4 2395c2
SCHED-TRACE 12955 3834 O 0 0
SCHED-TRACE 12956 3834 P 40 310983957
SCHED-TRACE 12957 3835 K 55 309db4394
SCHED-TRACE 12958 3835 P 40 3124e24dc
SCHED-TRACE 12959 3836 P 40 3138a24dc
SCHED-TRACE 12960 3836 I 55 239af8
SCHED-TRACE 12961 3836 B 55 f3
SCHED-TRACE 12962 3836 P 55 30edda9fb
SCHED-TRACE 12963 3836 R 55 30edda9fb
SCHED-TRACE 12964 3837 U 4 239c2d
SCHED-TRACE 12965 3837 V 4 239cd9
SCHED-TRACE 12966 3837 O 0 0
SCHED-TRACE 12967 3837 P 55 310bf6c8a
SCHED-TRACE 12968 3838 K 55 310bf6c8a
SCHED-TRACE 12969 3838 P 55 31274dd2e
SCHED-TRACE 12970 3839 I 55 23a20f
SCHED-TRACE 12971 3839 B 55 f2
SCHED-TRACE 12972 3839 P 55 318b31a9f
SCHED-TRACE 12973 3839 R 55 318b31a9f
SCHED-TRACE 12974 3840 U 4 23a344
SCHED-TRACE 12975 3840 V 4 23a3f0
SCHED-TRACE 12976 3840 O 0 0
SCHED-TRACE 12977 3840 P 55 31a952f1a
SCHED-TRACE 12978 3841 K 64 312b4dd2e
SCHED-TRACE 12979 3841 P 55 31c4a24dc
SCHED-TRACE 12980 3842 P 55 31d858105
SCHED-TRACE 12981 3842 I 64 23a926
SCHED-TRACE 12982 3842 B 64 f2
SCHED-TRACE 12983 3842 P 64 317b7be76
SCHED-TRACE 12984 3842 R 64 317b7be76
SCHED-TRACE 12985 3843 U 4 23aa5a
SCHED-TRACE 12986 3843 V 4 23ab07
SCHED-TRACE 12987 3843 O 0 0
SCHED-TRACE 12988 3843 P 64 319990624
SCHED-TRACE 12989 3844 K 31 312d4dd2f
SCHED-TRACE 12990 3844 P 64 31b4f6c8a
SCHED-TRACE 12991 3845 P 64 31c8af1a9
SCHED-TRACE 12992 3845 I 31 23b03c
SCHED-TRACE 12993 3845 B 31 f4
SCHED-TRACE 12994 3845 P 31 317d624dd
SCHED-TRACE 12995 3845 R 31 317d624dd
SCHED-TRACE 12996 3846 U 4 23b170
SCHED-TRACE 12997 3846 V 4 23b21c
SCHED-TRACE 12998 3846 O 0 0
SCHED-TRACE 12999 3846 P 31 319b4dd2f
SCHED-TRACE 13000 3847 K 67 312e3be76
SCHED-TRACE 13001 3847 P 31 31b6b6c8b
SCHED-TRACE 13002 3848 P 31 31ca81062
SCHED-TRACE 13003 3848 I 67 23b752
SCHED-TRACE 13004 3848 B 67 f4
SCHED-TRACE 13005 3848 P 67 317e4624d
SCHED-TRACE 13006 3848 R 67 317e4624d
SCHED-TRACE 13007 3849 U 4 23b887
SCHED-TRACE 13008 3849 V 4 23b932
SCHED-TRACE 13009 3849 O 0 0
SCHED-TRACE 13010 3849 P 67 319c41061
SCHED-TRACE 13011 3850 K 70 312e98106
SCHED-TRACE 13012 3850 P 67 31b7a4dd2
SCHED-TRACE 13013 3851 P 67 31cb69fbe
SCHED-TRACE 13014 3851 I 70 23be68
SCHED-TRACE 13015 3851 B 70 f1
SCHED-TRACE 13016 3851 P 70 317ea4dd3
SCHED-TRACE 13017 3851 R 70 317ea4dd3
SCHED-TRACE 13018 3852 U 4 23bf9c
SCHED-TRACE 13019 3852 V 4 23c049
SCHED-TRACE 13020 3852 O 0 0
SCHED-TRACE 13021 3852 P 70 319cb1a9f
SCHED-TRACE 13022 3853 K 34 3130c3958
SCHED-TRACE 13023 3853 P 70 31b80b439
SCHED-TRACE 13024 3854 P 70 31cbd0624
SCHED-TRACE 13025 3854 I 34 23c57f
SCHED-TRACE 13026 3854 B 34 f0
SCHED-TRACE 13027 3854 P 34 3180dd2f1
SCHED-TRACE 13028 3854 R 34 3180dd2f1
SCHED-TRACE 13029 3855 U 4 23c6b1
SCHED-TRACE 13030 3855 V 4 23c75d
SCHED-TRACE 13031 3855 O 0 0
SCHED-TRACE 13032 3855 P 34 319ec8b43
SCHED-TRACE 13033 3856 K 37 3131a76c8
SCHED-TRACE 13034 3856 P 34 31ba276c8
SCHED-TRACE 13035 3857 P 34 31cde24dd
SCHED-TRACE 13036 3857 I 37 23cc93
SCHED-TRACE 13037 3857 B 37 f1
SCHED-TRACE 13038 3857 P 37 3181cdd2f
SCHED-TRACE 13039 3857 R 37 3181cdd2f
SCHED-TRACE 13040 3858 U 4 23cdc6
SCHED-TRACE 13041 3858 V 4 23ce72
SCHED-TRACE 13042 3858 O 0 0
SCHED-TRACE 13043 3858 P 37 319fc1062
SCHED-TRACE 13044 3859 K 61 3131c624d
SCHED-TRACE 13045 3859 P 37 31bb24dd3
SCHED-TRACE 13046 3860 P 37 31cee9fbe
SCHED-TRACE 13047 3860 I 61 23d3a8
SCHED-TRACE 13048 3860 B 61 f2
SCHED-TRACE 13049 3860 P 61 3181d8106
SCHED-TRACE 13050 3860 R 61 3181d8106
SCHED-TRACE 13051 3861 U 4 23d4dd
SCHED-TRACE 13052 3861 V 4 23d588
SCHED-TRACE 13053 3861 O 0 0
SCHED-TRACE 13054 3861 P 61 319fd2f1a
SCHED-TRACE 13055 3862 K 58 31335fbe7
SCHED-TRACE 13056 3862 P 61 31bb36c8b
SCHED-TRACE 13057 3863 P 61 31cef9581
SCHED-TRACE 13058 3863 I 58 23dabe
SCHED-TRACE 13059 3863 B 58 f3
SCHED-TRACE 13060 3863 P 58 31837be76
SCHED-TRACE 13061 3863 R 58 31837be76
SCHED-TRACE 13062 3864 U 4 23dbf3
SCHED-TRACE 13063 3864 V 4 23dca0
SCHED-TRACE 13064 3864 O 0 0
SCHED-TRACE 13065 3864 P 58 31a195810
SCHED-TRACE 13066 3865 K 52 313583957
SCHED-TRACE 13067 3865 P 58 31bcf1a9f
SCHED-TRACE 13068 3866 P 58 31d0b6c8a
SCHED-TRACE 13069 3866 I 52 23e1d5
SCHED-TRACE 13070 3866 B 52 f2
SCHED-TRACE 13071 3866 P 52 318598105
SCHED-TRACE 13072 3866 R 52 318598105
SCHED-TRACE 13073 3867 U 4 23e30a
SCHED-TRACE 13074 3867 V 4 23e3b7
SCHED-TRACE 13075 3867 O 0 0
SCHED-TRACE 13076 3867 P 52 31a3c8b43
SCHED-TRACE 13077 3868 K 73 313623958
SCHED-TRACE 13078 3868 P 52 31bf1a9fb
SCHED-TRACE 13079 3869 P 52 31d2d580f
SCHED-TRACE 13080 3869 I 73 23e8ed
SCHED-TRACE 13081 3869 B 73 f3
SCHED-TRACE 13082 3869 P 73 318654396
SCHED-TRACE 13083 3869 R 73 318654396
SCHED-TRACE 13084 3870 U 4 23ea21
SCHED-TRACE 13085 3870 V 4 23eacd
SCHED-TRACE 13086 3870 O 0 0
SCHED-TRACE 13087 3870 P 73 31a459581
SCHED-TRACE 13088 3871 K 46 3137af1a9
SCHED-TRACE 13089 3871 P 73 31bfbfbe8
SCHED-TRACE 13090 3872 P 73 31d37fbe8
SCHED-TRACE 13091 3872 I 46 23f003
SCHED-TRACE 13092 3872 B 46 f3
SCHED-TRACE 13093 3872 P 46 3187be76c
SCHED-TRACE 13094 3872 R 46 3187be76c
SCHED-TRACE 13095 3873 U 4 23f139
SCHED-TRACE 13096 3873 V 4 23f1e5
SCHED-TRACE 13097 3873 O 0 0
SCHED-TRACE 13098 3873 P 46 31a5e9fbd
SCHED-TRACE 13099 3874 K 49 3137c1062
SCHED-TRACE 13100 3874 P 46 31c152f1a
SCHED-TRACE 13101 3875 P 46 31d518105
SCHED-TRACE 13102 3875 I 49 23f71b
SCHED-TRACE 13103 3875 B 49 f3
SCHED-TRACE 13104 3875 P 49 3187cb439
SCHED-TRACE 13105 3875 R 49 3187cb439
SCHED-TRACE 13106 3876 U 4 23f851
SCHED-TRACE 13107 3876 V 4 23f8fd
SCHED-TRACE 13108 3876 O 0 0
SCHED-TRACE 13109 3876 P 49 31a5fbe76
SCHED-TRACE 13110 3877 K 43 3137cb439
SCHED-TRACE 13111 3877 P 49 31c15fbe7
SCHED-TRACE 13112 3878 P 49 31d5224dd
SCHED-TRACE 13113 3878 I 43 23fe33
SCHED-TRACE 13114 3878 B 43 f1
SCHED-TRACE 13115 3878 P 43 3187da9fc
SCHED-TRACE 13116 3878 R 43 3187da9fc
SCHED-TRACE 13117 3879 U 4 23ff69
SCHED-TRACE 13118 3879 V 4 240016
SCHED-TRACE 13119 3879 O 0 0
SCHED-TRACE 13120 3879 P 43 31a615810
SCHED-TRACE 13121 3880 K 40 3138a24dc
SCHED-TRACE 13122 3880 P 43 31c16f1aa
SCHED-TRACE 13123 3881 P 43 31d536c8b
SCHED-TRACE 13124 3881 I 40 24054c
SCHED-TRACE 13125 3881 B 40 f0
SCHED-TRACE 13126 3881 P 40 3188b1a9f
SCHED-TRACE 13127 3881 R 40 3188b1a9f
SCHED-TRACE 13128 3882 U 4 240680
SCHED-TRACE 13129 3882 V 4 24072c
SCHED-TRACE 13130 3882 O 0 0
SCHED-TRACE 13131 3882 P 40 31a6dd2f1
SCHED-TRACE 13132 3883 K 76 314109fbe
SCHED-TRACE 13133 3883 P 40 31c241061
SCHED-TRACE 13134 3884 P 40 31d5fbe76
SCHED-TRACE 13135 3884 I 76 240c62
SCHED-TRACE 13136 3884 B 76 f2
SCHED-TRACE 13137 3884 P 76 319128b43
SCHED-TRACE 13138 3884 R 76 319128b43
SCHED-TRACE 13139 3885 U 4 240d96
SCHED-TRACE 13140 3885 V 4 240e42
SCHED-TRACE 13141 3885 O 0 0
SCHED-TRACE 13142 3885 P 76 31af19581
SCHED-TRACE 13143 3886 K 76 31af19581
SCHED-TRACE 13144 3886 P 76 31ca7d2f1
SCHED-TRACE 13145 3887 I 76 241378
SCHED-TRACE 13146 3887 B 76 f3
SCHED-TRACE 13147 3887 P 76 322e59581
SCHED-TRACE 13148 3887 R 76 322e59581
SCHED-TRACE 13149 3888 U 4 2414ac
SCHED-TRACE 13150 3888 V 4 241557
SCHED-TRACE 13151 3888 O 0 0
SCHED-TRACE 13152 3888 P 76 324c38106
SCHED-TRACE 13153 3889 K 64 31c8af1a9
SCHED-TRACE 13154 3889 P 76 32679e76c
SCHED-TRACE 13155 3890 P 76 327b5e76c
SCHED-TRACE 13156 3890 I 64 241a8d
SCHED-TRACE 13157 3890 B 64 f4
SCHED-TRACE 13158 3890 P 64 3218cdd2e
SCHED-TRACE 13159 3890 R 64 3218cdd2e
SCHED-TRACE 13160 3891 U 4 241bc2
SCHED-TRACE 13161 3891 V 4 241c6e
SCHED-TRACE 13162 3891 O 0 0
SCHED-TRACE 13163 3891 P 64 3236e4dd2
SCHED-TRACE 13164 3892 K 31 31ca81062
SCHED-TRACE 13165 3892 P 64 32523be76
SCHED-TRACE 13166 3893 P 64 3265f9580
SCHED-TRACE 13167 3893 I 31 2421a4
SCHED-TRACE 13168 3893 B 31 f2
SCHED-TRACE 13169 3893 P 31 321aa4dd2
SCHED-TRACE 13170 3893 R 31 321aa4dd2
SCHED-TRACE 13171 3894 U 4 2422d7
SCHED-TRACE 13172 3894 V 4 242384
SCHED-TRACE 13173 3894 O 0 0
SCHED-TRACE 13174 3894 P 31 32389fbe7
SCHED-TRACE 13175 3895 K 67 31cb69fbe
SCHED-TRACE 13176 3895 P 31 3253f1a9f
SCHED-TRACE 13177 3896 P 31 3267af1a9
SCHED-TRACE 13178 3896 I 67 2428ba
SCHED-TRACE 13179 3896 B 67 f2
SCHED-TRACE 13180 3896 P 67 321b95810
SCHED-TRACE 13181 3896 R 67 321b95810
SCHED-TRACE 13182 3897 U 4 2429ee
SCHED-TRACE 13183 3897 V 4 242a9a
SCHED-TRACE 13184 3897 O 0 0
SCHED-TRACE 13185 3897 P 67 32399fbe7
SCHED-TRACE 13186 3898 K 70 31cbd0624
SCHED-TRACE 13187 3898 P 67 32550624d
SCHED-TRACE 13188 3899 P 67 3268c624d
SCHED-TRACE 13189 3899 I 70 242fd0
SCHED-TRACE 13190 3899 B 70 f3
SCHED-TRACE 13191 3899 P 70 321bda9fc
SCHED-TRACE 13192 3899 R 70 321bda9fc
SCHED-TRACE 13193 3900 U 4 243104
SCHED-TRACE 13194 3900 V 4 2431b1
SCHED-TRACE 13195 3900 O 0 0
SCHED-TRACE 13196 3900 P 70 3239dfbe7
SCHED-TRACE 13197 3901 K 34 31cde24dd
SCHED-TRACE 13198 3901 P 70 325548b43
SCHED-TRACE 13199 3902 P 70 32690b439
SCHED-TRACE 13200 3902 I 34 2436e7
SCHED-TRACE 13201 3902 B 34 f3
SCHED-TRACE 13202 3902 P 34 321dfe76c
SCHED-TRACE 13203 3902 R 34 321dfe76c
SCHED-TRACE 13204 3903 U 4 24381b
SCHED-TRACE 13205 3903 V 4 2438c7
SCHED-TRACE 13206 3903 O 0 0
SCHED-TRACE 13207 3903 P 34 323bf6c8b
SCHED-TRACE 13208 3904 K 37 31cee9fbe
SCHED-TRACE 13209 3904 P 34 325758106
SCHED-TRACE 13210 3905 P 34 326b1a9fb
SCHED-TRACE 13211 3905 I 37 243dfd
SCHED-TRACE 13212 3905 B 37 f3
SCHED-TRACE 13213 3905 P 37 321f01062
SCHED-TRACE 13214 3905 R 37 321f01062
SCHED-TRACE 13215 3906 U 4 243f30
SCHED-TRACE 13216 3906 V 4 243fdd
SCHED-TRACE 13217 3906 O 0 0
SCHED-TRACE 13218 3906 P 37 323d01062
SCHED-TRACE 13219 3907 K 61 31cef9581
SCHED-TRACE 13220 3907 P 37 32585fbe7
SCHED-TRACE 13221 3908 P 37 326c224dd
SCHED-TRACE 13222 3908 I 61 244513
SCHED-TRACE 13223 3908 B 61 f0
SCHED-TRACE 13224 3908 P 61 321f0dd2f
SCHED-TRACE 13225 3908 R 61 321f0dd2f
SCHED-TRACE 13226 3909 U 4 244646
SCHED-TRACE 13227 3909 V 4 2446f3
SCHED-TRACE 13228 3909 O 0 0
SCHED-TRACE 13229 3909 P 61 323d24dd3
SCHED-TRACE 13230 3910 K 58 31d0b6c8a
SCHED-TRACE 13231 3910 P 61 325888b43
SCHED-TRACE 13232 3911 P 61 326c48b43
SCHED-TRACE 13233 3911 I 58 244c29
SCHED-TRACE 13234 3911 B 58 f2
SCHED-TRACE 13235 3911 P 58 3220d8105
SCHED-TRACE 13236 3911 R 58 3220d8105
SCHED-TRACE 13237 3912 U 4 244d5e
SCHED-TRACE 13238 3912 V 4 244e0a
SCHED-TRACE 13239 3912 O 0 0
SCHED-TRACE 13240 3912 P 58 323ee4dd2
SCHED-TRACE 13241 3913 K 52 31d2d580f
SCHED-TRACE 13242 3913 P 58 325a48b43
SCHED-TRACE 13243 3914 P 58 326e0dd2e
SCHED-TRACE 13244 3914 I 52 245340
SCHED-TRACE 13245 3914 B 52 f2
SCHED-TRACE 13246 3914 P 52 3222e76c8
SCHED-TRACE 13247 3914 R 52 3222e76c8
SCHED-TRACE 13248 3915 U 4 245476
SCHED-TRACE 13249 3915 V 4 245522
SCHED-TRACE 13250 3915 O 0 0
SCHED-TRACE 13251 3915 P 52 32410b438
SCHED-TRACE 13252 3916 K 73 31d37fbe8
SCHED-TRACE 13253 3916 P 52 325c74395
SCHED-TRACE 13254 3917 P 52 327034395
SCHED-TRACE 13255 3917 I 73 245a58
SCHED-TRACE 13256 3917 B 73 f3
SCHED-TRACE 13257 3917 P 73 32239be77
SCHED-TRACE 13258 3917 R 73 32239be77
SCHED-TRACE 13259 3918 U 4 245b8d
SCHED-TRACE 13260 3918 V 4 245c3a
SCHED-TRACE 13261 3918 O 0 0
SCHED-TRACE 13262 3918 P 73 3241b5811
SCHED-TRACE 13263 3919 K 46 31d518105
SCHED-TRACE 13264 3919 P 73 325d11aa0
SCHED-TRACE 13265 3920 P 73 3270dbe77
SCHED-TRACE 13266 3920 I 46 24616f
SCHED-TRACE 13267 3920 B 46 f2
SCHED-TRACE 13268 3920 P 46 32251d2f1
SCHED-TRACE 13269 3920 R 46 32251d2f1
SCHED-TRACE 13270 3921 U 4 2462a5
SCHED-TRACE 13271 3921 V 4 246352
SCHED-TRACE 13272 3921 O 0 0
SCHED-TRACE 13273 3921 P 46 32435d2f1
SCHED-TRACE 13274 3922 K 49 31d5224dd
SCHED-TRACE 13275 3922 P 46 325ebe76c
SCHED-TRACE 13276 3923 P 46 32727be76
SCHED-TRACE 13277 3923 I 49 246888
SCHED-TRACE 13278 3923 B 49 f3
SCHED-TRACE 13279 3923 P 49 322541062
SCHED-TRACE 13280 3923 R 49 322541062
SCHED-TRACE 13281 3924 U 4 2469bd
SCHED-TRACE 13282 3924 V 4 246a6a
SCHED-TRACE 13283 3924 O 0 0
SCHED-TRACE 13284 3924 P 49 324371a9f
SCHED-TRACE 13285 3925 K 43 31d536c8b
SCHED-TRACE 13286 3925 P 49 325ed8106
SCHED-TRACE 13287 3926 P 49 32729a9fb
SCHED-TRACE 13288 3926 I 43 246fa0
SCHED-TRACE 13289 3926 B 43 f2
SCHED-TRACE 13290 3926 P 43 322543958
SCHED-TRACE 13291 3926 R 43 322543958
SCHED-TRACE 13292 3927 U 4 2470d6
SCHED-TRACE 13293 3927 V 4 247183
SCHED-TRACE 13294 3927 O 0 0
SCHED-TRACE 13295 3927 P 43 32437be77
SCHED-TRACE 13296 3928 K 40 31d5fbe76
SCHED-TRACE 13297 3928 P 43 325ee76c8
SCHED-TRACE 13298 3929 P 43 3272af1aa
SCHED-TRACE 13299 3929 I 40 2476b9
SCHED-TRACE 13300 3929 B 40 f3
SCHED-TRACE 13301 3929 P 40 32260dd2e
SCHED-TRACE 13302 3929 R 40 32260dd2e
SCHED-TRACE 13303 3930 U 4 2477f0
SCHED-TRACE 13304 3930 V 4 24789c
SCHED-TRACE 13305 3930 O 0 0
SCHED-TRACE 13306 3930 P 40 324450624
SCHED-TRACE 13307 3931 K 55 31d858105
SCHED-TRACE 13308 3931 P 40 325fb4395
SCHED-TRACE 13309 3932 P 40 327379580
SCHED-TRACE 13310 3932 I 55 247dd2
SCHED-TRACE 13311 3932 B 55 f4
SCHED-TRACE 13312 3932 P 55 3228676c8
SCHED-TRACE 13313 3932 R 55 3228676c8
SCHED-TRACE 13314 3933 U 4 247f07
SCHED-TRACE 13315 3933 V 4 247fb4
SCHED-TRACE 13316 3933 O 0 0
SCHED-TRACE 13317 3933 P 55 32469580f
SCHED-TRACE 13318 3934 K 55 32469580f
SCHED-TRACE 13319 3934 P 55 3261ec8b3
SCHED-TRACE 13320 3935 I 55 2484ea
SCHED-TRACE 13321 3935 B 55 ee
SCHED-TRACE 13322 3935 P 55 32c5c3957
SCHED-TRACE 13323 3935 R 55 32c5c3957
SCHED-TRACE 13324 3936 U 4 24861c
SCHED-TRACE 13325 3936 V 4 2486c6
SCHED-TRACE 13326 3936 O 0 0
SCHED-TRACE 13327 3936 P 55 32e39d2f1
SCHED-TRACE 13328 3937 K 64 3265f9580
SCHED-TRACE 13329 3937 P 55 32fef9580
SCHED-TRACE 13330 3938 P 55 3312b4394
SCHED-TRACE 13331 3938 I 64 248bfc
SCHED-TRACE 13332 3938 B 64 f1
SCHED-TRACE 13333 3938 P 64 32b61a9fb
SCHED-TRACE 13334 3938 R 64 32b61a9fb
SCHED-TRACE 13335 3939 U 4 248d30
SCHED-TRACE 13336 3939 V 4 248ddc
SCHED-TRACE 13337 3939 O 0 0
SCHED-TRACE 13338 3939 P 64 32d40b439
SCHED-TRACE 13339 3940 K 31 3267af1a9
SCHED-TRACE 13340 3940 P 64 32ef6c8b3
SCHED-TRACE 13341 3941 P 64 3303276c8
SCHED-TRACE 13342 3941 I 31 249311
SCHED-TRACE 13343 3941 B 31 f3
SCHED-TRACE 13344 3941 P 31 32b7cb439
SCHED-TRACE 13345 3941 R 31 32b7cb439
SCHED-TRACE 13346 3942 U 4 249445
SCHED-TRACE 13347 3942 V 4 2494f1
SCHED-TRACE 13348 3942 O 0 0
SCHED-TRACE 13349 3942 P 31 32d5b9581
SCHED-TRACE 13350 3943 K 67 3268c624d
SCHED-TRACE 13351 3943 P 31 32f118106
SCHED-TRACE 13352 3944 P 31 3304dd2f1
SCHED-TRACE 13353 3944 I 67 249a26
SCHED-TRACE 13354 3944 B 67 f4
SCHED-TRACE 13355 3944 P 67 32b8d8105
SCHED-TRACE 13356 3944 R 67 32b8d8105
SCHED-TRACE 13357 3945 U 4 249b5a
SCHED-TRACE 13358 3945 V 4 249c07
SCHED-TRACE 13359 3945 O 0 0
SCHED-TRACE 13360 3945 P 67 32d6e76c8
SCHED-TRACE 13361 3946 K 70 32690b439
SCHED-TRACE 13362 3946 P 67 32f243957
SCHED-TRACE 13363 3947 P 67 330608b43
SCHED-TRACE 13364 3947 I 70 24a13d
SCHED-TRACE 13365 3947 B 70 f3
SCHED-TRACE 13366 3947 P 70 32b929fbe
SCHED-TRACE 13367 3947 R 70 32b929fbe
SCHED-TRACE 13368 3948 U 4 24a271
SCHED-TRACE 13369 3948 V 4 24a31e
SCHED-TRACE 13370 3948 O 0 0
SCHED-TRACE 13371 3948 P 70 32d739581
SCHED-TRACE 13372 3949 K 34 326b1a9fb
SCHED-TRACE 13373 3949 P 70 32f2a4dd3
SCHED-TRACE 13374 3950 P 70 33065d2f1
SCHED-TRACE 13375 3950 I 34 24a854
SCHED-TRACE 13376 3950 B 34 f3
SCHED-TRACE 13377 3950 P 34 32bb3be76
SCHED-TRACE 13378 3950 R 34 32bb3be76
SCHED-TRACE 13379 3951 U 4 24a988
SCHED-TRACE 13380 3951 V 4 24aa34
SCHED-TRACE 13381 3951 O 0 0
SCHED-TRACE 13382 3951 P 34 32d929fbe
SCHED-TRACE 13383 3952 K 37 326c224dd
SCHED-TRACE 13384 3952 P 34 32f48dd2f
SCHED-TRACE 13385 3953 P 34 33084dd2f
SCHED-TRACE 13386 3953 I 37 24af6a
SCHED-TRACE 13387 3953 B 37 f2
SCHED-TRACE 13388 3953 P 37 32bc41062
SCHED-TRACE 13389 3953 R 37 32bc41062
SCHED-TRACE 13390 3954 U 4 24b09e
SCHED-TRACE 13391 3954 V 4 24b14a
SCHED-TRACE 13392 3954 O 0 0
SCHED-TRACE 13393 3954 P 37 32da36c8b
SCHED-TRACE 13394 3955 K 61 326c48b43
SCHED-TRACE 13395 3955 P 37 32f5a24dd
SCHED-TRACE 13396 3956 P 37 330969fbe
SCHED-TRACE 13397 3956 I 61 24b680
SCHED-TRACE 13398 3956 B 61 f5
SCHED-TRACE 13399 3956 P 61 32bc5fbe7
SCHED-TRACE 13400 3956 R 61 32bc5fbe7
SCHED-TRACE 13401 3957 U 4 24b7b5
SCHED-TRACE 13402 3957 V 4 24b862
SCHED-TRACE 13403 3957 O 0 0
SCHED-TRACE 13404 3957 P 61 32da83958
SCHED-TRACE 13405 3958 K 58 326e0dd2e
SCHED-TRACE 13406 3958 P 61 32f5e4dd3
SCHED-TRACE 13407 3959 P 61 3309a9fbe
SCHED-TRACE 13408 3959 I 58 24bd98
SCHED-TRACE 13409 3959 B 58 f4
SCHED-TRACE 13410 3959 P 58 32be2c8b3
SCHED-TRACE 13411 3959 R 58 32be2c8b3
SCHED-TRACE 13412 3960 U 4 24becd
SCHED-TRACE 13413 3960 V 4 24bf79
SCHED-TRACE 13414 3960 O 0 0
SCHED-TRACE 13415 3960 P 58 32dc4dd2e
SCHED-TRACE 13416 3961 K 52 327034395
SCHED-TRACE 13417 3961 P 58 32f7ac8b3
SCHED-TRACE 13418 3962 P 58 330b6f1a9
SCHED-TRACE 13419 3962 I 52 24c4af
SCHED-TRACE 13420 3962 B 52 f1
SCHED-TRACE 13421 3962 P 52 32c048b43
SCHED-TRACE 13422 3962 R 52 32c048b43
SCHED-TRACE 13423 3963 U 4 24c5e2
SCHED-TRACE 13424 3963 V 4 24c68e
SCHED-TRACE 13425 3963 O 0 0
SCHED-TRACE 13426 3963 P 52 32de4624d
SCHED-TRACE 13427 3964 K 73 3270dbe77
SCHED-TRACE 13428 3964 P 52 32f9a4dd2
SCHED-TRACE 13429 3965 P 52 330d64dd2
SCHED-TRACE 13430 3965 I 73 24cbc3
SCHED-TRACE 13431 3965 B 73 f2
SCHED-TRACE 13432 3965 P 73 32c0e8b44
SCHED-TRACE 13433 3965 R 73 32c0e8b44
SCHED-TRACE 13434 3966 U 4 24ccf7
SCHED-TRACE 13435 3966 V 4 24cda3
SCHED-TRACE 13436 3966 O 0 0
SCHED-TRACE 13437 3966 P 73 32ded4396
SCHED-TRACE 13438 3967 K 46 32727be76
SCHED-TRACE 13439 3967 P 73 32fa30625
SCHED-TRACE 13440 3968 P 73 330df2f1b
SCHED-TRACE 13441 3968 I 46 24d2d8
SCHED-TRACE 13442 3968 B 46 f0
SCHED-TRACE 13443 3968 P 46 32c28dd2e
SCHED-TRACE 13444 3968 R 46 32c28dd2e
SCHED-TRACE 13445 3969 U 4 24d40e
SCHED-TRACE 13446 3969 V 4 24d4ba
SCHED-TRACE 13447 3969 O 0 0
SCHED-TRACE 13448 3969 P 46 32e0b6c8a
SCHED-TRACE 13449 3970 K 49 32729a9fb
SCHED-TRACE 13450 3970 P 46 32fc10624
SCHED-TRACE 13451 3971 P 46 330fd0624
SCHED-TRACE 13452 3971 I 49 24d9ef
SCHED-TRACE 13453 3971 B 49 f4
SCHED-TRACE 13454 3971 P 49 32c2b9581
SCHED-TRACE 13455 3971 R 49 32c2b9581
SCHED-TRACE 13456 3972 U 4 24db24
SCHED-TRACE 13457 3972 V 4 24dbd1
SCHED-TRACE 13458 3972 O 0 0
SCHED-TRACE 13459 3972 P 49 32e0e9fbe
SCHED-TRACE 13460 3973 K 43 3272af1aa
SCHED-TRACE 13461 3973 P 49 32fc48b43
SCHED-TRACE 13462 3974 P 49 33100624d
SCHED-TRACE 13463 3974 I 43 24e107
SCHED-TRACE 13464 3974 B 43 f4
SCHED-TRACE 13465 3974 P 43 32c2d0625
SCHED-TRACE 13466 3974 R 43 32c2d0625
SCHED-TRACE 13467 3975 U 4 24e23d
SCHED-TRACE 13468 3975 V 4 24e2ea
SCHED-TRACE 13469 3975 O 0 0
SCHED-TRACE 13470 3975 P 43 32e112f1a
SCHED-TRACE 13471 3976 K 40 327379580
SCHED-TRACE 13472 3976 P 43 32fc7e76c
SCHED-TRACE 13473 3977 P 43 331036c8b
SCHED-TRACE 13474 3977 I 40 24e820
SCHED-TRACE 13475 3977 B 40 f4
SCHED-TRACE 13476 3977 P 40 32c39580f
SCHED-TRACE 13477 3977 R 40 32c39580f
SCHED-TRACE 13478 3978 U 4 24e956
SCHED-TRACE 13479 3978 V 4 24ea02
SCHED-TRACE 13480 3978 O 0 0
SCHED-TRACE 13481 3978 P 40 32e1c1061
SCHED-TRACE 13482 3979 K 76 327b5e76c
SCHED-TRACE 13483 3979 P 40 32fd224dc
SCHED-TRACE 13484 3980 P 40 3310e24dc
SCHED-TRACE 13485 3980 I 76 24ef38
SCHED-TRACE 13486 3980 B 76 f1
SCHED-TRACE 13487 3980 P 76 32cb6dd2f
SCHED-TRACE 13488 3980 R 76 32cb6dd2f
SCHED-TRACE 13489 3981 U 4 24f06c
SCHED-TRACE 13490 3981 V 4 24f118
SCHED-TRACE 13491 3981 O 0 0
SCHED-TRACE 13492 3981 P 76 32e970624
SCHED-TRACE 13493 3982 K 76 32e970624
SCHED-TRACE 13494 3982 P 76 3304dbe76
SCHED-TRACE 13495 3983 I 76 24f64e
SCHED-TRACE 13496 3983 B 76 f3
SCHED-TRACE 13497 3983 P 76 3368a8b43
SCHED-TRACE 13498 3983 R 76 3368a8b43
SCHED-TRACE 13499 3984 U 4 24f782
SCHED-TRACE 13500 3984 V 4 24f82f
SCHED-TRACE 13501 3984 O 0 0
SCHED-TRACE 13502 3984 P 76 3386b0624
SCHED-TRACE 13503 3985 K 64 3303276c8
SCHED-TRACE 13504 3985 P 76 33a211a9f
SCHED-TRACE 13505 3986 P 76 33b5d4395
SCHED-TRACE 13506 3986 I 64 24fd65
SCHED-TRACE 13507 3986 B 64 f3
SCHED-TRACE 13508 3986 P 64 335348b43
SCHED-TRACE 13509 3986 R 64 335348b43
SCHED-TRACE 13510 3987 U 4 24fe99
SCHED-TRACE 13511 3987 V 4 24ff46
SCHED-TRACE 13512 3987 O 0 0
SCHED-TRACE 13513 3987 P 64 33715fbe7
SCHED-TRACE 13514 3988 K 31 3304dd2f1
SCHED-TRACE 13515 3988 P 64 338cc624d
SCHED-TRACE 13516 3989 P 64 33a083957
SCHED-TRACE 13517 3989 I 31 25047c
SCHED-TRACE 13518 3989 B 31 f4
SCHED-TRACE 13519 3989 P 31 3354fbe76
SCHED-TRACE 13520 3989 R 31 3354fbe76
SCHED-TRACE 13521 3990 U 4 2505ae
SCHED-TRACE 13522 3990 V 4 250659
SCHED-TRACE 13523 3990 O 0 0
SCHED-TRACE 13524 3990 P 31 3372c3958
SCHED-TRACE 13525 3991 K 67 330608b43
SCHED-TRACE 13526 3991 P 31 338e224dd
SCHED-TRACE 13527 3992 P 31 33a1e4dd2
SCHED-TRACE 13528 3992 I 67 250b8f
SCHED-TRACE 13529 3992 B 67 f1
SCHED-TRACE 13530 3992 P 67 335618105
SCHED-TRACE 13531 3992 R 67 335618105
SCHED-TRACE 13532 3993 U 4 250cc3
SCHED-TRACE 13533 3993 V 4 250d6f
SCHED-TRACE 13534 3993 O 0 0
SCHED-TRACE 13535 3993 P 67 33740b439
SCHED-TRACE 13536 3994 K 70 33065d2f1
SCHED-TRACE 13537 3994 P 67 338f676c8
SCHED-TRACE 13538 3995 P 67 33a32c8b3
SCHED-TRACE 13539 3995 I 70 2512a4
SCHED-TRACE 13540 3995 B 70 f0
SCHED-TRACE 13541 3995 P 70 335664dd3
SCHED-TRACE 13542 3995 R 70 335664dd3
SCHED-TRACE 13543 3996 U 4 2513d8
SCHED-TRACE 13544 3996 V 4 251485
SCHED-TRACE 13545 3996 O 0 0
SCHED-TRACE 13546 3996 P 70 33746f1aa
SCHED-TRACE 13547 3997 K 34 33084dd2f
SCHED-TRACE 13548 3997 P 70 338fc624d
SCHED-TRACE 13549 3998 P 70 33a388b43
SCHED-TRACE 13550 3998 I 34 2519ba
SCHED-TRACE 13551 3998 B 34 f3
SCHED-TRACE 13552 3998 P 34 33586f1a9
SCHED-TRACE 13553 3998 R 34 33586f1a9
SCHED-TRACE 13554 3999 U 4 251aed
SCHED-TRACE 13555 3999 V 4 251b9a
SCHED-TRACE 13556 3999 O 0 0
SCHED-TRACE 13557 3999 P 34 337669fbe
SCHED-TRACE 13558 4000 K 37 330969fbe
SCHED-TRACE 13559 4000 P 34 3391c3958
SCHED-TRACE 13560 4001 P 34 33a581062
SCHED-TRACE 13561 4001 I 37 2520d0
SCHED-TRACE 13562 4001 B 37 f2
SCHED-TRACE 13563 4001 P 37 33598dd2f
SCHED-TRACE 13564 4001 R 37 33598dd2f
SCHED-TRACE 13565 4002 U 4 252203
SCHED-TRACE 13566 4002 V 4 2522b0
SCHED-TRACE 13567 4002 O 0 0
SCHED-TRACE 13568 4002 P 37 337783958
SCHED-TRACE 13569 4003 K 61 3309a9fbe
SCHED-TRACE 13570 4003 P 37 3392e9fbe
SCHED-TRACE 13571 4004 P 37 33a6a4dd3
SCHED-TRACE 13572 4004 I 61 2527e6
SCHED-TRACE 13573 4004 B 61 f2
SCHED-TRACE 13574 4004 P 61 3359c624d
SCHED-TRACE 13575 4004 R 61 3359c624d
SCHED-TRACE 13576 4005 U 4 25291b
SCHED-TRACE 13577 4005 V 4 2529c7
SCHED-TRACE 13578 4005 O 0 0
SCHED-TRACE 13579 4005 P 61 3377d0624
SCHED-TRACE 13580 4006 K 58 330b6f1a9
SCHED-TRACE 13581 4006 P 61 339334395
SCHED-TRACE 13582 4007 P 61 33a6f6c8b
SCHED-TRACE 13583 4007 I 58 252efd
SCHED-TRACE 13584 4007 B 58 f2
SCHED-TRACE 13585 4007 P 58 335b90624
SCHED-TRACE 13586 4007 R 58 335b90624
SCHED-TRACE 13587 4008 U 4 253032
SCHED-TRACE 13588 4008 V 4 2530df
SCHED-TRACE 13589 4008 O 0 0
SCHED-TRACE 13590 4008 P 58 3379b4395
SCHED-TRACE 13591 4009 K 52 330d64dd2
SCHED-TRACE 13592 4009 P 58 339515810
SCHED-TRACE 13593 4010 P 58 33a8da9fb
SCHED-TRACE 13594 4010 I 52 253615
SCHED-TRACE 13595 4010 B 52 f2
SCHED-TRACE 13596 4010 P 52 335d83957
SCHED-TRACE 13597 4010 R 52 335d83957
SCHED-TRACE 13598 4011 U 4 25374a
SCHED-TRACE 13599 4011 V 4 2537f6
SCHED-TRACE 13600 4011 O 0 0
SCHED-TRACE 13601 4011 P 52 337baf1a9
SCHED-TRACE 13602 4012 K 73 330df2f1b
SCHED-TRACE 13603 4012 P 52 339710624
SCHED-TRACE 13604 4013 P 52 33aad0624
SCHED-TRACE 13605 4013 I 73 253d2c
SCHED-TRACE 13606 4013 B 73 f4
SCHED-TRACE 13607 4013 P 73 335e076c9
SCHED-TRACE 13608 4013 R 73 335e076c9
SCHED-TRACE 13609 4014 U 4 253e60
SCHED-TRACE 13610 4014 V 4 253f0d
SCHED-TRACE 13611 4014 O 0 0
SCHED-TRACE 13612 4014 P 73 337c23958
SCHED-TRACE 13613 4015 K 46 330fd0624
SCHED-TRACE 13614 4015 P 73 339791aa0
SCHED-TRACE 13615 4016 P 73 33ab56c8b
SCHED-TRACE 13616 4016 I 46 254443
SCHED-TRACE 13617 4016 B 46 f3
SCHED-TRACE 13618 4016 P 46 335fd580f
SCHED-TRACE 13619 4016 R 46 335fd580f
SCHED-TRACE 13620 4017 U 4 254579
SCHED-TRACE 13621 4017 V 4 254624
SCHED-TRACE 13622 4017 O 0 0
SCHED-TRACE 13623 4017 P 46 337dcdd2e
SCHED-TRACE 13624 4018 K 49 33100624d
SCHED-TRACE 13625 4018 P 46 33992f1a9
SCHED-TRACE 13626 4019 P 46 33acf6c8a
SCHED-TRACE 13627 4019 I 49 254b5a
SCHED-TRACE 13628 4019 B 49 f1
SCHED-TRACE 13629 4019 P 49 336018106
SCHED-TRACE 13630 4019 R 49 336018106
SCHED-TRACE 13631 4020 U 4 254c8f
SCHED-TRACE 13632 4020 V 4 254d3b
SCHED-TRACE 13633 4020 O 0 0
SCHED-TRACE 13634 4020 P 49 337e31a9f
SCHED-TRACE 13635 4021 K 43 331036c8b
SCHED-TRACE 13636 4021 P 49 33998dd2f
SCHED-TRACE 13637 4022 P 49 33ad52f1a
SCHED-TRACE 13638 4022 I 43 255271
SCHED-TRACE 13639 4022 B 43 ee
SCHED-TRACE 13640 4022 P 43 336043958
SCHED-TRACE 13641 4022 R 43 336043958
SCHED-TRACE 13642 4023 U 4 2553a7
SCHED-TRACE 13643 4023 V 4 255454
SCHED-TRACE 13644 4023 O 0 0
SCHED-TRACE 13645 4023 P 43 337e88b43
SCHED-TRACE 13646 4024 K 40 3310e24dc
SCHED-TRACE 13647 4024 P 43 3399e24dd
SCHED-TRACE 13648 4025 P 43 33ada76c8
SCHED-TRACE 13649 4025 I 40 255989
SCHED-TRACE 13650 4025 B 40 f3
SCHED-TRACE 13651 4025 P 40 3360ef1a9
SCHED-TRACE 13652 4025 R 40 3360ef1a9
SCHED-TRACE 13653 4026 U 4 255abf
SCHED-TRACE 13654 4026 V 4 255b6c
SCHED-TRACE 13655 4026 O 0 0
SCHED-TRACE 13656 4026 P 40 337f34395
SCHED-TRACE 13657 4027 K 55 3312b4394
SCHED-TRACE 13658 4027 P 40 339a92f1a
SCHED-TRACE 13659 4028 P 40 33ae52f1a
SCHED-TRACE 13660 4028 I 55 2560a2
SCHED-TRACE 13661 4028 B 55 f3
SCHED-TRACE 13662 4028 P 55 3362d8105
SCHED-TRACE 13663 4028 R 55 3362d8105
SCHED-TRACE 13664 4029 U 4 2561d7
SCHED-TRACE 13665 4029 V 4 256284
SCHED-TRACE 13666 4029 O 0 0
SCHED-TRACE 13667 4029 P 55 338101061
SCHED-TRACE 13668 4030 K 55 338101061
SCHED-TRACE 13669 4030 P 55 339c69fbd
SCHED-TRACE 13670 4031 I 55 2567ba
SCHED-TRACE 13671 4031 B 55 f2
SCHED-TRACE 13672 4031 P 55 34003be76
SCHED-TRACE 13673 4031 R 55 34003be76
SCHED-TRACE 13674 4032 U 4 2568ef
SCHED-TRACE 13675 4032 V 4 25699b
SCHED-TRACE 13676 4032 O 0 0
SCHED-TRACE 13677 4032 P 55 341e58105
SCHED-TRACE 13678 4033 K 64 33a083957
SCHED-TRACE 13679 4033 P 55 3439be76b
SCHED-TRACE 13680 4034 P 55 344d7e76b
SCHED-TRACE 13681 4034 I 64 256ed1
SCHED-TRACE 13682 4034 B 64 f2
SCHED-TRACE 13683 4034 P 64 33f090624
SCHED-TRACE 13684 4034 R 64 33f090624
SCHED-TRACE 13685 4035 U 4 257006
SCHED-TRACE 13686 4035 V 4 2570b2
SCHED-TRACE 13687 4035 O 0 0
SCHED-TRACE 13688 4035 P 64 340e9fbe7
SCHED-TRACE 13689 4036 K 31 33a1e4dd2
SCHED-TRACE 13690 4036 P 64 342a01061
SCHED-TRACE 13691 4037 P 64 343dc1061
SCHED-TRACE 13692 4037 I 31 2575e8
SCHED-TRACE 13693 4037 B 31 f3
SCHED-TRACE 13694 4037 P 31 33f201062
SCHED-TRACE 13695 4037 R 31 33f201062
SCHED-TRACE 13696 4038 U 4 25771b
SCHED-TRACE 13697 4038 V 4 2577c8
SCHED-TRACE 13698 4038 O 0 0
SCHED-TRACE 13699 4038 P 31 341003958
SCHED-TRACE 13700 4039 K 67 33a32c8b3
SCHED-TRACE 13701 4039 P 31 342b6c8b4
SCHED-TRACE 13702 4040 P 31 343f31a9f
SCHED-TRACE 13703 4040 I 67 257cfe
SCHED-TRACE 13704 4040 B 67 f4
SCHED-TRACE 13705 4040 P 67 33f341061
SCHED-TRACE 13706 4040 R 67 33f341061
SCHED-TRACE 13707 4041 U 4 257e33
SCHED-TRACE 13708 4041 V 4 257ee0
SCHED-TRACE 13709 4041 O 0 0
SCHED-TRACE 13710 4041 P 67 3411676c8
SCHED-TRACE 13711 4042 K 70 33a388b43
SCHED-TRACE 13712 4042 P 67 342cd2f1a
SCHED-TRACE 13713 4043 P 67 344098105
SCHED-TRACE 13714 4043 I 70 258416
SCHED-TRACE 13715 4043 B 70 f4
SCHED-TRACE 13716 4043 P 70 33f39a9fc
SCHED-TRACE 13717 4043 R 70 33f39a9fc
SCHED-TRACE 13718 4044 U 4 25854a
SCHED-TRACE 13719 4044 V 4 2585f4
SCHED-TRACE 13720 4044 O 0 0
SCHED-TRACE 13721 4044 P 70 341150624
SCHED-TRACE 13722 4045 K 34 33a581062
SCHED-TRACE 13723 4045 P 70 342cac8b4
SCHED-TRACE 13724 4046 P 70 34406f1aa
SCHED-TRACE 13725 4046 I 34 258b2a
SCHED-TRACE 13726 4046 B 34 f2
SCHED-TRACE 13727 4046 P 34 33f59fbe7
SCHED-TRACE 13728 4046 R 34 33f59fbe7
SCHED-TRACE 13729 4047 U 4 258c5d
SCHED-TRACE 13730 4047 V 4 258d0a
SCHED-TRACE 13731 4047 O 0 0
SCHED-TRACE 13732 4047 P 34 341390624
SCHED-TRACE 13733 4048 K 37 33a6a4dd3
SCHED-TRACE 13734 4048 P 34 342eec8b4
SCHED-TRACE 13735 4049 P 34 3442a9fbe
SCHED-TRACE 13736 4049 I 37 25923f
SCHED-TRACE 13737 4049 B 37 f1
SCHED-TRACE 13738 4049 P 37 33f6bbe77
SCHED-TRACE 13739 4049 R 37 33f6bbe77
SCHED-TRACE 13740 4050 U 4 259373
SCHED-TRACE 13741 4050 V 4 25941f
SCHED-TRACE 13742 4050 O 0 0
SCHED-TRACE 13743 4050 P 37 3414b6c8b
SCHED-TRACE 13744 4051 K 61 33a6f6c8b
SCHED-TRACE 13745 4051 P 37 34300b439
SCHED-TRACE 13746 4052 P 37 3443d2f1a
SCHED-TRACE 13747 4052 I 61 259955
SCHED-TRACE 13748 4052 B 61 f2
SCHED-TRACE 13749 4052 P 61 33f70b439
SCHED-TRACE 13750 4052 R 61 33f70b439
SCHED-TRACE 13751 4053 U 4 259a8a
SCHED-TRACE 13752 4053 V 4 259b36
SCHED-TRACE 13753 4053 O 0 0
SCHED-TRACE 13754 4053 P 61 34152c8b4
SCHED-TRACE 13755 4054 K 58 33a8da9fb
SCHED-TRACE 13756 4054 P 61 343092f1a
SCHED-TRACE 13757 4055 P 61 344452f1a
SCHED-TRACE 13758 4055 I 58 25a06c
SCHED-TRACE 13759 4055 B 58 f4
SCHED-TRACE 13760 4055 P 58 33f8ec8b3
SCHED-TRACE 13761 4055 R 58 33f8ec8b3
SCHED-TRACE 13762 4056 U 4 25a1a2
SCHED-TRACE 13763 4056 V 4 25a24e
SCHED-TRACE 13764 4056 O 0 0
SCHED-TRACE 13765 4056 P 58 341712f1a
SCHED-TRACE 13766 4057 K 52 33aad0624
SCHED-TRACE 13767 4057 P 58 34327e76c
SCHED-TRACE 13768 4058 P 58 34464624d
SCHED-TRACE 13769 4058 I 52 25a784
SCHED-TRACE 13770 4058 B 52 f4
SCHED-TRACE 13771 4058 P 52 33fad8105
SCHED-TRACE 13772 4058 R 52 33fad8105
SCHED-TRACE 13773 4059 U 4 25a8b9
SCHED-TRACE 13774 4059 V 4 25a966
SCHED-TRACE 13775 4059 O 0 0
SCHED-TRACE 13776 4059 P 52 3418f4395
SCHED-TRACE 13777 4060 K 73 33ab56c8b
SCHED-TRACE 13778 4060 P 52 34345a9fb
SCHED-TRACE 13779 4061 P 52 34481d2f1
SCHED-TRACE 13780 4061 I 73 25ae9b
SCHED-TRACE 13781 4061 B 73 f3
SCHED-TRACE 13782 4061 P 73 33fb63958
SCHED-TRACE 13783 4061 R 73 33fb63958
SCHED-TRACE 13784 4062 U 4 25afcf
SCHED-TRACE 13785 4062 V 4 25b07c
SCHED-TRACE 13786 4062 O 0 0
SCHED-TRACE 13787 4062 P 73 341978106
SCHED-TRACE 13788 4063 K 46 33acf6c8a
SCHED-TRACE 13789 4063 P 73 3434dbe77
SCHED-TRACE 13790 4064 P 73 3448a3958
SCHED-TRACE 13791 4064 I 46 25b5b2
SCHED-TRACE 13792 4064 B 46 f3
SCHED-TRACE 13793 4064 P 46 33fd0624d
SCHED-TRACE 13794 4064 R 46 33fd0624d
SCHED-TRACE 13795 4065 U 4 25b6e7
SCHED-TRACE 13796 4065 V 4 25b794
SCHED-TRACE 13797 4065 O 0 0
SCHED-TRACE 13798 4065 P 46 341b41061
SCHED-TRACE 13799 4066 K 49 33ad52f1a
SCHED-TRACE 13800 4066 P 46 3436a24dc
SCHED-TRACE 13801 4067 P 46 344a64dd2
SCHED-TRACE 13802 4067 I 49 25bcca
SCHED-TRACE 13803 4067 B 49 f3
SCHED-TRACE 13804 4067 P 49 33fd6f1aa
SCHED-TRACE 13805 4067 R 49 33fd6f1aa
SCHED-TRACE 13806 4068 U 4 25bdff
SCHED-TRACE 13807 4068 V 4 25beab
SCHED-TRACE 13808 4068 O 0 0
SCHED-TRACE 13809 4068 P 49 341b98106
SCHED-TRACE 13810 4069 K 43 33ada76c8
SCHED-TRACE 13811 4069 P 49 343701062
SCHED-TRACE 13812 4070 P 49 344ac3958
SCHED-TRACE 13813 4070 I 43 25c3e1
SCHED-TRACE 13814 4070 B 43 f3
SCHED-TRACE 13815 4070 P 43 33fdaf1aa
SCHED-TRACE 13816 4070 R 43 33fdaf1aa
SCHED-TRACE 13817 4071 U 4 25c517
SCHED-TRACE 13818 4071 V 4 25c5c2
SCHED-TRACE 13819 4071 O 0 0
SCHED-TRACE 13820 4071 P 43 341bb1a9f
SCHED-TRACE 13821 4072 K 40 33ae52f1a
SCHED-TRACE 13822 4072 P 43 343712f1a
SCHED-TRACE 13823 4073 P 43 344ad2f1a
SCHED-TRACE 13824 4073 I 40 25caf7
SCHED-TRACE 13825 4073 B 40 f1
SCHED-TRACE 13826 4073 P 40 33fe5fbe7
SCHED-TRACE 13827 4073 R 40 33fe5fbe7
SCHED-TRACE 13828 4074 U 4 25cc2d
SCHED-TRACE 13829 4074 V 4 25ccd9
SCHED-TRACE 13830 4074 O 0 0
SCHED-TRACE 13831 4074 P 40 341c90624
SCHED-TRACE 13832 4075 K 76 33b5d4395
SCHED-TRACE 13833 4075 P 40 3437e24dc
SCHED-TRACE 13834 4076 P 40 344ba24dc
SCHED-TRACE 13835 4076 I 76 25d20f
SCHED-TRACE 13836 4076 B 76 ef
SCHED-TRACE 13837 4076 P 76 3405f5810
SCHED-TRACE 13838 4076 R 76 3405f5810
SCHED-TRACE 13839 4077 U 4 25d342
SCHED-TRACE 13840 4077 V 4 25d3ef
SCHED-TRACE 13841 4077 O 0 0
SCHED-TRACE 13842 4077 P 76 3423f2f1a
SCHED-TRACE 13843 4078 K 76 3423f2f1a
SCHED-TRACE 13844 4078 P 76 343f476c8
SCHED-TRACE 13845 4079 I 76 25d924
SCHED-TRACE 13846 4079 B 76 f2
SCHED-TRACE 13847 4079 P 76 34a31be76
SCHED-TRACE 13848 4079 R 76 34a31be76
SCHED-TRACE 13849 4080 U 4 25da58
SCHED-TRACE 13850 4080 V 4 25db05
SCHED-TRACE 13851 4080 O 0 0
SCHED-TRACE 13852 4080 P 76 34c12b439
SCHED-TRACE 13853 4081 K 64 343dc1061
SCHED-TRACE 13854 4081 P 76 34dc96c8b
SCHED-TRACE 13855 4082 P 76 34f051a9f
SCHED-TRACE 13856 4082 I 64 25e03b
SCHED-TRACE 13857 4082 B 64 f3
SCHED-TRACE 13858 4082 P 64 348de24dc
SCHED-TRACE 13859 4082 R 64 348de24dc
SCHED-TRACE 13860 4083 U 4 25e170
SCHED-TRACE 13861 4083 V 4 25e21c
SCHED-TRACE 13862 4083 O 0 0
SCHED-TRACE 13863 4083 P 64 34abf1a9f
SCHED-TRACE 13864 4084 K 31 343f31a9f
SCHED-TRACE 13865 4084 P 64 34c75a9fb
SCHED-TRACE 13866 4085 P 64 34db1d2f1
SCHED-TRACE 13867 4085 I 31 25e753
SCHED-TRACE 13868 4085 B 31 f3
SCHED-TRACE 13869 4085 P 31 348f4dd2f
SCHED-TRACE 13870 4085 R 31 348f4dd2f
SCHED-TRACE 13871 4086 U 4 25e886
SCHED-TRACE 13872 4086 V 4 25e933
SCHED-TRACE 13873 4086 O 0 0
SCHED-TRACE 13874 4086 P 31 34ad3e76c
SCHED-TRACE 13875 4087 K 70 34406f1aa
SCHED-TRACE 13876 4087 P 31 34c8a76c8
SCHED-TRACE 13877 4088 P 31 34dc6c8b4
SCHED-TRACE 13878 4088 I 70 25ee69
SCHED-TRACE 13879 4088 B 70 f2
SCHED-TRACE 13880 4088 P 70 349081062
SCHED-TRACE 13881 4088 R 70 349081062
SCHED-TRACE 13882 4089 U 4 25ef9e
SCHED-TRACE 13883 4089 V 4 25f04a
SCHED-TRACE 13884 4089 O 0 0
SCHED-TRACE 13885 4089 P 70 34ae9d2f1
SCHED-TRACE 13886 4090 K 67 344098105
SCHED-TRACE 13887 4090 P 70 34ca01062
SCHED-TRACE 13888 4091 P 70 34ddc8b43
SCHED-TRACE 13889 4091 I 67 25f581
SCHED-TRACE 13890 4091 B 67 f2
SCHED-TRACE 13891 4091 P 67 3490b1a9f
SCHED-TRACE 13892 4091 R 67 3490b1a9f
SCHED-TRACE 13893 4092 U 4 25f6b5
SCHED-TRACE 13894 4092 V 4 25f762
SCHED-TRACE 13895 4092 O 0 0
SCHED-TRACE 13896 4092 P 67 34aecb439
SCHED-TRACE 13897 4093 K 34 3442a9fbe
SCHED-TRACE 13898 4093 P 67 34ca31a9f
SCHED-TRACE 13899 4094 P 67 34ddf4395
SCHED-TRACE 13900 4094 I 34 25fc98
SCHED-TRACE 13901 4094 B 34 f4
SCHED-TRACE 13902 4094 P 34 3492cb439
SCHED-TRACE 13903 4094 R 34 3492cb439
SCHED-TRACE 13904 4095 U 4 25fdcb
SCHED-TRACE 13905 4095 V 4 25fe78
SCHED-TRACE 13906 4095 O 0 0
SCHED-TRACE 13907 4095 P 34 34b0c8b43
SCHED-TRACE 13908 4096 K 37 3443d2f1a
SCHED-TRACE 13909 4096 P 34 34cc34395
SCHED-TRACE 13910 4097 P 34 34dff4395
SCHED-TRACE 13911 4097 I 37 2603ae
SCHED-TRACE 13912 4097 B 37 f4
SCHED-TRACE 13913 4097 P 37 3493e4dd3
SCHED-TRACE 13914 4097 R 37 3493e4dd3
SCHED-TRACE 13915 4098 U 4 2604e2
SCHED-TRACE 13916 4098 V 4 26058d
SCHED-TRACE 13917 4098 O 0 0
SCHED-TRACE 13918 4098 P 37 34b1a24dd
SCHED-TRACE 13919 4099 K 61 344452f1a
SCHED-TRACE 13920 4099 P 37 34cd08b43
SCHED-TRACE 13921 4100 P 37 34e0cb439
SCHED-TRACE 13922 4100 I 61 260ac2
SCHED-TRACE 13923 4100 B 61 f4
SCHED-TRACE 13924 4100 P 61 34946f1aa
SCHED-TRACE 13925 4100 R 61 34946f1aa
SCHED-TRACE 13926 4101 U 4 260bf7
SCHED-TRACE 13927 4101 V 4 260ca3
SCHED-TRACE 13928 4101 O 0 0
SCHED-TRACE 13929 4101 P 61 34b281062
SCHED-TRACE 13930 4102 K 58 34464624d
SCHED-TRACE 13931 4102 P 61 34cdd8106
SCHED-TRACE 13932 4103 P 61 34e19a9fb
SCHED-TRACE 13933 4103 I 58 2611d9
SCHED-TRACE 13934 4103 B 58 f1
SCHED-TRACE 13935 4103 P 58 3496676c8
SCHED-TRACE 13936 4103 R 58 3496676c8
SCHED-TRACE 13937 4104 U 4 26130e
SCHED-TRACE 13938 4104 V 4 2613ba
SCHED-TRACE 13939 4104 O 0 0
SCHED-TRACE 13940 4104 P 58 34b48b439
SCHED-TRACE 13941 4105 K 52 34481d2f1
SCHED-TRACE 13942 4105 P 58 34cfdfbe7
SCHED-TRACE 13943 4106 P 58 34e39d2f1
SCHED-TRACE 13944 4106 I 52 2618f0
SCHED-TRACE 13945 4106 B 52 f2
SCHED-TRACE 13946 4106 P 52 349839580
SCHED-TRACE 13947 4106 R 52 349839580
SCHED-TRACE 13948 4107 U 4 261a25
SCHED-TRACE 13949 4107 V 4 261ad2
SCHED-TRACE 13950 4107 O 0 0
SCHED-TRACE 13951 4107 P 52 34b6624dc
SCHED-TRACE 13952 4108 K 73 3448a3958
SCHED-TRACE 13953 4108 P 52 34d1c8b43
SCHED-TRACE 13954 4109 P 52 34e58624d
SCHED-TRACE 13955 4109 I 73 262008
SCHED-TRACE 13956 4109 B 73 f2
SCHED-TRACE 13957 4109 P 73 3498c4dd3
SCHED-TRACE 13958 4109 R 73 3498c4dd3
SCHED-TRACE 13959 4110 U 4 26213d
SCHED-TRACE 13960 4110 V 4 2621e9
SCHED-TRACE 13961 4110 O 0 0
SCHED-TRACE 13962 4110 P 73 34b6cf1aa
SCHED-TRACE 13963 4111 K 46 344a64dd2
SCHED-TRACE 13964 4111 P 73 34d23a9fc
SCHED-TRACE 13965 4112 P 73 34e604dd3
SCHED-TRACE 13966 4112 I 46 26271f
SCHED-TRACE 13967 4112 B 46 f3
SCHED-TRACE 13968 4112 P 46 349a676c8
SCHED-TRACE 13969 4112 R 46 349a676c8
SCHED-TRACE 13970 4113 U 4 262855
SCHED-TRACE 13971 4113 V 4 262902
SCHED-TRACE 13972 4113 O 0 0
SCHED-TRACE 13973 4113 P 46 34b8a4dd2
SCHED-TRACE 13974 4114 K 49 344ac3958
SCHED-TRACE 13975 4114 P 46 34d40b438
SCHED-TRACE 13976 4115 P 46 34e7d0624
SCHED-TRACE 13977 4115 I 49 262e38
SCHED-TRACE 13978 4115 B 49 f3
SCHED-TRACE 13979 4115 P 49 349ada9fb
SCHED-TRACE 13980 4115 R 49 349ada9fb
SCHED-TRACE 13981 4116 U 4 262f6e
SCHED-TRACE 13982 4116 V 4 26301b
SCHED-TRACE 13983 4116 O 0 0
SCHED-TRACE 13984 4116 P 49 34b910624
SCHED-TRACE 13985 4117 K 43 344ad2f1a
SCHED-TRACE 13986 4117 P 49 34d474395
SCHED-TRACE 13987 4118 P 49 34e83e76c
SCHED-TRACE 13988 4118 I 43 263551
SCHED-TRACE 13989 4118 B 43 f3
SCHED-TRACE 13990 4118 P 43 349adfbe7
SCHED-TRACE 13991 4118 R 43 349adfbe7
SCHED-TRACE 13992 4119 U 4 263687
SCHED-TRACE 13993 4119 V 4 263733
SCHED-TRACE 13994 4119 O 0 0
SCHED-TRACE 13995 4119 P 43 34b91fbe7
SCHED-TRACE 13996 4120 K 40 344ba24dc
SCHED-TRACE 13997 4120 P 43 34d488b43
SCHED-TRACE 13998 4121 P 43 34e84dd2f
SCHED-TRACE 13999 4121 I 40 263c6a
SCHED-TRACE 14000 4121 B 40 f3
SCHED-TRACE 14001 4121 P 40 349bc3957
SCHED-TRACE 14002 4121 R 40 349bc3957
SCHED-TRACE 14003 4122 U 4 263da1
SCHED-TRACE 14004 4122 V 4 263e4d
SCHED-TRACE 14005 4122 O 0 0
SCHED-TRACE 14006 4122 P 40 34ba03957
SCHED-TRACE 14007 4123 K 55 344d7e76b
SCHED-TRACE 14008 4123 P 40 34d571a9f
SCHED-TRACE 14009 4124 P 40 34e936c8a
SCHED-TRACE 14010 4124 I 55 264384
SCHED-TRACE 14011 4124 B 55 f4
SCHED-TRACE 14012 4124 P 55 349d9580f
SCHED-TRACE 14013 4124 R 55 349d9580f
SCHED-TRACE 14014 4125 U 4 2644b9
SCHED-TRACE 14015 4125 V 4 264565
SCHED-TRACE 14016 4125 O 0 0
SCHED-TRACE 14017 4125 P 55 34bb88b43
SCHED-TRACE 14018 4126 K 55 34bb88b43
SCHED-TRACE 14019 4126 P 55 34d6f1a9f
SCHED-TRACE 14020 4127 I 55 264a9a
SCHED-TRACE 14021 4127 B 55 f4
SCHED-TRACE 14022 4127 P 55 353ac624d
SCHED-TRACE 14023 4127 R 55 353ac624d
SCHED-TRACE 14024 4128 U 4 264bd0
SCHED-TRACE 14025 4128 V 4 264c7c
SCHED-TRACE 14026 4128 O 0 0
SCHED-TRACE 14027 4128 P 55 3558f4394
SCHED-TRACE 14028 4129 K 64 34db1d2f1
SCHED-TRACE 14029 4129 P 55 357448b43
SCHED-TRACE 14030 4130 P 55 358808b43
SCHED-TRACE 14031 4130 I 64 2651b2
SCHED-TRACE 14032 4130 B 64 ef
SCHED-TRACE 14033 4130 P 64 352b36c8a
SCHED-TRACE 14034 4130 R 64 352b36c8a
SCHED-TRACE 14035 4131 U 4 2652e6
SCHED-TRACE 14036 4131 V 4 265393
SCHED-TRACE 14037 4131 O 0 0
SCHED-TRACE 14038 4131 P 64 354948b43
SCHED-TRACE 14039 4132 K 31 34dc6c8b4
SCHED-TRACE 14040 4132 P 64 35649fbe7
SCHED-TRACE 14041 4133 P 64 357858105
SCHED-TRACE 14042 4133 I 31 2658c8
SCHED-TRACE 14043 4133 B 31 f2
SCHED-TRACE 14044 4133 P 31 352c88b43
SCHED-TRACE 14045 4133 R 31 352c88b43
SCHED-TRACE 14046 4134 U 4 2659fb
SCHED-TRACE 14047 4134 V 4 265aa8
SCHED-TRACE 14048 4134 O 0 0
SCHED-TRACE 14049 4134 P 31 354a83958
SCHED-TRACE 14050 4135 K 70 34ddc8b43
SCHED-TRACE 14051 4135 P 31 3565ef1a9
SCHED-TRACE 14052 4136 P 31 3579b1a9f
SCHED-TRACE 14053 4136 I 70 265fde
SCHED-TRACE 14054 4136 B 70 f4
SCHED-TRACE 14055 4136 P 70 352dd5810
SCHED-TRACE 14056 4136 R 70 352dd5810
SCHED-TRACE 14057 4137 U 4 266113
SCHED-TRACE 14058 4137 V 4 2661bf
SCHED-TRACE 14059 4137 O 0 0
SCHED-TRACE 14060 4137 P 70 354be76c8
SCHED-TRACE 14061 4138 K 67 34ddf4395
SCHED-TRACE 14062 4138 P 70 356758106
SCHED-TRACE 14063 4139 P 70 357b1fbe7
SCHED-TRACE 14064 4139 I 67 2666f6
SCHED-TRACE 14065 4139 B 67 f4
SCHED-TRACE 14066 4139 P 67 352e0b439
SCHED-TRACE 14067 4139 R 67 352e0b439
SCHED-TRACE 14068 4140 U 4 26682b
SCHED-TRACE 14069 4140 V 4 2668d8
SCHED-TRACE 14070 4140 O 0 0
SCHED-TRACE 14071 4140 P 67 354c224dc
SCHED-TRACE 14072 4141 K 34 34dff4395
SCHED-TRACE 14073 4141 P 67 356788b43
SCHED-TRACE 14074 4142 P 67 357b4b439
SCHED-TRACE 14075 4142 I 34 266e0e
SCHED-TRACE 14076 4142 B 34 f4
SCHED-TRACE 14077 4142 P 34 353012f1a
SCHED-TRACE 14078 4142 R 34 353012f1a
SCHED-TRACE 14079 4143 U 4 266f41
SCHED-TRACE 14080 4143 V 4 266fee
SCHED-TRACE 14081 4143 O 0 0
SCHED-TRACE 14082 4143 P 34 354e15810
SCHED-TRACE 14083 4144 K 37 34e0cb439
SCHED-TRACE 14084 4144 P 34 35697be76
SCHED-TRACE 14085 4145 P 34 357d3be76
SCHED-TRACE 14086 4145 I 37 267525
SCHED-TRACE 14087 4145 B 37 f3
SCHED-TRACE 14088 4145 P 37 3530ef1aa
SCHED-TRACE 14089 4145 R 37 3530ef1aa
SCHED-TRACE 14090 4146 U 4 267659
SCHED-TRACE 14091 4146 V 4 267706
SCHED-TRACE 14092 4146 O 0 0
SCHED-TRACE 14093 4146 P 37 354f01062
SCHED-TRACE 14094 4147 K 61 34e19a9fb
SCHED-TRACE 14095 4147 P 37 356a6f1aa
SCHED-TRACE 14096 4148 P 37 357e36c8b
SCHED-TRACE 14097 4148 I 61 267c3c
SCHED-TRACE 14098 4148 B 61 f3
SCHED-TRACE 14099 4148 P 61 3531a76c8
SCHED-TRACE 14100 4148 R 61 3531a76c8
SCHED-TRACE 14101 4149 U 4 267d72
SCHED-TRACE 14102 4149 V 4 267e1e
SCHED-TRACE 14103 4149 O 0 0
SCHED-TRACE 14104 4149 P 61 354fc3958
SCHED-TRACE 14105 4150 K 58 34e39d2f1
SCHED-TRACE 14106 4150 P 61 356b34395
SCHED-TRACE 14107 4151 P 61 357efe76c
SCHED-TRACE 14108 4151 I 58 268355
SCHED-TRACE 14109 4151 B 58 f5
SCHED-TRACE 14110 4151 P 58 3533b4395
SCHED-TRACE 14111 4151 R 58 3533b4395
SCHED-TRACE 14112 4152 U 4 26848a
SCHED-TRACE 14113 4152 V 4 268534
SCHED-TRACE 14114 4152 O 0 0
SCHED-TRACE 14115 4152 P 58 355169fbe
SCHED-TRACE 14116 4153 K 52 34e58624d
SCHED-TRACE 14117 4153 P 58 356ccdd2e
SCHED-TRACE 14118 4154 P 58 358090624
SCHED-TRACE 14119 4154 I 52 268a68
SCHED-TRACE 14120 4154 B 52 f3
SCHED-TRACE 14121 4154 P 52 353590624
SCHED-TRACE 14122 4154 R 52 353590624
SCHED-TRACE 14123 4155 U 4 268b9d
SCHED-TRACE 14124 4155 V 4 268c4a
SCHED-TRACE 14125 4155 O 0 0
SCHED-TRACE 14126 4155 P 52 3553b6c8a
SCHED-TRACE 14127 4156 K 73 34e604dd3
SCHED-TRACE 14128 4156 P 52 356f0b438
SCHED-TRACE 14129 4157 P 52 3582cdd2e
SCHED-TRACE 14130 4157 I 73 26917f
SCHED-TRACE 14131 4157 B 73 f1
SCHED-TRACE 14132 4157 P 73 353616c8b
SCHED-TRACE 14133 4157 R 73 353616c8b
SCHED-TRACE 14134 4158 U 4 2692b3
SCHED-TRACE 14135 4158 V 4 26935f
SCHED-TRACE 14136 4158 O 0 0
SCHED-TRACE 14137 4158 P 73 35541be77
SCHED-TRACE 14138 4159 K 46 34e7d0624
SCHED-TRACE 14139 4159 P 73 356f7a9fc
SCHED-TRACE 14140 4160 P 73 358338106
SCHED-TRACE 14141 4160 I 46 269895
SCHED-TRACE 14142 4160 B 46 f2
SCHED-TRACE 14143 4160 P 46 3537ef1a9
SCHED-TRACE 14144 4160 R 46 3537ef1a9
SCHED-TRACE 14145 4161 U 4 2699ca
SCHED-TRACE 14146 4161 V 4 269a76
SCHED-TRACE 14147 4161 O 0 0
SCHED-TRACE 14148 4161 P 46 35561a9fb
SCHED-TRACE 14149 4162 K 49 34e83e76c
SCHED-TRACE 14150 4162 P 46 357176c8a
SCHED-TRACE 14151 4163 P 46 358534395
SCHED-TRACE 14152 4163 I 49 269fad
SCHED-TRACE 14153 4163 B 49 f0
SCHED-TRACE 14154 4163 P 49 353864dd3
SCHED-TRACE 14155 4163 R 49 353864dd3
SCHED-TRACE 14156 4164 U 4 26a0e2
SCHED-TRACE 14157 4164 V 4 26a18f
SCHED-TRACE 14158 4164 O 0 0
SCHED-TRACE 14159 4164 P 49 35568b439
SCHED-TRACE 14160 4165 K 43 34e84dd2f
SCHED-TRACE 14161 4165 P 49 3571f4395
SCHED-TRACE 14162 4166 P 49 3585b6c8b
SCHED-TRACE 14163 4166 I 43 26a6c4
SCHED-TRACE 14164 4166 B 43 f3
SCHED-TRACE 14165 4166 P 43 353858106
SCHED-TRACE 14166 4166 R 43 353858106
SCHED-TRACE 14167 4167 U 4 26a7fa
SCHED-TRACE 14168 4167 V 4 26a8a6
SCHED-TRACE 14169 4167 O 0 0
SCHED-TRACE 14170 4167 P 43 35568b439
SCHED-TRACE 14171 4168 K 40 34e936c8a
SCHED-TRACE 14172 4168 P 43 3571e9fbe
SCHED-TRACE 14173 4169 P 43 3585ac8b4
SCHED-TRACE 14174 4169 I 40 26addc
SCHED-TRACE 14175 4169 B 40 f3
SCHED-TRACE 14176 4169 P 40 35394dd2e
SCHED-TRACE 14177 4169 R 40 35394dd2e
SCHED-TRACE 14178 4170 U 4 26af12
SCHED-TRACE 14179 4170 V 4 26afbe
SCHED-TRACE 14180 4170 O 0 0
SCHED-TRACE 14181 4170 P 40 355788b43
SCHED-TRACE 14182 4171 K 76 34f051a9f
SCHED-TRACE 14183 4171 P 40 3572e9fbe
SCHED-TRACE 14184 4172 P 40 3586a76c8
SCHED-TRACE 14185 4172 I 76 26b4f4
SCHED-TRACE 14186 4172 B 76 f3
SCHED-TRACE 14187 4172 P 76 35406dd2f
SCHED-TRACE 14188 4172 R 76 35406dd2f
SCHED-TRACE 14189 4173 U 4 26b627
SCHED-TRACE 14190 4173 V 4 26b6d3
SCHED-TRACE 14191 4173 O 0 0
SCHED-TRACE 14192 4173 P 76 355e5be76
SCHED-TRACE 14193 4174 K 76 355e5be76
SCHED-TRACE 14194 4174 P 76 3579bd2f1
SCHED-TRACE 14195 4175 I 76 26bc09
SCHED-TRACE 14196 4175 B 76 f2
SCHED-TRACE 14197 4175 P 76 35dd9be76
SCHED-TRACE 14198 4175 R 76 35dd9be76
SCHED-TRACE 14199 4176 U 4 26bd3d
SCHED-TRACE 14200 4176 V 4 26bde9
SCHED-TRACE 14201 4176 O 0 0
SCHED-TRACE 14202 4176 P 76 35fb8c8b4
SCHED-TRACE 14203 4177 K 64 357858105
SCHED-TRACE 14204 4177 P 76 3616f5810
SCHED-TRACE 14205 4178 P 76 362ab5810
SCHED-TRACE 14206 4178 I 64 26c31f
SCHED-TRACE 14207 4178 B 64 f4
SCHED-TRACE 14208 4178 P 64 35c874395
SCHED-TRACE 14209 4178 R 64 35c874395
SCHED-TRACE 14210 4179 U 4 26c454
SCHED-TRACE 14211 4179 V 4 26c501
SCHED-TRACE 14212 4179 O 0 0
SCHED-TRACE 14213 4179 P 64 35e67be76
SCHED-TRACE 14214 4180 K 31 3579b1a9f
SCHED-TRACE 14215 4180 P 64 3601d8105
SCHED-TRACE 14216 4181 P 64 361595810
SCHED-TRACE 14217 4181 I 31 26ca35
SCHED-TRACE 14218 4181 B 31 f4
SCHED-TRACE 14219 4181 P 31 35c9cb439
SCHED-TRACE 14220 4181 R 31 35c9cb439
SCHED-TRACE 14221 4182 U 4 26cb69
SCHED-TRACE 14222 4182 V 4 26cc15
SCHED-TRACE 14223 4182 O 0 0
SCHED-TRACE 14224 4182 P 31 35e7c624d
SCHED-TRACE 14225 4183 K 70 357b1fbe7
SCHED-TRACE 14226 4183 P 31 360324dd2
SCHED-TRACE 14227 4184 P 31 3616ec8b4
SCHED-TRACE 14228 4184 I 70 26d14b
SCHED-TRACE 14229 4184 B 70 f5
SCHED-TRACE 14230 4184 P 70 35cb2c8b4
SCHED-TRACE 14231 4184 R 70 35cb2c8b4
SCHED-TRACE 14232 4185 U 4 26d27f
SCHED-TRACE 14233 4185 V 4 26d32c
SCHED-TRACE 14234 4185 O 0 0
SCHED-TRACE 14235 4185 P 70 35e93e76c
SCHED-TRACE 14236 4186 K 67 357b4b439
SCHED-TRACE 14237 4186 P 70 3604a9fbe
SCHED-TRACE 14238 4187 P 70 3618676c8
SCHED-TRACE 14239 4187 I 67 26d862
SCHED-TRACE 14240 4187 B 67 f1
SCHED-TRACE 14241 4187 P 67 35cb5d2f1
SCHED-TRACE 14242 4187 R 67 35cb5d2f1
SCHED-TRACE 14243 4188 U 4 26d997
SCHED-TRACE 14244 4188 V 4 26da43
SCHED-TRACE 14245 4188 O 0 0
SCHED-TRACE 14246 4188 P 67 35e96f1a9
SCHED-TRACE 14247 4189 K 34 357d3be76
SCHED-TRACE 14248 4189 P 67 3604d0624
SCHED-TRACE 14249 4190 P 67 361898105
SCHED-TRACE 14250 4190 I 34 26df79
SCHED-TRACE 14251 4190 B 34 f1
SCHED-TRACE 14252 4190 P 34 35cd43958
SCHED-TRACE 14253 4190 R 34 35cd43958
SCHED-TRACE 14254 4191 U 4 26e0ac
SCHED-TRACE 14255 4191 V 4 26e159
SCHED-TRACE 14256 4191 O 0 0
SCHED-TRACE 14257 4191 P 34 35eb3be76
SCHED-TRACE 14258 4192 K 37 357e36c8b
SCHED-TRACE 14259 4192 P 34 3606a76c8
SCHED-TRACE 14260 4193 P 34 361a69fbe
SCHED-TRACE 14261 4193 I 37 26e68f
SCHED-TRACE 14262 4193 B 37 f4
SCHED-TRACE 14263 4193 P 37 35ce48b43
SCHED-TRACE 14264 4193 R 37 35ce48b43
SCHED-TRACE 14265 4194 U 4 26e7c3
SCHED-TRACE 14266 4194 V 4 26e870
SCHED-TRACE 14267 4194 O 0 0
SCHED-TRACE 14268 4194 P 37 35ec4b439
SCHED-TRACE 14269 4195 K 61 357efe76c
SCHED-TRACE 14270 4195 P 37 3607ac8b4
SCHED-TRACE 14271 4196 P 37 361b71a9f
SCHED-TRACE 14272 4196 I 61 26eda6
SCHED-TRACE 14273 4196 B 61 f3
SCHED-TRACE 14274 4196 P 61 35cf1fbe7
SCHED-TRACE 14275 4196 R 61 35cf1fbe7
SCHED-TRACE 14276 4197 U 4 26eedb
SCHED-TRACE 14277 4197 V 4 26ef87
SCHED-TRACE 14278 4197 O 0 0
SCHED-TRACE 14279 4197 P 61 35ed3e76c
SCHED-TRACE 14280 4198 K 58 358090624
SCHED-TRACE 14281 4198 P 61 3608a24dd
SCHED-TRACE 14282 4199 P 61 361c624dd
SCHED-TRACE 14283 4199 I 58 26f4bd
SCHED-TRACE 14284 4199 B 58 f3
SCHED-TRACE 14285 4199 P 58 35d0a76c8
SCHED-TRACE 14286 4199 R 58 35d0a76c8
SCHED-TRACE 14287 4200 U 4 26f5f1
SCHED-TRACE 14288 4200 V 4 26f69d
SCHED-TRACE 14289 4200 O 0 0
SCHED-TRACE 14290 4200 P 58 35eeb6c8a
SCHED-TRACE 14291 4201 K 52 3582cdd2e
SCHED-TRACE 14292 4201 P 58 360a1d2f1
SCHED-TRACE 14293 4202 P 58 361ddfbe7
SCHED-TRACE 14294 4202 I 52 26fbd3
SCHED-TRACE 14295 4202 B 52 f2
SCHED-TRACE 14296 4202 P 52 35d2d580f
SCHED-TRACE 14297 4202 R 52 35d2d580f
SCHED-TRACE 14298 4203 U 4 26fd08
SCHED-TRACE 14299 4203 V 4 26fdb5
SCHED-TRACE 14300 4203 O 0 0
SCHED-TRACE 14301 4203 P 52 35f0ec8b3
SCHED-TRACE 14302 4204 K 73 358338106
SCHED-TRACE 14303 4204 P 52 360c5580f
SCHED-TRACE 14304 4205 P 52 362018105
SCHED-TRACE 14305 4205 I 73 2702ea
SCHED-TRACE 14306 4205 B 73 f3
SCHED-TRACE 14307 4205 P 73 35d3424dd
SCHED-TRACE 14308 4205 R 73 35d3424dd
SCHED-TRACE 14309 4206 U 4 27041f
SCHED-TRACE 14310 4206 V 4 2704cb
SCHED-TRACE 14311 4206 O 0 0
SCHED-TRACE 14312 4206 P 73 35f1424dd
SCHED-TRACE 14313 4207 K 46 358534395
SCHED-TRACE 14314 4207 P 73 360c8f1aa
SCHED-TRACE 14315 4208 P 73 362056c8b
SCHED-TRACE 14316 4208 I 46 270a00
SCHED-TRACE 14317 4208 B 46 f4
SCHED-TRACE 14318 4208 P 46 35d558105
SCHED-TRACE 14319 4208 R 46 35d558105
SCHED-TRACE 14320 4209 U 4 270b36
SCHED-TRACE 14321 4209 V 4 270be2
SCHED-TRACE 14322 4209 O 0 0
SCHED-TRACE 14323 4209 P 46 35f390624
SCHED-TRACE 14324 4210 K 43 3585ac8b4
SCHED-TRACE 14325 4210 P 46 360ef1a9f
SCHED-TRACE 14326 4211 P 46 3622b4395
SCHED-TRACE 14327 4211 I 43 271119
SCHED-TRACE 14328 4211 B 43 f4
SCHED-TRACE 14329 4211 P 43 35d5d2f1a
SCHED-TRACE 14330 4211 R 43 35d5d2f1a
SCHED-TRACE 14331 4212 U 4 27124f
SCHED-TRACE 14332 4212 V 4 2712fc
SCHED-TRACE 14333 4212 O 0 0
SCHED-TRACE 14334 4212 P 43 35f412f1a
SCHED-TRACE 14335 4213 K 49 3585b6c8b
SCHED-TRACE 14336 4213 P 43 360f7be77
SCHED-TRACE 14337 4214 P 43 362339581
SCHED-TRACE 14338 4214 I 49 271832
SCHED-TRACE 14339 4214 B 49 f3
SCHED-TRACE 14340 4214 P 49 35d5d0624
SCHED-TRACE 14341 4214 R 49 35d5d0624
SCHED-TRACE 14342 4215 U 4 271968
SCHED-TRACE 14343 4215 V 4 271a14
SCHED-TRACE 14344 4215 O 0 0
SCHED-TRACE 14345 4215 P 49 35f3f6c8b
SCHED-TRACE 14346 4216 K 40 3586a76c8
SCHED-TRACE 14347 4216 P 49 360f55810
SCHED-TRACE 14348 4217 P 49 36231d2f1
SCHED-TRACE 14349 4217 I 40 271f4a
SCHED-TRACE 14350 4217 B 40 ef
SCHED-TRACE 14351 4217 P 40 35d6a9fbe
SCHED-TRACE 14352 4217 R 40 35d6a9fbe
SCHED-TRACE 14353 4218 U 4 272080
SCHED-TRACE 14354 4218 V 4 27212d
SCHED-TRACE 14355 4218 O 0 0
SCHED-TRACE 14356 4218 P 40 35f4e76c8
SCHED-TRACE 14357 4219 K 55 358808b43
SCHED-TRACE 14358 4219 P 40 36105580f
SCHED-TRACE 14359 4220 P 40 36241a9fb
SCHED-TRACE 14360 4220 I 55 272663
SCHED-TRACE 14361 4220 B 55 f3
SCHED-TRACE 14362 4220 P 55 35d81d2f1
SCHED-TRACE 14363 4220 R 55 35d81d2f1
SCHED-TRACE 14364 4221 U 4 272799
SCHED-TRACE 14365 4221 V 4 272845
SCHED-TRACE 14366 4221 O 0 0
SCHED-TRACE 14367 4221 P 55 35f64b438
SCHED-TRACE 14368 4222 K 55 35f64b438
SCHED-TRACE 14369 4222 P 55 3611af1a9
SCHED-TRACE 14370 4223 I 55 272d7b
SCHED-TRACE 14371 4223 B 55 f3
SCHED-TRACE 14372 4223 P 55 367583957
SCHED-TRACE 14373 4223 R 55 367583957
SCHED-TRACE 14374 4224 U 4 272eb0
SCHED-TRACE 14375 4224 V 4 272f5d
SCHED-TRACE 14376 4224 O 0 0
SCHED-TRACE 14377 4224 P 55 3693ac8b3
SCHED-TRACE 14378 4225 K 64 361595810
SCHED-TRACE 14379 4225 P 55 36af1580f
SCHED-TRACE 14380 4226 P 55 36c2d2f1a
SCHED-TRACE 14381 4226 I 64 273493
SCHED-TRACE 14382 4226 B 64 f4
SCHED-TRACE 14383 4226 P 64 3665b4395
SCHED-TRACE 14384 4226 R 64 3665b4395
SCHED-TRACE 14385 4227 U 4 2735c7
SCHED-TRACE 14386 4227 V 4 273673
SCHED-TRACE 14387 4227 O 0 0
SCHED-TRACE 14388 4227 P 64 3683b6c8a
SCHED-TRACE 14389 4228 K 31 3616ec8b4
SCHED-TRACE 14390 4228 P 64 369f1d2f1
SCHED-TRACE 14391 4229 P 64 36b2da9fb
SCHED-TRACE 14392 4229 I 31 273ba9
SCHED-TRACE 14393 4229 B 31 f3
SCHED-TRACE 14394 4229 P 31 366708b43
SCHED-TRACE 14395 4229 R 31 366708b43
SCHED-TRACE 14396 4230 U 4 273cdd
SCHED-TRACE 14397 4230 V 4 273d89
SCHED-TRACE 14398 4230 O 0 0
SCHED-TRACE 14399 4230 P 31 3684f4395
SCHED-TRACE 14400 4231 K 70 3618676c8
SCHED-TRACE 14401 4231 P 31 36a05d2f1
SCHED-TRACE 14402 4232 P 31 36b424dd2
SCHED-TRACE 14403 4232 I 70 2742bf
SCHED-TRACE 14404 4232 B 70 f3
SCHED-TRACE 14405 4232 P 70 366879581
SCHED-TRACE 14406 4232 R 70 366879581
SCHED-TRACE 14407 4233 U 4 2743f4
SCHED-TRACE 14408 4233 V 4 2744a0
SCHED-TRACE 14409 4233 O 0 0
SCHED-TRACE 14410 4233 P 70 368683958
SCHED-TRACE 14411 4234 K 67 361898105
SCHED-TRACE 14412 4234 P 70 36a1da9fc
SCHED-TRACE 14413 4235 P 70 36b59fbe7
SCHED-TRACE 14414 4235 I 67 2749d5
SCHED-TRACE 14415 4235 B 67 f4
SCHED-TRACE 14416 4235 P 67 3668ac8b3
SCHED-TRACE 14417 4235 R 67 3668ac8b3
SCHED-TRACE 14418 4236 U 4 274b09
SCHED-TRACE 14419 4236 V 4 274bb6
SCHED-TRACE 14420 4236 O 0 0
SCHED-TRACE 14421 4236 P 67 3686c8b43
SCHED-TRACE 14422 4237 K 34 361a69fbe
SCHED-TRACE 14423 4237 P 67 36a22c8b3
SCHED-TRACE 14424 4238 P 67 36b5e9fbe
SCHED-TRACE 14425 4238 I 34 2750ec
SCHED-TRACE 14426 4238 B 34 f5
SCHED-TRACE 14427 4238 P 34 366a83958
SCHED-TRACE 14428 4238 R 34 366a83958
SCHED-TRACE 14429 4239 U 4 275220
SCHED-TRACE 14430 4239 V 4 2752cc
SCHED-TRACE 14431 4239 O 0 0
SCHED-TRACE 14432 4239 P 34 36886f1a9
SCHED-TRACE 14433 4240 K 37 361b71a9f
SCHED-TRACE 14434 4240 P 34 36a3d2f1a
SCHED-TRACE 14435 4241 P 34 36b78dd2f
SCHED-TRACE 14436 4241 I 37 275802
SCHED-TRACE 14437 4241 B 37 f1
SCHED-TRACE 14438 4241 P 37 366b8dd2f
SCHED-TRACE 14439 4241 R 37 366b8dd2f
SCHED-TRACE 14440 4242 U 4 275936
SCHED-TRACE 14441 4242 V 4 2759e2
SCHED-TRACE 14442 4242 O 0 0
SCHED-TRACE 14443 4242 P 37 368983958
SCHED-TRACE 14444 4243 K 61 361c624dd
SCHED-TRACE 14445 4243 P 37 36a4e9fbe
SCHED-TRACE 14446 4244 P 37 36b8b1a9f
SCHED-TRACE 14447 4244 I 61 275f18
SCHED-TRACE 14448 4244 B 61 f1
SCHED-TRACE 14449 4244 P 61 366c69fbe
SCHED-TRACE 14450 4244 R 61 366c69fbe
SCHED-TRACE 14451 4245 U 4 27604d
SCHED-TRACE 14452 4245 V 4 2760fa
SCHED-TRACE 14453 4245 O 0 0
SCHED-TRACE 14454 4245 P 61 368a92f1a
SCHED-TRACE 14455 4246 K 58 361ddfbe7
SCHED-TRACE 14456 4246 P 61 36a5fe76c
SCHED-TRACE 14457 4247 P 61 36b9c624d
SCHED-TRACE 14458 4247 I 58 276630
SCHED-TRACE 14459 4247 B 58 f3
SCHED-TRACE 14460 4247 P 58 366de9fbe
SCHED-TRACE 14461 4247 R 58 366de9fbe
SCHED-TRACE 14462 4248 U 4 276766
SCHED-TRACE 14463 4248 V 4 276812
SCHED-TRACE 14464 4248 O 0 0
SCHED-TRACE 14465 4248 P 58 368c15810
SCHED-TRACE 14466 4249 K 52 362018105
SCHED-TRACE 14467 4249 P 58 36a77be76
SCHED-TRACE 14468 4250 P 58 36bb43957
SCHED-TRACE 14469 4250 I 52 276d49
SCHED-TRACE 14470 4250 B 52 f3
SCHED-TRACE 14471 4250 P 52 36702f1a9
SCHED-TRACE 14472 4250 R 52 36702f1a9
SCHED-TRACE 14473 4251 U 4 276e7e
SCHED-TRACE 14474 4251 V 4 276f2b
SCHED-TRACE 14475 4251 O 0 0
SCHED-TRACE 14476 4251 P 52 368e64dd2
SCHED-TRACE 14477 4252 K 73 362056c8b
SCHED-TRACE 14478 4252 P 52 36a9d580f
SCHED-TRACE 14479 4253 P 52 36bd98105
SCHED-TRACE 14480 4253 I 73 277462
SCHED-TRACE 14481 4253 B 73 f4
SCHED-TRACE 14482 4253 P 73 367072f1b
SCHED-TRACE 14483 4253 R 73 367072f1b
SCHED-TRACE 14484 4254 U 4 277597
SCHED-TRACE 14485 4254 V 4 277643
SCHED-TRACE 14486 4254 O 0 0
SCHED-TRACE 14487 4254 P 73 368e7a9fc
SCHED-TRACE 14488 4255 K 46 3622b4395
SCHED-TRACE 14489 4255 P 73 36a9e3958
SCHED-TRACE 14490 4256 P 73 36bdadd2f
SCHED-TRACE 14491 4256 I 46 277b79
SCHED-TRACE 14492 4256 B 46 f3
SCHED-TRACE 14493 4256 P 46 3672b4395
SCHED-TRACE 14494 4256 R 46 3672b4395
SCHED-TRACE 14495 4257 U 4 277caf
SCHED-TRACE 14496 4257 V 4 277d5c
SCHED-TRACE 14497 4257 O 0 0
SCHED-TRACE 14498 4257 P 46 3690dfbe6
SCHED-TRACE 14499 4258 K 49 36231d2f1
SCHED-TRACE 14500 4258 P 46 36ac4dd2e
SCHED-TRACE 14501 4259 P 46 36c012f1a
SCHED-TRACE 14502 4259 I 49 278292
SCHED-TRACE 14503 4259 B 49 f3
SCHED-TRACE 14504 4259 P 49 367336c8b
SCHED-TRACE 14505 4259 R 49 367336c8b
SCHED-TRACE 14506 4260 U 4 2783c8
SCHED-TRACE 14507 4260 V 4 278476
SCHED-TRACE 14508 4260 O 0 0
SCHED-TRACE 14509 4260 P 49 369181062
SCHED-TRACE 14510 4261 K 43 362339581
SCHED-TRACE 14511 4261 P 49 36acc8b43
SCHED-TRACE 14512 4262 P 49 36c08b439
SCHED-TRACE 14513 4262 I 43 2789ab
SCHED-TRACE 14514 4262 B 43 f4
SCHED-TRACE 14515 4262 P 43 367364dd3
SCHED-TRACE 14516 4262 R 43 367364dd3
SCHED-TRACE 14517 4263 U 4 278ae1
SCHED-TRACE 14518 4263 V 4 278b8d
SCHED-TRACE 14519 4263 O 0 0
SCHED-TRACE 14520 4263 P 43 36919fbe7
SCHED-TRACE 14521 4264 K 40 36241a9fb
SCHED-TRACE 14522 4264 P 43 36acfe76c
SCHED-TRACE 14523 4265 P 43 36c0bbe77
SCHED-TRACE 14524 4265 I 40 2790c3
SCHED-TRACE 14525 4265 B 40 f4
SCHED-TRACE 14526 4265 P 40 367436c8a
SCHED-TRACE 14527 4265 R 40 367436c8a
SCHED-TRACE 14528 4266 U 4 2791f9
SCHED-TRACE 14529 4266 V 4 2792a5
SCHED-TRACE 14530 4266 O 0 0
SCHED-TRACE 14531 4266 P 40 3692676c8
SCHED-TRACE 14532 4267 K 76 362ab5810
SCHED-TRACE 14533 4267 P 40 36adcdd2e
SCHED-TRACE 14534 4268 P 40 36c18624d
SCHED-TRACE 14535 4268 I 76 2797db
SCHED-TRACE 14536 4268 B 76 f2
SCHED-TRACE 14537 4268 P 76 367acc8b4
SCHED-TRACE 14538 4268 R 76 367acc8b4
SCHED-TRACE 14539 4269 U 4 27990f
SCHED-TRACE 14540 4269 V 4 2799bb
SCHED-TRACE 14541 4269 O 0 0
SCHED-TRACE 14542 4269 P 76 3698bfbe7
SCHED-TRACE 14543 4270 K 76 3698bfbe7
SCHED-TRACE 14544 4270 P 76 36b41e76c
SCHED-TRACE 14545 4271 I 76 279ef1
SCHED-TRACE 14546 4271 B 76 f0
SCHED-TRACE 14547 4271 P 76 3717fd2f1
SCHED-TRACE 14548 4271 R 76 3717fd2f1
SCHED-TRACE 14549 4272 U 4 27a025
SCHED-TRACE 14550 4272 V 4 27a0d1
SCHED-TRACE 14551 4272 O 0 0
SCHED-TRACE 14552 4272 P 76 3735f8106
SCHED-TRACE 14553 4273 K 64 36b2da9fb
SCHED-TRACE 14554 4273 P 76 375156c8b
SCHED-TRACE 14555 4274 P 76 376519581
SCHED-TRACE 14556 4274 I 64 27a607
SCHED-TRACE 14557 4274 B 64 f2
SCHED-TRACE 14558 4274 P 64 3702ef1a9
SCHED-TRACE 14559 4274 R 64 3702ef1a9
SCHED-TRACE 14560 4275 U 4 27a73a
SCHED-TRACE 14561 4275 V 4 27a7e7
SCHED-TRACE 14562 4275 O 0 0
SCHED-TRACE 14563 4275 P 64 372101061
SCHED-TRACE 14564 4276 K 31 36b424dd2
SCHED-TRACE 14565 4276 P 64 373c64dd2
SCHED-TRACE 14566 4277 P 64 37501fbe7
SCHED-TRACE 14567 4277 I 31 27ad1d
SCHED-TRACE 14568 4277 B 31 f4
SCHED-TRACE 14569 4277 P 31 37044624d
SCHED-TRACE 14570 4277 R 31 37044624d
SCHED-TRACE 14571 4278 U 4 27ae50
SCHED-TRACE 14572 4278 V 4 27aefd
SCHED-TRACE 14573 4278 O 0 0
SCHED-TRACE 14574 4278 P 31 37224b439
SCHED-TRACE 14575 4279 K 70 36b59fbe7
SCHED-TRACE 14576 4279 P 31 373db9581
SCHED-TRACE 14577 4280 P 31 37517e76c
SCHED-TRACE 14578 4280 I 70 27b433
SCHED-TRACE 14579 4280 B 70 f4
SCHED-TRACE 14580 4280 P 70 3705a4dd3
SCHED-TRACE 14581 4280 R 70 3705a4dd3
SCHED-TRACE 14582 4281 U 4 27b568
SCHED-TRACE 14583 4281 V 4 27b614
SCHED-TRACE 14584 4281 O 0 0
SCHED-TRACE 14585 4281 P 70 37239a9fc
SCHED-TRACE 14586 4282 K 67 36b5e9fbe
SCHED-TRACE 14587 4282 P 70 373f01062
SCHED-TRACE 14588 4283 P 70 3752c8b43
SCHED-TRACE 14589 4283 I 67 27bb4a
SCHED-TRACE 14590 4283 B 67 f3
SCHED-TRACE 14591 4283 P 67 3705fbe76
SCHED-TRACE 14592 4283 R 67 3705fbe76
SCHED-TRACE 14593 4284 U 4 27bc7f
SCHED-TRACE 14594 4284 V 4 27bd2b
SCHED-TRACE 14595 4284 O 0 0
SCHED-TRACE 14596 4284 P 67 37240b439
SCHED-TRACE 14597 4285 K 34 36b78dd2f
SCHED-TRACE 14598 4285 P 67 373f79580
SCHED-TRACE 14599 4286 P 67 37533e76c
SCHED-TRACE 14600 4286 I 34 27c261
SCHED-TRACE 14601 4286 B 34 f3
SCHED-TRACE 14602 4286 P 34 370795810
SCHED-TRACE 14603 4286 R 34 370795810
SCHED-TRACE 14604 4287 U 4 27c395
SCHED-TRACE 14605 4287 V 4 27c442
SCHED-TRACE 14606 4287 O 0 0
SCHED-TRACE 14607 4287 P 34 3725a76c8
SCHED-TRACE 14608 4288 K 37 36b8b1a9f
SCHED-TRACE 14609 4288 P 34 3740fbe76
SCHED-TRACE 14610 4289 P 34 3754bbe76
SCHED-TRACE 14611 4289 I 37 27c978
SCHED-TRACE 14612 4289 B 37 f4
SCHED-TRACE 14613 4289 P 37 3708d5810
SCHED-TRACE 14614 4289 R 37 3708d5810
SCHED-TRACE 14615 4290 U 4 27caac
SCHED-TRACE 14616 4290 V 4 27cb58
SCHED-TRACE 14617 4290 O 0 0
SCHED-TRACE 14618 4290 P 37 3726da9fc
SCHED-TRACE 14619 4291 K 61 36b9c624d
SCHED-TRACE 14620 4291 P 37 37424624e
SCHED-TRACE 14621 4292 P 37 37560624e
SCHED-TRACE 14622 4292 I 61 27d08f
SCHED-TRACE 14623 4292 B 61 f4
SCHED-TRACE 14624 4292 P 61 3709e9fbe
SCHED-TRACE 14625 4292 R 61 3709e9fbe
SCHED-TRACE 14626 4293 U 4 27d1c4
SCHED-TRACE 14627 4293 V 4 27d271
SCHED-TRACE 14628 4293 O 0 0
SCHED-TRACE 14629 4293 P 61 37280dd2f
SCHED-TRACE 14630 4294 K 58 36bb43957
SCHED-TRACE 14631 4294 P 61 374379581
SCHED-TRACE 14632 4295 P 61 375736c8b
SCHED-TRACE 14633 4295 I 58 27d7a7
SCHED-TRACE 14634 4295 B 58 f4
SCHED-TRACE 14635 4295 P 58 370b5a9fb
SCHED-TRACE 14636 4295 R 58 370b5a9fb
SCHED-TRACE 14637 4296 U 4 27d8dc
SCHED-TRACE 14638 4296 V 4 27d989
SCHED-TRACE 14639 4296 O 0 0
SCHED-TRACE 14640 4296 P 58 372974395
SCHED-TRACE 14641 4297 K 52 36bd98105
SCHED-TRACE 14642 4297 P 58 3744da9fb
SCHED-TRACE 14643 4298 P 58 37589d2f1
SCHED-TRACE 14644 4298 I 52 27debf
SCHED-TRACE 14645 4298 B 52 f2
SCHED-TRACE 14646 4298 P 52 370db6c8a
SCHED-TRACE 14647 4298 R 52 370db6c8a
SCHED-TRACE 14648 4299 U 4 27dff5
SCHED-TRACE 14649 4299 V 4 27e0a1
SCHED-TRACE 14650 4299 O 0 0
SCHED-TRACE 14651 4299 P 52 372bdd2f1
SCHED-TRACE 14652 4300 K 73 36bdadd2f
SCHED-TRACE 14653 4300 P 52 374741061
SCHED-TRACE 14654 4301 P 52 375b0624d
SCHED-TRACE 14655 4301 I 73 27e5d7
SCHED-TRACE 14656 4301 B 73 f3
SCHED-TRACE 14657 4301 P 73 370dbfbe8
SCHED-TRACE 14658 4301 R 73 370dbfbe8
SCHED-TRACE 14659 4302 U 4 27e70a
SCHED-TRACE 14660 4302 V 4 27e7b7
SCHED-TRACE 14661 4302 O 0 0
SCHED-TRACE 14662 4302 P 73 372bd6c8b
SCHED-TRACE 14663 4303 K 46 36c012f1a
SCHED-TRACE 14664 4303 P 73 37473d2f2
SCHED-TRACE 14665 4304 P 73 375b04dd3
SCHED-TRACE 14666 4304 I 46 27eced
SCHED-TRACE 14667 4304 B 46 f4
SCHED-TRACE 14668 4304 P 46 37101a9fb
SCHED-TRACE 14669 4304 R 46 37101a9fb
SCHED-TRACE 14670 4305 U 4 27ee23
SCHED-TRACE 14671 4305 V 4 27eecf
SCHED-TRACE 14672 4305 O 0 0
SCHED-TRACE 14673 4305 P 46 372e4dd2e
SCHED-TRACE 14674 4306 K 49 36c08b439
SCHED-TRACE 14675 4306 P 46 3749bbe76
SCHED-TRACE 14676 4307 P 46 375d81061
SCHED-TRACE 14677 4307 I 49 27f405
SCHED-TRACE 14678 4307 B 49 f5
SCHED-TRACE 14679 4307 P 49 371092f1a
SCHED-TRACE 14680 4307 R 49 371092f1a
SCHED-TRACE 14681 4308 U 4 27f53b
SCHED-TRACE 14682 4308 V 4 27f5e7
SCHED-TRACE 14683 4308 O 0 0
SCHED-TRACE 14684 4308 P 49 372eaf1aa
SCHED-TRACE 14685 4309 K 43 36c0bbe77
SCHED-TRACE 14686 4309 P 49 374a1a9fb
SCHED-TRACE 14687 4310 P 49 375ddfbe7
SCHED-TRACE 14688 4310 I 43 27fb1d
SCHED-TRACE 14689 4310 B 43 f3
SCHED-TRACE 14690 4310 P 43 3710c624e
SCHED-TRACE 14691 4310 R 43 3710c624e
SCHED-TRACE 14692 4311 U 4 27fc54
SCHED-TRACE 14693 4311 V 4 27fd01
SCHED-TRACE 14694 4311 O 0 0
SCHED-TRACE 14695 4311 P 43 372f12f1a
SCHED-TRACE 14696 4312 K 40 36c18624d
SCHED-TRACE 14697 4312 P 43 374a7be77
SCHED-TRACE 14698 4313 P 43 375e43958
SCHED-TRACE 14699 4313 I 40 280237
SCHED-TRACE 14700 4313 B 40 f4
SCHED-TRACE 14701 4313 P 40 37119a9fb
SCHED-TRACE 14702 4313 R 40 37119a9fb
SCHED-TRACE 14703 4314 U 4 28036e
SCHED-TRACE 14704 4314 V 4 28041b
SCHED-TRACE 14705 4314 O 0 0
SCHED-TRACE 14706 4314 P 40 372fef1a9
SCHED-TRACE 14707 4315 K 55 36c2d2f1a
SCHED-TRACE 14708 4315 P 40 374b3e76c
SCHED-TRACE 14709 4316 P 40 375f01061
SCHED-TRACE 14710 4316 I 55 280951
SCHED-TRACE 14711 4316 B 55 f3
SCHED-TRACE 14712 4316 P 55 3712ef1a9
SCHED-TRACE 14713 4316 R 55 3712ef1a9
SCHED-TRACE 14714 4317 U 4 280a86
SCHED-TRACE 14715 4317 V 4 280b33
SCHED-TRACE 14716 4317 O 0 0
SCHED-TRACE 14717 4317 P 55 37311d2f1
SCHED-TRACE 14718 4318 K 55 37311d2f1
SCHED-TRACE 14719 4318 P 55 374c8624d
SCHED-TRACE 14720 4319 I 55 281069
SCHED-TRACE 14721 4319 B 55 f5
SCHED-TRACE 14722 4319 P 55 37b05d2f1
SCHED-TRACE 14723 4319 R 55 37b05d2f1
SCHED-TRACE 14724 4320 U 4 28119f
SCHED-TRACE 14725 4320 V 4 28124c
SCHED-TRACE 14726 4320 O 0 0
SCHED-TRACE 14727 4320 P 55 37ce8b438
SCHED-TRACE 14728 4321 K 64 37501fbe7
SCHED-TRACE 14729 4321 P 55 37e9f6c8a
SCHED-TRACE 14730 4322 P 55 37fdbbe76
SCHED-TRACE 14731 4322 I 64 281782
SCHED-TRACE 14732 4322 B 64 f5
SCHED-TRACE 14733 4322 P 64 37a034395
SCHED-TRACE 14734 4322 R 64 37a034395
SCHED-TRACE 14735 4323 U 4 2818b7
SCHED-TRACE 14736 4323 V 4 281963
SCHED-TRACE 14737 4323 O 0 0
SCHED-TRACE 14738 4323 P 64 37be3e76c
SCHED-TRACE 14739 4324 K 31 37517e76c
SCHED-TRACE 14740 4324 P 64 37d992f1a
SCHED-TRACE 14741 4325 P 64 37ed52f1a
SCHED-TRACE 14742 4325 I 31 281e99
SCHED-TRACE 14743 4325 B 31 eb
SCHED-TRACE 14744 4325 P 31 37a192f1a
SCHED-TRACE 14745 4325 R 31 37a192f1a
SCHED-TRACE 14746 4326 U 4 281fcc
SCHED-TRACE 14747 4326 V 4 282078
SCHED-TRACE 14748 4326 O 0 0
SCHED-TRACE 14749 4326 P 31 37bf8624d
SCHED-TRACE 14750 4327 K 70 3752c8b43
SCHED-TRACE 14751 4327 P 31 37dae76c8
SCHED-TRACE 14752 4328 P 31 37eeaf1a9
SCHED-TRACE 14753 4328 I 70 2825af
SCHED-TRACE 14754 4328 B 70 f1
SCHED-TRACE 14755 4328 P 70 37a2e24dd
SCHED-TRACE 14756 4328 R 70 37a2e24dd
SCHED-TRACE 14757 4329 U 4 2826e2
SCHED-TRACE 14758 4329 V 4 28278f
SCHED-TRACE 14759 4329 O 0 0
SCHED-TRACE 14760 4329 P 70 37c0f9581
SCHED-TRACE 14761 4330 K 67 37533e76c
SCHED-TRACE 14762 4330 P 70 37dc5d2f1
SCHED-TRACE 14763 4331 P 70 37f0224dd
SCHED-TRACE 14764 4331 I 67 282cc5
SCHED-TRACE 14765 4331 B 67 f3
SCHED-TRACE 14766 4331 P 67 37a34dd2e
SCHED-TRACE 14767 4331 R 67 37a34dd2e
SCHED-TRACE 14768 4332 U 4 282df9
SCHED-TRACE 14769 4332 V 4 282ea5
SCHED-TRACE 14770 4332 O 0 0
SCHED-TRACE 14771 4332 P 67 37c15d2f1
SCHED-TRACE 14772 4333 K 34 3754bbe76
SCHED-TRACE 14773 4333 P 67 37dcc624d
SCHED-TRACE 14774 4334 P 67 37f088b43
SCHED-TRACE 14775 4334 I 34 2833dc
SCHED-TRACE 14776 4334 B 34 f3
SCHED-TRACE 14777 4334 P 34 37a4d5810
SCHED-TRACE 14778 4334 R 34 37a4d5810
SCHED-TRACE 14779 4335 U 4 283510
SCHED-TRACE 14780 4335 V 4 2835bc
SCHED-TRACE 14781 4335 O 0 0
SCHED-TRACE 14782 4335 P 34 37c2bbe76
SCHED-TRACE 14783 4336 K 37 37560624e
SCHED-TRACE 14784 4336 P 34 37de224dd
SCHED-TRACE 14785 4337 P 34 37f1e4dd2
SCHED-TRACE 14786 4337 I 37 283af1
SCHED-TRACE 14787 4337 B 37 f2
SCHED-TRACE 14788 4337 P 37 37a60dd2f
SCHED-TRACE 14789 4337 R 37 37a60dd2f
SCHED-TRACE 14790 4338 U 4 283c25
SCHED-TRACE 14791 4338 V 4 283cd2
SCHED-TRACE 14792 4338 O 0 0
SCHED-TRACE 14793 4338 P 37 37c410625
SCHED-TRACE 14794 4339 K 61 375736c8b
SCHED-TRACE 14795 4339 P 37 37df71a9f
SCHED-TRACE 14796 4340 P 37 37f33be77
SCHED-TRACE 14797 4340 I 61 284208
SCHED-TRACE 14798 4340 B 61 f2
SCHED-TRACE 14799 4340 P 61 37a74b439
SCHED-TRACE 14800 4340 R 61 37a74b439
SCHED-TRACE 14801 4341 U 4 28433d
SCHED-TRACE 14802 4341 V 4 2843ea
SCHED-TRACE 14803 4341 O 0 0
SCHED-TRACE 14804 4341 P 61 37c57be76
SCHED-TRACE 14805 4342 K 58 37589d2f1
SCHED-TRACE 14806 4342 P 61 37e0cdd2f
SCHED-TRACE 14807 4343 P 61 37f48b439
SCHED-TRACE 14808 4343 I 58 284920
SCHED-TRACE 14809 4343 B 58 f2
SCHED-TRACE 14810 4343 P 58 37a8b4395
SCHED-TRACE 14811 4343 R 58 37a8b4395
SCHED-TRACE 14812 4344 U 4 284a55
SCHED-TRACE 14813 4344 V 4 284b02
SCHED-TRACE 14814 4344 O 0 0
SCHED-TRACE 14815 4344 P 58 37c6e76c8
SCHED-TRACE 14816 4345 K 73 375b04dd3
SCHED-TRACE 14817 4345 P 58 37e255810
SCHED-TRACE 14818 4346 P 58 37f615810
SCHED-TRACE 14819 4346 I 73 285038
SCHED-TRACE 14820 4346 B 73 f4
SCHED-TRACE 14821 4346 P 73 37ab0f1aa
SCHED-TRACE 14822 4346 R 73 37ab0f1aa
SCHED-TRACE 14823 4347 U 4 28516d
SCHED-TRACE 14824 4347 V 4 285219
SCHED-TRACE 14825 4347 O 0 0
SCHED-TRACE 14826 4347 P 73 37c919581
SCHED-TRACE 14827 4348 K 52 375b0624d
SCHED-TRACE 14828 4348 P 73 37e484dd3
SCHED-TRACE 14829 4349 P 73 37f84f1aa
SCHED-TRACE 14830 4349 I 52 285750
SCHED-TRACE 14831 4349 B 52 f3
SCHED-TRACE 14832 4349 P 52 37ab1580f
SCHED-TRACE 14833 4349 R 52 37ab1580f
SCHED-TRACE 14834 4350 U 4 285886
SCHED-TRACE 14835 4350 V 4 285932
SCHED-TRACE 14836 4350 O 0 0
SCHED-TRACE 14837 4350 P 52 37c941061
SCHED-TRACE 14838 4351 K 46 375d81061
SCHED-TRACE 14839 4351 P 52 37e4a9fbe
SCHED-TRACE 14840 4352 P 52 37f871a9f
SCHED-TRACE 14841 4352 I 46 285e68
SCHED-TRACE 14842 4352 B 46 f1
SCHED-TRACE 14843 4352 P 46 37ad81061
SCHED-TRACE 14844 4352 R 46 37ad81061
SCHED-TRACE 14845 4353 U 4 285f9e
SCHED-TRACE 14846 4353 V 4 28604b
SCHED-TRACE 14847 4353 O 0 0
SCHED-TRACE 14848 4353 P 46 37cbc1061
SCHED-TRACE 14849 4354 K 49 375ddfbe7
SCHED-TRACE 14850 4354 P 46 37e724dd2
SCHED-TRACE 14851 4355 P 46 37faec8b3
SCHED-TRACE 14852 4355 I 49 286581
SCHED-TRACE 14853 4355 B 49 f2
SCHED-TRACE 14854 4355 P 49 37ade24dd
SCHED-TRACE 14855 4355 R 49 37ade24dd
SCHED-TRACE 14856 4356 U 4 2866b6
SCHED-TRACE 14857 4356 V 4 286763
SCHED-TRACE 14858 4356 O 0 0
SCHED-TRACE 14859 4356 P 49 37cc18106
SCHED-TRACE 14860 4357 K 43 375e43958
SCHED-TRACE 14861 4357 P 49 37e77e76c
SCHED-TRACE 14862 4358 P 49 37fb41062
SCHED-TRACE 14863 4358 I 43 286c99
SCHED-TRACE 14864 4358 B 43 f4
SCHED-TRACE 14865 4358 P 43 37ae624dd
SCHED-TRACE 14866 4358 R 43 37ae624dd
SCHED-TRACE 14867 4359 U 4 286dcf
SCHED-TRACE 14868 4359 V 4 286e7b
SCHED-TRACE 14869 4359 O 0 0
SCHED-TRACE 14870 4359 P 43 37cca24dd
SCHED-TRACE 14871 4360 K 40 375f01061
SCHED-TRACE 14872 4360 P 43 37e80dd2f
SCHED-TRACE 14873 4361 P 43 37fbd2f1a
SCHED-TRACE 14874 4361 I 40 2873b2
SCHED-TRACE 14875 4361 B 40 f4
SCHED-TRACE 14876 4361 P 40 37af1580f
SCHED-TRACE 14877 4361 R 40 37af1580f
SCHED-TRACE 14878 4362 U 4 2874e9
SCHED-TRACE 14879 4362 V 4 287595
SCHED-TRACE 14880 4362 O 0 0
SCHED-TRACE 14881 4362 P 40 37cd3e76c
SCHED-TRACE 14882 4363 K 76 376519581
SCHED-TRACE 14883 4363 P 40 37e8a9fbe
SCHED-TRACE 14884 4364 P 40 37fc6c8b3
SCHED-TRACE 14885 4364 I 76 287aca
SCHED-TRACE 14886 4364 B 76 f4
SCHED-TRACE 14887 4364 P 76 37b521062
SCHED-TRACE 14888 4364 R 76 37b521062
SCHED-TRACE 14889 4365 U 4 287bff
SCHED-TRACE 14890 4365 V 4 287cab
SCHED-TRACE 14891 4365 O 0 0
SCHED-TRACE 14892 4365 P 76 37d32b439
SCHED-TRACE 14893 4366 K 76 37d32b439
SCHED-TRACE 14894 4366 P 76 37ee91a9f
SCHED-TRACE 14895 4367 I 76 2881e1
SCHED-TRACE 14896 4367 B 76 f4
SCHED-TRACE 14897 4367 P 76 385263958
SCHED-TRACE 14898 4367 R 76 385263958
SCHED-TRACE 14899 4368 U 4 288315
SCHED-TRACE 14900 4368 V 4 2883c3
SCHED-TRACE 14901 4368 O 0 0
SCHED-TRACE 14902 4368 P 76 38707d2f1
SCHED-TRACE 14903 4369 K 64 37ed52f1a
SCHED-TRACE 14904 4369 P 76 388bbd2f1
SCHED-TRACE 14905 4370 P 76 389f6dd2f
SCHED-TRACE 14906 4370 I 64 2888f8
SCHED-TRACE 14907 4370 B 64 f2
SCHED-TRACE 14908 4370 P 64 383d83957
SCHED-TRACE 14909 4370 R 64 383d83957
SCHED-TRACE 14910 4371 U 4 288a2c
SCHED-TRACE 14911 4371 V 4 288ad8
SCHED-TRACE 14912 4371 O 0 0
SCHED-TRACE 14913 4371 P 64 385b90624
SCHED-TRACE 14914 4372 K 31 37eeaf1a9
SCHED-TRACE 14915 4372 P 64 3876f6c8a
SCHED-TRACE 14916 4373 P 64 388aaf1a9
SCHED-TRACE 14917 4373 I 31 28900e
SCHED-TRACE 14918 4373 B 31 f4
SCHED-TRACE 14919 4373 P 31 383ec8b43
SCHED-TRACE 14920 4373 R 31 383ec8b43
SCHED-TRACE 14921 4374 U 4 289142
SCHED-TRACE 14922 4374 V 4 2891ee
SCHED-TRACE 14923 4374 O 0 0
SCHED-TRACE 14924 4374 P 31 385cb9581
SCHED-TRACE 14925 4375 K 70 37f0224dd
SCHED-TRACE 14926 4375 P 31 387824dd2
SCHED-TRACE 14927 4376 P 31 388be9fbe
SCHED-TRACE 14928 4376 I 70 289724
SCHED-TRACE 14929 4376 B 70 f3
SCHED-TRACE 14930 4376 P 70 38402f1aa
SCHED-TRACE 14931 4376 R 70 38402f1aa
SCHED-TRACE 14932 4377 U 4 289859
SCHED-TRACE 14933 4377 V 4 289905
SCHED-TRACE 14934 4377 O 0 0
SCHED-TRACE 14935 4377 P 70 385e43958
SCHED-TRACE 14936 4378 K 67 37f088b43
SCHED-TRACE 14937 4378 P 70 3879a4dd3
SCHED-TRACE 14938 4379 P 70 388d69fbe
SCHED-TRACE 14939 4379 I 67 289e3b
SCHED-TRACE 14940 4379 B 67 f0
SCHED-TRACE 14941 4379 P 67 384095810
SCHED-TRACE 14942 4379 R 67 384095810
SCHED-TRACE 14943 4380 U 4 289f70
SCHED-TRACE 14944 4380 V 4 28a01c
SCHED-TRACE 14945 4380 O 0 0
SCHED-TRACE 14946 4380 P 67 385ea4dd2
SCHED-TRACE 14947 4381 K 34 37f1e4dd2
SCHED-TRACE 14948 4381 P 67 387a0624d
SCHED-TRACE 14949 4382 P 67 388dcb439
SCHED-TRACE 14950 4382 I 34 28a552
SCHED-TRACE 14951 4382 B 34 f2
SCHED-TRACE 14952 4382 P 34 3841f6c8b
SCHED-TRACE 14953 4382 R 34 3841f6c8b
SCHED-TRACE 14954 4383 U 4 28a685
SCHED-TRACE 14955 4383 V 4 28a731
SCHED-TRACE 14956 4383 O 0 0
SCHED-TRACE 14957 4383 P 34 385fef1a9
SCHED-TRACE 14958 4384 K 37 37f33be77
SCHED-TRACE 14959 4384 P 34 387b52f1a
SCHED-TRACE 14960 4385 P 34 388f12f1a
SCHED-TRACE 14961 4385 I 37 28ac67
SCHED-TRACE 14962 4385 B 37 f1
SCHED-TRACE 14963 4385 P 37 384350625
SCHED-TRACE 14964 4385 R 37 384350625
SCHED-TRACE 14965 4386 U 4 28ad9b
SCHED-TRACE 14966 4386 V 4 28ae47
SCHED-TRACE 14967 4386 O 0 0
SCHED-TRACE 14968 4386 P 37 38614b439
SCHED-TRACE 14969 4387 K 61 37f48b439
SCHED-TRACE 14970 4387 P 37 387cb4395
SCHED-TRACE 14971 4388 P 37 38907e76c
SCHED-TRACE 14972 4388 I 61 28b37d
SCHED-TRACE 14973 4388 B 61 f4
SCHED-TRACE 14974 4388 P 61 38448b439
SCHED-TRACE 14975 4388 R 61 38448b439
SCHED-TRACE 14976 4389 U 4 28b4b2
SCHED-TRACE 14977 4389 V 4 28b55e
SCHED-TRACE 14978 4389 O 0 0
SCHED-TRACE 14979 4389 P 61 38628b439
SCHED-TRACE 14980 4390 K 58 37f615810
SCHED-TRACE 14981 4390 P 61 387df4395
SCHED-TRACE 14982 4391 P 61 3891b9581
SCHED-TRACE 14983 4391 I 58 28ba94
SCHED-TRACE 14984 4391 B 58 f3
SCHED-TRACE 14985 4391 P 58 38462f1a9
SCHED-TRACE 14986 4391 R 58 38462f1a9
SCHED-TRACE 14987 4392 U 4 28bbc9
SCHED-TRACE 14988 4392 V 4 28bc76
SCHED-TRACE 14989 4392 O 0 0
SCHED-TRACE 14990 4392 P 58 38645a9fb
SCHED-TRACE 14991 4393 K 73 37f84f1aa
SCHED-TRACE 14992 4393 P 58 387fb9580
SCHED-TRACE 14993 4394 P 58 389379580
SCHED-TRACE 14994 4394 I 73 28c1ac
SCHED-TRACE 14995 4394 B 73 f3
SCHED-TRACE 14996 4394 P 73 384868b44
SCHED-TRACE 14997 4394 R 73 384868b44
SCHED-TRACE 14998 4395 U 4 28c2e0
SCHED-TRACE 14999 4395 V 4 28c38d
SCHED-TRACE 15000 4395 O 0 0
SCHED-TRACE 15001 4395 P 73 386684dd3
SCHED-TRACE 15002 4396 K 52 37f871a9f
SCHED-TRACE 15003 4396 P 73 3881d6c8b
SCHED-TRACE 15004 4397 P 73 389591aa0
SCHED-TRACE 15005 4397 I 52 28c8c3
SCHED-TRACE 15006 4397 B 52 f3
SCHED-TRACE 15007 4397 P 52 38489580f
SCHED-TRACE 15008 4397 R 52 38489580f
SCHED-TRACE 15009 4398 U 4 28c9f8
SCHED-TRACE 15010 4398 V 4 28caa5
SCHED-TRACE 15011 4398 O 0 0
SCHED-TRACE 15012 4398 P 52 3866c1061
SCHED-TRACE 15013 4399 K 46 37faec8b3
SCHED-TRACE 15014 4399 P 52 38822c8b3
SCHED-TRACE 15015 4400 P 52 3895f1a9f
SCHED-TRACE 15016 4400 I 46 28cfdb
SCHED-TRACE 15017 4400 B 46 f4
SCHED-TRACE 15018 4400 P 46 384af9580
SCHED-TRACE 15019 4400 R 46 384af9580
SCHED-TRACE 15020 4401 U 4 28d111
SCHED-TRACE 15021 4401 V 4 28d1be
SCHED-TRACE 15022 4401 O 0 0
SCHED-TRACE 15023 4401 P 46 386931a9f
SCHED-TRACE 15024 4402 K 49 37fb41062
SCHED-TRACE 15025 4402 P 46 38849fbe6
SCHED-TRACE 15026 4403 P 46 389864dd2
SCHED-TRACE 15027 4403 I 49 28d6f4
SCHED-TRACE 15028 4403 B 49 f4
SCHED-TRACE 15029 4403 P 49 384b52f1a
SCHED-TRACE 15030 4403 R 49 384b52f1a
SCHED-TRACE 15031 4404 U 4 28d82a
SCHED-TRACE 15032 4404 V 4 28d8d7
SCHED-TRACE 15033 4404 O 0 0
SCHED-TRACE 15034 4404 P 49 38698b439
SCHED-TRACE 15035 4405 K 43 37fbd2f1a
SCHED-TRACE 15036 4405 P 49 3884f4395
SCHED-TRACE 15037 4406 P 49 3898b9581
SCHED-TRACE 15038 4406 I 43 28de0d
SCHED-TRACE 15039 4406 B 43 f4
SCHED-TRACE 15040 4406 P 43 384be76c8
SCHED-TRACE 15041 4406 R 43 384be76c8
SCHED-TRACE 15042 4407 U 4 28df43
SCHED-TRACE 15043 4407 V 4 28dff0
SCHED-TRACE 15044 4407 O 0 0
SCHED-TRACE 15045 4407 P 43 386a29fbe
SCHED-TRACE 15046 4408 K 40 37fc6c8b3
SCHED-TRACE 15047 4408 P 43 38858dd2f
SCHED-TRACE 15048 4409 P 43 389952f1a
SCHED-TRACE 15049 4409 I 40 28e526
SCHED-TRACE 15050 4409 B 40 f3
SCHED-TRACE 15051 4409 P 40 384c7e76c
SCHED-TRACE 15052 4409 R 40 384c7e76c
SCHED-TRACE 15053 4410 U 4 28e65b
SCHED-TRACE 15054 4410 V 4 28e708
SCHED-TRACE 15055 4410 O 0 0
SCHED-TRACE 15056 4410 P 40 386ac624d
SCHED-TRACE 15057 4411 K 55 37fdbbe76
SCHED-TRACE 15058 4411 P 40 3886224dc
SCHED-TRACE 15059 4412 P 40 3899e4dd2
SCHED-TRACE 15060 4412 I 55 28ec3e
SCHED-TRACE 15061 4412 B 55 ee
SCHED-TRACE 15062 4412 P 55 384dc624d
SCHED-TRACE 15063 4412 R 55 384dc624d
SCHED-TRACE 15064 4413 U 4 28ed73
SCHED-TRACE 15065 4413 V 4 28ee1f
SCHED-TRACE 15066 4413 O 0 0
SCHED-TRACE 15067 4413 P 55 386bdd2f1
SCHED-TRACE 15068 4414 K 55 386bdd2f1
SCHED-TRACE 15069 4414 P 55 388748b43
SCHED-TRACE 15070 4415 I 55 28f355
SCHED-TRACE 15071 4415 B 55 f3
SCHED-TRACE 15072 4415 P 55 38eb12f1a
SCHED-TRACE 15073 4415 R 55 38eb12f1a
SCHED-TRACE 15074 4416 U 4 28f48a
SCHED-TRACE 15075 4416 V 4 28f536
SCHED-TRACE 15076 4416 O 0 0
SCHED-TRACE 15077 4416 P 55 39091fbe6
SCHED-TRACE 15078 4417 K 64 388aaf1a9
SCHED-TRACE 15079 4417 P 55 39248b438
SCHED-TRACE 15080 4418 P 55 39384b438
SCHED-TRACE 15081 4418 I 64 28fa6c
SCHED-TRACE 15082 4418 B 64 f3
SCHED-TRACE 15083 4418 P 64 38dabbe76
SCHED-TRACE 15084 4418 R 64 38dabbe76
SCHED-TRACE 15085 4419 U 4 28fba1
SCHED-TRACE 15086 4419 V 4 28fc4e
SCHED-TRACE 15087 4419 O 0 0
SCHED-TRACE 15088 4419 P 64 38f8dd2f1
SCHED-TRACE 15089 4420 K 31 388be9fbe
SCHED-TRACE 15090 4420 P 64 39143e76c
SCHED-TRACE 15091 4421 P 64 392801061
SCHED-TRACE 15092 4421 I 31 290184
SCHED-TRACE 15093 4421 B 31 f3
SCHED-TRACE 15094 4421 P 31 38dbfe76c
SCHED-TRACE 15095 4421 R 31 38dbfe76c
SCHED-TRACE 15096 4422 U 4 2902b8
SCHED-TRACE 15097 4422 V 4 290365
SCHED-TRACE 15098 4422 O 0 0
SCHED-TRACE 15099 4422 P 31 38fa0b439
SCHED-TRACE 15100 4423 K 70 388d69fbe
SCHED-TRACE 15101 4423 P 31 391558106
SCHED-TRACE 15102 4424 P 31 392910624
SCHED-TRACE 15103 4424 I 70 29089b
SCHED-TRACE 15104 4424 B 70 f3
SCHED-TRACE 15105 4424 P 70 38dd9d2f1
SCHED-TRACE 15106 4424 R 70 38dd9d2f1
SCHED-TRACE 15107 4425 U 4 2909cf
SCHED-TRACE 15108 4425 V 4 290a7c
SCHED-TRACE 15109 4425 O 0 0
SCHED-TRACE 15110 4425 P 70 38fba9fbe
SCHED-TRACE 15111 4426 K 67 388dcb439
SCHED-TRACE 15112 4426 P 70 391710624
SCHED-TRACE 15113 4427 P 70 392ad2f1a
SCHED-TRACE 15114 4427 I 67 290fb2
SCHED-TRACE 15115 4427 B 67 f3
SCHED-TRACE 15116 4427 P 67 38dde4dd2
SCHED-TRACE 15117 4427 R 67 38dde4dd2
SCHED-TRACE 15118 4428 U 4 2910e7
SCHED-TRACE 15119 4428 V 4 291193
SCHED-TRACE 15120 4428 O 0 0
SCHED-TRACE 15121 4428 P 67 38fbf4395
SCHED-TRACE 15122 4429 K 34 388f12f1a
SCHED-TRACE 15123 4429 P 67 39175fbe7
SCHED-TRACE 15124 4430 P 67 392b24dd2
SCHED-TRACE 15125 4430 I 34 2916c9
SCHED-TRACE 15126 4430 B 34 f4
SCHED-TRACE 15127 4430 P 34 38df1fbe7
SCHED-TRACE 15128 4430 R 34 38df1fbe7
SCHED-TRACE 15129 4431 U 4 2917fd
SCHED-TRACE 15130 4431 V 4 2918aa
SCHED-TRACE 15131 4431 O 0 0
SCHED-TRACE 15132 4431 P 34 38fd1d2f1
SCHED-TRACE 15133 4432 K 37 38907e76c
SCHED-TRACE 15134 4432 P 34 391883958
SCHED-TRACE 15135 4433 P 34 392c4624d
SCHED-TRACE 15136 4433 I 37 291ddf
SCHED-TRACE 15137 4433 B 37 f5
SCHED-TRACE 15138 4433 P 37 38e08b439
SCHED-TRACE 15139 4433 R 37 38e08b439
SCHED-TRACE 15140 4434 U 4 291f13
SCHED-TRACE 15141 4434 V 4 291fbf
SCHED-TRACE 15142 4434 O 0 0
SCHED-TRACE 15143 4434 P 37 38fe88b43
SCHED-TRACE 15144 4435 K 61 3891b9581
SCHED-TRACE 15145 4435 P 37 3919ec8b4
SCHED-TRACE 15146 4436 P 37 392db4395
SCHED-TRACE 15147 4436 I 61 2924f5
SCHED-TRACE 15148 4436 B 61 f2
SCHED-TRACE 15149 4436 P 61 38e1c1062
SCHED-TRACE 15150 4436 R 61 38e1c1062
SCHED-TRACE 15151 4437 U 4 292629
SCHED-TRACE 15152 4437 V 4 2926d5
SCHED-TRACE 15153 4437 O 0 0
SCHED-TRACE 15154 4437 P 61 38ffd2f1a
SCHED-TRACE 15155 4438 K 58 389379580
SCHED-TRACE 15156 4438 P 61 391b36c8b
SCHED-TRACE 15157 4439 P 61 392efbe76
SCHED-TRACE 15158 4439 I 58 292c0b
SCHED-TRACE 15159 4439 B 58 f1
SCHED-TRACE 15160 4439 P 58 38e38624d
SCHED-TRACE 15161 4439 R 58 38e38624d
SCHED-TRACE 15162 4440 U 4 292d40
SCHED-TRACE 15163 4440 V 4 292dec
SCHED-TRACE 15164 4440 O 0 0
SCHED-TRACE 15165 4440 P 58 390198105
SCHED-TRACE 15166 4441 K 73 389591aa0
SCHED-TRACE 15167 4441 P 58 391d03957
SCHED-TRACE 15168 4442 P 58 3930c8b43
SCHED-TRACE 15169 4442 I 73 293322
SCHED-TRACE 15170 4442 B 73 f4
SCHED-TRACE 15171 4442 P 73 38e596c8b
SCHED-TRACE 15172 4442 R 73 38e596c8b
SCHED-TRACE 15173 4443 U 4 293457
SCHED-TRACE 15174 4443 V 4 293504
SCHED-TRACE 15175 4443 O 0 0
SCHED-TRACE 15176 4443 P 73 3903a8b44
SCHED-TRACE 15177 4444 K 52 3895f1a9f
SCHED-TRACE 15178 4444 P 73 391f0f1aa
SCHED-TRACE 15179 4445 P 73 3932d4396
SCHED-TRACE 15180 4445 I 52 293a39
SCHED-TRACE 15181 4445 B 52 f4
SCHED-TRACE 15182 4445 P 52 38e5fbe76
SCHED-TRACE 15183 4445 R 52 38e5fbe76
SCHED-TRACE 15184 4446 U 4 293b6f
SCHED-TRACE 15185 4446 V 4 293c1c
SCHED-TRACE 15186 4446 O 0 0
SCHED-TRACE 15187 4446 P 52 39043be76
SCHED-TRACE 15188 4447 K 46 389864dd2
SCHED-TRACE 15189 4447 P 52 391f9fbe6
SCHED-TRACE 15190 4448 P 52 393369fbe
SCHED-TRACE 15191 4448 I 46 294153
SCHED-TRACE 15192 4448 B 46 f3
SCHED-TRACE 15193 4448 P 46 38e87be76
SCHED-TRACE 15194 4448 R 46 38e87be76
SCHED-TRACE 15195 4449 U 4 294289
SCHED-TRACE 15196 4449 V 4 294336
SCHED-TRACE 15197 4449 O 0 0
SCHED-TRACE 15198 4449 P 46 3906c624d
SCHED-TRACE 15199 4450 K 49 3898b9581
SCHED-TRACE 15200 4450 P 46 392229fbd
SCHED-TRACE 15201 4451 P 46 3935e24dc
SCHED-TRACE 15202 4451 I 49 29486d
SCHED-TRACE 15203 4451 B 49 f3
SCHED-TRACE 15204 4451 P 49 38e8e4dd3
SCHED-TRACE 15205 4451 R 49 38e8e4dd3
SCHED-TRACE 15206 4452 U 4 2949a3
SCHED-TRACE 15207 4452 V 4 294a50
SCHED-TRACE 15208 4452 O 0 0
SCHED-TRACE 15209 4452 P 49 39071a9fb
SCHED-TRACE 15210 4453 K 43 389952f1a
SCHED-TRACE 15211 4453 P 49 39228624d
SCHED-TRACE 15212 4454 P 49 39364dd2f
SCHED-TRACE 15213 4454 I 43 294f86
SCHED-TRACE 15214 4454 B 43 f4
SCHED-TRACE 15215 4454 P 43 38e95fbe7
SCHED-TRACE 15216 4454 R 43 38e95fbe7
SCHED-TRACE 15217 4455 U 4 2950bc
SCHED-TRACE 15218 4455 V 4 295169
SCHED-TRACE 15219 4455 O 0 0
SCHED-TRACE 15220 4455 P 43 39079fbe7
SCHED-TRACE 15221 4456 K 40 3899e4dd2
SCHED-TRACE 15222 4456 P 43 39230dd2f
SCHED-TRACE 15223 4457 P 43 3936d2f1a
SCHED-TRACE 15224 4457 I 40 29569f
SCHED-TRACE 15225 4457 B 40 f4
SCHED-TRACE 15226 4457 P 40 38e9ef1a9
SCHED-TRACE 15227 4457 R 40 38e9ef1a9
SCHED-TRACE 15228 4458 U 4 2957d6
SCHED-TRACE 15229 4458 V 4 295882
SCHED-TRACE 15230 4458 O 0 0
SCHED-TRACE 15231 4458 P 40 390836c8a
SCHED-TRACE 15232 4459 K 76 389f6dd2f
SCHED-TRACE 15233 4459 P 40 39239fbe7
SCHED-TRACE 15234 4460 P 40 3937624dc
SCHED-TRACE 15235 4460 I 76 295db8
SCHED-TRACE 15236 4460 B 76 f4
SCHED-TRACE 15237 4460 P 76 38ef78106
SCHED-TRACE 15238 4460 R 76 38ef78106
SCHED-TRACE 15239 4461 U 4 295eec
SCHED-TRACE 15240 4461 V 4 295f99
SCHED-TRACE 15241 4461 O 0 0
SCHED-TRACE 15242 4461 P 76 390d7fbe7
SCHED-TRACE 15243 4462 K 76 390d7fbe7
SCHED-TRACE 15244 4462 P 76 3928e624d
SCHED-TRACE 15245 4463 I 76 2964cf
SCHED-TRACE 15246 4463 B 76 f3
SCHED-TRACE 15247 4463 P 76 398cc24dd
SCHED-TRACE 15248 4463 R 76 398cc24dd
SCHED-TRACE 15249 4464 U 4 296602
SCHED-TRACE 15250 4464 V 4 2966ae
SCHED-TRACE 15251 4464 O 0 0
SCHED-TRACE 15252 4464 P 76 39aab0624
SCHED-TRACE 15253 4465 K 64 392801061
SCHED-TRACE 15254 4465 P 76 39c611a9f
SCHED-TRACE 15255 4466 P 76 39d9d1a9f
SCHED-TRACE 15256 4466 I 64 296be4
SCHED-TRACE 15257 4466 B 64 f0
SCHED-TRACE 15258 4466 P 64 397815810
SCHED-TRACE 15259 4466 R 64 397815810
SCHED-TRACE 15260 4467 U 4 296d19
SCHED-TRACE 15261 4467 V 4 296dc5
SCHED-TRACE 15262 4467 O 0 0
SCHED-TRACE 15263 4467 P 64 399618105
SCHED-TRACE 15264 4468 K 31 392910624
SCHED-TRACE 15265 4468 P 64 39b181061
SCHED-TRACE 15266 4469 P 64 39c541061
SCHED-TRACE 15267 4469 I 31 2972fa
SCHED-TRACE 15268 4469 B 31 f3
SCHED-TRACE 15269 4469 P 31 397918106
SCHED-TRACE 15270 4469 R 31 397918106
SCHED-TRACE 15271 4470 U 4 29742e
SCHED-TRACE 15272 4470 V 4 2974db
SCHED-TRACE 15273 4470 O 0 0
SCHED-TRACE 15274 4470 P 31 39971d2f1
SCHED-TRACE 15275 4471 K 70 392ad2f1a
SCHED-TRACE 15276 4471 P 31 39b27e76c
SCHED-TRACE 15277 4472 P 31 39c64624d
SCHED-TRACE 15278 4472 I 70 297a11
SCHED-TRACE 15279 4472 B 70 f4
SCHED-TRACE 15280 4472 P 70 397aec8b4
SCHED-TRACE 15281 4472 R 70 397aec8b4
SCHED-TRACE 15282 4473 U 4 297b46
SCHED-TRACE 15283 4473 V 4 297bf3
SCHED-TRACE 15284 4473 O 0 0
SCHED-TRACE 15285 4473 P 70 399912f1a
SCHED-TRACE 15286 4474 K 67 392b24dd2
SCHED-TRACE 15287 4474 P 70 39b47be76
SCHED-TRACE 15288 4475 P 70 39c83e76c
SCHED-TRACE 15289 4475 I 67 298129
SCHED-TRACE 15290 4475 B 67 f5
SCHED-TRACE 15291 4475 P 67 397b2f1a9
SCHED-TRACE 15292 4475 R 67 397b2f1a9
SCHED-TRACE 15293 4476 U 4 29825e
SCHED-TRACE 15294 4476 V 4 29830c
SCHED-TRACE 15295 4476 O 0 0
SCHED-TRACE 15296 4476 P 67 3999624dc
SCHED-TRACE 15297 4477 K 34 392c4624d
SCHED-TRACE 15298 4477 P 67 39b4d5810
SCHED-TRACE 15299 4478 P 67 39c888b43
SCHED-TRACE 15300 4478 I 34 298842
SCHED-TRACE 15301 4478 B 34 f3
SCHED-TRACE 15302 4478 P 34 397c5fbe7
SCHED-TRACE 15303 4478 R 34 397c5fbe7
SCHED-TRACE 15304 4479 U 4 298976
SCHED-TRACE 15305 4479 V 4 298a22
SCHED-TRACE 15306 4479 O 0 0
SCHED-TRACE 15307 4479 P 34 399a52f1a
SCHED-TRACE 15308 4480 K 37 392db4395
SCHED-TRACE 15309 4480 P 34 39b5b9580
SCHED-TRACE 15310 4481 P 34 39c97e76c
SCHED-TRACE 15311 4481 I 37 298f58
SCHED-TRACE 15312 4481 B 37 f3
SCHED-TRACE 15313 4481 P 37 397dc1062
SCHED-TRACE 15314 4481 R 37 397dc1062
SCHED-TRACE 15315 4482 U 4 29908c
SCHED-TRACE 15316 4482 V 4 299138
SCHED-TRACE 15317 4482 O 0 0
SCHED-TRACE 15318 4482 P 37 399bbe76c
SCHED-TRACE 15319 4483 K 61 392efbe76
SCHED-TRACE 15320 4483 P 37 39b72c8b4
SCHED-TRACE 15321 4484 P 37 39caf4395
SCHED-TRACE 15322 4484 I 61 29966f
SCHED-TRACE 15323 4484 B 61 f4
SCHED-TRACE 15324 4484 P 61 397f12f1a
SCHED-TRACE 15325 4484 R 61 397f12f1a
SCHED-TRACE 15326 4485 U 4 2997a4
SCHED-TRACE 15327 4485 V 4 299851
SCHED-TRACE 15328 4485 O 0 0
SCHED-TRACE 15329 4485 P 61 399d3e76c
SCHED-TRACE 15330 4486 K 58 3930c8b43
SCHED-TRACE 15331 4486 P 61 39b8a76c8
SCHED-TRACE 15332 4487 P 61 39cc6c8b4
SCHED-TRACE 15333 4487 I 58 299d87
SCHED-TRACE 15334 4487 B 58 f5
SCHED-TRACE 15335 4487 P 58 3980d2f1a
SCHED-TRACE 15336 4487 R 58 3980d2f1a
SCHED-TRACE 15337 4488 U 4 299ebc
SCHED-TRACE 15338 4488 V 4 299f68
SCHED-TRACE 15339 4488 O 0 0
SCHED-TRACE 15340 4488 P 58 399ef1a9f
SCHED-TRACE 15341 4489 K 73 3932d4396
SCHED-TRACE 15342 4489 P 58 39ba55810
SCHED-TRACE 15343 4490 P 58 39ce15810
SCHED-TRACE 15344 4490 I 73 29a49f
SCHED-TRACE 15345 4490 B 73 f3
SCHED-TRACE 15346 4490 P 73 3982f8106
SCHED-TRACE 15347 4490 R 73 3982f8106
SCHED-TRACE 15348 4491 U 4 29a5d2
SCHED-TRACE 15349 4491 V 4 29a67e
SCHED-TRACE 15350 4491 O 0 0
SCHED-TRACE 15351 4491 P 73 39a0f0625
SCHED-TRACE 15352 4492 K 52 393369fbe
SCHED-TRACE 15353 4492 P 73 39bc54396
SCHED-TRACE 15354 4493 P 73 39d019581
SCHED-TRACE 15355 4493 I 52 29abb4
SCHED-TRACE 15356 4493 B 52 f2
SCHED-TRACE 15357 4493 P 52 398374395
SCHED-TRACE 15358 4493 R 52 398374395
SCHED-TRACE 15359 4494 U 4 29acea
SCHED-TRACE 15360 4494 V 4 29ad96
SCHED-TRACE 15361 4494 O 0 0
SCHED-TRACE 15362 4494 P 52 39a192f1a
SCHED-TRACE 15363 4495 K 46 3935e24dc
SCHED-TRACE 15364 4495 P 52 39bcfe76c
SCHED-TRACE 15365 4496 P 52 39d0c8b43
SCHED-TRACE 15366 4496 I 46 29b2cc
SCHED-TRACE 15367 4496 B 46 f3
SCHED-TRACE 15368 4496 P 46 3985f1a9f
SCHED-TRACE 15369 4496 R 46 3985f1a9f
SCHED-TRACE 15370 4497 U 4 29b403
SCHED-TRACE 15371 4497 V 4 29b4af
SCHED-TRACE 15372 4497 O 0 0
SCHED-TRACE 15373 4497 P 46 39a42f1a9
SCHED-TRACE 15374 4498 K 49 39364dd2f
SCHED-TRACE 15375 4498 P 46 39bf8dd2e
SCHED-TRACE 15376 4499 P 46 39d352f1a
SCHED-TRACE 15377 4499 I 49 29b9e5
SCHED-TRACE 15378 4499 B 49 f3
SCHED-TRACE 15379 4499 P 49 3986676c8
SCHED-TRACE 15380 4499 R 49 3986676c8
SCHED-TRACE 15381 4500 U 4 29bb1b
SCHED-TRACE 15382 4500 V 4 29bbc8
SCHED-TRACE 15383 4500 O 0 0
SCHED-TRACE 15384 4500 P 49 39a4a9fbe
SCHED-TRACE 15385 4501 K 43 3936d2f1a
SCHED-TRACE 15386 4501 P 49 39c00dd2f
SCHED-TRACE 15387 4502 P 49 39d3d0624
SCHED-TRACE 15388 4502 I 43 29c0fe
SCHED-TRACE 15389 4502 B 43 f3
SCHED-TRACE 15390 4502 P 43 3986e76c8
SCHED-TRACE 15391 4502 R 43 3986e76c8
SCHED-TRACE 15392 4503 U 4 29c235
SCHED-TRACE 15393 4503 V 4 29c2e2
SCHED-TRACE 15394 4503 O 0 0
SCHED-TRACE 15395 4503 P 43 39a53be77
SCHED-TRACE 15396 4504 K 40 3937624dc
SCHED-TRACE 15397 4504 P 43 39c0a9fbe
SCHED-TRACE 15398 4505 P 43 39d4676c8
SCHED-TRACE 15399 4505 I 40 29c818
SCHED-TRACE 15400 4505 B 40 f2
SCHED-TRACE 15401 4505 P 40 39876f1a9
SCHED-TRACE 15402 4505 R 40 39876f1a9
SCHED-TRACE 15403 4506 U 4 29c94e
SCHED-TRACE 15404 4506 V 4 29c9fb
SCHED-TRACE 15405 4506 O 0 0
SCHED-TRACE 15406 4506 P 40 39a5a9fbe
SCHED-TRACE 15407 4507 K 55 39384b438
SCHED-TRACE 15408 4507 P 40 39c112f1a
SCHED-TRACE 15409 4508 P 40 39d4d8105
SCHED-TRACE 15410 4508 I 55 29cf31
SCHED-TRACE 15411 4508 B 55 f3
SCHED-TRACE 15412 4508 P 55 39885fbe6
SCHED-TRACE 15413 4508 R 55 39885fbe6
SCHED-TRACE 15414 4509 U 4 29d067
SCHED-TRACE 15415 4509 V 4 29d114
SCHED-TRACE 15416 4509 O 0 0
SCHED-TRACE 15417 4509 P 55 39a69580f
SCHED-TRACE 15418 4510 K 55 39a69580f
SCHED-TRACE 15419 4510 P 55 39c20624d
SCHED-TRACE 15420 4511 I 55 29d64a
SCHED-TRACE 15421 4511 B 55 f4
SCHED-TRACE 15422 4511 P 55 3a25dd2f1
SCHED-TRACE 15423 4511 R 55 3a25dd2f1
SCHED-TRACE 15424 4512 U 4 29d780
SCHED-TRACE 15425 4512 V 4 29d82d
SCHED-TRACE 15426 4512 O 0 0
SCHED-TRACE 15427 4512 P 55 3a440dd2e
SCHED-TRACE 15428 4513 K 64 39c541061
SCHED-TRACE 15429 4513 P 55 3a5f74394
SCHED-TRACE 15430 4514 P 55 3a7339580
SCHED-TRACE 15431 4514 I 64 29dd63
SCHED-TRACE 15432 4514 B 64 f4
SCHED-TRACE 15433 4514 P 64 3a1555810
SCHED-TRACE 15434 4514 R 64 3a1555810
SCHED-TRACE 15435 4515 U 4 29de97
SCHED-TRACE 15436 4515 V 4 29df44
SCHED-TRACE 15437 4515 O 0 0
SCHED-TRACE 15438 4515 P 64 3a3374395
SCHED-TRACE 15439 4516 K 31 39c64624d
SCHED-TRACE 15440 4516 P 64 3a4ee24dc
SCHED-TRACE 15441 4517 P 64 3a62a24dc
SCHED-TRACE 15442 4517 I 31 29e47b
SCHED-TRACE 15443 4517 B 31 f4
SCHED-TRACE 15444 4517 P 31 3a16624dd
SCHED-TRACE 15445 4517 R 31 3a16624dd
SCHED-TRACE 15446 4518 U 4 29e5ae
SCHED-TRACE 15447 4518 V 4 29e65a
SCHED-TRACE 15448 4518 O 0 0
SCHED-TRACE 15449 4518 P 31 3a344dd2f
SCHED-TRACE 15450 4519 K 70 39c83e76c
SCHED-TRACE 15451 4519 P 31 3a4faf1a9
SCHED-TRACE 15452 4520 P 31 3a6374395
SCHED-TRACE 15453 4520 I 70 29eb91
SCHED-TRACE 15454 4520 B 70 f0
SCHED-TRACE 15455 4520 P 70 3a185a9fc
SCHED-TRACE 15456 4520 R 70 3a185a9fc
SCHED-TRACE 15457 4521 U 4 29ecc5
SCHED-TRACE 15458 4521 V 4 29ed71
SCHED-TRACE 15459 4521 O 0 0
SCHED-TRACE 15460 4521 P 70 3a3658106
SCHED-TRACE 15461 4522 K 67 39c888b43
SCHED-TRACE 15462 4522 P 70 3a51c1062
SCHED-TRACE 15463 4523 P 70 3a6588b43
SCHED-TRACE 15464 4523 I 67 29f2a7
SCHED-TRACE 15465 4523 B 67 f2
SCHED-TRACE 15466 4523 P 67 3a188b439
SCHED-TRACE 15467 4523 R 67 3a188b439
SCHED-TRACE 15468 4524 U 4 29f3dc
SCHED-TRACE 15469 4524 V 4 29f489
SCHED-TRACE 15470 4524 O 0 0
SCHED-TRACE 15471 4524 P 67 3a36af1a9
SCHED-TRACE 15472 4525 K 34 39c97e76c
SCHED-TRACE 15473 4525 P 67 3a520dd2e
SCHED-TRACE 15474 4526 P 67 3a65d2f1a
SCHED-TRACE 15475 4526 I 34 29f9bf
SCHED-TRACE 15476 4526 B 34 f4
SCHED-TRACE 15477 4526 P 34 3a199a9fb
SCHED-TRACE 15478 4526 R 34 3a199a9fb
SCHED-TRACE 15479 4527 U 4 29faf3
SCHED-TRACE 15480 4527 V 4 29fba0
SCHED-TRACE 15481 4527 O 0 0
SCHED-TRACE 15482 4527 P 34 3a37ac8b4
SCHED-TRACE 15483 4528 K 37 39caf4395
SCHED-TRACE 15484 4528 P 34 3a5312f1a
SCHED-TRACE 15485 4529 P 34 3a66d2f1a
SCHED-TRACE 15486 4529 I 37 2a00d6
SCHED-TRACE 15487 4529 B 37 f4
SCHED-TRACE 15488 4529 P 37 3a1b0624e
SCHED-TRACE 15489 4529 R 37 3a1b0624e
SCHED-TRACE 15490 4530 U 4 2a020a
SCHED-TRACE 15491 4530 V 4 2a02b7
SCHED-TRACE 15492 4530 O 0 0
SCHED-TRACE 15493 4530 P 37 3a3915810
SCHED-TRACE 15494 4531 K 61 39cc6c8b4
SCHED-TRACE 15495 4531 P 37 3a548624e
SCHED-TRACE 15496 4532 P 37 3a6841062
SCHED-TRACE 15497 4532 I 61 2a07ee
SCHED-TRACE 15498 4532 B 61 f3
SCHED-TRACE 15499 4532 P 61 3a1c83958
SCHED-TRACE 15500 4532 R 61 3a1c83958
SCHED-TRACE 15501 4533 U 4 2a0923
SCHED-TRACE 15502 4533 V 4 2a09d0
SCHED-TRACE 15503 4533 O 0 0
SCHED-TRACE 15504 4533 P 61 3a3a9fbe7
SCHED-TRACE 15505 4534 K 58 39ce15810
SCHED-TRACE 15506 4534 P 61 3a5608b43
SCHED-TRACE 15507 4535 P 61 3a69d0624
SCHED-TRACE 15508 4535 I 58 2a0f06
SCHED-TRACE 15509 4535 B 58 f3
SCHED-TRACE 15510 4535 P 58 3a1e2c8b3
SCHED-TRACE 15511 4535 R 58 3a1e2c8b3
SCHED-TRACE 15512 4536 U 4 2a103c
SCHED-TRACE 15513 4536 V 4 2a10e8
SCHED-TRACE 15514 4536 O 0 0
SCHED-TRACE 15515 4536 P 58 3a3c5fbe7
SCHED-TRACE 15516 4537 K 73 39d019581
SCHED-TRACE 15517 4537 P 58 3a57cb439
SCHED-TRACE 15518 4538 P 58 3a6b90624
SCHED-TRACE 15519 4538 I 73 2a161e
SCHED-TRACE 15520 4538 B 73 f4
SCHED-TRACE 15521 4538 P 73 3a2019581
SCHED-TRACE 15522 4538 R 73 3a2019581
SCHED-TRACE 15523 4539 U 4 2a1752
SCHED-TRACE 15524 4539 V 4 2a17ff
SCHED-TRACE 15525 4539 O 0 0
SCHED-TRACE 15526 4539 P 73 3a3e2dd2f
SCHED-TRACE 15527 4540 K 52 39d0c8b43
SCHED-TRACE 15528 4540 P 73 3a5996c8b
SCHED-TRACE 15529 4541 P 73 3a6d59581
SCHED-TRACE 15530 4541 I 52 2a1d35
SCHED-TRACE 15531 4541 B 52 f4
SCHED-TRACE 15532 4541 P 52 3a20dd2f1
SCHED-TRACE 15533 4541 R 52 3a20dd2f1
SCHED-TRACE 15534 4542 U 4 2a1e6b
SCHED-TRACE 15535 4542 V 4 2a1f18
SCHED-TRACE 15536 4542 O 0 0
SCHED-TRACE 15537 4542 P 52 3a3f276c8
SCHED-TRACE 15538 4543 K 46 39d352f1a
SCHED-TRACE 15539 4543 P 52 3a5a9a9fb
SCHED-TRACE 15540 4544 P 52 3a6e624dc
SCHED-TRACE 15541 4544 I 46 2a244e
SCHED-TRACE 15542 4544 B 46 f3
SCHED-TRACE 15543 4544 P 46 3a234dd2e
SCHED-TRACE 15544 4544 R 46 3a234dd2e
SCHED-TRACE 15545 4545 U 4 2a2584
SCHED-TRACE 15546 4545 V 4 2a2630
SCHED-TRACE 15547 4545 O 0 0
SCHED-TRACE 15548 4545 P 46 3a4169fbd
SCHED-TRACE 15549 4546 K 49 39d3d0624
SCHED-TRACE 15550 4546 P 46 3a5cd0624
SCHED-TRACE 15551 4547 P 46 3a709580f
SCHED-TRACE 15552 4547 I 49 2a2b66
SCHED-TRACE 15553 4547 B 49 f1
SCHED-TRACE 15554 4547 P 49 3a23d2f1a
SCHED-TRACE 15555 4547 R 49 3a23d2f1a
SCHED-TRACE 15556 4548 U 4 2a2c9c
SCHED-TRACE 15557 4548 V 4 2a2d48
SCHED-TRACE 15558 4548 O 0 0
SCHED-TRACE 15559 4548 P 49 3a41f4395
SCHED-TRACE 15560 4549 K 43 39d4676c8
SCHED-TRACE 15561 4549 P 49 3a5d5d2f1
SCHED-TRACE 15562 4550 P 49 3a7124dd3
SCHED-TRACE 15563 4550 I 43 2a327e
SCHED-TRACE 15564 4550 B 43 f2
SCHED-TRACE 15565 4550 P 43 3a2474395
SCHED-TRACE 15566 4550 R 43 3a2474395
SCHED-TRACE 15567 4551 U 4 2a33b5
SCHED-TRACE 15568 4551 V 4 2a3462
SCHED-TRACE 15569 4551 O 0 0
SCHED-TRACE 15570 4551 P 43 3a42cb439
SCHED-TRACE 15571 4552 K 40 39d4d8105
SCHED-TRACE 15572 4552 P 43 3a5e2c8b4
SCHED-TRACE 15573 4553 P 43 3a71f1a9f
SCHED-TRACE 15574 4553 I 40 2a3998
SCHED-TRACE 15575 4553 B 40 f4
SCHED-TRACE 15576 4553 P 40 3a24ef1a9
SCHED-TRACE 15577 4553 R 40 3a24ef1a9
SCHED-TRACE 15578 4554 U 4 2a3ace
SCHED-TRACE 15579 4554 V 4 2a3b7c
SCHED-TRACE 15580 4554 O 0 0
SCHED-TRACE 15581 4554 P 40 3a4341061
SCHED-TRACE 15582 4555 K 76 39d9d1a9f
SCHED-TRACE 15583 4555 P 40 3a5ea76c8
SCHED-TRACE 15584 4556 P 40 3a72676c8
SCHED-TRACE 15585 4556 I 76 2a40b2
SCHED-TRACE 15586 4556 B 76 f4
SCHED-TRACE 15587 4556 P 76 3a29f0624
SCHED-TRACE 15588 4556 R 76 3a29f0624
SCHED-TRACE 15589 4557 U 4 2a41e6
SCHED-TRACE 15590 4557 V 4 2a4293
SCHED-TRACE 15591 4557 O 0 0
SCHED-TRACE 15592 4557 P 76 3a47ffbe7
SCHED-TRACE 15593 4558 K 76 3a47ffbe7
SCHED-TRACE 15594 4558 P 76 3a636dd2f
SCHED-TRACE 15595 4559 I 76 2a47ca
SCHED-TRACE 15596 4559 B 76 f3
SCHED-TRACE 15597 4559 P 76 3ac744dd3
SCHED-TRACE 15598 4559 R 76 3ac744dd3
SCHED-TRACE 15599 4560 U 4 2a48fe
SCHED-TRACE 15600 4560 V 4 2a49ab
SCHED-TRACE 15601 4560 O 0 0
SCHED-TRACE 15602 4560 P 76 3ae549fbe
SCHED-TRACE 15603 4561 K 64 3a62a24dc
SCHED-TRACE 15604 4561 P 76 3b00b5810
SCHED-TRACE 15605 4562 P 76 3b147a9fb
SCHED-TRACE 15606 4562 I 64 2a4ee1
SCHED-TRACE 15607 4562 B 64 f4
SCHED-TRACE 15608 4562 P 64 3ab2b6c8a
SCHED-TRACE 15609 4562 R 64 3ab2b6c8a
SCHED-TRACE 15610 4563 U 4 2a5016
SCHED-TRACE 15611 4563 V 4 2a50c3
SCHED-TRACE 15612 4563 O 0 0
SCHED-TRACE 15613 4563 P 64 3ad0d2f1a
SCHED-TRACE 15614 4564 K 31 3a6374395
SCHED-TRACE 15615 4564 P 64 3aec39580
SCHED-TRACE 15616 4565 P 64 3afff9580
SCHED-TRACE 15617 4565 I 31 2a55f9
SCHED-TRACE 15618 4565 B 31 f3
SCHED-TRACE 15619 4565 P 31 3ab38dd2f
SCHED-TRACE 15620 4565 R 31 3ab38dd2f
SCHED-TRACE 15621 4566 U 4 2a572c
SCHED-TRACE 15622 4566 V 4 2a57d9
SCHED-TRACE 15623 4566 O 0 0
SCHED-TRACE 15624 4566 P 31 3ad198106
SCHED-TRACE 15625 4567 K 70 3a6588b43
SCHED-TRACE 15626 4567 P 31 3aed0624d
SCHED-TRACE 15627 4568 P 31 3b00cb439
SCHED-TRACE 15628 4568 I 70 2a5d10
SCHED-TRACE 15629 4568 B 70 f5
SCHED-TRACE 15630 4568 P 70 3ab5a76c8
SCHED-TRACE 15631 4568 R 70 3ab5a76c8
SCHED-TRACE 15632 4569 U 4 2a5e45
SCHED-TRACE 15633 4569 V 4 2a5ef2
SCHED-TRACE 15634 4569 O 0 0
SCHED-TRACE 15635 4569 P 70 3ad3d2f1a
SCHED-TRACE 15636 4570 K 67 3a65d2f1a
SCHED-TRACE 15637 4570 P 70 3aef4624d
SCHED-TRACE 15638 4571 P 70 3b030dd2f
SCHED-TRACE 15639 4571 I 67 2a6429
SCHED-TRACE 15640 4571 B 67 f4
SCHED-TRACE 15641 4571 P 67 3ab5e4dd2
SCHED-TRACE 15642 4571 R 67 3ab5e4dd2
SCHED-TRACE 15643 4572 U 4 2a655e
SCHED-TRACE 15644 4572 V 4 2a660a
SCHED-TRACE 15645 4572 O 0 0
SCHED-TRACE 15646 4572 P 67 3ad3dd2f1
SCHED-TRACE 15647 4573 K 34 3a66d2f1a
SCHED-TRACE 15648 4573 P 67 3aef43957
SCHED-TRACE 15649 4574 P 67 3b030b439
SCHED-TRACE 15650 4574 I 34 2a6b40
SCHED-TRACE 15651 4574 B 34 f1
SCHED-TRACE 15652 4574 P 34 3ab6d8106
SCHED-TRACE 15653 4574 R 34 3ab6d8106
SCHED-TRACE 15654 4575 U 4 2a6c74
SCHED-TRACE 15655 4575 V 4 2a6d21
SCHED-TRACE 15656 4575 O 0 0
SCHED-TRACE 15657 4575 P 34 3ad4e24dd
SCHED-TRACE 15658 4576 K 37 3a6841062
SCHED-TRACE 15659 4576 P 34 3af050624
SCHED-TRACE 15660 4577 P 34 3b0415810
SCHED-TRACE 15661 4577 I 37 2a7257
SCHED-TRACE 15662 4577 B 37 f3
SCHED-TRACE 15663 4577 P 37 3ab84dd2f
SCHED-TRACE 15664 4577 R 37 3ab84dd2f
SCHED-TRACE 15665 4578 U 4 2a738c
SCHED-TRACE 15666 4578 V 4 2a7439
SCHED-TRACE 15667 4578 O 0 0
SCHED-TRACE 15668 4578 P 37 3ad669fbe
SCHED-TRACE 15669 4579 K 61 3a69d0624
SCHED-TRACE 15670 4579 P 37 3af1d0625
SCHED-TRACE 15671 4580 P 37 3b059a9fc
SCHED-TRACE 15672 4580 I 61 2a796f
SCHED-TRACE 15673 4580 B 61 f5
SCHED-TRACE 15674 4580 P 61 3ab9dfbe7
SCHED-TRACE 15675 4580 R 61 3ab9dfbe7
SCHED-TRACE 15676 4581 U 4 2a7aa5
SCHED-TRACE 15677 4581 V 4 2a7b52
SCHED-TRACE 15678 4581 O 0 0
SCHED-TRACE 15679 4581 P 61 3ad81a9fb
SCHED-TRACE 15680 4582 K 58 3a6b90624
SCHED-TRACE 15681 4582 P 61 3af38b439
SCHED-TRACE 15682 4583 P 61 3b074dd2f
SCHED-TRACE 15683 4583 I 58 2a8088
SCHED-TRACE 15684 4583 B 58 f5
SCHED-TRACE 15685 4583 P 58 3abb98105
SCHED-TRACE 15686 4583 R 58 3abb98105
SCHED-TRACE 15687 4584 U 4 2a81be
SCHED-TRACE 15688 4584 V 4 2a826b
SCHED-TRACE 15689 4584 O 0 0
SCHED-TRACE 15690 4584 P 58 3ad9d5810
SCHED-TRACE 15691 4585 K 73 3a6d59581
SCHED-TRACE 15692 4585 P 58 3af54624d
SCHED-TRACE 15693 4586 P 58 3b08f4395
SCHED-TRACE 15694 4586 I 73 2a87a2
SCHED-TRACE 15695 4586 B 73 f4
SCHED-TRACE 15696 4586 P 73 3abd876c9
SCHED-TRACE 15697 4586 R 73 3abd876c9
SCHED-TRACE 15698 4587 U 4 2a88d6
SCHED-TRACE 15699 4587 V 4 2a8982
SCHED-TRACE 15700 4587 O 0 0
SCHED-TRACE 15701 4587 P 73 3adb824dd
SCHED-TRACE 15702 4588 K 52 3a6e624dc
SCHED-TRACE 15703 4588 P 73 3af6e624e
SCHED-TRACE 15704 4589 P 73 3b0aab439
SCHED-TRACE 15705 4589 I 52 2a8eb8
SCHED-TRACE 15706 4589 B 52 f3
SCHED-TRACE 15707 4589 P 52 3abe74395
SCHED-TRACE 15708 4589 R 52 3abe74395
SCHED-TRACE 15709 4590 U 4 2a8fee
SCHED-TRACE 15710 4590 V 4 2a909a
SCHED-TRACE 15711 4590 O 0 0
SCHED-TRACE 15712 4590 P 52 3adc9fbe6
SCHED-TRACE 15713 4591 K 46 3a709580f
SCHED-TRACE 15714 4591 P 52 3af803957
SCHED-TRACE 15715 4592 P 52 3b0bcb438
SCHED-TRACE 15716 4592 I 46 2a95d0
SCHED-TRACE 15717 4592 B 46 f3
SCHED-TRACE 15718 4592 P 46 3ac0a76c8
SCHED-TRACE 15719 4592 R 46 3ac0a76c8
SCHED-TRACE 15720 4593 U 4 2a9705
SCHED-TRACE 15721 4593 V 4 2a97b2
SCHED-TRACE 15722 4593 O 0 0
SCHED-TRACE 15723 4593 P 46 3adee24dc
SCHED-TRACE 15724 4594 K 49 3a7124dd3
SCHED-TRACE 15725 4594 P 46 3afa48b43
SCHED-TRACE 15726 4595 P 46 3b0e0b438
SCHED-TRACE 15727 4595 I 49 2a9ce8
SCHED-TRACE 15728 4595 B 49 f5
SCHED-TRACE 15729 4595 P 49 3ac13e76c
SCHED-TRACE 15730 4595 R 49 3ac13e76c
SCHED-TRACE 15731 4596 U 4 2a9e1d
SCHED-TRACE 15732 4596 V 4 2a9eca
SCHED-TRACE 15733 4596 O 0 0
SCHED-TRACE 15734 4596 P 49 3adf6c8b4
SCHED-TRACE 15735 4597 K 43 3a71f1a9f
SCHED-TRACE 15736 4597 P 49 3afad5810
SCHED-TRACE 15737 4598 P 49 3b0e9a9fb
SCHED-TRACE 15738 4598 I 43 2aa400
SCHED-TRACE 15739 4598 B 43 f4
SCHED-TRACE 15740 4598 P 43 3ac203958
SCHED-TRACE 15741 4598 R 43 3ac203958
SCHED-TRACE 15742 4599 U 4 2aa536
SCHED-TRACE 15743 4599 V 4 2aa5e2
SCHED-TRACE 15744 4599 O 0 0
SCHED-TRACE 15745 4599 P 43 3ae015810
SCHED-TRACE 15746 4600 K 40 3a72676c8
SCHED-TRACE 15747 4600 P 43 3afb76c8b
SCHED-TRACE 15748 4601 P 43 3b0f3be77
SCHED-TRACE 15749 4601 I 40 2aab17
SCHED-TRACE 15750 4601 B 40 f2
SCHED-TRACE 15751 4601 P 40 3ac271a9f
SCHED-TRACE 15752 4601 R 40 3ac271a9f
SCHED-TRACE 15753 4602 U 4 2aac4d
SCHED-TRACE 15754 4602 V 4 2aacfa
SCHED-TRACE 15755 4602 O 0 0
SCHED-TRACE 15756 4602 P 40 3ae0b1a9f
SCHED-TRACE 15757 4603 K 55 3a7339580
SCHED-TRACE 15758 4603 P 40 3afc1580f
SCHED-TRACE 15759 4604 P 40 3b0fda9fb
SCHED-TRACE 15760 4604 I 55 2ab230
SCHED-TRACE 15761 4604 B 55 f3
SCHED-TRACE 15762 4604 P 55 3ac35580f
SCHED-TRACE 15763 4604 R 55 3ac35580f
SCHED-TRACE 15764 4605 U 4 2ab366
SCHED-TRACE 15765 4605 V 4 2ab412
SCHED-TRACE 15766 4605 O 0 0
SCHED-TRACE 15767 4605 P 55 3ae183957
SCHED-TRACE 15768 4606 K 55 3ae183957
SCHED-TRACE 15769 4606 P 55 3afcd580f
SCHED-TRACE 15770 4607 I 55 2ab948
SCHED-TRACE 15771 4607 B 55 f0
SCHED-TRACE 15772 4607 P 55 3b60a76c8
SCHED-TRACE 15773 4607 R 55 3b60a76c8
SCHED-TRACE 15774 4608 U 4 2aba7d
SCHED-TRACE 15775 4608 V 4 2abb2a
SCHED-TRACE 15776 4608 O 0 0
SCHED-TRACE 15777 4608 P 55 3b7ed8105
SCHED-TRACE 15778 4609 K 64 3afff9580
SCHED-TRACE 15779 4609 P 55 3b9a48b43
SCHED-TRACE 15780 4610 P 55 3bae0624d
SCHED-TRACE 15781 4610 I 64 2ac060
SCHED-TRACE 15782 4610 B 64 f4
SCHED-TRACE 15783 4610 P 64 3b500b439
SCHED-TRACE 15784 4610 R 64 3b500b439
SCHED-TRACE 15785 4611 U 4 2ac195
SCHED-TRACE 15786 4611 V 4 2ac242
SCHED-TRACE 15787 4611 O 0 0
SCHED-TRACE 15788 4611 P 64 3b6e276c8
SCHED-TRACE 15789 4612 K 31 3b00cb439
SCHED-TRACE 15790 4612 P 64 3b8995810
SCHED-TRACE 15791 4613 P 64 3b9d58105
SCHED-TRACE 15792 4613 I 31 2ac778
SCHED-TRACE 15793 4613 B 31 f4
SCHED-TRACE 15794 4613 P 31 3b50d5810
SCHED-TRACE 15795 4613 R 31 3b50d5810
SCHED-TRACE 15796 4614 U 4 2ac8ac
SCHED-TRACE 15797 4614 V 4 2ac958
SCHED-TRACE 15798 4614 O 0 0
SCHED-TRACE 15799 4614 P 31 3b6ec624d
SCHED-TRACE 15800 4615 K 67 3b030b439
SCHED-TRACE 15801 4615 P 31 3b8a31a9f
SCHED-TRACE 15802 4616 P 31 3b9dfbe76
SCHED-TRACE 15803 4616 I 67 2ace8e
SCHED-TRACE 15804 4616 B 67 f3
SCHED-TRACE 15805 4616 P 67 3b5312f1a
SCHED-TRACE 15806 4616 R 67 3b5312f1a
SCHED-TRACE 15807 4617 U 4 2acfc3
SCHED-TRACE 15808 4617 V 4 2ad070
SCHED-TRACE 15809 4617 O 0 0
SCHED-TRACE 15810 4617 P 67 3b7134395
SCHED-TRACE 15811 4618 K 70 3b030dd2f
SCHED-TRACE 15812 4618 P 67 3b8c9a9fb
SCHED-TRACE 15813 4619 P 67 3ba05fbe7
SCHED-TRACE 15814 4619 I 70 2ad5a6
SCHED-TRACE 15815 4619 B 70 f4
SCHED-TRACE 15816 4619 P 70 3b5324dd3
SCHED-TRACE 15817 4619 R 70 3b5324dd3
SCHED-TRACE 15818 4620 U 4 2ad6da
SCHED-TRACE 15819 4620 V 4 2ad787
SCHED-TRACE 15820 4620 O 0 0
SCHED-TRACE 15821 4620 P 70 3b7136c8b
SCHED-TRACE 15822 4621 K 34 3b0415810
SCHED-TRACE 15823 4621 P 70 3b8c9fbe7
SCHED-TRACE 15824 4622 P 70 3ba05fbe7
SCHED-TRACE 15825 4622 I 34 2adcbd
SCHED-TRACE 15826 4622 B 34 f5
SCHED-TRACE 15827 4622 P 34 3b5439580
SCHED-TRACE 15828 4622 R 34 3b5439580
SCHED-TRACE 15829 4623 U 4 2addf0
SCHED-TRACE 15830 4623 V 4 2ade9d
SCHED-TRACE 15831 4623 O 0 0
SCHED-TRACE 15832 4623 P 34 3b7231a9f
SCHED-TRACE 15833 4624 K 37 3b059a9fc
SCHED-TRACE 15834 4624 P 34 3b8d9fbe7
SCHED-TRACE 15835 4625 P 34 3ba15fbe7
SCHED-TRACE 15836 4625 I 37 2ae3d3
SCHED-TRACE 15837 4625 B 37 f5
SCHED-TRACE 15838 4625 P 37 3b55a9fbe
SCHED-TRACE 15839 4625 R 37 3b55a9fbe
SCHED-TRACE 15840 4626 U 4 2ae507
SCHED-TRACE 15841 4626 V 4 2ae5b3
SCHED-TRACE 15842 4626 O 0 0
SCHED-TRACE 15843 4626 P 37 3b7388b43
SCHED-TRACE 15844 4627 K 61 3b074dd2f
SCHED-TRACE 15845 4627 P 37 3b8ee76c8
SCHED-TRACE 15846 4628 P 37 3ba2af1aa
SCHED-TRACE 15847 4628 I 61 2aeae8
SCHED-TRACE 15848 4628 B 61 ef
SCHED-TRACE 15849 4628 P 61 3b574dd2f
SCHED-TRACE 15850 4628 R 61 3b574dd2f
SCHED-TRACE 15851 4629 U 4 2aec1d
SCHED-TRACE 15852 4629 V 4 2aecc9
SCHED-TRACE 15853 4629 O 0 0
SCHED-TRACE 15854 4629 P 61 3b7564dd3
SCHED-TRACE 15855 4630 K 58 3b08f4395
SCHED-TRACE 15856 4630 P 61 3b90c3958
SCHED-TRACE 15857 4631 P 61 3ba48b439
SCHED-TRACE 15858 4631 I 58 2af1ff
SCHED-TRACE 15859 4631 B 58 f3
SCHED-TRACE 15860 4631 P 58 3b590dd2e
SCHED-TRACE 15861 4631 R 58 3b590dd2e
SCHED-TRACE 15862 4632 U 4 2af334
SCHED-TRACE 15863 4632 V 4 2af3e1
SCHED-TRACE 15864 4632 O 0 0
SCHED-TRACE 15865 4632 P 58 3b773be76
SCHED-TRACE 15866 4633 K 73 3b0aab439
SCHED-TRACE 15867 4633 P 58 3b9295810
SCHED-TRACE 15868 4634 P 58 3ba652f1a
SCHED-TRACE 15869 4634 I 73 2af917
SCHED-TRACE 15870 4634 B 73 f2
SCHED-TRACE 15871 4634 P 73 3b5ac76c9
SCHED-TRACE 15872 4634 R 73 3b5ac76c9
SCHED-TRACE 15873 4635 U 4 2afa4b
SCHED-TRACE 15874 4635 V 4 2afaf8
SCHED-TRACE 15875 4635 O 0 0
SCHED-TRACE 15876 4635 P 73 3b78e624e
SCHED-TRACE 15877 4636 K 52 3b0bcb438
SCHED-TRACE 15878 4636 P 73 3b9456c8b
SCHED-TRACE 15879 4637 P 73 3ba819581
SCHED-TRACE 15880 4637 I 52 2b002f
SCHED-TRACE 15881 4637 B 52 f5
SCHED-TRACE 15882 4637 P 52 3b5be24dc
SCHED-TRACE 15883 4637 R 52 3b5be24dc
SCHED-TRACE 15884 4638 U 4 2b0165
SCHED-TRACE 15885 4638 V 4 2b0212
SCHED-TRACE 15886 4638 O 0 0
SCHED-TRACE 15887 4638 P 52 3b7a18105
SCHED-TRACE 15888 4639 K 46 3b0e0b438
SCHED-TRACE 15889 4639 P 52 3b9588b43
SCHED-TRACE 15890 4640 P 52 3ba952f1a
SCHED-TRACE 15891 4640 I 46 2b0749
SCHED-TRACE 15892 4640 B 46 f4
SCHED-TRACE 15893 4640 P 46 3b5e18105
SCHED-TRACE 15894 4640 R 46 3b5e18105
SCHED-TRACE 15895 4641 U 4 2b087f
SCHED-TRACE 15896 4641 V 4 2b092c
SCHED-TRACE 15897 4641 O 0 0
SCHED-TRACE 15898 4641 P 46 3b7c4b438
SCHED-TRACE 15899 4642 K 49 3b0e9a9fb
SCHED-TRACE 15900 4642 P 46 3b97b9580
SCHED-TRACE 15901 4643 P 46 3bab7be76
SCHED-TRACE 15902 4643 I 49 2b0e62
SCHED-TRACE 15903 4643 B 49 f4
SCHED-TRACE 15904 4643 P 49 3b5eb9581
SCHED-TRACE 15905 4643 R 49 3b5eb9581
SCHED-TRACE 15906 4644 U 4 2b0f98
SCHED-TRACE 15907 4644 V 4 2b1045
SCHED-TRACE 15908 4644 O 0 0
SCHED-TRACE 15909 4644 P 49 3b7cf4395
SCHED-TRACE 15910 4645 K 43 3b0f3be77
SCHED-TRACE 15911 4645 P 49 3b9858106
SCHED-TRACE 15912 4646 P 49 3bac1fbe7
SCHED-TRACE 15913 4646 I 43 2b157b
SCHED-TRACE 15914 4646 B 43 f4
SCHED-TRACE 15915 4646 P 43 3b5f4b439
SCHED-TRACE 15916 4646 R 43 3b5f4b439
SCHED-TRACE 15917 4647 U 4 2b16b0
SCHED-TRACE 15918 4647 V 4 2b175d
SCHED-TRACE 15919 4647 O 0 0
SCHED-TRACE 15920 4647 P 43 3b7d8b439
SCHED-TRACE 15921 4648 K 40 3b0fda9fb
SCHED-TRACE 15922 4648 P 43 3b98f4395
SCHED-TRACE 15923 4649 P 43 3bacb6c8b
SCHED-TRACE 15924 4649 I 40 2b1c93
SCHED-TRACE 15925 4649 B 40 f5
SCHED-TRACE 15926 4649 P 40 3b5fe76c8
SCHED-TRACE 15927 4649 R 40 3b5fe76c8
SCHED-TRACE 15928 4650 U 4 2b1dc9
SCHED-TRACE 15929 4650 V 4 2b1e76
SCHED-TRACE 15930 4650 O 0 0
SCHED-TRACE 15931 4650 P 40 3b7e24dd2
SCHED-TRACE 15932 4651 K 76 3b147a9fb
SCHED-TRACE 15933 4651 P 40 3b9990624
SCHED-TRACE 15934 4652 P 40 3bad50624
SCHED-TRACE 15935 4652 I 76 2b23ac
SCHED-TRACE 15936 4652 B 76 f4
SCHED-TRACE 15937 4652 P 76 3b6496c8b
SCHED-TRACE 15938 4652 R 76 3b6496c8b
SCHED-TRACE 15939 4653 U 4 2b24e0
SCHED-TRACE 15940 4653 V 4 2b258c
SCHED-TRACE 15941 4653 O 0 0
SCHED-TRACE 15942 4653 P 76 3b8275810
SCHED-TRACE 15943 4654 K 76 3b8275810
SCHED-TRACE 15944 4654 P 76 3b9de1062
SCHED-TRACE 15945 4655 I 76 2b2ac1
SCHED-TRACE 15946 4655 B 76 f5
SCHED-TRACE 15947 4655 P 76 3c01b2f1a
SCHED-TRACE 15948 4655 R 76 3c01b2f1a
SCHED-TRACE 15949 4656 U 4 2b2bf5
SCHED-TRACE 15950 4656 V 4 2b2ca2
SCHED-TRACE 15951 4656 O 0 0
SCHED-TRACE 15952 4656 P 76 3c1fb2f1a
SCHED-TRACE 15953 4657 K 64 3b9d58105
SCHED-TRACE 15954 4657 P 76 3c3b11a9f
SCHED-TRACE 15955 4658 P 76 3c4ed4395
SCHED-TRACE 15956 4658 I 64 2b31d8
SCHED-TRACE 15957 4658 B 64 f3
SCHED-TRACE 15958 4658 P 64 3bed7be76
SCHED-TRACE 15959 4658 R 64 3bed7be76
SCHED-TRACE 15960 4659 U 4 2b330d
SCHED-TRACE 15961 4659 V 4 2b33ba
SCHED-TRACE 15962 4659 O 0 0
SCHED-TRACE 15963 4659 P 64 3c0b9d2f1
SCHED-TRACE 15964 4660 K 31 3b9dfbe76
SCHED-TRACE 15965 4660 P 64 3c26f1a9f
SCHED-TRACE 15966 4661 P 64 3c3aac8b3
SCHED-TRACE 15967 4661 I 31 2b38ef
SCHED-TRACE 15968 4661 B 31 f1
SCHED-TRACE 15969 4661 P 31 3bee10624
SCHED-TRACE 15970 4661 R 31 3bee10624
SCHED-TRACE 15971 4662 U 4 2b3a22
SCHED-TRACE 15972 4662 V 4 2b3acf
SCHED-TRACE 15973 4662 O 0 0
SCHED-TRACE 15974 4662 P 31 3c0c15810
SCHED-TRACE 15975 4663 K 67 3ba05fbe7
SCHED-TRACE 15976 4663 P 31 3c2788b43
SCHED-TRACE 15977 4664 P 31 3c3b4dd2f
SCHED-TRACE 15978 4664 I 67 2b4006
SCHED-TRACE 15979 4664 B 67 f5
SCHED-TRACE 15980 4664 P 67 3bf076c8a
SCHED-TRACE 15981 4664 R 67 3bf076c8a
SCHED-TRACE 15982 4665 U 4 2b413b
SCHED-TRACE 15983 4665 V 4 2b41e8
SCHED-TRACE 15984 4665 O 0 0
SCHED-TRACE 15985 4665 P 67 3c0e98105
SCHED-TRACE 15986 4666 K 70 3ba05fbe7
SCHED-TRACE 15987 4666 P 67 3c2a08b43
SCHED-TRACE 15988 4667 P 67 3c3dd2f1a
SCHED-TRACE 15989 4667 I 70 2b471f
SCHED-TRACE 15990 4667 B 70 f5
SCHED-TRACE 15991 4667 P 70 3bf071a9f
SCHED-TRACE 15992 4667 R 70 3bf071a9f
SCHED-TRACE 15993 4668 U 4 2b4854
SCHED-TRACE 15994 4668 V 4 2b4901
SCHED-TRACE 15995 4668 O 0 0
SCHED-TRACE 15996 4668 P 70 3c0e8b439
SCHED-TRACE 15997 4669 K 34 3ba15fbe7
SCHED-TRACE 15998 4669 P 70 3c29f6c8b
SCHED-TRACE 15999 4670 P 70 3c3dbbe76
SCHED-TRACE 16000 4670 I 34 2b4e37
SCHED-TRACE 16001 4670 B 34 f4
SCHED-TRACE 16002 4670 P 34 3bf179580
SCHED-TRACE 16003 4670 R 34 3bf179580
SCHED-TRACE 16004 4671 U 4 2b4f6b
SCHED-TRACE 16005 4671 V 4 2b5018
SCHED-TRACE 16006 4671 O 0 0
SCHED-TRACE 16007 4671 P 34 3c0f83958
SCHED-TRACE 16008 4672 K 37 3ba2af1aa
SCHED-TRACE 16009 4672 P 34 3c2ae76c8
SCHED-TRACE 16010 4673 P 34 3c3ea9fbe
SCHED-TRACE 16011 4673 I 37 2b554e
SCHED-TRACE 16012 4673 B 37 f2
SCHED-TRACE 16013 4673 P 37 3bf2b4395
SCHED-TRACE 16014 4673 R 37 3bf2b4395
SCHED-TRACE 16015 4674 U 4 2b5681
SCHED-TRACE 16016 4674 V 4 2b572e
SCHED-TRACE 16017 4674 O 0 0
SCHED-TRACE 16018 4674 P 37 3c10b9581
SCHED-TRACE 16019 4675 K 61 3ba48b439
SCHED-TRACE 16020 4675 P 37 3c2c29fbe
SCHED-TRACE 16021 4676 P 37 3c3fec8b4
SCHED-TRACE 16022 4676 I 61 2b5c64
SCHED-TRACE 16023 4676 B 61 f2
SCHED-TRACE 16024 4676 P 61 3bf490624
SCHED-TRACE 16025 4676 R 61 3bf490624
SCHED-TRACE 16026 4677 U 4 2b5d99
SCHED-TRACE 16027 4677 V 4 2b5e46
SCHED-TRACE 16028 4677 O 0 0
SCHED-TRACE 16029 4677 P 61 3c12b1a9f
SCHED-TRACE 16030 4678 K 58 3ba652f1a
SCHED-TRACE 16031 4678 P 61 3c2e1fbe7
SCHED-TRACE 16032 4679 P 61 3c41e76c8
SCHED-TRACE 16033 4679 I 58 2b637d
SCHED-TRACE 16034 4679 B 58 f4
SCHED-TRACE 16035 4679 P 58 3bf669fbe
SCHED-TRACE 16036 4679 R 58 3bf669fbe
SCHED-TRACE 16037 4680 U 4 2b64b2
SCHED-TRACE 16038 4680 V 4 2b655e
SCHED-TRACE 16039 4680 O 0 0
SCHED-TRACE 16040 4680 P 58 3c14676c8
SCHED-TRACE 16041 4681 K 73 3ba819581
SCHED-TRACE 16042 4681 P 58 3c2fd5810
SCHED-TRACE 16043 4682 P 58 3c4398105
SCHED-TRACE 16044 4682 I 73 2b6a94
SCHED-TRACE 16045 4682 B 73 f4
SCHED-TRACE 16046 4682 P 73 3bf835811
SCHED-TRACE 16047 4682 R 73 3bf835811
SCHED-TRACE 16048 4683 U 4 2b6bc9
SCHED-TRACE 16049 4683 V 4 2b6c76
SCHED-TRACE 16050 4683 O 0 0
SCHED-TRACE 16051 4683 P 73 3c164c8b4
SCHED-TRACE 16052 4684 K 52 3ba952f1a
SCHED-TRACE 16053 4684 P 73 3c31add2f
SCHED-TRACE 16054 4685 P 73 3c4575811
SCHED-TRACE 16055 4685 I 52 2b71ac
SCHED-TRACE 16056 4685 B 52 f2
SCHED-TRACE 16057 4685 P 52 3bf969fbe
SCHED-TRACE 16058 4685 R 52 3bf969fbe
SCHED-TRACE 16059 4686 U 4 2b72e2
SCHED-TRACE 16060 4686 V 4 2b738f
SCHED-TRACE 16061 4686 O 0 0
SCHED-TRACE 16062 4686 P 52 3c17ac8b3
SCHED-TRACE 16063 4687 K 46 3bab7be76
SCHED-TRACE 16064 4687 P 52 3c3308b43
SCHED-TRACE 16065 4688 P 52 3c46cb438
SCHED-TRACE 16066 4688 I 46 2b78c5
SCHED-TRACE 16067 4688 B 46 f1
SCHED-TRACE 16068 4688 P 46 3bfb92f1a
SCHED-TRACE 16069 4688 R 46 3bfb92f1a
SCHED-TRACE 16070 4689 U 4 2b79fb
SCHED-TRACE 16071 4689 V 4 2b7aa8
SCHED-TRACE 16072 4689 O 0 0
SCHED-TRACE 16073 4689 P 46 3c19da9fb
SCHED-TRACE 16074 4690 K 49 3bac1fbe7
SCHED-TRACE 16075 4690 P 46 3c354b438
SCHED-TRACE 16076 4691 P 46 3c490dd2e
SCHED-TRACE 16077 4691 I 49 2b7fde
SCHED-TRACE 16078 4691 B 49 f4
SCHED-TRACE 16079 4691 P 49 3bfc24dd3
SCHED-TRACE 16080 4691 R 49 3bfc24dd3
SCHED-TRACE 16081 4692 U 4 2b8114
SCHED-TRACE 16082 4692 V 4 2b81c1
SCHED-TRACE 16083 4692 O 0 0
SCHED-TRACE 16084 4692 P 49 3c1a676c8
SCHED-TRACE 16085 4693 K 43 3bacb6c8b
SCHED-TRACE 16086 4693 P 49 3c35d8106
SCHED-TRACE 16087 4694 P 49 3c49a24dd
SCHED-TRACE 16088 4694 I 43 2b86f8
SCHED-TRACE 16089 4694 B 43 f4
SCHED-TRACE 16090 4694 P 43 3bfcc624e
SCHED-TRACE 16091 4694 R 43 3bfcc624e
SCHED-TRACE 16092 4695 U 4 2b882e
SCHED-TRACE 16093 4695 V 4 2b88db
SCHED-TRACE 16094 4695 O 0 0
SCHED-TRACE 16095 4695 P 43 3c1b03958
SCHED-TRACE 16096 4696 K 40 3bad50624
SCHED-TRACE 16097 4696 P 43 3c36676c8
SCHED-TRACE 16098 4697 P 43 3c4a2c8b4
SCHED-TRACE 16099 4697 I 40 2b8e11
SCHED-TRACE 16100 4697 B 40 f4
SCHED-TRACE 16101 4697 P 40 3bfd6f1a9
SCHED-TRACE 16102 4697 R 40 3bfd6f1a9
SCHED-TRACE 16103 4698 U 4 2b8f47
SCHED-TRACE 16104 4698 V 4 2b8ff4
SCHED-TRACE 16105 4698 O 0 0
SCHED-TRACE 16106 4698 P 40 3c1baf1a9
SCHED-TRACE 16107 4699 K 55 3bae0624d
SCHED-TRACE 16108 4699 P 40 3c3710624
SCHED-TRACE 16109 4700 P 40 3c4ad2f1a
SCHED-TRACE 16110 4700 I 55 2b952a
SCHED-TRACE 16111 4700 B 55 f3
SCHED-TRACE 16112 4700 P 55 3bfe224dc
SCHED-TRACE 16113 4700 R 55 3bfe224dc
SCHED-TRACE 16114 4701 U 4 2b965f
SCHED-TRACE 16115 4701 V 4 2b970b
SCHED-TRACE 16116 4701 O 0 0
SCHED-TRACE 16117 4701 P 55 3c1c52f1a
SCHED-TRACE 16118 4702 K 55 3c1c52f1a
SCHED-TRACE 16119 4702 P 55 3c37be76b
SCHED-TRACE 16120 4703 I 55 2b9c42
SCHED-TRACE 16121 4703 B 55 f3
SCHED-TRACE 16122 4703 P 55 3c9b9d2f1
SCHED-TRACE 16123 4703 R 55 3c9b9d2f1
SCHED-TRACE 16124 4704 U 4 2b9d78
SCHED-TRACE 16125 4704 V 4 2b9e24
SCHED-TRACE 16126 4704 O 0 0
SCHED-TRACE 16127 4704 P 55 3cb9b6c8a
SCHED-TRACE 16128 4705 K 64 3c3aac8b3
SCHED-TRACE 16129 4705 P 55 3cd5224dc
SCHED-TRACE 16130 4706 P 55 3ce8e76c8
SCHED-TRACE 16131 4706 I 64 2ba35a
SCHED-TRACE 16132 4706 B 64 f4
SCHED-TRACE 16133 4706 P 64 3c8ab6c8a
SCHED-TRACE 16134 4706 R 64 3c8ab6c8a
SCHED-TRACE 16135 4707 U 4 2ba48f
SCHED-TRACE 16136 4707 V 4 2ba53a
SCHED-TRACE 16137 4707 O 0 0
SCHED-TRACE 16138 4707 P 64 3ca8a76c8
SCHED-TRACE 16139 4708 K 31 3c3b4dd2f
SCHED-TRACE 16140 4708 P 64 3cc412f1a
SCHED-TRACE 16141 4709 P 64 3cd7d2f1a
SCHED-TRACE 16142 4709 I 31 2baa70
SCHED-TRACE 16143 4709 B 31 f4
SCHED-TRACE 16144 4709 P 31 3c8b69fbe
SCHED-TRACE 16145 4709 R 31 3c8b69fbe
SCHED-TRACE 16146 4710 U 4 2baba4
SCHED-TRACE 16147 4710 V 4 2bac51
SCHED-TRACE 16148 4710 O 0 0
SCHED-TRACE 16149 4710 P 31 3ca96c8b4
SCHED-TRACE 16150 4711 K 70 3c3dbbe76
SCHED-TRACE 16151 4711 P 31 3cc4cdd2f
SCHED-TRACE 16152 4712 P 31 3cd895810
SCHED-TRACE 16153 4712 I 70 2bb187
SCHED-TRACE 16154 4712 B 70 f2
SCHED-TRACE 16155 4712 P 70 3c8dcb439
SCHED-TRACE 16156 4712 R 70 3c8dcb439
SCHED-TRACE 16157 4713 U 4 2bb2bc
SCHED-TRACE 16158 4713 V 4 2bb368
SCHED-TRACE 16159 4713 O 0 0
SCHED-TRACE 16160 4713 P 70 3cabec8b4
SCHED-TRACE 16161 4714 K 67 3c3dd2f1a
SCHED-TRACE 16162 4714 P 70 3cc73e76c
SCHED-TRACE 16163 4715 P 70 3cdafe76c
SCHED-TRACE 16164 4715 I 67 2bb89e
SCHED-TRACE 16165 4715 B 67 ef
SCHED-TRACE 16166 4715 P 67 3c8de4dd2
SCHED-TRACE 16167 4715 R 67 3c8de4dd2
SCHED-TRACE 16168 4716 U 4 2bb9d2
SCHED-TRACE 16169 4716 V 4 2bba7e
SCHED-TRACE 16170 4716 O 0 0
SCHED-TRACE 16171 4716 P 67 3cabf6c8a
SCHED-TRACE 16172 4717 K 34 3c3ea9fbe
SCHED-TRACE 16173 4717 P 67 3cc75fbe7
SCHED-TRACE 16174 4718 P 67 3cdb1fbe7
SCHED-TRACE 16175 4718 I 34 2bbfb5
SCHED-TRACE 16176 4718 B 34 f2
SCHED-TRACE 16177 4718 P 34 3c8ec3958
SCHED-TRACE 16178 4718 R 34 3c8ec3958
SCHED-TRACE 16179 4719 U 4 2bc0e9
SCHED-TRACE 16180 4719 V 4 2bc196
SCHED-TRACE 16181 4719 O 0 0
SCHED-TRACE 16182 4719 P 34 3cacc624d
SCHED-TRACE 16183 4720 K 37 3c3fec8b4
SCHED-TRACE 16184 4720 P 34 3cc834395
SCHED-TRACE 16185 4721 P 34 3cdbf6c8b
SCHED-TRACE 16186 4721 I 37 2bc6cc
SCHED-TRACE 16187 4721 B 37 f4
SCHED-TRACE 16188 4721 P 37 3c9003958
SCHED-TRACE 16189 4721 R 37 3c9003958
SCHED-TRACE 16190 4722 U 4 2bc800
SCHED-TRACE 16191 4722 V 4 2bc8ad
SCHED-TRACE 16192 4722 O 0 0
SCHED-TRACE 16193 4722 P 37 3cae03958
SCHED-TRACE 16194 4723 K 61 3c41e76c8
SCHED-TRACE 16195 4723 P 37 3cc969fbe
SCHED-TRACE 16196 4724 P 37 3cdd34395
SCHED-TRACE 16197 4724 I 61 2bcde3
SCHED-TRACE 16198 4724 B 61 f4
SCHED-TRACE 16199 4724 P 61 3c91fe76c
SCHED-TRACE 16200 4724 R 61 3c91fe76c
SCHED-TRACE 16201 4725 U 4 2bcf18
SCHED-TRACE 16202 4725 V 4 2bcfc5
SCHED-TRACE 16203 4725 O 0 0
SCHED-TRACE 16204 4725 P 61 3cb0276c8
SCHED-TRACE 16205 4726 K 58 3c4398105
SCHED-TRACE 16206 4726 P 61 3ccb8dd2f
SCHED-TRACE 16207 4727 P 61 3cdf52f1a
SCHED-TRACE 16208 4727 I 58 2bd4fb
SCHED-TRACE 16209 4727 B 58 f3
SCHED-TRACE 16210 4727 P 58 3c93a9fbe
SCHED-TRACE 16211 4727 R 58 3c93a9fbe
SCHED-TRACE 16212 4728 U 4 2bd62f
SCHED-TRACE 16213 4728 V 4 2bd6dc
SCHED-TRACE 16214 4728 O 0 0
SCHED-TRACE 16215 4728 P 58 3cb1d2f1a
SCHED-TRACE 16216 4729 K 73 3c4575811
SCHED-TRACE 16217 4729 P 58 3ccd3be76
SCHED-TRACE 16218 4730 P 58 3ce0fe76c
SCHED-TRACE 16219 4730 I 73 2bdc12
SCHED-TRACE 16220 4730 B 73 f3
SCHED-TRACE 16221 4730 P 73 3c957a9fc
SCHED-TRACE 16222 4730 R 73 3c957a9fc
SCHED-TRACE 16223 4731 U 4 2bdd46
SCHED-TRACE 16224 4731 V 4 2bddf3
SCHED-TRACE 16225 4731 O 0 0
SCHED-TRACE 16226 4731 P 73 3cb37d2f2
SCHED-TRACE 16227 4732 K 52 3c46cb438
SCHED-TRACE 16228 4732 P 73 3cceeb439
SCHED-TRACE 16229 4733 P 73 3ce2b2f1b
SCHED-TRACE 16230 4733 I 52 2be329
SCHED-TRACE 16231 4733 B 52 f5
SCHED-TRACE 16232 4733 P 52 3c96d580f
SCHED-TRACE 16233 4733 R 52 3c96d580f
SCHED-TRACE 16234 4734 U 4 2be45f
SCHED-TRACE 16235 4734 V 4 2be50c
SCHED-TRACE 16236 4734 O 0 0
SCHED-TRACE 16237 4734 P 52 3cb510624
SCHED-TRACE 16238 4735 K 46 3c490dd2e
SCHED-TRACE 16239 4735 P 52 3cd079580
SCHED-TRACE 16240 4736 P 52 3ce441061
SCHED-TRACE 16241 4736 I 46 2bea42
SCHED-TRACE 16242 4736 B 46 f5
SCHED-TRACE 16243 4736 P 46 3c99224dc
SCHED-TRACE 16244 4736 R 46 3c99224dc
SCHED-TRACE 16245 4737 U 4 2beb79
SCHED-TRACE 16246 4737 V 4 2bec26
SCHED-TRACE 16247 4737 O 0 0
SCHED-TRACE 16248 4737 P 46 3cb7676c8
SCHED-TRACE 16249 4738 K 49 3c49a24dd
SCHED-TRACE 16250 4738 P 46 3cd2c624d
SCHED-TRACE 16251 4739 P 46 3ce68dd2e
SCHED-TRACE 16252 4739 I 49 2bf15c
SCHED-TRACE 16253 4739 B 49 f2
SCHED-TRACE 16254 4739 P 49 3c99b1a9f
SCHED-TRACE 16255 4739 R 49 3c99b1a9f
SCHED-TRACE 16256 4740 U 4 2bf292
SCHED-TRACE 16257 4740 V 4 2bf33f
SCHED-TRACE 16258 4740 O 0 0
SCHED-TRACE 16259 4740 P 49 3cb7f1a9f
SCHED-TRACE 16260 4741 K 43 3c4a2c8b4
SCHED-TRACE 16261 4741 P 49 3cd358106
SCHED-TRACE 16262 4742 P 49 3ce715810
SCHED-TRACE 16263 4742 I 43 2bf875
SCHED-TRACE 16264 4742 B 43 f1
SCHED-TRACE 16265 4742 P 43 3c9a3e76c
SCHED-TRACE 16266 4742 R 43 3c9a3e76c
SCHED-TRACE 16267 4743 U 4 2bf9ac
SCHED-TRACE 16268 4743 V 4 2bfa58
SCHED-TRACE 16269 4743 O 0 0
SCHED-TRACE 16270 4743 P 43 3cb881062
SCHED-TRACE 16271 4744 K 40 3c4ad2f1a
SCHED-TRACE 16272 4744 P 43 3cd3ec8b4
SCHED-TRACE 16273 4745 P 43 3ce7af1aa
SCHED-TRACE 16274 4745 I 40 2bff8f
SCHED-TRACE 16275 4745 B 40 f3
SCHED-TRACE 16276 4745 P 40 3c9ae76c8
SCHED-TRACE 16277 4745 R 40 3c9ae76c8
SCHED-TRACE 16278 4746 U 4 2c00c6
SCHED-TRACE 16279 4746 V 4 2c0173
SCHED-TRACE 16280 4746 O 0 0
SCHED-TRACE 16281 4746 P 40 3cb92f1a9
SCHED-TRACE 16282 4747 K 76 3c4ed4395
SCHED-TRACE 16283 4747 P 40 3cd49fbe7
SCHED-TRACE 16284 4748 P 40 3ce864dd2
SCHED-TRACE 16285 4748 I 76 2c06a9
SCHED-TRACE 16286 4748 B 76 f4
SCHED-TRACE 16287 4748 P 76 3c9ee624d
SCHED-TRACE 16288 4748 R 76 3c9ee624d
SCHED-TRACE 16289 4749 U 4 2c07dd
SCHED-TRACE 16290 4749 V 4 2c088a
SCHED-TRACE 16291 4749 O 0 0
SCHED-TRACE 16292 4749 P 76 3cbcf0624
SCHED-TRACE 16293 4750 K 76 3cbcf0624
SCHED-TRACE 16294 4750 P 76 3cd856c8b
SCHED-TRACE 16295 4751 I 76 2c0dc0
SCHED-TRACE 16296 4751 B 76 f5
SCHED-TRACE 16297 4751 P 76 3d3c38106
SCHED-TRACE 16298 4751 R 76 3d3c38106
SCHED-TRACE 16299 4752 U 4 2c0ef4
SCHED-TRACE 16300 4752 V 4 2c0fa1
SCHED-TRACE 16301 4752 O 0 0
SCHED-TRACE 16302 4752 P 76 3d5a44dd3
SCHED-TRACE 16303 4753 K 64 3cd7d2f1a
SCHED-TRACE 16304 4753 P 76 3d75ab439
SCHED-TRACE 16305 4754 P 76 3d896b439
SCHED-TRACE 16306 4754 I 64 2c14d7
SCHED-TRACE 16307 4754 B 64 f4
SCHED-TRACE 16308 4754 P 64 3d27f1a9f
SCHED-TRACE 16309 4754 R 64 3d27f1a9f
SCHED-TRACE 16310 4755 U 4 2c160b
SCHED-TRACE 16311 4755 V 4 2c16b7
SCHED-TRACE 16312 4755 O 0 0
SCHED-TRACE 16313 4755 P 64 3d45f6c8a
SCHED-TRACE 16314 4756 K 31 3cd895810
SCHED-TRACE 16315 4756 P 64 3d615fbe7
SCHED-TRACE 16316 4757 P 64 3d751d2f1
SCHED-TRACE 16317 4757 I 31 2c1bed
SCHED-TRACE 16318 4757 B 31 f4
SCHED-TRACE 16319 4757 P 31 3d28a4dd2
SCHED-TRACE 16320 4757 R 31 3d28a4dd2
SCHED-TRACE 16321 4758 U 4 2c1d21
SCHED-TRACE 16322 4758 V 4 2c1dcd
SCHED-TRACE 16323 4758 O 0 0
SCHED-TRACE 16324 4758 P 31 3d4695810
SCHED-TRACE 16325 4759 K 70 3cdafe76c
SCHED-TRACE 16326 4759 P 31 3d6203958
SCHED-TRACE 16327 4760 P 31 3d75cb439
SCHED-TRACE 16328 4760 I 70 2c2303
SCHED-TRACE 16329 4760 B 70 f4
SCHED-TRACE 16330 4760 P 70 3d2b01062
SCHED-TRACE 16331 4760 R 70 3d2b01062
SCHED-TRACE 16332 4761 U 4 2c2438
SCHED-TRACE 16333 4761 V 4 2c24e5
SCHED-TRACE 16334 4761 O 0 0
SCHED-TRACE 16335 4761 P 70 3d491a9fc
SCHED-TRACE 16336 4762 K 67 3cdb1fbe7
SCHED-TRACE 16337 4762 P 70 3d6481062
SCHED-TRACE 16338 4763 P 70 3d7848b43
SCHED-TRACE 16339 4763 I 67 2c2a1a
SCHED-TRACE 16340 4763 B 67 f4
SCHED-TRACE 16341 4763 P 67 3d2b1fbe7
SCHED-TRACE 16342 4763 R 67 3d2b1fbe7
SCHED-TRACE 16343 4764 U 4 2c2b4f
SCHED-TRACE 16344 4764 V 4 2c2bfc
SCHED-TRACE 16345 4764 O 0 0
SCHED-TRACE 16346 4764 P 67 3d4943957
SCHED-TRACE 16347 4765 K 34 3cdbf6c8b
SCHED-TRACE 16348 4765 P 67 3d64a9fbe
SCHED-TRACE 16349 4766 P 67 3d7869fbe
SCHED-TRACE 16350 4766 I 34 2c3132
SCHED-TRACE 16351 4766 B 34 f4
SCHED-TRACE 16352 4766 P 34 3d2c0dd2f
SCHED-TRACE 16353 4766 R 34 3d2c0dd2f
SCHED-TRACE 16354 4767 U 4 2c3266
SCHED-TRACE 16355 4767 V 4 2c3313
SCHED-TRACE 16356 4767 O 0 0
SCHED-TRACE 16357 4767 P 34 3d4a224dd
SCHED-TRACE 16358 4768 K 37 3cdd34395
SCHED-TRACE 16359 4768 P 34 3d658dd2f
SCHED-TRACE 16360 4769 P 34 3d794b439
SCHED-TRACE 16361 4769 I 37 2c384a
SCHED-TRACE 16362 4769 B 37 f1
SCHED-TRACE 16363 4769 P 37 3d2d52f1a
SCHED-TRACE 16364 4769 R 37 3d2d52f1a
SCHED-TRACE 16365 4770 U 4 2c397e
SCHED-TRACE 16366 4770 V 4 2c3a2b
SCHED-TRACE 16367 4770 O 0 0
SCHED-TRACE 16368 4770 P 37 3d4b4dd2f
SCHED-TRACE 16369 4771 K 61 3cdf52f1a
SCHED-TRACE 16370 4771 P 37 3d66b9581
SCHED-TRACE 16371 4772 P 37 3d7a8624e
SCHED-TRACE 16372 4772 I 61 2c3f61
SCHED-TRACE 16373 4772 B 61 f2
SCHED-TRACE 16374 4772 P 61 3d2f58106
SCHED-TRACE 16375 4772 R 61 3d2f58106
SCHED-TRACE 16376 4773 U 4 2c4096
SCHED-TRACE 16377 4773 V 4 2c4143
SCHED-TRACE 16378 4773 O 0 0
SCHED-TRACE 16379 4773 P 61 3d4d83958
SCHED-TRACE 16380 4774 K 58 3ce0fe76c
SCHED-TRACE 16381 4774 P 61 3d68f6c8b
SCHED-TRACE 16382 4775 P 61 3d7cbe76c
SCHED-TRACE 16383 4775 I 58 2c467a
SCHED-TRACE 16384 4775 B 58 f4
SCHED-TRACE 16385 4775 P 58 3d3110624
SCHED-TRACE 16386 4775 R 58 3d3110624
SCHED-TRACE 16387 4776 U 4 2c47b0
SCHED-TRACE 16388 4776 V 4 2c485d
SCHED-TRACE 16389 4776 O 0 0
SCHED-TRACE 16390 4776 P 58 3d4f41062
SCHED-TRACE 16391 4777 K 73 3ce2b2f1b
SCHED-TRACE 16392 4777 P 58 3d6aa9fbe
SCHED-TRACE 16393 4778 P 58 3d7e6c8b3
SCHED-TRACE 16394 4778 I 73 2c4d93
SCHED-TRACE 16395 4778 B 73 f4
SCHED-TRACE 16396 4778 P 73 3d32cc8b4
SCHED-TRACE 16397 4778 R 73 3d32cc8b4
SCHED-TRACE 16398 4779 U 4 2c4ec7
SCHED-TRACE 16399 4779 V 4 2c4f74
SCHED-TRACE 16400 4779 O 0 0
SCHED-TRACE 16401 4779 P 73 3d50eb439
SCHED-TRACE 16402 4780 K 52 3ce441061
SCHED-TRACE 16403 4780 P 73 3d6c54396
SCHED-TRACE 16404 4781 P 73 3d8019581
SCHED-TRACE 16405 4781 I 52 2c54ab
SCHED-TRACE 16406 4781 B 52 f3
SCHED-TRACE 16407 4781 P 52 3d345d2f1
SCHED-TRACE 16408 4781 R 52 3d345d2f1
SCHED-TRACE 16409 4782 U 4 2c55e0
SCHED-TRACE 16410 4782 V 4 2c568d
SCHED-TRACE 16411 4782 O 0 0
SCHED-TRACE 16412 4782 P 52 3d5288b43
SCHED-TRACE 16413 4783 K 46 3ce68dd2e
SCHED-TRACE 16414 4783 P 52 3d6df6c8a
SCHED-TRACE 16415 4784 P 52 3d81be76c
SCHED-TRACE 16416 4784 I 46 2c5bc3
SCHED-TRACE 16417 4784 B 46 f3
SCHED-TRACE 16418 4784 P 46 3d369a9fb
SCHED-TRACE 16419 4784 R 46 3d369a9fb
SCHED-TRACE 16420 4785 U 4 2c5cfa
SCHED-TRACE 16421 4785 V 4 2c5da6
SCHED-TRACE 16422 4785 O 0 0
SCHED-TRACE 16423 4785 P 46 3d54cdd2e
SCHED-TRACE 16424 4786 K 49 3ce715810
SCHED-TRACE 16425 4786 P 46 3d703e76c
SCHED-TRACE 16426 4787 P 46 3d840624d
SCHED-TRACE 16427 4787 I 49 2c62dc
SCHED-TRACE 16428 4787 B 49 f3
SCHED-TRACE 16429 4787 P 49 3d371d2f1
SCHED-TRACE 16430 4787 R 49 3d371d2f1
SCHED-TRACE 16431 4788 U 4 2c6413
SCHED-TRACE 16432 4788 V 4 2c64bf
SCHED-TRACE 16433 4788 O 0 0
SCHED-TRACE 16434 4788 P 49 3d5558106
SCHED-TRACE 16435 4789 K 43 3ce7af1aa
SCHED-TRACE 16436 4789 P 49 3d70b6c8b
SCHED-TRACE 16437 4790 P 49 3d847e76c
SCHED-TRACE 16438 4790 I 43 2c69f5
SCHED-TRACE 16439 4790 B 43 f5
SCHED-TRACE 16440 4790 P 43 3d37c8b43
SCHED-TRACE 16441 4790 R 43 3d37c8b43
SCHED-TRACE 16442 4791 U 4 2c6b2c
SCHED-TRACE 16443 4791 V 4 2c6bd9
SCHED-TRACE 16444 4791 O 0 0
SCHED-TRACE 16445 4791 P 43 3d561a9fc
SCHED-TRACE 16446 4792 K 40 3ce864dd2
SCHED-TRACE 16447 4792 P 43 3d7183958
SCHED-TRACE 16448 4793 P 43 3d8548b43
SCHED-TRACE 16449 4793 I 40 2c710f
SCHED-TRACE 16450 4793 B 40 f4
SCHED-TRACE 16451 4793 P 40 3d3871a9f
SCHED-TRACE 16452 4793 R 40 3d3871a9f
SCHED-TRACE 16453 4794 U 4 2c7246
SCHED-TRACE 16454 4794 V 4 2c72f3
SCHED-TRACE 16455 4794 O 0 0
SCHED-TRACE 16456 4794 P 40 3d56cdd2e
SCHED-TRACE 16457 4795 K 55 3ce8e76c8
SCHED-TRACE 16458 4795 P 40 3d723e76c
SCHED-TRACE 16459 4796 P 40 3d85fe76c
SCHED-TRACE 16460 4796 I 55 2c782a
SCHED-TRACE 16461 4796 B 55 f2
SCHED-TRACE 16462 4796 P 55 3d38fe76b
SCHED-TRACE 16463 4796 R 55 3d38fe76b
SCHED-TRACE 16464 4797 U 4 2c7960
SCHED-TRACE 16465 4797 V 4 2c7a0d
SCHED-TRACE 16466 4797 O 0 0
SCHED-TRACE 16467 4797 P 55 3d5729fbd
SCHED-TRACE 16468 4798 K 55 3d5729fbd
SCHED-TRACE 16469 4798 P 55 3d7298105
SCHED-TRACE 16470 4799 I 55 2c7f43
SCHED-TRACE 16471 4799 B 55 f3
SCHED-TRACE 16472 4799 P 55 3dd6676c8
SCHED-TRACE 16473 4799 R 55 3dd6676c8
SCHED-TRACE 16474 4800 U 4 2c8079
SCHED-TRACE 16475 4800 V 4 2c8127
SCHED-TRACE 16476 4800 O 0 0
SCHED-TRACE 16477 4800 P 55 3df4ac8b3
SCHED-TRACE 16478 4801 K 64 3d751d2f1
SCHED-TRACE 16479 4801 P 55 3e10224dc
SCHED-TRACE 16480 4802 P 55 3e23e9fbd
SCHED-TRACE 16481 4802 I 64 2c865d
SCHED-TRACE 16482 4802 B 64 f3
SCHED-TRACE 16483 4802 P 64 3dc51fbe7
SCHED-TRACE 16484 4802 R 64 3dc51fbe7
SCHED-TRACE 16485 4803 U 4 2c8792
SCHED-TRACE 16486 4803 V 4 2c883e
SCHED-TRACE 16487 4803 O 0 0
SCHED-TRACE 16488 4803 P 64 3de336c8a
SCHED-TRACE 16489 4804 K 31 3d75cb439
SCHED-TRACE 16490 4804 P 64 3dfe98105
SCHED-TRACE 16491 4805 P 64 3e1258105
SCHED-TRACE 16492 4805 I 31 2c8d74
SCHED-TRACE 16493 4805 B 31 f4
SCHED-TRACE 16494 4805 P 31 3dc5dfbe7
SCHED-TRACE 16495 4805 R 31 3dc5dfbe7
SCHED-TRACE 16496 4806 U 4 2c8ea7
SCHED-TRACE 16497 4806 V 4 2c8f54
SCHED-TRACE 16498 4806 O 0 0
SCHED-TRACE 16499 4806 P 31 3de3dd2f1
SCHED-TRACE 16500 4807 K 70 3d7848b43
SCHED-TRACE 16501 4807 P 31 3dff4624d
SCHED-TRACE 16502 4808 P 31 3e130b439
SCHED-TRACE 16503 4808 I 70 2c948a
SCHED-TRACE 16504 4808 B 70 f3
SCHED-TRACE 16505 4808 P 70 3dc855810
SCHED-TRACE 16506 4808 R 70 3dc855810
SCHED-TRACE 16507 4809 U 4 2c95be
SCHED-TRACE 16508 4809 V 4 2c966a
SCHED-TRACE 16509 4809 O 0 0
SCHED-TRACE 16510 4809 P 70 3de65d2f1
SCHED-TRACE 16511 4810 K 67 3d7869fbe
SCHED-TRACE 16512 4810 P 70 3e01c8b43
SCHED-TRACE 16513 4811 P 70 3e158b439
SCHED-TRACE 16514 4811 I 67 2c9ba0
SCHED-TRACE 16515 4811 B 67 f4
SCHED-TRACE 16516 4811 P 67 3dc87be76
SCHED-TRACE 16517 4811 R 67 3dc87be76
SCHED-TRACE 16518 4812 U 4 2c9cd5
SCHED-TRACE 16519 4812 V 4 2c9d81
SCHED-TRACE 16520 4812 O 0 0
SCHED-TRACE 16521 4812 P 67 3de683957
SCHED-TRACE 16522 4813 K 34 3d794b439
SCHED-TRACE 16523 4813 P 67 3e01ec8b3
SCHED-TRACE 16524 4814 P 67 3e15b1a9f
SCHED-TRACE 16525 4814 I 34 2ca2b7
SCHED-TRACE 16526 4814 B 34 f3
SCHED-TRACE 16527 4814 P 34 3dc95d2f1
SCHED-TRACE 16528 4814 R 34 3dc95d2f1
SCHED-TRACE 16529 4815 U 4 2ca3eb
SCHED-TRACE 16530 4815 V 4 2ca498
SCHED-TRACE 16531 4815 O 0 0
SCHED-TRACE 16532 4815 P 34 3de755810
SCHED-TRACE 16533 4816 K 37 3d7a8624e
SCHED-TRACE 16534 4816 P 34 3e02af1a9
SCHED-TRACE 16535 4817 P 34 3e166f1a9
SCHED-TRACE 16536 4817 I 37 2ca9cd
SCHED-TRACE 16537 4817 B 37 f5
SCHED-TRACE 16538 4817 P 37 3dcaac8b4
SCHED-TRACE 16539 4817 R 37 3dcaac8b4
SCHED-TRACE 16540 4818 U 4 2cab01
SCHED-TRACE 16541 4818 V 4 2cabae
SCHED-TRACE 16542 4818 O 0 0
SCHED-TRACE 16543 4818 P 37 3de8b9581
SCHED-TRACE 16544 4819 K 61 3d7cbe76c
SCHED-TRACE 16545 4819 P 37 3e041d2f1
SCHED-TRACE 16546 4820 P 37 3e17e24dd
SCHED-TRACE 16547 4820 I 61 2cb0e4
SCHED-TRACE 16548 4820 B 61 f4
SCHED-TRACE 16549 4820 P 61 3dcccdd2f
SCHED-TRACE 16550 4820 R 61 3dcccdd2f
SCHED-TRACE 16551 4821 U 4 2cb219
SCHED-TRACE 16552 4821 V 4 2cb2c6
SCHED-TRACE 16553 4821 O 0 0
SCHED-TRACE 16554 4821 P 61 3deaf4395
SCHED-TRACE 16555 4822 K 58 3d7e6c8b3
SCHED-TRACE 16556 4822 P 61 3e0658106
SCHED-TRACE 16557 4823 P 61 3e1a18106
SCHED-TRACE 16558 4823 I 58 2cb7fc
SCHED-TRACE 16559 4823 B 58 f0
SCHED-TRACE 16560 4823 P 58 3dce79580
SCHED-TRACE 16561 4823 R 58 3dce79580
SCHED-TRACE 16562 4824 U 4 2cb931
SCHED-TRACE 16563 4824 V 4 2cb9dd
SCHED-TRACE 16564 4824 O 0 0
SCHED-TRACE 16565 4824 P 58 3dec90624
SCHED-TRACE 16566 4825 K 73 3d8019581
SCHED-TRACE 16567 4825 P 58 3e07fbe76
SCHED-TRACE 16568 4826 P 58 3e1bc1062
SCHED-TRACE 16569 4826 I 73 2cbf14
SCHED-TRACE 16570 4826 B 73 f3
SCHED-TRACE 16571 4826 P 73 3dd035811
SCHED-TRACE 16572 4826 R 73 3dd035811
SCHED-TRACE 16573 4827 U 4 2cc049
SCHED-TRACE 16574 4827 V 4 2cc0f6
SCHED-TRACE 16575 4827 O 0 0
SCHED-TRACE 16576 4827 P 73 3dee51aa0
SCHED-TRACE 16577 4828 K 52 3d81be76c
SCHED-TRACE 16578 4828 P 73 3e09bd2f2
SCHED-TRACE 16579 4829 P 73 3e1d824dd
SCHED-TRACE 16580 4829 I 52 2cc62c
SCHED-TRACE 16581 4829 B 52 f2
SCHED-TRACE 16582 4829 P 52 3dd1cdd2e
SCHED-TRACE 16583 4829 R 52 3dd1cdd2e
SCHED-TRACE 16584 4830 U 4 2cc761
SCHED-TRACE 16585 4830 V 4 2cc80e
SCHED-TRACE 16586 4830 O 0 0
SCHED-TRACE 16587 4830 P 52 3df00624d
SCHED-TRACE 16588 4831 K 46 3d840624d
SCHED-TRACE 16589 4831 P 52 3e0b6f1a9
SCHED-TRACE 16590 4832 P 52 3e1f36c8a
SCHED-TRACE 16591 4832 I 46 2ccd44
SCHED-TRACE 16592 4832 B 46 f4
SCHED-TRACE 16593 4832 P 46 3dd408b43
SCHED-TRACE 16594 4832 R 46 3dd408b43
SCHED-TRACE 16595 4833 U 4 2cce7a
SCHED-TRACE 16596 4833 V 4 2ccf27
SCHED-TRACE 16597 4833 O 0 0
SCHED-TRACE 16598 4833 P 46 3df252f1a
SCHED-TRACE 16599 4834 K 49 3d847e76c
SCHED-TRACE 16600 4834 P 46 3e0dc624d
SCHED-TRACE 16601 4835 P 46 3e2188b43
SCHED-TRACE 16602 4835 I 49 2cd45d
SCHED-TRACE 16603 4835 B 49 f4
SCHED-TRACE 16604 4835 P 49 3dd48624d
SCHED-TRACE 16605 4835 R 49 3dd48624d
SCHED-TRACE 16606 4836 U 4 2cd593
SCHED-TRACE 16607 4836 V 4 2cd640
SCHED-TRACE 16608 4836 O 0 0
SCHED-TRACE 16609 4836 P 49 3df2b1a9f
SCHED-TRACE 16610 4837 K 43 3d8548b43
SCHED-TRACE 16611 4837 P 49 3e0e1fbe7
SCHED-TRACE 16612 4838 P 49 3e21e4dd3
SCHED-TRACE 16613 4838 I 43 2cdb76
SCHED-TRACE 16614 4838 B 43 f4
SCHED-TRACE 16615 4838 P 43 3dd555810
SCHED-TRACE 16616 4838 R 43 3dd555810
SCHED-TRACE 16617 4839 U 4 2cdcac
SCHED-TRACE 16618 4839 V 4 2cdd59
SCHED-TRACE 16619 4839 O 0 0
SCHED-TRACE 16620 4839 P 43 3df388b43
SCHED-TRACE 16621 4840 K 40 3d85fe76c
SCHED-TRACE 16622 4840 P 43 3e0ef9581
SCHED-TRACE 16623 4841 P 43 3e22be76c
SCHED-TRACE 16624 4841 I 40 2ce28f
SCHED-TRACE 16625 4841 B 40 f4
SCHED-TRACE 16626 4841 P 40 3dd610624
SCHED-TRACE 16627 4841 R 40 3dd610624
SCHED-TRACE 16628 4842 U 4 2ce3c6
SCHED-TRACE 16629 4842 V 4 2ce473
SCHED-TRACE 16630 4842 O 0 0
SCHED-TRACE 16631 4842 P 40 3df46c8b3
SCHED-TRACE 16632 4843 K 76 3d896b439
SCHED-TRACE 16633 4843 P 40 3e0fcb438
SCHED-TRACE 16634 4844 P 40 3e238dd2e
SCHED-TRACE 16635 4844 I 76 2ce9a9
SCHED-TRACE 16636 4844 B 76 f6
SCHED-TRACE 16637 4844 P 76 3dd989fbe
SCHED-TRACE 16638 4844 R 76 3dd989fbe
SCHED-TRACE 16639 4845 U 4 2ceadd
SCHED-TRACE 16640 4845 V 4 2ceb8a
SCHED-TRACE 16641 4845 O 0 0
SCHED-TRACE 16642 4845 P 76 3df79e76c
SCHED-TRACE 16643 4846 K 76 3df79e76c
SCHED-TRACE 16644 4846 P 76 3e13024dd
SCHED-TRACE 16645 4847 I 76 2cf0c0
SCHED-TRACE 16646 4847 B 76 f3
SCHED-TRACE 16647 4847 P 76 3e76cf1aa
SCHED-TRACE 16648 4847 R 76 3e76cf1aa
SCHED-TRACE 16649 4848 U 4 2cf1f4
SCHED-TRACE 16650 4848 V 4 2cf2a1
SCHED-TRACE 16651 4848 O 0 0
SCHED-TRACE 16652 4848 P 76 3e94dbe76
SCHED-TRACE 16653 4849 K 64 3e1258105
SCHED-TRACE 16654 4849 P 76 3eb044dd3
SCHED-TRACE 16655 4850 P 76 3ec3ffbe7
SCHED-TRACE 16656 4850 I 64 2cf7d7
SCHED-TRACE 16657 4850 B 64 f1
SCHED-TRACE 16658 4850 P 64 3e6269fbe
SCHED-TRACE 16659 4850 R 64 3e6269fbe
SCHED-TRACE 16660 4851 U 4 2cf90c
SCHED-TRACE 16661 4851 V 4 2cf9b8
SCHED-TRACE 16662 4851 O 0 0
SCHED-TRACE 16663 4851 P 64 3e807be76
SCHED-TRACE 16664 4852 K 31 3e130b439
SCHED-TRACE 16665 4852 P 64 3e9be4dd2
SCHED-TRACE 16666 4853 P 64 3eafa76c8
SCHED-TRACE 16667 4853 I 31 2cfeee
SCHED-TRACE 16668 4853 B 31 f2
SCHED-TRACE 16669 4853 P 31 3e6315810
SCHED-TRACE 16670 4853 R 31 3e6315810
SCHED-TRACE 16671 4854 U 4 2d0022
SCHED-TRACE 16672 4854 V 4 2d00cf
SCHED-TRACE 16673 4854 O 0 0
SCHED-TRACE 16674 4854 P 31 3e811d2f1
SCHED-TRACE 16675 4855 K 70 3e158b439
SCHED-TRACE 16676 4855 P 31 3e9c81062
SCHED-TRACE 16677 4856 P 31 3eb04b439
SCHED-TRACE 16678 4856 I 70 2d0605
SCHED-TRACE 16679 4856 B 70 f1
SCHED-TRACE 16680 4856 P 70 3e6592f1a
SCHED-TRACE 16681 4856 R 70 3e6592f1a
SCHED-TRACE 16682 4857 U 4 2d0738
SCHED-TRACE 16683 4857 V 4 2d07e5
SCHED-TRACE 16684 4857 O 0 0
SCHED-TRACE 16685 4857 P 70 3e83a76c8
SCHED-TRACE 16686 4858 K 67 3e15b1a9f
SCHED-TRACE 16687 4858 P 70 3e9f0dd2f
SCHED-TRACE 16688 4859 P 70 3eb2d0624
SCHED-TRACE 16689 4859 I 67 2d0d1b
SCHED-TRACE 16690 4859 B 67 f4
SCHED-TRACE 16691 4859 P 67 3e65cb439
SCHED-TRACE 16692 4859 R 67 3e65cb439
SCHED-TRACE 16693 4860 U 4 2d0e4f
SCHED-TRACE 16694 4860 V 4 2d0efc
SCHED-TRACE 16695 4860 O 0 0
SCHED-TRACE 16696 4860 P 67 3e83ef1a9
SCHED-TRACE 16697 4861 K 34 3e166f1a9
SCHED-TRACE 16698 4861 P 67 3e9f5d2f1
SCHED-TRACE 16699 4862 P 67 3eb31fbe7
SCHED-TRACE 16700 4862 I 34 2d1433
SCHED-TRACE 16701 4862 B 34 f4
SCHED-TRACE 16702 4862 P 34 3e668624d
SCHED-TRACE 16703 4862 R 34 3e668624d
SCHED-TRACE 16704 4863 U 4 2d1567
SCHED-TRACE 16705 4863 V 4 2d1613
SCHED-TRACE 16706 4863 O 0 0
SCHED-TRACE 16707 4863 P 34 3e846c8b4
SCHED-TRACE 16708 4864 K 37 3e17e24dd
SCHED-TRACE 16709 4864 P 34 3e9fd5810
SCHED-TRACE 16710 4865 P 34 3eb39a9fb
SCHED-TRACE 16711 4865 I 37 2d1b49
SCHED-TRACE 16712 4865 B 37 f4
SCHED-TRACE 16713 4865 P 37 3e67ef1aa
SCHED-TRACE 16714 4865 R 37 3e67ef1aa
SCHED-TRACE 16715 4866 U 4 2d1c7d
SCHED-TRACE 16716 4866 V 4 2d1d2a
SCHED-TRACE 16717 4866 O 0 0
SCHED-TRACE 16718 4866 P 37 3e85f4395
SCHED-TRACE 16719 4867 K 61 3e1a18106
SCHED-TRACE 16720 4867 P 37 3ea1624dd
SCHED-TRACE 16721 4868 P 37 3eb529fbe
SCHED-TRACE 16722 4868 I 61 2d2260
SCHED-TRACE 16723 4868 B 61 f3
SCHED-TRACE 16724 4868 P 61 3e6a1fbe7
SCHED-TRACE 16725 4868 R 61 3e6a1fbe7
SCHED-TRACE 16726 4869 U 4 2d2396
SCHED-TRACE 16727 4869 V 4 2d2443
SCHED-TRACE 16728 4869 O 0 0
SCHED-TRACE 16729 4869 P 61 3e8858106
SCHED-TRACE 16730 4870 K 58 3e1bc1062
SCHED-TRACE 16731 4870 P 61 3ea3b4395
SCHED-TRACE 16732 4871 P 61 3eb779581
SCHED-TRACE 16733 4871 I 58 2d2979
SCHED-TRACE 16734 4871 B 58 f5
SCHED-TRACE 16735 4871 P 58 3e6be24dc
SCHED-TRACE 16736 4871 R 58 3e6be24dc
SCHED-TRACE 16737 4872 U 4 2d2aae
SCHED-TRACE 16738 4872 V 4 2d2b5b
SCHED-TRACE 16739 4872 O 0 0
SCHED-TRACE 16740 4872 P 58 3e8a10624
SCHED-TRACE 16741 4873 K 73 3e1d824dd
SCHED-TRACE 16742 4873 P 58 3ea57be76
SCHED-TRACE 16743 4874 P 58 3eb93be76
SCHED-TRACE 16744 4874 I 73 2d3092
SCHED-TRACE 16745 4874 B 73 f4
SCHED-TRACE 16746 4874 P 73 3e6da1062
SCHED-TRACE 16747 4874 R 73 3e6da1062
SCHED-TRACE 16748 4875 U 4 2d31c7
SCHED-TRACE 16749 4875 V 4 2d3274
SCHED-TRACE 16750 4875 O 0 0
SCHED-TRACE 16751 4875 P 73 3e8bbd2f2
SCHED-TRACE 16752 4876 K 52 3e1f36c8a
SCHED-TRACE 16753 4876 P 73 3ea730625
SCHED-TRACE 16754 4877 P 73 3ebaf2f1b
SCHED-TRACE 16755 4877 I 52 2d37aa
SCHED-TRACE 16756 4877 B 52 f5
SCHED-TRACE 16757 4877 P 52 3e6f43957
SCHED-TRACE 16758 4877 R 52 3e6f43957
SCHED-TRACE 16759 4878 U 4 2d38e0
SCHED-TRACE 16760 4878 V 4 2d398d
SCHED-TRACE 16761 4878 O 0 0
SCHED-TRACE 16762 4878 P 52 3e8d74395
SCHED-TRACE 16763 4879 K 46 3e2188b43
SCHED-TRACE 16764 4879 P 52 3ea8e24dc
SCHED-TRACE 16765 4880 P 52 3ebcaf1a9
SCHED-TRACE 16766 4880 I 46 2d3ec3
SCHED-TRACE 16767 4880 B 46 f3
SCHED-TRACE 16768 4880 P 46 3e718dd2e
SCHED-TRACE 16769 4880 R 46 3e718dd2e
SCHED-TRACE 16770 4881 U 4 2d3ffa
SCHED-TRACE 16771 4881 V 4 2d40a6
SCHED-TRACE 16772 4881 O 0 0
SCHED-TRACE 16773 4881 P 46 3e8fd2f1a
SCHED-TRACE 16774 4882 K 49 3e21e4dd3
SCHED-TRACE 16775 4882 P 46 3eab3be76
SCHED-TRACE 16776 4883 P 46 3ebf03957
SCHED-TRACE 16777 4883 I 49 2d45dd
SCHED-TRACE 16778 4883 B 49 f2
SCHED-TRACE 16779 4883 P 49 3e71f6c8b
SCHED-TRACE 16780 4883 R 49 3e71f6c8b
SCHED-TRACE 16781 4884 U 4 2d4712
SCHED-TRACE 16782 4884 V 4 2d47bf
SCHED-TRACE 16783 4884 O 0 0
SCHED-TRACE 16784 4884 P 49 3e9036c8b
SCHED-TRACE 16785 4885 K 43 3e22be76c
SCHED-TRACE 16786 4885 P 49 3eab9fbe7
SCHED-TRACE 16787 4886 P 49 3ebf64dd3
SCHED-TRACE 16788 4886 I 43 2d4cf5
SCHED-TRACE 16789 4886 B 43 f4
SCHED-TRACE 16790 4886 P 43 3e72d0625
SCHED-TRACE 16791 4886 R 43 3e72d0625
SCHED-TRACE 16792 4887 U 4 2d4e2b
SCHED-TRACE 16793 4887 V 4 2d4ed8
SCHED-TRACE 16794 4887 O 0 0
SCHED-TRACE 16795 4887 P 43 3e9118106
SCHED-TRACE 16796 4888 K 40 3e238dd2e
SCHED-TRACE 16797 4888 P 43 3eac83958
SCHED-TRACE 16798 4889 P 43 3ec04b439
SCHED-TRACE 16799 4889 I 40 2d540e
SCHED-TRACE 16800 4889 B 40 f4
SCHED-TRACE 16801 4889 P 40 3e7390624
SCHED-TRACE 16802 4889 R 40 3e7390624
SCHED-TRACE 16803 4890 U 4 2d5545
SCHED-TRACE 16804 4890 V 4 2d55f1
SCHED-TRACE 16805 4890 O 0 0
SCHED-TRACE 16806 4890 P 40 3e91bbe76
SCHED-TRACE 16807 4891 K 55 3e23e9fbd
SCHED-TRACE 16808 4891 P 40 3ead276c8
SCHED-TRACE 16809 4892 P 40 3ec0ec8b3
SCHED-TRACE 16810 4892 I 55 2d5b27
SCHED-TRACE 16811 4892 B 55 f3
SCHED-TRACE 16812 4892 P 55 3e73fbe76
SCHED-TRACE 16813 4892 R 55 3e73fbe76
SCHED-TRACE 16814 4893 U 4 2d5c5d
SCHED-TRACE 16815 4893 V 4 2d5d0a
SCHED-TRACE 16816 4893 O 0 0
SCHED-TRACE 16817 4893 P 55 3e9236c8a
SCHED-TRACE 16818 4894 K 55 3e9236c8a
SCHED-TRACE 16819 4894 P 55 3eada24dc
SCHED-TRACE 16820 4895 I 55 2d6240
SCHED-TRACE 16821 4895 B 55 f3
SCHED-TRACE 16822 4895 P 55 3f1171a9f
SCHED-TRACE 16823 4895 R 55 3f1171a9f
SCHED-TRACE 16824 4896 U 4 2d6376
SCHED-TRACE 16825 4896 V 4 2d6423
SCHED-TRACE 16826 4896 O 0 0
SCHED-TRACE 16827 4896 P 55 3f2fb1a9f
SCHED-TRACE 16828 4897 K 64 3eafa76c8
SCHED-TRACE 16829 4897 P 55 3f4b0dd2e
SCHED-TRACE 16830 4898 P 55 3f5ed2f1a
SCHED-TRACE 16831 4898 I 64 2d695a
SCHED-TRACE 16832 4898 B 64 f4
SCHED-TRACE 16833 4898 P 64 3effc8b43
SCHED-TRACE 16834 4898 R 64 3effc8b43
SCHED-TRACE 16835 4899 U 4 2d6a8f
SCHED-TRACE 16836 4899 V 4 2d6b3c
SCHED-TRACE 16837 4899 O 0 0
SCHED-TRACE 16838 4899 P 64 3f1df1a9f
SCHED-TRACE 16839 4900 K 31 3eb04b439
SCHED-TRACE 16840 4900 P 64 3f395fbe7
SCHED-TRACE 16841 4901 P 64 3f4d1d2f1
SCHED-TRACE 16842 4901 I 31 2d7072
SCHED-TRACE 16843 4901 B 31 f5
SCHED-TRACE 16844 4901 P 31 3f005d2f1
SCHED-TRACE 16845 4901 R 31 3f005d2f1
SCHED-TRACE 16846 4902 U 4 2d71a7
SCHED-TRACE 16847 4902 V 4 2d7254
SCHED-TRACE 16848 4902 O 0 0
SCHED-TRACE 16849 4902 P 31 3f1e6c8b4
SCHED-TRACE 16850 4903 K 70 3eb2d0624
SCHED-TRACE 16851 4903 P 31 3f39dfbe7
SCHED-TRACE 16852 4904 P 31 3f4dac8b4
SCHED-TRACE 16853 4904 I 70 2d778a
SCHED-TRACE 16854 4904 B 70 f5
SCHED-TRACE 16855 4904 P 70 3f02cdd2f
SCHED-TRACE 16856 4904 R 70 3f02cdd2f
SCHED-TRACE 16857 4905 U 4 2d78bf
SCHED-TRACE 16858 4905 V 4 2d796c
SCHED-TRACE 16859 4905 O 0 0
SCHED-TRACE 16860 4905 P 70 3f20e76c8
SCHED-TRACE 16861 4906 K 67 3eb31fbe7
SCHED-TRACE 16862 4906 P 70 3f3c58106
SCHED-TRACE 16863 4907 P 70 3f50224dd
SCHED-TRACE 16864 4907 I 67 2d7ea2
SCHED-TRACE 16865 4907 B 67 f3
SCHED-TRACE 16866 4907 P 67 3f031fbe7
SCHED-TRACE 16867 4907 R 67 3f031fbe7
SCHED-TRACE 16868 4908 U 4 2d7fd7
SCHED-TRACE 16869 4908 V 4 2d8085
SCHED-TRACE 16870 4908 O 0 0
SCHED-TRACE 16871 4908 P 67 3f214b439
SCHED-TRACE 16872 4909 K 34 3eb39a9fb
SCHED-TRACE 16873 4909 P 67 3f3caf1a9
SCHED-TRACE 16874 4910 P 67 3f5076c8a
SCHED-TRACE 16875 4910 I 34 2d85bb
SCHED-TRACE 16876 4910 B 34 f0
SCHED-TRACE 16877 4910 P 34 3f03a9fbe
SCHED-TRACE 16878 4910 R 34 3f03a9fbe
SCHED-TRACE 16879 4911 U 4 2d86ed
SCHED-TRACE 16880 4911 V 4 2d879a
SCHED-TRACE 16881 4911 O 0 0
SCHED-TRACE 16882 4911 P 34 3f21a9fbe
SCHED-TRACE 16883 4912 K 37 3eb529fbe
SCHED-TRACE 16884 4912 P 34 3f3d10624
SCHED-TRACE 16885 4913 P 34 3f50d0624
SCHED-TRACE 16886 4913 I 37 2d8cd0
SCHED-TRACE 16887 4913 B 37 f5
SCHED-TRACE 16888 4913 P 37 3f054dd2f
SCHED-TRACE 16889 4913 R 37 3f054dd2f
SCHED-TRACE 16890 4914 U 4 2d8e04
SCHED-TRACE 16891 4914 V 4 2d8eb0
SCHED-TRACE 16892 4914 O 0 0
SCHED-TRACE 16893 4914 P 37 3f234b439
SCHED-TRACE 16894 4915 K 61 3eb779581
SCHED-TRACE 16895 4915 P 37 3f3eb9581
SCHED-TRACE 16896 4916 P 37 3f5281062
SCHED-TRACE 16897 4916 I 61 2d93e6
SCHED-TRACE 16898 4916 B 61 f5
SCHED-TRACE 16899 4916 P 61 3f077e76c
SCHED-TRACE 16900 4916 R 61 3f077e76c
SCHED-TRACE 16901 4917 U 4 2d951b
SCHED-TRACE 16902 4917 V 4 2d95c7
SCHED-TRACE 16903 4917 O 0 0
SCHED-TRACE 16904 4917 P 61 3f2588b43
SCHED-TRACE 16905 4918 K 58 3eb93be76
SCHED-TRACE 16906 4918 P 61 3f40f6c8b
SCHED-TRACE 16907 4919 P 61 3f54be76c
SCHED-TRACE 16908 4919 I 58 2d9afd
SCHED-TRACE 16909 4919 B 58 f4
SCHED-TRACE 16910 4919 P 58 3f094624d
SCHED-TRACE 16911 4919 R 58 3f094624d
SCHED-TRACE 16912 4920 U 4 2d9c33
SCHED-TRACE 16913 4920 V 4 2d9ce0
SCHED-TRACE 16914 4920 O 0 0
SCHED-TRACE 16915 4920 P 58 3f2779580
SCHED-TRACE 16916 4921 K 73 3ebaf2f1b
SCHED-TRACE 16917 4921 P 58 3f42dd2f1
SCHED-TRACE 16918 4922 P 58 3f56a24dc
SCHED-TRACE 16919 4922 I 73 2da216
SCHED-TRACE 16920 4922 B 73 f3
SCHED-TRACE 16921 4922 P 73 3f0b0f1aa
SCHED-TRACE 16922 4922 R 73 3f0b0f1aa
SCHED-TRACE 16923 4923 U 4 2da34b
SCHED-TRACE 16924 4923 V 4 2da3f8
SCHED-TRACE 16925 4923 O 0 0
SCHED-TRACE 16926 4923 P 73 3f292b439
SCHED-TRACE 16927 4924 K 52 3ebcaf1a9
SCHED-TRACE 16928 4924 P 73 3f44876c9
SCHED-TRACE 16929 4925 P 73 3f58424dd
SCHED-TRACE 16930 4925 I 52 2da92e
SCHED-TRACE 16931 4925 B 52 f4
SCHED-TRACE 16932 4925 P 52 3f0cd8105
SCHED-TRACE 16933 4925 R 52 3f0cd8105
SCHED-TRACE 16934 4926 U 4 2daa64
SCHED-TRACE 16935 4926 V 4 2dab11
SCHED-TRACE 16936 4926 O 0 0
SCHED-TRACE 16937 4926 P 52 3f2b224dc
SCHED-TRACE 16938 4927 K 46 3ebf03957
SCHED-TRACE 16939 4927 P 52 3f469a9fb
SCHED-TRACE 16940 4928 P 52 3f5a5d2f1
SCHED-TRACE 16941 4928 I 46 2db048
SCHED-TRACE 16942 4928 B 46 f5
SCHED-TRACE 16943 4928 P 46 3f0f1a9fb
SCHED-TRACE 16944 4928 R 46 3f0f1a9fb
SCHED-TRACE 16945 4929 U 4 2db17f
SCHED-TRACE 16946 4929 V 4 2db22c
SCHED-TRACE 16947 4929 O 0 0
SCHED-TRACE 16948 4929 P 46 3f2d5a9fb
SCHED-TRACE 16949 4930 K 49 3ebf64dd3
SCHED-TRACE 16950 4930 P 46 3f48cdd2e
SCHED-TRACE 16951 4931 P 46 3f5c98105
SCHED-TRACE 16952 4931 I 49 2db762
SCHED-TRACE 16953 4931 B 49 f6
SCHED-TRACE 16954 4931 P 49 3f0f69fbe
SCHED-TRACE 16955 4931 R 49 3f0f69fbe
SCHED-TRACE 16956 4932 U 4 2db898
SCHED-TRACE 16957 4932 V 4 2db944
SCHED-TRACE 16958 4932 O 0 0
SCHED-TRACE 16959 4932 P 49 3f2d92f1a
SCHED-TRACE 16960 4933 K 43 3ec04b439
SCHED-TRACE 16961 4933 P 49 3f48fe76c
SCHED-TRACE 16962 4934 P 49 3f5cc624d
SCHED-TRACE 16963 4934 I 43 2dbe7b
SCHED-TRACE 16964 4934 B 43 f2
SCHED-TRACE 16965 4934 P 43 3f105d2f1
SCHED-TRACE 16966 4934 R 43 3f105d2f1
SCHED-TRACE 16967 4935 U 4 2dbfb2
SCHED-TRACE 16968 4935 V 4 2dc05f
SCHED-TRACE 16969 4935 O 0 0
SCHED-TRACE 16970 4935 P 43 3f2eac8b4
SCHED-TRACE 16971 4936 K 40 3ec0ec8b3
SCHED-TRACE 16972 4936 P 43 3f4a12f1a
SCHED-TRACE 16973 4937 P 43 3f5dda9fc
SCHED-TRACE 16974 4937 I 40 2dc595
SCHED-TRACE 16975 4937 B 40 f2
SCHED-TRACE 16976 4937 P 40 3f10f6c8a
SCHED-TRACE 16977 4937 R 40 3f10f6c8a
SCHED-TRACE 16978 4938 U 4 2dc6c9
SCHED-TRACE 16979 4938 V 4 2dc771
SCHED-TRACE 16980 4938 O 0 0
SCHED-TRACE 16981 4938 P 40 3f2e83957
SCHED-TRACE 16982 4939 K 76 3ec3ffbe7
SCHED-TRACE 16983 4939 P 40 3f49a9fbe
SCHED-TRACE 16984 4940 P 40 3f5d52f1a
SCHED-TRACE 16985 4940 I 76 2dcca3
SCHED-TRACE 16986 4940 B 76 eb
SCHED-TRACE 16987 4940 P 76 3f1435810
SCHED-TRACE 16988 4940 R 76 3f1435810
SCHED-TRACE 16989 4941 U 4 2dcdd3
SCHED-TRACE 16990 4941 V 4 2dce7d
SCHED-TRACE 16991 4941 O 0 0
SCHED-TRACE 16992 4941 P 76 3f31c76c8
SCHED-TRACE 16993 4942 K 76 3f31c76c8
SCHED-TRACE 16994 4942 P 76 3f4ce8b43
SCHED-TRACE 16995 4943 I 76 2dd3b0
SCHED-TRACE 16996 4943 B 76 ea
SCHED-TRACE 16997 4943 P 76 3fb0cc8b4
SCHED-TRACE 16998 4943 R 76 3fb0cc8b4
SCHED-TRACE 16999 4944 U 4 2dd4e0
SCHED-TRACE 17000 4944 V 4 2dd58a
SCHED-TRACE 17001 4944 O 0 0
SCHED-TRACE 17002 4944 P 76 3fce68b43
SCHED-TRACE 17003 4945 K 64 3f4d1d2f1
SCHED-TRACE 17004 4945 P 76 3fe996c8b
SCHED-TRACE 17005 4946 P 76 3ffd3fbe7
SCHED-TRACE 17006 4946 I 64 2ddabe
SCHED-TRACE 17007 4946 B 64 ec
SCHED-TRACE 17008 4946 P 64 3f9d5fbe7
SCHED-TRACE 17009 4946 R 64 3f9d5fbe7
SCHED-TRACE 17010 4947 U 4 2ddbef
SCHED-TRACE 17011 4947 V 4 2ddc99
SCHED-TRACE 17012 4947 O 0 0
SCHED-TRACE 17013 4947 P 64 3fbb0dd2e
SCHED-TRACE 17014 4948 K 31 3f4dac8b4
SCHED-TRACE 17015 4948 P 64 3fd641061
SCHED-TRACE 17016 4949 P 64 3fe9ec8b3
SCHED-TRACE 17017 4949 I 31 2de1ce
SCHED-TRACE 17018 4949 B 31 eb
SCHED-TRACE 17019 4949 P 31 3f9df4395
SCHED-TRACE 17020 4949 R 31 3f9df4395
SCHED-TRACE 17021 4950 U 4 2de2fe
SCHED-TRACE 17022 4950 V 4 2de3a9
SCHED-TRACE 17023 4950 O 0 0
SCHED-TRACE 17024 4950 P 31 3fbb8dd2f
SCHED-TRACE 17025 4951 K 70 3f50224dd
SCHED-TRACE 17026 4951 P 31 3fd6cdd2f
SCHED-TRACE 17027 4952 P 31 3fea8624d
SCHED-TRACE 17028 4952 I 70 2de8dd
SCHED-TRACE 17029 4952 B 70 ef
SCHED-TRACE 17030 4952 P 70 3fa055810
SCHED-TRACE 17031 4952 R 70 3fa055810
SCHED-TRACE 17032 4953 U 4 2dea0f
SCHED-TRACE 17033 4953 V 4 2deaba
SCHED-TRACE 17034 4953 O 0 0
SCHED-TRACE 17035 4953 P 70 3fbe1a9fc
SCHED-TRACE 17036 4954 K 67 3f5076c8a
SCHED-TRACE 17037 4954 P 70 3fd958106
SCHED-TRACE 17038 4955 P 70 3fed10624
SCHED-TRACE 17039 4955 I 67 2defee
SCHED-TRACE 17040 4955 B 67 ee
SCHED-TRACE 17041 4955 P 67 3fa0a24dc
SCHED-TRACE 17042 4955 R 67 3fa0a24dc
SCHED-TRACE 17043 4956 U 4 2df120
SCHED-TRACE 17044 4956 V 4 2df1ca
SCHED-TRACE 17045 4956 O 0 0
SCHED-TRACE 17046 4956 P 67 3fbe676c8
SCHED-TRACE 17047 4957 K 34 3f50d0624
SCHED-TRACE 17048 4957 P 67 3fd9a4dd2
SCHED-TRACE 17049 4958 P 67 3fed58105
SCHED-TRACE 17050 4958 I 34 2df6ff
SCHED-TRACE 17051 4958 B 34 ee
SCHED-TRACE 17052 4958 P 34 3fa10dd2f
SCHED-TRACE 17053 4958 R 34 3fa10dd2f
SCHED-TRACE 17054 4959 U 4 2df82f
SCHED-TRACE 17055 4959 V 4 2df8d9
SCHED-TRACE 17056 4959 O 0 0
SCHED-TRACE 17057 4959 P 34 3fbea9fbe
SCHED-TRACE 17058 4960 K 37 3f5281062
SCHED-TRACE 17059 4960 P 34 3fd9e9fbe
SCHED-TRACE 17060 4961 P 34 3fed9a9fb
SCHED-TRACE 17061 4961 I 37 2dfe0e
SCHED-TRACE 17062 4961 B 37 ee
SCHED-TRACE 17063 4961 P 37 3fa2bbe77
SCHED-TRACE 17064 4961 R 37 3fa2bbe77
SCHED-TRACE 17065 4962 U 4 2dff3f
SCHED-TRACE 17066 4962 V 4 2dffe9
SCHED-TRACE 17067 4962 O 0 0
SCHED-TRACE 17068 4962 P 37 3fc05d2f1
SCHED-TRACE 17069 4963 K 61 3f54be76c
SCHED-TRACE 17070 4963 P 37 3fdb9fbe7
SCHED-TRACE 17071 4964 P 37 3fef58106
SCHED-TRACE 17072 4964 I 61 2e051e
SCHED-TRACE 17073 4964 B 61 ee
SCHED-TRACE 17074 4964 P 61 3fa4ef1aa
SCHED-TRACE 17075 4964 R 61 3fa4ef1aa
SCHED-TRACE 17076 4965 U 4 2e0651
SCHED-TRACE 17077 4965 V 4 2e06fb
SCHED-TRACE 17078 4965 O 0 0
SCHED-TRACE 17079 4965 P 61 3fc2b6c8b
SCHED-TRACE 17080 4966 K 58 3f56a24dc
SCHED-TRACE 17081 4966 P 61 3fdde76c8
SCHED-TRACE 17082 4967 P 61 3ff19d2f1
SCHED-TRACE 17083 4967 I 58 2e0c2f
SCHED-TRACE 17084 4967 B 58 ef
SCHED-TRACE 17085 4967 P 58 3fa6e4dd2
SCHED-TRACE 17086 4967 R 58 3fa6e4dd2
SCHED-TRACE 17087 4968 U 4 2e0d62
SCHED-TRACE 17088 4968 V 4 2e0e0d
SCHED-TRACE 17089 4968 O 0 0
SCHED-TRACE 17090 4968 P 58 3fc4c3957
SCHED-TRACE 17091 4969 K 73 3f58424dd
SCHED-TRACE 17092 4969 P 58 3fe003957
SCHED-TRACE 17093 4970 P 58 3ff3b4395
SCHED-TRACE 17094 4970 I 73 2e1341
SCHED-TRACE 17095 4970 B 73 f0
SCHED-TRACE 17096 4970 P 73 3fa875811
SCHED-TRACE 17097 4970 R 73 3fa875811
SCHED-TRACE 17098 4971 U 4 2e1473
SCHED-TRACE 17099 4971 V 4 2e151e
SCHED-TRACE 17100 4971 O 0 0
SCHED-TRACE 17101 4971 P 73 3fc644dd3
SCHED-TRACE 17102 4972 K 52 3f5a5d2f1
SCHED-TRACE 17103 4972 P 73 3fe189fbf
SCHED-TRACE 17104 4973 P 73 3ff53d2f2
SCHED-TRACE 17105 4973 I 52 2e1a53
SCHED-TRACE 17106 4973 B 52 ed
SCHED-TRACE 17107 4973 P 52 3faa8b438
SCHED-TRACE 17108 4973 R 52 3faa8b438
SCHED-TRACE 17109 4974 U 4 2e1b86
SCHED-TRACE 17110 4974 V 4 2e1c31
SCHED-TRACE 17111 4974 O 0 0
SCHED-TRACE 17112 4974 P 52 3fc871a9f
SCHED-TRACE 17113 4975 K 46 3f5c98105
SCHED-TRACE 17114 4975 P 52 3fe3b4395
SCHED-TRACE 17115 4976 P 52 3ff771a9f
SCHED-TRACE 17116 4976 I 46 2e2166
SCHED-TRACE 17117 4976 B 46 ed
SCHED-TRACE 17118 4976 P 46 3facc1061
SCHED-TRACE 17119 4976 R 46 3facc1061
SCHED-TRACE 17120 4977 U 4 2e229a
SCHED-TRACE 17121 4977 V 4 2e2345
SCHED-TRACE 17122 4977 O 0 0
SCHED-TRACE 17123 4977 P 46 3fcabbe76
SCHED-TRACE 17124 4978 K 49 3f5cc624d
SCHED-TRACE 17125 4978 P 46 3fe60624d
SCHED-TRACE 17126 4979 P 46 3ff9c3957
SCHED-TRACE 17127 4979 I 49 2e287a
SCHED-TRACE 17128 4979 B 49 f0
SCHED-TRACE 17129 4979 P 49 3facef1aa
SCHED-TRACE 17130 4979 R 49 3facef1aa
SCHED-TRACE 17131 4980 U 4 2e29ae
SCHED-TRACE 17132 4980 V 4 2e2a59
SCHED-TRACE 17133 4980 O 0 0
SCHED-TRACE 17134 4980 P 49 3fcae4dd3
SCHED-TRACE 17135 4981 K 40 3f5d52f1a
SCHED-TRACE 17136 4981 P 49 3fe629fbe
SCHED-TRACE 17137 4982 P 49 3ff9e76c8
SCHED-TRACE 17138 4982 I 40 2e2f8e
SCHED-TRACE 17139 4982 B 40 ef
SCHED-TRACE 17140 4982 P 40 3fad76c8a
SCHED-TRACE 17141 4982 R 40 3fad76c8a
SCHED-TRACE 17142 4983 U 4 2e30c2
SCHED-TRACE 17143 4983 V 4 2e316d
SCHED-TRACE 17144 4983 O 0 0
SCHED-TRACE 17145 4983 P 40 3fcb81061
SCHED-TRACE 17146 4984 K 43 3f5dda9fc
SCHED-TRACE 17147 4984 P 40 3fe6d0624
SCHED-TRACE 17148 4985 P 40 3ffa8b438
SCHED-TRACE 17149 4985 I 43 2e36a2
SCHED-TRACE 17150 4985 B 43 ef
SCHED-TRACE 17151 4985 P 43 3fadf9581
SCHED-TRACE 17152 4985 R 43 3fadf9581
SCHED-TRACE 17153 4986 U 4 2e37d6
SCHED-TRACE 17154 4986 V 4 2e3881
SCHED-TRACE 17155 4986 O 0 0
SCHED-TRACE 17156 4986 P 43 3fcbe9fbe
SCHED-TRACE 17157 4987 K 55 3f5ed2f1a
SCHED-TRACE 17158 4987 P 43 3fe731a9f
SCHED-TRACE 17159 4988 P 43 3ffaef1aa
SCHED-TRACE 17160 4988 I 55 2e3db6
SCHED-TRACE 17161 4988 B 55 ef
SCHED-TRACE 17162 4988 P 55 3faef9580
SCHED-TRACE 17163 4988 R 55 3faef9580
SCHED-TRACE 17164 4989 U 4 2e3ee9
SCHED-TRACE 17165 4989 V 4 2e3f94
SCHED-TRACE 17166 4989 O 0 0
SCHED-TRACE 17167 4989 P 55 3fccd2f1a
SCHED-TRACE 17168 4990 K 55 3fccd2f1a
SCHED-TRACE 17169 4990 P 55 3fe81fbe6
SCHED-TRACE 17170 4991 I 55 2e44c9
SCHED-TRACE 17171 4991 B 55 f0
SCHED-TRACE 17172 4991 P 55 404c0dd2e
SCHED-TRACE 17173 4991 R 55 404c0dd2e
SCHED-TRACE 17174 4992 U 4 2e45fd
SCHED-TRACE 17175 4992 V 4 2e46a8
SCHED-TRACE 17176 4992 O 0 0
SCHED-TRACE 17177 4992 P 55 406a0b438
SCHED-TRACE 17178 4993 K 64 3fe9ec8b3
SCHED-TRACE 17179 4993 P 55 40853be76
SCHED-TRACE 17180 4994 P 55 4098f1a9f
SCHED-TRACE 17181 4994 I 64 2e4bdc
SCHED-TRACE 17182 4994 B 64 f1
SCHED-TRACE 17183 4994 P 64 403a224dc
SCHED-TRACE 17184 4994 R 64 403a224dc
SCHED-TRACE 17185 4995 U 4 2e4d0f
SCHED-TRACE 17186 4995 V 4 2e4dba
SCHED-TRACE 17187 4995 O 0 0
SCHED-TRACE 17188 4995 P 64 405801061
SCHED-TRACE 17189 4996 K 31 3fea8624d
SCHED-TRACE 17190 4996 P 64 40734624d
SCHED-TRACE 17191 4997 P 64 4086f6c8a
SCHED-TRACE 17192 4997 I 31 2e52ee
SCHED-TRACE 17193 4997 B 31 f1
SCHED-TRACE 17194 4997 P 31 403aac8b4
SCHED-TRACE 17195 4997 R 31 403aac8b4
SCHED-TRACE 17196 4998 U 4 2e5420
SCHED-TRACE 17197 4998 V 4 2e54cb
SCHED-TRACE 17198 4998 O 0 0
SCHED-TRACE 17199 4998 P 31 405871a9f
SCHED-TRACE 17200 4999 K 70 3fed10624
SCHED-TRACE 17201 4999 P 31 4073c1062
SCHED-TRACE 17202 5000 P 31 408776c8b
SCHED-TRACE 17203 5000 I 70 2e5a00
SCHED-TRACE 17204 5000 B 70 ef
SCHED-TRACE 17205 5000 P 70 403d36c8b
SCHED-TRACE 17206 5000 R 70 403d36c8b
SCHED-TRACE 17207 5001 U 4 2e5b33
SCHED-TRACE 17208 5001 V 4 2e5bde
SCHED-TRACE 17209 5001 O 0 0
SCHED-TRACE 17210 5001 P 70 405b08b43
SCHED-TRACE 17211 5002 K 67 3fed58105
SCHED-TRACE 17212 5002 P 70 40764dd2f
SCHED-TRACE 17213 5003 P 70 408a0dd2f
SCHED-TRACE 17214 5003 I 67 2e6113
SCHED-TRACE 17215 5003 B 67 ec
SCHED-TRACE 17216 5003 P 67 403d83957
SCHED-TRACE 17217 5003 R 67 403d83957
SCHED-TRACE 17218 5004 U 4 2e6246
SCHED-TRACE 17219 5004 V 4 2e62f1
SCHED-TRACE 17220 5004 O 0 0
SCHED-TRACE 17221 5004 P 67 405b5a9fb
SCHED-TRACE 17222 5005 K 34 3fed9a9fb
SCHED-TRACE 17223 5005 P 67 4076a24dc
SCHED-TRACE 17224 5006 P 67 408a624dc
SCHED-TRACE 17225 5006 I 34 2e6826
SCHED-TRACE 17226 5006 B 34 ee
SCHED-TRACE 17227 5006 P 34 403dc624d
SCHED-TRACE 17228 5006 R 34 403dc624d
SCHED-TRACE 17229 5007 U 4 2e6957
SCHED-TRACE 17230 5007 V 4 2e6a02
SCHED-TRACE 17231 5007 O 0 0
SCHED-TRACE 17232 5007 P 34 405b92f1a
SCHED-TRACE 17233 5008 K 37 3fef58106
SCHED-TRACE 17234 5008 P 34 4076dfbe7
SCHED-TRACE 17235 5009 P 34 408a98106
SCHED-TRACE 17236 5009 I 37 2e6f37
SCHED-TRACE 17237 5009 B 37 f0
SCHED-TRACE 17238 5009 P 37 403f7be77
SCHED-TRACE 17239 5009 R 37 403f7be77
SCHED-TRACE 17240 5010 U 4 2e7069
SCHED-TRACE 17241 5010 V 4 2e7114
SCHED-TRACE 17242 5010 O 0 0
SCHED-TRACE 17243 5010 P 37 405d41062
SCHED-TRACE 17244 5011 K 61 3ff19d2f1
SCHED-TRACE 17245 5011 P 37 407895810
SCHED-TRACE 17246 5012 P 37 408c55810
SCHED-TRACE 17247 5012 I 61 2e7649
SCHED-TRACE 17248 5012 B 61 f1
SCHED-TRACE 17249 5012 P 61 4041bbe76
SCHED-TRACE 17250 5012 R 61 4041bbe76
SCHED-TRACE 17251 5013 U 4 2e777d
SCHED-TRACE 17252 5013 V 4 2e7827
SCHED-TRACE 17253 5013 O 0 0
SCHED-TRACE 17254 5013 P 61 405f8dd2f
SCHED-TRACE 17255 5014 K 58 3ff3b4395
SCHED-TRACE 17256 5014 P 61 407adfbe7
SCHED-TRACE 17257 5015 P 61 408e9fbe7
SCHED-TRACE 17258 5015 I 58 2e7d5c
SCHED-TRACE 17259 5015 B 58 f0
SCHED-TRACE 17260 5015 P 58 4043cdd2e
SCHED-TRACE 17261 5015 R 58 4043cdd2e
SCHED-TRACE 17262 5016 U 4 2e7e90
SCHED-TRACE 17263 5016 V 4 2e7f3b
SCHED-TRACE 17264 5016 O 0 0
SCHED-TRACE 17265 5016 P 58 4061c624d
SCHED-TRACE 17266 5017 K 73 3ff53d2f2
SCHED-TRACE 17267 5017 P 58 407d18105
SCHED-TRACE 17268 5018 P 58 4090d8105
SCHED-TRACE 17269 5018 I 73 2e8470
SCHED-TRACE 17270 5018 B 73 f0
SCHED-TRACE 17271 5018 P 73 404551aa0
SCHED-TRACE 17272 5018 R 73 404551aa0
SCHED-TRACE 17273 5019 U 4 2e85a3
SCHED-TRACE 17274 5019 V 4 2e864f
SCHED-TRACE 17275 5019 O 0 0
SCHED-TRACE 17276 5019 P 73 40633a9fc
SCHED-TRACE 17277 5020 K 52 3ff771a9f
SCHED-TRACE 17278 5020 P 73 407e78106
SCHED-TRACE 17279 5021 P 73 409238106
SCHED-TRACE 17280 5021 I 52 2e8b84
SCHED-TRACE 17281 5021 B 52 ef
SCHED-TRACE 17282 5021 P 52 404798105
SCHED-TRACE 17283 5021 R 52 404798105
SCHED-TRACE 17284 5022 U 4 2e8cb8
SCHED-TRACE 17285 5022 V 4 2e8d64
SCHED-TRACE 17286 5022 O 0 0
SCHED-TRACE 17287 5022 P 52 4065a4dd2
SCHED-TRACE 17288 5023 K 46 3ff9c3957
SCHED-TRACE 17289 5023 P 52 408103957
SCHED-TRACE 17290 5024 P 52 4094c1061
SCHED-TRACE 17291 5024 I 46 2e9299
SCHED-TRACE 17292 5024 B 46 f2
SCHED-TRACE 17293 5024 P 46 4049dfbe6
SCHED-TRACE 17294 5024 R 46 4049dfbe6
SCHED-TRACE 17295 5025 U 4 2e93ce
SCHED-TRACE 17296 5025 V 4 2e947a
SCHED-TRACE 17297 5025 O 0 0
SCHED-TRACE 17298 5025 P 46 4067f1a9f
SCHED-TRACE 17299 5026 K 49 3ff9e76c8
SCHED-TRACE 17300 5026 P 46 408348b43
SCHED-TRACE 17301 5027 P 46 40970dd2e
SCHED-TRACE 17302 5027 I 49 2e99af
SCHED-TRACE 17303 5027 B 49 f1
SCHED-TRACE 17304 5027 P 49 4049fe76c
SCHED-TRACE 17305 5027 R 49 4049fe76c
SCHED-TRACE 17306 5028 U 4 2e9ae4
SCHED-TRACE 17307 5028 V 4 2e9b8f
SCHED-TRACE 17308 5028 O 0 0
SCHED-TRACE 17309 5028 P 49 4067fbe76
SCHED-TRACE 17310 5029 K 40 3ffa8b438
SCHED-TRACE 17311 5029 P 49 408350624
SCHED-TRACE 17312 5030 P 49 409712f1a
SCHED-TRACE 17313 5030 I 40 2ea0c4
SCHED-TRACE 17314 5030 B 40 ee
SCHED-TRACE 17315 5030 P 40 404aa4dd2
SCHED-TRACE 17316 5030 R 40 404aa4dd2
SCHED-TRACE 17317 5031 U 4 2ea1f9
SCHED-TRACE 17318 5031 V 4 2ea2a4
SCHED-TRACE 17319 5031 O 0 0
SCHED-TRACE 17320 5031 P 40 4068c1061
SCHED-TRACE 17321 5032 K 43 3ffaef1aa
SCHED-TRACE 17322 5032 P 40 408412f1a
SCHED-TRACE 17323 5033 P 40 4097d580f
SCHED-TRACE 17324 5033 I 43 2ea7da
SCHED-TRACE 17325 5033 B 43 ef
SCHED-TRACE 17326 5033 P 43 404b0b439
SCHED-TRACE 17327 5033 R 43 404b0b439
SCHED-TRACE 17328 5034 U 4 2ea90e
SCHED-TRACE 17329 5034 V 4 2ea9b9
SCHED-TRACE 17330 5034 O 0 0
SCHED-TRACE 17331 5034 P 43 40691fbe7
SCHED-TRACE 17332 5035 K 76 3ffd3fbe7
SCHED-TRACE 17333 5035 P 43 408471a9f
SCHED-TRACE 17334 5036 P 43 409831a9f
SCHED-TRACE 17335 5036 I 76 2eaeef
SCHED-TRACE 17336 5036 B 76 f0
SCHED-TRACE 17337 5036 P 76 404d6b439
SCHED-TRACE 17338 5036 R 76 404d6b439
SCHED-TRACE 17339 5037 U 4 2eb021
SCHED-TRACE 17340 5037 V 4 2eb0cc
SCHED-TRACE 17341 5037 O 0 0
SCHED-TRACE 17342 5037 P 76 406b35810
SCHED-TRACE 17343 5038 K 76 406b35810
SCHED-TRACE 17344 5038 P 76 4086876c8
SCHED-TRACE 17345 5039 I 76 2eb601
SCHED-TRACE 17346 5039 B 76 f1
SCHED-TRACE 17347 5039 P 76 40ea6624d
SCHED-TRACE 17348 5039 R 76 40ea6624d
SCHED-TRACE 17349 5040 U 4 2eb733
SCHED-TRACE 17350 5040 V 4 2eb7de
SCHED-TRACE 17351 5040 O 0 0
SCHED-TRACE 17352 5040 P 76 41081e76c
SCHED-TRACE 17353 5041 K 64 4086f6c8a
SCHED-TRACE 17354 5041 P 76 412370624
SCHED-TRACE 17355 5042 P 76 413728b43
SCHED-TRACE 17356 5042 I 64 2ebd13
SCHED-TRACE 17357 5042 B 64 f1
SCHED-TRACE 17358 5042 P 64 40d7224dc
SCHED-TRACE 17359 5042 R 64 40d7224dc
SCHED-TRACE 17360 5043 U 4 2ebe46
SCHED-TRACE 17361 5043 V 4 2ebef2
SCHED-TRACE 17362 5043 O 0 0
SCHED-TRACE 17363 5043 P 64 40f50624d
SCHED-TRACE 17364 5044 K 31 408776c8b
SCHED-TRACE 17365 5044 P 64 411050624
SCHED-TRACE 17366 5045 P 64 412408b43
SCHED-TRACE 17367 5045 I 31 2ec426
SCHED-TRACE 17368 5045 B 31 f1
SCHED-TRACE 17369 5045 P 31 40d798106
SCHED-TRACE 17370 5045 R 31 40d798106
SCHED-TRACE 17371 5046 U 4 2ec558
SCHED-TRACE 17372 5046 V 4 2ec604
SCHED-TRACE 17373 5046 O 0 0
SCHED-TRACE 17374 5046 P 31 40f56f1a9
SCHED-TRACE 17375 5047 K 70 408a0dd2f
SCHED-TRACE 17376 5047 P 31 41109d2f1
SCHED-TRACE 17377 5048 P 31 41244b439
SCHED-TRACE 17378 5048 I 70 2ecb39
SCHED-TRACE 17379 5048 B 70 ef
SCHED-TRACE 17380 5048 P 70 40da52f1a
SCHED-TRACE 17381 5048 R 70 40da52f1a
SCHED-TRACE 17382 5049 U 4 2ecc6c
SCHED-TRACE 17383 5049 V 4 2ecd17
SCHED-TRACE 17384 5049 O 0 0
SCHED-TRACE 17385 5049 P 70 40f839581
SCHED-TRACE 17386 5050 K 67 408a624dc
SCHED-TRACE 17387 5050 P 70 41138dd2f
SCHED-TRACE 17388 5051 P 70 412748b43
SCHED-TRACE 17389 5051 I 67 2ed24c
SCHED-TRACE 17390 5051 B 67 f1
SCHED-TRACE 17391 5051 P 67 40da79580
SCHED-TRACE 17392 5051 R 67 40da79580
SCHED-TRACE 17393 5052 U 4 2ed37f
SCHED-TRACE 17394 5052 V 4 2ed42b
SCHED-TRACE 17395 5052 O 0 0
SCHED-TRACE 17396 5052 P 67 40f85a9fb
SCHED-TRACE 17397 5053 K 34 408a98106
SCHED-TRACE 17398 5053 P 67 4113af1a9
SCHED-TRACE 17399 5054 P 67 41276c8b3
SCHED-TRACE 17400 5054 I 34 2ed960
SCHED-TRACE 17401 5054 B 34 f1
SCHED-TRACE 17402 5054 P 34 40dab9580
SCHED-TRACE 17403 5054 R 34 40dab9580
SCHED-TRACE 17404 5055 U 4 2eda93
SCHED-TRACE 17405 5055 V 4 2edb3e
SCHED-TRACE 17406 5055 O 0 0
SCHED-TRACE 17407 5055 P 34 40f890624
SCHED-TRACE 17408 5056 K 37 408c55810
SCHED-TRACE 17409 5056 P 34 4113dd2f1
SCHED-TRACE 17410 5057 P 34 412795810
SCHED-TRACE 17411 5057 I 37 2ee073
SCHED-TRACE 17412 5057 B 37 ee
SCHED-TRACE 17413 5057 P 37 40dc76c8b
SCHED-TRACE 17414 5057 R 37 40dc76c8b
SCHED-TRACE 17415 5058 U 4 2ee1a5
SCHED-TRACE 17416 5058 V 4 2ee251
SCHED-TRACE 17417 5058 O 0 0
SCHED-TRACE 17418 5058 P 37 40fa48b43
SCHED-TRACE 17419 5059 K 61 408e9fbe7
SCHED-TRACE 17420 5059 P 37 411598106
SCHED-TRACE 17421 5060 P 37 412958106
SCHED-TRACE 17422 5060 I 61 2ee786
SCHED-TRACE 17423 5060 B 61 f0
SCHED-TRACE 17424 5060 P 61 40deb6c8b
SCHED-TRACE 17425 5060 R 61 40deb6c8b
SCHED-TRACE 17426 5061 U 4 2ee8b9
SCHED-TRACE 17427 5061 V 4 2ee964
SCHED-TRACE 17428 5061 O 0 0
SCHED-TRACE 17429 5061 P 61 40fcaf1aa
SCHED-TRACE 17430 5062 K 58 4090d8105
SCHED-TRACE 17431 5062 P 61 411801062
SCHED-TRACE 17432 5063 P 61 412bbbe76
SCHED-TRACE 17433 5063 I 58 2eee99
SCHED-TRACE 17434 5063 B 58 ef
SCHED-TRACE 17435 5063 P 58 40e0ec8b3
SCHED-TRACE 17436 5063 R 58 40e0ec8b3
SCHED-TRACE 17437 5064 U 4 2eefcd
SCHED-TRACE 17438 5064 V 4 2ef078
SCHED-TRACE 17439 5064 O 0 0
SCHED-TRACE 17440 5064 P 58 40fedd2f1
SCHED-TRACE 17441 5065 K 73 409238106
SCHED-TRACE 17442 5065 P 58 411a34395
SCHED-TRACE 17443 5066 P 58 412df1a9f
SCHED-TRACE 17444 5066 I 73 2ef5ae
SCHED-TRACE 17445 5066 B 73 f2
SCHED-TRACE 17446 5066 P 73 40e261062
SCHED-TRACE 17447 5066 R 73 40e261062
SCHED-TRACE 17448 5067 U 4 2ef6e1
SCHED-TRACE 17449 5067 V 4 2ef78c
SCHED-TRACE 17450 5067 O 0 0
SCHED-TRACE 17451 5067 P 73 41002dd2f
SCHED-TRACE 17452 5068 K 52 4094c1061
SCHED-TRACE 17453 5068 P 73 411b824dd
SCHED-TRACE 17454 5069 P 73 412f424dd
SCHED-TRACE 17455 5069 I 52 2efcc1
SCHED-TRACE 17456 5069 B 52 f1
SCHED-TRACE 17457 5069 P 52 40e4dd2f1
SCHED-TRACE 17458 5069 R 52 40e4dd2f1
SCHED-TRACE 17459 5070 U 4 2efdf6
SCHED-TRACE 17460 5070 V 4 2efea2
SCHED-TRACE 17461 5070 O 0 0
SCHED-TRACE 17462 5070 P 52 4102f4395
SCHED-TRACE 17463 5071 K 46 40970dd2e
SCHED-TRACE 17464 5071 P 52 411e41061
SCHED-TRACE 17465 5072 P 52 413203957
SCHED-TRACE 17466 5072 I 46 2f03d7
SCHED-TRACE 17467 5072 B 46 f0
SCHED-TRACE 17468 5072 P 46 40e72f1a9
SCHED-TRACE 17469 5072 R 46 40e72f1a9
SCHED-TRACE 17470 5073 U 4 2f050c
SCHED-TRACE 17471 5073 V 4 2f05b8
SCHED-TRACE 17472 5073 O 0 0
SCHED-TRACE 17473 5073 P 46 410550624
SCHED-TRACE 17474 5074 K 49 409712f1a
SCHED-TRACE 17475 5074 P 46 41208b438
SCHED-TRACE 17476 5075 P 46 413441061
SCHED-TRACE 17477 5075 I 49 2f0aed
SCHED-TRACE 17478 5075 B 49 f0
SCHED-TRACE 17479 5075 P 49 40e74b439
SCHED-TRACE 17480 5075 R 49 40e74b439
SCHED-TRACE 17481 5076 U 4 2f0c21
SCHED-TRACE 17482 5076 V 4 2f0ccd
SCHED-TRACE 17483 5076 O 0 0
SCHED-TRACE 17484 5076 P 49 410552f1a
SCHED-TRACE 17485 5077 K 40 4097d580f
SCHED-TRACE 17486 5077 P 49 4120a76c8
SCHED-TRACE 17487 5078 P 49 413464dd3
SCHED-TRACE 17488 5078 I 40 2f1202
SCHED-TRACE 17489 5078 B 40 f0
SCHED-TRACE 17490 5078 P 40 40e7f1a9f
SCHED-TRACE 17491 5078 R 40 40e7f1a9f
SCHED-TRACE 17492 5079 U 4 2f1337
SCHED-TRACE 17493 5079 V 4 2f13e3
SCHED-TRACE 17494 5079 O 0 0
SCHED-TRACE 17495 5079 P 40 41060b438
SCHED-TRACE 17496 5080 K 43 409831a9f
SCHED-TRACE 17497 5080 P 40 4121624dc
SCHED-TRACE 17498 5081 P 40 413524dd2
SCHED-TRACE 17499 5081 I 43 2f1918
SCHED-TRACE 17500 5081 B 43 f1
SCHED-TRACE 17501 5081 P 43 40e848b43
SCHED-TRACE 17502 5081 R 43 40e848b43
SCHED-TRACE 17503 5082 U 4 2f1a4d
SCHED-TRACE 17504 5082 V 4 2f1af9
SCHED-TRACE 17505 5082 O 0 0
SCHED-TRACE 17506 5082 P 43 41065d2f1
SCHED-TRACE 17507 5083 K 55 4098f1a9f
SCHED-TRACE 17508 5083 P 43 4121b1a9f
SCHED-TRACE 17509 5084 P 43 41356f1aa
SCHED-TRACE 17510 5084 I 55 2f202e
SCHED-TRACE 17511 5084 B 55 f2
SCHED-TRACE 17512 5084 P 55 40e91a9fb
SCHED-TRACE 17513 5084 R 55 40e91a9fb
SCHED-TRACE 17514 5085 U 4 2f2162
SCHED-TRACE 17515 5085 V 4 2f220d
SCHED-TRACE 17516 5085 O 0 0
SCHED-TRACE 17517 5085 P 55 41071fbe6
SCHED-TRACE 17518 5086 K 55 41071fbe6
SCHED-TRACE 17519 5086 P 55 41226f1a9
SCHED-TRACE 17520 5087 I 55 2f2743
SCHED-TRACE 17521 5087 B 55 f0
SCHED-TRACE 17522 5087 P 55 418652f1a
SCHED-TRACE 17523 5087 R 55 418652f1a
SCHED-TRACE 17524 5088 U 4 2f2876
SCHED-TRACE 17525 5088 V 4 2f2922
SCHED-TRACE 17526 5088 O 0 0
SCHED-TRACE 17527 5088 P 55 41a458105
SCHED-TRACE 17528 5089 K 64 412408b43
SCHED-TRACE 17529 5089 P 55 41bfa4dd2
SCHED-TRACE 17530 5090 P 55 41d35d2f1
SCHED-TRACE 17531 5090 I 64 2f2e57
SCHED-TRACE 17532 5090 B 64 ed
SCHED-TRACE 17533 5090 P 64 4174276c8
SCHED-TRACE 17534 5090 R 64 4174276c8
SCHED-TRACE 17535 5091 U 4 2f2f8a
SCHED-TRACE 17536 5091 V 4 2f3035
SCHED-TRACE 17537 5091 O 0 0
SCHED-TRACE 17538 5091 P 64 419203957
SCHED-TRACE 17539 5092 K 31 41244b439
SCHED-TRACE 17540 5092 P 64 41ad5a9fb
SCHED-TRACE 17541 5093 P 64 41c115810
SCHED-TRACE 17542 5093 I 31 2f356a
SCHED-TRACE 17543 5093 B 31 f2
SCHED-TRACE 17544 5093 P 31 4174624dd
SCHED-TRACE 17545 5093 R 31 4174624dd
SCHED-TRACE 17546 5094 U 4 2f369d
SCHED-TRACE 17547 5094 V 4 2f3749
SCHED-TRACE 17548 5094 O 0 0
SCHED-TRACE 17549 5094 P 31 41923e76c
SCHED-TRACE 17550 5095 K 70 412748b43
SCHED-TRACE 17551 5095 P 31 41ad90624
SCHED-TRACE 17552 5096 P 31 41c150624
SCHED-TRACE 17553 5096 I 70 2f3c7d
SCHED-TRACE 17554 5096 B 70 f1
SCHED-TRACE 17555 5096 P 70 417755810
SCHED-TRACE 17556 5096 R 70 417755810
SCHED-TRACE 17557 5097 U 4 2f3db1
SCHED-TRACE 17558 5097 V 4 2f3e5d
SCHED-TRACE 17559 5097 O 0 0
SCHED-TRACE 17560 5097 P 70 41954dd2f
SCHED-TRACE 17561 5098 K 67 41276c8b3
SCHED-TRACE 17562 5098 P 70 41b09d2f1
SCHED-TRACE 17563 5099 P 70 41c4624dd
SCHED-TRACE 17564 5099 I 67 2f4392
SCHED-TRACE 17565 5099 B 67 f1
SCHED-TRACE 17566 5099 P 67 41777be76
SCHED-TRACE 17567 5099 R 67 41777be76
SCHED-TRACE 17568 5100 U 4 2f44c6
SCHED-TRACE 17569 5100 V 4 2f4572
SCHED-TRACE 17570 5100 O 0 0
SCHED-TRACE 17571 5100 P 67 41957be76
SCHED-TRACE 17572 5101 K 34 412795810
SCHED-TRACE 17573 5101 P 67 41b0da9fb
SCHED-TRACE 17574 5102 P 67 41c48b439
SCHED-TRACE 17575 5102 I 34 2f4aa7
SCHED-TRACE 17576 5102 B 34 f1
SCHED-TRACE 17577 5102 P 34 4177b1a9f
SCHED-TRACE 17578 5102 R 34 4177b1a9f
SCHED-TRACE 17579 5103 U 4 2f4bda
SCHED-TRACE 17580 5103 V 4 2f4c85
SCHED-TRACE 17581 5103 O 0 0
SCHED-TRACE 17582 5103 P 34 41958624d
SCHED-TRACE 17583 5104 K 37 412958106
SCHED-TRACE 17584 5104 P 34 41b0da9fb
SCHED-TRACE 17585 5105 P 34 41c498106
SCHED-TRACE 17586 5105 I 37 2f51ba
SCHED-TRACE 17587 5105 B 37 f1
SCHED-TRACE 17588 5105 P 37 41796c8b4
SCHED-TRACE 17589 5105 R 37 41796c8b4
SCHED-TRACE 17590 5106 U 4 2f52ed
SCHED-TRACE 17591 5106 V 4 2f5398
SCHED-TRACE 17592 5106 O 0 0
SCHED-TRACE 17593 5106 P 37 41974624e
SCHED-TRACE 17594 5107 K 61 412bbbe76
SCHED-TRACE 17595 5107 P 37 41b2a24dd
SCHED-TRACE 17596 5108 P 37 41c664dd3
SCHED-TRACE 17597 5108 I 61 2f58ce
SCHED-TRACE 17598 5108 B 61 f2
SCHED-TRACE 17599 5108 P 61 417bdfbe7
SCHED-TRACE 17600 5108 R 61 417bdfbe7
SCHED-TRACE 17601 5109 U 4 2f5a02
SCHED-TRACE 17602 5109 V 4 2f5aae
SCHED-TRACE 17603 5109 O 0 0
SCHED-TRACE 17604 5109 P 61 4199e4dd3
SCHED-TRACE 17605 5110 K 58 412df1a9f
SCHED-TRACE 17606 5110 P 61 41b53be76
SCHED-TRACE 17607 5111 P 61 41c8fbe76
SCHED-TRACE 17608 5111 I 58 2f5fe3
SCHED-TRACE 17609 5111 B 58 f3
SCHED-TRACE 17610 5111 P 58 417e08b43
SCHED-TRACE 17611 5111 R 58 417e08b43
SCHED-TRACE 17612 5112 U 4 2f6117
SCHED-TRACE 17613 5112 V 4 2f61c2
SCHED-TRACE 17614 5112 O 0 0
SCHED-TRACE 17615 5112 P 58 419bfbe76
SCHED-TRACE 17616 5113 K 73 412f424dd
SCHED-TRACE 17617 5113 P 58 41b74b439
SCHED-TRACE 17618 5114 P 58 41cb0624d
SCHED-TRACE 17619 5114 I 73 2f66f7
SCHED-TRACE 17620 5114 B 73 ef
SCHED-TRACE 17621 5114 P 73 417f5e76d
SCHED-TRACE 17622 5114 R 73 417f5e76d
SCHED-TRACE 17623 5115 U 4 2f6829
SCHED-TRACE 17624 5115 V 4 2f68d3
SCHED-TRACE 17625 5115 O 0 0
SCHED-TRACE 17626 5115 P 73 419d28b44
SCHED-TRACE 17627 5116 K 52 413203957
SCHED-TRACE 17628 5116 P 73 41b878106
SCHED-TRACE 17629 5117 P 73 41cc32f1b
SCHED-TRACE 17630 5117 I 52 2f6e09
SCHED-TRACE 17631 5117 B 52 ee
SCHED-TRACE 17632 5117 P 52 418229fbe
SCHED-TRACE 17633 5117 R 52 418229fbe
SCHED-TRACE 17634 5118 U 4 2f6f3d
SCHED-TRACE 17635 5118 V 4 2f6fe8
SCHED-TRACE 17636 5118 O 0 0
SCHED-TRACE 17637 5118 P 52 41a01fbe6
SCHED-TRACE 17638 5119 K 46 413441061
SCHED-TRACE 17639 5119 P 52 41bb74395
SCHED-TRACE 17640 5120 P 52 41cf34395
SCHED-TRACE 17641 5120 I 46 2f751d
SCHED-TRACE 17642 5120 B 46 ef
SCHED-TRACE 17643 5120 P 46 41844dd2e
SCHED-TRACE 17644 5120 R 46 41844dd2e
SCHED-TRACE 17645 5121 U 4 2f7652
SCHED-TRACE 17646 5121 V 4 2f76fe
SCHED-TRACE 17647 5121 O 0 0
SCHED-TRACE 17648 5121 P 46 41a25fbe6
SCHED-TRACE 17649 5122 K 49 413464dd3
SCHED-TRACE 17650 5122 P 46 41bda9fbd
SCHED-TRACE 17651 5123 P 46 41d1676c8
SCHED-TRACE 17652 5123 I 49 2f7c32
SCHED-TRACE 17653 5123 B 49 f1
SCHED-TRACE 17654 5123 P 49 41847e76c
SCHED-TRACE 17655 5123 R 49 41847e76c
SCHED-TRACE 17656 5124 U 4 2f7d67
SCHED-TRACE 17657 5124 V 4 2f7e13
SCHED-TRACE 17658 5124 O 0 0
SCHED-TRACE 17659 5124 P 49 41a29a9fb
SCHED-TRACE 17660 5125 K 40 413524dd2
SCHED-TRACE 17661 5125 P 49 41bdec8b4
SCHED-TRACE 17662 5126 P 49 41d1a76c8
SCHED-TRACE 17663 5126 I 40 2f8348
SCHED-TRACE 17664 5126 B 40 f1
SCHED-TRACE 17665 5126 P 40 41854624d
SCHED-TRACE 17666 5126 R 40 41854624d
SCHED-TRACE 17667 5127 U 4 2f847d
SCHED-TRACE 17668 5127 V 4 2f852a
SCHED-TRACE 17669 5127 O 0 0
SCHED-TRACE 17670 5127 P 40 41a379580
SCHED-TRACE 17671 5128 K 43 41356f1aa
SCHED-TRACE 17672 5128 P 40 41bed580f
SCHED-TRACE 17673 5129 P 40 41d288b43
SCHED-TRACE 17674 5129 I 43 2f8a5f
SCHED-TRACE 17675 5129 B 43 f1
SCHED-TRACE 17676 5129 P 43 41858b439
SCHED-TRACE 17677 5129 R 43 41858b439
SCHED-TRACE 17678 5130 U 4 2f8b94
SCHED-TRACE 17679 5130 V 4 2f8c3f
SCHED-TRACE 17680 5130 O 0 0
SCHED-TRACE 17681 5130 P 43 41a398106
SCHED-TRACE 17682 5131 K 76 413728b43
SCHED-TRACE 17683 5131 P 43 41beef1aa
SCHED-TRACE 17684 5132 P 43 41d2ac8b4
SCHED-TRACE 17685 5132 I 76 2f9175
SCHED-TRACE 17686 5132 B 76 f1
SCHED-TRACE 17687 5132 P 76 418751a9f
SCHED-TRACE 17688 5132 R 76 418751a9f
SCHED-TRACE 17689 5133 U 4 2f92a8
SCHED-TRACE 17690 5133 V 4 2f9354
SCHED-TRACE 17691 5133 O 0 0
SCHED-TRACE 17692 5133 P 76 41a53fbe7
SCHED-TRACE 17693 5134 K 76 41a53fbe7
SCHED-TRACE 17694 5134 P 76 41c09e76c
SCHED-TRACE 17695 5135 I 76 2f9889
SCHED-TRACE 17696 5135 B 76 f1
SCHED-TRACE 17697 5135 P 76 422468b43
SCHED-TRACE 17698 5135 R 76 422468b43
SCHED-TRACE 17699 5136 U 4 2f99bc
SCHED-TRACE 17700 5136 V 4 2f9a68
SCHED-TRACE 17701 5136 O 0 0
SCHED-TRACE 17702 5136 P 76 424251a9f
SCHED-TRACE 17703 5137 K 64 41c115810
SCHED-TRACE 17704 5137 P 76 425da624d
SCHED-TRACE 17705 5138 P 76 42716624d
SCHED-TRACE 17706 5138 I 64 2f9f9e
SCHED-TRACE 17707 5138 B 64 f2
SCHED-TRACE 17708 5138 P 64 42113e76c
SCHED-TRACE 17709 5138 R 64 42113e76c
SCHED-TRACE 17710 5139 U 4 2fa0d1
SCHED-TRACE 17711 5139 V 4 2fa17d
SCHED-TRACE 17712 5139 O 0 0
SCHED-TRACE 17713 5139 P 64 422f39580
SCHED-TRACE 17714 5140 K 31 41c150624
SCHED-TRACE 17715 5140 P 64 424a95810
SCHED-TRACE 17716 5141 P 64 425e4dd2e
SCHED-TRACE 17717 5141 I 31 2fa6b3
SCHED-TRACE 17718 5141 B 31 f2
SCHED-TRACE 17719 5141 P 31 42117be76
SCHED-TRACE 17720 5141 R 31 42117be76
SCHED-TRACE 17721 5142 U 4 2fa7e6
SCHED-TRACE 17722 5142 V 4 2fa891
SCHED-TRACE 17723 5142 O 0 0
SCHED-TRACE 17724 5142 P 31 422f3e76c
SCHED-TRACE 17725 5143 K 70 41c4624dd
SCHED-TRACE 17726 5143 P 31 424a90624
SCHED-TRACE 17727 5144 P 31 425e52f1a
SCHED-TRACE 17728 5144 I 70 2fadc7
SCHED-TRACE 17729 5144 B 70 ee
SCHED-TRACE 17730 5144 P 70 421483958
SCHED-TRACE 17731 5144 R 70 421483958
SCHED-TRACE 17732 5145 U 4 2faefa
SCHED-TRACE 17733 5145 V 4 2fafa5
SCHED-TRACE 17734 5145 O 0 0
SCHED-TRACE 17735 5145 P 70 42325fbe7
SCHED-TRACE 17736 5146 K 67 41c48b439
SCHED-TRACE 17737 5146 P 70 424db6c8b
SCHED-TRACE 17738 5147 P 70 426179581
SCHED-TRACE 17739 5147 I 67 2fb4db
SCHED-TRACE 17740 5147 B 67 f0
SCHED-TRACE 17741 5147 P 67 4214ac8b3
SCHED-TRACE 17742 5147 R 67 4214ac8b3
SCHED-TRACE 17743 5148 U 4 2fb60f
SCHED-TRACE 17744 5148 V 4 2fb6bb
SCHED-TRACE 17745 5148 O 0 0
SCHED-TRACE 17746 5148 P 67 4232b1a9f
SCHED-TRACE 17747 5149 K 34 41c498106
SCHED-TRACE 17748 5149 P 67 424e01061
SCHED-TRACE 17749 5150 P 67 4261c1061
SCHED-TRACE 17750 5150 I 34 2fbbf0
SCHED-TRACE 17751 5150 B 34 f2
SCHED-TRACE 17752 5150 P 34 4214b4395
SCHED-TRACE 17753 5150 R 34 4214b4395
SCHED-TRACE 17754 5151 U 4 2fbd23
SCHED-TRACE 17755 5151 V 4 2fbdcf
SCHED-TRACE 17756 5151 O 0 0
SCHED-TRACE 17757 5151 P 34 42329fbe7
SCHED-TRACE 17758 5152 K 37 41c664dd3
SCHED-TRACE 17759 5152 P 34 424df4395
SCHED-TRACE 17760 5153 P 34 4261ac8b4
SCHED-TRACE 17761 5153 I 37 2fc304
SCHED-TRACE 17762 5153 B 37 f3
SCHED-TRACE 17763 5153 P 37 421683958
SCHED-TRACE 17764 5153 R 37 421683958
SCHED-TRACE 17765 5154 U 4 2fc437
SCHED-TRACE 17766 5154 V 4 2fc4e3
SCHED-TRACE 17767 5154 O 0 0
SCHED-TRACE 17768 5154 P 37 42346c8b4
SCHED-TRACE 17769 5155 K 61 41c8fbe76
SCHED-TRACE 17770 5155 P 37 424fc8b43
SCHED-TRACE 17771 5156 P 37 426376c8b
SCHED-TRACE 17772 5156 I 61 2fca19
SCHED-TRACE 17773 5156 B 61 f1
SCHED-TRACE 17774 5156 P 61 42192c8b4
SCHED-TRACE 17775 5156 R 61 42192c8b4
SCHED-TRACE 17776 5157 U 4 2fcb4d
SCHED-TRACE 17777 5157 V 4 2fcbf8
SCHED-TRACE 17778 5157 O 0 0
SCHED-TRACE 17779 5157 P 61 423718106
SCHED-TRACE 17780 5158 K 58 41cb0624d
SCHED-TRACE 17781 5158 P 61 42526f1aa
SCHED-TRACE 17782 5159 P 61 42662c8b4
SCHED-TRACE 17783 5159 I 58 2fd12d
SCHED-TRACE 17784 5159 B 58 f1
SCHED-TRACE 17785 5159 P 58 421b1fbe7
SCHED-TRACE 17786 5159 R 58 421b1fbe7
SCHED-TRACE 17787 5160 U 4 2fd261
SCHED-TRACE 17788 5160 V 4 2fd30d
SCHED-TRACE 17789 5160 O 0 0
SCHED-TRACE 17790 5160 P 58 42391a9fb
SCHED-TRACE 17791 5161 K 73 41cc32f1b
SCHED-TRACE 17792 5161 P 58 42546c8b3
SCHED-TRACE 17793 5162 P 58 4268276c8
SCHED-TRACE 17794 5162 I 73 2fd842
SCHED-TRACE 17795 5162 B 73 f0
SCHED-TRACE 17796 5162 P 73 421c54396
SCHED-TRACE 17797 5162 R 73 421c54396
SCHED-TRACE 17798 5163 U 4 2fd975
SCHED-TRACE 17799 5163 V 4 2fda20
SCHED-TRACE 17800 5163 O 0 0
SCHED-TRACE 17801 5163 P 73 423a476c9
SCHED-TRACE 17802 5164 K 52 41cf34395
SCHED-TRACE 17803 5164 P 73 42559e76d
SCHED-TRACE 17804 5165 P 73 42695e76d
SCHED-TRACE 17805 5165 I 52 2fdf56
SCHED-TRACE 17806 5165 B 52 f2
SCHED-TRACE 17807 5165 P 52 421f52f1a
SCHED-TRACE 17808 5165 R 52 421f52f1a
SCHED-TRACE 17809 5166 U 4 2fe08b
SCHED-TRACE 17810 5166 V 4 2fe137
SCHED-TRACE 17811 5166 O 0 0
SCHED-TRACE 17812 5166 P 52 423d76c8a
SCHED-TRACE 17813 5167 K 46 41d1676c8
SCHED-TRACE 17814 5167 P 52 4258d580f
SCHED-TRACE 17815 5168 P 52 426c98105
SCHED-TRACE 17816 5168 I 46 2fe66c
SCHED-TRACE 17817 5168 B 46 f2
SCHED-TRACE 17818 5168 P 46 422171a9f
SCHED-TRACE 17819 5168 R 46 422171a9f
SCHED-TRACE 17820 5169 U 4 2fe7a1
SCHED-TRACE 17821 5169 V 4 2fe84c
SCHED-TRACE 17822 5169 O 0 0
SCHED-TRACE 17823 5169 P 46 423f624dc
SCHED-TRACE 17824 5170 K 49 41d1a76c8
SCHED-TRACE 17825 5170 P 46 425ab6c8a
SCHED-TRACE 17826 5171 P 46 426e79580
SCHED-TRACE 17827 5171 I 49 2fed81
SCHED-TRACE 17828 5171 B 49 f0
SCHED-TRACE 17829 5171 P 49 4221bbe76
SCHED-TRACE 17830 5171 R 49 4221bbe76
SCHED-TRACE 17831 5172 U 4 2feeb6
SCHED-TRACE 17832 5172 V 4 2fef62
SCHED-TRACE 17833 5172 O 0 0
SCHED-TRACE 17834 5172 P 49 423fd5810
SCHED-TRACE 17835 5173 K 40 41d288b43
SCHED-TRACE 17836 5173 P 49 425b31a9f
SCHED-TRACE 17837 5174 P 49 426ef6c8b
SCHED-TRACE 17838 5174 I 40 2ff497
SCHED-TRACE 17839 5174 B 40 f0
SCHED-TRACE 17840 5174 P 40 42229580f
SCHED-TRACE 17841 5174 R 40 42229580f
SCHED-TRACE 17842 5175 U 4 2ff5cd
SCHED-TRACE 17843 5175 V 4 2ff679
SCHED-TRACE 17844 5175 O 0 0
SCHED-TRACE 17845 5175 P 40 4240c624d
SCHED-TRACE 17846 5176 K 43 41d2ac8b4
SCHED-TRACE 17847 5176 P 40 425c12f1a
SCHED-TRACE 17848 5177 P 40 426fd580f
SCHED-TRACE 17849 5177 I 43 2ffbae
SCHED-TRACE 17850 5177 B 43 f1
SCHED-TRACE 17851 5177 P 43 4222c624e
SCHED-TRACE 17852 5177 R 43 4222c624e
SCHED-TRACE 17853 5178 U 4 2ffce3
SCHED-TRACE 17854 5178 V 4 2ffd8f
SCHED-TRACE 17855 5178 O 0 0
SCHED-TRACE 17856 5178 P 43 4240ec8b4
SCHED-TRACE 17857 5179 K 55 41d35d2f1
SCHED-TRACE 17858 5179 P 43 425c48b43
SCHED-TRACE 17859 5180 P 43 427003958
SCHED-TRACE 17860 5180 I 55 3002c5
SCHED-TRACE 17861 5180 B 55 f2
SCHED-TRACE 17862 5180 P 55 422381061
SCHED-TRACE 17863 5180 R 55 422381061
SCHED-TRACE 17864 5181 U 4 3003fa
SCHED-TRACE 17865 5181 V 4 3004a6
SCHED-TRACE 17866 5181 O 0 0
SCHED-TRACE 17867 5181 P 55 424198105
SCHED-TRACE 17868 5182 K 55 424198105
SCHED-TRACE 17869 5182 P 55 425cf6c8a
SCHED-TRACE 17870 5183 I 55 3009db
SCHED-TRACE 17871 5183 B 55 f2
SCHED-TRACE 17872 5183 P 55 42c0c624d
SCHED-TRACE 17873 5183 R 55 42c0c624d
SCHED-TRACE 17874 5184 U 4 300b0f
SCHED-TRACE 17875 5184 V 4 300bbb
SCHED-TRACE 17876 5184 O 0 0
SCHED-TRACE 17877 5184 P 55 42dec3957
SCHED-TRACE 17878 5185 K 64 425e4dd2e
SCHED-TRACE 17879 5185 P 55 42fa1d2f1
SCHED-TRACE 17880 5186 P 55 430dda9fb
SCHED-TRACE 17881 5186 I 64 3010f0
SCHED-TRACE 17882 5186 B 64 f2
SCHED-TRACE 17883 5186 P 64 42ae676c8
SCHED-TRACE 17884 5186 R 64 42ae676c8
SCHED-TRACE 17885 5187 U 4 301224
SCHED-TRACE 17886 5187 V 4 3012d0
SCHED-TRACE 17887 5187 O 0 0
SCHED-TRACE 17888 5187 P 64 42cc5d2f1
SCHED-TRACE 17889 5188 K 31 425e52f1a
SCHED-TRACE 17890 5188 P 64 42e7b1a9f
SCHED-TRACE 17891 5189 P 64 42fb6c8b3
SCHED-TRACE 17892 5189 I 31 301805
SCHED-TRACE 17893 5189 B 31 f1
SCHED-TRACE 17894 5189 P 31 42ae76c8b
SCHED-TRACE 17895 5189 R 31 42ae76c8b
SCHED-TRACE 17896 5190 U 4 301937
SCHED-TRACE 17897 5190 V 4 3019e3
SCHED-TRACE 17898 5190 O 0 0
SCHED-TRACE 17899 5190 P 31 42cc5a9fb
SCHED-TRACE 17900 5191 K 70 426179581
SCHED-TRACE 17901 5191 P 31 42e7b4395
SCHED-TRACE 17902 5192 P 31 42fb74395
SCHED-TRACE 17903 5192 I 70 301f19
SCHED-TRACE 17904 5192 B 70 f2
SCHED-TRACE 17905 5192 P 70 42b19fbe7
SCHED-TRACE 17906 5192 R 70 42b19fbe7
SCHED-TRACE 17907 5193 U 4 30204c
SCHED-TRACE 17908 5193 V 4 3020f8
SCHED-TRACE 17909 5193 O 0 0
SCHED-TRACE 17910 5193 P 70 42cf92f1a
SCHED-TRACE 17911 5194 K 34 4261ac8b4
SCHED-TRACE 17912 5194 P 70 42eaf1a9f
SCHED-TRACE 17913 5195 P 70 42feaf1aa
SCHED-TRACE 17914 5195 I 34 30262e
SCHED-TRACE 17915 5195 B 34 f3
SCHED-TRACE 17916 5195 P 34 42b1d5810
SCHED-TRACE 17917 5195 R 34 42b1d5810
SCHED-TRACE 17918 5196 U 4 302761
SCHED-TRACE 17919 5196 V 4 30280c
SCHED-TRACE 17920 5196 O 0 0
SCHED-TRACE 17921 5196 P 34 42cf92f1a
SCHED-TRACE 17922 5197 K 67 4261c1061
SCHED-TRACE 17923 5197 P 34 42eadfbe7
SCHED-TRACE 17924 5198 P 34 42fe9d2f1
SCHED-TRACE 17925 5198 I 67 302d41
SCHED-TRACE 17926 5198 B 67 eb
SCHED-TRACE 17927 5198 P 67 42b1dd2f1
SCHED-TRACE 17928 5198 R 67 42b1dd2f1
SCHED-TRACE 17929 5199 U 4 302e74
SCHED-TRACE 17930 5199 V 4 302f20
SCHED-TRACE 17931 5199 O 0 0
SCHED-TRACE 17932 5199 P 67 42cfcb439
SCHED-TRACE 17933 5200 K 37 426376c8b
SCHED-TRACE 17934 5200 P 67 42eb18105
SCHED-TRACE 17935 5201 P 67 42fed5810
SCHED-TRACE 17936 5201 I 37 303455
SCHED-TRACE 17937 5201 B 37 f0
SCHED-TRACE 17938 5201 P 37 42b39a9fc
SCHED-TRACE 17939 5201 R 37 42b39a9fc
SCHED-TRACE 17940 5202 U 4 303588
SCHED-TRACE 17941 5202 V 4 303634
SCHED-TRACE 17942 5202 O 0 0
SCHED-TRACE 17943 5202 P 37 42d188b43
SCHED-TRACE 17944 5203 K 61 42662c8b4
SCHED-TRACE 17945 5203 P 37 42ecd2f1a
SCHED-TRACE 17946 5204 P 37 430090625
SCHED-TRACE 17947 5204 I 61 303b6a
SCHED-TRACE 17948 5204 B 61 ef
SCHED-TRACE 17949 5204 P 61 42b65a9fb
SCHED-TRACE 17950 5204 R 61 42b65a9fb
SCHED-TRACE 17951 5205 U 4 303c9e
SCHED-TRACE 17952 5205 V 4 303d4a
SCHED-TRACE 17953 5205 O 0 0
SCHED-TRACE 17954 5205 P 61 42d471a9f
SCHED-TRACE 17955 5206 K 58 4268276c8
SCHED-TRACE 17956 5206 P 61 42efd5810
SCHED-TRACE 17957 5207 P 61 430392f1a
SCHED-TRACE 17958 5207 I 58 304280
SCHED-TRACE 17959 5207 B 58 f2
SCHED-TRACE 17960 5207 P 58 42b839580
SCHED-TRACE 17961 5207 R 58 42b839580
SCHED-TRACE 17962 5208 U 4 3043b5
SCHED-TRACE 17963 5208 V 4 304461
SCHED-TRACE 17964 5208 O 0 0
SCHED-TRACE 17965 5208 P 58 42d64624d
SCHED-TRACE 17966 5209 K 73 42695e76d
SCHED-TRACE 17967 5209 P 58 42f1a4dd2
SCHED-TRACE 17968 5210 P 58 430569fbe
SCHED-TRACE 17969 5210 I 73 304997
SCHED-TRACE 17970 5210 B 73 f2
SCHED-TRACE 17971 5210 P 73 42b975811
SCHED-TRACE 17972 5210 R 73 42b975811
SCHED-TRACE 17973 5211 U 4 304aca
SCHED-TRACE 17974 5211 V 4 304b76
SCHED-TRACE 17975 5211 O 0 0
SCHED-TRACE 17976 5211 P 73 42d754396
SCHED-TRACE 17977 5212 K 52 426c98105
SCHED-TRACE 17978 5212 P 73 42f2add2f
SCHED-TRACE 17979 5213 P 73 43066dd2f
SCHED-TRACE 17980 5213 I 52 3050ab
SCHED-TRACE 17981 5213 B 52 f1
SCHED-TRACE 17982 5213 P 52 42bcb1a9f
SCHED-TRACE 17983 5213 R 52 42bcb1a9f
SCHED-TRACE 17984 5214 U 4 3051e0
SCHED-TRACE 17985 5214 V 4 30528c
SCHED-TRACE 17986 5214 O 0 0
SCHED-TRACE 17987 5214 P 52 42dad0624
SCHED-TRACE 17988 5215 K 46 426e79580
SCHED-TRACE 17989 5215 P 52 42f6276c8
SCHED-TRACE 17990 5216 P 52 4309e9fbe
SCHED-TRACE 17991 5216 I 46 3057c2
SCHED-TRACE 17992 5216 B 46 f1
SCHED-TRACE 17993 5216 P 46 42be98105
SCHED-TRACE 17994 5216 R 46 42be98105
SCHED-TRACE 17995 5217 U 4 3058f6
SCHED-TRACE 17996 5217 V 4 3059a2
SCHED-TRACE 17997 5217 O 0 0
SCHED-TRACE 17998 5217 P 46 42dcb4395
SCHED-TRACE 17999 5218 K 49 426ef6c8b
SCHED-TRACE 18000 5218 P 46 42f80dd2e
SCHED-TRACE 18001 5219 P 46 430bcb438
SCHED-TRACE 18002 5219 I 49 305ed8
SCHED-TRACE 18003 5219 B 49 f2
SCHED-TRACE 18004 5219 P 49 42bf1d2f1
SCHED-TRACE 18005 5219 R 49 42bf1d2f1
SCHED-TRACE 18006 5220 U 4 30600d
SCHED-TRACE 18007 5220 V 4 3060b9
SCHED-TRACE 18008 5220 O 0 0
SCHED-TRACE 18009 5220 P 49 42dd36c8b
SCHED-TRACE 18010 5221 K 40 426fd580f
SCHED-TRACE 18011 5221 P 49 42f895810
SCHED-TRACE 18012 5222 P 49 430c55810
SCHED-TRACE 18013 5222 I 40 3065ee
SCHED-TRACE 18014 5222 B 40 f2
SCHED-TRACE 18015 5222 P 40 42bfe76c8
SCHED-TRACE 18016 5222 R 40 42bfe76c8
SCHED-TRACE 18017 5223 U 4 306723
SCHED-TRACE 18018 5223 V 4 3067cf
SCHED-TRACE 18019 5223 O 0 0
SCHED-TRACE 18020 5223 P 40 42dde76c8
SCHED-TRACE 18021 5224 K 43 427003958
SCHED-TRACE 18022 5224 P 40 42f943957
SCHED-TRACE 18023 5225 P 40 430d03957
SCHED-TRACE 18024 5225 I 43 306d03
SCHED-TRACE 18025 5225 B 43 f3
SCHED-TRACE 18026 5225 P 43 42c015810
SCHED-TRACE 18027 5225 R 43 42c015810
SCHED-TRACE 18028 5226 U 4 306e38
SCHED-TRACE 18029 5226 V 4 306ee4
SCHED-TRACE 18030 5226 O 0 0
SCHED-TRACE 18031 5226 P 43 42de276c8
SCHED-TRACE 18032 5227 K 76 42716624d
SCHED-TRACE 18033 5227 P 43 42f976c8b
SCHED-TRACE 18034 5228 P 43 430d34395
SCHED-TRACE 18035 5228 I 76 307419
SCHED-TRACE 18036 5228 B 76 f1
SCHED-TRACE 18037 5228 P 76 42c184dd3
SCHED-TRACE 18038 5228 R 76 42c184dd3
SCHED-TRACE 18039 5229 U 4 30754c
SCHED-TRACE 18040 5229 V 4 3075f8
SCHED-TRACE 18041 5229 O 0 0
SCHED-TRACE 18042 5229 P 76 42df75810
SCHED-TRACE 18043 5230 K 76 42df75810
SCHED-TRACE 18044 5230 P 76 42fabd2f1
SCHED-TRACE 18045 5231 I 76 307b2d
SCHED-TRACE 18046 5231 B 76 ee
SCHED-TRACE 18047 5231 P 76 435e91a9f
SCHED-TRACE 18048 5231 R 76 435e91a9f
SCHED-TRACE 18049 5232 U 4 307c60
SCHED-TRACE 18050 5232 V 4 307d0c
SCHED-TRACE 18051 5232 O 0 0
SCHED-TRACE 18052 5232 P 76 437c7d2f1
SCHED-TRACE 18053 5233 K 64 42fb6c8b3
SCHED-TRACE 18054 5233 P 76 4397dbe76
SCHED-TRACE 18055 5234 P 76 43ab94395
SCHED-TRACE 18056 5234 I 64 308241
SCHED-TRACE 18057 5234 B 64 f2
SCHED-TRACE 18058 5234 P 64 434b81061
SCHED-TRACE 18059 5234 R 64 434b81061
SCHED-TRACE 18060 5235 U 4 308375
SCHED-TRACE 18061 5235 V 4 308421
SCHED-TRACE 18062 5235 O 0 0
SCHED-TRACE 18063 5235 P 64 436981061
SCHED-TRACE 18064 5236 K 31 42fb74395
SCHED-TRACE 18065 5236 P 64 4384dfbe7
SCHED-TRACE 18066 5237 P 64 43989d2f1
SCHED-TRACE 18067 5237 I 31 308957
SCHED-TRACE 18068 5237 B 31 f3
SCHED-TRACE 18069 5237 P 31 434b92f1a
SCHED-TRACE 18070 5237 R 31 434b92f1a
SCHED-TRACE 18071 5238 U 4 308a8a
SCHED-TRACE 18072 5238 V 4 308b36
SCHED-TRACE 18073 5238 O 0 0
SCHED-TRACE 18074 5238 P 31 436974395
SCHED-TRACE 18075 5239 K 34 42fe9d2f1
SCHED-TRACE 18076 5239 P 31 4384d0624
SCHED-TRACE 18077 5240 P 31 439890624
SCHED-TRACE 18078 5240 I 34 30906b
SCHED-TRACE 18079 5240 B 34 f2
SCHED-TRACE 18080 5240 P 34 434eac8b4
SCHED-TRACE 18081 5240 R 34 434eac8b4
SCHED-TRACE 18082 5241 U 4 30919e
SCHED-TRACE 18083 5241 V 4 30924a
SCHED-TRACE 18084 5241 O 0 0
SCHED-TRACE 18085 5241 P 34 436c9a9fb
SCHED-TRACE 18086 5242 K 70 42feaf1aa
SCHED-TRACE 18087 5242 P 34 4387f1a9f
SCHED-TRACE 18088 5243 P 34 439bb4395
SCHED-TRACE 18089 5243 I 70 309780
SCHED-TRACE 18090 5243 B 70 f1
SCHED-TRACE 18091 5243 P 70 434ec624d
SCHED-TRACE 18092 5243 R 70 434ec624d
SCHED-TRACE 18093 5244 U 4 3098b3
SCHED-TRACE 18094 5244 V 4 30995f
SCHED-TRACE 18095 5244 O 0 0
SCHED-TRACE 18096 5244 P 70 436cc624d
SCHED-TRACE 18097 5245 K 67 42fed5810
SCHED-TRACE 18098 5245 P 70 4388276c8
SCHED-TRACE 18099 5246 P 70 439be4dd3
SCHED-TRACE 18100 5246 I 67 309e95
SCHED-TRACE 18101 5246 B 67 f2
SCHED-TRACE 18102 5246 P 67 434ef4395
SCHED-TRACE 18103 5246 R 67 434ef4395
SCHED-TRACE 18104 5247 U 4 309fc9
SCHED-TRACE 18105 5247 V 4 30a075
SCHED-TRACE 18106 5247 O 0 0
SCHED-TRACE 18107 5247 P 67 436ce76c8
SCHED-TRACE 18108 5248 K 37 430090625
SCHED-TRACE 18109 5248 P 67 43884624d
SCHED-TRACE 18110 5249 P 67 439c08b43
SCHED-TRACE 18111 5249 I 37 30a5ab
SCHED-TRACE 18112 5249 B 37 f2
SCHED-TRACE 18113 5249 P 37 4350af1aa
SCHED-TRACE 18114 5249 R 37 4350af1aa
SCHED-TRACE 18115 5250 U 4 30a6de
SCHED-TRACE 18116 5250 V 4 30a789
SCHED-TRACE 18117 5250 O 0 0
SCHED-TRACE 18118 5250 P 37 436e74395
SCHED-TRACE 18119 5251 K 61 430392f1a
SCHED-TRACE 18120 5251 P 37 4389d5810
SCHED-TRACE 18121 5252 P 37 439d98106
SCHED-TRACE 18122 5252 I 61 30acbe
SCHED-TRACE 18123 5252 B 61 f3
SCHED-TRACE 18124 5252 P 61 4353a24dd
SCHED-TRACE 18125 5252 R 61 4353a24dd
SCHED-TRACE 18126 5253 U 4 30adf3
SCHED-TRACE 18127 5253 V 4 30ae9f
SCHED-TRACE 18128 5253 O 0 0
SCHED-TRACE 18129 5253 P 61 4371b1a9f
SCHED-TRACE 18130 5254 K 58 430569fbe
SCHED-TRACE 18131 5254 P 61 438d03958
SCHED-TRACE 18132 5255 P 61 43a0c3958
SCHED-TRACE 18133 5255 I 58 30b3d4
SCHED-TRACE 18134 5255 B 58 f1
SCHED-TRACE 18135 5255 P 58 435581062
SCHED-TRACE 18136 5255 R 58 435581062
SCHED-TRACE 18137 5256 U 4 30b508
SCHED-TRACE 18138 5256 V 4 30b5b4
SCHED-TRACE 18139 5256 O 0 0
SCHED-TRACE 18140 5256 P 58 437395810
SCHED-TRACE 18141 5257 K 73 43066dd2f
SCHED-TRACE 18142 5257 P 58 438ee24dc
SCHED-TRACE 18143 5258 P 58 43a29a9fb
SCHED-TRACE 18144 5258 I 73 30baea
SCHED-TRACE 18145 5258 B 73 f0
SCHED-TRACE 18146 5258 P 73 435696c8b
SCHED-TRACE 18147 5258 R 73 435696c8b
SCHED-TRACE 18148 5259 U 4 30bc1d
SCHED-TRACE 18149 5259 V 4 30bcc9
SCHED-TRACE 18150 5259 O 0 0
SCHED-TRACE 18151 5259 P 73 43748c8b4
SCHED-TRACE 18152 5260 K 52 4309e9fbe
SCHED-TRACE 18153 5260 P 73 438feb439
SCHED-TRACE 18154 5261 P 73 43a3ab439
SCHED-TRACE 18155 5261 I 52 30c1ff
SCHED-TRACE 18156 5261 B 52 f1
SCHED-TRACE 18157 5261 P 52 4359f9580
SCHED-TRACE 18158 5261 R 52 4359f9580
SCHED-TRACE 18159 5262 U 4 30c334
SCHED-TRACE 18160 5262 V 4 30c3e0
SCHED-TRACE 18161 5262 O 0 0
SCHED-TRACE 18162 5262 P 52 43781a9fb
SCHED-TRACE 18163 5263 K 46 430bcb438
SCHED-TRACE 18164 5263 P 52 439381061
SCHED-TRACE 18165 5264 P 52 43a74624d
SCHED-TRACE 18166 5264 I 46 30c916
SCHED-TRACE 18167 5264 B 46 f2
SCHED-TRACE 18168 5264 P 46 435bd2f1a
SCHED-TRACE 18169 5264 R 46 435bd2f1a
SCHED-TRACE 18170 5265 U 4 30ca4b
SCHED-TRACE 18171 5265 V 4 30caf7
SCHED-TRACE 18172 5265 O 0 0
SCHED-TRACE 18173 5265 P 46 4379e9fbd
SCHED-TRACE 18174 5266 K 49 430c55810
SCHED-TRACE 18175 5266 P 46 43953e76c
SCHED-TRACE 18176 5267 P 46 43a8fe76c
SCHED-TRACE 18177 5267 I 49 30d02c
SCHED-TRACE 18178 5267 B 49 f2
SCHED-TRACE 18179 5267 P 49 435c71a9f
SCHED-TRACE 18180 5267 R 49 435c71a9f
SCHED-TRACE 18181 5268 U 4 30d161
SCHED-TRACE 18182 5268 V 4 30d20d
SCHED-TRACE 18183 5268 O 0 0
SCHED-TRACE 18184 5268 P 49 437a8dd2f
SCHED-TRACE 18185 5269 K 40 430d03957
SCHED-TRACE 18186 5269 P 49 4395e4dd3
SCHED-TRACE 18187 5270 P 49 43a9a4dd3
SCHED-TRACE 18188 5270 I 40 30d742
SCHED-TRACE 18189 5270 B 40 f1
SCHED-TRACE 18190 5270 P 40 435d1d2f1
SCHED-TRACE 18191 5270 R 40 435d1d2f1
SCHED-TRACE 18192 5271 U 4 30d877
SCHED-TRACE 18193 5271 V 4 30d923
SCHED-TRACE 18194 5271 O 0 0
SCHED-TRACE 18195 5271 P 40 437b4b438
SCHED-TRACE 18196 5272 K 43 430d34395
SCHED-TRACE 18197 5272 P 40 4396a9fbe
SCHED-TRACE 18198 5273 P 40 43aa64dd2
SCHED-TRACE 18199 5273 I 43 30de58
SCHED-TRACE 18200 5273 B 43 f2
SCHED-TRACE 18201 5273 P 43 435d43958
SCHED-TRACE 18202 5273 R 43 435d43958
SCHED-TRACE 18203 5274 U 4 30df8d
SCHED-TRACE 18204 5274 V 4 30e039
SCHED-TRACE 18205 5274 O 0 0
SCHED-TRACE 18206 5274 P 43 437b55810
SCHED-TRACE 18207 5275 K 55 430dda9fb
SCHED-TRACE 18208 5275 P 43 4396b4395
SCHED-TRACE 18209 5276 P 43 43aa71a9f
SCHED-TRACE 18210 5276 I 55 30e56e
SCHED-TRACE 18211 5276 B 55 f3
SCHED-TRACE 18212 5276 P 55 435def1a9
SCHED-TRACE 18213 5276 R 55 435def1a9
SCHED-TRACE 18214 5277 U 4 30e6a3
SCHED-TRACE 18215 5277 V 4 30e74f
SCHED-TRACE 18216 5277 O 0 0
SCHED-TRACE 18217 5277 P 55 437bf9580
SCHED-TRACE 18218 5278 K 55 437bf9580
SCHED-TRACE 18219 5278 P 55 439750624
SCHED-TRACE 18220 5279 I 55 30ec84
SCHED-TRACE 18221 5279 B 55 f3
SCHED-TRACE 18222 5279 P 55 43fb34394
SCHED-TRACE 18223 5279 R 55 43fb34394
SCHED-TRACE 18224 5280 U 4 30edb9
SCHED-TRACE 18225 5280 V 4 30ee65
SCHED-TRACE 18226 5280 O 0 0
SCHED-TRACE 18227 5280 P 55 441948b43
SCHED-TRACE 18228 5281 K 31 439890624
SCHED-TRACE 18229 5281 P 55 44349a9fb
SCHED-TRACE 18230 5282 P 55 44485580f
SCHED-TRACE 18231 5282 I 31 30f39b
SCHED-TRACE 18232 5282 B 31 f2
SCHED-TRACE 18233 5282 P 31 43e8bbe76
SCHED-TRACE 18234 5282 R 31 43e8bbe76
SCHED-TRACE 18235 5283 U 4 30f4ce
SCHED-TRACE 18236 5283 V 4 30f57a
SCHED-TRACE 18237 5283 O 0 0
SCHED-TRACE 18238 5283 P 31 4406a76c8
SCHED-TRACE 18239 5284 K 64 43989d2f1
SCHED-TRACE 18240 5284 P 31 4421ec8b4
SCHED-TRACE 18241 5285 P 31 4435a76c8
SCHED-TRACE 18242 5285 I 64 30fab0
SCHED-TRACE 18243 5285 B 64 ea
SCHED-TRACE 18244 5285 P 64 43e8c8b43
SCHED-TRACE 18245 5285 R 64 43e8c8b43
SCHED-TRACE 18246 5286 U 4 30fbe4
SCHED-TRACE 18247 5286 V 4 30fc8f
SCHED-TRACE 18248 5286 O 0 0
SCHED-TRACE 18249 5286 P 64 4406bbe76
SCHED-TRACE 18250 5287 K 34 439bb4395
SCHED-TRACE 18251 5287 P 64 442218105
SCHED-TRACE 18252 5288 P 64 4435da9fb
SCHED-TRACE 18253 5288 I 34 3101c5
SCHED-TRACE 18254 5288 B 34 f0
SCHED-TRACE 18255 5288 P 34 43ebcb439
SCHED-TRACE 18256 5288 R 34 43ebcb439
SCHED-TRACE 18257 5289 U 4 3102f8
SCHED-TRACE 18258 5289 V 4 3103a4
SCHED-TRACE 18259 5289 O 0 0
SCHED-TRACE 18260 5289 P 34 4409b1a9f
SCHED-TRACE 18261 5290 K 70 439be4dd3
SCHED-TRACE 18262 5290 P 34 442512f1a
SCHED-TRACE 18263 5291 P 34 4438d5810
SCHED-TRACE 18264 5291 I 70 3108da
SCHED-TRACE 18265 5291 B 70 f2
SCHED-TRACE 18266 5291 P 70 43ec01062
SCHED-TRACE 18267 5291 R 70 43ec01062
SCHED-TRACE 18268 5292 U 4 310a0e
SCHED-TRACE 18269 5292 V 4 310aba
SCHED-TRACE 18270 5292 O 0 0
SCHED-TRACE 18271 5292 P 70 4409fe76c
SCHED-TRACE 18272 5293 K 67 439c08b43
SCHED-TRACE 18273 5293 P 70 442555810
SCHED-TRACE 18274 5294 P 70 443915810
SCHED-TRACE 18275 5294 I 67 310fef
SCHED-TRACE 18276 5294 B 67 f2
SCHED-TRACE 18277 5294 P 67 43ec1d2f1
SCHED-TRACE 18278 5294 R 67 43ec1d2f1
SCHED-TRACE 18279 5295 U 4 311122
SCHED-TRACE 18280 5295 V 4 3111ce
SCHED-TRACE 18281 5295 O 0 0
SCHED-TRACE 18282 5295 P 67 440a18105
SCHED-TRACE 18283 5296 K 37 439d98106
SCHED-TRACE 18284 5296 P 67 44256f1a9
SCHED-TRACE 18285 5297 P 67 443929fbe
SCHED-TRACE 18286 5297 I 37 311704
SCHED-TRACE 18287 5297 B 37 f1
SCHED-TRACE 18288 5297 P 37 43edbbe77
SCHED-TRACE 18289 5297 R 37 43edbbe77
SCHED-TRACE 18290 5298 U 4 311836
SCHED-TRACE 18291 5298 V 4 3118e2
SCHED-TRACE 18292 5298 O 0 0
SCHED-TRACE 18293 5298 P 37 440b98106
SCHED-TRACE 18294 5299 K 61 43a0c3958
SCHED-TRACE 18295 5299 P 37 4426f4395
SCHED-TRACE 18296 5300 P 37 443ab6c8b
SCHED-TRACE 18297 5300 I 61 311e18
SCHED-TRACE 18298 5300 B 61 f2
SCHED-TRACE 18299 5300 P 61 43f0e9fbe
SCHED-TRACE 18300 5300 R 61 43f0e9fbe
SCHED-TRACE 18301 5301 U 4 311f4c
SCHED-TRACE 18302 5301 V 4 311ff8
SCHED-TRACE 18303 5301 O 0 0
SCHED-TRACE 18304 5301 P 61 440ee4dd3
SCHED-TRACE 18305 5302 K 58 43a29a9fb
SCHED-TRACE 18306 5302 P 61 442a43958
SCHED-TRACE 18307 5303 P 61 443e0624d
SCHED-TRACE 18308 5303 I 58 31252e
SCHED-TRACE 18309 5303 B 58 f1
SCHED-TRACE 18310 5303 P 58 43f2b9580
SCHED-TRACE 18311 5303 R 58 43f2b9580
SCHED-TRACE 18312 5304 U 4 312663
SCHED-TRACE 18313 5304 V 4 31270f
SCHED-TRACE 18314 5304 O 0 0
SCHED-TRACE 18315 5304 P 58 4410be76c
SCHED-TRACE 18316 5305 K 73 43a3ab439
SCHED-TRACE 18317 5305 P 58 442c0dd2e
SCHED-TRACE 18318 5306 P 58 443fcdd2e
SCHED-TRACE 18319 5306 I 73 312c44
SCHED-TRACE 18320 5306 B 73 f3
SCHED-TRACE 18321 5306 P 73 43f3dbe77
SCHED-TRACE 18322 5306 R 73 43f3dbe77
SCHED-TRACE 18323 5307 U 4 312d78
SCHED-TRACE 18324 5307 V 4 312e24
SCHED-TRACE 18325 5307 O 0 0
SCHED-TRACE 18326 5307 P 73 4411dbe77
SCHED-TRACE 18327 5308 K 52 43a74624d
SCHED-TRACE 18328 5308 P 73 442d32f1b
SCHED-TRACE 18329 5309 P 73 4440edd2f
SCHED-TRACE 18330 5309 I 52 31335a
SCHED-TRACE 18331 5309 B 52 f2
SCHED-TRACE 18332 5309 P 52 43f771a9f
SCHED-TRACE 18333 5309 R 52 43f771a9f
SCHED-TRACE 18334 5310 U 4 31348f
SCHED-TRACE 18335 5310 V 4 31353c
SCHED-TRACE 18336 5310 O 0 0
SCHED-TRACE 18337 5310 P 52 44159a9fb
SCHED-TRACE 18338 5311 K 46 43a8fe76c
SCHED-TRACE 18339 5311 P 52 4430f9580
SCHED-TRACE 18340 5312 P 52 4444b4395
SCHED-TRACE 18341 5312 I 46 313a71
SCHED-TRACE 18342 5312 B 46 f0
SCHED-TRACE 18343 5312 P 46 43f90dd2e
SCHED-TRACE 18344 5312 R 46 43f90dd2e
SCHED-TRACE 18345 5313 U 4 313ba7
SCHED-TRACE 18346 5313 V 4 313c52
SCHED-TRACE 18347 5313 O 0 0
SCHED-TRACE 18348 5313 P 46 441729fbd
SCHED-TRACE 18349 5314 K 49 43a9a4dd3
SCHED-TRACE 18350 5314 P 46 443288b43
SCHED-TRACE 18351 5315 P 46 44464dd2e
SCHED-TRACE 18352 5315 I 49 314188
SCHED-TRACE 18353 5315 B 49 f1
SCHED-TRACE 18354 5315 P 49 43f9b4395
SCHED-TRACE 18355 5315 R 49 43f9b4395
SCHED-TRACE 18356 5316 U 4 3142be
SCHED-TRACE 18357 5316 V 4 31436a
SCHED-TRACE 18358 5316 O 0 0
SCHED-TRACE 18359 5316 P 49 4417e4dd3
SCHED-TRACE 18360 5317 K 40 43aa64dd2
SCHED-TRACE 18361 5317 P 49 44334dd2f
SCHED-TRACE 18362 5318 P 49 444712f1a
SCHED-TRACE 18363 5318 I 40 3148a0
SCHED-TRACE 18364 5318 B 40 f2
SCHED-TRACE 18365 5318 P 40 43fa76c8a
SCHED-TRACE 18366 5318 R 40 43fa76c8a
SCHED-TRACE 18367 5319 U 4 3149d6
SCHED-TRACE 18368 5319 V 4 314a82
SCHED-TRACE 18369 5319 O 0 0
SCHED-TRACE 18370 5319 P 40 4418a4dd2
SCHED-TRACE 18371 5320 K 43 43aa71a9f
SCHED-TRACE 18372 5320 P 40 4433fe76c
SCHED-TRACE 18373 5321 P 40 4447be76c
SCHED-TRACE 18374 5321 I 43 314fb7
SCHED-TRACE 18375 5321 B 43 f3
SCHED-TRACE 18376 5321 P 43 43fa83958
SCHED-TRACE 18377 5321 R 43 43fa83958
SCHED-TRACE 18378 5322 U 4 3150ec
SCHED-TRACE 18379 5322 V 4 315198
SCHED-TRACE 18380 5322 O 0 0
SCHED-TRACE 18381 5322 P 43 4418ac8b4
SCHED-TRACE 18382 5323 K 76 43ab94395
SCHED-TRACE 18383 5323 P 43 44340b439
SCHED-TRACE 18384 5324 P 43 4447c624e
SCHED-TRACE 18385 5324 I 76 3156ce
SCHED-TRACE 18386 5324 B 76 f2
SCHED-TRACE 18387 5324 P 76 43fbba9fb
SCHED-TRACE 18388 5324 R 76 43fbba9fb
SCHED-TRACE 18389 5325 U 4 315800
SCHED-TRACE 18390 5325 V 4 3158ac
SCHED-TRACE 18391 5325 O 0 0
SCHED-TRACE 18392 5325 P 76 44199be76
SCHED-TRACE 18393 5326 K 76 44199be76
SCHED-TRACE 18394 5326 P 76 4434fa9fb
SCHED-TRACE 18395 5327 I 76 315de2
SCHED-TRACE 18396 5327 B 76 f2
SCHED-TRACE 18397 5327 P 76 4498de76c
SCHED-TRACE 18398 5327 R 76 4498de76c
SCHED-TRACE 18399 5328 U 4 315f15
SCHED-TRACE 18400 5328 V 4 315fc1
SCHED-TRACE 18401 5328 O 0 0
SCHED-TRACE 18402 5328 P 76 44b6bd2f1
SCHED-TRACE 18403 5329 K 31 4435a76c8
SCHED-TRACE 18404 5329 P 76 44d219581
SCHED-TRACE 18405 5330 P 76 44e5d4395
SCHED-TRACE 18406 5330 I 31 3164f6
SCHED-TRACE 18407 5330 B 31 f1
SCHED-TRACE 18408 5330 P 31 4485be76c
SCHED-TRACE 18409 5330 R 31 4485be76c
SCHED-TRACE 18410 5331 U 4 316629
SCHED-TRACE 18411 5331 V 4 3166d5
SCHED-TRACE 18412 5331 O 0 0
SCHED-TRACE 18413 5331 P 31 44a39d2f1
SCHED-TRACE 18414 5332 K 64 4435da9fb
SCHED-TRACE 18415 5332 P 31 44beec8b4
SCHED-TRACE 18416 5333 P 31 44d2af1a9
SCHED-TRACE 18417 5333 I 64 316c0a
SCHED-TRACE 18418 5333 B 64 f3
SCHED-TRACE 18419 5333 P 64 4485fbe76
SCHED-TRACE 18420 5333 R 64 4485fbe76
SCHED-TRACE 18421 5334 U 4 316d3e
SCHED-TRACE 18422 5334 V 4 316dea
SCHED-TRACE 18423 5334 O 0 0
SCHED-TRACE 18424 5334 P 64 44a40624d
SCHED-TRACE 18425 5335 K 34 4438d5810
SCHED-TRACE 18426 5335 P 64 44bf5d2f1
SCHED-TRACE 18427 5336 P 64 44d318105
SCHED-TRACE 18428 5336 I 34 317320
SCHED-TRACE 18429 5336 B 34 f3
SCHED-TRACE 18430 5336 P 34 4488fbe76
SCHED-TRACE 18431 5336 R 34 4488fbe76
SCHED-TRACE 18432 5337 U 4 317453
SCHED-TRACE 18433 5337 V 4 3174ff
SCHED-TRACE 18434 5337 O 0 0
SCHED-TRACE 18435 5337 P 34 44a6e9fbe
SCHED-TRACE 18436 5338 K 70 443915810
SCHED-TRACE 18437 5338 P 34 44c243958
SCHED-TRACE 18438 5339 P 34 44d5fe76c
SCHED-TRACE 18439 5339 I 70 317a35
SCHED-TRACE 18440 5339 B 70 ef
SCHED-TRACE 18441 5339 P 70 44892f1aa
SCHED-TRACE 18442 5339 R 70 44892f1aa
SCHED-TRACE 18443 5340 U 4 317b69
SCHED-TRACE 18444 5340 V 4 317c14
SCHED-TRACE 18445 5340 O 0 0
SCHED-TRACE 18446 5340 P 70 44a71fbe7
SCHED-TRACE 18447 5341 K 67 443929fbe
SCHED-TRACE 18448 5341 P 70 44c27e76c
SCHED-TRACE 18449 5342 P 70 44d63e76c
SCHED-TRACE 18450 5342 I 67 31814a
SCHED-TRACE 18451 5342 B 67 f1
SCHED-TRACE 18452 5342 P 67 448941061
SCHED-TRACE 18453 5342 R 67 448941061
SCHED-TRACE 18454 5343 U 4 31827e
SCHED-TRACE 18455 5343 V 4 31832b
SCHED-TRACE 18456 5343 O 0 0
SCHED-TRACE 18457 5343 P 67 44a74b439
SCHED-TRACE 18458 5344 K 37 443ab6c8b
SCHED-TRACE 18459 5344 P 67 44c2a76c8
SCHED-TRACE 18460 5345 P 67 44d669fbe
SCHED-TRACE 18461 5345 I 37 318860
SCHED-TRACE 18462 5345 B 37 f1
SCHED-TRACE 18463 5345 P 37 448ac624e
SCHED-TRACE 18464 5345 R 37 448ac624e
SCHED-TRACE 18465 5346 U 4 318992
SCHED-TRACE 18466 5346 V 4 318a3e
SCHED-TRACE 18467 5346 O 0 0
SCHED-TRACE 18468 5346 P 37 44a8b4395
SCHED-TRACE 18469 5347 K 61 443e0624d
SCHED-TRACE 18470 5347 P 37 44c412f1a
SCHED-TRACE 18471 5348 P 37 44d7d2f1a
SCHED-TRACE 18472 5348 I 61 318f74
SCHED-TRACE 18473 5348 B 61 f3
SCHED-TRACE 18474 5348 P 61 448e29fbe
SCHED-TRACE 18475 5348 R 61 448e29fbe
SCHED-TRACE 18476 5349 U 4 3190a8
SCHED-TRACE 18477 5349 V 4 319155
SCHED-TRACE 18478 5349 O 0 0
SCHED-TRACE 18479 5349 P 61 44ac43958
SCHED-TRACE 18480 5350 K 58 443fcdd2e
SCHED-TRACE 18481 5350 P 61 44c7a9fbe
SCHED-TRACE 18482 5351 P 61 44db676c8
SCHED-TRACE 18483 5351 I 58 31968b
SCHED-TRACE 18484 5351 B 58 f3
SCHED-TRACE 18485 5351 P 58 448ff4395
SCHED-TRACE 18486 5351 R 58 448ff4395
SCHED-TRACE 18487 5352 U 4 3197c0
SCHED-TRACE 18488 5352 V 4 31986b
SCHED-TRACE 18489 5352 O 0 0
SCHED-TRACE 18490 5352 P 58 44ade4dd2
SCHED-TRACE 18491 5353 K 73 4440edd2f
SCHED-TRACE 18492 5353 P 58 44c943957
SCHED-TRACE 18493 5354 P 58 44dd03957
SCHED-TRACE 18494 5354 I 73 319da1
SCHED-TRACE 18495 5354 B 73 f2
SCHED-TRACE 18496 5354 P 73 44910c8b4
SCHED-TRACE 18497 5354 R 73 44910c8b4
SCHED-TRACE 18498 5355 U 4 319ed5
SCHED-TRACE 18499 5355 V 4 319f81
SCHED-TRACE 18500 5355 O 0 0
SCHED-TRACE 18501 5355 P 73 44aef8106
SCHED-TRACE 18502 5356 K 52 4444b4395
SCHED-TRACE 18503 5356 P 73 44ca5be77
SCHED-TRACE 18504 5357 P 73 44de1e76d
SCHED-TRACE 18505 5357 I 52 31a4b6
SCHED-TRACE 18506 5357 B 52 f2
SCHED-TRACE 18507 5357 P 52 4494be76c
SCHED-TRACE 18508 5357 R 52 4494be76c
SCHED-TRACE 18509 5358 U 4 31a5ec
SCHED-TRACE 18510 5358 V 4 31a698
SCHED-TRACE 18511 5358 O 0 0
SCHED-TRACE 18512 5358 P 52 44b2f4395
SCHED-TRACE 18513 5359 K 46 44464dd2e
SCHED-TRACE 18514 5359 P 52 44ce4624d
SCHED-TRACE 18515 5360 P 52 44e20b438
SCHED-TRACE 18516 5360 I 46 31abce
SCHED-TRACE 18517 5360 B 46 f4
SCHED-TRACE 18518 5360 P 46 44966f1a9
SCHED-TRACE 18519 5360 R 46 44966f1a9
SCHED-TRACE 18520 5361 U 4 31ad03
SCHED-TRACE 18521 5361 V 4 31adb0
SCHED-TRACE 18522 5361 O 0 0
SCHED-TRACE 18523 5361 P 46 44b4a24dc
SCHED-TRACE 18524 5362 K 49 444712f1a
SCHED-TRACE 18525 5362 P 46 44cffbe76
SCHED-TRACE 18526 5363 P 46 44e3b9580
SCHED-TRACE 18527 5363 I 49 31b2e6
SCHED-TRACE 18528 5363 B 49 f3
SCHED-TRACE 18529 5363 P 49 44973be76
SCHED-TRACE 18530 5363 R 49 44973be76
SCHED-TRACE 18531 5364 U 4 31b41b
SCHED-TRACE 18532 5364 V 4 31b4c8
SCHED-TRACE 18533 5364 O 0 0
SCHED-TRACE 18534 5364 P 49 44b56c8b4
SCHED-TRACE 18535 5365 K 40 4447be76c
SCHED-TRACE 18536 5365 P 49 44d0cdd2f
SCHED-TRACE 18537 5366 P 49 44e48b439
SCHED-TRACE 18538 5366 I 40 31b9fe
SCHED-TRACE 18539 5366 B 40 f1
SCHED-TRACE 18540 5366 P 40 4497da9fb
SCHED-TRACE 18541 5366 R 40 4497da9fb
SCHED-TRACE 18542 5367 U 4 31bb34
SCHED-TRACE 18543 5367 V 4 31bbe0
SCHED-TRACE 18544 5367 O 0 0
SCHED-TRACE 18545 5367 P 40 44b60624d
SCHED-TRACE 18546 5368 K 43 4447c624e
SCHED-TRACE 18547 5368 P 40 44d1676c8
SCHED-TRACE 18548 5369 P 40 44e52c8b3
SCHED-TRACE 18549 5369 I 43 31c116
SCHED-TRACE 18550 5369 B 43 f2
SCHED-TRACE 18551 5369 P 43 4497e24dd
SCHED-TRACE 18552 5369 R 43 4497e24dd
SCHED-TRACE 18553 5370 U 4 31c24c
SCHED-TRACE 18554 5370 V 4 31c2f8
SCHED-TRACE 18555 5370 O 0 0
SCHED-TRACE 18556 5370 P 43 44b612f1a
SCHED-TRACE 18557 5371 K 55 44485580f
SCHED-TRACE 18558 5371 P 43 44d164dd3
SCHED-TRACE 18559 5372 P 43 44e524dd3
SCHED-TRACE 18560 5372 I 55 31c82e
SCHED-TRACE 18561 5372 B 55 ec
SCHED-TRACE 18562 5372 P 55 44986f1a9
SCHED-TRACE 18563 5372 R 55 44986f1a9
SCHED-TRACE 18564 5373 U 4 31c960
SCHED-TRACE 18565 5373 V 4 31ca0c
SCHED-TRACE 18566 5373 O 0 0
SCHED-TRACE 18567 5373 P 55 44b679580
SCHED-TRACE 18568 5374 K 55 44b679580
SCHED-TRACE 18569 5374 P 55 44d1d0624
SCHED-TRACE 18570 5375 I 55 31cf41
SCHED-TRACE 18571 5375 B 55 f3
SCHED-TRACE 18572 5375 P 55 4535ac8b3
SCHED-TRACE 18573 5375 R 55 4535ac8b3
SCHED-TRACE 18574 5376 U 4 31d075
SCHED-TRACE 18575 5376 V 4 31d121
SCHED-TRACE 18576 5376 O 0 0
SCHED-TRACE 18577 5376 P 55 4553be76b
SCHED-TRACE 18578 5377 K 31 44d2af1a9
SCHED-TRACE 18579 5377 P 55 456f1d2f1
SCHED-TRACE 18580 5378 P 55 4582d580f
SCHED-TRACE 18581 5378 I 31 31d657
SCHED-TRACE 18582 5378 B 31 f2
SCHED-TRACE 18583 5378 P 31 4522d0624
SCHED-TRACE 18584 5378 R 31 4522d0624
SCHED-TRACE 18585 5379 U 4 31d78a
SCHED-TRACE 18586 5379 V 4 31d835
SCHED-TRACE 18587 5379 O 0 0
SCHED-TRACE 18588 5379 P 31 454092f1a
SCHED-TRACE 18589 5380 K 64 44d318105
SCHED-TRACE 18590 5380 P 31 455bf1a9f
SCHED-TRACE 18591 5381 P 31 456fb4395
SCHED-TRACE 18592 5381 I 64 31dd6b
SCHED-TRACE 18593 5381 B 64 f2
SCHED-TRACE 18594 5381 P 64 452339580
SCHED-TRACE 18595 5381 R 64 452339580
SCHED-TRACE 18596 5382 U 4 31de9f
SCHED-TRACE 18597 5382 V 4 31df4c
SCHED-TRACE 18598 5382 O 0 0
SCHED-TRACE 18599 5382 P 64 454141061
SCHED-TRACE 18600 5383 K 34 44d5fe76c
SCHED-TRACE 18601 5383 P 64 455c9d2f1
SCHED-TRACE 18602 5384 P 64 45705d2f1
SCHED-TRACE 18603 5384 I 34 31e481
SCHED-TRACE 18604 5384 B 34 f2
SCHED-TRACE 18605 5384 P 34 45261a9fb
SCHED-TRACE 18606 5384 R 34 45261a9fb
SCHED-TRACE 18607 5385 U 4 31e5b5
SCHED-TRACE 18608 5385 V 4 31e661
SCHED-TRACE 18609 5385 O 0 0
SCHED-TRACE 18610 5385 P 34 45440dd2f
SCHED-TRACE 18611 5386 K 70 44d63e76c
SCHED-TRACE 18612 5386 P 34 455f5a9fb
SCHED-TRACE 18613 5387 P 34 45731a9fb
SCHED-TRACE 18614 5387 I 70 31eb97
SCHED-TRACE 18615 5387 B 70 f2
SCHED-TRACE 18616 5387 P 70 45266c8b4
SCHED-TRACE 18617 5387 R 70 45266c8b4
SCHED-TRACE 18618 5388 U 4 31eccb
SCHED-TRACE 18619 5388 V 4 31ed77
SCHED-TRACE 18620 5388 O 0 0
SCHED-TRACE 18621 5388 P 70 454471a9f
SCHED-TRACE 18622 5389 K 67 44d669fbe
SCHED-TRACE 18623 5389 P 70 455fd2f1a
SCHED-TRACE 18624 5390 P 70 45738dd2f
SCHED-TRACE 18625 5390 I 67 31f2ad
SCHED-TRACE 18626 5390 B 67 f3
SCHED-TRACE 18627 5390 P 67 452692f1a
SCHED-TRACE 18628 5390 R 67 452692f1a
SCHED-TRACE 18629 5391 U 4 31f3e1
SCHED-TRACE 18630 5391 V 4 31f48e
SCHED-TRACE 18631 5391 O 0 0
SCHED-TRACE 18632 5391 P 67 45449a9fb
SCHED-TRACE 18633 5392 K 37 44d7d2f1a
SCHED-TRACE 18634 5392 P 67 455ffe76c
SCHED-TRACE 18635 5393 P 67 4573c1061
SCHED-TRACE 18636 5393 I 37 31f9c4
SCHED-TRACE 18637 5393 B 37 f4
SCHED-TRACE 18638 5393 P 37 4527f4395
SCHED-TRACE 18639 5393 R 37 4527f4395
SCHED-TRACE 18640 5394 U 4 31faf7
SCHED-TRACE 18641 5394 V 4 31fba3
SCHED-TRACE 18642 5394 O 0 0
SCHED-TRACE 18643 5394 P 37 4545d5810
SCHED-TRACE 18644 5395 K 61 44db676c8
SCHED-TRACE 18645 5395 P 37 456134395
SCHED-TRACE 18646 5396 P 37 4574fbe77
SCHED-TRACE 18647 5396 I 61 3200d9
SCHED-TRACE 18648 5396 B 61 f0
SCHED-TRACE 18649 5396 P 61 452b79581
SCHED-TRACE 18650 5396 R 61 452b79581
SCHED-TRACE 18651 5397 U 4 32020e
SCHED-TRACE 18652 5397 V 4 3202ba
SCHED-TRACE 18653 5397 O 0 0
SCHED-TRACE 18654 5397 P 61 454995810
SCHED-TRACE 18655 5398 K 58 44dd03957
SCHED-TRACE 18656 5398 P 61 4564ec8b4
SCHED-TRACE 18657 5399 P 61 4578b1a9f
SCHED-TRACE 18658 5399 I 58 3207f0
SCHED-TRACE 18659 5399 B 58 f0
SCHED-TRACE 18660 5399 P 58 452d1a9fb
SCHED-TRACE 18661 5399 R 58 452d1a9fb
SCHED-TRACE 18662 5400 U 4 320923
SCHED-TRACE 18663 5400 V 4 3209cf
SCHED-TRACE 18664 5400 O 0 0
SCHED-TRACE 18665 5400 P 58 454b2c8b3
SCHED-TRACE 18666 5401 K 73 44de1e76d
SCHED-TRACE 18667 5401 P 58 456688b43
SCHED-TRACE 18668 5402 P 58 457a4624d
SCHED-TRACE 18669 5402 I 73 320f05
SCHED-TRACE 18670 5402 B 73 f3
SCHED-TRACE 18671 5402 P 73 452e424dd
SCHED-TRACE 18672 5402 R 73 452e424dd
SCHED-TRACE 18673 5403 U 4 321038
SCHED-TRACE 18674 5403 V 4 3210e4
SCHED-TRACE 18675 5403 O 0 0
SCHED-TRACE 18676 5403 P 73 454c30625
SCHED-TRACE 18677 5404 K 52 44e20b438
SCHED-TRACE 18678 5404 P 73 456791aa0
SCHED-TRACE 18679 5405 P 73 457b51aa0
SCHED-TRACE 18680 5405 I 52 32161a
SCHED-TRACE 18681 5405 B 52 f3
SCHED-TRACE 18682 5405 P 52 453229fbe
SCHED-TRACE 18683 5405 R 52 453229fbe
SCHED-TRACE 18684 5406 U 4 32174f
SCHED-TRACE 18685 5406 V 4 3217fb
SCHED-TRACE 18686 5406 O 0 0
SCHED-TRACE 18687 5406 P 52 45502c8b3
SCHED-TRACE 18688 5407 K 46 44e3b9580
SCHED-TRACE 18689 5407 P 52 456b8dd2e
SCHED-TRACE 18690 5408 P 52 457f50624
SCHED-TRACE 18691 5408 I 46 321d30
SCHED-TRACE 18692 5408 B 46 f3
SCHED-TRACE 18693 5408 P 46 4533d2f1a
SCHED-TRACE 18694 5408 R 46 4533d2f1a
SCHED-TRACE 18695 5409 U 4 321e66
SCHED-TRACE 18696 5409 V 4 321f12
SCHED-TRACE 18697 5409 O 0 0
SCHED-TRACE 18698 5409 P 46 4551f4395
SCHED-TRACE 18699 5410 K 49 44e48b439
SCHED-TRACE 18700 5410 P 46 456d4dd2e
SCHED-TRACE 18701 5411 P 46 45810dd2e
SCHED-TRACE 18702 5411 I 49 322447
SCHED-TRACE 18703 5411 B 49 f2
SCHED-TRACE 18704 5411 P 49 4534a24dd
SCHED-TRACE 18705 5411 R 49 4534a24dd
SCHED-TRACE 18706 5412 U 4 32257c
SCHED-TRACE 18707 5412 V 4 322629
SCHED-TRACE 18708 5412 O 0 0
SCHED-TRACE 18709 5412 P 49 4552d2f1a
SCHED-TRACE 18710 5413 K 43 44e524dd3
SCHED-TRACE 18711 5413 P 49 456e224dd
SCHED-TRACE 18712 5414 P 49 4581da9fb
SCHED-TRACE 18713 5414 I 43 322b5f
SCHED-TRACE 18714 5414 B 43 f3
SCHED-TRACE 18715 5414 P 43 45355d2f1
SCHED-TRACE 18716 5414 R 43 45355d2f1
SCHED-TRACE 18717 5415 U 4 322c95
SCHED-TRACE 18718 5415 V 4 322d41
SCHED-TRACE 18719 5415 O 0 0
SCHED-TRACE 18720 5415 P 43 45539a9fc
SCHED-TRACE 18721 5416 K 40 44e52c8b3
SCHED-TRACE 18722 5416 P 43 456f01062
SCHED-TRACE 18723 5417 P 43 4582be76c
SCHED-TRACE 18724 5417 I 40 323277
SCHED-TRACE 18725 5417 B 40 f2
SCHED-TRACE 18726 5417 P 40 45353e76c
SCHED-TRACE 18727 5417 R 40 45353e76c
SCHED-TRACE 18728 5418 U 4 3233ad
SCHED-TRACE 18729 5418 V 4 323459
SCHED-TRACE 18730 5418 O 0 0
SCHED-TRACE 18731 5418 P 40 45536c8b3
SCHED-TRACE 18732 5419 K 76 44e5d4395
SCHED-TRACE 18733 5419 P 40 456ed0624
SCHED-TRACE 18734 5420 P 40 458292f1a
SCHED-TRACE 18735 5420 I 76 32398f
SCHED-TRACE 18736 5420 B 76 f3
SCHED-TRACE 18737 5420 P 76 4535e1062
SCHED-TRACE 18738 5420 R 76 4535e1062
SCHED-TRACE 18739 5421 U 4 323ac3
SCHED-TRACE 18740 5421 V 4 323b6f
SCHED-TRACE 18741 5421 O 0 0
SCHED-TRACE 18742 5421 P 76 4553cc8b4
SCHED-TRACE 18743 5422 K 76 4553cc8b4
SCHED-TRACE 18744 5422 P 76 456f30624
SCHED-TRACE 18745 5423 I 76 3240a4
SCHED-TRACE 18746 5423 B 76 f2
SCHED-TRACE 18747 5423 P 76 45d2ffbe7
SCHED-TRACE 18748 5423 R 76 45d2ffbe7
SCHED-TRACE 18749 5424 U 4 3241d8
SCHED-TRACE 18750 5424 V 4 324284
SCHED-TRACE 18751 5424 O 0 0
SCHED-TRACE 18752 5424 P 76 45f0ffbe7
SCHED-TRACE 18753 5425 K 31 456fb4395
SCHED-TRACE 18754 5425 P 76 460c56c8b
SCHED-TRACE 18755 5426 P 76 462016c8b
SCHED-TRACE 18756 5426 I 31 3247ba
SCHED-TRACE 18757 5426 B 31 ef
SCHED-TRACE 18758 5426 P 31 45bfc8b43
SCHED-TRACE 18759 5426 R 31 45bfc8b43
SCHED-TRACE 18760 5427 U 4 3248eb
SCHED-TRACE 18761 5427 V 4 324997
SCHED-TRACE 18762 5427 O 0 0
SCHED-TRACE 18763 5427 P 31 45dda76c8
SCHED-TRACE 18764 5428 K 64 45705d2f1
SCHED-TRACE 18765 5428 P 31 45f903958
SCHED-TRACE 18766 5429 P 31 460cc3958
SCHED-TRACE 18767 5429 I 64 324ecd
SCHED-TRACE 18768 5429 B 64 f1
SCHED-TRACE 18769 5429 P 64 45c079580
SCHED-TRACE 18770 5429 R 64 45c079580
SCHED-TRACE 18771 5430 U 4 325000
SCHED-TRACE 18772 5430 V 4 3250ac
SCHED-TRACE 18773 5430 O 0 0
SCHED-TRACE 18774 5430 P 64 45de7be76
SCHED-TRACE 18775 5431 K 34 45731a9fb
SCHED-TRACE 18776 5431 P 64 45f9dd2f1
SCHED-TRACE 18777 5432 P 64 460d9a9fb
SCHED-TRACE 18778 5432 I 34 3255e2
SCHED-TRACE 18779 5432 B 34 f3
SCHED-TRACE 18780 5432 P 34 45c32f1a9
SCHED-TRACE 18781 5432 R 34 45c32f1a9
SCHED-TRACE 18782 5433 U 4 325715
SCHED-TRACE 18783 5433 V 4 3257c1
SCHED-TRACE 18784 5433 O 0 0
SCHED-TRACE 18785 5433 P 34 45e103958
SCHED-TRACE 18786 5434 K 70 45738dd2f
SCHED-TRACE 18787 5434 P 34 45fc676c8
SCHED-TRACE 18788 5435 P 34 4610276c8
SCHED-TRACE 18789 5435 I 70 325cf6
SCHED-TRACE 18790 5435 B 70 f3
SCHED-TRACE 18791 5435 P 70 45c3a24dd
SCHED-TRACE 18792 5435 R 70 45c3a24dd
SCHED-TRACE 18793 5436 U 4 325e2a
SCHED-TRACE 18794 5436 V 4 325ed6
SCHED-TRACE 18795 5436 O 0 0
SCHED-TRACE 18796 5436 P 70 45e1a24dd
SCHED-TRACE 18797 5437 K 67 4573c1061
SCHED-TRACE 18798 5437 P 70 45fcf9581
SCHED-TRACE 18799 5438 P 70 4610bbe76
SCHED-TRACE 18800 5438 I 67 32640c
SCHED-TRACE 18801 5438 B 67 f2
SCHED-TRACE 18802 5438 P 67 45c3dfbe7
SCHED-TRACE 18803 5438 R 67 45c3dfbe7
SCHED-TRACE 18804 5439 U 4 326540
SCHED-TRACE 18805 5439 V 4 3265ec
SCHED-TRACE 18806 5439 O 0 0
SCHED-TRACE 18807 5439 P 67 45e1ec8b3
SCHED-TRACE 18808 5440 K 37 4574fbe77
SCHED-TRACE 18809 5440 P 67 45fd3be76
SCHED-TRACE 18810 5441 P 67 4610f1a9f
SCHED-TRACE 18811 5441 I 37 326b22
SCHED-TRACE 18812 5441 B 37 f2
SCHED-TRACE 18813 5441 P 37 45c529fbe
SCHED-TRACE 18814 5441 R 37 45c529fbe
SCHED-TRACE 18815 5442 U 4 326c55
SCHED-TRACE 18816 5442 V 4 326d01
SCHED-TRACE 18817 5442 O 0 0
SCHED-TRACE 18818 5442 P 37 45e31a9fc
SCHED-TRACE 18819 5443 K 61 4578b1a9f
SCHED-TRACE 18820 5443 P 37 45fe7e76c
SCHED-TRACE 18821 5444 P 37 46123e76c
SCHED-TRACE 18822 5444 I 61 327237
SCHED-TRACE 18823 5444 B 61 f4
SCHED-TRACE 18824 5444 P 61 45c8c624d
SCHED-TRACE 18825 5444 R 61 45c8c624d
SCHED-TRACE 18826 5445 U 4 32736c
SCHED-TRACE 18827 5445 V 4 327418
SCHED-TRACE 18828 5445 O 0 0
SCHED-TRACE 18829 5445 P 61 45e6d2f1a
SCHED-TRACE 18830 5446 K 58 457a4624d
SCHED-TRACE 18831 5446 P 61 46023be76
SCHED-TRACE 18832 5447 P 61 4615fe76c
SCHED-TRACE 18833 5447 I 58 32794e
SCHED-TRACE 18834 5447 B 58 f4
SCHED-TRACE 18835 5447 P 58 45ca5fbe7
SCHED-TRACE 18836 5447 R 58 45ca5fbe7
SCHED-TRACE 18837 5448 U 4 327a83
SCHED-TRACE 18838 5448 V 4 327b30
SCHED-TRACE 18839 5448 O 0 0
SCHED-TRACE 18840 5448 P 58 45e881062
SCHED-TRACE 18841 5449 K 73 457b51aa0
SCHED-TRACE 18842 5449 P 58 4603e24dc
SCHED-TRACE 18843 5450 P 58 4617a24dc
SCHED-TRACE 18844 5450 I 73 328065
SCHED-TRACE 18845 5450 B 73 f2
SCHED-TRACE 18846 5450 P 73 45cb61062
SCHED-TRACE 18847 5450 R 73 45cb61062
SCHED-TRACE 18848 5451 U 4 328199
SCHED-TRACE 18849 5451 V 4 328245
SCHED-TRACE 18850 5451 O 0 0
SCHED-TRACE 18851 5451 P 73 45e968b44
SCHED-TRACE 18852 5452 K 52 457f50624
SCHED-TRACE 18853 5452 P 73 4604c76c9
SCHED-TRACE 18854 5453 P 73 46188f1aa
SCHED-TRACE 18855 5453 I 52 32877b
SCHED-TRACE 18856 5453 B 52 f1
SCHED-TRACE 18857 5453 P 52 45cf58105
SCHED-TRACE 18858 5453 R 52 45cf58105
SCHED-TRACE 18859 5454 U 4 3288af
SCHED-TRACE 18860 5454 V 4 32895b
SCHED-TRACE 18861 5454 O 0 0
SCHED-TRACE 18862 5454 P 52 45ed79580
SCHED-TRACE 18863 5455 K 46 45810dd2e
SCHED-TRACE 18864 5455 P 52 4608dd2f1
SCHED-TRACE 18865 5456 P 52 461c9fbe6
SCHED-TRACE 18866 5456 I 46 328e91
SCHED-TRACE 18867 5456 B 46 f2
SCHED-TRACE 18868 5456 P 46 45d11d2f1
SCHED-TRACE 18869 5456 R 46 45d11d2f1
SCHED-TRACE 18870 5457 U 4 328fc7
SCHED-TRACE 18871 5457 V 4 329073
SCHED-TRACE 18872 5457 O 0 0
SCHED-TRACE 18873 5457 P 46 45ef3e76c
SCHED-TRACE 18874 5458 K 49 4581da9fb
SCHED-TRACE 18875 5458 P 46 460a9fbe6
SCHED-TRACE 18876 5459 P 46 461e624dc
SCHED-TRACE 18877 5459 I 49 3295a9
SCHED-TRACE 18878 5459 B 49 f2
SCHED-TRACE 18879 5459 P 49 45d1f9581
SCHED-TRACE 18880 5459 R 49 45d1f9581
SCHED-TRACE 18881 5460 U 4 3296de
SCHED-TRACE 18882 5460 V 4 32978a
SCHED-TRACE 18883 5460 O 0 0
SCHED-TRACE 18884 5460 P 49 45f003958
SCHED-TRACE 18885 5461 K 40 458292f1a
SCHED-TRACE 18886 5461 P 49 460b676c8
SCHED-TRACE 18887 5462 P 49 461f2c8b4
SCHED-TRACE 18888 5462 I 40 329cbf
SCHED-TRACE 18889 5462 B 40 f2
SCHED-TRACE 18890 5462 P 40 45d29a9fb
SCHED-TRACE 18891 5462 R 40 45d29a9fb
SCHED-TRACE 18892 5463 U 4 329df5
SCHED-TRACE 18893 5463 V 4 329ea2
SCHED-TRACE 18894 5463 O 0 0
SCHED-TRACE 18895 5463 P 40 45f0dd2f1
SCHED-TRACE 18896 5464 K 43 4582be76c
SCHED-TRACE 18897 5464 P 40 460c36c8a
SCHED-TRACE 18898 5465 P 40 461ff9580
SCHED-TRACE 18899 5465 I 43 32a3d8
SCHED-TRACE 18900 5465 B 43 f2
SCHED-TRACE 18901 5465 P 43 45d2e4dd3
SCHED-TRACE 18902 5465 R 43 45d2e4dd3
SCHED-TRACE 18903 5466 U 4 32a50e
SCHED-TRACE 18904 5466 V 4 32a5ba
SCHED-TRACE 18905 5466 O 0 0
SCHED-TRACE 18906 5466 P 43 45f11a9fc
SCHED-TRACE 18907 5467 K 55 4582d580f
SCHED-TRACE 18908 5467 P 43 460c69fbe
SCHED-TRACE 18909 5468 P 43 4620224dd
SCHED-TRACE 18910 5468 I 55 32aaf0
SCHED-TRACE 18911 5468 B 55 f2
SCHED-TRACE 18912 5468 P 55 45d301061
SCHED-TRACE 18913 5468 R 55 45d301061
SCHED-TRACE 18914 5469 U 4 32ac25
SCHED-TRACE 18915 5469 V 4 32acd1
SCHED-TRACE 18916 5469 O 0 0
SCHED-TRACE 18917 5469 P 55 45f118105
SCHED-TRACE 18918 5470 K 55 45f118105
SCHED-TRACE 18919 5470 P 55 460c79580
SCHED-TRACE 18920 5471 I 55 32b207
SCHED-TRACE 18921 5471 B 55 f1
SCHED-TRACE 18922 5471 P 55 46705580f
SCHED-TRACE 18923 5471 R 55 46705580f
SCHED-TRACE 18924 5472 U 4 32b33c
SCHED-TRACE 18925 5472 V 4 32b3e8
SCHED-TRACE 18926 5472 O 0 0
SCHED-TRACE 18927 5472 P 55 468e6f1a9
SCHED-TRACE 18928 5473 K 31 460cc3958
SCHED-TRACE 18929 5473 P 55 46a9d580f
SCHED-TRACE 18930 5474 P 55 46bd92f1a
SCHED-TRACE 18931 5474 I 31 32b91e
SCHED-TRACE 18932 5474 B 31 f3
SCHED-TRACE 18933 5474 P 31 465cda9fb
SCHED-TRACE 18934 5474 R 31 465cda9fb
SCHED-TRACE 18935 5475 U 4 32ba52
SCHED-TRACE 18936 5475 V 4 32bafe
SCHED-TRACE 18937 5475 O 0 0
SCHED-TRACE 18938 5475 P 31 467ad0624
SCHED-TRACE 18939 5476 K 64 460d9a9fb
SCHED-TRACE 18940 5476 P 31 469631a9f
SCHED-TRACE 18941 5477 P 31 46a9f9581
SCHED-TRACE 18942 5477 I 64 32c034
SCHED-TRACE 18943 5477 B 64 f3
SCHED-TRACE 18944 5477 P 64 465daf1a9
SCHED-TRACE 18945 5477 R 64 465daf1a9
SCHED-TRACE 18946 5478 U 4 32c168
SCHED-TRACE 18947 5478 V 4 32c215
SCHED-TRACE 18948 5478 O 0 0
SCHED-TRACE 18949 5478 P 64 467bc624d
SCHED-TRACE 18950 5479 K 34 4610276c8
SCHED-TRACE 18951 5479 P 64 46971d2f1
SCHED-TRACE 18952 5480 P 64 46aadfbe7
SCHED-TRACE 18953 5480 I 34 32c74b
SCHED-TRACE 18954 5480 B 34 ee
SCHED-TRACE 18955 5480 P 34 466041062
SCHED-TRACE 18956 5480 R 34 466041062
SCHED-TRACE 18957 5481 U 4 32c87c
SCHED-TRACE 18958 5481 V 4 32c928
SCHED-TRACE 18959 5481 O 0 0
SCHED-TRACE 18960 5481 P 34 467e29fbe
SCHED-TRACE 18961 5482 K 70 4610bbe76
SCHED-TRACE 18962 5482 P 34 46998624d
SCHED-TRACE 18963 5483 P 34 46ad43958
SCHED-TRACE 18964 5483 I 70 32ce5e
SCHED-TRACE 18965 5483 B 70 f1
SCHED-TRACE 18966 5483 P 70 4660da9fc
SCHED-TRACE 18967 5483 R 70 4660da9fc
SCHED-TRACE 18968 5484 U 4 32cf92
SCHED-TRACE 18969 5484 V 4 32d03d
SCHED-TRACE 18970 5484 O 0 0
SCHED-TRACE 18971 5484 P 70 467ec624d
SCHED-TRACE 18972 5485 K 67 4610f1a9f
SCHED-TRACE 18973 5485 P 70 469a276c8
SCHED-TRACE 18974 5486 P 70 46ade76c8
SCHED-TRACE 18975 5486 I 67 32d573
SCHED-TRACE 18976 5486 B 67 f3
SCHED-TRACE 18977 5486 P 67 46610dd2e
SCHED-TRACE 18978 5486 R 67 46610dd2e
SCHED-TRACE 18979 5487 U 4 32d6a7
SCHED-TRACE 18980 5487 V 4 32d754
SCHED-TRACE 18981 5487 O 0 0
SCHED-TRACE 18982 5487 P 67 467f10624
SCHED-TRACE 18983 5488 K 37 46123e76c
SCHED-TRACE 18984 5488 P 67 469a74395
SCHED-TRACE 18985 5489 P 67 46ae34395
SCHED-TRACE 18986 5489 I 37 32dc89
SCHED-TRACE 18987 5489 B 37 f3
SCHED-TRACE 18988 5489 P 37 466255810
SCHED-TRACE 18989 5489 R 37 466255810
SCHED-TRACE 18990 5490 U 4 32ddbd
SCHED-TRACE 18991 5490 V 4 32de69
SCHED-TRACE 18992 5490 O 0 0
SCHED-TRACE 18993 5490 P 37 468050625
SCHED-TRACE 18994 5491 K 61 4615fe76c
SCHED-TRACE 18995 5491 P 37 469ba76c8
SCHED-TRACE 18996 5492 P 37 46af71a9f
SCHED-TRACE 18997 5492 I 61 32e39f
SCHED-TRACE 18998 5492 B 61 f2
SCHED-TRACE 18999 5492 P 61 46660b439
SCHED-TRACE 19000 5492 R 61 46660b439
SCHED-TRACE 19001 5493 U 4 32e4d4
SCHED-TRACE 19002 5493 V 4 32e580
SCHED-TRACE 19003 5493 O 0 0
SCHED-TRACE 19004 5493 P 61 4684276c8
SCHED-TRACE 19005 5494 K 58 4617a24dc
SCHED-TRACE 19006 5494 P 61 469f83958
SCHED-TRACE 19007 5495 P 61 46b33e76c
SCHED-TRACE 19008 5495 I 58 32eab6
SCHED-TRACE 19009 5495 B 58 f3
SCHED-TRACE 19010 5495 P 58 4667c624d
SCHED-TRACE 19011 5495 R 58 4667c624d
SCHED-TRACE 19012 5496 U 4 32ebeb
SCHED-TRACE 19013 5496 V 4 32ec97
SCHED-TRACE 19014 5496 O 0 0
SCHED-TRACE 19015 5496 P 58 4685d8105
SCHED-TRACE 19016 5497 K 73 46188f1aa
SCHED-TRACE 19017 5497 P 58 46a139580
SCHED-TRACE 19018 5498 P 58 46b4f6c8a
SCHED-TRACE 19019 5498 I 73 32f1cd
SCHED-TRACE 19020 5498 B 73 f3
SCHED-TRACE 19021 5498 P 73 4668a624e
SCHED-TRACE 19022 5498 R 73 4668a624e
SCHED-TRACE 19023 5499 U 4 32f301
SCHED-TRACE 19024 5499 V 4 32f3ad
SCHED-TRACE 19025 5499 O 0 0
SCHED-TRACE 19026 5499 P 73 4686a1062
SCHED-TRACE 19027 5500 K 52 461c9fbe6
SCHED-TRACE 19028 5500 P 73 46a209fbf
SCHED-TRACE 19029 5501 P 73 46b5cc8b4
SCHED-TRACE 19030 5501 I 52 32f8e3
SCHED-TRACE 19031 5501 B 52 f4
SCHED-TRACE 19032 5501 P 52 466cb9580
SCHED-TRACE 19033 5501 R 52 466cb9580
SCHED-TRACE 19034 5502 U 4 32fa19
SCHED-TRACE 19035 5502 V 4 32fac5
SCHED-TRACE 19036 5502 O 0 0
SCHED-TRACE 19037 5502 P 52 468ae76c8
SCHED-TRACE 19038 5503 K 46 461e624dc
SCHED-TRACE 19039 5503 P 52 46a648b43
SCHED-TRACE 19040 5504 P 52 46ba0b438
SCHED-TRACE 19041 5504 I 46 32fffb
SCHED-TRACE 19042 5504 B 46 f3
SCHED-TRACE 19043 5504 P 46 466e79580
SCHED-TRACE 19044 5504 R 46 466e79580
SCHED-TRACE 19045 5505 U 4 330130
SCHED-TRACE 19046 5505 V 4 3301dd
SCHED-TRACE 19047 5505 O 0 0
SCHED-TRACE 19048 5505 P 46 468ca76c8
SCHED-TRACE 19049 5506 K 49 461f2c8b4
SCHED-TRACE 19050 5506 P 46 46a801061
SCHED-TRACE 19051 5507 P 46 46bbc3957
SCHED-TRACE 19052 5507 I 49 330713
SCHED-TRACE 19053 5507 B 49 f1
SCHED-TRACE 19054 5507 P 49 466f50624
SCHED-TRACE 19055 5507 R 49 466f50624
SCHED-TRACE 19056 5508 U 4 330846
SCHED-TRACE 19057 5508 V 4 3308f2
SCHED-TRACE 19058 5508 O 0 0
SCHED-TRACE 19059 5508 P 49 468d4dd2f
SCHED-TRACE 19060 5509 K 40 461ff9580
SCHED-TRACE 19061 5509 P 49 46a8a9fbe
SCHED-TRACE 19062 5510 P 49 46bc69fbe
SCHED-TRACE 19063 5510 I 40 330e27
SCHED-TRACE 19064 5510 B 40 f1
SCHED-TRACE 19065 5510 P 40 46700624d
SCHED-TRACE 19066 5510 R 40 46700624d
SCHED-TRACE 19067 5511 U 4 330f5d
SCHED-TRACE 19068 5511 V 4 331008
SCHED-TRACE 19069 5511 O 0 0
SCHED-TRACE 19070 5511 P 40 468e1d2f1
SCHED-TRACE 19071 5512 K 76 462016c8b
SCHED-TRACE 19072 5512 P 40 46a97e76c
SCHED-TRACE 19073 5513 P 40 46bd3e76c
SCHED-TRACE 19074 5513 I 76 33153e
SCHED-TRACE 19075 5513 B 76 f2
SCHED-TRACE 19076 5513 P 76 467032f1a
SCHED-TRACE 19077 5513 R 76 467032f1a
SCHED-TRACE 19078 5514 U 4 331672
SCHED-TRACE 19079 5514 V 4 33171e
SCHED-TRACE 19080 5514 O 0 0
SCHED-TRACE 19081 5514 P 76 468e30624
SCHED-TRACE 19082 5515 K 43 4620224dd
SCHED-TRACE 19083 5515 P 76 46a984dd3
SCHED-TRACE 19084 5516 P 76 46bd476c8
SCHED-TRACE 19085 5516 I 43 331c54
SCHED-TRACE 19086 5516 B 43 f3
SCHED-TRACE 19087 5516 P 43 467048b43
SCHED-TRACE 19088 5516 R 43 467048b43
SCHED-TRACE 19089 5517 U 4 331d8a
SCHED-TRACE 19090 5517 V 4 331e36
SCHED-TRACE 19091 5517 O 0 0
SCHED-TRACE 19092 5517 P 43 468e7e76c
SCHED-TRACE 19093 5518 K 43 468e7e76c
SCHED-TRACE 19094 5518 P 43 46a9da9fc
SCHED-TRACE 19095 5519 I 43 33236c
SCHED-TRACE 19096 5519 B 43 f3
SCHED-TRACE 19097 5519 P 43 470db6c8b
SCHED-TRACE 19098 5519 R 43 470db6c8b
SCHED-TRACE 19099 5520 U 4 3324a2
SCHED-TRACE 19100 5520 V 4 33254f
SCHED-TRACE 19101 5520 O 0 0
SCHED-TRACE 19102 5520 P 43 472bf6c8b
SCHED-TRACE 19103 5521 K 31 46a9f9581
SCHED-TRACE 19104 5521 P 43 4747624dd
SCHED-TRACE 19105 5522 P 43 475b15810
SCHED-TRACE 19106 5522 I 31 332a85
SCHED-TRACE 19107 5522 B 31 f3
SCHED-TRACE 19108 5522 P 31 46fa1fbe7
SCHED-TRACE 19109 5522 R 31 46fa1fbe7
SCHED-TRACE 19110 5523 U 4 332bb9
SCHED-TRACE 19111 5523 V 4 332c65
SCHED-TRACE 19112 5523 O 0 0
SCHED-TRACE 19113 5523 P 31 47180624d
SCHED-TRACE 19114 5524 K 64 46aadfbe7
SCHED-TRACE 19115 5524 P 31 4733676c8
SCHED-TRACE 19116 5525 P 31 47472f1a9
SCHED-TRACE 19117 5525 I 64 33319b
SCHED-TRACE 19118 5525 B 64 f2
SCHED-TRACE 19119 5525 P 64 46faf4395
SCHED-TRACE 19120 5525 R 64 46faf4395
SCHED-TRACE 19121 5526 U 4 3332d0
SCHED-TRACE 19122 5526 V 4 33337c
SCHED-TRACE 19123 5526 O 0 0
SCHED-TRACE 19124 5526 P 64 471903957
SCHED-TRACE 19125 5527 K 34 46ad43958
SCHED-TRACE 19126 5527 P 64 47346f1a9
SCHED-TRACE 19127 5528 P 64 474831a9f
SCHED-TRACE 19128 5528 I 34 3338b2
SCHED-TRACE 19129 5528 B 34 f4
SCHED-TRACE 19130 5528 P 34 46fd5d2f1
SCHED-TRACE 19131 5528 R 34 46fd5d2f1
SCHED-TRACE 19132 5529 U 4 3339e6
SCHED-TRACE 19133 5529 V 4 333a93
SCHED-TRACE 19134 5529 O 0 0
SCHED-TRACE 19135 5529 P 34 471b624dd
SCHED-TRACE 19136 5530 K 70 46ade76c8
SCHED-TRACE 19137 5530 P 34 4736c624d
SCHED-TRACE 19138 5531 P 34 474a8b439
SCHED-TRACE 19139 5531 I 70 333fc9
SCHED-TRACE 19140 5531 B 70 f3
SCHED-TRACE 19141 5531 P 70 46fdfe76c
SCHED-TRACE 19142 5531 R 70 46fdfe76c
SCHED-TRACE 19143 5532 U 4 3340fd
SCHED-TRACE 19144 5532 V 4 3341aa
SCHED-TRACE 19145 5532 O 0 0
SCHED-TRACE 19146 5532 P 70 471c0dd2f
SCHED-TRACE 19147 5533 K 67 46ae34395
SCHED-TRACE 19148 5533 P 70 473769fbe
SCHED-TRACE 19149 5534 P 70 474b29fbe
SCHED-TRACE 19150 5534 I 67 3346e0
SCHED-TRACE 19151 5534 B 67 ef
SCHED-TRACE 19152 5534 P 67 46fe55810
SCHED-TRACE 19153 5534 R 67 46fe55810
SCHED-TRACE 19154 5535 U 4 334812
SCHED-TRACE 19155 5535 V 4 3348bd
SCHED-TRACE 19156 5535 O 0 0
SCHED-TRACE 19157 5535 P 67 471c34395
SCHED-TRACE 19158 5536 K 37 46af71a9f
SCHED-TRACE 19159 5536 P 67 473790624
SCHED-TRACE 19160 5537 P 67 474b4dd2e
SCHED-TRACE 19161 5537 I 37 334df3
SCHED-TRACE 19162 5537 B 37 f2
SCHED-TRACE 19163 5537 P 37 46ff92f1a
SCHED-TRACE 19164 5537 R 37 46ff92f1a
SCHED-TRACE 19165 5538 U 4 334f26
SCHED-TRACE 19166 5538 V 4 334fd2
SCHED-TRACE 19167 5538 O 0 0
SCHED-TRACE 19168 5538 P 37 471d71a9f
SCHED-TRACE 19169 5539 K 61 46b33e76c
SCHED-TRACE 19170 5539 P 37 4738d0625
SCHED-TRACE 19171 5540 P 37 474c95810
SCHED-TRACE 19172 5540 I 61 335508
SCHED-TRACE 19173 5540 B 61 f1
SCHED-TRACE 19174 5540 P 61 47035a9fb
SCHED-TRACE 19175 5540 R 61 47035a9fb
SCHED-TRACE 19176 5541 U 4 33563d
SCHED-TRACE 19177 5541 V 4 3356e9
SCHED-TRACE 19178 5541 O 0 0
SCHED-TRACE 19179 5541 P 61 472169fbe
SCHED-TRACE 19180 5542 K 58 46b4f6c8a
SCHED-TRACE 19181 5542 P 61 473cc3958
SCHED-TRACE 19182 5543 P 61 47508624d
SCHED-TRACE 19183 5543 I 58 335c1e
SCHED-TRACE 19184 5543 B 58 f4
SCHED-TRACE 19185 5543 P 58 47050b439
SCHED-TRACE 19186 5543 R 58 47050b439
SCHED-TRACE 19187 5544 U 4 335d53
SCHED-TRACE 19188 5544 V 4 335e00
SCHED-TRACE 19189 5544 O 0 0
SCHED-TRACE 19190 5544 P 58 47232c8b3
SCHED-TRACE 19191 5545 K 73 46b5cc8b4
SCHED-TRACE 19192 5545 P 58 473e8624d
SCHED-TRACE 19193 5546 P 58 47524624d
SCHED-TRACE 19194 5546 I 73 336335
SCHED-TRACE 19195 5546 B 73 f2
SCHED-TRACE 19196 5546 P 73 4705de76d
SCHED-TRACE 19197 5546 R 73 4705de76d
SCHED-TRACE 19198 5547 U 4 336469
SCHED-TRACE 19199 5547 V 4 336515
SCHED-TRACE 19200 5547 O 0 0
SCHED-TRACE 19201 5547 P 73 4723e3958
SCHED-TRACE 19202 5548 K 52 46ba0b438
SCHED-TRACE 19203 5548 P 73 473f49fbf
SCHED-TRACE 19204 5549 P 73 4753024dd
SCHED-TRACE 19205 5549 I 52 336a4b
SCHED-TRACE 19206 5549 B 52 f2
SCHED-TRACE 19207 5549 P 52 470a1d2f1
SCHED-TRACE 19208 5549 R 52 470a1d2f1
SCHED-TRACE 19209 5550 U 4 336b80
SCHED-TRACE 19210 5550 V 4 336c2c
SCHED-TRACE 19211 5550 O 0 0
SCHED-TRACE 19212 5550 P 52 472839580
SCHED-TRACE 19213 5551 K 46 46bbc3957
SCHED-TRACE 19214 5551 P 52 47439d2f1
SCHED-TRACE 19215 5552 P 52 4757624dc
SCHED-TRACE 19216 5552 I 46 337162
SCHED-TRACE 19217 5552 B 46 f2
SCHED-TRACE 19218 5552 P 46 470bc8b43
SCHED-TRACE 19219 5552 R 46 470bc8b43
SCHED-TRACE 19220 5553 U 4 337298
SCHED-TRACE 19221 5553 V 4 337344
SCHED-TRACE 19222 5553 O 0 0
SCHED-TRACE 19223 5553 P 46 472a01061
SCHED-TRACE 19224 5554 K 49 46bc69fbe
SCHED-TRACE 19225 5554 P 46 474569fbd
SCHED-TRACE 19226 5555 P 46 47592c8b3
SCHED-TRACE 19227 5555 I 49 33787a
SCHED-TRACE 19228 5555 B 49 f4
SCHED-TRACE 19229 5555 P 49 470c76c8b
SCHED-TRACE 19230 5555 R 49 470c76c8b
SCHED-TRACE 19231 5556 U 4 3379b0
SCHED-TRACE 19232 5556 V 4 337a5d
SCHED-TRACE 19233 5556 O 0 0
SCHED-TRACE 19234 5556 P 49 472aa4dd3
SCHED-TRACE 19235 5557 K 40 46bd3e76c
SCHED-TRACE 19236 5557 P 49 47460624d
SCHED-TRACE 19237 5558 P 49 4759cb439
SCHED-TRACE 19238 5558 I 40 337f93
SCHED-TRACE 19239 5558 B 40 f3
SCHED-TRACE 19240 5558 P 40 470d5d2f1
SCHED-TRACE 19241 5558 R 40 470d5d2f1
SCHED-TRACE 19242 5559 U 4 3380c9
SCHED-TRACE 19243 5559 V 4 338175
SCHED-TRACE 19244 5559 O 0 0
SCHED-TRACE 19245 5559 P 40 472b9fbe7
SCHED-TRACE 19246 5560 K 76 46bd476c8
SCHED-TRACE 19247 5560 P 40 474708b43
SCHED-TRACE 19248 5561 P 40 475ac8b43
SCHED-TRACE 19249 5561 I 76 3386ac
SCHED-TRACE 19250 5561 B 76 f4
SCHED-TRACE 19251 5561 P 76 470d6b439
SCHED-TRACE 19252 5561 R 76 470d6b439
SCHED-TRACE 19253 5562 U 4 3387e0
SCHED-TRACE 19254 5562 V 4 33888c
SCHED-TRACE 19255 5562 O 0 0
SCHED-TRACE 19256 5562 P 76 472b476c8
SCHED-TRACE 19257 5563 K 55 46bd92f1a
SCHED-TRACE 19258 5563 P 76 4746a8b43
SCHED-TRACE 19259 5564 P 76 475a6dd2f
SCHED-TRACE 19260 5564 I 55 338dc2
SCHED-TRACE 19261 5564 B 55 f2
SCHED-TRACE 19262 5564 P 55 470db1a9f
SCHED-TRACE 19263 5564 R 55 470db1a9f
SCHED-TRACE 19264 5565 U 4 338ef7
SCHED-TRACE 19265 5565 V 4 338fa3
SCHED-TRACE 19266 5565 O 0 0
SCHED-TRACE 19267 5565 P 55 472bb6c8a
SCHED-TRACE 19268 5566 K 55 472bb6c8a
SCHED-TRACE 19269 5566 P 55 474710624
SCHED-TRACE 19270 5567 I 55 3394d8
SCHED-TRACE 19271 5567 B 55 ee
SCHED-TRACE 19272 5567 P 55 47aadfbe6
SCHED-TRACE 19273 5567 R 55 47aadfbe6
SCHED-TRACE 19274 5568 U 4 33960d
SCHED-TRACE 19275 5568 V 4 3396ba
SCHED-TRACE 19276 5568 O 0 0
SCHED-TRACE 19277 5568 P 55 47c90dd2e
SCHED-TRACE 19278 5569 K 31 47472f1a9
SCHED-TRACE 19279 5569 P 55 47e464dd2
SCHED-TRACE 19280 5570 P 55 47f8224dc
SCHED-TRACE 19281 5570 I 31 339bef
SCHED-TRACE 19282 5570 B 31 f3
SCHED-TRACE 19283 5570 P 31 47974b439
SCHED-TRACE 19284 5570 R 31 47974b439
SCHED-TRACE 19285 5571 U 4 339d22
SCHED-TRACE 19286 5571 V 4 339dcf
SCHED-TRACE 19287 5571 O 0 0
SCHED-TRACE 19288 5571 P 31 47b548b43
SCHED-TRACE 19289 5572 K 64 474831a9f
SCHED-TRACE 19290 5572 P 31 47d0a76c8
SCHED-TRACE 19291 5573 P 31 47e469fbe
SCHED-TRACE 19292 5573 I 64 33a305
SCHED-TRACE 19293 5573 B 64 f3
SCHED-TRACE 19294 5573 P 64 479848b43
SCHED-TRACE 19295 5573 R 64 479848b43
SCHED-TRACE 19296 5574 U 4 33a43a
SCHED-TRACE 19297 5574 V 4 33a4e6
SCHED-TRACE 19298 5574 O 0 0
SCHED-TRACE 19299 5574 P 64 47b65d2f1
SCHED-TRACE 19300 5575 K 34 474a8b439
SCHED-TRACE 19301 5575 P 64 47d1c624d
SCHED-TRACE 19302 5576 P 64 47e581061
SCHED-TRACE 19303 5576 I 34 33aa1c
SCHED-TRACE 19304 5576 B 34 f3
SCHED-TRACE 19305 5576 P 34 479a9d2f1
SCHED-TRACE 19306 5576 R 34 479a9d2f1
SCHED-TRACE 19307 5577 U 4 33ab50
SCHED-TRACE 19308 5577 V 4 33abfc
SCHED-TRACE 19309 5577 O 0 0
SCHED-TRACE 19310 5577 P 34 47b890624
SCHED-TRACE 19311 5578 K 70 474b29fbe
SCHED-TRACE 19312 5578 P 34 47d3f6c8b
SCHED-TRACE 19313 5579 P 34 47e7b9580
SCHED-TRACE 19314 5579 I 70 33b132
SCHED-TRACE 19315 5579 B 70 f2
SCHED-TRACE 19316 5579 P 70 479b41062
SCHED-TRACE 19317 5579 R 70 479b41062
SCHED-TRACE 19318 5580 U 4 33b266
SCHED-TRACE 19319 5580 V 4 33b313
SCHED-TRACE 19320 5580 O 0 0
SCHED-TRACE 19321 5580 P 70 47b94dd2f
SCHED-TRACE 19322 5581 K 67 474b4dd2e
SCHED-TRACE 19323 5581 P 70 47d4b1a9f
SCHED-TRACE 19324 5582 P 70 47e876c8b
SCHED-TRACE 19325 5582 I 67 33b849
SCHED-TRACE 19326 5582 B 67 f3
SCHED-TRACE 19327 5582 P 67 479b64dd2
SCHED-TRACE 19328 5582 R 67 479b64dd2
SCHED-TRACE 19329 5583 U 4 33b97d
SCHED-TRACE 19330 5583 V 4 33ba2a
SCHED-TRACE 19331 5583 O 0 0
SCHED-TRACE 19332 5583 P 67 47b979580
SCHED-TRACE 19333 5584 K 37 474c95810
SCHED-TRACE 19334 5584 P 67 47d4dfbe7
SCHED-TRACE 19335 5585 P 67 47e89fbe7
SCHED-TRACE 19336 5585 I 37 33bf60
SCHED-TRACE 19337 5585 B 37 f4
SCHED-TRACE 19338 5585 P 37 479cb6c8b
SCHED-TRACE 19339 5585 R 37 479cb6c8b
SCHED-TRACE 19340 5586 U 4 33c094
SCHED-TRACE 19341 5586 V 4 33c141
SCHED-TRACE 19342 5586 O 0 0
SCHED-TRACE 19343 5586 P 37 47bacb439
SCHED-TRACE 19344 5587 K 61 47508624d
SCHED-TRACE 19345 5587 P 37 47d63be77
SCHED-TRACE 19346 5588 P 37 47ea03958
SCHED-TRACE 19347 5588 I 61 33c677
SCHED-TRACE 19348 5588 B 61 f4
SCHED-TRACE 19349 5588 P 61 47a08b439
SCHED-TRACE 19350 5588 R 61 47a08b439
SCHED-TRACE 19351 5589 U 4 33c7ac
SCHED-TRACE 19352 5589 V 4 33c856
SCHED-TRACE 19353 5589 O 0 0
SCHED-TRACE 19354 5589 P 61 47be3e76c
SCHED-TRACE 19355 5590 K 58 47524624d
SCHED-TRACE 19356 5590 P 61 47d99a9fb
SCHED-TRACE 19357 5591 P 61 47ed5d2f1
SCHED-TRACE 19358 5591 I 58 33cd8b
SCHED-TRACE 19359 5591 B 58 f1
SCHED-TRACE 19360 5591 P 58 47a258105
SCHED-TRACE 19361 5591 R 58 47a258105
SCHED-TRACE 19362 5592 U 4 33cec0
SCHED-TRACE 19363 5592 V 4 33cf6b
SCHED-TRACE 19364 5592 O 0 0
SCHED-TRACE 19365 5592 P 58 47c058105
SCHED-TRACE 19366 5593 K 73 4753024dd
SCHED-TRACE 19367 5593 P 58 47dbb6c8a
SCHED-TRACE 19368 5594 P 58 47ef76c8a
SCHED-TRACE 19369 5594 I 73 33d4a1
SCHED-TRACE 19370 5594 B 73 f1
SCHED-TRACE 19371 5594 P 73 47a321062
SCHED-TRACE 19372 5594 R 73 47a321062
SCHED-TRACE 19373 5595 U 4 33d5d5
SCHED-TRACE 19374 5595 V 4 33d682
SCHED-TRACE 19375 5595 O 0 0
SCHED-TRACE 19376 5595 P 73 47c12b439
SCHED-TRACE 19377 5596 K 52 4757624dc
SCHED-TRACE 19378 5596 P 73 47dc824dd
SCHED-TRACE 19379 5597 P 73 47f044dd3
SCHED-TRACE 19380 5597 I 52 33dbb7
SCHED-TRACE 19381 5597 B 52 f3
SCHED-TRACE 19382 5597 P 52 47a781061
SCHED-TRACE 19383 5597 R 52 47a781061
SCHED-TRACE 19384 5598 U 4 33dcec
SCHED-TRACE 19385 5598 V 4 33dd99
SCHED-TRACE 19386 5598 O 0 0
SCHED-TRACE 19387 5598 P 52 47c5a9fbe
SCHED-TRACE 19388 5599 K 46 47592c8b3
SCHED-TRACE 19389 5599 P 52 47e10dd2e
SCHED-TRACE 19390 5600 P 52 47f4cb438
SCHED-TRACE 19391 5600 I 46 33e2cf
SCHED-TRACE 19392 5600 B 46 f3
SCHED-TRACE 19393 5600 P 46 47a950624
SCHED-TRACE 19394 5600 R 46 47a950624
SCHED-TRACE 19395 5601 U 4 33e404
SCHED-TRACE 19396 5601 V 4 33e4b1
SCHED-TRACE 19397 5601 O 0 0
SCHED-TRACE 19398 5601 P 46 47c781061
SCHED-TRACE 19399 5602 K 49 4759cb439
SCHED-TRACE 19400 5602 P 46 47e2e76c8
SCHED-TRACE 19401 5603 P 46 47f69fbe6
SCHED-TRACE 19402 5603 I 49 33e9e7
SCHED-TRACE 19403 5603 B 49 f4
SCHED-TRACE 19404 5603 P 49 47a9ec8b4
SCHED-TRACE 19405 5603 R 49 47a9ec8b4
SCHED-TRACE 19406 5604 U 4 33eb1c
SCHED-TRACE 19407 5604 V 4 33ebc8
SCHED-TRACE 19408 5604 O 0 0
SCHED-TRACE 19409 5604 P 49 47c80624d
SCHED-TRACE 19410 5605 K 76 475a6dd2f
SCHED-TRACE 19411 5605 P 49 47e3676c8
SCHED-TRACE 19412 5606 P 49 47f7276c8
SCHED-TRACE 19413 5606 I 76 33f0fe
SCHED-TRACE 19414 5606 B 76 f2
SCHED-TRACE 19415 5606 P 76 47aa876c8
SCHED-TRACE 19416 5606 R 76 47aa876c8
SCHED-TRACE 19417 5607 U 4 33f232
SCHED-TRACE 19418 5607 V 4 33f2de
SCHED-TRACE 19419 5607 O 0 0
SCHED-TRACE 19420 5607 P 76 47c8876c8
SCHED-TRACE 19421 5608 K 40 475ac8b43
SCHED-TRACE 19422 5608 P 76 47e3e8b43
SCHED-TRACE 19423 5609 P 76 47f7add2f
SCHED-TRACE 19424 5609 I 40 33f814
SCHED-TRACE 19425 5609 B 40 f4
SCHED-TRACE 19426 5609 P 40 47aae24dc
SCHED-TRACE 19427 5609 R 40 47aae24dc
SCHED-TRACE 19428 5610 U 4 33f949
SCHED-TRACE 19429 5610 V 4 33f9f6
SCHED-TRACE 19430 5610 O 0 0
SCHED-TRACE 19431 5610 P 40 47c91a9fb
SCHED-TRACE 19432 5611 K 43 475b15810
SCHED-TRACE 19433 5611 P 40 47e47be76
SCHED-TRACE 19434 5612 P 40 47f836c8a
SCHED-TRACE 19435 5612 I 43 33ff2c
SCHED-TRACE 19436 5612 B 43 f4
SCHED-TRACE 19437 5612 P 43 47ab3e76c
SCHED-TRACE 19438 5612 R 43 47ab3e76c
SCHED-TRACE 19439 5613 U 4 340061
SCHED-TRACE 19440 5613 V 4 34010d
SCHED-TRACE 19441 5613 O 0 0
SCHED-TRACE 19442 5613 P 43 47c964dd3
SCHED-TRACE 19443 5614 K 43 47c964dd3
SCHED-TRACE 19444 5614 P 43 47e4cb439
SCHED-TRACE 19445 5615 I 43 340643
SCHED-TRACE 19446 5615 B 43 f4
SCHED-TRACE 19447 5615 P 43 484898106
SCHED-TRACE 19448 5615 R 43 484898106
SCHED-TRACE 19449 5616 U 4 340779
SCHED-TRACE 19450 5616 V 4 340824
SCHED-TRACE 19451 5616 O 0 0
SCHED-TRACE 19452 5616 P 43 48668b439
SCHED-TRACE 19453 5617 K 31 47e469fbe
SCHED-TRACE 19454 5617 P 43 4881e76c8
SCHED-TRACE 19455 5618 P 43 4895a24dd
SCHED-TRACE 19456 5618 I 31 340d59
SCHED-TRACE 19457 5618 B 31 f2
SCHED-TRACE 19458 5618 P 31 48348dd2f
SCHED-TRACE 19459 5618 R 31 48348dd2f
SCHED-TRACE 19460 5619 U 4 340e8c
SCHED-TRACE 19461 5619 V 4 340f39
SCHED-TRACE 19462 5619 O 0 0
SCHED-TRACE 19463 5619 P 31 48527be76
SCHED-TRACE 19464 5620 K 64 47e581061
SCHED-TRACE 19465 5620 P 31 486dd5810
SCHED-TRACE 19466 5621 P 31 488198106
SCHED-TRACE 19467 5621 I 64 34146e
SCHED-TRACE 19468 5621 B 64 f1
SCHED-TRACE 19469 5621 P 64 483592f1a
SCHED-TRACE 19470 5621 R 64 483592f1a
SCHED-TRACE 19471 5622 U 4 3415a3
SCHED-TRACE 19472 5622 V 4 34164f
SCHED-TRACE 19473 5622 O 0 0
SCHED-TRACE 19474 5622 P 64 48539fbe7
SCHED-TRACE 19475 5623 K 34 47e7b9580
SCHED-TRACE 19476 5623 P 64 486ef1a9f
SCHED-TRACE 19477 5624 P 64 4882b6c8a
SCHED-TRACE 19478 5624 I 34 341b85
SCHED-TRACE 19479 5624 B 34 f2
SCHED-TRACE 19480 5624 P 34 4837d8106
SCHED-TRACE 19481 5624 R 34 4837d8106
SCHED-TRACE 19482 5625 U 4 341cb8
SCHED-TRACE 19483 5625 V 4 341d65
SCHED-TRACE 19484 5625 O 0 0
SCHED-TRACE 19485 5625 P 34 4855dfbe7
SCHED-TRACE 19486 5626 K 70 47e876c8b
SCHED-TRACE 19487 5626 P 34 48714b439
SCHED-TRACE 19488 5627 P 34 488508b43
SCHED-TRACE 19489 5627 I 70 34229b
SCHED-TRACE 19490 5627 B 70 f4
SCHED-TRACE 19491 5627 P 70 48388624d
SCHED-TRACE 19492 5627 R 70 48388624d
SCHED-TRACE 19493 5628 U 4 3423d0
SCHED-TRACE 19494 5628 V 4 34247c
SCHED-TRACE 19495 5628 O 0 0
SCHED-TRACE 19496 5628 P 70 485695810
SCHED-TRACE 19497 5629 K 67 47e89fbe7
SCHED-TRACE 19498 5629 P 70 487201062
SCHED-TRACE 19499 5630 P 70 4885c624d
SCHED-TRACE 19500 5630 I 67 3429b2
SCHED-TRACE 19501 5630 B 67 f4
SCHED-TRACE 19502 5630 P 67 4838a4dd2
SCHED-TRACE 19503 5630 R 67 4838a4dd2
SCHED-TRACE 19504 5631 U 4 342ae6
SCHED-TRACE 19505 5631 V 4 342b93
SCHED-TRACE 19506 5631 O 0 0
SCHED-TRACE 19507 5631 P 67 4856a9fbe
SCHED-TRACE 19508 5632 K 37 47ea03958
SCHED-TRACE 19509 5632 P 67 48720dd2e
SCHED-TRACE 19510 5633 P 67 4885cdd2e
SCHED-TRACE 19511 5633 I 37 3430c8
SCHED-TRACE 19512 5633 B 37 f2
SCHED-TRACE 19513 5633 P 37 483a12f1a
SCHED-TRACE 19514 5633 R 37 483a12f1a
SCHED-TRACE 19515 5634 U 4 3431fc
SCHED-TRACE 19516 5634 V 4 3432a8
SCHED-TRACE 19517 5634 O 0 0
SCHED-TRACE 19518 5634 P 37 485812f1a
SCHED-TRACE 19519 5635 K 61 47ed5d2f1
SCHED-TRACE 19520 5635 P 37 487371a9f
SCHED-TRACE 19521 5636 P 37 48873be77
SCHED-TRACE 19522 5636 I 61 3437de
SCHED-TRACE 19523 5636 B 61 f2
SCHED-TRACE 19524 5636 P 61 483d64dd3
SCHED-TRACE 19525 5636 R 61 483d64dd3
SCHED-TRACE 19526 5637 U 4 343912
SCHED-TRACE 19527 5637 V 4 3439bf
SCHED-TRACE 19528 5637 O 0 0
SCHED-TRACE 19529 5637 P 61 485b83958
SCHED-TRACE 19530 5638 K 58 47ef76c8a
SCHED-TRACE 19531 5638 P 61 4876e4dd3
SCHED-TRACE 19532 5639 P 61 488aa9fbe
SCHED-TRACE 19533 5639 I 58 343ef5
SCHED-TRACE 19534 5639 B 58 f3
SCHED-TRACE 19535 5639 P 58 483f92f1a
SCHED-TRACE 19536 5639 R 58 483f92f1a
SCHED-TRACE 19537 5640 U 4 34402a
SCHED-TRACE 19538 5640 V 4 3440d6
SCHED-TRACE 19539 5640 O 0 0
SCHED-TRACE 19540 5640 P 58 485da9fbe
SCHED-TRACE 19541 5641 K 73 47f044dd3
SCHED-TRACE 19542 5641 P 58 487910624
SCHED-TRACE 19543 5642 P 58 488cd2f1a
SCHED-TRACE 19544 5642 I 73 34460c
SCHED-TRACE 19545 5642 B 73 f4
SCHED-TRACE 19546 5642 P 73 48405be77
SCHED-TRACE 19547 5642 R 73 48405be77
SCHED-TRACE 19548 5643 U 4 344740
SCHED-TRACE 19549 5643 V 4 3447eb
SCHED-TRACE 19550 5643 O 0 0
SCHED-TRACE 19551 5643 P 73 485e1e76d
SCHED-TRACE 19552 5644 K 52 47f4cb438
SCHED-TRACE 19553 5644 P 73 48797fbe8
SCHED-TRACE 19554 5645 P 73 488d3fbe8
SCHED-TRACE 19555 5645 I 52 344d20
SCHED-TRACE 19556 5645 B 52 f3
SCHED-TRACE 19557 5645 P 52 4844ec8b3
SCHED-TRACE 19558 5645 R 52 4844ec8b3
SCHED-TRACE 19559 5646 U 4 344e55
SCHED-TRACE 19560 5646 V 4 344f02
SCHED-TRACE 19561 5646 O 0 0
SCHED-TRACE 19562 5646 P 52 486308b43
SCHED-TRACE 19563 5647 K 46 47f69fbe6
SCHED-TRACE 19564 5647 P 52 487e5d2f1
SCHED-TRACE 19565 5648 P 52 48921fbe6
SCHED-TRACE 19566 5648 I 46 345437
SCHED-TRACE 19567 5648 B 46 f0
SCHED-TRACE 19568 5648 P 46 4846b9580
SCHED-TRACE 19569 5648 R 46 4846b9580
SCHED-TRACE 19570 5649 U 4 34556c
SCHED-TRACE 19571 5649 V 4 345619
SCHED-TRACE 19572 5649 O 0 0
SCHED-TRACE 19573 5649 P 46 4864e4dd2
SCHED-TRACE 19574 5650 K 49 47f7276c8
SCHED-TRACE 19575 5650 P 46 488036c8a
SCHED-TRACE 19576 5651 P 46 4893f1a9f
SCHED-TRACE 19577 5651 I 49 345b4e
SCHED-TRACE 19578 5651 B 49 f1
SCHED-TRACE 19579 5651 P 49 484743958
SCHED-TRACE 19580 5651 R 49 484743958
SCHED-TRACE 19581 5652 U 4 345c83
SCHED-TRACE 19582 5652 V 4 345d30
SCHED-TRACE 19583 5652 O 0 0
SCHED-TRACE 19584 5652 P 49 486579581
SCHED-TRACE 19585 5653 K 76 47f7add2f
SCHED-TRACE 19586 5653 P 49 4880dfbe7
SCHED-TRACE 19587 5654 P 49 48949d2f1
SCHED-TRACE 19588 5654 I 76 346266
SCHED-TRACE 19589 5654 B 76 f2
SCHED-TRACE 19590 5654 P 76 4847c76c8
SCHED-TRACE 19591 5654 R 76 4847c76c8
SCHED-TRACE 19592 5655 U 4 34639a
SCHED-TRACE 19593 5655 V 4 346446
SCHED-TRACE 19594 5655 O 0 0
SCHED-TRACE 19595 5655 P 76 4865bfbe7
SCHED-TRACE 19596 5656 K 55 47f8224dc
SCHED-TRACE 19597 5656 P 76 488128b43
SCHED-TRACE 19598 5657 P 76 4894edd2f
SCHED-TRACE 19599 5657 I 55 34697c
SCHED-TRACE 19600 5657 B 55 f3
SCHED-TRACE 19601 5657 P 55 48482c8b3
SCHED-TRACE 19602 5657 R 55 48482c8b3
SCHED-TRACE 19603 5658 U 4 346ab1
SCHED-TRACE 19604 5658 V 4 346b5e
SCHED-TRACE 19605 5658 O 0 0
SCHED-TRACE 19606 5658 P 55 486650624
SCHED-TRACE 19607 5659 K 40 47f836c8a
SCHED-TRACE 19608 5659 P 55 4881b9580
SCHED-TRACE 19609 5660 P 55 489579580
SCHED-TRACE 19610 5660 I 40 347094
SCHED-TRACE 19611 5660 B 40 f2
SCHED-TRACE 19612 5660 P 40 48485580f
SCHED-TRACE 19613 5660 R 40 48485580f
SCHED-TRACE 19614 5661 U 4 3471ca
SCHED-TRACE 19615 5661 V 4 347277
SCHED-TRACE 19616 5661 O 0 0
SCHED-TRACE 19617 5661 P 40 486690624
SCHED-TRACE 19618 5662 K 40 486690624
SCHED-TRACE 19619 5662 P 40 4881f1a9f
SCHED-TRACE 19620 5663 I 40 3477ad
SCHED-TRACE 19621 5663 B 40 f3
SCHED-TRACE 19622 5663 P 40 48e5d580f
SCHED-TRACE 19623 5663 R 40 48e5d580f
SCHED-TRACE 19624 5664 U 4 3478e2
SCHED-TRACE 19625 5664 V 4 34798f
SCHED-TRACE 19626 5664 O 0 0
SCHED-TRACE 19627 5664 P 40 490410624
SCHED-TRACE 19628 5665 K 31 488198106
SCHED-TRACE 19629 5665 P 40 491f74395
SCHED-TRACE 19630 5666 P 40 493331a9f
SCHED-TRACE 19631 5666 I 31 347ec5
SCHED-TRACE 19632 5666 B 31 f2
SCHED-TRACE 19633 5666 P 31 48d1b6c8b
SCHED-TRACE 19634 5666 R 31 48d1b6c8b
SCHED-TRACE 19635 5667 U 4 347ff8
SCHED-TRACE 19636 5667 V 4 3480a4
SCHED-TRACE 19637 5667 O 0 0
SCHED-TRACE 19638 5667 P 31 48efa9fbe
SCHED-TRACE 19639 5668 K 64 4882b6c8a
SCHED-TRACE 19640 5668 P 31 490b12f1a
SCHED-TRACE 19641 5669 P 31 491ed8106
SCHED-TRACE 19642 5669 I 64 3485da
SCHED-TRACE 19643 5669 B 64 f4
SCHED-TRACE 19644 5669 P 64 48d2bbe76
SCHED-TRACE 19645 5669 R 64 48d2bbe76
SCHED-TRACE 19646 5670 U 4 34870f
SCHED-TRACE 19647 5670 V 4 3487ba
SCHED-TRACE 19648 5670 O 0 0
SCHED-TRACE 19649 5670 P 64 48f09d2f1
SCHED-TRACE 19650 5671 K 34 488508b43
SCHED-TRACE 19651 5671 P 64 490c01061
SCHED-TRACE 19652 5672 P 64 491fc3957
SCHED-TRACE 19653 5672 I 34 348cef
SCHED-TRACE 19654 5672 B 34 f4
SCHED-TRACE 19655 5672 P 34 48d51fbe7
SCHED-TRACE 19656 5672 R 34 48d51fbe7
SCHED-TRACE 19657 5673 U 4 348e23
SCHED-TRACE 19658 5673 V 4 348ecf
SCHED-TRACE 19659 5673 O 0 0
SCHED-TRACE 19660 5673 P 34 48f312f1a
SCHED-TRACE 19661 5674 K 70 4885c624d
SCHED-TRACE 19662 5674 P 34 490e624dd
SCHED-TRACE 19663 5675 P 34 492224dd2
SCHED-TRACE 19664 5675 I 70 349405
SCHED-TRACE 19665 5675 B 70 ee
SCHED-TRACE 19666 5675 P 70 48d5ec8b4
SCHED-TRACE 19667 5675 R 70 48d5ec8b4
SCHED-TRACE 19668 5676 U 4 349539
SCHED-TRACE 19669 5676 V 4 3495e5
SCHED-TRACE 19670 5676 O 0 0
SCHED-TRACE 19671 5676 P 70 48f3f1a9f
SCHED-TRACE 19672 5677 K 67 4885cdd2e
SCHED-TRACE 19673 5677 P 70 490f43958
SCHED-TRACE 19674 5678 P 70 492301062
SCHED-TRACE 19675 5678 I 67 349b1b
SCHED-TRACE 19676 5678 B 67 f1
SCHED-TRACE 19677 5678 P 67 48d5f6c8a
SCHED-TRACE 19678 5678 R 67 48d5f6c8a
SCHED-TRACE 19679 5679 U 4 349c4f
SCHED-TRACE 19680 5679 V 4 349cfb
SCHED-TRACE 19681 5679 O 0 0
SCHED-TRACE 19682 5679 P 67 48f403957
SCHED-TRACE 19683 5680 K 37 48873be77
SCHED-TRACE 19684 5680 P 67 490f69fbe
SCHED-TRACE 19685 5681 P 67 4923276c8
SCHED-TRACE 19686 5681 I 37 34a231
SCHED-TRACE 19687 5681 B 37 f2
SCHED-TRACE 19688 5681 P 37 48d748b43
SCHED-TRACE 19689 5681 R 37 48d748b43
SCHED-TRACE 19690 5682 U 4 34a365
SCHED-TRACE 19691 5682 V 4 34a411
SCHED-TRACE 19692 5682 O 0 0
SCHED-TRACE 19693 5682 P 37 48f54624e
SCHED-TRACE 19694 5683 K 61 488aa9fbe
SCHED-TRACE 19695 5683 P 37 4910b1a9f
SCHED-TRACE 19696 5684 P 37 49247be77
SCHED-TRACE 19697 5684 I 61 34a948
SCHED-TRACE 19698 5684 B 61 f4
SCHED-TRACE 19699 5684 P 61 48dac3958
SCHED-TRACE 19700 5684 R 61 48dac3958
SCHED-TRACE 19701 5685 U 4 34aa7d
SCHED-TRACE 19702 5685 V 4 34ab2a
SCHED-TRACE 19703 5685 O 0 0
SCHED-TRACE 19704 5685 P 61 48f8e9fbe
SCHED-TRACE 19705 5686 K 58 488cd2f1a
SCHED-TRACE 19706 5686 P 61 491450624
SCHED-TRACE 19707 5687 P 61 492815810
SCHED-TRACE 19708 5687 I 58 34b060
SCHED-TRACE 19709 5687 B 58 f2
SCHED-TRACE 19710 5687 P 58 48dce76c8
SCHED-TRACE 19711 5687 R 58 48dce76c8
SCHED-TRACE 19712 5688 U 4 34b195
SCHED-TRACE 19713 5688 V 4 34b241
SCHED-TRACE 19714 5688 O 0 0
SCHED-TRACE 19715 5688 P 58 48fb0dd2e
SCHED-TRACE 19716 5689 K 73 488d3fbe8
SCHED-TRACE 19717 5689 P 58 491671a9f
SCHED-TRACE 19718 5690 P 58 492a34395
SCHED-TRACE 19719 5690 I 73 34b777
SCHED-TRACE 19720 5690 B 73 f2
SCHED-TRACE 19721 5690 P 73 48dd49fbf
SCHED-TRACE 19722 5690 R 73 48dd49fbf
SCHED-TRACE 19723 5691 U 4 34b8ab
SCHED-TRACE 19724 5691 V 4 34b957
SCHED-TRACE 19725 5691 O 0 0
SCHED-TRACE 19726 5691 P 73 48fb5e76d
SCHED-TRACE 19727 5692 K 52 48921fbe6
SCHED-TRACE 19728 5692 P 73 4916cc8b4
SCHED-TRACE 19729 5693 P 73 492a8c8b4
SCHED-TRACE 19730 5693 I 52 34be8e
SCHED-TRACE 19731 5693 B 52 f2
SCHED-TRACE 19732 5693 P 52 48e23be76
SCHED-TRACE 19733 5693 R 52 48e23be76
SCHED-TRACE 19734 5694 U 4 34bfc4
SCHED-TRACE 19735 5694 V 4 34c070
SCHED-TRACE 19736 5694 O 0 0
SCHED-TRACE 19737 5694 P 52 490064dd2
SCHED-TRACE 19738 5695 K 46 4893f1a9f
SCHED-TRACE 19739 5695 P 52 491bd2f1a
SCHED-TRACE 19740 5696 P 52 492f9d2f1
SCHED-TRACE 19741 5696 I 46 34c5a7
SCHED-TRACE 19742 5696 B 46 f4
SCHED-TRACE 19743 5696 P 46 48e403957
SCHED-TRACE 19744 5696 R 46 48e403957
SCHED-TRACE 19745 5697 U 4 34c6dd
SCHED-TRACE 19746 5697 V 4 34c788
SCHED-TRACE 19747 5697 O 0 0
SCHED-TRACE 19748 5697 P 46 4901ec8b3
SCHED-TRACE 19749 5698 K 49 48949d2f1
SCHED-TRACE 19750 5698 P 46 491d50624
SCHED-TRACE 19751 5699 P 46 493110624
SCHED-TRACE 19752 5699 I 49 34ccbc
SCHED-TRACE 19753 5699 B 49 f3
SCHED-TRACE 19754 5699 P 49 48e4af1aa
SCHED-TRACE 19755 5699 R 49 48e4af1aa
SCHED-TRACE 19756 5700 U 4 34cdf2
SCHED-TRACE 19757 5700 V 4 34ce9e
SCHED-TRACE 19758 5700 O 0 0
SCHED-TRACE 19759 5700 P 49 4902da9fb
SCHED-TRACE 19760 5701 K 76 4894edd2f
SCHED-TRACE 19761 5701 P 49 491e2f1aa
SCHED-TRACE 19762 5702 P 49 4931ef1aa
SCHED-TRACE 19763 5702 I 76 34d3d4
SCHED-TRACE 19764 5702 B 76 f1
SCHED-TRACE 19765 5702 P 76 48e519581
SCHED-TRACE 19766 5702 R 76 48e519581
SCHED-TRACE 19767 5703 U 4 34d507
SCHED-TRACE 19768 5703 V 4 34d5b4
SCHED-TRACE 19769 5703 O 0 0
SCHED-TRACE 19770 5703 P 76 490316c8b
SCHED-TRACE 19771 5704 K 55 489579580
SCHED-TRACE 19772 5704 P 76 491e68b43
SCHED-TRACE 19773 5705 P 76 493223958
SCHED-TRACE 19774 5705 I 55 34dae9
SCHED-TRACE 19775 5705 B 55 f2
SCHED-TRACE 19776 5705 P 55 48e590624
SCHED-TRACE 19777 5705 R 55 48e590624
SCHED-TRACE 19778 5706 U 4 34dc1e
SCHED-TRACE 19779 5706 V 4 34dcca
SCHED-TRACE 19780 5706 O 0 0
SCHED-TRACE 19781 5706 P 55 4903a9fbd
SCHED-TRACE 19782 5707 K 43 4895a24dd
SCHED-TRACE 19783 5707 P 55 491f08b43
SCHED-TRACE 19784 5708 P 55 4932c3957
SCHED-TRACE 19785 5708 I 43 34e200
SCHED-TRACE 19786 5708 B 43 f0
SCHED-TRACE 19787 5708 P 43 48e5c1062
SCHED-TRACE 19788 5708 R 43 48e5c1062
SCHED-TRACE 19789 5709 U 4 34e336
SCHED-TRACE 19790 5709 V 4 34e3e2
SCHED-TRACE 19791 5709 O 0 0
SCHED-TRACE 19792 5709 P 43 4903f1a9f
SCHED-TRACE 19793 5710 K 43 4903f1a9f
SCHED-TRACE 19794 5710 P 43 491f5a9fc
SCHED-TRACE 19795 5711 I 43 34e918
SCHED-TRACE 19796 5711 B 43 f4
SCHED-TRACE 19797 5711 P 43 498336c8b
SCHED-TRACE 19798 5711 R 43 498336c8b
SCHED-TRACE 19799 5712 U 4 34ea4e
SCHED-TRACE 19800 5712 V 4 34eafa
SCHED-TRACE 19801 5712 O 0 0
SCHED-TRACE 19802 5712 P 43 49a164dd3
SCHED-TRACE 19803 5713 K 31 491ed8106
SCHED-TRACE 19804 5713 P 43 49bcc624e
SCHED-TRACE 19805 5714 P 43 49d083958
SCHED-TRACE 19806 5714 I 31 34f030
SCHED-TRACE 19807 5714 B 31 f3
SCHED-TRACE 19808 5714 P 31 496ef9581
SCHED-TRACE 19809 5714 R 31 496ef9581
SCHED-TRACE 19810 5715 U 4 34f163
SCHED-TRACE 19811 5715 V 4 34f210
SCHED-TRACE 19812 5715 O 0 0
SCHED-TRACE 19813 5715 P 31 498cf1a9f
SCHED-TRACE 19814 5716 K 64 491fc3957
SCHED-TRACE 19815 5716 P 31 49a855810
SCHED-TRACE 19816 5717 P 31 49bc18106
SCHED-TRACE 19817 5717 I 64 34f746
SCHED-TRACE 19818 5717 B 64 f3
SCHED-TRACE 19819 5717 P 64 496fe24dc
SCHED-TRACE 19820 5717 R 64 496fe24dc
SCHED-TRACE 19821 5718 U 4 34f87a
SCHED-TRACE 19822 5718 V 4 34f927
SCHED-TRACE 19823 5718 O 0 0
SCHED-TRACE 19824 5718 P 64 498e01061
SCHED-TRACE 19825 5719 K 34 492224dd2
SCHED-TRACE 19826 5719 P 64 49a964dd2
SCHED-TRACE 19827 5720 P 64 49bd24dd2
SCHED-TRACE 19828 5720 I 34 34fe5d
SCHED-TRACE 19829 5720 B 34 f1
SCHED-TRACE 19830 5720 P 34 49723e76c
SCHED-TRACE 19831 5720 R 34 49723e76c
SCHED-TRACE 19832 5721 U 4 34ff91
SCHED-TRACE 19833 5721 V 4 35003d
SCHED-TRACE 19834 5721 O 0 0
SCHED-TRACE 19835 5721 P 34 49902c8b4
SCHED-TRACE 19836 5722 K 70 492301062
SCHED-TRACE 19837 5722 P 34 49ab95810
SCHED-TRACE 19838 5723 P 34 49bf5a9fb
SCHED-TRACE 19839 5723 I 70 350573
SCHED-TRACE 19840 5723 B 70 f3
SCHED-TRACE 19841 5723 P 70 497318106
SCHED-TRACE 19842 5723 R 70 497318106
SCHED-TRACE 19843 5724 U 4 3506a8
SCHED-TRACE 19844 5724 V 4 350754
SCHED-TRACE 19845 5724 O 0 0
SCHED-TRACE 19846 5724 P 70 49911fbe7
SCHED-TRACE 19847 5725 K 67 4923276c8
SCHED-TRACE 19848 5725 P 70 49ac88b43
SCHED-TRACE 19849 5726 P 70 49c048b43
SCHED-TRACE 19850 5726 I 67 350c8a
SCHED-TRACE 19851 5726 B 67 f3
SCHED-TRACE 19852 5726 P 67 49734624d
SCHED-TRACE 19853 5726 R 67 49734624d
SCHED-TRACE 19854 5727 U 4 350dbf
SCHED-TRACE 19855 5727 V 4 350e6b
SCHED-TRACE 19856 5727 O 0 0
SCHED-TRACE 19857 5727 P 67 499152f1a
SCHED-TRACE 19858 5728 K 37 49247be77
SCHED-TRACE 19859 5728 P 67 49aca76c8
SCHED-TRACE 19860 5729 P 67 49c0676c8
SCHED-TRACE 19861 5729 I 37 3513a1
SCHED-TRACE 19862 5729 B 37 ef
SCHED-TRACE 19863 5729 P 37 497495810
SCHED-TRACE 19864 5729 R 37 497495810
SCHED-TRACE 19865 5730 U 4 3514d4
SCHED-TRACE 19866 5730 V 4 351581
SCHED-TRACE 19867 5730 O 0 0
SCHED-TRACE 19868 5730 P 37 499292f1a
SCHED-TRACE 19869 5731 K 61 492815810
SCHED-TRACE 19870 5731 P 37 49adf1a9f
SCHED-TRACE 19871 5732 P 37 49c1b4395
SCHED-TRACE 19872 5732 I 61 351ab7
SCHED-TRACE 19873 5732 B 61 f2
SCHED-TRACE 19874 5732 P 61 497831a9f
SCHED-TRACE 19875 5732 R 61 497831a9f
SCHED-TRACE 19876 5733 U 4 351bec
SCHED-TRACE 19877 5733 V 4 351c98
SCHED-TRACE 19878 5733 O 0 0
SCHED-TRACE 19879 5733 P 61 49964b439
SCHED-TRACE 19880 5734 K 58 492a34395
SCHED-TRACE 19881 5734 P 61 49b1ac8b4
SCHED-TRACE 19882 5735 P 61 49c56f1aa
SCHED-TRACE 19883 5735 I 58 3521cf
SCHED-TRACE 19884 5735 B 58 f1
SCHED-TRACE 19885 5735 P 58 497a52f1a
SCHED-TRACE 19886 5735 R 58 497a52f1a
SCHED-TRACE 19887 5736 U 4 352304
SCHED-TRACE 19888 5736 V 4 3523b0
SCHED-TRACE 19889 5736 O 0 0
SCHED-TRACE 19890 5736 P 58 499871a9f
SCHED-TRACE 19891 5737 K 73 492a8c8b4
SCHED-TRACE 19892 5737 P 58 49b3dd2f1
SCHED-TRACE 19893 5738 P 58 49c79fbe7
SCHED-TRACE 19894 5738 I 73 3528e6
SCHED-TRACE 19895 5738 B 73 f4
SCHED-TRACE 19896 5738 P 73 497a94396
SCHED-TRACE 19897 5738 R 73 497a94396
SCHED-TRACE 19898 5739 U 4 352a1a
SCHED-TRACE 19899 5739 V 4 352ac7
SCHED-TRACE 19900 5739 O 0 0
SCHED-TRACE 19901 5739 P 73 4998a1062
SCHED-TRACE 19902 5740 K 52 492f9d2f1
SCHED-TRACE 19903 5740 P 73 49b4024dd
SCHED-TRACE 19904 5741 P 73 49c7c76c9
SCHED-TRACE 19905 5741 I 52 352ffd
SCHED-TRACE 19906 5741 B 52 f3
SCHED-TRACE 19907 5741 P 52 497fb6c8a
SCHED-TRACE 19908 5741 R 52 497fb6c8a
SCHED-TRACE 19909 5742 U 4 353132
SCHED-TRACE 19910 5742 V 4 3531df
SCHED-TRACE 19911 5742 O 0 0
SCHED-TRACE 19912 5742 P 52 499de9fbe
SCHED-TRACE 19913 5743 K 46 493110624
SCHED-TRACE 19914 5743 P 52 49b94dd2e
SCHED-TRACE 19915 5744 P 52 49cd10624
SCHED-TRACE 19916 5744 I 46 353715
SCHED-TRACE 19917 5744 B 46 f2
SCHED-TRACE 19918 5744 P 46 498124dd2
SCHED-TRACE 19919 5744 R 46 498124dd2
SCHED-TRACE 19920 5745 U 4 35384a
SCHED-TRACE 19921 5745 V 4 3538f6
SCHED-TRACE 19922 5745 O 0 0
SCHED-TRACE 19923 5745 P 46 499f48b43
SCHED-TRACE 19924 5746 K 49 4931ef1aa
SCHED-TRACE 19925 5746 P 46 49baaf1a9
SCHED-TRACE 19926 5747 P 46 49ce6f1a9
SCHED-TRACE 19927 5747 I 49 353e2c
SCHED-TRACE 19928 5747 B 49 f3
SCHED-TRACE 19929 5747 P 49 498201062
SCHED-TRACE 19930 5747 R 49 498201062
SCHED-TRACE 19931 5748 U 4 353f62
SCHED-TRACE 19932 5748 V 4 35400e
SCHED-TRACE 19933 5748 O 0 0
SCHED-TRACE 19934 5748 P 49 49a01d2f1
SCHED-TRACE 19935 5749 K 76 493223958
SCHED-TRACE 19936 5749 P 49 49bb88b43
SCHED-TRACE 19937 5750 P 49 49cf4b439
SCHED-TRACE 19938 5750 I 76 354544
SCHED-TRACE 19939 5750 B 76 f4
SCHED-TRACE 19940 5750 P 76 49823d2f1
SCHED-TRACE 19941 5750 R 76 49823d2f1
SCHED-TRACE 19942 5751 U 4 354679
SCHED-TRACE 19943 5751 V 4 354725
SCHED-TRACE 19944 5751 O 0 0
SCHED-TRACE 19945 5751 P 76 49a03d2f1
SCHED-TRACE 19946 5752 K 55 4932c3957
SCHED-TRACE 19947 5752 P 76 49bb99581
SCHED-TRACE 19948 5753 P 76 49cf59581
SCHED-TRACE 19949 5753 I 55 354c5a
SCHED-TRACE 19950 5753 B 55 f3
SCHED-TRACE 19951 5753 P 55 4982dd2f1
SCHED-TRACE 19952 5753 R 55 4982dd2f1
SCHED-TRACE 19953 5754 U 4 354d8f
SCHED-TRACE 19954 5754 V 4 354e3c
SCHED-TRACE 19955 5754 O 0 0
SCHED-TRACE 19956 5754 P 55 49a10624d
SCHED-TRACE 19957 5755 K 40 493331a9f
SCHED-TRACE 19958 5755 P 55 49bc64dd2
SCHED-TRACE 19959 5756 P 55 49d01fbe6
SCHED-TRACE 19960 5756 I 40 355372
SCHED-TRACE 19961 5756 B 40 f4
SCHED-TRACE 19962 5756 P 40 49835d2f1
SCHED-TRACE 19963 5756 R 40 49835d2f1
SCHED-TRACE 19964 5757 U 4 3554a8
SCHED-TRACE 19965 5757 V 4 355555
SCHED-TRACE 19966 5757 O 0 0
SCHED-TRACE 19967 5757 P 40 49a19d2f1
SCHED-TRACE 19968 5758 K 40 49a19d2f1
SCHED-TRACE 19969 5758 P 40 49bd08b43
SCHED-TRACE 19970 5759 I 40 355a8b
SCHED-TRACE 19971 5759 B 40 f3
SCHED-TRACE 19972 5759 P 40 4a20dd2f1
SCHED-TRACE 19973 5759 R 40 4a20dd2f1
SCHED-TRACE 19974 5760 U 4 355bc1
SCHED-TRACE 19975 5760 V 4 355c6e
SCHED-TRACE 19976 5760 O 0 0
SCHED-TRACE 19977 5760 P 40 4a3f10624
SCHED-TRACE 19978 5761 K 31 49bc18106
SCHED-TRACE 19979 5761 P 40 4a5a6c8b3
SCHED-TRACE 19980 5762 P 40 4a6e2c8b3
SCHED-TRACE 19981 5762 I 31 3561a4
SCHED-TRACE 19982 5762 B 31 ee
SCHED-TRACE 19983 5762 P 31 4a0c34395
SCHED-TRACE 19984 5762 R 31 4a0c34395
SCHED-TRACE 19985 5763 U 4 3562d7
SCHED-TRACE 19986 5763 V 4 356384
SCHED-TRACE 19987 5763 O 0 0
SCHED-TRACE 19988 5763 P 31 4a2a276c8
SCHED-TRACE 19989 5764 K 64 49bd24dd2
SCHED-TRACE 19990 5764 P 31 4a4595810
SCHED-TRACE 19991 5765 P 31 4a595d2f1
SCHED-TRACE 19992 5765 I 64 3568ba
SCHED-TRACE 19993 5765 B 64 f3
SCHED-TRACE 19994 5765 P 64 4a0d39580
SCHED-TRACE 19995 5765 R 64 4a0d39580
SCHED-TRACE 19996 5766 U 4 3569ef
SCHED-TRACE 19997 5766 V 4 356a9c
SCHED-TRACE 19998 5766 O 0 0
SCHED-TRACE 19999 5766 P 64 4a2b58105
SCHED-TRACE 20000 5767 K 34 49bf5a9fb
SCHED-TRACE 20001 5767 P 64 4a46bbe76
SCHED-TRACE 20002 5768 P 64 4a5a7e76c
SCHED-TRACE 20003 5768 I 34 356fd2
SCHED-TRACE 20004 5768 B 34 f3
SCHED-TRACE 20005 5768 P 34 4a0f7be76
SCHED-TRACE 20006 5768 R 34 4a0f7be76
SCHED-TRACE 20007 5769 U 4 357105
SCHED-TRACE 20008 5769 V 4 3571b2
SCHED-TRACE 20009 5769 O 0 0
SCHED-TRACE 20010 5769 P 34 4a2d7e76c
SCHED-TRACE 20011 5770 K 70 49c048b43
SCHED-TRACE 20012 5770 P 34 4a48e24dd
SCHED-TRACE 20013 5771 P 34 4a5ca4dd2
SCHED-TRACE 20014 5771 I 70 3576e8
SCHED-TRACE 20015 5771 B 70 f3
SCHED-TRACE 20016 5771 P 70 4a105a9fc
SCHED-TRACE 20017 5771 R 70 4a105a9fc
SCHED-TRACE 20018 5772 U 4 35781b
SCHED-TRACE 20019 5772 V 4 3578c8
SCHED-TRACE 20020 5772 O 0 0
SCHED-TRACE 20021 5772 P 70 4a2e5d2f1
SCHED-TRACE 20022 5773 K 67 49c0676c8
SCHED-TRACE 20023 5773 P 70 4a49c3958
SCHED-TRACE 20024 5774 P 70 4a5d83958
SCHED-TRACE 20025 5774 I 67 357dfe
SCHED-TRACE 20026 5774 B 67 f3
SCHED-TRACE 20027 5774 P 67 4a1081061
SCHED-TRACE 20028 5774 R 67 4a1081061
SCHED-TRACE 20029 5775 U 4 357f33
SCHED-TRACE 20030 5775 V 4 357fdf
SCHED-TRACE 20031 5775 O 0 0
SCHED-TRACE 20032 5775 P 67 4a2e83957
SCHED-TRACE 20033 5776 K 37 49c1b4395
SCHED-TRACE 20034 5776 P 67 4a49ef1a9
SCHED-TRACE 20035 5777 P 67 4a5daf1a9
SCHED-TRACE 20036 5777 I 37 358515
SCHED-TRACE 20037 5777 B 37 f2
SCHED-TRACE 20038 5777 P 37 4a11d0625
SCHED-TRACE 20039 5777 R 37 4a11d0625
SCHED-TRACE 20040 5778 U 4 358649
SCHED-TRACE 20041 5778 V 4 3586f6
SCHED-TRACE 20042 5778 O 0 0
SCHED-TRACE 20043 5778 P 37 4a2fcb439
SCHED-TRACE 20044 5779 K 61 49c56f1aa
SCHED-TRACE 20045 5779 P 37 4a4b1fbe7
SCHED-TRACE 20046 5780 P 37 4a5ee76c8
SCHED-TRACE 20047 5780 I 61 358c2b
SCHED-TRACE 20048 5780 B 61 f4
SCHED-TRACE 20049 5780 P 61 4a1590624
SCHED-TRACE 20050 5780 R 61 4a1590624
SCHED-TRACE 20051 5781 U 4 358d60
SCHED-TRACE 20052 5781 V 4 358e0d
SCHED-TRACE 20053 5781 O 0 0
SCHED-TRACE 20054 5781 P 61 4a33b9581
SCHED-TRACE 20055 5782 K 58 49c79fbe7
SCHED-TRACE 20056 5782 P 61 4a4f1a9fb
SCHED-TRACE 20057 5783 P 61 4a62dd2f1
SCHED-TRACE 20058 5783 I 58 359343
SCHED-TRACE 20059 5783 B 58 f4
SCHED-TRACE 20060 5783 P 58 4a17bbe76
SCHED-TRACE 20061 5783 R 58 4a17bbe76
SCHED-TRACE 20062 5784 U 4 359478
SCHED-TRACE 20063 5784 V 4 359525
SCHED-TRACE 20064 5784 O 0 0
SCHED-TRACE 20065 5784 P 58 4a35e4dd2
SCHED-TRACE 20066 5785 K 73 49c7c76c9
SCHED-TRACE 20067 5785 P 58 4a514dd2e
SCHED-TRACE 20068 5786 P 58 4a650b439
SCHED-TRACE 20069 5786 I 73 359a5b
SCHED-TRACE 20070 5786 B 73 f2
SCHED-TRACE 20071 5786 P 73 4a17d9581
SCHED-TRACE 20072 5786 R 73 4a17d9581
SCHED-TRACE 20073 5787 U 4 359b8f
SCHED-TRACE 20074 5787 V 4 359c3b
SCHED-TRACE 20075 5787 O 0 0
SCHED-TRACE 20076 5787 P 73 4a35d9581
SCHED-TRACE 20077 5788 K 52 49cd10624
SCHED-TRACE 20078 5788 P 73 4a513d2f2
SCHED-TRACE 20079 5789 P 73 4a65024dd
SCHED-TRACE 20080 5789 U 3 35a4e8
SCHED-TRACE 20081 5789 V 3 35a78f
SCHED-TRACE 20082 5790 P 1 49cd10624
SCHED-TRACE 20083 5790 W 1 49cd10624
SCHED-TRACE 20084 5790 U 4 35a829
SCHED-TRACE 20085 5790 V 4 35a8d9
SCHED-TRACE 20086 5790 I 52 35a8e2
SCHED-TRACE 20087 5790 B 52 f3
SCHED-TRACE 20088 5790 P 52 4a8881061
SCHED-TRACE 20089 5790 R 52 4a8881061
SCHED-TRACE 20090 5791 O 0 0
SCHED-TRACE 20091 5791 P 52 4aa601061
SCHED-TRACE 20092 5792 K 1 49cd10624
SCHED-TRACE 20093 5792 P 52 4ac271a9f
SCHED-TRACE 20094 5793 U 4 35ac65
SCHED-TRACE 20095 5793 V 4 35ad17
SCHED-TRACE 20096 5793 P 52 4ad93e76c
SCHED-TRACE 20097 5793 U 3 35ae5e
SCHED-TRACE 20098 5793 V 3 35b11f
SCHED-TRACE 20099 5793 P 1 49d0722d0
SCHED-TRACE 20100 5793 D 1 49d0722d0
SCHED-TRACE 20101 5795 K 46 49ce6f1a9
SCHED-TRACE 20102 5796 U 4 35b443
SCHED-TRACE 20103 5796 V 4 35b4ee
SCHED-TRACE 20104 5796 U 3 35b942
SCHED-TRACE 20105 5796 V 3 35bbe9
SCHED-TRACE 20106 5797 W 1 49d7f4395
SCHED-TRACE 20107 5797 U 4 35bc82
SCHED-TRACE 20108 5797 V 4 35bd34
SCHED-TRACE 20109 5797 I 46 35bd3d
SCHED-TRACE 20110 5797 B 46 f1
SCHED-TRACE 20111 5797 P 46 4a51c1061
SCHED-TRACE 20112 5797 R 46 4a51c1061
SCHED-TRACE 20113 5798 O 0 0
SCHED-TRACE 20114 5798 P 46 4a6f43957
SCHED-TRACE 20115 5799 K 49 49cf4b439
SCHED-TRACE 20116 5799 P 46 4a8baf1a9
SCHED-TRACE 20117 5800 U 4 35c0bf
SCHED-TRACE 20118 5800 V 4 35c170
SCHED-TRACE 20119 5800 P 46 4aa288b43
SCHED-TRACE 20120 5800 U 3 35c342
SCHED-TRACE 20121 5800 V 3 35c644
SCHED-TRACE 20122 5800 P 49 49fefe76c
SCHED-TRACE 20123 5800 D 49 49fefe76c
SCHED-TRACE 20124 5802 K 76 49cf59581
SCHED-TRACE 20125 5803 U 4 35c964
SCHED-TRACE 20126 5803 V 4 35ca0c
SCHED-TRACE 20127 5803 U 3 35cbfd
SCHED-TRACE 20128 5803 V 3 35cf51
SCHED-TRACE 20129 5803 P 76 4a022dd2f
SCHED-TRACE 20130 5803 D 76 4a022dd2f
SCHED-TRACE 20131 5805 K 55 49d01fbe6
SCHED-TRACE 20132 5806 U 4 35d24d
SCHED-TRACE 20133 5806 V 4 35d2ee
SCHED-TRACE 20134 5806 U 3 35d513
SCHED-TRACE 20135 5806 V 3 35d8b9
SCHED-TRACE 20136 5806 P 55 4a0841061
SCHED-TRACE 20137 5806 D 55 4a0841061
SCHED-TRACE 20138 5808 K 43 49d083958
SCHED-TRACE 20139 5809 U 4 35db92
SCHED-TRACE 20140 5809 V 4 35dc2d
SCHED-TRACE 20141 5809 U 3 35de78
SCHED-TRACE 20142 5809 V 3 35e270
SCHED-TRACE 20143 5809 P 43 4a0c71a9f
SCHED-TRACE 20144 5809 D 43 4a0c71a9f
SCHED-TRACE 20145 5811 K 1 49d7f4395
SCHED-TRACE 20146 5812 U 4 35e525
SCHED-TRACE 20147 5812 V 4 35e5b9
SCHED-TRACE 20148 5812 U 3 35e998
SCHED-TRACE 20149 5812 V 3 35ed3e
SCHED-TRACE 20150 5813 W 49 4a49be76c
SCHED-TRACE 20151 5813 U 4 35edc3
SCHED-TRACE 20152 5813 V 4 35ee5f
SCHED-TRACE 20153 5813 I 1 35ee67
SCHED-TRACE 20154 5813 B 1 f4
SCHED-TRACE 20155 5813 P 1 49e3b78d4
SCHED-TRACE 20156 5813 R 1 49e3b78d4
SCHED-TRACE 20157 5814 O 0 0
SCHED-TRACE 20158 5814 P 1 49e644dd2
SCHED-TRACE 20159 5815 K 1 49e644dd2
SCHED-TRACE 20160 5815 P 1 49e8cd916
SCHED-TRACE 20161 5816 U 3 35f51f
SCHED-TRACE 20162 5816 V 3 35f873
SCHED-TRACE 20163 5817 W 76 4a4994395
SCHED-TRACE 20164 5817 U 4 35f8ff
SCHED-TRACE 20165 5817 V 4 35f9a3
SCHED-TRACE 20166 5817 I 1 35f9ab
SCHED-TRACE 20167 5817 B 1 f4
SCHED-TRACE 20168 5817 P 1 49f5e0830
SCHED-TRACE 20169 5817 R 1 49f5e0830
SCHED-TRACE 20170 5818 O 0 0
SCHED-TRACE 20171 5818 P 1 49f88fdf3
SCHED-TRACE 20172 5819 K 1 49f88fdf3
SCHED-TRACE 20173 5819 P 1 49fb32b01
SCHED-TRACE 20174 5820 U 3 360088
SCHED-TRACE 20175 5820 V 3 36038a
SCHED-TRACE 20176 5821 W 55 4a4c7be76
SCHED-TRACE 20177 5821 U 4 36041c
SCHED-TRACE 20178 5821 V 4 3604c7
SCHED-TRACE 20179 5821 I 1 3604d0
SCHED-TRACE 20180 5821 B 1 f3
SCHED-TRACE 20181 5821 P 1 4a087020b
SCHED-TRACE 20182 5821 R 1 4a087020b
SCHED-TRACE 20183 5822 O 0 0
SCHED-TRACE 20184 5822 P 1 4a0b4147a
SCHED-TRACE 20185 5823 K 1 4a0b4147a
SCHED-TRACE 20186 5823 P 1 4a0dfc28e
SCHED-TRACE 20187 5824 U 4 36082c
SCHED-TRACE 20188 5824 V 4 3608d6
SCHED-TRACE 20189 5824 U 3 360c70
SCHED-TRACE 20190 5824 V 3 360f17
SCHED-TRACE 20191 5825 W 43 4a4d69fbe
SCHED-TRACE 20192 5825 U 4 360faf
SCHED-TRACE 20193 5825 V 4 361061
SCHED-TRACE 20194 5825 I 1 361069
SCHED-TRACE 20195 5825 B 1 f4
SCHED-TRACE 20196 5825 P 1 4a1b6872a
SCHED-TRACE 20197 5825 R 1 4a1b6872a
SCHED-TRACE 20198 5826 O 0 0
SCHED-TRACE 20199 5826 P 1 4a1e5ae14
SCHED-TRACE 20200 5827 K 1 4a1e5ae14
SCHED-TRACE 20201 5827 P 1 4a21322d0
SCHED-TRACE 20202 5828 U 4 3613eb
SCHED-TRACE 20203 5828 V 4 36149d
SCHED-TRACE 20204 5828 U 3 36159b
SCHED-TRACE 20205 5828 V 3 36185c
SCHED-TRACE 20206 5828 P 1 4a2620418
SCHED-TRACE 20207 5828 D 1 4a2620418
SCHED-TRACE 20208 5830 K 76 4a4994395
SCHED-TRACE 20209 5831 U 4 361b7f
SCHED-TRACE 20210 5831 V 4 361c29
SCHED-TRACE 20211 5831 T 0 361cea
SCHED-TRACE 20212 5831 t 0 361d2b
SCHED-TRACE 20213 5831 U 3 363cb8
SCHED-TRACE 20214 5831 V 3 363f74
SCHED-TRACE 20215 5831 P 76 4d8c424dd
SCHED-TRACE 20216 5831 D 76 4d8c424dd
SCHED-TRACE 20217 5833 K 49 4a49be76c
SCHED-TRACE 20218 5834 U 4 364273
SCHED-TRACE 20219 5834 V 4 364313
SCHED-TRACE 20220 5834 T 0 3643d6
SCHED-TRACE 20221 5834 t 0 364417
SCHED-TRACE 20222 5834 U 3 3663a9
SCHED-TRACE 20223 5834 V 3 366660
SCHED-TRACE 20224 5834 P 49 4d8d1d2f1
SCHED-TRACE 20225 5834 D 49 4d8d1d2f1
SCHED-TRACE 20226 5836 K 55 4a4c7be76
SCHED-TRACE 20227 5837 U 4 366939
SCHED-TRACE 20228 5837 V 4 3669cf
SCHED-TRACE 20229 5837 T 0 366a8e
SCHED-TRACE 20230 5837 t 0 366acf
SCHED-TRACE 20231 5837 U 3 368a60
SCHED-TRACE 20232 5837 V 3 368d12
SCHED-TRACE 20233 5837 P 55 4d8f676c8
SCHED-TRACE 20234 5837 D 55 4d8f676c8
SCHED-TRACE 20235 5839 K 43 4a4d69fbe
SCHED-TRACE 20236 5840 U 4 368fc6
SCHED-TRACE 20237 5840 V 4 369051
SCHED-TRACE 20238 5840 T 0 36910d
SCHED-TRACE 20239 5840 t 0 36914f
SCHED-TRACE 20240 5840 U 3 36b0df
SCHED-TRACE 20241 5840 V 3 36b38c
SCHED-TRACE 20242 5840 P 43 4d8fec8b4
SCHED-TRACE 20243 5840 D 43 4d8fec8b4
SCHED-TRACE 20244 5842 K 31 4a595d2f1
SCHED-TRACE 20245 5843 U 4 36b61b
SCHED-TRACE 20246 5843 V 4 36b69e
SCHED-TRACE 20247 5843 U 3 36bae3
SCHED-TRACE 20248 5843 V 3 36bd76
SCHED-TRACE 20249 5844 P 1 4a595d2f1
SCHED-TRACE 20250 5844 W 1 4a595d2f1
SCHED-TRACE 20251 5844 U 4 36bdf7
SCHED-TRACE 20252 5844 V 4 36be80
SCHED-TRACE 20253 5844 I 31 36be89
SCHED-TRACE 20254 5844 B 31 f4
SCHED-TRACE 20255 5844 P 31 4ad8d5810
SCHED-TRACE 20256 5844 R 31 4ad8d5810
SCHED-TRACE 20257 5845 O 0 0
SCHED-TRACE 20258 5845 P 31 4af0e24dd
SCHED-TRACE 20259 5846 K 1 4a595d2f1
SCHED-TRACE 20260 5846 P 31 4b0901062
SCHED-TRACE 20261 5847 P 31 4b19dd2f1
SCHED-TRACE 20262 5847 U 3 36c2aa
SCHED-TRACE 20263 5847 V 3 36c557
SCHED-TRACE 20264 5847 P 1 4a5c9e354
SCHED-TRACE 20265 5847 D 1 4a5c9e354
SCHED-TRACE 20266 5849 K 64 4a5a7e76c
SCHED-TRACE 20267 5850 U 4 36c7e5
SCHED-TRACE 20268 5850 V 4 36c865
SCHED-TRACE 20269 5850 U 3 36ccb0
SCHED-TRACE 20270 5850 V 3 36cf43
SCHED-TRACE 20271 5851 W 1 4a62b9999
SCHED-TRACE 20272 5851 U 4 36cfc2
SCHED-TRACE 20273 5851 V 4 36d048
SCHED-TRACE 20274 5851 I 64 36d051
SCHED-TRACE 20275 5851 B 64 f1
SCHED-TRACE 20276 5851 P 64 4ada4624d
SCHED-TRACE 20277 5851 R 64 4ada4624d
SCHED-TRACE 20278 5852 O 0 0
SCHED-TRACE 20279 5852 P 64 4af271a9f
SCHED-TRACE 20280 5853 K 34 4a5ca4dd2
SCHED-TRACE 20281 5853 P 64 4b0a8b439
SCHED-TRACE 20282 5854 P 64 4b1b5a9fb
SCHED-TRACE 20283 5854 U 3 36d4e6
SCHED-TRACE 20284 5854 V 3 36d7d4
SCHED-TRACE 20285 5854 P 34 4a88d2f1a
SCHED-TRACE 20286 5854 D 34 4a88d2f1a
SCHED-TRACE 20287 5856 K 70 4a5d83958
SCHED-TRACE 20288 5857 U 4 36da61
SCHED-TRACE 20289 5857 V 4 36dae3
SCHED-TRACE 20290 5857 U 3 36dcc7
SCHED-TRACE 20291 5857 V 3 36e006
SCHED-TRACE 20292 5857 P 70 4a8f03958
SCHED-TRACE 20293 5857 D 70 4a8f03958
SCHED-TRACE 20294 5859 K 67 4a5daf1a9
SCHED-TRACE 20295 5860 U 4 36e270
SCHED-TRACE 20296 5860 V 4 36e2ec
SCHED-TRACE 20297 5860 U 3 36e4fd
SCHED-TRACE 20298 5860 V 3 36e890
SCHED-TRACE 20299 5860 P 67 4a93dd2f1
SCHED-TRACE 20300 5860 D 67 4a93dd2f1
SCHED-TRACE 20301 5862 K 37 4a5ee76c8
SCHED-TRACE 20302 5863 U 4 36ead4
SCHED-TRACE 20303 5863 V 4 36eb49
SCHED-TRACE 20304 5863 U 3 36ed9c
SCHED-TRACE 20305 5863 V 3 36f180
SCHED-TRACE 20306 5863 P 37 4a9b90625
SCHED-TRACE 20307 5863 D 37 4a9b90625
SCHED-TRACE 20308 5865 K 1 4a62b9999
SCHED-TRACE 20309 5866 U 4 36f3a0
SCHED-TRACE 20310 5866 V 4 36f40e
SCHED-TRACE 20311 5866 U 3 36f7df
SCHED-TRACE 20312 5866 V 3 36fb70
SCHED-TRACE 20313 5867 W 34 4ac61d2f1
SCHED-TRACE 20314 5867 U 4 36fbdb
SCHED-TRACE 20315 5867 V 4 36fc50
SCHED-TRACE 20316 5867 I 1 36fc59
SCHED-TRACE 20317 5867 B 1 ee
SCHED-TRACE 20318 5867 P 1 4a6e1374c
SCHED-TRACE 20319 5867 R 1 4a6e1374c
SCHED-TRACE 20320 5868 O 0 0
SCHED-TRACE 20321 5868 P 1 4a70178d5
SCHED-TRACE 20322 5869 K 61 4a62dd2f1
SCHED-TRACE 20323 5869 P 1 4a7231687
SCHED-TRACE 20324 5870 P 1 4a7394bc6
SCHED-TRACE 20325 5870 U 3 37011c
SCHED-TRACE 20326 5870 V 3 370500
SCHED-TRACE 20327 5870 P 61 4a9ea9fbe
SCHED-TRACE 20328 5870 D 61 4a9ea9fbe
SCHED-TRACE 20329 5872 K 73 4a65024dd
SCHED-TRACE 20330 5873 U 4 370721
SCHED-TRACE 20331 5873 V 4 37078e
SCHED-TRACE 20332 5873 U 3 370a10
SCHED-TRACE 20333 5873 V 3 370e46
SCHED-TRACE 20334 5873 P 73 4aa68c8b4
SCHED-TRACE 20335 5873 D 73 4aa68c8b4
SCHED-TRACE 20336 5875 K 58 4a650b439
SCHED-TRACE 20337 5876 U 4 371041
SCHED-TRACE 20338 5876 V 4 3710a7
SCHED-TRACE 20339 5876 U 3 371347
SCHED-TRACE 20340 5876 V 3 3717cf
SCHED-TRACE 20341 5876 P 58 4aa952f1a
SCHED-TRACE 20342 5876 D 58 4aa952f1a
SCHED-TRACE 20343 5878 K 40 4a6e2c8b3
SCHED-TRACE 20344 5879 U 4 3719a5
SCHED-TRACE 20345 5879 V 4 371a06
SCHED-TRACE 20346 5879 U 3 371ce1
SCHED-TRACE 20347 5879 V 3 3721bb
SCHED-TRACE 20348 5879 P 40 4ab876c8a
SCHED-TRACE 20349 5879 D 40 4ab876c8a
SCHED-TRACE 20350 5881 K 1 4a7394bc6
SCHED-TRACE 20351 5882 U 4 37236e
SCHED-TRACE 20352 5882 V 4 3723c9
SCHED-TRACE 20353 5882 U 3 372791
SCHED-TRACE 20354 5882 V 3 372c18
SCHED-TRACE 20355 5883 W 70 4ac918106
SCHED-TRACE 20356 5883 U 4 372c6f
SCHED-TRACE 20357 5883 V 4 372cd1
SCHED-TRACE 20358 5883 I 1 372cda
SCHED-TRACE 20359 5883 B 1 f4
SCHED-TRACE 20360 5883 P 1 4a7ea9375
SCHED-TRACE 20361 5883 R 1 4a7ea9375
SCHED-TRACE 20362 5884 O 0 0
SCHED-TRACE 20363 5884 P 1 4a804872b
SCHED-TRACE 20364 5885 K 1 4a804872b
SCHED-TRACE 20365 5885 P 1 4a8213333
SCHED-TRACE 20366 5886 U 3 37328f
SCHED-TRACE 20367 5886 V 3 3736c6
SCHED-TRACE 20368 5887 W 67 4aca83957
SCHED-TRACE 20369 5887 U 4 373723
SCHED-TRACE 20370 5887 V 4 373789
SCHED-TRACE 20371 5887 I 1 373792
SCHED-TRACE 20372 5887 B 1 f3
SCHED-TRACE 20373 5887 P 1 4a8e00000
SCHED-TRACE 20374 5887 R 1 4a8e00000
SCHED-TRACE 20375 5888 O 0 0
SCHED-TRACE 20376 5888 P 1 4a8fc0000
SCHED-TRACE 20377 5889 K 1 4a8fc0000
SCHED-TRACE 20378 5889 P 1 4a91a51eb
SCHED-TRACE 20379 5890 U 3 373d6b
SCHED-TRACE 20380 5890 V 3 37414f
SCHED-TRACE 20381 5891 W 37 4acee24dd
SCHED-TRACE 20382 5891 U 4 3741b4
SCHED-TRACE 20383 5891 V 4 374221
SCHED-TRACE 20384 5891 I 1 37422a
SCHED-TRACE 20385 5891 B 1 f3
SCHED-TRACE 20386 5891 P 1 4a9dc0831
SCHED-TRACE 20387 5891 R 1 4a9dc0831
SCHED-TRACE 20388 5892 O 0 0
SCHED-TRACE 20389 5892 P 1 4a9fa2d0e
SCHED-TRACE 20390 5893 K 1 4a9fa2d0e
SCHED-TRACE 20391 5893 P 1 4aa1a1893
SCHED-TRACE 20392 5894 U 3 374828
SCHED-TRACE 20393 5894 V 3 374bb9
SCHED-TRACE 20394 5895 W 61 4ad1f9581
SCHED-TRACE 20395 5895 U 4 374c24
SCHED-TRACE 20396 5895 V 4 374c98
SCHED-TRACE 20397 5895 I 1 374ca1
SCHED-TRACE 20398 5895 B 1 f5
SCHED-TRACE 20399 5895 P 1 4aade2d0e
SCHED-TRACE 20400 5895 R 1 4aade2d0e
SCHED-TRACE 20401 5896 O 0 0
SCHED-TRACE 20402 5896 P 1 4aafe6e97
SCHED-TRACE 20403 5897 K 46 4aa288b43
SCHED-TRACE 20404 5897 P 1 4ab20147b
SCHED-TRACE 20405 5898 P 1 4ab364189
SCHED-TRACE 20406 5898 T 0 374fd3
SCHED-TRACE 20407 5898 t 0 375014
SCHED-TRACE 20408 5898 U 3 376fa3
SCHED-TRACE 20409 5898 V 3 377330
SCHED-TRACE 20410 5898 P 46 4de46f1a9
SCHED-TRACE 20411 5898 D 46 4de46f1a9
SCHED-TRACE 20412 5900 K 1 4ab364189
SCHED-TRACE 20413 5901 U 4 37754f
SCHED-TRACE 20414 5901 V 4 3775b9
SCHED-TRACE 20415 5901 U 3 37798b
SCHED-TRACE 20416 5901 V 3 377cc6
SCHED-TRACE 20417 5902 W 73 4ad67a9fc
SCHED-TRACE 20418 5902 U 4 377d31
SCHED-TRACE 20419 5902 V 4 377da3
SCHED-TRACE 20420 5902 I 1 377dac
SCHED-TRACE 20421 5902 B 1 f3
SCHED-TRACE 20422 5902 P 1 4abec5a1c
SCHED-TRACE 20423 5902 R 1 4abec5a1c
SCHED-TRACE 20424 5903 O 0 0
SCHED-TRACE 20425 5903 P 1 4ac0c978d
SCHED-TRACE 20426 5904 K 1 4ac0c978d
SCHED-TRACE 20427 5904 P 1 4ac2e147b
SCHED-TRACE 20428 5905 U 3 3783ce
SCHED-TRACE 20429 5905 V 3 3786b7
SCHED-TRACE 20430 5906 W 58 4ad608b43
SCHED-TRACE 20431 5906 U 4 378729
SCHED-TRACE 20432 5906 V 4 3787a0
SCHED-TRACE 20433 5906 I 1 3787a8
SCHED-TRACE 20434 5906 B 1 f4
SCHED-TRACE 20435 5906 P 1 4acf4ac08
SCHED-TRACE 20436 5906 R 1 4acf4ac08
SCHED-TRACE 20437 5907 O 0 0
SCHED-TRACE 20438 5907 P 1 4ad170625
SCHED-TRACE 20439 5908 K 34 4ac61d2f1
SCHED-TRACE 20440 5908 P 1 4ad3a28f6
SCHED-TRACE 20441 5909 P 1 4ad51f3b6
SCHED-TRACE 20442 5909 T 0 378afd
SCHED-TRACE 20443 5909 t 0 378b3e
SCHED-TRACE 20444 5909 U 3 37aaca
SCHED-TRACE 20445 5909 V 3 37adae
SCHED-TRACE 20446 5909 P 34 4e07d0624
SCHED-TRACE 20447 5909 D 34 4e07d0624
SCHED-TRACE 20448 5911 K 70 4ac918106
SCHED-TRACE 20449 5912 U 4 37aff2
SCHED-TRACE 20450 5912 V 4 37b060
SCHED-TRACE 20451 5912 T 0 37b113
SCHED-TRACE 20452 5912 t 0 37b154
SCHED-TRACE 20453 5912 U 3 37d0e2
SCHED-TRACE 20454 5912 V 3 37d3c1
SCHED-TRACE 20455 5912 P 70 4e0a58106
SCHED-TRACE 20456 5912 D 70 4e0a58106
SCHED-TRACE 20457 5914 K 67 4aca83957
SCHED-TRACE 20458 5915 U 4 37d5e0
SCHED-TRACE 20459 5915 V 4 37d644
SCHED-TRACE 20460 5915 T 0 37d6f3
SCHED-TRACE 20461 5915 t 0 37d735
SCHED-TRACE 20462 5915 U 3 37f6c1
SCHED-TRACE 20463 5915 V 3 37f99a
SCHED-TRACE 20464 5915 P 67 4e0b41061
SCHED-TRACE 20465 5915 D 67 4e0b41061
SCHED-TRACE 20466 5917 K 37 4acee24dd
SCHED-TRACE 20467 5918 U 4 37fb95
SCHED-TRACE 20468 5918 V 4 37fbef
SCHED-TRACE 20469 5918 T 0 37fc9b
SCHED-TRACE 20470 5918 t 0 37fcdd
SCHED-TRACE 20471 5918 U 3 381c68
SCHED-TRACE 20472 5918 V 3 381f3d
SCHED-TRACE 20473 5918 P 37 4e0f3e76c
SCHED-TRACE 20474 5918 D 37 4e0f3e76c
SCHED-TRACE 20475 5920 K 61 4ad1f9581
SCHED-TRACE 20476 5921 U 4 382111
SCHED-TRACE 20477 5921 V 4 382164
SCHED-TRACE 20478 5921 T 0 38220c
SCHED-TRACE 20479 5921 t 0 38224e
SCHED-TRACE 20480 5921 U 3 3841d8
SCHED-TRACE 20481 5921 V 3 3844a8
SCHED-TRACE 20482 5921 P 61 4e1203958
SCHED-TRACE 20483 5921 D 61 4e1203958
SCHED-TRACE 20484 5923 K 1 4ad51f3b6
SCHED-TRACE 20485 5924 U 4 384658
SCHED-TRACE 20486 5924 V 4 3846a2
SCHED-TRACE 20487 5924 U 3 384a59
SCHED-TRACE 20488 5924 V 3 384cce
SCHED-TRACE 20489 5925 W 40 4ae1dd2f1
SCHED-TRACE 20490 5925 U 4 384d26
SCHED-TRACE 20491 5925 V 4 384d75
SCHED-TRACE 20492 5925 I 1 384d7e
SCHED-TRACE 20493 5925 B 1 f4
SCHED-TRACE 20494 5925 P 1 4ae00a7ef
SCHED-TRACE 20495 5925 R 1 4ae00a7ef
SCHED-TRACE 20496 5926 O 0 0
SCHED-TRACE 20497 5926 P 1 4ae1aa3d7
SCHED-TRACE 20498 5927 K 58 4ad608b43
SCHED-TRACE 20499 5927 P 1 4ae36a7ef
SCHED-TRACE 20500 5928 P 1 4ae4828f6
SCHED-TRACE 20501 5928 T 0 385034
SCHED-TRACE 20502 5928 t 0 385076
SCHED-TRACE 20503 5928 U 3 386fff
SCHED-TRACE 20504 5928 V 3 38726f
SCHED-TRACE 20505 5928 P 58 4e1676c8a
SCHED-TRACE 20506 5928 D 58 4e1676c8a
SCHED-TRACE 20507 5930 K 73 4ad67a9fc
SCHED-TRACE 20508 5931 U 4 38741e
SCHED-TRACE 20509 5931 V 4 387464
SCHED-TRACE 20510 5931 T 0 38750a
SCHED-TRACE 20511 5931 t 0 38754b
SCHED-TRACE 20512 5931 U 3 3894d4
SCHED-TRACE 20513 5931 V 3 38973f
SCHED-TRACE 20514 5931 P 73 4e15eb439
SCHED-TRACE 20515 5931 D 73 4e15eb439
SCHED-TRACE 20516 5933 K 52 4ad93e76c
SCHED-TRACE 20517 5934 U 4 3898c7
SCHED-TRACE 20518 5934 V 4 389904
SCHED-TRACE 20519 5934 T 0 3899a6
SCHED-TRACE 20520 5934 t 0 3899e8
SCHED-TRACE 20521 5934 U 3 38b96f
SCHED-TRACE 20522 5934 V 3 38bbd6
SCHED-TRACE 20523 5934 P 52 4e185580f
SCHED-TRACE 20524 5934 D 52 4e185580f
SCHED-TRACE 20525 5936 K 40 4ae1dd2f1
SCHED-TRACE 20526 5937 U 4 38bd3b
SCHED-TRACE 20527 5937 V 4 38bd6f
SCHED-TRACE 20528 5937 T 0 38be0e
SCHED-TRACE 20529 5937 t 0 38be4f
SCHED-TRACE 20530 5937 U 3 38ddd6
SCHED-TRACE 20531 5937 V 3 38e038
SCHED-TRACE 20532 5937 P 40 4e208b438
SCHED-TRACE 20533 5937 D 40 4e208b438
SCHED-TRACE 20534 5939 K 1 4ae4828f6
SCHED-TRACE 20535 5940 U 4 38e177
SCHED-TRACE 20536 5940 V 4 38e1a2
SCHED-TRACE 20537 5940 U 2 38e3ab
SCHED-TRACE 20538 5940 V 2 38f227
SCHED-TRACE 20539 5940 U 3 38f32a
SCHED-TRACE 20540 5940 V 3 38f56d
SCHED-TRACE 20541 5941 U 2 38f77f
SCHED-TRACE 20542 5941 V 2 3905c0
SCHED-TRACE 20543 5941 U 3 3906c2
SCHED-TRACE 20544 5941 V 3 3908e7
SCHED-TRACE 20545 5942 I 1 39090f
SCHED-TRACE 20546 5942 B 1 f4
SCHED-TRACE 20547 5942 P 1 4af54978d
SCHED-TRACE 20548 5942 R 1 4af54978d
SCHED-TRACE 20549 5943 U 4 390999
SCHED-TRACE 20550 5943 V 4 3909c4
SCHED-TRACE 20551 5943 O 0 0
SCHED-TRACE 20552 5943 P 1 4af6974bc
SCHED-TRACE 20553 5944 K 1 4af6974bc
SCHED-TRACE 20554 5944 P 1 4af7e7efa
SCHED-TRACE 20555 5945 U 2 390ca7
SCHED-TRACE 20556 5945 V 2 391aac
SCHED-TRACE 20557 5945 U 3 391baf
SCHED-TRACE 20558 5945 V 3 391db6
SCHED-TRACE 20559 5946 U 2 391fc9
SCHED-TRACE 20560 5946 V 2 392d93
SCHED-TRACE 20561 5946 U 3 392e95
SCHED-TRACE 20562 5946 V 3 39307f
SCHED-TRACE 20563 5947 I 1 3930a7
SCHED-TRACE 20564 5947 B 1 ef
SCHED-TRACE 20565 5947 P 1 4b092ed91
SCHED-TRACE 20566 5947 R 1 4b092ed91
SCHED-TRACE 20567 5948 U 4 393132
SCHED-TRACE 20568 5948 V 4 39315d
SCHED-TRACE 20569 5948 O 0 0
SCHED-TRACE 20570 5948 P 1 4b0a7c6a8
SCHED-TRACE 20571 5949 K 1 4b0a7c6a8
SCHED-TRACE 20572 5949 P 1 4b0bce147
SCHED-TRACE 20573 5950 U 2 393440
SCHED-TRACE 20574 5950 V 2 3941cf
SCHED-TRACE 20575 5950 U 3 3942d1
SCHED-TRACE 20576 5950 V 3 39449d
SCHED-TRACE 20577 5951 U 2 3946b0
SCHED-TRACE 20578 5951 V 2 395404
SCHED-TRACE 20579 5951 U 3 395506
SCHED-TRACE 20580 5951 V 3 3956b4
SCHED-TRACE 20581 5952 I 1 3956dc
SCHED-TRACE 20582 5952 B 1 f1
SCHED-TRACE 20583 5952 P 1 4b1d178d5
SCHED-TRACE 20584 5952 R 1 4b1d178d5
SCHED-TRACE 20585 5953 U 4 395765
SCHED-TRACE 20586 5953 V 4 395790
SCHED-TRACE 20587 5953 O 0 0
SCHED-TRACE 20588 5953 P 1 4b1e61cac
SCHED-TRACE 20589 5954 K 31 4b19dd2f1
SCHED-TRACE 20590 5954 P 1 4b1fb1eb8
SCHED-TRACE 20591 5955 P 1 4b2065e35
SCHED-TRACE 20592 5955 T 0 39591d
SCHED-TRACE 20593 5955 t 0 39595e
SCHED-TRACE 20594 5955 U 3 3978e1
SCHED-TRACE 20595 5955 V 3 397a8a
SCHED-TRACE 20596 5955 P 31 4e5812f1a
SCHED-TRACE 20597 5955 D 31 4e5812f1a
SCHED-TRACE 20598 5957 K 64 4b1b5a9fb
SCHED-TRACE 20599 5958 U 4 397ba4
SCHED-TRACE 20600 5958 V 4 397bc6
SCHED-TRACE 20601 5958 T 0 397c5c
SCHED-TRACE 20602 5958 t 0 397c9d
SCHED-TRACE 20603 5958 U 3 399c1f
SCHED-TRACE 20604 5958 V 3 399dc1
SCHED-TRACE 20605 5958 P 64 4e5892f1a
SCHED-TRACE 20606 5958 D 64 4e5892f1a
SCHED-TRACE 20607 5960 K 1 4b2065e35
SCHED-TRACE 20608 5961 U 4 399eb6
SCHED-TRACE 20609 5961 V 4 399ed1
SCHED-TRACE 20610 5961 U 2 39a0d1
SCHED-TRACE 20611 5961 V 2 39add9
SCHED-TRACE 20612 5961 U 3 39aedb
SCHED-TRACE 20613 5961 V 3 39b05f
SCHED-TRACE 20614 5962 U 2 39b265
SCHED-TRACE 20615 5962 V 2 39bf31
SCHED-TRACE 20616 5962 U 3 39c033
SCHED-TRACE 20617 5962 V 3 39c19a
SCHED-TRACE 20618 5963 I 1 39c1b5
SCHED-TRACE 20619 5963 B 1 f5
SCHED-TRACE 20620 5963 P 1 4b30da5e3
SCHED-TRACE 20621 5963 R 1 4b30da5e3
SCHED-TRACE 20622 5964 U 4 39c225
SCHED-TRACE 20623 5964 V 4 39c240
SCHED-TRACE 20624 5964 O 0 0
SCHED-TRACE 20625 5964 P 1 4b31e5a1c
SCHED-TRACE 20626 5965 K 1 4b31e5a1c
SCHED-TRACE 20627 5965 P 1 4b3300000
SCHED-TRACE 20628 5966 U 2 39c4f3
SCHED-TRACE 20629 5966 V 2 39d184
SCHED-TRACE 20630 5966 U 3 39d286
SCHED-TRACE 20631 5966 V 3 39d3cf
SCHED-TRACE 20632 5967 U 2 39d5d3
SCHED-TRACE 20633 5967 V 2 39e228
SCHED-TRACE 20634 5967 U 3 39e32a
SCHED-TRACE 20635 5967 V 3 39e455
SCHED-TRACE 20636 5968 I 1 39e46f
SCHED-TRACE 20637 5968 B 1 f0
SCHED-TRACE 20638 5968 P 1 4b43cb439
SCHED-TRACE 20639 5968 R 1 4b43cb439
SCHED-TRACE 20640 5969 U 4 39e4df
SCHED-TRACE 20641 5969 V 4 39e4f8
SCHED-TRACE 20642 5969 O 0 0
SCHED-TRACE 20643 5969 P 1 4b44d3b64
SCHED-TRACE 20644 5970 K 1 4b44d3b64
SCHED-TRACE 20645 5970 P 1 4b45ecccd
SCHED-TRACE 20646 5971 U 2 39e7ab
SCHED-TRACE 20647 5971 V 2 39f3c4
SCHED-TRACE 20648 5971 U 3 39f4c6
SCHED-TRACE 20649 5971 V 3 39f5d3
SCHED-TRACE 20650 5972 U 2 39f7d8
SCHED-TRACE 20651 5972 V 2 3a03b6
SCHED-TRACE 20652 5972 U 3 3a04b8
SCHED-TRACE 20653 5972 V 3 3a05a8
SCHED-TRACE 20654 5973 I 1 3a05c3
SCHED-TRACE 20655 5973 B 1 f4
SCHED-TRACE 20656 5973 P 1 4b56bae14
SCHED-TRACE 20657 5973 R 1 4b56bae14
SCHED-TRACE 20658 5974 U 4 3a0632
SCHED-TRACE 20659 5974 V 4 3a064d
SCHED-TRACE 20660 5974 O 0 0
SCHED-TRACE 20661 5974 P 1 4b57c4dd3
SCHED-TRACE 20662 5975 K 1 4b57c4dd3
SCHED-TRACE 20663 5975 P 1 4b58dcac0
SCHED-TRACE 20664 5976 U 2 3a08fd
SCHED-TRACE 20665 5976 V 2 3a14a0
SCHED-TRACE 20666 5976 U 3 3a15a2
SCHED-TRACE 20667 5976 V 3 3a1674
SCHED-TRACE 20668 5977 U 2 3a1879
SCHED-TRACE 20669 5977 V 2 3a23e0
SCHED-TRACE 20670 5977 U 3 3a24e3
SCHED-TRACE 20671 5977 V 3 3a2596
SCHED-TRACE 20672 5978 I 1 3a25b1
SCHED-TRACE 20673 5978 B 1 f4
SCHED-TRACE 20674 5978 P 1 4b69ab021
SCHED-TRACE 20675 5978 R 1 4b69ab021
SCHED-TRACE 20676 5979 U 4 3a2621
SCHED-TRACE 20677 5979 V 4 3a263b
SCHED-TRACE 20678 5979 O 0 0
SCHED-TRACE 20679 5979 P 1 4b6ab5810
SCHED-TRACE 20680 5980 K 1 4b6ab5810
SCHED-TRACE 20681 5980 P 1 4b6bcf1aa
SCHED-TRACE 20682 5981 U 2 3a28ed
SCHED-TRACE 20683 5981 V 2 3a3419
SCHED-TRACE 20684 5981 U 3 3a351b
SCHED-TRACE 20685 5981 V 3 3a35b1
SCHED-TRACE 20686 5982 U 2 3a37b6
SCHED-TRACE 20687 5982 V 2 3a42a6
SCHED-TRACE 20688 5982 U 3 3a43a9
SCHED-TRACE 20689 5982 V 3 3a4420
SCHED-TRACE 20690 5983 I 1 3a443b
SCHED-TRACE 20691 5983 B 1 f2
SCHED-TRACE 20692 5983 P 1 4b7c9be77
SCHED-TRACE 20693 5983 R 1 4b7c9be77
SCHED-TRACE 20694 5984 U 4 3a44aa
SCHED-TRACE 20695 5984 V 4 3a44c5
SCHED-TRACE 20696 5984 O 0 0
SCHED-TRACE 20697 5984 P 1 4b7da6e97
SCHED-TRACE 20698 5985 K 1 4b7da6e97
SCHED-TRACE 20699 5985 P 1 4b7ec0418
SCHED-TRACE 20700 5986 U 2 3a4778
SCHED-TRACE 20701 5986 V 2 3a522b
SCHED-TRACE 20702 5986 U 3 3a532e
SCHED-TRACE 20703 5986 V 3 3a5387
SCHED-TRACE 20704 5987 U 2 3a558c
SCHED-TRACE 20705 5987 V 2 3a6005
SCHED-TRACE 20706 5987 U 3 3a6107
SCHED-TRACE 20707 5987 V 3 3a6143
SCHED-TRACE 20708 5988 I 1 3a615e
SCHED-TRACE 20709 5988 B 1 f4
SCHED-TRACE 20710 5988 P 1 4b8f8ac08
SCHED-TRACE 20711 5988 R 1 4b8f8ac08
SCHED-TRACE 20712 5989 U 4 3a61ce
SCHED-TRACE 20713 5989 V 4 3a61e8
SCHED-TRACE 20714 5989 O 0 0
SCHED-TRACE 20715 5989 P 1 4b9094395
SCHED-TRACE 20716 5990 K 1 4b9094395
SCHED-TRACE 20717 5990 P 1 4b91ad4fe
SCHED-TRACE 20718 5991 U 2 3a649a
SCHED-TRACE 20719 5991 V 2 3a6ed6
SCHED-TRACE 20720 5991 U 3 3a6fc7
SCHED-TRACE 20721 5991 V 3 3a6fe1
SCHED-TRACE 20722 5992 U 3 3a7139
SCHED-TRACE 20723 5992 V 3 3a7155
SCHED-TRACE 20724 5993 I 1 3a7170
SCHED-TRACE 20725 5993 B 1 f3
SCHED-TRACE 20726 5993 P 1 4b9dd8106
SCHED-TRACE 20727 5993 R 1 4b9dd8106
SCHED-TRACE 20728 5994 U 4 3a71df
SCHED-TRACE 20729 5994 V 4 3a71f9
SCHED-TRACE 20730 5994 O 0 0
SCHED-TRACE 20731 5994 P 1 4b9ee1cac
SCHED-TRACE 20732 5995 K 1 4b9ee1cac
SCHED-TRACE 20733 5995 P 1 4b9ffb645
SCHED-TRACE-END 20734 dropped 0
